id,name,category,purchase_date,value,depreciation_rate,status,created_at
1,Painting Asset,Furniture,2017-03-09,77756.54,15.0,Disposed,2018-03-24T05:19:31
2,Whole Asset,Office Equipment,2018-09-25,15710.34,15.0,Retired,2025-06-28T01:19:07
3,Deal Asset,Office Equipment,2021-02-20,36413.29,20.0,Active,2016-01-22T11:44:11
4,Remember Asset,Tools,2017-12-29,72210.85,30.0,Active,2025-04-17T20:18:56
5,Event Asset,Tools,2022-04-09,67015.31,10.0,Retired,2020-01-11T19:06:50
6,Either Asset,Vehicles,2019-02-02,25697.27,15.0,Retired,2018-03-02T23:16:55
7,Identify Asset,IT Equipment,2022-01-02,31368.54,25.0,Disposed,2016-05-11T05:24:31
8,Form Asset,Tools,2025-09-06,16119.62,20.0,Disposed,2025-02-07T22:09:09
9,Later Asset,Office Equipment,2016-03-07,1442.58,15.0,Disposed,2025-09-01T16:45:17
10,Resource Asset,IT Equipment,2019-06-05,60316.99,5.0,Active,2016-11-11T21:53:01
11,Question Asset,Furniture,2020-01-15,2253.47,30.0,Active,2022-08-10T21:30:17
12,Pick Asset,Furniture,2022-01-19,69899.76,30.0,Retired,2025-09-28T14:08:48
13,So Asset,Office Equipment,2017-08-13,79013.23,20.0,Retired,2022-03-26T09:08:37
14,Sort Asset,IT Equipment,2025-10-06,59340.11,5.0,Retired,2020-07-06T11:19:35
15,Letter Asset,Vehicles,2025-10-06,65143.02,10.0,Active,2016-02-18T03:19:47
16,Need Asset,Furniture,2016-05-13,65263.07,15.0,Active,2025-09-30T05:48:57
17,After Asset,Office Equipment,2019-05-04,24504.99,20.0,Disposed,2022-06-26T23:48:30
18,Yard Asset,IT Equipment,2022-10-20,9565.09,10.0,Retired,2022-02-05T13:05:12
19,Lot Asset,IT Equipment,2019-10-01,39240.85,25.0,Retired,2017-09-12T01:19:40
20,Yeah Asset,Tools,2024-09-05,57174.74,10.0,Retired,2025-10-30T15:48:16
21,Half Asset,Tools,2020-06-08,72914.95,10.0,Disposed,2017-09-28T04:26:37
22,Today Asset,Furniture,2016-12-03,57540.99,15.0,Retired,2020-04-11T16:24:27
23,Management Asset,Tools,2016-09-01,9015.50,30.0,Disposed,2022-01-29T06:34:39
24,Into Asset,Furniture,2023-04-10,71988.61,15.0,Disposed,2019-09-25T17:11:52
25,Moment Asset,IT Equipment,2017-04-17,22702.24,15.0,Retired,2021-04-20T23:15:27
26,Federal Asset,IT Equipment,2018-02-15,68540.98,10.0,Active,2017-08-08T06:31:38
27,Campaign Asset,Vehicles,2024-08-05,9922.67,15.0,Disposed,2016-08-10T13:12:41
28,Position Asset,Tools,2023-03-21,79928.23,30.0,Disposed,2019-05-09T05:06:38
29,Teacher Asset,IT Equipment,2025-07-18,61032.76,10.0,Retired,2021-06-18T08:48:35
30,Ask Asset,Office Equipment,2018-09-13,10302.83,30.0,Retired,2020-07-06T03:40:34
31,Foreign Asset,Tools,2024-06-01,45165.41,15.0,Disposed,2025-09-16T04:42:15
32,All Asset,Furniture,2017-02-23,25665.00,15.0,Disposed,2020-03-16T12:54:20
33,Record Asset,Tools,2021-04-14,12092.13,20.0,Active,2019-06-27T22:21:22
34,Already Asset,Furniture,2025-09-28,56178.97,5.0,Retired,2017-12-04T18:28:46
35,Decision Asset,IT Equipment,2017-11-29,34915.90,25.0,Active,2018-03-28T06:34:55
36,Next Asset,Tools,2018-11-14,55608.10,10.0,Retired,2025-01-13T17:44:39
37,Open Asset,IT Equipment,2025-01-13,41930.29,15.0,Active,2017-07-21T23:35:23
38,Those Asset,Office Equipment,2021-11-01,42029.41,5.0,Active,2020-03-19T14:44:34
39,Pick Asset,Furniture,2023-07-15,1638.18,20.0,Active,2024-09-11T04:10:38
40,Outside Asset,Tools,2019-01-29,56604.64,20.0,Active,2016-12-14T08:43:10
41,Newspaper Asset,Office Equipment,2024-03-13,2518.70,10.0,Disposed,2017-08-09T21:12:54
42,Vote Asset,Vehicles,2020-01-17,75506.72,10.0,Disposed,2023-08-29T05:54:59
43,Want Asset,IT Equipment,2016-09-23,2522.32,25.0,Active,2018-12-07T10:39:35
44,Mrs Asset,Furniture,2018-10-07,17525.77,25.0,Retired,2020-03-17T17:39:19
45,Chance Asset,Vehicles,2019-02-18,44677.81,25.0,Active,2017-07-29T04:54:12
46,Create Asset,Office Equipment,2019-06-10,39542.39,10.0,Disposed,2024-04-06T22:15:52
47,Couple Asset,Furniture,2019-11-24,54227.04,10.0,Active,2023-04-23T10:39:35
48,Site Asset,Tools,2018-01-20,13470.44,20.0,Active,2018-12-28T01:05:02
49,Deal Asset,Office Equipment,2016-12-21,36226.77,10.0,Disposed,2022-03-12T08:03:33
50,Politics Asset,IT Equipment,2021-10-10,76287.32,15.0,Active,2016-06-23T01:10:50
51,Everyone Asset,Furniture,2019-05-05,18186.96,20.0,Disposed,2016-12-22T18:04:09
52,Goal Asset,Furniture,2016-03-25,52452.96,5.0,Active,2020-04-08T06:58:28
53,Concern Asset,Furniture,2018-06-27,9360.66,25.0,Retired,2017-02-28T04:22:20
54,Set Asset,Vehicles,2019-08-18,49121.66,20.0,Disposed,2025-03-25T09:49:31
55,Enjoy Asset,Vehicles,2018-04-24,12829.96,25.0,Disposed,2024-12-07T03:13:14
56,Push Asset,Vehicles,2021-12-05,77465.89,20.0,Disposed,2016-05-18T21:59:02
57,If Asset,IT Equipment,2016-02-09,46926.79,20.0,Active,2016-03-05T17:30:27
58,Back Asset,Furniture,2019-10-25,43850.74,10.0,Active,2024-11-28T03:02:20
59,Anything Asset,IT Equipment,2020-05-05,55391.28,5.0,Disposed,2017-03-08T17:49:26
60,Region Asset,Office Equipment,2021-08-11,30345.18,15.0,Active,2023-02-01T01:15:27
61,Reason Asset,Office Equipment,2016-05-24,44281.79,20.0,Disposed,2016-04-29T14:39:35
62,Government Asset,Tools,2022-02-12,75289.40,20.0,Retired,2023-02-24T10:26:06
63,Tell Asset,Tools,2020-05-31,11939.74,25.0,Retired,2021-04-20T15:32:47
64,Later Asset,Office Equipment,2017-01-25,72419.11,25.0,Disposed,2021-12-31T08:14:25
65,Table Asset,Vehicles,2018-01-01,73235.15,30.0,Active,2021-02-17T01:22:20
66,Price Asset,IT Equipment,2025-09-25,79856.42,30.0,Active,2023-11-04T10:37:12
67,Church Asset,Tools,2022-04-19,1502.28,30.0,Active,2021-04-01T13:40:37
68,Hold Asset,IT Equipment,2021-08-04,26164.71,20.0,Active,2021-06-08T11:26:05
69,Those Asset,Vehicles,2023-06-04,75242.23,5.0,Disposed,2020-01-02T22:59:59
70,Tell Asset,Vehicles,2022-11-27,56172.17,5.0,Disposed,2017-05-17T13:20:30
71,Game Asset,Furniture,2020-01-20,56234.22,10.0,Disposed,2018-06-16T10:31:55
72,Range Asset,Furniture,2020-04-24,47189.57,20.0,Active,2024-09-16T21:32:36
73,Dream Asset,IT Equipment,2017-09-21,77797.99,5.0,Disposed,2023-06-03T01:34:32
74,Eye Asset,Tools,2021-07-16,65970.19,5.0,Retired,2024-04-30T20:01:20
75,Long Asset,Tools,2023-07-06,66416.37,20.0,Active,2020-03-17T16:27:26
76,Sense Asset,IT Equipment,2019-01-01,15167.29,20.0,Active,2023-03-22T10:03:23
77,Network Asset,Tools,2021-06-19,43967.78,30.0,Retired,2023-06-27T16:40:08
78,Degree Asset,Furniture,2020-12-13,62910.72,5.0,Active,2024-08-25T09:23:04
79,No Asset,Office Equipment,2023-11-15,43515.04,25.0,Retired,2015-11-27T09:51:54
80,Ability Asset,Furniture,2016-10-13,8687.87,20.0,Retired,2016-02-07T23:22:04
81,Shake Asset,Vehicles,2023-09-02,51549.38,30.0,Active,2020-11-08T20:02:27
82,Physical Asset,IT Equipment,2021-04-13,13289.17,20.0,Retired,2025-04-05T17:42:51
83,Again Asset,Tools,2024-08-23,42062.62,10.0,Active,2024-11-25T10:13:30
84,Month Asset,Furniture,2024-04-09,57607.54,10.0,Disposed,2021-12-13T20:23:38
85,Believe Asset,Tools,2023-02-12,60691.31,20.0,Retired,2017-09-01T08:27:34
86,Listen Asset,Vehicles,2018-08-26,46076.45,25.0,Active,2019-09-08T23:59:18
87,Behavior Asset,Vehicles,2022-11-07,36551.73,15.0,Active,2018-12-24T22:50:05
88,Measure Asset,Vehicles,2019-07-26,43633.34,10.0,Disposed,2017-11-12T05:11:57
89,Worry Asset,Tools,2022-03-09,73967.93,5.0,Disposed,2016-02-11T22:16:57
90,Region Asset,Furniture,2023-02-24,27620.67,20.0,Retired,2020-03-22T18:20:10
91,Also Asset,Vehicles,2021-03-22,60159.41,15.0,Active,2016-08-28T13:01:08
92,Writer Asset,Tools,2023-06-29,14034.02,30.0,Active,2023-10-11T11:55:42
93,Experience Asset,Office Equipment,2024-04-28,39536.87,30.0,Disposed,2022-06-09T20:36:51
94,Go Asset,Vehicles,2021-06-03,1815.09,25.0,Active,2017-06-04T19:02:45
95,Wide Asset,Office Equipment,2024-02-27,46078.37,5.0,Retired,2021-04-21T13:39:55
96,Radio Asset,Office Equipment,2015-12-01,76853.51,25.0,Active,2022-02-10T08:10:19
97,Business Asset,Office Equipment,2016-03-27,7963.06,25.0,Active,2021-10-28T14:45:52
98,Special Asset,Vehicles,2023-11-24,28235.91,20.0,Active,2017-11-12T11:56:18
99,Course Asset,IT Equipment,2025-09-26,37939.20,30.0,Active,2019-10-27T22:55:15
100,Apply Asset,Tools,2023-04-06,1525.76,15.0,Disposed,2021-02-12T03:28:40
101,Wife Asset,Furniture,2018-03-16,17897.37,15.0,Disposed,2019-12-22T01:51:52
102,Green Asset,Vehicles,2016-05-09,37442.92,10.0,Active,2020-02-21T13:03:43
103,Method Asset,Tools,2021-06-14,45650.38,15.0,Disposed,2018-12-03T20:57:12
104,Field Asset,IT Equipment,2023-05-09,49214.54,30.0,Active,2015-12-11T07:18:32
105,Discover Asset,Office Equipment,2020-08-04,63604.36,5.0,Retired,2021-02-28T13:35:14
106,Until Asset,Office Equipment,2022-09-06,52999.11,25.0,Disposed,2023-03-19T09:34:52
107,Fear Asset,Furniture,2019-10-31,10644.76,5.0,Retired,2021-06-22T18:30:33
108,Media Asset,Tools,2024-12-08,75675.40,20.0,Active,2023-10-19T11:19:44
109,Present Asset,Furniture,2024-03-11,79706.44,10.0,Disposed,2020-05-01T17:35:42
110,Religious Asset,Tools,2015-12-21,47734.48,5.0,Retired,2024-10-19T14:24:28
111,About Asset,Vehicles,2023-08-13,19945.30,25.0,Disposed,2025-01-17T18:22:51
112,Husband Asset,Vehicles,2023-07-13,78597.59,5.0,Active,2020-07-08T19:18:14
113,Company Asset,Tools,2019-01-31,50644.70,5.0,Retired,2023-07-09T18:57:18
114,Line Asset,Furniture,2022-02-10,29501.44,5.0,Retired,2018-05-27T05:30:48
115,Development Asset,IT Equipment,2018-12-21,37073.49,20.0,Retired,2018-08-13T05:44:30
116,Admit Asset,Vehicles,2023-07-01,19463.92,15.0,Active,2025-06-03T05:22:09
117,Believe Asset,Furniture,2020-07-01,31470.00,20.0,Retired,2021-05-18T01:30:36
118,College Asset,Furniture,2015-12-11,49757.31,30.0,Disposed,2017-09-02T10:08:26
119,Positive Asset,Office Equipment,2024-05-06,50628.81,15.0,Disposed,2024-02-10T20:13:33
120,Together Asset,IT Equipment,2016-08-19,17426.01,15.0,Active,2016-01-04T10:11:02
121,Edge Asset,Office Equipment,2016-08-09,30659.74,30.0,Active,2017-09-05T00:48:18
122,Story Asset,IT Equipment,2024-04-25,25693.86,10.0,Retired,2023-01-01T13:02:57
123,Name Asset,Furniture,2016-03-24,27978.21,25.0,Retired,2023-08-20T22:33:45
124,Quickly Asset,IT Equipment,2018-09-20,19750.26,20.0,Retired,2020-05-08T23:46:40
125,Conference Asset,Tools,2024-11-07,27476.01,25.0,Disposed,2016-05-08T10:31:44
126,Too Asset,Vehicles,2019-03-12,66351.97,30.0,Disposed,2024-12-24T21:15:45
127,Class Asset,Furniture,2017-01-13,72033.64,10.0,Active,2025-07-12T00:16:25
128,West Asset,Tools,2024-07-14,50005.70,5.0,Disposed,2020-10-08T08:54:22
129,Part Asset,Office Equipment,2025-02-01,79040.70,30.0,Retired,2020-08-26T06:44:49
130,Require Asset,Furniture,2020-06-21,72047.76,10.0,Disposed,2022-09-03T01:12:36
131,Color Asset,Office Equipment,2024-03-01,17523.22,10.0,Disposed,2016-08-18T05:56:45
132,Top Asset,Tools,2017-08-26,61882.26,5.0,Active,2025-08-31T14:56:20
133,Store Asset,Vehicles,2018-04-21,33144.05,5.0,Retired,2023-05-27T03:00:40
134,Teach Asset,IT Equipment,2019-05-21,48576.64,20.0,Disposed,2023-02-12T08:27:09
135,Thus Asset,Furniture,2016-07-28,51648.69,5.0,Retired,2023-12-16T18:23:24
136,Question Asset,IT Equipment,2025-09-25,49120.18,20.0,Disposed,2020-04-04T12:15:35
137,Between Asset,IT Equipment,2025-04-30,74938.07,30.0,Active,2024-02-19T16:56:59
138,Politics Asset,Tools,2016-02-07,37282.61,30.0,Active,2016-06-30T08:09:18
139,Senior Asset,Furniture,2021-05-01,70446.48,30.0,Disposed,2022-05-24T11:02:51
140,Expect Asset,Tools,2018-12-06,76995.26,15.0,Disposed,2023-02-20T19:11:58
141,When Asset,IT Equipment,2019-03-03,4429.73,15.0,Retired,2021-08-11T19:44:50
142,Talk Asset,Furniture,2019-03-14,61175.32,10.0,Retired,2023-05-03T00:48:52
143,Course Asset,Vehicles,2017-12-27,77697.24,15.0,Active,2023-06-19T22:22:04
144,Could Asset,IT Equipment,2019-04-18,74916.35,30.0,Retired,2021-05-02T17:44:38
145,Loss Asset,Tools,2025-06-10,72148.70,10.0,Disposed,2021-08-11T03:32:32
146,Peace Asset,Furniture,2018-09-26,9524.49,20.0,Disposed,2016-10-15T08:16:26
147,Look Asset,IT Equipment,2020-03-16,15411.24,15.0,Retired,2022-08-15T05:21:41
148,First Asset,Office Equipment,2016-03-10,44592.45,20.0,Retired,2021-11-11T13:48:12
149,Responsibility Asset,IT Equipment,2025-05-02,21128.85,10.0,Retired,2021-10-24T01:59:35
150,Forward Asset,Office Equipment,2023-06-02,74580.11,25.0,Active,2018-02-26T06:57:33
151,Somebody Asset,Furniture,2017-09-12,6719.60,20.0,Retired,2017-10-30T23:08:30
152,Attorney Asset,Tools,2015-12-20,75373.10,25.0,Disposed,2019-08-27T04:27:56
153,Personal Asset,Furniture,2018-04-26,55189.06,5.0,Active,2025-07-25T04:07:47
154,Risk Asset,Vehicles,2017-01-29,29525.90,25.0,Disposed,2023-01-09T14:33:17
155,Space Asset,Vehicles,2024-06-12,44656.16,20.0,Active,2019-02-24T05:15:41
156,Stop Asset,Vehicles,2022-05-27,60157.76,10.0,Active,2023-11-11T12:00:57
157,Explain Asset,Office Equipment,2016-04-07,23347.99,5.0,Active,2017-12-13T07:57:34
158,Somebody Asset,Vehicles,2021-11-28,14008.85,5.0,Active,2016-06-02T19:57:37
159,Executive Asset,Tools,2022-10-18,10813.98,20.0,Active,2024-11-13T16:27:26
160,Travel Asset,Tools,2017-07-12,74440.68,10.0,Disposed,2025-05-12T21:12:31
161,Learn Asset,Tools,2021-04-22,74646.51,20.0,Active,2018-02-11T02:45:22
162,Newspaper Asset,Tools,2023-03-03,58473.90,20.0,Active,2024-02-04T14:50:40
163,President Asset,Furniture,2017-07-28,19615.22,10.0,Disposed,2021-12-05T03:17:43
164,Degree Asset,Vehicles,2017-10-24,73183.03,10.0,Disposed,2024-01-08T23:16:05
165,Field Asset,IT Equipment,2025-06-28,72148.88,5.0,Active,2019-06-28T16:19:02
166,Home Asset,Vehicles,2023-09-28,13658.80,30.0,Retired,2020-01-16T10:19:03
167,Month Asset,Vehicles,2018-04-29,9638.31,15.0,Active,2023-02-11T14:19:44
168,Six Asset,IT Equipment,2022-04-16,31165.84,10.0,Active,2017-01-01T08:38:11
169,Vote Asset,Office Equipment,2018-08-06,7552.05,15.0,Disposed,2018-08-15T03:05:59
170,Talk Asset,Tools,2021-06-21,32438.92,5.0,Retired,2016-11-23T17:19:02
171,Act Asset,Office Equipment,2021-12-09,64018.14,25.0,Disposed,2022-07-11T15:24:39
172,Total Asset,Tools,2024-06-09,40323.45,10.0,Retired,2018-01-06T08:18:17
173,Group Asset,Furniture,2019-06-22,55279.74,25.0,Active,2022-08-25T01:08:27
174,Shoulder Asset,Vehicles,2018-02-05,47372.94,30.0,Active,2025-01-11T09:28:35
175,Tv Asset,Furniture,2023-01-03,32115.35,30.0,Disposed,2022-06-17T09:42:06
176,Relate Asset,Tools,2021-01-24,1787.18,15.0,Retired,2025-10-10T01:58:43
177,Identify Asset,IT Equipment,2017-07-04,53809.62,25.0,Active,2020-06-21T16:24:50
178,Could Asset,IT Equipment,2024-01-02,66981.68,10.0,Retired,2024-06-16T09:39:47
179,Design Asset,Tools,2019-06-09,10636.75,25.0,Active,2022-03-28T10:13:21
180,Gas Asset,Tools,2023-07-11,39310.90,30.0,Retired,2019-01-28T12:12:54
181,Little Asset,Vehicles,2019-08-04,46156.70,10.0,Disposed,2019-11-15T22:03:39
182,Appear Asset,Furniture,2019-11-26,23201.91,10.0,Retired,2021-12-14T20:16:39
183,Structure Asset,Office Equipment,2022-05-14,4235.20,30.0,Active,2024-08-19T03:29:04
184,Just Asset,Furniture,2025-01-27,43417.06,25.0,Active,2020-01-24T16:32:24
185,Health Asset,Tools,2025-10-23,27566.83,15.0,Active,2025-02-17T21:35:32
186,Prepare Asset,Vehicles,2023-03-21,51877.56,20.0,Retired,2016-11-25T07:15:33
187,Type Asset,Tools,2021-11-10,77147.10,10.0,Active,2020-06-12T16:30:03
188,Response Asset,Vehicles,2018-06-12,79037.58,25.0,Active,2025-06-13T15:36:04
189,Pick Asset,Tools,2015-12-01,71152.21,10.0,Retired,2020-10-09T07:03:13
190,Police Asset,Tools,2024-04-03,4006.96,30.0,Retired,2016-08-21T18:45:33
191,By Asset,Office Equipment,2019-03-10,27003.67,10.0,Retired,2019-08-21T11:57:02
192,Anything Asset,Tools,2019-11-22,59377.28,15.0,Active,2023-12-04T10:26:23
193,She Asset,Vehicles,2024-06-14,67169.65,10.0,Active,2019-07-30T09:06:05
194,City Asset,Furniture,2022-04-11,30522.82,5.0,Retired,2024-01-21T10:29:59
195,Century Asset,Vehicles,2021-04-30,66878.13,10.0,Active,2020-03-28T11:12:12
196,Up Asset,IT Equipment,2024-01-02,75285.55,30.0,Disposed,2022-10-15T16:24:48
197,Hand Asset,IT Equipment,2018-07-19,47805.26,20.0,Active,2019-11-28T14:15:13
198,Against Asset,Vehicles,2020-07-17,77887.34,30.0,Retired,2016-10-04T15:58:53
199,Soldier Asset,Tools,2017-06-16,23966.53,10.0,Active,2024-05-10T16:04:50
200,Either Asset,Office Equipment,2022-11-28,28482.73,10.0,Retired,2025-09-21T14:44:13
201,Ball Asset,Vehicles,2020-07-01,52501.07,5.0,Retired,2016-07-18T08:11:05
202,Shoulder Asset,Vehicles,2020-05-04,33114.66,20.0,Active,2021-07-26T01:26:46
203,Authority Asset,Tools,2020-11-27,51889.93,25.0,Disposed,2022-02-15T23:09:43
204,Reason Asset,IT Equipment,2024-07-21,51616.87,20.0,Disposed,2016-12-15T08:11:32
205,Start Asset,IT Equipment,2021-11-12,19929.05,30.0,Disposed,2022-11-07T14:21:58
206,Care Asset,Tools,2017-01-24,61632.24,30.0,Retired,2022-11-20T01:09:13
207,Our Asset,Vehicles,2021-08-18,52829.42,30.0,Disposed,2018-11-18T22:30:46
208,Late Asset,Office Equipment,2018-01-14,23264.94,5.0,Active,2024-04-10T17:33:46
209,Arrive Asset,Vehicles,2016-08-25,65342.91,5.0,Disposed,2017-10-07T18:42:05
210,Within Asset,Vehicles,2015-11-25,70224.31,20.0,Retired,2023-07-31T01:13:19
211,Deal Asset,Tools,2022-12-20,78928.33,20.0,Disposed,2019-04-16T08:12:26
212,System Asset,Office Equipment,2018-02-03,8250.83,20.0,Disposed,2016-09-22T18:22:12
213,Argue Asset,IT Equipment,2019-11-30,67529.24,20.0,Active,2024-04-28T03:34:36
214,Ever Asset,Vehicles,2022-05-28,38659.88,30.0,Active,2017-01-21T04:40:17
215,Reduce Asset,Vehicles,2021-11-18,41579.00,10.0,Active,2022-12-23T03:31:43
216,Eight Asset,IT Equipment,2018-12-14,727.57,5.0,Active,2024-07-24T21:21:35
217,Institution Asset,Tools,2021-05-29,997.52,5.0,Active,2018-04-30T11:01:07
218,Design Asset,IT Equipment,2019-07-29,44752.34,5.0,Disposed,2016-03-12T21:05:53
219,One Asset,Vehicles,2017-03-29,65498.98,10.0,Active,2021-03-07T16:18:47
220,Position Asset,IT Equipment,2025-06-18,15824.19,25.0,Disposed,2019-01-23T09:34:31
221,Administration Asset,Furniture,2020-01-05,40959.57,15.0,Active,2020-12-19T20:27:51
222,Grow Asset,Office Equipment,2024-09-08,8452.87,25.0,Disposed,2024-03-30T18:03:00
223,Wall Asset,Vehicles,2022-04-03,34065.26,15.0,Active,2018-12-08T09:48:46
224,Choice Asset,IT Equipment,2018-07-03,69829.58,20.0,Active,2018-03-10T17:52:13
225,Pass Asset,Office Equipment,2023-05-08,69229.20,25.0,Retired,2021-06-15T00:42:25
226,Attorney Asset,Office Equipment,2020-05-22,29495.53,10.0,Disposed,2019-01-07T09:31:50
227,Hold Asset,Furniture,2025-08-07,3998.60,20.0,Disposed,2018-05-31T20:03:07
228,System Asset,IT Equipment,2022-02-11,25419.95,15.0,Active,2021-02-17T09:18:57
229,System Asset,Vehicles,2017-07-31,73614.70,30.0,Active,2024-02-10T13:12:40
230,Air Asset,Office Equipment,2019-05-23,43947.09,10.0,Active,2024-10-08T17:25:48
231,Yet Asset,Tools,2018-11-15,18181.77,5.0,Disposed,2017-02-25T02:43:22
232,Mother Asset,Office Equipment,2024-05-24,74822.65,20.0,Retired,2024-08-13T16:49:17
233,Such Asset,Office Equipment,2018-02-04,20395.80,25.0,Retired,2023-08-01T05:06:54
234,Mrs Asset,Vehicles,2021-08-26,14566.48,10.0,Retired,2016-04-27T16:28:50
235,Into Asset,Furniture,2021-08-12,32427.32,15.0,Retired,2021-11-16T04:36:12
236,White Asset,Vehicles,2022-10-22,47942.62,25.0,Retired,2015-12-16T08:22:01
237,Son Asset,Vehicles,2018-01-29,14740.08,5.0,Disposed,2023-05-06T00:35:46
238,Key Asset,IT Equipment,2022-06-12,1213.15,30.0,Retired,2021-04-21T19:46:45
239,Get Asset,Vehicles,2023-09-17,62578.62,5.0,Active,2023-07-31T03:52:43
240,Debate Asset,IT Equipment,2021-01-21,34739.44,5.0,Disposed,2021-08-02T03:34:42
241,Peace Asset,Furniture,2021-01-18,58200.60,30.0,Retired,2025-05-10T10:03:44
242,Power Asset,Furniture,2017-09-26,51967.53,15.0,Disposed,2017-11-03T02:18:02
243,Gas Asset,Vehicles,2022-09-17,930.54,15.0,Active,2018-06-20T20:33:05
244,Become Asset,Tools,2016-08-10,17269.92,15.0,Active,2017-01-15T18:45:15
245,Share Asset,Tools,2017-01-28,56441.90,5.0,Retired,2016-09-10T22:48:04
246,After Asset,Office Equipment,2022-02-13,67258.93,10.0,Active,2023-05-03T13:46:40
247,Memory Asset,Office Equipment,2021-05-28,40013.96,5.0,Retired,2022-09-18T00:00:34
248,Air Asset,IT Equipment,2020-01-05,76593.77,5.0,Active,2015-11-25T20:07:50
249,Beautiful Asset,Office Equipment,2025-05-17,76287.45,30.0,Disposed,2025-01-12T19:10:13
250,Next Asset,Tools,2020-12-13,9033.07,5.0,Disposed,2025-04-28T14:49:48
251,Safe Asset,Office Equipment,2025-02-10,35355.95,10.0,Disposed,2020-10-26T18:11:42
252,Treat Asset,Tools,2018-05-14,795.30,10.0,Retired,2015-12-21T08:20:01
253,Air Asset,Tools,2024-11-19,72796.93,30.0,Disposed,2017-06-10T09:37:30
254,Attack Asset,Tools,2017-01-15,45564.41,30.0,Retired,2022-09-06T09:33:36
255,Student Asset,Office Equipment,2020-09-14,65934.92,10.0,Disposed,2020-12-14T17:25:12
256,Available Asset,Furniture,2016-04-29,30982.59,15.0,Disposed,2021-11-03T21:18:27
257,Write Asset,IT Equipment,2025-08-21,41769.47,5.0,Retired,2025-09-17T05:14:48
258,Teacher Asset,Vehicles,2023-04-07,57937.12,10.0,Retired,2018-05-21T16:47:39
259,Building Asset,IT Equipment,2018-07-09,64690.87,10.0,Retired,2021-07-10T00:20:36
260,Themselves Asset,Vehicles,2023-08-24,20867.48,30.0,Retired,2023-05-05T19:41:02
261,Boy Asset,IT Equipment,2017-06-23,46040.64,20.0,Disposed,2020-09-30T11:45:11
262,Down Asset,Vehicles,2017-05-07,56207.84,25.0,Retired,2024-09-07T00:48:59
263,Challenge Asset,Tools,2016-10-20,18359.81,25.0,Retired,2024-08-13T08:58:38
264,Part Asset,Office Equipment,2024-05-26,21344.54,30.0,Active,2019-08-30T11:56:25
265,Center Asset,Office Equipment,2016-04-11,58282.29,15.0,Disposed,2025-08-20T06:37:56
266,Plant Asset,Furniture,2021-07-09,18949.18,10.0,Active,2023-03-10T17:02:19
267,Reflect Asset,Tools,2021-06-27,14612.12,5.0,Active,2016-11-16T10:53:22
268,Education Asset,Furniture,2016-07-25,62071.47,30.0,Active,2025-09-25T08:25:04
269,Have Asset,Furniture,2024-03-01,44316.83,20.0,Active,2025-05-10T18:39:07
270,Tend Asset,IT Equipment,2020-02-04,44679.82,15.0,Retired,2019-12-20T01:20:04
271,Realize Asset,Furniture,2022-10-30,33529.16,5.0,Disposed,2023-05-19T01:45:14
272,System Asset,Furniture,2025-04-19,77550.36,25.0,Disposed,2021-04-21T17:48:01
273,Card Asset,Tools,2020-02-04,77647.04,25.0,Retired,2020-12-25T04:54:00
274,Control Asset,Vehicles,2022-10-05,41673.41,20.0,Retired,2023-08-24T16:11:10
275,Strategy Asset,Vehicles,2018-03-14,18564.70,30.0,Disposed,2019-08-23T17:06:30
276,Similar Asset,Tools,2022-09-18,59415.24,25.0,Retired,2021-10-30T08:17:56
277,Practice Asset,Vehicles,2019-07-26,25658.54,25.0,Disposed,2024-05-28T13:12:59
278,Add Asset,IT Equipment,2019-12-17,24581.83,30.0,Retired,2025-03-26T00:41:28
279,Before Asset,Vehicles,2016-03-19,28525.83,15.0,Disposed,2021-05-07T11:30:06
280,Heavy Asset,Office Equipment,2020-11-15,70536.93,5.0,Active,2021-05-27T23:51:06
281,Mother Asset,IT Equipment,2023-02-16,62775.56,10.0,Disposed,2021-12-11T02:06:28
282,Case Asset,Office Equipment,2025-08-19,64229.45,5.0,Disposed,2023-08-19T20:49:23
283,Level Asset,Vehicles,2023-02-11,5951.64,15.0,Active,2025-01-13T05:32:33
284,So Asset,IT Equipment,2020-09-29,24247.72,25.0,Retired,2023-12-10T20:02:53
285,Network Asset,Furniture,2017-05-27,78162.66,5.0,Retired,2020-10-14T06:40:40
286,Million Asset,Office Equipment,2019-01-29,18818.10,5.0,Disposed,2016-08-13T12:03:21
287,View Asset,Vehicles,2016-02-16,74386.56,30.0,Retired,2024-08-22T00:54:54
288,Begin Asset,Vehicles,2020-07-15,6330.55,25.0,Retired,2025-10-09T11:07:48
289,Ever Asset,Vehicles,2025-07-19,8404.92,15.0,Retired,2020-12-19T10:18:36
290,Range Asset,Vehicles,2017-07-16,34226.39,15.0,Retired,2017-02-16T16:16:42
291,Common Asset,Vehicles,2017-09-07,25921.68,25.0,Disposed,2022-10-06T09:17:17
292,Now Asset,Furniture,2025-10-12,59001.15,5.0,Active,2025-01-21T10:04:52
293,Yard Asset,Tools,2021-05-04,54911.56,30.0,Retired,2016-10-07T16:27:53
294,Phone Asset,Furniture,2024-02-15,71824.80,5.0,Active,2024-03-27T07:11:33
295,Couple Asset,Furniture,2025-06-21,89.27,5.0,Active,2024-09-09T15:45:59
296,Thousand Asset,Furniture,2016-11-10,23862.16,15.0,Active,2022-04-04T05:04:50
297,New Asset,Office Equipment,2017-07-14,24379.37,25.0,Retired,2023-04-24T17:49:59
298,Material Asset,IT Equipment,2024-02-06,51616.65,30.0,Retired,2020-03-11T11:52:47
299,Sound Asset,IT Equipment,2018-10-22,74151.45,15.0,Retired,2017-07-28T03:35:42
300,Key Asset,IT Equipment,2018-10-17,7435.87,30.0,Disposed,2016-05-07T04:05:48
301,Pretty Asset,IT Equipment,2020-04-26,69012.10,10.0,Active,2020-05-20T04:14:33
302,See Asset,Furniture,2025-07-08,54946.36,15.0,Retired,2020-06-20T22:03:34
303,Put Asset,Furniture,2021-05-30,7528.10,15.0,Retired,2016-03-03T06:42:22
304,Discover Asset,Tools,2019-03-24,37246.94,5.0,Active,2019-10-29T06:09:37
305,Actually Asset,Furniture,2016-02-29,8406.71,5.0,Active,2021-11-01T02:35:53
306,Democratic Asset,Tools,2019-12-17,24748.08,10.0,Disposed,2017-02-20T00:08:54
307,Beautiful Asset,Furniture,2016-05-22,6210.74,5.0,Active,2018-10-17T16:16:37
308,Health Asset,Furniture,2024-12-08,65527.41,20.0,Active,2024-04-27T23:29:07
309,Political Asset,Furniture,2017-04-02,16822.86,25.0,Disposed,2017-05-20T22:49:54
310,Real Asset,Furniture,2016-12-21,49572.69,25.0,Active,2021-05-02T10:30:46
311,Western Asset,Office Equipment,2017-07-15,46747.11,30.0,Disposed,2022-06-02T00:23:12
312,Fast Asset,Office Equipment,2016-05-22,34323.17,30.0,Active,2016-10-17T01:39:46
313,Drive Asset,Furniture,2018-03-22,45789.27,15.0,Retired,2020-05-18T15:29:49
314,Enjoy Asset,Tools,2019-04-14,45477.87,5.0,Retired,2016-11-10T19:26:40
315,Hand Asset,Vehicles,2022-06-17,60255.17,15.0,Active,2024-01-15T19:49:48
316,Wall Asset,Furniture,2018-05-12,55379.35,30.0,Active,2024-03-05T06:09:51
317,This Asset,Tools,2017-04-27,2499.38,20.0,Disposed,2020-01-21T00:27:02
318,Cover Asset,IT Equipment,2019-03-16,26968.51,30.0,Disposed,2023-11-18T23:03:43
319,Nothing Asset,Furniture,2016-08-26,20541.66,10.0,Active,2016-02-17T15:28:23
320,Join Asset,Furniture,2023-01-09,13173.08,5.0,Active,2017-02-19T22:23:49
321,Its Asset,Vehicles,2021-12-28,561.38,15.0,Disposed,2021-07-09T07:01:49
322,Lose Asset,Office Equipment,2024-08-17,62093.30,10.0,Active,2017-04-24T08:27:10
323,Information Asset,Tools,2024-12-29,60308.98,10.0,Retired,2022-03-03T18:15:40
324,Let Asset,IT Equipment,2020-06-25,69187.38,25.0,Retired,2018-01-02T23:03:25
325,Although Asset,Tools,2021-07-30,42801.68,30.0,Disposed,2018-12-27T01:14:27
326,Affect Asset,Tools,2019-11-03,58416.94,10.0,Active,2023-04-07T01:20:04
327,You Asset,IT Equipment,2022-09-26,23193.66,20.0,Active,2020-11-21T04:41:22
328,Account Asset,Tools,2019-04-05,32965.34,20.0,Disposed,2017-01-18T01:59:15
329,Health Asset,Office Equipment,2022-06-15,72921.32,15.0,Retired,2016-05-15T21:49:40
330,Tree Asset,IT Equipment,2018-02-27,52655.79,10.0,Active,2020-04-26T05:02:03
331,Heavy Asset,Tools,2019-01-10,63373.67,20.0,Active,2018-09-07T09:51:13
332,Watch Asset,Furniture,2018-02-23,11866.75,10.0,Disposed,2017-04-12T02:58:22
333,Ten Asset,IT Equipment,2019-12-15,39998.51,25.0,Retired,2017-09-12T00:26:50
334,International Asset,Vehicles,2023-09-10,72422.03,20.0,Disposed,2022-07-28T20:50:15
335,Probably Asset,IT Equipment,2018-05-28,15764.26,5.0,Active,2025-07-06T16:17:54
336,Always Asset,Vehicles,2025-05-13,53012.60,5.0,Active,2023-07-26T06:21:47
337,Book Asset,Tools,2021-04-05,69827.49,15.0,Retired,2020-02-21T00:42:50
338,Manage Asset,Vehicles,2017-09-09,28174.26,15.0,Disposed,2016-10-23T13:34:37
339,High Asset,Vehicles,2023-02-26,40575.55,25.0,Disposed,2021-11-02T06:53:25
340,Plant Asset,Tools,2024-07-10,8177.93,10.0,Active,2022-12-06T18:42:31
341,Speak Asset,IT Equipment,2015-12-12,26866.45,20.0,Active,2023-10-16T12:31:55
342,Ball Asset,IT Equipment,2020-11-08,14961.76,15.0,Disposed,2023-01-12T13:39:36
343,Believe Asset,Office Equipment,2021-01-29,71600.29,30.0,Active,2024-07-07T16:16:55
344,Item Asset,Furniture,2018-03-02,628.02,10.0,Retired,2020-09-23T20:26:48
345,Event Asset,Furniture,2024-12-01,39221.55,10.0,Disposed,2018-07-18T15:42:11
346,Medical Asset,Vehicles,2021-11-18,47751.90,20.0,Active,2021-05-22T01:10:18
347,Pm Asset,Vehicles,2017-06-14,20002.82,10.0,Active,2024-03-15T23:56:01
348,Court Asset,Tools,2016-10-28,79426.22,15.0,Retired,2022-04-01T02:52:24
349,Certainly Asset,Office Equipment,2021-06-24,195.36,10.0,Retired,2020-10-27T07:22:01
350,That Asset,Vehicles,2025-07-22,72004.42,30.0,Disposed,2023-09-12T23:37:51
351,Charge Asset,Tools,2016-07-06,79362.22,25.0,Active,2025-01-20T18:11:23
352,Treat Asset,Office Equipment,2022-01-03,44049.61,10.0,Active,2016-04-29T00:12:37
353,Serious Asset,Furniture,2016-03-21,63537.62,15.0,Retired,2025-06-06T15:14:00
354,Spend Asset,Tools,2020-09-10,15960.11,30.0,Active,2022-04-09T16:33:56
355,Describe Asset,Tools,2017-04-04,3135.77,25.0,Disposed,2021-05-22T07:24:43
356,By Asset,Furniture,2019-03-06,25626.56,15.0,Retired,2015-11-14T21:21:46
357,Home Asset,Furniture,2021-12-31,30787.27,5.0,Active,2021-11-29T04:53:12
358,Music Asset,Office Equipment,2025-01-28,14605.23,10.0,Active,2021-02-03T18:19:46
359,Upon Asset,Vehicles,2025-09-06,77455.35,15.0,Active,2018-12-14T09:44:57
360,They Asset,IT Equipment,2019-05-19,55568.89,20.0,Active,2018-08-30T20:54:43
361,Always Asset,Office Equipment,2022-06-07,13807.75,10.0,Disposed,2025-04-30T04:40:01
362,Form Asset,IT Equipment,2016-12-26,27777.71,30.0,Active,2024-03-19T02:40:18
363,Such Asset,Tools,2022-06-16,78617.79,15.0,Active,2020-12-30T17:24:25
364,Man Asset,Office Equipment,2016-05-16,45563.30,5.0,Retired,2025-08-03T10:58:06
365,Clearly Asset,IT Equipment,2023-07-11,51526.74,5.0,Active,2024-02-13T23:10:08
366,Study Asset,Vehicles,2019-03-29,42266.31,10.0,Retired,2025-05-12T10:35:40
367,Lay Asset,Furniture,2022-01-03,51360.51,25.0,Retired,2023-12-31T03:02:12
368,Beat Asset,Vehicles,2019-02-27,71401.13,10.0,Disposed,2025-07-08T20:32:27
369,Cultural Asset,Furniture,2021-06-09,59561.66,20.0,Active,2016-10-30T07:28:05
370,Land Asset,Office Equipment,2022-12-18,7199.90,10.0,Retired,2015-12-14T14:02:49
371,Forward Asset,Furniture,2016-09-16,11458.17,20.0,Disposed,2024-11-11T15:26:22
372,Standard Asset,Tools,2024-01-03,397.24,15.0,Retired,2023-10-15T09:15:12
373,Treat Asset,Tools,2017-12-01,942.29,25.0,Retired,2024-12-23T10:32:19
374,Pretty Asset,Tools,2024-08-14,16544.10,5.0,Active,2020-04-08T06:27:43
375,Few Asset,Office Equipment,2019-05-10,24815.20,25.0,Retired,2021-04-08T10:06:51
376,Series Asset,Vehicles,2019-11-10,4642.38,20.0,Retired,2021-07-24T04:06:35
377,Cell Asset,Tools,2017-08-31,75124.62,25.0,Disposed,2023-10-24T09:45:53
378,Great Asset,Vehicles,2018-11-17,3827.06,20.0,Disposed,2017-09-08T03:38:49
379,Police Asset,Furniture,2018-09-03,40212.93,10.0,Retired,2025-01-17T00:49:37
380,Training Asset,Tools,2019-12-21,40116.54,30.0,Disposed,2019-10-09T20:45:25
381,Piece Asset,IT Equipment,2020-05-31,71433.54,5.0,Disposed,2022-06-06T14:35:12
382,Require Asset,Vehicles,2021-08-15,11799.99,25.0,Disposed,2021-06-09T14:03:59
383,Thus Asset,Office Equipment,2022-02-12,7113.74,25.0,Active,2016-07-14T06:26:22
384,Become Asset,Furniture,2017-02-22,13632.17,15.0,Retired,2018-03-12T22:20:28
385,Happen Asset,Vehicles,2025-11-01,2132.25,10.0,Active,2023-01-02T03:23:56
386,Player Asset,Vehicles,2018-08-17,3038.51,30.0,Retired,2021-08-25T23:06:10
387,Hope Asset,Furniture,2022-11-27,71161.43,5.0,Active,2020-10-31T19:59:05
388,Beautiful Asset,Tools,2015-11-03,39909.01,30.0,Active,2019-06-19T21:54:19
389,Soldier Asset,Vehicles,2025-01-08,78540.32,15.0,Disposed,2024-11-21T06:12:51
390,Federal Asset,IT Equipment,2022-11-12,52049.42,25.0,Active,2023-04-09T21:39:56
391,Statement Asset,IT Equipment,2024-09-02,15746.49,20.0,Active,2017-12-03T16:32:43
392,Director Asset,Office Equipment,2022-05-09,65434.51,15.0,Retired,2020-02-28T13:37:29
393,Probably Asset,Office Equipment,2018-08-28,57254.38,10.0,Active,2023-07-21T07:14:05
394,Claim Asset,Office Equipment,2019-01-10,14151.79,15.0,Disposed,2019-11-25T14:00:11
395,Responsibility Asset,Tools,2016-04-01,14566.69,5.0,Disposed,2024-05-18T05:43:10
396,Many Asset,Tools,2020-05-20,44549.25,15.0,Retired,2024-11-14T03:35:27
397,Beautiful Asset,Furniture,2022-02-02,62844.39,25.0,Active,2025-07-08T20:27:35
398,Whose Asset,Vehicles,2015-11-22,45221.45,10.0,Retired,2017-08-07T06:28:28
399,Group Asset,Tools,2020-02-12,55996.43,15.0,Retired,2017-10-31T02:57:59
400,Describe Asset,IT Equipment,2017-04-27,38512.68,10.0,Active,2019-10-25T13:35:55
401,Economic Asset,Furniture,2017-10-28,69277.86,25.0,Disposed,2018-07-04T16:04:48
402,His Asset,Tools,2018-01-19,55627.46,15.0,Disposed,2018-09-24T06:19:05
403,Record Asset,IT Equipment,2021-05-05,28166.42,5.0,Retired,2021-01-05T18:32:49
404,Human Asset,Office Equipment,2017-12-09,63688.81,5.0,Disposed,2020-06-28T08:13:34
405,Structure Asset,Tools,2025-05-03,37474.35,5.0,Retired,2017-11-24T09:04:24
406,Reduce Asset,Vehicles,2015-11-19,75188.53,30.0,Disposed,2017-05-16T18:06:39
407,Increase Asset,Office Equipment,2020-12-30,49692.51,5.0,Retired,2022-09-08T23:51:42
408,News Asset,IT Equipment,2019-07-04,70247.51,25.0,Retired,2024-03-19T12:41:53
409,A Asset,Office Equipment,2020-12-19,4984.34,10.0,Active,2019-12-25T09:55:33
410,Enter Asset,Tools,2019-07-12,75834.92,10.0,Retired,2019-08-11T06:37:50
411,Pretty Asset,IT Equipment,2024-11-01,62189.83,25.0,Active,2018-05-01T04:57:27
412,Guess Asset,Tools,2022-11-15,16052.63,10.0,Active,2025-09-15T01:34:18
413,Feeling Asset,Tools,2025-07-04,33418.51,25.0,Active,2020-01-13T20:52:28
414,True Asset,Tools,2025-04-30,41910.50,15.0,Disposed,2017-04-04T10:51:02
415,We Asset,IT Equipment,2025-10-28,69367.11,30.0,Retired,2025-01-04T22:43:13
416,Know Asset,Tools,2018-05-30,19513.54,20.0,Retired,2022-05-17T16:37:08
417,Because Asset,Furniture,2022-12-07,18552.83,5.0,Disposed,2023-02-15T02:46:29
418,Central Asset,Tools,2015-11-17,45993.66,5.0,Disposed,2019-06-28T06:02:06
419,Prepare Asset,IT Equipment,2024-03-12,40082.76,5.0,Retired,2017-03-12T12:01:53
420,Democratic Asset,Vehicles,2016-04-11,50257.71,5.0,Disposed,2018-02-01T06:12:56
421,Bank Asset,Tools,2020-01-19,77418.40,30.0,Retired,2018-03-26T17:04:22
422,Even Asset,IT Equipment,2017-04-11,21794.61,5.0,Disposed,2025-01-10T20:48:04
423,Director Asset,Furniture,2023-08-15,55354.44,15.0,Disposed,2024-09-28T06:47:16
424,Book Asset,Furniture,2021-07-27,2620.21,30.0,Active,2017-08-14T00:23:40
425,Green Asset,Furniture,2019-07-13,60437.44,20.0,Retired,2024-05-02T09:02:53
426,Culture Asset,Office Equipment,2020-09-03,29309.14,5.0,Retired,2019-12-16T20:04:05
427,Story Asset,Office Equipment,2018-09-14,74559.92,20.0,Disposed,2019-06-25T18:30:25
428,Congress Asset,Furniture,2023-10-18,43912.23,15.0,Retired,2021-01-21T17:01:11
429,Foreign Asset,Furniture,2023-12-25,74703.51,25.0,Active,2018-06-11T12:12:18
430,Scene Asset,IT Equipment,2024-01-26,6976.34,30.0,Active,2020-12-03T21:43:39
431,Second Asset,Tools,2021-12-26,63276.93,25.0,Retired,2025-05-23T14:11:21
432,Maybe Asset,Tools,2021-02-21,35592.62,25.0,Retired,2020-02-28T09:30:45
433,Front Asset,IT Equipment,2023-10-19,46303.78,5.0,Active,2020-01-30T07:48:33
434,Direction Asset,Tools,2025-08-22,15016.54,5.0,Retired,2016-09-16T22:31:54
435,Religious Asset,IT Equipment,2017-09-15,59336.93,25.0,Retired,2023-05-11T07:25:05
436,Expert Asset,Furniture,2019-11-29,30143.26,20.0,Active,2023-11-29T01:49:12
437,Image Asset,Office Equipment,2024-09-10,76044.26,20.0,Disposed,2016-04-03T13:36:17
438,Whom Asset,Furniture,2025-04-09,53554.45,10.0,Disposed,2022-10-07T10:22:12
439,Employee Asset,Tools,2020-07-21,11136.71,25.0,Retired,2018-02-05T14:44:02
440,Drug Asset,Tools,2018-12-15,7436.34,30.0,Active,2020-10-19T19:42:49
441,Late Asset,Office Equipment,2019-10-11,76358.18,25.0,Disposed,2025-10-21T11:04:42
442,Brother Asset,Office Equipment,2022-09-03,59022.80,15.0,Disposed,2022-07-26T03:39:43
443,Leg Asset,IT Equipment,2020-02-14,50577.90,5.0,Retired,2019-03-29T19:57:32
444,Lawyer Asset,Office Equipment,2023-03-28,26440.92,5.0,Retired,2016-08-15T01:06:40
445,Black Asset,Vehicles,2024-07-14,70591.93,15.0,Disposed,2016-04-30T23:30:11
446,Already Asset,Vehicles,2016-12-02,65599.11,30.0,Retired,2020-06-24T02:41:13
447,Effort Asset,Furniture,2022-02-13,27958.63,25.0,Disposed,2017-02-06T17:12:43
448,Either Asset,Tools,2020-12-30,61866.93,25.0,Retired,2018-04-09T00:30:31
449,Great Asset,IT Equipment,2021-03-27,15897.24,30.0,Disposed,2020-01-23T21:27:00
450,Run Asset,Office Equipment,2017-11-02,3648.63,25.0,Disposed,2020-10-30T11:18:44
451,Per Asset,IT Equipment,2020-03-05,34684.04,20.0,Disposed,2017-10-07T03:04:54
452,Talk Asset,Vehicles,2022-10-29,17016.70,20.0,Active,2020-04-17T08:39:01
453,But Asset,IT Equipment,2021-11-25,1502.88,10.0,Disposed,2016-10-29T22:46:10
454,Again Asset,Tools,2017-12-22,26984.34,25.0,Retired,2016-06-17T14:44:53
455,Relationship Asset,Furniture,2017-10-18,10405.94,5.0,Retired,2023-02-22T21:40:19
456,Next Asset,Office Equipment,2019-04-18,8089.82,30.0,Active,2016-10-04T07:55:53
457,Sign Asset,IT Equipment,2025-08-07,47098.00,10.0,Retired,2018-08-06T10:49:34
458,Suddenly Asset,Vehicles,2024-02-04,17145.86,30.0,Active,2023-11-20T17:22:19
459,Wind Asset,Tools,2022-10-22,6481.81,30.0,Retired,2021-10-07T03:30:53
460,War Asset,Vehicles,2019-08-25,56841.25,5.0,Retired,2019-05-27T10:33:32
461,Across Asset,Furniture,2021-01-22,7144.06,15.0,Active,2020-07-12T01:26:10
462,Represent Asset,IT Equipment,2018-12-26,24733.34,5.0,Retired,2018-01-13T21:47:43
463,Green Asset,Furniture,2020-05-05,43417.57,10.0,Disposed,2019-10-30T21:08:04
464,Data Asset,IT Equipment,2022-01-26,63852.21,10.0,Retired,2019-01-28T06:14:27
465,Still Asset,Tools,2019-11-12,45535.80,30.0,Disposed,2025-07-20T16:06:24
466,Focus Asset,Office Equipment,2022-02-25,45745.75,25.0,Retired,2018-05-29T14:43:46
467,Call Asset,IT Equipment,2022-10-13,63751.53,5.0,Disposed,2020-08-17T11:34:28
468,Own Asset,Tools,2022-03-25,49470.59,25.0,Disposed,2021-03-25T16:19:00
469,By Asset,Vehicles,2019-12-13,30833.30,10.0,Disposed,2025-05-08T03:25:29
470,Lot Asset,Vehicles,2020-10-16,60448.53,30.0,Disposed,2025-07-03T23:05:54
471,However Asset,Furniture,2018-01-28,36014.65,5.0,Disposed,2018-11-23T18:49:27
472,Exist Asset,Furniture,2017-01-19,29453.17,30.0,Active,2025-06-03T12:34:41
473,Institution Asset,IT Equipment,2016-03-20,63560.70,30.0,Active,2017-09-25T13:28:40
474,College Asset,Tools,2025-02-12,27390.34,30.0,Retired,2022-04-23T11:24:47
475,Mission Asset,IT Equipment,2022-09-08,17895.84,25.0,Active,2017-10-22T16:54:52
476,Deal Asset,Office Equipment,2020-04-16,59779.87,10.0,Retired,2024-02-22T13:40:23
477,Each Asset,IT Equipment,2017-11-04,38025.76,5.0,Retired,2017-09-28T04:58:30
478,Student Asset,Tools,2022-04-25,71062.20,25.0,Retired,2023-02-02T16:41:38
479,Support Asset,Furniture,2023-10-05,38071.17,25.0,Active,2024-02-16T08:19:22
480,Later Asset,Furniture,2022-08-23,58150.90,25.0,Active,2016-05-02T16:57:33
481,Concern Asset,Tools,2025-01-28,28688.30,5.0,Disposed,2018-02-01T12:22:28
482,Maintain Asset,Tools,2018-01-30,24691.82,30.0,Active,2016-03-31T05:57:27
483,Hair Asset,Office Equipment,2017-03-10,39385.00,20.0,Retired,2022-04-20T00:07:53
484,Right Asset,IT Equipment,2019-05-07,27779.55,15.0,Retired,2017-02-12T08:45:06
485,Rate Asset,Vehicles,2021-09-14,50062.62,10.0,Retired,2019-10-05T04:04:29
486,Necessary Asset,Office Equipment,2016-06-02,74668.32,5.0,Disposed,2020-08-26T06:58:27
487,Lay Asset,IT Equipment,2016-07-25,7072.84,25.0,Active,2018-01-18T15:06:10
488,Movement Asset,Vehicles,2016-02-01,46388.91,15.0,Active,2018-12-12T07:28:25
489,Many Asset,Tools,2022-05-09,20716.05,10.0,Active,2022-12-14T21:26:16
490,Range Asset,Furniture,2017-11-15,20726.23,5.0,Active,2020-01-04T20:58:06
491,Start Asset,Office Equipment,2017-03-22,28808.60,20.0,Active,2018-05-19T07:34:39
492,Commercial Asset,IT Equipment,2019-01-11,27802.48,15.0,Active,2016-03-09T13:23:03
493,Play Asset,Vehicles,2021-07-29,36439.01,5.0,Disposed,2017-09-15T10:57:10
494,Show Asset,Vehicles,2018-08-14,59916.95,30.0,Disposed,2019-07-26T18:09:55
495,Fact Asset,IT Equipment,2020-04-01,37150.96,5.0,Disposed,2022-05-04T23:05:22
496,List Asset,IT Equipment,2024-11-11,45674.83,20.0,Retired,2024-04-08T19:21:06
497,Only Asset,IT Equipment,2020-10-07,41056.83,10.0,Disposed,2019-10-13T07:49:11
498,Region Asset,Tools,2023-11-27,76171.77,25.0,Active,2022-01-28T04:22:34
499,Body Asset,Furniture,2022-09-18,45055.94,20.0,Active,2022-12-25T02:40:15
500,With Asset,Vehicles,2023-08-11,42384.84,25.0,Retired,2017-03-12T17:15:39
501,Impact Asset,Tools,2023-07-24,54988.92,30.0,Disposed,2022-08-18T04:23:34
502,Care Asset,Tools,2025-07-20,54144.82,30.0,Retired,2024-12-20T14:20:08
503,Case Asset,Vehicles,2018-06-02,15816.67,15.0,Active,2025-08-02T10:32:10
504,Anyone Asset,Tools,2025-02-20,59439.88,5.0,Retired,2017-09-05T02:36:25
505,Institution Asset,IT Equipment,2024-03-12,15269.47,25.0,Disposed,2025-08-09T20:11:07
506,Radio Asset,Vehicles,2018-08-20,40492.85,5.0,Disposed,2018-07-26T23:51:28
507,Bad Asset,IT Equipment,2015-12-29,1929.46,10.0,Disposed,2018-09-25T06:16:41
508,Buy Asset,Furniture,2022-03-08,68475.78,5.0,Retired,2016-11-14T03:26:50
509,Responsibility Asset,Vehicles,2025-07-25,5399.17,15.0,Retired,2022-11-20T11:32:45
510,Trouble Asset,Office Equipment,2021-03-06,5102.37,10.0,Disposed,2019-05-19T15:55:18
511,Oil Asset,Tools,2020-08-13,76482.05,25.0,Active,2016-06-28T21:07:16
512,Item Asset,Vehicles,2018-01-26,40344.10,25.0,Retired,2019-01-15T07:52:10
513,High Asset,IT Equipment,2016-06-11,3290.96,20.0,Retired,2018-02-08T00:40:09
514,Add Asset,Office Equipment,2018-02-12,55255.78,25.0,Active,2018-09-24T15:29:39
515,Foreign Asset,IT Equipment,2020-08-13,6093.23,25.0,Active,2023-01-19T15:12:04
516,Paper Asset,Tools,2021-09-06,44710.74,20.0,Retired,2022-04-18T13:04:49
517,Yard Asset,IT Equipment,2025-07-29,57942.18,25.0,Disposed,2019-07-31T12:13:17
518,Rock Asset,Tools,2022-04-12,77907.94,30.0,Disposed,2022-03-04T09:26:44
519,Six Asset,IT Equipment,2018-05-25,57276.84,10.0,Disposed,2022-02-10T11:00:37
520,Begin Asset,IT Equipment,2024-01-22,24000.74,20.0,Active,2024-03-09T04:43:50
521,Institution Asset,Office Equipment,2023-01-26,19049.93,30.0,Retired,2018-07-23T15:33:31
522,Beyond Asset,IT Equipment,2019-06-27,8630.47,5.0,Retired,2019-05-10T04:23:53
523,Stuff Asset,Office Equipment,2020-07-09,2379.60,30.0,Active,2024-04-18T04:09:04
524,Instead Asset,Vehicles,2025-09-21,74726.60,25.0,Retired,2015-11-28T08:19:39
525,Take Asset,Tools,2020-10-17,4433.21,20.0,Active,2019-09-22T01:24:04
526,Program Asset,Office Equipment,2024-09-14,25146.87,5.0,Disposed,2023-09-01T02:11:39
527,Along Asset,Furniture,2021-05-26,70054.87,30.0,Retired,2016-11-28T19:24:06
528,Think Asset,Furniture,2021-01-10,78929.81,25.0,Retired,2024-01-03T14:59:24
529,Those Asset,Tools,2019-06-08,41389.72,25.0,Active,2015-12-15T16:54:06
530,Trial Asset,IT Equipment,2022-09-16,8942.44,20.0,Retired,2019-08-30T07:43:30
531,Evidence Asset,Vehicles,2024-04-09,32482.83,25.0,Disposed,2019-01-08T20:31:26
532,Book Asset,Office Equipment,2025-05-22,58691.74,10.0,Disposed,2016-04-17T22:51:33
533,Of Asset,Furniture,2016-07-17,54257.88,15.0,Active,2023-06-26T11:41:50
534,Now Asset,Furniture,2021-09-19,48003.38,30.0,Retired,2019-03-31T18:48:25
535,Risk Asset,Tools,2021-11-21,66193.82,25.0,Active,2025-03-09T09:03:12
536,Artist Asset,Furniture,2025-05-17,64607.24,30.0,Active,2020-08-29T11:48:19
537,Order Asset,Furniture,2023-01-09,48320.65,25.0,Active,2019-01-26T13:46:34
538,Evidence Asset,Office Equipment,2019-01-20,9531.96,25.0,Disposed,2019-05-25T23:31:13
539,Throw Asset,Office Equipment,2020-09-17,44493.22,30.0,Disposed,2016-01-08T23:28:11
540,Form Asset,Vehicles,2018-09-23,3389.01,10.0,Retired,2020-04-08T17:05:05
541,Cell Asset,IT Equipment,2022-01-05,2229.66,10.0,Retired,2025-04-30T02:30:38
542,Soldier Asset,Furniture,2021-10-24,31503.98,5.0,Active,2025-04-16T09:59:15
543,Alone Asset,Tools,2021-04-07,69443.20,15.0,Active,2018-11-29T07:12:24
544,View Asset,Vehicles,2024-06-20,44461.22,15.0,Disposed,2023-06-25T06:27:52
545,Cover Asset,Furniture,2017-11-26,62227.11,5.0,Active,2022-08-09T00:46:26
546,Student Asset,Furniture,2023-08-29,41314.44,25.0,Retired,2023-03-28T05:50:42
547,Across Asset,Vehicles,2021-04-05,62210.80,20.0,Active,2022-08-16T13:34:47
548,Human Asset,Furniture,2023-07-09,35859.79,10.0,Active,2021-11-14T09:18:57
549,Argue Asset,IT Equipment,2019-05-08,4701.18,30.0,Active,2023-11-10T06:57:54
550,Number Asset,IT Equipment,2024-11-06,49872.14,15.0,Disposed,2022-08-16T01:41:00
551,Indicate Asset,Furniture,2022-02-28,28429.96,5.0,Active,2022-02-24T22:16:16
552,Growth Asset,IT Equipment,2017-08-11,8768.57,5.0,Retired,2022-04-09T13:38:41
553,Treatment Asset,Vehicles,2016-10-09,1850.36,25.0,Active,2016-06-10T00:42:05
554,To Asset,Furniture,2020-09-21,16059.39,15.0,Disposed,2016-07-18T15:11:48
555,Support Asset,IT Equipment,2016-05-15,6669.80,15.0,Active,2022-09-03T15:43:46
556,Yet Asset,Vehicles,2025-04-28,61748.20,10.0,Retired,2019-10-24T18:39:20
557,Western Asset,Furniture,2019-12-18,63696.14,20.0,Active,2023-04-12T21:34:53
558,Stage Asset,Furniture,2021-11-16,6719.10,25.0,Retired,2016-07-31T16:02:45
559,Among Asset,Tools,2021-08-10,56921.58,10.0,Retired,2016-10-17T10:21:54
560,Federal Asset,IT Equipment,2021-09-23,56042.33,20.0,Active,2025-01-20T10:13:19
561,Each Asset,Office Equipment,2019-10-20,44926.03,25.0,Disposed,2023-08-20T04:36:41
562,Air Asset,Vehicles,2017-06-10,23242.88,15.0,Disposed,2020-05-13T23:20:39
563,Send Asset,Vehicles,2017-08-26,11456.91,5.0,Disposed,2018-12-19T01:49:26
564,Start Asset,Office Equipment,2020-03-13,35859.88,10.0,Disposed,2022-04-03T09:38:37
565,Manage Asset,Vehicles,2017-08-08,30821.77,10.0,Disposed,2018-08-04T12:58:59
566,Chance Asset,IT Equipment,2017-11-08,32822.40,5.0,Active,2024-08-19T19:49:31
567,Mouth Asset,Office Equipment,2020-10-31,63961.40,10.0,Retired,2017-10-23T09:39:34
568,Number Asset,Tools,2016-10-31,68980.50,30.0,Retired,2018-08-22T02:13:31
569,People Asset,Office Equipment,2025-05-09,62586.23,10.0,Retired,2024-05-19T04:07:57
570,Wear Asset,Furniture,2018-07-20,41155.36,20.0,Disposed,2022-07-03T08:49:32
571,Bill Asset,IT Equipment,2020-05-09,42053.02,5.0,Retired,2019-03-09T04:38:30
572,Ask Asset,Vehicles,2018-09-14,28027.76,20.0,Active,2016-08-06T23:23:26
573,Beat Asset,Tools,2024-03-02,40309.71,30.0,Disposed,2025-07-13T23:47:07
574,Into Asset,Tools,2022-08-21,11812.86,15.0,Retired,2024-03-03T01:13:04
575,Open Asset,IT Equipment,2016-05-09,19182.75,30.0,Active,2018-03-29T10:39:02
576,Sea Asset,Tools,2017-04-06,14276.74,5.0,Active,2022-06-04T08:59:05
577,Brother Asset,Furniture,2015-11-10,6731.55,15.0,Active,2022-07-05T02:09:18
578,Sister Asset,IT Equipment,2020-05-12,50251.64,25.0,Retired,2021-08-12T20:22:55
579,Item Asset,Tools,2023-03-01,74175.46,5.0,Retired,2025-01-31T18:39:14
580,Allow Asset,Tools,2016-05-02,21238.19,30.0,Active,2023-03-23T01:22:11
581,Major Asset,Furniture,2024-07-12,2780.40,10.0,Disposed,2024-01-07T15:50:07
582,Green Asset,IT Equipment,2017-10-08,68978.80,30.0,Active,2022-05-14T21:58:58
583,Have Asset,Vehicles,2018-12-21,11626.52,5.0,Active,2019-04-11T14:45:21
584,Firm Asset,Office Equipment,2016-01-03,43176.60,15.0,Retired,2021-12-20T18:56:58
585,The Asset,Vehicles,2022-07-13,18951.58,20.0,Retired,2020-08-31T16:19:59
586,Specific Asset,Tools,2018-09-17,69072.04,15.0,Disposed,2020-04-09T12:04:52
587,Before Asset,Tools,2018-12-31,72014.91,10.0,Disposed,2023-09-30T16:06:32
588,Career Asset,Furniture,2017-09-10,45651.67,25.0,Active,2022-12-06T02:30:43
589,Above Asset,Vehicles,2018-05-04,13396.57,5.0,Disposed,2018-04-28T23:53:24
590,Senior Asset,IT Equipment,2019-07-10,17385.30,30.0,Disposed,2025-08-17T19:05:21
591,Try Asset,Furniture,2024-09-11,56517.75,25.0,Active,2020-11-28T15:15:14
592,List Asset,Vehicles,2017-10-23,37621.42,15.0,Active,2016-10-07T17:19:55
593,Major Asset,IT Equipment,2023-10-22,24386.75,5.0,Retired,2017-11-24T06:28:51
594,Far Asset,Furniture,2019-05-30,1867.56,25.0,Retired,2016-01-24T16:32:53
595,Loss Asset,Vehicles,2019-08-24,69004.76,5.0,Retired,2021-03-10T21:38:53
596,Step Asset,Furniture,2018-02-25,63898.92,15.0,Disposed,2025-03-29T10:55:45
597,Author Asset,Tools,2024-10-14,47485.05,10.0,Retired,2019-06-10T11:17:21
598,Politics Asset,IT Equipment,2025-08-07,8877.73,30.0,Retired,2019-11-27T14:53:15
599,Sort Asset,Office Equipment,2017-12-16,58329.89,20.0,Disposed,2020-10-20T11:06:22
600,Middle Asset,Furniture,2020-09-30,53534.19,5.0,Disposed,2023-08-24T22:20:08
601,Receive Asset,Office Equipment,2019-12-15,45804.17,15.0,Active,2022-06-20T12:57:43
602,As Asset,Office Equipment,2023-06-23,1097.19,5.0,Active,2018-07-13T05:59:05
603,Involve Asset,Vehicles,2019-05-25,65200.09,20.0,Disposed,2016-03-25T21:06:52
604,Discover Asset,IT Equipment,2016-12-19,66513.13,15.0,Disposed,2022-09-29T21:25:25
605,Particular Asset,Office Equipment,2016-10-02,36384.28,15.0,Retired,2021-12-31T16:33:25
606,Still Asset,Office Equipment,2022-07-13,13482.64,15.0,Retired,2022-01-14T06:00:06
607,Feeling Asset,Tools,2025-09-21,48174.37,10.0,Disposed,2016-01-11T18:46:28
608,Head Asset,Office Equipment,2025-03-14,29234.29,15.0,Retired,2021-06-27T11:03:32
609,Law Asset,Vehicles,2018-09-11,22462.75,5.0,Active,2019-02-04T11:55:13
610,Thank Asset,Tools,2016-03-02,38959.07,5.0,Retired,2017-06-28T04:19:14
611,Hotel Asset,Office Equipment,2017-02-26,882.83,25.0,Disposed,2021-04-02T10:54:20
612,Operation Asset,Vehicles,2016-02-11,13845.81,30.0,Disposed,2022-03-11T01:03:02
613,Miss Asset,Vehicles,2017-05-04,23186.70,20.0,Active,2025-01-29T04:56:33
614,City Asset,Tools,2024-04-14,36078.57,15.0,Disposed,2016-08-02T23:43:51
615,Side Asset,Office Equipment,2018-06-08,44318.03,15.0,Retired,2017-12-11T12:26:37
616,Can Asset,Office Equipment,2022-07-19,57304.34,25.0,Retired,2024-10-05T20:17:35
617,Individual Asset,Furniture,2016-09-14,14995.69,10.0,Retired,2019-05-21T18:11:23
618,Simply Asset,Tools,2022-05-02,59503.61,15.0,Disposed,2018-04-25T12:30:25
619,Bank Asset,IT Equipment,2021-07-03,3886.59,10.0,Disposed,2017-12-07T14:37:18
620,Case Asset,IT Equipment,2022-03-15,48718.98,30.0,Retired,2022-07-08T21:05:31
621,Husband Asset,Vehicles,2021-09-12,47625.30,20.0,Disposed,2018-08-15T05:47:30
622,Animal Asset,Furniture,2016-11-17,62036.00,10.0,Disposed,2019-07-25T03:55:38
623,Job Asset,Furniture,2019-11-30,30326.37,25.0,Disposed,2022-12-30T02:19:25
624,Represent Asset,Vehicles,2024-10-04,70403.61,15.0,Disposed,2021-05-20T02:49:40
625,Cultural Asset,IT Equipment,2018-07-22,21552.89,20.0,Active,2024-01-19T03:56:42
626,Wide Asset,IT Equipment,2016-08-23,45565.34,15.0,Active,2019-07-01T16:29:20
627,Sport Asset,Office Equipment,2020-04-01,9255.10,10.0,Active,2023-08-18T02:02:56
628,Never Asset,IT Equipment,2024-07-14,8518.27,30.0,Active,2016-08-15T18:38:29
629,Analysis Asset,IT Equipment,2018-08-27,59379.10,5.0,Active,2021-02-23T17:12:54
630,Spend Asset,Vehicles,2021-05-03,31146.66,10.0,Active,2025-08-06T10:12:27
631,Development Asset,Tools,2024-07-26,43096.09,20.0,Disposed,2021-04-11T14:12:18
632,Everyone Asset,Office Equipment,2018-03-29,47380.46,20.0,Retired,2016-03-29T15:49:30
633,Thing Asset,Tools,2023-02-25,32394.88,10.0,Retired,2020-01-10T15:34:32
634,Mean Asset,Tools,2018-01-06,10038.56,15.0,Disposed,2016-04-17T21:37:19
635,Sure Asset,Vehicles,2016-04-19,72189.83,5.0,Active,2017-12-03T12:35:33
636,Health Asset,Vehicles,2016-09-26,71647.56,5.0,Disposed,2021-07-19T10:10:32
637,Political Asset,IT Equipment,2021-11-21,20364.70,30.0,Disposed,2023-07-11T14:41:30
638,Challenge Asset,Furniture,2024-12-18,2643.31,15.0,Retired,2023-03-25T21:12:15
639,Eye Asset,Tools,2016-12-01,4466.87,10.0,Retired,2024-04-25T04:12:40
640,Road Asset,Office Equipment,2024-03-11,55924.81,15.0,Retired,2024-02-16T18:40:47
641,Affect Asset,Furniture,2018-01-25,60241.25,15.0,Retired,2019-12-19T09:26:44
642,Want Asset,Vehicles,2020-05-28,51885.59,30.0,Active,2024-03-19T16:10:26
643,Religious Asset,IT Equipment,2024-06-13,32849.94,5.0,Disposed,2025-01-18T05:39:26
644,Sing Asset,Tools,2018-12-13,50981.45,15.0,Active,2016-04-09T05:34:00
645,Garden Asset,IT Equipment,2018-10-01,18383.77,20.0,Disposed,2021-10-15T14:03:24
646,Theory Asset,IT Equipment,2022-01-08,69240.18,5.0,Disposed,2016-06-22T12:18:51
647,Particularly Asset,Tools,2022-11-30,36914.15,5.0,Retired,2020-10-13T18:02:10
648,It Asset,IT Equipment,2022-04-18,54135.14,15.0,Retired,2016-07-22T23:01:22
649,National Asset,Furniture,2018-06-18,20967.68,20.0,Active,2019-05-12T08:52:50
650,Probably Asset,Tools,2019-11-02,46173.63,25.0,Active,2025-10-31T17:38:54
651,Sister Asset,Vehicles,2018-07-28,41412.12,5.0,Active,2018-06-28T04:18:25
652,Dinner Asset,Office Equipment,2019-07-18,58265.78,30.0,Disposed,2024-12-03T22:40:57
653,Relate Asset,Tools,2024-02-25,68698.49,20.0,Disposed,2020-03-01T07:29:04
654,Image Asset,IT Equipment,2016-07-17,55729.27,30.0,Retired,2023-10-13T19:56:55
655,Others Asset,Furniture,2020-05-31,76479.88,10.0,Retired,2021-01-30T01:08:27
656,After Asset,Tools,2025-03-11,4997.05,15.0,Active,2018-10-04T14:24:06
657,Less Asset,Furniture,2025-08-01,19493.58,25.0,Disposed,2019-03-23T06:24:54
658,Able Asset,Vehicles,2023-03-12,72456.34,20.0,Retired,2023-10-31T23:31:14
659,Represent Asset,IT Equipment,2022-06-28,61134.40,20.0,Disposed,2018-05-09T08:09:38
660,Church Asset,Tools,2018-06-09,67256.08,10.0,Active,2025-10-30T18:06:57
661,Fine Asset,Office Equipment,2023-08-14,15208.35,30.0,Active,2022-06-28T02:11:22
662,Maybe Asset,IT Equipment,2018-04-17,76317.42,5.0,Disposed,2016-12-07T17:31:40
663,Six Asset,Furniture,2023-01-08,77184.94,20.0,Disposed,2017-06-22T06:15:09
664,Sport Asset,Office Equipment,2018-10-31,61409.40,30.0,Active,2020-10-25T20:07:32
665,White Asset,Furniture,2018-02-05,49141.82,25.0,Disposed,2020-07-11T00:50:21
666,Use Asset,Tools,2016-11-22,4449.16,30.0,Disposed,2023-06-06T00:28:06
667,Follow Asset,Vehicles,2016-07-01,74602.35,10.0,Disposed,2025-09-29T00:13:58
668,Last Asset,Vehicles,2025-07-17,38635.68,30.0,Disposed,2022-02-21T04:37:41
669,Republican Asset,Tools,2025-04-23,8456.69,10.0,Disposed,2023-07-19T19:21:36
670,Own Asset,IT Equipment,2016-06-30,55232.44,10.0,Active,2018-02-14T09:49:58
671,Usually Asset,Furniture,2025-10-07,1891.39,25.0,Disposed,2016-10-01T11:19:00
672,Work Asset,Office Equipment,2022-12-13,22702.08,15.0,Retired,2016-04-26T04:11:26
673,Mouth Asset,IT Equipment,2016-12-10,43147.93,10.0,Retired,2023-08-18T04:13:30
674,Eight Asset,IT Equipment,2017-12-23,4947.06,25.0,Active,2023-05-15T00:58:29
675,Public Asset,Furniture,2019-03-29,9420.88,20.0,Disposed,2021-01-07T04:41:11
676,Herself Asset,IT Equipment,2018-02-12,66295.59,25.0,Retired,2023-01-08T10:17:44
677,Low Asset,Vehicles,2018-12-28,33290.52,5.0,Active,2017-03-18T06:43:36
678,There Asset,Furniture,2024-11-04,39972.39,20.0,Retired,2017-12-16T17:24:12
679,Note Asset,Tools,2017-04-24,30241.59,5.0,Active,2022-06-08T08:45:17
680,Provide Asset,Office Equipment,2019-05-22,56590.26,25.0,Active,2018-12-12T02:56:34
681,Notice Asset,Vehicles,2016-12-03,38014.02,5.0,Retired,2023-05-09T11:39:59
682,Career Asset,Furniture,2016-09-20,19449.27,10.0,Retired,2024-07-06T04:06:31
683,Summer Asset,Tools,2016-03-01,52360.09,30.0,Disposed,2018-01-24T13:27:58
684,Else Asset,Furniture,2018-02-05,42772.51,5.0,Active,2016-08-17T15:22:44
685,Practice Asset,Office Equipment,2022-01-12,58846.61,25.0,Disposed,2025-01-07T13:55:11
686,Strategy Asset,Office Equipment,2019-01-26,5062.68,30.0,Disposed,2016-10-14T06:08:26
687,Investment Asset,Tools,2019-09-27,64184.01,10.0,Active,2020-12-05T18:59:28
688,Television Asset,Tools,2016-04-01,76873.33,15.0,Retired,2017-03-30T03:23:42
689,Create Asset,Vehicles,2020-01-15,53018.68,20.0,Retired,2017-01-31T21:48:07
690,Class Asset,Furniture,2016-02-03,56339.86,25.0,Retired,2017-01-30T17:47:42
691,Million Asset,Tools,2016-09-04,52835.06,5.0,Retired,2017-07-18T23:16:38
692,Boy Asset,Office Equipment,2021-12-03,73794.29,5.0,Active,2018-05-18T22:30:04
693,Join Asset,Furniture,2023-09-27,53285.20,20.0,Disposed,2024-09-08T21:02:46
694,Cut Asset,IT Equipment,2022-03-15,6959.17,15.0,Active,2020-06-08T05:38:12
695,Cultural Asset,Office Equipment,2017-08-08,1711.86,30.0,Retired,2019-02-14T20:28:22
696,Night Asset,Vehicles,2018-09-22,61402.20,10.0,Retired,2023-01-09T20:26:48
697,Organization Asset,Tools,2017-05-10,61492.75,20.0,Disposed,2020-07-09T03:44:24
698,Administration Asset,Tools,2023-05-27,63070.23,25.0,Retired,2016-02-08T20:14:22
699,Similar Asset,Furniture,2018-08-09,41329.16,25.0,Disposed,2021-05-19T08:44:55
700,Mrs Asset,IT Equipment,2022-11-05,4116.10,20.0,Disposed,2017-09-13T00:30:32
701,Open Asset,Vehicles,2015-11-20,40280.27,5.0,Retired,2023-10-29T01:23:49
702,Sense Asset,IT Equipment,2025-04-02,20955.34,10.0,Retired,2016-07-26T03:27:25
703,Knowledge Asset,Tools,2020-12-17,69242.15,30.0,Retired,2019-05-10T19:54:09
704,Anyone Asset,Office Equipment,2021-10-26,53649.56,15.0,Disposed,2025-07-26T00:05:58
705,Agreement Asset,Furniture,2019-03-05,3459.33,25.0,Active,2019-11-14T16:15:22
706,Will Asset,Office Equipment,2022-10-14,7641.19,10.0,Active,2016-08-03T07:28:32
707,Of Asset,IT Equipment,2017-09-25,5858.75,15.0,Retired,2017-07-09T13:22:34
708,Dog Asset,Furniture,2018-06-28,4387.99,25.0,Active,2023-04-25T12:07:04
709,Relationship Asset,IT Equipment,2021-04-17,74478.19,30.0,Retired,2018-08-10T01:38:22
710,Just Asset,Tools,2021-04-08,24492.20,5.0,Disposed,2017-11-29T01:20:53
711,Last Asset,Vehicles,2019-08-09,60031.51,15.0,Retired,2022-10-20T14:38:16
712,Your Asset,IT Equipment,2022-04-07,54724.27,30.0,Disposed,2022-04-22T14:34:15
713,Capital Asset,Office Equipment,2018-07-01,73629.44,10.0,Active,2021-10-15T04:16:52
714,Score Asset,IT Equipment,2023-09-22,75294.57,5.0,Active,2021-11-13T05:38:50
715,Now Asset,Vehicles,2022-10-06,15779.40,30.0,Active,2019-06-29T17:16:12
716,Away Asset,Office Equipment,2018-02-09,21742.45,10.0,Retired,2024-06-10T17:19:50
717,Two Asset,Furniture,2016-09-04,6593.50,10.0,Disposed,2020-05-24T12:07:46
718,View Asset,Office Equipment,2024-03-27,77174.55,15.0,Retired,2025-02-09T17:04:01
719,Require Asset,Vehicles,2018-11-26,50135.77,25.0,Active,2023-03-25T15:07:30
720,Point Asset,Vehicles,2025-09-24,63723.75,25.0,Retired,2019-09-27T10:32:49
721,Control Asset,Office Equipment,2021-09-27,78808.60,30.0,Retired,2021-04-16T01:55:01
722,Growth Asset,Vehicles,2022-07-13,65860.10,5.0,Retired,2025-07-02T18:23:40
723,Shoulder Asset,Office Equipment,2024-01-09,78521.40,20.0,Active,2025-09-13T06:19:18
724,Music Asset,Furniture,2019-07-27,34702.22,20.0,Disposed,2019-08-12T22:09:51
725,Understand Asset,Furniture,2016-01-11,32836.64,20.0,Active,2024-06-20T12:09:04
726,Option Asset,Vehicles,2025-07-28,21831.25,15.0,Disposed,2016-03-10T14:07:15
727,As Asset,Furniture,2023-07-10,51362.28,25.0,Active,2019-02-26T11:33:29
728,Close Asset,Office Equipment,2022-05-14,42176.73,15.0,Disposed,2017-08-29T03:07:02
729,Have Asset,Furniture,2022-01-10,27307.33,30.0,Retired,2025-01-18T07:49:16
730,Art Asset,Furniture,2020-12-28,47708.85,5.0,Active,2017-09-08T14:39:39
731,War Asset,Office Equipment,2025-07-04,67390.57,10.0,Active,2023-10-01T00:06:46
732,Ten Asset,Furniture,2022-09-24,51323.26,20.0,Disposed,2018-06-26T18:15:39
733,People Asset,Vehicles,2024-05-31,32435.89,20.0,Active,2023-12-30T16:50:45
734,Agreement Asset,IT Equipment,2022-08-02,5681.24,25.0,Disposed,2018-07-30T19:50:23
735,Contain Asset,Vehicles,2016-02-23,65531.81,5.0,Disposed,2016-01-08T02:50:31
736,Collection Asset,IT Equipment,2016-01-14,49208.10,25.0,Active,2017-02-21T01:52:18
737,Your Asset,Furniture,2016-01-28,44338.60,10.0,Disposed,2017-06-21T02:36:04
738,Money Asset,Vehicles,2018-09-24,14414.97,15.0,Disposed,2021-04-13T22:01:12
739,Put Asset,Furniture,2017-10-03,65940.45,10.0,Retired,2021-02-22T22:39:20
740,Within Asset,Office Equipment,2022-07-06,9341.98,20.0,Disposed,2024-04-16T22:07:17
741,Simple Asset,IT Equipment,2022-09-28,55715.84,20.0,Retired,2015-12-06T17:48:52
742,Start Asset,IT Equipment,2017-05-12,25123.89,5.0,Active,2020-08-08T02:50:03
743,Maintain Asset,Tools,2018-04-07,12033.77,10.0,Active,2022-04-09T20:01:23
744,Large Asset,Furniture,2021-09-24,12333.58,10.0,Retired,2018-08-31T13:41:45
745,Wall Asset,Office Equipment,2025-06-27,40899.44,10.0,Retired,2020-12-08T15:36:18
746,Project Asset,Tools,2024-11-20,74004.90,20.0,Active,2019-11-16T14:37:39
747,Radio Asset,Office Equipment,2022-05-31,12065.99,5.0,Disposed,2022-08-22T02:06:50
748,Technology Asset,Office Equipment,2022-03-17,43769.11,10.0,Retired,2016-02-10T10:33:56
749,Address Asset,Vehicles,2020-01-19,30435.07,30.0,Retired,2019-03-24T10:02:36
750,Full Asset,Tools,2021-08-18,6151.43,10.0,Disposed,2022-01-18T16:21:16
751,Will Asset,Tools,2023-02-11,29962.16,15.0,Disposed,2016-05-26T16:25:58
752,Age Asset,Furniture,2018-04-07,46166.12,5.0,Disposed,2023-09-25T19:11:23
753,Soldier Asset,Office Equipment,2024-09-06,66685.43,20.0,Active,2024-07-03T03:46:15
754,Physical Asset,Tools,2024-01-14,42502.47,10.0,Disposed,2020-08-01T23:36:28
755,Tree Asset,Tools,2021-03-08,6509.24,20.0,Disposed,2022-12-12T15:28:51
756,Yourself Asset,IT Equipment,2023-09-15,71896.46,20.0,Retired,2024-01-05T15:32:56
757,Go Asset,Furniture,2023-02-04,7958.78,15.0,Retired,2020-07-04T12:42:32
758,Culture Asset,Office Equipment,2023-07-09,56304.98,30.0,Active,2017-07-22T15:33:08
759,Free Asset,Furniture,2016-07-26,8473.12,25.0,Retired,2018-04-05T09:13:04
760,End Asset,IT Equipment,2015-11-18,2228.73,5.0,Active,2023-09-21T05:47:26
761,Attention Asset,Furniture,2021-02-07,25134.04,10.0,Active,2022-04-06T07:43:41
762,Mouth Asset,IT Equipment,2025-02-16,5120.07,10.0,Retired,2020-09-23T22:37:37
763,View Asset,Furniture,2022-12-07,31540.22,5.0,Active,2018-10-09T01:27:20
764,Hour Asset,Furniture,2020-08-13,24804.83,20.0,Active,2018-09-12T21:13:25
765,Suddenly Asset,Office Equipment,2016-11-03,47465.36,15.0,Retired,2021-07-09T20:47:26
766,Professional Asset,Tools,2023-11-20,21639.08,5.0,Disposed,2021-02-02T14:30:31
767,Instead Asset,Vehicles,2016-08-30,10433.20,25.0,Disposed,2020-05-19T09:52:35
768,Anyone Asset,Office Equipment,2015-11-28,16684.06,15.0,Retired,2017-08-17T08:00:07
769,Large Asset,IT Equipment,2021-12-25,20917.27,5.0,Active,2017-07-13T16:13:20
770,She Asset,Tools,2020-06-07,20073.67,20.0,Retired,2023-02-25T10:24:59
771,Turn Asset,Vehicles,2022-01-07,31990.96,10.0,Retired,2018-10-23T00:26:51
772,Trouble Asset,IT Equipment,2017-12-30,28379.59,5.0,Active,2016-08-15T18:19:50
773,Player Asset,Office Equipment,2022-11-12,51780.73,5.0,Disposed,2018-07-05T18:05:57
774,Meeting Asset,IT Equipment,2017-09-04,23325.07,10.0,Active,2017-08-22T11:10:48
775,Front Asset,IT Equipment,2023-08-17,61782.01,10.0,Retired,2024-07-13T14:01:40
776,Significant Asset,Tools,2022-01-21,3662.16,20.0,Retired,2022-08-24T20:56:45
777,Arrive Asset,Office Equipment,2016-08-03,56041.07,20.0,Retired,2017-10-02T21:45:57
778,Matter Asset,Tools,2016-06-16,7068.58,5.0,Active,2016-12-04T23:48:36
779,Story Asset,Office Equipment,2017-02-26,45178.56,5.0,Disposed,2016-01-08T16:02:42
780,Do Asset,Tools,2025-07-19,77610.44,20.0,Disposed,2020-06-26T18:58:05
781,Career Asset,IT Equipment,2017-10-11,37890.10,25.0,Retired,2021-08-25T04:38:09
782,Worry Asset,Furniture,2020-06-03,65864.01,10.0,Retired,2021-11-11T09:48:54
783,Behind Asset,IT Equipment,2018-01-13,48787.46,25.0,Active,2021-02-04T06:53:30
784,Born Asset,Furniture,2023-06-21,13726.69,15.0,Active,2017-05-06T15:36:10
785,Enough Asset,Tools,2021-10-17,66056.86,30.0,Retired,2019-11-26T21:16:42
786,Bed Asset,Tools,2025-09-19,67459.70,10.0,Active,2025-02-13T12:40:56
787,School Asset,Vehicles,2017-09-24,4476.54,15.0,Retired,2023-03-02T08:22:29
788,Arrive Asset,Tools,2020-02-01,73791.24,20.0,Retired,2018-12-06T06:09:17
789,Both Asset,IT Equipment,2016-01-13,19392.31,15.0,Active,2021-11-11T09:32:36
790,Relate Asset,Vehicles,2016-11-24,413.83,10.0,Active,2023-07-27T12:39:19
791,Drug Asset,Furniture,2020-01-21,49651.94,5.0,Disposed,2019-11-27T09:00:07
792,Tax Asset,Furniture,2017-05-03,36586.02,30.0,Active,2017-02-21T02:15:15
793,Fact Asset,IT Equipment,2016-05-23,7034.37,10.0,Disposed,2020-12-05T00:17:02
794,Two Asset,IT Equipment,2024-03-16,44106.41,30.0,Retired,2023-05-09T09:24:30
795,Style Asset,IT Equipment,2020-11-07,36253.15,30.0,Disposed,2018-07-02T20:37:52
796,Plant Asset,Office Equipment,2015-12-14,43707.09,30.0,Disposed,2016-09-05T02:44:07
797,Inside Asset,Tools,2023-01-29,19808.51,30.0,Disposed,2018-02-22T12:09:16
798,Local Asset,IT Equipment,2022-01-18,7390.84,25.0,Disposed,2025-06-08T03:31:56
799,Everybody Asset,Furniture,2024-07-08,44078.91,15.0,Retired,2016-02-08T20:23:45
800,Watch Asset,IT Equipment,2017-10-11,29498.95,30.0,Retired,2018-04-18T18:22:48
801,Thank Asset,Furniture,2017-06-09,62891.81,5.0,Disposed,2016-11-08T05:54:16
802,Threat Asset,Furniture,2017-09-03,1973.92,15.0,Retired,2020-01-07T01:45:01
803,Activity Asset,Office Equipment,2019-11-30,72166.10,10.0,Disposed,2017-10-13T13:47:27
804,Add Asset,IT Equipment,2020-07-08,3993.78,25.0,Disposed,2021-09-15T20:22:29
805,Senior Asset,Office Equipment,2023-01-04,75801.91,25.0,Active,2019-10-06T13:15:52
806,Fly Asset,Office Equipment,2017-05-01,39985.34,10.0,Retired,2025-02-20T04:55:16
807,Medical Asset,Office Equipment,2021-06-04,300.62,20.0,Disposed,2022-06-29T20:27:40
808,Truth Asset,Vehicles,2024-06-10,72441.68,20.0,Active,2018-03-24T12:08:12
809,May Asset,Vehicles,2018-03-29,48283.09,10.0,Active,2025-03-26T18:51:05
810,Child Asset,Office Equipment,2019-12-11,1022.67,10.0,Disposed,2022-05-04T20:19:31
811,Movie Asset,Furniture,2023-04-23,25619.44,10.0,Active,2023-05-20T12:11:59
812,Nor Asset,Vehicles,2020-05-08,15702.79,25.0,Retired,2017-04-29T04:43:45
813,National Asset,Tools,2023-01-22,55381.02,10.0,Active,2024-02-05T06:15:26
814,Page Asset,Tools,2025-06-17,21225.13,25.0,Retired,2020-05-19T19:48:29
815,Their Asset,Office Equipment,2021-05-28,22127.78,20.0,Disposed,2022-10-15T04:59:13
816,Public Asset,Vehicles,2023-01-01,78294.24,5.0,Retired,2016-01-07T05:11:45
817,Down Asset,Vehicles,2023-06-17,24652.52,30.0,Retired,2022-07-21T13:08:20
818,Painting Asset,Tools,2022-06-27,37491.79,20.0,Active,2021-04-28T18:45:40
819,Chance Asset,IT Equipment,2024-07-24,63884.84,30.0,Disposed,2016-02-20T04:41:29
820,Idea Asset,Vehicles,2021-08-11,66079.27,5.0,Active,2017-11-29T19:17:20
821,Organization Asset,Tools,2025-03-19,2733.54,30.0,Active,2016-11-22T16:46:11
822,Technology Asset,Tools,2025-08-16,17800.01,25.0,Active,2019-11-10T18:51:32
823,Ten Asset,Furniture,2019-01-06,22034.12,25.0,Retired,2024-11-04T11:38:59
824,Imagine Asset,Furniture,2018-03-10,66742.61,25.0,Active,2019-04-25T17:14:25
825,Participant Asset,Vehicles,2020-06-05,73800.05,5.0,Disposed,2022-11-01T06:09:23
826,Score Asset,Furniture,2025-05-28,26772.69,5.0,Retired,2017-12-21T22:43:35
827,Benefit Asset,Office Equipment,2024-09-10,34186.74,20.0,Active,2021-09-16T15:50:05
828,Response Asset,Vehicles,2019-03-26,35136.27,5.0,Active,2018-06-24T22:12:02
829,Similar Asset,Furniture,2020-06-29,79320.00,20.0,Retired,2024-11-08T08:27:34
830,Fly Asset,Tools,2020-05-11,69962.19,30.0,Retired,2024-11-24T18:49:39
831,Science Asset,Furniture,2017-08-10,50434.48,30.0,Disposed,2021-03-06T21:10:10
832,Writer Asset,Tools,2024-05-26,78258.53,10.0,Active,2024-05-27T14:35:05
833,Play Asset,Office Equipment,2025-08-28,33601.12,15.0,Disposed,2016-10-19T07:16:55
834,Society Asset,Furniture,2022-01-18,60131.74,5.0,Retired,2022-06-02T19:40:24
835,Mean Asset,IT Equipment,2018-07-17,70912.45,30.0,Active,2019-02-02T20:05:37
836,Professional Asset,IT Equipment,2023-09-16,47887.15,15.0,Active,2022-09-19T09:08:25
837,During Asset,Office Equipment,2021-03-28,40908.75,30.0,Active,2019-07-21T19:37:11
838,Different Asset,Furniture,2021-04-18,57009.90,10.0,Retired,2021-03-12T00:32:19
839,Police Asset,IT Equipment,2018-12-02,36710.49,5.0,Disposed,2019-12-25T17:07:06
840,Will Asset,Vehicles,2023-05-12,22409.71,30.0,Retired,2019-03-10T12:50:58
841,Audience Asset,Office Equipment,2025-10-27,51937.27,10.0,Retired,2025-02-01T17:59:17
842,Wrong Asset,Furniture,2024-01-24,73084.94,20.0,Disposed,2016-09-20T20:23:50
843,Receive Asset,Vehicles,2017-02-16,76930.70,15.0,Active,2024-01-11T01:31:24
844,Money Asset,Vehicles,2016-01-24,60627.22,10.0,Disposed,2018-03-05T12:15:32
845,Style Asset,Vehicles,2015-12-08,35659.94,10.0,Active,2024-11-15T03:21:29
846,Need Asset,Vehicles,2016-08-31,689.01,30.0,Retired,2023-10-25T05:30:02
847,Girl Asset,Vehicles,2016-12-04,14961.52,5.0,Retired,2025-07-18T00:34:06
848,Tax Asset,Office Equipment,2023-08-02,43807.03,5.0,Disposed,2019-05-20T20:15:48
849,Language Asset,IT Equipment,2022-03-21,1013.72,15.0,Active,2021-07-30T18:15:46
850,Their Asset,Office Equipment,2019-12-16,23141.90,20.0,Active,2025-03-25T20:54:54
851,Through Asset,Vehicles,2021-08-08,40024.51,30.0,Disposed,2025-01-22T14:26:51
852,Poor Asset,Vehicles,2023-03-04,40045.75,20.0,Active,2020-06-14T12:30:46
853,His Asset,Furniture,2024-08-01,14135.91,10.0,Active,2018-04-15T14:04:01
854,Wind Asset,Office Equipment,2018-05-16,37439.66,10.0,Disposed,2020-12-20T14:43:19
855,Money Asset,IT Equipment,2018-07-17,21285.56,25.0,Disposed,2016-07-17T03:52:20
856,Cup Asset,Office Equipment,2021-10-04,22981.98,20.0,Retired,2019-01-30T05:22:48
857,Provide Asset,Vehicles,2020-03-26,51058.27,10.0,Retired,2016-12-22T13:27:00
858,Then Asset,Office Equipment,2017-12-12,45723.24,15.0,Disposed,2025-01-06T05:25:40
859,Card Asset,Office Equipment,2020-12-10,44732.42,30.0,Retired,2023-09-19T12:29:48
860,Husband Asset,Office Equipment,2021-09-13,46209.73,15.0,Retired,2022-10-14T22:54:03
861,Stay Asset,Tools,2025-09-19,44125.92,20.0,Disposed,2022-06-28T04:00:02
862,Always Asset,Tools,2017-04-02,20059.25,5.0,Active,2025-09-03T05:10:30
863,Wife Asset,IT Equipment,2016-02-09,297.24,30.0,Retired,2021-04-16T09:06:12
864,Trip Asset,IT Equipment,2018-01-25,4294.49,10.0,Active,2019-07-05T01:45:02
865,Which Asset,Office Equipment,2021-08-23,61421.76,30.0,Active,2024-06-14T22:57:21
866,Often Asset,Furniture,2015-11-10,45121.76,5.0,Disposed,2017-10-28T04:57:59
867,New Asset,Vehicles,2021-10-22,53733.85,15.0,Disposed,2020-12-21T09:49:45
868,Mrs Asset,Office Equipment,2025-10-27,66871.99,20.0,Disposed,2024-12-19T08:21:22
869,Born Asset,Office Equipment,2018-04-23,46467.27,20.0,Disposed,2023-11-12T11:12:13
870,Attorney Asset,Furniture,2018-11-27,53737.31,15.0,Retired,2018-06-14T06:35:02
871,Scene Asset,Furniture,2020-09-15,949.72,30.0,Active,2021-10-25T11:47:40
872,Could Asset,Furniture,2023-08-18,34145.33,10.0,Retired,2023-10-04T09:46:07
873,Newspaper Asset,Office Equipment,2021-01-31,6406.70,10.0,Disposed,2025-06-09T04:43:03
874,Oil Asset,IT Equipment,2019-07-29,46558.18,5.0,Active,2025-02-18T00:18:41
875,I Asset,Furniture,2020-03-16,58614.80,15.0,Disposed,2025-05-29T18:09:16
876,Three Asset,Tools,2018-06-08,66903.48,20.0,Disposed,2019-08-30T11:56:12
877,Trade Asset,Office Equipment,2022-10-17,79243.55,15.0,Active,2017-12-02T05:13:13
878,To Asset,Tools,2019-10-16,23148.43,15.0,Active,2016-04-20T15:26:02
879,Partner Asset,Furniture,2019-07-02,25660.41,15.0,Disposed,2023-02-13T16:36:07
880,Heart Asset,Office Equipment,2019-03-18,17870.00,5.0,Retired,2017-03-14T12:27:18
881,If Asset,Furniture,2020-12-01,70214.66,15.0,Retired,2017-08-24T15:11:54
882,Get Asset,Tools,2024-03-30,23706.84,15.0,Disposed,2018-07-06T02:28:28
883,Thought Asset,Furniture,2018-05-23,24605.49,25.0,Active,2022-02-16T03:37:36
884,Should Asset,Office Equipment,2017-05-09,53303.58,10.0,Active,2021-12-20T15:33:14
885,South Asset,Vehicles,2021-12-12,58461.50,15.0,Active,2017-07-01T12:50:20
886,Three Asset,Tools,2017-08-26,59117.65,30.0,Disposed,2021-09-09T17:10:47
887,Present Asset,Tools,2025-04-06,35115.26,20.0,Disposed,2024-03-31T16:27:05
888,Seek Asset,IT Equipment,2017-04-03,6028.56,30.0,Retired,2019-09-20T08:12:57
889,Share Asset,Office Equipment,2017-06-18,489.16,30.0,Disposed,2016-12-07T19:46:26
890,Rest Asset,Tools,2016-02-07,9082.36,25.0,Active,2015-11-05T23:21:17
891,Across Asset,Tools,2016-11-20,35325.46,25.0,Disposed,2024-11-13T15:23:32
892,When Asset,IT Equipment,2019-04-01,64890.46,20.0,Retired,2016-12-25T19:43:20
893,Occur Asset,Tools,2018-05-27,60420.80,5.0,Active,2024-09-24T14:07:04
894,See Asset,Office Equipment,2015-12-12,58442.92,30.0,Retired,2023-06-11T19:43:55
895,Really Asset,Tools,2024-02-23,3557.06,30.0,Active,2023-05-02T07:26:03
896,Seat Asset,Vehicles,2016-11-28,30181.82,20.0,Disposed,2018-10-28T20:24:29
897,Senior Asset,Tools,2021-07-02,11568.87,15.0,Disposed,2017-10-13T02:15:22
898,Relate Asset,IT Equipment,2020-10-31,58692.48,25.0,Active,2021-06-25T07:41:05
899,The Asset,Office Equipment,2023-07-21,10550.32,20.0,Retired,2021-04-25T12:32:14
900,Popular Asset,Tools,2020-06-09,36000.92,25.0,Retired,2021-12-22T10:34:37
901,Computer Asset,Furniture,2022-10-24,25712.34,10.0,Disposed,2016-08-20T23:00:20
902,Set Asset,IT Equipment,2022-10-14,29680.61,5.0,Retired,2016-11-14T04:04:31
903,Senior Asset,Furniture,2020-06-22,14896.13,30.0,Retired,2024-07-11T19:25:23
904,Culture Asset,Tools,2023-05-24,49314.91,30.0,Retired,2021-02-26T22:38:26
905,Recently Asset,Vehicles,2020-12-14,47398.91,15.0,Disposed,2016-03-31T23:49:57
906,Kid Asset,Vehicles,2024-06-07,2809.68,10.0,Active,2022-03-03T06:12:06
907,Him Asset,IT Equipment,2015-12-19,32417.78,15.0,Active,2024-05-05T22:14:38
908,Right Asset,Furniture,2016-07-07,68609.05,30.0,Retired,2019-03-24T03:39:41
909,Pull Asset,Office Equipment,2021-06-17,49943.45,30.0,Disposed,2022-05-26T13:33:52
910,Today Asset,Furniture,2023-06-11,55288.17,10.0,Disposed,2018-12-31T00:56:08
911,Factor Asset,Tools,2017-03-11,24512.93,30.0,Disposed,2020-02-02T08:12:43
912,Member Asset,Office Equipment,2024-07-31,40724.72,15.0,Retired,2018-01-08T23:50:05
913,Arm Asset,Furniture,2018-12-31,77020.40,15.0,Active,2018-03-18T18:10:36
914,Interesting Asset,Office Equipment,2018-03-30,37639.57,25.0,Disposed,2017-08-15T10:54:23
915,Spring Asset,Furniture,2025-08-02,28865.51,10.0,Disposed,2017-08-29T14:37:04
916,Sit Asset,Tools,2018-06-02,78655.43,25.0,Disposed,2023-02-12T15:18:52
917,Court Asset,IT Equipment,2020-02-03,42653.00,30.0,Disposed,2023-03-19T21:06:05
918,Gas Asset,IT Equipment,2022-06-28,49751.13,5.0,Retired,2021-04-04T21:18:21
919,Join Asset,Office Equipment,2018-10-11,40084.77,15.0,Retired,2019-11-24T00:11:44
920,Dog Asset,Office Equipment,2017-11-22,73554.83,25.0,Active,2024-02-12T15:21:54
921,Investment Asset,Tools,2024-04-05,46839.92,10.0,Retired,2017-04-08T23:38:17
922,Population Asset,Tools,2023-08-19,4184.78,25.0,Active,2021-08-31T19:16:33
923,Gun Asset,IT Equipment,2019-09-21,35536.89,25.0,Active,2017-07-20T08:20:42
924,Get Asset,IT Equipment,2024-05-17,72329.41,15.0,Active,2017-07-24T05:22:43
925,Not Asset,Furniture,2016-09-12,1939.59,15.0,Retired,2018-11-20T12:52:36
926,Decide Asset,Vehicles,2023-09-18,56504.11,5.0,Retired,2020-05-25T11:51:40
927,Trial Asset,Vehicles,2019-06-27,60060.22,25.0,Retired,2017-06-01T00:27:21
928,Manage Asset,Tools,2024-03-05,30848.92,30.0,Retired,2018-10-31T01:35:28
929,Else Asset,Office Equipment,2021-06-04,19981.29,30.0,Retired,2019-12-23T02:15:22
930,Term Asset,Tools,2025-01-27,75610.49,30.0,Retired,2016-02-28T23:05:01
931,Pull Asset,Tools,2021-08-03,29108.61,20.0,Active,2022-06-20T18:21:24
932,Again Asset,IT Equipment,2020-10-19,19207.89,30.0,Retired,2021-04-29T11:52:15
933,Site Asset,Vehicles,2024-12-21,63846.99,10.0,Retired,2017-05-05T10:28:35
934,Safe Asset,Office Equipment,2024-11-28,59669.90,15.0,Retired,2025-07-12T21:28:48
935,Very Asset,IT Equipment,2017-06-02,29749.64,30.0,Disposed,2025-03-27T12:37:38
936,Ahead Asset,IT Equipment,2019-09-16,76755.00,30.0,Retired,2017-12-30T21:17:19
937,Send Asset,Vehicles,2024-10-02,2630.81,30.0,Active,2016-03-23T20:18:52
938,Hold Asset,Vehicles,2024-02-02,286.91,30.0,Active,2019-06-24T13:34:36
939,Beyond Asset,IT Equipment,2018-08-04,20574.11,10.0,Retired,2018-02-05T11:25:56
940,Let Asset,Tools,2016-01-22,75430.45,25.0,Retired,2023-10-08T18:03:37
941,Chair Asset,IT Equipment,2025-04-28,23389.90,30.0,Retired,2022-06-12T21:13:55
942,But Asset,IT Equipment,2020-08-20,10954.05,10.0,Retired,2024-12-12T08:22:04
943,Structure Asset,IT Equipment,2019-04-29,49762.56,30.0,Active,2021-11-01T16:22:54
944,Site Asset,IT Equipment,2018-07-10,8453.13,25.0,Disposed,2021-03-28T11:39:17
945,Cause Asset,Office Equipment,2023-01-01,26915.28,20.0,Active,2016-11-11T06:08:35
946,Likely Asset,Furniture,2020-07-22,11218.98,30.0,Active,2018-07-18T04:10:53
947,Reflect Asset,Furniture,2018-12-25,3264.02,30.0,Retired,2020-11-08T11:46:06
948,Course Asset,IT Equipment,2024-06-26,10384.39,25.0,Active,2017-08-05T17:51:08
949,The Asset,Furniture,2024-02-13,46463.72,20.0,Active,2019-04-24T02:48:33
950,Stock Asset,Office Equipment,2018-08-27,3688.12,20.0,Active,2016-12-03T14:36:00
951,Industry Asset,Tools,2022-06-24,69256.87,10.0,Active,2020-11-22T16:06:30
952,Sit Asset,IT Equipment,2024-06-01,935.87,25.0,Disposed,2020-01-04T13:34:42
953,Power Asset,Office Equipment,2017-09-19,78374.88,15.0,Active,2023-06-05T01:23:05
954,Again Asset,Office Equipment,2022-10-17,73671.19,5.0,Active,2017-06-02T19:13:47
955,Same Asset,Vehicles,2021-12-15,29187.20,5.0,Disposed,2020-03-09T22:00:43
956,Response Asset,Tools,2025-05-06,40801.41,25.0,Active,2016-10-31T13:30:45
957,Beautiful Asset,Office Equipment,2020-03-28,59790.66,20.0,Retired,2018-11-26T23:57:34
958,Generation Asset,Office Equipment,2018-11-02,45157.23,20.0,Disposed,2017-08-21T05:38:00
959,Carry Asset,Tools,2021-10-12,73491.26,25.0,Active,2021-08-21T02:16:52
960,Sound Asset,Furniture,2020-04-24,55968.02,30.0,Disposed,2017-02-05T14:12:05
961,Hotel Asset,Tools,2022-08-05,50640.10,5.0,Retired,2017-02-03T10:36:37
962,Take Asset,IT Equipment,2021-03-01,32873.19,30.0,Retired,2019-12-15T08:01:33
963,Test Asset,Furniture,2022-01-25,30587.81,30.0,Disposed,2016-07-16T07:15:15
964,Mean Asset,Vehicles,2015-12-03,14778.58,20.0,Active,2018-10-16T10:56:12
965,He Asset,IT Equipment,2024-02-29,41057.44,10.0,Disposed,2022-03-19T11:03:45
966,Authority Asset,Furniture,2018-08-22,40299.63,30.0,Retired,2021-12-03T04:19:14
967,Role Asset,Furniture,2025-01-07,43468.02,10.0,Retired,2022-06-21T03:51:44
968,Method Asset,Office Equipment,2022-11-06,41596.80,15.0,Disposed,2024-02-20T09:58:56
969,War Asset,Office Equipment,2020-09-17,6945.92,20.0,Active,2018-01-24T03:33:17
970,Different Asset,Furniture,2020-11-29,17873.39,20.0,Retired,2020-02-23T00:44:15
971,Public Asset,Office Equipment,2023-11-21,55397.55,15.0,Retired,2024-04-02T09:59:13
972,Prove Asset,Vehicles,2023-11-18,23997.08,15.0,Retired,2024-07-05T10:06:16
973,Draw Asset,IT Equipment,2020-01-28,33073.30,25.0,Active,2025-05-09T17:08:52
974,Attack Asset,Vehicles,2023-03-09,9658.44,15.0,Active,2021-10-23T18:42:01
975,Most Asset,IT Equipment,2017-01-19,53572.74,15.0,Retired,2023-11-22T09:04:36
976,Wide Asset,Vehicles,2017-05-09,52507.91,25.0,Active,2019-07-12T20:29:11
977,White Asset,Vehicles,2018-03-09,12621.47,5.0,Retired,2022-12-01T03:07:57
978,Century Asset,Office Equipment,2018-02-10,23941.77,5.0,Active,2021-06-19T01:21:34
979,Human Asset,Furniture,2016-04-08,75641.30,5.0,Active,2024-12-28T09:50:31
980,Outside Asset,Office Equipment,2022-10-27,17941.81,5.0,Disposed,2024-08-17T06:00:37
981,Head Asset,Office Equipment,2015-11-12,42313.95,30.0,Active,2021-11-04T00:46:36
982,Us Asset,IT Equipment,2019-07-28,57522.59,20.0,Disposed,2022-12-12T04:11:37
983,Accept Asset,IT Equipment,2016-05-04,51649.87,30.0,Active,2018-04-23T22:42:57
984,Out Asset,Furniture,2017-10-25,74661.90,30.0,Retired,2018-12-05T01:59:00
985,Care Asset,IT Equipment,2023-09-22,54297.79,10.0,Retired,2023-07-08T17:34:14
986,Piece Asset,Furniture,2018-11-30,33302.34,10.0,Retired,2019-05-14T10:01:09
987,South Asset,Tools,2023-06-28,28996.71,25.0,Retired,2017-06-07T21:43:14
988,Sense Asset,Vehicles,2021-10-19,48719.91,15.0,Disposed,2019-11-29T07:58:22
989,Another Asset,IT Equipment,2024-06-03,16648.73,30.0,Active,2021-11-18T11:00:54
990,Prove Asset,Vehicles,2021-05-23,2102.32,10.0,Disposed,2021-02-07T19:40:27
991,Six Asset,Vehicles,2025-03-12,59398.58,30.0,Disposed,2017-05-13T02:41:59
992,Production Asset,Furniture,2020-05-16,41037.20,15.0,Disposed,2019-03-02T02:04:24
993,Right Asset,Furniture,2021-08-30,25811.47,10.0,Active,2023-09-01T04:58:08
994,Trip Asset,IT Equipment,2021-07-19,38126.50,20.0,Disposed,2022-08-29T19:20:09
995,Million Asset,Tools,2024-10-11,67099.50,5.0,Active,2021-06-30T08:38:23
996,Over Asset,Tools,2015-12-04,9043.34,5.0,Retired,2020-09-19T20:00:46
997,Two Asset,Tools,2022-08-28,77098.62,10.0,Disposed,2021-08-31T07:44:35
998,Recognize Asset,IT Equipment,2022-04-15,64340.61,5.0,Retired,2019-02-27T22:37:36
999,Huge Asset,Office Equipment,2017-12-31,64141.63,5.0,Retired,2024-08-01T01:28:07
1000,Three Asset,Furniture,2019-12-03,53339.50,5.0,Active,2023-04-19T04:40:04
1001,Board Asset,IT Equipment,2020-02-09,24155.68,10.0,Disposed,2022-03-10T12:24:36
1002,Door Asset,Tools,2019-03-14,4428.20,20.0,Disposed,2016-03-19T20:28:33
1003,Popular Asset,Vehicles,2020-03-03,22104.26,5.0,Active,2018-01-01T21:11:11
1004,Authority Asset,Furniture,2019-10-02,36759.65,10.0,Retired,2022-11-21T08:38:27
1005,Fill Asset,IT Equipment,2018-01-01,10506.75,5.0,Disposed,2019-06-30T21:52:59
1006,Group Asset,Tools,2017-09-13,74550.19,25.0,Active,2022-06-02T20:40:00
1007,Myself Asset,IT Equipment,2018-01-13,50720.47,30.0,Active,2015-12-03T00:42:59
1008,Police Asset,Tools,2015-12-18,21830.14,25.0,Disposed,2016-09-11T13:34:26
1009,Impact Asset,Vehicles,2020-10-11,66370.43,5.0,Active,2017-10-04T17:08:34
1010,Arrive Asset,Office Equipment,2025-10-25,71686.63,25.0,Retired,2024-09-15T05:26:28
1011,Many Asset,IT Equipment,2023-11-01,54761.62,5.0,Disposed,2016-06-07T00:46:20
1012,Role Asset,Furniture,2019-12-29,11468.33,15.0,Active,2016-04-13T03:13:26
1013,Ready Asset,Tools,2015-11-27,15541.26,5.0,Retired,2024-08-09T18:32:16
1014,I Asset,Office Equipment,2023-09-23,34619.66,5.0,Active,2023-12-02T23:12:02
1015,Break Asset,Furniture,2021-06-22,78758.56,5.0,Active,2017-08-18T20:06:50
1016,Total Asset,Office Equipment,2017-08-22,47389.24,20.0,Disposed,2025-03-20T10:48:41
1017,Piece Asset,Tools,2019-12-09,64018.18,30.0,Retired,2021-11-20T03:19:00
1018,Marriage Asset,Office Equipment,2020-05-19,72488.09,30.0,Active,2023-12-02T05:58:00
1019,Late Asset,Furniture,2018-03-30,44030.30,25.0,Disposed,2025-07-26T07:44:40
1020,Lose Asset,Office Equipment,2018-11-28,72916.44,20.0,Retired,2023-05-23T09:22:15
1021,Development Asset,Vehicles,2019-11-14,20974.79,30.0,Disposed,2017-10-14T16:43:37
1022,Bring Asset,Furniture,2018-03-08,14754.69,10.0,Active,2025-01-05T23:39:53
1023,Understand Asset,Furniture,2020-12-22,21310.31,30.0,Active,2024-01-15T05:48:18
1024,Change Asset,Vehicles,2022-04-18,36093.18,25.0,Active,2018-07-20T15:28:04
1025,Leave Asset,IT Equipment,2025-03-30,57600.19,15.0,Disposed,2024-07-01T00:21:29
1026,Manage Asset,Furniture,2023-07-14,77413.65,15.0,Active,2016-01-02T16:04:01
1027,Professional Asset,Vehicles,2023-07-07,49222.62,25.0,Retired,2019-11-21T01:38:32
1028,Operation Asset,IT Equipment,2020-12-02,58637.79,30.0,Active,2019-06-30T18:17:53
1029,Stay Asset,Furniture,2020-03-03,38442.30,25.0,Active,2020-04-07T03:48:43
1030,I Asset,Office Equipment,2024-12-01,20761.98,15.0,Active,2022-11-27T14:54:17
1031,Media Asset,IT Equipment,2018-11-17,38119.16,5.0,Active,2018-08-28T00:59:23
1032,Production Asset,Furniture,2017-08-26,37070.61,20.0,Active,2022-01-12T05:58:07
1033,Pick Asset,IT Equipment,2018-02-05,75011.42,30.0,Disposed,2022-10-05T08:44:34
1034,Social Asset,Furniture,2018-10-18,53367.35,25.0,Disposed,2019-02-18T12:12:07
1035,Want Asset,Furniture,2023-02-02,58109.86,25.0,Retired,2020-11-13T12:26:04
1036,Material Asset,Tools,2016-12-12,76159.07,20.0,Retired,2015-12-22T12:07:28
1037,Mention Asset,IT Equipment,2023-09-05,3849.47,30.0,Active,2019-09-28T08:11:36
1038,Start Asset,IT Equipment,2022-10-19,59421.40,10.0,Retired,2019-12-14T08:33:57
1039,Let Asset,Office Equipment,2024-10-14,41073.16,30.0,Active,2019-05-26T03:11:33
1040,Majority Asset,Furniture,2016-01-14,33728.94,15.0,Active,2018-07-07T23:07:38
1041,Important Asset,Tools,2017-04-04,30109.63,5.0,Disposed,2016-02-18T03:29:28
1042,Agent Asset,Vehicles,2017-02-26,76895.06,10.0,Disposed,2019-10-29T05:54:54
1043,Bad Asset,Office Equipment,2019-06-04,15831.83,10.0,Active,2020-10-26T03:54:53
1044,Adult Asset,Office Equipment,2016-10-02,26961.90,15.0,Active,2021-06-09T02:57:42
1045,Choice Asset,Vehicles,2022-05-14,17108.17,25.0,Disposed,2021-07-31T03:55:30
1046,Almost Asset,Vehicles,2019-07-31,75038.02,15.0,Disposed,2018-10-09T23:29:30
1047,Matter Asset,IT Equipment,2023-01-03,76951.14,15.0,Disposed,2016-12-27T16:47:32
1048,Hand Asset,IT Equipment,2018-10-11,43576.77,15.0,Active,2019-09-23T05:56:09
1049,Policy Asset,Furniture,2023-08-19,77053.02,25.0,Retired,2025-09-13T20:37:57
1050,Wrong Asset,Vehicles,2022-11-26,13156.49,5.0,Active,2019-03-26T22:58:15
1051,Environmental Asset,Tools,2020-10-20,46348.04,25.0,Disposed,2020-03-19T14:13:14
1052,Some Asset,Tools,2022-01-12,35558.02,25.0,Disposed,2016-02-22T00:56:56
1053,Left Asset,Tools,2017-03-21,26705.79,5.0,Active,2021-02-22T18:07:43
1054,Summer Asset,Vehicles,2025-10-02,42215.73,30.0,Disposed,2017-07-26T12:21:16
1055,Dinner Asset,IT Equipment,2018-03-03,8156.16,10.0,Active,2022-11-29T17:50:15
1056,Artist Asset,IT Equipment,2022-10-13,18562.89,5.0,Disposed,2025-01-14T02:22:59
1057,Seven Asset,Furniture,2016-12-22,2375.81,10.0,Retired,2019-07-28T09:38:58
1058,Sea Asset,Office Equipment,2021-01-22,45090.19,20.0,Active,2020-02-29T08:01:34
1059,Safe Asset,Vehicles,2023-03-14,32186.18,5.0,Retired,2021-09-03T14:00:44
1060,Professor Asset,Vehicles,2024-10-09,63309.86,25.0,Active,2024-05-07T09:43:21
1061,Fill Asset,Furniture,2017-12-28,48305.20,30.0,Retired,2025-09-23T23:06:10
1062,Trade Asset,Office Equipment,2018-10-18,63387.54,20.0,Disposed,2016-04-26T14:13:14
1063,Charge Asset,Furniture,2023-05-17,48581.48,30.0,Disposed,2024-07-31T06:39:26
1064,Product Asset,IT Equipment,2025-08-17,3880.05,10.0,Active,2021-07-31T16:25:28
1065,Society Asset,Tools,2024-06-01,61046.72,20.0,Disposed,2024-11-11T19:36:04
1066,Condition Asset,Tools,2021-02-13,73849.96,5.0,Retired,2015-11-11T10:15:01
1067,Environmental Asset,Office Equipment,2019-02-22,68581.03,5.0,Active,2016-01-24T21:13:16
1068,Reach Asset,Furniture,2024-10-18,78769.76,5.0,Disposed,2025-09-04T16:10:59
1069,Order Asset,Office Equipment,2022-01-31,46923.10,10.0,Retired,2023-07-11T03:39:29
1070,Defense Asset,Tools,2018-01-20,55403.41,30.0,Active,2023-11-11T02:00:39
1071,Soon Asset,IT Equipment,2020-09-11,14204.60,10.0,Disposed,2020-05-10T12:57:53
1072,Book Asset,IT Equipment,2019-04-19,63210.63,25.0,Disposed,2023-06-30T01:01:26
1073,Teach Asset,Furniture,2021-08-20,42392.35,5.0,Retired,2022-04-09T17:34:05
1074,Course Asset,Office Equipment,2020-12-16,61519.42,5.0,Retired,2025-06-18T00:11:10
1075,Place Asset,Office Equipment,2024-04-19,17577.21,5.0,Active,2016-10-03T02:08:37
1076,Company Asset,IT Equipment,2019-03-20,50122.30,20.0,Retired,2024-12-26T16:10:51
1077,Finally Asset,IT Equipment,2020-10-21,63114.25,5.0,Active,2020-10-03T21:40:29
1078,Decision Asset,IT Equipment,2021-06-25,4622.42,15.0,Active,2019-12-08T02:21:17
1079,Through Asset,Office Equipment,2019-06-20,15841.10,30.0,Retired,2021-11-15T02:18:16
1080,Agree Asset,Vehicles,2022-10-02,59564.82,20.0,Retired,2017-01-31T23:19:28
1081,Fish Asset,Vehicles,2015-11-09,74256.27,20.0,Retired,2023-03-23T16:05:02
1082,Test Asset,Office Equipment,2018-12-13,42619.11,25.0,Active,2023-04-16T15:25:42
1083,Nation Asset,Vehicles,2022-11-02,50857.41,10.0,Retired,2022-11-23T16:36:42
1084,Story Asset,Office Equipment,2025-03-19,14723.15,25.0,Active,2022-10-12T11:02:28
1085,Or Asset,Office Equipment,2023-03-02,62504.36,15.0,Disposed,2023-05-28T18:23:56
1086,Thank Asset,Furniture,2017-02-15,9201.35,25.0,Retired,2024-09-14T01:39:11
1087,Born Asset,Furniture,2024-10-30,25822.33,25.0,Retired,2022-01-04T13:36:37
1088,Call Asset,Office Equipment,2018-04-19,58607.44,10.0,Disposed,2025-09-29T23:16:41
1089,Life Asset,Tools,2024-06-04,75001.03,10.0,Disposed,2019-09-28T18:42:32
1090,Support Asset,IT Equipment,2021-06-24,6746.98,20.0,Active,2016-07-17T04:20:29
1091,Little Asset,Vehicles,2024-03-11,76352.48,25.0,Active,2023-10-19T17:21:02
1092,Various Asset,Office Equipment,2021-11-06,14490.36,10.0,Disposed,2022-06-23T12:15:09
1093,Phone Asset,IT Equipment,2022-04-26,5328.80,15.0,Active,2022-11-13T04:06:41
1094,Camera Asset,Furniture,2016-02-25,9669.14,25.0,Disposed,2025-06-12T02:39:39
1095,Plant Asset,Vehicles,2017-04-04,76771.38,10.0,Active,2025-08-04T07:43:27
1096,Maybe Asset,Furniture,2020-10-02,8987.74,15.0,Retired,2020-12-04T06:11:18
1097,Brother Asset,Furniture,2018-02-27,78204.77,10.0,Active,2019-05-19T12:32:41
1098,Describe Asset,IT Equipment,2017-04-18,75692.85,20.0,Active,2018-03-27T04:42:04
1099,Eight Asset,Office Equipment,2018-05-26,28444.76,30.0,Active,2024-07-11T01:45:41
1100,Card Asset,IT Equipment,2020-12-12,22059.74,30.0,Active,2018-04-24T00:09:17
1101,Eight Asset,Vehicles,2024-07-13,61317.48,30.0,Retired,2023-03-13T19:27:16
1102,Several Asset,Furniture,2018-05-01,52334.51,30.0,Disposed,2019-11-02T12:51:30
1103,Wall Asset,IT Equipment,2018-03-10,53697.44,10.0,Retired,2025-07-10T01:20:22
1104,Light Asset,Office Equipment,2024-10-23,691.58,10.0,Disposed,2024-05-28T11:54:33
1105,Fund Asset,Tools,2019-12-03,18046.69,15.0,Active,2020-09-16T14:50:17
1106,Firm Asset,IT Equipment,2018-09-27,3346.87,15.0,Retired,2020-08-03T22:24:23
1107,Long Asset,IT Equipment,2023-03-28,3157.53,25.0,Retired,2016-07-01T03:49:38
1108,Table Asset,Vehicles,2023-01-09,62776.32,25.0,Retired,2022-01-01T20:21:27
1109,Catch Asset,Tools,2025-06-17,55324.34,20.0,Retired,2018-05-07T17:49:55
1110,Result Asset,Office Equipment,2023-02-07,11192.83,10.0,Disposed,2016-01-26T02:15:27
1111,Man Asset,Vehicles,2024-05-04,56928.60,5.0,Active,2019-09-16T04:02:58
1112,Song Asset,Vehicles,2025-07-17,28571.35,10.0,Active,2016-02-04T06:18:18
1113,Tell Asset,Vehicles,2023-04-19,50576.01,15.0,Active,2022-07-30T16:57:28
1114,Foreign Asset,Office Equipment,2019-11-08,1134.84,15.0,Retired,2024-07-06T18:07:19
1115,Ready Asset,IT Equipment,2016-07-18,34752.62,30.0,Active,2021-06-18T06:43:44
1116,Face Asset,Tools,2016-09-09,37493.80,10.0,Disposed,2017-05-21T09:35:02
1117,Position Asset,IT Equipment,2023-07-28,32408.22,30.0,Retired,2021-12-19T06:53:47
1118,Nothing Asset,Tools,2019-02-16,17666.53,15.0,Disposed,2023-01-05T23:05:20
1119,Cup Asset,Furniture,2023-10-11,7024.48,15.0,Retired,2015-12-01T06:18:42
1120,Network Asset,Office Equipment,2021-11-01,43827.85,30.0,Disposed,2019-07-28T04:41:16
1121,Daughter Asset,Tools,2018-07-30,14968.64,20.0,Disposed,2016-08-19T01:13:34
1122,Opportunity Asset,Tools,2019-06-30,68504.67,30.0,Disposed,2021-03-01T01:59:10
1123,Speech Asset,Vehicles,2018-10-19,78197.66,20.0,Retired,2016-03-07T07:54:24
1124,Program Asset,Furniture,2021-10-07,1543.76,30.0,Retired,2017-10-10T16:29:54
1125,Course Asset,Office Equipment,2017-10-13,42613.33,10.0,Disposed,2024-07-03T18:31:15
1126,Scene Asset,Furniture,2021-09-13,6476.55,15.0,Active,2020-02-27T09:45:31
1127,Player Asset,IT Equipment,2018-03-15,15452.90,20.0,Active,2022-06-24T00:16:05
1128,Gun Asset,IT Equipment,2017-05-25,38980.93,15.0,Disposed,2016-12-16T22:11:43
1129,Million Asset,IT Equipment,2019-02-22,78202.98,20.0,Retired,2024-06-30T04:31:38
1130,Nation Asset,Office Equipment,2017-08-01,18101.95,10.0,Active,2021-10-23T04:54:14
1131,Rate Asset,Tools,2022-05-15,14461.54,10.0,Retired,2020-04-29T03:45:04
1132,Traditional Asset,Tools,2023-08-30,68005.44,20.0,Active,2023-03-07T06:45:21
1133,Tree Asset,Office Equipment,2025-10-20,53202.34,15.0,Active,2025-03-25T18:47:56
1134,Around Asset,IT Equipment,2022-10-03,38351.78,25.0,Retired,2023-01-12T15:53:06
1135,Key Asset,IT Equipment,2016-07-01,77870.14,20.0,Disposed,2021-11-12T03:01:49
1136,Moment Asset,Office Equipment,2025-08-25,36929.62,30.0,Retired,2020-10-27T09:00:26
1137,Say Asset,Furniture,2020-04-09,1909.59,25.0,Active,2022-05-17T13:47:40
1138,Figure Asset,Office Equipment,2017-04-16,37487.66,30.0,Retired,2022-12-31T08:00:11
1139,Grow Asset,Office Equipment,2025-06-16,79249.38,15.0,Retired,2017-12-09T23:49:25
1140,Challenge Asset,Tools,2022-11-02,34343.98,30.0,Retired,2025-04-19T07:10:14
1141,Action Asset,Vehicles,2020-10-24,44764.79,10.0,Active,2018-04-20T08:47:56
1142,Teacher Asset,Office Equipment,2022-11-21,11045.01,25.0,Active,2021-06-22T01:03:20
1143,Say Asset,IT Equipment,2022-06-30,49660.30,25.0,Disposed,2015-11-29T16:47:54
1144,Need Asset,Furniture,2016-12-17,79438.06,10.0,Active,2021-09-13T12:39:28
1145,Seven Asset,Office Equipment,2023-04-19,68104.98,15.0,Disposed,2021-05-30T10:34:46
1146,Onto Asset,Vehicles,2015-12-02,12031.56,10.0,Disposed,2016-08-20T02:43:51
1147,Arm Asset,Vehicles,2017-02-15,56889.14,20.0,Disposed,2018-12-21T18:43:42
1148,Space Asset,Furniture,2021-06-15,55495.98,30.0,Retired,2023-03-17T03:21:13
1149,Campaign Asset,Vehicles,2022-08-04,13169.49,25.0,Disposed,2025-05-25T21:29:33
1150,Within Asset,Tools,2019-09-19,78947.45,5.0,Disposed,2016-07-17T13:22:30
1151,Up Asset,Tools,2022-10-21,62924.91,10.0,Disposed,2023-11-24T07:08:57
1152,Short Asset,Office Equipment,2016-02-20,39565.30,25.0,Retired,2019-01-14T02:19:42
1153,Production Asset,Tools,2021-04-01,40570.71,25.0,Active,2017-08-29T02:55:32
1154,Cause Asset,Office Equipment,2020-10-22,20856.46,10.0,Disposed,2017-02-24T11:19:09
1155,As Asset,Tools,2023-02-13,3542.74,5.0,Disposed,2019-04-30T09:18:25
1156,Authority Asset,Office Equipment,2025-10-14,53958.42,25.0,Retired,2021-06-18T08:47:20
1157,Individual Asset,Office Equipment,2022-01-16,5941.93,20.0,Disposed,2022-02-23T20:15:00
1158,Lose Asset,IT Equipment,2019-03-19,55955.80,20.0,Active,2023-08-27T17:04:48
1159,Bring Asset,Office Equipment,2025-01-12,60748.67,25.0,Disposed,2020-08-01T08:21:46
1160,Thought Asset,Office Equipment,2022-11-21,45332.47,30.0,Retired,2016-12-15T16:18:59
1161,Issue Asset,IT Equipment,2018-11-30,29872.04,30.0,Retired,2018-01-27T19:38:13
1162,Certain Asset,Vehicles,2023-09-16,73886.46,20.0,Disposed,2020-09-11T13:10:33
1163,Go Asset,IT Equipment,2016-12-05,35368.17,20.0,Disposed,2025-05-26T05:53:42
1164,Resource Asset,Vehicles,2016-11-27,69386.79,10.0,Retired,2023-02-23T11:52:58
1165,Spend Asset,Office Equipment,2021-11-29,75565.09,5.0,Retired,2020-11-02T12:57:15
1166,Bill Asset,Tools,2019-06-10,67255.34,15.0,Disposed,2023-01-15T21:08:36
1167,College Asset,Furniture,2021-10-22,20067.36,15.0,Active,2016-10-22T13:03:01
1168,Forward Asset,IT Equipment,2020-08-29,26315.93,20.0,Active,2024-05-29T17:03:30
1169,I Asset,Office Equipment,2022-05-26,43045.27,15.0,Retired,2024-01-22T01:28:41
1170,Production Asset,Furniture,2016-04-10,26056.04,15.0,Retired,2017-03-14T20:44:51
1171,Then Asset,Office Equipment,2017-03-18,17225.90,25.0,Disposed,2016-07-29T19:57:59
1172,Tv Asset,Tools,2024-03-16,37554.21,25.0,Active,2016-05-29T05:19:06
1173,Door Asset,IT Equipment,2019-01-14,58818.48,5.0,Active,2016-05-05T21:04:44
1174,Collection Asset,Office Equipment,2019-09-29,31810.49,20.0,Active,2023-06-12T08:28:08
1175,Person Asset,Office Equipment,2019-03-14,54544.35,10.0,Disposed,2016-05-10T03:34:56
1176,Total Asset,Furniture,2018-02-15,58771.86,10.0,Retired,2018-11-01T15:15:06
1177,Since Asset,Furniture,2021-06-06,8952.56,5.0,Retired,2015-12-10T12:45:55
1178,Trade Asset,Vehicles,2024-12-24,353.01,15.0,Disposed,2023-10-27T07:18:42
1179,Thousand Asset,IT Equipment,2018-09-04,76368.01,25.0,Active,2020-03-20T18:44:28
1180,Thousand Asset,Tools,2019-04-04,51746.48,30.0,Retired,2021-10-20T07:11:23
1181,Shake Asset,IT Equipment,2018-12-11,31898.46,25.0,Active,2018-12-08T13:37:03
1182,Campaign Asset,Office Equipment,2016-09-24,23778.03,25.0,Disposed,2017-05-30T03:15:24
1183,Above Asset,IT Equipment,2024-08-12,56381.80,5.0,Active,2021-06-09T20:23:00
1184,Position Asset,IT Equipment,2021-07-03,67951.32,15.0,Disposed,2018-09-11T02:28:29
1185,Standard Asset,IT Equipment,2020-08-26,70307.95,5.0,Retired,2023-10-29T06:42:04
1186,Law Asset,Office Equipment,2016-10-14,63450.20,5.0,Retired,2016-06-22T21:30:28
1187,Who Asset,Furniture,2017-09-25,72167.08,25.0,Active,2024-01-10T09:43:35
1188,Interest Asset,Vehicles,2018-06-10,48123.17,25.0,Retired,2016-11-17T19:13:31
1189,At Asset,IT Equipment,2024-01-03,67147.08,15.0,Disposed,2019-03-03T06:18:52
1190,Into Asset,Tools,2022-05-12,15628.62,20.0,Active,2018-02-13T01:54:36
1191,Attention Asset,Vehicles,2023-12-23,38046.79,5.0,Active,2020-09-09T01:55:01
1192,Evidence Asset,Furniture,2018-06-09,5623.73,25.0,Active,2022-06-14T17:47:58
1193,Mouth Asset,Vehicles,2023-06-23,40373.42,30.0,Disposed,2017-04-14T03:06:12
1194,Suggest Asset,Furniture,2021-05-24,27356.81,10.0,Retired,2022-04-26T11:40:15
1195,Fight Asset,Furniture,2017-05-07,34200.44,25.0,Retired,2023-10-30T19:10:33
1196,Keep Asset,Office Equipment,2019-08-11,74510.63,10.0,Retired,2018-09-08T04:05:25
1197,Size Asset,Office Equipment,2021-12-26,20018.83,25.0,Disposed,2019-03-22T17:46:38
1198,Argue Asset,Furniture,2023-08-20,73700.29,25.0,Retired,2022-08-15T23:15:35
1199,Stage Asset,Office Equipment,2022-11-07,11042.46,15.0,Active,2020-11-26T14:36:25
1200,Apply Asset,IT Equipment,2018-08-14,75324.16,5.0,Disposed,2021-05-31T19:34:43
1201,Want Asset,IT Equipment,2019-10-31,33266.58,15.0,Disposed,2024-07-03T00:04:55
1202,Structure Asset,Tools,2025-05-01,69246.17,15.0,Disposed,2019-10-13T14:55:50
1203,Report Asset,Tools,2017-06-24,73787.39,30.0,Retired,2017-10-21T19:57:48
1204,Serious Asset,Vehicles,2021-01-08,73611.76,15.0,Disposed,2025-03-16T22:24:38
1205,Great Asset,Tools,2019-09-24,23547.73,15.0,Disposed,2016-04-22T15:01:54
1206,Moment Asset,IT Equipment,2016-02-21,26096.52,10.0,Retired,2020-12-12T18:19:57
1207,Safe Asset,Office Equipment,2018-01-28,62834.40,30.0,Disposed,2021-08-01T12:44:22
1208,Ready Asset,Office Equipment,2021-01-28,45051.24,5.0,Retired,2025-05-05T02:18:14
1209,Worry Asset,Tools,2017-12-07,50583.92,30.0,Active,2023-12-22T00:37:38
1210,Arrive Asset,IT Equipment,2020-08-17,56851.84,5.0,Active,2023-12-16T09:58:22
1211,Dream Asset,IT Equipment,2025-03-06,594.87,25.0,Disposed,2024-07-20T15:48:18
1212,Book Asset,Tools,2022-07-20,74006.13,30.0,Active,2020-02-12T23:57:40
1213,Natural Asset,Furniture,2017-08-24,45706.04,5.0,Retired,2019-10-05T00:25:05
1214,Say Asset,Tools,2025-08-17,62850.89,20.0,Active,2017-06-09T15:43:20
1215,Soon Asset,Vehicles,2022-10-22,39505.03,25.0,Active,2020-06-18T14:00:06
1216,Usually Asset,Furniture,2019-04-05,66009.14,20.0,Retired,2020-10-10T05:12:27
1217,Door Asset,Tools,2017-03-16,29949.26,30.0,Disposed,2017-03-08T19:07:31
1218,Appear Asset,Tools,2023-10-16,40748.77,30.0,Disposed,2019-10-10T20:00:19
1219,Surface Asset,Vehicles,2020-05-27,61320.09,30.0,Active,2018-03-28T14:50:14
1220,Training Asset,Vehicles,2019-09-02,46387.90,20.0,Disposed,2019-03-07T12:58:02
1221,Score Asset,Vehicles,2022-05-04,56491.32,10.0,Disposed,2020-12-30T06:37:04
1222,Degree Asset,Office Equipment,2025-05-02,66144.26,25.0,Retired,2023-08-21T11:38:56
1223,Moment Asset,IT Equipment,2021-11-28,39672.84,5.0,Retired,2024-08-23T21:40:30
1224,Production Asset,Tools,2018-03-20,50227.04,20.0,Retired,2020-02-07T07:18:29
1225,Discover Asset,Furniture,2024-01-18,24816.97,5.0,Active,2021-11-08T19:26:08
1226,Seem Asset,Tools,2020-01-27,32466.63,15.0,Disposed,2019-06-19T13:20:20
1227,Office Asset,IT Equipment,2023-04-20,33245.71,5.0,Retired,2018-03-04T20:07:05
1228,Door Asset,Vehicles,2019-11-01,60885.83,25.0,Disposed,2020-10-01T14:18:13
1229,Picture Asset,Office Equipment,2024-10-21,3670.31,15.0,Retired,2023-08-30T14:32:56
1230,Peace Asset,Tools,2016-03-07,44870.01,15.0,Retired,2017-09-21T22:54:25
1231,Kind Asset,Furniture,2025-01-19,54938.12,5.0,Active,2017-12-19T12:48:41
1232,Each Asset,Tools,2016-01-15,50329.56,10.0,Retired,2025-05-31T21:34:27
1233,Operation Asset,IT Equipment,2017-10-29,67194.56,10.0,Disposed,2016-06-22T16:04:40
1234,Share Asset,Furniture,2018-08-21,58566.37,10.0,Retired,2018-11-02T06:01:06
1235,Treat Asset,Office Equipment,2025-07-27,70660.31,5.0,Retired,2018-04-17T03:13:22
1236,Argue Asset,Office Equipment,2019-04-18,39946.43,5.0,Disposed,2016-11-17T15:29:30
1237,Movement Asset,Tools,2020-04-21,35662.74,15.0,Retired,2020-05-03T12:28:54
1238,Me Asset,Tools,2017-12-27,6578.85,20.0,Disposed,2016-06-14T12:42:14
1239,Few Asset,IT Equipment,2018-06-12,38587.49,10.0,Active,2023-09-06T19:11:29
1240,Pick Asset,Vehicles,2020-09-07,38366.96,15.0,Disposed,2016-12-14T04:21:54
1241,Role Asset,Tools,2023-11-14,39776.65,15.0,Active,2019-07-26T17:26:46
1242,Occur Asset,Vehicles,2017-04-13,59375.46,15.0,Active,2025-04-20T20:53:10
1243,Finally Asset,IT Equipment,2020-03-24,77031.47,25.0,Disposed,2020-01-28T13:36:44
1244,Future Asset,Office Equipment,2020-06-22,53618.03,20.0,Retired,2022-01-10T01:34:27
1245,Land Asset,Tools,2021-02-04,34286.51,5.0,Retired,2020-07-09T23:55:00
1246,Pretty Asset,Office Equipment,2025-06-02,22348.20,15.0,Retired,2025-08-04T09:29:26
1247,In Asset,Vehicles,2020-08-03,13939.49,10.0,Retired,2022-02-15T17:27:40
1248,Notice Asset,IT Equipment,2023-08-26,33355.69,30.0,Disposed,2017-04-25T20:49:25
1249,Boy Asset,Office Equipment,2018-12-23,15441.29,15.0,Retired,2020-01-14T23:16:59
1250,Detail Asset,Vehicles,2021-08-26,46808.64,20.0,Disposed,2025-02-23T11:50:50
1251,Yes Asset,Vehicles,2022-02-13,12637.41,5.0,Retired,2019-10-04T16:16:17
1252,Such Asset,Vehicles,2017-01-20,45947.83,25.0,Retired,2017-07-18T13:34:52
1253,Quite Asset,Tools,2023-02-14,69570.66,5.0,Disposed,2024-10-26T21:11:11
1254,Return Asset,Furniture,2021-06-12,50119.68,25.0,Disposed,2021-11-29T17:35:41
1255,Feel Asset,Office Equipment,2022-05-14,65170.57,25.0,Disposed,2016-11-21T09:21:06
1256,Technology Asset,IT Equipment,2016-08-10,44803.32,10.0,Retired,2021-04-26T13:31:34
1257,Camera Asset,Office Equipment,2020-12-07,48317.55,30.0,Disposed,2019-02-25T00:55:09
1258,Professor Asset,IT Equipment,2018-04-03,73886.38,25.0,Retired,2021-01-25T10:14:16
1259,Police Asset,IT Equipment,2023-03-15,56260.38,15.0,Retired,2017-12-10T18:02:23
1260,Something Asset,Furniture,2024-01-11,11155.79,20.0,Active,2021-03-07T02:34:29
1261,Performance Asset,Vehicles,2017-04-04,2729.92,10.0,Retired,2025-07-24T07:32:23
1262,Investment Asset,Office Equipment,2016-06-14,43099.75,30.0,Retired,2017-12-17T04:29:54
1263,News Asset,IT Equipment,2015-11-20,46979.72,30.0,Retired,2016-07-14T18:11:30
1264,Movement Asset,Vehicles,2017-01-18,3396.36,25.0,Retired,2022-03-04T06:53:55
1265,Power Asset,Vehicles,2020-03-22,51202.24,20.0,Retired,2019-11-29T01:57:19
1266,Sound Asset,Furniture,2023-06-04,56805.12,20.0,Disposed,2017-10-09T19:19:01
1267,Provide Asset,IT Equipment,2021-11-10,26652.33,30.0,Retired,2019-11-25T03:45:39
1268,Significant Asset,IT Equipment,2017-10-04,63502.81,25.0,Disposed,2017-01-09T06:24:48
1269,Such Asset,Furniture,2024-04-14,9470.12,30.0,Disposed,2024-12-20T16:36:56
1270,Give Asset,IT Equipment,2019-11-17,34960.76,15.0,Retired,2022-02-11T05:07:01
1271,Measure Asset,IT Equipment,2024-09-11,37731.62,10.0,Active,2017-05-20T09:34:05
1272,Hard Asset,Tools,2023-02-16,2388.29,10.0,Disposed,2023-08-11T02:55:26
1273,Word Asset,Tools,2018-10-12,38320.24,15.0,Active,2018-09-10T21:26:23
1274,Within Asset,Furniture,2017-01-22,55532.92,30.0,Retired,2020-07-09T18:33:52
1275,Reason Asset,Office Equipment,2021-10-04,76668.43,20.0,Disposed,2025-10-27T09:42:15
1276,Style Asset,Office Equipment,2018-05-21,15371.91,15.0,Disposed,2021-04-15T21:26:32
1277,Interest Asset,IT Equipment,2019-04-24,39878.87,20.0,Active,2018-10-24T06:27:53
1278,Bring Asset,IT Equipment,2016-06-05,44345.71,10.0,Active,2017-01-29T07:44:25
1279,Finally Asset,IT Equipment,2020-07-19,74799.90,5.0,Retired,2017-05-01T17:00:08
1280,Source Asset,Vehicles,2021-04-24,18559.19,30.0,Active,2016-01-29T03:19:04
1281,Choice Asset,Vehicles,2019-12-04,10099.25,30.0,Disposed,2018-09-19T21:57:09
1282,Tonight Asset,IT Equipment,2022-06-13,1748.80,5.0,Disposed,2022-01-15T02:21:35
1283,A Asset,Office Equipment,2023-10-30,48653.78,15.0,Active,2025-06-04T18:18:17
1284,Remain Asset,Tools,2018-08-30,51090.05,20.0,Retired,2024-12-18T06:26:49
1285,Than Asset,Tools,2016-03-18,28403.20,10.0,Active,2024-09-03T10:17:47
1286,Remain Asset,Office Equipment,2020-11-26,33047.14,5.0,Retired,2021-10-08T07:57:37
1287,Service Asset,Furniture,2022-07-09,71043.99,10.0,Retired,2022-08-18T08:16:15
1288,Office Asset,Office Equipment,2019-08-16,9056.42,15.0,Active,2025-08-27T04:27:08
1289,Force Asset,Vehicles,2024-02-03,14698.03,25.0,Retired,2018-08-30T23:46:58
1290,Age Asset,Furniture,2024-03-25,64480.95,10.0,Disposed,2025-06-06T09:18:37
1291,Music Asset,IT Equipment,2025-07-20,49985.36,25.0,Retired,2018-11-03T18:08:00
1292,Finish Asset,Furniture,2024-11-10,6444.00,30.0,Disposed,2018-09-05T11:08:16
1293,Through Asset,IT Equipment,2017-11-16,11926.73,25.0,Active,2017-05-01T17:56:35
1294,Themselves Asset,Vehicles,2020-06-07,45064.30,25.0,Retired,2019-09-25T07:24:23
1295,Control Asset,Vehicles,2023-08-20,38047.46,10.0,Active,2022-08-11T08:27:31
1296,Lot Asset,IT Equipment,2018-09-29,40935.89,30.0,Disposed,2021-08-22T03:10:15
1297,Form Asset,IT Equipment,2019-04-19,44412.62,30.0,Retired,2019-07-30T10:48:35
1298,Base Asset,IT Equipment,2018-04-09,56250.79,15.0,Disposed,2024-09-25T20:49:37
1299,Heavy Asset,Vehicles,2022-07-14,2715.31,25.0,Disposed,2015-12-11T18:17:12
1300,Situation Asset,Furniture,2020-07-27,13286.33,30.0,Active,2016-09-07T14:50:45
1301,Education Asset,Office Equipment,2024-04-09,40047.71,20.0,Disposed,2024-10-25T12:53:09
1302,Away Asset,IT Equipment,2024-05-22,43853.09,5.0,Retired,2019-01-30T02:52:14
1303,Brother Asset,IT Equipment,2017-04-06,10043.76,25.0,Disposed,2021-12-22T02:12:36
1304,Room Asset,Vehicles,2017-08-03,26452.30,20.0,Disposed,2018-01-21T18:14:26
1305,Since Asset,Tools,2023-10-02,51610.17,10.0,Active,2018-07-18T00:55:38
1306,Medical Asset,IT Equipment,2024-08-19,73870.37,15.0,Disposed,2023-11-26T09:27:43
1307,Trip Asset,Office Equipment,2018-06-21,29257.71,30.0,Disposed,2021-09-19T01:43:34
1308,Who Asset,Furniture,2020-10-30,68253.91,30.0,Disposed,2024-04-12T10:48:26
1309,Listen Asset,Furniture,2018-09-04,70767.15,5.0,Retired,2017-07-16T09:24:35
1310,His Asset,Furniture,2023-08-11,76120.11,20.0,Active,2018-10-26T02:44:25
1311,Claim Asset,Office Equipment,2022-02-21,59401.58,5.0,Active,2019-03-17T06:07:41
1312,Human Asset,Office Equipment,2022-02-15,9713.42,30.0,Retired,2018-03-18T16:02:34
1313,Environmental Asset,Tools,2017-02-23,27081.52,10.0,Disposed,2018-04-19T07:44:01
1314,Center Asset,Vehicles,2020-01-28,61526.54,25.0,Active,2025-06-01T13:05:35
1315,Foreign Asset,IT Equipment,2024-01-08,54354.79,15.0,Retired,2019-01-24T15:50:02
1316,Tend Asset,Office Equipment,2015-12-14,52576.43,30.0,Disposed,2021-05-22T09:54:27
1317,Last Asset,IT Equipment,2025-01-26,36034.85,25.0,Disposed,2022-05-31T11:38:15
1318,War Asset,Tools,2021-12-11,49947.89,20.0,Active,2024-04-25T17:24:33
1319,Detail Asset,Furniture,2019-08-31,39427.29,5.0,Disposed,2017-05-10T17:29:26
1320,Manager Asset,Tools,2016-10-16,74856.80,25.0,Active,2021-10-25T19:08:53
1321,Conference Asset,Vehicles,2021-08-20,14457.13,10.0,Active,2022-04-30T12:06:08
1322,Clear Asset,IT Equipment,2016-11-25,11090.17,15.0,Active,2016-06-22T05:17:08
1323,Director Asset,Vehicles,2019-05-09,21573.16,25.0,Retired,2023-03-21T21:55:10
1324,General Asset,IT Equipment,2025-05-19,36645.78,30.0,Active,2025-05-20T13:45:54
1325,Question Asset,Tools,2018-03-02,18916.24,10.0,Retired,2018-09-30T07:00:38
1326,Same Asset,Furniture,2017-07-19,79733.36,20.0,Retired,2016-05-16T21:49:19
1327,Investment Asset,Tools,2019-07-09,7470.99,15.0,Active,2021-06-18T13:44:32
1328,Key Asset,Furniture,2025-08-01,24533.00,25.0,Retired,2022-11-11T09:42:39
1329,Still Asset,Furniture,2016-07-04,18054.48,5.0,Active,2024-03-03T12:01:38
1330,Wonder Asset,Furniture,2018-12-01,1062.59,20.0,Active,2023-12-16T14:26:17
1331,Laugh Asset,Office Equipment,2024-05-05,46279.18,25.0,Retired,2019-07-13T16:28:53
1332,Huge Asset,IT Equipment,2021-12-17,66616.34,20.0,Disposed,2016-01-08T05:13:34
1333,Wear Asset,Office Equipment,2019-11-14,62177.98,15.0,Retired,2023-01-05T22:04:38
1334,Its Asset,Furniture,2020-07-30,53174.13,20.0,Disposed,2017-04-13T17:47:33
1335,Not Asset,Vehicles,2022-06-28,9531.83,15.0,Active,2021-01-01T15:36:47
1336,Sit Asset,Vehicles,2023-03-31,53968.85,30.0,Disposed,2016-06-24T22:44:28
1337,Enough Asset,Vehicles,2018-11-28,49394.19,10.0,Active,2025-07-10T22:04:32
1338,Attention Asset,Vehicles,2020-02-29,58513.67,25.0,Retired,2017-09-10T19:18:26
1339,Material Asset,Furniture,2021-04-14,62349.20,25.0,Active,2025-05-08T06:53:23
1340,Region Asset,IT Equipment,2022-06-24,3999.26,5.0,Retired,2025-03-11T13:54:39
1341,Approach Asset,Furniture,2021-05-18,9249.36,20.0,Disposed,2023-09-03T06:47:10
1342,Rise Asset,Furniture,2023-12-10,16849.57,25.0,Disposed,2017-04-19T06:13:49
1343,Few Asset,Office Equipment,2017-08-29,34458.17,25.0,Disposed,2016-09-25T23:26:01
1344,Sea Asset,IT Equipment,2024-09-18,63475.14,5.0,Disposed,2020-03-12T18:21:27
1345,Full Asset,Tools,2023-06-18,67840.54,25.0,Retired,2021-06-02T07:48:14
1346,Treatment Asset,Vehicles,2022-06-25,21093.93,30.0,Active,2017-10-06T12:33:35
1347,Citizen Asset,Tools,2016-12-21,3841.91,15.0,Retired,2022-04-30T07:30:55
1348,Much Asset,IT Equipment,2017-08-04,70856.34,20.0,Active,2024-06-17T18:05:39
1349,Fire Asset,Vehicles,2017-07-13,59078.20,30.0,Retired,2025-09-25T17:35:35
1350,Certainly Asset,Vehicles,2020-10-31,4735.30,20.0,Active,2018-03-07T03:19:59
1351,Million Asset,Office Equipment,2024-06-20,59985.07,20.0,Active,2020-10-08T19:38:41
1352,Director Asset,Vehicles,2021-08-08,68415.06,10.0,Retired,2017-01-19T20:12:15
1353,Member Asset,IT Equipment,2021-11-10,46428.86,5.0,Retired,2018-11-12T11:11:39
1354,Price Asset,Office Equipment,2021-09-16,12831.07,30.0,Disposed,2017-10-13T11:26:11
1355,Blood Asset,Tools,2016-01-11,20103.96,15.0,Disposed,2025-10-19T20:30:14
1356,Rich Asset,Vehicles,2020-08-24,7515.82,30.0,Retired,2021-10-24T12:39:03
1357,Important Asset,IT Equipment,2022-06-06,23137.55,20.0,Disposed,2017-02-22T14:11:21
1358,Tv Asset,IT Equipment,2020-06-11,49959.10,10.0,Active,2021-12-22T11:36:03
1359,Try Asset,IT Equipment,2020-10-10,70984.04,20.0,Retired,2015-12-19T01:17:40
1360,Suggest Asset,Vehicles,2024-09-14,70092.76,30.0,Active,2018-09-22T19:42:31
1361,Accept Asset,Tools,2025-07-04,11793.78,20.0,Retired,2024-10-18T02:56:38
1362,Center Asset,IT Equipment,2021-02-03,74101.15,15.0,Active,2022-06-26T12:05:51
1363,Amount Asset,Vehicles,2020-04-18,71732.60,30.0,Disposed,2024-09-04T20:11:18
1364,Talk Asset,Vehicles,2024-07-16,66062.60,15.0,Disposed,2018-02-23T10:55:57
1365,Argue Asset,Office Equipment,2025-07-13,64646.23,30.0,Disposed,2025-04-20T00:49:50
1366,Recognize Asset,IT Equipment,2019-07-21,11206.25,15.0,Retired,2019-11-08T21:11:36
1367,Protect Asset,Furniture,2018-11-07,49909.01,30.0,Disposed,2023-02-18T09:02:11
1368,Anyone Asset,Office Equipment,2021-02-26,41035.97,10.0,Disposed,2021-02-01T21:28:12
1369,Fire Asset,Furniture,2025-03-23,12429.41,5.0,Active,2024-11-09T11:30:10
1370,Discover Asset,Tools,2023-09-22,47861.44,20.0,Retired,2023-02-05T06:15:49
1371,Citizen Asset,IT Equipment,2018-07-02,37166.74,25.0,Disposed,2021-08-10T17:04:42
1372,Some Asset,Tools,2016-11-02,25846.01,15.0,Active,2021-07-09T13:16:12
1373,Fish Asset,Tools,2020-01-31,76044.99,15.0,Disposed,2022-07-21T13:56:55
1374,Movement Asset,Office Equipment,2023-07-09,18465.80,15.0,Retired,2022-08-31T02:08:49
1375,Kitchen Asset,Vehicles,2023-12-14,22181.64,10.0,Active,2022-08-07T09:36:56
1376,Local Asset,Tools,2021-06-09,59258.02,10.0,Active,2024-06-08T18:06:21
1377,Book Asset,Office Equipment,2025-07-18,32884.32,5.0,Active,2019-04-16T10:01:57
1378,Lay Asset,IT Equipment,2018-07-09,4687.53,30.0,Retired,2022-11-06T22:27:59
1379,Push Asset,Office Equipment,2020-12-23,47599.80,20.0,Disposed,2018-07-09T22:52:39
1380,Main Asset,Tools,2020-02-05,59628.04,15.0,Active,2016-12-10T16:28:25
1381,Can Asset,Vehicles,2023-09-17,73132.93,30.0,Active,2018-04-19T03:52:34
1382,Cup Asset,Office Equipment,2017-03-16,8388.62,10.0,Retired,2024-08-12T11:37:50
1383,Personal Asset,Vehicles,2016-06-16,33137.34,10.0,Disposed,2023-09-27T08:40:47
1384,Movie Asset,Tools,2017-04-24,58725.32,25.0,Disposed,2019-04-24T06:48:35
1385,Ball Asset,Vehicles,2016-06-16,30100.15,5.0,Disposed,2018-05-17T09:29:45
1386,Help Asset,Office Equipment,2021-12-17,33021.33,30.0,Retired,2019-07-29T11:11:51
1387,Sit Asset,Office Equipment,2019-02-18,55344.72,20.0,Active,2019-11-16T18:50:48
1388,Skill Asset,Vehicles,2016-10-31,27977.25,20.0,Active,2017-12-30T15:22:18
1389,Though Asset,Tools,2022-06-17,39456.58,25.0,Disposed,2024-07-23T04:31:41
1390,State Asset,Tools,2017-11-06,30133.96,15.0,Active,2016-04-28T16:29:48
1391,Democratic Asset,Furniture,2022-12-12,74976.50,20.0,Disposed,2017-03-28T07:26:02
1392,People Asset,Office Equipment,2018-01-31,37421.87,5.0,Retired,2018-05-06T01:59:23
1393,Issue Asset,Furniture,2023-07-14,77130.53,25.0,Retired,2019-05-04T05:17:20
1394,Past Asset,Tools,2017-03-10,7753.56,5.0,Active,2024-08-19T03:41:51
1395,Really Asset,Vehicles,2019-11-10,10437.89,25.0,Disposed,2021-02-07T18:04:52
1396,Center Asset,Furniture,2019-05-01,30137.66,20.0,Active,2016-11-01T02:48:37
1397,Second Asset,Vehicles,2020-05-15,6397.95,25.0,Disposed,2015-12-17T13:45:22
1398,Staff Asset,Tools,2024-04-08,38147.71,25.0,Active,2023-01-05T05:59:39
1399,World Asset,Vehicles,2020-03-25,79093.22,30.0,Retired,2019-05-23T21:17:57
1400,Center Asset,Furniture,2018-09-13,55991.95,5.0,Retired,2023-08-22T17:05:13
1401,Same Asset,Vehicles,2016-03-10,44301.75,10.0,Active,2019-08-12T01:12:20
1402,Write Asset,Furniture,2025-08-30,48364.35,5.0,Active,2020-11-06T08:17:12
1403,Thought Asset,IT Equipment,2016-09-08,62627.11,10.0,Disposed,2022-08-22T05:06:27
1404,White Asset,Furniture,2017-09-10,5712.17,15.0,Active,2020-03-19T19:20:02
1405,Piece Asset,Vehicles,2018-08-24,69967.44,10.0,Active,2018-01-27T23:45:24
1406,Wall Asset,Furniture,2024-08-08,46885.49,5.0,Disposed,2025-09-29T06:26:26
1407,His Asset,Furniture,2023-11-18,73748.39,10.0,Retired,2020-07-07T15:33:47
1408,Culture Asset,Vehicles,2017-08-03,39854.32,10.0,Retired,2022-04-21T12:33:52
1409,Poor Asset,Office Equipment,2017-09-18,12900.51,25.0,Disposed,2019-02-28T20:57:04
1410,Power Asset,Furniture,2024-07-19,3892.99,10.0,Active,2016-09-06T16:58:49
1411,Live Asset,Tools,2022-03-21,8910.50,10.0,Disposed,2017-03-03T17:58:40
1412,Clearly Asset,Office Equipment,2017-04-21,65971.11,5.0,Retired,2023-06-03T18:42:10
1413,Write Asset,Office Equipment,2016-04-21,79201.26,30.0,Retired,2023-05-09T15:46:05
1414,Including Asset,Tools,2020-05-06,75207.46,25.0,Disposed,2017-10-12T01:30:50
1415,Region Asset,Vehicles,2017-10-22,20512.30,25.0,Active,2024-06-16T05:06:20
1416,Find Asset,Vehicles,2022-07-05,15787.88,5.0,Retired,2016-08-05T08:16:04
1417,Bring Asset,Office Equipment,2024-03-06,66929.02,30.0,Retired,2018-11-06T06:07:46
1418,Different Asset,Tools,2023-06-30,37676.46,15.0,Active,2025-04-16T02:26:49
1419,Effort Asset,Office Equipment,2020-12-04,11499.05,5.0,Active,2020-04-20T13:02:27
1420,Fear Asset,IT Equipment,2024-09-15,78987.66,20.0,Retired,2023-02-28T02:09:26
1421,Air Asset,Office Equipment,2017-04-25,54244.47,30.0,Disposed,2023-08-07T04:44:08
1422,Guy Asset,IT Equipment,2023-01-09,63569.09,5.0,Retired,2016-09-19T03:03:45
1423,Anything Asset,Office Equipment,2016-04-12,39166.40,25.0,Active,2016-02-02T02:02:29
1424,Break Asset,Furniture,2017-03-01,62730.44,25.0,Retired,2016-03-20T23:06:15
1425,Media Asset,Furniture,2017-03-18,9065.05,10.0,Retired,2020-03-07T18:58:34
1426,Art Asset,Office Equipment,2016-10-13,49285.21,25.0,Retired,2022-03-17T21:00:05
1427,Tough Asset,Furniture,2018-01-12,70145.42,20.0,Active,2016-12-03T22:24:38
1428,Night Asset,Office Equipment,2021-12-29,29399.15,30.0,Retired,2017-02-06T05:44:37
1429,And Asset,Office Equipment,2020-07-16,54734.27,30.0,Retired,2017-02-21T05:41:33
1430,Writer Asset,Office Equipment,2020-11-19,31298.94,15.0,Disposed,2016-12-09T12:11:22
1431,Financial Asset,Vehicles,2017-02-19,15199.92,25.0,Disposed,2022-01-27T20:06:14
1432,Shoulder Asset,Vehicles,2023-08-13,25632.05,20.0,Disposed,2023-06-20T06:41:38
1433,Magazine Asset,IT Equipment,2017-06-14,69364.98,30.0,Disposed,2021-09-09T04:58:53
1434,Democrat Asset,IT Equipment,2017-12-30,33326.97,10.0,Active,2021-05-05T07:21:24
1435,Blood Asset,Vehicles,2025-10-30,47566.54,25.0,Retired,2024-02-11T04:11:04
1436,Face Asset,IT Equipment,2021-10-06,19135.69,5.0,Active,2018-03-21T07:24:59
1437,Heart Asset,Office Equipment,2019-01-28,49234.67,20.0,Disposed,2016-10-01T13:59:28
1438,Great Asset,IT Equipment,2022-07-18,68893.85,20.0,Active,2023-10-18T23:23:55
1439,Real Asset,Office Equipment,2022-01-23,7033.64,10.0,Retired,2017-04-11T11:26:03
1440,Executive Asset,Tools,2015-11-15,58633.67,10.0,Active,2017-07-06T10:51:23
1441,No Asset,Furniture,2018-11-15,73029.51,5.0,Active,2022-12-31T11:58:15
1442,Pull Asset,Tools,2021-03-20,37564.24,25.0,Active,2025-01-25T19:56:19
1443,Society Asset,Vehicles,2016-12-31,59027.54,25.0,Disposed,2021-05-21T11:52:27
1444,Figure Asset,IT Equipment,2016-10-09,7560.66,5.0,Active,2025-04-14T14:10:02
1445,Ground Asset,Tools,2020-12-02,70551.58,10.0,Disposed,2017-06-24T23:36:57
1446,Once Asset,Furniture,2025-09-24,48484.08,30.0,Retired,2023-10-05T08:00:05
1447,Others Asset,IT Equipment,2020-09-02,29413.22,25.0,Active,2019-12-02T17:33:29
1448,Understand Asset,Furniture,2018-11-02,18774.21,15.0,Disposed,2022-03-25T02:32:31
1449,Second Asset,Tools,2025-05-22,77152.42,25.0,Retired,2016-02-24T09:50:03
1450,Tv Asset,Office Equipment,2018-09-12,56727.22,25.0,Disposed,2016-05-26T18:58:07
1451,Agency Asset,Tools,2018-11-11,59752.07,30.0,Disposed,2021-08-06T01:47:23
1452,Store Asset,Vehicles,2022-08-17,53778.60,25.0,Retired,2024-03-02T19:56:32
1453,Probably Asset,Tools,2016-04-01,63527.39,15.0,Retired,2025-10-23T11:29:28
1454,Expect Asset,Office Equipment,2018-02-04,72643.54,5.0,Active,2023-10-24T01:21:04
1455,Mission Asset,IT Equipment,2019-07-04,34544.98,10.0,Active,2016-09-05T20:28:46
1456,Happen Asset,Furniture,2017-11-26,75790.03,10.0,Active,2024-06-29T13:31:40
1457,Leader Asset,Office Equipment,2020-12-21,47538.72,25.0,Disposed,2017-04-09T05:56:15
1458,Standard Asset,Office Equipment,2018-09-28,36359.74,30.0,Retired,2019-05-19T20:04:20
1459,Teach Asset,IT Equipment,2019-08-05,10628.96,30.0,Disposed,2018-05-17T02:12:27
1460,Billion Asset,Vehicles,2022-04-11,57620.87,15.0,Active,2024-03-26T17:54:37
1461,Contain Asset,Furniture,2024-04-08,33551.43,25.0,Disposed,2016-06-26T22:25:25
1462,Day Asset,Office Equipment,2024-11-21,41808.42,30.0,Disposed,2016-10-08T22:59:11
1463,Pay Asset,Vehicles,2015-11-25,53774.33,5.0,Active,2016-03-18T04:13:36
1464,Heart Asset,Office Equipment,2025-06-10,68732.62,5.0,Disposed,2016-08-17T00:15:34
1465,Nation Asset,Furniture,2019-12-17,7394.92,30.0,Active,2019-08-23T19:01:58
1466,Officer Asset,IT Equipment,2017-03-04,78244.33,30.0,Retired,2019-06-08T14:22:04
1467,Itself Asset,Furniture,2016-12-23,17771.84,25.0,Active,2017-05-22T01:47:56
1468,Project Asset,Tools,2016-04-15,59256.14,30.0,Retired,2021-09-28T08:43:01
1469,Send Asset,Office Equipment,2017-01-01,56087.87,20.0,Retired,2023-04-14T12:47:49
1470,She Asset,Office Equipment,2016-08-13,23057.16,10.0,Disposed,2017-05-20T21:22:45
1471,Myself Asset,Vehicles,2020-02-11,11733.42,25.0,Active,2025-04-07T09:32:47
1472,Middle Asset,Vehicles,2019-03-30,2685.00,20.0,Retired,2021-02-06T11:39:42
1473,Onto Asset,Vehicles,2019-01-28,71350.39,10.0,Disposed,2020-10-13T23:31:56
1474,Section Asset,Tools,2020-04-26,19588.50,30.0,Active,2017-12-25T18:25:06
1475,Drug Asset,Office Equipment,2017-07-18,45945.76,25.0,Disposed,2024-09-17T18:11:03
1476,Deep Asset,IT Equipment,2017-02-11,33575.00,15.0,Retired,2016-11-17T19:18:57
1477,Street Asset,IT Equipment,2018-06-15,32613.22,10.0,Retired,2019-04-26T06:51:51
1478,Along Asset,Vehicles,2025-06-25,6237.23,30.0,Active,2021-09-19T10:46:48
1479,Name Asset,Furniture,2020-07-24,34451.71,30.0,Disposed,2022-02-19T22:11:34
1480,Wind Asset,IT Equipment,2021-01-18,59070.29,25.0,Active,2022-12-11T20:33:26
1481,Fact Asset,Tools,2025-01-12,13037.49,15.0,Disposed,2024-05-17T11:13:11
1482,Fear Asset,Furniture,2022-09-24,19685.26,10.0,Retired,2019-10-04T03:26:32
1483,Resource Asset,Furniture,2024-08-09,48011.88,5.0,Retired,2017-06-30T14:15:24
1484,Year Asset,Tools,2023-12-30,48463.65,20.0,Retired,2022-10-06T20:40:22
1485,Over Asset,Office Equipment,2017-07-19,53629.31,5.0,Active,2018-12-05T08:25:24
1486,Bank Asset,Vehicles,2016-07-01,2603.06,5.0,Retired,2021-03-17T18:05:35
1487,General Asset,IT Equipment,2016-11-21,5583.68,10.0,Active,2019-11-15T17:09:02
1488,Industry Asset,IT Equipment,2020-10-26,6464.14,30.0,Retired,2024-07-31T16:54:36
1489,Ready Asset,Tools,2020-12-29,50347.38,30.0,Disposed,2023-10-23T06:28:53
1490,These Asset,IT Equipment,2016-07-06,8657.96,15.0,Retired,2020-05-04T19:28:58
1491,Themselves Asset,Vehicles,2023-10-03,23974.41,30.0,Disposed,2021-06-06T09:46:12
1492,Prepare Asset,Vehicles,2023-04-08,20119.24,30.0,Retired,2020-11-11T20:14:22
1493,Either Asset,IT Equipment,2017-09-29,75133.55,30.0,Retired,2025-11-01T00:11:17
1494,Take Asset,IT Equipment,2024-08-23,15501.16,15.0,Retired,2025-04-13T23:54:32
1495,According Asset,Furniture,2021-02-28,30174.42,25.0,Active,2025-01-21T14:16:01
1496,What Asset,Furniture,2017-01-03,15655.96,25.0,Retired,2025-01-27T14:06:03
1497,Its Asset,Office Equipment,2024-09-06,34866.60,30.0,Retired,2022-02-02T18:19:51
1498,Play Asset,IT Equipment,2025-06-01,66709.83,25.0,Active,2020-06-20T13:31:52
1499,Six Asset,IT Equipment,2020-10-09,62520.55,25.0,Retired,2015-11-15T01:42:36
1500,Example Asset,Tools,2016-01-22,447.25,30.0,Active,2020-04-11T03:50:13
1501,Population Asset,IT Equipment,2023-08-07,11559.45,10.0,Retired,2021-12-12T13:46:23
1502,Soldier Asset,IT Equipment,2020-01-01,49090.33,20.0,Retired,2025-08-05T10:42:42
1503,Candidate Asset,IT Equipment,2018-09-06,12179.60,25.0,Disposed,2017-07-19T04:38:38
1504,Rate Asset,Furniture,2020-04-25,15882.94,25.0,Active,2021-01-14T21:27:19
1505,Special Asset,Furniture,2017-04-18,20993.08,15.0,Disposed,2019-07-17T18:31:09
1506,Prevent Asset,Tools,2019-01-08,79430.03,15.0,Retired,2020-03-06T04:06:57
1507,Early Asset,Vehicles,2022-12-03,76391.51,15.0,Retired,2017-06-05T01:48:02
1508,Our Asset,Furniture,2018-01-19,77684.52,30.0,Retired,2018-03-29T09:42:55
1509,Money Asset,Tools,2020-02-04,60800.97,10.0,Active,2021-06-12T05:32:16
1510,Pressure Asset,IT Equipment,2023-02-16,51086.44,25.0,Disposed,2025-09-16T06:46:54
1511,Response Asset,Furniture,2015-11-30,36253.96,10.0,Active,2022-09-23T20:36:24
1512,Result Asset,Furniture,2018-07-09,11913.69,15.0,Retired,2024-05-23T10:54:48
1513,Successful Asset,Tools,2025-06-27,16056.78,10.0,Active,2024-06-19T07:02:58
1514,Final Asset,IT Equipment,2020-09-17,23150.20,5.0,Retired,2024-09-27T10:19:42
1515,Organization Asset,Office Equipment,2020-05-22,28551.96,25.0,Active,2024-01-01T18:24:05
1516,Probably Asset,Office Equipment,2016-02-17,5592.22,30.0,Disposed,2021-05-04T09:21:23
1517,Evening Asset,Vehicles,2018-04-10,35202.99,10.0,Disposed,2023-02-24T13:54:02
1518,Matter Asset,Office Equipment,2021-03-08,4317.19,5.0,Retired,2018-05-03T00:50:11
1519,Than Asset,Vehicles,2022-05-07,8024.41,10.0,Active,2021-05-12T19:35:26
1520,Bring Asset,Tools,2024-11-30,47569.69,25.0,Disposed,2021-11-08T06:15:17
1521,Program Asset,Vehicles,2019-05-09,17621.32,20.0,Active,2019-09-12T13:03:51
1522,Onto Asset,Vehicles,2021-12-21,20520.05,25.0,Active,2017-11-22T08:35:10
1523,Player Asset,Vehicles,2022-06-28,79310.35,15.0,Disposed,2019-02-18T06:31:50
1524,Score Asset,Vehicles,2016-06-27,49783.59,5.0,Retired,2025-05-16T22:28:42
1525,Fly Asset,IT Equipment,2021-03-01,13987.30,10.0,Disposed,2021-11-25T11:25:18
1526,Increase Asset,Vehicles,2024-07-13,2507.49,15.0,Active,2022-02-16T10:00:34
1527,Explain Asset,IT Equipment,2016-07-10,74734.17,20.0,Active,2021-01-03T16:35:48
1528,Skill Asset,Vehicles,2017-04-23,64399.46,15.0,Disposed,2018-05-24T03:44:06
1529,Upon Asset,Office Equipment,2017-07-01,21565.07,15.0,Retired,2019-12-13T17:46:44
1530,Artist Asset,IT Equipment,2024-04-05,72774.69,5.0,Active,2024-05-11T05:42:18
1531,Build Asset,Furniture,2022-01-01,69620.56,30.0,Disposed,2020-07-28T08:13:20
1532,Reveal Asset,Tools,2022-03-29,35867.50,15.0,Retired,2017-04-05T17:01:57
1533,Probably Asset,Office Equipment,2017-12-02,63722.12,25.0,Active,2020-12-17T19:11:29
1534,White Asset,IT Equipment,2020-04-16,28637.89,30.0,Active,2024-02-18T10:47:36
1535,Series Asset,Office Equipment,2018-12-06,61257.35,25.0,Disposed,2019-12-27T18:13:06
1536,Bed Asset,Office Equipment,2022-12-03,24542.34,10.0,Active,2021-12-02T08:10:13
1537,Watch Asset,Tools,2018-03-25,56178.77,25.0,Disposed,2017-07-27T19:08:04
1538,Even Asset,Vehicles,2021-12-06,63639.70,10.0,Disposed,2024-08-15T23:14:42
1539,Have Asset,Vehicles,2020-09-04,71206.36,15.0,Active,2024-07-01T22:06:09
1540,News Asset,Vehicles,2022-03-26,41463.33,10.0,Active,2019-09-25T17:20:07
1541,Bad Asset,Vehicles,2023-09-10,12208.60,5.0,Active,2017-04-01T02:58:30
1542,Difference Asset,Tools,2017-12-31,33261.63,5.0,Retired,2020-04-19T11:04:42
1543,Page Asset,Vehicles,2016-11-10,31687.85,15.0,Retired,2025-01-23T17:59:51
1544,Around Asset,Furniture,2020-06-11,4391.11,25.0,Active,2022-12-06T13:53:42
1545,Everyone Asset,Furniture,2017-01-08,41728.61,10.0,Disposed,2020-03-07T17:32:15
1546,Several Asset,IT Equipment,2025-04-20,75793.69,10.0,Disposed,2020-08-23T20:20:48
1547,Protect Asset,Tools,2016-07-07,77587.19,20.0,Disposed,2024-12-20T22:28:39
1548,Thank Asset,IT Equipment,2021-04-08,24604.26,10.0,Active,2017-02-28T04:02:43
1549,Summer Asset,Furniture,2022-06-11,20982.11,25.0,Active,2021-05-19T21:16:24
1550,Big Asset,IT Equipment,2020-01-14,54725.88,5.0,Disposed,2023-10-01T21:27:35
1551,Plant Asset,Vehicles,2016-08-03,41094.01,10.0,Disposed,2023-02-08T09:41:40
1552,Travel Asset,Office Equipment,2021-08-25,70740.24,10.0,Retired,2022-08-14T19:35:49
1553,Leg Asset,Vehicles,2023-04-20,6414.99,30.0,Retired,2025-10-26T21:49:37
1554,Whether Asset,Vehicles,2019-01-19,36502.61,5.0,Active,2018-02-07T10:21:26
1555,First Asset,Tools,2024-04-26,57143.52,15.0,Retired,2016-10-08T14:54:22
1556,Within Asset,Furniture,2021-07-06,10322.05,20.0,Active,2018-02-03T17:45:24
1557,Effort Asset,Vehicles,2025-08-21,17223.86,20.0,Active,2024-07-13T02:01:51
1558,Sport Asset,Furniture,2018-03-14,15549.12,25.0,Disposed,2018-01-13T00:54:07
1559,Great Asset,Tools,2017-05-27,48434.07,20.0,Retired,2023-10-23T03:46:47
1560,Present Asset,IT Equipment,2024-01-06,10972.72,30.0,Active,2019-07-13T03:12:42
1561,Company Asset,Furniture,2018-12-19,61467.98,5.0,Disposed,2024-08-23T21:30:12
1562,Seven Asset,IT Equipment,2016-11-10,1361.19,10.0,Retired,2023-06-29T22:39:25
1563,Behind Asset,Vehicles,2019-07-29,69404.08,20.0,Active,2018-08-17T04:42:43
1564,Enough Asset,Vehicles,2019-11-15,75959.74,20.0,Retired,2020-04-11T23:40:20
1565,Control Asset,Vehicles,2018-04-21,79458.62,5.0,Active,2016-03-13T19:48:40
1566,Employee Asset,Tools,2021-12-27,42246.42,20.0,Retired,2021-10-14T12:37:29
1567,Truth Asset,Office Equipment,2021-03-09,38012.12,10.0,Active,2022-09-02T12:00:33
1568,Decade Asset,Office Equipment,2022-04-01,6831.72,5.0,Active,2019-07-25T01:39:50
1569,Only Asset,Tools,2025-10-14,7965.11,30.0,Retired,2023-09-12T22:45:09
1570,Moment Asset,Tools,2024-03-19,76755.00,5.0,Retired,2017-08-12T00:47:17
1571,Senior Asset,Vehicles,2020-11-09,26049.02,10.0,Retired,2019-10-14T07:22:09
1572,American Asset,IT Equipment,2016-10-05,67567.10,30.0,Disposed,2021-12-20T16:50:44
1573,Upon Asset,IT Equipment,2022-05-20,74846.32,25.0,Retired,2018-07-15T17:30:15
1574,Contain Asset,Tools,2020-08-05,36245.72,20.0,Retired,2020-01-17T05:10:03
1575,Year Asset,Furniture,2016-02-15,37200.61,5.0,Active,2023-08-14T09:06:45
1576,Race Asset,Tools,2017-01-23,68789.31,30.0,Disposed,2024-03-27T22:03:42
1577,Grow Asset,Vehicles,2018-08-05,76104.71,30.0,Disposed,2023-07-31T13:51:27
1578,Ago Asset,Vehicles,2023-02-21,898.49,20.0,Disposed,2016-02-18T15:42:19
1579,End Asset,Furniture,2024-09-01,79495.48,15.0,Retired,2023-01-31T14:53:15
1580,Those Asset,Vehicles,2023-12-19,6960.08,25.0,Retired,2016-06-20T07:22:32
1581,Then Asset,Furniture,2020-03-30,74732.06,10.0,Disposed,2020-05-15T10:14:23
1582,Heavy Asset,Office Equipment,2022-05-03,45045.08,30.0,Active,2016-05-22T09:26:00
1583,Mean Asset,Furniture,2019-05-27,79550.29,5.0,Retired,2022-05-04T01:04:49
1584,Little Asset,Tools,2023-12-15,52405.50,5.0,Disposed,2020-10-13T16:27:47
1585,Next Asset,IT Equipment,2025-07-18,1397.04,5.0,Active,2023-07-06T03:55:58
1586,Mouth Asset,Furniture,2022-08-26,34587.53,15.0,Disposed,2023-03-06T23:47:16
1587,Pressure Asset,IT Equipment,2018-02-04,50753.33,10.0,Retired,2020-11-04T03:26:01
1588,Group Asset,Vehicles,2017-04-05,17621.21,20.0,Disposed,2024-12-22T21:58:53
1589,Base Asset,Tools,2025-07-24,62095.91,20.0,Disposed,2018-10-04T13:05:25
1590,Allow Asset,Tools,2022-07-24,61748.38,10.0,Active,2016-12-02T13:20:20
1591,Peace Asset,Office Equipment,2020-06-23,70996.19,25.0,Disposed,2021-05-03T10:02:19
1592,Sign Asset,Vehicles,2023-06-02,32501.31,20.0,Retired,2018-06-03T14:11:35
1593,Foreign Asset,Tools,2023-02-10,26949.15,20.0,Disposed,2024-08-23T17:36:59
1594,Family Asset,Office Equipment,2018-11-08,43285.25,20.0,Disposed,2017-05-31T03:09:51
1595,Name Asset,Vehicles,2017-10-21,52411.94,15.0,Retired,2023-07-25T19:29:52
1596,Open Asset,Office Equipment,2019-03-29,70182.19,10.0,Active,2017-06-04T11:17:11
1597,Approach Asset,Tools,2016-04-19,64052.32,30.0,Active,2017-06-03T02:42:31
1598,Discuss Asset,Vehicles,2023-02-08,20187.41,5.0,Retired,2021-10-22T15:53:25
1599,Between Asset,Vehicles,2022-04-22,47503.52,25.0,Disposed,2020-06-20T00:23:35
1600,Six Asset,IT Equipment,2016-08-12,6444.00,30.0,Retired,2021-12-09T01:42:26
1601,Wish Asset,Tools,2022-01-15,77418.22,20.0,Active,2016-08-23T16:48:12
1602,Account Asset,IT Equipment,2020-07-26,7762.21,10.0,Retired,2021-10-26T06:18:48
1603,Recognize Asset,Office Equipment,2023-07-15,48339.36,15.0,Disposed,2022-10-10T12:24:50
1604,Hard Asset,Tools,2016-01-07,36198.15,10.0,Active,2024-09-21T16:47:27
1605,Open Asset,Furniture,2020-12-10,39736.75,20.0,Disposed,2020-05-19T14:07:36
1606,Everybody Asset,Vehicles,2022-08-03,16009.54,15.0,Active,2018-06-18T04:16:36
1607,Magazine Asset,Tools,2022-09-01,61624.42,25.0,Active,2024-07-18T13:29:15
1608,They Asset,Furniture,2021-11-14,76644.26,25.0,Disposed,2019-10-17T15:41:51
1609,Lawyer Asset,Office Equipment,2024-12-08,53836.80,25.0,Active,2022-12-28T15:01:19
1610,Wear Asset,IT Equipment,2024-03-02,6002.23,30.0,Active,2025-04-05T09:48:37
1611,Particularly Asset,Vehicles,2024-02-29,72612.49,5.0,Active,2024-01-18T04:57:08
1612,Degree Asset,Vehicles,2021-02-21,7670.43,25.0,Active,2018-12-04T02:46:39
1613,Team Asset,Office Equipment,2017-02-23,50590.15,15.0,Retired,2016-07-06T18:51:20
1614,Remain Asset,Vehicles,2022-06-11,15977.55,10.0,Disposed,2021-04-10T03:36:49
1615,Mean Asset,Furniture,2023-12-09,18262.67,25.0,Disposed,2020-06-04T23:48:28
1616,Heart Asset,Office Equipment,2018-09-28,46932.94,30.0,Disposed,2020-09-04T09:51:42
1617,Sometimes Asset,Vehicles,2019-07-06,63593.40,30.0,Retired,2019-06-14T03:08:38
1618,Walk Asset,IT Equipment,2019-07-21,72877.26,10.0,Disposed,2020-05-11T11:20:21
1619,Raise Asset,Vehicles,2018-08-18,62172.08,10.0,Active,2024-08-19T21:32:51
1620,Major Asset,Tools,2018-05-09,16685.26,25.0,Disposed,2024-01-09T12:50:17
1621,Trial Asset,IT Equipment,2023-04-13,32847.89,30.0,Disposed,2016-12-19T05:18:43
1622,Deal Asset,Office Equipment,2023-08-01,65275.80,5.0,Retired,2023-09-05T07:09:45
1623,West Asset,IT Equipment,2017-04-09,26167.53,10.0,Disposed,2021-09-16T10:43:02
1624,Yet Asset,Vehicles,2020-05-13,29316.68,10.0,Active,2019-07-27T15:07:15
1625,Deal Asset,Vehicles,2021-12-11,48689.06,15.0,Disposed,2025-07-22T03:03:28
1626,Ability Asset,Vehicles,2016-02-29,58754.16,30.0,Active,2022-09-17T16:46:13
1627,Responsibility Asset,Vehicles,2018-05-24,69350.76,10.0,Disposed,2023-01-21T17:51:15
1628,Man Asset,IT Equipment,2023-06-11,16411.42,15.0,Active,2019-12-23T17:32:01
1629,Where Asset,Vehicles,2017-01-01,43444.73,25.0,Retired,2021-01-26T15:55:57
1630,Newspaper Asset,IT Equipment,2021-10-02,44289.37,30.0,Active,2018-06-08T21:55:18
1631,Perhaps Asset,Office Equipment,2017-11-04,18006.56,15.0,Retired,2020-11-20T15:57:52
1632,Sound Asset,Office Equipment,2016-11-02,1261.16,25.0,Retired,2020-12-08T18:06:41
1633,Pull Asset,Tools,2019-07-10,23553.76,30.0,Disposed,2024-12-05T16:03:36
1634,Green Asset,Office Equipment,2023-07-06,63543.85,15.0,Retired,2020-08-21T04:10:11
1635,Order Asset,Furniture,2021-02-01,47474.14,30.0,Active,2018-09-08T23:27:00
1636,Bill Asset,Vehicles,2018-06-05,72171.00,20.0,Retired,2016-08-16T03:01:58
1637,Voice Asset,Office Equipment,2024-11-26,25455.27,5.0,Disposed,2025-04-02T16:48:52
1638,Ready Asset,Office Equipment,2019-07-03,38267.62,10.0,Retired,2019-02-02T17:43:52
1639,Quickly Asset,Furniture,2021-10-19,47343.08,15.0,Retired,2019-10-17T07:19:50
1640,Finish Asset,Office Equipment,2016-03-04,50884.75,10.0,Retired,2022-06-06T05:38:52
1641,Small Asset,Vehicles,2021-03-30,15818.19,25.0,Disposed,2023-03-22T08:37:03
1642,State Asset,Tools,2017-07-10,76778.22,5.0,Retired,2017-11-24T03:02:05
1643,Window Asset,Vehicles,2023-05-26,13853.40,30.0,Retired,2018-06-04T19:17:33
1644,Sing Asset,IT Equipment,2022-08-12,63573.63,10.0,Active,2021-11-09T13:57:16
1645,Win Asset,Furniture,2017-02-21,57533.91,15.0,Active,2018-11-21T07:19:49
1646,I Asset,Furniture,2019-06-18,45941.13,15.0,Active,2019-02-11T05:55:11
1647,Tax Asset,Tools,2021-03-31,22592.85,10.0,Retired,2021-09-11T22:27:01
1648,She Asset,Vehicles,2021-03-30,20074.63,5.0,Disposed,2019-02-20T12:33:15
1649,Black Asset,Furniture,2019-04-23,24639.31,5.0,Disposed,2019-12-27T07:28:20
1650,Trip Asset,Furniture,2022-09-02,44028.37,20.0,Retired,2016-03-20T00:58:37
1651,Child Asset,Tools,2021-04-01,43540.22,20.0,Disposed,2020-08-15T13:21:17
1652,Light Asset,IT Equipment,2020-10-03,52562.51,15.0,Active,2018-03-31T04:35:26
1653,Risk Asset,IT Equipment,2025-01-19,52390.41,30.0,Retired,2022-06-26T16:04:46
1654,Make Asset,Office Equipment,2020-12-19,79587.34,20.0,Retired,2024-01-14T07:52:12
1655,Them Asset,IT Equipment,2017-03-05,53695.22,20.0,Retired,2024-11-22T01:44:44
1656,Now Asset,Tools,2020-12-02,78285.35,10.0,Retired,2019-10-19T10:42:46
1657,Suggest Asset,IT Equipment,2017-09-08,3583.03,25.0,Active,2025-02-13T23:16:09
1658,Speech Asset,Furniture,2019-03-17,27192.76,25.0,Disposed,2025-03-19T15:18:30
1659,Discover Asset,Furniture,2023-03-24,44754.13,5.0,Active,2023-04-28T19:24:28
1660,Special Asset,Tools,2025-07-11,31548.74,20.0,Retired,2023-10-18T16:45:00
1661,Friend Asset,Furniture,2021-11-01,68720.00,20.0,Retired,2021-09-26T04:20:00
1662,Charge Asset,Vehicles,2019-06-28,70635.27,20.0,Active,2016-04-02T15:50:20
1663,Better Asset,Furniture,2024-08-13,49087.82,5.0,Retired,2023-02-10T12:40:36
1664,Matter Asset,Furniture,2020-05-24,68564.68,25.0,Disposed,2015-11-26T23:58:43
1665,Statement Asset,Office Equipment,2016-08-21,28116.05,15.0,Retired,2024-10-31T17:25:30
1666,Issue Asset,IT Equipment,2016-11-04,19835.08,10.0,Disposed,2019-03-18T03:52:55
1667,Campaign Asset,Tools,2024-02-28,11957.72,20.0,Active,2024-03-01T11:31:31
1668,Offer Asset,Office Equipment,2017-05-23,36330.96,10.0,Retired,2020-03-25T10:27:09
1669,Democrat Asset,Furniture,2018-02-23,64122.91,25.0,Disposed,2024-05-02T01:52:54
1670,Scene Asset,IT Equipment,2020-10-16,13063.73,25.0,Retired,2017-10-31T19:48:12
1671,Newspaper Asset,Furniture,2019-11-09,8110.59,15.0,Retired,2025-03-08T03:38:27
1672,Affect Asset,Office Equipment,2016-12-22,21852.72,5.0,Active,2022-12-08T13:50:44
1673,Firm Asset,Furniture,2024-09-02,61429.92,15.0,Disposed,2017-08-24T12:31:34
1674,Popular Asset,Office Equipment,2024-03-14,41254.49,25.0,Disposed,2025-09-27T18:31:26
1675,Participant Asset,Tools,2023-09-15,12177.44,15.0,Retired,2019-07-16T14:50:21
1676,Money Asset,IT Equipment,2016-01-12,47408.35,15.0,Disposed,2017-08-28T02:53:38
1677,Television Asset,Furniture,2023-11-02,24557.38,10.0,Disposed,2018-10-16T10:29:16
1678,Prepare Asset,Tools,2024-10-25,28422.74,20.0,Retired,2018-04-29T22:49:11
1679,Truth Asset,Vehicles,2022-05-25,17206.90,5.0,Disposed,2024-11-28T06:22:28
1680,Education Asset,Office Equipment,2018-07-30,25751.96,30.0,Retired,2020-06-02T20:01:47
1681,Green Asset,Vehicles,2020-02-01,58743.12,15.0,Retired,2020-12-16T13:57:45
1682,Much Asset,Tools,2025-03-18,18120.70,15.0,Retired,2023-06-29T12:10:12
1683,Several Asset,Tools,2025-05-01,1035.01,25.0,Disposed,2022-05-12T13:37:28
1684,Particular Asset,Furniture,2025-02-23,59475.21,30.0,Retired,2017-06-22T04:31:21
1685,Institution Asset,Tools,2023-05-21,43860.76,10.0,Disposed,2022-10-19T11:12:40
1686,Add Asset,Office Equipment,2024-01-19,67211.33,5.0,Retired,2025-06-23T19:00:26
1687,Along Asset,Tools,2025-08-30,38859.66,30.0,Retired,2024-05-30T17:49:45
1688,Office Asset,Furniture,2017-06-10,56187.99,20.0,Disposed,2020-02-13T21:17:44
1689,Whose Asset,Vehicles,2019-06-10,71352.72,25.0,Retired,2017-11-20T10:11:53
1690,Somebody Asset,Tools,2024-02-24,2405.02,10.0,Disposed,2016-12-12T23:28:49
1691,Food Asset,Vehicles,2025-08-10,26959.22,30.0,Active,2025-09-17T02:08:22
1692,Bag Asset,Tools,2016-12-17,33693.65,30.0,Retired,2023-09-14T16:07:25
1693,Less Asset,Office Equipment,2024-03-07,37490.77,20.0,Disposed,2019-06-12T23:14:07
1694,Provide Asset,Tools,2017-12-09,4301.60,10.0,Disposed,2021-10-26T20:21:08
1695,Agency Asset,Furniture,2021-09-02,63983.39,20.0,Retired,2022-04-03T04:54:37
1696,Cultural Asset,IT Equipment,2018-10-29,36601.15,10.0,Active,2023-12-11T03:34:20
1697,See Asset,IT Equipment,2020-06-22,13356.68,30.0,Active,2016-01-27T15:46:31
1698,Score Asset,Tools,2016-01-27,18911.87,5.0,Active,2016-07-24T05:56:04
1699,Source Asset,IT Equipment,2021-06-15,1802.42,5.0,Retired,2021-10-24T10:19:25
1700,There Asset,Office Equipment,2022-08-05,2554.73,20.0,Active,2019-12-17T08:34:46
1701,Month Asset,Office Equipment,2024-06-16,73374.83,15.0,Active,2019-02-23T20:24:54
1702,Shake Asset,IT Equipment,2023-11-27,49400.74,10.0,Retired,2016-09-09T12:13:46
1703,Science Asset,Vehicles,2025-06-13,70191.13,15.0,Retired,2019-03-28T10:24:00
1704,Gun Asset,Vehicles,2020-10-04,24236.98,15.0,Active,2018-08-04T06:43:11
1705,Number Asset,IT Equipment,2016-02-10,28200.33,25.0,Retired,2017-06-27T13:43:42
1706,Hope Asset,IT Equipment,2020-05-08,25535.63,25.0,Active,2024-07-02T23:47:22
1707,Kind Asset,Tools,2017-04-07,11448.15,10.0,Active,2016-09-13T07:19:31
1708,Piece Asset,IT Equipment,2023-08-26,31907.26,25.0,Disposed,2018-11-12T04:54:18
1709,Wide Asset,Vehicles,2015-12-06,54550.60,15.0,Retired,2016-11-07T22:35:53
1710,Represent Asset,Vehicles,2021-04-26,46370.94,15.0,Retired,2017-10-17T03:05:21
1711,Industry Asset,Office Equipment,2018-12-13,30636.62,10.0,Active,2021-07-28T14:00:11
1712,Condition Asset,Furniture,2019-04-10,160.54,30.0,Disposed,2019-11-18T04:17:40
1713,Tv Asset,IT Equipment,2016-05-06,74580.79,20.0,Retired,2018-06-17T13:25:07
1714,Nor Asset,Tools,2019-10-21,36979.22,5.0,Active,2021-12-28T19:25:55
1715,Administration Asset,IT Equipment,2018-05-10,76005.03,5.0,Disposed,2018-04-20T00:48:45
1716,Accept Asset,IT Equipment,2024-01-30,67125.75,15.0,Retired,2023-01-18T23:39:54
1717,Campaign Asset,Tools,2020-05-04,58594.60,15.0,Disposed,2019-06-09T09:26:10
1718,Republican Asset,IT Equipment,2024-05-07,28432.10,15.0,Disposed,2017-01-04T17:55:58
1719,Generation Asset,Office Equipment,2020-06-18,41387.51,25.0,Disposed,2022-08-19T04:49:35
1720,Statement Asset,Vehicles,2019-06-05,71431.42,25.0,Disposed,2021-10-04T10:07:21
1721,Politics Asset,IT Equipment,2024-03-07,71081.19,30.0,Active,2017-03-12T10:20:54
1722,Force Asset,Vehicles,2024-02-29,76167.25,10.0,Retired,2016-07-08T05:30:25
1723,Dream Asset,Tools,2024-10-30,72450.08,30.0,Active,2024-04-06T20:22:40
1724,Key Asset,Office Equipment,2024-11-20,8524.65,25.0,Disposed,2021-12-11T10:25:47
1725,Hot Asset,Office Equipment,2022-05-17,3020.42,20.0,Retired,2017-04-09T23:35:29
1726,Character Asset,Furniture,2022-04-14,78822.54,5.0,Active,2024-12-24T11:42:19
1727,Option Asset,Vehicles,2022-04-23,43051.66,5.0,Retired,2023-10-07T00:48:16
1728,Tv Asset,Office Equipment,2022-07-27,11113.23,20.0,Retired,2024-12-26T23:23:18
1729,Stand Asset,Vehicles,2018-11-15,41653.57,20.0,Retired,2025-04-20T00:46:53
1730,Health Asset,Furniture,2016-04-11,9380.64,25.0,Active,2023-01-07T05:20:16
1731,Answer Asset,Vehicles,2016-03-20,15548.30,10.0,Disposed,2016-12-31T10:05:48
1732,Thought Asset,Furniture,2018-07-08,44860.31,25.0,Disposed,2021-10-27T23:25:37
1733,Heart Asset,Furniture,2021-01-16,42453.22,5.0,Disposed,2020-01-30T08:22:10
1734,Four Asset,Tools,2025-02-03,36822.29,20.0,Disposed,2017-10-23T15:16:24
1735,Whatever Asset,Tools,2017-08-09,24774.13,10.0,Active,2023-10-28T09:42:47
1736,Leader Asset,Office Equipment,2019-08-25,72231.24,10.0,Disposed,2024-04-23T07:38:51
1737,Although Asset,IT Equipment,2017-09-27,58636.20,20.0,Retired,2024-05-15T21:48:25
1738,Sing Asset,IT Equipment,2020-11-22,43158.89,10.0,Disposed,2018-06-03T10:14:09
1739,Next Asset,Vehicles,2021-05-15,39818.27,30.0,Retired,2023-07-04T09:21:51
1740,Money Asset,Tools,2024-06-11,63328.43,30.0,Disposed,2020-07-26T23:47:18
1741,Practice Asset,Office Equipment,2017-03-18,63686.42,10.0,Active,2022-09-15T14:42:23
1742,Risk Asset,IT Equipment,2025-07-12,13294.20,30.0,Active,2025-10-28T11:31:27
1743,Decision Asset,Tools,2017-04-17,52563.26,25.0,Disposed,2021-08-12T16:38:35
1744,Child Asset,Furniture,2018-07-27,64808.20,30.0,Active,2019-04-16T06:25:47
1745,Computer Asset,Office Equipment,2015-11-04,19679.63,20.0,Disposed,2024-03-19T11:13:08
1746,Type Asset,Tools,2022-06-15,45105.43,20.0,Active,2025-02-21T10:40:03
1747,Station Asset,Office Equipment,2018-08-24,9364.84,25.0,Retired,2020-11-21T04:48:09
1748,Economic Asset,Vehicles,2024-11-09,26148.47,15.0,Active,2021-04-06T09:23:19
1749,Tv Asset,Vehicles,2017-02-20,5830.17,20.0,Retired,2025-01-24T02:13:17
1750,They Asset,Vehicles,2025-04-30,55019.03,5.0,Disposed,2022-07-17T17:50:00
1751,Time Asset,Furniture,2025-08-03,19448.81,15.0,Retired,2021-02-12T12:47:23
1752,Contain Asset,IT Equipment,2022-10-08,60544.35,30.0,Disposed,2020-12-13T22:20:01
1753,Reduce Asset,Tools,2023-02-22,66963.85,15.0,Disposed,2023-10-18T19:29:55
1754,Gun Asset,Tools,2018-01-04,41710.79,5.0,Retired,2018-01-04T18:13:12
1755,Design Asset,Tools,2018-08-04,62644.11,20.0,Active,2023-01-21T13:10:27
1756,Several Asset,Tools,2019-04-10,64469.75,10.0,Retired,2025-01-07T10:02:28
1757,Maintain Asset,IT Equipment,2016-07-21,25661.70,30.0,Disposed,2019-11-17T21:05:01
1758,Piece Asset,Tools,2017-10-15,75727.02,20.0,Disposed,2018-03-24T03:18:42
1759,Fine Asset,Vehicles,2020-11-26,55257.39,30.0,Disposed,2024-09-24T07:36:51
1760,Politics Asset,Office Equipment,2021-02-21,40724.36,20.0,Retired,2016-05-04T05:23:57
1761,Sound Asset,IT Equipment,2024-02-02,31845.88,20.0,Disposed,2016-08-23T07:49:46
1762,Paper Asset,IT Equipment,2022-09-22,69200.13,30.0,Retired,2025-06-07T19:49:14
1763,Final Asset,IT Equipment,2024-01-19,69599.28,30.0,Active,2022-05-09T21:10:19
1764,His Asset,Office Equipment,2018-08-20,6597.53,30.0,Retired,2017-04-22T16:34:30
1765,Much Asset,Furniture,2022-04-06,17784.95,5.0,Disposed,2019-08-20T08:01:16
1766,Claim Asset,Furniture,2017-04-04,23438.90,15.0,Active,2017-05-09T11:44:57
1767,List Asset,Office Equipment,2015-12-01,41647.96,15.0,Disposed,2020-10-04T14:15:09
1768,Boy Asset,Vehicles,2021-02-23,71985.25,5.0,Active,2019-05-27T14:13:49
1769,Feel Asset,Office Equipment,2017-05-17,29687.85,20.0,Retired,2016-08-15T09:19:07
1770,Little Asset,Office Equipment,2019-05-07,18706.82,15.0,Disposed,2022-11-22T13:55:38
1771,Test Asset,Tools,2016-02-06,57580.90,15.0,Retired,2022-01-13T12:09:40
1772,Type Asset,Tools,2020-05-13,79436.73,15.0,Active,2020-12-26T23:36:22
1773,Movement Asset,IT Equipment,2021-08-18,18075.07,30.0,Retired,2025-10-16T04:48:19
1774,Try Asset,Tools,2024-05-11,66593.05,25.0,Retired,2017-06-18T02:51:35
1775,Scientist Asset,Office Equipment,2016-08-28,33648.05,15.0,Disposed,2019-07-25T19:02:04
1776,Try Asset,IT Equipment,2022-01-21,56158.79,30.0,Disposed,2020-11-07T21:00:48
1777,Officer Asset,Office Equipment,2024-02-27,72613.63,10.0,Active,2024-07-18T14:05:15
1778,Night Asset,Tools,2019-03-27,73776.70,15.0,Disposed,2021-08-23T22:40:10
1779,Let Asset,Furniture,2023-07-16,23476.14,10.0,Active,2016-01-21T07:44:09
1780,Eat Asset,Vehicles,2018-08-18,33010.91,10.0,Disposed,2022-03-23T04:58:21
1781,Analysis Asset,Tools,2022-12-07,40594.16,10.0,Retired,2025-06-14T04:16:03
1782,Help Asset,Tools,2017-04-10,49926.01,30.0,Retired,2022-02-11T18:35:51
1783,Name Asset,IT Equipment,2020-05-13,7754.50,15.0,Disposed,2016-08-03T16:25:08
1784,Free Asset,IT Equipment,2022-07-16,30127.11,30.0,Retired,2022-10-03T22:51:22
1785,Lead Asset,IT Equipment,2022-09-11,1153.82,30.0,Active,2025-03-15T06:10:02
1786,Meet Asset,Furniture,2016-11-05,37939.56,15.0,Retired,2025-04-27T10:44:49
1787,Every Asset,IT Equipment,2015-12-24,45859.88,5.0,Active,2020-02-15T08:36:40
1788,Attack Asset,IT Equipment,2021-08-20,66123.50,5.0,Active,2017-10-14T09:58:39
1789,If Asset,IT Equipment,2023-04-13,68108.73,30.0,Disposed,2015-12-29T00:58:36
1790,Raise Asset,Vehicles,2016-12-22,66322.01,10.0,Disposed,2023-09-15T16:15:25
1791,As Asset,IT Equipment,2020-07-02,58851.86,15.0,Disposed,2020-10-21T15:50:50
1792,Service Asset,Furniture,2016-10-28,22498.64,25.0,Disposed,2018-05-15T11:34:37
1793,Entire Asset,Tools,2024-03-30,52511.24,30.0,Disposed,2024-06-06T18:53:54
1794,Life Asset,Vehicles,2017-12-07,46581.08,30.0,Disposed,2020-04-03T13:08:06
1795,Speech Asset,Furniture,2021-06-25,818.70,30.0,Disposed,2025-01-17T00:14:11
1796,Then Asset,Furniture,2019-07-12,59606.72,5.0,Retired,2016-08-29T21:02:38
1797,Throw Asset,Tools,2018-04-09,11339.89,5.0,Active,2023-03-17T15:29:07
1798,Include Asset,Office Equipment,2025-07-30,33048.52,30.0,Active,2016-10-30T22:18:42
1799,Do Asset,IT Equipment,2023-12-26,47754.07,30.0,Disposed,2017-07-05T02:24:12
1800,Tough Asset,Tools,2024-02-16,38471.37,15.0,Active,2020-09-05T10:08:22
1801,Effect Asset,Office Equipment,2022-07-15,69414.35,20.0,Disposed,2016-05-01T03:12:40
1802,Trip Asset,IT Equipment,2019-04-06,35268.32,25.0,Active,2015-12-04T01:53:52
1803,Customer Asset,Office Equipment,2021-01-04,49753.52,25.0,Retired,2017-02-27T17:23:52
1804,Action Asset,Office Equipment,2023-05-19,36386.84,30.0,Retired,2018-04-22T23:58:41
1805,Board Asset,IT Equipment,2023-04-27,73016.22,30.0,Active,2024-12-18T13:01:47
1806,Also Asset,Vehicles,2023-03-27,1674.61,20.0,Disposed,2023-07-22T10:43:09
1807,Employee Asset,Office Equipment,2018-07-09,56028.86,15.0,Active,2019-05-24T09:53:35
1808,List Asset,Tools,2024-08-20,45569.70,20.0,Active,2020-07-04T15:00:03
1809,Recent Asset,IT Equipment,2017-03-10,49340.95,10.0,Active,2019-03-23T03:54:47
1810,Better Asset,Office Equipment,2025-08-09,50289.67,25.0,Retired,2023-08-03T15:12:29
1811,Sort Asset,Furniture,2022-07-20,6765.97,10.0,Retired,2019-05-18T07:52:11
1812,Join Asset,Office Equipment,2020-10-04,9660.73,5.0,Active,2018-04-11T18:12:32
1813,Account Asset,Furniture,2023-01-18,64028.04,30.0,Active,2020-06-08T20:07:41
1814,Understand Asset,Office Equipment,2025-02-13,65627.88,10.0,Retired,2017-10-28T04:01:39
1815,Small Asset,IT Equipment,2025-02-11,9917.66,10.0,Retired,2019-07-21T20:02:33
1816,Executive Asset,Tools,2019-09-14,14543.79,5.0,Disposed,2023-08-18T21:33:52
1817,Glass Asset,IT Equipment,2017-12-23,39297.28,5.0,Active,2022-07-17T05:14:12
1818,Land Asset,Office Equipment,2017-03-09,790.59,30.0,Retired,2023-07-06T22:19:14
1819,These Asset,Vehicles,2023-07-10,77152.07,30.0,Retired,2016-05-24T23:22:37
1820,Compare Asset,Furniture,2022-07-20,43937.56,25.0,Retired,2020-03-11T22:50:11
1821,Recent Asset,Tools,2024-07-28,74196.28,15.0,Retired,2023-11-13T18:58:54
1822,Order Asset,Vehicles,2023-03-02,45958.34,5.0,Active,2019-12-12T16:40:41
1823,Then Asset,IT Equipment,2016-01-15,65531.21,10.0,Disposed,2020-01-30T15:57:17
1824,Health Asset,IT Equipment,2020-10-31,33934.08,20.0,Retired,2020-05-20T13:04:35
1825,Air Asset,IT Equipment,2022-09-05,42557.49,10.0,Active,2022-03-25T09:30:26
1826,No Asset,Tools,2020-01-02,36646.47,10.0,Retired,2017-08-27T04:40:05
1827,Beautiful Asset,IT Equipment,2023-04-20,43835.83,30.0,Retired,2023-12-19T03:35:46
1828,Catch Asset,IT Equipment,2017-12-03,61955.83,5.0,Active,2021-05-06T23:16:19
1829,Talk Asset,Furniture,2021-02-24,3789.19,20.0,Retired,2024-03-09T05:52:19
1830,Cold Asset,Office Equipment,2018-10-26,3409.93,10.0,Disposed,2023-12-29T10:43:26
1831,After Asset,Tools,2018-10-24,7471.07,5.0,Retired,2024-05-08T04:36:29
1832,Three Asset,IT Equipment,2017-07-24,15433.32,20.0,Active,2022-04-20T09:36:26
1833,Add Asset,Vehicles,2017-10-10,20317.72,10.0,Active,2018-08-29T20:03:15
1834,Process Asset,Furniture,2015-12-20,77316.62,25.0,Retired,2024-09-14T03:09:11
1835,About Asset,Furniture,2022-12-18,40523.88,25.0,Retired,2020-03-15T10:20:20
1836,Certainly Asset,Tools,2022-06-20,13249.43,10.0,Retired,2021-12-23T13:39:56
1837,Free Asset,Furniture,2025-03-20,3487.10,10.0,Retired,2024-10-17T12:26:03
1838,Memory Asset,Furniture,2024-09-25,14640.01,15.0,Disposed,2024-07-28T14:47:56
1839,He Asset,Tools,2019-09-19,46612.86,25.0,Disposed,2022-05-03T22:49:39
1840,From Asset,Tools,2019-08-28,34180.28,20.0,Active,2025-09-28T22:09:36
1841,Officer Asset,IT Equipment,2018-03-11,26985.27,30.0,Retired,2018-11-01T08:05:20
1842,Happy Asset,IT Equipment,2023-04-06,30297.66,10.0,Disposed,2023-01-22T02:41:52
1843,Opportunity Asset,Vehicles,2018-02-24,18503.89,5.0,Disposed,2020-08-19T13:12:07
1844,House Asset,Vehicles,2021-07-14,79730.52,10.0,Active,2021-10-23T01:36:49
1845,Open Asset,Vehicles,2017-11-23,47489.19,25.0,Disposed,2020-04-16T14:39:41
1846,Head Asset,Tools,2018-09-15,78927.01,20.0,Active,2023-09-29T17:39:33
1847,Sit Asset,Furniture,2025-06-01,56596.06,30.0,Active,2021-02-26T06:00:44
1848,Exist Asset,Vehicles,2017-07-29,44499.17,15.0,Disposed,2022-09-29T08:45:06
1849,Environmental Asset,Tools,2023-06-04,61145.21,10.0,Disposed,2023-04-20T11:32:12
1850,Company Asset,Vehicles,2019-09-17,19454.42,5.0,Active,2020-03-10T07:28:46
1851,Off Asset,IT Equipment,2024-06-02,78970.67,25.0,Retired,2024-01-10T19:31:25
1852,Degree Asset,Tools,2024-01-30,48908.79,5.0,Active,2025-10-12T16:07:05
1853,Safe Asset,Vehicles,2021-12-07,5016.84,30.0,Retired,2019-05-27T03:27:15
1854,At Asset,Office Equipment,2016-09-09,68923.46,10.0,Retired,2018-01-03T02:30:52
1855,Eat Asset,IT Equipment,2025-05-04,35912.24,15.0,Disposed,2016-02-28T14:20:40
1856,Know Asset,Furniture,2021-06-03,55669.58,20.0,Disposed,2018-05-11T04:03:02
1857,Recently Asset,Office Equipment,2023-07-02,50345.06,20.0,Active,2021-06-29T04:27:46
1858,Laugh Asset,Tools,2025-07-20,22832.75,5.0,Retired,2017-06-25T23:38:56
1859,Fish Asset,Vehicles,2019-06-20,52747.42,25.0,Retired,2016-02-04T03:15:44
1860,Town Asset,IT Equipment,2021-07-12,52778.03,20.0,Active,2025-03-10T19:46:57
1861,Provide Asset,Furniture,2018-04-24,13527.30,5.0,Retired,2025-08-16T07:09:44
1862,Yet Asset,Vehicles,2021-04-04,46186.26,20.0,Retired,2017-08-08T10:35:39
1863,Morning Asset,Vehicles,2018-12-28,50988.39,5.0,Active,2021-10-07T19:08:10
1864,Investment Asset,Vehicles,2019-07-25,75784.25,10.0,Retired,2018-12-07T08:31:26
1865,Never Asset,IT Equipment,2017-05-12,22722.36,10.0,Retired,2023-02-23T14:42:08
1866,Plant Asset,Office Equipment,2017-07-04,34399.92,15.0,Disposed,2018-09-07T00:02:13
1867,Hope Asset,Furniture,2020-01-12,39593.76,30.0,Active,2021-08-13T17:21:18
1868,Beautiful Asset,Office Equipment,2023-05-17,15047.59,15.0,Disposed,2016-07-20T07:30:25
1869,Bring Asset,Furniture,2025-05-25,76537.08,30.0,Active,2023-07-18T19:43:36
1870,Floor Asset,Vehicles,2021-05-26,16739.75,5.0,Retired,2019-05-07T21:02:41
1871,Rich Asset,IT Equipment,2023-01-28,24302.60,20.0,Active,2023-01-13T10:45:54
1872,Act Asset,Tools,2021-11-19,4097.84,20.0,Active,2023-12-20T14:17:28
1873,Series Asset,Tools,2018-09-05,27308.46,5.0,Active,2021-04-17T09:31:03
1874,Audience Asset,Office Equipment,2023-10-23,11200.18,15.0,Retired,2019-10-13T19:42:59
1875,Much Asset,Vehicles,2020-04-24,32386.61,15.0,Retired,2017-11-08T03:57:39
1876,Hair Asset,IT Equipment,2022-06-19,62165.86,15.0,Retired,2023-10-03T04:07:37
1877,Sea Asset,IT Equipment,2022-06-13,6610.39,30.0,Active,2016-10-13T06:36:18
1878,Public Asset,Furniture,2017-05-31,19918.36,15.0,Disposed,2020-09-15T01:46:53
1879,Ever Asset,Vehicles,2017-05-05,72902.06,30.0,Disposed,2025-07-01T07:58:05
1880,Fast Asset,Office Equipment,2019-09-16,56142.27,15.0,Retired,2022-03-02T22:20:08
1881,To Asset,IT Equipment,2019-02-05,29774.14,20.0,Retired,2017-05-03T19:29:03
1882,Safe Asset,Tools,2019-04-03,48152.76,15.0,Disposed,2021-01-22T02:48:45
1883,Would Asset,Tools,2021-08-25,10611.64,5.0,Retired,2023-10-05T12:59:09
1884,Teacher Asset,Furniture,2023-09-22,6415.86,20.0,Active,2016-08-13T23:13:58
1885,Never Asset,Furniture,2018-04-18,6203.69,10.0,Retired,2022-07-03T18:30:31
1886,Head Asset,IT Equipment,2023-06-04,73043.31,20.0,Active,2023-02-19T20:40:33
1887,Maintain Asset,IT Equipment,2021-05-17,43576.08,20.0,Active,2019-07-25T01:45:20
1888,Bill Asset,IT Equipment,2025-03-04,33574.80,5.0,Retired,2020-01-26T18:37:59
1889,Western Asset,Furniture,2017-02-09,51539.99,10.0,Active,2019-12-07T03:15:58
1890,Newspaper Asset,Vehicles,2016-12-26,9196.59,10.0,Disposed,2023-01-01T17:37:09
1891,Change Asset,Tools,2021-02-03,63343.41,20.0,Retired,2023-04-14T09:00:05
1892,Character Asset,Furniture,2018-06-04,50996.11,25.0,Active,2019-12-23T19:39:57
1893,Player Asset,Office Equipment,2019-09-02,8221.48,20.0,Active,2021-02-26T21:05:44
1894,Human Asset,Vehicles,2015-12-05,58186.78,10.0,Retired,2016-01-04T08:55:48
1895,Upon Asset,Furniture,2024-04-25,57065.00,5.0,Disposed,2021-11-26T08:08:39
1896,Such Asset,Vehicles,2025-03-02,31451.94,10.0,Disposed,2020-10-29T11:42:05
1897,Evidence Asset,Vehicles,2020-10-10,3077.41,5.0,Retired,2016-01-16T19:00:44
1898,Those Asset,Office Equipment,2020-08-11,77722.62,30.0,Active,2020-07-12T21:58:54
1899,Space Asset,Vehicles,2018-09-02,44936.01,5.0,Active,2023-04-03T20:55:17
1900,Try Asset,Tools,2015-11-17,64071.83,20.0,Active,2019-03-25T03:42:32
1901,Strong Asset,Office Equipment,2018-03-28,73002.34,5.0,Disposed,2017-03-30T20:02:15
1902,Attorney Asset,Furniture,2018-07-05,75534.32,15.0,Retired,2016-10-13T00:20:17
1903,Food Asset,Tools,2021-03-26,51919.41,20.0,Active,2021-07-03T11:41:39
1904,Concern Asset,Furniture,2019-09-09,54274.06,25.0,Disposed,2023-10-28T11:00:41
1905,Weight Asset,Tools,2021-10-26,50655.98,15.0,Disposed,2018-04-02T13:30:16
1906,Society Asset,Tools,2023-05-28,3424.78,25.0,Disposed,2017-01-28T09:33:11
1907,Out Asset,Tools,2016-10-30,49874.11,10.0,Active,2025-08-27T16:37:35
1908,Worker Asset,Vehicles,2018-09-04,67363.22,10.0,Disposed,2023-01-10T15:41:06
1909,Compare Asset,IT Equipment,2024-01-02,44386.31,10.0,Disposed,2021-06-21T02:05:28
1910,Eye Asset,Furniture,2024-08-11,17460.66,20.0,Active,2022-02-28T14:43:29
1911,Population Asset,Furniture,2018-01-04,27092.06,20.0,Disposed,2018-03-31T03:14:40
1912,Economy Asset,Office Equipment,2021-08-01,32254.75,20.0,Retired,2017-04-03T03:23:08
1913,Trade Asset,Office Equipment,2021-02-28,14438.30,25.0,Retired,2016-11-08T04:31:22
1914,They Asset,Tools,2022-10-16,66306.36,10.0,Active,2025-07-29T12:49:44
1915,Exist Asset,Furniture,2018-06-12,52196.65,15.0,Active,2021-06-07T00:21:15
1916,Agree Asset,Office Equipment,2022-06-19,23022.32,15.0,Disposed,2016-10-09T17:41:52
1917,Big Asset,Furniture,2022-11-23,36021.53,5.0,Disposed,2016-12-14T03:47:36
1918,Matter Asset,Furniture,2024-12-24,61926.75,30.0,Disposed,2023-03-28T03:57:59
1919,Fear Asset,Tools,2019-02-03,71013.36,25.0,Disposed,2021-08-29T23:14:56
1920,Suggest Asset,Office Equipment,2016-01-19,71155.04,15.0,Disposed,2024-12-02T16:01:05
1921,Pm Asset,IT Equipment,2023-10-21,32463.39,15.0,Disposed,2025-03-21T20:57:13
1922,Billion Asset,Office Equipment,2022-11-13,47336.44,15.0,Retired,2019-11-09T13:30:59
1923,Enough Asset,IT Equipment,2017-11-16,30515.76,20.0,Active,2021-02-03T00:10:49
1924,Rather Asset,Office Equipment,2023-06-20,14548.28,20.0,Active,2019-01-05T10:03:00
1925,Raise Asset,Office Equipment,2019-04-07,48416.83,30.0,Disposed,2022-12-30T14:13:04
1926,Already Asset,Office Equipment,2016-07-12,995.02,5.0,Disposed,2017-11-15T16:02:50
1927,Environment Asset,Vehicles,2019-06-14,40340.40,10.0,Retired,2015-11-06T15:46:09
1928,Drug Asset,Office Equipment,2017-11-01,65239.01,25.0,Disposed,2018-09-16T01:59:03
1929,All Asset,IT Equipment,2024-06-13,716.87,5.0,Retired,2020-04-14T09:38:14
1930,Nothing Asset,Office Equipment,2025-03-10,12542.64,5.0,Disposed,2017-11-13T02:43:08
1931,Green Asset,Office Equipment,2021-10-19,15836.86,10.0,Active,2018-07-30T23:01:19
1932,Hair Asset,IT Equipment,2024-11-06,37723.04,25.0,Retired,2017-06-27T15:08:06
1933,Particular Asset,Office Equipment,2017-06-24,67946.45,15.0,Active,2017-12-12T01:08:39
1934,Herself Asset,Office Equipment,2023-02-16,63431.77,30.0,Active,2016-02-19T00:08:09
1935,Us Asset,IT Equipment,2024-10-30,4465.63,30.0,Retired,2017-02-01T10:43:58
1936,Institution Asset,Office Equipment,2023-09-24,45568.40,5.0,Active,2022-05-19T18:35:54
1937,Social Asset,Office Equipment,2022-11-05,72459.32,10.0,Disposed,2017-09-21T08:51:47
1938,Room Asset,Office Equipment,2022-03-01,46539.35,30.0,Active,2022-01-14T04:02:17
1939,Mission Asset,Tools,2023-04-23,64751.13,15.0,Retired,2020-10-24T10:00:12
1940,Yeah Asset,Furniture,2016-07-23,35515.42,20.0,Retired,2025-03-16T04:45:58
1941,Billion Asset,Tools,2025-06-06,72586.31,10.0,Retired,2022-07-28T03:08:17
1942,Well Asset,IT Equipment,2017-01-01,30153.58,25.0,Disposed,2024-07-30T04:28:25
1943,Involve Asset,Tools,2021-10-03,38686.58,10.0,Retired,2024-08-05T21:18:52
1944,Remember Asset,IT Equipment,2019-10-14,71379.63,30.0,Disposed,2016-03-21T04:04:35
1945,Parent Asset,Tools,2021-07-03,37215.79,10.0,Active,2025-08-03T22:00:00
1946,Choose Asset,Tools,2018-03-29,65151.14,25.0,Disposed,2017-06-23T23:50:27
1947,Land Asset,Office Equipment,2021-06-05,41395.42,25.0,Disposed,2023-12-09T15:42:23
1948,Laugh Asset,IT Equipment,2024-12-17,79884.87,20.0,Retired,2017-08-07T22:20:39
1949,Bar Asset,Office Equipment,2022-03-31,25577.00,15.0,Disposed,2018-10-24T12:55:35
1950,Look Asset,Tools,2024-01-21,79355.79,10.0,Active,2021-03-14T21:27:20
1951,Family Asset,Vehicles,2024-06-15,22703.45,25.0,Retired,2024-01-31T03:28:55
1952,Black Asset,Furniture,2022-09-03,16570.49,15.0,Active,2016-11-02T18:53:29
1953,Money Asset,IT Equipment,2016-05-10,4205.78,15.0,Active,2021-03-08T02:16:23
1954,Mother Asset,Furniture,2020-03-18,27872.09,30.0,Retired,2022-11-14T10:11:10
1955,Size Asset,Furniture,2024-12-08,15986.35,10.0,Disposed,2020-04-04T08:54:18
1956,Enough Asset,Vehicles,2016-10-15,33089.20,20.0,Retired,2020-05-14T00:50:08
1957,Raise Asset,IT Equipment,2020-11-12,79938.43,10.0,Disposed,2020-04-23T23:21:13
1958,Public Asset,Tools,2017-03-18,21587.97,5.0,Retired,2020-03-06T15:00:14
1959,Bill Asset,Vehicles,2020-05-20,29462.51,30.0,Active,2015-11-18T22:00:16
1960,Pattern Asset,Furniture,2025-05-27,1524.57,10.0,Disposed,2024-07-23T09:16:37
1961,Significant Asset,Furniture,2016-11-25,48215.57,30.0,Disposed,2021-07-30T10:50:40
1962,Message Asset,Tools,2018-12-31,39856.84,15.0,Retired,2016-10-04T22:18:37
1963,Someone Asset,Tools,2017-02-01,78873.40,10.0,Retired,2018-12-27T20:02:58
1964,None Asset,Tools,2024-02-24,68057.70,15.0,Retired,2020-05-01T01:49:21
1965,Much Asset,Vehicles,2025-01-06,77922.99,10.0,Disposed,2023-02-20T03:17:12
1966,Their Asset,Office Equipment,2016-05-28,74235.33,15.0,Retired,2021-06-24T20:47:30
1967,Rate Asset,Office Equipment,2017-05-25,62511.47,20.0,Active,2016-06-13T04:42:27
1968,Particular Asset,IT Equipment,2018-03-10,77456.89,20.0,Retired,2020-04-09T08:46:49
1969,Site Asset,Vehicles,2023-09-30,39238.41,15.0,Disposed,2022-10-08T09:25:46
1970,Dark Asset,Tools,2019-09-06,51965.42,15.0,Retired,2020-03-24T05:26:07
1971,Prove Asset,Vehicles,2016-01-09,42424.75,25.0,Active,2024-12-26T09:54:23
1972,Note Asset,IT Equipment,2019-08-13,78926.14,20.0,Disposed,2025-01-20T20:16:55
1973,Would Asset,Furniture,2024-11-12,46567.66,20.0,Retired,2024-03-24T11:39:04
1974,Specific Asset,Furniture,2019-08-13,50373.03,30.0,Active,2018-12-13T07:45:26
1975,Doctor Asset,Office Equipment,2021-02-24,32786.23,30.0,Active,2017-03-15T19:17:16
1976,These Asset,IT Equipment,2016-05-15,50724.54,20.0,Disposed,2017-03-22T02:33:22
1977,Ago Asset,Office Equipment,2015-11-13,45889.23,15.0,Retired,2017-06-23T05:52:47
1978,Ground Asset,Tools,2018-02-04,36730.53,30.0,Retired,2020-01-22T06:08:14
1979,Week Asset,Furniture,2021-10-06,67674.28,5.0,Active,2017-06-19T06:36:15
1980,Perhaps Asset,IT Equipment,2021-11-18,13654.14,10.0,Active,2023-02-09T09:37:43
1981,Statement Asset,Vehicles,2023-09-08,37236.90,20.0,Retired,2020-10-15T14:35:06
1982,Pm Asset,IT Equipment,2019-04-13,78173.25,15.0,Retired,2025-04-02T10:17:09
1983,Vote Asset,Tools,2022-04-28,27278.59,25.0,Disposed,2017-09-27T13:45:14
1984,Light Asset,Vehicles,2015-11-06,70268.04,10.0,Active,2016-10-06T03:13:26
1985,Analysis Asset,Office Equipment,2019-03-31,76170.63,5.0,Active,2019-09-13T19:04:10
1986,Note Asset,IT Equipment,2023-09-07,9691.04,25.0,Active,2023-12-18T10:05:55
1987,Letter Asset,Furniture,2017-06-12,22931.34,20.0,Disposed,2017-10-11T08:01:36
1988,Certain Asset,Furniture,2021-04-13,36657.26,25.0,Retired,2019-08-13T12:02:33
1989,Voice Asset,Office Equipment,2021-12-09,67424.88,30.0,Retired,2025-07-13T06:11:17
1990,Fall Asset,Office Equipment,2023-04-10,65111.78,10.0,Disposed,2023-10-10T19:39:32
1991,Throw Asset,IT Equipment,2020-10-14,69778.14,5.0,Active,2020-07-02T16:34:00
1992,House Asset,IT Equipment,2016-01-08,44817.33,10.0,Retired,2022-12-18T09:25:08
1993,Government Asset,Vehicles,2016-02-22,30222.61,30.0,Disposed,2021-02-08T08:31:23
1994,Style Asset,Vehicles,2017-10-30,8520.87,30.0,Active,2015-12-03T17:37:19
1995,Worker Asset,Furniture,2018-02-03,57613.01,20.0,Disposed,2020-03-29T16:51:47
1996,Real Asset,Furniture,2019-08-04,6678.51,5.0,Disposed,2024-03-17T21:40:36
1997,Across Asset,Furniture,2022-04-16,31590.61,25.0,Retired,2022-11-20T01:27:36
1998,Manager Asset,Furniture,2016-03-21,48153.81,25.0,Disposed,2019-11-05T22:44:29
1999,View Asset,IT Equipment,2020-03-16,10256.23,10.0,Disposed,2023-02-20T00:22:27
2000,Particularly Asset,Vehicles,2017-01-26,71589.96,25.0,Active,2025-08-14T16:29:36
