id,employee_id,date,status,note,created_at
1,1876,2024-10-24,Absent,Rest many alone listen key stock begin admit economic.,2024-01-27T04:27:55
2,894,2024-05-04,Leave,Economic all clearly almost something second.,2024-03-01T17:47:48
3,1062,2025-02-25,Absent,Marriage door mention stock.,2024-09-21T05:31:57
4,1727,2023-12-16,Present,Agency call author trouble yeah.,2024-08-26T04:10:39
5,82,2025-01-26,Present,Environmental sport worker my tough.,2025-06-18T04:18:34
6,577,2025-03-06,Leave,Majority black large war interview weight.,2025-04-23T05:34:11
7,625,2024-09-03,Present,Plant particularly old poor off authority success western wife.,2025-02-23T08:42:54
8,168,2025-06-02,Absent,Understand property country training last draw.,2024-10-28T21:46:14
9,470,2025-07-22,Present,Visit report work sense fact threat subject join home size analysis.,2024-05-06T17:01:18
10,1145,2024-06-19,Present,Practice everything involve discuss my actually public per.,2025-07-12T02:41:14
11,1524,2024-07-11,Present,Draw response trouble level administration defense tell.,2025-07-19T19:48:07
12,744,2024-09-18,Present,Hospital make bar know religious.,2024-05-20T22:06:54
13,1163,2025-09-24,Absent,Billion little else order difficult born cost others seek.,2025-10-04T18:26:10
14,527,2024-12-11,Present,Yeah perhaps career organization science doctor.,2023-12-31T18:26:55
15,1868,2023-12-07,Leave,Type say interesting guy list amount shoulder real realize information.,2024-10-29T17:21:42
16,1919,2025-07-22,Absent,Chance family information do treatment base Democrat receive leave support.,2025-07-01T22:30:34
17,1039,2025-07-19,Leave,Product control community carry doctor let next whole kind until.,2024-08-13T09:41:20
18,791,2025-01-06,Present,Meeting happen interest anything heart commercial.,2024-10-28T13:29:20
19,887,2024-10-01,Absent,Try become white child air check gun significant protect author.,2024-02-02T05:52:10
20,299,2025-06-02,Present,Read moment though follow economic.,2024-10-01T02:59:19
21,129,2024-04-20,Absent,You weight us gun indeed than sea interesting him.,2025-08-23T07:50:01
22,41,2023-11-27,Present,Similar fight eat agreement happen away cultural high she.,2025-01-15T18:09:38
23,1665,2024-02-05,Absent,College business consider coach food along happy culture six.,2025-06-05T23:34:46
24,519,2025-08-27,Absent,Anyone according same own action.,2024-03-27T18:48:12
25,1612,2025-09-30,Leave,Position history resource give north.,2025-10-22T15:21:32
26,800,2025-04-24,Absent,Attention animal model offer which build guy ahead.,2024-06-25T08:20:14
27,670,2025-01-17,Present,Draw fight detail happen customer.,2025-03-31T17:11:12
28,1991,2025-05-21,Present,Look quite public structure concern east term door accept news.,2024-04-05T00:55:44
29,1447,2025-10-24,Absent,Back interest five century win fall black PM generation.,2024-04-15T01:38:05
30,1892,2024-10-29,Leave,Offer cold relationship over certain artist.,2024-05-28T15:19:40
31,321,2025-01-05,Leave,Thank sign key anyone.,2023-11-09T16:15:35
32,172,2024-08-12,Leave,Lose economy move tell goal at realize somebody wear happy.,2025-08-06T13:48:53
33,1359,2024-10-22,Present,Occur not my answer purpose.,2025-08-01T22:49:15
34,1876,2024-10-28,Absent,Mean too seek anything still physical scientist low rather attention.,2024-06-19T02:48:11
35,1708,2023-11-13,Absent,Whole be act song fish break left up class.,2025-02-16T11:50:42
36,1304,2024-09-29,Leave,Hospital Mr charge beyond music evidence firm their population.,2025-07-31T08:46:52
37,104,2025-06-25,Absent,Political machine it big maintain.,2023-12-07T07:23:01
38,1425,2023-12-22,Absent,Positive role plan tax whether.,2025-09-02T15:16:03
39,1941,2024-06-01,Absent,No machine color weight him.,2024-10-02T00:02:21
40,1266,2025-07-08,Absent,Follow build bad our laugh six defense.,2024-03-30T17:49:42
41,5,2025-04-23,Present,Think fact despite space appear.,2025-02-14T23:18:02
42,603,2025-10-11,Present,Lawyer foreign else sit as account can cup.,2024-01-06T18:45:24
43,1984,2025-09-13,Absent,Bring public sense side class your.,2025-02-15T17:08:07
44,1333,2025-02-14,Present,Consider hospital president position possible town important.,2023-11-09T22:21:23
45,858,2024-07-20,Present,Bill maintain sing next ability day cultural.,2024-02-29T08:41:15
46,502,2024-07-04,Absent,Time purpose ground never day past.,2024-02-15T14:49:46
47,368,2025-06-24,Present,Road word adult Mr next push from.,2024-05-07T17:15:28
48,237,2025-07-29,Leave,Difference opportunity perform these defense production soldier model sing future.,2024-08-25T03:24:08
49,949,2024-04-26,Leave,Allow paper gas skill occur daughter summer bill.,2025-09-18T20:18:52
50,657,2024-02-05,Absent,Material have consider star continue.,2025-05-10T23:05:27
51,1031,2025-09-11,Absent,The your natural plant number put.,2024-12-08T17:46:38
52,1020,2024-04-26,Present,Occur she student operation message.,2024-03-10T19:04:24
53,1729,2024-06-08,Leave,Company study certain act man cut more line.,2024-12-16T01:50:20
54,1970,2024-03-07,Present,Report control despite enter religious thus.,2024-06-29T04:44:12
55,315,2025-09-29,Present,Various during white like pass either it chair continue bit.,2024-08-09T04:48:46
56,317,2025-06-10,Present,Candidate better outside professional strong everybody power.,2025-09-06T15:48:22
57,821,2024-12-22,Present,Organization continue before knowledge guy fight.,2025-06-30T07:10:03
58,1414,2024-11-04,Present,Everything short outside across if control career seek occur early.,2024-11-30T22:13:13
59,1261,2023-11-16,Leave,Image manage would upon check.,2025-07-04T12:33:30
60,267,2023-12-19,Present,Seven kind late need garden early behind we soldier how.,2024-04-08T09:15:49
61,482,2024-06-04,Present,Have after general what half clear you.,2025-01-04T00:59:01
62,1594,2024-08-02,Leave,Large prove reveal consumer probably.,2025-10-03T10:23:29
63,851,2024-02-09,Absent,Situation home figure admit suggest life Mrs time church page.,2024-09-11T05:07:42
64,872,2024-02-14,Leave,School hope perhaps environmental at.,2025-03-07T19:30:44
65,1610,2025-03-21,Absent,Though church fly unit focus response cup no population his.,2025-04-25T16:19:26
66,574,2024-07-08,Absent,Concern time summer start indicate it main.,2024-12-13T15:50:14
67,1061,2024-12-25,Present,Major operation early cultural staff.,2025-01-16T09:48:45
68,365,2025-01-22,Leave,System middle blood tough continue soon laugh.,2024-08-10T01:34:04
69,1527,2025-07-01,Absent,High them whom minute rate where professor ball.,2024-07-07T14:20:25
70,1136,2025-05-24,Present,Without indicate identify determine section.,2025-04-04T16:37:30
71,1022,2024-01-28,Present,Money budget person feeling standard painting cold because stay.,2025-05-27T06:51:19
72,1260,2025-09-22,Present,Customer organization picture ability fall people relate whether candidate bill.,2024-11-15T14:22:18
73,90,2024-03-24,Absent,Level international control anyone force human debate position.,2025-03-30T03:48:36
74,1254,2024-03-02,Absent,Institution lot forward generation door small agree.,2024-10-15T15:43:05
75,472,2025-08-03,Present,Fill think course from job investment test.,2024-02-14T20:38:14
76,1430,2024-09-21,Leave,Seven cover far attorney pressure what type wish.,2024-07-15T09:44:23
77,1873,2023-11-05,Absent,Response dinner many memory house.,2025-02-18T07:25:11
78,855,2024-10-17,Absent,Left west enter toward piece perform.,2025-10-23T19:12:25
79,1776,2024-08-12,Absent,Sport do investment teach necessary technology forward.,2024-12-05T14:59:35
80,1552,2023-11-28,Absent,Effort nearly population up issue professional could prevent.,2025-01-08T01:05:59
81,358,2024-03-07,Leave,Staff box trouble financial space ok amount produce.,2024-03-10T12:56:07
82,775,2025-06-21,Present,Staff give evening loss support main point start.,2025-11-02T06:43:03
83,1296,2024-03-11,Present,Strong ok base well experience government.,2025-09-05T17:53:42
84,1941,2025-05-25,Leave,Surface understand onto sound Democrat decade actually appear good bring.,2025-10-30T11:36:20
85,1247,2024-06-28,Absent,Language before marriage plan body serve religious various knowledge true.,2024-03-15T23:26:50
86,1937,2024-01-28,Leave,Week almost investment level term.,2024-07-26T10:17:55
87,639,2024-12-05,Leave,Visit money government main from lawyer country reduce at.,2023-11-14T06:51:16
88,1226,2025-06-26,Present,At south health company level care gas.,2025-04-23T09:51:07
89,1858,2023-11-30,Leave,Outside herself lose scene trouble suddenly any final moment.,2025-09-29T06:32:20
90,86,2024-03-26,Absent,Team third eight figure large.,2024-07-02T15:57:12
91,1623,2024-08-21,Leave,Big staff pass about newspaper voice for.,2024-10-21T15:23:30
92,1010,2024-05-21,Present,True high hot international design eye PM most discuss.,2024-04-26T14:10:17
93,850,2024-04-12,Absent,True become right television like control.,2025-06-15T08:15:48
94,1683,2025-03-25,Leave,Draw by apply at week.,2023-11-07T15:05:58
95,672,2024-02-29,Absent,Kid they green between old.,2024-05-08T05:12:25
96,1701,2025-07-07,Absent,Season officer join player remember interest no agent policy but yard.,2024-10-05T23:16:36
97,1307,2025-01-21,Leave,Analysis all but can college fire near event budget.,2024-11-09T13:22:58
98,1739,2025-07-07,Absent,Fill study staff anything medical vote.,2024-05-05T02:21:20
99,1501,2025-09-10,Absent,Discussion may player that girl fund Republican blood.,2024-03-04T17:10:00
100,1863,2025-02-27,Absent,Exist thank light individual music investment talk this among.,2023-11-17T10:40:49
101,705,2023-12-13,Absent,Whole building writer floor factor.,2025-02-21T20:57:33
102,946,2024-11-17,Leave,Cup reach however protect scientist piece college industry line consider.,2024-06-13T00:58:51
103,1939,2025-06-23,Present,Big perhaps research region modern.,2024-06-10T01:11:48
104,503,2024-03-18,Leave,Radio free another maintain be price never enter sing chair.,2024-02-02T13:48:24
105,1670,2024-05-12,Leave,Bit tonight fine college here environmental.,2024-06-12T22:19:16
106,923,2025-02-05,Present,Improve design player everything language positive.,2025-08-17T01:07:33
107,706,2025-08-01,Present,Smile actually picture husband course try never debate.,2025-03-15T17:12:00
108,522,2024-04-18,Present,Issue head recently reach opportunity night foot shoulder month some.,2025-05-14T10:22:53
109,954,2024-09-08,Leave,General establish care may government operation.,2023-12-24T17:25:17
110,1529,2024-12-19,Leave,Mother structure continue rise national already provide ball.,2025-06-10T04:54:01
111,434,2025-03-26,Leave,Throw choose research travel child apply unit light some.,2024-06-11T20:07:24
112,1726,2025-03-24,Present,Direction enter billion poor likely explain skin degree.,2025-06-30T03:24:37
113,1068,2025-07-05,Absent,Husband fire yeah trouble his.,2024-05-23T07:28:42
114,1577,2025-04-01,Present,Sell daughter whether room family they day audience receive woman.,2024-01-16T10:09:38
115,300,2024-02-18,Present,Dog school character smile at cost.,2023-11-15T18:59:19
116,1651,2024-06-10,Absent,Yet resource include physical case notice center election family seat.,2025-02-27T08:56:33
117,1572,2024-01-05,Absent,Fact nature as make film several nature west different.,2025-07-22T03:41:49
118,873,2024-06-03,Absent,Movement Republican record high majority produce experience series pay certainly.,2025-10-28T05:33:44
119,527,2025-04-30,Leave,Job total whatever society term grow.,2025-09-17T19:03:05
120,1095,2025-03-07,Leave,Class opportunity look argue environment accept half here work.,2025-06-21T10:59:41
121,593,2025-04-04,Present,Catch movie both single large must history international war get study.,2024-02-12T17:02:25
122,1024,2024-02-09,Absent,Raise save sure customer break travel call coach.,2023-11-28T05:17:42
123,1574,2024-06-18,Leave,Remember pretty figure source may every.,2024-12-14T02:55:59
124,1578,2024-03-30,Absent,Stand debate three wall kind approach sport major.,2025-06-21T08:35:34
125,878,2024-01-24,Leave,Officer newspaper follow learn state kitchen beautiful may.,2024-06-19T06:17:55
126,626,2024-08-20,Absent,Pretty since explain guy traditional begin expect ago.,2024-05-31T15:47:50
127,1287,2024-07-20,Absent,Spring offer maintain training some clearly.,2024-06-07T12:52:59
128,1327,2024-03-22,Present,Participant road property option huge newspaper within.,2025-05-18T21:24:54
129,388,2025-07-17,Leave,These us fish mean north movement successful speech traditional.,2024-04-18T04:04:06
130,62,2025-05-09,Leave,Do law become prove they will age floor fly onto.,2024-07-11T23:05:59
131,58,2025-05-22,Present,Way wife poor level pull organization.,2024-06-15T07:41:51
132,1318,2024-04-25,Present,Turn network vote himself huge attorney world color certainly response.,2024-03-28T05:56:27
133,1741,2025-05-05,Absent,Produce particular argue effect.,2024-05-06T00:01:36
134,479,2025-03-25,Absent,Check onto building understand off.,2024-04-09T22:50:53
135,852,2023-12-06,Absent,Civil answer person concern machine project popular.,2024-05-27T04:23:52
136,1550,2024-06-01,Leave,We game mouth area audience tend without benefit.,2025-06-16T10:22:49
137,602,2024-06-05,Absent,Generation investment study anyone service.,2025-10-09T08:19:08
138,1842,2024-04-30,Present,Professional book southern there less high.,2025-03-23T04:09:51
139,1135,2024-02-22,Leave,Pick certainly if professor television one successful century hot.,2025-05-13T17:15:33
140,353,2024-12-31,Present,Difficult community box tonight check building coach property.,2025-01-12T16:35:48
141,280,2025-09-24,Present,Quite ever example choice grow avoid appear camera service.,2025-10-30T22:06:30
142,626,2025-08-18,Absent,City activity effort probably best officer.,2025-04-08T00:41:45
143,1482,2025-05-07,Present,Success possible rise foot large blue site painting.,2024-10-04T00:03:38
144,448,2024-05-13,Absent,Family gas responsibility owner.,2024-11-18T06:22:06
145,794,2024-12-08,Absent,Idea enough election free usually also me particular dinner.,2024-04-17T06:25:22
146,1055,2024-10-25,Present,Style ago for lead far per court long above option.,2024-08-04T06:46:01
147,272,2024-12-01,Leave,Respond hour read girl cost.,2024-06-03T19:41:45
148,1227,2024-12-05,Leave,Also size entire age three cold space way.,2024-09-23T20:35:23
149,1568,2025-05-10,Absent,Before strong maybe music space skin.,2023-11-14T12:09:51
150,1672,2025-09-10,Absent,Summer manager light than hospital consider.,2024-01-12T21:36:59
151,1578,2024-09-02,Absent,Party after forward leader case age forward able.,2024-07-01T01:51:55
152,1374,2024-11-25,Absent,Half world during of professor then employee adult individual.,2025-02-11T23:00:32
153,622,2024-02-26,Leave,Next partner young director friend guy could act himself half.,2025-08-24T06:16:19
154,1847,2024-10-01,Leave,Night instead capital cut more special be consumer street big.,2024-10-06T17:18:38
155,305,2024-01-14,Leave,Certainly then light maybe experience.,2023-11-29T09:02:06
156,11,2024-01-13,Present,Compare painting threat represent take claim face by them.,2024-03-25T18:53:38
157,1723,2024-07-29,Leave,Anything news economy street.,2025-08-03T01:59:42
158,1260,2024-12-22,Leave,Myself consumer just available about however.,2024-06-11T17:10:20
159,2,2025-06-20,Present,Have site improve success easy yeah.,2025-03-14T20:43:40
160,414,2024-03-23,Present,Tend certainly successful Congress draw decision impact successful bring.,2025-08-26T17:24:24
161,1658,2024-05-27,Leave,Several generation sport dog quickly go above down.,2024-06-28T22:01:22
162,956,2025-03-15,Leave,Staff fast mouth anything half interview best name PM fill out.,2024-01-12T02:52:47
163,813,2025-05-28,Present,According collection rest house door themselves sound anything positive remain.,2023-11-04T02:11:35
164,1623,2024-07-02,Leave,Describe raise cell national standard win threat know.,2023-12-03T00:40:59
165,160,2025-09-29,Absent,Agree respond property enter unit home question card a three.,2024-08-23T00:34:37
166,1377,2025-04-21,Absent,Message part small throw sign oil play then.,2024-02-24T22:00:17
167,987,2024-12-12,Present,Still increase to six white thousand.,2025-06-10T18:17:07
168,204,2025-09-26,Absent,These human grow box phone Mrs practice side matter respond century.,2024-12-29T08:37:48
169,1796,2025-01-28,Present,Ok dinner success learn political necessary rich stay number cut.,2025-09-03T01:27:29
170,236,2025-03-22,Present,Understand no culture past including safe get assume.,2023-12-14T05:45:46
171,730,2025-09-10,Leave,Amount send reduce head rather next thought forget.,2025-09-11T22:19:52
172,1582,2025-05-25,Leave,Upon certainly part exist western prepare real win new first.,2024-05-18T20:40:38
173,222,2025-09-18,Leave,Will election while wear.,2024-12-18T00:13:33
174,780,2025-07-24,Present,Itself most author born exactly wish participant cell person important behavior.,2023-11-13T14:05:58
175,434,2025-01-15,Present,Always black like maintain step model.,2024-03-17T21:23:35
176,725,2025-05-19,Present,Eat goal listen speech find require me.,2024-05-29T18:06:58
177,1249,2025-01-13,Absent,Detail political rise cut beat suggest.,2025-06-13T21:45:29
178,329,2025-07-14,Leave,Key we most million anything check southern company medical.,2024-09-05T06:09:32
179,151,2025-06-11,Present,Public war skill put sense.,2024-07-25T08:34:01
180,734,2025-08-16,Leave,Collection open radio to public.,2024-06-15T19:37:09
181,948,2024-09-05,Leave,Tough alone let real sea according reflect job offer want.,2024-06-15T12:22:07
182,1884,2024-12-07,Absent,Down role main large third.,2025-04-19T18:44:00
183,692,2024-03-07,Present,International movie talk worry threat through or.,2024-12-23T17:08:13
184,1182,2024-01-08,Present,Two quickly history from camera exist camera address adult resource.,2025-10-15T08:13:09
185,771,2024-08-09,Present,Several hair school certainly bit purpose spend.,2024-03-04T01:51:10
186,1840,2024-05-29,Leave,Effect week detail cause tree large wear raise.,2025-08-27T23:16:28
187,919,2025-03-26,Leave,Full improve table skin check.,2025-05-13T11:01:49
188,747,2024-02-27,Present,Care write human American mention itself option.,2025-07-11T12:26:12
189,756,2025-03-18,Absent,Stand next year car work.,2024-06-29T13:58:15
190,1680,2025-09-21,Leave,Drop personal plan cause close law case experience.,2024-01-12T10:11:33
191,1241,2024-03-31,Present,Some career street marriage support capital stage.,2024-01-10T07:21:32
192,248,2024-07-05,Absent,Music author likely call smile drug wait sing.,2025-03-07T22:38:20
193,132,2025-06-30,Present,Among none article common old mention make those produce to.,2025-10-07T15:50:27
194,1343,2025-10-28,Leave,Discover bad bring read room.,2025-03-08T21:24:18
195,1141,2024-04-13,Present,Time already rise style leader final sort involve.,2024-03-26T10:31:28
196,128,2023-12-15,Present,Sign analysis guess summer security.,2024-08-10T06:03:32
197,1320,2024-04-26,Leave,Guy example fact well wife line professional.,2024-05-31T18:18:15
198,1751,2023-12-23,Absent,Degree animal catch health after few buy trade.,2025-03-11T05:30:40
199,604,2024-03-05,Present,Son finish local institution watch on.,2024-05-18T20:22:36
200,31,2025-01-29,Present,Ability involve address its writer pattern middle director matter trip executive.,2024-09-13T14:55:57
201,285,2025-09-06,Absent,Economy cultural same brother left early anything same pretty control once.,2025-01-06T09:56:59
202,1000,2025-08-20,Present,Yet both middle grow decade example.,2024-08-10T14:53:20
203,284,2024-08-12,Present,Word in another probably blue everybody continue.,2025-03-07T20:21:37
204,1388,2025-06-11,Absent,Establish agent question save also.,2025-05-21T05:15:21
205,688,2025-01-17,Absent,Four pick whole technology investment set lay hand.,2025-09-10T10:37:53
206,1159,2025-04-27,Absent,Enjoy live history trial.,2025-07-31T18:16:07
207,300,2025-09-16,Absent,Subject baby heavy conference while watch individual keep news.,2023-11-10T05:36:06
208,1318,2024-08-20,Absent,Space question class garden report participant society someone.,2024-01-07T05:51:39
209,1288,2025-05-15,Present,Cause at along morning act article floor those information word.,2024-02-03T13:51:43
210,1134,2025-04-06,Present,Song success why among figure grow we before maybe type.,2025-02-25T08:50:27
211,1709,2024-01-21,Leave,Financial tax garden church sit Republican relationship new accept.,2025-10-28T12:36:35
212,1078,2024-10-16,Present,Floor eight detail suggest door front executive tend development tell.,2024-08-06T13:47:22
213,784,2023-11-03,Present,Firm center else well challenge energy message world industry.,2023-12-15T19:28:02
214,1914,2024-03-12,Present,Structure unit expert manage provide pick tonight fire bring you.,2023-11-20T23:42:54
215,1785,2025-03-29,Absent,Door store our lawyer north official walk about floor.,2025-05-03T16:51:47
216,1659,2024-10-29,Absent,Test human take crime court.,2024-04-27T08:44:33
217,855,2025-10-28,Leave,Argue national stuff remember size rise.,2025-10-30T12:26:39
218,464,2024-12-21,Leave,Cold any nothing a growth must.,2024-10-25T02:51:42
219,1314,2024-10-29,Present,Day produce son meeting art effect glass son either.,2024-04-05T23:33:00
220,180,2024-06-09,Absent,Run new measure option whose.,2024-11-25T18:33:39
221,505,2025-08-26,Present,Stage response message huge defense.,2025-08-31T01:54:07
222,1530,2024-11-22,Present,Weight stand day way huge.,2025-06-30T05:19:37
223,940,2024-01-31,Absent,Case theory citizen catch color state young big.,2025-10-12T10:42:46
224,469,2025-05-14,Leave,Above head work brother fear house kitchen.,2024-05-24T14:08:58
225,1031,2023-12-16,Absent,Especially whole child relationship special health official fund why here.,2024-03-29T21:27:35
226,161,2023-11-15,Absent,Edge thought eye forget audience remain role act idea available.,2025-02-01T06:04:03
227,223,2025-03-30,Absent,Car help inside ready.,2024-06-28T13:33:57
228,1742,2024-09-17,Present,Why into member real media.,2024-04-18T06:55:23
229,885,2025-03-17,Leave,Recently from ask continue shoulder indeed hold look local.,2024-04-07T14:05:12
230,1834,2025-05-04,Absent,Follow operation alone company front animal economy Republican watch.,2024-02-21T10:58:19
231,275,2024-12-21,Leave,Thus appear travel worker black else television.,2024-09-23T15:21:52
232,453,2025-10-20,Present,Car enjoy know education action well structure.,2024-03-11T13:56:40
233,1627,2025-08-06,Absent,Part model happen gas poor east.,2024-09-12T02:54:14
234,1373,2024-05-22,Absent,What our way image class let water her thousand.,2024-02-29T02:20:49
235,1497,2024-09-23,Absent,History letter risk interesting hard world.,2025-02-16T04:22:04
236,1820,2023-11-12,Present,Admit important education Mrs ask until make happen usually.,2024-08-15T00:33:24
237,577,2024-07-28,Present,Expert suggest three onto effort win far nice simply baby.,2025-08-23T20:29:00
238,1037,2025-09-13,Leave,House stock space garden strategy blood bring.,2024-01-08T01:49:44
239,414,2025-06-17,Leave,Fact threat list expect radio decade actually expert.,2025-09-21T04:24:25
240,1037,2024-02-09,Leave,Congress marriage none anyone street kid west work church.,2025-03-18T20:09:35
241,130,2024-03-01,Absent,More do sell paper if building.,2023-12-09T20:49:35
242,1019,2024-04-18,Absent,Attention father property force option design.,2025-04-15T21:24:33
243,1452,2024-08-04,Leave,Look at front someone would wait realize spend benefit actually thank.,2025-01-05T06:20:10
244,276,2025-06-13,Leave,Pass onto image pass threat.,2025-06-24T11:55:23
245,1107,2024-12-23,Leave,However week television doctor significant part body participant season since.,2025-04-21T10:23:39
246,1219,2025-05-22,Absent,Break effect necessary PM someone.,2025-09-23T03:42:55
247,1861,2025-02-09,Absent,Fish side instead compare easy when into main.,2024-08-18T19:42:57
248,1787,2024-05-06,Present,Issue behavior blue source area.,2024-02-16T13:09:43
249,729,2024-05-18,Leave,Them still behavior kitchen magazine box quite customer town.,2025-06-14T22:19:11
250,583,2025-09-01,Leave,Today world Mr street state eat.,2025-07-07T22:46:16
251,972,2024-10-28,Absent,Letter up grow their carry.,2025-01-30T20:36:40
252,505,2025-03-13,Leave,Remember attack hundred follow she police ago however.,2024-01-12T05:24:05
253,1619,2024-02-21,Leave,Idea able student simple road generation reveal.,2025-01-29T16:57:45
254,600,2024-11-10,Absent,Majority when subject finish seek pretty real nature woman magazine.,2025-06-27T04:55:43
255,1797,2025-06-29,Absent,Down clear future effect establish minute.,2025-04-26T03:20:40
256,274,2025-04-11,Leave,Fact peace leg hotel wide travel few.,2024-07-30T22:52:51
257,1943,2024-06-15,Leave,Else area western you mind.,2024-11-20T23:39:00
258,992,2024-05-04,Present,Nearly modern he serious gas not investment whatever.,2025-05-06T06:36:15
259,1335,2023-12-21,Absent,Son ahead try world soon school chair.,2025-04-17T10:47:38
260,684,2024-12-12,Leave,Middle truth no view enjoy close fire same far should.,2023-11-28T11:01:23
261,939,2025-01-18,Leave,Language avoid candidate administration hospital to image out.,2025-06-16T22:46:41
262,1139,2024-08-16,Leave,About less kitchen choice father modern sea.,2025-05-06T01:37:12
263,1113,2024-07-13,Present,End discover whole attorney usually anything clearly.,2025-10-15T21:43:15
264,384,2024-12-16,Absent,Light attorney effect already at chance pick interest show.,2024-06-07T09:19:07
265,697,2025-08-05,Absent,Good almost visit item air pay high.,2025-06-11T10:38:03
266,1418,2024-09-10,Absent,Paper cut report establish drop exactly last method employee Republican door.,2024-12-12T06:50:56
267,55,2023-12-24,Leave,Late store room find involve important scene stuff prepare other.,2024-12-08T16:58:10
268,1334,2024-12-20,Absent,Project television wonder top your occur until focus population traditional.,2025-10-01T09:51:31
269,311,2025-05-27,Present,Identify bed campaign beautiful help certainly yet.,2025-04-10T11:46:09
270,44,2024-08-23,Present,Money agree apply employee my oil blood society necessary age.,2025-07-23T08:34:02
271,231,2023-11-07,Absent,Two main little since girl allow both suddenly artist opportunity detail.,2024-03-18T21:22:48
272,1303,2024-05-31,Leave,Skin nice attack build law once usually value.,2023-11-17T22:38:47
273,1252,2024-08-31,Absent,Especially read student several have whose hit later focus foreign.,2025-04-23T05:30:26
274,243,2024-11-27,Present,Experience able visit sometimes on draw dark only population teach Democrat.,2025-10-23T21:18:00
275,1559,2024-10-20,Absent,Next region even tell these carry surface.,2024-04-06T19:58:16
276,913,2023-11-11,Leave,Growth prepare about lawyer fast radio much money attack.,2023-12-03T00:25:04
277,659,2023-12-31,Absent,Writer attack run stand their about.,2024-01-07T12:36:04
278,762,2024-07-20,Present,Certainly report well college something summer.,2024-10-12T23:21:58
279,1159,2024-10-14,Leave,Myself identify impact very ever matter.,2024-03-07T02:51:07
280,1713,2025-04-10,Leave,Turn response pay nothing parent research.,2025-09-30T06:27:45
281,65,2025-02-21,Leave,Billion meeting street teach painting per than thus appear report.,2025-01-11T20:36:54
282,710,2025-04-18,Absent,Price wife develop prepare something understand.,2024-09-29T05:25:34
283,1441,2025-07-04,Leave,Office modern short bag long this.,2025-05-24T19:05:23
284,1120,2023-11-14,Absent,Site recognize maybe sell computer break hard.,2024-12-19T05:03:29
285,788,2024-06-27,Present,Pressure whether nothing try growth more far special.,2025-07-30T09:24:19
286,2000,2024-08-28,Leave,Southern play audience call institution assume owner.,2024-12-13T20:39:19
287,883,2024-09-11,Leave,Though show store what.,2025-03-07T21:11:33
288,362,2025-03-02,Present,Go effort contain continue under determine president you group society write.,2024-01-01T09:24:55
289,486,2025-03-22,Leave,Sense raise teacher feel official establish.,2024-03-05T07:36:11
290,694,2025-08-24,Present,Record from conference modern line goal forward while hand real.,2025-10-08T18:40:13
291,1898,2024-06-11,Leave,Strategy ahead than party poor guy.,2024-04-12T06:08:04
292,1711,2023-12-24,Present,Threat something entire sometimes hand say man music himself beyond.,2023-12-27T14:55:39
293,67,2024-03-17,Leave,Foreign measure main network herself meeting large cup choice view.,2025-02-11T15:55:58
294,1376,2025-06-01,Leave,Area reduce population attention alone effect.,2024-11-19T00:20:40
295,1833,2024-08-15,Present,Across be fine almost collection break least.,2024-11-13T11:53:23
296,1341,2023-11-02,Absent,The radio institution fill like.,2024-01-12T00:56:50
297,1512,2025-10-09,Absent,Individual road hotel significant education.,2025-06-24T01:10:03
298,1930,2025-09-12,Present,Buy heavy really seven majority author visit.,2024-03-28T23:14:42
299,1219,2024-03-05,Absent,Model partner account tell thank employee.,2024-04-06T03:28:14
300,1763,2024-12-23,Leave,Industry through economic left safe more argue available break responsibility.,2025-03-10T15:20:16
301,376,2025-08-28,Leave,Reduce former data rate source approach.,2025-06-06T22:14:21
302,757,2024-11-21,Absent,Over nearly contain hit idea hit.,2024-10-30T13:29:28
303,1420,2024-03-24,Present,Example tonight cold appear.,2023-12-12T07:06:51
304,931,2024-03-30,Absent,Hard heavy practice oil continue.,2025-07-13T00:48:58
305,1369,2024-12-30,Leave,Month body sure behavior window collection analysis.,2025-05-02T19:34:51
306,447,2025-06-23,Present,More big cell project station.,2024-04-17T20:30:39
307,360,2025-02-04,Absent,Then writer risk certainly establish.,2025-08-31T19:28:08
308,324,2025-01-22,Absent,Thousand skin surface run expect really sure street risk.,2025-09-27T21:26:18
309,742,2024-03-31,Leave,Development argue affect when.,2024-07-29T00:37:56
310,1474,2025-06-25,Absent,Turn prepare wait hundred front.,2024-04-29T18:34:09
311,1653,2024-04-24,Present,Company personal himself many dog officer reach.,2025-02-15T04:45:16
312,252,2025-10-13,Present,Build oil hair cause spring force pressure pressure somebody.,2024-01-28T04:21:46
313,195,2025-06-02,Leave,Debate police administration culture read actually spring.,2024-09-21T05:41:52
314,1668,2023-12-14,Present,Human compare author smile hit administration give nothing structure.,2024-02-12T02:39:00
315,129,2025-08-27,Absent,Allow movie center stop large try.,2025-07-14T01:25:25
316,719,2025-05-27,Present,Fall ago their along manager author though should sign or material.,2025-06-09T22:59:04
317,1005,2025-10-31,Present,Minute receive room brother here hot.,2024-09-13T12:05:05
318,1367,2023-12-02,Present,Share themselves compare year indicate window ask.,2025-02-20T19:52:40
319,748,2024-02-12,Leave,Receive beautiful wall out news help right evening pay.,2024-06-06T01:06:21
320,402,2025-02-16,Absent,Federal effort me up measure trial record side professor part.,2023-11-18T11:52:48
321,291,2025-07-21,Absent,Weight realize education price any important PM anyone their.,2024-09-07T03:52:55
322,1705,2024-05-02,Leave,Music decade bag effort on old.,2025-07-14T08:06:28
323,1295,2025-05-24,Present,Identify contain buy model operation education party.,2025-05-10T15:28:28
324,255,2024-02-21,Absent,Close exist performance majority rather tree.,2025-06-06T12:34:43
325,178,2025-07-08,Absent,During country town design imagine air discover candidate.,2024-05-14T09:52:08
326,879,2025-05-25,Leave,Consider course pressure drug that stop citizen experience officer speech.,2024-10-06T04:12:29
327,633,2025-05-16,Absent,However particular stuff their hospital yard fill.,2024-08-14T16:54:50
328,452,2025-06-01,Leave,Wind that at pull gun lose central son wind.,2024-07-26T00:35:24
329,1015,2024-09-15,Leave,Throw will majority if animal state eye.,2025-02-12T04:05:15
330,975,2025-06-13,Present,Very bill radio with real foot kind top.,2023-11-03T08:24:17
331,938,2024-02-23,Present,Or most development whole girl.,2025-01-30T15:09:21
332,474,2025-03-07,Absent,Model near fear early let few page last art old.,2025-06-09T12:17:09
333,1948,2024-06-07,Leave,Chair product research month week table friend create hospital training.,2025-07-10T18:26:25
334,1811,2023-11-18,Leave,Establish energy choice summer possible.,2024-01-13T08:06:49
335,442,2024-04-20,Absent,Allow billion type capital political example part.,2025-09-09T09:35:45
336,1836,2025-01-29,Leave,Option meet everyone reduce rule better station activity.,2024-07-21T01:56:25
337,1371,2025-05-24,Leave,Would hope city every wall say significant rule position affect.,2025-09-05T11:53:18
338,1395,2025-10-11,Leave,Task despite phone who food chance fear.,2025-06-19T07:41:09
339,172,2024-06-03,Present,New body final opportunity feel number key quality.,2024-06-22T21:55:50
340,1872,2025-04-28,Absent,Stage single describe challenge business ten with method.,2024-11-15T14:02:07
341,1605,2024-08-14,Absent,Politics model system detail hundred someone us.,2024-01-30T17:30:21
342,1103,2025-02-13,Present,Could effect exist even stay middle star your.,2025-03-24T08:23:09
343,678,2025-05-13,Absent,National point crime moment grow physical important describe point whatever.,2025-02-07T03:34:24
344,326,2024-11-17,Leave,How move have catch past hour.,2024-04-14T15:01:29
345,1861,2025-01-28,Absent,Tree sister home almost method.,2025-02-01T21:32:07
346,437,2024-09-03,Leave,Husband anything event per customer policy commercial name.,2025-04-04T18:32:45
347,870,2023-11-05,Absent,Together politics nation both inside operation statement TV growth.,2024-04-18T04:35:50
348,408,2025-05-01,Leave,Wait seven paper drive.,2023-11-23T13:11:19
349,1595,2024-05-28,Present,Local Congress account individual brother.,2025-02-12T02:22:03
350,1753,2025-05-08,Present,Late offer fund heavy on join voice.,2024-04-14T02:57:30
351,882,2025-01-17,Present,Surface seat government soldier position yourself describe actually store direction arrive.,2025-09-19T23:59:48
352,1572,2025-04-08,Present,Heavy vote news newspaper wrong billion site like gun far.,2024-10-06T17:22:51
353,1,2025-10-28,Leave,Else lose sister class than single close money around.,2025-05-11T00:02:44
354,1228,2024-11-06,Leave,Service degree technology method however step for character opportunity.,2023-12-17T02:47:33
355,290,2024-05-01,Leave,Class four time bill situation music office but.,2025-03-09T00:52:38
356,862,2025-09-03,Leave,Same compare Republican scientist should rest begin out think.,2025-08-09T05:03:29
357,1093,2024-03-22,Leave,Compare wish around under want.,2024-03-09T17:09:24
358,1480,2024-06-01,Leave,Here level news single through itself apply moment local individual.,2025-02-13T23:49:23
359,975,2025-06-14,Leave,Job exactly play movement decade.,2024-03-23T22:02:27
360,601,2024-08-28,Present,Way family true cell bed.,2024-12-29T01:38:43
361,1366,2025-01-31,Leave,Now during hour stock who.,2024-05-07T19:42:40
362,967,2024-04-28,Absent,Success world it interesting character doctor eye single.,2024-11-25T11:56:30
363,677,2025-08-10,Present,Alone environmental pay term.,2024-05-25T16:50:45
364,645,2025-09-11,Present,Same campaign fire station nor develop.,2025-01-18T02:38:31
365,814,2024-09-09,Leave,Back identify firm simple notice century language loss behavior economic.,2025-06-19T16:56:51
366,901,2025-03-02,Present,Finally go language class purpose support protect.,2024-07-25T09:13:19
367,97,2025-05-25,Leave,Indeed crime since down toward process nature talk identify meeting.,2025-08-24T20:48:41
368,1209,2025-08-02,Absent,Pm dark cover foot under free old guess power.,2025-07-24T04:25:10
369,1764,2025-08-26,Leave,Contain better others lot enough pretty suddenly force help clear.,2023-12-02T02:24:52
370,1936,2025-01-03,Absent,Respond local employee turn bring three form throughout chance.,2024-03-23T00:05:57
371,74,2025-03-15,Absent,Situation everyone total take power serious performance.,2024-03-07T02:38:36
372,770,2025-05-15,Leave,Example threat increase explain air clearly student sport far.,2024-06-24T23:59:45
373,1215,2024-03-20,Present,Knowledge recently site seek clearly energy bit budget fish skill.,2025-10-24T20:22:18
374,1401,2024-09-16,Leave,Career every much bed party arm leader.,2024-08-11T11:18:06
375,264,2024-10-03,Leave,Detail measure recently office pressure too movement thing finally.,2024-04-14T15:37:12
376,1120,2025-02-06,Absent,Win point poor she question suffer truth.,2025-08-24T17:55:51
377,1978,2025-02-23,Leave,Peace director film top heart.,2024-11-30T05:57:04
378,811,2024-11-24,Leave,Something open street church ahead teacher area full.,2024-04-10T16:28:18
379,676,2025-08-14,Leave,Set ok assume blood enjoy off including range.,2025-06-01T01:09:17
380,1764,2024-02-15,Absent,Decision let worker fine wide experience national cost.,2025-03-14T11:19:20
381,597,2024-09-07,Present,Fire alone citizen amount move pass sign remember of according.,2025-04-13T15:28:02
382,861,2024-09-11,Absent,Common fish region live suggest wind.,2024-10-01T13:27:20
383,1683,2024-01-30,Leave,Produce blue control time goal program decade than.,2025-01-10T22:54:55
384,485,2024-06-21,Present,History go live study you part standard authority line live notice.,2024-09-28T17:09:44
385,204,2024-02-20,Present,Town mention life base many nature situation seven into western.,2024-08-09T06:46:43
386,179,2025-01-16,Absent,Performance end quickly to control send.,2024-03-10T07:21:45
387,782,2023-11-04,Leave,Increase pass base air operation.,2024-06-12T10:16:52
388,1449,2024-07-17,Leave,Law scene measure two century for media full throw adult.,2024-09-17T06:56:21
389,651,2025-03-22,Absent,Off explain already whether believe.,2023-11-16T04:09:26
390,1975,2024-07-14,Present,Consumer late city low born.,2023-11-21T07:14:16
391,349,2024-04-06,Absent,Somebody information thousand decision large drug fire reach check even.,2024-09-01T18:13:48
392,1533,2025-03-19,Present,Miss be according hold accept game technology.,2024-07-07T20:22:06
393,204,2024-05-22,Leave,Ahead water board garden close paper form partner no.,2023-11-05T07:22:25
394,85,2023-12-18,Absent,Offer none hard cultural very.,2024-12-06T22:46:04
395,1468,2024-11-09,Leave,Memory brother in often room guess back clearly.,2023-11-04T15:24:28
396,1345,2024-12-08,Present,Level past management something.,2024-06-10T00:50:55
397,1466,2025-06-28,Present,Marriage here apply picture also relate see office catch.,2024-08-01T10:02:33
398,1537,2024-09-15,Absent,Use put summer cold religious peace beyond go concern music.,2024-08-20T02:32:19
399,512,2024-05-12,Present,Hotel threat institution area fear deep add.,2024-05-31T09:48:39
400,473,2024-11-03,Leave,Thus tend sing save enter federal five account hit year budget.,2024-12-04T06:30:51
401,757,2025-10-04,Leave,Prepare necessary group life board citizen dinner image better enough.,2025-02-19T07:24:23
402,251,2025-07-27,Leave,Start PM available more forward their media grow throw born.,2025-08-13T06:04:24
403,667,2024-07-05,Present,Window whose west add central.,2024-09-26T03:25:54
404,297,2023-12-10,Leave,Season manager similar space toward program.,2024-10-18T01:05:16
405,1350,2024-04-09,Present,Live I particular better dream continue move source.,2024-08-06T16:08:46
406,876,2025-05-05,Absent,Already success leg tough fill success operation consider music name.,2025-10-19T17:17:11
407,818,2024-11-21,Present,Charge simple item scene member subject hit what.,2025-03-08T10:29:29
408,409,2025-09-28,Leave,Movie policy record miss moment water wind environment people office.,2024-07-01T12:11:28
409,1834,2024-05-09,Present,Particular sea federal look within.,2024-08-20T11:01:45
410,1714,2024-12-04,Absent,Method coach beat Republican full more happy.,2024-08-13T00:22:08
411,1505,2024-06-12,Present,Author make with allow more grow analysis order almost.,2025-02-08T19:09:08
412,1638,2024-05-04,Leave,Ability appear change outside painting minute.,2025-08-24T13:46:30
413,1056,2025-06-25,Absent,Onto final in begin simply suffer art magazine trial.,2023-11-16T02:11:37
414,161,2024-09-12,Leave,Call throw item hard such soldier.,2025-01-23T22:04:21
415,1373,2024-03-04,Absent,Necessary enter almost force level trouble significant free.,2024-12-01T12:22:38
416,1047,2025-06-24,Absent,Particular certainly serious wish hit able still similar best.,2023-12-01T23:09:16
417,1396,2023-11-05,Absent,Service represent discuss draw story bill protect school various.,2024-11-11T11:30:09
418,1953,2024-08-15,Absent,Plant or dark citizen break issue behavior financial itself.,2024-09-30T07:12:23
419,631,2025-03-08,Present,Population establish story pull minute stand system pass.,2023-12-12T19:51:10
420,61,2025-10-11,Present,House dog drop create course total.,2025-10-02T01:43:48
421,951,2025-05-04,Leave,Town next serious wish near heart around increase hot camera.,2024-10-24T05:44:28
422,599,2025-10-13,Absent,Actually from be bad know else president keep.,2025-02-14T02:50:24
423,1669,2024-09-21,Leave,Response sell itself real low central hair week become oil TV.,2025-03-14T18:38:51
424,1564,2025-04-26,Absent,Mother rather your east line system agent reduce court case look.,2025-05-28T03:26:09
425,1512,2024-06-30,Absent,Newspaper sell evidence four nation election suffer democratic enough same.,2024-09-05T07:04:12
426,961,2023-11-14,Absent,Great by rest we whom trouble.,2025-07-03T09:39:31
427,249,2025-01-04,Leave,Beautiful another one loss want Republican class society.,2025-10-18T22:05:02
428,1820,2024-03-07,Absent,Meeting image prevent sport industry recognize visit north this.,2024-04-16T19:22:18
429,1841,2024-12-29,Absent,Concern recent meet public wrong city guy he health stay.,2024-03-18T07:27:41
430,1684,2024-03-10,Leave,Particular set kid positive help last career.,2025-10-16T08:04:10
431,1690,2025-11-01,Absent,Sure responsibility mean statement be final affect science of.,2025-09-23T18:53:38
432,1778,2024-02-04,Present,Skill wonder cold describe.,2024-05-22T15:44:12
433,1027,2023-12-03,Present,Middle nation continue always example attorney cost.,2024-10-04T08:44:59
434,199,2025-04-04,Absent,Common road really visit quickly return little.,2025-10-29T13:22:42
435,501,2025-08-24,Present,Reach stay determine soon operation join sometimes.,2024-04-14T14:23:48
436,1552,2024-09-07,Present,Garden sister manager cover investment.,2024-03-08T07:56:28
437,1814,2023-12-07,Absent,Former first people statement light.,2024-09-16T18:20:46
438,455,2023-11-29,Present,Technology PM born dark television fall white allow.,2025-02-02T22:00:40
439,1446,2024-06-04,Absent,Training impact like relate policy nearly collection base.,2024-02-13T08:10:02
440,404,2024-03-09,Present,Which remember general trial baby.,2025-05-15T13:55:25
441,681,2023-12-25,Absent,Leader close fill military clearly beautiful chair product always audience.,2025-01-30T02:29:20
442,1505,2025-08-23,Absent,Under skin play lot just bit continue.,2025-01-09T21:04:28
443,949,2025-05-13,Leave,Something nation want very hear than down market.,2024-08-27T23:37:00
444,1036,2024-08-17,Absent,Industry debate contain any idea.,2024-01-03T11:52:15
445,828,2023-11-26,Present,Dinner book skill deal event boy test.,2024-11-03T18:42:00
446,929,2023-11-04,Present,Care important order religious.,2025-02-11T05:33:54
447,383,2025-08-10,Absent,Involve nor center cultural citizen economic.,2025-04-23T22:35:15
448,48,2025-08-22,Absent,Into actually increase lose him begin task after activity allow special.,2024-04-11T14:18:43
449,1473,2024-12-21,Absent,Such most my turn eight should situation short to.,2025-06-03T05:55:39
450,876,2024-10-13,Absent,Finally human industry crime sister nor western drug majority side.,2025-07-04T18:56:18
451,92,2025-08-22,Absent,Far consumer pressure budget central art.,2024-01-19T22:53:42
452,1179,2024-05-11,Leave,Least threat Mr do human.,2025-08-12T01:33:07
453,1380,2024-04-02,Absent,Support why amount large year defense move.,2025-02-20T20:20:05
454,40,2025-07-14,Leave,Be finally black yeah majority material talk factor.,2025-04-27T22:36:03
455,1918,2024-08-19,Absent,I international at office leader well color while least data.,2024-12-23T22:24:29
456,1458,2024-09-27,Present,Conference plant enter wrong news feel technology open.,2025-08-26T07:46:57
457,874,2024-06-19,Present,Hard center film small similar white.,2025-08-25T22:45:36
458,1943,2025-06-20,Present,Hear one start every operation.,2023-12-14T01:51:50
459,862,2023-12-06,Leave,Throughout thank consumer respond join force occur maybe.,2024-10-29T01:24:10
460,1263,2024-10-02,Absent,Already scene young nice choice suddenly where teacher magazine.,2025-08-25T16:37:27
461,763,2024-11-13,Absent,Conference general this agree step four never yourself art.,2025-01-16T07:14:22
462,1761,2024-02-28,Leave,Our not lose that well sea.,2024-05-22T01:54:40
463,429,2025-02-09,Present,Including American scene join him personal building to.,2025-10-19T04:29:17
464,790,2025-01-17,Absent,Production start her from religious before born.,2024-07-19T13:31:59
465,1017,2025-07-22,Absent,Capital case test watch alone if marriage knowledge force reduce wind.,2025-03-26T17:49:22
466,1773,2024-10-21,Present,Could phone catch unit movie very number.,2023-11-23T05:05:48
467,1329,2025-09-05,Leave,Deal open still answer future thought.,2024-02-10T05:10:54
468,532,2024-06-02,Present,Animal people stock city central benefit.,2025-09-28T04:14:05
469,370,2024-11-08,Leave,Somebody worker pick son including common.,2025-02-28T08:34:45
470,558,2024-08-25,Present,Almost product guess bar hour win wrong its.,2025-10-27T20:01:48
471,1382,2025-02-15,Absent,Picture start indicate our professional tend out reason unit.,2025-05-07T14:10:28
472,401,2025-03-10,Leave,Clear medical agency budget talk.,2025-04-07T15:49:45
473,893,2024-06-17,Leave,Republican often defense upon conference positive lot cultural.,2025-01-31T16:55:56
474,581,2025-01-14,Leave,Well politics whether machine catch turn born science.,2025-04-10T01:05:17
475,1729,2025-01-31,Present,Receive evidence me strong number writer thousand.,2024-02-19T20:08:58
476,652,2025-06-04,Leave,Time book argue population produce national position figure sort type maintain.,2024-07-02T02:16:51
477,1613,2024-09-14,Absent,Do heavy system require public cell call.,2024-12-17T03:40:42
478,103,2024-05-29,Present,Bit red too piece call.,2024-04-24T19:51:16
479,11,2023-11-17,Present,Remain dinner growth future maybe team.,2024-08-08T06:10:29
480,1131,2024-06-23,Leave,Million teacher local your nice rule today fight space those day.,2025-04-06T23:40:06
481,1406,2024-01-21,Present,Rock number own seek find technology professional style result certainly their.,2023-11-27T01:04:05
482,16,2025-05-19,Leave,Small should end seek expect turn.,2023-12-04T08:46:03
483,1000,2025-08-06,Present,Quite next scientist arrive ten upon.,2025-05-01T04:24:27
484,794,2025-06-11,Leave,Toward with people I perform music can off.,2024-02-13T01:21:15
485,444,2025-02-05,Leave,Live too lead street total level hit understand kind.,2023-12-18T07:48:08
486,1818,2024-07-31,Leave,Together poor sense cut consumer remain scene accept south kid author.,2025-05-16T08:22:44
487,250,2024-07-17,Leave,Bar protect perform check responsibility throw.,2025-08-19T04:19:49
488,442,2024-12-06,Leave,President away western easy thing science speech keep be be.,2025-03-19T14:38:49
489,1387,2025-06-18,Leave,Pick throw war allow training trade whether.,2024-08-03T08:14:23
490,1294,2023-12-02,Leave,Pattern behind assume material could.,2025-07-26T08:01:44
491,298,2024-01-09,Absent,Seem land section ready understand generation future market loss create.,2025-08-22T17:43:23
492,167,2025-03-11,Leave,Wrong along themselves why party security region show cold defense name.,2025-08-30T07:29:24
493,195,2025-08-13,Leave,Her majority mother writer.,2024-03-16T01:44:45
494,1214,2024-11-16,Leave,Explain low allow more.,2024-01-15T22:12:33
495,1653,2024-11-02,Present,Least send site structure physical.,2023-11-09T08:13:05
496,1145,2023-12-18,Present,Large act front method debate interview hope whether.,2025-01-14T14:41:45
497,1953,2025-02-07,Leave,Difference suddenly side ability pick job deal same bill network.,2023-11-08T00:57:10
498,1095,2024-10-23,Absent,If nation true degree purpose.,2025-04-15T19:41:04
499,1793,2025-08-06,Leave,Grow sometimes growth friend miss its stop wait experience.,2024-07-04T23:13:15
500,264,2024-09-21,Present,Modern probably television center fear.,2025-05-21T00:56:51
501,847,2025-07-29,Absent,Hear interesting eat suddenly because beat management.,2024-02-14T01:05:58
502,6,2025-11-01,Present,Necessary cost cost wonder attention tend.,2024-06-25T13:33:45
503,1737,2025-06-25,Leave,Someone give send unit television move.,2025-08-31T06:09:47
504,1957,2024-04-17,Present,Speech cost join argue somebody.,2024-09-05T04:56:29
505,954,2025-08-14,Leave,Between leg eight full church report along letter plan.,2024-12-08T02:51:12
506,742,2025-05-24,Absent,Offer stand build natural may billion agreement dinner again.,2025-10-13T14:27:32
507,863,2025-04-22,Leave,World money social figure improve then wife.,2024-07-30T14:50:01
508,17,2023-11-05,Present,Born we development significant write.,2024-10-21T14:59:09
509,1048,2025-08-23,Present,Total world with number myself others generation mouth.,2025-01-23T18:09:59
510,1977,2024-08-17,Leave,Matter son these person task.,2025-09-26T16:19:14
511,883,2025-03-24,Leave,Page to budget police some.,2024-01-02T21:26:38
512,901,2025-10-14,Leave,I hair dinner better high off contain science.,2025-07-03T06:58:56
513,1725,2025-09-14,Absent,Least make foreign leg father seem employee face various technology.,2025-04-15T18:12:34
514,1535,2025-07-16,Present,Simply argue majority western address throw federal government.,2025-06-11T15:47:25
515,259,2025-10-20,Absent,Month out someone day cell agreement.,2025-07-05T17:56:25
516,269,2024-04-01,Absent,According however someone better should owner surface late step.,2025-01-29T04:37:52
517,1223,2025-06-14,Present,Official simple white white white avoid form PM body professor order.,2023-12-29T16:29:55
518,684,2025-08-23,Present,Party here wrong statement bit which last.,2024-06-02T00:01:49
519,1406,2024-05-22,Leave,Able stock brother see painting police nation pressure.,2025-03-12T04:21:56
520,1259,2025-10-26,Present,Five seek upon last smile.,2025-08-12T20:49:53
521,345,2024-10-22,Leave,Cell could feel run.,2025-08-29T15:21:51
522,220,2025-04-23,Absent,Old century determine somebody professional movie door five type low.,2023-11-10T09:56:09
523,1787,2024-07-15,Absent,Build debate word sound each.,2024-12-02T07:52:58
524,691,2024-10-10,Leave,Road often effect magazine life.,2025-03-20T16:50:34
525,165,2025-01-10,Absent,Understand dream laugh southern analysis figure return she choice.,2025-03-22T04:18:39
526,1942,2024-10-20,Absent,List a former green plan expect kid continue member form.,2024-01-31T07:39:38
527,412,2025-01-04,Present,Appear central reason his.,2025-08-06T01:35:45
528,423,2024-05-10,Present,Citizen without difference apply really character fine especially.,2024-06-02T15:55:37
529,1733,2025-05-02,Leave,Throughout nearly ok cold ago agree art property.,2025-11-02T07:11:50
530,1573,2024-05-07,Absent,Hear still name party friend late first development single continue change.,2024-04-08T19:38:26
531,1845,2023-12-28,Absent,Old already old explain enough something.,2025-07-02T21:42:37
532,1167,2025-01-05,Present,Environmental stand garden seek pull Mrs.,2024-11-21T18:38:27
533,237,2024-07-28,Present,Order idea director someone want each Congress force again conference company.,2025-07-10T16:10:33
534,668,2024-08-29,Present,Certainly stuff population short high a full prove.,2024-10-17T20:53:31
535,1461,2024-01-02,Leave,Grow lay that decade yes.,2024-01-01T16:27:25
536,1002,2024-03-25,Leave,Put want discover site go leave network coach own door.,2024-07-25T23:08:12
537,1946,2025-09-24,Absent,Have society wrong fact pressure large within.,2025-05-21T08:02:13
538,1639,2025-08-30,Present,Huge option recent name here audience TV opportunity condition.,2025-03-11T11:15:57
539,1605,2024-09-10,Absent,Field seem moment sound sort art.,2024-03-10T07:17:53
540,702,2024-04-14,Leave,Record medical impact into feeling political ask owner green town.,2024-09-07T22:57:45
541,506,2024-03-24,Absent,Table member thus room position design top.,2024-01-30T18:59:42
542,867,2024-04-10,Leave,Maybe bad suggest fly.,2025-10-15T10:47:37
543,758,2025-01-09,Present,Glass focus entire situation customer word size information.,2025-03-12T20:02:23
544,191,2024-04-01,Leave,Also same not writer.,2024-05-05T16:56:35
545,1799,2024-07-14,Present,Prove home eight whom anything west.,2024-05-06T19:11:43
546,657,2025-07-28,Absent,Charge protect feeling certain yeah.,2024-11-20T22:29:51
547,1544,2025-04-16,Absent,Represent worker moment friend difficult.,2024-01-28T05:13:19
548,1283,2023-11-27,Absent,Politics price during still another think after dinner do industry.,2024-05-05T05:44:18
549,226,2024-09-05,Absent,Foot moment leave woman site health test job while.,2024-01-04T17:10:01
550,440,2025-10-14,Leave,Available some study western cup close.,2025-02-22T19:00:56
551,225,2024-06-01,Absent,Unit story speech cup special door.,2025-01-01T21:50:42
552,348,2025-07-13,Absent,Reason training section stage gun series.,2024-04-30T16:27:21
553,196,2025-01-13,Absent,Nothing move area lot finally forget from share perhaps.,2024-09-30T06:07:59
554,516,2025-07-21,Leave,Need view present forward study.,2025-09-01T19:09:27
555,1420,2024-08-23,Present,Generation blood possible practice trouble open.,2025-02-10T19:31:23
556,847,2025-04-03,Present,Teach live society she paper south kid paper federal person either.,2025-09-09T07:50:58
557,1096,2023-11-03,Present,Fire senior operation reality risk owner direction create.,2025-08-24T05:53:26
558,1779,2024-01-19,Leave,Per tax college respond poor.,2023-12-25T22:34:20
559,1936,2025-10-08,Present,Common serious subject production participant six.,2024-12-08T12:35:26
560,589,2025-05-25,Present,Or door step down affect official glass box argue system.,2025-04-24T15:13:53
561,480,2025-01-18,Absent,Street PM history leave thus police catch.,2024-08-21T05:21:34
562,49,2025-02-07,Present,Learn note point stay meet heavy cost eat officer child.,2025-10-13T09:54:17
563,414,2025-10-05,Absent,Seek cup city thank which should challenge shoulder.,2024-11-01T21:26:38
564,824,2025-03-29,Present,Purpose consider determine career ahead difficult join ready value.,2025-02-10T01:50:01
565,1462,2024-08-31,Absent,For ever whom article amount traditional PM ahead college.,2025-04-13T02:48:20
566,638,2025-04-09,Leave,Call perhaps section year individual security military appear important.,2025-08-02T06:23:43
567,852,2025-03-26,Leave,Far big do rise speech half certain.,2023-12-06T04:24:38
568,1969,2025-10-05,Leave,Whom must defense citizen help level care new everybody.,2025-02-19T23:00:19
569,904,2023-11-05,Absent,Country each foot customer speak mother company its.,2025-02-23T09:39:58
570,914,2024-02-20,Absent,Debate specific politics kind yet party war natural program also.,2024-11-02T04:21:48
571,1323,2024-03-12,Leave,Behavior training speak condition language loss.,2023-11-22T08:49:35
572,606,2025-08-10,Absent,Sport certainly night show too.,2025-01-12T06:43:09
573,1434,2023-12-12,Absent,Probably teach few land conference we ever.,2024-11-22T04:09:52
574,624,2024-11-24,Leave,Throughout clearly Mr most scene and.,2024-03-23T06:02:50
575,519,2025-08-14,Leave,Deep each responsibility couple country join skin quite.,2024-11-06T11:29:35
576,292,2024-10-29,Present,Though figure buy identify arm will.,2023-11-21T01:41:25
577,1056,2025-01-10,Absent,Toward law official husband party student mother.,2024-07-05T06:03:40
578,446,2025-07-31,Leave,Step positive carry measure very particularly his military early.,2024-05-24T12:07:34
579,1143,2025-09-25,Leave,Tough serious development push company individual sit.,2025-05-07T21:50:13
580,363,2025-01-11,Present,Computer himself site buy hear open.,2025-04-17T14:03:40
581,1553,2024-02-10,Present,Alone low sit reflect room just concern about yourself difference strong.,2024-08-28T00:46:57
582,1832,2025-05-14,Absent,Fund energy box discussion bill shake maybe bed Congress.,2025-05-07T15:17:47
583,1855,2025-07-14,Absent,Lot exactly organization specific cause five.,2024-01-26T21:03:28
584,1045,2025-01-11,Leave,Debate ever area time these state.,2024-02-29T13:42:14
585,1924,2024-09-25,Absent,Hotel use draw culture claim very general center.,2025-03-01T00:30:29
586,1963,2025-09-29,Absent,Out later every culture she sometimes.,2024-05-30T02:56:03
587,573,2023-12-16,Present,Ground throughout usually fund himself business thus customer also century.,2024-06-25T22:04:22
588,1843,2025-09-27,Absent,Stay something authority society among happen size might protect.,2025-03-12T10:44:19
589,119,2024-05-25,Present,Create west action consider reflect foot.,2024-02-26T05:00:48
590,1576,2024-11-10,Present,Reason scene nothing message career crime economy class people.,2024-07-04T12:02:04
591,698,2025-03-20,Present,Into story office effect board poor sell.,2025-03-21T11:26:03
592,426,2024-02-29,Absent,Much where significant return party him.,2024-02-08T20:49:44
593,1565,2025-06-18,Leave,Community clear prove recognize those wind.,2024-01-08T23:55:01
594,777,2024-07-14,Absent,Although laugh task thank action bed sense.,2025-04-23T05:26:09
595,111,2024-02-05,Leave,Building family challenge consumer increase.,2024-01-29T11:37:43
596,1444,2024-02-27,Leave,Clear like stuff almost wind into back.,2025-01-21T17:43:20
597,852,2025-06-16,Absent,It adult feeling back if road.,2025-02-14T16:47:05
598,1420,2024-05-16,Absent,Manager long site green will.,2025-07-29T19:43:48
599,1270,2024-11-21,Leave,Ready social five start issue.,2024-09-14T04:57:41
600,1884,2024-04-13,Absent,Teach garden partner strategy buy.,2024-07-23T13:10:17
601,1413,2025-07-31,Leave,Seven feeling charge outside success feeling report shoulder.,2024-06-26T05:36:24
602,449,2024-12-28,Leave,Item design sound example tree.,2025-09-06T23:07:42
603,1005,2024-11-30,Absent,Tend report give reflect none bank for.,2024-03-08T03:26:50
604,601,2024-12-27,Absent,Bar away get hotel deal thus property event.,2025-08-12T06:31:07
605,1812,2024-03-04,Absent,Just author two threat home treat wait be week best.,2024-08-08T08:47:55
606,161,2025-05-02,Present,Friend difficult treat large strong.,2025-10-15T01:18:51
607,631,2024-11-28,Present,Simply question always trial provide onto available off forget ability design.,2024-06-14T09:45:39
608,339,2024-03-27,Absent,News recently many about guy another attack cover together spring.,2024-09-03T10:05:42
609,1525,2024-04-26,Present,Series threat sometimes support wife bad fear agreement.,2024-08-26T20:37:22
610,1314,2024-06-20,Leave,Father five quickly identify deep many candidate them miss stage medical.,2024-01-11T21:34:13
611,1712,2025-02-19,Leave,Ability travel garden pass name amount too sing similar.,2023-11-18T07:01:59
612,1889,2023-12-10,Leave,Art into even owner travel work commercial teacher class.,2025-08-24T19:45:57
613,510,2025-07-24,Absent,Spend media throughout strong use big ground offer require rise.,2024-12-30T20:40:54
614,1770,2025-05-05,Present,Either watch thought item son good suffer office model high.,2025-10-24T20:22:12
615,53,2024-02-20,Absent,Decade hand once interview politics admit into concern somebody religious.,2025-09-03T20:37:08
616,755,2025-02-11,Absent,Why total close side.,2024-04-12T05:28:02
617,1694,2024-12-19,Present,Off change fish affect what training.,2025-08-07T09:50:40
618,1252,2023-12-09,Leave,Fear adult effort suffer throughout represent fight response mention.,2024-01-30T16:08:44
619,1485,2024-01-09,Leave,Final lead ago throw choose season scene national simple year.,2024-09-30T11:04:52
620,1934,2025-01-13,Absent,Hard control nearly we increase commercial current state the exist.,2024-07-26T13:05:15
621,864,2024-09-12,Absent,Training respond government indicate country air we change late them.,2025-04-14T10:23:19
622,751,2024-10-04,Absent,May language computer leg position answer.,2025-06-25T12:18:38
623,1566,2025-07-18,Present,Capital detail result bed anyone.,2024-03-10T23:52:22
624,1945,2024-08-18,Leave,Effect consider prevent health get.,2024-04-08T14:36:33
625,1584,2024-09-10,Present,Force staff Democrat player local glass show president fly.,2025-06-08T10:53:31
626,1796,2024-01-07,Absent,Marriage possible sometimes many significant character large bring agreement main.,2025-07-23T00:51:29
627,1676,2025-07-31,Absent,Fire every myself last draw end.,2024-01-19T13:08:05
628,1294,2024-02-26,Present,Push black can bag level.,2025-08-22T21:24:14
629,1776,2024-02-14,Present,Finally special director month what understand.,2024-12-16T22:25:35
630,1827,2024-01-18,Leave,Also tree environment owner east baby worker between white.,2023-11-28T06:36:11
631,478,2024-02-11,Present,Born finish writer friend concern production door old.,2025-01-14T21:51:41
632,770,2024-04-11,Absent,Decide manager else friend civil follow during land young kid.,2023-12-22T17:43:43
633,1751,2025-02-02,Leave,Up public true today especially lawyer bit recognize family that agency.,2025-05-18T16:08:07
634,998,2024-09-13,Absent,Be type add while six dark test.,2025-05-07T10:18:31
635,525,2024-06-15,Absent,Personal agree cut enough home report.,2025-01-14T06:23:20
636,1735,2025-03-07,Present,Continue indeed day film charge discussion west work watch.,2025-08-19T10:43:10
637,69,2024-11-07,Leave,Discuss husband million fine laugh he laugh whatever myself.,2024-03-30T01:13:19
638,1835,2024-10-30,Leave,Will point foot family tough expert training.,2025-01-24T18:48:20
639,1145,2023-12-11,Absent,Per world charge gun movement realize.,2024-11-15T16:08:15
640,416,2024-07-17,Leave,Check line impact wrong or move.,2024-06-09T09:38:17
641,961,2024-01-02,Present,Career better trial hair pattern blue.,2024-09-03T15:08:59
642,1535,2024-05-27,Present,Both suddenly show news hour guy act.,2025-06-18T00:25:14
643,1065,2024-09-07,Present,Lay report relationship body.,2024-11-22T13:25:30
644,1444,2025-09-11,Present,Energy middle language better rate.,2024-08-18T22:27:28
645,1848,2025-01-12,Present,Newspaper stock west it environmental natural report it.,2024-10-09T10:09:37
646,447,2025-01-19,Leave,Quality star head painting nature painting leader young image.,2024-10-04T11:08:23
647,1879,2024-09-21,Absent,Himself raise seat each sport for own significant material cultural black.,2025-06-18T18:40:15
648,73,2025-07-20,Leave,Again away whom body market technology because brother send benefit.,2024-07-11T17:51:28
649,1507,2024-09-10,Present,School style tell energy show research mouth special house tax.,2025-05-07T15:32:58
650,687,2024-04-27,Leave,But surface what provide it network between imagine meet.,2024-10-31T21:05:47
651,1547,2025-01-19,Leave,Section top white wonder adult year.,2025-07-10T20:07:40
652,376,2025-09-20,Absent,Kind any dream national town just fight population outside during health.,2025-01-03T03:39:37
653,1508,2024-07-26,Leave,Before back three follow animal situation represent ten.,2024-12-08T16:34:27
654,233,2023-11-27,Absent,Process you write add music size black writer.,2024-03-28T12:36:00
655,406,2024-03-31,Leave,Condition fight mean how listen agency present good whose though.,2025-07-10T04:19:32
656,1495,2023-11-19,Present,General company see bank true picture thus popular sister such.,2023-12-10T05:39:05
657,1671,2024-08-20,Present,Form that against baby street another take behind mind.,2024-08-17T18:30:29
658,433,2025-05-20,Present,Unit production collection better so save reality put cell everyone.,2024-12-31T06:18:29
659,1361,2025-06-26,Present,Guess front physical choice building view threat lose quite.,2024-02-10T22:20:34
660,896,2024-10-12,Absent,Understand quickly admit sea change answer open official.,2024-08-09T09:41:17
661,809,2025-02-08,Absent,Budget its see treat first.,2025-07-07T17:44:38
662,1846,2025-04-18,Absent,Yourself still network success business.,2025-07-11T21:27:42
663,1439,2024-03-31,Absent,Future tough article air interesting space person find thousand bad.,2023-11-22T21:14:18
664,198,2023-12-21,Leave,That majority simple detail glass conference receive can pretty.,2024-10-08T08:34:27
665,1909,2024-05-08,Absent,Interest hold indicate ball production.,2024-06-03T21:19:47
666,973,2024-10-28,Leave,Task green begin smile decision couple little determine environment.,2025-02-04T02:47:22
667,1620,2025-04-12,Leave,Stand tough citizen amount behavior young tonight month exactly.,2024-01-03T03:50:03
668,1021,2024-06-23,Leave,Without into upon shake style back character news in.,2025-03-19T18:29:58
669,1856,2024-09-08,Leave,Real energy would again care seat peace writer former.,2024-02-29T10:36:47
670,1275,2024-09-20,Absent,Manage free air until no attention chance.,2025-04-14T12:23:34
671,1078,2024-04-12,Leave,Nation bank result consider rest.,2024-01-10T00:30:40
672,1049,2024-07-14,Absent,Call effort or little any forget bar call.,2025-10-20T23:56:29
673,717,2024-09-20,Leave,Cover study then central guy call big.,2025-01-30T02:12:49
674,1282,2025-09-29,Leave,Like second water style citizen we.,2025-02-12T20:34:42
675,1486,2025-03-17,Absent,Property growth just peace meeting camera star computer board form.,2023-12-31T22:44:05
676,1269,2023-11-07,Leave,Strong nearly history question special suffer week.,2025-05-03T00:25:22
677,1801,2024-11-23,Absent,So fish pay everything name pressure best less popular community they.,2024-12-04T04:16:25
678,953,2025-02-03,Leave,Behind act small play everyone.,2025-01-10T05:22:01
679,1190,2025-05-08,Absent,Others left name mention society author.,2024-03-27T12:35:02
680,175,2024-04-12,Present,Seem career agreement hundred Democrat hospital exactly.,2025-01-31T19:16:13
681,599,2025-05-28,Leave,Seat indeed assume half front.,2024-09-21T13:46:49
682,178,2025-06-16,Absent,Size truth remain several pay board federal end.,2024-11-01T14:37:10
683,1879,2024-04-07,Leave,Apply assume page election sport voice.,2024-04-08T22:09:40
684,1726,2024-06-09,Absent,Employee include item single care fact human.,2024-11-11T12:50:36
685,854,2023-11-18,Present,Pretty support traditional hotel model reveal father much.,2024-09-05T06:28:36
686,1326,2024-12-05,Leave,Little candidate degree sport become good.,2024-04-15T18:07:43
687,111,2024-10-15,Absent,Movement meeting second before ask claim significant card.,2024-04-11T22:00:01
688,1207,2025-05-16,Leave,Past director drive still politics clearly.,2024-08-23T07:04:38
689,1860,2025-09-01,Present,Yes body red pressure wrong quality more administration.,2024-11-01T09:07:53
690,1639,2025-09-04,Present,Low experience buy cell similar agent save realize.,2024-06-04T02:15:56
691,1308,2023-11-25,Leave,Our and house wall.,2023-12-24T12:36:05
692,1170,2024-02-14,Absent,Fine others along important hundred watch station record include stay.,2024-08-20T09:09:07
693,198,2024-08-28,Present,Fly imagine weight dream manager administration organization detail.,2025-01-26T21:23:38
694,1104,2025-05-17,Leave,Then difficult remember thought hospital safe everybody training where shake.,2025-01-31T22:10:15
695,1972,2024-04-20,Leave,Within term style treatment information manager myself drive perhaps.,2024-07-06T07:14:31
696,1600,2024-06-08,Leave,Remember treat any rock.,2024-01-20T18:53:12
697,1868,2025-06-01,Present,Southern art attention take probably along investment seven.,2025-01-12T05:28:05
698,1943,2024-03-04,Present,Skin billion operation range trade east.,2025-07-24T07:53:40
699,1561,2025-08-07,Absent,Hundred in identify change big bank skill would use.,2025-10-28T08:42:36
700,1374,2023-12-21,Leave,Similar improve catch far anyone decade national garden less.,2025-10-13T08:16:06
701,1971,2024-01-19,Absent,Focus poor big return several.,2024-08-18T05:05:49
702,804,2024-09-08,Leave,Very wonder much goal why have.,2023-12-09T17:16:27
703,1755,2024-11-17,Absent,Particularly water choose executive site.,2025-08-07T10:52:21
704,1111,2024-12-02,Leave,Include deal yes TV partner material property central federal physical.,2023-11-14T19:39:59
705,1242,2024-01-28,Leave,Arm ago relationship term.,2024-05-25T18:44:49
706,1076,2023-11-12,Absent,Success science now bill coach near appear evening.,2025-01-12T13:23:09
707,300,2025-03-08,Present,Laugh fine far move staff.,2025-02-16T08:32:07
708,43,2023-12-02,Present,Station court how they office.,2024-02-25T03:30:20
709,384,2024-06-23,Absent,Remain feeling even describe.,2023-11-03T19:51:21
710,1924,2024-06-30,Absent,Store letter challenge skin standard crime move figure.,2024-08-10T17:23:17
711,124,2025-05-06,Leave,Specific money continue other consumer certain.,2024-03-20T15:30:30
712,468,2024-08-28,Present,While camera receive effect strategy camera entire be government allow.,2024-03-15T00:13:13
713,1799,2025-08-01,Absent,Fish huge push later hotel address his maybe my.,2025-01-31T11:42:54
714,1876,2025-03-12,Present,Actually clear book none young she.,2024-07-30T21:35:02
715,536,2024-07-05,Present,Forget present control draw responsibility real worry line free response.,2023-11-13T08:50:55
716,198,2025-04-25,Absent,Hospital hard anything case truth hard listen.,2025-09-19T21:06:56
717,1547,2024-01-15,Present,Build collection never report win return board clearly.,2023-11-25T22:20:34
718,81,2025-09-03,Leave,Position reflect power remain talk including also very able.,2024-06-11T13:23:58
719,908,2025-04-10,Absent,Final serve you break usually practice simply off couple.,2025-07-26T23:56:08
720,766,2024-10-10,Present,Girl family blood people nation audience current.,2024-01-17T05:38:38
721,1652,2024-01-19,Present,Television happen fill agency perhaps situation agreement sea feeling develop.,2025-04-04T22:59:07
722,443,2024-09-27,Absent,Their again service student good.,2024-02-23T23:41:10
723,365,2024-08-03,Leave,Care most gun throw race owner sport cell particular official.,2024-03-29T17:50:10
724,579,2024-06-08,Leave,Six across degree whatever.,2025-09-03T22:36:38
725,766,2024-01-22,Absent,Claim difference fast have short citizen.,2024-03-10T18:26:10
726,896,2025-10-29,Present,Line any charge five of.,2024-01-12T14:30:10
727,510,2024-11-12,Leave,Central over ahead usually recent kind.,2025-02-21T13:36:24
728,1292,2024-08-06,Leave,War itself decade pull writer painting color.,2024-10-20T21:48:09
729,856,2025-07-18,Leave,Body plant name reality chance stay scientist artist floor citizen.,2024-01-10T18:55:37
730,145,2025-08-10,Present,Reduce analysis life expert movement thank.,2025-03-05T02:11:22
731,1106,2024-12-08,Absent,Office number choose person often place view.,2025-08-26T03:26:33
732,1611,2025-01-18,Leave,Food could green case science talk.,2024-03-30T19:55:47
733,1393,2025-07-05,Leave,Mission free score option side process often effect nearly.,2024-10-14T05:00:24
734,338,2024-05-12,Leave,Know value picture teach surface phone.,2025-06-12T00:11:20
735,1210,2025-07-01,Absent,Represent yard and manage.,2025-10-03T01:38:23
736,111,2024-12-16,Absent,Along history or church improve film job traditional.,2025-06-30T03:09:19
737,1583,2024-07-21,Absent,Rule mission world decade not father shoulder.,2025-10-27T22:23:03
738,422,2025-05-20,Leave,Without trial whatever sense fine actually parent west.,2025-06-22T04:00:39
739,1960,2025-09-16,Absent,Affect this news mouth no body statement surface.,2025-11-01T06:23:45
740,1112,2024-08-05,Absent,East agent personal bit into term federal case whatever remember.,2025-09-20T05:30:49
741,816,2024-02-09,Present,Natural consumer require else road.,2025-05-04T06:23:09
742,294,2023-11-03,Leave,West range professional side hundred just.,2024-02-13T16:50:10
743,1539,2025-04-15,Leave,Nice pass whose force responsibility series billion small stop.,2024-09-16T22:30:47
744,919,2025-10-31,Absent,Sound especially learn public talk ability decision so manage political.,2025-02-08T01:41:53
745,1006,2024-01-06,Absent,Everyone style specific sell relate child learn.,2025-10-05T02:14:25
746,312,2023-12-02,Present,Act million plan contain new thus bank manage.,2023-12-20T15:42:25
747,1946,2024-12-05,Leave,Say very certain trial cut baby place.,2024-10-14T02:26:54
748,1926,2024-12-23,Present,Project anything election her.,2024-08-20T00:05:59
749,687,2024-09-25,Absent,Reflect build political finally always avoid network music.,2024-09-07T19:37:06
750,1293,2025-07-14,Absent,Approach general actually organization nor price hot create last.,2024-01-17T11:34:19
751,828,2024-01-24,Present,Without lot month month moment enter.,2025-02-04T09:30:09
752,575,2024-12-03,Leave,Small let full fine buy last enough relate act.,2025-06-14T23:12:38
753,465,2024-01-02,Present,Into military training fish year likely we sell note crime.,2024-10-07T11:23:45
754,706,2024-02-08,Leave,Line available will not machine.,2025-10-23T07:46:57
755,405,2024-05-07,Leave,Threat environmental family guess system process special after current laugh.,2024-06-04T18:40:19
756,1877,2024-09-22,Leave,Person list right according something pretty program west thing.,2024-04-27T19:14:41
757,1284,2024-03-17,Present,Few guy ability ground plant visit job.,2025-02-01T15:10:25
758,1401,2024-08-02,Absent,Impact common evening then result its bring no something.,2024-11-26T17:38:12
759,1144,2024-08-04,Leave,Hour court dream subject operation trade example.,2025-10-29T09:30:33
760,1181,2025-10-02,Leave,Movie hot alone tonight how increase student.,2025-03-21T13:43:44
761,1461,2025-08-21,Absent,Allow goal small win five public.,2024-07-13T10:55:00
762,502,2024-09-20,Present,Process shoulder expert near try.,2025-04-30T02:49:48
763,366,2024-11-22,Present,Perform bad west for turn performance interesting score.,2024-10-15T02:18:46
764,66,2025-05-27,Leave,Race commercial building half factor mention.,2025-01-17T03:44:34
765,1569,2025-10-31,Absent,Anything financial marriage green tough thousand agency sister realize.,2025-05-24T16:34:19
766,1182,2025-09-24,Present,Summer all easy sell dog fill treatment evening.,2025-03-22T15:07:42
767,639,2023-12-01,Present,Listen by program our section society sing second center rock.,2023-12-27T06:03:14
768,1992,2024-07-09,Present,Sense rate bad spring defense officer fund sometimes.,2024-06-12T11:28:40
769,1777,2024-01-28,Present,Stuff seven song message play their service affect less.,2024-04-03T03:44:02
770,573,2025-06-11,Present,No authority speak over between quite international inside vote move.,2024-08-28T19:38:37
771,1388,2024-12-23,Absent,Kind beat member allow receive.,2024-06-26T15:31:36
772,66,2024-12-08,Present,Beyond indicate audience my cut subject accept offer.,2025-10-29T01:18:31
773,829,2024-03-29,Leave,Discussion effect city others name.,2024-10-01T18:16:33
774,516,2024-11-27,Present,Stand maybe lawyer yeah.,2024-05-11T17:08:37
775,1812,2025-08-26,Present,True exist set western left garden garden step individual.,2025-03-22T00:24:43
776,1635,2023-12-08,Absent,Understand thought so analysis trial sort rock avoid style office.,2025-05-15T23:17:14
777,1481,2025-08-23,Present,Strategy serious power image church on together agreement brother term.,2024-02-09T21:19:05
778,446,2024-05-22,Present,Speech thousand send fly quickly kid professor friend.,2025-10-13T06:52:15
779,419,2025-08-01,Absent,Rule west fall through prepare during kitchen think.,2024-02-24T21:54:07
780,1674,2023-11-30,Leave,Fall expect half first who miss one able.,2024-12-04T06:38:10
781,306,2024-10-08,Absent,Bit miss leave work.,2024-02-05T07:54:45
782,129,2025-06-21,Absent,Method person table together key find she rate decade.,2025-05-31T07:07:39
783,1812,2023-12-31,Leave,Over player somebody nearly rest claim.,2023-12-05T04:36:20
784,901,2023-11-10,Present,Be argue trouble tonight Democrat pressure small small certain.,2024-01-29T22:07:06
785,1643,2024-04-28,Leave,Popular single political cost.,2024-02-16T02:19:11
786,1173,2024-02-05,Absent,Address make hold full find example after author.,2024-03-31T16:12:31
787,1785,2025-07-07,Absent,Use only president base area employee fear campaign close owner.,2023-12-01T12:04:04
788,333,2025-04-08,Present,American we particular Democrat job cup force.,2025-02-22T04:39:05
789,1556,2024-06-21,Absent,International provide career go stay policy under bring add.,2024-01-04T22:03:44
790,1605,2024-02-10,Absent,Model face people economic.,2024-04-23T02:45:21
791,1241,2024-10-04,Leave,Partner contain national arrive his foot.,2023-11-21T17:38:30
792,1669,2025-08-21,Leave,Family husband discover theory personal ready able.,2025-09-10T06:51:48
793,1490,2025-05-26,Absent,We it require language community expert over drop.,2024-12-26T12:15:34
794,1491,2025-02-16,Present,Carry option trouble head show light book feeling.,2024-05-22T23:48:20
795,1970,2023-11-13,Leave,Which claim act serious accept blue then senior several.,2024-08-21T14:42:01
796,1249,2024-12-01,Present,Set deal method remain report.,2024-01-09T01:38:19
797,202,2024-07-08,Present,Easy generation start democratic partner knowledge surface these southern such sometimes.,2024-04-28T13:10:46
798,1671,2025-07-10,Present,Scene western computer however wait Mr impact ahead floor.,2024-08-09T16:46:57
799,1014,2024-01-14,Present,Away imagine instead accept receive everyone agree home few.,2024-01-12T12:47:12
800,1016,2024-01-14,Absent,Lose course main believe miss skin the glass rock century.,2024-05-04T23:47:15
801,1110,2024-05-01,Present,Eight guess data national nor.,2024-07-01T19:24:13
802,166,2024-10-09,Leave,Couple parent tax executive mention near notice situation.,2024-06-10T17:42:33
803,698,2025-07-25,Present,Style that poor east way.,2024-06-22T08:05:12
804,1850,2024-01-10,Absent,Morning ground join financial instead short.,2024-03-23T17:15:05
805,1571,2024-05-14,Absent,Maintain race tree land standard.,2024-03-25T22:00:15
806,41,2024-05-07,Leave,General participant statement by save international still.,2024-10-15T15:42:04
807,1912,2024-09-01,Absent,Go a degree control popular along.,2024-02-07T18:54:27
808,1401,2024-11-06,Leave,Idea past take key sure cultural.,2024-05-31T16:25:39
809,864,2024-02-14,Present,Buy foot skin now child long particular war.,2024-09-20T21:19:18
810,165,2025-05-03,Present,Wrong indicate player decide.,2024-11-25T04:02:11
811,295,2025-03-01,Absent,News type then accept.,2024-06-24T20:48:11
812,1408,2025-05-04,Present,Indicate seem blood outside past good wind too camera every.,2024-10-05T05:05:51
813,1357,2024-11-08,Leave,Water heavy day travel.,2025-10-09T05:49:51
814,1913,2025-10-15,Absent,Want teacher away dark hard customer past create behind.,2024-11-28T19:35:59
815,1202,2025-09-12,Absent,While hundred leg everything political pressure factor challenge wide right.,2023-11-29T06:10:15
816,1673,2025-09-05,Present,Long available study family together sell part science.,2024-10-15T02:19:37
817,1275,2025-09-07,Absent,Budget performance father risk time man deep.,2024-10-14T01:11:58
818,1432,2025-05-09,Leave,Action base plant officer their term eat thing agency chance network.,2024-12-23T22:13:37
819,1995,2025-10-02,Leave,Worker program audience successful you ability different our policy middle kitchen.,2024-03-24T14:16:31
820,654,2023-11-24,Present,Something positive seem whole heart moment learn say that ready natural.,2025-04-15T17:18:30
821,1250,2024-08-11,Absent,Center rate wear population win dream large least media player parent.,2024-09-17T15:09:46
822,804,2025-10-08,Present,Join pay senior respond successful look for address manager.,2025-05-10T04:01:26
823,986,2025-04-01,Present,Present Mr drive structure behavior pass vote.,2023-11-20T18:44:20
824,566,2024-12-29,Absent,Involve door himself at past ready mean.,2024-11-25T23:09:02
825,992,2023-11-06,Present,Sport various while itself responsibility challenge order no five along.,2025-01-31T13:42:00
826,869,2025-10-19,Absent,Side pretty modern individual arrive.,2025-02-15T13:04:10
827,1897,2025-05-12,Leave,Eye reason detail natural their big yeah middle relationship.,2025-09-24T23:54:57
828,1089,2025-08-21,Leave,Be fast bad remain culture.,2024-07-15T19:59:24
829,888,2025-10-16,Leave,Mention rate machine spring improve budget peace child.,2024-06-23T11:00:58
830,893,2025-10-16,Present,Require country full tell science look.,2024-04-30T23:30:52
831,1712,2024-05-31,Present,Need name stop can several page inside painting.,2024-04-12T03:03:32
832,905,2025-05-26,Leave,Which role together range over those live sign catch game especially.,2024-01-18T13:33:58
833,762,2024-02-15,Leave,Activity story sea sport left life.,2024-12-14T20:04:48
834,1538,2023-12-18,Absent,Wear camera number politics help now middle stock.,2024-04-23T05:24:28
835,948,2025-01-17,Present,Organization value nothing field court set result bring right.,2025-08-15T03:11:56
836,1385,2025-06-22,Absent,Place game west seven clearly pull.,2024-09-14T15:43:01
837,252,2025-08-28,Present,Improve cover you education trade child receive him me.,2025-08-12T03:06:04
838,135,2025-06-25,Leave,Clearly phone wind capital despite staff.,2023-11-28T18:25:40
839,1210,2024-09-26,Leave,Onto floor vote oil popular water.,2025-02-20T16:17:17
840,1982,2024-07-28,Present,News defense stand mean entire state wide build kind remain.,2024-05-02T19:27:26
841,1750,2025-04-21,Leave,Drop without shoulder record oil future do very many speech.,2025-04-21T18:47:04
842,1343,2024-01-30,Leave,Suffer art science point night home resource water group answer.,2024-06-06T10:49:43
843,1614,2024-07-21,Present,Debate expect real apply there voice in ten down of.,2024-07-18T05:57:30
844,1009,2025-01-05,Absent,Just in speech artist design try direction.,2024-09-01T09:16:43
845,1478,2024-07-15,Leave,Second watch natural specific list very improve control.,2024-03-14T02:59:25
846,980,2024-11-24,Present,Hand prepare religious base expect mind care either.,2025-04-06T05:48:59
847,1364,2024-10-02,Absent,Might boy believe child third story later.,2025-04-27T14:43:33
848,1305,2024-04-08,Present,Effect dog also individual task hour task bar.,2025-08-14T21:01:52
849,3,2024-03-01,Present,Discussion realize food thank she.,2025-04-18T00:11:09
850,351,2025-02-27,Leave,Increase author without money today loss no could only.,2025-05-01T14:19:15
851,899,2024-06-19,Leave,Matter trouble discussion direction once law probably quite enjoy.,2024-04-18T03:07:14
852,1765,2025-08-24,Absent,Response resource safe several respond others floor draw dinner.,2024-12-15T08:06:39
853,1587,2024-09-21,Present,His threat they card maybe study difficult once far.,2024-01-01T08:55:24
854,1509,2025-10-02,Absent,Because goal across item human.,2024-08-12T00:40:33
855,627,2025-07-17,Absent,Compare student situation candidate yourself eight thousand heavy.,2025-07-17T02:23:20
856,375,2025-01-02,Absent,Everybody compare east perform early center dinner.,2025-10-26T09:42:08
857,1036,2024-01-23,Absent,Who could protect tax movement more network close.,2023-12-02T16:33:46
858,1944,2025-03-28,Present,Great song sister hand machine quality feel around.,2024-04-29T13:37:31
859,1,2024-10-13,Leave,Approach increase amount beat attack summer.,2024-04-24T12:20:23
860,1986,2023-11-04,Present,Population his challenge ten call side ten drug.,2024-01-09T09:41:02
861,450,2025-02-23,Leave,Cost film despite president yet why majority guy.,2025-08-14T09:41:15
862,1117,2023-12-22,Absent,Determine window nor research building.,2025-07-28T18:07:23
863,1026,2024-07-14,Leave,Party prove community nothing cost put store event I.,2025-03-31T15:34:40
864,1546,2025-09-18,Present,Do pass she population save around.,2024-12-17T13:33:04
865,861,2024-04-26,Absent,Time heavy fall within brother kid me.,2025-01-04T05:52:19
866,868,2024-06-01,Absent,Effect assume Republican player ask remain list.,2024-12-23T04:15:34
867,1707,2025-06-14,Leave,Nation series program we maintain great gas grow eight.,2023-12-06T14:44:19
868,630,2023-11-22,Leave,Meet test create development over study.,2025-04-16T04:04:59
869,1223,2025-06-16,Present,Teacher clearly think fish artist history case.,2024-08-30T12:35:40
870,1349,2023-12-20,Leave,Girl information notice research step unit or.,2025-05-27T17:37:10
871,850,2024-05-07,Leave,Hotel realize relate give trip simply find whose.,2025-05-07T06:07:02
872,1323,2024-07-20,Leave,Ability what skin lead ten.,2024-03-29T14:44:36
873,1687,2024-10-05,Absent,Old baby consumer company enough keep leg blue.,2025-05-25T19:03:31
874,1231,2024-10-01,Leave,Floor here these theory senior window interview myself star issue.,2025-07-04T13:05:31
875,1047,2024-01-13,Absent,Pattern coach middle career artist happen day hit cut health.,2025-02-19T12:31:15
876,1428,2024-06-15,Absent,Article new positive page involve law.,2023-11-19T05:48:14
877,1234,2023-11-28,Leave,Listen thought institution officer until.,2023-11-20T06:53:31
878,397,2024-01-20,Leave,Tell program give because represent life.,2024-08-07T17:55:40
879,366,2025-06-08,Present,Bed himself direction consider court.,2025-09-11T20:56:07
880,430,2025-04-25,Leave,Similar care behavior no big.,2025-06-14T06:58:14
881,1191,2023-12-29,Present,Choose toward although cell because fight administration side.,2024-06-02T05:34:17
882,342,2024-11-19,Absent,Main chance size woman role itself strong.,2024-01-18T04:28:37
883,1133,2024-05-07,Absent,Senior financial two onto green attorney nor enjoy instead.,2023-11-08T19:20:23
884,1027,2025-01-26,Absent,Car seek director red if term.,2024-04-25T04:09:36
885,53,2025-10-03,Leave,Paper send parent room step member benefit require statement.,2025-09-14T07:47:13
886,1403,2025-05-18,Present,Yet mouth sea growth effect seek practice central boy decision.,2025-03-24T20:49:07
887,964,2024-12-17,Absent,Teacher add write expect able next adult admit adult.,2025-07-19T05:57:12
888,763,2025-08-20,Leave,Much trade key speak place.,2025-03-03T19:55:29
889,1624,2024-08-03,Absent,Allow history benefit shoulder research.,2024-07-13T15:19:30
890,1089,2024-07-17,Absent,Move challenge truth low wind.,2025-01-26T10:08:25
891,1610,2025-07-03,Absent,Task movement answer because soldier own wall thought to.,2025-09-04T07:44:57
892,672,2025-05-11,Absent,Share call mother certain as indeed worry outside.,2023-11-26T12:49:56
893,1445,2025-06-11,Leave,Including politics along concern than light against campaign finally surface.,2025-05-20T04:06:47
894,1838,2024-05-10,Absent,Fact stock choose serve make gun onto.,2025-03-22T08:47:27
895,1817,2024-08-21,Absent,Professor ever environmental performance drive dream performance success different myself.,2024-09-04T09:22:50
896,440,2025-07-28,Present,Class court number sort.,2025-06-13T20:25:44
897,1188,2024-09-19,Present,Beyond close thing sometimes law travel occur my short.,2025-07-08T09:33:06
898,534,2024-04-14,Leave,Past nature us away research director.,2024-05-29T12:55:47
899,1953,2023-11-11,Absent,Detail Congress drop north.,2024-06-20T19:02:37
900,590,2024-02-11,Present,Analysis who place resource peace pick room.,2025-10-01T13:34:33
901,37,2025-04-02,Leave,Themselves above person particular above those door daughter sea spring.,2024-03-22T00:49:55
902,229,2023-12-21,Present,Strong Republican look car same program contain gas.,2024-12-18T17:21:02
903,265,2025-07-12,Present,Message trade until experience husband second until.,2025-10-09T16:36:05
904,355,2024-04-05,Absent,Like generation year TV his.,2025-09-17T03:32:29
905,944,2025-06-16,Absent,Money he sometimes up to employee.,2025-04-26T15:55:51
906,40,2025-09-28,Absent,Pattern beyond of matter theory finish include send sense.,2024-02-16T04:23:17
907,156,2025-03-16,Present,Director entire recognize manager crime woman daughter away.,2025-08-15T04:08:51
908,336,2024-04-05,Absent,Fall simply threat often cost.,2024-08-25T04:10:16
909,806,2024-03-21,Absent,Resource surface never raise production keep or they cold.,2025-03-25T06:35:16
910,1542,2025-06-14,Present,Above word chance grow investment painting protect would than almost never.,2024-05-13T23:11:23
911,1418,2025-08-01,Absent,True lawyer available significant pressure probably response entire audience item thing.,2025-08-19T15:07:25
912,1497,2025-06-08,Present,Line health method strategy third.,2024-04-09T17:44:38
913,1172,2024-05-11,Absent,Fill may few area size buy hot.,2024-06-01T06:19:28
914,1717,2025-02-14,Absent,Stand if sound almost.,2025-01-06T19:09:53
915,758,2024-06-08,Leave,Station during century just author after.,2025-10-19T09:31:40
916,1325,2024-04-05,Leave,Difference language for nature life talk rock wear with.,2024-04-06T04:12:00
917,909,2024-01-12,Present,Thought defense audience agreement ok unit mother down before adult.,2024-04-09T15:19:06
918,201,2024-08-30,Absent,Administration government two hair fill word next wish pattern everybody once.,2024-04-29T15:22:30
919,1578,2024-07-09,Leave,Short artist blue be since.,2024-04-18T08:11:21
920,309,2024-05-29,Leave,Natural team center two art other they work light table.,2024-11-03T19:13:13
921,1961,2024-01-18,Absent,Modern office TV we section huge.,2024-04-21T17:49:41
922,865,2024-02-09,Present,Relate loss left fine article despite everyone.,2025-10-25T20:01:21
923,298,2024-01-19,Leave,Everyone record south good degree fear past.,2025-04-15T18:10:12
924,519,2025-07-06,Absent,Southern edge thank official meet major husband physical.,2024-05-17T19:55:30
925,898,2025-07-24,Absent,High social begin figure pressure inside.,2025-04-12T07:27:57
926,5,2025-10-04,Present,It beyond finally whole peace anything.,2024-02-10T03:19:11
927,1138,2024-06-14,Present,Stay follow their thus growth part.,2025-10-26T20:48:51
928,1650,2024-09-07,Leave,Usually still around bank happen understand American consumer entire full.,2025-09-23T00:13:57
929,1980,2024-06-04,Leave,To financial sit interest eye.,2024-06-08T06:01:03
930,122,2024-03-25,Absent,Measure particular staff property discover security form reveal lay service.,2024-01-28T10:39:22
931,1970,2024-09-20,Present,All condition enter fear safe art character.,2025-03-26T20:48:24
932,125,2024-09-19,Present,Up director tonight light campaign player how law.,2025-03-09T23:05:33
933,296,2025-07-30,Absent,Organization charge bit police popular probably.,2025-05-24T02:33:36
934,648,2025-10-01,Leave,Coach song discussion board impact student.,2025-10-12T14:12:16
935,1583,2025-06-24,Leave,Serious brother finally sport American pressure.,2024-04-14T19:23:44
936,1082,2025-07-07,Leave,Age situation notice international figure.,2024-01-30T17:03:54
937,1553,2024-09-07,Absent,Without draw red others page worker.,2024-04-05T20:27:18
938,559,2024-08-08,Present,College help look various peace enjoy happy billion thought yourself southern.,2025-09-20T05:27:53
939,1289,2024-02-24,Absent,Stand seven two information Congress concern reach south.,2025-07-16T19:50:07
940,1342,2025-10-20,Leave,Sound however draw race environmental.,2025-09-09T01:14:23
941,491,2025-10-23,Leave,Change friend table her even.,2024-05-10T13:55:45
942,1235,2024-11-26,Absent,Interest first window lead church.,2024-12-12T23:36:01
943,1255,2024-04-12,Absent,Meeting provide identify cultural bill.,2023-11-22T14:13:03
944,1236,2024-09-04,Present,Goal may already catch drop president guy check foreign for.,2025-01-04T00:07:36
945,1348,2024-04-02,Leave,Crime quite half language final movie.,2023-11-22T09:15:34
946,459,2024-03-11,Leave,Likely thank natural easy until.,2024-09-27T14:22:03
947,1569,2024-05-01,Present,Nor most become medical all pressure fight.,2025-03-31T14:10:04
948,504,2024-06-02,Leave,Race night who treat technology around response address management.,2025-04-24T12:56:13
949,401,2024-06-07,Leave,Alone morning voice foot various forget.,2024-12-08T18:34:02
950,402,2025-10-16,Leave,Agree leave anyone right him leave own nature pay hour.,2024-07-03T05:18:53
951,914,2025-05-02,Absent,Special stand four able pay whom pass tax.,2024-01-02T05:12:35
952,1135,2025-08-04,Leave,Where behind spend occur responsibility upon none sure.,2025-10-01T14:47:55
953,431,2024-07-31,Leave,Artist better east study property cause large resource front.,2025-02-28T03:52:52
954,1474,2025-02-26,Absent,Field investment skin side.,2024-09-11T22:18:22
955,1070,2024-09-11,Leave,Individual together hair line contain pick board.,2024-05-15T23:55:12
956,1620,2023-12-16,Leave,Red letter how else officer kitchen dark building reduce notice type.,2024-12-09T20:12:08
957,307,2025-06-27,Absent,Wrong force theory political hand task nothing.,2024-08-26T00:21:37
958,1051,2025-08-28,Present,Gas first you form along but guy church gun professor.,2025-06-16T08:31:14
959,1966,2025-02-18,Absent,College spend international college clearly century decision skin medical firm.,2023-11-08T22:17:07
960,431,2025-01-11,Leave,Behavior star yourself move left care.,2025-09-07T00:22:55
961,1783,2025-08-25,Leave,Individual develop brother gun how save police.,2025-02-18T06:59:16
962,889,2024-05-21,Leave,Bank lot land sport star require nature.,2025-06-12T08:09:12
963,210,2025-03-13,Absent,Technology thank respond pressure beat bit.,2024-10-09T09:38:43
964,714,2024-05-27,Present,Act plan consider bar beat tell water.,2025-09-30T19:55:21
965,1522,2025-03-29,Present,City because manager difference media practice change easy man.,2024-04-29T03:46:11
966,511,2025-05-02,Absent,Agent number kitchen woman major small increase Republican.,2025-01-17T02:24:20
967,77,2024-02-08,Absent,School same better miss play receive all close.,2025-01-31T01:23:13
968,1656,2024-01-26,Leave,Hope adult teach throw let foreign never center time.,2025-07-05T11:42:08
969,1236,2023-11-04,Leave,Rest class maintain travel head.,2025-05-20T00:47:13
970,1294,2024-04-28,Leave,Tonight civil dark human something read drive impact federal.,2024-04-04T12:24:52
971,483,2025-07-19,Absent,Cultural technology blue hold prepare situation partner partner.,2025-05-10T02:33:36
972,1113,2025-08-30,Absent,Party weight sister loss note so suggest data garden shake.,2025-02-16T01:39:44
973,477,2024-11-24,Leave,Current treat affect discover course.,2025-07-04T00:16:24
974,1294,2025-10-20,Absent,Single sound former action.,2025-08-10T18:33:02
975,273,2025-06-26,Present,Dog and star opportunity player force every change.,2025-10-22T16:50:20
976,1188,2025-05-16,Leave,Report this pressure hit those.,2025-08-08T23:02:28
977,1071,2025-10-09,Present,Half station left today process case wish issue despite treatment source.,2024-02-01T21:32:41
978,772,2024-03-03,Leave,Family interesting conference though budget trip interest.,2025-02-08T22:03:37
979,524,2025-08-18,Leave,Family instead herself Mr interest politics action week hot.,2025-06-15T03:04:35
980,828,2024-07-12,Present,Human future him find today teacher today.,2024-08-01T06:05:44
981,1366,2025-04-11,Present,Eat foreign particularly per represent save during improve.,2024-12-26T23:43:43
982,1904,2025-01-29,Present,Suddenly lay learn interest whose third away.,2024-09-08T11:16:27
983,1903,2023-11-12,Absent,Fall imagine charge high eat feeling.,2025-03-11T04:28:03
984,362,2025-06-10,Leave,Western laugh positive easy more.,2024-04-08T00:41:03
985,1862,2025-04-23,Leave,Base no good real participant certain full wear reduce.,2025-05-13T16:59:12
986,1485,2024-08-10,Absent,Style growth able for sort mission past relationship point get.,2024-09-23T22:33:13
987,118,2025-09-20,Leave,Good single west second again them alone let identify turn.,2025-03-13T04:48:45
988,809,2024-08-12,Absent,Behind Democrat human bar beautiful enough economic center son suddenly.,2023-11-05T09:36:13
989,316,2025-02-21,Leave,Matter very past development none hundred sit skin recently modern.,2024-10-06T06:14:19
990,316,2024-04-19,Absent,Population treat now three whether assume discover matter.,2024-05-20T13:15:19
991,1358,2024-05-15,Leave,Main door score once country ready never church save.,2025-09-07T01:02:46
992,889,2023-11-16,Present,Exist public interesting decision city over site give go cut each.,2025-07-13T20:09:15
993,1095,2025-04-28,Present,Control government box firm indeed risk question.,2025-09-21T12:09:39
994,1840,2025-05-23,Present,Sometimes agree model then.,2025-08-12T10:02:11
995,921,2024-03-28,Absent,Language state goal high check situation.,2024-07-14T07:57:43
996,902,2024-09-07,Absent,Bed for bring quickly receive worker draw process majority scientist.,2025-11-01T03:51:54
997,1518,2025-07-06,Absent,Two cover official join ever talk wear these.,2025-10-15T07:16:10
998,1652,2023-12-24,Leave,Remain end partner kind surface build energy office budget energy front.,2025-07-21T09:23:09
999,1748,2025-04-25,Absent,Woman network yeah president dinner group.,2025-01-27T22:02:24
1000,1970,2024-04-17,Absent,Billion pay throughout various class before suggest theory professional hair.,2024-01-27T20:46:49
1001,1374,2025-01-31,Leave,Dog already become science operation.,2025-06-29T12:31:48
1002,469,2025-05-10,Leave,Community friend mouth wish page every.,2025-03-14T02:32:00
1003,1233,2024-10-11,Absent,Security left reduce future physical structure central home claim for very.,2025-08-20T16:33:32
1004,155,2024-04-02,Leave,Decide happen political page with everyone occur still stand.,2024-09-26T08:06:29
1005,139,2024-05-08,Leave,Seat despite third American receive.,2024-05-29T02:26:53
1006,93,2024-11-04,Absent,Product order market least those perhaps.,2024-11-15T08:16:25
1007,1336,2024-12-06,Leave,Player police professor whose important month standard owner raise as.,2025-06-07T07:05:23
1008,897,2024-11-11,Absent,Pressure today catch fear man if have past owner government beautiful.,2024-08-07T11:28:45
1009,1859,2024-07-15,Absent,Run often order build affect pattern.,2025-07-17T10:06:14
1010,1027,2024-02-07,Leave,Detail past watch rest management.,2025-01-27T05:40:21
1011,1833,2024-05-29,Leave,Knowledge tend sing per security.,2025-05-25T16:50:23
1012,467,2024-05-06,Present,Woman try ball so decide order.,2025-07-12T23:04:54
1013,68,2025-01-09,Absent,Catch road exactly occur grow in not.,2025-03-01T07:10:02
1014,442,2024-04-06,Leave,Address group worker citizen director.,2024-01-17T12:54:24
1015,996,2025-08-11,Absent,Himself something treatment go grow away difficult summer.,2024-11-14T05:20:03
1016,88,2024-10-26,Leave,Recognize race purpose notice which owner.,2024-06-25T03:06:47
1017,870,2024-11-10,Present,Draw power mention writer certainly good leave group.,2024-03-17T03:05:04
1018,1996,2024-06-26,Absent,Better ready company here mind.,2025-06-22T15:33:35
1019,288,2024-09-15,Absent,True red they family international real walk service machine avoid.,2024-03-01T20:37:22
1020,241,2025-10-26,Present,Spring list serious six indicate dark ok far.,2024-06-05T08:02:31
1021,1453,2025-07-23,Present,Father east wind yourself card pull save own successful.,2025-10-24T02:41:34
1022,495,2025-03-28,Present,Traditional spend short center skill fly learn high home.,2024-07-20T10:58:15
1023,573,2024-01-30,Leave,Pattern determine consider official child car role air do really.,2025-09-03T09:08:09
1024,1420,2025-11-01,Absent,Make style nothing education whom team.,2025-03-05T15:51:14
1025,1021,2024-08-09,Present,Face guy effect just south maybe machine plan.,2024-07-01T23:55:10
1026,798,2025-01-04,Absent,Rise according off board several feeling plant owner.,2023-12-08T17:11:43
1027,223,2024-03-15,Leave,General there grow rise fund.,2024-03-30T06:52:56
1028,1099,2024-08-10,Absent,Politics bank up physical reveal war floor.,2024-04-05T01:20:48
1029,1598,2023-12-16,Leave,Building edge candidate go where.,2024-12-03T17:04:33
1030,228,2025-03-29,Leave,Cold culture matter beautiful security reveal letter.,2023-11-29T13:29:27
1031,1099,2024-11-16,Absent,Couple wear chair scientist benefit peace a another.,2023-11-10T18:06:04
1032,1545,2025-01-13,Absent,Yes wish official collection ready phone.,2025-04-01T19:19:25
1033,167,2025-01-20,Present,Health return moment population last evidence cost government financial.,2024-03-05T10:10:03
1034,290,2024-06-15,Leave,Would fine type red remain federal.,2024-08-12T15:25:07
1035,617,2025-03-20,Present,Weight than raise one range.,2025-05-22T18:51:14
1036,820,2024-01-02,Present,Piece knowledge military become sort nice interview glass.,2024-07-10T23:40:53
1037,1935,2025-03-12,Absent,Attention almost yourself star world control board.,2025-01-04T20:01:35
1038,1991,2024-12-30,Absent,Forget once turn something care their mouth.,2025-07-09T13:53:11
1039,374,2025-01-14,Absent,Gun tell citizen box expert remember.,2025-03-08T07:40:16
1040,957,2024-05-25,Absent,North these ago sound something hit.,2024-12-26T14:56:45
1041,1738,2025-07-05,Present,Fish take model sell sea even conference game expect total money.,2024-11-05T09:00:52
1042,1228,2023-11-18,Leave,Large economy gun language raise card part TV.,2024-07-01T18:02:54
1043,714,2024-01-22,Absent,Can up believe billion care laugh.,2024-08-31T00:42:02
1044,1568,2025-09-22,Present,Three during only degree career training ask traditional.,2024-10-06T22:24:36
1045,1655,2025-11-01,Absent,Very another similar there find.,2025-06-20T07:17:27
1046,1353,2024-01-22,Leave,Yard clearly mind gas place whole serve.,2025-08-07T03:05:04
1047,1072,2024-01-24,Absent,Decide various Mr pull choose piece computer life.,2024-11-29T17:17:57
1048,71,2025-08-28,Present,As tree born ready history author character two American.,2024-03-18T03:24:51
1049,953,2023-11-17,Present,Opportunity beyond share matter foreign.,2025-05-08T03:40:59
1050,1133,2025-04-24,Leave,Other seven a end seven today first third individual a.,2025-04-26T20:01:42
1051,1448,2024-03-26,Absent,Meeting near beyond also us.,2025-03-23T15:25:59
1052,1728,2025-05-10,Present,Again have worker method shoulder opportunity simply research.,2024-12-01T01:11:11
1053,1041,2025-10-24,Leave,Drop your term energy bed movement word quality girl almost.,2024-09-06T20:55:43
1054,1459,2024-05-25,Leave,Group major same also traditional case history.,2025-04-13T09:49:19
1055,727,2025-04-06,Leave,Tell alone floor pick rise ability ball build back democratic.,2024-12-04T23:34:21
1056,1587,2025-04-27,Present,Challenge shoulder pretty manager long sure condition control world politics.,2024-12-06T15:18:02
1057,56,2024-03-16,Leave,Pay improve though mission suggest message white opportunity beautiful without.,2024-11-18T21:57:26
1058,1274,2025-07-15,Leave,Information bit sign action from try.,2024-09-18T09:12:45
1059,1870,2025-06-05,Leave,Rock edge final information network ground represent toward eye drug.,2025-03-15T22:28:33
1060,879,2024-08-07,Absent,Character kitchen whatever per special provide public matter.,2024-07-07T11:43:26
1061,1842,2025-07-24,Leave,Leg someone every student west continue example.,2023-11-20T07:36:34
1062,1911,2023-12-07,Leave,Economy country scene American energy.,2024-02-29T22:51:00
1063,1165,2024-03-30,Present,Possible public level little door every loss kind.,2024-03-03T00:00:50
1064,1606,2024-12-14,Leave,Foreign pull child treat skin couple those bank.,2024-06-01T19:08:45
1065,1999,2024-09-10,Absent,Person institution face between me staff voice more husband something.,2025-04-09T23:06:21
1066,1321,2025-03-14,Absent,East trial teach easy car artist big rather.,2025-10-20T22:23:54
1067,1414,2025-01-12,Present,Eight matter Mrs sing general true.,2025-05-19T21:22:52
1068,1905,2025-09-23,Absent,Relate chair rate national cell method include drop age sing.,2025-07-22T22:03:55
1069,133,2024-04-06,Absent,Type chance move half unit read matter take dog.,2023-11-20T12:14:28
1070,1263,2024-02-13,Present,Wear skin here happy town body wall effort tonight everything organization.,2024-07-08T11:03:32
1071,636,2025-09-25,Leave,Morning only interesting management find garden upon.,2024-12-22T18:01:27
1072,1548,2024-01-06,Absent,Create clearly list require window.,2023-12-14T09:32:54
1073,1532,2025-07-10,Present,While order church their Mr single.,2024-08-04T16:05:43
1074,707,2025-05-18,Leave,Positive place enter example.,2024-03-22T05:48:50
1075,1244,2025-07-06,Absent,Entire take human entire behind story traditional experience rise small.,2024-09-08T12:26:49
1076,768,2025-07-15,Absent,Create least effect each new doctor.,2025-09-22T18:11:08
1077,463,2025-04-20,Absent,Room condition girl view rule all indeed.,2025-08-03T15:15:33
1078,1949,2024-07-05,Absent,Give foreign shoulder friend position describe.,2024-06-21T19:58:10
1079,481,2025-09-24,Absent,Culture week population suddenly pass financial social.,2025-10-17T07:33:26
1080,1723,2024-12-09,Absent,Different generation eight fall PM range move court.,2024-11-02T18:57:08
1081,1267,2024-05-20,Leave,Accept item fight election later alone news.,2024-08-31T20:18:26
1082,803,2024-10-01,Present,Increase peace kid expert occur never message child recent character.,2025-07-28T12:11:26
1083,1466,2025-10-06,Present,Song yeah art time else answer religious along hot his.,2024-03-28T00:31:50
1084,999,2025-05-30,Absent,Short our word bill he huge article space painting.,2025-07-07T19:59:48
1085,1478,2024-06-30,Leave,Office rise effort respond look save modern.,2025-07-05T07:45:33
1086,1240,2025-05-19,Leave,Perform study born chance receive only what force animal from.,2024-11-23T23:32:23
1087,911,2024-08-02,Absent,World now effort hundred business town down enough value future carry.,2023-12-03T08:40:15
1088,292,2024-08-22,Present,Else name better whether every cost least.,2025-06-17T00:14:05
1089,330,2025-07-09,Present,Final his operation north ask.,2024-12-11T12:35:26
1090,1429,2023-11-11,Absent,Training across off example grow around challenge.,2025-06-14T05:40:26
1091,630,2025-01-14,Absent,Raise series painting view full.,2025-02-28T23:27:17
1092,1496,2025-09-22,Leave,Without democratic moment man fact floor maybe major box tax.,2025-09-09T16:40:20
1093,174,2025-06-12,Absent,Voice major camera we their positive past audience.,2025-10-05T23:09:45
1094,1914,2023-11-15,Present,Own account movement detail.,2024-12-23T15:46:05
1095,486,2024-12-18,Present,Plant ten itself investment something manage light democratic.,2023-11-20T09:16:33
1096,22,2024-02-25,Present,Body lot tough order argue amount project recognize.,2024-06-17T18:26:11
1097,1018,2024-07-09,Present,Whose town idea idea then up author within.,2024-02-06T16:13:57
1098,279,2024-01-29,Absent,Everything today since throw bank heavy.,2024-04-09T03:49:02
1099,1588,2024-03-14,Absent,Somebody spend sometimes third rather figure this interesting heart process.,2025-03-17T15:43:21
1100,1520,2024-05-18,Present,Road house another always drop.,2025-03-17T22:27:29
1101,1754,2024-12-23,Absent,What across work free we who cost too exactly.,2025-08-05T00:19:44
1102,1726,2024-04-29,Absent,Option or resource story fund dog.,2024-06-05T04:36:54
1103,1649,2023-12-05,Leave,Assume exist morning leg ever economy you parent sense try.,2025-10-14T02:29:29
1104,964,2025-07-19,Leave,Girl their us clear prepare goal successful million any kitchen.,2025-08-30T14:39:56
1105,895,2024-05-19,Leave,Become thing particularly land present onto together white push feel.,2025-04-11T05:50:25
1106,1154,2024-09-25,Present,Gas by career can whose.,2024-01-20T17:58:36
1107,1754,2024-12-14,Leave,Both change once painting next age upon practice among although.,2024-10-11T21:28:03
1108,1417,2025-03-19,Present,Recently guy explain heavy he down.,2024-11-06T14:32:42
1109,1838,2024-06-18,Absent,Back move process suggest bill that many.,2025-02-15T14:27:13
1110,222,2024-08-24,Absent,Loss bill man believe ten carry important high news include.,2024-12-04T01:26:57
1111,734,2025-06-21,Present,Herself year he international why job within property.,2024-10-20T21:47:13
1112,1784,2023-12-11,Leave,Worry social together seek audience.,2024-11-19T08:44:58
1113,773,2024-03-15,Leave,Wonder your best black east entire degree position again.,2025-07-26T05:32:50
1114,1218,2024-12-10,Leave,Sound son never kitchen film pass blood chair car.,2024-04-28T23:59:53
1115,21,2025-04-20,Present,Someone effort industry skill foot probably low risk several.,2025-06-05T00:15:58
1116,1906,2025-05-03,Absent,Protect allow long debate eight score however.,2024-09-07T08:52:59
1117,1057,2024-11-10,Present,Success add artist attorney size smile strong market whether dinner.,2024-03-13T11:47:00
1118,318,2025-06-16,Present,Professional that candidate back high know involve movie among.,2024-10-13T05:43:14
1119,1020,2025-05-09,Absent,Goal can color should soon base join.,2025-04-04T20:28:00
1120,1787,2023-11-16,Present,Travel call very thousand question article realize wall.,2024-11-08T18:46:09
1121,112,2023-12-05,Present,Once event create worker total hot project turn.,2024-03-13T13:03:40
1122,825,2025-04-12,Leave,Fish thought how high might.,2025-09-26T05:57:14
1123,1759,2024-04-07,Leave,Force senior for sometimes glass himself could most.,2024-07-20T15:49:57
1124,1401,2024-05-01,Present,House fish our small necessary international.,2024-03-21T13:36:06
1125,1948,2024-02-13,Absent,Order hospital able fast here interest want.,2025-02-25T07:03:49
1126,750,2025-05-27,Leave,Box probably sort month design away central.,2023-12-28T04:32:07
1127,1812,2024-09-04,Absent,Your painting view large good generation.,2025-10-31T10:24:47
1128,1901,2025-06-15,Leave,Book meet term guess receive dream stage.,2023-12-20T12:55:32
1129,449,2025-04-21,Leave,When can late around order program decade.,2024-06-23T17:16:17
1130,1831,2025-06-09,Leave,Child education bad example raise money financial.,2025-02-17T17:23:23
1131,322,2025-04-29,Present,Different matter hand camera charge theory system.,2024-08-16T18:22:03
1132,1775,2024-05-06,Absent,Hold specific amount TV.,2025-10-13T18:27:52
1133,525,2023-11-28,Absent,Within same wonder down offer.,2025-06-25T16:34:28
1134,729,2025-06-06,Absent,Since TV front wonder type him tell.,2023-12-09T13:35:12
1135,694,2025-06-23,Present,Sense suggest coach edge tax.,2025-08-19T06:02:15
1136,435,2025-04-29,Present,Never along project law side.,2025-10-05T09:47:46
1137,261,2024-10-17,Present,Month coach defense put yes.,2024-09-24T14:59:36
1138,622,2024-04-17,Leave,Film region interesting page affect teach suggest.,2023-11-17T07:13:56
1139,1992,2025-02-11,Leave,Push performance find doctor serve environmental may brother pretty true.,2025-04-28T02:50:10
1140,1260,2025-03-05,Absent,Far drive care who yet.,2024-09-12T15:36:10
1141,573,2024-11-04,Present,Visit exist fight the down scientist apply fine ago.,2025-10-17T09:52:48
1142,389,2025-01-08,Leave,Start actually benefit fact sort.,2024-06-15T07:09:51
1143,1642,2023-11-19,Leave,Wish star stay foot data area stuff.,2025-08-30T15:13:40
1144,1177,2024-04-02,Absent,Have country use consumer shake star ready identify.,2024-02-03T20:21:25
1145,1344,2025-01-01,Present,Difficult plant eight begin day actually book simply military like.,2025-02-03T13:09:51
1146,1864,2024-10-27,Absent,On evidence score light impact early song resource run special past.,2024-01-25T21:55:43
1147,824,2024-03-19,Leave,Field wide mother rock trip what cut apply part up.,2024-05-10T21:57:26
1148,1229,2025-07-20,Present,Strategy according goal bar local high strong.,2024-01-02T08:14:11
1149,428,2023-11-11,Present,Election writer rich apply first worry water around hand think audience.,2025-02-08T11:53:33
1150,489,2024-11-03,Leave,Win able person career wife room factor treatment foreign front.,2024-11-30T07:17:27
1151,163,2024-01-11,Absent,Collection population group image listen spring author machine she.,2024-02-01T06:52:22
1152,889,2025-01-05,Leave,Position pretty chance easy meeting hit them room peace rich.,2025-05-25T23:52:45
1153,670,2025-03-27,Leave,Whole whom answer defense language show.,2025-09-11T18:28:29
1154,1869,2024-12-22,Present,Production hope American green free cultural memory along certainly whose.,2025-08-24T08:42:00
1155,987,2025-04-22,Present,Step stuff traditional sometimes treat less church.,2024-10-01T00:54:06
1156,716,2024-03-15,Leave,Particular among purpose information with member any moment.,2024-02-29T15:44:31
1157,1351,2024-10-15,Leave,Account dinner such will care among.,2024-09-30T19:24:40
1158,1565,2025-05-27,Absent,Partner because support moment movement.,2025-09-25T10:15:24
1159,1225,2025-03-11,Absent,Defense show question fast industry effort.,2025-07-30T13:34:29
1160,1451,2023-11-16,Present,Stuff person cold government.,2024-05-02T00:54:56
1161,27,2024-10-26,Absent,Remain court structure benefit condition over try.,2025-04-08T07:23:54
1162,1684,2025-08-09,Present,Watch such teacher often recently fine federal body enough.,2023-11-10T07:08:07
1163,843,2025-04-03,Present,Evidence the message project operation although around.,2024-04-05T12:03:43
1164,1333,2024-11-02,Present,Receive story shoulder out lawyer.,2025-09-08T04:15:01
1165,1655,2024-02-02,Present,Year think sometimes its money send early himself network.,2025-01-28T17:15:13
1166,1063,2025-07-10,Absent,Choice attorney air apply else officer third.,2025-10-08T07:19:43
1167,597,2025-06-14,Present,Training several several summer rise work town green hotel social.,2024-07-31T11:00:52
1168,1444,2024-03-22,Leave,Economy peace pay every beyond south start.,2025-06-02T17:36:41
1169,1328,2024-06-19,Present,Imagine different meet level.,2025-11-02T03:30:17
1170,131,2024-01-19,Absent,As article find space.,2024-03-02T11:46:30
1171,1695,2025-10-24,Present,First very check democratic cause stand.,2025-02-13T03:00:10
1172,51,2024-07-26,Leave,Major third heart successful himself.,2024-08-10T14:14:56
1173,770,2024-01-01,Leave,Try left style now but factor tax example.,2023-12-13T05:02:41
1174,1628,2024-08-26,Leave,Fight determine sometimes individual long about heavy know.,2025-08-02T09:49:43
1175,470,2023-11-16,Leave,During right dream ready economy black growth recognize read try.,2023-11-03T06:51:56
1176,298,2024-12-04,Present,Perhaps cause leader never project edge issue kind development suggest.,2025-05-31T19:48:30
1177,565,2025-06-02,Absent,Music time couple mouth provide type voice.,2024-09-27T19:35:00
1178,272,2025-04-28,Leave,Front eye training enjoy summer push provide.,2025-02-05T08:15:15
1179,903,2024-02-18,Leave,Quite control small budget reveal mind should choose throw.,2025-01-28T12:23:48
1180,1194,2024-08-28,Leave,Appear worry lay heart situation reason upon.,2025-08-13T11:21:42
1181,1552,2025-03-12,Leave,Bit southern top item policy seek item measure.,2023-11-06T21:02:08
1182,1821,2025-02-19,Leave,Step nearly write art type shake or.,2025-02-23T12:05:12
1183,813,2024-03-13,Present,Possible raise over talk now.,2024-09-10T20:21:19
1184,1035,2025-04-10,Leave,Season for key write receive technology material simple star as.,2024-06-18T06:15:28
1185,1970,2024-08-19,Present,By six product fall their trial human new.,2025-07-16T07:34:47
1186,16,2023-11-25,Leave,Coach themselves movie along trial rest then response everything anything.,2025-04-05T08:45:58
1187,384,2024-04-12,Leave,Each perform conference although necessary explain voice choice.,2024-04-13T21:23:09
1188,588,2024-10-06,Present,Challenge glass care government only else.,2025-01-19T10:28:22
1189,739,2023-11-03,Present,Move effect suggest report nearly list of offer attention either.,2024-05-31T12:58:37
1190,154,2024-07-29,Leave,Morning compare everything again similar national suggest.,2025-02-23T00:28:57
1191,736,2025-05-09,Present,Garden assume house feeling strong.,2024-11-09T08:06:29
1192,657,2025-08-24,Absent,Mrs once others nor experience memory rate avoid federal computer.,2024-06-12T10:56:56
1193,1771,2024-01-01,Present,Tree once condition back image body light at single.,2024-08-12T18:27:18
1194,1147,2024-05-02,Present,Agent indicate week television position.,2024-03-11T03:58:20
1195,1524,2024-06-13,Present,Treatment thank none activity nothing that hundred couple natural place.,2025-07-30T10:49:35
1196,1170,2025-09-23,Present,Age carry music piece.,2024-04-29T14:14:24
1197,307,2024-08-31,Leave,Kid key yourself big public avoid keep point wind.,2024-09-20T07:55:05
1198,837,2025-02-22,Present,Half institution make arrive rock argue why section deep across.,2024-07-30T05:43:11
1199,538,2024-08-14,Leave,Successful these sing within light remain pull computer painting though.,2024-08-12T13:18:48
1200,1495,2024-05-01,Leave,Amount hear brother him.,2024-11-29T08:17:35
1201,725,2025-07-15,Leave,Democratic color take audience three vote student point law force.,2025-02-09T15:26:57
1202,1082,2024-06-21,Leave,Some create state TV mother memory it attorney clear.,2024-11-05T14:21:07
1203,863,2024-02-01,Absent,Soon work wall hand although.,2025-05-31T15:00:51
1204,540,2024-01-02,Leave,Area student billion policy production fire edge just decide star.,2024-03-25T23:34:05
1205,1917,2025-02-06,Leave,Home because show wall look bed lead project memory.,2023-12-19T15:31:45
1206,140,2025-04-07,Leave,Meeting see ahead change time spring goal school explain.,2025-09-24T05:04:51
1207,1994,2024-11-06,Absent,Always item almost range particularly room we her.,2024-08-13T14:33:51
1208,558,2023-11-24,Present,But foot body president market good process.,2024-01-11T09:19:44
1209,1217,2024-01-16,Present,Machine professional response toward.,2024-06-28T12:02:05
1210,1114,2024-02-17,Absent,College star her likely industry section nice gas late morning entire.,2023-11-23T12:47:41
1211,724,2025-10-19,Absent,Keep action begin person use power whatever image medical offer.,2024-12-17T02:22:42
1212,941,2024-12-13,Present,Shake music purpose job area forget throw tell along move.,2024-04-02T07:41:47
1213,1275,2024-01-06,Present,Also sign up sea knowledge us money mention.,2025-07-15T16:14:47
1214,1853,2024-11-04,Absent,From police seven benefit red than picture ahead.,2025-10-16T14:56:18
1215,1314,2025-04-30,Present,Why fight specific describe foot member Congress generation.,2025-03-02T09:02:11
1216,1408,2024-10-16,Absent,Concern tax wide energy research never require region marriage.,2024-01-17T18:54:37
1217,520,2025-10-10,Leave,Heavy mother there letter eat.,2024-12-08T07:25:56
1218,937,2024-07-22,Absent,Stay great get mother if rise behavior property week.,2025-03-04T20:03:31
1219,1085,2025-05-18,Absent,Middle discussion would recognize.,2025-01-30T12:58:41
1220,76,2025-08-01,Absent,Person clearly successful debate college hit after difference foot his.,2024-02-01T02:22:07
1221,818,2024-12-21,Absent,Risk show stay knowledge while.,2024-12-29T05:05:44
1222,314,2024-02-20,Present,Rule body learn idea front.,2024-08-26T00:30:22
1223,57,2024-07-23,Leave,Avoid case development suffer road wish Mr.,2025-04-04T23:17:04
1224,97,2024-08-30,Absent,World pull store hand.,2024-11-10T12:34:41
1225,804,2024-03-12,Present,Skin base very its above old leader low.,2024-07-17T10:07:27
1226,1197,2024-04-08,Leave,Region out operation range police four sister.,2025-05-19T17:30:00
1227,633,2023-11-24,Absent,Movie mother purpose energy rule interest.,2025-07-10T23:26:21
1228,1283,2023-11-10,Absent,Whatever commercial agree easy raise follow whose hair.,2023-12-30T22:07:52
1229,1786,2025-02-17,Present,Surface certain measure oil number.,2024-07-01T15:55:55
1230,739,2025-04-09,Present,Discuss test blue senior capital audience miss prevent suffer.,2024-09-28T09:27:23
1231,1760,2023-11-05,Present,That seven government any.,2024-08-24T15:19:37
1232,284,2024-02-10,Leave,Money there indeed rock husband full third form least good.,2024-12-03T15:07:42
1233,1595,2023-12-09,Leave,Subject ten significant education.,2025-09-12T13:40:21
1234,453,2024-11-29,Absent,Young Mrs personal building ground whether hospital interesting condition whom.,2024-01-18T08:53:32
1235,108,2024-12-05,Absent,Better seven there travel theory share between somebody nation.,2024-06-04T19:47:24
1236,809,2025-04-02,Leave,Under outside single especially culture woman stage bank expert.,2025-05-02T06:24:34
1237,768,2023-12-01,Absent,Green from take the health call everything industry receive.,2024-03-17T07:39:11
1238,887,2024-12-04,Present,Avoid husband draw subject much behind able current day.,2024-07-03T15:41:13
1239,1734,2023-11-25,Absent,Popular Mr throughout ago lawyer.,2023-11-08T03:04:55
1240,60,2025-09-21,Absent,Eye finish five dark answer know always sister though.,2025-10-18T22:33:25
1241,1265,2023-11-14,Present,International million than evidence.,2024-12-18T16:00:25
1242,1709,2025-01-22,Leave,Impact catch live finish not blue beyond.,2025-09-28T04:24:14
1243,1747,2025-10-09,Absent,Image clearly every tend just administration find.,2023-12-13T07:28:21
1244,1319,2024-12-11,Absent,Life measure safe enjoy among.,2025-09-25T22:05:15
1245,1426,2024-08-25,Absent,Defense reveal his city piece.,2025-08-28T15:36:32
1246,877,2025-02-19,Absent,Various rate art enough recent ask attack new soldier.,2024-08-30T18:58:10
1247,993,2024-04-22,Leave,Describe point catch sport story star which successful.,2025-03-28T10:02:08
1248,1826,2024-07-08,Leave,Debate quite red many live model soldier traditional animal do.,2024-03-26T05:58:15
1249,436,2024-08-01,Absent,Soon together remain reality.,2024-11-26T15:55:14
1250,1174,2025-07-04,Leave,Affect animal never brother drive major market pressure.,2024-03-28T09:27:37
1251,1982,2024-04-10,Present,Trade blood important charge never get last.,2024-01-22T06:42:13
1252,1196,2024-04-05,Present,Side current much successful hand think establish dark customer.,2024-01-19T06:41:15
1253,1898,2025-07-16,Leave,Smile feel western upon peace author couple.,2023-12-25T06:59:06
1254,632,2024-11-30,Absent,Full receive performance again suddenly nearly she maintain.,2025-02-17T01:16:23
1255,546,2025-08-07,Present,Hit project then team reach five fire.,2025-06-17T09:50:24
1256,946,2025-05-12,Present,Beyond particular change thought natural newspaper call civil cause country.,2024-02-16T08:00:30
1257,1795,2024-04-16,Leave,Spend entire fast adult ago could also several figure.,2025-03-09T09:18:40
1258,1728,2024-11-06,Leave,Police film near claim scientist relate best.,2024-08-03T16:55:17
1259,86,2023-12-28,Leave,Administration indeed himself dark according successful network.,2024-11-25T09:45:22
1260,391,2024-12-09,Absent,Money western send quite pay oil leader professor.,2024-06-07T02:44:19
1261,1781,2025-03-12,Present,Perform take source response tough air.,2024-03-18T13:48:53
1262,170,2024-07-27,Leave,Full decade fly assume newspaper.,2025-04-10T10:24:34
1263,1620,2024-03-12,Leave,Tree establish realize sea.,2024-06-25T06:35:40
1264,1499,2025-02-12,Absent,Nation understand paper miss night any human machine step data.,2025-09-07T08:43:38
1265,1655,2025-10-26,Present,Knowledge common late company society wrong accept.,2025-04-11T22:03:41
1266,1214,2025-05-15,Present,World out against coach manage glass indicate ball later.,2023-11-08T22:08:24
1267,56,2024-01-17,Present,Them mind state interesting.,2025-08-31T15:53:18
1268,934,2024-11-05,Absent,Well goal meet learn public just expect bed address.,2024-02-23T18:36:53
1269,1857,2025-05-16,Absent,Television truth result mission energy.,2025-07-25T22:38:56
1270,1019,2025-06-26,Present,Type property suddenly must step ten account crime executive.,2025-06-29T05:40:34
1271,1863,2025-04-27,Absent,May eye land seek join thank yeah maintain call ball.,2025-07-16T08:15:44
1272,384,2024-05-01,Absent,One improve dinner stuff issue particularly again what.,2023-11-09T08:27:50
1273,1384,2025-05-13,Leave,Member policy from speak.,2024-07-31T04:20:22
1274,467,2024-03-09,Present,Value everything almost easy candidate discover time.,2024-04-07T04:17:19
1275,166,2024-05-02,Present,Sound account may democratic alone continue account very address.,2025-05-16T20:28:55
1276,153,2025-05-21,Leave,Star visit their west full by establish lead fill year.,2025-06-23T06:41:34
1277,1190,2024-10-02,Present,Audience mention relate evidence call against ok bed interest general.,2024-01-05T02:42:53
1278,268,2024-09-27,Absent,Machine probably generation prevent.,2023-12-11T21:53:40
1279,1328,2024-03-27,Absent,Some yet scientist build improve stand back.,2024-04-26T21:15:11
1280,1561,2025-01-06,Leave,Perform trade and decide foot our pattern officer here best suffer.,2025-10-21T17:53:59
1281,274,2024-11-11,Present,Bed deal none wonder heavy.,2024-06-05T05:31:34
1282,994,2025-05-09,Absent,Discover save choose kind pass.,2025-04-02T01:45:50
1283,394,2025-08-09,Leave,Television simple employee history sound coach grow radio city.,2024-01-07T05:24:40
1284,1909,2024-04-15,Leave,Alone whole model do either summer letter.,2024-11-01T20:06:51
1285,224,2024-12-18,Present,Remember administration low of feeling follow onto.,2023-11-04T12:50:44
1286,1943,2025-10-19,Present,Office garden plan inside.,2024-04-18T19:41:15
1287,16,2024-03-31,Leave,When tree hospital high teach scientist item song.,2025-10-24T05:56:20
1288,1856,2024-11-05,Leave,Bit relationship go site effect body.,2025-01-04T23:39:51
1289,499,2024-11-25,Present,Church figure population for child.,2023-11-29T18:02:20
1290,539,2024-10-07,Absent,Grow minute young these term.,2025-08-02T01:06:15
1291,333,2024-10-30,Present,Break go reason dog friend term off race support conference.,2024-09-05T21:17:55
1292,1006,2024-03-10,Leave,One poor message just road effect present expert threat.,2025-06-29T01:59:38
1293,1887,2025-09-02,Present,Up camera lawyer example parent song just.,2024-08-17T11:35:22
1294,425,2024-12-24,Absent,Rock agency coach pretty miss public hair professor group accept.,2024-01-24T22:46:06
1295,791,2024-08-21,Present,Side nice modern nearly bill probably.,2023-12-23T15:48:31
1296,1639,2024-02-13,Present,Question marriage conference man return perhaps less total rich beyond.,2025-01-12T18:09:04
1297,1512,2025-05-16,Present,None teacher relate whether room.,2025-01-27T09:37:21
1298,1055,2024-09-29,Absent,Firm seem factor catch field Congress cause institution better their.,2025-01-01T01:52:49
1299,542,2024-09-02,Leave,Tree memory party design realize speech day option.,2024-04-20T23:11:41
1300,315,2025-10-25,Absent,Task religious eat sound official weight real style.,2024-07-11T20:58:39
1301,854,2024-06-11,Absent,Medical still dinner resource moment road threat.,2025-06-19T06:26:08
1302,827,2024-01-20,Leave,Impact very page fact performance eat until they democratic perhaps.,2024-03-25T00:15:57
1303,805,2024-04-23,Absent,That determine everyone window I sort we pick.,2024-08-24T09:48:18
1304,1558,2024-11-13,Leave,Economic answer teacher movement skill.,2023-12-23T16:53:38
1305,70,2024-10-11,Leave,Pull offer just decade information not hear.,2024-07-26T22:15:40
1306,1349,2024-05-19,Absent,Book deep at less adult continue sit thank.,2023-12-23T20:54:57
1307,1885,2024-08-29,Leave,Trip pretty too get any candidate up between pressure.,2024-03-19T14:10:37
1308,84,2025-04-16,Present,Guess fear heart should admit free opportunity family look industry.,2024-03-05T06:16:56
1309,102,2025-06-22,Leave,Think dinner wrong decade employee.,2023-12-04T10:36:32
1310,738,2025-07-25,Leave,Better hope evening forget particular.,2024-04-05T12:45:24
1311,1180,2025-08-11,Leave,Represent federal memory difficult eight scene figure laugh.,2024-02-11T17:03:04
1312,717,2024-04-15,Leave,Return the throw I.,2024-07-15T10:03:32
1313,1544,2023-11-02,Present,Laugh seven position woman food agent not relate.,2024-01-27T19:05:41
1314,1116,2024-12-12,Present,Leg production else Congress trouble matter street individual since history.,2025-07-31T10:51:03
1315,671,2023-11-30,Absent,Great senior measure drive help these for view land picture yet.,2024-02-12T04:30:35
1316,1705,2024-08-17,Absent,Seat brother box traditional road establish state rate discuss.,2023-12-17T08:56:19
1317,1772,2025-01-14,Present,Kid land treat focus without those off talk sense media.,2025-10-11T11:28:46
1318,1870,2025-05-18,Present,Class scene Congress plant open no Democrat staff.,2024-02-11T01:55:53
1319,1748,2024-11-12,Absent,Available arm student trade note team else human history.,2025-08-25T22:12:55
1320,553,2024-03-28,Present,Push amount store hot subject question throw seem already.,2025-07-07T07:13:54
1321,1403,2023-12-10,Leave,Eye away once nearly nor deal exactly space mean down.,2024-11-25T06:56:47
1322,1410,2024-08-28,Leave,Big out writer pattern response close.,2024-02-28T13:08:52
1323,1649,2024-05-20,Absent,Bring everything election strategy.,2024-02-08T14:36:29
1324,930,2024-06-13,Leave,Debate tend material administration month travel policy without magazine trip.,2023-11-10T00:07:28
1325,219,2025-03-06,Leave,Form already effort sometimes ago shake politics.,2023-11-21T15:36:20
1326,1302,2024-03-10,Present,Top teacher old wait certain prepare voice show.,2024-03-15T13:11:55
1327,1969,2024-08-17,Absent,Different perhaps stop dream image several partner station.,2025-09-24T22:08:50
1328,930,2025-04-11,Leave,Report once almost national around.,2024-11-29T12:54:51
1329,1980,2024-12-09,Leave,Kitchen issue medical sing fill painting adult rich avoid other defense.,2024-02-15T17:08:00
1330,1639,2024-05-14,Absent,Line fish up friend figure nation.,2025-08-31T18:53:22
1331,1269,2024-02-26,Leave,Season accept relate vote walk mention.,2025-03-28T00:07:22
1332,1884,2025-03-01,Present,Employee pick offer start make save.,2023-12-19T22:01:40
1333,1637,2024-09-17,Absent,Defense whether building discuss occur land fund why.,2025-09-04T00:52:52
1334,1803,2025-06-19,Leave,Mother fish entire both almost.,2025-10-31T05:31:24
1335,1065,2024-06-30,Present,Soon career leave accept part should.,2023-12-17T04:12:15
1336,712,2024-04-30,Leave,Decision cup night clear draw mind manage let.,2025-04-25T08:34:55
1337,1552,2024-11-15,Leave,Key only rest opportunity surface situation strategy power commercial.,2025-04-12T06:10:13
1338,1612,2025-04-03,Present,While smile fly family fire.,2025-08-09T02:03:13
1339,1957,2024-09-13,Absent,Entire value task smile bar hit reason tree culture fall.,2025-10-28T16:23:04
1340,556,2023-11-11,Absent,Process education always suffer interest public.,2025-06-25T21:55:01
1341,833,2024-01-13,Present,Occur believe discuss someone find read down store.,2024-06-04T23:43:49
1342,1820,2025-02-21,Leave,Rest among serious Democrat yard nature political south gun partner.,2024-12-12T03:52:08
1343,1348,2024-02-24,Leave,Company phone down whatever ok result front they physical.,2024-12-25T22:45:09
1344,699,2025-02-18,Absent,Tv watch yes raise list outside draw.,2024-01-11T06:42:46
1345,227,2024-01-05,Absent,Several short people room technology opportunity drug.,2024-07-03T18:06:04
1346,191,2025-05-18,Present,Network college stop city maybe.,2023-11-09T23:07:05
1347,8,2023-12-03,Absent,Establish range lose real million north employee song.,2024-08-17T23:00:00
1348,1882,2025-03-01,Absent,No during number site accept factor a.,2024-03-10T02:39:13
1349,850,2024-04-24,Present,Hair year his model student compare can personal suddenly push.,2024-08-13T21:08:30
1350,1866,2025-01-29,Absent,Could media some land pattern me health professional key various.,2025-02-02T11:57:04
1351,801,2024-07-14,Absent,Home feel majority company too strategy price purpose in.,2023-11-29T00:14:31
1352,1099,2025-11-01,Leave,Change summer personal your put.,2025-06-27T10:29:33
1353,742,2024-09-07,Absent,Hold but miss radio while market.,2025-01-21T19:31:34
1354,1755,2025-07-23,Absent,Until soldier on either decide throughout claim contain conference account.,2023-11-06T09:50:40
1355,1367,2024-10-27,Absent,Director money watch friend end region join full.,2024-06-26T06:36:40
1356,482,2024-06-24,Leave,Hour live option still rather avoid focus action fight.,2025-04-12T17:41:28
1357,1403,2025-09-20,Absent,Blood discuss general total future shoulder hotel ready great.,2024-05-08T07:05:02
1358,451,2024-09-11,Absent,Head buy pretty vote and.,2023-11-18T13:43:25
1359,1908,2025-05-20,Absent,Them thousand response agree traditional near save.,2024-05-23T04:43:26
1360,872,2025-05-13,Absent,Really myself general particularly.,2025-07-18T11:57:48
1361,739,2024-07-19,Leave,One experience outside artist her project size.,2024-06-14T01:45:59
1362,1272,2024-06-26,Absent,Various everything ready participant beyond glass.,2024-09-16T23:25:10
1363,1267,2024-09-03,Leave,Draw effort if goal draw wind.,2024-01-28T02:39:57
1364,94,2023-11-28,Present,Bring believe task blood believe buy hit.,2024-04-01T23:53:17
1365,1358,2024-09-14,Present,Study ago center that happen pattern executive according.,2025-09-14T04:21:52
1366,565,2025-10-27,Absent,Then movie former effect future.,2025-07-04T10:07:18
1367,1890,2025-06-21,Present,Church thought what figure yourself speak situation.,2024-11-29T23:32:18
1368,478,2025-09-14,Leave,Use town relate technology hand responsibility.,2024-04-17T10:39:58
1369,210,2024-01-24,Absent,Serious deep wear provide alone.,2024-10-01T06:50:28
1370,371,2024-10-19,Present,Myself get way provide fight past win.,2025-04-25T16:55:49
1371,781,2023-11-27,Absent,Page garden civil name gas wind.,2024-02-18T15:30:40
1372,1992,2024-02-06,Absent,Leave season physical machine time back new accept.,2025-04-14T21:52:34
1373,1046,2024-02-18,Absent,Attention group nothing spend rise present weight.,2025-01-29T01:34:07
1374,1258,2024-01-20,Leave,Finish listen usually decade yeah.,2024-06-28T10:03:36
1375,221,2024-03-25,Leave,Hard must fine until behavior.,2024-04-05T14:20:22
1376,1328,2025-01-28,Absent,Little only factor toward recent free those subject where positive.,2025-08-18T12:31:54
1377,199,2025-03-24,Absent,Church again key measure history life identify risk program.,2025-06-05T16:02:56
1378,789,2025-10-27,Present,Build especially quite beyond hospital sell summer take thing.,2023-11-07T11:47:43
1379,1124,2025-07-04,Leave,His both attack article floor the all process must we.,2025-09-18T12:36:23
1380,479,2025-08-04,Absent,More future theory help report ground discover allow.,2024-07-07T00:56:58
1381,447,2024-09-05,Leave,Growth action church court close relationship protect if tough.,2025-03-05T23:02:46
1382,687,2024-02-21,Leave,Score special crime blood art.,2023-12-03T06:55:42
1383,1927,2024-09-19,Present,Only level church alone fine.,2024-06-10T23:28:45
1384,1351,2024-03-23,Absent,Art foreign discover Congress add street reflect wide.,2024-07-12T23:52:09
1385,1540,2024-03-15,Present,Field full administration finish section hand rather.,2024-06-04T12:35:03
1386,412,2025-07-29,Present,Back past brother alone while born area garden likely radio.,2023-12-08T14:44:37
1387,1349,2023-11-29,Absent,Hotel Mrs allow the girl parent sport order staff need.,2025-06-19T18:15:48
1388,169,2024-10-06,Leave,Leader report walk candidate great poor within environmental soon actually current.,2025-05-10T00:41:12
1389,409,2025-08-22,Present,Small cover together carry good event.,2025-03-02T04:03:32
1390,1388,2023-11-21,Present,Look quite radio drive daughter industry rest threat grow.,2024-09-17T23:25:59
1391,708,2025-01-10,Absent,Himself message guy increase set show.,2024-03-14T15:41:25
1392,233,2024-11-04,Present,Anything step remain real last those heavy conference work technology.,2024-02-10T15:02:56
1393,1938,2024-06-21,Absent,Prevent next civil cover eat hard cultural mother.,2025-04-04T20:31:21
1394,1837,2024-07-25,Present,Yet issue community help beat tax true.,2025-04-20T16:55:22
1395,336,2024-11-28,Absent,Up company modern past lay teacher travel money sound.,2024-08-01T04:04:48
1396,1038,2024-12-17,Absent,Successful scene new main law language raise.,2025-01-03T18:16:40
1397,973,2024-03-11,Present,Study put city include product enjoy economy.,2025-10-24T18:49:45
1398,609,2024-12-19,Absent,To table nothing necessary contain hair big.,2025-07-11T06:49:28
1399,935,2024-06-09,Leave,Toward receive understand she attorney response total camera.,2025-01-04T04:45:25
1400,1616,2024-05-31,Present,Structure laugh whom half generation leg.,2024-10-28T22:57:13
1401,913,2025-02-17,Present,Outside price nothing fish artist quite pretty travel school minute.,2025-04-10T08:02:15
1402,1533,2024-05-07,Present,Late reach some away me.,2025-10-25T12:52:22
1403,465,2024-11-19,Leave,Machine call purpose drive purpose.,2023-11-05T05:38:26
1404,1821,2024-11-02,Leave,Story body strong much moment left professor age.,2024-08-04T12:53:38
1405,226,2025-04-25,Absent,Concern difficult economy risk from star.,2025-10-11T21:00:07
1406,1564,2025-01-08,Absent,Reality though space past.,2025-08-24T14:26:15
1407,156,2023-12-04,Leave,Teacher attack garden play compare hand nor.,2024-12-25T19:36:26
1408,1432,2025-08-06,Absent,Cultural may without participant law.,2025-01-08T16:39:48
1409,1142,2025-03-03,Present,Recognize glass win table kitchen among cultural.,2025-07-12T11:48:40
1410,1805,2025-07-07,Present,Prevent camera carry thought new may possible great.,2025-05-09T04:08:42
1411,710,2025-04-18,Leave,Note might dark anyone if number final free mean.,2025-08-17T01:21:13
1412,1119,2025-02-27,Absent,Office white partner nearly share understand process or leg option.,2024-09-23T02:11:48
1413,1365,2024-09-27,Leave,Know song believe often fly year.,2025-08-29T13:50:14
1414,1941,2024-04-06,Absent,Reality peace news fast American ready ten play.,2024-05-22T00:20:10
1415,1355,2024-08-18,Present,Treatment worker cold safe believe can area rule.,2024-05-04T07:22:34
1416,247,2025-05-26,Present,Political grow open push career expect it table for.,2024-07-21T22:05:32
1417,1300,2024-08-04,Leave,Anyone method head nor leader world.,2025-10-14T20:50:19
1418,1539,2025-06-19,Absent,Give ground image everyone explain daughter.,2024-01-24T12:39:17
1419,1426,2025-05-21,Leave,Nice miss design level meeting less.,2024-01-11T23:54:21
1420,1395,2025-03-30,Absent,Factor simply news hundred thank.,2025-08-23T03:24:08
1421,624,2025-05-06,Present,Individual red can wind future.,2024-07-08T21:26:14
1422,1081,2024-07-13,Absent,Role account call top evening.,2024-12-05T07:56:25
1423,630,2025-03-17,Absent,Music step certainly manage cultural interesting threat free general.,2025-03-26T02:40:26
1424,561,2025-03-20,Present,White trade Mrs sign impact matter cause I read.,2024-10-29T11:45:28
1425,1773,2024-06-22,Absent,Republican source one five so in together team.,2025-09-19T11:25:43
1426,400,2024-01-19,Leave,Amount song ok back pressure political throughout low human.,2025-09-24T14:08:25
1427,977,2024-08-20,Present,Effort remain word stay off change can.,2024-11-18T20:39:10
1428,1177,2025-09-24,Leave,Lawyer line to for reach party action our size.,2023-12-11T19:34:24
1429,860,2025-08-17,Present,Sport yard officer main.,2025-08-13T09:31:15
1430,1528,2025-07-02,Absent,Wish list senior any role commercial second ground.,2024-04-20T11:41:31
1431,712,2025-07-27,Absent,Act truth from throughout industry throw single.,2024-06-25T05:19:36
1432,700,2024-10-04,Absent,Cover fight administration world community agent finally position foreign from.,2024-05-19T09:41:37
1433,994,2025-08-16,Leave,No section never yeah training stock security.,2025-09-02T12:04:40
1434,1171,2025-10-22,Present,Manager interest create event series environmental factor military social compare.,2025-01-03T18:23:18
1435,789,2025-09-20,Present,Floor husband spend six stage special easy.,2025-07-08T01:57:06
1436,1038,2024-06-26,Present,Fall station heart discover activity.,2025-07-12T09:16:36
1437,1518,2024-05-26,Absent,Carry major actually fill reality stand onto sign.,2025-08-15T12:08:53
1438,538,2024-05-15,Present,Wind play seat interesting base water food.,2023-11-13T13:29:48
1439,674,2024-01-15,Present,Learn player ten adult small far focus minute edge choose.,2025-08-02T04:49:18
1440,177,2025-09-17,Leave,Forget nation he result since glass.,2024-04-22T03:01:41
1441,77,2024-07-01,Leave,Science perform rest which thousand relate.,2025-07-28T11:27:41
1442,648,2024-05-19,Absent,Behavior nearly poor site letter message edge build half second.,2024-07-09T01:40:30
1443,684,2024-05-12,Absent,Friend wife front letter few picture special team herself couple.,2025-09-05T20:30:14
1444,160,2024-04-06,Leave,Wonder very space per will worry fill part.,2025-07-20T06:27:08
1445,1839,2024-08-18,Leave,Show thousand alone nature receive wall idea these bed.,2025-09-02T03:07:04
1446,259,2024-12-26,Absent,Near coach minute could worry force organization pressure modern.,2024-05-21T18:39:02
1447,214,2024-12-08,Absent,Almost soldier rock off perhaps appear house ahead.,2025-06-10T22:00:11
1448,1889,2025-10-18,Present,Suggest likely may information.,2024-05-10T21:44:14
1449,1053,2025-03-27,Absent,Head land administration outside room tree.,2024-02-08T23:34:02
1450,486,2024-06-10,Absent,Deal somebody teach Democrat from consider open charge wall wish.,2024-01-17T02:30:49
1451,1121,2024-03-28,Absent,Blue follow head direction campaign page movement program almost pattern must.,2024-04-04T09:27:24
1452,13,2025-04-21,Present,Specific position get draw produce life free rich court money degree.,2025-01-27T10:02:23
1453,1972,2024-05-05,Absent,Require only media scientist participant history actually.,2025-06-04T08:10:11
1454,1731,2024-09-21,Present,Although affect north and.,2023-12-10T19:36:42
1455,1374,2024-07-31,Absent,Population idea central hit same reach six.,2025-10-08T12:07:24
1456,99,2024-04-15,Leave,Month finally provide force also end society hair.,2025-07-06T03:02:36
1457,1368,2024-03-25,Absent,Reach also to end same mind fight reduce exactly market.,2024-03-16T19:49:18
1458,516,2025-07-31,Leave,Other national gun site join.,2024-09-15T12:53:49
1459,1864,2025-07-11,Present,Discussion along agent son either size.,2025-02-11T11:29:08
1460,624,2025-02-17,Absent,Hour build election be try example.,2024-05-05T12:17:08
1461,667,2025-08-31,Present,Story build style now range amount.,2025-03-15T15:44:08
1462,503,2025-06-11,Absent,Soldier capital ground happen west.,2024-04-04T10:31:42
1463,1412,2024-10-24,Absent,Suddenly we guy attack mind.,2024-11-06T17:53:49
1464,1727,2025-08-14,Present,Use air although sort full easy.,2024-11-11T20:03:58
1465,42,2025-02-04,Present,Wall big mean weight standard involve under discover sell among.,2025-02-07T19:41:22
1466,1678,2025-08-03,Absent,After main lot laugh within perform participant continue.,2025-05-03T15:04:26
1467,781,2025-09-23,Leave,Question eat friend similar statement whose above beautiful well cut entire.,2024-03-03T21:38:47
1468,196,2024-05-09,Absent,Marriage feel by matter choose collection others Congress whether coach.,2024-04-01T01:11:42
1469,892,2025-01-25,Leave,Town quickly nature great case ago growth they almost.,2024-08-24T22:06:24
1470,224,2024-11-24,Absent,Possible recognize leg I trade we store these certain.,2024-03-05T07:23:43
1471,1403,2023-11-30,Absent,Admit across environmental must clearly form.,2023-12-30T23:54:17
1472,157,2023-11-22,Absent,Mrs possible catch eight maybe across effect drop girl moment.,2024-05-03T11:03:43
1473,1805,2024-02-13,Absent,Process cup civil west increase vote everyone.,2024-03-05T02:31:15
1474,467,2024-04-04,Present,Individual image nearly foot least.,2025-06-13T11:12:28
1475,974,2024-05-24,Absent,Often responsibility toward husband study face model.,2024-01-19T14:39:28
1476,1835,2024-03-18,Leave,Oil control quite trouble decade sell price suffer.,2024-11-21T09:04:31
1477,554,2025-09-15,Present,Or many let law force reflect.,2025-09-03T04:44:42
1478,1483,2024-07-18,Leave,Itself class table many today.,2025-10-04T17:56:46
1479,182,2025-10-21,Present,Generation nor policy last cut fact.,2025-06-30T17:36:21
1480,548,2024-09-09,Present,Business behavior street land person.,2024-01-01T02:40:58
1481,1289,2025-01-12,Absent,News second source land defense eat.,2023-12-26T17:57:46
1482,1038,2024-12-21,Present,Election cost wall road down expert entire music cell door.,2025-09-08T11:08:54
1483,32,2023-12-15,Leave,Forget unit out south senior.,2024-01-20T21:59:09
1484,12,2025-04-14,Absent,Imagine age hard water list claim.,2025-02-17T12:05:46
1485,228,2025-10-20,Leave,Pm nearly there analysis stop reality international see six apply.,2024-02-23T01:05:36
1486,767,2023-12-16,Absent,Own until teach under indicate.,2024-02-02T09:44:30
1487,1316,2025-09-01,Present,Watch we condition race set man clearly region sell.,2024-04-02T06:35:59
1488,1346,2023-12-28,Absent,Among serve teach race card style just role.,2025-04-04T00:10:58
1489,1851,2024-01-17,Absent,Every office light anything floor state husband.,2025-06-18T17:17:46
1490,209,2024-07-01,Absent,Sister your member sometimes road.,2024-04-17T03:46:51
1491,1194,2023-11-25,Absent,South hot reveal letter scientist east statement particular interview.,2025-02-17T18:06:00
1492,203,2024-07-19,Absent,Worry down individual ability only speak become gas.,2025-02-06T14:30:28
1493,1193,2023-11-16,Leave,Well world billion fish area guy.,2024-10-03T17:24:51
1494,1335,2023-11-15,Absent,North effort of career fund step.,2025-02-26T23:32:44
1495,670,2025-02-19,Leave,Yard term great customer cost power hour fill.,2024-10-08T20:29:27
1496,1587,2024-02-02,Present,Community local next note I control.,2024-11-23T02:43:02
1497,1112,2024-08-25,Absent,Important various effort song.,2024-11-03T08:51:22
1498,1757,2025-02-12,Present,Many kind charge probably less security approach today believe carry.,2024-04-28T03:21:56
1499,786,2025-10-01,Leave,Along walk answer summer add program radio whom.,2024-06-06T05:46:14
1500,75,2024-04-14,Absent,Behind there check several international democratic stage drive.,2025-06-29T12:09:26
1501,359,2024-08-21,Leave,Fight suggest call seem improve billion.,2025-05-22T09:43:34
1502,808,2024-11-04,Absent,State successful Republican particularly movement parent there wish tree.,2025-04-12T09:35:38
1503,1488,2024-04-09,Present,Summer suffer stock rather evidence space return.,2025-06-24T07:11:20
1504,1731,2025-04-06,Leave,He enter model gas physical fall three bank.,2024-06-30T12:36:22
1505,102,2025-05-28,Leave,Wall suggest final idea relationship consider office.,2024-06-14T10:19:35
1506,527,2025-03-14,Present,Maybe letter share apply meet poor popular design wrong.,2025-02-20T02:27:12
1507,1833,2025-09-30,Leave,Matter money travel field protect avoid behavior year response.,2024-07-09T16:32:34
1508,1063,2025-02-13,Present,Game sell everyone just firm.,2024-09-07T20:36:38
1509,784,2025-08-30,Leave,Discover various then behavior political economic bit according car process.,2024-04-13T02:57:24
1510,637,2025-07-18,Leave,Enjoy subject impact cut design soldier contain.,2024-07-21T18:28:53
1511,287,2025-08-29,Absent,Recently cut research nice similar early day memory low.,2024-07-13T22:20:53
1512,1462,2025-06-26,Present,Partner commercial process after ready effect election same not.,2024-03-26T10:02:28
1513,401,2025-09-05,Leave,Forward suddenly accept responsibility lose.,2024-04-11T12:17:37
1514,1814,2024-03-12,Present,Cell play account agreement worry ever customer small perform.,2024-07-23T14:10:13
1515,1686,2024-01-28,Leave,A decision nation moment college toward administration material.,2024-10-27T11:11:54
1516,1238,2025-07-09,Present,Seat tonight run common such weight plan sing suddenly.,2025-07-20T18:02:26
1517,934,2025-09-28,Present,Citizen join gas control themselves.,2025-07-15T13:24:53
1518,1614,2025-10-17,Absent,Year stock part night.,2025-06-01T03:13:13
1519,1482,2025-03-07,Absent,Television involve later executive occur might.,2025-10-27T17:56:55
1520,565,2024-03-09,Absent,Carry look decade success business actually.,2024-05-09T21:15:01
1521,698,2025-05-02,Present,Option share author our million school laugh finish go population at.,2024-02-19T03:29:54
1522,484,2025-06-06,Present,Girl create nor everything thus season.,2024-03-15T08:54:18
1523,1358,2024-09-24,Present,Son race first whether past assume evidence.,2025-11-01T11:47:25
1524,774,2024-02-05,Leave,This loss order culture game former alone.,2025-02-25T06:02:59
1525,6,2024-05-15,Absent,Forget area color performance picture.,2023-12-09T18:35:11
1526,733,2024-01-10,Leave,Brother pattern partner during say dog west kid hope.,2025-01-14T12:51:25
1527,1483,2024-12-12,Present,Sell Mr with week support forget require loss against.,2024-10-27T21:02:39
1528,1381,2024-01-28,Leave,Civil light media perhaps huge light allow red.,2024-12-26T08:19:56
1529,1259,2024-01-22,Present,Cost travel open line somebody American treatment recognize position.,2025-04-22T20:56:03
1530,1048,2025-02-01,Present,Work difference physical final newspaper fire.,2024-08-16T01:46:41
1531,1718,2024-11-20,Leave,Citizen computer born later rock become have certainly produce cost.,2025-08-05T15:33:18
1532,982,2024-07-17,Present,Large medical themselves thus million return.,2024-06-07T02:15:17
1533,433,2024-03-05,Present,Attention back ready pay seek but about present budget important environment.,2024-03-06T01:56:03
1534,59,2025-02-22,Present,Still Mr night program draw sense.,2023-12-19T19:14:55
1535,1010,2025-03-24,Leave,Physical at operation decision tough window.,2025-01-29T03:55:02
1536,1688,2024-03-24,Absent,First nature debate difference region finally.,2025-10-06T21:24:28
1537,490,2025-04-07,Leave,Although together art if computer.,2023-11-20T07:42:52
1538,285,2023-11-04,Absent,Us some many every might respond hear weight know reflect.,2024-08-16T05:58:14
1539,376,2024-05-02,Present,Low matter fire those say ball would.,2024-08-11T11:26:08
1540,424,2025-03-29,Absent,At amount it nation fight expect.,2024-04-13T13:17:09
1541,455,2024-12-24,Absent,Morning a eye measure fear usually professional final difficult.,2023-12-01T20:55:46
1542,1256,2025-05-28,Absent,Like may much line provide pick task.,2025-09-10T01:47:46
1543,122,2025-01-28,Absent,Require response respond specific candidate catch economic.,2024-01-24T06:48:51
1544,1703,2024-02-19,Present,Product find region mean.,2025-03-29T01:03:11
1545,300,2025-09-23,Leave,Conference build say and.,2025-10-13T14:07:45
1546,791,2024-09-19,Present,Less newspaper gas whom parent morning.,2025-01-16T23:49:39
1547,680,2024-09-15,Leave,Response rather who be beyond.,2024-11-24T14:24:13
1548,99,2024-08-17,Absent,Program box claim bed newspaper want five.,2025-04-27T08:49:21
1549,951,2024-08-07,Present,Care girl area always left unit education back people help.,2024-01-06T11:03:31
1550,731,2024-03-16,Present,Write line throw bag as activity keep charge.,2024-05-13T15:57:30
1551,671,2025-01-12,Present,Religious market into fire people begin production get.,2024-04-01T14:28:05
1552,337,2025-10-09,Absent,Appear test dinner team clear toward.,2024-01-10T14:30:58
1553,1552,2025-10-15,Leave,Discover remember eat financial man season successful probably weight water.,2024-07-30T16:42:23
1554,1866,2024-12-31,Absent,Voice lot pay open often base.,2023-12-23T06:31:37
1555,533,2023-11-30,Leave,Exist particular state campaign treat thus head save discover capital.,2025-02-14T05:26:09
1556,422,2025-03-19,Present,Attention world shake everybody land top last others game.,2024-09-10T09:04:03
1557,1978,2023-12-09,Absent,Short skin win bad inside inside particularly help.,2024-01-13T15:45:14
1558,1764,2023-11-24,Present,Hour activity question seat see church sense police.,2025-07-17T15:44:27
1559,1969,2025-09-29,Leave,Its tree evidence rest box.,2024-06-30T05:09:51
1560,959,2024-03-02,Present,Protect major describe miss table lot federal tonight treatment we.,2024-01-18T09:22:55
1561,1575,2023-12-13,Absent,Walk sure former yes.,2025-09-15T15:27:29
1562,1728,2025-03-22,Absent,Bit practice animal certainly boy.,2024-08-23T21:47:46
1563,198,2025-08-31,Present,Development remember girl church energy space interview.,2025-09-02T19:11:29
1564,1387,2024-09-10,Leave,Product above indicate possible series affect perhaps.,2024-08-03T13:22:16
1565,711,2024-01-15,Leave,Cover lot some American reveal population.,2024-08-03T07:33:24
1566,1204,2025-08-23,Absent,Billion maintain risk spend up line the carry.,2024-10-02T03:11:42
1567,607,2024-04-05,Present,Rock view president us.,2024-09-07T14:48:37
1568,862,2023-12-26,Present,Evening would eye really either indeed people media language common.,2025-07-05T07:54:05
1569,1298,2025-03-10,Absent,Cell under vote animal better money care food attack.,2024-11-01T12:47:43
1570,1688,2025-01-31,Present,Case knowledge bar tree loss whose black because base available how.,2025-08-18T22:30:31
1571,1465,2025-09-12,Present,Available institution discuss on population.,2025-03-06T04:03:22
1572,1250,2024-07-01,Leave,Thus involve practice member think low include serve energy.,2024-07-04T17:32:56
1573,1275,2024-12-17,Leave,Family threat green Mrs rock good offer.,2024-06-10T21:32:12
1574,939,2024-01-14,Present,Attack good ahead check suddenly piece within per want fine.,2024-05-07T01:50:28
1575,957,2024-08-17,Absent,Agency happy usually network through fill past plant anything.,2025-08-11T18:11:39
1576,1808,2025-03-22,Present,Word chair describe detail college already which perhaps.,2024-11-06T19:36:58
1577,1435,2025-01-04,Absent,Court treatment yes system amount son mind dinner relationship page lose.,2025-03-28T09:09:29
1578,184,2024-07-05,Absent,Result center resource season could word.,2025-10-14T05:04:24
1579,1341,2024-09-07,Leave,Campaign tax three fight pass church concern easy.,2025-01-03T00:28:31
1580,497,2025-10-22,Present,Place response fire mission.,2024-02-15T02:23:31
1581,1878,2025-10-12,Absent,Increase before wife treat sometimes.,2024-04-25T20:44:34
1582,596,2024-12-14,Present,Step size participant first town store mean growth chance.,2025-04-10T12:47:22
1583,1621,2024-11-16,Present,Same bar action fall air effort.,2024-06-03T12:51:50
1584,1246,2024-03-15,Leave,Share turn high save there movement state son.,2024-06-13T01:18:17
1585,1751,2023-12-03,Present,Score every out Democrat feeling best everything less difference us.,2024-12-28T06:30:18
1586,1437,2024-06-25,Present,Investment modern financial in subject three five free task me.,2024-02-06T20:41:57
1587,890,2025-05-21,Absent,Up data technology now interesting door water those record.,2025-02-25T06:57:12
1588,860,2025-01-04,Absent,Whole her believe laugh tend carry attorney nature rise.,2025-03-09T11:49:42
1589,1469,2025-04-26,Present,Remain building the and likely plan.,2024-06-08T02:33:25
1590,1994,2024-03-09,Leave,Summer chair month page realize at so suffer what production.,2024-03-07T15:53:37
1591,1559,2025-09-30,Present,Church indeed throughout decision phone democratic moment couple north.,2024-09-10T06:50:54
1592,1430,2025-04-28,Absent,Against fall financial I wonder door.,2024-07-17T13:53:19
1593,1893,2024-11-05,Absent,Crime avoid writer than window what prepare teach hard audience.,2025-07-30T21:05:08
1594,1813,2025-08-23,Present,Land perhaps human unit treatment everything affect might likely above.,2024-09-17T11:31:01
1595,877,2025-07-16,Present,Best night send event strategy lead few.,2024-08-25T16:04:40
1596,87,2024-08-03,Absent,Design consumer pressure simply military present need offer movement ball.,2025-07-18T04:57:41
1597,261,2024-10-31,Leave,Evidence change despite book participant thing fast despite kitchen main.,2024-04-10T14:45:07
1598,1542,2024-08-09,Leave,Indicate industry more court cost reason.,2024-06-04T05:17:34
1599,1178,2025-07-30,Leave,Kid mouth full police everything small purpose present.,2024-04-19T14:52:40
1600,376,2024-11-12,Present,Woman clear without everything change could practice identify feel open.,2024-11-16T18:15:43
1601,388,2025-05-16,Leave,Difference still main avoid thing option lot check.,2024-11-15T08:52:48
1602,532,2024-05-05,Present,Note product only indeed really month brother memory thought send.,2025-03-08T21:44:09
1603,738,2025-05-31,Absent,Should will policy weight often interest cause little ability name.,2025-03-11T14:18:54
1604,1248,2023-11-12,Leave,Seem only far above wind even well in why son.,2025-06-07T20:13:58
1605,385,2024-04-24,Leave,Tell happy thought every ready.,2024-12-08T18:00:51
1606,1324,2025-05-25,Leave,Leave can drug west speak day role thousand individual three.,2024-12-30T14:14:03
1607,654,2024-01-05,Leave,Argue son kid keep decide step mean artist occur could.,2024-06-26T13:26:57
1608,616,2025-10-29,Absent,Time often career billion pay score.,2024-11-27T00:42:15
1609,1795,2023-12-19,Leave,Report stay usually relationship voice indeed building including century.,2023-11-13T04:31:56
1610,1158,2025-02-21,Present,Anyone will present pull term know.,2025-05-01T14:53:03
1611,319,2025-01-08,Absent,By film bad town those break hair magazine.,2024-10-14T12:56:03
1612,131,2025-07-25,Leave,Response let consider fine system score know management.,2024-07-20T14:31:44
1613,989,2025-05-29,Absent,Various true newspaper dog many serve show send.,2025-05-23T01:26:31
1614,1777,2024-04-13,Absent,Field throughout scientist sing call off very way experience once floor.,2024-10-21T05:48:58
1615,660,2023-11-07,Present,Continue nor hold gas hotel near property owner.,2025-07-09T17:20:18
1616,1222,2025-10-10,Absent,Simply upon student ten score report.,2025-04-12T13:51:01
1617,1276,2025-05-05,Absent,Court deal section environmental agree.,2025-10-23T11:44:01
1618,939,2025-07-06,Absent,Fund necessary pattern win reach policy system.,2025-07-05T14:03:04
1619,816,2024-09-27,Absent,Do Democrat feel single suddenly stop.,2025-04-04T15:54:28
1620,645,2024-05-08,Present,Popular time treatment office pass miss story reduce.,2024-11-23T15:14:14
1621,333,2024-06-17,Leave,Form option art party other report process power time figure.,2024-12-14T10:53:37
1622,1733,2024-12-31,Leave,Stand some easy forget stay training either president day control.,2025-04-09T02:20:37
1623,1379,2023-12-31,Leave,Three debate interest detail project teach mean.,2024-11-01T00:56:17
1624,1375,2024-08-24,Absent,Half thing evidence staff just.,2024-05-09T04:25:31
1625,893,2024-07-03,Present,Cell player behind computer meet single candidate job star.,2025-07-15T04:45:49
1626,1098,2024-03-02,Present,Without network resource compare rule.,2025-01-17T12:16:09
1627,877,2024-12-21,Absent,Subject cup not out employee item to majority who.,2024-03-27T16:10:00
1628,836,2025-08-31,Absent,Feeling main head put century close she last start.,2023-12-10T15:48:53
1629,711,2025-10-15,Absent,Use happy country throw cause rock prove business no central.,2025-09-03T16:17:59
1630,120,2025-03-01,Present,Understand center suddenly school speak whatever any dark scientist.,2025-07-12T03:24:58
1631,165,2024-10-22,Leave,Best article wish agency guy good north what some.,2025-07-12T13:47:49
1632,7,2024-07-03,Present,Customer both whom serious agreement many myself involve senior.,2025-10-01T12:50:38
1633,344,2025-08-15,Present,Chair loss leave event.,2025-01-28T12:21:07
1634,1285,2025-04-29,Present,Law wife each television personal personal.,2023-12-11T14:16:26
1635,503,2025-09-11,Present,Away manager training let certainly will.,2025-08-17T08:01:13
1636,1319,2024-02-13,Leave,Why ago tonight lawyer fund.,2025-04-19T19:45:35
1637,1978,2024-01-03,Leave,It key whom sister property watch stuff land.,2024-04-20T16:35:43
1638,1010,2024-04-03,Absent,Loss church fact defense me.,2025-06-16T14:23:18
1639,1610,2025-03-07,Present,Agency collection around ground fine fine.,2023-12-07T06:52:18
1640,1313,2025-03-24,Leave,Else business send land official sign participant upon morning.,2024-07-10T12:10:14
1641,1609,2025-06-03,Absent,Community box role day their.,2024-10-04T11:10:50
1642,366,2025-04-30,Present,Compare contain court enjoy third but community soldier Congress central.,2023-11-26T01:58:25
1643,618,2023-12-15,Absent,Always hit continue plan million shoulder send cultural turn simple.,2024-09-30T10:51:47
1644,1510,2025-04-03,Leave,East game sign item month minute.,2024-10-26T21:02:02
1645,440,2025-08-20,Absent,Those recently meet there central over prevent make people.,2023-11-29T11:42:19
1646,591,2024-01-25,Leave,Participant guy deep officer specific nothing result.,2024-09-04T13:22:11
1647,1589,2025-08-13,Absent,Scene public remain phone history.,2025-06-17T09:03:44
1648,1546,2023-12-11,Absent,Well clear wear table administration tend brother.,2024-08-09T18:15:34
1649,591,2024-09-13,Leave,Contain shoulder job sea such let special professional throw toward product.,2024-05-04T14:57:29
1650,1038,2025-06-06,Leave,Hope our final once table small early program.,2025-06-12T09:12:26
1651,1459,2025-10-25,Leave,Represent politics why war southern model political yet president far.,2025-05-15T09:03:34
1652,474,2025-03-09,Leave,Sport hope finish there my fast also bring culture well.,2024-12-20T17:39:07
1653,871,2025-02-22,Leave,Energy future yourself few responsibility reveal throw development.,2024-05-20T01:58:22
1654,1988,2025-06-08,Present,Able western spend nature space improve person determine magazine example.,2025-09-22T03:27:01
1655,1151,2024-01-26,Leave,Tax rock smile boy color Mr prove.,2024-03-10T13:49:23
1656,261,2025-08-16,Absent,Life see garden understand range join foreign.,2025-04-13T05:43:44
1657,309,2025-01-26,Absent,Exactly dog myself two there play foot mean response art.,2025-09-22T07:48:29
1658,1777,2024-01-08,Absent,Cultural thus exactly law sport health human.,2024-01-09T04:51:25
1659,441,2024-12-10,Present,Herself response painting nor town area season car.,2024-10-02T14:11:51
1660,1277,2024-09-08,Present,While ago way win record decade establish.,2025-09-30T15:00:00
1661,1922,2025-07-16,Absent,Card cause more citizen support material natural from.,2024-09-27T20:31:37
1662,1412,2025-06-21,Present,Someone manager carry drug much bank certain smile.,2025-04-07T04:09:15
1663,1909,2025-07-18,Absent,Program out these some yeah second government race hold.,2024-01-06T20:14:21
1664,355,2024-03-15,Present,Stop respond quality which reality thought military.,2025-09-20T01:31:55
1665,721,2024-07-30,Present,Yourself describe federal street region.,2024-01-09T01:32:33
1666,1004,2024-05-05,Present,Environment she top beautiful pressure figure.,2024-10-18T05:25:44
1667,1394,2025-03-30,Absent,Will color gas trip.,2024-03-17T08:49:57
1668,1618,2024-10-11,Absent,Poor author lose perform college floor option technology.,2024-12-11T21:38:54
1669,861,2024-11-23,Present,Shoulder section much decide southern voice which and history after.,2023-12-15T00:24:58
1670,1926,2025-09-20,Absent,Time hit tonight father bad likely voice.,2024-12-22T16:42:10
1671,1952,2024-07-09,Leave,Others senior buy happy.,2024-04-01T09:19:28
1672,1483,2024-01-23,Leave,Magazine attack painting measure fish general performance have discover let.,2024-04-24T12:06:12
1673,1312,2024-08-04,Leave,Subject marriage once quality growth.,2024-01-24T16:09:47
1674,1658,2024-10-07,Leave,Reveal campaign we allow central close suddenly.,2025-02-02T03:46:11
1675,1506,2025-07-15,Present,Sport federal for picture middle.,2025-08-10T15:38:12
1676,1991,2024-05-24,Leave,Decide professional behind listen reason assume sing assume those size once.,2025-07-17T07:24:26
1677,524,2024-08-05,Absent,Will weight pretty way remember night of red will vote.,2024-10-01T10:51:33
1678,209,2024-06-10,Absent,Room week indeed pressure right involve place structure.,2024-04-07T12:23:27
1679,975,2024-06-02,Absent,Bring others save individual table though example it.,2024-05-06T12:33:26
1680,851,2024-04-21,Present,Direction position level PM health research.,2025-06-09T11:27:22
1681,36,2024-04-24,Leave,Tree risk cold call black something before.,2023-12-14T16:35:12
1682,96,2024-01-01,Leave,Area wrong tonight water record.,2025-03-12T20:00:22
1683,1864,2024-06-11,Present,Kind whole general concern its minute may but pay.,2024-05-19T15:19:55
1684,80,2024-11-11,Present,Him for Congress community name.,2025-04-09T12:56:49
1685,1678,2024-01-07,Present,Particular future imagine any material thousand find research.,2025-09-02T17:16:26
1686,333,2025-07-12,Present,Check bad image heart water father lot push.,2024-07-19T16:33:11
1687,1824,2024-12-10,Present,Since can service worker easy realize spring.,2025-07-14T14:14:45
1688,1466,2024-02-21,Present,Action ten cause authority democratic place improve.,2025-09-28T19:17:08
1689,430,2024-05-26,Leave,Practice energy else house drop movie.,2025-08-20T07:40:45
1690,693,2024-10-22,Absent,Past explain those lay feel.,2025-10-22T04:52:57
1691,219,2024-12-20,Present,Expect conference paper believe page development enough song store investment you.,2024-09-07T05:43:51
1692,198,2024-11-15,Absent,Second career inside would whom training former media create.,2025-01-14T19:42:32
1693,1222,2024-02-27,Leave,Large middle join create unit.,2024-11-24T10:48:00
1694,460,2025-04-21,Present,Tend dog interesting create edge need thing seek.,2023-12-30T04:46:10
1695,392,2024-09-21,Present,Different race market age catch involve hospital certain ready notice.,2024-08-07T22:44:39
1696,1138,2024-11-13,Absent,Research structure bring four main than investment analysis.,2024-08-18T05:35:14
1697,1867,2024-02-15,Absent,Likely include around certainly fall lot.,2025-05-14T07:06:32
1698,203,2025-09-08,Absent,Life open career between nature ten charge.,2025-10-31T15:09:55
1699,2000,2025-08-28,Present,Nation door then way political kitchen less agree.,2024-10-07T12:32:53
1700,1916,2025-02-05,Present,Member service heart Mr analysis water.,2024-02-15T19:06:53
1701,839,2024-07-05,Present,Organization management house firm often civil.,2025-04-24T07:17:59
1702,1286,2025-06-02,Present,Never officer fine subject ok.,2025-01-23T15:16:40
1703,845,2025-05-09,Leave,Go international although business suddenly able space.,2025-04-25T00:55:48
1704,1529,2024-10-11,Present,Wall why right scene feel future score join.,2024-04-09T03:47:21
1705,234,2025-10-09,Absent,Effort them its anything more student leader camera our professional.,2024-03-16T03:34:16
1706,541,2025-03-28,Absent,Foreign cold represent return job evidence.,2024-09-28T08:34:22
1707,416,2025-06-09,Absent,Follow participant free reveal.,2025-04-25T09:57:39
1708,218,2025-08-29,Absent,Morning act ever reach quite late.,2025-02-15T02:00:16
1709,1324,2025-09-09,Present,Wall base pattern program rather listen two well.,2024-12-21T16:48:58
1710,547,2025-09-26,Absent,Republican explain force clearly.,2025-09-18T05:55:41
1711,256,2024-12-10,Leave,Resource successful involve fight political cup space with.,2025-04-25T20:22:34
1712,805,2023-11-25,Absent,Phone public strong cup down against may.,2025-10-11T00:18:11
1713,1114,2025-04-12,Absent,Court best serve live stop own treat last.,2024-03-31T12:48:02
1714,1012,2025-02-27,Leave,Improve fish coach the when camera many military.,2024-11-03T06:38:47
1715,1025,2024-01-01,Present,Manage necessary fear trial agreement race evidence.,2024-07-04T10:16:31
1716,1569,2025-04-27,Present,Conference right become dark huge enjoy.,2024-03-31T05:17:31
1717,1391,2024-04-16,Present,Sing subject up song involve pass couple.,2024-02-15T05:59:17
1718,1309,2024-07-03,Absent,For center seat nearly surface street popular.,2025-08-17T12:19:40
1719,1560,2024-09-06,Leave,Foot report another usually side travel same.,2024-04-26T13:34:58
1720,206,2024-11-08,Present,Later although around party benefit impact often success.,2025-01-15T02:06:16
1721,366,2025-07-15,Absent,Window event country smile attention guy enjoy degree keep by.,2024-10-23T23:21:24
1722,1100,2024-12-17,Absent,Four involve machine space there.,2025-09-16T09:32:20
1723,382,2025-10-27,Present,Oil power find level someone term physical miss get especially nothing.,2024-04-17T16:31:22
1724,1857,2023-11-21,Present,Fall approach step water section plan news.,2025-07-31T11:11:25
1725,1447,2023-12-09,Leave,Yourself present strong business suddenly.,2024-11-10T10:53:56
1726,806,2024-08-16,Present,Individual themselves light whom ability high.,2024-10-11T12:49:00
1727,692,2024-09-05,Absent,Other national yeah learn specific.,2025-09-08T09:00:58
1728,1625,2025-01-12,Absent,Administration prevent above economy later grow.,2023-11-21T18:18:36
1729,849,2025-09-13,Leave,Dark glass have character possible.,2025-02-21T10:13:58
1730,1394,2024-04-09,Present,Station allow people before could.,2023-12-15T21:06:49
1731,426,2025-07-30,Present,Room plant treatment top ground drop them determine buy.,2025-05-18T21:50:52
1732,1469,2025-10-11,Absent,Send beyond relate imagine capital me must remember society.,2025-09-08T16:33:39
1733,1685,2025-07-14,Leave,I first find enough fire.,2025-10-12T00:38:08
1734,1153,2024-09-28,Leave,Create company south natural open image order hundred social enough.,2024-04-15T14:53:42
1735,386,2024-09-29,Present,Hand up into standard guess growth million.,2023-12-17T20:03:06
1736,72,2024-04-19,Absent,Address pay sea recognize firm student kid.,2024-12-09T13:01:07
1737,911,2024-10-14,Present,Operation paper school on available yeah.,2024-10-26T22:01:44
1738,1163,2025-06-08,Absent,Standard something street soldier itself list lawyer.,2025-08-01T03:56:49
1739,507,2023-11-17,Present,Floor image for each purpose strong.,2024-03-08T11:18:38
1740,411,2025-01-10,Leave,Company accept system as situation above live move least.,2025-10-03T16:05:42
1741,1123,2024-08-01,Present,Always one food figure reality change north real would.,2024-01-14T06:49:23
1742,726,2024-02-09,Absent,Ago fish two increase man fact suddenly carry.,2024-03-28T17:39:24
1743,698,2025-03-04,Absent,Since Mrs information company then.,2025-08-08T03:00:08
1744,282,2025-10-29,Absent,Own manager war pressure door even report executive sport.,2024-09-04T12:24:16
1745,1981,2024-01-01,Leave,Yard single and wide industry however professor easy image movement.,2025-02-22T10:12:18
1746,1495,2025-07-05,Absent,Sense if sing hot whose any fly former order.,2025-10-29T18:39:14
1747,896,2024-06-25,Leave,Nearly ten among sign realize free sometimes both.,2025-02-24T11:05:37
1748,1594,2024-10-11,Present,Age American beautiful still treat case population.,2025-06-18T14:27:33
1749,1291,2024-07-16,Absent,Seem cold within capital news physical agree attack card.,2024-02-21T00:51:04
1750,14,2024-02-07,Present,Who white specific modern represent.,2024-10-05T15:55:10
1751,1800,2024-06-06,Present,Relate someone baby since provide become worry.,2025-07-09T19:06:42
1752,676,2025-09-10,Absent,Use cell perhaps offer fact player year.,2024-06-17T13:59:44
1753,583,2024-11-12,Present,Trade glass between federal certainly college meeting place.,2025-10-03T13:08:58
1754,1385,2024-07-02,Leave,Let look beat these among test.,2024-10-09T08:58:54
1755,477,2024-11-23,Present,Hold note new father model two care give.,2025-10-20T23:28:57
1756,1275,2024-07-10,Leave,Film else offer from describe everyone investment style product.,2024-05-02T15:28:56
1757,1557,2024-03-07,Leave,Reflect modern prepare visit statement decide friend most end drug.,2025-08-30T04:41:57
1758,1094,2023-12-27,Absent,Drop special white himself dark ten operation state quite debate.,2024-06-04T01:05:06
1759,1043,2024-10-14,Leave,Image success tough light sort cause.,2024-06-23T02:05:40
1760,161,2025-04-12,Leave,Consumer conference look especially bag star PM majority.,2023-12-30T17:45:30
1761,1484,2025-05-06,Absent,Guy article they simple source require red.,2025-09-03T14:00:56
1762,26,2025-08-19,Absent,Out site per them some.,2025-05-20T19:07:45
1763,1426,2023-11-24,Leave,Often little man change food station.,2024-05-01T00:03:24
1764,895,2024-03-12,Absent,Forget gas model key thought shoulder want positive.,2023-11-14T04:14:28
1765,1922,2025-02-06,Leave,Modern language fear senior today stage front better ok stock.,2025-01-01T13:41:39
1766,803,2025-06-12,Leave,Who tough prove pattern us stage drop field style.,2024-08-06T22:21:21
1767,1171,2024-07-30,Leave,Street especially young effort.,2024-10-06T15:24:52
1768,1160,2024-07-28,Present,Three play Mr thousand probably task word rate matter future.,2025-09-11T15:49:54
1769,1368,2024-03-14,Leave,Five plant paper pressure raise.,2023-11-04T21:31:30
1770,1948,2025-09-09,Present,Kind tell culture claim leave.,2025-08-08T07:24:42
1771,1167,2025-08-16,Leave,Identify management cost today.,2025-06-15T03:36:01
1772,253,2024-01-13,Leave,Rate chance bed question reflect major benefit instead report reality.,2025-05-19T19:26:38
1773,1164,2024-08-27,Absent,Who give run should story out wrong important main.,2024-01-30T01:37:34
1774,1151,2024-03-21,Leave,Political manager that major great sea defense toward blue reality.,2025-05-09T13:42:40
1775,943,2024-08-16,Absent,City control test clear stop.,2025-10-01T15:23:03
1776,797,2024-11-20,Present,Expect rock plant like girl.,2025-03-01T16:36:02
1777,355,2025-05-03,Present,Us yourself strong clear you should one politics a run.,2024-05-18T05:42:17
1778,1973,2025-04-25,Leave,Find rule want major able well wide rich actually wife.,2025-03-06T05:53:37
1779,171,2024-07-24,Leave,Heavy politics successful entire between film brother.,2024-07-04T20:30:10
1780,1426,2025-07-19,Leave,Matter film sell including hair property these professor.,2025-05-05T14:38:18
1781,18,2025-09-19,Present,Military eat others various old lose artist its full well.,2023-12-20T11:08:47
1782,291,2024-12-22,Absent,Face join big travel quickly many speech part popular meeting.,2024-03-22T16:42:33
1783,187,2023-12-07,Absent,News even pass conference six give out eight.,2024-04-14T18:20:35
1784,690,2024-09-02,Present,Although usually mission red everything crime.,2025-01-20T03:06:52
1785,1013,2024-04-03,Absent,Area poor seven director stay wear teach land administration hour.,2025-07-16T10:34:01
1786,1065,2024-09-28,Absent,Level run manager list start.,2025-05-20T20:34:54
1787,1856,2025-05-01,Present,True size always staff end say word write.,2025-01-29T02:01:29
1788,1841,2024-01-16,Absent,Article image later suddenly shoulder couple push history get a.,2023-11-07T13:21:55
1789,432,2024-08-11,Absent,Especially you garden main fast speak.,2025-10-16T20:05:00
1790,419,2024-04-25,Present,Husband traditional whatever green know perhaps list.,2024-11-10T00:52:40
1791,340,2024-03-01,Absent,Tax financial process compare score.,2023-11-13T08:55:53
1792,71,2025-05-22,Present,Identify six matter address.,2024-01-25T00:09:55
1793,1034,2025-06-07,Leave,However teach figure look stop late fear man animal international.,2024-02-13T09:32:03
1794,1239,2024-10-21,Absent,Particularly east establish view memory these movement check.,2025-01-15T16:39:55
1795,837,2024-06-21,Absent,South quickly group color billion.,2024-03-26T19:54:00
1796,1028,2024-07-04,Absent,Nearly not can care author involve today now million.,2025-05-11T02:09:18
1797,1658,2025-05-31,Leave,Southern Congress reason Congress structure reveal continue beautiful.,2024-03-06T05:36:09
1798,756,2024-05-10,Leave,Chance lead measure south national fall lead contain have article.,2024-02-12T11:28:35
1799,1707,2024-09-30,Leave,Word eight we argue director partner list remain him.,2024-04-17T03:36:16
1800,551,2025-06-08,Present,Summer measure clear cost executive gas large rise bed.,2024-07-14T16:19:23
1801,143,2025-07-21,Present,These what pass economy stage plan sense experience part.,2025-03-27T14:57:30
1802,789,2024-04-13,Present,Data strategy watch accept deep clear they appear really.,2025-09-13T03:46:10
1803,1872,2025-03-23,Present,Defense purpose religious ten.,2024-11-04T08:05:59
1804,122,2025-01-02,Leave,How million player entire office offer reality stuff method risk.,2024-05-14T03:24:30
1805,1375,2024-05-01,Leave,Get ball adult state build page sport.,2025-09-06T12:45:26
1806,830,2023-12-12,Absent,However word firm including street every more test stuff.,2025-01-17T19:17:53
1807,1768,2024-09-19,Present,Peace strategy although pay approach tax.,2024-08-19T16:03:27
1808,625,2025-07-25,Leave,Kind start thing provide attorney security.,2025-04-22T03:21:43
1809,1262,2024-05-31,Absent,Whatever its center represent town.,2024-01-17T11:14:24
1810,1726,2025-10-05,Absent,Writer include place make such like boy forward nation Republican.,2025-07-15T09:14:48
1811,424,2025-06-04,Leave,Realize pass something material mouth less national.,2024-07-26T17:43:01
1812,1915,2024-10-12,Absent,Debate at cut suddenly issue defense.,2024-10-04T01:52:47
1813,1504,2025-07-29,Absent,Could couple of compare seek team he else civil.,2025-05-26T17:56:10
1814,1402,2024-11-06,Absent,Listen he necessary paper model phone fact.,2025-01-26T16:47:02
1815,1535,2025-10-19,Present,Full voice fire avoid reach list.,2025-09-17T02:33:47
1816,161,2024-06-26,Present,Room their brother loss maintain certain position finally.,2024-08-21T00:09:18
1817,697,2024-06-29,Absent,Want what worker need call president put newspaper significant.,2024-12-04T02:22:41
1818,899,2024-07-29,Absent,Visit event foreign lot sport while how.,2023-12-07T02:01:10
1819,136,2024-12-23,Leave,None tough thing leader when.,2024-04-19T10:09:32
1820,93,2025-02-10,Present,Administration size short ready entire small clear player bank.,2024-04-07T19:14:34
1821,1394,2024-11-12,Present,Summer former area yeah teacher.,2025-03-22T16:13:06
1822,1355,2024-12-13,Present,South listen ever front especially.,2024-03-10T14:27:21
1823,945,2025-05-11,Absent,Picture music seek per must true.,2025-07-20T00:38:11
1824,1175,2025-09-22,Absent,Indeed popular act environmental him.,2024-05-07T03:56:58
1825,85,2024-01-31,Leave,Blood near stop message if.,2025-09-20T18:16:33
1826,1886,2025-06-03,Leave,Strategy response possible market box show clear prevent now news.,2023-11-16T16:33:33
1827,1118,2024-01-23,Leave,Cell where travel let there list argue.,2025-01-15T06:53:29
1828,1564,2025-08-01,Absent,Reach clearly four perhaps director so alone fire fund ten.,2025-01-15T02:50:17
1829,1123,2024-07-17,Absent,Small rock business model stop surface better above arrive receive.,2024-07-25T04:38:03
1830,1249,2025-06-21,Absent,Fight down single blood law former state forward.,2025-09-28T10:00:54
1831,1245,2024-01-24,Present,Week week prevent work plant.,2024-01-19T19:23:06
1832,680,2025-06-10,Leave,Large control water act station stop.,2025-09-26T01:58:34
1833,614,2025-08-13,Present,Reason under them account young red green region.,2024-01-14T16:19:31
1834,524,2024-09-25,Present,View training receive crime project once skill find today.,2023-11-18T16:39:15
1835,386,2025-04-19,Present,Price two only summer fight marriage.,2024-09-03T01:19:35
1836,537,2024-08-27,Leave,Leader box agent type group southern finally grow understand majority.,2024-05-31T19:42:40
1837,567,2025-01-26,Absent,Role hotel east he letter indicate discuss.,2025-08-17T21:50:50
1838,343,2025-08-22,Leave,Adult describe order before government according state report.,2025-08-11T20:45:02
1839,208,2024-09-05,Present,Foot space people would brother close sound lead risk.,2023-12-27T19:05:58
1840,708,2025-08-07,Leave,Note summer rich yard main body large identify write.,2025-04-20T02:37:06
1841,1782,2024-06-11,Leave,Available anyone speak entire again.,2024-09-09T11:57:58
1842,888,2025-02-14,Present,Help beat write wrong make close.,2023-12-19T00:37:58
1843,869,2025-10-19,Present,Capital laugh many personal deep popular these anyone.,2024-03-14T15:24:34
1844,1317,2025-03-04,Present,Long figure must usually Republican lay recent value they away.,2023-11-11T11:57:16
1845,1550,2024-01-07,Leave,Pretty mind describe single whole stage rest as.,2024-03-28T00:28:06
1846,1834,2024-05-25,Leave,Trade all garden agree protect.,2024-07-14T20:17:56
1847,221,2024-10-28,Leave,Before safe want rate not difference behind even world various.,2025-10-13T10:46:29
1848,92,2024-04-08,Leave,Almost everyone economic agency business team certain against.,2024-07-23T04:23:14
1849,559,2024-12-15,Present,Bank your apply back for yeah.,2024-09-28T17:36:42
1850,1338,2025-07-24,Leave,Whole blue dinner could task probably care happy collection wall.,2025-08-11T09:00:07
1851,1788,2024-02-07,Leave,Leave training safe report its public think race.,2024-08-18T07:58:45
1852,1493,2025-03-22,Leave,Visit information once share he once.,2025-10-22T20:41:37
1853,1697,2025-07-21,Leave,Send provide store police down save board person.,2023-12-17T19:50:30
1854,1198,2024-12-03,Present,Others with environmental choice upon upon.,2024-08-25T03:00:19
1855,650,2024-10-13,Present,Stop son include about concern why art budget.,2025-10-27T08:50:09
1856,1635,2025-06-08,Absent,Think fall spend first product poor pattern.,2025-10-22T19:56:50
1857,1527,2023-12-21,Present,Another stay of activity despite.,2024-05-31T10:35:57
1858,598,2024-02-28,Present,Information industry discussion also safe consumer experience win.,2025-01-25T18:00:35
1859,734,2024-01-31,Present,Alone indicate list explain its end.,2024-02-07T09:44:29
1860,1144,2024-06-26,Absent,Yeah our project writer around number at member since.,2025-06-26T11:47:30
1861,30,2024-06-14,Leave,Eye evidence nothing imagine pass throw boy ago.,2025-02-05T19:45:38
1862,163,2024-05-15,Leave,Mean fish second then within.,2024-06-13T09:39:59
1863,496,2025-09-22,Leave,According rock official site follow.,2024-12-01T18:40:47
1864,546,2024-04-06,Absent,Participant chance approach husband data cold today control drive.,2024-10-01T13:25:09
1865,1289,2025-07-17,Absent,Happen despite before their benefit network since hotel require.,2023-12-27T09:28:26
1866,1465,2025-10-11,Present,Land since two build.,2024-07-16T19:04:58
1867,1988,2023-11-08,Leave,Sport thought purpose early life vote teach.,2024-12-11T16:48:54
1868,1410,2025-10-16,Absent,Reveal truth data evening green least believe.,2025-02-03T11:40:52
1869,1862,2025-06-10,Present,Letter five drive direction phone politics him.,2025-04-26T22:41:38
1870,1605,2025-10-03,Absent,Perhaps war fall challenge particular return positive.,2025-03-25T06:53:58
1871,522,2024-07-20,Present,Heart same spend within increase weight yard yes role.,2023-11-10T16:08:31
1872,1821,2024-05-04,Present,Strong conference century vote.,2025-06-14T22:15:42
1873,352,2025-06-09,Absent,Democratic seek body hair scientist alone east recent suggest center.,2025-04-22T18:52:03
1874,621,2023-12-04,Absent,Beat view left onto pressure though wait.,2024-06-01T19:01:28
1875,278,2025-07-24,Absent,Conference some between grow cover low sell market past compare.,2024-08-22T14:07:52
1876,1418,2025-01-22,Absent,Play beat reveal almost cold usually sit issue.,2024-12-19T18:45:50
1877,1412,2025-01-23,Present,Decision do majority almost.,2024-10-02T10:12:20
1878,1433,2025-09-21,Leave,Avoid since them wall identify arm answer just.,2024-08-08T13:54:47
1879,1516,2024-02-02,Present,Environmental identify rock site still hospital push almost coach.,2025-04-09T06:06:00
1880,585,2024-08-22,Absent,Partner line watch generation memory start.,2025-02-13T08:58:48
1881,434,2025-08-14,Leave,Song current few green then PM.,2024-05-17T15:02:38
1882,1901,2024-03-02,Leave,Pm form best glass sure politics degree.,2024-01-05T21:48:56
1883,815,2025-08-19,Present,Less seven method together finally avoid describe heavy.,2024-04-29T21:02:36
1884,1736,2024-06-08,Absent,Nation lay establish travel upon treatment.,2024-02-21T02:36:32
1885,260,2025-03-17,Absent,Know factor together music same because.,2025-02-06T06:06:10
1886,54,2024-08-16,Leave,Animal yourself watch strong hard identify huge every tend.,2025-10-07T20:51:30
1887,1955,2024-12-20,Present,Yourself couple rate piece specific news fund member military.,2023-12-15T04:57:41
1888,929,2024-11-07,Absent,Care bank player system.,2025-04-11T16:37:01
1889,1450,2024-04-01,Leave,Present partner him for heart physical evening unit.,2024-03-10T02:51:57
1890,567,2023-12-17,Present,Identify technology peace speak money without.,2024-10-23T00:26:19
1891,753,2025-07-23,Leave,Church four responsibility lay yes middle peace.,2025-05-02T11:37:14
1892,486,2024-08-15,Leave,Benefit hospital firm nor laugh political.,2024-08-18T11:12:44
1893,1433,2025-01-09,Leave,Truth answer different mean still activity enter movement entire.,2024-01-14T22:12:40
1894,1685,2025-10-19,Leave,Pick situation later truth here big bank.,2025-01-16T05:28:48
1895,1649,2025-01-08,Absent,Seven writer bill recognize simply.,2025-06-17T16:25:53
1896,1082,2024-10-09,Leave,Computer with speak carry interesting measure imagine attack perhaps.,2024-04-21T08:46:03
1897,692,2025-08-17,Leave,Detail no despite great very baby student soon.,2023-11-16T21:58:06
1898,381,2024-04-13,Absent,Market middle third consumer involve heart.,2024-04-11T07:00:03
1899,1626,2025-09-30,Absent,Whole beat sing pretty five option same.,2024-02-20T06:58:18
1900,1031,2024-01-23,Present,Sport improve necessary house apply decide act Mrs according no.,2024-10-17T02:17:16
1901,40,2024-09-18,Leave,Wonder amount hotel want happen record lay away threat reality.,2024-04-19T00:18:55
1902,201,2025-06-11,Leave,Difficult wide sound dinner this answer high.,2023-11-27T20:45:48
1903,1327,2025-02-03,Leave,Produce sound price physical tend quite green technology score level.,2024-06-22T17:49:35
1904,210,2024-04-09,Present,Address with shake system everyone together between herself tonight bad.,2025-09-04T03:50:43
1905,313,2024-02-23,Absent,Something almost old indeed stay close front statement plant education.,2024-12-04T23:36:51
1906,1605,2024-07-31,Absent,Young until marriage ever center down he.,2025-05-04T23:30:39
1907,799,2025-04-01,Present,Herself attorney image child however work it for.,2024-09-24T02:40:20
1908,1917,2024-02-16,Absent,Community before full yourself PM.,2024-03-11T22:46:26
1909,1810,2024-08-24,Present,Wait region expect catch job usually accept husband best.,2024-03-15T02:26:29
1910,1597,2024-09-28,Leave,Himself forget consider happy purpose trial report.,2024-10-07T07:30:10
1911,81,2024-01-13,Leave,Fall tax like involve mention base.,2024-11-18T09:12:08
1912,1648,2023-12-10,Absent,Exactly support husband item rise four partner.,2024-09-04T14:19:05
1913,4,2025-02-13,Present,Can speak half add draw PM most summer former story.,2025-10-14T12:27:33
1914,17,2024-06-08,Leave,Born under enjoy question thus easy trial.,2025-01-16T15:30:52
1915,1561,2025-04-30,Absent,Color arm opportunity consumer.,2025-04-05T18:07:56
1916,1203,2024-11-02,Leave,Material address least western director avoid.,2025-05-19T09:24:57
1917,32,2024-03-28,Leave,Notice surface value dinner friend fill travel night another.,2024-06-12T16:17:01
1918,892,2025-02-06,Leave,Research war section expect alone full.,2024-02-06T18:08:39
1919,506,2025-04-09,Absent,Include security visit white why left end mention watch.,2024-08-11T03:14:56
1920,1776,2024-12-09,Present,Never letter method only contain office executive side against.,2025-05-19T13:25:12
1921,1702,2024-10-08,Leave,Low world they whom win church.,2025-03-05T14:55:45
1922,652,2024-10-13,Leave,Less oil dream by base wish building many old win.,2025-03-24T07:46:00
1923,159,2025-04-29,Present,Institution direction although almost up reveal force board last.,2025-10-29T01:09:14
1924,961,2024-05-25,Absent,Too recognize nor half state over rather attorney.,2024-09-17T11:41:27
1925,1330,2024-04-27,Present,Century dinner create population specific.,2025-07-28T11:42:04
1926,483,2025-06-11,Present,Entire concern one me officer.,2024-12-05T12:51:39
1927,901,2025-03-28,Present,Water seat mean party bag feeling bad understand.,2024-05-25T08:28:52
1928,278,2025-01-22,Leave,Still reveal major cold bed enough too design others.,2024-05-08T20:34:21
1929,1732,2024-05-16,Absent,Lay imagine necessary edge ability home example.,2024-03-24T01:56:27
1930,1834,2025-01-12,Present,Candidate system front particularly business trade trouble.,2024-02-10T10:43:52
1931,490,2025-08-20,Absent,Market try field interview hotel since test mother.,2024-03-28T01:09:21
1932,1226,2024-09-27,Absent,Pass oil back poor economy remain account.,2025-06-01T15:22:09
1933,4,2024-08-01,Leave,Attention herself heart a star machine spend address oil wind.,2025-06-10T11:52:52
1934,798,2024-02-03,Present,Same case do market situation.,2025-07-18T02:39:08
1935,632,2025-08-25,Leave,American again often page perform run face create could now.,2024-11-28T13:52:46
1936,483,2025-04-27,Absent,Base future food thousand agreement.,2025-06-06T04:21:39
1937,1564,2024-11-13,Absent,Usually huge job go read art reveal back bring.,2025-07-08T16:02:47
1938,1887,2024-02-06,Absent,Again might minute establish line feeling institution yet baby general.,2023-11-27T18:42:51
1939,1128,2025-09-02,Absent,Rise how difference training start particular politics success machine right.,2024-05-05T08:54:16
1940,369,2025-03-22,Absent,Concern at community attack close newspaper.,2023-11-16T09:24:49
1941,407,2024-03-02,Absent,Far during training why ball city.,2024-03-31T08:44:54
1942,177,2024-10-22,Absent,Ball realize see somebody contain amount indicate development.,2024-03-30T13:29:56
1943,284,2025-03-31,Present,Right between they name seem ever among without source property.,2024-01-28T17:22:19
1944,1403,2023-12-29,Present,Feeling out identify lawyer mouth whether firm machine.,2025-07-19T06:08:58
1945,663,2025-09-11,Present,Network past become whom.,2024-11-18T09:59:12
1946,492,2024-01-11,Present,Its great door against scene.,2024-07-26T12:38:58
1947,51,2024-09-19,Present,Quite short coach produce your TV skill account whose building threat.,2024-04-14T13:52:29
1948,409,2025-06-03,Present,Thank use top music quality set sing.,2024-05-28T14:23:38
1949,690,2025-07-07,Absent,War beyond key president develop worker never.,2024-05-16T17:04:14
1950,1179,2025-09-05,Absent,Account nor generation impact they quickly who.,2024-02-09T22:25:42
1951,557,2025-05-22,Absent,Himself art quickly eight keep argue source bed.,2025-05-22T04:54:59
1952,1564,2024-11-09,Absent,Election difference become someone already.,2025-07-12T03:45:05
1953,1877,2024-06-26,Present,Soldier travel computer if cup add hospital teach.,2025-08-25T21:28:12
1954,391,2024-06-19,Present,What school first store method street.,2024-11-29T12:30:00
1955,144,2023-12-14,Present,Four window wait ready throughout commercial.,2025-06-10T03:36:29
1956,731,2025-07-03,Present,Walk such man suffer analysis already.,2024-05-13T11:55:50
1957,1219,2025-03-14,Absent,Maintain vote after thing leave his.,2024-07-09T23:23:13
1958,1031,2024-07-15,Present,Job eight agent southern performance work lawyer scene share.,2025-08-24T02:34:28
1959,1250,2024-12-31,Absent,Allow fear parent thought hair under prevent animal.,2023-12-04T23:07:00
1960,1105,2024-05-25,Leave,Close outside wonder before find our music organization within.,2024-02-02T16:17:21
1961,617,2025-06-11,Present,Head cost standard people far.,2024-02-17T05:20:38
1962,289,2024-04-14,Absent,Us call pay note guess case live get coach movement.,2024-04-21T18:58:17
1963,1344,2024-04-25,Absent,Rock few prove former treat modern food cause meeting conference.,2024-11-28T11:48:10
1964,405,2024-02-09,Present,Enter budget travel heavy card join.,2025-10-18T07:06:30
1965,754,2025-05-26,Absent,Travel alone serve whatever learn prevent picture.,2024-12-24T19:04:55
1966,1810,2024-03-02,Present,Difference customer able lawyer south.,2024-09-15T14:29:12
1967,37,2023-11-26,Leave,Daughter condition class fly guess even.,2025-04-11T11:00:48
1968,1804,2024-03-31,Leave,Heavy cell hospital avoid if.,2024-11-30T09:01:24
1969,61,2024-03-10,Present,Specific truth teach image account wall draw red movie operation.,2025-09-18T05:42:49
1970,1315,2023-11-11,Leave,Quite nothing fly court me.,2024-02-24T13:11:50
1971,1933,2025-05-14,Absent,He small product official development teach indeed partner prevent instead.,2024-01-23T03:24:12
1972,1417,2025-04-16,Leave,Environment serious sort dog last.,2025-10-07T14:00:27
1973,241,2025-04-23,Present,Federal ten second visit able sound whether worker.,2025-05-31T03:48:28
1974,156,2025-09-08,Absent,Office field hold create go choose develop why around challenge.,2025-01-13T02:16:50
1975,1682,2025-03-26,Absent,Argue me whether author born from sure perhaps nice class.,2025-03-15T16:43:10
1976,1312,2024-12-20,Absent,Sure color audience day the become would public.,2024-08-29T07:23:10
1977,402,2025-05-18,Leave,Rich industry instead I stage those current right like ready.,2024-02-09T04:01:42
1978,777,2024-08-05,Absent,Score street white people draw apply specific admit him run newspaper.,2024-10-01T09:56:41
1979,1017,2024-01-08,Present,Instead their represent product far another time weight perhaps.,2024-10-22T10:20:18
1980,425,2024-12-16,Absent,Out loss thought any sell machine safe mean hear.,2025-03-04T13:41:45
1981,627,2023-11-09,Absent,Suffer only forward exactly final quality peace.,2024-02-19T12:09:06
1982,1806,2024-06-24,Leave,Century trial test manage capital.,2025-09-30T22:51:30
1983,401,2023-11-26,Absent,Black particularly media training everybody garden financial ball yet.,2025-08-02T07:38:00
1984,171,2024-08-18,Leave,Fire shake partner view though bag role today.,2024-11-30T23:03:10
1985,1901,2024-12-18,Absent,Dark however heart agency tonight easy song business cut individual.,2023-11-28T01:14:26
1986,666,2024-05-30,Present,Establish page stand nearly true near your skill.,2025-10-28T05:07:28
1987,377,2024-04-20,Leave,Ask your entire college believe perhaps economy although investment try view.,2024-01-26T19:25:54
1988,1546,2024-10-31,Leave,Technology short good room street improve eight.,2024-12-28T14:14:19
1989,278,2024-03-25,Present,Street fish simple assume center all third anything information.,2024-07-26T03:16:05
1990,286,2025-09-25,Absent,Decision state risk little cell these reality name source learn.,2024-08-28T03:16:14
1991,1407,2025-04-29,Present,Evening teacher some within ago mean large.,2025-10-13T09:07:13
1992,1702,2024-07-25,Absent,Eye of laugh within value each.,2025-05-01T12:58:42
1993,1048,2024-11-06,Leave,Base break matter contain give prepare key fast.,2023-12-17T09:45:25
1994,658,2023-12-22,Leave,Time until purpose light around same bar toward.,2024-06-27T14:23:23
1995,383,2024-12-31,Leave,Thousand forget news cover prove science forget whatever.,2025-04-20T21:47:16
1996,1220,2025-09-20,Absent,Available compare foot mother federal federal audience send somebody.,2024-03-04T16:10:28
1997,1562,2024-01-19,Leave,System letter yeah wife film write term individual down everything.,2024-03-22T06:31:41
1998,1164,2024-06-11,Present,Always whatever remain establish style strong cut season attention.,2024-02-26T14:17:29
1999,1459,2025-07-19,Absent,Family everybody less speak total base ground.,2025-08-24T15:45:48
2000,1221,2024-06-26,Absent,Total system society should.,2025-02-16T10:26:24
