id,date,description,inflow,outflow,balance,created_at
1,2023-09-12,Different analysis option.,5340.92,11579.03,-6238.11,2022-08-10T01:35:50
2,2022-10-21,Really lot administration have.,11219.96,800.82,10419.14,2021-07-23T02:12:19
3,2020-12-08,Involve quite daughter body form enter street.,3063.38,36988.98,-33925.60,2022-04-04T20:46:58
4,2025-05-18,You poor range.,17509.71,38163.64,-20653.93,2023-09-24T05:41:02
5,2023-01-02,Poor professional behind voice especially.,2943.62,11740.69,-8797.07,2022-12-28T07:57:13
6,2022-02-15,Result program plant new any become.,10048.91,3984.10,6064.81,2022-11-12T00:21:04
7,2024-12-03,Generation police picture service.,34103.87,33868.90,234.97,2025-08-06T22:45:52
8,2021-07-17,Industry rich light all resource.,23242.41,5906.38,17336.03,2023-06-06T01:03:37
9,2024-06-29,Exactly allow board.,38820.55,23.91,38796.64,2024-08-07T07:37:07
10,2025-01-15,Place consumer teacher how dinner seven.,5524.96,6229.98,-705.02,2024-02-13T20:04:56
11,2021-11-27,Pressure help keep eye level picture suddenly.,22394.03,39715.28,-17321.25,2023-09-02T14:12:25
12,2021-09-01,Fear add later like smile local serve.,36749.10,18748.53,18000.57,2021-06-29T05:23:55
13,2025-03-07,Sure tree head interest debate.,21953.93,8519.63,13434.30,2024-12-29T04:06:34
14,2023-03-18,According set clearly minute religious program medical it.,47874.25,370.82,47503.43,2025-10-29T08:18:40
15,2024-03-20,Book design every age likely back value.,43667.30,30443.03,13224.27,2023-05-22T16:53:00
16,2025-07-01,Its road year poor life environmental.,8922.39,27852.03,-18929.64,2022-12-01T14:25:32
17,2021-02-08,Bar hear blood war through.,7864.21,28828.00,-20963.79,2023-04-16T05:38:31
18,2025-06-05,Until strategy may throw newspaper plant.,45838.71,27502.17,18336.54,2021-11-25T13:20:56
19,2021-11-16,Kind job describe.,10532.96,21910.32,-11377.36,2021-05-18T06:31:24
20,2024-02-07,Worker situation rule tonight.,5034.59,36337.89,-31303.30,2023-05-31T18:27:48
21,2023-06-14,Risk exist hold them many speak.,20360.11,15905.57,4454.54,2021-09-03T05:55:30
22,2024-01-24,Think audience account blue night provide economic.,46646.13,6718.00,39928.13,2024-06-13T19:49:28
23,2024-07-02,Far level determine together ok president address.,44191.36,1385.82,42805.54,2021-07-05T17:38:49
24,2022-04-20,Compare sense send particularly.,36912.13,12480.43,24431.70,2025-09-27T07:15:30
25,2025-04-14,Product dog give.,47537.75,15850.67,31687.08,2021-07-25T03:40:49
26,2024-01-11,Statement defense play.,49200.95,9285.38,39915.57,2022-09-20T20:25:52
27,2024-04-28,Never deep role environmental say.,3337.27,20411.00,-17073.73,2023-04-27T15:06:27
28,2025-10-22,Oil director common most deal.,49780.57,10908.37,38872.20,2022-04-02T13:05:17
29,2024-08-25,Collection part short nation.,24124.61,13418.54,10706.07,2024-06-12T20:27:16
30,2021-11-10,Truth against save learn institution.,2708.95,11310.39,-8601.44,2023-07-17T10:02:05
31,2025-02-21,Seek certain expert outside task affect shoulder.,40344.94,39553.17,791.77,2023-07-05T23:22:44
32,2021-06-07,Politics center if among city.,25618.64,39243.31,-13624.67,2025-06-08T21:16:21
33,2023-08-10,During tonight ten over if feeling laugh.,2240.16,8166.58,-5926.42,2025-09-08T05:11:44
34,2023-05-29,Increase then mission ahead.,31017.72,15631.24,15386.48,2024-03-09T14:47:41
35,2025-06-29,Not population series throw real service seem.,45402.37,12810.90,32591.47,2023-09-26T22:13:31
36,2023-08-13,Note southern where listen.,39776.96,14036.85,25740.11,2021-11-19T09:14:33
37,2021-11-16,Civil structure degree than century simply.,33156.18,7391.33,25764.85,2022-04-27T18:44:46
38,2025-09-11,Candidate exactly across probably training.,45514.32,9502.33,36011.99,2022-08-11T13:52:08
39,2024-08-28,Attention goal serve mention fund election.,1475.59,24953.31,-23477.72,2022-07-02T16:42:50
40,2023-06-10,Success land wall wall.,49534.88,9057.40,40477.48,2022-05-21T05:21:46
41,2025-02-09,However admit only simple.,43256.87,6189.16,37067.71,2023-10-13T18:59:48
42,2022-06-19,Investment analysis head discussion box recent page business.,38540.09,2216.91,36323.18,2023-01-23T18:19:08
43,2021-10-30,Range soon very nature sort.,40697.05,17278.39,23418.66,2022-06-25T13:31:53
44,2025-07-19,Allow sense tree your.,21952.63,16237.80,5714.83,2023-08-10T12:38:01
45,2024-07-02,Drug behavior and evening.,16148.58,26239.37,-10090.79,2023-11-15T06:45:36
46,2022-04-24,Yet hair job difference.,16216.09,29435.34,-13219.25,2021-02-13T05:08:21
47,2024-10-22,Kid science total radio question stock.,8938.00,6270.89,2667.11,2024-11-04T09:06:08
48,2025-05-28,Use talk pay daughter decision computer.,48581.74,4556.77,44024.97,2021-12-22T05:31:09
49,2024-02-26,Man pass too television.,43121.75,39113.47,4008.28,2023-08-06T05:24:29
50,2023-11-15,Each lawyer tough other.,13877.05,13397.60,479.45,2024-07-29T18:59:30
51,2024-03-25,General address strategy sister political election next.,35063.76,37801.90,-2738.14,2021-08-05T05:24:01
52,2025-10-29,Movie according common spring.,25028.95,17373.44,7655.51,2020-11-06T00:27:23
53,2023-12-17,Consumer test with summer reality.,3663.93,22005.99,-18342.06,2023-11-23T03:25:23
54,2021-08-27,That executive safe perform wonder control.,601.33,22160.82,-21559.49,2022-10-24T09:03:13
55,2023-01-27,By majority long child pass.,3389.10,39039.91,-35650.81,2023-08-25T18:17:22
56,2023-12-24,Save mind environmental pull hold week.,25964.69,38142.85,-12178.16,2020-11-15T22:57:01
57,2022-08-25,Result article economy forward remember.,22654.20,7471.64,15182.56,2022-07-17T17:35:12
58,2022-10-08,Land know part represent put customer.,11178.90,31030.66,-19851.76,2025-10-27T11:20:51
59,2023-04-02,Follow Congress sit science manage chair save ago.,22179.09,22316.89,-137.80,2023-09-30T11:48:31
60,2024-12-10,Discussion oil adult director.,46768.65,26140.72,20627.93,2023-03-09T04:17:24
61,2021-02-05,Avoid blue artist baby.,19242.48,14275.92,4966.56,2023-06-04T23:15:07
62,2024-02-22,Cultural fight law picture.,41607.94,5335.32,36272.62,2021-09-10T14:37:22
63,2023-12-23,Image and someone.,5510.68,4765.70,744.98,2023-03-10T08:45:07
64,2021-09-18,Finally experience scientist nor goal check.,22023.37,39716.13,-17692.76,2023-09-28T23:40:36
65,2021-06-23,Teach will treatment.,17389.03,14615.86,2773.17,2021-09-27T15:51:58
66,2020-12-26,Charge finish exactly be.,24886.30,14566.80,10319.50,2024-05-15T21:20:55
67,2021-04-25,Rate produce hand particularly.,47847.00,24915.78,22931.22,2024-09-28T11:26:13
68,2024-04-16,Anything amount situation decide ability.,18674.08,22485.17,-3811.09,2021-01-21T14:52:31
69,2025-10-25,List available agency give wife girl.,26580.13,35579.35,-8999.22,2020-11-17T17:59:49
70,2024-07-23,Interview per help less agreement writer pick daughter.,13346.83,3704.39,9642.44,2024-05-29T22:38:34
71,2023-04-21,Election old smile occur.,38622.01,13746.91,24875.10,2022-06-18T17:32:48
72,2025-07-20,Hair answer task final only.,33681.51,23301.56,10379.95,2023-11-19T20:38:16
73,2022-04-15,Ten will example let such.,42543.28,27946.35,14596.93,2023-05-01T06:57:02
74,2021-04-29,Building wait teach stay whom.,29466.33,26232.02,3234.31,2022-07-05T16:27:53
75,2024-05-06,Can news within my agree fund age deep.,46638.88,12718.55,33920.33,2023-07-24T08:41:59
76,2020-12-05,Then together off clear else newspaper couple.,19857.31,6018.76,13838.55,2023-07-18T15:21:30
77,2024-09-11,Huge goal word fast.,19958.40,12545.66,7412.74,2022-11-23T14:41:23
78,2023-01-07,Respond the report seat.,1247.78,15315.03,-14067.25,2022-08-02T10:28:59
79,2023-06-09,Reveal upon last professor may.,9354.31,26620.48,-17266.17,2023-06-01T15:05:59
80,2025-08-03,Green whose direction vote star item such.,3145.43,3495.70,-350.27,2022-02-11T12:10:50
81,2023-09-26,Position hand find success top occur why put.,40016.92,38059.04,1957.88,2020-12-02T16:04:20
82,2022-06-25,Hotel none bed beat discover process.,43627.78,17869.44,25758.34,2024-12-08T23:23:31
83,2024-07-20,Everybody various century former spring development stop.,47606.08,3022.25,44583.83,2023-11-11T02:46:36
84,2024-09-26,Energy suffer easy reflect water miss how.,29251.51,18984.88,10266.63,2025-04-08T15:29:42
85,2025-09-13,Back artist realize else.,26049.09,23518.46,2530.63,2022-12-08T02:15:16
86,2023-08-14,Voice human from kind share throughout tree.,10893.98,33404.44,-22510.46,2021-06-25T13:25:04
87,2024-04-24,For trial particular.,8632.91,32104.61,-23471.70,2023-10-04T02:29:02
88,2024-12-29,Go area someone officer happy speak actually responsibility.,13355.91,34732.08,-21376.17,2023-09-03T13:43:37
89,2025-05-15,Decision behavior best concern stuff responsibility.,40361.74,13369.23,26992.51,2025-09-05T15:27:58
90,2022-02-01,Sure letter full number.,32318.29,26761.52,5556.77,2025-08-06T02:42:07
91,2021-10-16,Nice pretty mother.,31220.62,19700.52,11520.10,2024-09-29T13:27:43
92,2025-03-08,Still level those get choose that recent past.,34385.89,4479.94,29905.95,2022-12-07T17:55:45
93,2024-11-19,I by help wish human.,46895.87,16675.07,30220.80,2023-07-17T09:58:49
94,2023-04-17,Value entire how actually must market.,4458.98,11089.27,-6630.29,2025-03-24T12:41:59
95,2022-09-01,Go cost use including environment improve beyond.,18835.35,12793.74,6041.61,2025-10-14T16:47:07
96,2021-09-22,Main majority whom.,46925.42,32181.29,14744.13,2024-01-04T14:25:43
97,2023-09-13,Campaign couple ok course bit live ball.,21576.53,13415.45,8161.08,2024-05-13T20:37:41
98,2024-02-06,Three why whole than answer ahead.,7558.42,5645.50,1912.92,2020-11-27T17:12:33
99,2024-02-27,Weight right thousand change safe whom community.,42342.64,31634.61,10708.03,2021-04-25T12:14:21
100,2023-07-26,Here account loss foreign we national claim.,45147.38,30951.22,14196.16,2024-05-12T03:07:15
101,2025-07-15,Camera car above term no.,1956.31,27060.32,-25104.01,2025-03-17T21:17:18
102,2025-03-18,Agent low important possible.,4739.02,39582.56,-34843.54,2024-02-11T04:59:30
103,2022-09-19,Fact end paper out.,5360.56,21121.02,-15760.46,2025-05-03T07:07:50
104,2023-03-14,Crime follow someone drug cause.,5407.02,23314.35,-17907.33,2020-11-10T13:56:34
105,2023-05-20,Significant mind indeed huge blood.,22136.43,24616.94,-2480.51,2023-01-12T03:11:42
106,2023-03-27,Owner vote son fill policy.,26762.20,1742.41,25019.79,2024-01-17T05:04:28
107,2022-03-03,Every perhaps concern particularly throughout day.,42003.55,24043.63,17959.92,2024-09-09T19:06:03
108,2023-08-27,Interest level natural if drive modern student.,48371.88,10042.81,38329.07,2021-11-20T00:57:18
109,2021-05-21,Together generation network more if top check produce.,22371.86,31637.09,-9265.23,2022-06-07T20:07:32
110,2021-11-28,What fund hot author now space must.,15102.04,26641.05,-11539.01,2023-08-12T02:48:45
111,2022-07-07,Ten contain if.,45865.71,25915.27,19950.44,2022-08-28T23:33:14
112,2023-11-22,Ground win American get because.,40937.01,35268.21,5668.80,2022-10-14T16:51:34
113,2024-11-01,Reveal song allow example we let eye.,40474.87,35769.66,4705.21,2022-07-17T17:28:30
114,2025-05-18,Can summer nothing week bag blood.,25766.32,19501.34,6264.98,2021-05-16T21:23:04
115,2025-08-05,Break west action.,46297.64,9989.56,36308.08,2023-05-23T01:35:00
116,2024-11-07,Every produce such something go apply.,36391.41,20847.83,15543.58,2024-02-23T04:27:47
117,2022-10-10,Again personal somebody form.,905.87,20599.40,-19693.53,2024-02-21T14:22:07
118,2023-10-31,Treat model conference television management Mr.,40321.43,24321.01,16000.42,2023-07-07T06:56:51
119,2023-12-20,Seek stand through.,595.95,34110.55,-33514.60,2023-06-30T08:17:36
120,2021-11-02,Huge morning performance drive book.,45453.92,20314.72,25139.20,2021-07-21T05:37:07
121,2023-11-16,Talk power experience defense.,27325.30,10710.83,16614.47,2022-07-07T00:13:17
122,2022-08-21,Production administration whatever close rise we street ask.,9629.51,11304.79,-1675.28,2024-01-17T06:53:56
123,2024-04-11,Tend learn though film themselves trouble few.,41967.67,13596.65,28371.02,2024-06-06T13:35:01
124,2021-08-25,Quite will series gas own guess a.,1666.57,33553.95,-31887.38,2022-01-24T23:31:35
125,2022-04-08,World weight include prepare way.,5615.30,28868.50,-23253.20,2024-03-28T16:50:58
126,2025-10-17,Should form debate town region.,2411.23,15066.20,-12654.97,2023-05-14T14:20:03
127,2023-07-03,Bar course chance toward billion lawyer wonder hundred.,47443.59,8854.25,38589.34,2023-07-11T03:33:58
128,2025-10-09,And hotel admit various mind create.,47859.81,20728.53,27131.28,2025-03-30T10:02:42
129,2022-08-14,Rich issue but item ok free pick.,41180.09,17284.68,23895.41,2024-04-27T04:22:02
130,2021-07-07,Church century kid nation wait.,40100.62,23611.96,16488.66,2022-11-13T10:00:18
131,2022-03-14,Relate draw hour ask then fine use technology.,31738.18,38457.22,-6719.04,2022-01-03T15:32:53
132,2023-10-01,First firm set his condition assume.,38894.67,39986.00,-1091.33,2024-02-24T03:12:43
133,2021-05-01,Others marriage north agreement during kind left.,4860.67,28066.21,-23205.54,2021-03-08T14:54:10
134,2021-03-14,Say physical none.,28419.78,16720.79,11698.99,2021-08-04T18:25:10
135,2024-08-18,Modern back city order research sing away happy.,44485.42,38432.08,6053.34,2024-09-12T18:54:37
136,2020-11-27,Stop interview machine Mr else.,3754.32,36503.60,-32749.28,2022-04-21T11:19:51
137,2022-07-31,Drop nice upon couple event just.,44004.90,36228.71,7776.19,2024-08-09T09:36:13
138,2021-07-29,None school include school author professor center.,48139.58,33178.40,14961.18,2023-08-01T07:54:32
139,2025-05-01,Me mention rise few rock clearly.,38788.99,5767.47,33021.52,2024-04-05T00:13:32
140,2023-07-22,Say stand ten debate would report add.,5737.59,28226.11,-22488.52,2021-07-15T16:07:21
141,2023-11-28,Reveal represent threat thing school.,36204.37,13868.66,22335.71,2025-04-26T21:16:11
142,2024-03-22,Safe treat hotel my.,26184.27,7605.84,18578.43,2023-09-09T15:45:29
143,2021-06-03,Focus happy record well indeed main already yet.,38866.29,2062.98,36803.31,2022-11-02T22:30:00
144,2023-11-15,Reveal within hit garden see.,40912.32,10699.05,30213.27,2023-08-10T08:23:40
145,2024-10-23,Medical main catch job read wait likely.,25462.41,22399.98,3062.43,2025-06-28T11:20:41
146,2025-08-15,Try TV end floor size art fall subject.,41959.78,23391.52,18568.26,2023-01-21T19:44:58
147,2025-04-21,Message clear evidence with better class challenge sound.,34512.12,12841.27,21670.85,2023-11-11T08:09:30
148,2022-09-02,One such energy throughout production what.,3742.58,6886.53,-3143.95,2023-10-26T19:29:07
149,2024-06-15,Marriage southern though TV arm see specific chance.,224.99,23148.99,-22924.00,2023-02-07T06:03:58
150,2024-11-19,Run this economy arrive minute easy.,24.38,8963.68,-8939.30,2025-01-02T01:17:50
151,2021-03-20,Point kind room vote paper.,36199.69,10388.66,25811.03,2025-06-15T07:04:51
152,2021-10-05,Such magazine brother former especially my.,21636.77,16690.12,4946.65,2024-05-02T00:40:39
153,2021-08-13,Teacher these major of perhaps sport even.,34342.42,19817.45,14524.97,2021-09-07T07:40:38
154,2024-07-19,See face message.,45075.33,4799.33,40276.00,2022-02-20T22:56:06
155,2022-09-07,Address whom picture often thank road.,20978.49,14176.91,6801.58,2025-07-24T03:46:19
156,2022-07-12,Lose herself art business.,42531.04,36760.69,5770.35,2024-04-24T22:39:41
157,2024-05-31,After act simple lay.,31585.92,8443.27,23142.65,2022-09-02T20:56:54
158,2023-02-17,Over until every speak identify also amount.,14270.48,22987.98,-8717.50,2023-10-12T11:09:40
159,2022-07-07,Main me game deal.,17268.18,2293.61,14974.57,2025-02-18T14:10:00
160,2025-08-12,Also guy management describe east early through consumer.,11756.04,20052.38,-8296.34,2022-02-01T12:14:13
161,2021-01-16,Money where again condition make half across.,33770.61,15843.72,17926.89,2024-10-27T07:20:59
162,2021-01-03,From bill TV know could mission.,32462.26,15917.42,16544.84,2024-12-26T09:53:33
163,2023-09-03,Because art indeed father other federal population result.,17585.48,21134.53,-3549.05,2024-01-28T12:22:52
164,2025-07-15,Goal serve wife power analysis.,7208.40,28964.40,-21756.00,2025-01-25T21:34:38
165,2024-04-27,Use be parent list race.,46603.55,35100.31,11503.24,2025-02-05T15:36:55
166,2021-08-15,Baby admit key say.,9501.51,35507.50,-26005.99,2024-11-07T01:59:58
167,2025-04-14,Project agency go wind huge.,38443.17,33880.80,4562.37,2023-05-28T23:08:27
168,2022-06-04,Bar ball child military.,1148.35,39847.02,-38698.67,2021-02-17T10:35:47
169,2022-06-29,Significant school food out entire result.,49660.88,35733.82,13927.06,2023-04-10T20:24:15
170,2024-08-22,Quality individual career development.,48949.29,22103.36,26845.93,2022-12-30T07:29:29
171,2023-02-06,Top against thank mother.,24459.87,10186.93,14272.94,2025-05-08T13:26:26
172,2024-06-07,Miss economy radio without.,45842.70,16528.84,29313.86,2021-02-27T17:59:08
173,2021-06-15,Time poor she movement.,44630.02,26780.05,17849.97,2021-04-18T09:39:05
174,2022-01-02,Move remain late finish firm.,28425.52,32589.73,-4164.21,2024-01-02T12:41:20
175,2021-08-30,Least place manage message language help.,46621.83,14521.55,32100.28,2021-10-29T01:46:54
176,2021-10-10,Law note science fine and fight source.,12564.77,21763.52,-9198.75,2024-08-17T18:32:38
177,2024-12-28,Better involve table seem protect.,5928.50,29834.82,-23906.32,2025-03-20T05:02:19
178,2025-09-23,Fly building live book hundred onto perform.,34391.46,34209.62,181.84,2021-08-27T03:25:57
179,2023-09-28,Happen reflect large happen hope bring.,10003.88,9816.01,187.87,2024-07-19T15:53:58
180,2024-11-21,Point conference though final soon sport situation threat.,44225.61,1445.47,42780.14,2025-07-15T14:37:08
181,2024-01-06,Military civil size test.,10962.39,10851.81,110.58,2021-03-23T05:27:16
182,2020-11-17,Similar couple believe check.,40778.95,11170.14,29608.81,2022-05-03T23:03:43
183,2023-12-15,Son meeting blood issue movie anything take behavior.,7037.91,25562.66,-18524.75,2024-01-17T17:00:34
184,2021-12-30,Modern report local college ago pay reason.,25747.91,14114.81,11633.10,2021-10-08T16:25:33
185,2025-10-18,Second according arm.,27286.28,20397.85,6888.43,2025-09-20T09:08:42
186,2021-11-15,Performance read keep drug.,29475.56,607.11,28868.45,2024-05-05T19:54:46
187,2024-07-14,Entire standard sure state continue bank arm.,30595.63,14915.59,15680.04,2021-02-27T14:49:44
188,2024-11-19,Plan matter matter national call.,30661.24,7111.20,23550.04,2022-12-12T14:28:33
189,2021-01-21,Loss box consider recognize term develop know north.,33215.20,23916.09,9299.11,2025-05-05T19:36:11
190,2025-10-22,Home defense fine available.,40511.77,38074.90,2436.87,2022-04-01T02:49:28
191,2023-08-14,Decade education cover brother war budget.,21779.55,6529.30,15250.25,2022-04-04T04:04:35
192,2022-11-23,They draw health small minute.,11999.63,21554.90,-9555.27,2024-08-19T20:00:01
193,2024-12-10,Writer together task move.,4145.38,6960.69,-2815.31,2020-11-20T22:17:18
194,2021-12-02,Back act red read.,17022.81,36231.00,-19208.19,2021-03-05T17:16:51
195,2025-05-14,Quickly run recently view against as first whatever.,6138.29,8234.41,-2096.12,2021-08-21T18:15:45
196,2024-05-21,Building ten on trip cost wrong quite third.,36976.50,28148.70,8827.80,2022-03-25T15:24:15
197,2021-06-20,Field us senior their.,49972.72,38610.08,11362.64,2022-10-18T20:47:33
198,2020-12-21,Treatment character mouth measure anyone.,31739.04,18811.98,12927.06,2022-10-01T01:59:05
199,2024-01-08,Final later wish chance certain.,28051.18,29935.96,-1884.78,2022-04-10T22:51:18
200,2025-06-20,Lawyer age father relate carry include.,47548.25,6439.97,41108.28,2021-11-19T05:23:25
201,2022-10-26,Say help security couple it real smile cover.,48095.01,37132.50,10962.51,2023-05-18T12:20:08
202,2023-02-02,Behavior trouble tell good shake blood yourself.,42509.95,5368.05,37141.90,2024-10-22T22:27:54
203,2023-12-19,Think society consumer identify.,25696.09,3517.22,22178.87,2024-11-12T05:56:54
204,2022-02-06,Prove forget happy executive at own.,22717.51,3226.63,19490.88,2022-10-10T18:22:19
205,2023-08-23,Democrat address return add investment direction girl.,48657.99,16819.79,31838.20,2021-02-17T01:08:58
206,2022-08-25,Rise tell finish if piece reduce.,28201.42,14514.19,13687.23,2025-06-16T18:22:39
207,2024-05-15,Board officer start simply.,45708.70,5340.78,40367.92,2022-03-20T03:25:48
208,2021-03-05,Body prepare none federal.,19328.73,30336.02,-11007.29,2024-06-10T02:50:53
209,2022-06-29,Show local sell market lot goal billion.,14313.17,18193.25,-3880.08,2021-11-26T23:15:30
210,2024-06-24,Drive two worker through page student talk effect.,38847.25,26677.84,12169.41,2025-10-09T01:41:53
211,2023-02-08,Factor her site floor person last other serve.,13878.65,39759.23,-25880.58,2025-08-28T02:41:02
212,2022-05-12,With public make standard on audience others.,41946.98,11274.98,30672.00,2021-08-16T21:47:38
213,2022-06-24,Address represent over or.,12335.42,2928.94,9406.48,2023-09-16T06:28:04
214,2022-10-29,Car bed piece start national trial officer.,37149.21,7451.17,29698.04,2025-03-02T18:24:57
215,2024-03-04,Gas part fast budget enter.,11916.67,28008.87,-16092.20,2021-08-28T08:25:28
216,2025-07-18,Trip term economy.,41349.15,17247.35,24101.80,2024-06-09T21:59:25
217,2024-10-08,Thing society sound side bit prevent treatment.,33148.99,17078.09,16070.90,2021-02-03T17:50:29
218,2022-01-26,Blue evening unit action while.,23433.01,22924.74,508.27,2022-12-21T21:58:30
219,2021-04-17,Rest plant billion.,2496.86,16982.03,-14485.17,2020-11-28T08:43:29
220,2022-03-06,Spring cost similar certain about claim.,31986.55,38388.08,-6401.53,2025-07-16T06:54:17
221,2020-11-07,Step mean board school region.,12850.38,19282.81,-6432.43,2023-05-08T14:50:48
222,2025-04-18,Imagine toward establish thank production never.,31737.48,30046.23,1691.25,2023-08-28T07:12:53
223,2021-05-27,Bill radio also window actually.,35621.52,3903.71,31717.81,2023-04-23T16:33:28
224,2022-06-24,Writer dark order life sing.,33093.37,2460.68,30632.69,2023-05-26T11:45:21
225,2024-11-16,Second least energy away relationship purpose.,76.84,9218.45,-9141.61,2023-03-25T23:33:42
226,2021-10-11,Admit cost case event during five agent.,12516.14,29667.17,-17151.03,2022-07-16T12:06:21
227,2021-11-27,Less to call ground free certainly hour.,42309.22,6936.68,35372.54,2022-07-18T18:23:33
228,2024-08-08,Government newspaper reveal continue structure laugh.,892.18,3397.31,-2505.13,2021-04-19T19:47:46
229,2024-06-25,Rock democratic lay four drop interview effect.,27312.86,18751.02,8561.84,2023-01-30T00:40:44
230,2025-10-12,Four tonight professor minute be would sing later.,23783.90,24834.90,-1051.00,2025-01-09T13:57:05
231,2024-01-18,All name again section wish little.,17289.62,8867.55,8422.07,2025-08-12T18:04:04
232,2024-10-21,Reach student nature modern.,43324.09,29879.00,13445.09,2023-07-15T09:58:05
233,2025-07-04,Beat skill yet everything order.,14125.07,5330.02,8795.05,2025-03-03T04:11:31
234,2021-05-27,Personal exist feeling line candidate quickly them particularly.,10587.16,9039.07,1548.09,2023-01-07T08:04:49
235,2025-08-07,Necessary politics start actually personal none focus.,30798.26,5357.30,25440.96,2020-11-08T06:07:26
236,2022-09-25,Turn sing general sort.,6407.44,35402.90,-28995.46,2023-07-04T12:06:19
237,2021-05-10,Challenge college threat federal particularly small instead.,24626.97,18040.48,6586.49,2023-11-12T03:46:01
238,2025-04-29,Result it small free go.,9072.90,18247.51,-9174.61,2020-11-03T13:02:13
239,2022-11-13,Argue treatment project that accept expect computer.,18105.60,26978.11,-8872.51,2025-09-01T03:32:38
240,2023-01-02,Ground outside indicate him in wife could.,2395.07,39804.95,-37409.88,2022-02-04T13:35:27
241,2022-12-23,Lose media entire wife window.,32918.47,20846.63,12071.84,2024-12-25T04:24:52
242,2022-09-25,Today place much.,43863.20,7468.05,36395.15,2022-06-07T04:15:34
243,2021-04-29,Professor blood recent animal until.,4990.38,37022.85,-32032.47,2022-12-05T17:47:18
244,2023-04-17,Manage young strong prevent.,26316.58,17279.04,9037.54,2022-09-17T07:00:37
245,2023-10-12,Former industry score that identify ago budget visit.,1742.27,28439.02,-26696.75,2025-02-06T07:47:39
246,2023-05-01,Drive leave total good pay line.,9480.22,9211.72,268.50,2022-09-23T01:29:16
247,2025-01-05,Rate attorney garden house cultural though.,41355.23,28460.16,12895.07,2021-01-05T10:48:19
248,2022-06-29,Culture eat run soldier again difficult serve.,26711.51,21680.80,5030.71,2024-12-05T23:50:04
249,2023-02-17,Best news adult almost.,25274.90,11909.30,13365.60,2025-04-23T03:06:14
250,2021-01-27,Culture skin house own where.,40566.77,632.58,39934.19,2021-12-28T03:34:37
251,2021-12-13,Lead official media much admit well girl.,37403.95,26686.11,10717.84,2021-03-13T02:27:58
252,2025-10-04,Discuss thousand car medical present art real short.,23106.07,36008.62,-12902.55,2023-08-09T20:24:16
253,2024-01-04,Role knowledge spend parent soldier.,31292.72,35376.60,-4083.88,2024-03-10T15:39:57
254,2024-02-13,Again account body sister choice significant interest table.,38592.91,9863.36,28729.55,2025-08-17T23:53:11
255,2024-05-03,Safe that Mrs effort scientist if.,33169.34,31663.83,1505.51,2021-12-15T13:13:51
256,2021-10-21,Manager she cell federal who.,15553.67,30112.66,-14558.99,2020-11-20T16:28:49
257,2025-10-13,Congress hold best decide team.,2798.89,15332.75,-12533.86,2024-12-05T17:08:39
258,2025-08-01,Way health opportunity school trade between.,35078.13,28890.67,6187.46,2022-11-28T18:38:26
259,2024-06-11,Something make would similar hear theory cause kid.,12222.06,23589.72,-11367.66,2022-11-10T13:39:43
260,2023-02-21,Rule myself own partner growth development.,26311.23,9653.88,16657.35,2021-06-27T09:53:14
261,2021-05-16,Sense what because left there medical push.,32260.70,2182.82,30077.88,2021-10-03T13:24:56
262,2020-11-18,Unit everything strategy shoulder rock product.,49539.02,37348.41,12190.61,2020-11-27T01:55:32
263,2021-04-27,Despite store meeting clearly necessary carry establish admit.,15524.33,3248.55,12275.78,2024-11-24T15:43:52
264,2023-06-10,Sport family start necessary woman.,20984.32,26606.58,-5622.26,2025-03-13T23:27:55
265,2020-11-24,Or continue admit back.,32270.31,23682.11,8588.20,2024-05-30T04:39:02
266,2022-04-12,Term rise market each tonight family somebody no.,14490.56,29845.22,-15354.66,2022-12-09T17:10:56
267,2024-02-06,Energy size right save me probably.,22255.28,18090.24,4165.04,2021-03-24T02:37:29
268,2022-01-31,Sound heavy across hand company.,33225.31,2729.93,30495.38,2023-07-01T06:43:46
269,2024-09-02,Meeting help I consider let treat dog.,49683.21,22780.27,26902.94,2025-09-06T21:37:52
270,2021-10-07,Southern pull fill lot factor read.,39369.82,8609.97,30759.85,2023-02-06T09:29:21
271,2022-06-02,Course wear after.,20713.25,36780.32,-16067.07,2022-03-10T10:37:00
272,2021-08-30,Cup build energy today describe activity face same.,43655.43,34789.13,8866.30,2020-12-07T08:43:07
273,2021-02-28,Why design ready company enter with agreement plant.,16278.41,28745.87,-12467.46,2023-06-23T07:37:26
274,2021-03-06,Child boy industry TV concern special.,39013.40,13121.18,25892.22,2021-07-13T23:06:52
275,2023-01-14,Once can Mrs if.,39259.21,5402.71,33856.50,2025-03-09T13:09:13
276,2025-01-31,Candidate put through center support expert war answer.,48618.06,4590.64,44027.42,2025-01-24T23:20:28
277,2021-09-08,Second team painting vote take read full.,28013.76,29932.90,-1919.14,2022-09-12T18:07:42
278,2022-02-02,Question value represent employee conference.,8645.83,38114.17,-29468.34,2024-12-09T00:04:58
279,2025-08-08,Detail national respond including management down rest modern.,16609.42,25214.58,-8605.16,2025-05-14T23:14:01
280,2025-03-25,Walk Democrat hour through manager manager matter.,4369.23,11231.38,-6862.15,2023-01-12T15:16:00
281,2022-12-05,Trouble million clear none type old meeting arrive.,10688.21,19496.63,-8808.42,2022-10-14T07:30:01
282,2024-12-05,Picture game impact me staff.,21125.99,16041.14,5084.85,2021-02-04T03:09:40
283,2024-02-24,Area ten billion rest design within best.,9835.10,36610.88,-26775.78,2025-01-27T20:35:05
284,2025-05-25,Return form skill through nature eat.,29170.65,35333.64,-6162.99,2024-03-28T14:31:38
285,2022-12-21,Special without much contain answer live.,17653.96,30631.61,-12977.65,2024-03-02T22:04:05
286,2022-03-23,Turn within shoulder push image air happen.,28136.24,24891.29,3244.95,2022-08-06T21:47:40
287,2021-02-08,Trial sit would be.,24673.23,18590.66,6082.57,2022-09-01T19:50:00
288,2022-12-11,Amount situation day them and scene line daughter.,4294.73,19147.63,-14852.90,2023-08-23T07:39:02
289,2023-05-25,Money development manager state conference lay back.,31352.21,6148.04,25204.17,2020-12-27T03:00:47
290,2022-12-10,Among sound true care within coach ok.,43256.76,5405.82,37850.94,2021-12-16T13:27:45
291,2024-04-29,Wish since risk large field.,2199.62,28723.96,-26524.34,2025-02-04T08:44:38
292,2022-09-17,Economy just really dream suddenly class.,6166.26,31559.77,-25393.51,2021-06-06T23:08:09
293,2020-12-18,Raise in price work.,4870.86,10220.90,-5350.04,2021-03-08T21:10:25
294,2023-03-20,Avoid enough condition least trade degree.,25230.49,16312.00,8918.49,2025-03-17T04:07:25
295,2023-12-24,Stage act similar technology business.,20810.85,2308.35,18502.50,2021-07-18T13:49:31
296,2022-04-06,Price subject policy own nothing national usually.,9110.24,3432.27,5677.97,2024-05-22T18:22:03
297,2025-08-06,Six deep man writer eat somebody back.,24422.13,23446.94,975.19,2023-10-08T01:25:48
298,2023-06-25,Hair believe parent continue.,5384.01,34681.63,-29297.62,2023-12-02T11:45:18
299,2022-11-09,As thus smile institution risk together.,38360.95,30446.13,7914.82,2022-06-28T00:12:32
300,2024-08-06,Bit place more field miss.,28253.12,15901.54,12351.58,2023-05-13T14:48:44
301,2023-02-20,Expert suggest worker section cost despite.,4907.75,27891.45,-22983.70,2025-10-08T18:52:27
302,2021-08-25,Age themselves nor important claim third truth.,33534.56,32182.65,1351.91,2024-09-19T17:38:11
303,2022-10-17,Word responsibility want score director financial.,33190.00,316.90,32873.10,2022-10-31T21:33:59
304,2022-06-27,Region newspaper wear boy.,35658.63,25246.50,10412.13,2025-09-30T10:15:10
305,2021-10-26,Participant business morning pull near.,17651.89,27785.34,-10133.45,2023-11-19T11:22:52
306,2025-09-05,Finally place candidate pull good.,45010.54,10915.89,34094.65,2023-05-14T13:14:59
307,2025-08-04,Parent yes radio.,32947.90,19350.83,13597.07,2025-06-29T14:08:36
308,2021-04-08,Prepare include some fund southern sign.,33669.37,25644.42,8024.95,2025-10-11T13:42:48
309,2022-03-23,Until energy produce professional summer.,43828.50,28827.85,15000.65,2022-01-17T20:33:34
310,2024-06-24,Picture know Congress series relate.,29455.74,15763.10,13692.64,2023-06-30T05:36:20
311,2024-07-27,Often establish individual score.,17478.55,26369.20,-8890.65,2025-09-05T13:08:01
312,2025-02-23,Issue despite check imagine audience meet energy.,30957.84,32644.49,-1686.65,2023-07-24T13:56:56
313,2025-09-24,Admit report production song fish general.,9918.75,1794.95,8123.80,2022-07-11T18:17:29
314,2024-05-29,Better feeling black.,49705.40,4598.68,45106.72,2023-04-12T00:54:13
315,2020-12-04,Husband finish feeling town against fish.,6214.88,18589.94,-12375.06,2025-06-16T06:42:13
316,2024-03-17,Party author carry message evening quite.,37147.11,2557.84,34589.27,2023-12-30T07:07:22
317,2021-12-27,Age various decision act middle.,32626.74,34585.80,-1959.06,2022-03-09T23:51:58
318,2024-07-09,We seven specific time wrong.,12800.95,30354.74,-17553.79,2024-01-19T21:47:24
319,2021-03-14,Skill including until American instead.,11750.78,9280.55,2470.23,2024-01-28T13:18:42
320,2021-10-27,Mean agreement hospital conference design sense cause.,21600.97,14925.54,6675.43,2023-01-22T18:16:10
321,2022-05-19,Hit get behind stay.,22374.78,19362.47,3012.31,2023-11-11T19:20:04
322,2025-06-19,Hand remember source career.,22213.87,10027.63,12186.24,2021-12-05T16:15:45
323,2021-12-17,Store government call technology economic nor fly tough.,36109.24,32831.23,3278.01,2021-08-29T02:38:04
324,2023-03-17,Certain side catch house establish meeting.,19400.13,33319.07,-13918.94,2022-12-05T16:25:38
325,2024-04-19,Population both top much accept.,16740.32,34168.29,-17427.97,2025-07-07T06:59:44
326,2025-09-04,Voice later there.,16133.54,8272.68,7860.86,2021-09-03T12:17:15
327,2021-07-08,Provide six sell authority environmental sister.,3479.95,11982.26,-8502.31,2021-07-08T18:28:01
328,2023-08-02,Bring task security.,32352.79,17504.13,14848.66,2021-03-22T09:04:47
329,2021-06-20,Strong save bed hold.,4607.51,40.38,4567.13,2024-05-01T06:28:14
330,2021-01-10,Word agree could local my full trade.,45623.07,3000.49,42622.58,2021-06-27T09:59:05
331,2021-08-08,Performance bag service strong contain indeed.,44771.94,25110.06,19661.88,2021-06-15T21:15:24
332,2021-10-16,Quickly task full former.,43372.57,1193.84,42178.73,2020-11-18T14:17:59
333,2025-02-03,Act argue color care approach artist none.,39424.40,3413.56,36010.84,2024-12-09T09:38:37
334,2023-03-29,Third poor because contain history seven process.,33018.10,23056.85,9961.25,2024-11-30T13:15:24
335,2024-09-02,Science appear likely health or service.,1761.52,33694.76,-31933.24,2021-04-10T08:46:00
336,2023-04-03,Wonder eye suffer market your attention.,49822.44,15721.46,34100.98,2024-05-07T18:43:49
337,2021-11-08,Step one easy win face attention avoid.,35399.10,16492.09,18907.01,2023-03-31T15:02:30
338,2024-01-24,About space bag share minute institution.,38147.27,33301.00,4846.27,2021-11-09T17:51:13
339,2025-03-07,Want industry idea scientist.,13647.46,6062.44,7585.02,2023-04-26T01:08:34
340,2024-03-14,Coach interest use wish.,42234.19,36664.52,5569.67,2024-07-12T13:05:28
341,2023-08-20,Lot than though like yard toward.,4505.12,4788.28,-283.16,2025-11-01T06:49:14
342,2021-06-06,Able with painting page speech similar real.,46786.64,11593.24,35193.40,2023-10-09T15:45:38
343,2024-08-01,Debate child she this.,11513.17,15601.93,-4088.76,2023-02-20T03:14:25
344,2022-04-01,Once anything read cultural ever right.,25022.60,32386.72,-7364.12,2024-07-27T06:17:56
345,2024-09-21,Three culture give each buy trip.,39131.72,29413.85,9717.87,2025-07-13T04:53:41
346,2022-10-05,Significant hit would general at agreement hand town.,10901.19,13930.59,-3029.40,2022-04-20T17:51:12
347,2025-06-05,Fine particularly cultural dinner chance air cup.,9861.28,37209.41,-27348.13,2024-07-01T10:03:38
348,2022-06-07,Drug teach word well no idea down project.,42378.33,22912.86,19465.47,2022-11-08T03:24:31
349,2023-12-13,Those sign coach forget always improve record.,35756.43,35343.09,413.34,2024-03-22T04:33:00
350,2022-01-07,Particularly everything yard crime certain world in environmental.,16296.24,17819.57,-1523.33,2023-09-08T22:30:17
351,2021-12-12,Method clearly decision deal population white.,36796.35,15190.33,21606.02,2022-12-25T10:22:06
352,2023-12-21,Stuff measure do exactly.,10344.01,29171.80,-18827.79,2021-08-06T08:29:31
353,2024-12-15,Employee poor produce own race computer represent after.,23727.44,22409.44,1318.00,2022-10-02T19:38:52
354,2024-07-27,Increase building teacher hair alone ask.,4680.83,2215.49,2465.34,2022-04-13T01:50:39
355,2023-09-20,Walk worker whose others.,24960.96,20903.68,4057.28,2024-04-16T21:14:47
356,2025-07-04,Himself physical camera teach.,11199.87,23815.48,-12615.61,2022-05-28T20:24:38
357,2021-06-17,Buy book lot sister fast significant.,40584.61,33645.50,6939.11,2021-12-22T00:56:40
358,2024-06-07,Else its matter former themselves chair call.,13401.47,29040.89,-15639.42,2020-11-12T05:29:36
359,2024-04-08,Thing together develop ago shake position never.,37458.22,38605.41,-1147.19,2022-12-17T21:41:45
360,2021-06-15,High nature dinner cost PM.,3598.82,27194.59,-23595.77,2025-05-02T06:54:52
361,2022-04-25,Two fine act occur.,4408.37,24375.73,-19967.36,2025-01-06T22:34:37
362,2023-12-24,Board eye first sense.,31950.55,24299.76,7650.79,2024-02-24T01:20:39
363,2023-12-11,Three usually age soldier different director behavior.,32813.04,26807.17,6005.87,2022-01-15T17:51:12
364,2022-02-28,Compare language doctor several rise bank ever since.,11826.76,30837.42,-19010.66,2022-10-07T11:05:27
365,2021-07-24,Budget current pretty commercial.,19743.01,34425.33,-14682.32,2024-07-28T17:33:28
366,2025-09-12,Recent lawyer night run.,45826.42,13349.83,32476.59,2021-03-07T17:10:19
367,2021-12-17,Body economy onto yard risk long keep.,34901.79,10226.66,24675.13,2025-05-22T10:59:34
368,2021-10-13,Camera political make interesting hospital.,29004.72,30482.14,-1477.42,2022-07-15T15:29:16
369,2021-03-16,Five recent black story play.,29153.43,2545.32,26608.11,2023-11-20T16:11:02
370,2020-11-03,Station oil simply a whether security.,30257.78,13475.78,16782.00,2022-12-10T00:10:08
371,2022-04-25,Official campaign house popular.,44433.70,16035.94,28397.76,2022-09-29T10:20:08
372,2024-01-17,Despite industry whatever.,49941.86,2466.57,47475.29,2023-07-14T07:30:22
373,2025-09-20,Sell class evening ever decision pull even.,19693.28,15602.73,4090.55,2024-06-28T14:41:08
374,2022-08-08,Treat office conference next hospital score.,35550.32,4724.81,30825.51,2021-01-21T07:47:34
375,2022-03-18,Newspaper herself my attorney sort return.,49529.60,14348.12,35181.48,2024-05-26T00:56:07
376,2025-10-11,Trip executive certainly religious happen certainly life.,3861.02,10359.07,-6498.05,2025-01-26T21:28:40
377,2022-06-29,Idea study nice head car even doctor.,22266.66,18492.82,3773.84,2023-05-06T17:06:32
378,2021-11-19,Doctor across work either involve.,37048.34,38404.15,-1355.81,2024-11-02T02:11:51
379,2025-09-09,Magazine try phone usually pressure involve.,35615.16,25918.97,9696.19,2023-02-17T18:34:32
380,2025-10-24,Party trip expert he behind late entire.,43554.75,33571.03,9983.72,2025-03-10T02:21:15
381,2025-07-14,Serve actually meeting go.,25071.48,3616.24,21455.24,2023-12-12T15:29:30
382,2021-07-06,Challenge industry field sign.,37044.78,14557.83,22486.95,2021-08-16T17:14:51
383,2025-04-22,Water herself experience public.,43177.67,30149.55,13028.12,2022-11-12T03:26:14
384,2022-12-08,Recent fine my position start.,43682.25,27513.06,16169.19,2023-08-11T21:12:11
385,2024-02-02,Truth between each civil thank.,23820.96,25271.68,-1450.72,2024-05-03T11:10:47
386,2025-03-29,Benefit order energy control fast everyone physical.,33541.27,9853.56,23687.71,2024-06-09T02:23:37
387,2020-11-21,Per technology score even have film trade film.,20780.80,37240.39,-16459.59,2021-11-11T05:34:08
388,2025-01-09,Than group owner Congress enter take push.,24136.53,25144.35,-1007.82,2022-10-14T02:29:10
389,2020-11-21,Today high writer.,8159.42,32072.53,-23913.11,2024-10-02T13:46:35
390,2023-09-20,Gun old management run large will.,15845.14,29971.96,-14126.82,2021-11-15T13:21:22
391,2021-10-07,Author financial story.,19628.35,18432.44,1195.91,2021-11-30T04:43:05
392,2021-07-05,Smile with side effect wish.,34848.65,13385.56,21463.09,2025-01-12T23:25:09
393,2023-12-23,Parent song under.,14909.97,23708.97,-8799.00,2023-02-12T23:21:24
394,2022-03-24,End society ten good best left fine.,35711.36,1477.32,34234.04,2021-05-09T04:54:28
395,2023-02-05,Art return such wife responsibility do food phone.,4458.59,7285.88,-2827.29,2023-02-25T20:08:59
396,2023-01-28,Wear capital he service program matter current.,29390.77,24206.22,5184.55,2025-05-12T04:14:09
397,2024-06-21,Relationship case matter southern full large.,30449.20,24052.85,6396.35,2024-11-04T14:44:57
398,2023-10-25,Seem model wall for relate.,4804.95,11697.65,-6892.70,2021-03-04T00:08:59
399,2021-12-11,System class international instead age find.,27454.65,38958.16,-11503.51,2024-07-09T08:03:01
400,2024-01-16,Husband professor who agency clear why gas.,47039.00,378.62,46660.38,2022-03-20T14:46:57
401,2021-03-01,Growth born science customer beat person.,32842.89,22955.22,9887.67,2022-02-22T17:31:43
402,2025-10-05,Treat month way family guy.,10844.55,27816.57,-16972.02,2023-04-14T16:03:35
403,2024-10-21,Turn focus nice employee source.,5243.46,39224.38,-33980.92,2023-11-15T22:35:28
404,2024-06-09,Teach such church.,19554.74,22877.14,-3322.40,2021-06-14T15:47:01
405,2022-06-02,Local then plant there seat.,23548.25,10472.80,13075.45,2025-01-25T07:33:42
406,2024-07-04,Affect second if anyone together person.,985.57,2573.54,-1587.97,2023-06-02T00:49:02
407,2025-03-01,Civil task them audience leave set big time.,21727.94,21800.91,-72.97,2022-04-01T06:50:48
408,2022-10-28,Conference town American parent different.,26787.22,3029.70,23757.52,2020-11-08T04:14:51
409,2023-09-24,Without into same help job trial however.,24986.11,3343.68,21642.43,2023-12-27T11:40:00
410,2022-01-15,Against administration visit respond owner civil institution.,6770.38,24301.13,-17530.75,2022-08-02T05:54:45
411,2024-02-21,Figure especially positive job drive work.,3369.92,10636.51,-7266.59,2021-06-19T03:23:40
412,2024-02-18,Effort case story rate each carry.,35019.23,25845.90,9173.33,2020-12-10T23:42:59
413,2020-11-27,Mission draw spring.,3156.22,23617.44,-20461.22,2021-01-09T17:56:50
414,2023-03-21,Recent new professional price share together.,39824.85,30115.53,9709.32,2022-04-12T18:39:04
415,2025-09-17,Kid maintain crime indeed.,23646.06,26657.34,-3011.28,2024-04-23T02:02:29
416,2022-04-12,Worker executive new professor above.,45359.66,13439.86,31919.80,2024-11-04T04:41:19
417,2023-07-14,Soldier modern seven like because phone what.,30001.72,6205.54,23796.18,2025-02-14T13:32:33
418,2023-03-31,Congress new big baby allow final.,34636.03,14461.24,20174.79,2022-02-25T20:27:59
419,2022-06-12,Explain avoid money law start during what return.,6482.30,21871.82,-15389.52,2024-12-04T00:10:51
420,2022-11-12,Local street where its rest friend.,27818.60,26727.24,1091.36,2022-01-27T21:22:13
421,2025-06-04,Bill specific test certainly all system speak.,43481.32,35929.98,7551.34,2024-10-20T08:56:10
422,2025-03-07,Finally town place model past star.,9747.97,31353.39,-21605.42,2024-08-04T21:01:38
423,2020-12-10,Court piece war hand successful.,7568.07,5913.69,1654.38,2023-06-07T23:36:56
424,2020-12-07,Smile down relate middle ever performance.,38912.57,28539.92,10372.65,2024-05-31T15:57:01
425,2022-01-19,Put person some to much manager.,30417.64,8911.88,21505.76,2024-04-27T17:00:58
426,2024-06-08,Follow factor family bill stand down.,11776.88,38020.97,-26244.09,2021-03-05T18:16:58
427,2025-06-02,Stock thousand fear recent sense friend.,27158.39,17553.11,9605.28,2023-04-09T03:38:47
428,2025-01-18,Mouth yes dinner seven environmental away state.,30623.32,4154.81,26468.51,2025-01-03T17:07:07
429,2024-07-15,Your individual drop couple student special reach.,36309.98,7755.46,28554.52,2022-09-16T12:51:11
430,2023-08-27,Race perform entire enjoy raise another.,40141.52,23945.07,16196.45,2021-12-11T07:35:13
431,2021-04-04,Final area dinner around court.,20497.04,19376.97,1120.07,2024-06-02T19:00:27
432,2025-10-11,Congress act short unit.,7832.43,21049.92,-13217.49,2022-06-04T16:43:52
433,2023-09-07,Such clear single wear left authority mission.,15490.14,29500.78,-14010.64,2023-12-29T09:02:32
434,2023-12-08,Single industry feel set fine explain fear.,13304.13,11079.22,2224.91,2022-03-21T07:27:33
435,2024-05-31,Also entire will class.,17996.81,1353.14,16643.67,2023-09-01T01:16:29
436,2020-12-07,Benefit about must when development rather.,34222.42,35874.65,-1652.23,2022-08-20T12:54:34
437,2024-02-23,State bit behind energy once push quality.,12269.48,30327.65,-18058.17,2022-03-05T00:25:33
438,2025-07-27,On quickly interesting project where enjoy him size.,46165.06,4916.15,41248.91,2021-12-26T21:39:54
439,2023-10-17,Though politics majority watch.,27531.40,14136.91,13394.49,2025-03-16T01:46:02
440,2025-11-01,Arrive drop security note although clear stock.,34214.72,21053.41,13161.31,2023-01-28T10:16:19
441,2024-04-02,Pick mouth off with.,2455.88,21593.67,-19137.79,2025-02-19T10:38:20
442,2024-11-10,Light team kitchen lot since.,15804.60,29601.38,-13796.78,2022-02-12T00:03:32
443,2023-10-05,Work image development federal action.,40941.24,37678.54,3262.70,2021-05-13T16:01:14
444,2022-01-26,Dream building rest move party able offer.,37508.39,29886.96,7621.43,2021-11-22T11:56:13
445,2021-01-17,Together argue mention cost throughout pretty.,16920.92,4444.58,12476.34,2023-04-07T12:18:03
446,2021-02-19,Week here war figure recognize.,598.88,21191.20,-20592.32,2021-05-22T18:55:35
447,2025-01-24,Gas trip value pattern future style just.,5443.62,22480.48,-17036.86,2021-01-02T16:23:33
448,2023-05-25,Run for cold represent address.,32087.50,35586.08,-3498.58,2022-05-29T00:08:11
449,2021-02-25,Turn back nothing thus along allow risk.,41184.91,19459.27,21725.64,2022-08-30T05:11:08
450,2021-06-27,Treatment change morning section contain into book.,24591.12,38647.97,-14056.85,2024-09-11T04:44:00
451,2022-10-30,Over record enough president American.,12681.94,17409.67,-4727.73,2023-09-26T22:38:05
452,2023-05-08,Late among change or.,29413.60,17861.47,11552.13,2024-10-05T22:30:07
453,2022-09-03,Onto room hold professional fill whatever.,40565.95,29194.92,11371.03,2022-08-14T22:30:46
454,2025-01-01,Book which phone assume fish according respond.,47739.00,15077.11,32661.89,2023-11-05T12:31:51
455,2020-11-17,Great money hair goal necessary.,41503.81,31432.24,10071.57,2021-04-06T04:27:41
456,2024-08-09,Attorney her thought participant charge administration.,14783.86,30511.75,-15727.89,2022-03-03T15:17:42
457,2023-10-22,International film hope campaign former.,12111.84,8770.32,3341.52,2022-04-19T20:11:45
458,2021-08-16,Smile leader modern important.,15017.43,17768.55,-2751.12,2024-11-01T14:13:53
459,2022-12-22,Rich spring bill floor.,13825.11,22963.02,-9137.91,2021-09-22T23:38:04
460,2025-05-20,Win lead three job Congress south anything.,48703.34,7945.31,40758.03,2024-11-01T15:13:54
461,2023-07-21,Meet fear into six class whom man major.,23975.58,35766.59,-11791.01,2022-12-18T10:42:01
462,2022-01-23,Number democratic soldier.,7394.85,31728.55,-24333.70,2020-12-09T19:52:29
463,2024-10-06,Dinner lay music add much.,46567.83,17216.17,29351.66,2024-01-08T07:01:15
464,2025-03-07,Pressure themselves true.,44626.61,20079.94,24546.67,2023-10-15T05:17:01
465,2025-05-29,Simply process all Democrat.,30806.59,2970.58,27836.01,2022-04-05T03:54:42
466,2024-09-10,Agreement require phone future operation.,25.93,8743.08,-8717.15,2024-07-20T21:53:44
467,2024-09-21,Surface cause century name.,14508.50,21976.61,-7468.11,2021-09-05T17:31:11
468,2023-10-05,Wonder statement new back budget pretty phone hit.,31940.86,9794.95,22145.91,2025-05-16T07:01:03
469,2023-01-31,Himself west child southern sure well.,49347.16,2011.15,47336.01,2021-09-22T16:30:17
470,2022-01-28,Movie one at position.,48181.51,4612.16,43569.35,2023-09-21T20:07:42
471,2025-04-23,Power news fight thousand one second commercial.,14489.62,12779.64,1709.98,2020-12-16T14:36:38
472,2024-10-22,Series begin economic about live.,31669.75,10099.94,21569.81,2021-05-06T04:11:07
473,2021-07-25,Whom concern be force recognize.,6528.21,16668.35,-10140.14,2023-06-11T07:15:03
474,2024-01-20,Environment improve show sort owner.,31215.68,34571.92,-3356.24,2020-11-13T21:01:52
475,2022-05-30,With time up property really begin.,32079.79,17082.70,14997.09,2025-04-17T08:02:08
476,2024-04-03,Economic not example sense include movement.,29758.62,10787.25,18971.37,2024-10-09T09:53:19
477,2025-03-29,Research daughter someone card.,47473.77,19472.48,28001.29,2020-12-12T21:58:35
478,2023-05-13,Baby approach choose ok ball number fill.,11812.14,38809.66,-26997.52,2021-07-05T06:10:43
479,2023-09-21,Involve network technology new.,18882.46,22885.62,-4003.16,2024-10-05T18:53:54
480,2025-05-19,Real reach suffer interest.,37553.73,37432.15,121.58,2024-09-02T15:01:00
481,2021-04-16,History majority past player scientist.,29030.01,24259.93,4770.08,2022-08-13T11:04:41
482,2025-02-27,Cause agree page heavy professor about consumer.,4656.69,30055.03,-25398.34,2021-09-18T04:41:10
483,2024-01-24,Several later class suggest section.,24234.47,28827.85,-4593.38,2024-09-13T22:52:04
484,2021-03-03,Show themselves area item letter treatment argue.,19443.35,14593.55,4849.80,2021-07-29T09:41:54
485,2023-04-22,Player within over allow rich party after.,30699.88,25821.77,4878.11,2023-07-27T09:49:47
486,2021-10-04,Field agree skill minute check.,26357.66,20958.91,5398.75,2025-01-14T16:17:13
487,2025-10-11,Season doctor degree enter.,40311.94,20238.61,20073.33,2022-07-19T23:28:35
488,2022-10-18,Idea politics attention middle.,29779.84,27198.83,2581.01,2022-12-03T07:15:46
489,2022-07-06,Cold arm meet study say.,45157.90,34883.67,10274.23,2025-01-27T17:40:03
490,2024-11-10,Moment wear base career church.,22634.17,9789.61,12844.56,2021-07-10T06:16:22
491,2025-02-25,Hair also myself they.,39989.45,24482.96,15506.49,2025-07-30T11:18:20
492,2024-05-04,Nice reflect be become use account for.,12658.27,10497.77,2160.50,2020-12-10T01:00:40
493,2024-04-06,Something others effort result here.,47904.79,28910.92,18993.87,2025-03-31T20:08:21
494,2025-08-15,Generation such remain pressure sit too.,46635.30,2580.81,44054.49,2023-06-24T07:55:29
495,2023-11-17,Be leader organization.,21757.04,33770.20,-12013.16,2022-05-08T05:28:03
496,2023-11-20,Building well political painting usually product middle.,16006.64,13557.90,2448.74,2023-09-19T15:04:32
497,2023-09-02,Bag door actually partner treat training history.,12548.72,19069.23,-6520.51,2023-10-26T12:42:01
498,2024-05-01,Camera threat draw part main.,13883.40,17543.53,-3660.13,2024-06-02T13:56:57
499,2023-02-17,Share tell hand change edge.,7890.55,5664.13,2226.42,2024-01-14T20:28:05
500,2021-09-22,Many network certain.,25379.46,20608.53,4770.93,2025-08-16T13:34:58
501,2021-02-17,Degree look service leave past let arrive lot.,22218.78,15339.53,6879.25,2022-01-22T05:31:04
502,2023-10-02,Set one nearly culture cell.,40741.01,31417.99,9323.02,2022-07-22T18:19:01
503,2022-02-03,Rock three doctor mother visit including.,45872.73,3255.34,42617.39,2021-07-16T06:46:04
504,2023-04-24,Notice drop something remember arm to back light.,27414.23,22511.42,4902.81,2021-05-21T23:52:57
505,2022-10-26,Especially direction or would simply answer.,25957.49,13284.40,12673.09,2025-04-26T19:13:58
506,2021-06-21,Campaign art world exist program raise.,24638.82,34818.92,-10180.10,2022-07-13T22:59:14
507,2024-08-21,Idea good experience sing.,26893.33,38936.39,-12043.06,2022-04-16T13:14:38
508,2023-12-11,Peace answer only.,6341.65,7495.96,-1154.31,2025-11-02T01:58:42
509,2024-02-19,Specific cup return why couple share series.,29732.44,25570.02,4162.42,2023-12-29T11:22:34
510,2022-07-21,Hold push answer send as would.,1423.40,2389.43,-966.03,2022-05-16T20:40:18
511,2024-05-20,Shoulder it every focus according almost rather.,29459.72,12787.57,16672.15,2022-06-29T08:03:53
512,2024-05-06,People hundred mention.,17534.00,4532.40,13001.60,2022-12-13T18:37:23
513,2024-07-05,Current onto spend long off do me suddenly.,11505.74,12883.38,-1377.64,2021-09-03T11:49:40
514,2023-07-04,Since report edge tonight most worker.,18216.02,1296.68,16919.34,2021-11-08T05:47:07
515,2025-10-01,Tree mouth operation of result democratic Mr occur.,36467.85,2686.29,33781.56,2021-10-07T13:37:39
516,2025-08-05,Class among value.,11205.86,12116.67,-910.81,2024-07-05T01:04:28
517,2022-01-04,Phone want beyond pay.,9245.22,16349.99,-7104.77,2025-05-15T09:22:07
518,2021-09-07,Step about a visit.,42986.45,29575.37,13411.08,2025-06-13T11:40:06
519,2024-06-15,Course strong top risk question fine.,23467.41,39227.02,-15759.61,2022-10-08T04:25:22
520,2022-06-16,Choose because personal system.,9422.19,9371.72,50.47,2025-07-26T06:51:38
521,2025-02-04,North national on option trade easy easy.,46886.83,36410.93,10475.90,2025-07-23T04:40:57
522,2024-07-13,Decade else table million possible.,38738.83,30520.10,8218.73,2021-10-19T00:54:51
523,2023-02-19,Season something month good kind between would network.,16811.74,8087.13,8724.61,2024-08-07T05:32:17
524,2021-09-29,Little special travel south nature.,43864.10,7789.96,36074.14,2024-04-27T04:34:14
525,2022-04-14,Continue list act.,35684.04,24501.29,11182.75,2023-08-05T03:28:11
526,2022-08-20,Responsibility article key campaign series.,23615.23,37308.10,-13692.87,2022-01-07T08:56:45
527,2025-06-23,Standard important recent page former own.,41057.94,26821.84,14236.10,2025-06-11T13:42:11
528,2021-02-01,Five professor case involve wait right response.,1006.82,15838.06,-14831.24,2023-04-08T06:51:26
529,2023-10-25,Listen measure when contain baby hotel.,40527.62,20150.77,20376.85,2021-10-28T01:09:32
530,2024-02-08,Serious once because matter force your.,36511.80,4801.53,31710.27,2022-12-22T07:40:10
531,2022-08-16,Sport let nation down recognize.,20166.97,3.73,20163.24,2022-02-18T11:06:53
532,2021-02-13,Under address late since.,24504.34,19551.83,4952.51,2023-01-29T19:21:35
533,2021-11-17,Create space fine mouth test may why machine.,31460.30,25315.76,6144.54,2022-12-14T12:49:49
534,2024-05-30,Scientist word break cup to.,25212.37,34382.56,-9170.19,2025-03-26T10:52:23
535,2024-05-16,Involve unit give necessary economy fly quality.,7315.01,28062.40,-20747.39,2021-12-25T23:37:20
536,2022-01-06,Yes want send fall.,23804.64,7613.82,16190.82,2024-08-15T10:54:35
537,2024-08-26,Heavy bed military expert.,42596.97,16996.93,25600.04,2025-02-23T23:30:23
538,2023-07-02,According language something goal fish picture night.,2370.11,37278.70,-34908.59,2025-08-30T06:48:25
539,2023-12-16,Brother picture leave table spend.,22782.82,23241.77,-458.95,2024-03-27T22:49:32
540,2020-12-31,Visit participant discussion service.,40647.73,28989.40,11658.33,2023-08-27T10:33:25
541,2021-12-30,Then hear city shake.,43381.97,33821.75,9560.22,2021-08-23T09:18:10
542,2022-08-09,Least type human fact head long forget.,20595.75,22768.76,-2173.01,2023-03-21T00:01:00
543,2023-12-14,Smile about become author important.,32867.33,39830.73,-6963.40,2022-10-21T01:48:10
544,2021-08-28,Lead else left play a huge.,25162.24,13036.13,12126.11,2022-07-05T23:03:41
545,2024-02-18,Hundred example give western or space.,16748.83,445.41,16303.42,2022-05-27T15:28:14
546,2021-05-24,Let move news century treatment other.,43972.21,2209.95,41762.26,2022-09-25T13:51:43
547,2023-11-11,Capital pick building mention central cold exactly.,32129.32,11097.66,21031.66,2023-09-13T02:10:35
548,2021-07-10,Authority media reach election image recognize economic.,18189.99,1854.77,16335.22,2023-02-23T02:46:21
549,2022-03-25,Necessary recognize world stay.,35212.82,24024.06,11188.76,2024-04-13T13:18:52
550,2024-09-14,These tax personal agreement nation why bad.,7853.90,24391.89,-16537.99,2023-07-14T23:48:00
551,2024-03-29,Have own American radio.,48650.86,39583.51,9067.35,2024-06-21T08:36:42
552,2023-04-30,Blood today ability film whose bad.,38669.58,1088.10,37581.48,2024-08-10T04:10:44
553,2025-09-26,Country phone probably.,4084.50,37163.20,-33078.70,2021-06-30T08:05:35
554,2024-10-10,Buy herself wind happy will lead reason.,30607.70,28426.81,2180.89,2020-11-02T17:40:38
555,2023-02-08,Resource improve hold cost ask father clear.,34486.80,5902.61,28584.19,2023-06-11T06:27:32
556,2021-05-28,Phone decade entire student.,17784.62,17945.56,-160.94,2022-11-22T22:22:19
557,2022-12-19,Across human increase support find yet.,7916.93,11585.96,-3669.03,2022-12-16T22:05:31
558,2023-06-15,Unit pull agreement shoulder.,11880.09,13302.65,-1422.56,2021-01-10T07:28:07
559,2022-05-10,Bring house work full low foot stage.,15214.47,3136.38,12078.09,2025-02-24T17:33:58
560,2021-10-21,Agreement determine available off.,17561.44,19995.01,-2433.57,2023-06-16T19:35:26
561,2023-02-04,Thus so recently miss.,3384.39,17683.07,-14298.68,2021-07-25T11:42:18
562,2024-09-13,Identify probably for issue.,10164.84,22045.82,-11880.98,2021-08-23T11:56:10
563,2021-09-13,Heavy money stay yet.,38532.33,29003.61,9528.72,2022-10-17T19:06:26
564,2024-01-24,Investment picture peace.,39421.79,6583.62,32838.17,2025-01-11T23:06:18
565,2024-02-26,Street may race answer four when will.,40077.34,12629.26,27448.08,2021-11-25T10:12:06
566,2022-06-11,Find far event serve receive.,4528.04,35170.83,-30642.79,2022-04-18T17:01:46
567,2022-03-03,Team religious improve offer appear fund turn.,39326.21,33897.76,5428.45,2022-12-05T21:36:44
568,2024-12-04,Arrive film government out successful trade remember.,23017.66,1371.96,21645.70,2022-01-01T04:41:36
569,2022-07-15,Heart position east meeting.,25301.04,20032.57,5268.47,2025-04-03T04:38:32
570,2025-01-30,Model recently enjoy have feel network.,357.30,13173.23,-12815.93,2024-06-08T20:37:38
571,2021-03-31,Buy moment move may capital.,15771.17,8019.26,7751.91,2024-04-08T16:44:02
572,2021-09-10,Service American floor red crime remain health.,27531.02,88.79,27442.23,2025-03-21T09:13:55
573,2022-03-27,Remain teach case health.,9789.83,15675.29,-5885.46,2022-05-18T12:43:37
574,2024-03-17,Environmental spring something administration stock I.,30929.38,19088.75,11840.63,2021-03-02T13:05:50
575,2024-05-11,Financial inside follow even.,21868.93,8677.00,13191.93,2024-12-23T07:22:36
576,2022-08-02,Stage name region indeed tend just outside.,30960.68,14838.32,16122.36,2021-06-03T12:01:01
577,2023-01-06,History type impact college direction skin soldier.,38471.17,29630.40,8840.77,2023-01-22T15:31:05
578,2022-05-01,Form property sign if company.,48687.28,13968.03,34719.25,2023-06-15T14:28:50
579,2025-08-20,Large class collection similar trade behavior.,39875.21,34082.22,5792.99,2022-12-15T00:36:55
580,2023-01-25,Interest dinner tonight wall.,20437.30,16616.31,3820.99,2024-05-17T18:47:18
581,2022-02-27,May million individual actually.,9083.63,31179.28,-22095.65,2023-01-16T19:37:31
582,2025-10-03,Same city south tend matter sea design.,26736.47,12702.88,14033.59,2025-06-15T03:20:27
583,2022-05-05,Main us you those rock will evening.,27375.47,22111.63,5263.84,2024-06-29T22:34:13
584,2025-09-05,Region happy bill however Democrat enter.,39069.37,33117.76,5951.61,2025-07-13T17:49:24
585,2022-09-11,Perhaps good land.,9158.06,34602.10,-25444.04,2025-04-07T00:57:57
586,2020-11-20,Day bag nearly lot detail TV.,26034.67,13343.96,12690.71,2024-07-03T09:56:22
587,2022-07-13,Clearly cause tough poor report whom marriage.,22489.78,35096.83,-12607.05,2023-05-15T10:04:36
588,2021-08-24,Rise growth age pass.,27837.30,6223.69,21613.61,2023-10-01T05:53:16
589,2021-11-13,Federal student sure.,14439.27,38415.95,-23976.68,2021-11-05T17:05:56
590,2022-06-04,Leg simply seem clearly marriage relationship.,28675.23,12407.19,16268.04,2022-12-13T08:05:29
591,2024-04-28,Work account together response.,11134.74,4137.00,6997.74,2022-08-11T00:41:34
592,2023-11-15,Former enough throw care everything nor.,12066.69,34831.84,-22765.15,2021-02-07T11:29:50
593,2023-07-23,When improve result.,21305.19,7688.65,13616.54,2021-05-10T19:37:45
594,2021-03-31,House group certain close.,1767.01,38295.69,-36528.68,2022-08-10T21:15:46
595,2021-03-03,Still road prove before indeed until use.,18598.95,8630.03,9968.92,2025-06-14T06:32:18
596,2021-07-29,Them yet use personal think.,20399.85,10432.17,9967.68,2023-07-11T06:03:44
597,2022-01-26,Need senior president learn.,46066.42,8167.54,37898.88,2025-09-13T05:05:24
598,2024-04-09,Popular probably place successful ago say key.,43017.64,31134.55,11883.09,2021-07-10T02:55:24
599,2024-06-01,Strategy real capital though if area rise.,38147.95,37154.59,993.36,2022-10-04T06:42:46
600,2022-01-29,Today face catch by response pull thing.,21169.24,6475.33,14693.91,2024-08-12T00:10:58
601,2021-06-01,Will today hold apply process.,26786.51,17022.67,9763.84,2022-07-13T23:17:40
602,2025-07-02,Southern score kitchen.,33335.42,1837.12,31498.30,2024-12-05T21:56:48
603,2021-03-07,Institution buy answer staff.,19954.53,19229.95,724.58,2021-03-29T17:11:46
604,2023-12-14,Current small class think one.,49784.11,13995.84,35788.27,2023-04-24T18:47:18
605,2021-08-29,Report sea along stand.,17786.32,31386.48,-13600.16,2023-10-24T22:19:39
606,2024-09-13,Just two eight plan goal explain determine.,36750.66,30136.16,6614.50,2023-03-22T09:01:12
607,2021-08-04,Boy voice market offer create oil.,16357.21,4019.34,12337.87,2025-05-12T07:06:46
608,2024-05-07,Hospital section their Mr approach.,150.27,37737.67,-37587.40,2023-07-27T06:49:35
609,2023-02-02,State determine subject color.,37860.74,26763.56,11097.18,2025-01-30T05:33:04
610,2021-12-14,Seem cut sell her.,22095.93,36008.12,-13912.19,2020-12-04T16:15:03
611,2025-05-21,Rest day necessary democratic most forget arrive.,6541.93,39088.82,-32546.89,2023-02-19T14:33:59
612,2025-03-08,Point agency hard trip dream.,14683.20,7153.42,7529.78,2024-05-11T05:53:43
613,2023-01-23,Left this wear writer them simple.,34422.29,32122.82,2299.47,2025-08-27T07:51:48
614,2023-08-01,Statement also thing TV team imagine car.,26659.67,24594.02,2065.65,2020-12-18T07:03:37
615,2021-03-13,Future live civil brother.,25109.67,2587.67,22522.00,2023-07-28T00:47:57
616,2024-06-23,Three military however fine.,31409.13,36477.80,-5068.67,2024-05-12T20:33:43
617,2021-05-01,Class someone large painting environmental.,40296.22,21143.94,19152.28,2025-08-30T08:17:45
618,2021-09-20,Remain election evening shake seat become.,7562.43,13704.49,-6142.06,2023-01-30T19:49:38
619,2025-10-20,Almost dark local consider name final should west.,25192.53,30242.87,-5050.34,2021-06-24T11:39:34
620,2021-05-28,Still media cultural many onto listen south.,39209.34,25171.35,14037.99,2023-08-30T02:17:02
621,2020-12-01,Environment herself ten theory huge four.,2323.25,851.21,1472.04,2025-04-15T10:39:03
622,2022-11-16,House glass firm middle behavior.,14406.50,4565.66,9840.84,2021-05-14T15:36:19
623,2023-04-09,Enter realize scene reality value.,39648.55,3425.89,36222.66,2021-01-09T04:54:56
624,2022-02-19,Feeling out blood.,2963.36,18676.60,-15713.24,2021-05-31T06:17:29
625,2024-10-19,Always that now chance everyone staff.,47499.06,30509.02,16990.04,2023-08-03T20:53:34
626,2021-08-29,Certain eye kid change author throw tree.,28992.68,4677.71,24314.97,2021-04-25T14:58:57
627,2024-04-20,These finish television generation create allow.,18948.76,20919.88,-1971.12,2024-05-04T21:22:46
628,2023-02-17,Back occur same western focus indeed maybe.,5944.13,30661.07,-24716.94,2024-06-14T13:49:34
629,2024-07-22,Probably do soldier might standard allow themselves.,41106.89,3439.62,37667.27,2022-11-05T08:01:48
630,2023-08-06,Television create focus call last.,31760.60,25187.46,6573.14,2024-09-14T15:01:58
631,2025-10-20,For need society wind into never.,48460.34,3573.30,44887.04,2022-08-21T12:11:52
632,2021-03-20,Wrong money option board result voice cause.,32395.19,665.84,31729.35,2023-01-13T15:31:47
633,2025-03-05,Letter but increase security quality design.,13774.63,26542.60,-12767.97,2022-09-05T12:44:53
634,2023-03-14,Election participant bad cost conference suggest happy.,17814.70,1683.69,16131.01,2022-06-04T09:32:22
635,2024-05-29,Available address bar evening arm fund leg.,43584.06,12475.57,31108.49,2023-08-04T19:46:54
636,2022-03-04,Degree result recently name mission safe discussion.,27599.79,1356.67,26243.12,2022-02-18T06:29:13
637,2022-07-27,Style such easy population term.,32036.07,23486.44,8549.63,2023-08-24T18:14:41
638,2025-10-15,Stock example eat low but prevent single.,6506.15,19102.31,-12596.16,2024-09-05T02:34:49
639,2024-08-13,Main morning fear choose.,20306.89,35673.44,-15366.55,2021-07-18T12:53:24
640,2021-03-04,Decade individual move power.,31148.53,1485.51,29663.02,2022-08-16T22:02:58
641,2024-09-25,Half most your per.,32540.88,12406.76,20134.12,2023-05-25T20:54:18
642,2021-03-20,Room look say nation company act.,39481.65,24952.60,14529.05,2022-01-20T03:44:10
643,2024-12-23,Would election someone kid.,16601.68,25964.97,-9363.29,2023-09-19T13:28:48
644,2023-07-18,White even training pass door.,36955.10,34091.99,2863.11,2024-03-28T21:12:04
645,2023-07-21,Blood perhaps specific radio follow.,32473.83,20248.37,12225.46,2024-12-02T20:10:28
646,2025-04-23,Just bad box career.,2036.01,27109.84,-25073.83,2021-09-27T07:57:42
647,2023-12-21,Food nearly list.,39425.53,15749.66,23675.87,2023-01-28T18:46:43
648,2024-07-03,Send after pass.,28121.13,16138.00,11983.13,2021-03-17T10:57:21
649,2021-08-27,Five learn structure financial however mean.,24361.93,34833.11,-10471.18,2021-01-01T04:04:31
650,2024-11-19,Remain rather smile travel class.,15220.07,13008.30,2211.77,2024-04-28T01:04:30
651,2024-09-24,Start upon across our moment focus talk.,25499.36,29752.01,-4252.65,2024-02-17T10:41:39
652,2024-01-09,Worker money toward season member full time surface.,24225.66,20959.10,3266.56,2023-12-04T09:36:57
653,2024-06-15,Nothing while traditional affect two.,11046.56,13979.13,-2932.57,2023-03-05T06:38:49
654,2024-11-30,Dog coach control do pick life.,39117.39,30911.69,8205.70,2025-01-05T00:09:34
655,2025-03-24,Scene garden employee receive full participant.,43558.90,26715.31,16843.59,2024-04-22T07:42:28
656,2022-12-10,Television job could cell message big until contain.,13031.74,25876.15,-12844.41,2022-01-08T07:31:08
657,2025-07-12,Issue believe above especially apply.,43598.39,24502.98,19095.41,2024-07-17T03:12:16
658,2021-07-13,Debate yard lose trade design painting form.,41490.09,16278.86,25211.23,2021-05-05T14:08:31
659,2023-04-30,Daughter follow society.,35117.41,26847.74,8269.67,2024-07-08T19:48:23
660,2022-03-13,President seven arrive the actually attention save.,1760.90,1625.06,135.84,2025-06-23T06:14:05
661,2025-09-26,Such high great clearly put tend particular.,1743.31,14278.64,-12535.33,2022-06-13T15:01:35
662,2023-06-25,Capital song like environment.,29584.89,37924.68,-8339.79,2023-07-08T21:22:20
663,2022-02-04,Special land seven Congress half sport prevent.,27438.65,10929.01,16509.64,2025-05-04T03:24:54
664,2022-10-05,Administration for education job support.,48644.74,36087.95,12556.79,2023-09-16T19:54:33
665,2024-10-11,Tv reality just sound say.,27506.86,30424.17,-2917.31,2021-10-19T07:54:08
666,2021-10-06,Station hope prevent prevent alone quite.,39951.62,16684.76,23266.86,2025-04-16T10:34:31
667,2024-08-21,Job nature sure available well other.,31598.32,33686.75,-2088.43,2022-04-29T00:05:39
668,2022-01-13,Describe situation weight different last leader baby.,5224.49,409.82,4814.67,2023-07-25T18:49:11
669,2021-07-21,Class economy pattern identify beautiful look more hold.,28767.67,4379.58,24388.09,2021-04-12T01:12:56
670,2024-08-01,Finish late often south high.,21876.51,22585.16,-708.65,2022-03-21T23:42:00
671,2021-01-13,Country choose fight stock difference enough.,25098.09,17912.68,7185.41,2023-09-07T13:45:04
672,2024-11-22,Black require issue challenge dinner anyone.,3675.81,32985.39,-29309.58,2024-12-30T22:37:06
673,2021-12-24,Attention enter water left fill share effect.,47620.42,20043.41,27577.01,2025-08-14T01:39:02
674,2023-02-23,Field game head into least democratic about.,5785.31,15920.00,-10134.69,2023-05-06T04:55:41
675,2023-06-25,Support career phone far scientist.,20314.27,21332.17,-1017.90,2025-03-17T05:08:42
676,2024-05-07,Very tough describe next rule citizen.,28047.53,8915.13,19132.40,2023-10-12T22:23:47
677,2023-01-03,Former audience here where cover no activity.,890.91,34317.23,-33426.32,2023-09-08T20:33:43
678,2025-02-22,Need article data north purpose mouth worry.,27278.68,15189.11,12089.57,2024-05-09T03:08:44
679,2022-07-11,Page recent population among news government.,5429.09,7225.32,-1796.23,2022-10-17T06:53:24
680,2022-08-15,Goal if treatment rich leave onto focus stage.,4796.51,2185.96,2610.55,2021-05-11T18:23:55
681,2022-10-19,Often language population like office contain amount.,19051.11,13020.60,6030.51,2024-04-04T02:45:12
682,2022-09-04,Kid third politics management child.,46374.01,15402.21,30971.80,2021-09-14T22:01:50
683,2021-10-21,Determine bank six attention want day.,7673.23,17567.70,-9894.47,2023-08-24T18:56:58
684,2024-07-04,Month present kid behind.,5585.13,34643.25,-29058.12,2023-05-26T04:28:42
685,2021-10-13,Mean floor raise likely.,10951.80,4320.20,6631.60,2022-09-10T02:53:56
686,2025-04-20,Could back toward know company include.,22068.76,23740.16,-1671.40,2020-11-18T18:32:01
687,2022-06-29,System eight this life magazine pull meet tend.,22621.42,6888.61,15732.81,2022-10-16T09:51:51
688,2025-07-24,Public head Congress structure address try energy trade.,43346.53,31465.29,11881.24,2023-06-25T09:27:47
689,2025-07-07,International challenge price.,47204.70,23360.14,23844.56,2024-01-06T03:23:04
690,2022-01-09,Role image special without total.,46394.07,31671.21,14722.86,2022-09-16T08:08:57
691,2021-04-03,Standard rate woman man trial against not.,31943.78,37672.73,-5728.95,2023-05-01T19:27:52
692,2024-11-16,Discuss especially last describe lawyer.,24414.13,14554.40,9859.73,2022-07-22T16:22:31
693,2021-11-25,Believe that summer front themselves space.,27768.65,25234.80,2533.85,2024-04-14T04:15:21
694,2023-11-29,Trouble little phone nothing political language.,32378.12,24675.81,7702.31,2022-05-07T06:26:12
695,2023-08-09,Listen job site.,22567.62,18649.89,3917.73,2024-09-03T09:45:25
696,2025-06-28,Suddenly citizen identify partner west.,11577.01,8818.84,2758.17,2025-02-16T22:35:27
697,2022-04-13,Leg direction part it keep.,37922.23,30960.26,6961.97,2024-09-17T17:29:15
698,2023-10-08,Experience idea note public not.,4702.39,16972.08,-12269.69,2021-02-13T15:01:54
699,2024-02-05,True person population above add can.,44690.31,6899.59,37790.72,2020-11-07T11:58:28
700,2021-03-14,Shoulder speech traditional whom truth will.,46891.14,33079.15,13811.99,2021-03-27T13:29:00
701,2021-12-01,Past sound computer.,13252.79,36329.24,-23076.45,2022-10-04T17:17:04
702,2021-07-05,Husband interview matter phone.,12623.69,3502.54,9121.15,2024-05-22T14:14:59
703,2021-01-04,Only mention building case exist improve bill.,20869.63,1475.68,19393.95,2024-05-29T06:17:11
704,2022-09-30,Wrong least several finally.,13245.45,30642.45,-17397.00,2023-09-10T19:20:50
705,2021-03-22,Across money news total visit end.,18498.95,17205.61,1293.34,2023-03-02T01:00:51
706,2024-03-06,Floor not somebody man.,14196.44,13800.06,396.38,2023-06-12T07:11:17
707,2021-01-20,Wrong oil charge cut.,32979.90,29594.25,3385.65,2022-10-17T04:36:19
708,2025-03-24,Church relate sort response management work college crime.,7171.72,36117.04,-28945.32,2025-03-28T13:59:29
709,2024-09-16,Occur detail history whole food.,20704.37,23842.77,-3138.40,2022-05-04T12:29:02
710,2021-09-22,Shoulder boy inside standard.,36420.02,14764.42,21655.60,2023-02-24T05:06:11
711,2025-05-06,Sometimes role son manage.,4315.56,26926.69,-22611.13,2025-02-05T15:39:19
712,2023-01-29,While trial management beautiful improve.,28667.84,35338.99,-6671.15,2024-11-06T17:32:10
713,2021-08-11,Among hit thought big later.,41761.21,37281.07,4480.14,2022-08-08T05:25:05
714,2023-07-08,Possible bag approach rich catch.,40890.06,22308.20,18581.86,2023-03-05T11:43:31
715,2022-07-26,Lead recently level network sell strategy.,12714.52,20239.26,-7524.74,2024-04-15T03:31:15
716,2021-12-17,Must available relate word until make.,41424.56,5401.48,36023.08,2021-02-07T03:11:14
717,2021-05-13,Job skin future decision.,30147.02,32423.38,-2276.36,2025-08-25T05:20:24
718,2021-02-07,Eight large create left.,40398.72,17769.75,22628.97,2025-08-24T14:45:07
719,2025-04-26,Turn whose raise loss baby here across.,29711.47,37236.30,-7524.83,2024-09-19T03:23:59
720,2021-10-19,Leave former finally amount organization.,36797.13,12498.34,24298.79,2021-06-19T18:20:08
721,2024-08-05,Head likely others.,8680.96,19008.90,-10327.94,2021-07-21T00:54:52
722,2025-05-15,Recently will study.,20844.79,28201.34,-7356.55,2022-06-13T11:35:02
723,2025-03-21,Apply foreign page reach resource often pressure.,24292.13,26395.83,-2103.70,2023-12-11T17:24:00
724,2023-07-19,Yourself write continue view plant forget.,6053.26,17462.33,-11409.07,2024-07-06T18:58:30
725,2022-05-31,Often team cell teach cause.,42242.90,35741.87,6501.03,2024-04-28T19:14:40
726,2022-10-07,Center process order talk.,170.10,6814.28,-6644.18,2021-11-03T06:31:34
727,2023-08-22,Attack citizen arm gun.,34689.55,7613.41,27076.14,2020-11-27T16:14:03
728,2024-04-05,Hear central development per debate worry.,9564.09,6196.90,3367.19,2025-04-26T00:06:28
729,2023-02-22,Politics four TV.,17661.09,15415.50,2245.59,2020-12-30T17:49:03
730,2023-02-02,Letter fine less rest.,27849.33,5735.14,22114.19,2023-11-05T22:56:26
731,2023-03-31,To case step build final future address.,47232.87,28794.90,18437.97,2025-09-25T18:40:59
732,2022-11-08,Manage go though strong they pick make.,41556.09,8312.87,33243.22,2020-12-31T02:25:38
733,2022-07-05,Tax floor tend sing section change.,12791.56,4915.24,7876.32,2025-04-16T21:43:10
734,2025-06-29,Morning different worker wrong law from lot contain.,34396.54,13787.10,20609.44,2022-03-23T23:47:36
735,2022-12-09,Community picture land word practice.,42123.29,23025.58,19097.71,2021-11-03T18:39:53
736,2024-12-01,Ground again worker world this college.,17578.61,37189.33,-19610.72,2022-08-25T15:01:27
737,2021-08-31,Draw record off.,43536.65,25137.18,18399.47,2021-04-05T01:26:34
738,2021-03-24,Fast tough reality deep marriage more.,38636.58,34650.86,3985.72,2023-11-03T05:17:39
739,2021-01-10,System receive dog world.,16963.42,14711.64,2251.78,2025-06-01T16:17:44
740,2025-06-08,Me wide though per.,45130.78,20132.71,24998.07,2022-11-16T14:37:00
741,2022-10-04,Attention research subject.,3087.95,36189.51,-33101.56,2021-12-15T03:27:14
742,2024-01-03,Matter total indeed.,32361.55,21023.67,11337.88,2021-12-27T09:30:24
743,2023-10-04,Year could everybody recently career recognize tax.,8596.15,529.77,8066.38,2025-04-28T03:26:15
744,2024-11-16,Hold reach let cup though expert activity.,7817.71,2872.84,4944.87,2025-10-19T20:28:14
745,2022-10-12,Deep card day add material south they.,19564.58,8220.88,11343.70,2025-07-23T21:13:38
746,2025-09-27,Upon network population statement number show unit weight.,1630.96,26558.36,-24927.40,2025-05-28T15:36:26
747,2025-05-18,Reach operation job quite where fine.,32828.76,8475.65,24353.11,2024-09-21T20:23:36
748,2025-09-20,Message prevent first able.,26474.90,4212.81,22262.09,2021-02-01T18:40:28
749,2021-09-03,That money election.,39150.79,6057.85,33092.94,2023-06-08T16:32:36
750,2022-08-19,Energy black conference particularly have top.,23493.11,18052.08,5441.03,2021-02-03T00:50:09
751,2024-11-15,Item everyone subject recently inside former.,12192.14,35136.08,-22943.94,2024-04-12T10:58:02
752,2021-08-13,Out evidence trial eight should none test.,6268.71,17886.27,-11617.56,2025-08-03T13:14:50
753,2024-02-27,Every those special bag.,36050.05,17558.65,18491.40,2024-08-19T12:14:36
754,2024-06-13,Section hold leg throughout.,21720.87,24576.27,-2855.40,2022-01-24T04:29:03
755,2025-08-14,Owner per than at.,45576.04,31739.70,13836.34,2022-06-22T18:39:03
756,2024-09-28,Even somebody pay.,42995.95,23225.36,19770.59,2023-01-01T23:51:09
757,2023-09-11,Real past heavy race value.,42226.18,30492.65,11733.53,2021-08-07T04:36:10
758,2024-07-18,Behind year early establish.,26871.42,17853.96,9017.46,2021-02-28T00:12:20
759,2021-03-04,Senior catch our process of none conference.,35319.13,30102.53,5216.60,2024-12-01T03:05:42
760,2020-12-21,Until bit start theory company case smile.,29178.49,6041.94,23136.55,2021-08-22T08:17:33
761,2023-08-01,Benefit buy sport product.,28758.89,10739.45,18019.44,2022-09-21T07:34:37
762,2025-08-02,Arm similar project whom small.,30528.74,31494.61,-965.87,2023-02-25T03:53:06
763,2025-01-07,Certainly include who view positive.,10062.70,19559.35,-9496.65,2022-10-07T05:12:08
764,2021-11-14,Run far style might business just.,31860.31,19796.19,12064.12,2025-04-12T02:35:56
765,2025-08-12,Skill beyond time start sell professional.,49409.49,33170.14,16239.35,2023-04-09T20:34:56
766,2023-09-06,Provide almost politics suddenly today.,37513.28,16131.45,21381.83,2025-01-06T17:29:34
767,2022-03-01,Say forget difficult whose.,25231.68,28372.67,-3140.99,2023-06-01T19:10:03
768,2020-12-28,Point official series work.,30176.92,35066.14,-4889.22,2022-12-19T06:59:11
769,2021-10-10,Think you record believe we improve during.,45491.24,13213.36,32277.88,2024-07-18T07:55:53
770,2022-03-16,Administration computer stock outside.,20216.89,16907.68,3309.21,2021-01-26T04:32:48
771,2021-03-01,Task both far.,21956.99,20055.84,1901.15,2025-05-19T20:58:10
772,2020-11-25,Realize level season he heavy large.,38162.82,1269.94,36892.88,2025-10-12T07:08:48
773,2021-11-29,Wind power security vote.,3782.12,4937.69,-1155.57,2021-01-10T04:15:39
774,2021-06-14,Contain number you special mission like.,35658.24,31081.45,4576.79,2025-06-11T11:12:29
775,2023-06-06,Marriage hand high although day.,43714.77,19346.54,24368.23,2023-07-31T07:02:33
776,2022-07-22,Mean movie face attorney cover.,29843.65,13661.74,16181.91,2024-09-12T00:34:35
777,2023-01-26,Writer inside national edge force let in.,15120.35,36605.56,-21485.21,2024-01-07T12:35:14
778,2024-08-23,Off scientist include stay budget show sing.,27728.91,21360.47,6368.44,2021-04-05T21:20:57
779,2023-05-05,Oil miss soon wrong ability fear leader.,9470.58,4072.36,5398.22,2022-12-11T14:21:58
780,2021-03-06,Bed training beyond sell event tough knowledge traditional.,15944.90,38912.09,-22967.19,2022-05-29T00:07:22
781,2021-08-08,Development professor throw record really admit.,47069.84,29123.52,17946.32,2020-11-02T15:52:00
782,2022-12-11,Television night paper later.,25604.54,4216.01,21388.53,2025-06-23T10:09:42
783,2021-10-21,Finish trade measure herself.,20140.74,21622.04,-1481.30,2025-08-09T14:04:56
784,2023-03-18,Cause compare change determine door mind clear.,566.57,9981.23,-9414.66,2023-11-20T00:29:50
785,2022-12-10,Crime city issue point court large.,6758.60,2332.84,4425.76,2023-10-01T15:05:21
786,2022-02-10,Marriage technology study thing spend.,5961.70,23879.66,-17917.96,2022-06-19T17:57:37
787,2020-11-30,Indicate little necessary ready.,25036.66,33461.96,-8425.30,2023-01-11T11:30:17
788,2020-12-27,What unit beat chair save threat.,36880.15,24584.05,12296.10,2024-04-04T11:10:21
789,2023-09-07,Health life media raise.,43667.74,38201.44,5466.30,2021-04-27T17:49:19
790,2025-06-20,After since quickly table.,3598.14,14144.46,-10546.32,2024-02-22T20:02:23
791,2021-01-25,Information indeed Mr practice morning certain.,38744.67,26726.02,12018.65,2023-11-09T02:15:33
792,2021-12-17,Authority he thousand charge war.,12048.48,19360.97,-7312.49,2022-11-26T21:28:00
793,2024-01-12,Painting mission certainly name value my social another.,45454.43,14379.18,31075.25,2024-04-15T23:34:22
794,2025-03-11,Decide live person owner suggest interest.,12303.51,32364.78,-20061.27,2025-02-10T07:44:26
795,2023-01-07,Evidence present next discuss alone.,43012.76,23192.08,19820.68,2023-10-03T13:40:11
796,2024-01-03,Parent writer first.,4222.99,26950.00,-22727.01,2023-04-10T08:45:01
797,2025-04-09,Service resource true of stay together.,38745.00,492.49,38252.51,2021-01-29T23:38:15
798,2021-06-28,Each away every fear.,21011.95,7334.00,13677.95,2025-05-23T05:53:43
799,2021-12-08,Cover animal late understand involve none professor.,35786.22,14128.65,21657.57,2022-09-13T08:33:41
800,2024-07-10,Young others responsibility ahead compare.,14485.19,1514.94,12970.25,2023-05-29T08:28:09
801,2021-06-24,Stuff instead however hair.,7057.43,36513.97,-29456.54,2025-03-27T11:38:51
802,2025-07-18,Price a establish our next be customer.,32651.07,32389.56,261.51,2022-06-22T06:00:36
803,2021-05-05,Whole husband stuff base.,15546.96,38076.29,-22529.33,2024-09-02T02:38:32
804,2025-08-30,Region Republican explain country imagine happen both.,27609.74,24204.99,3404.75,2021-06-16T08:23:22
805,2023-05-03,Line later model crime religious.,7230.37,36945.26,-29714.89,2023-04-07T20:26:32
806,2023-12-03,Edge threat owner ball few suggest stay than.,16844.54,25533.12,-8688.58,2022-05-10T09:55:47
807,2022-01-25,Indicate mouth nature room although glass.,27513.12,27852.43,-339.31,2023-08-20T14:09:08
808,2025-01-31,Enter benefit treat she.,43441.25,35750.28,7690.97,2025-03-15T07:28:05
809,2025-03-02,Minute general safe rule spring represent hit.,48083.34,3971.98,44111.36,2025-03-24T18:49:42
810,2022-07-07,Major grow this job page.,39603.72,9788.57,29815.15,2021-05-08T04:05:05
811,2025-02-28,Market bank who letter thank.,2155.60,16632.44,-14476.84,2024-06-04T20:57:09
812,2021-02-27,Onto student free see.,3252.99,21174.65,-17921.66,2021-05-08T00:19:22
813,2023-03-09,Traditional practice ago than final sort west.,1658.29,12923.13,-11264.84,2021-06-08T18:04:09
814,2021-04-15,Expect debate style practice word.,24003.38,24541.98,-538.60,2021-05-23T20:17:12
815,2022-08-21,Theory contain world successful.,29096.72,36929.17,-7832.45,2022-06-29T22:08:10
816,2022-10-28,West character ten ago why.,883.08,5437.93,-4554.85,2021-01-12T19:43:35
817,2021-01-22,After state quickly Mrs.,30756.42,20938.14,9818.28,2022-09-12T17:54:20
818,2023-04-09,Report safe education wrong.,1858.51,39953.29,-38094.78,2023-04-01T10:22:53
819,2021-06-04,Possible though arm difficult.,23880.69,14152.72,9727.97,2024-04-28T18:39:39
820,2022-12-01,Hair charge pay official thing low morning.,43362.93,16906.07,26456.86,2023-12-14T16:36:40
821,2021-08-28,Five only nothing run.,19783.01,37311.14,-17528.13,2021-06-07T00:12:49
822,2023-04-08,Final town peace mother travel.,2480.88,21335.96,-18855.08,2024-02-24T04:43:21
823,2020-12-10,Subject support central inside religious collection.,20937.39,3717.72,17219.67,2023-07-17T02:42:00
824,2025-08-11,Ahead fish behind.,19566.67,37199.55,-17632.88,2021-10-06T18:03:25
825,2022-05-23,Father site especially note trial heavy.,33680.86,6558.36,27122.50,2021-10-31T18:13:38
826,2023-02-17,Throw model big.,14545.53,17700.99,-3155.46,2022-07-03T06:10:28
827,2020-11-15,Crime major own.,11301.77,39425.54,-28123.77,2021-12-20T15:59:34
828,2023-02-24,Only student I of window.,2695.84,27436.14,-24740.30,2025-03-15T00:09:43
829,2025-04-24,Old week candidate fast difficult crime stand.,22668.84,36941.19,-14272.35,2024-09-21T17:45:09
830,2025-04-07,Commercial and stand.,37721.40,23142.56,14578.84,2025-08-26T14:36:20
831,2023-11-06,Economy material move where.,9750.55,400.47,9350.08,2024-03-08T17:30:31
832,2025-05-31,Rock where wait miss.,44683.02,6202.15,38480.87,2025-03-31T19:48:28
833,2024-05-30,Piece though care on agency economy continue.,45670.54,13651.57,32018.97,2024-12-06T20:40:30
834,2022-01-09,Me second lead draw.,39523.65,26598.49,12925.16,2024-10-01T00:20:48
835,2021-11-14,Mean hand challenge step former.,8854.12,31843.66,-22989.54,2024-06-24T21:46:43
836,2021-09-05,Sense form movie.,24118.79,25299.66,-1180.87,2022-05-13T13:15:23
837,2021-06-17,With information something exactly Congress.,49247.38,37429.91,11817.47,2025-08-31T14:13:39
838,2023-01-16,Never someone kid move result.,24621.88,20546.64,4075.24,2025-04-13T22:36:01
839,2024-07-01,Building sit build show.,16318.31,26131.07,-9812.76,2021-05-11T07:10:26
840,2021-12-09,Best everybody fast ask institution bag fall.,31185.07,28650.69,2534.38,2023-04-20T08:49:48
841,2021-04-01,Avoid game nothing.,42155.83,24641.79,17514.04,2021-07-08T20:46:52
842,2024-10-11,Cup agent body own.,3155.55,6729.53,-3573.98,2022-02-22T02:21:05
843,2025-10-27,President subject when myself.,11420.61,4688.17,6732.44,2021-02-26T00:13:38
844,2021-05-17,Letter democratic nor mention win leave decade subject.,16508.73,6964.46,9544.27,2024-11-24T18:42:42
845,2024-02-12,World force change term economy party.,29802.71,33047.17,-3244.46,2022-04-03T04:30:13
846,2023-11-29,President home director whole information community long.,8646.04,22995.87,-14349.83,2024-12-16T05:21:17
847,2023-10-01,Staff art trip cell heart.,33531.05,6986.15,26544.90,2025-09-28T12:19:30
848,2021-10-24,Though board pay city material.,38542.74,10236.89,28305.85,2025-06-09T23:19:47
849,2021-04-17,May risk response know tend wall.,5606.68,23706.36,-18099.68,2022-07-27T20:00:48
850,2023-02-01,Measure number around plant that them change.,42674.55,9952.86,32721.69,2023-01-27T23:40:50
851,2022-04-10,Us continue question.,34196.76,33830.28,366.48,2023-05-16T19:50:50
852,2024-11-29,Food condition region hospital history north.,14786.98,30834.24,-16047.26,2025-04-21T19:13:18
853,2023-09-06,Minute building until century not us.,18391.40,9388.98,9002.42,2021-11-06T23:25:48
854,2022-10-26,Professor guy challenge something woman example particularly church.,4265.88,21480.20,-17214.32,2023-01-29T13:08:03
855,2024-03-10,Road know sell when important identify hit.,39370.58,14440.30,24930.28,2021-06-25T11:14:59
856,2025-06-16,Include compare agency activity example yourself.,13413.28,21843.13,-8429.85,2021-08-31T14:47:58
857,2024-11-02,End article exactly majority continue guy drug.,2871.53,32559.63,-29688.10,2025-03-19T19:55:25
858,2025-04-22,Group staff cut brother method person direction.,41557.77,22959.57,18598.20,2024-09-19T05:30:32
859,2022-08-08,Move heavy save along Republican.,36822.28,10783.85,26038.43,2021-09-27T09:52:16
860,2025-01-26,Sister century event difficult hear.,21425.17,15991.33,5433.84,2022-03-03T04:47:56
861,2022-11-23,Section exist yeah ask situation commercial decide may.,49349.50,33433.47,15916.03,2024-06-23T00:20:48
862,2020-12-21,Name seat option.,12109.10,33690.83,-21581.73,2023-08-26T04:01:58
863,2025-08-15,Know painting those science image lay.,17973.79,25541.00,-7567.21,2025-09-11T16:00:59
864,2022-12-27,Security anything per along nation on ball.,18275.24,682.72,17592.52,2025-06-08T15:02:27
865,2021-01-26,Cover mind main ability note someone.,41578.96,13447.27,28131.69,2022-07-26T12:10:40
866,2021-07-16,Focus discuss eight arm several.,12200.44,19713.51,-7513.07,2023-02-17T01:03:20
867,2024-08-30,Career least strategy interest rule too others.,1934.62,34980.14,-33045.52,2023-07-23T16:09:15
868,2023-09-04,Nation sell air group tend apply.,24990.07,18590.95,6399.12,2021-10-18T05:28:02
869,2022-07-10,Five live their thought dream wife.,1567.44,23242.29,-21674.85,2023-12-14T06:03:12
870,2022-09-25,Tough save later better.,36587.29,4622.78,31964.51,2023-08-30T00:03:01
871,2021-05-27,Ground amount method go.,39477.20,3799.59,35677.61,2021-10-24T05:30:41
872,2020-12-04,Machine international how six.,43940.68,31744.00,12196.68,2022-05-12T13:31:54
873,2022-02-24,Worry nice draw area.,38294.22,39655.07,-1360.85,2024-08-14T14:16:00
874,2022-02-10,Trip base task.,35330.67,94.59,35236.08,2025-04-02T04:59:04
875,2022-07-08,Hard beyond among street.,9647.30,9459.07,188.23,2022-08-27T12:58:37
876,2022-04-06,Money southern especially value measure not education.,40309.24,14990.38,25318.86,2020-11-06T18:53:41
877,2025-08-01,Throughout top field according serve science notice.,21030.79,16820.98,4209.81,2022-08-18T14:54:04
878,2024-12-24,Including cover author stand fear sing five bed.,919.32,1950.44,-1031.12,2024-08-11T22:18:26
879,2023-03-30,Exactly quite thousand son.,15619.12,1239.77,14379.35,2025-01-31T12:46:29
880,2024-08-31,Research officer figure house.,44332.79,27087.12,17245.67,2021-09-10T07:30:40
881,2022-01-23,Down list candidate.,49449.19,36743.92,12705.27,2023-11-01T15:52:47
882,2022-02-07,Human decade wind ready who measure strategy.,16343.79,285.38,16058.41,2021-10-15T07:23:48
883,2024-06-19,How job under me.,46797.25,6655.24,40142.01,2021-12-25T04:25:27
884,2023-11-04,Already least as song.,8707.47,38870.19,-30162.72,2024-05-29T05:08:59
885,2024-01-06,Edge music finally might technology hard.,2727.93,22681.88,-19953.95,2022-06-26T19:55:40
886,2021-12-30,Assume theory travel often year even article.,3863.09,15509.53,-11646.44,2022-04-05T03:15:05
887,2024-08-01,Purpose information service authority energy.,13816.38,30421.32,-16604.94,2021-11-09T19:47:51
888,2021-08-13,Head from season simple.,19930.39,37475.12,-17544.73,2025-09-10T22:01:24
889,2023-04-06,Those pick other first seek force argue.,11555.14,15165.61,-3610.47,2025-06-15T03:40:31
890,2022-03-24,Smile service attack other.,14641.75,36165.56,-21523.81,2021-06-26T17:20:22
891,2021-12-12,West not couple group they memory federal.,47671.76,7612.06,40059.70,2021-07-27T06:01:49
892,2023-02-24,But four child level every.,390.08,19014.35,-18624.27,2021-01-12T01:49:45
893,2024-09-26,Face radio write each.,34554.89,4843.04,29711.85,2022-02-21T18:39:24
894,2023-09-29,Lead human trouble gun great organization near.,39697.51,11804.13,27893.38,2022-12-23T01:09:49
895,2022-03-01,Partner one hear answer someone.,23255.53,29538.86,-6283.33,2025-02-09T06:26:13
896,2021-05-16,Three middle toward product organization type personal.,2310.06,30496.39,-28186.33,2020-12-10T12:58:56
897,2021-08-30,Myself left sea full ok carry.,30186.17,25473.59,4712.58,2024-04-23T02:02:15
898,2023-05-24,Certainly reveal Congress score probably face.,18098.93,22163.18,-4064.25,2023-10-15T22:16:41
899,2021-10-04,Thing big pretty.,29900.84,28390.06,1510.78,2021-11-02T17:18:05
900,2021-12-17,Their modern shake husband develop nearly.,283.98,33201.83,-32917.85,2022-08-09T22:55:59
901,2025-06-20,Talk forward yes cut all.,40693.80,16522.78,24171.02,2021-02-17T15:36:30
902,2022-06-27,Compare hear truth.,22048.80,32343.76,-10294.96,2022-01-16T01:28:10
903,2022-03-19,Scientist job news reason lawyer finish always.,31884.38,6291.91,25592.47,2023-07-07T17:50:51
904,2025-06-25,Argue likely risk rest particular artist need.,20859.79,9033.24,11826.55,2024-08-29T10:18:03
905,2025-10-21,Push mind pick growth top benefit bar.,29905.04,3481.13,26423.91,2020-12-08T22:41:38
906,2023-01-29,Soldier per crime nothing improve structure own decide.,39988.74,9545.25,30443.49,2024-12-19T18:52:21
907,2023-06-11,Beat gun can establish huge probably ago.,9105.95,4377.09,4728.86,2021-04-20T11:45:08
908,2021-06-01,Social suddenly lead.,32608.01,1125.23,31482.78,2022-04-21T15:41:01
909,2024-08-05,Thing traditional upon prepare political however.,35226.33,32251.44,2974.89,2022-04-26T12:22:22
910,2023-05-04,Bar citizen Congress rock.,48632.11,31335.32,17296.79,2021-04-12T06:44:03
911,2025-10-24,New last trip window ten whom be.,18818.62,39769.90,-20951.28,2023-06-01T13:51:21
912,2025-06-16,Across heavy audience experience whole form.,2716.12,16568.53,-13852.41,2025-09-10T18:54:21
913,2025-10-22,Pressure station trial address add fund board.,37124.55,868.08,36256.47,2021-03-19T01:35:23
914,2025-08-27,Not beyond program challenge save.,14742.64,6704.38,8038.26,2024-10-24T07:15:48
915,2023-03-12,Affect require real as wish discuss.,9663.48,35344.83,-25681.35,2021-05-17T16:05:09
916,2022-07-10,Participant behavior drop she.,22015.02,11501.94,10513.08,2023-08-12T15:16:29
917,2025-10-08,Statement think lay.,33214.63,23199.06,10015.57,2020-12-08T17:51:14
918,2021-07-15,Set risk miss difficult middle during music.,18360.42,3418.00,14942.42,2025-04-24T18:57:38
919,2021-05-14,Especially write north cultural.,16856.55,6046.35,10810.20,2022-02-14T01:29:16
920,2024-06-05,Second spend cause science.,35667.72,34549.73,1117.99,2025-04-13T10:01:12
921,2021-11-14,Occur order pay give know challenge.,31202.24,24725.48,6476.76,2023-02-27T14:01:44
922,2025-05-29,Produce difficult herself parent.,41796.66,27763.93,14032.73,2020-12-13T12:09:08
923,2021-05-24,Son tax early understand source month southern.,33884.48,13915.03,19969.45,2023-09-20T08:10:32
924,2025-07-21,Student explain future listen military.,19688.26,4880.89,14807.37,2020-12-22T11:47:51
925,2023-02-26,Stock smile study less list firm guy member.,26346.17,37755.12,-11408.95,2023-03-17T17:03:36
926,2025-03-24,Government chance common deep building box.,26131.96,28125.63,-1993.67,2023-04-21T16:49:13
927,2021-04-01,Major so much determine sport some race.,42197.90,20964.30,21233.60,2025-01-16T00:18:21
928,2022-09-24,Experience foot finish large me.,40360.68,4613.84,35746.84,2022-01-26T18:41:28
929,2025-10-02,Then consider decision laugh station bar.,40783.59,22153.52,18630.07,2021-03-12T04:43:31
930,2024-07-04,Production learn fly tend.,12463.72,19094.03,-6630.31,2021-01-12T03:07:24
931,2024-01-29,Style clear affect left myself current today.,5294.49,34630.77,-29336.28,2024-06-19T03:05:25
932,2024-11-17,Food marriage whether environmental ground arm.,5666.29,2667.65,2998.64,2020-12-02T03:40:44
933,2025-08-24,Executive question now attack population.,8124.10,10523.77,-2399.67,2021-04-22T02:57:20
934,2023-01-17,Small in leader memory give need eight western.,7860.70,28068.75,-20208.05,2022-05-07T00:20:35
935,2025-10-28,Remember financial imagine room after focus but also.,25037.56,39760.03,-14722.47,2023-04-22T02:07:09
936,2023-12-18,Particular return set much center about campaign gas.,44341.81,38646.12,5695.69,2022-05-06T23:57:12
937,2024-05-16,By coach though.,21980.02,2974.52,19005.50,2024-06-19T03:28:37
938,2024-11-15,Network husband note film local organization.,33639.75,8155.65,25484.10,2023-11-27T01:43:52
939,2025-03-25,According either take to city.,3717.75,29642.88,-25925.13,2021-08-07T13:52:28
940,2022-07-21,Executive discuss from apply son range blood.,44785.09,35391.18,9393.91,2024-12-06T04:19:06
941,2025-10-15,Less certainly million image around education.,13184.89,22934.57,-9749.68,2021-04-14T15:18:58
942,2021-07-28,Laugh standard box young fact behind then ball.,46102.84,27295.73,18807.11,2024-04-15T19:44:37
943,2024-01-14,Finally idea politics law someone.,20114.36,12847.06,7267.30,2024-05-30T05:36:56
944,2025-07-06,Some cost room then than some run.,45234.82,12699.17,32535.65,2021-11-30T04:04:33
945,2021-11-27,Building wish field.,2675.24,14075.35,-11400.11,2021-12-12T11:28:13
946,2023-06-08,Design health matter themselves.,37013.84,196.58,36817.26,2023-12-25T05:52:39
947,2021-09-14,Like rest anything likely natural.,12708.32,35711.23,-23002.91,2021-11-16T08:02:54
948,2022-12-13,A later Mrs necessary church look administration another.,32476.45,31801.86,674.59,2025-01-02T20:14:57
949,2024-03-01,Wait strong rise training computer say.,46656.98,16132.68,30524.30,2022-11-26T15:03:52
950,2023-09-23,Sign first open book.,45317.82,18460.26,26857.56,2021-03-03T22:56:17
951,2024-03-25,Notice message word street say think reach.,19347.63,8251.86,11095.77,2022-06-02T21:06:52
952,2024-03-05,Mission against success road agreement garden.,43841.91,4534.21,39307.70,2022-05-29T00:06:34
953,2025-03-23,Toward sometimes interest hand.,33605.16,18077.39,15527.77,2020-11-13T09:48:29
954,2022-11-30,Ready result want quality.,26612.89,34283.41,-7670.52,2025-02-17T07:37:26
955,2022-08-04,Cup fight human opportunity finish.,33233.33,20893.89,12339.44,2022-08-22T18:43:48
956,2022-04-07,Her prepare north born these.,41412.55,3513.92,37898.63,2020-11-08T05:20:53
957,2021-09-05,Base response economy third exactly appear down dinner.,8116.64,37500.93,-29384.29,2025-01-04T07:39:55
958,2024-01-31,Address edge issue herself none.,48240.49,18805.14,29435.35,2023-10-21T11:44:47
959,2022-06-05,Report shake effect opportunity.,19034.03,38200.74,-19166.71,2025-04-28T15:35:59
960,2024-03-14,Fund station old maybe usually soldier customer.,21094.52,488.62,20605.90,2021-05-12T11:03:57
961,2023-01-06,Become everyone paper focus.,3182.57,2553.00,629.57,2025-10-07T08:10:36
962,2023-02-09,Anyone indicate realize fine fine government.,38729.69,25998.39,12731.30,2023-04-29T10:26:09
963,2020-12-27,Treat finish always remember trial.,36791.64,12687.70,24103.94,2022-09-20T20:39:56
964,2025-06-01,Leader thought argue experience natural tough fly note.,42789.39,31245.86,11543.53,2024-02-25T12:30:25
965,2024-07-02,Adult girl drug pressure draw security unit.,36139.92,28384.31,7755.61,2022-12-31T11:47:06
966,2022-09-26,Media ready despite.,43657.43,22118.21,21539.22,2024-05-22T06:06:31
967,2023-04-14,Present your find choice.,47963.37,34072.02,13891.35,2022-09-12T18:29:54
968,2023-08-18,Nation write data idea affect west.,3756.03,16845.83,-13089.80,2021-10-14T06:41:44
969,2022-12-13,Walk clearly into population public between manage.,14007.99,10849.38,3158.61,2021-05-27T05:06:40
970,2024-10-26,Baby suddenly during budget.,34425.00,12118.27,22306.73,2020-12-02T20:44:22
971,2024-06-16,Like onto Republican away this.,33039.62,39469.07,-6429.45,2022-04-22T21:42:53
972,2021-10-30,Significant air music very whose rather.,3485.85,4884.19,-1398.34,2021-10-14T07:51:51
973,2024-08-25,Else night eat choice though financial situation.,43926.72,18921.06,25005.66,2025-07-20T10:52:35
974,2023-10-27,War small address alone well world foot.,43882.51,26355.13,17527.38,2025-02-13T21:52:55
975,2022-03-02,Call might woman.,47131.44,5779.75,41351.69,2021-06-09T20:08:26
976,2024-05-01,Study charge significant.,45478.69,21126.77,24351.92,2021-09-22T14:12:27
977,2023-09-15,Tough toward anyone set peace white not.,6346.48,38093.27,-31746.79,2025-05-24T12:54:19
978,2022-09-11,Tree our travel compare performance easy.,3122.35,17017.15,-13894.80,2025-06-06T20:10:15
979,2023-11-12,Note authority campaign instead.,49639.47,11754.09,37885.38,2021-02-18T01:28:44
980,2024-10-07,Attorney market end front.,37117.19,31863.78,5253.41,2021-01-11T14:20:05
981,2023-01-26,Age without financial yes.,21136.46,20448.53,687.93,2023-01-13T04:04:25
982,2024-05-18,Care simple if particular.,20016.57,8972.63,11043.94,2023-04-03T22:17:42
983,2025-02-26,See trade blue decade.,40334.70,37656.33,2678.37,2021-01-23T16:20:30
984,2024-02-16,Ever read space total.,40447.44,3911.86,36535.58,2024-05-01T19:34:20
985,2025-07-04,President anything vote room analysis indeed.,35084.66,24535.26,10549.40,2025-01-11T05:21:43
986,2022-11-24,Blood structure local final event central.,11903.30,36774.00,-24870.70,2025-05-11T08:35:50
987,2024-04-13,Magazine argue political theory into.,21128.47,12744.09,8384.38,2021-01-21T01:06:38
988,2022-10-03,Leader remain institution consider interest theory.,3231.48,30142.60,-26911.12,2023-03-19T16:32:42
989,2024-05-02,Specific available explain down police.,14331.22,10284.82,4046.40,2023-01-08T22:56:46
990,2024-10-20,Eye executive against boy rock.,9416.24,37017.27,-27601.03,2024-12-29T03:47:15
991,2022-05-30,Oil learn environment success.,4927.48,17326.20,-12398.72,2021-02-14T19:44:06
992,2025-10-05,Any stay than name art continue song.,43309.75,23219.53,20090.22,2021-08-19T13:43:41
993,2022-06-10,Set near movie price speech.,15723.66,17205.93,-1482.27,2021-03-16T15:28:33
994,2023-04-17,Film trouble adult which really couple.,38956.41,25822.97,13133.44,2022-08-11T12:19:43
995,2021-10-01,Movement herself information look reason carry on.,14399.63,3845.14,10554.49,2023-04-26T12:41:21
996,2024-01-15,Share very surface take new program exactly possible.,44082.56,19032.20,25050.36,2021-10-30T01:27:33
997,2021-04-04,Woman certain blood boy us natural five.,49970.53,26130.57,23839.96,2023-07-16T15:48:41
998,2023-02-10,Score answer record military number once myself.,46567.42,25674.43,20892.99,2023-09-26T07:07:08
999,2020-12-29,Born parent when us.,14530.04,17011.68,-2481.64,2025-09-18T21:00:09
1000,2021-10-17,They she hit himself.,44239.90,9683.98,34555.92,2021-09-01T08:45:47
1001,2024-04-29,Blood defense conference them.,5259.31,27343.85,-22084.54,2024-04-07T19:35:27
1002,2025-08-21,Always nation particularly design trial represent police law.,47323.96,21732.88,25591.08,2022-02-28T14:55:32
1003,2021-04-21,List speech phone speak voice east.,42391.49,1820.52,40570.97,2023-09-08T22:00:52
1004,2021-01-01,Coach structure result task which.,24176.53,17129.42,7047.11,2024-03-18T06:10:48
1005,2022-04-16,Wind always must yourself president raise.,41780.53,29976.39,11804.14,2023-07-08T09:12:16
1006,2021-09-06,Point level response than.,22643.46,15029.64,7613.82,2022-06-16T18:40:57
1007,2022-02-23,Sing support possible piece.,5573.79,32029.13,-26455.34,2021-12-15T19:02:42
1008,2025-02-26,Enough effect seek read this girl find somebody.,26344.40,39357.05,-13012.65,2023-05-01T08:53:40
1009,2021-10-12,Move network establish mind major about road information.,13714.47,27819.98,-14105.51,2021-09-06T03:57:29
1010,2025-09-19,In something no dream explain election.,16135.53,34346.64,-18211.11,2024-05-01T03:43:51
1011,2022-05-03,Whole section your movie.,13915.50,11339.22,2576.28,2025-08-05T17:08:22
1012,2024-07-24,Spend our tax agent.,15322.09,19932.37,-4610.28,2021-11-15T12:18:06
1013,2021-04-30,Black within body early debate catch.,11905.90,28085.38,-16179.48,2025-03-14T06:53:51
1014,2025-06-08,Deal difference try road.,18555.97,26175.67,-7619.70,2024-05-20T05:34:04
1015,2023-09-28,Threat artist attorney same.,32651.50,24348.26,8303.24,2025-03-14T13:29:35
1016,2025-09-05,Pull build wait gun.,12430.47,30362.26,-17931.79,2025-01-10T05:53:39
1017,2024-07-04,Various different article once person cause.,23890.78,3751.17,20139.61,2023-08-10T15:32:42
1018,2025-01-08,Senior think subject character strategy human dinner reveal.,21328.56,30870.60,-9542.04,2022-01-07T08:45:53
1019,2021-09-28,Watch story whatever rise foreign shake media rise.,7811.83,38046.64,-30234.81,2025-08-09T11:18:15
1020,2022-04-08,Enjoy decision question.,41834.15,3060.13,38774.02,2023-06-15T09:24:59
1021,2025-01-30,Statement opportunity out thank but state.,40432.53,28095.49,12337.04,2024-04-13T05:50:14
1022,2023-06-22,Other law between air despite.,39850.93,12790.80,27060.13,2021-06-13T23:46:05
1023,2021-07-22,Specific act ask policy drive red much consumer.,12705.65,163.88,12541.77,2023-07-07T12:20:14
1024,2021-11-12,Hospital another trip one.,28175.45,18950.73,9224.72,2021-11-15T18:23:48
1025,2025-04-04,Daughter player of something through exist dinner cause.,4130.32,29905.36,-25775.04,2024-01-19T19:08:09
1026,2021-03-11,Somebody economic blood medical stage become.,25916.98,24855.14,1061.84,2021-11-19T04:42:33
1027,2020-12-23,Simple later personal program more.,27850.44,27861.25,-10.81,2025-02-05T23:29:57
1028,2023-04-25,Produce bank matter law.,13433.28,713.98,12719.30,2024-11-15T17:22:34
1029,2024-01-02,Result him every six.,31007.67,6766.08,24241.59,2024-12-20T03:17:27
1030,2023-02-26,Alone thing visit perhaps hotel policy rather establish.,1062.31,28970.39,-27908.08,2024-11-04T10:27:31
1031,2023-08-23,Southern American west him value would today.,32860.10,14172.34,18687.76,2024-07-15T17:01:57
1032,2025-05-15,One base answer power he.,29948.15,19323.71,10624.44,2025-04-10T18:11:53
1033,2021-11-28,Policy money hair stop its.,28525.87,20087.61,8438.26,2025-06-04T16:06:01
1034,2023-07-25,Human bed three look.,26531.88,17876.50,8655.38,2021-03-04T07:11:09
1035,2023-10-02,Rate service note ago model board.,7665.95,15928.82,-8262.87,2023-05-06T17:33:35
1036,2022-01-01,Food yes remember player fly style want.,2481.36,37853.05,-35371.69,2023-08-12T08:25:24
1037,2021-05-02,Heart behavior voice policy hot first.,37050.52,24253.74,12796.78,2023-06-27T19:47:29
1038,2021-07-19,Notice moment husband about hour.,31755.30,6876.45,24878.85,2021-10-06T07:05:09
1039,2024-01-13,Reveal visit stop population car.,3848.24,37596.32,-33748.08,2023-04-10T15:20:58
1040,2021-02-21,Full establish leave Congress perhaps bank.,4742.46,23873.08,-19130.62,2021-02-06T05:28:52
1041,2022-03-24,These likely possible together condition.,43091.79,1409.35,41682.44,2023-12-09T09:25:22
1042,2022-03-17,Across forget decade artist risk.,34499.89,28946.99,5552.90,2021-06-18T17:49:02
1043,2021-06-04,Officer short newspaper try.,44932.48,33168.20,11764.28,2024-11-12T18:44:54
1044,2024-07-01,Us fall learn parent.,39462.07,7100.07,32362.00,2024-03-24T23:36:00
1045,2024-01-22,Have peace imagine learn operation.,24398.39,25843.23,-1444.84,2025-08-14T08:25:25
1046,2022-10-13,Line east truth environmental.,44622.92,1037.19,43585.73,2021-02-24T20:23:47
1047,2025-04-20,Region would husband without.,48853.73,39875.76,8977.97,2024-01-03T08:18:44
1048,2022-08-28,High save simply let test.,37256.39,2157.02,35099.37,2022-10-27T14:56:02
1049,2025-03-06,Later rich development he.,25115.12,8055.37,17059.75,2023-07-13T20:56:29
1050,2022-02-12,Method heart question like.,38106.92,6003.72,32103.20,2024-07-27T06:34:57
1051,2022-06-24,Simple bill avoid development threat eye war community.,33387.11,4710.00,28677.11,2023-05-23T01:10:34
1052,2023-04-12,Energy you thus blood choose instead return.,46827.55,13289.49,33538.06,2021-03-28T19:09:29
1053,2021-11-06,Company skin artist attention hospital hope life.,6977.22,22176.40,-15199.18,2024-11-26T14:36:29
1054,2022-02-15,Spring increase music consumer.,38925.34,35230.15,3695.19,2025-07-22T10:59:15
1055,2021-03-17,Different that poor or join catch how.,10483.36,38222.84,-27739.48,2023-04-28T01:21:33
1056,2025-09-21,Offer machine avoid seek partner.,9268.85,15606.98,-6338.13,2022-06-27T08:41:54
1057,2020-12-12,Important two leg relate.,24918.46,13848.65,11069.81,2024-02-10T20:05:10
1058,2024-01-04,Look factor realize understand.,41228.20,28337.75,12890.45,2025-07-31T09:02:59
1059,2021-03-01,Today there message minute write money.,10709.48,34052.50,-23343.02,2022-10-31T22:45:40
1060,2024-07-10,Consumer head hold score.,47143.74,35676.79,11466.95,2024-09-18T02:34:06
1061,2023-03-21,Plan hospital service change class pretty.,6164.32,6994.53,-830.21,2025-05-04T01:57:41
1062,2025-10-20,Under water expert feeling quite.,23024.68,4645.09,18379.59,2025-01-03T20:45:45
1063,2021-02-12,Rise history argue note.,48246.25,3677.16,44569.09,2021-05-07T23:32:45
1064,2024-01-16,Yourself agreement political science position morning.,13963.42,6978.76,6984.66,2025-05-10T12:26:09
1065,2021-11-27,Song most easy.,32635.50,19782.56,12852.94,2025-03-22T00:20:36
1066,2023-03-30,Politics concern near director charge fight early.,7198.70,12621.93,-5423.23,2022-08-31T02:54:04
1067,2025-04-14,Among in race fine simple play.,24594.89,27981.51,-3386.62,2024-10-21T20:14:11
1068,2025-09-21,Control change represent goal on draw thought attack.,43145.89,7195.93,35949.96,2025-10-07T17:05:53
1069,2021-07-15,Away poor west option girl upon.,39217.95,27049.36,12168.59,2021-08-30T16:17:09
1070,2023-08-31,Nice real manage thus prevent never evidence.,15475.93,6042.45,9433.48,2022-01-18T08:16:31
1071,2025-09-19,Form yard four method which network.,30460.08,7405.43,23054.65,2025-10-01T06:06:23
1072,2021-01-21,Every exist player law resource respond fund.,21964.35,9538.40,12425.95,2025-05-22T21:02:17
1073,2021-02-07,Realize relate season recognize.,24057.41,4477.33,19580.08,2024-03-12T22:11:30
1074,2024-07-18,Far year some most beyond investment.,32474.15,18213.77,14260.38,2024-04-04T01:07:42
1075,2021-09-08,Network development happen production.,30880.67,24657.74,6222.93,2024-07-25T18:09:51
1076,2021-06-27,Executive trade network service American voice.,7173.70,2016.57,5157.13,2021-04-04T07:29:13
1077,2022-08-24,Already blood quickly security force against oil.,42971.49,13171.46,29800.03,2021-12-19T22:07:45
1078,2023-08-28,Sing responsibility reveal society concern.,28328.75,26523.55,1805.20,2022-11-16T02:07:25
1079,2023-05-08,Arrive take law American blood focus.,42345.76,13200.30,29145.46,2021-10-08T05:00:26
1080,2023-11-14,Just defense physical tonight.,47616.15,36152.52,11463.63,2022-04-28T15:45:58
1081,2022-09-23,Cultural store worker.,40336.76,87.43,40249.33,2023-04-13T20:54:19
1082,2025-10-20,Garden by account they outside.,38304.28,14565.44,23738.84,2024-02-26T11:51:59
1083,2020-12-10,Event safe hold manager.,34454.36,29567.65,4886.71,2022-09-17T18:35:04
1084,2024-08-09,Adult senior quickly page easy work.,27369.89,19774.81,7595.08,2021-01-15T13:12:29
1085,2023-12-20,Tend late material.,40036.33,28245.33,11791.00,2023-10-10T00:22:47
1086,2025-10-08,Its government major black.,11186.87,11815.34,-628.47,2022-09-20T21:48:59
1087,2022-04-25,Admit agree third.,39185.13,19542.54,19642.59,2024-04-20T15:48:20
1088,2021-09-06,Wind moment religious war out.,23016.61,13929.43,9087.18,2021-12-15T14:59:12
1089,2025-02-10,Protect choice feel late program young major.,7448.11,20822.86,-13374.75,2021-03-26T10:09:35
1090,2022-03-12,Decide participant article school.,31341.90,16891.02,14450.88,2021-08-19T23:53:14
1091,2023-09-27,Value fall base even wind girl.,34050.76,36179.17,-2128.41,2025-03-31T23:17:45
1092,2023-07-13,First might every anyone PM follow blue.,6382.98,5943.52,439.46,2022-08-28T02:38:59
1093,2025-09-15,Any anything plan blood born.,11967.66,4146.75,7820.91,2024-02-24T08:45:33
1094,2023-03-11,Ahead every force site.,32985.24,25465.69,7519.55,2021-05-12T22:08:03
1095,2025-10-23,Investment school fill check enter example there.,11968.99,8299.09,3669.90,2025-05-09T04:00:49
1096,2022-06-29,Moment through wife.,5345.24,19016.96,-13671.72,2024-10-01T08:12:16
1097,2024-07-30,Purpose after within huge idea crime.,9386.19,37821.57,-28435.38,2024-02-21T09:44:32
1098,2021-03-19,School ever own position.,33819.84,7124.80,26695.04,2021-11-05T19:08:50
1099,2021-05-11,Woman night rise at.,13006.69,38973.84,-25967.15,2021-01-31T07:53:56
1100,2021-10-14,Would former find summer paper a.,13945.97,21010.84,-7064.87,2024-06-20T18:26:01
1101,2021-10-22,Recent statement image according.,38809.82,11533.86,27275.96,2024-06-18T16:47:47
1102,2021-04-13,Movement energy idea idea.,36585.01,4143.50,32441.51,2021-10-22T04:53:48
1103,2023-06-30,Thing ready environmental carry quite drop career.,10556.46,32911.04,-22354.58,2021-09-05T23:01:55
1104,2021-11-30,Art simple degree talk effect whom.,6305.10,9125.89,-2820.79,2024-08-29T03:19:42
1105,2025-01-24,Stock job two not build.,8506.37,1335.20,7171.17,2023-08-14T01:05:22
1106,2023-12-05,Often student throughout.,24204.79,9970.85,14233.94,2025-01-08T18:55:44
1107,2021-10-01,Detail act body public.,37630.45,35459.38,2171.07,2025-03-02T15:59:59
1108,2025-04-26,Our former recently make address.,43005.32,18980.47,24024.85,2024-06-06T22:40:13
1109,2024-08-12,Beyond different letter adult drive will too.,47056.47,30275.75,16780.72,2024-05-07T19:40:01
1110,2022-02-26,Coach movie add break.,35976.95,12176.26,23800.69,2025-04-10T23:43:08
1111,2023-09-12,Behind argue similar occur sell teacher.,29238.33,33350.56,-4112.23,2023-09-09T12:32:32
1112,2025-07-12,Play before policy method.,12427.59,477.50,11950.09,2021-09-08T16:24:54
1113,2024-09-09,Magazine indicate call responsibility.,26339.58,14130.33,12209.25,2025-06-08T11:11:24
1114,2024-08-11,Current rock central piece box major.,43898.82,38351.59,5547.23,2021-01-31T05:31:19
1115,2022-10-20,Computer cause reflect cell.,10255.09,24718.81,-14463.72,2025-01-10T06:01:44
1116,2020-11-03,Least lay candidate each read government because.,6194.69,37994.48,-31799.79,2025-03-11T21:43:01
1117,2024-04-05,Word politics late fill few.,5580.32,32630.31,-27049.99,2023-09-03T01:12:05
1118,2022-08-05,Oil bring though east public.,37030.17,7432.15,29598.02,2021-03-10T01:55:16
1119,2021-07-05,Material green lay customer American table half cost.,18789.21,2163.39,16625.82,2023-05-24T03:12:15
1120,2023-01-31,Purpose morning standard information.,326.19,39820.55,-39494.36,2024-04-27T20:09:41
1121,2022-12-08,Decide particularly black moment style.,29802.86,17854.93,11947.93,2023-03-09T10:19:56
1122,2022-01-10,For personal break player respond.,18618.82,24983.80,-6364.98,2025-10-07T07:46:03
1123,2022-07-26,Exist million read decide two seven.,3725.65,17965.57,-14239.92,2022-05-12T06:37:26
1124,2021-11-16,Occur power design manage seek step consider.,27172.82,10798.27,16374.55,2020-11-20T04:08:42
1125,2025-04-06,Point cause treat fall during.,29928.40,22364.48,7563.92,2021-06-12T12:26:28
1126,2024-03-29,Prove likely official realize table blood language.,38630.41,9854.10,28776.31,2023-11-18T01:37:58
1127,2025-06-09,Guy social growth.,155.67,17770.51,-17614.84,2022-12-06T04:53:38
1128,2023-09-12,Exactly billion contain politics section.,13915.31,26000.92,-12085.61,2020-12-31T21:32:20
1129,2024-04-28,Eight power forget.,44394.85,32157.97,12236.88,2021-03-05T22:15:39
1130,2025-06-29,Between Congress teacher song course its religious.,27186.49,3828.72,23357.77,2024-02-24T16:13:38
1131,2021-10-28,Send professor interest structure born thousand impact.,39648.54,17815.49,21833.05,2022-03-06T07:06:28
1132,2025-04-29,Rise tend member benefit thought.,33557.17,22994.52,10562.65,2024-12-03T08:53:15
1133,2024-04-17,Tree sell statement top wait stock relate.,19784.43,12247.96,7536.47,2025-09-27T04:24:19
1134,2024-09-29,Animal stage teach return magazine interest another however.,18312.27,12343.46,5968.81,2024-03-02T03:24:15
1135,2024-07-14,Operation everyone particular spend wide experience.,21981.06,19531.11,2449.95,2022-10-08T03:37:01
1136,2025-05-12,Yeah strategy issue Mr together ever money.,49184.93,620.60,48564.33,2025-04-28T19:06:06
1137,2025-01-21,Range technology president song home quite reach.,45688.59,36728.72,8959.87,2025-06-04T06:50:26
1138,2021-07-06,Something phone blood travel during mention.,16095.47,37733.04,-21637.57,2024-11-24T14:42:30
1139,2022-10-07,Hot turn while.,25939.22,34162.25,-8223.03,2025-08-18T22:17:38
1140,2023-03-31,Teacher admit analysis police drug report man.,45860.97,22070.79,23790.18,2023-07-22T16:00:56
1141,2023-09-14,Civil purpose painting difficult.,5055.89,4972.75,83.14,2023-07-01T22:56:03
1142,2025-01-18,Deep health note challenge.,25558.70,26709.98,-1151.28,2021-07-30T18:10:58
1143,2022-06-28,Type area read model.,40556.28,22586.03,17970.25,2024-05-08T12:11:21
1144,2025-06-29,Provide answer black.,37301.59,20698.98,16602.61,2025-10-21T08:00:07
1145,2023-10-02,Great college car score exist three leave.,16100.56,32238.88,-16138.32,2022-07-20T23:34:32
1146,2022-01-01,Evening drive both company she black.,6814.07,36427.89,-29613.82,2022-04-10T08:01:17
1147,2022-02-13,Line as tonight standard quickly.,14016.62,19249.79,-5233.17,2024-08-26T14:04:58
1148,2025-03-28,Beat new sense necessary respond.,48764.32,30550.66,18213.66,2023-04-17T10:03:23
1149,2021-08-09,My minute organization across country husband.,48076.44,20617.81,27458.63,2021-12-03T13:28:23
1150,2023-02-28,Chair discuss especially against shake election.,36816.06,8767.27,28048.79,2022-09-06T10:18:42
1151,2025-06-03,Wish carry price cup fear.,3507.55,14843.93,-11336.38,2022-09-01T02:29:00
1152,2022-08-09,Speak discuss effort.,38507.23,4012.59,34494.64,2020-11-21T03:15:29
1153,2025-06-09,Interest window reduce place minute follow.,44212.59,32274.42,11938.17,2021-01-03T21:21:00
1154,2024-09-27,While get since serious star everybody social.,11742.91,29740.20,-17997.29,2021-11-05T04:15:55
1155,2023-04-10,Direction down age computer.,22312.41,645.48,21666.93,2022-05-19T08:26:18
1156,2025-02-24,Reflect report realize now.,20548.27,27242.52,-6694.25,2022-12-11T14:45:41
1157,2025-10-07,Record tell toward ability inside.,24670.90,25785.28,-1114.38,2023-06-10T00:14:37
1158,2022-04-16,Our never sound.,33125.06,16063.57,17061.49,2021-03-13T10:25:23
1159,2024-08-28,Other away safe opportunity whom trouble.,38277.53,9317.12,28960.41,2022-04-16T13:26:27
1160,2025-07-22,Kid be opportunity with.,4993.46,31550.68,-26557.22,2024-12-25T05:54:13
1161,2022-11-29,Music never answer heart.,3454.40,17229.96,-13775.56,2023-11-19T08:41:37
1162,2020-11-07,Wind impact full series thank stage.,4664.94,4174.09,490.85,2021-09-02T17:25:35
1163,2023-03-25,Week view foreign perform current his.,48152.46,13295.57,34856.89,2025-10-19T04:22:26
1164,2023-10-30,Mind game fight certainly prove write training.,37178.16,1022.47,36155.69,2024-01-19T03:33:24
1165,2021-04-16,Whose each role pressure wall key list draw.,12245.15,8222.47,4022.68,2021-11-28T00:30:52
1166,2025-03-28,Radio beat character write bring good claim.,5704.45,7612.52,-1908.07,2022-03-12T14:45:56
1167,2022-06-24,Water kid film old condition true notice.,34258.94,9214.63,25044.31,2025-07-04T18:43:40
1168,2025-02-19,Language well instead deal follow.,24644.73,3086.96,21557.77,2021-08-07T23:07:54
1169,2024-05-12,We box less never above stay small.,23325.62,30958.28,-7632.66,2024-11-03T19:31:22
1170,2023-04-26,Loss list necessary such down various rest.,10745.47,22889.46,-12143.99,2023-12-08T18:59:45
1171,2021-04-15,Light rise player indeed bring figure.,32606.52,1099.26,31507.26,2023-07-01T15:22:47
1172,2023-06-06,Commercial position then all.,4876.13,21538.09,-16661.96,2021-12-18T19:27:58
1173,2021-12-09,Travel name again.,6856.32,2033.79,4822.53,2021-05-28T04:15:31
1174,2021-08-23,Air age although way project live.,728.38,39398.62,-38670.24,2023-04-16T11:00:00
1175,2023-07-12,Administration cost ok themselves main begin fight.,18553.43,5183.61,13369.82,2025-02-01T08:40:28
1176,2021-07-09,Add visit glass.,23840.90,32258.04,-8417.14,2024-03-10T14:38:20
1177,2024-12-14,But him chance marriage image high.,19557.69,33125.02,-13567.33,2022-04-17T22:03:31
1178,2025-07-07,Black page no party then.,22438.29,27710.91,-5272.62,2022-06-01T09:07:16
1179,2021-05-09,Write support record street.,6348.94,17263.96,-10915.02,2022-10-21T17:16:33
1180,2024-01-02,On two program.,13500.82,19127.27,-5626.45,2022-04-05T06:37:06
1181,2023-03-10,Small talk sometimes surface performance rest smile material.,7371.56,35163.13,-27791.57,2022-05-06T16:48:38
1182,2021-06-27,Season writer star TV before.,46049.12,2424.79,43624.33,2021-11-26T12:42:44
1183,2024-05-19,Able argue music call near scene girl effort.,21229.98,13139.01,8090.97,2021-09-17T03:29:16
1184,2021-12-14,Foreign force director small work improve small.,6720.08,26422.81,-19702.73,2024-01-08T14:35:25
1185,2023-06-16,Lot number local.,1203.87,28660.17,-27456.30,2023-01-02T10:29:30
1186,2021-06-15,Bill impact why story.,10942.17,32282.73,-21340.56,2024-06-15T21:42:05
1187,2021-07-01,My out operation special practice.,47002.56,24970.87,22031.69,2021-08-22T12:13:37
1188,2023-08-26,That phone condition message.,5982.36,969.15,5013.21,2023-09-26T15:49:41
1189,2024-04-04,Serve same share television idea.,22514.81,6356.27,16158.54,2023-11-03T07:50:28
1190,2024-01-16,Camera tell experience popular toward.,44868.80,29130.30,15738.50,2024-12-10T11:16:01
1191,2021-03-30,System past crime military.,31069.92,19067.44,12002.48,2023-11-13T06:36:35
1192,2024-08-14,Culture admit population include.,40635.20,38787.78,1847.42,2022-10-17T06:48:29
1193,2022-06-22,Other nature concern suggest Congress nor.,1134.70,9366.18,-8231.48,2024-12-15T22:54:56
1194,2021-09-15,Network appear amount.,34766.17,28068.69,6697.48,2024-09-29T06:26:25
1195,2021-02-25,Cold type despite term.,558.70,39140.30,-38581.60,2022-06-26T09:16:49
1196,2023-10-23,Call economic assume that weight organization.,4935.80,24179.62,-19243.82,2021-06-02T23:39:59
1197,2024-04-28,Enter spend organization operation them staff.,40111.38,38689.01,1422.37,2025-01-08T03:17:49
1198,2025-03-16,Game you understand show forward situation.,20720.58,34387.96,-13667.38,2022-01-10T16:08:17
1199,2022-08-27,Boy main decade minute oil.,46876.90,29898.36,16978.54,2022-03-05T05:05:58
1200,2023-12-26,Smile if opportunity south soldier garden.,13883.97,17417.41,-3533.44,2022-08-29T09:36:22
1201,2024-09-22,Avoid man relationship boy not.,47573.10,17867.93,29705.17,2021-05-28T21:31:03
1202,2022-06-06,Board share carry sell star say white.,49843.17,27880.90,21962.27,2022-02-28T01:21:13
1203,2022-11-02,Democratic range its perhaps common.,26931.47,3177.70,23753.77,2022-08-09T05:26:09
1204,2025-06-22,Like Democrat key help political.,36457.27,10541.60,25915.67,2023-08-04T13:12:13
1205,2023-02-02,Necessary same go office.,49802.66,1344.65,48458.01,2025-01-09T02:32:04
1206,2022-12-27,Top material answer drug.,15729.71,2221.27,13508.44,2025-09-20T08:01:27
1207,2023-11-06,Stay government list executive similar.,47887.42,14462.52,33424.90,2025-06-19T13:15:14
1208,2023-03-22,Issue mother turn huge.,4246.04,35741.98,-31495.94,2022-11-24T15:00:20
1209,2022-06-23,Here prove strategy middle gun write.,18495.19,27620.31,-9125.12,2023-10-09T12:28:27
1210,2024-02-22,Policy buy rise have.,16291.54,19373.82,-3082.28,2025-01-22T19:51:01
1211,2025-06-05,Consumer foot good reach under simple.,49347.00,384.79,48962.21,2022-11-30T02:26:55
1212,2024-05-13,Within painting region plan cost player institution.,39353.19,1940.13,37413.06,2023-09-10T19:23:48
1213,2024-12-26,Politics must impact lead together suggest.,36467.26,25839.54,10627.72,2021-01-21T05:28:43
1214,2021-09-04,Want rule cup these late away upon.,39944.62,24056.73,15887.89,2025-03-31T19:15:14
1215,2021-01-29,Per figure theory study recently many Mr raise.,29837.63,9709.38,20128.25,2022-07-11T09:11:33
1216,2022-03-13,Do group interest defense.,46237.78,961.47,45276.31,2022-02-05T22:17:05
1217,2021-09-06,Similar product us ability.,11203.84,10299.80,904.04,2023-02-26T03:37:55
1218,2020-11-21,Commercial production short decide record.,31383.55,12128.86,19254.69,2024-12-11T05:56:39
1219,2025-01-09,Goal quickly cold social.,1663.46,29509.07,-27845.61,2022-02-05T21:08:55
1220,2021-12-23,Program health position quickly prove religious appear.,26942.21,15503.94,11438.27,2023-12-01T21:48:54
1221,2024-02-10,Reason add risk within.,23937.75,22836.45,1101.30,2024-02-24T22:19:58
1222,2025-06-11,Hope film fish whether top wonder.,42145.20,31337.12,10808.08,2021-02-28T08:51:51
1223,2021-10-11,Manager human on soldier home.,13588.45,17335.73,-3747.28,2021-03-03T08:45:17
1224,2023-05-04,Ok clear pay compare claim job assume picture.,15466.46,10295.32,5171.14,2022-09-10T18:56:53
1225,2023-06-21,Agent parent foot artist.,48813.66,542.06,48271.60,2022-05-29T14:09:20
1226,2025-07-19,I score close business.,44473.00,1496.40,42976.60,2021-07-10T18:49:27
1227,2023-03-19,Smile push question meeting guess.,14644.44,16493.75,-1849.31,2022-12-31T19:49:50
1228,2025-09-01,Wide book current surface evening TV hundred.,42462.74,10076.77,32385.97,2025-06-20T22:41:02
1229,2023-08-16,Rock reality deal organization.,23098.10,21136.92,1961.18,2025-10-23T12:58:47
1230,2025-07-30,Camera other system herself majority only.,10552.82,29271.87,-18719.05,2024-10-18T10:51:13
1231,2021-11-17,Go only example book treatment pay my.,26774.47,17628.79,9145.68,2025-03-25T09:06:28
1232,2022-07-23,Center significant while back away.,8519.80,16251.52,-7731.72,2021-09-27T05:35:00
1233,2023-09-06,Father news draw way again.,14102.70,35807.20,-21704.50,2020-11-18T14:58:56
1234,2023-05-24,Man soon staff something because image really.,29048.10,5678.76,23369.34,2021-05-09T20:48:17
1235,2022-11-22,No future eat land responsibility off maybe east.,14101.07,16999.96,-2898.89,2021-05-23T19:03:50
1236,2022-06-18,After ability its production young might low.,15812.79,16882.07,-1069.28,2025-05-09T01:59:29
1237,2021-01-07,Skin pattern can people give number.,4157.78,7696.64,-3538.86,2024-12-27T03:50:52
1238,2022-08-28,Recent indeed collection daughter debate.,1976.14,18820.51,-16844.37,2022-04-02T09:49:22
1239,2023-02-18,Cultural heavy support move light consider.,16570.08,3164.80,13405.28,2021-11-08T01:04:19
1240,2021-11-07,Everyone use may although public future will.,49387.02,4484.21,44902.81,2022-10-18T08:19:42
1241,2021-10-21,Energy store guy yard side always food.,33379.38,4270.69,29108.69,2020-12-29T12:00:43
1242,2025-08-21,Carry training character size maybe maintain.,40721.39,14116.16,26605.23,2021-03-19T06:39:47
1243,2024-03-11,Policy owner specific design network.,34063.20,14914.63,19148.57,2025-03-07T17:09:30
1244,2023-07-10,For hope lot with color where lose.,27843.64,4700.07,23143.57,2022-06-29T00:57:53
1245,2023-06-11,Option energy identify environmental trial leg.,28307.21,24066.50,4240.71,2025-07-13T13:23:14
1246,2022-11-02,Whatever sister fire nature receive analysis.,15413.78,4353.98,11059.80,2025-04-10T08:22:51
1247,2021-11-27,Defense over course however.,47004.16,17567.70,29436.46,2020-11-08T08:50:38
1248,2025-02-02,Appear notice speak thank although partner would.,41909.05,34012.46,7896.59,2025-04-21T03:21:31
1249,2024-04-18,Tree successful relate anyone movie.,38794.13,10268.91,28525.22,2021-01-03T10:41:10
1250,2025-05-17,Unit price beautiful age boy.,31597.68,27350.51,4247.17,2021-03-18T00:00:19
1251,2021-07-11,Because politics anyone way son bad.,24051.36,32158.13,-8106.77,2020-12-10T07:54:45
1252,2020-11-13,Budget magazine information anyone once wrong show.,42837.82,38825.45,4012.37,2025-10-07T00:05:33
1253,2021-11-02,Catch away see response reveal.,33065.20,35123.77,-2058.57,2023-04-20T06:17:49
1254,2023-11-24,Want drug get lawyer bad.,40927.93,33326.07,7601.86,2021-12-22T18:06:30
1255,2021-06-11,Production cold concern card grow.,5076.15,1594.78,3481.37,2021-07-21T01:20:45
1256,2023-06-28,Movement tax budget.,48121.00,9147.98,38973.02,2021-01-30T19:01:34
1257,2022-01-13,Marriage nation glass exist summer sure simple guy.,41149.47,28023.54,13125.93,2021-12-22T19:40:55
1258,2020-12-07,Leave investment try magazine.,6081.99,18342.66,-12260.67,2023-04-28T06:22:08
1259,2022-02-04,Front among line view sort form.,23590.50,6486.46,17104.04,2021-11-24T03:18:56
1260,2020-12-16,Town soldier tough human anyone media.,15364.46,15030.12,334.34,2025-09-05T18:07:27
1261,2023-02-05,Raise news image marriage.,20664.74,10159.18,10505.56,2021-07-11T16:04:25
1262,2025-08-07,Her according husband police road writer.,14626.21,15188.98,-562.77,2024-07-10T22:19:41
1263,2025-08-23,Blood first price.,20971.02,14618.95,6352.07,2022-11-15T05:06:14
1264,2023-10-11,Build fall protect beyond ball movie picture dog.,47417.70,20203.05,27214.65,2025-07-01T18:11:09
1265,2023-08-24,Wear performance feel each night certain.,45128.18,7200.53,37927.65,2024-03-22T22:35:19
1266,2021-10-14,Choice responsibility shake face discussion section.,34159.19,3359.90,30799.29,2021-10-12T14:38:20
1267,2022-03-18,Tonight center suggest.,33213.84,9117.21,24096.63,2023-01-03T00:13:34
1268,2023-09-05,May just contain.,25424.42,30905.80,-5481.38,2023-10-14T23:38:47
1269,2025-09-03,Apply stop parent watch.,43340.56,34247.04,9093.52,2021-12-06T21:23:29
1270,2024-11-21,Character for discover into most.,39758.08,34557.86,5200.22,2020-11-30T08:18:33
1271,2021-05-22,General treatment walk marriage.,31635.76,10874.25,20761.51,2023-06-16T17:32:22
1272,2022-08-28,Suffer language heavy son break.,37294.01,27227.85,10066.16,2025-09-14T21:34:47
1273,2022-04-09,Rest security voice prove.,38371.19,37341.51,1029.68,2021-01-18T16:03:00
1274,2021-04-15,It point people notice until.,29784.84,28409.64,1375.20,2024-06-30T05:18:31
1275,2021-03-14,Cup own enter alone stock century onto.,39057.02,18302.34,20754.68,2025-08-12T14:13:35
1276,2025-03-01,Place true agree around.,35851.98,39165.32,-3313.34,2022-11-09T08:55:50
1277,2022-11-21,Medical man unit world wall impact machine.,4615.84,34367.84,-29752.00,2024-06-25T11:31:45
1278,2022-03-15,Win think role month.,45772.43,11973.49,33798.94,2024-04-11T01:13:07
1279,2025-08-02,Around sister alone candidate brother risk.,26513.63,36833.09,-10319.46,2024-06-14T12:39:02
1280,2022-11-29,Check source sell me exist loss.,49622.67,800.61,48822.06,2025-05-02T01:31:41
1281,2024-07-15,Total a ball realize public.,248.31,26421.98,-26173.67,2023-01-01T21:21:31
1282,2025-09-07,Receive certainly so study.,19224.45,34029.43,-14804.98,2022-03-07T07:40:24
1283,2022-06-10,Owner finish recent cultural in.,43196.72,10202.75,32993.97,2021-01-14T10:08:52
1284,2021-08-17,Family address over board.,20258.86,35278.77,-15019.91,2024-12-23T20:49:54
1285,2021-09-24,Meet region ten.,39777.89,6186.68,33591.21,2022-06-04T15:12:13
1286,2024-02-05,Yet move executive service point mother.,37438.80,22414.00,15024.80,2025-04-22T01:03:18
1287,2020-12-29,Investment kitchen management offer test reveal north.,42150.03,20125.50,22024.53,2022-09-18T08:05:07
1288,2020-11-06,Service first away continue eye fill.,28007.49,25760.79,2246.70,2023-06-08T20:42:17
1289,2022-09-29,Down a region her product.,23829.54,9756.20,14073.34,2023-03-19T17:02:42
1290,2022-04-13,Moment use picture budget.,19864.86,25543.99,-5679.13,2023-02-19T02:17:30
1291,2023-01-17,Sense shake none become.,40277.23,16722.48,23554.75,2025-01-22T19:44:47
1292,2025-07-30,Daughter despite affect company prove century president.,12732.17,22886.76,-10154.59,2023-01-05T05:44:38
1293,2025-04-09,Contain action trial painting itself employee however.,46261.66,18110.57,28151.09,2021-01-16T21:27:49
1294,2025-03-30,Large what form.,2264.33,9929.26,-7664.93,2021-02-18T08:34:35
1295,2022-09-19,Democratic back garden skill drug ago article.,42823.46,14024.44,28799.02,2021-02-01T02:57:40
1296,2025-01-31,Firm land more agent keep.,28145.14,34200.11,-6054.97,2024-12-01T23:45:18
1297,2024-06-29,Doctor want bit style hand.,22728.92,16938.18,5790.74,2023-10-19T07:20:06
1298,2021-11-30,Certainly stand treatment health fish executive know.,42334.02,22865.99,19468.03,2024-01-16T17:06:33
1299,2021-03-06,Trial knowledge physical movement no at then kind.,15330.57,17408.68,-2078.11,2021-04-22T18:46:51
1300,2024-07-09,Industry baby forward might.,22886.55,17004.12,5882.43,2021-10-24T00:13:24
1301,2022-02-26,Common director environmental garden sport.,47519.87,30141.98,17377.89,2024-08-20T06:27:35
1302,2024-09-07,Consumer student blue down forward while ground.,34603.61,3264.57,31339.04,2023-03-07T06:28:11
1303,2021-12-15,Education seek audience minute.,6024.57,7589.06,-1564.49,2021-12-30T13:54:53
1304,2024-12-06,Skill prepare where would total back.,18239.05,15221.92,3017.13,2021-02-13T14:04:14
1305,2025-05-01,However crime everything issue result left yes.,12655.92,13700.46,-1044.54,2025-10-30T02:23:33
1306,2025-02-07,Evidence college ability can structure hair other to.,32891.05,24448.56,8442.49,2023-06-18T14:32:02
1307,2024-06-01,Statement test shoulder place.,5661.20,17409.14,-11747.94,2023-01-24T21:11:32
1308,2023-05-22,Explain heart school measure bank.,28968.54,33818.46,-4849.92,2024-10-29T00:18:30
1309,2023-08-30,Of society onto include likely.,42341.60,21237.89,21103.71,2022-10-10T04:08:12
1310,2022-10-13,Discover moment kitchen ago measure.,17751.84,30080.99,-12329.15,2022-02-28T01:13:05
1311,2024-10-08,Whom pretty research leader share item investment.,22374.98,23006.48,-631.50,2024-05-30T08:46:30
1312,2025-07-12,Sort much occur item necessary race.,1307.90,14990.72,-13682.82,2021-08-03T15:01:43
1313,2025-04-28,Rate TV before agreement.,32630.09,29346.36,3283.73,2022-02-09T02:24:15
1314,2024-09-19,House because will against must carry.,10627.85,35641.80,-25013.95,2025-04-27T06:05:01
1315,2022-06-11,Performance fish real level blood black person.,29560.71,26836.30,2724.41,2025-04-18T13:26:03
1316,2022-10-14,Pay describe lay minute gas similar say.,49014.47,19397.47,29617.00,2023-05-15T16:57:26
1317,2024-11-21,Education free Mr debate appear score change ask.,33078.70,34228.85,-1150.15,2024-09-17T15:36:27
1318,2023-01-14,War political option side.,39254.85,19098.73,20156.12,2024-02-27T21:33:14
1319,2022-08-04,Institution daughter customer easy mother business TV.,24065.92,32995.33,-8929.41,2025-02-27T06:09:20
1320,2020-11-11,Window protect live.,5549.16,1361.99,4187.17,2025-05-06T21:50:11
1321,2023-10-15,Finish apply trial view.,40247.94,33834.81,6413.13,2025-05-24T14:48:11
1322,2024-07-23,Local sea quite since case everything Republican.,23403.52,37009.57,-13606.05,2020-12-25T09:34:43
1323,2022-01-13,Everything a box car relate.,6738.46,14607.59,-7869.13,2021-12-01T05:45:37
1324,2025-07-10,Me wife song speak.,47581.85,730.87,46850.98,2023-08-08T10:59:28
1325,2022-08-25,Somebody those me speak.,4277.59,14741.12,-10463.53,2024-05-02T23:55:05
1326,2024-10-04,Heavy understand everybody child bill show.,14104.94,24708.08,-10603.14,2025-02-15T13:09:26
1327,2021-03-26,Price establish share speech letter significant.,1789.05,33228.95,-31439.90,2022-12-20T16:36:13
1328,2023-12-09,Its half report already wind provide once someone.,31045.51,24919.46,6126.05,2022-04-23T20:52:45
1329,2024-10-22,Same get ability anything.,26911.36,18331.64,8579.72,2024-07-07T09:48:09
1330,2023-09-01,Stage tell usually hit manager sing clearly.,16188.46,14808.09,1380.37,2024-02-10T17:52:33
1331,2025-10-16,Modern institution other would idea hotel.,49668.08,8658.78,41009.30,2025-04-14T09:34:12
1332,2022-12-16,Single go four where play.,12916.83,36258.14,-23341.31,2024-08-08T20:20:13
1333,2025-09-15,Fund significant grow central arrive.,46689.64,21982.98,24706.66,2023-11-09T01:56:37
1334,2023-10-22,Compare style respond thank wear course trial whom.,17846.83,29302.51,-11455.68,2024-12-16T16:58:13
1335,2023-02-15,American product whole individual Congress.,35475.94,26179.83,9296.11,2024-01-23T06:07:08
1336,2023-07-18,Make activity ground federal drive.,19518.81,33337.83,-13819.02,2021-10-30T16:05:04
1337,2020-12-24,Figure federal wear gas and.,37641.80,16400.02,21241.78,2021-05-15T22:14:51
1338,2021-02-28,Wife pick executive develop pressure.,12101.29,13530.56,-1429.27,2021-06-07T21:10:48
1339,2023-06-09,Fire old southern so.,13574.35,7349.77,6224.58,2021-02-15T18:50:01
1340,2023-05-06,Say cup either election.,35429.12,39313.78,-3884.66,2025-04-26T17:27:01
1341,2022-07-11,Class southern money key interesting.,1319.23,22611.71,-21292.48,2023-02-12T18:54:03
1342,2021-12-03,Value trade he set recently by practice.,17073.06,8632.65,8440.41,2022-10-22T00:34:54
1343,2023-06-12,Course pretty forget remember.,493.22,17972.71,-17479.49,2021-08-09T10:58:01
1344,2021-07-17,Police article action degree citizen.,23521.04,29349.23,-5828.19,2021-07-19T17:55:06
1345,2025-05-26,Outside star year drive.,6537.05,25001.10,-18464.05,2022-07-16T12:30:29
1346,2023-10-13,Shake such college point small inside ball.,34776.06,5716.41,29059.65,2024-03-12T12:39:29
1347,2024-10-28,Actually white indicate them always lawyer everyone.,19453.67,13079.39,6374.28,2020-11-29T05:46:26
1348,2021-05-30,Significant part world expert usually.,25375.49,22252.40,3123.09,2021-05-15T13:38:49
1349,2024-04-04,Season theory however prove great production do source.,3009.56,28695.54,-25685.98,2020-11-13T16:11:10
1350,2021-01-02,Table put interview say deep country three.,29053.43,10908.09,18145.34,2025-04-18T23:48:06
1351,2025-03-02,Sense remember money movement government.,46919.38,6303.64,40615.74,2022-11-29T06:57:32
1352,2024-02-26,Lead increase evening dream participant over office office.,44070.12,39300.56,4769.56,2025-07-22T18:06:00
1353,2025-02-02,Beat reality everything others.,40845.33,914.03,39931.30,2021-11-09T16:35:51
1354,2020-12-19,Value pass above tree every.,20487.42,16946.76,3540.66,2024-12-10T01:45:09
1355,2022-02-15,Prevent dog long office.,30506.38,1244.51,29261.87,2025-01-01T17:35:14
1356,2022-12-21,Church physical control office.,31811.06,31114.73,696.33,2025-09-19T11:50:03
1357,2020-12-21,Suggest cold evening specific necessary early.,21758.94,35005.61,-13246.67,2021-03-20T14:28:54
1358,2022-07-31,Federal industry child thousand director.,13210.14,6899.17,6310.97,2024-10-04T17:14:26
1359,2021-11-30,Bad season he area decision try science live.,45223.43,24002.65,21220.78,2024-03-13T04:29:01
1360,2022-10-07,What could little turn.,41190.85,39526.62,1664.23,2023-08-17T02:20:27
1361,2024-01-25,Necessary peace large air issue show authority life.,9827.30,14414.35,-4587.05,2022-02-03T23:23:06
1362,2024-10-24,Pm address energy part different as explain.,2831.65,19277.84,-16446.19,2023-04-22T22:56:34
1363,2022-10-11,Difference character let section long.,41552.19,32078.72,9473.47,2021-05-03T02:11:36
1364,2023-02-20,Decision consider amount notice defense other message.,21617.60,8957.37,12660.23,2023-12-28T20:20:17
1365,2023-04-05,Cold participant adult represent whatever.,24786.52,31237.17,-6450.65,2022-12-27T20:50:14
1366,2023-12-10,Ball first why cultural economic fund management business.,34038.16,10241.94,23796.22,2025-06-14T07:13:18
1367,2022-03-29,View change green always fund edge.,13909.67,4246.84,9662.83,2025-06-16T19:04:29
1368,2025-07-07,Education hotel ten must central.,49687.52,22570.05,27117.47,2025-01-07T10:44:44
1369,2025-06-20,Level fine onto.,3231.48,4467.85,-1236.37,2024-09-14T09:35:34
1370,2021-06-26,Cut minute station food data hand.,9652.23,27214.15,-17561.92,2023-09-05T20:09:16
1371,2022-02-12,Positive own foot tend hundred.,29097.10,868.27,28228.83,2024-12-24T18:15:57
1372,2024-04-06,Interview affect past four particularly he agency PM.,41817.74,18829.45,22988.29,2025-04-25T16:30:20
1373,2024-10-01,Low chance build.,8680.00,24295.39,-15615.39,2022-02-16T07:05:47
1374,2023-10-30,Guess ball after building modern huge six.,17213.42,3964.34,13249.08,2022-10-31T03:02:21
1375,2024-05-31,Can center only this what.,30321.90,13947.33,16374.57,2024-05-27T15:52:40
1376,2021-03-19,Believe service gun their citizen little magazine paper.,30652.45,21206.50,9445.95,2023-01-01T16:14:22
1377,2023-12-24,Beautiful window western able should.,24017.91,20384.99,3632.92,2021-10-08T19:29:08
1378,2025-09-13,Pull community above car.,10407.98,19129.95,-8721.97,2024-01-10T18:33:03
1379,2022-07-18,Walk with season space increase court moment.,2304.05,20955.43,-18651.38,2023-10-18T16:57:31
1380,2024-02-25,So table wide ever study.,9833.83,30168.58,-20334.75,2024-09-24T02:44:19
1381,2022-07-30,Shake arm ground.,37476.53,32993.10,4483.43,2021-08-27T00:30:07
1382,2021-08-19,Right guy visit high effect PM improve.,28975.86,5656.76,23319.10,2025-09-25T22:21:04
1383,2021-09-16,Message specific might decide.,47347.09,19213.01,28134.08,2020-11-04T19:23:52
1384,2022-05-22,Very others no however per listen between note.,11584.92,33248.08,-21663.16,2025-02-03T08:15:56
1385,2023-07-20,Little land them end.,21609.80,34418.33,-12808.53,2023-04-26T03:45:55
1386,2024-02-24,Senior bit by food better.,8779.52,31201.55,-22422.03,2024-10-24T11:05:49
1387,2023-01-30,Discuss management once to rich rich letter.,31175.89,3906.76,27269.13,2023-04-12T21:02:56
1388,2024-10-22,Peace hundred order crime blood case down.,189.04,27868.16,-27679.12,2021-12-04T09:05:39
1389,2023-08-11,Customer might process same.,33637.03,25548.34,8088.69,2021-07-03T16:04:46
1390,2021-05-12,Day manage only ok.,45381.33,24526.91,20854.42,2025-07-21T11:17:33
1391,2025-07-07,Important summer front.,5899.18,27770.61,-21871.43,2025-10-31T19:08:08
1392,2021-11-01,Seem large government develop Democrat.,28618.15,12021.09,16597.06,2024-04-06T19:08:11
1393,2023-04-18,Loss play whatever face business much.,45055.59,1577.06,43478.53,2022-12-04T23:19:05
1394,2023-03-25,Amount help institution project visit high style time.,3408.57,4279.15,-870.58,2024-04-14T00:35:12
1395,2022-03-28,Majority clearly hotel successful campaign agent.,7784.49,18485.90,-10701.41,2022-01-19T18:53:50
1396,2022-07-21,Even thought win at point step open buy.,29977.65,3777.28,26200.37,2022-01-25T12:53:32
1397,2024-04-11,Trouble article spend near town can player.,21732.29,14289.11,7443.18,2023-01-17T20:39:25
1398,2023-01-25,Degree miss reveal blue drug address these.,17443.92,39091.39,-21647.47,2021-10-12T03:44:40
1399,2024-05-10,Better travel traditional.,32676.22,1099.78,31576.44,2023-07-15T05:31:07
1400,2025-08-12,With social less admit.,9428.29,9219.53,208.76,2024-06-29T04:54:15
1401,2021-12-27,Claim billion economic throw stuff activity green.,40680.07,29973.86,10706.21,2022-04-04T06:06:56
1402,2021-05-19,General bank agency research sign.,2978.00,14697.58,-11719.58,2022-12-17T10:03:36
1403,2020-11-05,Campaign participant north house.,47602.53,39354.55,8247.98,2023-09-26T12:32:01
1404,2021-11-13,South civil rock management apply generation.,33998.81,25852.14,8146.67,2025-02-09T18:43:38
1405,2025-09-28,Attack wife perform available education life nation.,12690.40,8673.71,4016.69,2021-12-22T19:10:44
1406,2022-01-11,Young event off personal.,47372.29,11603.24,35769.05,2024-06-24T20:44:36
1407,2022-10-09,Commercial much agree very.,9444.24,27026.59,-17582.35,2022-02-09T10:05:50
1408,2021-05-29,Point participant chair raise stop director.,36050.54,14289.87,21760.67,2024-02-15T15:57:15
1409,2021-05-10,Can American value seem decade bad south.,43088.91,29834.08,13254.83,2024-12-20T09:16:46
1410,2025-08-03,We resource same writer building.,49873.29,35464.59,14408.70,2020-11-03T07:58:18
1411,2025-08-12,Party study with drop blood seven claim.,26495.06,11996.38,14498.68,2023-05-28T01:15:09
1412,2024-05-12,Fly never second college include worry knowledge.,12116.82,28780.25,-16663.43,2021-08-07T19:47:47
1413,2021-11-30,Reveal put type church film general have able.,12066.06,25112.33,-13046.27,2024-11-08T04:38:02
1414,2023-11-26,Generation future beyond hope friend plan day.,31495.86,12980.14,18515.72,2022-10-14T20:16:16
1415,2024-01-05,Idea cell experience show partner space.,36755.59,389.15,36366.44,2023-06-18T23:24:09
1416,2022-04-10,Usually leg clearly audience so issue.,49056.55,7172.42,41884.13,2025-07-18T08:51:34
1417,2022-10-01,Black ball seat successful various.,22427.65,31613.69,-9186.04,2025-03-13T21:22:27
1418,2024-10-23,Shoulder eight point strong any management future win.,34189.22,3172.85,31016.37,2021-05-25T17:43:41
1419,2021-07-19,Often market behind hot.,22697.43,8173.95,14523.48,2021-12-25T09:03:44
1420,2021-05-08,Page summer worry himself issue Republican in.,3731.00,6335.34,-2604.34,2021-12-17T19:47:22
1421,2025-06-08,Young ok cost key recognize surface treatment.,2329.15,33657.39,-31328.24,2023-12-31T18:58:50
1422,2023-07-29,Themselves hope enter together catch usually his.,17625.02,6317.62,11307.40,2021-12-19T19:56:04
1423,2021-08-19,Will education practice specific prepare over.,22175.71,24252.98,-2077.27,2024-09-08T04:50:18
1424,2022-10-15,Blood region impact all.,13896.04,33676.03,-19779.99,2023-06-05T03:01:49
1425,2024-05-07,Environment certain history remember.,31684.38,27022.94,4661.44,2020-11-19T17:11:07
1426,2025-04-05,Least by vote wall ground ever skin.,35147.66,9843.25,25304.41,2023-09-01T00:11:42
1427,2023-10-25,Market before industry.,23292.64,15783.00,7509.64,2023-09-13T03:33:28
1428,2022-07-14,In national many effect north game game road.,27917.55,18454.68,9462.87,2023-11-18T03:16:19
1429,2021-08-03,Foreign opportunity large increase.,35370.02,23567.35,11802.67,2024-07-02T17:53:00
1430,2025-09-09,Which sure you arm.,12029.62,20408.02,-8378.40,2022-05-07T01:40:54
1431,2025-08-24,Turn suddenly skin and minute structure.,33300.45,22775.82,10524.63,2022-10-29T05:05:13
1432,2024-03-03,Oil property service ball instead.,13420.05,23780.53,-10360.48,2021-09-20T12:42:00
1433,2023-03-21,Air Congress grow picture.,40066.83,34201.21,5865.62,2023-06-28T15:58:31
1434,2024-10-09,Simple approach beyond.,48376.15,17697.73,30678.42,2021-03-26T16:53:03
1435,2021-08-27,Deal order tough fund letter you may.,25321.27,19205.08,6116.19,2024-02-20T20:17:01
1436,2024-04-12,Note whether use identify store tonight.,24893.17,21534.97,3358.20,2021-11-30T09:46:55
1437,2025-09-10,Pattern whether season according.,45966.18,3338.60,42627.58,2022-08-29T11:44:53
1438,2021-11-28,Forget wish kind line them out.,14728.20,17724.54,-2996.34,2022-05-29T16:54:31
1439,2021-01-29,Run probably process room feeling answer.,35247.99,34277.20,970.79,2025-01-27T07:59:20
1440,2023-06-29,Of protect response executive size two.,8269.81,15086.18,-6816.37,2021-11-18T01:37:59
1441,2022-01-29,Whose share ok individual space.,31021.44,31775.10,-753.66,2022-02-16T14:27:02
1442,2021-10-26,Pattern term nation agree.,15674.80,33394.02,-17719.22,2022-10-14T22:19:09
1443,2023-02-13,Whose nearly television white few how guess.,14084.93,29746.23,-15661.30,2023-09-07T21:38:30
1444,2024-03-04,Conference computer meet sort get.,24303.85,2972.35,21331.50,2022-09-29T10:56:10
1445,2020-12-09,Short today treatment hundred he professional policy.,25689.63,5629.02,20060.61,2025-05-07T12:01:05
1446,2024-12-01,Goal trouble nor never candidate coach impact.,14283.05,10554.90,3728.15,2023-02-15T08:20:02
1447,2023-02-01,Know whether large this.,35218.26,318.06,34900.20,2025-06-08T20:26:35
1448,2022-01-26,Money appear factor student.,40283.67,22671.15,17612.52,2024-07-07T19:14:18
1449,2021-11-21,Tax operation point.,6732.56,31023.67,-24291.11,2024-04-22T09:28:47
1450,2025-01-28,View choose policy process.,13991.51,31468.53,-17477.02,2022-01-29T17:30:02
1451,2021-07-06,Mind effect smile.,12424.69,2249.16,10175.53,2023-02-21T11:13:58
1452,2022-04-20,Worry every sing them stuff during you which.,46294.88,16893.33,29401.55,2022-08-05T18:32:53
1453,2021-08-12,Sit great apply trouble camera.,21890.14,36926.51,-15036.37,2022-08-10T22:56:39
1454,2023-10-14,Be perhaps certainly.,14555.28,15826.31,-1271.03,2024-05-04T19:53:44
1455,2023-10-02,Reality side result manage.,40018.20,12714.01,27304.19,2025-10-28T14:55:16
1456,2022-08-04,However discover enough middle between page finish.,3947.38,8380.53,-4433.15,2024-02-01T14:18:51
1457,2024-01-22,Police bill they oil break quite.,10451.31,2524.01,7927.30,2022-09-11T16:24:41
1458,2025-09-06,Sound first consumer.,3973.00,35290.37,-31317.37,2022-02-01T11:01:01
1459,2025-03-11,Third above because college anyone after.,35963.80,20446.29,15517.51,2025-04-25T23:09:23
1460,2023-07-25,Born protect suffer seem what blue.,18468.93,17716.81,752.12,2022-04-08T01:33:32
1461,2022-10-20,Focus man surface it these worry know worker.,11262.40,35011.29,-23748.89,2023-08-27T23:02:30
1462,2022-01-29,Position wife young process institution carry year.,40630.62,19085.98,21544.64,2022-06-22T07:44:32
1463,2023-09-25,Major ask until thank address visit never.,34720.29,28955.98,5764.31,2023-03-10T11:18:01
1464,2024-10-27,One community democratic manage even anything involve.,35791.37,39484.04,-3692.67,2022-10-16T17:32:46
1465,2021-10-04,Age get yourself through.,34652.73,11009.28,23643.45,2023-01-28T23:38:58
1466,2021-10-18,Indeed mother theory of out nature science.,9527.90,36207.61,-26679.71,2023-11-30T08:46:57
1467,2023-01-05,Remember major community summer training like.,22550.57,16594.11,5956.46,2023-08-10T12:08:46
1468,2021-04-23,Machine Congress begin language.,1388.43,19986.75,-18598.32,2020-11-22T02:55:42
1469,2021-02-21,Discussion more different hair return test.,11660.86,7395.41,4265.45,2025-09-26T15:57:04
1470,2022-10-21,Real movie reality yeah suggest less tax.,5182.69,37329.57,-32146.88,2021-10-23T07:11:15
1471,2024-04-18,Industry ability here record wish.,49911.30,33998.26,15913.04,2023-01-18T05:21:24
1472,2023-12-12,Clear local manage bank among.,22265.24,18125.77,4139.47,2021-06-14T08:38:31
1473,2021-05-06,Charge or find teach present never.,11802.42,23822.59,-12020.17,2025-01-30T11:35:26
1474,2022-07-10,Future movement window.,40564.24,26358.61,14205.63,2021-01-08T07:22:40
1475,2024-03-17,Notice employee remain responsibility too each.,4171.37,35425.73,-31254.36,2024-10-29T08:31:36
1476,2021-08-26,Himself war clearly year.,284.62,26421.15,-26136.53,2022-06-24T01:39:39
1477,2024-01-18,National himself card too specific.,47204.53,22627.23,24577.30,2024-08-09T18:55:13
1478,2024-12-14,Cold among year risk for myself.,20686.57,3069.97,17616.60,2021-10-16T22:15:57
1479,2024-02-28,Think color much future everybody.,39944.95,22064.14,17880.81,2023-02-11T13:16:46
1480,2023-06-14,Imagine computer source building.,42642.02,36773.57,5868.45,2021-03-28T15:20:20
1481,2024-12-22,Sit clearly alone exactly.,7964.57,29038.99,-21074.42,2023-07-28T20:24:43
1482,2023-05-28,Ready local film.,44822.70,622.02,44200.68,2022-02-01T04:27:11
1483,2024-07-23,Who his bed.,4.31,3093.82,-3089.51,2024-01-10T22:27:04
1484,2024-08-02,Way pretty late ever.,26210.91,13385.58,12825.33,2021-08-07T20:01:51
1485,2024-10-04,However world fear move.,42323.79,23742.46,18581.33,2022-07-21T00:20:22
1486,2024-03-17,Region growth art force site follow right computer.,46326.93,2120.09,44206.84,2021-09-13T08:02:16
1487,2022-09-09,Staff necessary total.,45777.49,12523.69,33253.80,2024-08-14T11:21:19
1488,2023-03-10,Example brother suggest popular drug.,4250.42,38004.58,-33754.16,2023-08-31T18:08:27
1489,2020-12-19,Party safe particularly.,12477.56,21699.42,-9221.86,2021-09-18T02:23:38
1490,2023-09-14,Something clearly such lead spend every create different.,2071.30,11069.88,-8998.58,2022-04-04T12:03:35
1491,2024-12-15,Modern ago still improve.,23548.04,2565.78,20982.26,2023-06-23T18:33:53
1492,2022-04-08,Popular sing able experience nothing goal.,27855.63,34136.69,-6281.06,2022-08-05T17:25:32
1493,2022-07-08,Finish specific soldier price magazine floor leave.,49695.11,1301.74,48393.37,2022-11-18T08:32:50
1494,2024-09-07,Hotel state available blue.,15141.65,2103.67,13037.98,2024-12-28T20:26:42
1495,2022-10-05,Choose special response including health.,44709.25,29854.40,14854.85,2025-03-01T23:45:21
1496,2022-08-03,Car these wife most.,46136.20,28309.27,17826.93,2023-04-30T20:02:22
1497,2021-09-30,Just half chair should local.,28608.73,13119.12,15489.61,2021-09-12T17:55:32
1498,2023-12-07,Three account operation culture condition third technology identify.,48350.31,35770.29,12580.02,2022-05-03T20:54:00
1499,2021-09-25,Management truth data safe network.,46050.06,25085.52,20964.54,2021-08-20T07:38:20
1500,2020-11-13,Stop easy mean large.,2905.91,38565.00,-35659.09,2022-08-07T09:41:42
1501,2024-01-16,Often green ask past occur class at.,24095.95,24017.01,78.94,2022-08-03T09:09:57
1502,2024-12-20,Around full itself record feel health provide.,9527.04,35547.36,-26020.32,2025-11-02T03:58:27
1503,2025-07-22,Tv wear system lay budget west.,43120.36,31867.65,11252.71,2023-06-22T19:56:10
1504,2020-12-20,But edge early major identify age.,49058.42,19775.79,29282.63,2021-09-16T05:43:24
1505,2024-12-23,Instead their brother short authority really.,24236.75,17480.85,6755.90,2023-02-07T04:10:57
1506,2021-06-07,Point and one including upon best.,2484.27,13093.38,-10609.11,2022-07-28T16:42:58
1507,2023-07-26,Seven start beyond heart region concern action.,45638.39,33707.18,11931.21,2025-10-20T10:21:50
1508,2024-10-20,World away coach.,16614.35,5986.76,10627.59,2021-01-04T15:44:57
1509,2023-11-25,Involve range well simply suggest man lawyer not.,23609.76,329.20,23280.56,2022-07-22T16:24:08
1510,2022-11-06,Keep explain would partner able pretty size.,13668.24,7178.49,6489.75,2021-02-03T08:43:16
1511,2021-06-22,Statement usually support choose reduce him shake.,20035.57,10437.56,9598.01,2024-11-04T16:51:24
1512,2024-06-03,Turn with realize wish happen least mean their.,2844.81,23626.52,-20781.71,2022-05-04T19:08:01
1513,2021-07-28,Begin coach country PM grow she.,13172.60,29846.48,-16673.88,2023-03-03T06:46:49
1514,2025-07-29,Off free American yourself hit argue.,25011.62,30274.85,-5263.23,2020-11-20T19:59:49
1515,2021-03-22,Analysis pretty instead.,39018.02,30403.26,8614.76,2025-08-22T22:31:25
1516,2021-07-23,Stuff use garden idea.,16875.48,10314.10,6561.38,2021-06-12T23:44:39
1517,2022-05-25,Nor them team mission black black traditional.,5294.69,20728.91,-15434.22,2021-01-13T18:59:18
1518,2025-02-22,Different safe compare song.,24932.14,19959.96,4972.18,2024-09-07T09:05:26
1519,2024-10-26,List fear design herself activity kind vote.,39666.72,12004.37,27662.35,2024-08-07T21:10:29
1520,2021-10-18,When skin from mean stay talk.,27903.76,31549.46,-3645.70,2022-11-11T17:03:49
1521,2023-03-21,Get mean cold while back where image.,19134.12,14763.76,4370.36,2023-08-06T05:42:43
1522,2021-09-21,Owner throw whose billion page today sell level.,27816.93,37890.01,-10073.08,2020-11-03T15:43:26
1523,2021-10-22,Strategy cup build attack represent else seat.,28376.12,26846.57,1529.55,2025-07-30T11:15:27
1524,2022-12-15,Local series game.,43140.46,14164.84,28975.62,2021-01-17T12:43:00
1525,2025-02-21,Many reality during and nothing good.,24505.46,22266.31,2239.15,2023-10-21T21:05:40
1526,2022-03-27,Set of century institution model similar know.,20074.67,29520.68,-9446.01,2024-09-25T18:41:54
1527,2023-01-19,Interesting take information war letter send.,19070.82,38298.92,-19228.10,2021-08-09T11:05:52
1528,2023-09-27,All travel ten parent data.,44379.27,10506.13,33873.14,2021-09-03T15:00:35
1529,2024-08-13,Picture maybe against community radio suddenly worry.,36706.09,3656.34,33049.75,2025-02-20T17:06:53
1530,2024-03-10,Take remain region area least sing.,14949.93,39341.83,-24391.90,2021-04-15T19:34:35
1531,2024-01-08,Later contain strategy surface.,37329.96,24965.25,12364.71,2023-10-04T19:05:52
1532,2022-12-07,Then dream thus sea.,46218.03,30630.13,15587.90,2021-08-30T18:34:02
1533,2025-02-09,Why whatever born certainly table box.,37436.00,19747.41,17688.59,2022-08-27T13:19:22
1534,2025-10-15,Industry benefit heavy audience difference chair hear.,31457.80,21201.39,10256.41,2020-12-31T00:11:14
1535,2024-05-13,First purpose statement boy.,3029.25,13861.94,-10832.69,2023-03-23T13:53:56
1536,2024-07-09,Animal mean over which particularly student.,2181.36,13136.25,-10954.89,2024-09-26T15:59:32
1537,2021-01-13,International three past take.,6192.95,17530.20,-11337.25,2022-06-06T11:18:53
1538,2023-07-31,Area election then national situation ahead.,25589.90,16602.04,8987.86,2021-03-01T21:25:36
1539,2022-01-04,North different process meeting particularly somebody significant.,38545.42,7071.17,31474.25,2025-08-20T06:17:19
1540,2025-08-10,Stand life let.,25492.39,35110.64,-9618.25,2025-02-17T11:40:29
1541,2023-03-29,Cultural perhaps for energy national conference.,47368.30,17769.81,29598.49,2021-06-11T12:02:40
1542,2023-02-08,Meeting nation allow.,14665.71,10191.46,4474.25,2022-08-24T04:26:24
1543,2022-05-27,Onto list one responsibility medical.,20549.03,22537.60,-1988.57,2024-01-03T05:43:43
1544,2025-01-11,Side network social manage team more.,25245.47,11792.52,13452.95,2024-11-12T22:50:38
1545,2023-02-12,Executive among young job star on almost.,43704.88,37076.34,6628.54,2023-01-26T20:43:22
1546,2023-10-27,Vote miss meet happen character grow.,22264.26,15286.07,6978.19,2024-12-21T05:36:07
1547,2021-03-07,Moment certainly walk beyond leave know.,26948.66,17565.54,9383.12,2023-05-16T11:31:44
1548,2021-09-28,Know year simply unit enough.,530.48,17166.95,-16636.47,2021-02-05T16:27:45
1549,2021-09-08,Including soon college someone.,3890.45,10587.16,-6696.71,2024-01-19T02:27:29
1550,2021-03-17,End successful billion especially.,21296.79,23071.26,-1774.47,2024-06-10T11:00:50
1551,2021-06-29,Medical attention painting hair.,7708.07,37275.43,-29567.36,2025-08-28T23:43:47
1552,2023-04-06,Part step give.,29798.42,26022.28,3776.14,2025-04-29T20:15:07
1553,2024-08-05,Appear pull man much recognize increase.,23376.40,16444.65,6931.75,2023-01-01T03:39:22
1554,2020-11-22,Information per enter we.,5238.63,1894.86,3343.77,2025-01-24T01:50:28
1555,2025-04-25,Impact move room chance respond.,12578.77,34621.86,-22043.09,2022-09-02T15:57:06
1556,2021-03-15,Open federal assume soldier watch guess next.,39171.41,12897.84,26273.57,2025-02-10T05:50:44
1557,2024-03-24,Perform network peace better guess support citizen.,1464.81,19772.56,-18307.75,2024-11-06T07:01:09
1558,2023-10-30,Yes charge low least need.,695.12,27512.47,-26817.35,2022-05-11T10:04:36
1559,2025-07-29,Single black child management color better board.,43535.50,13914.53,29620.97,2022-08-09T06:23:11
1560,2020-11-15,Nothing result drug involve Congress provide certain dog.,48076.87,28414.35,19662.52,2022-11-22T18:29:57
1561,2021-04-23,Guy stop may deep brother.,26844.22,238.66,26605.56,2024-03-28T17:45:43
1562,2022-08-17,Tend which while sign common son reach.,44956.12,36503.58,8452.54,2021-08-25T05:15:35
1563,2022-03-17,Check discover window age public.,27679.85,7160.78,20519.07,2021-08-03T19:13:52
1564,2023-06-27,Return north wide meet.,14197.42,14708.93,-511.51,2024-10-04T00:19:54
1565,2025-04-30,More father friend later.,22827.67,4105.85,18721.82,2025-06-05T22:30:09
1566,2025-09-06,Right prevent according likely it nor.,31256.60,36839.08,-5582.48,2022-04-30T16:25:39
1567,2024-09-10,Run message although team list hotel nice science.,24110.93,1829.63,22281.30,2021-07-28T04:26:45
1568,2021-09-28,Compare capital role concern.,21393.48,5249.08,16144.40,2025-09-29T04:34:06
1569,2023-03-14,Get girl job miss safe special.,4616.98,29045.10,-24428.12,2021-04-21T16:56:36
1570,2021-02-06,Light future range item.,39919.03,7075.06,32843.97,2021-03-27T00:29:45
1571,2024-07-12,Table fire research clearly.,37986.16,11975.72,26010.44,2021-02-08T09:34:03
1572,2022-10-17,Public statement TV turn.,43206.74,10357.79,32848.95,2025-09-20T06:39:39
1573,2021-08-15,Wish message another agency could money.,533.66,25403.63,-24869.97,2024-07-14T15:59:23
1574,2021-03-05,First involve law eye.,39777.53,4429.80,35347.73,2021-04-09T18:22:22
1575,2025-09-19,Nor civil according follow doctor beat.,7922.02,38082.18,-30160.16,2023-08-26T14:16:53
1576,2025-01-23,Example could rise growth entire agency.,37266.10,24886.38,12379.72,2022-11-20T20:00:33
1577,2023-03-18,Happen above word direction instead century peace.,26736.81,7851.16,18885.65,2024-04-18T01:07:13
1578,2023-02-24,Contain watch during leave half thought audience force.,47686.79,18554.68,29132.11,2022-12-14T00:50:18
1579,2024-09-30,Good table if stand science lot a interesting.,48649.26,31405.83,17243.43,2025-08-26T03:43:21
1580,2022-11-02,Article particular upon shoulder explain somebody anything.,2719.25,20955.10,-18235.85,2022-08-16T20:04:30
1581,2025-10-01,Often water smile scientist option thought.,28811.65,6823.12,21988.53,2022-01-02T22:18:16
1582,2024-02-05,Sometimes dream campaign radio result customer a get.,38518.00,13811.70,24706.30,2022-06-27T11:25:17
1583,2022-07-30,As happy attention seem half else available.,29199.87,10704.20,18495.67,2023-12-03T07:53:41
1584,2023-03-19,Audience fish article real billion if woman.,14328.75,18612.97,-4284.22,2023-10-29T09:07:40
1585,2023-02-10,Long chair body agent focus.,43912.83,15643.21,28269.62,2023-08-22T23:38:59
1586,2022-03-09,Other in response long.,36725.72,21336.18,15389.54,2023-01-30T23:21:21
1587,2025-10-12,Must statement nor street.,43028.27,1170.26,41858.01,2022-07-23T17:18:59
1588,2020-11-11,Learn hit home training far.,8818.31,30968.33,-22150.02,2022-07-01T02:36:00
1589,2024-03-01,Represent way control economy any could executive.,17112.10,16200.19,911.91,2021-02-14T06:55:15
1590,2021-11-05,The alone through college stand to.,6452.62,21284.68,-14832.06,2022-07-23T20:51:58
1591,2021-12-05,Thank community take size.,20747.08,29719.53,-8972.45,2021-07-03T20:02:53
1592,2024-08-05,Feeling class explain yard second there.,42984.83,21588.68,21396.15,2025-01-03T13:21:11
1593,2024-08-15,Be camera it ten produce could.,7436.09,19635.57,-12199.48,2023-05-23T15:08:49
1594,2023-11-28,Table that woman pay check.,32909.00,31685.08,1223.92,2021-01-01T22:10:01
1595,2023-01-28,Stand four put kitchen six.,42495.13,34999.79,7495.34,2021-11-10T21:34:29
1596,2021-03-05,Lose her law.,8420.13,1890.62,6529.51,2025-05-01T19:50:19
1597,2025-03-15,Fact have become prevent go.,32688.53,28730.79,3957.74,2023-04-19T13:01:25
1598,2021-11-17,Stand treat air around effort act.,22883.95,9059.39,13824.56,2021-04-19T17:31:11
1599,2020-12-12,Serious author career.,18583.08,13482.04,5101.04,2024-08-02T03:21:35
1600,2024-01-13,Daughter keep word different available.,17587.12,35315.11,-17727.99,2021-01-07T06:08:48
1601,2024-02-06,Record agree man head guy decade throw.,5280.44,4929.99,350.45,2022-10-09T05:39:40
1602,2024-10-29,Ground condition total different seem act left.,21905.58,15151.39,6754.19,2025-06-04T08:53:40
1603,2021-07-15,Capital do gas reveal southern.,3844.44,28211.28,-24366.84,2021-07-22T06:26:57
1604,2022-12-05,Town good claim.,7583.67,22901.62,-15317.95,2021-02-17T16:43:11
1605,2025-09-21,When item put popular black.,43798.00,38730.95,5067.05,2022-03-02T22:23:51
1606,2021-08-17,Else price late start former morning.,27084.38,15862.70,11221.68,2021-12-27T18:16:24
1607,2024-02-25,Gas determine stuff lay down.,43673.61,7714.49,35959.12,2024-07-21T18:55:13
1608,2025-09-20,Short friend together bill range.,42794.04,2174.03,40620.01,2021-03-20T06:08:19
1609,2025-09-15,Method white money.,39027.42,9738.77,29288.65,2025-10-10T02:25:04
1610,2022-10-13,Cup continue truth option order either down.,43086.27,20537.29,22548.98,2021-06-07T15:29:46
1611,2020-12-05,Nearly particularly store left song.,9400.38,5771.74,3628.64,2021-07-10T01:00:48
1612,2025-10-27,Tonight cold window condition behavior heart put.,3030.66,5926.88,-2896.22,2022-05-14T15:46:48
1613,2024-07-06,Fact newspaper ever answer though evening occur.,16311.35,11036.31,5275.04,2023-08-11T15:41:23
1614,2025-02-08,Serve season that series appear social hold.,2300.03,21983.19,-19683.16,2024-07-16T17:11:22
1615,2024-03-11,Appear participant miss game between.,47261.88,784.80,46477.08,2021-03-22T04:35:43
1616,2021-01-22,Wonder up case indicate they.,30722.22,733.65,29988.57,2020-12-18T12:54:14
1617,2021-10-01,Over involve case most clear goal on.,21959.67,32030.27,-10070.60,2024-02-10T12:04:56
1618,2022-06-25,Theory team training different TV evening.,23154.33,8172.17,14982.16,2023-08-27T13:38:06
1619,2021-12-14,Former focus well along.,47930.39,25977.78,21952.61,2022-07-03T00:30:08
1620,2022-05-18,Truth result member feel.,27942.29,36454.53,-8512.24,2023-05-17T05:55:28
1621,2024-05-23,Result fight system environment arm street.,40861.19,21432.67,19428.52,2021-01-30T21:51:52
1622,2023-11-21,Affect threat might glass expect.,10004.48,35551.14,-25546.66,2021-03-31T22:01:08
1623,2023-03-19,Guy forget marriage sometimes low your.,44601.71,30186.77,14414.94,2023-05-24T12:05:26
1624,2025-10-27,From effort accept box health man.,49112.06,25588.88,23523.18,2021-11-10T22:15:59
1625,2021-04-03,Other well TV leg message.,21850.88,12904.53,8946.35,2021-02-13T01:36:50
1626,2022-08-02,Page task bit.,14643.65,11487.85,3155.80,2024-08-09T22:49:36
1627,2022-09-01,Hand response imagine.,48007.29,38492.08,9515.21,2022-05-26T17:52:04
1628,2024-10-25,Debate action not tell finish possible at.,42582.50,30209.86,12372.64,2021-01-20T11:44:09
1629,2021-07-18,Result today south leave because discussion.,39503.38,9257.54,30245.84,2021-04-21T04:05:50
1630,2025-09-02,Treat water make.,1366.02,232.63,1133.39,2022-03-31T22:29:00
1631,2022-02-28,Wear reduce mouth door his wear.,21529.77,9005.80,12523.97,2022-09-11T11:55:22
1632,2024-05-15,Area choice or cover cold fill one.,40596.43,33461.66,7134.77,2021-03-16T15:29:33
1633,2021-10-25,Part scene trade answer along stage white.,35728.43,52.47,35675.96,2022-10-09T18:30:46
1634,2025-06-09,Despite let wide.,26684.10,27852.51,-1168.41,2025-08-10T04:42:09
1635,2022-05-21,Third however money seven decision as including money.,47586.52,19859.96,27726.56,2024-03-09T20:33:02
1636,2022-12-08,College set performance teacher response.,1907.56,11036.79,-9129.23,2021-08-08T09:25:54
1637,2022-01-01,Happy stock avoid sometimes particularly recent reflect product.,43110.15,27329.67,15780.48,2024-09-23T12:00:28
1638,2024-06-12,Cost mention later necessary second.,23515.53,24952.75,-1437.22,2022-10-21T16:37:52
1639,2022-06-02,Yeah paper particular exist technology.,265.74,11306.12,-11040.38,2021-06-19T02:42:19
1640,2025-07-21,Example space raise out.,44178.89,39101.10,5077.79,2021-09-01T14:17:23
1641,2024-10-26,Newspaper bag ask boy painting because attack.,31772.63,37888.46,-6115.83,2021-05-15T03:40:22
1642,2021-09-29,Son establish project one site husband operation.,37378.83,32857.41,4521.42,2023-11-15T15:57:25
1643,2021-09-30,Onto person couple people successful.,2884.25,18795.60,-15911.35,2023-10-18T21:36:31
1644,2022-06-06,Mother office rich book.,6324.41,26194.15,-19869.74,2022-02-11T08:53:31
1645,2021-01-29,Rate often listen other show.,28847.49,6392.23,22455.26,2021-03-25T19:45:04
1646,2024-11-28,Stop list accept.,22772.25,10515.41,12256.84,2022-09-24T15:59:24
1647,2021-12-20,Choose impact father support summer.,5679.11,7522.91,-1843.80,2025-01-12T18:40:11
1648,2022-10-11,Program event knowledge and decision cover sense.,34281.45,30717.67,3563.78,2021-08-14T11:28:39
1649,2024-08-10,While whatever much gun continue painting system.,16032.08,25223.09,-9191.01,2025-08-01T01:38:58
1650,2024-06-04,Else commercial our threat most.,2496.67,34170.30,-31673.63,2024-12-28T11:25:34
1651,2024-09-24,Trouble big wonder.,44751.16,21816.76,22934.40,2022-10-03T19:44:25
1652,2024-10-14,Alone nature capital sport its story.,47544.93,36622.28,10922.65,2025-02-05T14:49:35
1653,2023-02-22,Beautiful early protect box heart reach hear.,16420.16,19287.88,-2867.72,2023-03-31T10:42:13
1654,2021-02-12,Spring red race actually what if sound plan.,45145.16,20317.71,24827.45,2021-01-07T16:52:52
1655,2024-12-29,Health cultural somebody detail require.,11.88,11309.98,-11298.10,2023-10-21T00:50:45
1656,2024-01-18,Official them pick pressure month.,24235.75,974.47,23261.28,2025-04-20T00:31:21
1657,2021-10-19,Project country certainly recent various idea option.,7995.68,6584.40,1411.28,2022-11-13T20:09:26
1658,2024-09-12,Opportunity blood fall strategy.,16275.14,106.75,16168.39,2021-03-28T14:58:16
1659,2023-10-17,Now six after develop hard court under agreement.,8189.83,12589.35,-4399.52,2025-07-11T21:09:17
1660,2024-11-15,Science site rock same thus draw.,9189.22,14818.06,-5628.84,2024-07-25T05:22:38
1661,2025-09-26,Car beat quite explain.,7001.77,21449.77,-14448.00,2021-01-21T09:58:33
1662,2024-11-09,Record development store agree when every but.,3648.31,33688.47,-30040.16,2023-03-29T17:49:26
1663,2022-08-01,To spring or live answer.,44918.23,4682.65,40235.58,2022-12-30T14:30:31
1664,2022-11-13,Way energy might marriage.,16473.81,10115.68,6358.13,2025-01-18T22:13:44
1665,2023-01-10,Popular race process his town if exist.,4031.03,32039.01,-28007.98,2024-03-31T23:37:08
1666,2022-03-16,Once network rest serve town want someone.,27642.89,18959.33,8683.56,2022-12-14T01:06:20
1667,2023-06-03,Next someone serious produce plan.,38038.46,30986.92,7051.54,2023-04-22T12:00:12
1668,2022-12-25,Stay Mr resource music idea theory.,672.94,14457.74,-13784.80,2024-02-28T17:53:54
1669,2022-04-13,Attention edge must keep want conference maybe down.,10413.21,34618.13,-24204.92,2022-12-23T13:31:00
1670,2023-08-18,Accept college book plant.,37308.70,4814.56,32494.14,2022-02-04T06:32:09
1671,2022-04-04,Return film ask factor government plant.,26529.92,10689.33,15840.59,2024-02-09T08:25:49
1672,2025-09-07,Pm final skill clearly.,25644.10,14354.25,11289.85,2020-11-28T19:23:38
1673,2023-10-02,Information state early plant population TV.,4629.40,11579.73,-6950.33,2022-10-19T06:12:15
1674,2024-07-22,Season east leader weight church center might career.,6358.78,38710.94,-32352.16,2025-10-15T21:24:32
1675,2021-09-20,Man prove hand year issue.,46816.07,129.65,46686.42,2023-06-30T13:29:17
1676,2022-01-08,That structure level chance.,12914.56,37001.09,-24086.53,2022-09-18T08:38:12
1677,2022-11-05,Travel themselves eye seven when food road.,48876.75,29399.06,19477.69,2022-09-12T03:20:31
1678,2025-05-20,Really real them behavior leader worry strong.,18684.09,13248.82,5435.27,2022-07-06T11:27:38
1679,2022-10-16,Bring hard forward.,29023.86,36567.98,-7544.12,2025-08-26T14:41:10
1680,2024-04-10,Yes environmental share culture side response account.,10642.05,32088.73,-21446.68,2022-03-12T05:36:58
1681,2023-03-04,Experience concern behavior seat mention dark visit.,7701.24,16286.63,-8585.39,2021-04-02T20:12:12
1682,2024-09-29,What later even send beyond.,31248.37,31383.76,-135.39,2023-07-30T13:26:17
1683,2023-03-05,Position begin design together lot party might.,19133.71,22869.80,-3736.09,2022-02-08T09:33:48
1684,2022-09-02,Pull full race sometimes crime.,45868.63,10609.14,35259.49,2024-06-07T16:17:01
1685,2025-03-21,Next official throughout people.,11306.31,18618.72,-7312.41,2022-03-13T20:15:10
1686,2022-02-20,Try name wide big inside purpose remain.,30587.59,1681.69,28905.90,2023-10-05T22:28:42
1687,2025-01-14,Might fact share by.,46783.65,26975.41,19808.24,2021-03-06T09:47:37
1688,2024-07-19,Win pattern manage her individual region PM enter.,8908.37,8146.20,762.17,2025-10-03T21:11:13
1689,2021-02-08,Increase general strategy war item window team.,2421.85,39150.41,-36728.56,2025-02-20T15:41:50
1690,2023-12-20,Money learn amount sense.,18348.38,7947.79,10400.59,2023-05-03T18:42:24
1691,2024-03-17,Believe former ok grow.,40559.93,17557.52,23002.41,2022-03-26T08:30:34
1692,2024-01-13,Language plant well forward Congress.,7435.60,33177.52,-25741.92,2024-06-12T00:18:12
1693,2022-05-11,Line because whom allow first.,42382.80,8143.43,34239.37,2022-08-01T16:57:37
1694,2025-05-11,Personal according important society senior.,10259.16,33812.73,-23553.57,2025-11-01T11:15:32
1695,2021-06-29,Ago onto several detail performance.,30782.50,5476.14,25306.36,2021-07-06T12:17:06
1696,2024-07-30,Cause activity special.,15646.89,39538.60,-23891.71,2024-01-04T07:20:42
1697,2025-05-15,Election key conference citizen class real popular.,3475.93,8873.12,-5397.19,2023-08-28T14:14:03
1698,2021-08-31,Former according movie direction whatever.,21512.69,23144.10,-1631.41,2023-04-29T04:16:59
1699,2025-06-22,Stock themselves baby later.,43481.71,17227.17,26254.54,2025-01-29T02:47:41
1700,2022-10-28,News set determine determine instead ready policy heart.,10378.11,17100.87,-6722.76,2023-07-26T02:27:56
1701,2024-11-05,Money sure which serious best.,33899.46,7798.35,26101.11,2024-02-19T23:56:35
1702,2024-09-07,Hold believe deep would keep.,32889.37,36045.10,-3155.73,2021-06-02T00:35:53
1703,2021-01-18,Attorney face put time have tough through.,48436.43,27719.35,20717.08,2024-07-23T08:10:03
1704,2025-08-15,Employee wonder beautiful movement.,29809.03,31687.90,-1878.87,2022-08-17T23:50:45
1705,2025-02-08,Save parent first now any.,18641.63,16828.52,1813.11,2025-08-25T07:50:19
1706,2022-03-20,Arrive help really through structure.,38031.48,14726.40,23305.08,2021-08-01T17:13:06
1707,2025-08-23,Improve large clear social reduce thing today.,37707.38,23346.37,14361.01,2022-01-06T08:17:54
1708,2025-07-29,Along age still cause international less.,49611.65,36645.87,12965.78,2021-11-18T16:01:54
1709,2022-05-30,Simple million way many compare.,19073.71,9308.42,9765.29,2023-08-10T04:11:30
1710,2023-06-21,Medical during mouth challenge drive performance.,32654.37,39151.47,-6497.10,2021-08-20T20:36:52
1711,2024-02-19,Without so set fish training.,26705.49,24694.77,2010.72,2020-11-15T14:08:48
1712,2022-04-10,Type either network major community establish sing impact.,28946.90,35096.30,-6149.40,2025-01-10T14:12:23
1713,2025-01-31,Resource forget social how.,39052.79,9594.14,29458.65,2025-03-11T19:19:42
1714,2025-03-07,Other look realize.,33689.43,1854.74,31834.69,2024-06-27T05:22:58
1715,2021-09-01,Lawyer agree fly political.,9923.78,11247.64,-1323.86,2024-12-23T12:29:12
1716,2022-11-02,Chance operation energy development medical set.,40522.49,8407.64,32114.85,2025-04-12T16:42:22
1717,2024-01-17,Church almost ground customer career.,40646.83,27660.07,12986.76,2022-03-17T06:22:03
1718,2021-09-25,Force foreign anyone six prepare let raise.,26257.69,30356.03,-4098.34,2022-10-25T23:27:42
1719,2022-06-01,Son tell difference left foreign rich.,5182.24,22799.89,-17617.65,2025-04-12T19:38:43
1720,2024-12-23,Plan open serious measure local your see notice.,203.37,5807.03,-5603.66,2025-04-24T05:41:07
1721,2025-02-16,End travel must policy lawyer full development affect.,1354.73,29051.29,-27696.56,2025-01-23T04:09:09
1722,2023-08-13,Century blood human also since save.,32948.14,19826.37,13121.77,2024-07-26T22:54:34
1723,2022-06-07,Executive seem action place.,12925.28,970.03,11955.25,2022-09-09T16:28:26
1724,2022-09-21,Inside reveal any traditional language democratic.,15516.73,30991.31,-15474.58,2023-09-24T23:26:35
1725,2023-04-10,Doctor available teach sort stuff professor.,27313.47,17420.66,9892.81,2021-10-22T21:54:50
1726,2024-11-16,Within miss national it little factor because.,18976.72,20603.89,-1627.17,2023-10-18T02:51:55
1727,2022-11-17,Base sound game police go everyone us.,23365.10,32471.22,-9106.12,2023-01-23T20:05:49
1728,2023-02-25,Up cultural analysis story he control give.,32615.86,15547.93,17067.93,2021-09-27T18:36:47
1729,2021-02-27,Mind art sister energy education.,36911.10,18564.35,18346.75,2023-11-26T16:26:09
1730,2022-12-08,Leader middle serious what.,23831.60,20249.58,3582.02,2024-10-18T04:43:46
1731,2023-08-28,Teach national too guy say skill single coach.,20923.25,17064.82,3858.43,2022-11-09T21:35:47
1732,2025-06-01,Fall we tree Mr itself fear drive house.,20666.31,1157.74,19508.57,2023-04-19T10:33:23
1733,2025-01-19,Sense coach month.,10257.94,39822.61,-29564.67,2024-06-02T09:29:57
1734,2024-06-16,Find such Republican.,9676.60,2315.36,7361.24,2022-06-01T16:10:21
1735,2024-10-17,South control least win reflect writer.,27737.67,21034.44,6703.23,2022-04-12T15:30:28
1736,2025-02-12,Sit now manage wish middle.,48054.79,8049.90,40004.89,2023-05-18T02:41:35
1737,2023-04-12,Rich so hot particularly resource statement.,44146.39,1726.47,42419.92,2023-10-28T13:07:48
1738,2025-07-25,Detail another anyone all increase police radio.,23019.70,3734.71,19284.99,2021-02-13T00:57:20
1739,2023-11-05,Particularly professional provide practice pressure discover may.,39857.12,23231.56,16625.56,2021-08-31T11:44:45
1740,2024-01-19,Like interest key finally.,8486.29,18565.66,-10079.37,2022-04-14T16:11:59
1741,2021-04-29,Should use many.,2518.79,27496.89,-24978.10,2021-02-11T18:53:22
1742,2023-03-25,Collection case interest reflect sport.,18096.86,20945.52,-2848.66,2023-05-03T10:58:15
1743,2024-02-28,Degree economic loss by.,46109.60,5544.35,40565.25,2022-06-06T00:06:09
1744,2021-09-30,Society answer yeah ready democratic.,159.05,20280.34,-20121.29,2024-09-04T01:43:24
1745,2024-11-30,Thought away it executive those.,31266.52,31842.96,-576.44,2022-11-24T19:50:04
1746,2023-01-08,Share deep senior recent safe security particular.,41473.68,16561.16,24912.52,2023-01-12T10:16:49
1747,2020-11-19,Rather effect your theory environmental part science.,9406.10,18415.77,-9009.67,2024-06-29T06:04:09
1748,2022-04-30,Need person PM second available nothing.,46725.23,27423.82,19301.41,2021-06-20T17:41:19
1749,2025-06-03,House letter food style bar relate.,25274.32,26006.85,-732.53,2021-02-01T18:47:02
1750,2024-03-10,Determine guess response lay.,43967.97,21777.72,22190.25,2025-08-15T21:15:19
1751,2024-01-23,Mother wife poor people.,28699.01,450.93,28248.08,2022-04-01T09:03:21
1752,2023-11-01,Mention author strong serious box rule line.,18920.08,35368.60,-16448.52,2021-11-30T04:41:18
1753,2023-11-19,Interesting woman fire own level issue we.,19947.37,31707.75,-11760.38,2025-03-04T21:44:29
1754,2023-03-01,Building value side forget another.,34046.63,20943.18,13103.45,2024-02-20T12:12:44
1755,2024-08-15,Tv long international may meet catch option.,43762.18,6385.17,37377.01,2022-05-02T02:37:46
1756,2021-09-12,Until evidence new them whatever.,29399.67,12463.12,16936.55,2022-04-06T20:16:46
1757,2025-09-20,Take agency answer soldier although leave politics.,43279.37,14779.41,28499.96,2025-05-07T10:58:05
1758,2022-02-25,Behind they would send difference and one difficult.,27214.92,10650.37,16564.55,2024-11-14T22:03:34
1759,2021-11-22,Develop hospital behind forget few pay scene.,16126.27,37155.96,-21029.69,2022-05-12T04:59:53
1760,2022-12-11,Society consider good require.,21114.49,31049.69,-9935.20,2023-09-16T16:15:35
1761,2021-09-15,Wall technology keep.,33880.76,23871.31,10009.45,2023-05-18T18:15:00
1762,2022-05-12,Either particular occur discussion fire.,7839.14,11419.39,-3580.25,2024-06-06T03:37:34
1763,2024-04-02,Too win get special agree gas.,33291.32,24385.76,8905.56,2024-01-14T09:18:26
1764,2025-01-22,Indicate magazine heavy true effect none lay.,22817.03,24180.17,-1363.14,2021-05-31T13:00:12
1765,2025-05-13,Thought treat do reflect opportunity too product wait.,419.40,4932.45,-4513.05,2021-08-06T07:28:41
1766,2023-11-20,Reflect art radio perform become mind clear.,27880.48,21246.90,6633.58,2024-10-14T15:20:05
1767,2021-07-17,Society describe good big.,13220.19,28995.22,-15775.03,2021-11-04T20:24:35
1768,2020-12-07,Tonight example four laugh.,30890.08,36564.68,-5674.60,2023-02-19T17:59:50
1769,2024-07-29,Size understand by way field about.,17287.30,29017.12,-11729.82,2023-09-03T11:33:42
1770,2023-08-10,Past body design market.,12870.58,21228.30,-8357.72,2020-12-30T22:53:04
1771,2022-09-10,Discuss member parent side.,22802.70,22940.60,-137.90,2025-10-19T06:04:07
1772,2022-01-03,Human baby design rule institution.,47206.15,31933.47,15272.68,2022-02-14T01:05:55
1773,2023-02-01,Current deep single always offer production practice.,13586.31,37771.99,-24185.68,2024-11-10T12:55:34
1774,2021-07-06,Fish three quickly area.,12334.18,10199.11,2135.07,2021-05-10T13:25:47
1775,2025-02-25,Could together run.,45003.55,12732.77,32270.78,2025-06-23T07:26:55
1776,2022-01-06,Sense letter little matter discuss writer scientist.,18857.33,27682.04,-8824.71,2025-01-24T12:25:40
1777,2021-06-16,Particular recognize occur room vote public.,45799.30,25376.06,20423.24,2022-01-18T00:05:40
1778,2022-09-01,Become participant gun talk hear add.,19344.49,7311.92,12032.57,2021-09-05T03:55:24
1779,2023-04-17,Public change gun.,10827.57,26798.65,-15971.08,2021-09-15T19:10:57
1780,2024-03-01,Front know keep surface sometimes still son.,25217.71,1182.10,24035.61,2025-03-29T06:55:20
1781,2021-08-28,Third well campaign herself strong enough course.,35161.64,29907.78,5253.86,2025-04-16T01:35:10
1782,2021-05-17,Level writer treatment ground rich.,20751.10,2244.50,18506.60,2021-11-15T12:33:48
1783,2021-01-06,Movie military there can college.,46095.00,24233.62,21861.38,2022-11-28T17:06:03
1784,2024-12-12,Son coach financial thank talk ever its.,28898.07,25416.56,3481.51,2025-07-03T10:34:06
1785,2021-08-16,Side smile through face.,15184.64,25613.81,-10429.17,2025-01-30T04:37:18
1786,2025-08-02,Air continue require buy how would create level.,26560.22,28991.96,-2431.74,2021-09-11T07:33:06
1787,2022-01-21,Anything few best before possible better ball.,430.71,28108.33,-27677.62,2025-03-02T18:14:38
1788,2025-09-11,Avoid blood drive often wind hand likely.,22256.58,6919.12,15337.46,2023-04-30T17:23:55
1789,2021-10-28,Form side trade movement industry.,48781.45,31037.66,17743.79,2021-08-06T21:27:14
1790,2025-10-19,Could management president man around country.,35301.94,33638.17,1663.77,2020-12-30T07:11:21
1791,2021-08-28,Air institution respond account later.,21940.76,5068.93,16871.83,2021-06-16T18:36:12
1792,2022-02-20,Fund baby party suffer produce fall number.,36747.64,34979.69,1767.95,2025-10-26T20:09:08
1793,2024-10-20,System standard executive reality fall country yard dream.,26375.15,924.98,25450.17,2021-01-03T09:46:05
1794,2024-07-28,Election house military bag.,49647.70,3211.82,46435.88,2023-10-06T15:02:10
1795,2024-05-26,Professional effort collection out identify.,39325.97,12801.33,26524.64,2023-06-11T08:34:09
1796,2023-06-02,Travel run measure partner.,27025.62,25464.15,1561.47,2025-09-09T22:02:13
1797,2021-06-11,Argue cover surface full.,11746.74,29359.91,-17613.17,2022-07-30T07:56:12
1798,2021-10-06,Various service never role travel account.,10014.33,3113.06,6901.27,2022-07-12T09:54:45
1799,2022-06-04,Manager though assume hour I bag.,40927.44,38922.89,2004.55,2024-09-23T12:48:00
1800,2023-02-05,Successful process then song.,5972.09,19120.81,-13148.72,2024-05-14T18:26:32
1801,2025-08-06,Matter they mean option well system.,16911.04,39287.40,-22376.36,2023-07-20T20:11:28
1802,2022-03-11,Their party painting parent.,13505.03,23768.02,-10262.99,2024-07-16T06:51:13
1803,2024-07-22,Hold group wind body.,13777.16,28904.29,-15127.13,2021-11-24T20:49:25
1804,2022-02-06,True painting choose wait.,12312.59,33402.68,-21090.09,2023-12-29T14:05:03
1805,2020-11-21,Party attack throughout look.,24839.03,21784.68,3054.35,2021-03-11T17:50:14
1806,2023-09-07,Subject black concern state painting camera.,22479.15,28896.47,-6417.32,2022-03-15T04:21:23
1807,2020-11-16,Interest if such simple.,1950.98,25971.20,-24020.22,2024-09-14T17:09:44
1808,2025-04-09,School go office ahead herself central.,30833.05,16340.10,14492.95,2024-03-08T16:20:24
1809,2024-09-25,Light official official world night charge couple.,6743.12,21115.08,-14371.96,2022-12-06T12:31:28
1810,2022-05-22,Event organization body or issue experience many.,41245.66,36863.50,4382.16,2025-07-30T20:09:34
1811,2023-10-04,Certainly party develop material hit hospital federal.,22026.56,10969.67,11056.89,2023-09-29T05:33:16
1812,2024-04-13,Fall fine life.,45774.82,10122.66,35652.16,2023-02-07T11:23:38
1813,2022-02-05,Hear its oil.,677.63,4597.20,-3919.57,2023-09-21T08:38:05
1814,2022-04-30,Work bad ask bad run edge catch.,22110.90,11772.10,10338.80,2025-02-21T13:02:03
1815,2022-05-22,Economy wide sing.,48526.22,5556.58,42969.64,2022-03-06T11:17:14
1816,2023-04-17,Enjoy shoulder market fear lay baby.,29994.94,27918.85,2076.09,2024-12-17T17:25:53
1817,2021-12-29,Line choice nice story hot.,25549.90,12664.46,12885.44,2025-01-21T19:31:41
1818,2025-10-27,Field figure different bad similar save carry run.,21371.73,25245.09,-3873.36,2020-12-10T13:14:04
1819,2023-04-05,Section firm game attention.,15804.78,13744.12,2060.66,2020-11-04T00:16:59
1820,2024-07-22,Idea would nor himself himself.,42701.82,5987.56,36714.26,2021-10-30T20:44:53
1821,2022-04-19,Street level national total small teacher challenge.,16705.02,31529.93,-14824.91,2021-07-07T01:06:27
1822,2021-02-06,Since interest key.,20095.03,6980.94,13114.09,2023-10-23T12:11:26
1823,2025-03-20,General entire would population series despite also.,8932.78,24284.06,-15351.28,2023-05-18T18:13:45
1824,2021-12-25,Show Mrs talk painting cultural garden stop.,49698.79,6480.69,43218.10,2024-11-02T01:42:06
1825,2024-01-04,Could move human red box memory.,49133.81,16800.94,32332.87,2024-01-29T07:29:26
1826,2023-02-08,Energy story must performance near appear live tax.,30794.59,1746.86,29047.73,2023-12-14T14:07:08
1827,2022-05-15,Attorney of set popular.,33310.36,3955.73,29354.63,2025-09-16T17:44:54
1828,2024-03-25,Ten explain trip general run hard.,49452.83,10391.37,39061.46,2024-11-12T07:11:27
1829,2021-03-30,Mr role catch chance huge method.,11383.23,6545.63,4837.60,2023-06-30T17:37:38
1830,2023-01-02,Line nothing degree least save message network.,35863.49,37112.66,-1249.17,2023-04-08T09:54:57
1831,2023-05-22,Cut street eight leg test fly.,27854.91,26836.79,1018.12,2023-06-18T23:41:45
1832,2024-02-09,Total everybody art type natural myself.,26280.72,39560.89,-13280.17,2025-10-04T15:09:46
1833,2021-04-09,Modern great Congress rich accept.,30807.41,32139.39,-1331.98,2024-12-13T08:23:34
1834,2021-02-25,Be put foreign pick leg final too.,41715.81,26656.36,15059.45,2021-07-06T05:49:20
1835,2021-02-06,Five song same bad.,30291.15,15611.08,14680.07,2022-08-02T15:13:11
1836,2025-01-01,Field new husband magazine body create agreement.,7756.76,25875.96,-18119.20,2025-03-06T12:52:41
1837,2022-10-24,Area though majority financial purpose night.,12644.22,25967.34,-13323.12,2025-03-15T20:15:12
1838,2022-11-16,Produce other money choice simply area.,36982.03,7468.64,29513.39,2023-08-14T02:15:28
1839,2023-11-11,Win during west wall act down trade.,20613.99,17229.19,3384.80,2025-01-14T11:17:02
1840,2023-11-07,Art establish similar night mention religious actually after.,4343.83,9066.22,-4722.39,2022-07-17T22:24:37
1841,2024-07-28,Record east across from stage throw.,20072.21,19889.50,182.71,2025-10-03T23:33:16
1842,2024-11-10,Born shake eat spend girl.,32071.25,2072.23,29999.02,2023-05-21T14:59:36
1843,2022-09-14,Detail probably herself prevent place.,45695.78,8030.85,37664.93,2023-09-26T11:53:47
1844,2022-03-30,Lay Democrat sell field cut station campaign dream.,32591.16,3168.09,29423.07,2023-03-29T20:30:01
1845,2024-12-11,Take southern toward season friend second.,15270.32,30880.96,-15610.64,2022-04-17T12:34:43
1846,2024-10-20,It go stop almost fact.,8046.58,5826.34,2220.24,2022-08-05T13:50:58
1847,2022-09-11,Help old foreign feeling media hospital leader.,11590.72,14625.30,-3034.58,2023-12-10T20:21:41
1848,2024-08-09,Growth conference per action same.,32376.36,1258.18,31118.18,2023-09-14T21:50:27
1849,2025-03-25,Chance history music heart after themselves agency.,36487.26,5945.84,30541.42,2024-07-14T18:56:04
1850,2025-10-15,Thank car dog quite to.,21397.81,34470.98,-13073.17,2020-12-09T04:52:17
1851,2022-02-01,Star number probably argue including various.,42767.61,25467.88,17299.73,2022-04-14T15:51:04
1852,2024-03-03,Represent traditional walk medical man body.,1818.78,31975.07,-30156.29,2021-08-06T06:35:13
1853,2021-11-23,Yeah learn set attorney.,3773.45,24194.74,-20421.29,2022-06-29T20:47:48
1854,2022-11-27,Compare technology after.,1812.98,36282.98,-34470.00,2024-04-08T00:27:35
1855,2020-12-03,Kind why exactly seek.,4179.38,1878.27,2301.11,2024-02-07T01:42:44
1856,2022-02-07,Movement miss rather through through cut street.,5318.98,15689.12,-10370.14,2023-04-21T08:24:11
1857,2025-01-10,Sign message argue national fire range eat.,41726.55,23715.12,18011.43,2021-08-01T03:52:10
1858,2024-09-14,Force direction oil bed member trade none.,16153.76,13592.74,2561.02,2024-08-26T05:37:50
1859,2021-12-19,Fact green should what agent.,15549.09,28810.35,-13261.26,2022-08-05T17:08:32
1860,2020-12-30,Challenge little phone southern.,1937.20,3843.44,-1906.24,2023-01-07T09:06:00
1861,2021-10-23,World about economy despite family small.,44254.27,34771.52,9482.75,2022-08-19T07:25:39
1862,2023-02-16,Hospital but beautiful.,42710.58,5211.72,37498.86,2023-08-20T02:44:59
1863,2025-04-20,Physical firm identify key author rich.,36759.66,19636.61,17123.05,2023-11-13T01:01:38
1864,2021-02-15,Important beat early society.,14905.79,30380.68,-15474.89,2024-04-22T13:59:28
1865,2025-02-08,Soon west week not side show.,34544.05,32175.78,2368.27,2025-10-15T08:33:20
1866,2025-06-18,Inside leader dog thus.,212.42,25868.40,-25655.98,2024-05-04T18:56:43
1867,2023-04-11,Position most each west population example commercial.,9044.90,28563.33,-19518.43,2023-11-20T16:13:51
1868,2021-10-23,Appear well actually full purpose million.,16993.74,26991.31,-9997.57,2021-08-06T13:15:28
1869,2022-01-08,Need provide laugh easy especially also across toward.,28530.55,37357.42,-8826.87,2023-12-19T00:50:52
1870,2024-05-19,Character young take wear talk leg do.,22887.46,37226.00,-14338.54,2023-03-11T16:41:47
1871,2022-05-08,Tonight one day actually ago.,9875.28,19963.00,-10087.72,2022-01-31T13:37:28
1872,2024-08-29,Last town attorney home team report.,47914.31,6313.84,41600.47,2024-04-17T17:51:33
1873,2022-01-06,Physical thousand stay grow.,20583.31,15873.48,4709.83,2021-09-06T19:02:09
1874,2022-01-15,Example doctor control audience good.,41047.95,36039.19,5008.76,2023-01-11T03:12:33
1875,2025-07-30,Eye short rate here production.,28477.52,4239.50,24238.02,2025-08-04T11:20:11
1876,2025-10-29,Along million may three cell.,37474.19,2364.72,35109.47,2024-10-06T11:17:08
1877,2024-01-25,Follow commercial bag become.,26610.71,26713.40,-102.69,2024-04-15T13:15:34
1878,2023-12-07,Offer mother soon total.,37550.36,2629.01,34921.35,2023-01-28T02:40:23
1879,2021-01-10,Modern most actually between seat able early.,5897.24,19787.51,-13890.27,2023-05-22T20:49:35
1880,2021-04-04,Clearly pick so concern.,10669.95,36514.26,-25844.31,2023-07-12T18:21:06
1881,2024-06-07,Set what sense do each home.,46.47,5872.93,-5826.46,2023-05-04T23:31:10
1882,2025-02-27,Age sense strategy state such data government.,1676.25,897.88,778.37,2025-07-03T20:58:14
1883,2024-11-25,Direction food quality rather animal significant evening.,13486.72,5907.80,7578.92,2025-03-26T08:14:30
1884,2020-11-21,Lead bed only practice green.,22919.11,16821.08,6098.03,2020-11-14T22:04:01
1885,2021-01-29,Well road or available figure turn fly.,39452.91,9807.98,29644.93,2025-01-02T01:49:32
1886,2024-05-31,Example improve key cause analysis government wish.,41602.44,25854.39,15748.05,2025-06-04T06:28:46
1887,2025-05-10,Company allow build information.,38139.30,16555.90,21583.40,2021-01-08T00:27:14
1888,2025-05-15,Moment strong trouble statement war speak.,7007.42,17242.23,-10234.81,2023-05-13T17:47:36
1889,2023-08-15,Court challenge may tell science add smile open.,34290.75,14245.29,20045.46,2022-08-18T08:04:32
1890,2025-08-28,Remember word offer base personal.,42368.34,38926.20,3442.14,2024-07-31T13:13:39
1891,2024-04-17,Card throughout gun represent positive reduce.,14222.40,35550.58,-21328.18,2020-12-12T23:41:05
1892,2025-08-20,Particularly dog assume possible should special.,33595.56,10535.34,23060.22,2022-05-12T15:05:08
1893,2023-07-02,Serious do art country produce.,4084.69,16450.00,-12365.31,2022-02-10T02:26:13
1894,2023-10-14,Her center room all for.,7848.12,14960.34,-7112.22,2022-12-05T19:27:53
1895,2023-10-27,Such himself give his group second alone protect.,28650.67,14094.27,14556.40,2021-01-22T03:42:04
1896,2023-01-03,Section these hospital executive.,35852.44,39292.26,-3439.82,2023-09-11T08:13:31
1897,2020-11-24,Stage enough attention can lose human state.,47696.08,21499.39,26196.69,2025-06-01T01:08:56
1898,2021-02-03,Full white use paper financial charge.,24926.65,14366.01,10560.64,2025-09-17T09:04:17
1899,2021-10-26,Last someone difficult voice style purpose.,31965.77,22437.60,9528.17,2020-12-10T00:40:16
1900,2022-03-19,Able establish old recently other eye though high.,46151.93,22551.20,23600.73,2024-01-19T00:52:16
1901,2023-08-12,Air cup member memory ground learn then.,36938.78,2373.38,34565.40,2022-07-27T19:15:52
1902,2025-03-02,Challenge price leave player father class start.,36181.89,26924.23,9257.66,2022-07-11T02:00:36
1903,2021-06-20,They test need baby news.,44080.19,6546.03,37534.16,2024-03-31T12:27:48
1904,2025-10-18,Need loss baby here group soon worry.,39468.19,21176.70,18291.49,2024-01-24T00:38:31
1905,2024-03-29,Than list none example.,39227.29,36676.66,2550.63,2023-05-23T18:00:37
1906,2025-09-21,White eat federal quality close alone meet group.,38135.01,1989.35,36145.66,2023-03-22T08:42:51
1907,2024-07-02,Inside low provide share receive.,43111.56,15974.65,27136.91,2023-11-19T21:48:38
1908,2021-07-15,Military dinner toward deep start.,47071.16,29141.37,17929.79,2024-07-21T11:25:36
1909,2021-04-13,North across market notice best.,1023.53,26354.73,-25331.20,2024-06-04T07:40:52
1910,2024-08-15,Stop protect should free others.,31358.91,39851.27,-8492.36,2020-11-06T02:14:43
1911,2025-10-24,Bar fear month live myself sometimes perhaps.,30154.77,19800.30,10354.47,2021-10-28T07:40:15
1912,2024-04-24,Happy defense fill yeah list.,35245.38,11796.49,23448.89,2023-09-25T02:27:46
1913,2025-08-30,Last lose condition teach he this.,38726.90,9090.54,29636.36,2025-08-31T02:49:00
1914,2021-05-21,Total give guy future computer check.,38785.31,39010.61,-225.30,2025-03-01T11:21:31
1915,2021-09-14,Relate manage role political.,29657.16,12363.30,17293.86,2021-02-20T02:33:52
1916,2021-12-24,Clear writer quality accept baby worker.,33955.26,21012.00,12943.26,2021-02-08T22:08:55
1917,2020-12-06,Attention finish allow career leg ahead.,47434.99,36607.18,10827.81,2024-12-14T07:53:13
1918,2023-02-09,Skill recent house else far threat.,34661.42,29258.45,5402.97,2023-10-22T20:11:34
1919,2023-06-27,Rest find old property inside dark.,43907.74,2151.70,41756.04,2023-05-18T13:08:10
1920,2023-05-22,Our role attack the voice record.,49855.83,35921.82,13934.01,2022-05-12T14:14:50
1921,2025-01-03,Pull clearly recent.,47154.58,5179.15,41975.43,2022-04-23T14:30:15
1922,2025-04-13,Image step knowledge cause.,31814.52,30580.72,1233.80,2020-12-24T19:54:22
1923,2021-01-09,Skin store person statement.,35968.59,36540.44,-571.85,2021-01-01T12:58:29
1924,2023-04-03,Concern Congress big.,24041.33,31483.88,-7442.55,2023-09-22T11:44:33
1925,2025-06-16,Indeed everyone care whole enter next.,39460.68,32218.82,7241.86,2024-01-12T08:40:03
1926,2021-03-30,Civil sort artist management property.,10554.46,30942.15,-20387.69,2024-04-05T14:49:02
1927,2025-05-07,Work easy last wide money purpose.,5138.72,31803.50,-26664.78,2024-02-28T01:56:36
1928,2022-08-02,Part leg their.,20503.60,25112.76,-4609.16,2022-02-22T09:57:59
1929,2025-01-05,Hard ahead truth specific final.,39611.87,34811.92,4799.95,2023-12-02T17:52:18
1930,2021-03-16,North most strong green Congress today any ability.,1089.16,23857.46,-22768.30,2022-10-17T08:32:45
1931,2022-07-05,Certainly ahead son talk example growth Mr despite.,22114.63,11663.01,10451.62,2022-10-17T21:59:06
1932,2025-09-28,Study religious human character.,49214.61,24544.35,24670.26,2025-05-14T23:12:34
1933,2023-08-25,About if guess where.,8252.17,22796.74,-14544.57,2021-09-11T19:29:25
1934,2022-02-10,Population along wind often.,3301.40,25442.19,-22140.79,2024-11-11T20:50:46
1935,2022-07-12,Industry well seat.,6556.72,5147.07,1409.65,2021-06-22T09:13:07
1936,2021-03-22,Discussion many base operation.,6332.37,14219.84,-7887.47,2025-06-23T22:22:38
1937,2025-10-23,Source management government investment.,17432.68,24177.77,-6745.09,2024-07-03T21:31:41
1938,2025-10-17,Congress race necessary rock call.,48480.53,2012.51,46468.02,2021-11-06T14:13:13
1939,2021-04-07,Nature have central letter.,45989.07,30660.21,15328.86,2024-06-30T18:11:07
1940,2025-01-20,Treatment relationship church religious.,14209.29,23685.58,-9476.29,2021-06-27T20:31:35
1941,2024-02-07,Structure suddenly day education already however ten agreement.,88.25,25730.16,-25641.91,2022-11-11T00:23:54
1942,2023-03-30,Position anyone career attorney continue.,23478.62,22919.05,559.57,2024-10-07T18:06:47
1943,2025-06-25,Which tonight century ground control item compare.,4429.69,30680.76,-26251.07,2025-03-13T05:48:59
1944,2025-10-04,Real out his bank big.,41452.31,29735.18,11717.13,2025-04-28T19:14:38
1945,2021-10-24,Exist back remain able laugh technology.,11429.74,27141.87,-15712.13,2023-11-21T14:24:11
1946,2021-11-05,Miss environmental argue Mrs trial image owner score.,17537.18,15156.21,2380.97,2022-05-21T14:45:51
1947,2021-08-30,Challenge always machine brother upon skill most.,48062.92,26026.25,22036.67,2021-10-09T10:23:01
1948,2024-06-16,Who hundred every far people mouth Mr side.,49695.01,8918.17,40776.84,2021-09-14T12:27:46
1949,2024-12-23,Continue join white mention somebody hotel democratic.,10228.77,10609.53,-380.76,2024-09-08T12:18:01
1950,2024-08-19,Traditional follow mother issue rise.,2793.69,34766.66,-31972.97,2021-01-23T07:08:57
1951,2024-11-07,Go break from deal coach money thousand.,34588.84,20564.50,14024.34,2023-02-12T17:44:18
1952,2022-11-04,Near probably head company note.,1005.36,34132.76,-33127.40,2024-10-02T16:20:57
1953,2024-05-30,Visit main become first effort man while its.,10822.77,37599.59,-26776.82,2023-10-15T07:13:45
1954,2022-04-02,Program no war in PM.,11967.02,13151.15,-1184.13,2020-12-02T17:40:31
1955,2021-02-22,Perhaps news actually.,32423.39,9546.00,22877.39,2024-05-11T08:23:42
1956,2023-10-01,Occur listen good imagine.,46647.85,21595.05,25052.80,2023-10-17T14:23:39
1957,2022-09-21,Week many push their.,39170.91,36655.21,2515.70,2021-03-24T12:13:04
1958,2022-08-01,Yes doctor door add.,42844.14,24775.10,18069.04,2021-02-19T23:30:23
1959,2022-01-08,Pattern painting sea anything.,37121.33,8370.85,28750.48,2023-11-13T22:56:21
1960,2022-08-14,Fill action soon friend because.,34548.50,33309.88,1238.62,2023-12-17T18:48:20
1961,2023-04-03,View choose fear late property call.,7802.34,6541.52,1260.82,2024-09-01T09:45:07
1962,2022-12-25,Good hold cell manager think.,31858.75,31765.92,92.83,2021-01-06T20:57:47
1963,2025-04-13,Phone my really knowledge.,9124.41,12342.70,-3218.29,2025-04-20T10:12:56
1964,2024-12-04,Claim even wrong we good large activity.,7609.43,38884.96,-31275.53,2025-04-29T01:57:21
1965,2024-06-05,Animal anyone value drug.,25543.28,12773.44,12769.84,2021-12-20T11:41:23
1966,2023-11-08,Boy relate no amount series.,13128.79,19831.44,-6702.65,2022-04-22T18:57:28
1967,2021-10-31,Tv this past.,27681.29,23344.97,4336.32,2025-07-20T19:57:50
1968,2024-05-21,National base campaign.,38360.74,25425.88,12934.86,2023-05-07T04:02:29
1969,2024-12-26,Keep along action material ball guy material.,22786.48,19503.72,3282.76,2022-10-10T04:10:57
1970,2025-10-06,Set many during single play hit she security.,18496.09,1130.37,17365.72,2021-01-03T17:26:19
1971,2023-11-15,Subject service system each white time third.,1256.91,14841.07,-13584.16,2022-10-08T13:44:43
1972,2023-11-05,Fill onto save by above.,32265.73,798.41,31467.32,2024-01-01T15:06:28
1973,2024-01-10,Her school cold possible friend enjoy voice.,20109.03,5205.82,14903.21,2023-06-12T16:33:02
1974,2023-08-04,Power person beyond accept grow.,33436.55,7420.09,26016.46,2021-02-01T15:28:56
1975,2024-03-21,Still realize build friend rule.,20233.21,37267.00,-17033.79,2020-11-16T09:42:53
1976,2024-06-08,Heavy relate step player firm behavior.,35689.72,34940.92,748.80,2023-06-22T15:41:54
1977,2020-12-06,Writer relate tend should scene.,43870.42,8086.31,35784.11,2021-11-26T09:10:51
1978,2025-08-09,We low student general defense Mrs.,21370.63,18120.16,3250.47,2024-12-14T18:58:40
1979,2021-12-25,Personal physical theory.,165.83,30759.78,-30593.95,2024-06-19T00:07:17
1980,2021-08-05,Southern box sometimes rest next ten.,30318.41,2103.07,28215.34,2022-10-06T12:58:50
1981,2023-08-04,Campaign lead think decision main.,36935.55,1603.72,35331.83,2022-09-14T14:17:35
1982,2021-08-16,Pressure campaign stage with writer.,25671.21,39949.87,-14278.66,2022-11-04T21:06:38
1983,2025-10-07,Morning family technology very.,37124.99,25631.55,11493.44,2022-03-19T19:24:35
1984,2021-09-12,Minute pick drug recently sound yes.,22046.46,36984.39,-14937.93,2021-08-04T17:47:29
1985,2025-04-29,Dark office fish knowledge section.,24937.88,26542.40,-1604.52,2021-02-22T20:15:53
1986,2025-02-17,Government in garden have reason play.,8154.11,38820.93,-30666.82,2023-01-31T21:44:49
1987,2023-04-04,Consumer too treatment himself town doctor.,9540.57,23556.69,-14016.12,2021-12-15T07:33:29
1988,2021-12-05,View door only pressure usually.,21732.91,33373.35,-11640.44,2022-10-22T04:48:45
1989,2023-01-18,Whatever factor society data.,19440.15,32221.54,-12781.39,2022-09-30T15:31:39
1990,2022-01-17,Approach if local however try the girl.,40538.03,12021.67,28516.36,2022-12-11T09:37:52
1991,2022-03-05,New who meet mean article.,13855.54,4305.17,9550.37,2024-04-02T23:06:07
1992,2021-01-26,Western chance certain theory also operation someone.,33943.14,23449.14,10494.00,2025-05-07T11:51:03
1993,2025-03-17,Cost mother policy news director whole.,33681.41,39272.01,-5590.60,2024-02-29T06:26:20
1994,2021-06-10,Early minute turn size.,45724.02,18094.97,27629.05,2021-06-09T01:43:24
1995,2021-04-03,Reflect source protect field note finish he.,35910.78,22748.00,13162.78,2022-05-05T22:29:28
1996,2022-08-12,Woman paper change eight agent by activity standard.,26365.39,15990.82,10374.57,2023-07-24T08:05:45
1997,2022-03-02,Media serve explain first wide industry product.,7340.37,24187.79,-16847.42,2023-02-12T06:57:11
1998,2023-06-19,Heavy first book research either.,5030.44,32130.89,-27100.45,2023-10-09T01:37:27
1999,2021-01-27,Exactly show magazine family arm film fight run.,17595.12,12627.18,4967.94,2023-12-12T01:52:45
2000,2022-07-28,Involve kitchen away represent hundred.,36174.95,12546.29,23628.66,2021-03-25T23:30:50
