id,name,contact_person,email,phone,status,created_at
1,"Rodriguez, Figueroa and Sanchez",Brian Yang,garzaanthony@robinson.org,2834863794,Active,2024-06-06
2,Ramirez-Lewis,Ashley James,melanie94@blair.com,(518)349-5931x0341,Active,2024-01-26
3,Chavez-Flowers,Henry Santiago,lynchgeorge@sanchez.net,550.730.5641,Inactive,2022-08-23
4,"Porter, Wilkerson and Day",Charles Mcgee,julie69@cox-osborn.com,671.201.2269x16697,Active,2021-10-22
5,"Dyer, Potter and Mack",Edward Moore,mckaynancy@stanton-gill.net,248-793-2528,Active,2024-12-28
6,Rodriguez LLC,Sandra Parker,allenashley@miller.com,001-682-827-8248x96383,Active,2024-01-05
7,Lam-Hayes,Austin Smith,briannasmith@welch.com,983-547-3829,Active,2024-11-09
8,Lee-Davis,Jeff Owens,nuneztracey@brown.com,633-938-7262,Active,2022-12-17
9,Ramos PLC,Matthew Fernandez,novaksara@martin.info,660.826.0647,Inactive,2025-07-24
10,"Higgins, Moore and Phillips",Lauren Daniels,brian97@calhoun.net,521-291-3619,Active,2021-07-13
11,Sandoval-Cunningham,Dean Santiago,john62@brewer.com,6794911838,Active,2023-10-21
12,Suarez LLC,Jeffrey Daniels,cheryl80@montoya.com,911-682-4493x534,Active,2021-04-07
13,Walters LLC,Gavin Anderson,evan78@patterson.com,+1-605-798-2620,Active,2021-03-04
14,Clark-Wright,Richard Henson,vdickson@frost.com,(360)825-6342,Active,2021-03-01
15,Walker-Velasquez,Eric Pope,jeffreykeller@murphy-lin.com,(386)885-0142x940,Active,2023-10-11
16,"Hartman, Graham and Joyce",Steven Lee,fletcheraaron@mcdaniel.com,(861)659-5148x465,Active,2025-07-20
17,Lee Ltd,Megan Orr,richard04@clark-floyd.org,+1-757-377-3872x1489,Inactive,2022-10-31
18,"Collins, Drake and Hernandez",William Carr,gibsonolivia@lee.com,(501)363-2870,Active,2024-09-19
19,Solis Ltd,Kristin Stewart,usalazar@simmons.com,001-577-643-4873x4714,Inactive,2023-09-10
20,Orozco-Miller,James Hernandez,calebrussell@owens.biz,001-590-996-7054x66889,Inactive,2022-09-13
21,Graham-Johnson,Michael Powell,marycalhoun@ferguson.com,562-972-0465,Active,2023-08-13
22,Juarez-Gray,Sandra King,ruizkaitlyn@cooke.com,+1-510-903-3092x3271,Active,2023-01-06
23,Jackson-Lawson,Ashley Weiss,daniel04@byrd.com,793-814-9190,Inactive,2023-12-27
24,Hunter LLC,Jason Henry,oyu@zimmerman-graham.net,+1-949-587-7694x5314,Inactive,2024-10-14
25,"Bishop, Gray and Johnson",Catherine Lewis,matthew94@smith.biz,783.977.7014x3634,Inactive,2025-07-17
26,"Cooper, Barajas and Pierce",Jesse Parker,davidlee@newton.com,537.649.8941,Active,2022-10-08
27,White-Smith,Denise Mccann,heidi27@salas.com,277.452.0471x1671,Active,2022-02-07
28,"Avery, Miller and Wright",Jennifer Carlson,kimberlyjames@evans-chapman.biz,399-409-1334x1232,Inactive,2020-11-09
29,Hayes-Wheeler,David Mann,ojones@french-weber.com,(918)332-4210x24994,Active,2024-10-27
30,"Torres, Powell and Nelson",Jessica George,mnavarro@johnson-perez.org,001-604-490-2787,Active,2025-10-24
31,Walters-Vasquez,Gregory Cook,hodgemark@simpson.net,2719545168,Inactive,2024-05-07
32,Lopez LLC,Kathleen Ramos,harrisandrea@kim-wolfe.com,3935248086,Active,2021-10-19
33,Valentine-Holland,Timothy Carter,robert77@bryant.biz,698.221.4658,Inactive,2023-03-29
34,"Evans, Matthews and Duarte",Charles Ryan MD,ugibson@pollard.org,(736)305-7662x7028,Inactive,2024-07-30
35,Fox Group,Charles Pitts,charlesharrington@morgan-schwartz.com,386-357-8091x34316,Inactive,2024-08-10
36,Benson Inc,Robert Carter,ryan38@knight-sparks.com,(519)969-3792,Active,2022-12-30
37,Scott-Smith,Stephanie Byrd,charleslandry@evans.info,836-671-3695x9440,Inactive,2020-11-26
38,"Grimes, Osborne and Beltran",Natasha Wall,kimberly39@robinson-lee.com,+1-421-504-7095x21456,Active,2021-12-16
39,"Walter, Diaz and Shaw",Christopher Sloan,scoffey@harrell.com,(336)985-1604,Inactive,2023-12-21
40,"Curry, Baker and James",Jacqueline Leonard,jjohnson@herman-walker.com,+1-474-861-2004x7113,Active,2024-09-10
41,Santiago-Paul,Jennifer Newton,nicolepena@gilbert-crosby.com,7532773515,Inactive,2024-03-21
42,Lopez-Martinez,Jordan Bates,williamsmatthew@buchanan.com,001-683-493-3529x04228,Inactive,2021-10-08
43,"Delacruz, Anderson and Howard",Leah Smith,brian68@reese.info,001-258-991-7839x08470,Active,2024-04-01
44,Parks-Henry,Angel Miller,cameronhill@richards.org,747.989.6118x36736,Active,2024-03-23
45,Blair-Edwards,David Mckay,fjones@reynolds.com,(780)898-8516,Active,2021-04-09
46,Burke-Bell,Christy Douglas,melaniebell@richardson.biz,+1-699-680-9402,Active,2023-09-22
47,Smith-Kane,Jennifer Thomas,davisalyssa@barnes-peterson.com,859-991-0229x0147,Inactive,2024-08-05
48,Nelson-Fischer,Jeffrey Campbell,trose@walker.com,2349324451,Active,2024-06-30
49,Anderson PLC,Kathryn Whitaker,charles06@stevens.com,001-769-466-4160,Active,2024-09-30
50,"Gillespie, Davis and Richard",Kevin Warren,vharrell@walker-maxwell.com,418.383.5523x12432,Active,2022-05-05
51,"Snyder, Webster and Wolf",Thomas Cunningham,michelle52@jones-ramos.com,690-358-1477x005,Inactive,2021-08-08
52,"Wheeler, Cruz and Carpenter",Nancy Williams,marcalvarez@rosario.com,618-820-3778x89255,Inactive,2024-04-24
53,Shelton-Williams,Felicia Rivera,umitchell@brandt.com,001-825-746-2914,Inactive,2021-12-03
54,"Warner, Valentine and Osborn",Anna Santiago,andrew42@peterson.com,222.714.1888,Inactive,2021-12-13
55,"Bennett, Martin and Guerra",Rhonda Martin,xwilliams@ball.info,983.647.3597,Active,2024-01-31
56,"Rose, Burch and Montoya",Brenda Wright,jsawyer@dawson.com,812-247-8261x3750,Inactive,2024-03-16
57,"Brooks, Hughes and Miller",Fernando Garcia,lacey20@lowery-kennedy.com,001-377-690-1043x28986,Inactive,2022-11-09
58,Martinez-Allen,Lisa Brown,bcarlson@robertson.biz,7953396218,Active,2025-04-23
59,"Romero, Mcneil and Spencer",John Reid,jon05@cooper.com,001-995-220-5852x77221,Inactive,2023-05-01
60,Williams and Sons,Emily Collins,ihays@king-mullins.com,950-954-1566x7652,Active,2023-12-17
61,"Adams, Miller and Coleman",Zachary White,manuel15@phillips.com,001-775-470-5964x016,Active,2021-02-05
62,Allison Ltd,Amanda Jones,michael90@hernandez.info,001-819-328-5654x31027,Active,2023-01-23
63,Padilla-Lewis,Melissa Lutz,davidfarrell@thompson-reeves.com,+1-555-418-8442x25831,Active,2022-11-06
64,Johnson-Spencer,Robert Arnold,jonesraymond@higgins.org,425-417-7852,Inactive,2024-07-07
65,"Bartlett, Brown and Martinez",Christopher Morris,michaeleverett@singleton-king.net,724-298-1829x922,Inactive,2021-01-28
66,Williams Ltd,Deborah Clark,bmontgomery@small-gardner.com,736.447.1027x6773,Inactive,2023-06-30
67,"Flores, Travis and Reed",Philip Robertson,floressteven@cole-thomas.com,969-963-2595x3278,Active,2023-06-17
68,Johnson-Landry,Tracy Lewis,brandon47@khan.net,8162245650,Inactive,2025-09-07
69,"Lee, Tran and Jones",Pamela Ramirez,andersoncolin@norton-morgan.com,001-923-498-6800x02578,Active,2025-03-21
70,Murphy PLC,James Jensen,brittney88@burns.com,(551)269-4097x499,Active,2025-10-18
71,Jackson-Fuller,Sarah Hernandez,anthonyvaughan@lee.com,(926)836-8970x28385,Active,2023-07-03
72,Stevens PLC,Hector Ingram,chelsea33@grant-walker.com,001-843-775-7584x41986,Inactive,2022-01-30
73,Williams-Moses,Thomas Douglas,ilewis@fitzpatrick-horton.com,299-333-0833,Inactive,2024-05-08
74,Love-Garcia,Abigail Pierce,richarddonovan@woods-gonzalez.com,440-619-3802x62067,Inactive,2021-02-25
75,Evans PLC,William Mitchell,ismall@mcdonald.com,001-774-320-5493x2966,Active,2024-03-30
76,"Davis, Holden and Woods",Adriana Reyes,vmolina@aguilar-berry.com,+1-753-501-7426x8414,Active,2022-09-12
77,Mendoza Group,Lisa Perry,ztodd@petersen.org,587-485-1910,Inactive,2022-03-27
78,Bond-Ramos,Michelle Burns,dstokes@palmer.org,3872406403,Active,2024-06-09
79,Graves-Weaver,Steven Andersen,ajohnson@mack.biz,(867)466-1825x128,Inactive,2022-09-23
80,Avila LLC,Nathan Coleman,pmorrow@reed-hill.com,2699033119,Inactive,2021-04-01
81,Yang Group,Joshua Webster,taylorvictoria@cabrera.org,499-853-4283x64408,Inactive,2025-07-24
82,Williams-Cooper,Jane Warren,trussell@white-medina.com,442.870.8668,Active,2022-11-25
83,Harris-Lucas,Sarah Davis,brettbennett@morrison.org,001-583-873-5403x3173,Inactive,2022-11-14
84,"Morris, Campbell and Owens",Elizabeth Ward,zowens@harrison.com,560-793-2048x99642,Active,2022-10-16
85,Hudson-Sanchez,Terri Morgan,plevy@henry.com,(287)228-0801,Active,2024-05-05
86,Kirby and Sons,Chris Robinson,nbrooks@estrada.info,6082860084,Inactive,2025-02-08
87,"Craig, Drake and Browning",Brent Hernandez,christineking@adams-sanders.com,(979)233-4101x6668,Inactive,2020-11-30
88,"Jackson, Porter and Hamilton",Kylie Hodge,jacobsonsamantha@lewis.org,440.814.8902x5039,Inactive,2021-06-28
89,Martin-Allen,Jasmine Mosley,patrick21@mcgee.com,959-999-6504,Inactive,2022-10-10
90,Tran-Bennett,Kevin James,lauren11@moore-dawson.com,001-365-451-1047x5412,Active,2024-07-02
91,Hawkins-Hunt,Brandon Spencer,michelle04@hughes-miller.net,698.926.2244,Active,2022-01-28
92,Jackson LLC,John Jones,sheryl79@gonzalez.biz,796-457-5692x45937,Inactive,2024-03-22
93,Carter-Neal,Kenneth Sanchez MD,kdiaz@vargas.com,+1-480-873-7416x72434,Active,2024-01-16
94,Cole PLC,James Hunter,ystephens@miles-burnett.org,+1-211-335-2909x6561,Active,2023-01-13
95,Dixon PLC,Melissa Walker,peter98@cooper.info,946-511-2545,Active,2025-04-08
96,Bailey-Davis,Jodi Jones,patrickdarin@wong-byrd.com,001-438-828-2586x7362,Active,2024-03-14
97,Mclaughlin and Sons,Jeffrey Smith,jamiegoodwin@ray.com,(853)371-4785x969,Active,2023-10-17
98,Bruce-Williamson,Michele Evans,powerslawrence@torres.com,001-428-466-9296x627,Inactive,2024-12-31
99,Taylor-Edwards,Anthony Howard,washingtonjames@maynard-wagner.info,(676)477-2190x34043,Active,2024-09-21
100,"Newton, Cannon and Dunn",Brian Hampton,amber07@robinson.com,807-445-1713x3959,Inactive,2022-01-07
101,Li Inc,Kim Carlson,mariopadilla@armstrong-farley.net,+1-412-660-4223x25367,Inactive,2024-05-10
102,Hayes-Schultz,Anna Robertson,heather57@murphy-smith.com,001-775-418-6363x7454,Inactive,2025-08-25
103,Kramer-Shannon,Amber Sims,ksmith@bryant-braun.biz,724.424.1541,Inactive,2021-04-10
104,Garrett-Barber,Jessica Davis,smiththomas@wheeler.info,8053162713,Active,2021-09-15
105,Edwards LLC,Raymond Mullins,darlenebyrd@moreno.org,+1-327-853-2697x3112,Active,2023-10-29
106,Edwards-Taylor,Bradley Tran,kimberly04@holmes.com,001-264-703-7613x7918,Inactive,2023-07-12
107,Hughes PLC,Joshua Thompson,xbest@smith.com,430-606-8486x661,Inactive,2021-07-18
108,Miller-Mccall,Brittney Murphy,collinssamuel@brown.biz,479-290-4210,Active,2022-03-25
109,Benton-Mills,Michelle Jackson,karamarks@tanner.biz,481-749-1778x507,Inactive,2022-03-04
110,Ayala-Shannon,Ashley Yang,williamsmichelle@williams.biz,(720)686-3536,Inactive,2021-06-30
111,"Watson, Shaw and Winters",Robert Jarvis,djones@ayala-collins.com,+1-570-953-4949,Active,2023-12-20
112,"Bonilla, Cuevas and Parsons",Kimberly Flynn,adamortiz@weaver.com,206-541-3836x70241,Inactive,2025-04-03
113,Haynes-Watson,Angela Davis,danafoster@bradley.com,345-465-5743x1329,Active,2021-09-25
114,Cole LLC,Joshua Oconnell,shannonford@davis.com,001-690-635-2135x680,Inactive,2022-04-25
115,Crane Group,Krista Davis,laradonald@brown.com,365.519.9410,Active,2024-08-09
116,Davis LLC,Tom Williams,zunderwood@johnson-vega.com,(632)944-7209x993,Active,2024-05-04
117,"Mendoza, Miller and Reyes",Marvin Robles,crystalpham@mayo.com,587.259.8564x2059,Inactive,2023-03-23
118,Stokes Group,Pamela Key,craigsandoval@ferguson-moody.com,001-439-565-2239x55905,Active,2025-01-08
119,"Parker, Henry and Davis",Daniel Fox,riverachristina@peterson.com,7028921851,Active,2025-10-26
120,Rogers LLC,Christopher Fry,lbanks@novak.com,892.264.4220,Inactive,2022-05-20
121,"Flores, Lamb and Carr",Ashley Crawford,julie35@jackson-mcclure.com,001-257-804-3315x410,Active,2024-07-24
122,"Barnes, Jackson and Gutierrez",Heather Bennett,kkramer@chang.com,705-941-1526x2181,Active,2021-02-05
123,Dunlap-Martin,Brooke Garcia,terriortiz@bowen.com,331-606-9872x0506,Inactive,2024-12-02
124,Davis and Sons,Edgar Miller,parkerraymond@jacobson-baker.net,(625)265-2704x7743,Inactive,2022-02-13
125,"Contreras, Miller and Cooper",Tracy Lawrence,randallloretta@sheppard-mcdaniel.info,001-437-341-6089,Active,2024-08-27
126,Rush and Sons,Rhonda Martinez,rmiller@harris-carson.com,+1-945-211-6868x548,Active,2025-10-31
127,"Harrington, Rodriguez and Hernandez",Lauren Hanna,buckleyanna@floyd.com,(846)279-9702x46299,Inactive,2024-03-14
128,Vaughn-Williams,Derrick Watson,lisa44@cameron-garrison.com,524.975.4691,Inactive,2022-08-19
129,Figueroa-Malone,Samantha Robertson,cameronmckinney@taylor-york.org,7235303070,Active,2023-03-02
130,Colon-Wagner,Becky Johnson,tracy72@matthews-bailey.com,614-806-0293x333,Active,2025-03-14
131,Hancock Ltd,Thomas Holland,walkercharlene@marquez-fletcher.com,(765)674-3748x96910,Active,2023-05-17
132,"Rodriguez, Brown and Mcneil",Shannon Green,jacob83@trujillo.biz,+1-752-507-4466x60993,Active,2025-05-20
133,"Glover, Knox and Powers",Sarah Pittman,kellyruiz@green.com,+1-351-935-3465x54947,Active,2021-04-16
134,"Silva, Blackburn and Jones",Kathryn Dillon,amoreno@pitts.com,956.797.2521,Inactive,2022-05-04
135,Walters-Smith,Philip Jackson,tracygallagher@anderson.biz,(267)260-0835x0583,Active,2022-12-14
136,Steele LLC,Brian Gordon,gary04@bryant-meyer.net,262-457-5326x03323,Active,2021-11-18
137,Dawson-Conner,Martin Wise,wheelerbrandon@valdez.com,001-616-876-1847x230,Active,2021-09-10
138,"Meyer, Dean and Haynes",Steven Hunt,campbellkristen@gonzalez-gonzalez.com,235.364.2087x37530,Inactive,2021-10-10
139,"Caldwell, Hernandez and Davis",Misty Garcia,dawn74@marshall-garcia.com,4454561100,Active,2023-08-19
140,Kline-Friedman,Nicholas Watson,ian66@nelson-cruz.info,(821)720-2169x79729,Inactive,2021-01-29
141,"Hobbs, Acosta and Snow",Mr. Stephen Alexander,greenleon@oneill.org,758.889.1637,Inactive,2022-02-05
142,"Mcclain, Salazar and Smith",Kathy Harrison,ebooth@flores-rivera.com,9839866317,Active,2021-08-01
143,West-Wilson,Matthew Garcia MD,petersenlatoya@walsh.info,550-237-5899x75711,Active,2023-09-27
144,Gallegos-Brandt,Joseph Park,princetravis@newton.com,216.337.3516,Inactive,2024-08-31
145,Barrett-Blanchard,Jonathan Moreno,tranryan@webb.com,001-592-621-6995x866,Inactive,2024-03-21
146,Waller-Chavez,Jason Graves,megan85@doyle.com,+1-845-622-8851x587,Inactive,2024-06-05
147,Mills Inc,Anthony Brown,karen24@king.com,880.557.1983,Inactive,2025-03-07
148,"Roberts, Beck and House",Tyler Daugherty,tammy00@king.info,459.389.3347,Inactive,2022-06-04
149,Moss Inc,Jeffrey Hawkins,eugenesingleton@rivera.com,7253909479,Active,2023-07-16
150,"Robinson, White and Jones",Jennifer Herrera,baileynicole@rivera.org,378.801.5739x93056,Active,2023-01-07
151,"Ramsey, Johnson and Black",Kayla Hicks,pwilliams@flores.com,(588)801-3361,Active,2021-06-13
152,"Parks, Johnson and Love",Benjamin Thompson,angela93@russell-hayes.biz,(350)661-8091x90158,Active,2023-05-26
153,"Miller, Hubbard and Kim",Matthew Wells,derekmyers@phillips.com,8883210099,Inactive,2023-06-05
154,Goodman Ltd,Jason Brewer,eugenewalker@lee-white.org,5879814141,Active,2023-08-25
155,Anderson-Rios,Manuel Mccullough,todd59@torres.com,962-705-3364x52577,Active,2023-06-08
156,Arnold-Thompson,Sarah Trevino,patriciagonzalez@mercado.com,709.896.9308x48872,Active,2022-09-25
157,"Quinn, Carter and Marshall",Jennifer Shaw,melaniedrake@sutton.com,(599)327-5037,Active,2023-01-31
158,Young-Barnett,Rebecca Hughes,ckeith@nguyen.com,001-849-589-2665x9184,Active,2025-03-24
159,Gomez-Parrish,Mr. Larry Shaw,scotthall@schneider.com,+1-813-265-1777x392,Active,2022-11-28
160,Anderson PLC,Mark Williams,brianscott@black.org,001-404-513-7977,Active,2024-04-30
161,"Thomas, Aguilar and Saunders",Kayla Jackson,sandra99@hall.com,403-988-6291,Active,2021-03-02
162,"Gordon, Wilson and Olson",Larry Carey,xboyd@wolfe.com,865.699.1624x7314,Active,2022-06-11
163,Fletcher Inc,Autumn Smith,gwendolynstewart@rodriguez-simmons.org,948-469-5946x368,Inactive,2023-12-26
164,"Peters, King and Parker",Michael Fitzgerald,adkinssean@avery.com,+1-890-326-0127,Active,2021-05-19
165,Walker-Miller,James Joyce,jennifer90@bowman.com,484.230.9883,Active,2023-11-23
166,Pena and Sons,Donald Ross,msullivan@smith.net,689-455-4393x7690,Inactive,2024-04-18
167,"Rodriguez, Jones and Phillips",Regina Frye,heather69@carrillo-todd.info,+1-279-607-1416x33565,Inactive,2022-12-12
168,Davis-Nunez,Angela Velazquez,nedwards@adams.com,333.334.3333x9521,Active,2025-01-09
169,"Smith, Vincent and Rubio",Jacqueline Stewart,travis84@walker-ray.com,267.280.8562x71875,Active,2022-08-17
170,Carpenter-Nguyen,Debbie Dunn,josephmullen@diaz-jimenez.com,(855)864-7292x93143,Inactive,2022-07-03
171,Marsh Ltd,Robert Thompson,otaylor@ferguson.com,+1-990-361-2034,Active,2024-08-29
172,"Cook, Ward and Castro",Deanna Smith,bellerin@gonzalez.com,001-745-858-7716x94722,Inactive,2025-09-12
173,Sweeney-Jones,Darren Stewart,jennifer96@barron-norman.com,001-498-876-2202x3413,Inactive,2021-09-17
174,Brown Group,Allison Sanders,garciachristine@pena.com,234.772.2820,Active,2023-08-08
175,Mcdonald-Pitts,Kimberly Taylor,brittanybryant@fields.net,257-283-1745x6424,Active,2025-04-14
176,Cooper Group,Melissa Vasquez,xevans@yates-harper.com,+1-853-868-6632,Active,2022-09-17
177,Miller-Garrett,Rebecca Austin,justin84@lopez-jones.com,217-497-4973x5020,Inactive,2021-09-14
178,Adams-Espinoza,Crystal Hernandez,arobinson@floyd-jimenez.com,505.612.0461x872,Inactive,2024-01-30
179,Martinez Ltd,Ray Ramos,gonzalezjill@boyd.info,(245)520-8814x7435,Inactive,2021-10-17
180,Chen LLC,Robert Richards,amccormick@perkins.info,001-292-751-3271x950,Inactive,2022-02-22
181,"Herrera, Rodriguez and Freeman",Justin Newman,linda73@norris.com,707-778-4873x928,Inactive,2024-10-26
182,Dillon-George,Caitlyn Schmidt,qphillips@richardson.biz,001-920-495-9351x8638,Active,2023-03-30
183,Ortiz-Morris,Matthew Williams,gregoryjohnson@washington.com,001-567-389-9405,Active,2020-12-11
184,Rios Inc,Mark Ward,yshort@brown.com,413-881-1386x3383,Active,2021-09-24
185,"Ray, Craig and Park",Brian Sparks,qwagner@ferguson.info,(558)855-6659x398,Inactive,2025-07-07
186,"King, Nixon and West",Nicholas Bird,holmesvictoria@smith-joyce.com,404-688-8992x10752,Inactive,2023-12-16
187,"Wright, Scott and Evans",Laura Robinson,cummingslaura@freeman.org,794-809-6105,Active,2024-05-18
188,Kane and Sons,Sarah Mcfarland,hbrown@flores.com,883-420-6799x81364,Active,2021-12-16
189,Miller-Duncan,James Miller,iayala@castillo.info,(393)389-8331x4659,Active,2024-05-08
190,Diaz-Lee,Matthew Carrillo,vanessajensen@hanson-alexander.com,652.211.0392,Active,2023-10-03
191,"Brock, Torres and Ruiz",Patrick Lewis,ana92@hale.net,9422043940,Inactive,2021-05-26
192,Guerrero-Alvarado,Heather Rodriguez,michelle63@romero-mckinney.com,698.712.3878x0038,Active,2025-01-01
193,Garner-Smith,Heather Turner,lisa46@raymond.com,(856)521-6893,Inactive,2025-09-15
194,Simmons LLC,Erin Daniels,denisecarpenter@mcbride.net,(362)492-5188,Active,2023-07-15
195,Acosta LLC,Jennifer Jenkins,oreese@hill.com,5995499939,Inactive,2021-01-21
196,Miller-Chan,Ryan Harrison,jack67@taylor-lee.com,(504)863-3312x79757,Inactive,2024-04-11
197,Franklin Group,Jennifer Crosby,meyershannon@rich.net,+1-960-886-8034,Active,2023-06-05
198,Murray-Henderson,Amy Black,stevenlucas@sharp.com,001-398-626-6570x27937,Active,2023-08-04
199,"Wong, Dawson and Martin",Anna Mccarthy,christopher68@herring.com,492-522-2064x47421,Inactive,2020-11-11
200,"Cannon, Smith and Jimenez",Dr. Lawrence Snyder II,cchavez@burke.com,+1-749-283-0220,Active,2022-01-26
201,Estrada PLC,Thomas Williams,kchaney@mitchell.org,+1-727-895-0145,Active,2021-05-30
202,Bridges-Brown,Bryan Villarreal,alison83@clark.net,779-446-9548,Active,2025-08-15
203,Stone-Welch,Christopher Lynch DDS,aaronjohnson@robles.org,(760)255-8303x44144,Active,2021-10-20
204,"Cook, Foster and Carroll",Sandra Lee,sandra77@brewer.com,+1-278-557-6084x9588,Active,2025-09-29
205,"Rivera, Hendricks and Flynn",Chase Pittman,tonya82@obrien.com,001-650-446-1735x743,Active,2021-10-15
206,Glover-Strickland,Jill Johnson,jstein@peterson.net,652-218-2307x6810,Inactive,2021-07-29
207,Owens-Williams,Mary Edwards,danielle35@lee.net,771-742-2410x98813,Inactive,2023-02-21
208,Harding LLC,Carolyn Collins,amber02@ruiz.com,960-716-6299,Inactive,2023-06-29
209,Roth-Marquez,Kim Beltran,fbradley@mcdonald.info,233.329.4562x5577,Active,2024-11-16
210,Bell Group,Diane Bailey,williamsullivan@robles.com,+1-476-996-3938,Inactive,2024-02-06
211,Peterson Ltd,Rachel Graham,amy32@caldwell.info,699-875-8172,Active,2021-06-05
212,"Rodriguez, Cervantes and Wise",Johnny Keller,robinsondominic@berger.com,+1-627-884-6997x33549,Active,2023-10-06
213,Aguilar PLC,Mrs. Bethany Phillips,rachel00@castro.com,8365965666,Inactive,2022-04-23
214,Taylor-Peters,Heather Butler,whitney22@jones.com,001-876-921-2679x6927,Active,2024-02-09
215,Perez-Coleman,Jonathan Simon,robert89@johnson-johnson.info,001-351-597-1284x781,Inactive,2024-11-07
216,"Harmon, Horne and Miller",Rebecca Edwards,bergeramanda@harrison.info,001-656-654-4209,Inactive,2021-05-10
217,"Kennedy, Jackson and Williams",Rhonda Weber MD,martinezchase@king-gilbert.com,901-492-9275x243,Inactive,2025-04-27
218,Cooper Inc,Linda Underwood,amullins@young-alexander.com,895.904.1027,Inactive,2023-05-26
219,Reese-Goodwin,Jamie Thornton,hbaker@smith-ho.info,(358)601-8569x4544,Inactive,2025-10-20
220,Murray-Leonard,Michael Townsend,erica25@smith.biz,281-275-3443,Inactive,2021-08-13
221,Mays Ltd,Claire Greene,ericksondavid@anderson.org,(812)744-7174,Active,2023-01-09
222,Norman LLC,Janet Cook,scottlisa@alexander.com,+1-662-371-2863x917,Active,2021-02-17
223,Jones Ltd,Jeremy Mosley,denisesmith@ortega.com,001-556-290-8776x618,Inactive,2024-02-08
224,"Meyers, Olson and Bradley",Heather Maldonado,pbrown@diaz.com,943.328.0634x615,Active,2024-07-23
225,"Lopez, Johnson and Johnson",Cynthia Price PhD,victor70@morgan.com,(213)987-8293x1027,Active,2021-03-23
226,Haynes and Sons,Mark Conway,bryantgeorge@brown.org,+1-731-536-5651x982,Active,2021-03-22
227,"Thompson, Brown and Hill",Carol Wood,samuelfrost@anderson.org,(420)571-0021x9467,Inactive,2022-01-19
228,"Nelson, Cole and Allen",Michael Carlson,fsalazar@serrano.net,531.981.9588,Active,2022-08-09
229,Brown-Rodriguez,Ryan Pruitt,qthompson@brown.com,464.459.7010,Active,2021-01-30
230,Robertson-Jones,Jeremy Riley,rgonzalez@hall-rodriguez.com,936-236-3179,Inactive,2024-07-17
231,Robinson PLC,James Taylor,crystalcantrell@rogers.org,5426177625,Active,2022-03-03
232,"Cisneros, Whitehead and Lane",Crystal Jenkins,natkins@wells.biz,001-233-956-9392x9060,Active,2025-02-14
233,Simmons Group,Robert Nicholson,fsimpson@mullins.com,(954)231-0742,Active,2024-09-14
234,Ingram-Sawyer,Richard Wood,apadilla@jones.com,264-398-9319x5085,Active,2024-02-03
235,Marshall-Williams,Matthew Bush,devonrogers@wilson.org,001-733-955-4864x015,Active,2024-12-20
236,"Rose, Martinez and Mckinney",Kim Carter,lauren13@miller-myers.com,811-424-1272x3804,Active,2024-11-12
237,Fisher-Rojas,Colin Johnson,marystone@jenkins-cooper.com,998.787.7492x4243,Active,2023-04-15
238,Hernandez LLC,Christopher Glass,ian22@young.com,001-727-745-2380,Inactive,2022-02-03
239,West-Cantrell,Barbara Johnson,dmack@moore-cordova.net,354.674.9297x51702,Active,2021-01-17
240,Williamson-Robinson,Gabriel Franklin,brandywalker@gonzalez-miller.info,+1-818-763-7599x80562,Active,2024-02-13
241,Smith-Cooper,Jeremy Hoffman,jessicawallace@lara-roberts.biz,001-862-399-1234x7851,Active,2020-11-21
242,Fowler-Nelson,Joel Bradley,jamescollier@spencer-williams.com,001-647-687-3002,Active,2024-11-08
243,Valdez LLC,John Watts,anthonyhubbard@gamble-jones.com,001-279-664-7158,Inactive,2022-03-21
244,"Brown, Flores and Johns",Christopher Nelson,wfields@roberts.com,732.419.2855x44518,Inactive,2020-12-11
245,Holmes LLC,Jennifer Mccall,curtismoore@decker.org,001-788-681-6711x207,Inactive,2023-12-02
246,Montoya PLC,Tracy Jackson,anthony13@vincent.com,323-221-6110x7603,Active,2025-03-15
247,"Brown, Wilson and King",Michael Webster,morajamie@lopez.com,524-395-5289,Inactive,2021-09-04
248,"Hines, Rice and Baldwin",Carolyn Webster,beltrancorey@knapp.info,(892)371-2566x383,Active,2023-07-05
249,Owens PLC,Philip Bush,millertristan@campbell-burke.com,+1-373-886-4631x75207,Inactive,2024-07-23
250,"Barrett, Miller and Thomas",Kevin Garcia,calvinhester@gonzalez-anthony.biz,736-974-9946,Inactive,2024-04-10
251,Dixon-Hernandez,Bryan Burns,courtneytaylor@rojas.info,+1-902-569-5249x91187,Active,2023-05-02
252,"Jimenez, Wagner and Daniels",Kimberly Smith,ewingnicole@reyes.biz,870.902.8427x624,Inactive,2021-10-06
253,"Leonard, Keller and Jennings",Karen Dickerson,myerstroy@jensen-gomez.com,700-790-2559x05616,Inactive,2024-05-03
254,Brown-Sanchez,Erik Miller,meltondanny@smith.com,869.786.4079x056,Inactive,2025-09-14
255,Stokes Inc,Christine Crawford,garrett45@harris-reid.com,+1-334-340-4963,Active,2023-09-13
256,Jones-Solis,Daniel Flynn,william46@fernandez.org,878.220.8297x37489,Active,2025-04-11
257,Diaz and Sons,Paul Cannon,ejenkins@harris.com,993-863-1230x347,Inactive,2024-06-04
258,"Bullock, Harris and Nelson",Richard Ramirez,dawnwilliams@tucker.com,694-916-5162x31981,Active,2021-08-08
259,Greene LLC,Kevin Price,selenarobinson@thompson.info,(449)707-8515x86734,Active,2024-11-16
260,"Richardson, Parker and Brewer",Amanda Stevenson,vazquezkristina@king.com,+1-651-583-7606x4413,Active,2022-03-13
261,Welch-Suarez,Jennifer Johnson,morrowshelby@mclaughlin-house.com,001-961-224-8156x985,Inactive,2021-04-11
262,"May, Mccoy and Gibbs",James Fuller,barbara12@black.com,+1-365-877-2429x543,Active,2023-12-18
263,Long Group,Stacey Walker,leblancdeborah@perez.com,001-320-269-6942x152,Inactive,2025-04-22
264,Ayala-Hebert,Kathleen Walker,jamesatkins@roberts-snyder.com,(939)534-3626x20443,Active,2023-12-24
265,"Sutton, Ellis and Smith",Frank Steele,jennifererickson@harper.com,737-459-9004x89646,Active,2025-08-05
266,Carpenter LLC,Johnathan Morgan,uanderson@moreno.com,(774)856-4494,Inactive,2022-03-28
267,Doyle-Henry,Kristi Livingston,jbrown@hall.info,927-361-7075x877,Inactive,2022-02-03
268,Bailey and Sons,Catherine Jackson,anna93@bolton.com,(413)271-5041x65915,Active,2021-07-10
269,Rivas-Keller,Tyler Wheeler,riverabradley@tapia.org,(830)345-0189,Inactive,2024-03-24
270,Thompson-Hanna,Ann Phelps,paulpowell@goodwin.info,(849)325-1583x77674,Inactive,2024-06-05
271,Austin-Hamilton,Andrew Peterson,prhodes@reeves.net,647-561-7422,Active,2025-04-14
272,Phillips-Williams,Andrew Rodriguez,dgutierrez@cortez.org,380-817-2260,Inactive,2023-05-14
273,Matthews-Gibson,Loretta Baker,jasonmiller@green.com,9616027769,Active,2023-11-26
274,"Nunez, Vaughn and Foster",Calvin Smith,cabreraheather@trevino.info,+1-323-468-3147x2760,Active,2022-02-17
275,"Park, Maynard and Ruiz",Lauren Harris,awilliams@mccoy.biz,(579)298-4076x78997,Inactive,2025-04-30
276,Henderson LLC,Debra Wong,nwilson@reed.com,001-637-857-3839x5972,Active,2024-05-19
277,"Delgado, Ward and Kennedy",Carla Clark,estradadavid@moore.com,(274)333-8005x45228,Active,2023-09-16
278,Wilson-Perez,Katelyn Chaney,kayla84@castaneda.org,+1-410-377-1199x18081,Active,2022-08-01
279,Moore-Carter,Jonathan Oconnor,mooremichael@martinez.info,(403)875-4821x45653,Inactive,2022-10-10
280,Pham Group,Stephanie Crane,sherry72@robbins.com,455-262-6060,Inactive,2025-04-03
281,Barnes-Blackwell,Shelley Griffith,regina04@bishop.com,+1-299-775-6341,Active,2024-02-25
282,"Higgins, Hobbs and Meyer",Cindy Hunt,adrienne20@zamora.org,234-368-1054x851,Inactive,2024-08-26
283,Armstrong-Smith,David Reese,michaelmitchell@armstrong.com,858-893-5712,Active,2021-07-13
284,Brown and Sons,Jeremy Wood,hchapman@wiggins-silva.biz,376.522.8277x288,Inactive,2024-09-15
285,Johnson-Moore,Tammy Wilson,xrodriguez@roberts.com,(544)470-2296x044,Inactive,2024-12-28
286,Martinez LLC,Andrew Olson,ariel56@davenport-bass.com,001-828-777-7251x99663,Inactive,2025-06-08
287,Rubio Group,Maria Cline,armstronglaura@parker.com,298.390.9837,Active,2025-05-11
288,Rivers LLC,Danielle Thornton,imiller@flores.com,662-460-8564x11182,Active,2022-05-22
289,Tate-Moore,Meghan Brown,howard04@garcia-thomas.com,861-303-3993x788,Inactive,2023-02-15
290,Flores PLC,John Russell,robinsmith@richmond.net,+1-524-896-7183x2582,Inactive,2025-07-22
291,Williams-Hess,Lisa Delgado,aaronmahoney@nelson-king.biz,(839)384-0289x141,Active,2022-01-08
292,"Hawkins, Ramirez and Reynolds",Tina Flores,cynthia74@bates.com,279.250.2097,Active,2022-04-24
293,Peters-Horton,James Miller PhD,ryanpatricia@wallace.biz,+1-256-620-1753x703,Inactive,2023-11-17
294,Davis PLC,Rhonda Walker,ccoffey@vasquez-padilla.org,403.561.4987,Active,2025-08-24
295,"Fleming, Cunningham and Jones",Austin Green,nicoledaniel@lee-gregory.net,+1-948-970-6056x641,Inactive,2023-11-29
296,"Blake, Stephenson and Walker",Jason Cole,myersmatthew@aguirre.biz,933-825-4110,Active,2021-01-14
297,"Robles, Mcconnell and Pittman",John Benjamin,underwoodapril@harding.org,217.991.1006x512,Inactive,2021-04-20
298,Bishop-Reynolds,Anthony Williams,nmorales@hall-greene.org,2769769915,Inactive,2025-03-26
299,Matthews-Rodriguez,Micheal Watkins,rebeccamartinez@scott.info,(732)600-2496,Active,2025-10-19
300,"Rowe, Hernandez and Parker",Jacob Smith,brianhunter@trevino.com,+1-631-853-7795x9959,Active,2023-08-18
301,Garcia Inc,Thomas Fowler DDS,phanson@navarro-cisneros.com,001-463-662-0501x5081,Active,2024-07-31
302,Welch LLC,Allen Gonzalez,jefferygreen@morgan.com,(330)724-1026,Active,2022-08-16
303,Bryant-Wood,Christopher Rose,ejohns@thomas.com,586.655.9630,Active,2022-02-05
304,Wright-Soto,Cameron Romero,fclark@gibbs-mendez.com,668.857.8725x58777,Inactive,2025-10-20
305,"Johnson, Robinson and Harris",Jennifer Torres,xduncan@pierce-taylor.com,978-853-9078x9567,Active,2024-04-24
306,Ballard-Stewart,Christopher Hall,howardchristopher@hunt.com,711-650-8353,Inactive,2023-05-30
307,"Ochoa, Sutton and Hill",Yolanda Murillo,alan44@logan-powell.biz,001-907-582-6333,Active,2025-03-22
308,"Hartman, Todd and Sharp",Ricky Edwards,roymcmahon@clark-cole.net,7525924075,Active,2024-05-26
309,Jennings-Powell,Kimberly Nguyen,bradleyantonio@hernandez.org,+1-399-796-6361x8637,Inactive,2025-09-05
310,Fowler-Torres,Michael Thompson,mjohnson@pruitt.com,234.481.7058,Inactive,2023-08-13
311,Myers-Mayo,Jason Paul,nfriedman@harrell.biz,001-272-499-4938x743,Active,2024-08-16
312,Summers PLC,Kelly Kent,kstevens@mclaughlin.info,(446)392-6329x676,Inactive,2024-03-07
313,"Bautista, Allen and Harrell",Mark Carter,wolfejennifer@kerr.net,651-518-5672,Active,2025-02-20
314,Murray Inc,Megan Murray,julie36@smith.com,277-371-1837x27422,Active,2022-05-05
315,Martinez-Figueroa,Michael Smith,eric52@klein.net,270.281.6470,Active,2024-01-17
316,Mcfarland LLC,Christina Smith,haysmatthew@frazier.com,522-506-8155,Inactive,2025-06-11
317,Mcmillan-Martinez,Howard Thompson,avaldez@lewis-robinson.com,+1-495-601-3649x7189,Inactive,2021-08-22
318,"Nguyen, Mccoy and Price",Patricia Anderson,cynthiahenson@spence-estrada.com,309-697-6838x90309,Active,2022-11-05
319,"Patterson, Sanchez and Miller",Jonathan Harris,charris@mclean.info,001-552-545-0864x0355,Active,2025-06-03
320,Knox Ltd,Rebecca Horton MD,lboyd@soto-brown.info,530-523-2129,Active,2025-02-24
321,Simmons Group,Nathan Sanchez,catherineturner@west.info,856-462-7768,Active,2024-12-07
322,Gill Group,Olivia Dorsey,angelathompson@ford-chavez.biz,+1-597-215-2732,Inactive,2020-12-10
323,"Cross, Brooks and Sullivan",James Harmon,pburns@jones.com,(592)536-4587x5066,Active,2024-11-24
324,Dorsey LLC,Megan Terry,josegibson@hernandez.com,8114669183,Active,2024-06-19
325,Holt-Mason,Stacie Willis,ugoodwin@rodriguez.com,(343)364-0270,Inactive,2024-05-22
326,"Butler, Roberts and Jordan",Cody Taylor,hwhite@bradley-lewis.com,3236467912,Inactive,2021-07-25
327,Martinez-Brown,David Washington,smithjoseph@ortega.com,780.869.8477,Active,2023-09-12
328,Maldonado-Cooper,David Ward,dgray@marks-drake.com,962.809.1843x579,Inactive,2022-06-07
329,Andersen LLC,Isaac Williams,erica39@ross-salazar.com,(267)416-4932x898,Active,2025-01-25
330,Turner Ltd,Victoria Owens DVM,olsonamber@lewis.com,960-325-6434,Active,2021-12-27
331,"Schultz, Vasquez and Pope",Danny Johnston,schneidernicholas@paul.net,(733)441-4111x59319,Inactive,2023-07-02
332,Ray-Smith,Joseph Boone,xflores@peck.org,516.908.7524,Active,2024-09-17
333,Guzman and Sons,Sarah Carey,georgekyle@martinez.info,+1-837-646-0523x3027,Inactive,2022-03-10
334,Kelley LLC,John Bailey,hmyers@campbell.net,(612)459-0472x9277,Active,2022-08-14
335,Brock and Sons,Alexa Barber,gregoryvanessa@bennett.com,8154720185,Active,2024-04-09
336,Johnson and Sons,Eric Carlson,denisebennett@esparza.info,+1-264-975-0111x1783,Inactive,2023-03-01
337,"Mcgee, Bauer and White",Mr. Jeffrey Duncan,nguyenjennifer@lopez.net,+1-387-418-9813,Inactive,2022-05-14
338,Peters LLC,Carl Harris,christopherscott@miller.net,458-926-0340x8487,Inactive,2023-07-01
339,"Bartlett, Shea and Obrien",Melissa Bates,youngjacob@chase-lewis.com,+1-683-895-4296x184,Active,2022-03-23
340,Bryant-Duffy,Teresa Thomas,chadoconnor@terry.net,+1-326-325-6609x314,Active,2025-07-01
341,Jones-Bowman,Gavin Nelson,joshuagarcia@gray.com,(684)697-1859,Active,2021-09-04
342,Jackson Group,Robert Byrd,iwoods@smith-palmer.com,+1-722-969-4053x96727,Active,2025-02-08
343,Hill-Patterson,Sierra Cervantes,cynthia14@townsend-bruce.com,931-229-0148,Inactive,2024-06-10
344,"Romero, Cross and Castillo",Yolanda Barron,sullivanchristina@smith.com,489.309.7283,Inactive,2023-12-16
345,Palmer Inc,James Brooks,morganerika@rosales.info,243-709-6348x0797,Inactive,2020-11-19
346,"Stevens, Evans and Rodriguez",Nathan Morales,garciatravis@rice.biz,670-724-3765,Active,2024-06-23
347,Herrera LLC,Jeffrey Franco,donaldburgess@howard.com,434-502-6650,Inactive,2024-11-29
348,"Bird, Wilson and Burns",Michael Anderson DDS,vshaw@anderson-rosario.com,(225)880-3056,Inactive,2024-12-01
349,Campbell-Miller,Luke Daniel,johnwang@gamble-wright.biz,571.389.2392,Inactive,2021-12-17
350,Johnson-Mooney,Jessica Jensen,linomar@torres.com,(770)286-0414x54563,Inactive,2022-05-19
351,Smith Ltd,Christy Kennedy,jordanjohnny@cox-torres.com,+1-808-325-5598x95343,Active,2021-09-27
352,Soto PLC,Kevin Barr,jamesgriffin@jones.org,747-938-2023x68485,Active,2021-10-31
353,Jones-Barnes,Kathy Johnson,heather24@sosa.com,001-667-588-1278x6866,Inactive,2022-05-26
354,Moore and Sons,Alexa Mcfarland,ugordon@green.com,+1-412-630-8340,Active,2021-12-19
355,Marks-Williams,Wanda Clark,smithmichael@compton.net,626-294-5005x342,Inactive,2025-05-28
356,"Irwin, Osborne and Deleon",Patrick Reyes,molly98@montoya.com,939-462-7365x271,Active,2024-09-28
357,Ochoa and Sons,John Blair,andrew22@mcdaniel-lopez.com,363-876-1820,Active,2024-02-07
358,Rodriguez Inc,Maria Williams,kaylaadams@greene.com,+1-651-732-7972,Inactive,2024-11-27
359,Sanchez PLC,Lori Martinez,garciakenneth@tanner.com,3369625436,Inactive,2022-04-11
360,Walker LLC,Luis Wilson,huangcassandra@patterson.org,(962)749-4514,Inactive,2023-02-03
361,"Lindsey, Mccormick and Hensley",Paula Thomas,petergriffith@briggs-wilson.biz,001-842-715-2265x5767,Inactive,2022-01-04
362,"Dorsey, Reyes and Dunn",Katherine Herrera,patrickcarpenter@rose-frank.com,001-213-750-3058x721,Active,2023-11-27
363,Phillips and Sons,Kristen Velazquez,osanchez@burgess.com,(706)450-1917x9202,Inactive,2021-07-04
364,Jones PLC,Jennifer Cannon,vmanning@hale.com,804.812.0092x820,Active,2024-09-12
365,"Dawson, Scott and Armstrong",Darren Huynh,teresa86@paul.org,7368289177,Inactive,2024-01-27
366,Brown LLC,Chloe Rodriguez,coxkimberly@johnson-campbell.net,213-590-4383,Active,2023-02-15
367,Davila PLC,William Webb,edwardssherry@hooper.biz,835.965.2156x81820,Inactive,2025-10-27
368,Roberts and Sons,Angela Garrett,nicoleaguirre@thomas.net,598.357.2545x96063,Active,2022-02-17
369,"Burton, Jimenez and Ballard",Seth Payne,portershawn@villa.com,495-351-1274x747,Active,2025-09-02
370,Williams-Trevino,Scott Stark,scotthunt@crane.net,440.890.3802x146,Inactive,2021-06-15
371,Price Group,Hannah Mcdonald,lrodriguez@rodriguez.biz,965.315.5973,Inactive,2023-03-15
372,Johnson-Moore,Mark Flores,huertakim@mayer.biz,830.330.6442x1214,Active,2023-05-16
373,"Hayes, Barnes and Lewis",Cathy Brown,wpeterson@martin-bailey.biz,478.726.5960x8931,Inactive,2023-07-12
374,Hernandez Group,Kathryn Stewart,ubaker@mcneil.info,+1-591-503-3682x9635,Inactive,2025-09-28
375,Wood LLC,Steven Shaw,lyonsdeborah@gutierrez-bell.net,(885)612-7652x89286,Active,2024-07-22
376,"Campbell, Oliver and Buckley",Whitney Shaffer,davisallen@garcia-brady.org,+1-517-989-0463,Inactive,2025-07-11
377,Wilson-Gates,Heather Leon,pgutierrez@mueller.com,744.744.6306x00025,Inactive,2022-04-14
378,"Haney, Allen and Beltran",Matthew Poole,oanderson@madden-thompson.com,526.331.2819x64825,Inactive,2021-08-17
379,Kim Ltd,Brittany Montgomery,armstronganthony@anderson.com,(233)643-8364,Inactive,2021-07-16
380,Burton Ltd,Dr. Ashley Ho,rodriguezjustin@davis.com,561.870.6171,Inactive,2024-01-10
381,Schultz-Hayes,Edwin Berger,wilsonmatthew@webb-mendez.net,2284413908,Inactive,2022-09-04
382,Wilson-Robinson,Daniel Luna,josepholson@bailey.com,676.486.3423x461,Active,2022-08-02
383,"Freeman, Andrade and Henderson",Rose Dean,kpatterson@brooks-chen.com,220.384.9649x856,Active,2022-05-13
384,Jordan-Lopez,Daniel Watson,kimberlymartinez@barker-love.com,395.638.1649x383,Inactive,2021-06-21
385,"Stafford, Fisher and Avila",Francisco Gonzalez,rjimenez@wilson-chavez.org,296-239-0409x07426,Inactive,2023-09-15
386,"Smith, Harrison and Gallegos",Eric Stewart,richard85@salazar-long.info,515.491.0300x2156,Active,2021-08-01
387,Ramsey LLC,Kimberly Smith,greenkristen@williams.com,459-864-2297x125,Inactive,2024-08-20
388,"Martinez, Rose and Lane",Vanessa Morris,qperez@dawson-gomez.com,+1-731-517-0303x76371,Inactive,2025-04-28
389,"Garrison, Hodges and Collins",Christian Wagner,jefferycox@parrish-palmer.biz,914.362.4912,Active,2021-10-09
390,Smith Group,Allen Stanley,hbell@miller.net,(885)407-4510x66343,Inactive,2023-03-08
391,"Lawson, Stone and Rodriguez",David Rodriguez,brownaustin@allen-patel.com,596.466.1347,Inactive,2022-07-26
392,Walsh-Mccarthy,Aaron Lopez,sstevenson@jackson.com,(225)472-0765,Active,2023-01-29
393,Jackson Inc,Tracy Aguilar,emarks@williams.org,+1-643-988-2211x45775,Inactive,2022-12-28
394,Ellis-Carey,Gene Holmes,rrodriguez@chandler.com,+1-625-970-3965x31361,Inactive,2025-04-26
395,Baker Ltd,Gary Lawrence,kyle09@miles.info,001-654-410-7272,Inactive,2023-06-02
396,Roberts-Marsh,Andrew Campbell,brownkevin@bell-flowers.com,325-648-8214x236,Inactive,2022-09-11
397,Kennedy LLC,Michael Hughes,grasmussen@mora-harper.com,001-565-692-3426,Inactive,2023-06-06
398,Evans Ltd,Clifford Patton,hdavis@benson-gordon.com,456.676.6708x061,Active,2022-11-24
399,"Hunt, Martinez and Daniels",Elaine Campos,qmartinez@ford.info,9107415914,Inactive,2021-05-09
400,Yang Ltd,Michelle Miles,annacoffey@walker.com,340-579-3110x2918,Active,2022-07-28
401,Wells PLC,Anthony Martinez,lwebb@skinner.com,+1-579-916-2022x328,Active,2024-12-02
402,Roberts-Garcia,Holly Hill,gwolfe@butler-coleman.com,471-996-0940x9705,Inactive,2024-09-25
403,Smith-Moore,Shannon Clark,lpalmer@hernandez.info,001-624-446-1767x929,Inactive,2023-08-04
404,"Moses, Bailey and Williamson",Andrew Christian,jesseortega@villa-alvarez.com,001-731-226-6109x41017,Active,2022-04-25
405,Rodriguez-Cole,Mark Hawkins,johnnykim@perez-harmon.biz,331.790.1302x05698,Active,2022-05-30
406,"Blair, Bartlett and May",Ronnie Hudson MD,michael82@gonzales.biz,591-228-4117,Inactive,2025-06-07
407,Johnson-Nicholson,Ronald Myers,carlos24@ferguson.net,+1-284-769-0819x740,Active,2024-06-02
408,Gonzalez-Barron,Dan Montoya,sandra03@jones-gould.org,001-205-316-9918x724,Active,2021-02-19
409,Romero-Santos,Eric Horn,andrewbrown@ferguson.com,+1-470-366-2668,Active,2024-07-23
410,Prince LLC,Greg Hull,jessechapman@gutierrez.org,6032010272,Active,2023-07-04
411,Morrison-Zamora,Mrs. Jennifer Sandoval DDS,wrightamy@thornton-li.com,245.784.3845x881,Active,2024-04-30
412,"Sampson, Tucker and Miller",Sarah Meyer,judy31@hardy-french.com,877.610.7044,Active,2021-07-21
413,Ramirez PLC,Albert Reyes,nwilliams@lopez-jordan.com,+1-840-885-0954x93059,Inactive,2021-04-27
414,Tran Ltd,Donna Ritter,ucoleman@mack.info,001-232-604-4138x4596,Active,2023-11-29
415,Hopkins-Patton,Lisa Martinez,mary27@smith-smith.com,(378)936-0914x985,Inactive,2022-05-13
416,Miranda-Hill,Bethany Mccoy,monicadouglas@wilson.com,+1-287-595-0830x44058,Inactive,2023-10-23
417,Jones Group,Billy Harris,maria61@simmons.org,(456)257-4902x504,Active,2021-09-27
418,"Lewis, Edwards and Baldwin",Rachel Marquez,nicholasaguilar@barber.com,239-989-8681,Inactive,2025-04-18
419,"Alexander, Adams and Huff",David Sanchez,jerry51@allen.com,958-881-5793,Inactive,2022-10-15
420,"Carey, Hatfield and Frost",Terry Craig,catherineflynn@edwards-miller.biz,329.473.2702x16487,Inactive,2021-02-14
421,Johnson-Jackson,Jose Moreno,wstrong@morales.com,001-941-855-9991x015,Active,2024-08-29
422,"Davenport, Roberts and Woods",Clifford Cannon,hernandezalan@wood.info,(289)841-3475,Active,2023-04-06
423,Cruz-Todd,Amanda Landry,russellramirez@edwards.com,377-532-4491x342,Active,2025-07-13
424,"Fischer, Johnson and Orr",Kimberly Lloyd,freemanlynn@harris-mcmahon.org,(678)327-4117x67412,Active,2023-11-04
425,Garner and Sons,Erin Hunter,shawn81@watts.com,001-585-638-0032x963,Inactive,2024-10-31
426,Washington and Sons,Diane Gonzalez,tapiamercedes@lewis.org,720.964.9693,Active,2025-05-07
427,"Best, Humphrey and Pittman",Mary Henry,iharper@phillips-robinson.com,(975)836-1275x15627,Active,2022-10-31
428,Carter PLC,Samuel Ortiz,jose56@lamb-coleman.com,5474350476,Inactive,2025-05-24
429,Chan Inc,Lisa Rivera,clementsandrew@davis-bush.com,001-481-708-3583x28634,Active,2023-08-27
430,Lewis-Quinn,Amanda Smith,masonlacey@moore.com,330.341.6624,Active,2021-06-18
431,"Bowen, Farmer and Perry",Ronald Jacobs,codychapman@lee-obrien.com,868-304-4731x49764,Active,2022-09-22
432,Hoffman-Webb,Kim Sanchez,kaiserjessica@farmer-klein.info,390.663.7579,Inactive,2023-08-30
433,Pacheco Inc,Christopher Hancock,fwatkins@powell.net,001-893-207-4645x2059,Active,2023-02-12
434,"Clark, Hart and Burns",Dr. David Murray MD,morseronald@bennett.com,812.837.1067x28728,Inactive,2020-11-29
435,Wilson-Forbes,Shirley Nelson,christina59@martin.org,001-958-294-7735x228,Inactive,2023-07-16
436,White-Ruiz,Abigail Miles MD,medinamark@weber.com,858-635-0344,Inactive,2023-12-17
437,"Wang, Villa and Hoffman",Christina Watkins,crossjoshua@elliott-martinez.net,001-565-499-9497,Inactive,2020-11-09
438,Hays Inc,Lisa Thomas,ubaxter@huang.com,776.675.4813x86667,Inactive,2025-04-10
439,Schmidt-Ware,Tina Dougherty,jennifer68@henry-mccormick.com,+1-565-520-5756,Active,2024-02-02
440,White-Adkins,Jeremy Fox,willismark@moon-shaw.com,+1-940-947-6044x090,Inactive,2025-01-02
441,Wells Ltd,Rhonda Johnson,salazarjennifer@fitzgerald.biz,207-705-1843,Inactive,2023-07-12
442,"Jackson, Andersen and Bowen",Adrian Beck,qmonroe@brown.com,001-641-627-0493x8620,Inactive,2025-08-08
443,Wilson-Owens,Angelica Conrad,wilsonchristopher@miller.com,001-620-435-7134x32406,Active,2023-03-17
444,Cunningham Group,Cole Stephenson,tiffanygreen@baker-burns.org,(858)772-0962x893,Inactive,2023-04-16
445,Peterson PLC,Natalie Adams,jonathanmcdonald@weeks.com,227.495.5969x0515,Inactive,2024-06-02
446,Cook-Wong,Thomas Torres,wpayne@gonzales.info,001-796-967-3459,Active,2024-03-31
447,Williams-Hickman,Timothy Mcintosh,fisherkim@morales.com,+1-983-892-2501x425,Inactive,2022-03-29
448,Smith-Hernandez,Elizabeth Miller,michaelakim@sanchez.com,9728517863,Inactive,2024-10-10
449,"Sanchez, Stark and Hughes",Timothy Ross,rachael69@ferguson-reed.org,2398235558,Active,2021-06-29
450,"Hall, Porter and Williams",Brandon Cruz,ronaldmitchell@leonard-castillo.com,(422)868-1715x16025,Inactive,2024-09-13
451,Tucker Ltd,Raymond Turner,judy19@shaw-norman.com,+1-251-726-8612,Active,2023-01-11
452,Robertson PLC,Jordan Williams,bill77@williams-greene.com,965-740-8424x560,Inactive,2023-05-14
453,"Johnson, Rodriguez and Dennis",Jennifer Thompson,martinezduane@jordan-hill.info,001-393-889-7015x502,Inactive,2025-03-12
454,"Miller, Pennington and Curry",Alex Clements,jennifer16@leon.com,698-283-0597x3642,Inactive,2024-03-23
455,Gregory LLC,Daniel Casey,joshuaford@flores.com,719.849.7969,Active,2024-11-17
456,"Smith, Peterson and Reed",Joel Newton,amandajackson@scott-johnson.org,678-751-3854,Active,2024-09-03
457,"Mcdonald, Moore and Richards",Krystal Perry,potterjustin@henry.com,(891)716-3319x4226,Active,2022-09-08
458,Lester-Ramirez,Lorraine Beck,wayne86@trevino.info,872-826-4085x7216,Active,2024-04-28
459,Fields PLC,Leonard Gordon,greenejessica@nguyen.com,001-571-450-9688,Inactive,2024-09-23
460,Sharp-Allen,Micheal Gonzalez,kellykline@lane.com,+1-297-232-7819x52371,Active,2024-04-16
461,"Cowan, Atkins and Jones",David Baldwin,baldwincatherine@espinoza.com,360-456-8761x1249,Active,2023-12-14
462,Douglas-Thomas,John Baker,dawn17@vasquez.com,001-675-274-9490x228,Active,2022-09-18
463,Elliott-Reeves,Mike Bradley,thomas74@manning.com,(694)464-3039,Inactive,2025-10-21
464,Green Ltd,Sheila Black,kmontgomery@schneider-matthews.net,585-667-2872x76015,Inactive,2022-08-04
465,Hernandez PLC,Rachel Santos,victor90@singleton.com,001-335-206-1581x4888,Inactive,2024-08-19
466,"Mills, Sanchez and Robles",Timothy Mathews,hannahbryant@krause.net,913-912-8403x339,Inactive,2021-09-02
467,"Keith, Williams and Tyler",John Ramos,igonzalez@lewis.org,(717)939-9704x69472,Inactive,2025-03-17
468,Bean-Evans,Danielle Hill,connie12@smith-barry.net,372.521.6417x5823,Active,2022-08-25
469,Shaw-Flores,Ashley Evans,ashleymoore@lee.com,(592)658-7964,Active,2024-11-06
470,Wood-Torres,Sandra Stewart,ronald66@gill.com,(852)774-0334x45056,Inactive,2025-07-31
471,"Stevenson, Salinas and Williamson",Donald Jones,markcastillo@watkins.biz,001-773-949-9601x054,Inactive,2023-04-03
472,Ruiz Ltd,William Oconnor,morganlawrence@gonzalez.org,+1-748-984-0215,Active,2022-08-30
473,Morris and Sons,Gary Byrd,jonathan02@may.biz,908.608.5096x0858,Inactive,2025-09-21
474,Walters-Navarro,Valerie Norman,laurenmathis@berry.org,+1-931-864-7725x1295,Inactive,2021-01-06
475,Andrews-Smith,Alicia Perez,ohernandez@craig.com,001-295-492-3234x21089,Active,2025-06-05
476,Blevins-Murphy,David Clark,frank43@barton.com,516.807.3607x763,Inactive,2021-11-23
477,Costa PLC,Misty Martinez,davidburns@howard.com,285-874-8170,Inactive,2024-05-28
478,Nixon-Garcia,Eric Brown,jerome16@smith-brandt.com,4239290282,Inactive,2021-03-02
479,Carlson and Sons,Mary Watson,amorrow@thompson.com,001-725-212-0734x6549,Inactive,2021-01-20
480,Johnson-Ruiz,Brianna Russell,ufarmer@jackson.com,461-217-7687,Active,2023-06-26
481,Harrison-Leach,Matthew Diaz,woodskaitlyn@gonzalez.com,611.464.9133,Inactive,2023-05-25
482,Page-Murray,Kelly Huerta,kathleen25@brooks-thomas.com,001-960-932-0203x2650,Active,2023-10-05
483,Fuller PLC,Willie Chavez,amy14@mack.com,257-487-1584x156,Inactive,2021-08-21
484,Hester Inc,Micheal Martinez,kurt68@burch.com,(283)723-0358x9298,Inactive,2025-06-04
485,Steele PLC,Christopher Becker,meganpotter@fernandez.biz,940.764.6867,Inactive,2021-12-28
486,"Hurley, Smith and King",Emily Leblanc,brownrobert@castillo.com,(326)469-3351x3426,Active,2022-08-02
487,Thomas-Hill,Mark Meyer,ingramcarmen@guerrero.com,+1-697-321-5406,Inactive,2024-10-20
488,Richards-Walter,Rebecca Blake,alexandradavis@morrison.info,001-766-301-4448x564,Inactive,2020-12-11
489,Marquez Group,Jon Garza,dalton78@monroe.biz,7918919113,Inactive,2024-03-08
490,"Garner, Reed and French",Laura Mills,oli@strickland.org,(705)714-6074,Active,2023-10-31
491,Hill Inc,Michael Walters,jasontownsend@wong.com,915.459.8354x1165,Inactive,2024-02-02
492,Baker Ltd,Mr. Jeffrey Ward,susanmorris@lopez.net,001-884-688-2691x311,Active,2022-01-27
493,"Peterson, Gomez and Anderson",Ryan Doyle,christina15@ramos.com,+1-924-507-3333,Active,2022-01-26
494,Phillips Inc,Karen Gonzales,robertabbott@ross.biz,001-745-546-5535x8512,Inactive,2025-05-31
495,"Anderson, Pollard and Mueller",Karen Edwards,jenniferrobbins@bray.com,001-407-297-7961,Active,2025-08-06
496,Hansen-Brown,Sean Hernandez,cameron49@valentine-luna.org,862.463.7484x5398,Active,2025-06-04
497,"Matthews, Huffman and Arellano",Paul Matthews,austinalyssa@martin.com,(807)815-1169,Inactive,2024-01-29
498,"Wells, Boone and White",Christopher Jordan,victor24@gonzalez-bell.com,271-284-0908x05120,Active,2023-08-13
499,Torres-Marsh,Jade Jones,jacoboliver@nichols.com,+1-329-659-2728x27090,Inactive,2023-04-25
500,Bailey and Sons,Carol Garcia,carrieosborn@pace-mcfarland.net,(271)781-5352x3736,Active,2021-05-02
501,Cochran-Browning,Sara Garcia,alvaradoluke@hart.net,+1-934-252-7346x6661,Active,2025-01-05
502,Morris Group,Elizabeth Gay,kelli08@lopez.com,001-698-825-0800,Inactive,2022-06-08
503,Brandt-Williams,Shelly Rodgers,williammaldonado@lozano.info,(235)213-7399,Inactive,2024-01-30
504,Mccullough Inc,Abigail Allen,tracey63@lowery-morales.com,(693)894-6943,Inactive,2020-12-02
505,Colon-Bennett,Chelsey Maxwell,carol60@wang.com,+1-611-627-1285x2464,Active,2025-09-07
506,Rodriguez-Wilson,Stacey Clements,hgonzalez@harrison.com,706.921.1369,Inactive,2022-01-18
507,Harper-Williams,Pamela Lopez,jennywilliams@fry.com,(357)530-6624,Inactive,2022-05-26
508,"Lee, Barrett and Gonzales",Andrea Sanchez,angela28@brown-cohen.biz,280.892.5502x13060,Inactive,2025-08-28
509,Vincent Ltd,Joshua Smith,ppineda@campbell-jensen.info,001-437-694-5772x7853,Inactive,2022-04-26
510,Kidd-Macias,Alex Trujillo,bradjenkins@christian.com,766.767.7767,Inactive,2023-08-10
511,"Ross, Cummings and Harris",Connor Lee,rachel86@schneider-lewis.com,818.874.9603x3582,Inactive,2022-05-15
512,Johnson-Clark,Carrie Terrell,danielleandrews@hernandez.info,327.359.9801,Inactive,2021-01-06
513,Mora Inc,Brandon Huynh,james23@pittman-cox.com,001-477-452-4418,Active,2022-03-23
514,Wilson-Kent,Justin Fuller,hannah31@dougherty.com,(967)467-2095,Inactive,2024-08-21
515,Waller Ltd,Stacey Huerta,casey29@byrd-rangel.com,+1-635-541-5970x99625,Active,2025-03-15
516,Hendrix-Strong,Fernando Jackson,jackiebaker@morgan-nelson.info,+1-815-880-2909x04637,Active,2021-02-20
517,"Powers, Terry and Rogers",Sarah Mueller,izimmerman@ball-tran.info,441-771-5810x2131,Inactive,2021-05-21
518,Armstrong and Sons,Sharon Smith,doylematthew@jones.info,+1-851-591-0231x2110,Active,2022-08-16
519,Love Group,Joseph Alvarez,jeanettesimpson@lopez.com,328.301.2342x893,Active,2022-06-08
520,Allison and Sons,Mark Vargas,shunter@simmons.com,904.242.1017x50961,Active,2021-08-02
521,Chapman-Hendricks,Michael Gregory,carrolljessica@hayes-harmon.info,(874)975-8339x205,Active,2024-10-05
522,Mclean-Mathis,Julie Nolan,vhernandez@barnes-johnson.com,862-965-0622x92310,Active,2022-02-09
523,Rogers-Smith,Eric Moses,jeremy79@porter.info,+1-805-911-5794x23873,Active,2020-12-11
524,Welch-Morgan,Luke Carr,alyssapeterson@roman-shields.com,001-771-507-5633,Active,2023-06-30
525,"Moon, Kaufman and Buchanan",Laura Rivera,rachelsheppard@armstrong.org,837.497.0581,Active,2023-07-28
526,Moreno Group,Stephanie Mullen,carl63@joseph-cox.com,733.505.5978x2457,Active,2022-06-08
527,"Jacobs, Phillips and Brown",Kelly Gordon,krystalhenderson@evans.com,900-761-5727x6829,Active,2021-10-01
528,Bryant-Gonzalez,Dominique Willis,stephanie10@tran-wood.com,001-268-206-5625x9045,Inactive,2021-12-15
529,Brown-Jones,Joseph Bentley,christopherward@morgan-gutierrez.com,368.608.6628x1372,Active,2022-10-08
530,Brown Ltd,Amy Cameron,timothywilliams@dodson.net,256-560-8470x68103,Active,2022-10-15
531,"Henry, Bailey and Miller",Katrina Calderon,ilewis@herman.org,648-858-6239x4535,Inactive,2021-11-06
532,"Mitchell, Johnson and Morrison",Kayla Sullivan,danielhughes@newton.com,001-294-639-4570x39438,Inactive,2020-12-09
533,Gallegos LLC,Travis Price,stephen69@mccall.net,+1-243-619-1009x004,Inactive,2024-08-14
534,Daniel-Ali,Jacob Brewer,xharmon@ramirez.com,301-342-4731x0720,Active,2022-10-31
535,Kane-Riley,Debra Warner,sbrown@lewis.biz,2073676209,Active,2023-03-23
536,"Campbell, Mendoza and Pham",Dillon Wiggins,hannahpatrick@williams.net,001-473-704-5195x778,Active,2023-12-29
537,"Arnold, Thomas and Moss",Christopher Morales,xlucero@hernandez-chambers.info,+1-486-256-1942x55778,Inactive,2023-10-04
538,"Hull, Mcgrath and Thomas",Mark Garner,tiffanysparks@sanders.net,+1-508-719-0482,Active,2024-12-29
539,Nguyen LLC,Jennifer Sandoval,wrobinson@russell.info,(530)881-7214,Active,2023-05-30
540,Weaver Inc,Cheryl Smith,david21@king.biz,(960)294-5653x469,Inactive,2025-01-05
541,Porter LLC,Michael Callahan,xmullins@henderson.org,(570)360-7174x811,Inactive,2024-09-13
542,Curry-Allen,Mrs. Emily Waters,arobinson@smith.org,+1-308-971-8274x96804,Inactive,2022-04-25
543,Carter-Martin,Gary Rodriguez,tanyajones@tucker-smith.com,001-460-442-3597x37112,Active,2025-08-15
544,Kim LLC,Jessica Erickson,cynthia16@johnson-graham.biz,411-345-7683,Active,2021-01-14
545,Miller and Sons,Jill Barajas,angela71@lopez.com,224.326.0508,Active,2025-04-18
546,"Adams, Moreno and Turner",Emma Sanchez,msolis@wells.biz,+1-381-422-8217,Active,2022-12-08
547,"Molina, Franco and Ward",Dennis Brown,uwilliams@johnson-powers.com,(679)932-7986x2398,Inactive,2021-06-22
548,Greene-Butler,Michele Waters,woodphillip@santos-hatfield.com,489-954-7876x9899,Active,2023-09-14
549,Holt LLC,Lisa Brown,sarah49@perez.com,001-635-843-5864,Active,2022-06-09
550,"Zamora, Taylor and Carrillo",Michael Ward,james79@thompson.com,695.927.5367,Inactive,2025-05-28
551,Thomas-Obrien,Vincent Li,msmith@reilly-gibson.net,001-948-396-3406,Inactive,2024-11-20
552,Hughes-Wilson,Isaiah Solis,williamschad@dunn.com,663-609-0015,Inactive,2024-06-28
553,Hall PLC,Nicole Reilly,mary20@silva.biz,989.302.1994,Active,2021-08-25
554,Bruce and Sons,Leonard Mcclain,joshuasmith@parker.biz,233.611.6772x696,Inactive,2022-07-31
555,"Henry, Clarke and Warren",Jonathan Gilbert,xobrien@warner.biz,(663)535-5643,Active,2024-01-23
556,"Rich, Yu and Parks",Maria Brown,pricemichael@smith-graham.info,(516)245-3454x72239,Inactive,2024-01-30
557,Williams-Perez,Caitlin Gilbert,wrightalicia@chavez-carter.biz,423-664-2813x190,Inactive,2025-06-30
558,Mcmahon-Jacobson,Robert Gonzalez,jonescraig@ferguson.net,001-252-828-2305x24808,Active,2021-12-25
559,Williams and Sons,Dana Lynch,audrey47@gibson.com,001-932-890-1620x478,Inactive,2025-07-07
560,"Barber, Oneal and Owens",Kelly Hartman,hwalton@jackson-hodge.com,8318954196,Inactive,2023-05-20
561,Johnson-Freeman,Cindy Hampton,shannongarza@taylor.com,5379476775,Inactive,2021-12-11
562,Moyer-Sanchez,Mark Garcia,brian76@wiggins.net,+1-470-271-5534,Active,2021-09-11
563,Garner PLC,Alexander Robinson,andrew65@stevens.com,791.977.6808x98126,Inactive,2023-02-08
564,Thomas and Sons,James Foster,williamsalexander@lee.com,(526)989-4301x20471,Active,2022-03-30
565,"Snyder, Miller and Stevens",Lisa Krause,qsosa@hansen.com,+1-658-729-8493x3067,Inactive,2025-02-28
566,Porter-Ramsey,Tristan Evans,daniel28@richard.com,321.588.5666x954,Inactive,2022-03-20
567,"Olson, Hebert and Jones",Steve Graham,emoore@cook.com,437-776-9366x3439,Inactive,2022-03-10
568,"Murphy, Bennett and Miller",Robert Smith,fvasquez@wong.com,6247559102,Inactive,2021-09-07
569,Davies Inc,Lisa Underwood MD,pennyholloway@rodriguez-watkins.org,519.642.1794x28179,Inactive,2021-02-08
570,Phelps-Ortega,Rhonda Howard,kelly66@bauer.com,337.422.0109,Inactive,2021-10-01
571,Martinez-Sharp,Gary Flores,jennifergraham@spears.net,001-294-637-0526x3510,Active,2024-02-24
572,Hess Group,Jennifer Fletcher,shannon56@edwards.com,4245617520,Active,2025-03-13
573,"Simpson, Ramirez and Harris",Andrew Smith,jennifer95@smith-webb.net,532.858.4868,Inactive,2021-03-03
574,Maynard-Garza,Zachary Bryant,marvin69@hanna.biz,699.835.9374x403,Inactive,2023-02-03
575,Schmidt Inc,Roberto Allen,jordansusan@nichols-lam.biz,6843907938,Active,2022-10-31
576,Castro-Murphy,Christina Cohen,murphyjohn@smith-anderson.com,(344)662-6325,Inactive,2023-06-20
577,"Holt, Fowler and Jones",Bryan Giles,camerontownsend@sanford-wilson.info,418-887-8179x41515,Inactive,2022-06-12
578,"Duffy, Swanson and Bartlett",Tracy Miranda,martinmatthew@ochoa.com,5569618632,Inactive,2025-10-27
579,"Terry, Cherry and Garner",Taylor Norman,phughes@gonzalez-williams.info,709.950.5560,Active,2021-07-23
580,Cameron PLC,Pamela Watkins,jsnyder@juarez.com,448.664.0104,Inactive,2024-01-24
581,Ramirez Group,Dr. Helen Jimenez,richard04@lopez-davis.com,399.515.1145x51293,Inactive,2021-04-02
582,Collins-Hodges,Susan Miller,rebecca41@goodwin-williams.biz,354-902-1190,Active,2021-03-13
583,Pacheco-Sullivan,Christopher Ayers,christopherjackson@hull.com,532.228.3608x4937,Inactive,2024-06-28
584,Austin Group,Joseph Cooper,abeltran@roberts.com,001-464-397-0169x342,Active,2022-12-13
585,Dawson and Sons,Dr. Monique Sutton MD,joshuarodriguez@pearson.com,001-806-815-3722x155,Inactive,2025-04-01
586,"Hill, Alvarado and Hodge",James Lopez,tracyavery@williams-smith.info,(600)478-4361,Inactive,2023-03-31
587,Thompson-Hammond,Phillip Brown,pbailey@cole.com,464.327.3720x3763,Inactive,2023-02-10
588,"Wood, Scott and Garcia",Kelli Collins,ksmith@allen.com,489.298.2780,Inactive,2023-08-15
589,"Carrillo, Barnes and Peterson",Mr. Nicholas Le,zking@willis-fuller.org,001-795-216-7933,Inactive,2023-09-11
590,Ruiz-Allen,Darren Bernard,norrisdakota@hall.com,368.211.8723x335,Active,2023-01-06
591,Hull Group,Douglas Chapman,forozco@mclean-carr.com,898-730-7482x073,Active,2021-09-07
592,Gordon and Sons,Diamond Simmons,sarah78@martin.org,5435223023,Active,2021-12-18
593,Murray-Stanley,Chad Wilson,michaelsherman@davenport-reynolds.com,(876)302-5082,Active,2021-07-22
594,Lewis and Sons,Jeffrey Lyons,josephmeyer@stephenson.org,001-857-429-8937,Inactive,2024-08-14
595,Stewart-Obrien,Rebecca Houston,richardbennett@marshall.com,2384187692,Inactive,2025-06-02
596,Lindsey and Sons,Katie Lawson,allenandrea@warren-davis.com,982-320-6732x31829,Active,2024-06-04
597,"Schultz, Miller and Wolf",Michael Haney,anthony00@vazquez.com,429-711-3717x85090,Inactive,2023-06-30
598,Chambers-Norton,Donna Carter,christopherhess@barnett.net,001-912-224-8905x67086,Inactive,2021-03-18
599,"Williams, Stanley and Blackwell",Mark Davis,alyssa66@martinez.net,255.205.4296,Inactive,2024-10-30
600,Russell and Sons,Scott Grant,kristin09@benton.com,204-601-6481,Active,2023-01-13
601,"Thompson, Fry and Jimenez",Kelli Gray,allisonbrown@allen-nunez.com,001-569-842-8946x420,Active,2021-12-11
602,Bowen-Kirk,Brian Yu,christopher06@dougherty-welch.com,(554)202-6355x824,Inactive,2021-07-21
603,Bennett-Jenkins,Dylan Johnston,ingramjessica@allen-terry.net,(645)227-9050,Active,2023-04-25
604,Harris and Sons,Phillip Kelly,brenda16@walker.com,001-397-587-1809x339,Inactive,2025-01-09
605,Taylor Ltd,Darius Khan,cummingsstephanie@juarez.biz,578-268-8002,Active,2021-01-31
606,"Rodriguez, Osborne and Rodriguez",Kyle Glass,haleycook@warner.org,460-293-6595,Inactive,2021-06-25
607,Munoz-Stokes,Margaret Andrews,ryanjeremiah@moreno-cooper.com,001-426-332-2399,Inactive,2022-11-17
608,Hill-Morgan,David Johnson,david86@williams.com,476.866.0811,Inactive,2020-12-26
609,Acevedo Inc,Christina Myers,meyerskathryn@moore-bryant.com,001-831-323-4550x6882,Inactive,2024-12-18
610,"Boone, Coleman and Hoffman",Lisa Riggs,kelly01@torres.com,773.354.3788x26033,Inactive,2021-04-15
611,Estrada Group,Alicia Short,victoria91@mitchell-white.com,001-874-692-6999x699,Inactive,2025-07-15
612,"Jacobs, Burke and Blair",Vicki Bryant,dustin59@walsh-carroll.com,591-640-8499x32312,Inactive,2022-01-13
613,Powell-Castro,Jennifer Lyons,omoore@bryant.com,+1-572-434-8389x3595,Inactive,2025-08-10
614,Huff LLC,Stephanie Choi,jarvisrachel@bishop.com,(895)382-6418x6965,Inactive,2022-09-05
615,Hoffman Group,Ronald Khan,lindsayedwards@hooper-christensen.com,646.282.3948,Inactive,2021-01-31
616,Mendoza and Sons,Michael Palmer,ysolomon@murillo.biz,631.313.9500x16809,Inactive,2023-04-30
617,"Obrien, Hodge and Morris",Raymond Roy,monicaavery@jenkins.com,+1-444-807-7794x6207,Active,2024-05-02
618,"Anderson, Taylor and Smith",Nichole Vasquez,dlivingston@cunningham.com,001-440-768-8413x33731,Active,2023-11-17
619,"Arias, Harris and Moon",John Ho,ksmith@garcia.com,763.885.2778,Active,2021-11-12
620,Robinson Inc,Kimberly Parker,barbergary@morris.net,6163440373,Inactive,2024-03-22
621,Ferguson-Pennington,Natalie Porter,rosejones@fowler.org,+1-721-934-8629,Active,2024-07-23
622,Chang and Sons,Kimberly Mcdowell,amyferrell@johnson-perez.info,001-507-898-6617x7067,Active,2025-03-30
623,Dalton Inc,Aaron Fernandez,hopkinsgeorge@soto.com,865-405-8714,Active,2021-06-15
624,"Curtis, Giles and Jones",Erin Sanders,cfischer@garza.biz,+1-598-848-0220x509,Active,2022-12-20
625,"Costa, Wong and Evans",Sarah Lynch,hollandjustin@garrett-romero.com,001-471-252-3867x673,Inactive,2024-09-05
626,James-Miller,Michelle Alvarado,isimpson@cruz-hernandez.org,001-568-972-2589,Inactive,2021-02-27
627,"Patel, Maldonado and Smith",Melanie Sparks,brett40@kline.biz,001-795-679-0012x4825,Inactive,2022-12-21
628,Villa Group,James Taylor,jacob32@patel.biz,338.791.5624,Active,2022-06-03
629,"Juarez, Bowen and Randolph",Tony Price,richardlawrence@walker.com,938-618-6550,Active,2024-02-14
630,"Nguyen, Bishop and Avila",Donna Green,leecourtney@rich.org,717-597-2038,Inactive,2023-02-15
631,Miller LLC,Eric Nguyen,urodriguez@rodriguez.com,(293)667-8136x750,Active,2022-02-09
632,"Lin, Lang and Campbell",Anita Parsons,stephengilbert@horton.info,+1-509-727-0452,Inactive,2024-04-03
633,Wu LLC,Susan Parsons,ubrown@hunter.info,842-727-5854x859,Active,2023-07-14
634,"Skinner, Roberts and Shaw",Lucas Wilson,burnettronnie@johnson-cantu.com,5024453931,Inactive,2021-10-26
635,Oneill-Jones,Gerald Johnson,cynthiasimmons@white.net,896.469.9727x36774,Active,2020-11-20
636,Diaz PLC,Dr. Tamara Roberts,foxlinda@zimmerman.com,312.239.2049,Active,2024-01-16
637,"Smith, Davis and Sanchez",Christopher Robbins,icooper@wang.net,001-617-922-5775x458,Inactive,2021-12-27
638,Moore-Duncan,Charles Davis,qreyes@allen.com,001-471-272-1733x739,Active,2023-08-10
639,Thompson PLC,Susan Lewis,gkeith@simmons.com,+1-543-788-2325x5398,Active,2025-07-25
640,Adams-Martinez,Julie Manning,zrobinson@roberts-mcmahon.org,444-997-9127x99702,Inactive,2021-06-06
641,Brown and Sons,Linda Wolf,nhiggins@zimmerman-roth.com,001-788-832-2012,Active,2021-04-18
642,"Lopez, Johnson and Williams",Katherine Cochran,gstone@gonzales.com,+1-885-323-8600x30443,Inactive,2025-09-15
643,"Flores, Stevens and Reed",Tiffany Wiggins,johnsonedward@jackson.com,+1-801-943-7483x09309,Active,2021-07-15
644,Mcdaniel Group,Walter Thomas,schultzjessica@clark.info,(272)301-9111x66122,Active,2021-02-08
645,Taylor-Cooper,Kendra Kim,jamesdean@lewis.biz,638-202-7481x24211,Inactive,2025-08-01
646,"Foster, Warren and Weeks",Laura Nguyen,edwardmitchell@smith.com,001-955-261-0399x529,Inactive,2021-08-29
647,Novak Inc,Connor Mcconnell,amber64@lewis.com,420-927-0615,Inactive,2022-10-19
648,"Simpson, Brown and George",Nathan Maynard,lsimmons@gutierrez.com,381-255-4203x4030,Inactive,2023-12-04
649,Frye-Elliott,Jocelyn Henderson,cindy57@rhodes.biz,(234)371-2476,Inactive,2021-03-18
650,"Brown, Wilson and Bowers",Daniel Shaffer,gspencer@ross-hines.com,226.380.8081x5712,Active,2023-10-01
651,"Brown, Miller and Romero",Brian Brown,martinnovak@ward-schmidt.com,743.962.1300x9625,Active,2024-06-16
652,"Jordan, King and Johnson",Aaron Gonzalez,catherinemoore@weeks-massey.biz,(821)859-1832x70004,Inactive,2024-06-15
653,Collins LLC,Allison Jones,williamsbrianna@mcdonald.com,001-738-581-9490,Inactive,2021-05-24
654,Mueller-Williams,Kathryn Morton,deborah97@logan-rice.info,+1-331-837-9716x6984,Active,2024-01-31
655,Hernandez Group,Anthony Castillo,john25@white-mclaughlin.net,+1-499-249-9197x01426,Active,2022-08-28
656,Williams-Murray,Sarah Garcia,kbrown@ortega.com,981-435-9989,Inactive,2021-10-14
657,Daugherty Inc,Kimberly Garrett,sarah80@waller.com,782-921-7588x3978,Inactive,2020-12-06
658,"Thompson, Cain and Green",John Kennedy,poolehector@james.com,+1-461-912-8794x296,Active,2024-03-03
659,"Harding, Santiago and Charles",Amber Williams,jerome14@tyler.com,(760)878-3274x883,Active,2023-11-05
660,Maxwell Group,Shannon Hopkins,owhite@dyer.com,+1-666-483-4960x478,Active,2021-05-21
661,Smith-Hoffman,Charles Zavala,bethany36@daniels-martinez.net,001-234-886-8839,Active,2022-01-02
662,Foster-Hernandez,Ms. Lindsay Jones,hansonbryan@jones-lutz.com,001-535-992-3613,Inactive,2024-04-20
663,Peterson and Sons,David Hawkins,moraleskimberly@johnson.com,001-247-824-1916x50344,Active,2024-04-03
664,Harrison Ltd,Dr. Paul Barton,isabelwheeler@mullins.com,(778)421-4174x6813,Active,2024-03-10
665,"Bennett, Baker and Henderson",Lisa Herman,jhorton@collins-hunter.org,415-259-4501x1929,Active,2024-11-24
666,Sanchez-Mcfarland,Amanda Wilson,rmiller@brown.net,(236)853-6218x9455,Inactive,2024-12-18
667,Williams PLC,Laura Roman,alyssa94@williams.biz,+1-648-796-6760x56420,Active,2024-06-09
668,Burns-Ramos,Alyssa Hayes,kayla33@trujillo.com,766-522-6540x165,Inactive,2021-04-16
669,Neal Ltd,Scott Wilson,kellyrichmond@patterson-keith.info,362-759-1601x1241,Inactive,2025-02-11
670,Ferguson-Holmes,Anthony Hodges,rodriguezbrianna@olson-simpson.net,(631)929-9570,Inactive,2021-12-25
671,"Ortiz, Baker and Martin",Angela Cross,brianrice@moss.com,765.496.8078,Inactive,2023-12-20
672,Gould-Thompson,Michael Neal,wesleyjohns@robles-whitney.com,4065445475,Inactive,2021-06-27
673,Taylor and Sons,Micheal West,nfleming@ochoa.biz,001-933-742-7203x88621,Inactive,2020-12-10
674,"Daniels, Solis and Jones",Tonya Serrano,mark30@lynch-mcguire.com,388-824-9353x40018,Active,2024-07-31
675,Wagner-Palmer,Jeffery Zhang,jonathan54@simmons-petersen.com,+1-351-279-9378,Active,2023-07-24
676,Schneider Inc,Jesus Shaw,morgan69@riley.com,001-890-545-7927x14724,Active,2021-02-22
677,Hensley PLC,Tracey Page,josephconway@wong.com,491.521.8706,Active,2022-04-20
678,"Camacho, Glass and Joseph",Christy Thomas,velasquezalexis@thompson.com,986-876-6100,Inactive,2021-11-14
679,Kelley LLC,James Davis,loweryjoe@roberts.com,001-780-674-6823,Active,2024-04-23
680,"Stewart, Rhodes and Davis",Nicholas Vang,zconley@smith.com,001-396-371-5006x6664,Active,2020-12-11
681,"Long, Watson and Dillon",Michele Snow,valeriesmith@weaver-garcia.org,001-549-870-8905,Active,2024-05-27
682,"Harris, Spencer and Gray",Krystal Sullivan,ylawson@rice.biz,+1-388-791-7879,Active,2021-02-04
683,Pratt-Patterson,Ryan Hudson,mjohnson@martinez.com,(757)489-8260x41809,Active,2021-06-15
684,Ward-Dixon,Autumn Tucker,janice27@cruz-lopez.com,488-824-1996,Active,2023-02-06
685,Martin PLC,Felicia Matthews,tbrown@le-richardson.com,485-245-7056,Active,2025-10-01
686,Martinez LLC,Aaron Andrews DVM,brownreginald@roach.info,(732)647-2828,Inactive,2020-11-16
687,Davis PLC,Susan Black,haleylove@davis.com,(785)207-1058x0119,Inactive,2022-05-08
688,Blackwell-Rodriguez,Angelica Lopez,adkinsbradley@perez-montoya.info,7922300716,Inactive,2020-11-15
689,Scott-Haynes,Angelica Gordon PhD,holly32@boyd.com,(552)694-4716x19827,Inactive,2025-05-31
690,Lewis Ltd,Amanda Cook,michaelhoffman@powell.com,257.848.3526,Active,2023-02-27
691,"Graham, Mcgee and West",Colleen Robbins,patricia88@payne.com,264.962.8055,Active,2024-08-12
692,Bush-Long,George Miller,kmoore@daniel.org,3855510740,Inactive,2021-09-06
693,Barajas Group,Teresa Davis,thomaslinda@dunlap.com,(406)295-3541,Inactive,2021-07-15
694,"Taylor, Kim and Edwards",Kylie Wiggins,smithmichelle@ellison.com,001-325-994-7950x7407,Inactive,2022-06-18
695,Ford PLC,Hector Paul,dawn31@smith.com,+1-893-240-3910x45203,Active,2025-02-21
696,"Hale, Wolf and Brown",Lori Browning,veronicarogers@jensen.com,001-235-295-2056x10067,Active,2024-03-20
697,"Patterson, Sloan and Holloway",Joshua Love,xbaker@woodard.com,001-933-994-4953x006,Inactive,2024-01-16
698,Cook Inc,Mark Poole,snydertricia@scott-nolan.com,617-784-2902x9233,Active,2021-08-23
699,Smith Inc,Maria Stafford,kellyadam@peters.com,(211)666-7329,Inactive,2023-09-06
700,Cook-Walter,Rachel Daniels,meredith21@watkins.biz,426-303-3620x2755,Active,2023-01-04
701,Lucero-Wu,Beth Solomon,davismax@perez.com,(336)921-9215,Active,2020-11-14
702,"Diaz, Davis and Rodriguez",Jeffrey Nichols,andrea19@carroll-ford.info,(916)588-0053,Active,2021-05-28
703,"Werner, Franklin and Moore",Karen Jackson,martin40@davis.info,(400)528-3948,Inactive,2021-12-26
704,"Dougherty, Brown and Davis",William Pena,sandradalton@rodriguez.com,001-293-602-0203,Active,2022-02-07
705,Phelps and Sons,Kathleen Jefferson,heathergarcia@robbins-williams.com,916.950.6463x00593,Active,2024-09-28
706,Sanders-Richards,Courtney Tate,pearsonvicki@perry.com,646.390.2983x1043,Active,2024-02-16
707,Martin-Bradley,Christina Wilson,dsmith@sullivan-dyer.biz,(270)663-6219x8655,Active,2025-10-11
708,Maxwell-Logan,Andrew Sanford,rpetty@jacobs-lopez.com,001-565-404-9627,Inactive,2022-04-09
709,Taylor-Macias,Edward Thomas,kristiwade@cooper.com,+1-521-688-0879x91962,Inactive,2021-07-21
710,"Burke, Fleming and Baker",Gerald Allen,jenniferrivers@valentine-dickson.com,(305)783-3343x031,Inactive,2025-05-02
711,Sullivan-Brooks,Jacqueline Owens,khendricks@adams.org,001-845-835-3659x746,Active,2021-05-17
712,Clark-Ramirez,Greg Wood,armstrongsara@stark.com,(669)925-5966,Inactive,2022-05-19
713,Castaneda and Sons,Sergio Hill,micheallove@baker.com,504-289-3326x1454,Inactive,2024-09-07
714,"Gutierrez, Barrett and Ellis",Terry Mckee,fergusongina@simpson.com,(621)715-8718,Inactive,2022-03-01
715,Cox Ltd,Steven Hamilton,rgreen@zamora.com,+1-820-886-5237x7729,Inactive,2023-08-04
716,Lopez-Mcdonald,Thomas Brewer,buckleycrystal@ochoa-cervantes.net,905-458-0002,Inactive,2021-12-03
717,Parker LLC,Ryan Lee,tjohnson@ponce.com,001-736-481-7203x13695,Inactive,2025-03-29
718,Thompson-Le,Charlotte Barber,wbowers@ball.com,+1-233-622-2739x38992,Active,2023-12-05
719,Vazquez-Clayton,Courtney Gomez,jeremysimmons@bell.com,+1-470-582-6971,Active,2024-01-29
720,Garcia Group,James Gomez,patriciagrant@chen.info,+1-564-484-6735x74223,Inactive,2022-01-15
721,Gillespie PLC,Brian Lawson,wendy58@hodge.com,(756)206-2953,Inactive,2024-02-24
722,Whitaker Ltd,Karen Lindsey,wyattdanny@nelson.info,413-207-5384x185,Inactive,2021-06-11
723,Hampton and Sons,Anthony Mueller,uperez@sandoval-hughes.com,001-847-605-5491x2151,Active,2021-06-12
724,Knight Ltd,Jeffrey Smith,johnstonnicholas@garza.net,352.907.0204x2620,Active,2021-08-26
725,Daniel Inc,Benjamin Harris,karenjordan@powell.biz,9985731267,Active,2021-07-07
726,"Galloway, Lopez and Kim",Phillip Stevens,heather88@alvarez.com,+1-794-431-9165x4308,Active,2022-10-26
727,Thomas and Sons,Benjamin Wilkinson,tom64@hart-bryant.com,900.802.6876x4486,Inactive,2023-05-15
728,"West, Cole and Collins",Jennifer Harris,ronald04@johnson-russell.com,337-330-9649x69277,Active,2025-08-23
729,"Howard, Hudson and James",Anthony Watson,lball@bailey-martin.com,763.864.3159x489,Active,2023-10-20
730,Gutierrez-Hamilton,Gary Green,julie44@conner.org,669-999-3934,Inactive,2023-04-05
731,Andrews LLC,Deborah Fox,dustinwilliams@mason-anderson.info,001-939-488-9413x2109,Inactive,2021-05-10
732,"Thompson, Dalton and Gill",Eric York,james65@kennedy-richards.com,8303044964,Inactive,2022-02-05
733,"Carr, Knight and Morrow",Omar Kelly,kimberlyharris@cook-long.com,596.335.9570x86199,Active,2023-01-21
734,"Ward, Evans and Green",James Miller,sarahpierce@dyer.com,662.420.3347,Inactive,2023-02-02
735,Clark-Rodriguez,Matthew Klein,sgordon@owen.com,4853294690,Inactive,2024-12-23
736,Small-Brown,Wyatt Turner,brian38@valentine-martin.net,+1-446-565-2752x332,Active,2020-11-29
737,Smith LLC,William Lewis,halljeffrey@ortiz-alexander.com,+1-267-450-7627x99553,Inactive,2023-03-14
738,"Wood, Brown and David",David Perkins,lisa23@robinson.com,9284471901,Inactive,2022-03-23
739,"Robles, Carter and Ibarra",Robert Bowen,donna87@parsons.info,946-419-9240x65838,Inactive,2024-10-28
740,"Hernandez, Wagner and Velazquez",Eugene Williams,paul84@scott.com,933.279.1212x1101,Inactive,2022-11-03
741,"Reed, Barker and Perry",Lisa Caldwell,gibsonbrandon@carter-johnson.com,+1-325-919-9945x295,Inactive,2021-09-13
742,Thompson Group,Nicole Wright,bwhite@vincent-hernandez.com,(626)654-9633x0833,Active,2023-05-28
743,Wiley-Bass,Ryan Porter,alexander70@smith.org,+1-868-551-9537x74926,Active,2022-03-12
744,"Figueroa, Gutierrez and Adams",Jonathan Flores,ernesthoward@smith.biz,(681)329-2059x229,Inactive,2021-06-10
745,Glass-Friedman,Colleen Hernandez,leslie96@graham.com,+1-262-794-2066x1549,Inactive,2021-08-29
746,Harris Inc,Joshua York,nelsonamanda@bush.com,+1-412-821-2154x8158,Inactive,2025-06-16
747,Nichols-Esparza,Adam Gallagher,schmidtjose@brown.com,+1-700-862-9877x87358,Inactive,2024-04-02
748,Bautista-Ross,Patrick Larson,jeffbarrett@bishop.biz,(621)432-0410,Inactive,2022-12-26
749,"Robinson, Kaufman and Campbell",Mr. Spencer Barton,davismichelle@hernandez-hodges.org,+1-299-249-8128x318,Active,2022-09-13
750,Henderson-Smith,Carol Smith,baileyjames@ryan.net,(231)705-0524x3838,Inactive,2025-07-16
751,"Martin, Butler and Patrick",Richard Saunders,brownraymond@reynolds.com,928.838.9633,Active,2021-07-17
752,"Rogers, Wilson and Welch",Roberta Wilcox,dthompson@wright.com,001-510-713-2823x39218,Inactive,2022-06-04
753,Mclaughlin-Chandler,John Erickson,sullivanpaula@cruz-curtis.biz,001-959-820-8814x31927,Inactive,2021-10-29
754,Hull-Neal,Kevin Riley,amberevans@jimenez.com,001-466-756-8629x591,Inactive,2024-08-24
755,Parker PLC,Stephanie Martin,jeffrey46@fields.com,001-890-674-7296,Active,2021-05-15
756,Andrews-Sanders,Aaron Casey,rparker@scott-bell.org,001-646-341-8398,Inactive,2024-04-30
757,Sanchez-Combs,Lori Clark,osbornkelly@ferguson.org,(886)405-2102,Active,2024-09-26
758,Sanders LLC,Stephanie Smith,josephbass@meyer-carrillo.com,+1-589-983-0574,Inactive,2023-01-23
759,"Cooley, Tran and Perry",Alexis Schaefer,akramer@smith.com,001-666-519-9530x5641,Inactive,2024-07-24
760,"Ortega, Merritt and Phillips",Anthony Juarez,valdezalyssa@perry.com,6136651034,Active,2022-12-24
761,Guzman Inc,Donald Cooper,zhansen@martin-case.biz,(421)755-9967,Active,2024-06-14
762,Lopez and Sons,Adam Young,scott04@parker-lester.com,+1-445-359-3965,Inactive,2022-10-22
763,"Perez, Smith and Rivas",Donna Chandler,craigmiles@brown.com,617-532-7726,Inactive,2023-10-13
764,"Morris, Leonard and Spencer",Kevin Torres,donald51@wilson-shaw.info,(391)671-0508x054,Inactive,2024-08-24
765,Parker-Ruiz,Margaret Kelly,kennethrusso@paul.info,559-249-7344,Active,2023-09-02
766,Freeman PLC,Cory Moreno,ymiller@barker.net,+1-426-908-7882x815,Active,2025-06-15
767,Gonzalez-Mitchell,Catherine Sutton,hunter74@murphy-guerrero.com,001-637-680-1891x5673,Inactive,2024-01-30
768,Miller-Mendoza,Taylor Vargas,echapman@walker-cervantes.com,001-299-246-6450,Active,2021-10-15
769,Patel PLC,Darren Smith,marissasutton@martin-padilla.net,+1-968-744-2464x884,Inactive,2024-07-23
770,Hoffman LLC,Stacy Murphy,karen28@rodriguez.com,997.389.1248x839,Inactive,2024-10-06
771,Howe PLC,Sydney Baker,lisa43@crawford-russo.net,(381)312-3038x8568,Inactive,2025-10-02
772,Lynch Group,Angela Landry,barbara09@stark.com,877-890-5528,Active,2025-10-24
773,Walker LLC,Ronald Edwards,webstersteven@smith.com,+1-960-611-9391x03829,Active,2021-12-23
774,"Cline, Bailey and Sanchez",Kenneth Vaughn,margaret18@martinez.com,937-336-1587x3662,Active,2022-09-06
775,"Bailey, Le and Morales",Harry Lindsey,bushcourtney@morris.biz,554-973-1566,Active,2025-09-01
776,Kelly Inc,Dylan Long,kellermary@ruiz.info,5286966605,Inactive,2022-05-05
777,"Miller, Aguirre and Scott",Melanie Jones,hansonheather@walters-harris.net,+1-946-540-5103x8802,Active,2020-11-26
778,Thomas-Barnes,Timothy Hicks,bakerjonathon@chavez-rice.org,895.930.9690,Inactive,2024-04-03
779,Neal-Valencia,Lisa Sanford,hudsonglen@gallagher.info,001-545-251-3587x27174,Active,2024-06-12
780,"Moyer, Galloway and Mccormick",Sara Hoover,harrisstacey@gordon.info,887.675.8333,Active,2024-11-15
781,Smith-King,Adam Smith,mcmahonmichael@petersen.com,+1-326-425-4204,Active,2022-10-24
782,Carr Ltd,Joanna Anderson,katherine10@zimmerman.org,001-941-693-2453x810,Inactive,2021-09-03
783,"Mclean, Thomas and Hill",Alyssa Cross,yhernandez@glenn-andrews.com,(225)617-4224,Active,2022-08-27
784,Barnes Inc,Lisa Johnson,patrick61@james.net,(372)702-0095x3662,Active,2022-07-04
785,Mullen-Silva,John Jacobs,browntroy@cook.com,4734971307,Inactive,2021-08-18
786,Harris Group,Natalie Kennedy,riostyler@wilson.com,001-946-617-1928x170,Inactive,2023-06-10
787,Russell and Sons,Olivia Carter,isaiahthomas@sanders.org,212-509-4477x269,Inactive,2022-05-22
788,May-Gomez,Thomas Ruiz,pearsoncarrie@cortez-johnson.com,355-798-5160x211,Inactive,2025-05-27
789,"Nielsen, Davis and Trujillo",Jennifer Todd,jessica86@mendoza-patterson.net,+1-262-537-6008x84474,Inactive,2024-07-24
790,"Grant, Davis and Cunningham",Katherine Harvey,christopherturner@powell.net,001-936-292-3534x84864,Inactive,2025-02-14
791,Wilson PLC,Jennifer Hill,earlfoley@jones.com,001-872-505-5033x0000,Active,2023-04-26
792,"Klein, Powell and Allen",Aaron Black,martinezdavid@johnson.biz,001-923-227-3798,Inactive,2024-02-20
793,Weaver Ltd,Joshua Kirby,bendermichelle@coleman.com,3093984336,Active,2022-11-30
794,Miller-Davis,Emily Bates,heather58@malone.com,6348015353,Inactive,2024-05-01
795,Griffin Group,Lisa Wright,michelle67@moran.com,+1-424-502-8182,Active,2025-03-14
796,Carlson-Wang,Brittany Macdonald,arthurreed@crawford.com,(773)953-6423,Active,2020-12-25
797,Phillips and Sons,Wendy Castro,andrearivera@wilson.com,+1-555-290-4610x0792,Active,2023-01-31
798,Ortiz-Brown,David Thomas,johnsonjennifer@solomon.org,001-861-751-2048x5076,Inactive,2022-09-29
799,"Mcintyre, Molina and Collins",Tracy Torres,patriciagood@huerta-christian.com,(401)691-5305x7347,Inactive,2022-10-31
800,Grant-Henderson,Jason Jackson DVM,bradydavid@barnett-white.info,6863665622,Inactive,2024-08-05
801,Phelps-Ramos,Debra Hanson,fmcdonald@moore.com,4614848974,Inactive,2022-11-02
802,Shields-Cain,Eric Barnes,hkelley@miller.biz,395-325-4920x644,Active,2021-09-11
803,"Page, Snyder and Gonzalez",Kim Ford,vincentroy@perez-byrd.com,282.718.8496x80664,Inactive,2021-09-02
804,Kaiser and Sons,Robert Watson,dianaramirez@lopez.biz,3498860372,Inactive,2021-04-14
805,Harris Inc,Mrs. Linda Pierce DDS,millerlindsey@mays.com,413.717.1978x6016,Inactive,2021-04-08
806,"Romero, Garcia and Wong",Makayla Underwood,michelle01@harris.com,958.221.0728,Active,2024-11-05
807,Chan PLC,Michelle Mcdonald,brodriguez@vaughn.com,(539)996-4771,Inactive,2023-09-19
808,Williams Group,Ashley Leach,laurenpayne@sharp.info,200.824.4323x62216,Inactive,2024-02-02
809,"Gomez, Bryant and Ross",James Ramos,carl91@lane.com,250-916-4261,Inactive,2020-11-30
810,Gonzalez Inc,Tina Banks,patricia24@warner.com,+1-283-692-4848x130,Inactive,2021-09-29
811,"Coleman, Pacheco and Jones",Scott Williams,richardsoncharles@cortez-gallagher.net,(746)233-9534x8110,Inactive,2021-11-04
812,Barr-Fisher,Brittney Wagner,hfoley@kennedy-arnold.com,001-912-381-7751x2395,Inactive,2023-09-27
813,Green-Bennett,Amber Powers,umartin@smith-phillips.com,(554)267-7205x17107,Inactive,2025-02-01
814,Martinez-Cruz,Matthew Schmidt,timothysharp@davis.com,780.927.4148,Active,2022-05-17
815,Williams-Hart,Randy Foster,czavala@peters.com,566.742.0763x271,Active,2022-08-09
816,"Kelley, Mccall and Alvarez",Heather Martinez,ebowen@williams.com,486.993.2055x34050,Inactive,2022-07-15
817,"Barnes, Miller and Conway",Joanna Lynn,edwardserin@morris.net,+1-677-455-4261x903,Active,2022-05-17
818,Clark-Powell,Joy Clark,mccarthygregory@thomas.info,(776)391-7162x042,Inactive,2023-04-17
819,Hood-Powell,Amanda Thompson,houstonstephanie@clark.com,8266980142,Active,2025-01-18
820,Brown PLC,Benjamin Marshall,dorseylinda@ross.info,001-605-800-4933x26724,Inactive,2025-09-30
821,Farrell Group,Donald Wallace,ruthsmith@rubio.biz,001-554-402-5998x51939,Inactive,2024-10-06
822,"Moore, Chang and White",Caitlin Armstrong,pwalker@evans.biz,4266676527,Inactive,2023-11-11
823,Chapman LLC,Lori Brooks,gsharp@graham.info,(460)420-8019x290,Inactive,2021-06-30
824,Frank-Blackburn,Cynthia Johnson,amy09@thompson.com,233.420.2351,Active,2024-01-07
825,"Trujillo, Cooper and Mcpherson",Stephen Perez,justin03@carpenter-li.net,439-233-3243x6296,Inactive,2025-05-28
826,Reed Ltd,Zoe Hall,mariekramer@davis-hobbs.com,559.965.9992x012,Active,2024-04-01
827,Jones Group,Jacob Moore,cruzcaitlin@davidson-knight.info,891-492-2671x31753,Active,2024-06-08
828,Wells-Hernandez,Lori Ross,jgarcia@johnson.com,6092928452,Inactive,2022-06-17
829,Thornton Inc,David Rivera,stewartjoseph@ingram.com,908.477.9724,Active,2024-01-08
830,"Figueroa, Heath and Hernandez",Joshua Erickson,courtney58@garza.com,887-770-6769x3332,Inactive,2021-08-24
831,Salas-Bender,John Daniels,susan40@cook.net,938.425.6726x20846,Active,2025-10-21
832,Cox and Sons,Marcia Flores,christopher96@peters.com,(801)582-5624x728,Inactive,2022-12-23
833,Lucas Inc,Caroline Martin,christopher99@wheeler.org,001-266-727-0266x045,Active,2024-06-29
834,Lopez Group,Maria Smith,christinawilliams@andrews.com,001-238-292-2247x11936,Active,2024-05-28
835,Huynh and Sons,Matthew Flores,ricardo60@cantrell-berg.biz,838-350-0953x7234,Inactive,2024-08-13
836,Hopkins-Mathews,Christine Dillon,kristinwilson@giles.com,(942)831-6544x13727,Active,2025-04-15
837,Woods-Fisher,Amanda Trevino,kristymunoz@hanson.com,(517)455-1887x01799,Active,2023-05-21
838,"White, Khan and Mitchell",Eric Ingram,mackgary@reed-norman.com,469.847.9025x48536,Inactive,2025-08-05
839,"Williams, Watts and Thompson",Morgan Adams,krauseaaron@perez-baxter.com,542.916.4359x9009,Inactive,2025-05-16
840,Green Group,John Holland,smclaughlin@bryant.com,837-906-6187x564,Inactive,2021-12-14
841,"Mcdowell, Fischer and Powell",Stephanie Casey,donna18@velasquez-francis.org,6027772910,Inactive,2021-03-08
842,"Gibson, Skinner and Hart",William Cox,cjohnson@mccarthy.com,(498)433-0677x30671,Active,2022-05-24
843,Jenkins-Mathews,Maria Parsons,wiseshannon@hunter.com,+1-990-867-3963x42898,Inactive,2021-01-14
844,"Anthony, Lindsey and Little",Sarah Walsh,donwilson@brown-wong.net,(218)967-0663x20162,Inactive,2022-06-19
845,"Perkins, Wang and Hicks",Megan Knight,tracyhoffman@park-church.com,001-637-417-0864x94269,Inactive,2021-02-02
846,Robbins PLC,Tiffany Young,craigjohn@turner-mayo.org,001-401-345-9967x069,Inactive,2023-09-23
847,"Gonzales, Smith and Green",Carla Kidd,annahunt@hopkins-sanchez.com,001-621-578-1678x066,Active,2021-10-20
848,Ware-Rose,Olivia Morse,graymelissa@mccall.net,450-837-0170,Active,2023-05-16
849,Griffin Inc,Jose Ryan,gibsonrichard@martin.com,985-600-7288x9592,Active,2021-08-03
850,Barnes Inc,Kevin Rodriguez,kgarrison@sullivan-anderson.net,4828039170,Inactive,2022-06-28
851,"Valenzuela, Baker and Adams",Kurt Mccoy,dawncook@becker.com,(204)324-2536,Active,2022-03-01
852,Ellis and Sons,Juan Adams,tsullivan@wright.info,7247365240,Active,2022-09-22
853,"Duran, Scott and Molina",Robin Clarke,erin36@nelson.com,859-877-3854,Inactive,2022-02-17
854,Yu and Sons,James Roman,ecampbell@watson.org,422.204.2986x2269,Active,2024-02-06
855,Sanders-Levy,Laura Russell,patriciabennett@kerr.com,001-998-933-5876,Active,2024-09-02
856,"Lopez, Hendricks and Hamilton",David Fox,millsmichelle@woodard-li.com,639-683-9122x60001,Inactive,2021-04-04
857,"Werner, Hale and Spears",Luis Burgess,fryekevin@stanley.org,734-410-3897,Active,2025-06-16
858,Anderson-Vargas,Maria Wall,vphillips@case.com,+1-820-382-3530x976,Inactive,2023-01-20
859,"Bullock, Morales and Sexton",Vanessa Frank,banksmeredith@ferguson-suarez.com,953.407.9661x8695,Active,2023-04-22
860,Collins LLC,Bryan Martin II,douglastimothy@stewart.info,273.421.7503x6192,Active,2023-09-03
861,"Garner, Silva and Bowen",Kelli Lee,twilliams@white.com,448.590.4760x786,Inactive,2023-07-08
862,Leblanc Inc,Julie Morris,hartmancrystal@grant.info,001-232-389-5145x634,Active,2025-08-01
863,Hicks-Cooper,Angela Doyle,morrismary@nelson-owen.biz,+1-553-291-6077x00409,Inactive,2023-06-26
864,Orozco-Wilson,Albert Juarez,gregorybrock@becker.biz,(220)438-5886x4078,Inactive,2024-03-02
865,Moore-Wolfe,Steven Campbell,nfletcher@bowen.biz,(230)839-7440,Inactive,2024-12-24
866,Wagner PLC,Wendy Williams,blakeshelton@greene.com,+1-343-311-3266,Inactive,2023-09-08
867,"Hill, Morgan and Williams",James Lopez,rodriguezdiana@phillips.com,(605)739-7077,Active,2023-03-16
868,Castillo-Wolfe,Sharon Shelton,samanthawoodard@wallace.com,(819)495-3946x7662,Active,2022-12-12
869,Warner-Johnston,Heidi Cherry,kaitlynjones@turner.net,803.868.6050x630,Inactive,2022-11-12
870,Calderon-Watson,Joseph Davidson,aadams@gardner.org,4912203025,Active,2023-01-24
871,Moore-Gonzalez,Nicole Carroll,jesse19@holloway.org,001-486-202-7574x544,Active,2023-07-20
872,Burgess-Estes,Dustin Murphy,martinezallen@martinez.com,934.245.6622x95217,Active,2023-07-07
873,"Russell, Smith and Montes",Robert Pittman,amber07@phillips.com,001-566-202-3515x85015,Active,2021-05-30
874,Hall-Swanson,Jenny Lamb,rodney58@armstrong-brooks.com,841-633-9547x940,Inactive,2023-12-11
875,Davis LLC,Victoria Mcdonald,floressteve@mahoney.net,+1-598-566-4693x6561,Active,2023-07-30
876,"Lawson, Baker and Lambert",Joshua Smith,lwilliams@chaney.info,818.943.0192x2095,Inactive,2022-11-22
877,Lopez and Sons,Lindsey Mendoza,jasonmurillo@roberts-williams.net,(453)626-7699,Active,2022-03-29
878,Kennedy-Young,Caitlin Le,denise02@parks.org,640-616-9332,Active,2022-01-04
879,Nixon Group,Lindsey Fox,marshtimothy@atkins-murphy.com,001-552-560-7569x991,Inactive,2021-11-22
880,Smith Group,Victoria Lewis,jackchang@hardy.info,273.931.6806x647,Inactive,2020-11-11
881,Hansen Inc,Robert Rogers,gavin84@mccoy.com,+1-874-902-7406x7582,Inactive,2024-05-29
882,Watson Inc,Jessica Moore,sanchezrichard@bates.biz,361-549-7459x793,Inactive,2025-10-29
883,"Carrillo, Shelton and Goodman",Michelle Wilkinson,scottrobin@simmons.com,604-893-2664x32239,Active,2021-09-12
884,Garcia Ltd,Michele Gilmore,guerrerorenee@gilbert-hart.com,440.501.2762,Inactive,2025-05-08
885,"Sexton, Crosby and Evans",Tanya Martin,vespinoza@horton.net,222.837.8870x58416,Inactive,2021-06-28
886,"Gonzalez, Cummings and Johnston",Eric Adkins,peter58@parks-hanson.org,001-263-483-0972x36108,Active,2024-05-20
887,Cruz and Sons,Jason Kelly,jessica86@rivera-wade.net,(255)257-5124x7640,Active,2024-02-14
888,"Griffin, Meyer and Lamb",Savannah Carter,howardrobert@scott-rodriguez.com,544-818-9974x023,Inactive,2025-05-19
889,Smith-Rowe,Samantha Camacho,chavezsusan@lee-macias.com,523-286-0205x089,Inactive,2023-03-14
890,"Jones, Adams and Lane",Jessica Jones,kcarlson@taylor-nelson.com,+1-241-635-6948,Inactive,2023-07-16
891,Marshall LLC,Jamie Vazquez,vanessa09@jimenez-fowler.com,001-240-459-8026,Inactive,2022-12-20
892,Thomas-Wiggins,Rebecca Montes,rhonda92@meyer-bishop.com,834.920.3197x774,Inactive,2023-12-02
893,"Diaz, Fry and Douglas",Steven Rojas,jamesmason@anderson.net,(884)619-6233x2605,Inactive,2022-03-30
894,Fisher-Castillo,Christine Sweeney,alee@powell-bridges.com,+1-715-618-1788x24265,Inactive,2024-05-11
895,"Dunn, Huff and Mahoney",Cynthia Stevens,jeffreywells@weber-bautista.com,(623)979-0065,Active,2021-04-22
896,"Oneal, Ramirez and Owens",Frank Green,ufisher@harris-warren.net,+1-390-773-7815,Inactive,2025-01-14
897,"Brown, Carpenter and Wood",Dr. Lori Jackson,williampierce@jenkins-warren.com,4763123961,Inactive,2021-01-26
898,"Atkinson, Rojas and Payne",Ariel Hebert,yboone@dixon.com,+1-970-466-9010x7923,Active,2025-07-21
899,Hughes PLC,Courtney Whitehead,mstanley@morse-sanchez.com,5675578968,Active,2023-09-18
900,Vaughn-Smith,Mr. Brian Jackson,craigmurphy@williams.com,(221)687-9938x444,Inactive,2023-12-18
901,"Medina, Garcia and Jones",Stephen Tapia,goodwinsharon@mcguire.net,915.268.9109x779,Inactive,2022-01-16
902,Fowler LLC,Lori Howard,jose79@johnson-juarez.com,001-566-340-1632x95737,Inactive,2023-11-09
903,"Duffy, Diaz and Mccarthy",Thomas Caldwell,ghall@nixon-schroeder.com,001-402-691-5854x233,Inactive,2021-08-09
904,Bond-Doyle,Gregory Rodgers,brandyrobles@arroyo.com,967-646-2159x5841,Active,2021-10-23
905,Brown-Smith,Christopher Martin,sullivanandrea@flowers.com,001-444-476-0948x37740,Inactive,2025-05-24
906,Roberts-Walsh,Dakota Villa,rogerfarrell@costa-curry.org,001-896-821-8366x7719,Inactive,2024-05-09
907,Cisneros-Smith,Nicole Herman MD,taylormelinda@anderson.com,999-780-1376x836,Active,2020-12-21
908,Wells Group,Erin Reid,lisa14@johnson-martin.com,001-851-574-6564x26018,Active,2024-12-31
909,Gray Inc,Rachel Kelly,oenglish@kelly-chang.com,476.741.4900x3850,Inactive,2023-10-03
910,Chandler and Sons,Rachael Nelson,sara48@castillo-white.net,790.647.3314,Inactive,2024-01-19
911,"Stevenson, Miller and Parks",Ronald Hernandez,wilsonheather@ellis.com,512.904.0954,Active,2025-01-18
912,"Graham, Davis and Lee",Regina Shaw,garciaheather@hanna-miller.com,001-815-411-4367,Inactive,2021-09-19
913,Tucker PLC,Jesus Williams,umccoy@turner-rivera.info,3687026933,Active,2023-01-27
914,Mann and Sons,Andrew Lopez,lopezwayne@davila-vazquez.com,001-805-922-4114x206,Active,2021-02-22
915,Edwards LLC,Kevin Thomas,birdrichard@harris.net,(422)424-0053,Inactive,2022-05-02
916,Watson and Sons,Anna Alvarado,jeffersondaniel@scott.com,891.333.2528,Active,2022-08-29
917,Sanchez PLC,Ronnie Jenkins,mathew34@mason.com,+1-476-202-4986x634,Active,2025-10-18
918,Wright-Christensen,Kara Stein,joshuaberry@weber.com,(961)852-6655x914,Active,2022-03-05
919,Cobb-Brennan,Lisa Butler,daniel75@wright.com,(547)846-6535,Inactive,2021-12-01
920,"Gilmore, Ray and Beasley",Brittany Harris,lsnyder@evans.info,527-663-8354,Inactive,2024-04-30
921,"Murphy, Curry and Sanchez",Jennifer Garcia,kennethruiz@young.net,+1-216-515-3811x68371,Active,2021-01-11
922,Drake-Wells,John Martin,hahnjoshua@henderson.com,+1-626-849-3121,Inactive,2022-07-04
923,"Tate, Logan and Ramos",Marvin Massey,paulpark@christensen-harris.com,+1-317-329-9403x694,Active,2022-05-18
924,"Gutierrez, Bartlett and Higgins",Ann Ortiz,jenkinspamela@robinson.org,301-861-2590,Active,2022-12-08
925,"Guzman, Simon and Johnson",Chloe Hall,jason67@mcbride.com,309-684-1016x7930,Inactive,2025-06-19
926,Garcia Inc,Laura Page,ingrambrandon@douglas-livingston.com,(388)266-1680,Inactive,2022-12-06
927,Thomas-Blevins,Deanna Woodard,kevin42@clark.com,(907)391-7913x86015,Inactive,2021-07-27
928,Wilson-Mcdowell,Anne Maldonado,davieskevin@caldwell-smith.net,+1-714-411-2874,Active,2024-12-15
929,"Jones, Noble and Lewis",Samuel Richardson,bphillips@jacobs.net,607-449-1619,Active,2022-12-16
930,"Hernandez, Bailey and Wiley",David Mora,martinjenkins@hamilton.biz,+1-345-252-5274,Active,2022-01-06
931,"Cox, Tucker and Stokes",Julie Daniels,abigail56@munoz-hunter.org,700.851.9567,Inactive,2022-08-09
932,Cox-Wagner,Sarah Lopez,bryantpeter@hodges.biz,(504)260-7001x441,Inactive,2024-01-19
933,"Wong, Woodward and Callahan",Richard Hunt,mcdowelladam@hooper.com,+1-341-772-8207x62381,Active,2022-03-17
934,Perez PLC,Christopher Moore,herrerathomas@fox.org,001-694-900-4108,Inactive,2021-10-26
935,Watson Inc,Taylor Reed,mckenziesonya@lee-coffey.info,(728)992-0641,Inactive,2025-07-27
936,George Group,Alyssa House,yorkandrew@garcia-roberts.com,641.995.2814,Inactive,2025-07-24
937,Marsh-Roberts,Betty Johnson,mayemily@walker.info,+1-503-978-9121,Inactive,2022-12-19
938,Short Group,Alexis Olsen,susan75@armstrong.com,(790)469-6904,Active,2025-04-04
939,"Owen, Patterson and Bennett",Jasmine Fisher,jesusavila@wallace-williams.biz,727-561-3681x49802,Inactive,2021-01-03
940,"Ramirez, Mendoza and Ross",Margaret Sweeney,joseph77@morris.net,923-424-2348x0041,Active,2023-06-15
941,Cortez LLC,Shane Burke,amanda57@singleton-richards.com,(527)596-0242x5703,Active,2022-01-23
942,"Norton, Lowe and Carter",Daniel Miller,aliciaperez@smith-clayton.org,(462)299-1721x74292,Active,2023-05-28
943,Russell PLC,Cassandra Wilson,brittanyyoder@munoz-wells.com,(732)250-3139x2804,Inactive,2022-05-29
944,Williams Inc,Amber Ray,jasonmontgomery@munoz-miller.com,4004295616,Inactive,2023-09-24
945,Baldwin-Rhodes,Amy Singh,tara40@cole.com,904.953.2316,Active,2025-05-19
946,Mitchell Group,Nicholas Massey,vsmith@mendez.com,+1-891-317-7666x50527,Inactive,2021-11-24
947,Bowers and Sons,Samantha Wong,akelley@jones.com,911.867.8706,Active,2022-07-29
948,Sanchez-Hernandez,Barbara Kelly,charlestaylor@black.biz,271.214.2943,Inactive,2021-01-29
949,"Sanchez, Greer and Mejia",Paul Cunningham,morganwarner@clark.biz,(998)566-9327x841,Active,2025-01-22
950,Peterson-Jones,Dr. Tamara Taylor,garciajoshua@olsen.com,001-466-642-6735x127,Inactive,2023-07-10
951,Walker-Morton,Travis Diaz,wedwards@austin-madden.com,678.849.6224x94510,Inactive,2022-01-04
952,Smith-Gutierrez,Keith Murphy,michele20@cannon-christensen.biz,001-672-493-5097x934,Inactive,2021-06-15
953,Johnston LLC,Richard Watson,lopezkristin@orozco-murray.com,557-597-2518x4070,Inactive,2025-05-04
954,Davis Group,Sarah Acevedo,kimlee@simon.org,001-545-416-7670x636,Inactive,2025-04-05
955,Gonzalez-Rodriguez,Sophia Petersen MD,vancejennifer@carter.com,001-883-933-6796x08289,Active,2021-07-25
956,"Clark, Smith and Rogers",Lisa Mitchell,mmcdowell@johnson.biz,790-213-2495x193,Active,2020-11-03
957,Rodriguez LLC,Brian Cooper,fernandezbrandon@gross.com,741-304-0431x5668,Inactive,2022-08-26
958,Lee-Walters,Jose Robinson,stephen58@gonzalez.com,968-656-4717,Active,2021-02-21
959,Hayden PLC,Stephen Tyler,sullivancatherine@hansen.com,(811)958-6686x11997,Inactive,2023-11-12
960,"Fitzgerald, Boyd and Beck",Austin Kane,michelle58@brooks.com,+1-581-595-6572x8535,Active,2025-10-03
961,"Watkins, Juarez and Martin",James Thomas,swhitehead@rogers-williams.com,+1-546-268-7930,Active,2022-02-15
962,"Peterson, Moore and Petersen",Paul Jordan,jonathanjones@shepherd-mckinney.com,928-454-6130x87308,Inactive,2020-11-25
963,"Bryant, Poole and Peters",Carol Webb,vharrison@martinez.com,(252)278-6309,Inactive,2024-08-07
964,Thomas Inc,Michelle Ramirez,kennethroberts@beasley.com,001-777-871-9619x9716,Inactive,2023-10-23
965,Powell-Gibson,Lawrence Cummings,pwarren@roberts.com,5959224265,Active,2022-07-16
966,"White, Monroe and Riley",Dana Hanson,ellismichael@mendoza-sanchez.com,001-815-279-1150x10162,Active,2021-02-04
967,"Johnson, Morales and Castro",Maureen Kirk,carla83@flores.net,001-335-671-9214x967,Active,2024-02-08
968,Waller Ltd,Jennifer Schultz,erika32@mcdowell.info,001-626-465-2824x685,Active,2025-01-26
969,"Anderson, Smith and Cochran",Morgan Barrett,payneelizabeth@torres.biz,4519908543,Inactive,2021-10-22
970,Best-Harris,Matthew Swanson,lukefisher@browning.com,5103009089,Inactive,2025-07-16
971,Meyer-Acosta,Emily Holloway,thompsondawn@rogers.com,389-529-0930x43766,Active,2024-05-21
972,Jackson-Hendricks,Richard Miller,emilypatterson@bailey.com,001-274-870-5311x05833,Active,2025-01-23
973,Jacobs PLC,Veronica Davis,burgessdonald@obrien-wells.biz,001-450-516-7671x8776,Active,2024-04-25
974,Reynolds PLC,Mary Johnson,ykoch@martin.com,(566)967-8809,Active,2024-03-18
975,Herring LLC,Joshua Davidson,fordbeverly@stokes.net,825-759-7772,Inactive,2025-01-20
976,Phillips-Dunn,Justin Moyer,stewartsandra@pugh.com,001-365-978-9391x29565,Inactive,2021-07-08
977,"Wilson, Rowland and Fox",Shane Ward,smithcarrie@nelson-padilla.com,378.475.7030x29301,Inactive,2023-09-23
978,"Smith, Schneider and Myers",Katherine Jackson,moralesdawn@hernandez-white.com,269.231.8062,Inactive,2025-01-27
979,"Gonzalez, Shepard and Burnett",Summer Curtis,staylor@hayes.com,8579144695,Active,2023-01-04
980,Le PLC,Rachel Cox,jon53@rivera-jones.biz,+1-568-786-5834x8348,Inactive,2025-06-27
981,Soto-Bond,Cindy Irwin,zachary32@valencia.info,(587)608-9432x698,Active,2023-05-24
982,Savage Ltd,Kyle Rogers,kellykathryn@flores-brown.com,+1-428-546-7200x734,Inactive,2025-08-29
983,Terry Group,Oscar Meadows,joseph50@hart.com,(325)685-1502x04502,Inactive,2022-08-14
984,Perez-Brown,Linda Ingram,madisonchristensen@garrison.com,723-459-0426,Inactive,2024-10-02
985,Hernandez-Hamilton,Susan Drake,daniel08@crawford-rice.net,001-555-745-1460x919,Active,2021-08-19
986,Woods LLC,Hunter Campos,haleyhale@taylor-lopez.com,(473)837-4612x15756,Inactive,2023-01-09
987,Thompson Group,David Wilson,amyers@howell.com,+1-663-703-9951x670,Active,2021-02-09
988,"Rivera, Gilbert and Lawrence",Robert Rocha,ralexander@meza.com,688.480.4851,Inactive,2021-04-27
989,Wood and Sons,Jacob Trevino,angelafloyd@rodriguez.com,255.676.7299x1154,Inactive,2023-01-13
990,Woodard PLC,Christina Evans,xandrade@herman.com,+1-429-877-1150x62917,Active,2023-09-22
991,Browning and Sons,Katrina Wilkinson,ginamiller@simon.com,+1-522-919-8369x157,Inactive,2024-07-14
992,Wilson-Johnson,Jose Hayes,ramoskelly@yang.com,8445500202,Active,2025-08-08
993,Peters-Johnson,Todd Little,jacksonleslie@chavez-sanders.com,+1-404-509-3467x5418,Inactive,2024-06-10
994,"Wagner, Williams and Oneal",Mary Griffin,williamskaren@sanchez.biz,4187422013,Inactive,2022-11-04
995,Johnson PLC,Melinda Jones,umills@jenkins.net,001-617-936-9078,Active,2024-06-24
996,Lopez-Williams,Bobby Hale,deleontammy@bryant.com,785-308-9512x370,Inactive,2021-10-09
997,"Molina, Dean and Lindsey",David Cox,zthomas@morgan-carson.org,(876)471-3771,Inactive,2024-06-15
998,Richards Group,Patrick Hubbard,cmclean@robinson.com,813.388.7402x234,Active,2023-05-28
999,Cobb-Blackwell,Jeff Luna,phillipserin@trujillo.com,+1-542-815-2483x19686,Active,2023-01-23
1000,Johnson-Wright,Joshua Cunningham,nmcintosh@arnold-chan.com,5043837936,Inactive,2023-10-07
1001,"Cantrell, Francis and Thomas",Victoria Wheeler,timothybrown@george-ramirez.com,406-629-1187x228,Active,2024-11-30
1002,Stone Inc,Brian Horton,epearson@byrd-fox.net,+1-449-374-9979x9052,Active,2025-01-02
1003,Rodriguez PLC,Rachel Travis,zachary18@nichols.com,(717)735-6316x31297,Active,2024-08-25
1004,Garner Group,Kyle Lynch,tonycastro@davis.net,001-999-390-6820x130,Active,2024-06-16
1005,Bailey-Pope,Ashley Walker,robertmartinez@jones.net,749-700-4903x72954,Inactive,2025-02-12
1006,Peterson Group,Samantha Young,hernandezmelissa@robinson.com,001-451-374-1925x81476,Active,2022-05-21
1007,"Lopez, Shepherd and Martinez",Cynthia George,jonathan38@flores-davis.biz,709.230.7968,Active,2025-10-30
1008,Dominguez-Torres,Lauren Marshall,robin08@carr.info,535.816.6811x3397,Active,2024-09-07
1009,Mendoza and Sons,Matthew Mann,mccarthyhenry@santos.com,001-641-298-3063x2365,Active,2021-08-20
1010,"Garcia, Gibbs and Roberts",Philip Tran,eric02@ramirez.com,001-894-676-5118x615,Active,2020-11-26
1011,"Lang, Mitchell and Parker",Marc Harvey,merritttaylor@collins-fields.com,619-408-2611x03565,Active,2025-10-01
1012,"Branch, Johnson and Frye",James James,xgreene@hudson.com,+1-261-594-1183,Active,2023-06-08
1013,Ramirez Ltd,Elizabeth Gray,williamlopez@lee-shaffer.net,+1-893-834-3751,Inactive,2022-12-31
1014,"Johnson, Hamilton and Stokes",Casey Wright,patrickoliver@spencer.com,643.950.9528x895,Active,2020-11-26
1015,Hudson PLC,Jennifer Murphy,carolyn76@williams-ellis.net,630.809.9542x88734,Active,2024-01-17
1016,"Mccarty, Jordan and Chapman",Deanna Smith,ellismelissa@johnson.org,6149971103,Inactive,2021-09-15
1017,Myers-Calderon,Nicholas Smith,chase86@parks.info,+1-244-692-3435x96985,Active,2023-08-05
1018,Brewer Group,Michael Gibbs,toddcollins@summers.com,(986)317-8925,Active,2023-05-24
1019,Richard LLC,Scott Villarreal,monica76@thompson.net,263-884-9368,Inactive,2022-07-02
1020,Hunt-Walker,Angela Carrillo,scottlane@cook.com,8489527758,Active,2021-04-01
1021,Hughes Group,Tony Burgess,jonfrazier@fuller.biz,396.933.1812x33576,Active,2021-03-29
1022,Andrade-Massey,Elizabeth Delacruz,bmurray@leonard.biz,967.985.0898,Active,2023-02-02
1023,Burch-Trevino,Melinda Santos,mary52@gomez.com,2376676874,Active,2022-02-10
1024,Mullen Group,Henry Parker,tbell@jones.com,+1-830-799-0009x4065,Active,2025-02-20
1025,Allen LLC,Gwendolyn Fox,diana65@peterson.com,+1-526-660-0047x09110,Inactive,2025-10-23
1026,"Ward, Fisher and Miller",Linda Bradley,fbass@kelley.com,837.946.6144x77618,Active,2020-11-01
1027,Le-Quinn,Michael Garrison,jkelley@mendez.com,(259)495-0891x4233,Inactive,2025-09-20
1028,"Lopez, Henderson and Mitchell",Donald Olson,cindyhenderson@jones.com,631-986-6047,Active,2022-11-27
1029,Arnold Inc,Nicholas Mason,joseevans@carey-smith.com,+1-844-810-2387x351,Active,2023-06-22
1030,Mendoza-Davis,Dalton Richardson,alankelly@gonzalez-lester.biz,001-758-715-3988x52178,Inactive,2021-04-29
1031,"Mills, Mccarthy and Byrd",Sydney Maddox,zrivera@franco.info,(392)238-3193x489,Active,2021-04-22
1032,Horne Inc,Sharon Lopez,jadehendrix@collins.com,001-795-497-3091x218,Active,2024-11-07
1033,Phillips Inc,James Gonzalez,cookdanielle@gonzalez-brown.com,830-730-4407x78110,Inactive,2025-07-03
1034,Alvarado-Edwards,Patrick Zimmerman,karatorres@wilson-grant.com,+1-691-326-9945x206,Active,2021-09-16
1035,Barnes Inc,Nicole Hendrix,fvaughn@brown.net,+1-322-942-1682x6822,Active,2023-11-11
1036,"Morales, Santos and James",Peggy Blevins,ricecrystal@berry-randolph.com,001-200-559-3257x2287,Inactive,2022-03-06
1037,Johnson Ltd,Susan Adams,christina24@hawkins.com,+1-851-245-2058x028,Inactive,2024-01-25
1038,Roberts Inc,Timothy White,barnesmichael@tanner-baker.biz,001-895-809-0418x985,Inactive,2023-01-16
1039,Johnson Group,Ryan Reynolds,jeffreyhansen@romero.biz,(269)393-1360x622,Active,2021-08-31
1040,"Parrish, Hawkins and Smith",Ronald Hill,forr@gilbert.com,648-695-3829,Inactive,2021-06-17
1041,"Dawson, Martinez and Stevens",Amber Ward,scott83@howard.info,609.853.2670,Active,2025-05-01
1042,"Carrillo, Davenport and Rivera",Brittany Macdonald,kim82@fox.net,8187323530,Active,2024-06-19
1043,"Luna, Maldonado and Decker",Mr. Jon Smith,zramirez@robinson.org,497-952-1353x17555,Inactive,2023-03-03
1044,"Erickson, Sanford and Miller",Michele Carter,ksutton@wallace-hodges.com,+1-397-764-5349x655,Inactive,2024-07-17
1045,Tanner-Carr,Kyle Young,mcintyrebrendan@bell.com,4164301597,Active,2023-03-23
1046,Martinez LLC,Rebecca Lewis,timothyortiz@bradley.com,(501)980-4033x48015,Active,2022-11-22
1047,Norton-Rose,Paul Garcia,mark46@reed.com,(809)667-4627x2053,Inactive,2025-09-17
1048,Rodriguez Ltd,Joseph Jarvis,owallace@hernandez.com,755-738-3077,Inactive,2025-07-03
1049,Davis and Sons,Jason Robinson,raymond84@goodman-smith.net,+1-907-751-9919x817,Inactive,2023-12-26
1050,Hernandez Ltd,Elizabeth Leon,matthewchambers@hardin-harvey.com,238.959.7477x65659,Active,2020-12-29
1051,Nguyen-Swanson,Riley Clark,jeffrey68@sandoval-garcia.biz,001-822-509-4907,Inactive,2023-05-17
1052,Reed LLC,Julie Mcknight,rodriguezstephanie@king.com,+1-743-814-8722x557,Inactive,2022-12-31
1053,Walker LLC,Monique Freeman,longmark@brooks.com,728.955.5809,Active,2023-05-26
1054,Cox-Mason,Jennifer Moore,courtney13@jackson-lewis.com,904.907.1469x714,Active,2022-12-03
1055,Martinez-Bailey,Gerald Williams,victorcampbell@wang.com,+1-261-801-7590x017,Inactive,2024-09-30
1056,"Gibbs, Nelson and Johnson",Mercedes Thompson,lee16@moore.com,+1-889-267-6353x67355,Active,2024-12-29
1057,Gibson and Sons,Cindy Maxwell,jerryreed@mullins.com,643-509-7427,Active,2024-07-05
1058,Rosales-Livingston,Michael Acosta,ealexander@adams.com,+1-407-835-6582x60825,Active,2022-11-08
1059,"Ruiz, Garza and Baker",Andrea Mercado,lpatterson@davis.com,321.942.5261,Inactive,2025-06-26
1060,"Shaffer, Thomas and Cook",Elizabeth Davila,shannon44@melendez-graves.com,(854)941-1818x513,Inactive,2022-06-06
1061,"Burch, Mcdaniel and Thomas",Roger Schneider,vaughnjavier@patterson.com,714.662.2014x8333,Inactive,2021-05-05
1062,Rodriguez Group,Daniel Price,aaronolson@mora-harrison.info,9908676183,Inactive,2022-01-23
1063,"Munoz, Smith and Fisher",Dr. Mark Lopez,porterbobby@mills.com,686-793-0326,Inactive,2024-03-29
1064,Mendez-Mcdonald,Louis Morales,jennifer39@smith.org,9972034251,Inactive,2021-11-19
1065,"Jones, Boyer and Hansen",James Gardner,amarshall@ramirez-wilson.com,219.436.2526,Active,2022-04-26
1066,Henderson Ltd,Allison Zimmerman,rrichardson@smith.com,258.838.4391,Active,2023-11-30
1067,Allen-Lara,Karen Morgan,nicholas35@johnson.com,901-228-3319x5589,Active,2022-09-17
1068,Morton-Huffman,Johnathan Vasquez,mlyons@reed.info,3948124605,Inactive,2022-12-28
1069,"Lamb, Hodges and Welch",Christine West,darius87@ellis-glenn.biz,5063434597,Inactive,2024-11-07
1070,Williams and Sons,Kevin Fisher,wcook@kemp-baker.com,904-584-8094,Active,2021-10-30
1071,"Davis, Cooper and Smith",Dylan Webb,lwheeler@roth-robbins.com,661.711.0797x6475,Inactive,2024-05-23
1072,Murray-Hunt,Brittany Hughes,kennethmorgan@johnson.net,368-556-0669x926,Inactive,2025-04-02
1073,Huynh PLC,Mario Atkins,czamora@brooks.org,001-962-363-7792,Inactive,2021-07-24
1074,Potts and Sons,Barbara Spencer MD,donnajohnson@rasmussen.com,(533)630-2399,Inactive,2023-03-20
1075,Johnson-Morales,Alyssa Charles,qknight@perez.com,+1-723-557-8652x9412,Inactive,2024-12-08
1076,"Davenport, Johnson and Reyes",Dawn Blackwell,justin75@rodriguez.net,7425554280,Active,2024-08-11
1077,Wolf-Turner,Gary Johnson,opierce@stephens-johnson.com,2393221317,Inactive,2023-08-10
1078,"Morales, Perry and Clark",Laura Anderson,xknight@moore-blackwell.info,314.924.9562,Inactive,2025-09-30
1079,Collins-Wilson,Cory White,ruizandrew@miles.net,745.612.0220x1754,Inactive,2021-05-27
1080,Hill-Jimenez,Sean Jones,richard27@santos-smith.com,(926)797-4420x360,Inactive,2023-04-28
1081,"Daniels, Mcmillan and Lopez",Walter Romero,pthomas@peters.com,(701)345-7923x26714,Inactive,2024-10-01
1082,Davis Inc,Krystal Crawford,bcaldwell@anderson.com,+1-928-252-3329,Active,2023-02-13
1083,"Holland, Gonzalez and Woods",Christopher Blankenship,amanda55@jones.org,+1-471-649-2075x7414,Inactive,2025-08-10
1084,Serrano-Aguilar,Carlos Burke,heatherthompson@andrews.info,001-673-967-7244x3435,Active,2025-04-01
1085,Martin-Villegas,John Morgan,tgoodwin@shannon.com,(499)603-4804,Active,2024-11-03
1086,"Lin, Woodward and Sims",Latoya Smith,barnesmichael@woods.com,(266)522-5492,Active,2024-05-05
1087,"Hall, Larson and Miller",Tammy Soto,gaineserika@owens.com,001-372-626-4147x56900,Active,2021-11-27
1088,"Robles, Robinson and Rivera",Nancy West,frank98@allen.com,+1-866-477-1539x022,Inactive,2023-05-25
1089,Chandler-Young,Andrew Harris,andrewsjacqueline@brown.com,+1-444-527-8735x5404,Active,2021-11-24
1090,Harvey-George,Nicole Navarro,zclements@shah-walker.com,939-569-0453x9252,Inactive,2023-09-05
1091,Gonzalez-Wilcox,Annette Walker,villajesse@wright-villanueva.com,9236641224,Active,2021-01-07
1092,"Hudson, Brooks and Klein",Anthony Hall,nguyencharles@martinez.com,207-615-5587,Active,2021-04-12
1093,Hernandez-Woodard,Megan Shah,ftorres@oliver.com,(353)580-7819,Inactive,2023-10-09
1094,Bailey Ltd,Michael Carr,sarah19@baxter.com,(271)866-3282x463,Active,2021-11-09
1095,"Jenkins, Bruce and Jones",Kimberly Diaz,iyoung@sawyer.info,(915)904-2059x86856,Inactive,2021-06-29
1096,Lee-Lewis,Allison Mahoney,mcgeebrittany@williams.biz,001-510-239-2788x8818,Inactive,2023-03-24
1097,Douglas-Cruz,Joseph Russell,uzimmerman@davis-roth.com,(490)250-9656x88267,Inactive,2020-12-08
1098,Avery-Klein,Aaron Little,nunezsherry@west-chen.info,556.240.7830,Active,2024-03-28
1099,"Ramos, Wilkerson and Wolf",Virginia Watson,michael49@harris.biz,749.906.6886x7518,Inactive,2021-09-10
1100,Coleman LLC,Gregory Lawson,lori34@howe.net,7738920025,Inactive,2023-08-27
1101,Allen Group,Karen Allen,corysimpson@castillo.biz,654-287-2012,Inactive,2022-01-05
1102,Moses-Roberts,Matthew Shea,brittany08@cortez.net,497.667.3887,Active,2024-01-17
1103,Myers Inc,Ricky Campbell,kelseybrown@carpenter.com,729-649-3074x17996,Active,2024-05-08
1104,Hernandez-Harvey,Heather Boyd,vmoore@chavez.biz,2027230234,Active,2024-02-01
1105,"Mcdonald, Castaneda and Cantrell",Ian Hopkins,mckenziecurtis@rosales.com,616-666-0812x39278,Inactive,2024-12-19
1106,"Mendez, Silva and James",Bradley Taylor,jcarr@turner-moore.com,(348)524-8863,Active,2024-10-04
1107,Murray LLC,Darrell Jones,gentryanthony@james.org,341-293-9606,Active,2023-01-29
1108,Arias-French,Laura Garner,olsenlinda@martinez.org,(247)568-8341,Inactive,2023-01-23
1109,Campbell and Sons,Kelli Rodriguez,collinsstacy@dorsey-terry.com,(251)779-0447,Inactive,2024-05-10
1110,Armstrong LLC,Renee Orr,qgarcia@ellis.com,656-245-7227x579,Active,2024-09-14
1111,"Adams, Walker and Hodge",Deborah Montgomery,osmith@franklin.com,(894)912-6410x6032,Inactive,2023-10-26
1112,Bentley Ltd,Amber Burns,rallen@miller.org,(254)661-2536x0640,Active,2024-08-01
1113,Sampson-Ross,Sherri Gray,william81@smith-banks.biz,500-977-0177,Inactive,2023-07-02
1114,"Solomon, Larson and Lamb",Taylor Wallace,rodrigueznicole@rodriguez-warner.biz,6043902144,Active,2023-11-14
1115,Sweeney-Henderson,David Wade,elizabeth65@bentley-perez.com,803.835.3004x9992,Inactive,2023-10-18
1116,Ball Ltd,Patrick Woods,dyoung@nixon.biz,001-524-487-2385x865,Active,2024-11-28
1117,"Burnett, Tran and Beck",Blake Schaefer,joshuagonzalez@kline.org,(470)360-5581x7357,Active,2021-11-13
1118,Taylor-Johnson,Laurie Salazar,karen64@clark-watkins.org,401.945.5703x934,Inactive,2021-09-04
1119,"Weaver, Foster and Mckay",Brittany Morris,murphychristine@price.com,3119015616,Inactive,2022-06-22
1120,"Scott, King and Wise",Kayla Taylor,foleyaaron@singh.com,646.699.0867x23310,Inactive,2025-05-03
1121,Snyder Group,Danielle Braun,tara61@taylor.net,+1-622-306-3186,Inactive,2024-12-03
1122,Brown-Soto,Courtney Johnson,robertduran@burton.com,599-416-7640x32391,Active,2023-10-03
1123,Kramer PLC,Stephen Trujillo,lbuck@barron-allen.org,699-695-2252x964,Active,2025-04-05
1124,Wolf-Wright,Lori Wang,hhunter@parker.com,9649098058,Active,2021-07-23
1125,Stewart-Bailey,Rachael Brown,khale@schmidt-hickman.com,(959)412-0463,Inactive,2021-10-28
1126,White-Ramsey,Nathaniel Robinson,mariophillips@hogan.org,001-797-973-7939,Active,2025-10-04
1127,Gallagher-Jones,Rose Scott,fadams@brown.com,(470)738-6256x7611,Active,2025-07-24
1128,Cross-Martin,Robert Daniels,raymond30@gould.com,+1-548-328-7321x0788,Active,2022-04-18
1129,"Alexander, Moran and Jarvis",Donna Bailey,aaronanderson@williamson.net,728-374-1627x9636,Active,2022-03-03
1130,"Simon, Murphy and Rivera",Alicia Krueger,johnsondanny@barker-mack.com,(962)430-0360,Active,2021-12-06
1131,Morris and Sons,Kendra Smith,elizabethvega@hill.com,001-816-892-8091,Inactive,2022-09-18
1132,Henderson Group,Sara Ruiz,albert30@brooks-browning.com,2616664970,Inactive,2023-04-21
1133,"Rivera, Johnson and Murphy",Katherine Evans,kgreer@smith.com,5503969961,Inactive,2023-08-22
1134,Erickson LLC,David Martin,nguyenmary@riggs.info,+1-743-254-0476x2539,Inactive,2021-09-27
1135,Wilson LLC,Ruth Flores,ddavenport@padilla-arnold.com,(203)917-4890x3045,Active,2021-11-01
1136,"Reynolds, Lloyd and Atkinson",Steven Thompson,michealpark@tate.com,3553967577,Inactive,2022-06-09
1137,Mayo-Salinas,Michael Blake,jjenkins@sawyer-nguyen.com,260-389-5897,Inactive,2023-10-20
1138,"Hebert, Jackson and Wilson",James Boyd,gbrown@nelson.com,(689)889-9307,Inactive,2021-09-25
1139,"Wilson, Wright and Hood",Margaret Ray,stevenschultz@dominguez-donovan.com,887.388.5285,Active,2025-06-24
1140,Parsons-Costa,Michael Williams,newmanthomas@matthews-gilbert.org,001-444-857-4441x0769,Active,2021-12-26
1141,Bowman-Howe,David Mack,victoria16@zuniga.com,259.983.9859,Active,2025-09-14
1142,Cox-Wyatt,Peter Weeks,qrivera@jones.com,207-230-7177x6135,Active,2025-01-07
1143,"Nichols, Hughes and Moore",Mike Mason,alexander36@matthews.com,+1-302-631-2653x27355,Active,2024-08-31
1144,Baker Ltd,Charles Anderson,timothy14@sparks-rivera.com,001-235-255-5702,Active,2024-05-01
1145,Ruiz Inc,William Baker,anne76@miranda.net,001-239-912-7065,Inactive,2024-04-12
1146,Escobar and Sons,Susan Weaver,dianachen@hughes-campbell.net,001-453-804-5555x950,Inactive,2022-08-22
1147,"Cook, Smith and Jimenez",Lisa Chambers,jessetaylor@hodge-lee.org,8464008236,Inactive,2024-06-10
1148,"Smith, Arroyo and White",Jeremy Rush,moralesstephen@johnson.com,001-215-912-0039x3449,Inactive,2024-07-18
1149,"Alvarez, Martin and Wilson",Benjamin Banks,karimeyers@navarro.org,(296)992-1053,Inactive,2021-07-23
1150,Thompson Group,Anthony Hansen,williampearson@goodman-white.com,549-485-7887x28206,Inactive,2022-03-09
1151,"Keller, Rivas and Burgess",Bob Shea,jcherry@valenzuela.biz,001-865-289-5247x609,Inactive,2024-06-18
1152,Gonzales-Neal,Robert Cooper,steven78@neal-harrison.net,+1-940-970-9465,Active,2024-09-24
1153,Mcknight Inc,Lucas Porter,jashley@torres.org,(282)261-6417,Active,2023-09-28
1154,Glenn Inc,Teresa Johnson,zchandler@robertson.biz,(647)495-1279x8312,Inactive,2025-07-27
1155,"Ward, Bird and Chambers",Ryan Conner,raychristopher@hawkins.info,4172086715,Inactive,2024-11-29
1156,Banks-Ramsey,Ronald Brown,jeffreyproctor@watson.com,+1-246-310-5110x9007,Active,2025-01-21
1157,"Mclaughlin, Johnson and Thompson",Charles Ortega,wmartin@hall.com,9297759974,Inactive,2022-10-16
1158,"Henderson, Larson and Goodman",Eric Guerra,michaelreyes@becker.com,6412641537,Inactive,2023-12-14
1159,Lester and Sons,Timothy Lucero,mirandaclarke@figueroa-wise.org,668.216.0855x717,Inactive,2023-12-04
1160,"Evans, Cummings and Black",Don Salazar,lewislori@gordon-jackson.com,+1-657-744-5099x98632,Active,2022-11-27
1161,Thomas-Alexander,Anne Wilson,bartlettapril@hensley.biz,598.259.3213x59618,Active,2024-09-11
1162,"Benson, Curtis and Steele",Alejandra Malone,dylangarrison@moore-jensen.info,+1-420-355-4829x87819,Inactive,2023-03-26
1163,Bonilla-Scott,Diana Torres,phillipsbrandy@mullen-olson.net,272-614-6172x758,Active,2023-10-06
1164,Howell and Sons,Sean Combs,ilawrence@murray.com,247.741.3401x92936,Active,2024-07-14
1165,Dominguez LLC,Amy Wolfe,johnhuang@morrison.net,847-493-6561x1568,Active,2021-12-17
1166,"Dorsey, Parrish and Brown",Julie Sandoval,christina80@faulkner-garcia.com,(427)943-3037,Inactive,2021-05-29
1167,"Gutierrez, Wong and Mitchell",Shannon Barnes,marshdaniel@jones.net,(687)780-6615,Active,2025-03-06
1168,Palmer-Bennett,Gabriel Whitaker,millsanthony@bond.com,628-886-6905,Active,2025-04-23
1169,Thompson-Mason,Michael Patel,shane05@williams.com,+1-829-688-7123x20366,Inactive,2021-11-29
1170,Noble-Curry,Brandy Duffy,jacob28@rodgers-jarvis.com,(308)277-8347,Inactive,2024-04-17
1171,Wade and Sons,Deborah Schultz,timothy56@lee.com,570.204.5358x597,Inactive,2021-11-26
1172,Walker-Fields,Carolyn Cooper,blivingston@fletcher-kramer.com,001-625-355-4689x39770,Active,2021-09-20
1173,Woods-Grant,Andrea Kramer,swalsh@booth-stevens.net,(456)490-4484x6733,Active,2021-06-08
1174,"Martin, Stephens and Rivera",Tamara Kim,hopkinsrodney@allen.com,599-242-6407x60895,Inactive,2021-07-23
1175,Raymond Inc,Tyler Johnston,bensonjohn@porter.net,335.268.9058,Inactive,2025-06-08
1176,"Smith, Wilson and Cardenas",Douglas Morton,richard02@rios.info,656-759-6957,Active,2025-01-15
1177,Carroll-Carr,Jacob Vance,peggy36@hart.com,714.485.4183x952,Active,2023-12-16
1178,Lamb Inc,Stephanie Ayala,kimberlyjones@edwards.com,545-274-4520,Inactive,2021-12-27
1179,Mccoy-Hubbard,Julie Johnson,kevinbrown@cox.com,(644)202-9363,Active,2025-09-25
1180,Davis-Robles,Juan Williams,michaelarmstrong@carroll.info,+1-341-323-2546x018,Inactive,2022-07-27
1181,Figueroa-Blair,Robert Mckinney,njones@wang.info,(386)512-7342x11202,Active,2025-02-09
1182,Mcknight Inc,Kevin Torres,martinalicia@williams.com,001-366-245-2319,Inactive,2025-03-14
1183,Jones and Sons,James Hoffman,clintonhaley@hodges.biz,904.617.1038x9191,Active,2021-02-20
1184,Li-Johnson,Daniel Moore,josephlloyd@richardson.com,876.550.7752x57231,Inactive,2021-11-01
1185,Johnson-Gonzalez,Marvin Chandler Jr.,stewartpamela@bray-maddox.com,001-699-863-0667x00599,Active,2024-03-18
1186,Parks-Sanchez,Victoria Wright,fbrown@harmon.net,5095714086,Inactive,2022-05-22
1187,Evans Inc,Jennifer Preston,scarter@steele.com,775.490.9722,Active,2024-01-06
1188,"Dougherty, Newton and Kelly",Mrs. Lisa Wilson DDS,nharrington@stone-martin.com,(278)283-8736x93238,Inactive,2023-01-11
1189,"Young, Scott and Diaz",Jason Marsh,trojas@garcia-hall.com,(906)931-7552,Inactive,2024-03-26
1190,Martinez LLC,Abigail Garcia,johnny15@thompson-rodriguez.com,001-236-511-6861x146,Inactive,2024-01-10
1191,Davis PLC,Paul Johnson,matthew46@browning-thompson.biz,736.684.3771x40344,Inactive,2023-09-17
1192,"Gomez, Jenkins and Coleman",Willie York,burkerobert@hernandez.com,269.774.2173x68385,Inactive,2024-09-02
1193,Whitney PLC,Allen Moran,russellsamantha@johnson-wilson.com,(840)434-8484x37700,Active,2024-12-23
1194,"Rivera, Guerrero and Rogers",Elizabeth White,jonathan96@johnston-carter.com,001-375-962-7528x0016,Inactive,2022-07-29
1195,Torres-Carpenter,Melissa Flores,jimcraig@dawson-pierce.com,(448)697-1001x70781,Active,2023-09-16
1196,Sullivan-Jones,Amanda Nelson,anita14@garrett.com,352-583-3728x75679,Inactive,2021-03-30
1197,Perry LLC,Mark Sampson,fdavis@holmes-anderson.com,370.689.4107x91161,Active,2024-03-31
1198,Scott-Marquez,Brian Aguilar,bruceray@mcbride-thompson.com,238.285.2377x4877,Inactive,2024-10-27
1199,"Castro, Martinez and Thomas",George Davis,potterjessica@clayton.com,(779)590-9666x0286,Inactive,2025-07-04
1200,Calderon Ltd,Julia Ortiz MD,theresamack@calderon.info,8908703780,Active,2025-10-08
1201,Martin Group,Rebecca Mccarthy,joshuanelson@chambers.biz,748.876.2965x0744,Inactive,2023-07-12
1202,Anderson-Ruiz,Donald Ayala,waynegriffin@nelson.com,845.522.0262,Active,2021-05-01
1203,Martinez Ltd,Tristan Scott,stephaniewatson@walker-smith.com,640.963.5168x522,Active,2024-03-26
1204,"Mendoza, Martinez and Cooper",Karen Chen,brownlauren@ross.org,432.776.3342,Inactive,2024-03-28
1205,Ayala PLC,Charles Buchanan,tylerthompson@potter-clark.com,537.600.8942,Inactive,2021-02-14
1206,Paul Inc,Corey Eaton,feliciachen@eaton.com,(712)357-8047x3719,Active,2024-11-23
1207,Duncan-Cruz,William Burton,mike54@luna-vazquez.com,(478)937-9264x053,Inactive,2022-07-09
1208,"Booker, Donaldson and Patterson",Lisa Baker,aliciahawkins@lang.org,+1-778-833-1503x219,Inactive,2023-10-10
1209,Chan-Becker,Bethany Smith,vhamilton@warren.biz,+1-573-447-6714x9986,Inactive,2025-08-05
1210,"Howard, Gilbert and Zamora",Joseph Lopez,melissajames@garcia.org,001-663-274-3963x99495,Active,2022-07-18
1211,"Hart, Flores and Manning",Jeffrey Bates,james70@henry.com,8279366325,Inactive,2022-07-30
1212,"Bush, Lopez and Valentine",Thomas Hayes,carmenjones@myers.com,+1-604-688-6607x326,Active,2024-08-21
1213,"Tanner, Burton and Gonzalez",Hunter Cox,christopher60@lambert.biz,658-610-4573x4669,Active,2025-01-13
1214,Barker and Sons,Patricia Khan,david90@rivera.com,+1-537-984-7719,Active,2023-02-28
1215,Ochoa LLC,Robert Romero,wesleyfoster@morris.org,+1-896-746-9243x4354,Active,2022-05-04
1216,Lopez Inc,Jasmine Carson,hbrown@williams.org,966-804-9037x6474,Inactive,2025-10-16
1217,Sandoval Inc,Cody Wilson,bradley39@sullivan.biz,001-581-590-0415x893,Inactive,2024-01-03
1218,Bruce Group,Mary Smith,zacharystewart@miranda.com,001-457-638-0101,Active,2023-11-05
1219,Davis-Weaver,Kristin Cruz,harpercathy@wilson.com,8559191939,Active,2021-07-12
1220,"Hamilton, Keller and Jones",Adam Collins,carlaharris@potter.com,5714961293,Active,2021-06-19
1221,Ramirez LLC,Chad Hart,blake03@salas-jones.info,358.385.6274x8066,Active,2022-05-18
1222,Mccormick-Yang,Marie Rangel,xvargas@jordan.com,(311)486-0181,Inactive,2022-10-16
1223,"Mendez, Franklin and Walker",Frederick Silva,icarpenter@patterson.com,245-896-8891,Active,2021-10-01
1224,"Farmer, Dalton and Williams",Andre Martin,thomasbrandon@sparks.net,264-318-0446,Active,2025-01-31
1225,Scott PLC,Denise Elliott,juan50@smith-frazier.com,706.227.4566x98398,Active,2024-12-23
1226,Thomas-Mcgrath,Charles Montgomery,robertsmichael@ramos.com,+1-684-976-6919x53016,Active,2022-01-06
1227,"Baird, Morales and Harrison",Michael Wu,brandi02@hughes.biz,516-662-8660,Active,2025-04-11
1228,Nelson Group,Linda Welch,cwebb@foster.com,474.602.1572x3125,Inactive,2022-05-12
1229,Peterson LLC,Jeanette Johnson,julie89@greene-johns.info,(715)505-2053,Inactive,2021-07-31
1230,Ball PLC,Thomas Smith,keithhernandez@martinez.com,6913294431,Inactive,2023-03-24
1231,Aguirre PLC,Karla Walker,erinreid@vargas-stephens.com,5219168231,Inactive,2025-08-25
1232,"Santana, Holmes and Shaw",Toni Brock,thernandez@mcpherson.info,696.435.5877x45263,Inactive,2022-07-01
1233,"Todd, Snyder and Sims",Edward Lopez,james11@cordova-frazier.com,+1-405-903-4553,Active,2022-03-09
1234,Benitez Group,Jeffrey Herman,patelamber@evans-mann.net,512.307.5313x685,Inactive,2023-12-29
1235,"Taylor, Anderson and Douglas",Ryan Joseph,scottstephanie@smith.com,(614)545-2996x4574,Active,2022-08-26
1236,Larson PLC,Anne Martinez,jeremy34@cantu.org,901.700.3434x499,Inactive,2025-06-14
1237,"Kelly, Arnold and Gutierrez",Joseph Hunter,dhunt@ferrell.com,001-592-479-4376,Inactive,2025-01-04
1238,Aguilar-Williams,Cindy Martin,jermaineguzman@hawkins-noble.info,9476314836,Inactive,2024-09-29
1239,Sharp-Crawford,Albert Powell,wheath@morales-smith.info,(822)482-1282x1938,Inactive,2024-12-03
1240,"Tyler, Farmer and Anderson",Richard George,melissaescobar@maxwell.biz,001-720-566-6048,Active,2021-08-21
1241,Harris Ltd,Christine Peterson,beth81@levy.com,(251)624-2106x37817,Inactive,2025-08-04
1242,"Swanson, Perez and Bennett",Kendra Miller,lbarber@frost-rojas.net,+1-859-542-1937x9313,Active,2024-03-08
1243,Johnston-Thompson,Jeffrey Vasquez,ndiaz@kramer-coleman.com,001-641-474-9195x38088,Inactive,2024-07-06
1244,Wyatt-Lee,Alexandria Shepherd,bwilson@davis.com,+1-915-448-0442x364,Inactive,2021-06-20
1245,Haney-Munoz,Sean Warren,ydavis@petersen-padilla.com,899-915-7380x6799,Inactive,2022-10-20
1246,Hayes-Levine,Jennifer Williams,kathleenellis@torres-craig.com,(786)799-7245x971,Active,2024-08-11
1247,"Gonzalez, Tate and Burns",Brian Rogers,basssteven@harris-stokes.biz,8963856888,Active,2021-02-17
1248,"Cooper, Jacobs and Gonzalez",James Donaldson,maria36@nelson-crawford.com,(932)876-7659x6458,Inactive,2024-02-10
1249,"Green, Aguilar and Baker",Blake Gomez,joshuaramos@boyer-holland.com,805-737-7290x848,Inactive,2022-10-07
1250,"Hanson, Cook and Johnson",Robert Ramirez,mejiatimothy@brooks.com,585.869.3291,Active,2024-01-24
1251,Cherry-Warren,Destiny Norman,nwalker@ponce.com,(706)532-4051x026,Active,2025-05-14
1252,Welch-Reynolds,Eddie Foster,deborah46@reese-wright.com,339.297.4159x2094,Inactive,2021-08-03
1253,White Group,John Ferguson,danny48@vargas-murray.org,+1-973-783-3061x4435,Inactive,2023-02-16
1254,"Potts, Rice and Clark",Tracy Pruitt,robertlopez@johnson-powell.net,856.370.7181x2923,Active,2022-09-10
1255,"Rodriguez, Lopez and Murray",Matthew Meyer,susan13@jimenez.info,7583079106,Inactive,2021-02-02
1256,Adams-Crawford,Kelsey Juarez,scott48@trujillo.com,257.236.5404x49272,Active,2022-06-11
1257,Camacho PLC,Katie Conner,qlara@stevenson.biz,585.298.4440x8895,Inactive,2022-07-15
1258,Bonilla Inc,Stephen Graham,eric99@martinez.com,502.299.9663,Inactive,2022-03-29
1259,Howard Group,Wayne Good,alexanderdawn@pratt.com,(573)320-1295,Active,2025-08-01
1260,Smith-Carter,Matthew Schmidt,changheather@mahoney-martinez.com,781-909-3054x8473,Active,2024-12-18
1261,"West, Harris and Shepherd",Brittany Guerra,danielle53@gallegos.com,423.782.6429x5185,Inactive,2023-12-10
1262,"Owens, Barnes and Rose",Misty Rogers,brittany30@martinez.org,344-787-6150x48849,Active,2021-02-03
1263,"Armstrong, Pena and Roberts",Amanda Lowery,wallacemelissa@conrad.com,(658)981-0822x775,Inactive,2024-09-05
1264,"Crawford, Snyder and Watson",Jacqueline Suarez,martinezwillie@york.org,679.779.0070,Active,2023-12-07
1265,"Lucero, Kelley and Collins",Jennifer Mosley,grahamdavid@elliott.info,925-859-3502,Active,2024-08-20
1266,Hanson-Moody,Caleb Moore,travisfrazier@ward-trujillo.com,(513)641-7005x455,Active,2023-11-03
1267,Dean-Rogers,Tammy Solis,colemanangela@lewis.info,001-266-880-8950x491,Active,2021-04-07
1268,Harris-Wells,Gary Ruiz,katie19@aguilar-walker.net,(209)331-6089x8885,Inactive,2021-02-12
1269,Watson-Farmer,Blake Rodriguez,glenmartin@williams-carr.com,+1-933-496-3790x20388,Inactive,2021-05-15
1270,"Patel, Lewis and Phillips",Joanna Garcia,bmejia@wright-macias.com,001-908-634-8124x2664,Active,2022-02-06
1271,"Cabrera, Parker and Charles",Matthew Lee,kathleengreene@russell-ramos.com,318.677.4499x24687,Inactive,2023-01-09
1272,Ochoa-Robinson,Lisa Rogers,patrickmark@powell-valdez.com,+1-840-826-9089x649,Inactive,2024-05-23
1273,"Ferrell, Stone and Benjamin",William White,barbaragibbs@ortega.com,668-272-2037x337,Inactive,2024-02-15
1274,"Joseph, Harris and Gutierrez",Michelle Mayo,tyler30@cobb-murphy.biz,+1-457-865-7868x00551,Inactive,2024-11-28
1275,"Coleman, Fowler and Shepard",Walter Sexton,stevenrichardson@scott.com,844.920.0421,Inactive,2022-12-17
1276,Baldwin-Grimes,David Miller,armstrongallison@raymond.com,+1-413-935-8508x1432,Inactive,2024-06-08
1277,Mckinney-Harris,Megan Holt,chandavid@kelley.biz,4893170052,Active,2025-05-01
1278,Bailey-Mccullough,Sandra Phillips,mcox@cook.info,5257996114,Inactive,2025-02-13
1279,Williams Inc,Karen Prince,david06@smith.com,368-697-4537,Active,2024-08-20
1280,Levy and Sons,David Lynch,zcampbell@white.biz,(260)823-3616x558,Inactive,2022-01-27
1281,Chavez-Rivera,Jesus Taylor,craigrichard@burgess-thomas.com,200-756-8706,Active,2024-10-07
1282,Barton and Sons,Joseph Atkinson,mkane@patrick.com,793.330.5484,Inactive,2024-05-24
1283,Kennedy-Brown,Edward Thomas,mccarthyjeremy@nelson.com,(285)751-9020x41154,Inactive,2021-09-03
1284,Lawson and Sons,Raymond Cummings,tinaharris@smith.com,001-543-970-0984x164,Inactive,2024-08-26
1285,Bowman and Sons,Joel Poole,scott12@padilla-russo.com,+1-833-397-1785,Active,2024-09-11
1286,Jacobs-Brooks,Brandon Crane,tammyschroeder@johnson.com,5553916983,Inactive,2024-12-26
1287,"Lewis, Preston and Roberts",Mr. Micheal Scott V,tbell@phillips.com,001-859-435-7076x5094,Active,2020-12-09
1288,Medina-Wong,Matthew Griffith,qrodriguez@jenkins.biz,001-311-686-8010x9360,Active,2025-09-12
1289,Olsen Inc,Amber Brennan,victorsullivan@rose.net,477.370.1497x268,Inactive,2021-09-23
1290,"Rogers, Holland and Mejia",Jennifer Hamilton,ocole@nixon-cox.org,+1-619-422-0513x56397,Inactive,2023-10-29
1291,Williams LLC,John Baker,mfowler@weaver-arnold.com,774.687.4779x3599,Inactive,2022-09-03
1292,"Young, Hughes and Lane",Caleb Bell,kirbycheryl@terry.biz,+1-591-526-7191x9699,Active,2023-12-24
1293,Gregory and Sons,Danielle Peters,benjamindavidson@anderson.info,(933)655-2620x294,Active,2024-12-01
1294,"Martinez, Lopez and Moore",Mary Gonzalez,david39@owen.org,617.978.6503,Inactive,2024-01-05
1295,"Wong, Stewart and Sanford",Kathleen Olson,ellisjames@caldwell.com,+1-453-953-8115x7509,Inactive,2022-03-06
1296,Montgomery PLC,Richard James,shannon56@macias.com,791.768.6708,Inactive,2020-12-22
1297,Armstrong-Nelson,Lauren Moon,laurie01@evans.org,849.335.4921x0181,Active,2022-08-28
1298,Farmer Ltd,Jacqueline Maddox,jason48@jones.com,447.856.0164,Active,2022-06-06
1299,Collier-Cook,Jason Martin,suzannerivas@fletcher-mcguire.org,001-522-639-4071x734,Inactive,2024-02-09
1300,Gentry-Hull,Tammy Whitaker,thomas00@williams-moody.org,410.279.5163x52141,Inactive,2022-04-14
1301,Carter Inc,Mr. James Williams,ryan18@best.com,+1-336-965-0285x91565,Active,2021-09-04
1302,"Brooks, Wells and Jackson",Gary Rojas,brittany21@roy.com,(699)294-8141,Inactive,2021-07-20
1303,Ochoa LLC,Jennifer Ray,beverlymitchell@gutierrez.com,620-617-4020,Inactive,2024-07-17
1304,"Petty, Palmer and Meyer",Marcus Stephens,stevenayers@martinez.com,+1-216-344-9153x218,Active,2021-09-02
1305,Brown LLC,Claudia Howard,paigeyoung@daniels.com,001-722-546-2671x3202,Active,2022-12-27
1306,Allen Group,Andrew West,xjohnson@montgomery.com,+1-398-276-6740x8772,Inactive,2024-08-26
1307,"Morgan, Leon and Cameron",David Robinson,khanmitchell@smith.org,001-372-847-2542x654,Inactive,2025-05-11
1308,"Lambert, Watkins and Washington",Nicole Ashley,beverlyflores@robinson.com,+1-828-293-6327,Active,2024-11-25
1309,"Sellers, Hill and Curtis",Steven Bryant,christianmendez@riley-jones.com,001-269-992-1353x4705,Active,2020-11-11
1310,Mendoza-Smith,Tamara Barrera,donna99@gonzalez-reed.biz,666.721.3805x95194,Active,2023-03-14
1311,"Jackson, Mccullough and Aguilar",Craig Mathis,jeannewton@jones.com,+1-851-710-9674x51363,Active,2020-12-01
1312,Gross-King,Jonathan Dorsey Jr.,josebarnes@tucker.com,001-532-738-1281x718,Active,2023-06-13
1313,"Ramos, Fleming and Curry",Tiffany Wilson,scottstewart@henderson.com,814-493-3108,Inactive,2022-11-18
1314,Velasquez Ltd,Rachael Perkins,emily00@cervantes.com,603.364.8510x02182,Active,2022-12-26
1315,Stephens Group,Joseph Compton,colemanandrea@griffin.com,699-597-0320x4347,Active,2022-07-30
1316,Torres-Garcia,Austin Williams,phillipsrandall@smith.com,413.255.5794,Inactive,2024-11-07
1317,Cohen and Sons,Linda Howard,fanderson@gray-norman.net,001-598-998-7877x67751,Active,2024-10-14
1318,"Jones, Clarke and Obrien",Wesley Walker,zday@williams.info,804.351.9455,Inactive,2024-09-18
1319,"Walker, Wilson and Peters",Kathleen Villegas,umaxwell@williams.com,258.759.3918x5362,Active,2023-03-17
1320,Burke-Saunders,Joan Craig,johnathan63@edwards.com,2717537842,Active,2023-11-21
1321,"Banks, Ball and Campos",Debra Giles,colesheila@erickson.net,689.922.1007x20409,Active,2021-05-31
1322,Casey LLC,Michael Richardson,amedina@davis-barron.com,+1-466-871-8644,Active,2021-11-27
1323,Turner-Valentine,Mr. Justin Perry Jr.,pettywayne@osborne-hall.com,970-644-3073x24668,Inactive,2021-05-05
1324,Fowler Inc,Tyler Palmer,langscott@johns.com,269-324-7048x113,Active,2025-03-09
1325,Saunders-Roberts,Bradley Baker,hannah51@cobb.com,600.234.3743x2567,Inactive,2023-08-25
1326,James LLC,Matthew Moore,jonesmatthew@walsh.org,5202607136,Inactive,2021-02-11
1327,Pitts-Thompson,Ellen Martin,cmueller@downs.com,+1-742-656-1161,Active,2023-02-18
1328,"Thomas, Conner and Miller",Ronald Edwards,uhines@maddox.org,(508)714-9940x232,Inactive,2025-07-22
1329,Watkins-Petersen,Melissa Rush,nancy28@johnson.com,6784197354,Inactive,2023-11-18
1330,Ramirez Ltd,John King,ariana49@johnson.com,8066069882,Inactive,2025-06-25
1331,Martinez-Harmon,Robert Lang,oford@bell.biz,4917210407,Active,2022-12-27
1332,Simon-Morrison,Perry Brown,donaldchen@harrison-alexander.com,(225)517-4316x0325,Active,2025-10-21
1333,Wright-Walters,Kim Gould,steveberry@jennings.biz,779-749-6454,Inactive,2024-09-19
1334,"Hunter, Wilson and West",Brian Mckinney,erin27@rodriguez.com,3239936276,Inactive,2024-04-23
1335,Page-Miranda,Andrew Chandler,xrogers@miller.biz,481.210.5022,Active,2024-11-21
1336,"Carter, Fields and Matthews",Tracy Fox,scottvelazquez@henry-norton.com,493.954.3373,Inactive,2025-04-04
1337,Franklin Ltd,Angela Mullen,williamsdevin@burns.com,734-986-9653x715,Inactive,2022-12-13
1338,Montes LLC,Justin Hansen,hawkinsjeffrey@patrick.org,537.673.1297,Inactive,2021-07-25
1339,"Collins, Morgan and English",Melinda Chavez,catherine08@jenkins.com,3904722087,Inactive,2021-11-12
1340,"Silva, Goodwin and Ramirez",Kyle Day,ashley02@clark.org,001-298-275-1757x90323,Inactive,2024-07-11
1341,Mercado LLC,Julie Smith,david30@wallace.net,(675)787-5585x09591,Inactive,2021-03-14
1342,Montgomery-Kerr,David Gutierrez,erica27@shaw.com,+1-714-220-4384,Active,2023-01-15
1343,Thomas-Tucker,Matthew Hickman,michelestrong@simmons.biz,940.678.8698x585,Active,2021-06-23
1344,Brown Ltd,Jessica Davidson,froberts@west.net,+1-853-677-0124x931,Active,2023-11-13
1345,"Santiago, Boyd and Thomas",Vickie Downs,rpayne@smith-williams.org,465.818.7569,Inactive,2022-01-08
1346,Bass and Sons,Tiffany Moore,tamaraparsons@thomas.info,(712)330-0857,Active,2023-12-17
1347,Thomas LLC,Reginald James,carpenterkristen@hutchinson.info,+1-336-590-3034,Inactive,2024-04-14
1348,Pena-Martinez,Jessica Mayer,christina97@lang.info,5605074614,Inactive,2024-08-15
1349,Haney LLC,Angela Dillon,sbraun@hughes.com,+1-663-787-6215x77405,Active,2025-02-06
1350,Patterson-Mills,Joshua Porter,hilltracy@khan-burton.com,498-387-2634,Active,2022-03-16
1351,Harris and Sons,Lauren Owen,davidhart@smith.com,920.944.8456,Inactive,2021-06-09
1352,Greer-Estrada,Trevor Santos,smyers@butler-chapman.com,001-911-864-5767,Active,2024-01-02
1353,Ball-Cruz,Karen Long,david85@taylor.com,(917)450-4998,Active,2025-08-01
1354,"Freeman, Thomas and Ward",Brenda Smith,mcdanielangela@williams.net,838.564.0067x246,Inactive,2025-10-20
1355,Sanchez Inc,Anthony Davis,zoehoover@allen.com,718-740-6548,Inactive,2025-04-14
1356,Flores-Anderson,Christian Long,charles36@ellis.net,351.579.8387,Active,2023-08-17
1357,Novak-Moses,Jessica Mcdowell,lindseydaniels@kelly.com,378-825-6019,Inactive,2021-12-06
1358,Valencia-Villa,John Padilla,brittanylong@boyle.com,279-373-6799,Active,2020-11-13
1359,Pena Group,Lisa Brown,melissa20@fernandez.info,(712)815-1904,Active,2022-04-17
1360,Ochoa-Sharp,Clayton Johnson,arogers@chen.org,450.782.4326,Inactive,2022-11-18
1361,"Ryan, Best and Smith",Johnny Edwards,cameron42@thomas.net,235-907-4509x3328,Inactive,2021-01-15
1362,Baker Inc,Richard Miller,mcdonaldcole@thompson.com,(977)837-6554,Active,2021-05-21
1363,Martinez-Kelly,Gail Collins,robertssharon@stout.biz,453-993-9294,Inactive,2021-04-08
1364,Nixon LLC,Martin Clark,maria33@williams.net,+1-258-524-7733x912,Active,2024-08-29
1365,Barker Inc,Jeremy Greene,leslie14@miller.com,(622)506-5910x04436,Inactive,2024-03-03
1366,Roberts-Clark,Richard Stokes,qchapman@moore.com,+1-207-922-7683x5278,Inactive,2025-06-22
1367,Barnett-Rodriguez,Colleen Fernandez,jeffery00@williams.com,686-977-5465x86172,Active,2021-01-26
1368,Roberts Group,Connie Joseph,ygomez@gutierrez.com,346-935-1757x35185,Inactive,2024-03-14
1369,"Craig, Howard and Montoya",Kevin Murphy,ysmith@dorsey.com,452.429.6484x210,Active,2021-12-03
1370,Davis-Baker,Thomas Walters,shawnanderson@sanders-williams.com,926-443-0297x0813,Inactive,2022-05-10
1371,"Hansen, Martinez and Harvey",Mark Hernandez,catherinemartin@wood.com,001-762-584-0769,Active,2021-04-19
1372,"Mcdonald, Peck and Hopkins",Nicole Powell,williamstiffany@moore.biz,(494)783-6094x3868,Active,2020-12-21
1373,"Murphy, Riley and Cook",Carmen Woods,nicholascunningham@clark.com,927.434.6892x704,Inactive,2022-06-21
1374,"Frazier, King and King",Jessica Sanders,gomezsharon@greene-manning.com,+1-906-486-2886,Active,2023-02-23
1375,Munoz-Mercer,Nicole Frazier,christopher69@nguyen.com,808-583-3183x801,Inactive,2023-02-11
1376,Fisher-Jones,Ronnie Sellers,msheppard@welch.net,7124201631,Active,2021-02-05
1377,Burton and Sons,Helen Robinson,johnmckenzie@wolf.com,001-382-812-7023,Active,2024-12-13
1378,Johnson Inc,Gregory Smith,connormejia@reid-ross.org,001-600-601-9176x532,Active,2025-05-04
1379,Scott and Sons,Katrina Strickland,watsoncharles@higgins-torres.org,417-408-7027,Inactive,2021-02-12
1380,Brown-Hanson,Morgan Stone,justinreeves@wilson.biz,+1-900-859-3241x83252,Inactive,2022-03-13
1381,Hernandez-Melton,Anita Rodriguez,wmcdonald@roberts.com,(367)301-1678,Active,2024-07-08
1382,Norton-Harmon,Chad Harper,luiscook@sanders.info,902.720.9941,Inactive,2022-08-11
1383,"Vincent, Campbell and Nunez",Craig Franklin,kimberly05@west.com,648.852.8467x70378,Inactive,2024-09-05
1384,"Vasquez, Gross and Hansen",Whitney Santos,snelson@morgan.com,450-217-2727x97328,Active,2021-11-02
1385,"Payne, Young and Smith",Paul Brown,jonathansimmons@horn.com,899-705-0240,Active,2021-05-19
1386,Craig Ltd,Denise Tapia,ballsteven@long.info,001-268-986-3124,Active,2021-01-18
1387,Walters-Daniels,David Mcgrath,rayrobin@shea.com,001-867-267-7619x524,Inactive,2021-08-27
1388,Williams-Hernandez,Jay Rivera,dberg@anderson.com,+1-904-953-4782,Active,2021-12-28
1389,Atkins-Chandler,Thomas Fields,amandawarren@wells.info,(272)499-3357,Active,2023-01-02
1390,Shannon PLC,Jonathan Wade,jennifermarsh@cannon-mitchell.com,327-839-8356x523,Inactive,2024-09-11
1391,Martin-Maddox,Gavin Hooper,mariavincent@crosby.com,6164633401,Active,2021-08-13
1392,Ross-Gonzalez,Victoria Thompson,klewis@hawkins.com,404.344.5514x344,Inactive,2021-06-29
1393,Mcdonald LLC,Deborah Frey,timothy42@welch.com,(346)338-1512,Active,2024-04-21
1394,Goodwin-May,David Hughes,brendajohns@thompson-alexander.com,739-398-7591x53007,Inactive,2023-01-21
1395,Jarvis-Curtis,Connie Ramirez,samanthahurst@morgan.net,(645)831-0812,Active,2023-05-21
1396,Newton PLC,Samantha Cruz,kylegarner@jones.biz,(396)910-6963x74912,Active,2021-02-23
1397,Morgan-Coleman,Deborah Miller,garciarachel@smith-acosta.com,860-504-0272,Active,2021-12-21
1398,Schaefer Inc,Stacy Baker,donald07@foster.info,942.500.1414x42460,Inactive,2024-12-27
1399,Wright PLC,Andrea Petty,gene59@camacho.info,001-963-979-8293x055,Inactive,2025-09-21
1400,Keller-Burke,Sandra Price,tsmith@garrett.org,281-450-4390x356,Active,2025-05-07
1401,Saunders-Chen,Tracey Coleman,bondrobert@parker-mcdonald.biz,6754121018,Active,2024-02-23
1402,Alvarado Group,Matthew Melendez,walterdavid@reed-carter.net,(993)756-5352x437,Inactive,2021-02-27
1403,Sharp-Butler,Heidi Schroeder,fkemp@castro-brady.com,001-325-912-2584x6790,Active,2023-08-06
1404,Christian Group,Madison Thompson,anna65@clark.biz,949.299.0203x8540,Active,2021-05-02
1405,"Baker, Davis and Hudson",Carl Thomas,terry53@daniels.org,263.652.9461x4262,Active,2021-05-05
1406,"Gomez, Johnson and Gibbs",Stephen Jones,mfox@thomas-white.biz,(893)238-0419x171,Inactive,2022-12-02
1407,Duke Ltd,Crystal Wagner,kelly18@turner.biz,2204931378,Inactive,2021-05-27
1408,Carpenter Group,Dr. Timothy Jimenez,dlogan@castaneda.info,(745)654-5903x4819,Active,2022-07-21
1409,Ingram-Bowen,Anthony Reyes,audreywatson@carson.org,001-223-933-1351x4855,Inactive,2021-01-10
1410,Bennett Inc,Robert Henderson,talexander@flores.com,987-562-1648x3427,Active,2021-04-19
1411,Aguilar Inc,Gabriel Woods,michaelestrada@perez.net,+1-337-671-2582x848,Inactive,2023-11-19
1412,Cruz Ltd,Kevin Curry,lee64@reynolds-saunders.com,490.804.1524,Active,2025-01-18
1413,"Diaz, Scott and Zamora",Kathryn Harrison,wgeorge@martinez.com,(270)693-6725x0280,Active,2021-06-27
1414,Webb-Dawson,Kathleen Nelson,pwilliams@gutierrez.com,9797921645,Inactive,2022-05-06
1415,Reed-Holland,Michelle Estrada,mistywolf@burns-nolan.com,750-966-8815,Active,2021-10-08
1416,"Nguyen, Houston and Byrd",Jason Castro,tina93@villa-allen.com,(805)595-5161x13395,Active,2022-06-06
1417,Green LLC,Kayla Brooks,ijones@rush.biz,001-974-886-9784,Inactive,2022-07-09
1418,Armstrong and Sons,Christopher Sims,jeanne69@white.org,001-216-342-3012x7469,Inactive,2024-12-25
1419,Harris-Rodriguez,Laura Shaw,rsanchez@smith.com,(706)922-3063x5673,Active,2024-09-13
1420,Myers-Simon,Lawrence Parker,smithkenneth@massey.com,427.930.3248,Inactive,2023-06-05
1421,"Benitez, Clark and Leon",Nathaniel Cobb,jmiller@vaughn.net,7695586218,Inactive,2021-05-19
1422,"Garcia, Rios and Martin",Julie Pope,pachecojason@coleman-long.biz,+1-694-772-8132x6598,Inactive,2020-12-02
1423,Harris Ltd,Anthony Thompson DDS,vanessa03@ward-reed.com,+1-213-524-5275x67195,Active,2021-04-19
1424,Powell-Gibson,Richard Martinez,srivera@carter.com,(798)338-8201,Inactive,2023-03-10
1425,"Owens, Crawford and Adams",James Miller,scott52@barrera.biz,695-649-0294,Active,2022-06-13
1426,"Phelps, Olsen and Yang",John Lamb,eboyer@keith.biz,550-709-1595x67832,Inactive,2022-06-08
1427,Roman-Bradshaw,Dominique Moore,yjohnson@hoffman.com,(308)378-0720x20338,Active,2022-03-06
1428,Chang PLC,Jennifer Woods,scottblackburn@lucas.com,001-848-736-5670x71905,Active,2025-01-02
1429,Combs-Bradford,Katherine Johnson,peter73@sanchez.com,001-754-868-8730,Inactive,2025-05-17
1430,Brown and Sons,William Taylor,robertokhan@stewart.net,6098580401,Active,2021-11-15
1431,Franklin-Owens,Amanda Jones,burchsara@clark-hunter.com,267-634-7436x939,Active,2021-09-22
1432,Rodriguez PLC,Kenneth Jimenez,douglasharris@bell.net,+1-242-651-1190x3594,Inactive,2022-03-31
1433,"Ray, Brown and White",Lisa Rodgers,chandlerjeremy@wright.info,+1-267-566-0628x95134,Inactive,2025-08-19
1434,"Meyers, Ruiz and Robinson",Dylan Lyons,andrewgarcia@russell.org,+1-739-670-2663x82071,Active,2025-08-04
1435,Pierce Inc,Roger Garcia,dhicks@kim-cole.info,919.728.8920x3028,Inactive,2024-07-23
1436,Johnson-Gordon,Charlene Frazier,clarkalexander@burns-olson.org,+1-624-897-2655x7136,Inactive,2024-11-20
1437,Wolfe-Davis,Emily Chavez,michaelball@gregory-avery.net,+1-725-326-9901,Active,2021-09-17
1438,Edwards Group,David Hall,charles76@fitzgerald-snyder.com,+1-550-668-0983x8319,Active,2024-07-11
1439,Park-Thompson,Mr. Jeffrey Wright,julie56@watts.net,001-923-249-5245,Active,2023-09-20
1440,Stewart LLC,Sarah Mays,richardnichols@colon.com,927-616-1862x869,Inactive,2024-12-05
1441,Cummings-White,Cindy Harrison,gabriellecooper@harrison-todd.com,(481)293-1922x94123,Active,2024-03-02
1442,Bailey Ltd,Sharon Davis,joshua54@bridges.com,488-431-4003x56303,Inactive,2024-07-02
1443,Lee-Contreras,Alexa Riggs,gward@clayton-gordon.biz,+1-721-832-5086x2868,Active,2023-04-27
1444,"Clark, Gonzales and Williams",Samantha Hahn,jasonray@stephens-thompson.org,+1-646-873-6316x3308,Active,2021-03-11
1445,Harrison Ltd,Steven Palmer,youngjared@collins-williams.com,+1-374-891-1634x30310,Active,2024-05-04
1446,Mack Group,Paul Thomas,michael54@roberts.net,+1-657-896-2295x1108,Active,2021-07-06
1447,Reyes Group,Nancy Tyler,michellemacdonald@barnes-smith.com,349.253.8916x244,Inactive,2024-05-17
1448,Sims-Gardner,William Russo,melindahernandez@jordan.com,+1-242-938-9354x40711,Inactive,2022-04-17
1449,"Black, Johnson and Sanchez",Wanda Fowler,pittmanryan@king.com,731.671.4795,Inactive,2021-05-25
1450,Hart PLC,Eileen Chang,erichoover@romero.net,952-808-9521,Inactive,2025-06-29
1451,Wilson and Sons,Jeffrey Cook,rosaleskatherine@doyle-hatfield.com,491-939-4303x250,Inactive,2022-12-19
1452,"Sanders, Hernandez and Mcpherson",Katie Campbell,blakesarah@franco.com,299.594.2858,Active,2022-09-30
1453,Mills Ltd,Brendan Hawkins,mariagarza@robertson.com,3484715905,Active,2022-08-19
1454,Freeman-Garcia,Karen Roberts,oarmstrong@rodriguez.com,001-700-934-5688x486,Inactive,2022-08-09
1455,Carter-Ramirez,James Smith,jefferygray@saunders.com,520-481-8036,Inactive,2023-11-10
1456,Gibbs Ltd,Lori Smith,beverlyayala@morales.biz,+1-557-375-2668x480,Active,2024-06-20
1457,Morales PLC,Ethan Green,wrightjohn@tanner-moore.net,793.403.9539,Inactive,2024-03-18
1458,Boyd PLC,Mrs. Lindsay Hansen,shobbs@grimes.org,247.854.7377x0499,Inactive,2024-09-26
1459,"Jones, Collins and Carson",Scott Andrews,yhall@chan.com,001-340-957-3689x10804,Active,2023-07-03
1460,Weber-Ramirez,John Reeves,lindahurst@keller.com,+1-369-391-6587x23634,Inactive,2021-02-08
1461,Medina-Rivera,Sylvia Barnes DVM,everettpaul@benson-dunn.com,+1-729-412-7898,Inactive,2023-01-12
1462,"Moses, Aguilar and Weber",Mark Carter,erica85@lee-reeves.com,001-943-276-3185x596,Inactive,2025-01-10
1463,Graham PLC,Dawn Mckinney,nelsonkevin@brown.com,8756602310,Inactive,2021-03-06
1464,Mack-Lawson,Jason Yang,jessicagordon@curry-torres.info,344.997.9925,Inactive,2022-06-29
1465,Russell-Holloway,Donald Oconnor,william78@good.info,805-939-2590,Inactive,2024-09-28
1466,Grant and Sons,April Reid,oroberts@smith.com,(900)241-3166x7752,Active,2024-07-23
1467,Ewing Group,Michelle Barker,gonzalesjason@smith-marks.com,(372)999-0438,Inactive,2024-04-19
1468,Sanders-Fitzpatrick,Stephen Johnson,larry16@riggs.net,264-572-5604x6782,Inactive,2024-07-17
1469,"Smith, Steele and Rodriguez",Michele Johnson,philipbrown@johnson-hanson.info,812.720.6676,Inactive,2023-04-10
1470,"Smith, Young and Reid",Mark Pearson,rlevine@rogers.com,561.478.0581x38057,Inactive,2021-10-26
1471,Gray Group,Nicole Gaines,vphillips@anderson-rodriguez.com,7702557052,Active,2025-08-13
1472,Schmidt-Preston,Brandon Barton,sarah99@payne.com,+1-269-826-3560,Inactive,2022-06-05
1473,Wade-Brown,Robert Lynn,xneal@cline.info,349.953.1273x44580,Active,2024-06-07
1474,"Moore, Gonzalez and Adams",Jennifer Vega,floressheena@carrillo-wright.com,(347)408-1014,Inactive,2025-10-16
1475,"Ramos, Gilbert and Nichols",Ryan Burke,john48@duran.com,(268)717-9300,Active,2025-03-20
1476,"Drake, Franklin and Smith",Susan Romero,adamsjames@joseph-johnson.com,+1-210-456-3586,Inactive,2021-09-25
1477,Key Inc,Jason Turner,prestonsusan@martin.biz,464.228.1259x836,Inactive,2024-09-20
1478,Howell-Colon,Deborah Valenzuela,carol26@atkins.com,331.846.5657,Active,2024-02-27
1479,Henry-Valencia,Anne Johnson,melissa43@hudson.com,(245)908-6295x3223,Active,2022-02-03
1480,Barry-Werner,Katherine Scott,robertstafford@delacruz.com,645.286.1805x8393,Inactive,2025-03-29
1481,Wood Ltd,Diana Taylor,wrobertson@gardner.com,(496)456-9325x96276,Inactive,2022-11-16
1482,Ryan-Miller,Gilbert Bullock,patelchloe@padilla.info,+1-302-228-0177,Inactive,2024-05-30
1483,Elliott LLC,Alicia Curry,joseph35@lewis.com,001-939-210-3231x866,Inactive,2024-06-12
1484,Bowman-Moyer,John Walters,marquezconnor@brennan.net,737-582-6018x777,Inactive,2022-06-09
1485,"Randolph, Thomas and Nguyen",Teresa Anderson,david77@carrillo-bryant.com,(675)602-1885x211,Active,2024-07-05
1486,Perez Group,David Wilcox,gweaver@thompson-bowers.com,859.583.5894x770,Inactive,2022-05-06
1487,"Peterson, Anderson and Fowler",William Stewart,amiller@ortega.com,(777)681-8986x36139,Inactive,2023-08-17
1488,"Taylor, Compton and Wilson",Nicole Thompson,susan01@campbell.biz,(963)989-6549,Inactive,2025-09-07
1489,Zimmerman PLC,Brittany Grimes,andrewpierce@martinez.com,(386)769-0625,Active,2024-12-27
1490,Willis-Rodriguez,Pamela Juarez,ogriffin@mueller.net,4049587242,Inactive,2023-04-30
1491,"Schwartz, Benjamin and Henderson",Betty Evans,melissadodson@wilson-martinez.info,(551)823-4335,Inactive,2024-10-10
1492,Lowe-Frazier,Mr. Steven Buchanan Jr.,amanda75@clark.com,897-391-4077x1280,Inactive,2025-09-26
1493,"Johnson, Kirby and Davies",Michael Gutierrez,rwall@hernandez-kirk.com,412.743.5668x303,Active,2022-07-06
1494,Conrad-Abbott,Michelle Stephenson,amanda67@flores.info,+1-910-872-8394,Active,2023-02-11
1495,"Perry, Gregory and Ayers",James Green,dianasantiago@rodriguez.biz,(775)364-4390,Inactive,2023-09-13
1496,Oneal-Morales,Mrs. Jennifer Price DDS,sparksbrian@jones.info,001-704-481-1353x7396,Inactive,2024-12-09
1497,"Eaton, Cannon and Larson",Kimberly Alexander,vterry@evans-watkins.com,912.299.6991x5482,Active,2021-04-04
1498,"Anderson, Wright and Parsons",Christy Anderson,thomasgreen@moore.biz,001-488-741-5771x29184,Active,2021-05-16
1499,"Garza, Hogan and Mullins",Melvin Meadows,angela22@schwartz.com,001-485-587-0630x228,Active,2022-11-02
1500,Sampson-Daniels,Logan Garcia,michaelwhitehead@ortiz.net,+1-247-346-4550x72831,Inactive,2025-07-08
1501,Barber-Williams,Taylor Castillo,wsingh@burgess.net,805-980-1088,Active,2025-01-07
1502,King-Graham,Jill Shepherd,ybennett@phillips.com,947.474.9633,Active,2022-03-01
1503,"Jordan, Stafford and Shaw",Angela Smith,toddclark@jimenez.com,(419)840-5047,Active,2021-01-22
1504,"Mendoza, Stout and Elliott",Billy Kelly,ahayes@smith-patel.com,001-819-881-7473,Active,2023-12-09
1505,Mendez Ltd,Hannah Cole,william95@wiggins.org,+1-744-449-6163,Inactive,2023-09-20
1506,King-Woods,Jeffrey Moore,jeffreyhill@wallace-reyes.com,+1-418-498-7557x983,Inactive,2021-03-06
1507,"Maxwell, Hull and Morris",Dustin Stevenson,uhall@diaz.com,001-334-442-4627,Inactive,2022-06-09
1508,"Young, Pace and Kent",Pamela Rogers,nathanmoody@richardson.org,+1-980-796-2821x96087,Active,2024-11-02
1509,"Pearson, Arnold and Osborne",Victoria Marshall,lwright@bryant-carpenter.net,001-236-266-0979x7855,Active,2023-04-28
1510,Ferrell-Stanley,Charles Ross,parksandre@salazar-page.com,(652)378-2546x3059,Inactive,2023-10-28
1511,Porter-Jones,Dalton Arnold,zmartin@stewart.net,708.584.0755x380,Inactive,2024-03-02
1512,Montgomery-Woods,Daniel Harvey,arthur70@miller-lee.com,(996)272-1281x56838,Inactive,2022-05-24
1513,Grimes-Meyer,Jerry Rich,danielgood@berry.com,630.563.9085x8306,Inactive,2024-06-13
1514,"Hickman, Henderson and Martin",Jessica Estrada,villathomas@forbes-bell.com,635.241.0577x250,Active,2022-05-10
1515,Barker-Pratt,Lisa Shaw,johnsonamber@shaffer-rice.com,257.484.5720,Active,2023-04-15
1516,Smith LLC,Anthony Owens,bethany16@smith-lambert.biz,001-211-255-6613x40475,Inactive,2021-03-09
1517,Rogers-Turner,Kristen Taylor,kjohnson@maldonado.org,893-656-5803x6383,Inactive,2024-12-23
1518,Pitts LLC,Ray Hendricks,washingtonalexandria@young.com,+1-724-549-6639x0004,Inactive,2025-07-02
1519,Nelson Ltd,Paige Lloyd,ksimpson@garcia-smith.org,(317)809-9873x1709,Inactive,2024-04-16
1520,"Bartlett, Garcia and Barry",Mark Carter,sheltonandrea@brown-james.com,366-425-7312x536,Active,2024-08-03
1521,Watkins-Chavez,Sean Buchanan,sarah94@ramirez-johnson.com,+1-898-297-1733x1571,Active,2023-03-13
1522,Reyes Inc,Terry King,mosleymason@baker-garcia.com,(344)558-2969x45419,Active,2024-10-09
1523,"Williams, Larson and Washington",Alex Lopez,seanwheeler@fitzgerald-edwards.com,360.574.1464x4026,Active,2023-10-31
1524,Campbell LLC,James Hawkins,lisajordan@guerra.net,915-751-0954x252,Inactive,2020-11-21
1525,Morales-Weaver,Kayla Hill,heidigonzales@jones-myers.com,902-593-7813x2672,Inactive,2022-11-28
1526,Johns and Sons,Thomas Jordan,ryan95@leon.com,001-368-577-4929x44993,Active,2024-05-19
1527,Reed-Dyer,Sean Luna,qortiz@briggs.com,366.878.3203,Inactive,2021-11-19
1528,"Dawson, Clark and Rodriguez",Adrian Sanchez,hermanangela@walker.com,301.566.4802x36280,Inactive,2025-02-03
1529,"Copeland, Rojas and Mendez",Tina Jones,joshua39@stephens-davis.info,241.859.1066,Inactive,2022-05-24
1530,Baldwin LLC,James Sampson,pdurham@pacheco.info,+1-392-525-1826,Active,2023-09-15
1531,Moses and Sons,Joseph Johnson,michelle99@leblanc-smith.com,001-898-810-9975x268,Inactive,2024-01-07
1532,Hooper and Sons,Brandon Myers,danielwilliams@ruiz.com,771.843.9039x09200,Inactive,2022-05-05
1533,Flynn-Olson,Victoria Walls,umitchell@cole.net,+1-521-432-7381x522,Active,2021-12-26
1534,"Chavez, Shelton and Maynard",Andrew Phillips,andreasampson@burns-ware.com,918.286.4594,Active,2021-04-28
1535,Cervantes-Guerra,Nancy Adams,arobinson@houston.com,+1-950-245-8387x5007,Active,2025-10-11
1536,Dennis Inc,Charles Mccoy,leonkatie@mann.com,356-696-4010,Active,2024-04-14
1537,Davis PLC,Virginia Sellers,jacob62@pacheco.com,+1-693-216-4266x33161,Inactive,2025-07-05
1538,Lee Inc,Brady Cole,leslie40@farmer-munoz.org,(408)819-0056x735,Active,2022-10-03
1539,George-Miller,Cynthia White,allensierra@bush.biz,710.966.5602x4923,Inactive,2024-07-30
1540,Roberts-Beck,Holly Miller,james27@hanson.com,(361)858-7898,Active,2025-07-18
1541,Garcia Inc,Tyler Davis,francisco41@carter.com,(246)873-1371x741,Inactive,2024-04-03
1542,"Morris, Conway and Stewart",Harold Yang,leeadrian@banks.info,(517)306-1301x1273,Inactive,2025-04-11
1543,"Clayton, Miller and Martin",Traci Harrison,bhoward@smith-brown.com,+1-554-626-0782x41164,Active,2022-04-21
1544,Horne-Zimmerman,Sara King,sstewart@foster.net,(823)606-4211,Inactive,2024-03-28
1545,Walker PLC,Anne Miles,johncalhoun@myers-thomas.info,264-753-3164x9506,Inactive,2023-04-14
1546,Davis and Sons,Zachary Delgado,darleneroberts@newton-clarke.com,001-307-589-0786x95760,Active,2020-12-13
1547,Rodriguez-Nunez,Tracy Fowler,ftorres@young.com,(497)736-9701x685,Active,2022-11-21
1548,Wade Ltd,Dr. Anthony Lucero,thomasmiller@wilson.org,001-774-909-5290x550,Inactive,2025-09-08
1549,Shaw PLC,Nicholas Myers,sandersjamie@obrien.biz,+1-211-895-4062x7890,Active,2025-02-08
1550,Davis Inc,Michael Wilson,carrie82@clark.com,967-372-5038x56162,Active,2023-01-21
1551,Lopez and Sons,Michael Lopez II,fhall@white-mueller.com,001-720-994-2079x3741,Active,2021-05-23
1552,"Fletcher, Roberts and Peterson",Mary Davies,elizabethbradford@perez-kane.com,001-595-958-7799x36427,Active,2025-10-23
1553,Chavez-Walker,Ariana Woodward,andersonedgar@flores.com,230.410.7535,Active,2023-01-18
1554,Mccann-Ramirez,Paula Roberts,jacksondonald@martinez.com,+1-573-385-7094,Inactive,2022-12-13
1555,Smith-Rose,Shawn Benjamin,timothyjackson@dodson.biz,001-782-326-0809x9371,Active,2022-10-22
1556,Schaefer PLC,Miguel Stephens,ambergonzalez@ramirez.com,+1-611-833-7049,Inactive,2022-04-10
1557,Kirby-Edwards,Scott Khan,smithrobin@morris-harding.net,(434)581-1808,Inactive,2025-03-27
1558,Brown-Arias,Kimberly Vasquez,suzannerobertson@gomez.biz,001-841-553-3070x66670,Inactive,2022-10-25
1559,Garcia Inc,Melissa Duarte,matthew30@sanchez.com,503-277-9170x379,Active,2024-05-10
1560,Cochran PLC,Anthony Smith,zachary07@drake.com,774-224-6847x325,Active,2024-06-12
1561,Davenport-Johnston,Gabriela Vance,croman@reid.com,001-309-857-8903x5508,Active,2025-06-04
1562,"Baker, Morris and Murphy",Yvonne Manning,hollowayseth@ferrell-johnson.com,205-315-5674x092,Inactive,2024-03-07
1563,"Jimenez, Stewart and Doyle",Amanda Pollard,walkerjonathan@miller.net,7676091446,Inactive,2025-04-01
1564,Smith-Williams,Edward Johnson,wscott@hanson-cruz.com,687-852-5604x8992,Inactive,2024-06-13
1565,Stewart Group,Vincent Moreno,vmorrison@davis.com,(716)752-5081,Inactive,2021-01-09
1566,Allen-Morgan,Sean Spears,parsonsjonathan@reynolds.info,001-463-710-3231x97670,Inactive,2023-06-13
1567,Garcia-Hicks,Diana Wheeler,michael89@king.com,+1-483-928-1137x24479,Active,2023-08-06
1568,"Davis, Villarreal and Sexton",Joseph Mccall,andrew09@collins.net,563-992-4887x807,Active,2024-03-19
1569,"Little, Trujillo and Barnes",Kenneth Schaefer,uschmidt@hill.com,991-687-1628,Inactive,2024-08-03
1570,Roman-Reynolds,Jennifer Brown,chapmancarolyn@martin-roberson.com,799-331-7697x08567,Active,2021-01-21
1571,"Brooks, Delgado and Gross",Steven Garza,qwashington@foley-glover.info,714.605.7702x5015,Inactive,2023-01-05
1572,"Campbell, Bowman and Mueller",Sherry Flores,david63@green-knox.net,255-757-6633x542,Inactive,2021-01-21
1573,"Roach, Crane and Deleon",Caitlyn Mcfarland,oanderson@dominguez.com,+1-888-270-8942x66036,Inactive,2022-06-06
1574,Graham-Golden,Christopher Conway,james50@horne.biz,465-637-7784,Active,2025-01-04
1575,Fisher LLC,Amy Rodriguez,shirleypatterson@smith-huff.info,(359)725-0169,Active,2024-06-19
1576,"Alvarez, Brown and Weber",Anthony Santiago,warrenjames@parker.com,001-374-832-6924x94180,Active,2025-09-29
1577,"Gomez, Bishop and Wilson",Carrie Boone,csantana@jones.net,(787)391-4659,Inactive,2021-07-14
1578,"Thomas, Pacheco and Mckenzie",Susan Jarvis,carrie66@reynolds.org,938-937-5428x8463,Active,2022-11-20
1579,Burton-Soto,Nicholas Smith,morganwells@sutton.info,001-531-462-5055,Active,2024-06-11
1580,Williamson-Thomas,Mary Torres,hannahthomas@higgins.com,001-988-994-9128x6728,Active,2023-01-08
1581,Kramer-Reyes,Amber Smith,ybush@carlson.biz,624-315-7318x02040,Inactive,2020-11-25
1582,Shaffer-Knight,Reginald Ramirez,stephenmcneil@henderson.net,549-763-5501,Active,2022-08-12
1583,Stanley Inc,Michelle Dixon,randall31@woods.com,001-217-449-3175x6073,Active,2021-09-19
1584,"Fitzpatrick, Bolton and Horn",Jesse Young,qshepherd@miller.com,+1-849-326-2189x22400,Inactive,2022-08-11
1585,"James, Nelson and Schwartz",Jamie Jackson,melissa43@daniels-williams.com,311.780.0450x1531,Active,2024-04-16
1586,Rivas and Sons,Mr. Connor Oneal,laura77@kim.net,862-657-5042x24640,Inactive,2025-02-02
1587,Sherman-Deleon,Gail Scott,rodgerserik@rodriguez-wilson.net,+1-916-705-8019,Inactive,2023-11-06
1588,Williams-Jackson,Joshua Jefferson MD,bakerjessica@barrera.com,+1-742-367-0880x501,Active,2022-10-08
1589,Caldwell-Barrett,Sonia Jenkins,natalie70@thomas-brown.org,+1-381-642-0768x17006,Inactive,2022-09-15
1590,Ward-Kennedy,Courtney Goodman,vmyers@vega.com,371-950-0760,Active,2023-10-17
1591,Page PLC,Abigail Cole,lspencer@campbell.com,567.670.6672x19228,Inactive,2025-10-27
1592,Green Inc,Leslie Hernandez,eric25@washington.info,908-891-2059x944,Active,2025-05-16
1593,"Johnson, Thompson and Schroeder",Jared Anderson,robertpaul@fernandez.com,762-706-3703,Inactive,2023-10-29
1594,"Garcia, Martinez and Kim",Billy Thornton,tonisullivan@weaver-sanders.com,(402)753-6873x2092,Active,2023-03-08
1595,Williams-Dunn,Alicia Mendez,salazarangie@weiss-short.net,618.634.1000x6658,Active,2022-11-19
1596,"Fischer, Tyler and Hall",Aaron Jordan,jacquelineedwards@klein.info,6646937590,Active,2024-10-23
1597,"Madden, Reid and Valentine",Samantha Brown,fsmith@moreno.biz,951-730-0501x985,Active,2023-05-18
1598,Clark-Weaver,Kimberly White,andrew28@mason.info,(755)332-0528,Inactive,2023-07-21
1599,Villanueva-Wilson,David Miller,etran@hodges.com,739-318-4180,Active,2023-04-19
1600,Martinez Ltd,April Green,maddenjessica@jones-patterson.org,632.976.9268,Active,2022-10-04
1601,"Owens, Carr and Williams",Megan Thompson,carriebennett@richardson.biz,6713241373,Active,2021-12-31
1602,"Edwards, Hinton and Jones",Jeffrey Lane,ryanclark@bell-steele.com,+1-345-694-5681x50895,Active,2024-01-30
1603,"Hall, Delgado and Irwin",Lisa Riley,pnorman@malone.com,233.488.3196,Inactive,2023-08-05
1604,Bishop Ltd,Kathleen Green,osbornejohn@stark.com,807.826.0275x789,Active,2022-07-23
1605,Gordon-Kelly,Karla Moreno,jamesandrade@elliott.com,+1-898-424-7707x518,Inactive,2021-09-21
1606,Elliott Ltd,Rebecca Gallegos,zfranco@rose-galloway.com,916.289.6006x68812,Active,2023-06-27
1607,"Glenn, Wood and Stephens",Frank Hickman,egardner@cole.com,+1-699-279-7031x08083,Inactive,2025-06-24
1608,Dyer-Green,Victoria Pierce,raymondlauren@merritt-ferguson.com,365-286-7260x213,Inactive,2024-06-05
1609,"Henderson, Acosta and Evans",Mark Henson,treid@bowman.info,001-980-237-8253x7126,Inactive,2023-04-12
1610,Cook LLC,Dr. Brett Welch,egonzalez@cardenas-dudley.com,956.424.7994x4331,Inactive,2024-08-28
1611,Bowen Inc,Sean Woods,htaylor@bryan-dorsey.info,946.740.1577x46621,Active,2024-06-20
1612,Welch-Stewart,Scott Hernandez,anna66@thompson-white.org,8722267940,Inactive,2021-09-04
1613,Hays-Green,Christopher Love,angelalambert@robinson.com,+1-898-462-2546,Inactive,2025-08-16
1614,Barry-Bird,Isaac Watson,darlene08@gonzalez-pearson.com,001-249-326-2735x060,Inactive,2022-02-05
1615,Gutierrez-Mitchell,Ronald Richards,mjones@knight.com,7916665954,Active,2022-12-13
1616,Brown Group,Sheila Dickerson,diamondbooth@evans.com,+1-452-325-8987x3073,Active,2024-05-03
1617,Brooks-Schroeder,Stephen Williams,ibrown@contreras.com,913.840.2500x6422,Active,2023-01-09
1618,Collins PLC,Pamela Gutierrez,samanthanunez@brown-flores.com,577-941-1602x8595,Inactive,2023-10-03
1619,Greene-Mccullough,Eugene Frederick Jr.,jennifer55@rivers.com,001-630-616-4303x29774,Inactive,2022-10-08
1620,Rowe and Sons,Ellen Shelton,ffry@schneider.com,272.846.4972x8341,Inactive,2024-09-01
1621,"Hurst, Hopkins and Jones",Kenneth Hansen,tracey98@riley.com,(242)412-8265x8597,Inactive,2023-04-02
1622,"Vargas, Smith and Day",Kenneth Davis,jeremy56@ali-curtis.com,734-640-7080x6313,Active,2022-11-12
1623,Fitzpatrick-Fernandez,Sydney Vincent,newtonjason@chandler.com,+1-911-526-4218x1544,Inactive,2024-10-13
1624,"Bonilla, Williams and Brown",Jill Howell,littlesarah@barnett-lopez.biz,(943)226-5720,Active,2023-01-03
1625,"Henry, Olson and Howell",Sarah Allen,vsimpson@graves.com,+1-699-363-6918x454,Inactive,2025-10-27
1626,"Nunez, Holden and Rocha",Nathan Carroll,ricardothomas@smith.com,599-552-7478x71553,Inactive,2021-06-08
1627,"Griffin, Everett and Perez",Christy Evans,yrivera@jensen.com,865.602.1000x278,Inactive,2025-08-16
1628,Barron-Underwood,Nicole Humphrey,mackmichael@martinez.com,+1-963-419-0537x6932,Inactive,2025-01-26
1629,Lowe-Leon,Cassidy Bartlett,fstewart@burgess.com,+1-643-687-2075x79314,Active,2023-02-10
1630,Wheeler PLC,Devin Costa,qthompson@harris.com,001-377-415-7368x50705,Inactive,2023-10-23
1631,Lucas Inc,Teresa Davis,bchavez@kelly-garcia.com,001-256-661-9667x6015,Active,2022-10-30
1632,Cooley-Mack,Cody Valdez,shawn47@barnes-day.biz,(873)729-7741x050,Inactive,2021-01-05
1633,"Hernandez, Sanchez and Salazar",Shane Hodges,davidwarner@johnson.biz,337-830-5342x89078,Active,2022-02-06
1634,"Harris, Michael and Pratt",Guy Brown,garrisonbrent@martinez-munoz.com,(870)559-0411x79779,Inactive,2021-09-19
1635,"Johnston, Mitchell and Ramos",Lisa Nunez,anelson@roy.org,430.687.8847x79888,Active,2022-09-05
1636,Bailey-Powell,Jenna Parks,sergioking@lopez.com,001-271-354-7595,Inactive,2022-06-27
1637,Cruz and Sons,Anita Conley,ugriffin@rasmussen.net,(846)749-1371,Inactive,2021-04-23
1638,"Ramirez, Bowman and Beck",Mary Brooks,efowler@miller.org,251-681-3690,Active,2024-07-30
1639,"Williams, Reynolds and Torres",Amy Reed,murphycassidy@jensen.info,+1-291-219-2689,Active,2025-02-03
1640,Bernard-Williams,Thomas Jones,kyle16@simmons.info,001-772-494-2067x08058,Active,2023-03-21
1641,"Smith, Dean and Castillo",Leah Park,athompson@hall.com,(418)661-7598x962,Active,2023-06-02
1642,"Spears, Barnes and Brewer",Devin Sanford,michelle32@jones-armstrong.com,9269334922,Inactive,2024-11-11
1643,Schmidt PLC,Michael Henderson,jimmyhopkins@figueroa-baker.com,882-613-8011x557,Inactive,2021-09-06
1644,"Sheppard, Berg and Garcia",Pamela Cox,linda32@ruiz.net,001-539-673-1752x52324,Inactive,2022-01-24
1645,Rodgers PLC,Patrick Moody,bnguyen@arnold.com,250.606.4558,Active,2025-03-30
1646,Austin LLC,Scott Weaver,vlopez@boyd-goodman.org,870.262.5873,Active,2025-04-15
1647,Richardson PLC,Michael Barnes,sharonbeck@chaney-brooks.com,315-632-7034,Inactive,2024-08-10
1648,Buckley-Sherman,Kimberly Horton,flewis@young.org,001-487-308-0538,Inactive,2022-05-01
1649,"Hernandez, Patton and Walker",Lisa Owen,shawn53@tucker.com,612-456-2220x83464,Active,2025-08-24
1650,"Gross, Martinez and Holmes",Justin Khan,uwilliams@hudson-salinas.com,+1-494-351-0683x829,Active,2024-01-29
1651,Mccann PLC,Mrs. Elizabeth Lopez DDS,gnorton@sanchez.com,+1-605-369-5625x0969,Inactive,2022-01-10
1652,Flores PLC,Lisa Leonard,byrdsherry@malone.com,211.707.1492x36036,Inactive,2025-08-01
1653,"Wagner, Green and Carrillo",Ronnie Taylor,pittmanglenn@page.com,+1-631-591-8043,Inactive,2021-03-25
1654,"Lucero, Hudson and Freeman",Jamie Baldwin,gregory81@malone.info,972-691-3112x659,Inactive,2024-02-18
1655,Robinson and Sons,Ashley Jones,westkaren@thompson-sanchez.com,558.288.1185x9206,Inactive,2023-01-23
1656,James and Sons,Carol Foster,smithmaurice@villa.com,392.551.3622x380,Active,2024-08-26
1657,Thompson PLC,Kristin Boone,adam46@hughes.biz,2772272045,Active,2024-07-11
1658,"Kirby, Harris and Jennings",Crystal Yu,anthony62@anderson-mccann.com,594-461-7305x1513,Inactive,2021-01-31
1659,"Foster, Harris and Hancock",Sandy Wilcox,kellysmith@davis-kirby.com,001-866-553-3903,Inactive,2025-03-27
1660,Castillo-Gonzalez,Leah Russo,parkanthony@evans.info,(201)546-8314x650,Active,2025-09-30
1661,Mack-Mckee,Ryan Dixon,paul42@davis.org,2238201651,Active,2020-12-20
1662,"Rodriguez, Tucker and Bailey",Greg Ellison,peterberger@walters-lang.com,(916)422-8439x6568,Inactive,2020-12-02
1663,Beasley LLC,Theresa Werner,prestonmaria@logan-morgan.com,564.314.4271x9745,Active,2023-05-11
1664,Carpenter-Kelly,Tonya Williams,whitneyjennifer@torres-gonzalez.com,(442)672-9436x10909,Active,2023-08-02
1665,Newman Inc,Jeffrey Phillips,hernandezjames@gonzales.info,5603225255,Inactive,2022-06-08
1666,Paul-Cole,Cody Johnson,kevin17@adams-johnson.biz,379.905.8482,Inactive,2022-06-07
1667,"Harris, Fischer and Carr",Mark Garcia,lauriehenderson@cantrell.com,(746)246-7647x8562,Inactive,2025-07-22
1668,Dorsey-Brown,Mariah Lutz,john99@moore.org,001-728-361-0285,Inactive,2022-12-20
1669,Rice and Sons,Gavin Smith,sheilachambers@weaver.com,+1-219-780-5283,Active,2022-06-29
1670,Arellano Group,Adrian Lambert,lisaperez@roberts.info,969.221.9105x071,Active,2023-11-05
1671,Carter-Pruitt,Timothy Ramirez,hgarza@wright-gibson.biz,938.443.1556x7695,Inactive,2025-08-16
1672,White-Ortiz,John Jackson,stacie70@rhodes.org,390-556-6514,Active,2023-06-16
1673,Smith Group,Matthew Hall,scruz@miller.com,001-619-517-0242x3637,Inactive,2024-10-07
1674,Ferguson Inc,Benjamin Carney,justinlopez@olson.net,(261)911-4762,Inactive,2022-07-30
1675,Murray-Olson,Crystal Cooper,ramireztamara@leon-butler.com,531.916.8859x266,Inactive,2020-12-29
1676,Gardner Ltd,Lindsey Walker,brandonevans@diaz.com,(656)608-8041x8902,Inactive,2024-04-03
1677,"Lopez, Rose and Jackson",Daniel Schwartz,penningtonlisa@robinson-stokes.com,449-431-8137,Active,2022-07-19
1678,"Garner, Smith and Morgan",April Villanueva,joshuarodriguez@morales.biz,492-473-8681x337,Inactive,2024-12-24
1679,"Norman, Garcia and Jones",Daniel Riley,haley83@randolph.com,(871)260-3384x1787,Active,2022-02-24
1680,"Snyder, Harper and Smith",Thomas Jennings,smithheather@matthews.info,+1-712-588-3793,Active,2021-04-29
1681,"Orozco, Sheppard and Mcguire",Maria Black,ronald53@stewart.net,001-823-420-7248x6115,Inactive,2022-10-20
1682,Roth Group,Mr. Michael Ramirez MD,hilltonya@hoffman.com,771-820-8362x4874,Inactive,2022-06-01
1683,Velasquez PLC,Kristi Park,zmcintosh@salinas.biz,2638951368,Active,2023-11-23
1684,Carter-Wolfe,Danielle Robinson,tsullivan@lowe.com,(418)645-3577x77859,Inactive,2023-09-20
1685,"Hall, Jones and Dudley",Kayla Wolfe,icarter@mckee.biz,8429445025,Inactive,2021-05-13
1686,Martinez Group,Carrie Cook,gentrykatherine@smith.com,001-829-240-3804x37412,Inactive,2025-03-12
1687,"Bennett, Flores and Wilson",Paula Garcia,ahardin@charles-francis.com,+1-631-432-9402x759,Active,2023-11-21
1688,Jones Group,Jacob Flores,adrienne32@jones.info,+1-805-260-5573x84109,Active,2021-01-29
1689,"Reynolds, Gray and Wilson",Regina Hensley,james17@sullivan-ballard.com,845-969-7918x1433,Active,2023-08-17
1690,Cook-Conner,Richard Cruz,josephkey@smith-lee.net,+1-224-399-6966,Inactive,2025-03-16
1691,Todd-Holmes,Brian Fowler,robertwalker@fox-green.com,(461)593-7902,Inactive,2021-01-08
1692,"Lucas, Carter and Lewis",Melissa Miller,joshuahorn@rivera-gonzales.org,+1-200-872-5668x723,Inactive,2022-08-14
1693,Bailey-Boyer,Jessica Jones,daniel04@young.info,567.995.9322x4967,Inactive,2021-07-06
1694,"Fisher, Edwards and Chan",Bailey Anderson,matthew02@bush.com,688.326.9769,Active,2022-11-02
1695,"Price, Tucker and Miranda",Sarah Munoz,amorrison@miranda.com,618-935-9094x9044,Active,2023-03-17
1696,Ellis Group,Eric Cooper,timothyjenkins@guzman.info,+1-628-874-0751x9391,Inactive,2020-11-23
1697,Cole and Sons,Dr. Amanda Edwards,loweandrew@lucas.com,001-975-901-3993x9256,Active,2023-06-04
1698,"Patrick, Olsen and Davis",Dr. Andrea Powell,crussell@hubbard.com,486.838.1303,Active,2021-12-09
1699,Cohen-Mendez,Alexander King,rdiaz@tucker.biz,243-249-5412x1762,Active,2021-06-25
1700,"Thompson, Schmidt and Wright",Jordan Patel,clarkebridget@kelly.com,2452686969,Active,2021-07-06
1701,"Jackson, Robinson and Davis",Brandi Turner,patricia15@bryant.com,568.761.2779x333,Inactive,2024-07-17
1702,"Collins, Moore and Davis",Robert West,tmiller@duffy.com,3649103184,Inactive,2022-12-04
1703,"White, Russell and Mckenzie",Mark Patterson,juan12@mcbride.com,001-367-626-4401x9892,Inactive,2022-08-15
1704,Hendrix-Morgan,Deborah White,imartinez@boyer.info,001-981-638-4751x340,Active,2021-08-02
1705,"Booth, Stewart and Brooks",Stacey Taylor,brett55@butler-bell.com,9695061195,Active,2024-07-28
1706,Murphy Inc,Ethan Nelson,jeremy94@mcclain-blake.net,7542009231,Inactive,2024-11-06
1707,"Crawford, Smith and Christian",Lauren Sweeney,katherinewalters@clark.biz,(605)955-5628,Inactive,2023-12-30
1708,Hogan-Quinn,Michael Flowers,brookeguzman@clark-johnson.com,488-285-7878,Active,2025-08-25
1709,Olson-Barber,Dana Griffin,alexandernash@morrison.org,001-584-460-7456x25670,Inactive,2024-08-22
1710,Crosby Ltd,Heather Hayes,brian98@beck.info,620-946-9074x39064,Inactive,2025-01-16
1711,Austin Inc,Mark Scott,alexander73@garcia.org,001-601-412-0367x2916,Inactive,2024-07-10
1712,Irwin Group,Jason Webb,burnsashley@white-peterson.com,(808)331-3001,Inactive,2025-04-19
1713,White LLC,Keith Williams,zphillips@reyes.com,8869042831,Inactive,2022-01-10
1714,Anderson LLC,Patrick Duke,ywilson@gibbs.biz,337.278.8921x418,Inactive,2021-05-06
1715,Martin-Franklin,Dawn Oliver,barberdiana@brown-cooper.biz,576-858-5757x903,Active,2024-10-03
1716,"Flores, Chapman and Luna",John Morrison,bassandrew@hodges.com,001-778-548-6523x0804,Inactive,2022-06-25
1717,Wiley-Johnson,Kimberly Johnson,aallison@moore.com,347-353-9641x63825,Inactive,2024-11-03
1718,Wilkins Ltd,Corey Lamb,christophersolis@holden.com,3803480886,Active,2022-04-01
1719,Shaw-Turner,Crystal Sanders,erin77@davis.info,868-810-9817,Inactive,2022-10-25
1720,Anderson-Cook,Karen Clayton,awilson@hubbard-boyle.net,(786)546-4147x35946,Inactive,2024-10-20
1721,Rowland-Cooper,Jeremy James,zlove@becker.com,366-603-2370,Active,2020-12-23
1722,"Gomez, Lucas and Brown",Matthew Jones,oliversonya@contreras.com,+1-547-572-5961x1595,Inactive,2025-02-17
1723,Davis-Martinez,Melinda Riley,hamiltonamy@miller.biz,5306980518,Inactive,2022-07-15
1724,Cabrera-Harris,Jeffrey Brown,oramos@mitchell.com,001-241-867-6218x743,Active,2023-04-08
1725,Turner-Morrison,James Young,alexandra09@dodson.com,(928)590-8454x82627,Active,2022-09-25
1726,Hensley and Sons,Brendan Santiago,zlong@adams.com,+1-874-747-6522x469,Inactive,2021-10-23
1727,Watkins-Jones,Joel Wright,cristinaphillips@day-johnson.com,8058745807,Active,2023-06-29
1728,"Stevens, Evans and Perez",Barbara Bryant,simpsonkendra@bell.net,(824)252-4881,Inactive,2022-06-11
1729,Roman-Parker,Dr. Harry Russell,corey91@valdez.info,691.629.8358,Active,2025-08-07
1730,"Smith, Garcia and Ellis",Stephen Petty,rochapaul@cowan.com,001-217-544-7940,Active,2021-01-29
1731,"Larson, Moore and Knight",James Clayton,vnguyen@johnson-neal.com,464.552.6587x280,Active,2025-07-07
1732,Flores-White,William Spencer,bethany01@tate.com,9054378286,Active,2022-02-24
1733,Odonnell and Sons,Benjamin Mercer,lamroger@jackson.org,266.921.5415x198,Active,2020-11-09
1734,"Jacobson, Gibson and Anderson",Sandra Neal,melinda28@robinson-medina.com,392-263-8987x4955,Active,2022-01-12
1735,"Hall, Allen and Cox",Hannah Bruce,patriciabanks@ross-lewis.net,+1-216-419-0558x753,Inactive,2025-10-29
1736,Miller-Ball,Norma Hooper,caleb79@burton-moore.com,(379)389-1454,Inactive,2025-08-14
1737,"Mullen, Kennedy and Martin",Richard Turner,qnelson@skinner.com,(728)986-5807x20080,Inactive,2021-01-04
1738,Hudson Group,Daniel Farmer,sean29@rivera.com,+1-368-408-4690x0158,Active,2022-08-18
1739,Vincent-Nelson,Marc Zavala,kristen00@dudley.com,001-706-972-4460,Inactive,2024-12-15
1740,Monroe PLC,Dylan Hughes,raymondamanda@gonzales-caldwell.org,6913006347,Active,2025-02-16
1741,Wilkins and Sons,Christian Lee,kimberly97@bryant-lewis.biz,+1-728-476-5755,Inactive,2023-08-29
1742,"Gutierrez, Morris and Cruz",Allison Huber,gadams@warren-barrett.com,571.530.0025x54645,Inactive,2023-04-07
1743,Howell-Bailey,Madison Daugherty,keith04@norris.com,7563337069,Active,2021-05-24
1744,"Garcia, Long and Martinez",Jessica Baxter,mark42@andrews.com,324.219.9771,Active,2021-10-02
1745,"Steele, Alexander and Bowers",Robert Gray,amy09@rivera.com,969.847.4934,Active,2025-03-25
1746,"Aguilar, Espinoza and Butler",Omar Haynes,ytrujillo@ponce-stewart.com,+1-943-219-6521,Inactive,2021-01-26
1747,Lee-Brown,Alicia Flores DVM,bryan84@howell-medina.info,(595)959-1268x13078,Inactive,2022-08-14
1748,Harrington Ltd,Hannah Sellers,jacksonjoel@hays.com,(358)302-4557,Inactive,2024-02-04
1749,Shepherd Group,Daniel Garcia,candice86@anderson.com,(231)874-0281,Inactive,2020-11-09
1750,"Castaneda, Hughes and Greer",Daniel Frazier,whiteyvonne@bennett.com,(741)362-9870x2521,Active,2023-02-14
1751,"Bowman, Luna and Valentine",Anna Anderson,elizabethleblanc@williams-cross.com,+1-952-460-2354,Inactive,2022-04-08
1752,Johnson-Flores,Heather Li,brandonsullivan@ali.org,4045589275,Inactive,2023-02-11
1753,Hunter Inc,Jennifer Norton,jefferydiaz@morales-hicks.org,+1-918-628-4399,Inactive,2025-05-05
1754,Riley-Williams,Michelle Freeman,margaretrandall@smith.com,(760)294-0447x5017,Inactive,2023-09-02
1755,Shelton-Myers,Kelli Hubbard,brewermarcus@dillon-crawford.com,(232)842-0430,Inactive,2022-11-13
1756,"Brown, Garcia and Johnson",Justin Massey,stevensonjohn@morgan.com,320-628-6122x3286,Active,2020-11-07
1757,"Wise, Fields and Spears",Charles Rojas,georgeallen@hall.com,4016327892,Active,2022-11-03
1758,Brown-Willis,Brendan Frederick MD,cassandramcpherson@fields.biz,(294)984-6764,Inactive,2024-09-25
1759,"Peck, Lewis and Jones",Juan Smith,dwilliams@sanchez-spears.biz,8273315672,Inactive,2025-01-01
1760,"Randolph, Norman and Patterson",Dorothy Cain,dzimmerman@stephens.com,001-443-482-1462x922,Active,2025-05-05
1761,Gonzalez Ltd,Christina Mcmillan,gregory23@guzman-johnson.com,409.440.1441x2452,Inactive,2022-12-22
1762,Hughes-Leonard,Samantha Bradley,rebeccaterry@johnson-perry.com,001-593-937-4153x583,Inactive,2025-02-27
1763,"Harding, Diaz and Weber",Renee Lynch,john09@garner.org,(908)225-7232x300,Active,2025-08-05
1764,Sawyer-Jones,Robert Shaw,phillip74@ball-mullins.com,001-491-448-3565x0869,Inactive,2024-09-24
1765,"Smith, Thompson and Cardenas",Jackie Pham,patricia11@contreras.com,001-662-241-2667x6809,Inactive,2023-07-01
1766,"Morales, Webb and Wright",Derek Skinner,kathleen20@flores-jefferson.com,(361)743-4037,Inactive,2022-02-08
1767,"Adams, Norton and Williams",Michael Boyle,debrajohnson@diaz.com,(952)264-9747,Inactive,2024-07-14
1768,Santos-Contreras,Christopher Gutierrez,benjaminmcgrath@johnson.com,001-301-324-4805x6942,Inactive,2025-03-02
1769,Parker-Willis,Douglas Silva,barrettkimberly@gonzales.com,001-614-292-0499x306,Inactive,2023-02-02
1770,Anderson Inc,Michael Hill,charlesowen@floyd-robinson.com,001-388-678-5066x0675,Active,2021-10-27
1771,Boyd-Reed,Jamie Knight,adamsdavid@wells-jennings.com,638-561-1511x16271,Inactive,2023-12-24
1772,"Lee, Rodriguez and Long",Jennifer Nguyen,stephanie72@bailey-martinez.com,737.412.2072x5084,Inactive,2023-05-24
1773,Dunn Group,Amanda Lynch,louislandry@russell.com,001-299-331-9140,Inactive,2022-03-27
1774,"Hensley, Hayes and Zimmerman",Laurie Stanley DVM,zacharywest@quinn-rogers.org,692-454-3450x266,Active,2024-11-28
1775,Patel Ltd,Kurt Long,jshannon@koch.com,829-927-2430,Inactive,2024-11-02
1776,Williamson-Hall,Jimmy Jones,ssmith@king.net,+1-435-513-3157x920,Active,2024-07-06
1777,Miller-Page,Alexis Griffin,brittanycoffey@wilson.biz,6862961108,Inactive,2022-11-14
1778,"Johnson, Bradley and Barrett",Yvonne Myers,arobinson@hampton.com,939.895.0666,Active,2020-11-27
1779,"Peterson, Smith and Brewer",Gina Dorsey,kelleybradley@howell.org,001-680-555-6441x99412,Inactive,2024-05-21
1780,Long LLC,Christopher Reid,alexanderchristopher@farmer.com,001-349-983-6784x9032,Inactive,2024-08-06
1781,Elliott-Sosa,Bryan Mendoza,bcook@shea.info,831-257-5229x50838,Inactive,2022-07-08
1782,"Brown, Coleman and Carter",Samuel Khan,nlynn@dunlap-oneal.com,974-239-2708x120,Inactive,2021-01-20
1783,Vasquez Inc,Ashley Wright,leahsmith@boone.com,001-860-899-0975x78851,Active,2021-07-21
1784,"Smith, Beard and Green",Kyle Campbell,julie61@benjamin-thomas.com,472.661.0540x260,Active,2024-05-04
1785,Le-Richards,Michelle Matthews,zweaver@leach-russo.org,001-333-297-4539,Inactive,2022-05-02
1786,Weaver PLC,Bradley Fowler,jonathan37@gray.com,+1-508-357-5379x476,Inactive,2025-05-01
1787,"Robinson, Scott and Page",Christopher Randolph,dawnmedina@moore-harris.biz,001-215-312-1676x0896,Active,2021-01-01
1788,Dougherty-Simmons,Stephen Griffin,janiceanderson@abbott-ward.com,001-893-585-4044x50398,Active,2025-04-26
1789,Francis Group,Wanda Morrison,millsyolanda@lawson-myers.com,(796)553-2831,Active,2021-01-08
1790,Smith-Mcclain,Ashley Williams,janice78@acevedo-jones.com,333.545.1298x29454,Active,2022-07-13
1791,Castro-Rodriguez,Nicole Erickson,nicolejohnson@walker-richard.com,995.700.7867,Active,2023-09-04
1792,Johnson LLC,Paul Washington,pmarquez@long.com,761.342.4741,Active,2024-07-13
1793,"Walker, Gilbert and Kim",Margaret Romero,susanbaker@butler.com,278-827-5773,Active,2021-06-01
1794,Harrell-Myers,Michael Cannon,uparker@brown.org,(956)583-5962,Active,2025-07-28
1795,Woods-Reyes,Cesar Evans,sgill@wilson-lee.com,+1-702-882-6565x29367,Active,2022-05-10
1796,Wood-King,Deanna Young,breanna89@jacobs.org,(753)664-2209x470,Inactive,2023-01-17
1797,Glenn-Howard,Melissa Bishop,jonesanna@mcdonald.com,504.638.8528x715,Inactive,2023-02-07
1798,Johnson PLC,Mary Roach,andreacollins@pratt.com,+1-248-904-6886x989,Inactive,2024-03-29
1799,Beasley LLC,Carrie Martin,gtrujillo@bell.info,378.915.6162,Active,2022-08-20
1800,Randolph-Kirk,Joseph Simpson,carterholly@bullock.com,(966)816-2469x8896,Active,2022-04-20
1801,"Jones, Taylor and Collins",Lori White,troy86@williams-mcdaniel.com,(771)448-9579x2578,Active,2022-06-21
1802,Barajas-Harper,Zachary Glover,kellyjones@allen-peterson.com,771-315-5822x1819,Active,2024-08-13
1803,Casey Inc,Alexander Bryant,mhester@serrano.com,664-453-8336,Inactive,2023-10-20
1804,Huerta-Wyatt,Danielle Benson,lisadavis@martin.biz,259.514.9995x977,Inactive,2021-08-24
1805,"Ballard, Smith and Patterson",Beth Arnold,blakenolan@rivera.biz,867.598.8368,Inactive,2024-05-26
1806,"Christian, Evans and Caldwell",Stephanie Romero,johnsonrichard@walton.info,001-439-320-6042x94299,Active,2021-08-06
1807,"Gallegos, Adams and Baker",Philip Mccoy,jordanelizabeth@yoder.com,272.311.2038x29983,Inactive,2023-12-22
1808,Norman Ltd,Lisa Bentley,fjoyce@hansen-walton.biz,303.604.0054x68013,Inactive,2022-08-19
1809,Butler LLC,Craig Garcia PhD,kentmaurice@cook.org,(291)379-1969,Inactive,2022-10-31
1810,Carter-Henry,Troy Carroll,stoutmargaret@turner.com,001-501-868-0115,Active,2020-12-27
1811,"Cruz, Clark and Evans",Victoria Rios,dclark@horn.com,753-853-0532,Active,2022-04-21
1812,Byrd-Bright,Shannon Lucas,linkevin@simpson.com,551-769-3240x57411,Active,2022-07-12
1813,"Garcia, Smith and Palmer",Angel Sanders,rjimenez@weber.com,(518)658-6804,Active,2022-01-23
1814,"Smith, Barajas and Robertson",Laurie Thomas,timothy39@fuentes.com,877.631.2058,Active,2025-04-02
1815,Harris-Brown,Jimmy Arnold,jonathanjohnson@bailey.com,701-681-3617x00048,Inactive,2021-10-06
1816,"Jefferson, Sheppard and Taylor",David Schaefer,baxterbrandi@nguyen.org,(225)356-1441x2987,Active,2021-05-01
1817,"Lee, Anderson and Cook",Ashley Drake,rodrigueznicole@robertson-young.com,001-309-265-2612x16694,Active,2020-11-06
1818,Brown Ltd,William Johnson,ygibson@holden-garrett.biz,+1-673-623-8368x4143,Inactive,2024-03-06
1819,Thompson PLC,John Bates,edwardsjames@forbes.com,795-909-4281x68362,Inactive,2025-01-07
1820,Miller Ltd,Cathy Mitchell,ashleymarissa@aguilar-hendricks.com,001-779-481-5551x8495,Active,2024-06-10
1821,Wright-Stewart,John Anderson,donald87@santiago.com,5296172651,Inactive,2022-01-27
1822,Edwards LLC,Kelli Rodriguez,danielcox@taylor-watson.com,302.541.3001,Active,2021-05-24
1823,Coleman-Wall,Douglas Marshall,rshaw@oconnell.com,+1-992-927-7026x04976,Active,2022-05-26
1824,Powell-Vargas,Elizabeth Brown,alexis76@montgomery-james.com,001-376-633-9680x071,Inactive,2025-01-29
1825,Williams-Rush,Clinton Williams,thomasmegan@olsen-dudley.com,(325)693-3238,Active,2022-10-23
1826,Rodriguez Inc,Jared Huffman,tparker@perkins-williams.com,998-995-1115,Inactive,2021-12-04
1827,Aguilar and Sons,Frank Wood DVM,zsmith@anderson-powell.com,001-945-788-4693x7147,Inactive,2021-01-20
1828,"Santiago, Kelly and Benson",Andrea Proctor,orice@ramirez-brown.info,889-842-4437x936,Inactive,2021-04-12
1829,Collins-Campos,Morgan Wilson,russellalicia@burns.info,349.367.8452x733,Inactive,2023-07-15
1830,Simpson-Wyatt,Daniel Rogers,matthew79@walsh-johnson.info,+1-907-570-4553x001,Active,2021-09-19
1831,Garcia-Ruiz,Laurie Rodriguez,autumnspencer@west-martinez.com,(755)425-1774x856,Inactive,2024-04-07
1832,Gaines-Malone,Cindy Parker,kimberlyjohnson@williams.com,(949)860-7265x20148,Inactive,2021-03-27
1833,"Jenkins, Sampson and Gonzales",Anthony Allen,terrinavarro@price-franco.org,820.350.6506,Active,2023-09-10
1834,"Meyer, Nelson and Bell",David Meadows,garciajulia@norton.com,8894676040,Active,2022-12-02
1835,Davis LLC,Victor Owens,guzmanthomas@zamora.com,686-553-1434x22070,Inactive,2021-07-03
1836,"Williams, Gibson and Jackson",John Williamson,rita93@ross.biz,2173678738,Active,2021-09-19
1837,Drake Inc,Carolyn Villa,sierramoreno@bradshaw-martin.com,675.804.4806x324,Inactive,2025-07-03
1838,Ortiz-Ramirez,Timothy Jackson,fosterjulia@welch-anderson.org,839.397.0214,Inactive,2024-02-11
1839,"Calderon, Chang and Collins",Angel Hernandez,pstanley@huerta.com,001-743-877-0296x70503,Active,2022-04-08
1840,Avery and Sons,Mrs. Mary Ingram,ismith@brennan-miller.org,3653632267,Active,2021-06-28
1841,Romero-Wilson,Michael Maldonado,lauraperkins@carlson-raymond.com,(992)753-8418,Inactive,2024-11-26
1842,Miller-Sullivan,Candice Santiago,mary83@reynolds-porter.net,534.808.3378,Inactive,2021-10-16
1843,Whitaker-Johnston,Jennifer Sullivan,weaverandrew@wood.com,(627)950-9360,Active,2020-11-18
1844,"Moore, Johnson and Jacobson",Brandon Thomas,robinsonthomas@holloway-porter.org,792.626.8949,Active,2022-03-06
1845,Morrow-Figueroa,David Daniel,shelbysimon@lewis.info,(381)295-9816,Inactive,2025-02-20
1846,Greene PLC,Deborah Weber,phillipthompson@carney.com,(527)459-4267,Inactive,2024-12-14
1847,Lopez and Sons,Ethan Bailey,lukewaters@montgomery-lane.com,001-874-251-1651,Inactive,2025-06-26
1848,Thompson-Haley,Rachel Koch,jamescoleman@smith.info,929-466-4711x81320,Active,2022-06-24
1849,"Berry, Aguilar and Miller",James House,rowesharon@carpenter-beck.net,916-876-5599x91966,Inactive,2021-05-10
1850,"White, Gonzalez and Hill",Michael Mcguire,gina43@estrada-rojas.com,+1-642-649-1626x31777,Active,2022-02-03
1851,Thomas and Sons,Bonnie Brewer,glee@barnett.org,2344731751,Active,2023-12-11
1852,"Young, Hansen and Smith",Cynthia Wells,evansjared@miller-robinson.biz,001-634-931-7191x6335,Active,2021-07-23
1853,"Howard, Green and Ritter",Mark Hunter,mariorodriguez@stephens-maynard.com,2684299458,Inactive,2025-03-11
1854,Reed-Wilson,Laura Parks,avilaelizabeth@bonilla.com,+1-893-314-5365x133,Inactive,2022-09-24
1855,Owens-Carter,Jeffrey Jordan,floresjohn@fleming-webb.com,(471)327-4706x9531,Active,2024-09-09
1856,"Ochoa, Larson and Chase",Jasmine Hammond,vanessasimmons@dickerson.com,+1-962-993-1916,Active,2023-07-03
1857,"Norris, Grant and Vaughn",David Oneal PhD,daniellecooper@chavez.com,6462161438,Inactive,2022-10-06
1858,"Marks, Martinez and Gray",Gregory Barnes,perkinschristopher@kelly.com,+1-456-536-0385x528,Inactive,2021-10-27
1859,Hernandez PLC,Katelyn Robinson DVM,james58@vega.org,676.538.5869x225,Active,2024-12-25
1860,"Russell, Fisher and Thompson",Billy Burnett DVM,nwatson@peterson.com,+1-645-806-9895x829,Inactive,2022-11-02
1861,Lawson Ltd,Chris Cook,david93@wall.com,891-442-1544x0967,Inactive,2023-06-26
1862,Pierce LLC,Andrew Johnson DDS,julieholt@vazquez.com,(747)366-3077x997,Inactive,2020-11-02
1863,"Johnson, Padilla and Gomez",Susan Howell,andrew23@sampson-russell.com,001-404-711-7082x9220,Inactive,2021-08-01
1864,"Clark, Johnson and White",Amanda Logan,torresjonathan@calderon.com,001-955-752-3783x904,Active,2024-12-01
1865,"Carrillo, Edwards and Hebert",Chad Reyes,jasonharding@grant.biz,219-303-4830x82413,Inactive,2024-06-04
1866,Sullivan LLC,Nancy Ballard,harrisdanielle@sanchez.com,473.334.3071x8218,Inactive,2024-02-03
1867,"Smith, Hamilton and Lopez",Daniel Rice,omurray@meyer.com,+1-902-238-8369,Active,2022-01-11
1868,"Mcguire, Cole and Andrade",Hunter Collins,bergercatherine@lopez.com,463.299.6240x23849,Active,2022-10-02
1869,Wells LLC,Deborah Smith,guzmanandrew@howell.info,(386)293-9539,Active,2024-02-03
1870,"Castillo, Robinson and Gillespie",James Downs,stacyphillips@williams.biz,(389)292-3858x5520,Inactive,2021-10-14
1871,"Lyons, Berger and Middleton",Meghan Turner,andrea47@thomas.com,001-287-403-2217x7599,Inactive,2023-10-07
1872,Goodman-Burton,Kendra Andrews,woodwardjason@vazquez.com,472.781.0297,Active,2024-08-24
1873,Chaney-Wilkerson,Jeffrey Ford,snydercatherine@garner.com,(451)376-6689,Inactive,2022-03-26
1874,Mitchell-Martin,Cindy Diaz,anna95@zuniga-sanders.com,001-629-359-0994,Inactive,2023-05-17
1875,Diaz-Clark,Ryan Campos,michaelbutler@hammond-gomez.biz,876-769-5577x0518,Active,2021-04-12
1876,Marshall-Blair,Tammy Lin,garciabrenda@edwards.com,(287)604-2646x97950,Inactive,2024-03-19
1877,Combs-Schwartz,Connie Padilla,williamjohnson@garcia-thomas.info,402-609-2252x12380,Inactive,2023-02-03
1878,"Wilkins, Werner and Koch",Johnathan Sanchez,eatonkelly@baker-farrell.com,712-695-4589x38533,Active,2025-09-08
1879,"Burton, Morrison and Mendez",Jessica Reed,sandra95@anderson.info,+1-951-520-9018x1749,Active,2021-05-16
1880,Miller PLC,Daniel Jefferson,noblebrian@smith.org,001-661-697-4005x97583,Active,2023-11-17
1881,"Moss, Jackson and Smith",Alan Hicks,lisa82@burton.org,6783725505,Inactive,2023-09-06
1882,Obrien PLC,Jacob West,cjarvis@carney.biz,669-541-3512,Active,2024-01-25
1883,"Edwards, Frank and Ward",Kimberly Moore,smclaughlin@aguilar-bradford.com,(891)356-9490x60827,Inactive,2020-12-31
1884,Jackson and Sons,Billy Taylor,michael96@rodriguez.com,+1-643-385-6337x598,Inactive,2022-11-25
1885,"Fernandez, Wells and Mann",Mr. Justin Davis DDS,wilsonjerry@bishop-rich.com,231.943.2417,Inactive,2021-09-02
1886,Burns Group,Jennifer Sanchez,nmalone@williams.com,(608)522-0448,Inactive,2023-07-17
1887,Munoz PLC,Paula Garcia,brenda71@solis.com,+1-290-302-8422x417,Active,2025-06-03
1888,"Calderon, Rollins and Christian",Cynthia Vasquez,jason03@franco.info,001-325-517-3335,Active,2024-04-23
1889,"Martin, Martin and Miller",Shannon Austin,jjensen@kidd-powell.com,467-300-6208,Active,2021-12-18
1890,Smith-Franco,Jessica Ball,elizabeth36@clayton.com,001-235-401-1344x96895,Inactive,2025-08-17
1891,Wilkinson PLC,Todd Arias,michael94@wheeler.com,+1-204-674-4217x56394,Inactive,2024-02-07
1892,Garcia-Campbell,Jason Owen,ecollins@stevenson-moore.com,001-288-686-4650x893,Active,2022-11-11
1893,Alvarez PLC,Billy Crosby,walkersamuel@williamson.com,+1-637-377-2715x422,Active,2022-03-26
1894,Arellano-Mcneil,Dalton Rose,joshuagarcia@wells-white.info,(907)241-9753,Active,2021-04-11
1895,Young-Young,Lindsey Beck,nhurley@blanchard.com,4858837558,Active,2022-10-05
1896,Meza PLC,Rebecca Wise,natasha08@reed.org,618.411.9942x81783,Active,2020-11-07
1897,Scott-Gonzalez,Natasha Barry,matthew43@campbell.info,001-419-672-0409x324,Active,2022-07-02
1898,"Maddox, Huff and Johnson",Matthew Becker,ywalker@walker.com,2879244783,Inactive,2021-11-05
1899,Miller and Sons,Manuel Fernandez,emichael@thomas.org,327.724.4952x07699,Inactive,2022-01-20
1900,"Clark, Davis and Schroeder",Jonathon Kelly,dsullivan@suarez.com,(344)802-7760x123,Active,2022-01-02
1901,Bridges-Richardson,Andrew Lewis,wchristensen@callahan-allen.info,+1-238-447-1845x8163,Active,2021-09-29
1902,Vargas Inc,Cheryl Lee,vstanton@davis.net,2317026237,Inactive,2021-02-24
1903,Casey-Nunez,Tasha Rhodes,michellehernandez@nguyen.com,001-547-863-1691x45590,Active,2023-09-18
1904,Kelly Ltd,Stacy Moore,scottmcneil@kim-hayes.biz,001-722-767-6174x7904,Inactive,2022-04-01
1905,Phillips and Sons,Heather Harrington,tara25@munoz-patel.biz,537-319-6034x897,Active,2021-10-04
1906,Williams-Bailey,Cynthia Henson,jacob11@fowler.com,201-550-4379x086,Inactive,2023-09-18
1907,"Higgins, Wood and Bell",Theresa Walker,malik87@cannon-cole.org,001-974-725-4290x43682,Active,2024-04-07
1908,"Scott, Petty and Mercado",Amy Schwartz,pmills@solomon-olson.com,001-653-708-1580x86789,Inactive,2021-10-03
1909,Mathis PLC,Meghan Gates,robert19@watkins.info,700-329-5963,Inactive,2025-08-05
1910,Bell-Brown,Christopher Hart,nicholaswalker@smith.com,897-929-4103,Active,2023-08-17
1911,"Benton, Hughes and Norman",Michael Ingram,bill17@wall.com,001-970-997-1846x790,Inactive,2022-10-29
1912,Robinson-Walsh,Rebecca Norton,kreed@collins-house.com,9062977400,Inactive,2021-05-15
1913,"Lewis, Wood and Lowe",Jane Delacruz,grayaaron@hartman-cochran.com,3704010222,Active,2024-03-14
1914,"Poole, Sawyer and Raymond",Brendan Mcgee,livingstonmarilyn@kerr.com,001-691-606-7698x7101,Inactive,2021-07-05
1915,Moody Group,Christopher Hernandez,michaelbradley@mejia-barr.org,686-816-7211x70254,Inactive,2023-07-11
1916,Johnson-Moore,Patrick Santana,richardelizabeth@moon.net,4576595024,Active,2022-01-04
1917,Lewis-Hanna,Brian Ford,karl77@anthony.com,5203613920,Active,2025-04-17
1918,Cole-Decker,Julia Parker,gregoryreese@smith.com,896-230-9666x7629,Active,2022-03-02
1919,"Franklin, Hamilton and Curtis",Linda Meadows,scottjennifer@riggs.org,745-584-4657x71371,Active,2023-01-01
1920,Owens Ltd,Madison Thompson,jcarrillo@shaffer.biz,548-242-7494x64540,Inactive,2021-01-26
1921,Day LLC,Jason Sherman,michael38@jackson.com,753-935-6682x2896,Inactive,2023-12-21
1922,Jacobs-Walters,Valerie Levine,rodriguezjesse@owens.com,(877)401-4111x581,Active,2022-08-21
1923,Gomez PLC,Joshua Wilson,zhutchinson@williams-parsons.biz,397.750.5792,Active,2021-05-19
1924,Rios PLC,Anna Johnson,kenneth00@stevens.com,001-406-856-9427x63808,Active,2022-07-08
1925,Savage Group,Darrell Davidson,parkerchristian@ellis.org,671.841.4264x29306,Inactive,2021-10-15
1926,Shepard-Hunter,Taylor Hunter,gutierrezkevin@taylor.com,405-984-7438x9475,Active,2022-03-19
1927,"Torres, Montoya and Ellis",Terri Daniels,sararoberts@holt-johnson.com,(310)301-4996,Inactive,2024-11-10
1928,Rose-Mcbride,Keith Huff,griffithscott@payne.biz,+1-523-739-5300x255,Inactive,2022-05-24
1929,"Wood, Steele and Gibson",Mary Robinson,lisamoore@schmidt-larsen.com,531-511-7517,Active,2023-12-09
1930,"Gonzalez, Thomas and Carter",Cassandra Rogers,roy44@tran.info,371-235-9358,Active,2023-10-23
1931,Ryan-Wise,Erin Moore DVM,cherylhartman@nunez.com,(912)909-9286x87842,Inactive,2023-08-24
1932,Edwards Group,Rachel Williams,vcallahan@johnson-reyes.org,001-612-685-6859,Inactive,2021-07-03
1933,Mitchell-Armstrong,Ralph Miller,patrick85@brandt-jackson.com,580-760-3632,Inactive,2021-11-16
1934,"Nguyen, Jackson and Wheeler",Robert Ross,heatherbrown@navarro-allen.org,771.948.4544x30074,Inactive,2024-12-28
1935,Mora-Martinez,Stephanie Underwood,mindy83@morales.com,(833)263-0575x786,Inactive,2024-09-09
1936,Lopez LLC,Nathan James,ywilliams@davidson.com,001-426-810-6896x553,Inactive,2023-01-01
1937,Nelson-Rodriguez,Amy Chambers,craigmary@carroll.com,335.896.0001x82087,Active,2022-09-05
1938,"Clay, Martinez and Lewis",Lynn Thomas,knightwilliam@roman.org,+1-379-921-6501,Active,2023-11-30
1939,Fisher-Smith,Traci Jordan,usutton@martinez.com,528-393-2816x65177,Inactive,2022-08-03
1940,Singleton Group,Laura Wilson,devin76@logan.com,+1-737-365-1182x566,Active,2024-02-05
1941,Carlson Group,Brendan Rivera,robertnichols@hatfield.com,8339460749,Active,2023-08-10
1942,Turner-Mcgee,Ethan Fletcher,dannyboone@robinson-hooper.com,225-758-8774,Inactive,2021-04-30
1943,Hammond LLC,Eric Ortega,brian65@barnes.com,+1-374-447-7134,Active,2023-09-21
1944,"Allen, Solis and Houston",Paula Wright,johnsonmiguel@wilcox-taylor.org,566.556.2067x039,Active,2024-01-12
1945,Wyatt-Tucker,Ryan Johnson,james71@ingram.com,9343093582,Active,2024-12-18
1946,Mcdaniel and Sons,Suzanne Clark,kimralph@park-davis.net,978-787-9788x845,Active,2024-10-16
1947,"Carpenter, Miller and Carter",Judith Hayden,robert90@chapman-velez.com,895.810.8327,Inactive,2025-04-05
1948,Weaver-Keller,Kelly Thomas,perezsheri@brown-perez.com,724-411-4207x65133,Inactive,2025-08-15
1949,Greene-Alvarez,Michael Mccoy,eroy@fernandez.org,(997)804-5386,Inactive,2021-06-06
1950,Neal PLC,John Hernandez,matthewwelch@christensen-kaiser.com,753-583-4899,Inactive,2021-05-26
1951,Berg Inc,Ralph Ray,collinsteresa@dillon.com,+1-470-636-4237x33134,Active,2021-05-14
1952,Wilkerson-Gonzales,Laura Olson,emartin@bowers-harrison.com,001-329-721-0172x7482,Active,2021-07-28
1953,Wang-Rollins,Katherine Bradley,christopherthomas@brown.org,(719)965-1966x2714,Inactive,2021-04-10
1954,Stewart-Vaughn,Jessica Romero,maryleblanc@alexander.info,917.812.1999x391,Inactive,2024-11-25
1955,Wade Group,April Jackson,bray@doyle.com,(978)243-0039,Active,2024-05-29
1956,Henderson-Lynn,Elizabeth Carlson,udaniels@burke-dixon.com,+1-932-203-9226x868,Inactive,2022-08-06
1957,Richardson-Cordova,Katherine Richardson,mark65@smith.com,001-764-230-8132x2257,Active,2023-01-13
1958,Taylor Group,Paul Schwartz,jessica09@massey-edwards.info,614.992.6622,Active,2024-07-25
1959,Smith-Whitney,Michael Shaw,dnixon@thomas.net,001-586-541-7939x96979,Active,2022-07-24
1960,Wagner Ltd,Jeremy Jordan,andreahogan@carpenter.com,238.968.1652x235,Inactive,2022-11-03
1961,Daniels-Henry,Heather Wilson,bennettzachary@powell.com,(499)850-8672,Active,2024-07-11
1962,Nichols Inc,Jeremiah Figueroa,idrake@nixon-lambert.com,001-897-518-1905x974,Active,2022-09-06
1963,Ward Ltd,Mr. Jeff Villegas,paulbrown@allen.net,001-877-836-5188x491,Active,2021-07-10
1964,Thomas LLC,David Diaz,dwhite@allison-greene.com,726.285.0072x8438,Active,2021-01-23
1965,"Howell, Chapman and Dixon",Michael Graves,kristendaugherty@salinas.com,949-704-8735,Active,2023-02-27
1966,Huff LLC,James Carter,dgarcia@porter-hull.org,+1-577-222-2264x6153,Active,2020-12-03
1967,Crawford and Sons,Jack Brown,zkirby@ruiz.org,880.251.4538,Inactive,2021-10-30
1968,Black-Salas,Tyler Johnson,monica00@carr-townsend.org,+1-715-858-5939x22445,Active,2023-09-19
1969,Lewis and Sons,Patrick Herrera,joshua13@solis.com,769.293.3038x156,Active,2024-12-06
1970,Bailey Ltd,Jessica Wood,smithryan@jenkins.com,(587)240-8117,Active,2024-01-12
1971,"Norton, Perez and Moreno",Erik Gardner,ktaylor@smith.com,+1-740-852-1850,Inactive,2021-04-12
1972,"Walls, Manning and Duncan",Jason Baker,julie89@nguyen-austin.net,784-640-9386,Inactive,2024-09-27
1973,Dean and Sons,Margaret Mcmahon,jon74@kennedy.com,3057609446,Active,2020-12-03
1974,Taylor Ltd,Connie Cook,xfoster@reynolds-brown.com,7599085576,Active,2025-05-29
1975,"Lewis, Brock and Berry",Lauren Mcintosh,tony37@walter.com,001-935-821-9609x102,Active,2023-02-24
1976,Jones-Duran,Chelsea Lowe,garygarcia@carpenter.com,577.338.1330,Active,2023-01-27
1977,Good-Wright,Patricia Smith,paul32@ramos.biz,768-566-8058x00058,Inactive,2025-06-19
1978,Murphy LLC,Amy Davis,joseph85@fernandez-castro.com,679.849.1488x1514,Active,2024-04-16
1979,Oneal Ltd,Dawn Gibson,smithmary@perry-thomas.biz,(868)885-4553x6377,Inactive,2023-11-26
1980,"Oliver, Bell and Greene",Darryl Campbell,jessepham@davenport.com,(564)884-9186x1462,Inactive,2022-09-09
1981,"Rogers, Shepard and Hopkins",Christina Barrett,sotochris@reed.com,502.978.4734x479,Active,2022-04-15
1982,"Thompson, Carrillo and Oneal",Karen James,kgrant@boyd-peterson.net,631-235-7408x747,Inactive,2024-09-04
1983,Bishop and Sons,Jennifer Reese,richard77@armstrong.net,744.625.1180,Active,2023-09-03
1984,Miller-Hurst,Donna Wood,williereynolds@payne-smith.biz,001-717-406-4914x45337,Active,2021-01-02
1985,Fuentes Group,Desiree Everett,graysierra@bell.com,676.384.0913,Inactive,2025-01-05
1986,"Jones, Montgomery and Tucker",Karen Garcia,rebecca14@howard.com,383-287-3680x72966,Inactive,2025-05-21
1987,Allen-Meyer,Janet Fernandez,miareeves@pearson.org,+1-207-804-6445x030,Inactive,2020-11-09
1988,Howard-Cummings,Lisa Hunt,dhall@thompson.biz,727.222.3736,Active,2023-01-23
1989,Thomas Ltd,Andrew Richards,steven53@bridges-martin.com,593-705-3973x451,Active,2025-10-31
1990,Phillips-Fisher,Samantha Espinoza,qmoore@haynes.com,+1-831-664-1199x1365,Inactive,2021-04-03
1991,"Spence, Moore and Ward",Ronald Patterson,gutierrezamber@andrews.com,657.799.3895,Inactive,2025-08-13
1992,"Jackson, Nguyen and Davidson",John Thompson,cindy75@diaz-garcia.net,001-289-556-3836x76657,Active,2021-07-08
1993,"Smith, Jackson and Burton",Mathew Cantu,nkelly@waters.com,883-554-5749x8839,Inactive,2025-08-12
1994,"Martinez, Hernandez and Dillon",Marcus Lee,hannah52@bell.com,+1-946-760-6899x24715,Inactive,2024-05-14
1995,Smith Inc,Angela Owen,martinpamela@taylor.com,(716)698-3232,Inactive,2021-09-03
1996,Cherry-Walls,David Anderson,danielbaker@kerr.com,+1-204-351-9678x7788,Inactive,2021-11-23
1997,"Gomez, Jacobs and Clark",Edwin Gonzalez,jasminlong@kelly-adams.org,+1-503-436-9310x57197,Inactive,2022-07-16
1998,"Kelley, Gomez and Peterson",Walter Crosby,xkim@soto.com,856.340.9309,Active,2024-01-04
1999,Olson PLC,Todd Esparza,elizabethsampson@bolton.org,687-346-1231x9002,Inactive,2023-12-01
2000,Wilson-Charles,Philip Escobar,nclark@martin.com,(789)696-6686,Inactive,2022-08-23
