id,external_id,name,department,role,email,phone,status,hire_date,created_at
1,E100001,James Mcintyre,Finance,Supervisor,josephheather@example.com,001-714-794-7396x54310,On Leave,2023-04-21,2024-04-06T16:05:51
2,E100002,Andrew Harris,Finance,Analyst,murillokendra@example.com,796-608-8958x69793,On Leave,2019-04-21,2020-03-10T23:18:59
3,E100003,Chelsea Green,Support,Clerk,kayla21@example.org,(686)206-2098x180,Active,2025-08-09,2025-10-14T16:08:07
4,E100004,Caleb Maynard,Support,Technician,cartermichael@example.org,+1-850-513-4742,Active,2022-11-21,2020-03-03T13:27:26
5,E100005,Clayton Lara,IT,Technician,shannon54@example.net,692.445.3960,On Leave,2020-02-24,2016-04-13T18:28:45
6,E100006,Angela Campbell,IT,Supervisor,devon39@example.net,001-368-452-7682x091,Active,2018-06-06,2021-01-20T16:36:15
7,E100007,Patricia Price,Production,Analyst,nicole80@example.net,702.309.7909x6351,On Leave,2017-02-08,2023-10-27T13:26:07
8,E100008,Daniel Wilson,Finance,Operator,taylormegan@example.org,579.970.8604,Inactive,2023-12-23,2021-09-19T13:35:33
9,E100009,Catherine Richardson,Sales,Technician,imiller@example.org,+1-615-933-3003x25696,On Leave,2020-02-11,2016-12-24T10:11:40
10,E100010,Terrance Jones,Sales,Supervisor,kellybrooke@example.net,594.384.2266,Inactive,2022-02-04,2020-12-26T16:01:18
11,E100011,Alicia Gilmore,Support,Analyst,sheadawn@example.net,591-831-5653x6671,Active,2021-01-16,2022-12-17T23:14:47
12,E100012,Michele Murphy,HR,Technician,mark28@example.net,(932)553-4852,Inactive,2020-03-08,2022-10-02T00:23:26
13,E100013,Jeffrey Stewart,IT,Supervisor,yolandawalker@example.org,397-406-4064,Active,2019-03-05,2017-02-19T06:18:51
14,E100014,Andrew Parker,Support,Manager,ashaw@example.com,201-763-2703x49141,Active,2017-12-20,2022-04-24T00:19:04
15,E100015,Lori Harris,Support,Supervisor,kmichael@example.com,(912)864-5436,Inactive,2024-07-03,2024-01-09T09:08:25
16,E100016,Jessica Hopkins,Logistics,Supervisor,lmendoza@example.com,+1-486-330-1333x279,Active,2023-07-12,2015-11-10T10:06:55
17,E100017,Travis Wade,Production,Analyst,kmartinez@example.com,649-949-1851,On Leave,2021-11-13,2023-01-10T07:20:48
18,E100018,Vanessa Stevenson,HR,Manager,amyaguilar@example.com,001-826-306-8228x795,Active,2021-01-20,2017-04-12T00:54:59
19,E100019,Krystal James,Finance,Clerk,chambersmiguel@example.org,+1-832-257-8908x850,Active,2019-02-02,2016-10-08T23:24:19
20,E100020,Sherry Walker,Logistics,Technician,udoyle@example.net,512-702-7302,Active,2025-08-03,2021-06-18T04:18:48
21,E100021,Samantha Benson,Logistics,Supervisor,brittanymoore@example.org,722.330.3358x233,Inactive,2017-08-18,2017-11-17T14:56:37
22,E100022,Lori Braun,Finance,Technician,ehines@example.org,+1-479-527-8767,Active,2022-06-30,2015-12-20T22:47:02
23,E100023,Michelle White,IT,Operator,wpacheco@example.com,214-844-8657x43062,On Leave,2024-10-24,2016-12-08T11:53:26
24,E100024,Michael Richard,Production,Technician,lisa91@example.net,572.502.9811x30084,Inactive,2025-10-15,2017-11-15T14:09:44
25,E100025,Dr. Lauren Dunn PhD,Logistics,Operator,haynescynthia@example.net,(433)905-0749x50443,On Leave,2017-06-25,2018-08-31T05:29:54
26,E100026,Stacie Oconnell,HR,Operator,jasmincampbell@example.net,716-316-9362x408,Inactive,2023-02-11,2019-10-18T18:26:57
27,E100027,Jonathan Gonzalez,Production,Technician,wernerjill@example.com,001-641-303-7622x659,Active,2021-05-21,2018-01-10T10:31:02
28,E100028,Shawn Ferguson,Support,Clerk,christopher63@example.com,581.416.4466x8471,On Leave,2016-10-31,2017-07-19T10:29:21
29,E100029,Stacy Collier,Support,Operator,caseadrienne@example.net,511-785-8110x14602,Active,2020-02-02,2021-08-02T11:35:38
30,E100030,Leslie Sanders,HR,Operator,williamsmith@example.com,8819235631,On Leave,2022-05-06,2022-07-24T22:23:47
31,E100031,Jesse Sanders,Sales,Supervisor,stevenkemp@example.net,+1-547-587-1819,Active,2021-01-22,2024-04-27T15:45:56
32,E100032,Jill Williams,Logistics,Analyst,smithlisa@example.net,001-347-330-8028x213,Active,2020-11-27,2024-07-14T12:00:12
33,E100033,Mark Foley,HR,Supervisor,joann04@example.com,269-278-9425x9634,Inactive,2017-05-23,2023-07-10T06:25:50
34,E100034,Nathan Lynch,IT,Clerk,joshuasmith@example.com,995-811-3030,On Leave,2022-06-22,2017-01-14T11:03:31
35,E100035,James Spears,HR,Analyst,zjennings@example.net,001-346-348-2098x7284,Active,2024-12-05,2022-06-17T18:53:27
36,E100036,Lindsey Perez,HR,Analyst,jonathan40@example.com,(872)447-7213x963,On Leave,2016-04-09,2025-10-03T05:22:18
37,E100037,Adam Guerrero,IT,Analyst,breanna41@example.com,001-523-919-0170x6686,On Leave,2018-02-12,2017-07-15T17:49:33
38,E100038,Rebecca Buchanan,IT,Clerk,meganpalmer@example.com,001-804-670-5712x6565,Inactive,2017-07-20,2023-02-16T01:49:27
39,E100039,James Ellis,HR,Operator,stephen11@example.org,(507)701-8058,On Leave,2025-07-11,2023-01-12T02:58:23
40,E100040,Kevin Lopez DVM,Logistics,Clerk,uwhite@example.com,(757)661-5033,Inactive,2024-12-11,2016-08-22T06:41:02
41,E100041,Jennifer Gordon,Production,Technician,karenfuentes@example.org,322-599-7853x210,Active,2019-07-24,2025-10-03T10:17:24
42,E100042,Samantha Smith,Logistics,Operator,ramirezbrandon@example.com,(758)949-0140x56502,Active,2025-02-28,2024-02-24T06:01:01
43,E100043,Patrick Owen,Finance,Clerk,bishopcheryl@example.org,+1-579-890-4636x91991,Inactive,2020-05-16,2024-11-12T09:30:51
44,E100044,Chelsea Anderson,Production,Analyst,smiller@example.org,(877)317-7529x6942,Inactive,2021-12-01,2020-06-19T17:08:00
45,E100045,Mackenzie Murray,Logistics,Manager,powersjoseph@example.net,(945)727-7050,Inactive,2021-08-02,2016-07-14T13:40:19
46,E100046,Christopher Phillips,Sales,Manager,stephensstephanie@example.net,001-588-967-8950x1391,Inactive,2016-11-22,2023-04-18T06:52:32
47,E100047,Sara Miller,Sales,Manager,andrewallen@example.net,+1-984-838-2814x04624,On Leave,2019-03-04,2021-12-03T22:17:58
48,E100048,Tammy Lopez,Finance,Clerk,ealvarado@example.org,608.890.3454,Active,2024-05-04,2020-08-28T14:39:56
49,E100049,Danielle Juarez,Sales,Clerk,brayshelly@example.org,+1-954-296-8617x730,Active,2025-07-31,2017-02-17T08:11:33
50,E100050,Michelle Bishop,Sales,Analyst,randy61@example.com,8994511035,Inactive,2021-04-03,2024-01-17T22:23:02
51,E100051,Brandi Brown,Production,Operator,thomasanthony@example.com,001-595-250-0044x41566,Active,2022-03-16,2023-06-23T01:49:09
52,E100052,Kathleen Hamilton,IT,Clerk,andrewwilson@example.com,+1-992-283-9053,Inactive,2017-11-01,2019-09-12T15:06:24
53,E100053,Michelle Park,IT,Technician,levyelizabeth@example.org,9329489323,Inactive,2022-01-21,2022-12-28T17:13:57
54,E100054,Logan Nelson MD,Production,Manager,james24@example.org,001-948-642-6898x80775,Active,2023-04-10,2021-09-12T21:57:18
55,E100055,Megan Gonzales,IT,Supervisor,preston45@example.org,001-792-342-7934x68298,On Leave,2022-08-13,2021-09-21T08:15:54
56,E100056,Michael Henry,Sales,Manager,markmiller@example.com,986.834.1448x7774,Inactive,2019-03-09,2025-10-11T04:56:17
57,E100057,Nathan Finley,Logistics,Operator,leealexandria@example.com,001-427-279-6068x88674,Inactive,2021-06-16,2016-05-10T03:13:45
58,E100058,Sarah Ruiz,HR,Manager,richard21@example.com,746.551.8651,Inactive,2017-04-18,2018-02-04T08:41:20
59,E100059,Steven Rhodes,Support,Clerk,jennifermartinez@example.net,379.908.6865x14660,Inactive,2016-01-28,2021-10-16T14:27:34
60,E100060,Lisa Ford,Production,Analyst,forbeslisa@example.com,(722)964-1246x552,Active,2025-05-20,2023-07-14T21:34:24
61,E100061,Tracy Gonzalez,Sales,Supervisor,danny83@example.org,2222711318,Active,2018-04-09,2017-03-28T08:09:14
62,E100062,Lindsay Williams,Finance,Analyst,scott55@example.com,473.343.2823x913,Inactive,2025-03-10,2019-12-09T23:20:06
63,E100063,Kevin Barber,IT,Operator,cindy35@example.net,608.746.9873x29758,On Leave,2023-02-06,2018-04-01T12:13:21
64,E100064,Steven Lopez,HR,Technician,garrettjordan@example.com,(298)645-9890x9066,Active,2023-10-15,2024-10-05T00:57:03
65,E100065,Anthony Butler,HR,Technician,ucarter@example.com,689.498.7244x46312,On Leave,2016-07-25,2025-09-10T07:30:45
66,E100066,Judy Willis,IT,Analyst,chapmanchristopher@example.org,(720)321-5128,Inactive,2019-05-31,2022-05-11T19:15:03
67,E100067,Amanda Roberts,Finance,Operator,espinozaelizabeth@example.org,370.208.7775,Inactive,2016-08-15,2019-05-03T23:39:59
68,E100068,Victor Jordan,Support,Manager,wallen@example.com,543.426.7484x64310,Inactive,2019-07-20,2019-10-14T11:09:35
69,E100069,Mary Gomez,Support,Clerk,john67@example.org,6587582196,Active,2022-12-22,2025-02-12T23:01:32
70,E100070,Devon Davis,Sales,Technician,erinsuarez@example.org,(358)689-8392x307,On Leave,2017-09-22,2018-01-04T02:10:04
71,E100071,Patricia Mcdonald,Production,Supervisor,dhayes@example.com,592.344.5475x9711,On Leave,2022-03-13,2022-11-26T05:34:33
72,E100072,Sandra Clark,Sales,Clerk,andersoneric@example.com,296-539-4684x58310,Active,2021-09-22,2025-04-11T12:15:48
73,E100073,Kathy Alvarez,Logistics,Analyst,llee@example.net,450.527.1926x4210,Active,2025-03-10,2023-04-22T04:12:07
74,E100074,Tanya Black,Production,Technician,burnsryan@example.com,001-849-670-6959x9019,Inactive,2019-08-03,2019-12-01T12:08:05
75,E100075,Charles Perkins,Support,Operator,jacksonpamela@example.org,470.200.0822x20532,Inactive,2025-01-19,2025-10-25T03:58:46
76,E100076,Nathan Reyes,Support,Manager,riceallison@example.com,(361)371-0147x82475,Inactive,2024-02-14,2019-02-04T19:46:42
77,E100077,Rachel Barnes,Sales,Analyst,fitzgeraldzachary@example.net,001-785-276-0273x1603,Active,2018-06-14,2021-01-12T16:36:09
78,E100078,Gina Long,Support,Clerk,davidford@example.org,001-852-841-6945x646,Inactive,2023-10-11,2022-08-02T05:52:38
79,E100079,Tara Dennis,Production,Operator,robert14@example.org,001-984-600-0013x743,Active,2024-02-27,2017-07-01T18:23:09
80,E100080,John Romero,Sales,Clerk,jameswhite@example.com,001-383-737-6223x3450,On Leave,2020-07-12,2017-11-09T04:16:19
81,E100081,Jared Murray,IT,Supervisor,blutz@example.org,8004059118,Inactive,2020-05-25,2024-05-03T10:31:42
82,E100082,Cynthia Lewis,Sales,Analyst,susanromero@example.net,740-726-9631,On Leave,2021-10-21,2024-10-12T17:56:15
83,E100083,Albert Castillo,Sales,Analyst,dbarton@example.com,231-683-8237,Inactive,2020-07-04,2020-03-12T15:35:40
84,E100084,Timothy Flores,Finance,Clerk,contrerascrystal@example.org,585.441.8429,On Leave,2022-09-09,2020-08-06T22:24:16
85,E100085,Jody Jones DVM,Sales,Operator,fwright@example.net,6109653605,Active,2017-03-31,2018-12-19T12:45:44
86,E100086,David Sims,IT,Analyst,nataliemartin@example.net,875.869.9906x0418,Inactive,2016-01-07,2021-12-14T12:38:33
87,E100087,Scott Garcia,Support,Technician,andreaanderson@example.org,001-907-758-6435x830,Inactive,2019-08-19,2019-03-18T17:39:22
88,E100088,Christina Rosario,IT,Operator,waltervargas@example.net,586-617-5686,On Leave,2021-03-25,2020-07-07T02:13:11
89,E100089,Tina Mayer,Support,Clerk,geraldperry@example.net,001-992-755-8300x35808,Active,2022-09-27,2020-01-07T08:32:47
90,E100090,Dylan Davis,Support,Clerk,huntermichael@example.org,688-231-9272x7783,Inactive,2024-04-14,2025-10-03T11:15:02
91,E100091,Lori Lopez,Sales,Supervisor,mcmillanchristopher@example.net,517.871.1034x0207,Inactive,2016-12-16,2024-04-24T07:01:41
92,E100092,Jesse Gamble,HR,Manager,wellschristina@example.net,380-600-0013x302,Active,2025-02-24,2016-02-25T16:56:17
93,E100093,Adam Davis,Production,Analyst,marytownsend@example.net,(415)681-9277,Active,2020-09-29,2020-02-02T09:40:55
94,E100094,Michelle Sampson,HR,Supervisor,nicholas84@example.com,+1-991-658-3365,Inactive,2024-02-16,2016-08-05T15:51:56
95,E100095,Lori Garza,IT,Technician,zachary19@example.org,001-990-883-3826x561,On Leave,2025-01-29,2017-01-14T03:02:23
96,E100096,Jamie Vega,Sales,Clerk,cruzmegan@example.net,(677)808-6657,On Leave,2022-02-24,2023-06-29T20:53:51
97,E100097,Troy Burke,Support,Technician,ehenry@example.org,001-980-507-5068x233,On Leave,2019-08-24,2025-06-19T17:59:53
98,E100098,John Campbell,Finance,Operator,housejennifer@example.com,288.765.7073x8546,Inactive,2018-06-24,2017-03-22T16:59:07
99,E100099,Whitney Mcmillan,Production,Technician,carlrobinson@example.net,987-889-2880x22955,Active,2019-07-18,2016-10-10T22:07:11
100,E100100,Kimberly Jimenez,Logistics,Supervisor,gonzalesjessica@example.net,590-662-3154,Inactive,2020-10-30,2017-03-06T10:04:05
101,E100101,Katherine Orozco,Production,Manager,ismith@example.com,+1-767-811-7249,Inactive,2019-11-29,2020-03-12T12:24:36
102,E100102,James Cobb,HR,Analyst,bookerjohn@example.com,(467)924-0896,Inactive,2016-10-19,2017-04-04T05:11:17
103,E100103,Danielle Boone,Sales,Manager,nancy66@example.com,2196187171,On Leave,2021-07-05,2025-07-29T03:00:11
104,E100104,Caitlin Zamora,Finance,Technician,hpatrick@example.net,+1-802-221-3189,Inactive,2021-03-01,2016-06-07T07:45:52
105,E100105,Erik Rodriguez,Support,Clerk,wellskenneth@example.com,001-541-746-5545x123,Active,2022-01-11,2025-10-28T16:50:11
106,E100106,Riley Fischer,Logistics,Technician,baileyrobert@example.org,8367338648,On Leave,2016-02-28,2016-10-06T20:25:15
107,E100107,Edward Clark,HR,Manager,rachelstewart@example.net,9192165364,Active,2022-07-08,2023-03-30T03:59:29
108,E100108,Sarah Garrett,Sales,Operator,owashington@example.org,841.645.2448,On Leave,2025-10-08,2016-12-09T23:57:00
109,E100109,Emily Reed,HR,Operator,duncanelizabeth@example.org,(718)340-6392x946,Active,2019-04-25,2018-04-20T19:32:24
110,E100110,Angelica Johnson,Finance,Manager,glennruben@example.com,001-338-847-0981x92050,Active,2019-06-06,2019-11-28T02:32:41
111,E100111,Morgan Hernandez,Production,Technician,lorettaowen@example.org,393-428-6571x19249,Inactive,2024-07-11,2019-06-11T22:35:58
112,E100112,Alexander Thompson,IT,Supervisor,katherinerodriguez@example.org,+1-392-845-1679x1776,On Leave,2015-12-20,2024-03-13T23:00:28
113,E100113,Angela Kennedy,Sales,Manager,joelbautista@example.net,991-433-5315x35628,Active,2021-02-16,2021-11-11T03:43:16
114,E100114,Madeline Wise,HR,Supervisor,andrewsdale@example.com,+1-671-868-2898x21824,Active,2025-02-23,2018-07-30T21:23:35
115,E100115,Anne Lee,IT,Supervisor,carlasmith@example.net,(547)832-2322x42637,On Leave,2024-07-21,2017-03-05T13:23:14
116,E100116,David Carter,Support,Technician,sarahstrickland@example.net,675-590-4474x176,Active,2020-06-24,2020-05-30T18:21:43
117,E100117,Gregory Willis,HR,Technician,hughesmarc@example.com,529.632.4448,On Leave,2022-03-15,2017-11-09T18:08:16
118,E100118,Laurie Flores,Support,Manager,molinadenise@example.net,875.447.2815x706,Inactive,2021-09-22,2015-11-06T11:17:08
119,E100119,Jeffrey Thompson,IT,Analyst,turnerdonna@example.com,414.894.8724x849,Inactive,2017-10-29,2021-10-07T15:20:43
120,E100120,Joseph Avila,IT,Analyst,adamwalton@example.net,(208)408-2078,Inactive,2018-09-29,2016-06-13T21:52:41
121,E100121,Beverly Thompson,Production,Analyst,smithjade@example.net,423-254-7913x027,Active,2018-09-07,2021-03-14T10:19:03
122,E100122,Alan Chambers,HR,Operator,garyharper@example.org,(879)298-8359x432,On Leave,2019-10-13,2018-11-14T12:32:40
123,E100123,Elizabeth Pierce,Production,Analyst,cwells@example.org,778.417.1506,Active,2020-10-30,2022-04-29T00:44:14
124,E100124,Jordan Lutz,Finance,Technician,lydia20@example.net,915-612-2866x00999,On Leave,2025-08-31,2020-08-12T03:00:20
125,E100125,Ashley Ramos,Production,Operator,victoria03@example.com,887-637-2590x1259,On Leave,2024-09-13,2019-04-22T07:09:43
126,E100126,Dave Taylor,Support,Manager,qweaver@example.com,+1-671-954-2959x9571,On Leave,2024-04-14,2016-09-18T21:12:20
127,E100127,William Greene,HR,Analyst,harmonjanet@example.org,353.936.3592,Inactive,2018-11-21,2019-04-11T07:48:32
128,E100128,Tyler Mullins,Logistics,Technician,watsonamanda@example.net,+1-266-831-4387,Inactive,2017-09-14,2016-12-06T17:12:11
129,E100129,Charles Valenzuela,IT,Analyst,rodriguezrachel@example.net,001-389-959-4919x26595,On Leave,2019-04-30,2019-10-19T14:14:33
130,E100130,James Torres,Sales,Analyst,ramirezchristopher@example.com,400-419-8011x063,On Leave,2020-06-28,2020-06-15T10:54:40
131,E100131,James Mejia,Sales,Technician,christopher89@example.net,+1-581-897-8551x79154,On Leave,2025-09-08,2025-05-01T18:35:13
132,E100132,Amanda May,Support,Supervisor,josephmorrison@example.com,+1-293-304-9408,On Leave,2016-05-27,2015-12-08T20:13:27
133,E100133,Gabriel Austin,Support,Operator,morrisonjacqueline@example.org,216.579.2664,On Leave,2016-08-27,2023-06-11T10:55:31
134,E100134,George Cardenas,HR,Technician,riosryan@example.org,210.767.1091x79651,Inactive,2018-08-05,2016-04-09T11:38:18
135,E100135,Erin Ramsey,IT,Analyst,beth55@example.net,+1-739-631-8566,On Leave,2025-06-10,2020-01-08T07:18:08
136,E100136,Joel Hicks,HR,Supervisor,kaylajenkins@example.net,210.978.6320x19703,Inactive,2024-10-08,2017-11-21T23:26:23
137,E100137,Jeff Wright,Finance,Technician,markhardin@example.net,719-312-7761,On Leave,2025-02-11,2016-05-04T07:25:29
138,E100138,Jonathan Adams,Finance,Technician,josemcdonald@example.net,9043259765,On Leave,2018-12-17,2021-08-07T05:08:09
139,E100139,Shannon Gardner,HR,Clerk,zcarroll@example.com,696-214-9901,Inactive,2025-10-30,2016-03-15T13:43:29
140,E100140,Timothy Turner,Logistics,Technician,vjackson@example.com,(216)953-8973,Inactive,2022-09-14,2022-06-24T20:56:48
141,E100141,Katelyn Miles,Support,Analyst,dawn20@example.org,357-399-7065,On Leave,2018-01-23,2020-07-23T05:04:38
142,E100142,Anthony Kennedy,Production,Operator,ryanmurphy@example.net,+1-468-501-9227x166,On Leave,2019-09-24,2021-12-06T11:35:06
143,E100143,Jason Miller,HR,Manager,athompson@example.com,481-532-6135x42701,Inactive,2019-04-11,2018-02-04T05:27:08
144,E100144,Susan Williams,Finance,Supervisor,michelle30@example.com,001-767-840-7185x3311,Inactive,2020-11-08,2024-06-19T02:30:16
145,E100145,Samuel Thompson,Finance,Clerk,rmorgan@example.org,001-884-683-3649x21529,Inactive,2022-01-09,2024-09-13T00:42:42
146,E100146,Arthur Cruz,Sales,Clerk,jenniferclark@example.org,(416)388-0701,On Leave,2021-07-10,2021-07-23T08:27:18
147,E100147,Wayne Morrow Jr.,Logistics,Analyst,stacymolina@example.org,(918)383-3401,On Leave,2021-01-03,2020-05-13T23:42:07
148,E100148,Michelle Soto DVM,Support,Operator,ldoyle@example.net,(625)736-7117x1203,Inactive,2023-12-29,2020-05-27T21:20:14
149,E100149,William Wallace,Sales,Technician,zcooper@example.net,001-823-800-2242x2371,Inactive,2021-02-16,2019-09-19T20:42:04
150,E100150,Mary Lee PhD,Production,Analyst,sabrina99@example.net,521.211.5292x709,Inactive,2023-01-04,2023-11-08T20:31:45
151,E100151,David Williams,HR,Analyst,lunaclarence@example.net,810.210.9104,On Leave,2016-08-26,2021-06-24T07:36:46
152,E100152,Thomas Collins,Logistics,Analyst,maria68@example.com,001-951-503-8953x722,Inactive,2025-08-05,2018-12-12T04:25:07
153,E100153,Alejandra Peterson,Production,Technician,howardadams@example.net,+1-807-769-6577,Active,2021-02-20,2019-06-20T19:25:25
154,E100154,Tonya Friedman,Production,Supervisor,scottjoel@example.org,(345)834-7491,On Leave,2016-05-31,2024-07-02T17:54:00
155,E100155,Robert Stephens,IT,Technician,grantdustin@example.org,+1-644-694-4748x4856,Inactive,2021-06-04,2017-03-16T14:38:02
156,E100156,Cassandra Soto,IT,Clerk,vtaylor@example.net,342-660-7133,On Leave,2019-10-27,2024-12-10T00:19:01
157,E100157,Jamie Campbell,IT,Manager,xwilson@example.org,395.554.5259,On Leave,2023-05-07,2018-10-11T20:39:27
158,E100158,Alexandra Gutierrez,Logistics,Supervisor,qalexander@example.org,6978803993,Inactive,2025-05-08,2022-07-24T11:03:27
159,E100159,Miguel Cooper,Logistics,Manager,annamontoya@example.org,001-693-782-8918x35073,Active,2021-08-12,2016-01-09T21:40:36
160,E100160,James Wilson,Support,Analyst,cohenjoseph@example.org,685.566.2176x272,Inactive,2024-06-07,2017-12-07T06:10:46
161,E100161,Elizabeth Wiggins,Logistics,Operator,woneill@example.org,001-549-597-5301x446,Active,2025-02-02,2020-04-15T18:10:02
162,E100162,Duane Marsh,Logistics,Supervisor,martinezdouglas@example.org,+1-588-248-1312x059,Active,2025-04-03,2025-08-08T10:33:00
163,E100163,Michelle Johnson,IT,Clerk,desireelopez@example.net,2248176697,Inactive,2024-11-10,2019-04-07T03:26:17
164,E100164,Caitlin Martin,Logistics,Technician,dwest@example.net,8094773549,On Leave,2022-01-19,2021-10-17T05:34:30
165,E100165,Monica Thomas,Support,Technician,michaelrangel@example.org,825-534-3646,Active,2023-09-30,2016-11-19T12:57:39
166,E100166,Mark Sexton,Sales,Manager,kelly31@example.com,522.411.9457x20555,On Leave,2017-07-20,2022-08-02T20:43:31
167,E100167,Teresa Mclaughlin,Finance,Supervisor,natasha55@example.org,(869)245-0583,Inactive,2023-09-15,2018-07-18T00:43:30
168,E100168,Justin Campbell,IT,Supervisor,susancarpenter@example.net,+1-286-868-9801,Inactive,2021-08-17,2018-11-25T19:23:04
169,E100169,Dominique Collins,Logistics,Supervisor,anthonythompson@example.org,001-461-241-6370x7274,Active,2016-08-08,2021-10-14T03:03:06
170,E100170,Matthew Carter,Production,Operator,tannerscott@example.net,797.378.8104,On Leave,2021-10-03,2016-04-04T19:51:43
171,E100171,Sharon Jackson,Production,Clerk,angela78@example.com,+1-704-314-7140x8877,Inactive,2021-05-02,2022-08-27T07:12:03
172,E100172,Sandra Anderson,Logistics,Supervisor,donovanjames@example.net,001-290-616-8840x47633,Active,2023-11-06,2017-07-16T22:02:38
173,E100173,Steven Pena,HR,Manager,katiewu@example.com,(576)977-4165,On Leave,2020-08-06,2022-10-13T03:49:07
174,E100174,Pamela Alexander,Sales,Operator,margaret37@example.org,(643)361-1168x5952,On Leave,2024-03-29,2017-11-03T08:11:14
175,E100175,Johnny Henry,Sales,Manager,leonardlittle@example.com,001-332-651-0110x2883,Inactive,2025-07-23,2016-12-27T08:13:53
176,E100176,Anthony Davis,Finance,Operator,brandonmiller@example.com,574-281-5796x1942,On Leave,2019-01-01,2016-12-28T01:58:52
177,E100177,Frank Steele,HR,Technician,josechan@example.net,7809709278,Active,2020-05-31,2019-02-14T21:43:25
178,E100178,Dwayne Rivera,IT,Technician,ericashelton@example.org,(469)215-4666,On Leave,2024-01-25,2018-10-20T22:59:30
179,E100179,Brittany Bowers,Production,Manager,jaclyncortez@example.net,+1-770-286-3344x5397,On Leave,2025-03-04,2018-10-09T08:39:47
180,E100180,Martha Watts,Logistics,Clerk,pedro98@example.org,(884)440-2783,On Leave,2022-04-11,2025-03-26T07:20:21
181,E100181,Michelle Hill,HR,Manager,daniel47@example.net,4448751537,On Leave,2016-02-21,2023-03-06T02:50:34
182,E100182,Joshua Lloyd,Sales,Clerk,johnholmes@example.org,+1-700-729-7806x78246,Active,2019-04-13,2015-12-02T18:55:32
183,E100183,Brittany Cisneros,Sales,Operator,andersonamy@example.com,+1-503-658-3223x272,Inactive,2020-03-29,2018-03-10T19:58:21
184,E100184,Steven Ibarra,Sales,Clerk,blackangela@example.net,+1-614-889-9482x23322,Active,2022-07-23,2017-11-14T11:29:32
185,E100185,Latasha Miller,Logistics,Analyst,mirandaricardo@example.org,733-675-2145,Inactive,2020-03-19,2023-06-09T05:45:58
186,E100186,John Klein,Finance,Supervisor,veronica99@example.com,742-225-9730x374,Active,2024-10-05,2019-06-12T15:22:26
187,E100187,Jessica Adams,HR,Supervisor,dustinwilliams@example.org,(708)930-7736x6758,On Leave,2024-02-11,2017-06-06T22:47:25
188,E100188,Susan Stewart,Production,Analyst,jeremycook@example.org,637.990.2389x40569,On Leave,2022-04-19,2017-08-15T02:00:40
189,E100189,Caroline Crosby,Logistics,Analyst,hernandezerica@example.org,696.424.8099x522,Active,2023-07-27,2021-05-31T13:42:40
190,E100190,Sergio Moran,Logistics,Clerk,fhernandez@example.com,001-501-717-5556x7747,On Leave,2017-09-27,2016-07-28T04:58:31
191,E100191,Jody Torres,Production,Manager,jorge99@example.net,001-207-516-7788,Inactive,2016-02-22,2018-08-28T19:12:26
192,E100192,Victoria Johnston,IT,Analyst,jefferyrhodes@example.org,7837341871,On Leave,2016-02-23,2019-03-04T21:42:35
193,E100193,Cheyenne Waters,IT,Technician,williamchase@example.org,454.731.3731,On Leave,2016-04-29,2020-06-10T09:39:28
194,E100194,Kayla Hodge,Sales,Clerk,wiseamber@example.net,(499)573-2292x780,Active,2025-08-14,2025-01-06T12:29:22
195,E100195,Shannon Davis,Finance,Operator,barnesanthony@example.com,686.830.3816x919,Inactive,2023-12-30,2016-07-02T22:05:21
196,E100196,James Salazar,Support,Manager,qbradford@example.com,991-418-5101x542,Inactive,2021-04-30,2021-07-11T01:31:49
197,E100197,Crystal Doyle,Sales,Supervisor,foxderek@example.net,423-902-2727x5215,Active,2018-05-04,2019-12-12T01:46:27
198,E100198,Bryan Adams,HR,Operator,carlos66@example.org,+1-926-977-5972,Active,2023-10-07,2017-09-14T04:45:42
199,E100199,Katrina Hill,Production,Manager,gomezjacqueline@example.com,(957)340-9683x4869,On Leave,2023-02-06,2020-10-10T22:58:58
200,E100200,Jennifer Moore,Logistics,Technician,annettehines@example.com,001-936-905-3908x11000,Inactive,2025-01-11,2019-11-11T10:56:13
201,E100201,Audrey Huff,Logistics,Operator,jessicaharris@example.net,319-587-0322x508,Inactive,2019-10-06,2018-05-23T18:55:34
202,E100202,William Scott,Production,Supervisor,morgan45@example.net,347-927-8792x4477,On Leave,2021-02-20,2016-03-29T14:49:29
203,E100203,James Hughes,IT,Manager,david06@example.org,376.498.2376,On Leave,2021-03-25,2019-04-25T16:12:30
204,E100204,Kimberly Holmes,HR,Technician,melliott@example.org,(381)721-2635,Inactive,2023-03-23,2023-12-22T22:49:19
205,E100205,Christopher Berger,Finance,Clerk,georgenguyen@example.net,693-535-6284,Inactive,2024-02-15,2018-12-16T01:56:42
206,E100206,Catherine Durham,Support,Operator,anthony12@example.com,001-320-404-3209x182,Inactive,2020-10-18,2024-01-11T22:31:02
207,E100207,Jennifer Barnes,IT,Manager,bpalmer@example.org,972-794-0993,Inactive,2017-03-15,2019-06-19T10:44:08
208,E100208,Dr. Michael Bautista,Finance,Operator,alyssa41@example.net,+1-267-699-1845x192,Active,2023-02-03,2021-10-18T16:51:00
209,E100209,Jose Davis,Finance,Operator,benjamin68@example.com,001-959-434-0107x52879,Active,2018-03-15,2021-08-13T20:33:35
210,E100210,Nicholas Mann,Finance,Operator,andersongregg@example.net,712.727.2544,Inactive,2016-01-14,2020-01-17T16:09:40
211,E100211,Jodi Stewart,Finance,Supervisor,markharrington@example.com,723.396.7783x907,On Leave,2022-10-05,2019-04-08T15:06:17
212,E100212,Jennifer White,Production,Supervisor,thowell@example.org,+1-690-273-7229x176,Active,2019-07-15,2022-08-23T11:07:21
213,E100213,Mark Hammond,IT,Technician,john29@example.org,+1-456-450-5848x414,On Leave,2024-12-25,2019-08-25T13:36:13
214,E100214,Michelle Johnson,Finance,Technician,denniswatkins@example.com,517-248-6369,Inactive,2021-10-16,2025-01-02T16:29:34
215,E100215,Victor Wells,IT,Clerk,jeremy17@example.com,+1-531-372-6108x456,Inactive,2020-02-08,2023-06-10T20:12:38
216,E100216,Valerie Garcia,Finance,Supervisor,robertwilliams@example.net,001-999-375-5853x799,Active,2023-01-30,2022-12-21T07:19:57
217,E100217,Amanda Sullivan,Production,Operator,garciaandrea@example.net,+1-974-747-3217,Active,2020-10-28,2021-04-01T10:42:56
218,E100218,Steven Mclean,Finance,Operator,cjohnson@example.net,001-755-688-3485x64327,On Leave,2017-03-27,2017-01-16T22:06:58
219,E100219,Erica Cox,IT,Manager,fgibson@example.net,(462)966-9981x805,On Leave,2025-11-01,2018-05-19T23:24:13
220,E100220,Justin Scott,Sales,Technician,lisahenderson@example.com,001-760-566-4932x375,Active,2024-08-07,2024-09-11T18:37:40
221,E100221,Robert Perez,Finance,Technician,bakerjohn@example.org,(748)559-2820x666,Inactive,2020-03-27,2024-05-06T00:57:30
222,E100222,Sydney Mack,IT,Clerk,bradleyandrew@example.net,300-903-2666,On Leave,2025-05-17,2016-01-23T10:34:31
223,E100223,Kayla Sullivan,Production,Clerk,kyle99@example.org,(327)476-5029x4250,On Leave,2018-02-06,2025-08-08T05:52:31
224,E100224,Tyler Richardson,Production,Clerk,lmurphy@example.org,519.276.6162x4293,On Leave,2017-09-11,2016-08-30T05:42:10
225,E100225,Kara Fleming,Production,Analyst,gonzaleskaren@example.com,260-983-4864x9175,Active,2025-02-24,2019-04-12T15:24:35
226,E100226,Carlos Harris,IT,Manager,vincentmelissa@example.org,797-362-1741x037,Active,2020-11-27,2017-08-25T14:27:08
227,E100227,Justin Doyle,HR,Manager,krice@example.net,(239)473-2786,On Leave,2024-10-11,2020-10-08T08:48:34
228,E100228,Teresa Osborne,Finance,Supervisor,xlewis@example.com,(401)721-9914x995,On Leave,2019-02-02,2021-07-27T11:27:48
229,E100229,Cynthia Smith,Finance,Technician,kdiaz@example.net,305.294.4599x1452,Inactive,2018-03-01,2016-06-23T15:43:21
230,E100230,Christine Gardner,Logistics,Technician,csmith@example.org,260.642.1210,Inactive,2022-10-06,2025-01-17T21:26:38
231,E100231,Mr. Charles Williams,IT,Manager,foxandrea@example.com,625-656-8622x2905,Inactive,2017-06-11,2023-08-31T10:30:25
232,E100232,Gregory Atkins,Sales,Operator,ulewis@example.org,+1-536-790-7064x872,Inactive,2024-10-03,2019-01-13T19:23:17
233,E100233,Mackenzie Johnston,Support,Operator,christopher52@example.org,577-400-4830x7627,Inactive,2021-12-29,2021-09-02T15:13:30
234,E100234,Christopher Kirby,Support,Manager,jason32@example.net,(522)250-6348x3732,Inactive,2017-01-18,2020-04-06T04:29:54
235,E100235,Jennifer Coleman,Production,Supervisor,sara03@example.net,5959418520,Active,2017-08-16,2016-07-31T04:35:07
236,E100236,Barbara Velazquez,Production,Manager,katelyn33@example.org,(209)280-9934x096,Inactive,2024-11-01,2024-01-07T09:44:33
237,E100237,Jennifer Carter,Support,Clerk,hbrooks@example.net,822-652-7768x5755,Active,2021-02-19,2018-03-31T16:42:25
238,E100238,Kathleen Peterson,HR,Manager,morrisondwayne@example.com,(367)849-4222,On Leave,2022-05-23,2016-10-28T16:21:16
239,E100239,Stephanie Thompson,HR,Operator,cantrellchelsea@example.com,542-303-5777,Active,2018-11-04,2020-02-25T01:05:03
240,E100240,Kevin Holmes,Production,Manager,nicholaswebster@example.org,855.733.7347x7630,Active,2024-12-16,2021-11-23T12:18:42
241,E100241,Jordan Lara,Finance,Clerk,kevin69@example.net,758-397-3037,Inactive,2020-05-26,2021-02-22T15:31:34
242,E100242,Beth Knight,Logistics,Operator,rickymcdonald@example.org,+1-307-250-5611x555,Inactive,2024-03-26,2020-12-04T04:11:59
243,E100243,Lori Martinez,IT,Clerk,mpope@example.com,315-988-9017,On Leave,2017-12-24,2023-08-08T02:13:07
244,E100244,Samantha Daniel,Finance,Supervisor,phunter@example.org,(962)842-0605x116,Active,2016-01-06,2021-09-05T08:12:51
245,E100245,Gene Hernandez,Support,Analyst,ywalter@example.org,001-219-947-1902x3271,Active,2020-01-11,2017-12-25T03:36:23
246,E100246,Jesse Hanson,Support,Manager,davidwhite@example.org,548.399.0564,Inactive,2023-05-15,2018-03-07T15:45:27
247,E100247,Angela Brown,HR,Supervisor,mary63@example.org,586-770-1987,On Leave,2016-03-05,2021-04-10T05:37:40
248,E100248,Edward Harvey,IT,Supervisor,paynejeffrey@example.org,(654)370-9973,Active,2019-11-07,2021-12-04T22:42:09
249,E100249,Rebecca Randolph,HR,Clerk,heather76@example.com,001-671-786-2943x68131,On Leave,2019-10-25,2020-08-17T01:28:00
250,E100250,Alejandra Mcdonald,HR,Supervisor,kimberlycardenas@example.com,001-984-858-4584x02227,On Leave,2015-12-07,2018-01-16T15:39:07
251,E100251,William Henderson,Support,Supervisor,isawyer@example.com,(279)834-4451,Inactive,2023-04-28,2024-02-26T09:14:46
252,E100252,Charles Oconnor,Support,Manager,rosalestammy@example.org,6634443710,Active,2021-06-24,2023-05-26T08:11:28
253,E100253,Yolanda Bright,Support,Technician,lisastevens@example.org,434-797-2486x89832,Active,2019-08-07,2021-07-26T00:30:51
254,E100254,Tyler White,HR,Clerk,zgreen@example.net,001-903-238-4713,Active,2021-08-11,2024-10-26T03:57:56
255,E100255,Sheryl Joseph,Logistics,Analyst,donald21@example.net,+1-920-504-0234x2033,Active,2025-03-30,2020-12-20T22:28:32
256,E100256,Randy Clark,Finance,Clerk,leondavid@example.com,+1-863-683-6669x43658,On Leave,2017-01-15,2025-08-27T12:55:12
257,E100257,Michael Morris,Support,Analyst,francojenna@example.com,655-432-9677x3759,Inactive,2025-01-18,2019-05-24T19:00:28
258,E100258,Matthew Fox,Production,Technician,arodriguez@example.com,734.628.0911,Active,2017-09-30,2022-04-15T22:52:35
259,E100259,Elizabeth Leon,IT,Clerk,wsmith@example.net,391-414-0654x765,On Leave,2023-01-19,2024-01-18T04:30:48
260,E100260,Rebekah Ball,Logistics,Technician,ellislinda@example.com,538-534-5629,On Leave,2020-12-21,2021-05-15T22:20:20
261,E100261,Gary Cook,Production,Manager,ericcisneros@example.org,9948760596,Inactive,2022-01-11,2023-03-15T03:44:53
262,E100262,Donald Herman,Support,Manager,jerrymorse@example.com,446-779-6938,On Leave,2018-08-23,2017-07-22T06:38:42
263,E100263,Maria Walker,IT,Clerk,wsosa@example.com,+1-629-908-3116x8674,On Leave,2024-10-02,2023-04-09T13:02:39
264,E100264,Sydney Gonzalez,Logistics,Operator,ellisamanda@example.org,(294)341-8269x7187,On Leave,2021-09-01,2019-09-21T16:14:25
265,E100265,Kristi Ford,Production,Operator,belljoseph@example.net,399-994-9851,Inactive,2020-09-29,2018-09-16T06:44:16
266,E100266,Eric Thomas,Sales,Clerk,scollins@example.com,222-385-8937,Active,2016-09-04,2019-11-07T23:54:15
267,E100267,Michael Walker,Logistics,Technician,hawkinstina@example.org,7496246012,Inactive,2025-07-11,2025-08-14T14:32:11
268,E100268,Tina Ellis,Logistics,Clerk,richardwiggins@example.org,+1-750-981-0866x7042,On Leave,2016-02-24,2019-06-18T05:47:10
269,E100269,Michael Greer,Support,Manager,vnelson@example.net,823.659.8488x76918,Inactive,2024-08-27,2020-08-23T07:21:30
270,E100270,Christopher Hernandez,Production,Analyst,ashley05@example.net,+1-537-806-2723x5264,On Leave,2017-05-09,2017-09-22T04:31:34
271,E100271,Troy Holmes,Support,Analyst,ubrown@example.com,962-298-4754,On Leave,2016-09-24,2025-07-07T01:20:53
272,E100272,Jason Adams,HR,Operator,wyatt85@example.com,001-701-566-8586x7789,On Leave,2018-03-03,2021-01-22T06:08:45
273,E100273,Pamela Lindsey,HR,Supervisor,blakemay@example.org,+1-999-632-6038x615,Inactive,2018-02-02,2019-01-22T06:08:09
274,E100274,Kimberly Cole,Finance,Supervisor,craigshannon@example.com,886-358-8074,On Leave,2018-04-30,2016-07-04T10:27:35
275,E100275,Jason Turner,Support,Operator,ystewart@example.org,001-563-263-8139x222,Inactive,2020-09-01,2018-12-14T18:49:22
276,E100276,David Wheeler,Support,Manager,rebeccaturner@example.net,593.970.1233x579,Active,2023-11-07,2021-09-28T13:00:46
277,E100277,Angela Burke,Sales,Clerk,christinebarron@example.org,737.204.5740,On Leave,2023-11-16,2020-11-19T19:24:00
278,E100278,Angela Schmitt,Sales,Manager,cassandraryan@example.org,(296)249-3826x83138,Active,2019-07-19,2020-02-02T00:25:10
279,E100279,Sandra Hardin,Production,Technician,mburgess@example.net,(714)304-7619x4561,Active,2024-06-05,2017-09-24T04:31:08
280,E100280,Alexandra Lyons,Production,Analyst,doris29@example.org,(531)497-8958,Inactive,2016-07-19,2016-12-06T10:02:41
281,E100281,Amanda Frazier,Finance,Clerk,sellerstimothy@example.org,(627)647-8301,On Leave,2017-12-09,2015-12-09T17:23:17
282,E100282,Kimberly Parker,Finance,Operator,john53@example.com,224-494-1785x8477,Active,2019-06-30,2025-10-08T12:20:36
283,E100283,Michael Lopez,Logistics,Operator,morrisonneil@example.org,+1-210-443-9792x341,On Leave,2020-12-14,2018-04-18T01:31:54
284,E100284,Frank Mcdaniel,Sales,Operator,danielstark@example.org,(884)941-8776x89617,Inactive,2019-01-06,2025-06-01T14:00:44
285,E100285,Beth Melton,Logistics,Analyst,george97@example.com,001-481-501-4100x825,Active,2016-08-22,2022-06-03T07:22:09
286,E100286,Brian Gutierrez,Production,Clerk,megannguyen@example.org,228-780-0496x05469,On Leave,2016-07-26,2024-06-12T06:20:31
287,E100287,Mason Yang,Logistics,Clerk,wellssabrina@example.com,(904)773-0878,Active,2017-12-29,2022-06-01T00:41:48
288,E100288,Christopher Goodman,Production,Clerk,kenneth33@example.net,958.202.1037,Active,2016-04-24,2018-04-03T06:01:21
289,E100289,Daniel Daniels,Logistics,Manager,marktrevino@example.org,(227)641-5708x83286,Active,2017-06-18,2022-04-24T18:17:39
290,E100290,Danny Combs,Finance,Technician,lindseytorres@example.org,001-589-524-5574x643,Active,2016-10-17,2020-06-20T17:40:44
291,E100291,Claire Hobbs,Finance,Supervisor,amy18@example.org,(285)635-0629x258,Active,2016-11-27,2025-07-11T07:14:01
292,E100292,Pamela Ayala,IT,Clerk,pdonovan@example.org,729-238-6556,On Leave,2018-06-30,2018-03-02T00:48:05
293,E100293,Joseph Brooks,Sales,Manager,karla92@example.com,+1-351-632-4651x835,Inactive,2023-03-26,2017-10-07T04:56:28
294,E100294,Amanda Cross,HR,Manager,danielbrittany@example.net,340.207.7160,On Leave,2025-05-22,2019-08-03T18:37:08
295,E100295,Sarah Alexander,Logistics,Analyst,kylelawson@example.net,(732)415-5339x75317,On Leave,2025-02-16,2022-03-25T06:09:46
296,E100296,Cody Guerrero,Sales,Analyst,yvette00@example.org,993-675-8183x50022,On Leave,2016-01-20,2024-11-11T16:53:54
297,E100297,Jacqueline Newman,Sales,Clerk,molly35@example.org,+1-680-326-4214x9288,Active,2022-06-06,2019-10-18T01:15:10
298,E100298,Michelle Hutchinson,Sales,Operator,lmcdonald@example.org,296.693.9205x5157,On Leave,2021-11-15,2019-01-18T23:17:12
299,E100299,Crystal Roberts,HR,Analyst,cindy81@example.com,001-588-526-8744,On Leave,2024-03-19,2019-05-07T21:14:32
300,E100300,Dennis Schaefer,Support,Analyst,chelseaperez@example.org,6812039111,Inactive,2024-03-13,2021-09-11T19:01:13
301,E100301,Kenneth Medina,Logistics,Analyst,ajackson@example.org,784-243-0534x475,Active,2024-08-04,2018-05-09T16:58:58
302,E100302,Kristen Rice,IT,Supervisor,glasschristopher@example.com,+1-819-558-8073x2714,Active,2021-10-07,2021-09-04T21:52:55
303,E100303,Joseph Graham,IT,Clerk,olewis@example.net,001-687-620-3238x32270,Active,2019-11-26,2018-03-25T20:59:42
304,E100304,Michael Johnson,Production,Operator,jgomez@example.com,+1-324-758-0233x108,Inactive,2020-08-03,2024-12-17T22:09:19
305,E100305,Sabrina Francis,Finance,Clerk,kingdonna@example.net,001-927-337-4909x944,Inactive,2024-12-03,2016-12-17T04:36:52
306,E100306,Samantha Thomas,Finance,Technician,russellnicole@example.net,761-733-5473x3702,Inactive,2021-09-27,2022-06-27T03:12:40
307,E100307,Mark Wilson,Logistics,Technician,danny57@example.com,+1-418-707-4922x39665,Active,2017-08-15,2020-03-30T14:15:37
308,E100308,Aaron Todd,Sales,Manager,katrinawest@example.com,+1-574-956-5992x50763,Active,2019-10-04,2022-11-27T20:23:16
309,E100309,Raymond Brooks,Support,Manager,tylerwhite@example.com,(830)570-0958x3042,Inactive,2018-05-17,2019-12-01T18:47:19
310,E100310,Christopher Howard,Logistics,Technician,sherri74@example.com,249-536-6735x216,On Leave,2020-11-25,2016-08-16T02:48:05
311,E100311,Roy Vargas,Production,Operator,kimberly93@example.net,001-734-596-4793,Active,2021-07-20,2022-06-19T19:52:37
312,E100312,Brian Nguyen,Finance,Operator,janetbutler@example.com,318.389.2670x136,Inactive,2022-11-07,2022-06-06T13:25:49
313,E100313,Cody Thomas,Sales,Analyst,cbanks@example.com,001-641-744-7720,Inactive,2019-09-03,2019-08-25T02:31:28
314,E100314,Jessica Hartman,IT,Supervisor,sgeorge@example.com,(876)524-3960,Inactive,2016-06-28,2016-06-30T02:42:12
315,E100315,Ms. Tiffany Thompson,IT,Operator,daniellecolon@example.net,001-417-387-3563,Inactive,2017-09-05,2024-05-28T12:07:37
316,E100316,Kristen Molina,Sales,Clerk,pthomas@example.net,777.235.1059x73446,On Leave,2016-06-17,2020-11-04T00:27:59
317,E100317,Michael Bryant,Finance,Supervisor,brendafarrell@example.com,001-816-562-9087x92968,Inactive,2023-02-05,2024-03-04T11:28:21
318,E100318,Jeffrey Hanson,IT,Analyst,xhall@example.org,336.500.7550x4084,Inactive,2024-07-08,2019-10-11T06:11:08
319,E100319,Laura Davis,Production,Operator,jstewart@example.net,+1-420-779-0779x8861,Inactive,2022-11-19,2017-01-02T13:57:41
320,E100320,Dean Clay,Sales,Analyst,andersonsandra@example.org,(722)344-6616,On Leave,2023-11-18,2021-12-14T10:19:50
321,E100321,Jennifer Haney,Production,Manager,fkelly@example.org,338-483-3923x8409,Active,2022-07-24,2017-02-27T21:11:21
322,E100322,Ralph Johnston,Production,Clerk,seth42@example.com,659.984.0705,Inactive,2018-06-18,2016-08-27T21:59:16
323,E100323,Brandi Adams,Sales,Supervisor,zwatts@example.org,001-367-894-7189,Active,2022-10-22,2025-01-13T11:48:18
324,E100324,David Espinoza,HR,Operator,johnsonchristian@example.com,001-277-266-0022,Active,2020-02-02,2023-02-26T15:56:31
325,E100325,Carlos Hunt,Production,Supervisor,johnflores@example.org,3944124562,On Leave,2016-03-25,2018-09-20T12:06:41
326,E100326,Zachary Lucas,HR,Supervisor,raydaniel@example.org,001-965-845-2551,Inactive,2021-04-09,2022-11-29T08:43:38
327,E100327,Kristina Fisher,Finance,Technician,anthony92@example.com,(389)675-7203,Active,2019-03-06,2016-01-04T10:12:02
328,E100328,Edwin Cain,Sales,Supervisor,shelley99@example.com,409.590.6998x189,Active,2023-11-15,2017-01-20T05:14:07
329,E100329,Eric Brown,Sales,Operator,sandovaljeffrey@example.com,268-590-6887x858,Active,2017-07-18,2018-04-05T00:18:54
330,E100330,Julia Boone,Sales,Manager,rogerssuzanne@example.net,001-575-918-9534x2970,On Leave,2024-03-26,2019-04-17T23:15:47
331,E100331,Jose Camacho,IT,Operator,rebecca43@example.org,+1-869-744-1042x3200,Inactive,2025-02-17,2022-03-22T05:59:11
332,E100332,Terry Lee,Logistics,Supervisor,jordantucker@example.org,+1-934-521-1474x675,On Leave,2018-09-16,2021-03-24T02:10:48
333,E100333,Mark Rodriguez,Production,Clerk,mjones@example.org,(643)921-9792,On Leave,2022-08-13,2017-10-12T10:57:16
334,E100334,Anthony Murphy,Sales,Clerk,jasminewilliams@example.com,(784)617-2734x0697,Inactive,2017-10-28,2019-09-14T19:14:42
335,E100335,Catherine Lee DDS,IT,Supervisor,brockmartha@example.org,+1-492-429-8309,Active,2017-02-13,2019-08-29T03:51:11
336,E100336,John King,HR,Manager,kristin03@example.net,660.772.9430x62873,On Leave,2017-12-08,2018-03-11T01:11:46
337,E100337,Samantha Mendez,Sales,Supervisor,amandarogers@example.net,(979)831-6027x8634,Active,2021-12-26,2022-07-05T02:58:17
338,E100338,Nichole Anderson,Support,Analyst,gaysarah@example.net,(752)811-0953x161,Inactive,2022-06-25,2023-11-13T16:51:18
339,E100339,Melinda Austin,HR,Technician,clarkcharles@example.org,+1-628-981-0423x852,Inactive,2022-08-24,2021-04-10T15:30:36
340,E100340,Heather Hanna,Logistics,Clerk,shaffermarcus@example.com,+1-685-598-0690,Inactive,2025-09-11,2025-03-04T09:30:28
341,E100341,Joseph Choi,Logistics,Manager,christy84@example.com,6602269095,On Leave,2021-09-17,2018-02-05T01:18:55
342,E100342,Keith Berry,Logistics,Technician,lopezaaron@example.com,573.508.8153x029,Inactive,2019-04-15,2022-06-06T06:31:34
343,E100343,Julie Brown,Support,Analyst,annelane@example.com,484.712.7913,Active,2019-08-02,2020-01-25T19:36:45
344,E100344,Hunter Sherman,Finance,Manager,kaylee04@example.org,(727)242-2121x15444,On Leave,2018-04-25,2020-12-02T00:01:25
345,E100345,Melissa Smith,Sales,Technician,priceamanda@example.org,813.277.9730x9514,Inactive,2023-06-09,2019-01-28T15:33:01
346,E100346,Carolyn Parker,IT,Manager,cynthiaeverett@example.com,7448012178,On Leave,2019-04-30,2021-02-12T19:16:16
347,E100347,Benjamin Rogers,Logistics,Clerk,millercarol@example.com,912.786.8667,Inactive,2022-05-11,2020-10-30T15:59:58
348,E100348,Leonard Lamb,Logistics,Analyst,patrickclark@example.org,3942816853,Active,2024-10-08,2023-11-14T21:26:36
349,E100349,Robin Jones,Sales,Clerk,omar87@example.org,+1-827-639-2467x8314,Active,2018-07-08,2021-07-08T15:25:24
350,E100350,Katie Holmes,Logistics,Manager,johnayala@example.net,496.596.4773,Active,2024-03-16,2018-07-05T14:55:05
351,E100351,Stephen Reeves,Production,Operator,cassandrabanks@example.org,624.806.1869,Inactive,2016-03-05,2021-12-03T02:04:11
352,E100352,Robert Hernandez,IT,Clerk,xking@example.org,(669)558-2616x913,On Leave,2024-09-20,2017-01-14T22:44:03
353,E100353,Gerald Galvan,Finance,Operator,lukemyers@example.org,+1-374-676-0440x424,Active,2018-04-30,2022-12-04T04:09:13
354,E100354,Christopher Jones,Logistics,Operator,zbrown@example.com,200.772.4766,Inactive,2019-07-17,2017-01-22T03:23:31
355,E100355,Lisa Castillo,Sales,Manager,stevenwoods@example.com,001-693-377-7242x4278,On Leave,2018-10-31,2025-01-02T05:27:38
356,E100356,Margaret Townsend,Support,Technician,andersonjill@example.org,(312)649-9877x99948,On Leave,2016-06-20,2022-10-06T12:17:00
357,E100357,Barbara Bradford,IT,Manager,richard10@example.com,6863732586,On Leave,2016-05-07,2022-04-11T15:14:24
358,E100358,Desiree Jones,Logistics,Supervisor,zreed@example.net,386.751.2054,Inactive,2018-01-10,2024-05-20T12:15:56
359,E100359,John Fisher,Sales,Technician,steven70@example.org,(596)320-2336x27065,On Leave,2019-05-20,2023-11-15T11:16:04
360,E100360,Erin Hughes,IT,Operator,sharonmurphy@example.org,(712)790-4589x638,Active,2018-03-08,2020-10-09T22:05:53
361,E100361,Amber Atkinson,Production,Supervisor,ramirezleslie@example.org,001-406-666-0588x0959,Active,2019-06-05,2025-09-10T02:31:22
362,E100362,Marissa Miller,HR,Analyst,frankarroyo@example.com,4214168660,On Leave,2024-10-05,2017-06-07T11:37:13
363,E100363,Jonathan Long,Support,Manager,pamela91@example.net,581.554.8361x1538,Inactive,2022-04-06,2022-06-13T23:27:19
364,E100364,Sarah Torres,Logistics,Clerk,justinhaynes@example.org,8348267845,Active,2016-12-06,2017-09-10T01:10:38
365,E100365,Taylor Ross,Finance,Clerk,shannonsamantha@example.net,(440)857-8766x0178,Inactive,2017-06-20,2020-09-03T12:55:56
366,E100366,Kaitlin Smith,Sales,Manager,samantha02@example.com,+1-672-873-0199x699,Active,2022-03-07,2018-06-07T18:32:32
367,E100367,Edgar Watson,Finance,Manager,ledwards@example.net,+1-584-238-6844,On Leave,2022-07-02,2024-09-22T22:44:22
368,E100368,Roger Brooks,HR,Technician,yolanda73@example.net,356-779-9728,Active,2023-01-21,2017-04-07T06:36:12
369,E100369,Alex Zhang,Finance,Manager,melissalogan@example.com,991.869.4973,Inactive,2024-09-27,2023-09-24T06:56:13
370,E100370,Janet Aguilar,Support,Clerk,fphillips@example.org,+1-317-953-4096,Inactive,2021-09-09,2017-10-08T05:41:03
371,E100371,John Barnes,Logistics,Technician,lydiacampbell@example.com,4608210916,Active,2022-11-25,2022-12-24T01:04:51
372,E100372,Carla Rowe,HR,Analyst,jasonpacheco@example.org,(337)431-9682x4369,On Leave,2016-08-14,2016-08-06T19:46:02
373,E100373,Justin Gilbert,Logistics,Operator,robertmartinez@example.com,(691)347-0129x83945,On Leave,2022-05-01,2020-07-12T04:47:20
374,E100374,John Rodriguez,Support,Manager,smithdanielle@example.net,(852)785-3004x5578,Inactive,2018-12-09,2018-05-23T11:08:55
375,E100375,Cameron Stevenson,HR,Manager,smithpaul@example.com,001-597-674-1442x0180,Inactive,2018-04-14,2015-11-11T02:18:40
376,E100376,Yvonne Conrad,Logistics,Manager,lcharles@example.org,404.366.8708x1796,Active,2017-03-16,2023-03-21T10:33:48
377,E100377,Mr. Andrew Price,Finance,Supervisor,william65@example.net,+1-480-416-6581x366,Active,2018-06-10,2016-06-29T13:35:41
378,E100378,Sharon Cohen,Production,Manager,craighodge@example.net,001-650-396-3994x783,On Leave,2020-05-12,2022-08-02T02:25:40
379,E100379,Michael Mullins,Support,Operator,jordanwallace@example.org,001-879-343-4441x7566,On Leave,2022-08-12,2018-12-31T20:35:02
380,E100380,Christopher Madden,HR,Manager,christinesmith@example.net,001-776-210-3216,Inactive,2025-04-19,2023-08-28T15:45:48
381,E100381,Michael Gregory,Production,Manager,donna19@example.org,383.509.0458x16729,On Leave,2016-01-01,2020-06-13T12:54:51
382,E100382,William Miller,Finance,Operator,brenda52@example.com,411.487.6567,Inactive,2020-07-04,2017-08-31T23:31:47
383,E100383,James Rogers,Support,Operator,lyonssusan@example.net,410-619-5992x2249,Inactive,2020-03-03,2020-04-28T11:38:02
384,E100384,Patrick Reynolds,IT,Analyst,christianashley@example.org,001-522-409-7648x618,On Leave,2021-10-06,2021-07-31T01:42:38
385,E100385,Barbara Robinson,HR,Supervisor,popejeanette@example.org,856-305-1820x808,On Leave,2023-07-10,2024-07-27T19:57:28
386,E100386,Johnny Rodriguez,Support,Analyst,jeffrey84@example.com,824.720.5703,Inactive,2025-07-05,2022-03-15T09:35:08
387,E100387,Emily Johnson,IT,Analyst,kristinemendoza@example.net,001-492-390-4699x8117,Active,2019-09-18,2024-01-03T13:08:20
388,E100388,Michael Ramsey,Sales,Technician,yburns@example.net,227.502.2410x2621,Active,2016-01-23,2025-03-10T06:11:20
389,E100389,Cody Duran,Finance,Supervisor,torresjeremy@example.org,001-438-541-5311,On Leave,2016-09-30,2024-01-13T17:32:22
390,E100390,Angela Chapman,Logistics,Clerk,ashleystone@example.org,277.213.0423x87680,Active,2024-01-27,2023-08-24T15:59:11
391,E100391,Diane Robbins,HR,Manager,mmclaughlin@example.com,352.953.9913x85413,Inactive,2020-04-11,2020-02-05T06:21:48
392,E100392,Maria Stokes,Production,Clerk,popemichael@example.com,(733)744-0258,Inactive,2016-11-30,2015-12-30T22:43:28
393,E100393,Lisa Schultz,HR,Manager,wallacewendy@example.net,+1-974-485-3159x96460,Active,2021-08-06,2020-02-09T03:48:31
394,E100394,Mr. Jonathan Young MD,IT,Analyst,garnerlaura@example.net,253.324.7811,On Leave,2023-02-07,2018-05-30T09:44:17
395,E100395,Lawrence Carroll,Production,Manager,sscott@example.com,001-631-368-1516,Active,2016-02-27,2024-03-26T15:33:16
396,E100396,Devin Ramirez,Logistics,Operator,greenenicholas@example.net,(930)666-1901,Active,2024-08-22,2020-10-30T05:19:52
397,E100397,Francisco Adams,Sales,Analyst,dbridges@example.org,+1-530-764-7390x875,Inactive,2024-11-28,2025-06-08T08:27:01
398,E100398,Candice Nelson,Production,Clerk,markmorrison@example.net,(513)433-1695x432,On Leave,2020-07-12,2022-11-26T17:34:57
399,E100399,Heather Martinez,Production,Clerk,yarnold@example.org,+1-677-472-0439x71888,Active,2023-10-02,2017-09-23T18:57:12
400,E100400,Misty Coleman,IT,Manager,wcampbell@example.com,001-639-728-4034x7696,Inactive,2020-05-14,2021-01-17T22:51:56
401,E100401,James Moses,Finance,Clerk,edward32@example.net,969.430.8011,On Leave,2017-10-06,2019-01-25T12:19:10
402,E100402,Monica Daniel,Sales,Supervisor,barryjohnson@example.com,(357)523-8616x01861,Inactive,2023-03-04,2020-06-11T06:02:03
403,E100403,Melissa Watkins,Sales,Technician,caseymichael@example.org,940.647.7350x31884,Inactive,2016-12-03,2022-06-08T23:53:29
404,E100404,Christopher Fox,Finance,Analyst,richard33@example.com,(302)535-2179x21182,On Leave,2016-04-19,2021-04-29T07:44:38
405,E100405,Christopher Miller,HR,Operator,belldanielle@example.org,679-960-5623x309,On Leave,2025-08-24,2023-07-02T10:24:52
406,E100406,Jose Rogers,Logistics,Clerk,james64@example.com,229.654.6373x33003,On Leave,2023-08-07,2017-07-10T22:08:16
407,E100407,Jared Keith,HR,Technician,justinpearson@example.com,201.328.1940,On Leave,2017-05-12,2018-02-25T14:26:29
408,E100408,Brandi Freeman,Finance,Manager,nicholsjessica@example.com,946-256-6370,Active,2020-04-09,2019-11-06T18:16:25
409,E100409,Karen Cannon,Finance,Supervisor,fpadilla@example.com,453.655.4622,Active,2023-08-19,2022-09-20T21:46:07
410,E100410,Anthony Tucker,Finance,Manager,johnstonrobin@example.org,+1-726-619-3581x5141,Active,2016-10-19,2016-10-26T16:36:44
411,E100411,Jordan Jacobs,Production,Technician,arogers@example.net,769-754-4956x977,On Leave,2023-02-15,2016-12-20T08:50:40
412,E100412,Eddie Williams,Production,Manager,fischermark@example.org,+1-404-201-5076x294,Inactive,2017-07-04,2018-05-09T12:21:44
413,E100413,Judy Waters,HR,Analyst,vargasjeffrey@example.org,(908)924-1985,On Leave,2024-07-18,2023-11-30T10:40:53
414,E100414,Brian Espinoza,HR,Technician,chernandez@example.net,001-673-957-1361x877,On Leave,2024-07-30,2021-12-17T01:24:37
415,E100415,Sean Vega,Support,Manager,manuelflores@example.org,559-995-1541x43604,Active,2017-12-31,2020-09-19T23:19:50
416,E100416,William Hunt,Finance,Clerk,bcross@example.com,+1-714-942-5096x9337,On Leave,2025-08-07,2016-09-01T03:30:59
417,E100417,Tyler Krueger,Support,Clerk,parrishjames@example.com,645.945.0529x65370,Inactive,2022-10-29,2024-05-20T17:54:59
418,E100418,Lisa Gomez,IT,Manager,ukelley@example.org,(918)234-4027x554,Active,2017-12-14,2020-07-13T17:55:11
419,E100419,Thomas Morgan,Support,Operator,crystalpatterson@example.org,(283)640-2110x4549,Active,2022-06-14,2016-04-14T15:13:32
420,E100420,Cody Torres,Sales,Clerk,andrewhenderson@example.com,949.916.6055,Active,2019-01-26,2025-08-15T01:02:06
421,E100421,Ian Walsh,HR,Technician,robertlopez@example.org,319.331.2108,Inactive,2016-07-11,2019-07-12T22:19:26
422,E100422,Kaitlin Mcfarland,Sales,Clerk,beasleystacey@example.net,689.581.9687x0666,On Leave,2019-03-05,2017-05-05T14:21:46
423,E100423,Andrew Daniels,HR,Analyst,racheljones@example.org,624.890.1405x4393,Active,2024-08-16,2024-09-14T13:57:53
424,E100424,Matthew Robertson,Production,Technician,john53@example.com,(658)801-5358,Inactive,2018-06-08,2016-02-21T05:39:23
425,E100425,Clayton Walker,Logistics,Supervisor,alexdurham@example.net,(768)760-1738,Active,2022-01-12,2022-01-08T16:39:38
426,E100426,Gregory Garrett,Sales,Technician,petersensarah@example.com,+1-261-642-6624x43677,Active,2017-05-12,2017-04-25T15:56:23
427,E100427,Andrew Welch,Support,Analyst,dawnlong@example.com,+1-413-759-7489x564,Active,2018-05-22,2024-03-15T05:16:40
428,E100428,Daniel Ramos,Sales,Manager,smithkimberly@example.com,(656)556-3373,Active,2021-01-24,2025-02-20T02:23:24
429,E100429,Angela Brown,Finance,Analyst,glassgary@example.org,4127776066,On Leave,2025-09-27,2022-02-21T02:06:08
430,E100430,Kaitlin Kennedy,HR,Clerk,daniel28@example.com,942.317.2742x19404,Inactive,2019-04-13,2023-03-13T21:38:32
431,E100431,Jeffrey Mccoy,Logistics,Manager,katherine89@example.net,+1-712-263-8279x4145,Inactive,2023-10-04,2019-11-28T19:47:36
432,E100432,Christine Mcclain,IT,Operator,gwilliams@example.org,001-542-698-5270x497,Active,2021-01-16,2021-01-15T12:00:35
433,E100433,Jean Clark,Sales,Manager,patrick74@example.net,(359)713-1101x52218,Active,2025-10-14,2021-11-19T13:24:41
434,E100434,Kim Martin,Logistics,Technician,usalinas@example.net,766.408.8232x35113,Active,2018-10-09,2021-04-30T06:34:21
435,E100435,Laura Flynn,Sales,Operator,shannon31@example.com,(381)601-3247x0730,Active,2017-03-05,2020-07-22T20:48:03
436,E100436,Daniel Howard,Sales,Technician,jeanette45@example.net,973-830-1654,Active,2022-02-10,2023-06-22T09:13:05
437,E100437,Tina Watson,Finance,Supervisor,fishersarah@example.com,317-628-6421x36017,On Leave,2024-01-24,2018-07-25T06:21:28
438,E100438,Carrie Leonard,Support,Clerk,mark19@example.com,001-251-764-4180x540,On Leave,2019-08-29,2024-08-24T05:19:11
439,E100439,Regina Ortega,Production,Manager,kayla07@example.net,(319)590-9798x9659,On Leave,2017-07-19,2017-08-18T11:24:17
440,E100440,Kathryn Bray,Logistics,Technician,estone@example.com,849.816.7165x670,Active,2024-03-17,2025-02-21T01:06:52
441,E100441,Bailey Coleman,HR,Analyst,andrewsanford@example.com,(685)379-4015,Active,2022-02-02,2016-02-23T18:58:14
442,E100442,Richard Grant,HR,Operator,garciaangela@example.org,767-387-3480,On Leave,2020-02-17,2022-09-16T03:41:48
443,E100443,Jodi Ellis,Finance,Manager,dominguezoscar@example.com,702-931-3426x8396,Inactive,2017-06-14,2019-07-31T08:58:58
444,E100444,Madison Carr,IT,Supervisor,steven01@example.com,+1-545-912-2402,Active,2024-12-14,2019-01-21T04:43:53
445,E100445,Joshua Barrera,Logistics,Operator,dlong@example.com,7967262922,On Leave,2019-04-16,2023-05-12T19:17:53
446,E100446,Bryan Smith,Production,Supervisor,james72@example.com,(706)967-5490,On Leave,2019-06-23,2016-02-13T23:23:55
447,E100447,Franklin Allen,Sales,Manager,nicholas08@example.net,830.968.2948x17049,On Leave,2018-05-15,2025-10-08T23:44:38
448,E100448,Jeremy Harvey,Production,Analyst,kentsharon@example.com,279.480.0472,On Leave,2024-11-11,2024-12-25T21:39:21
449,E100449,Caroline Lewis,Finance,Clerk,yhart@example.com,4876701524,Inactive,2020-08-29,2020-01-26T15:17:06
450,E100450,Thomas Martinez,Finance,Clerk,lisadavis@example.org,(574)300-9254x2709,Inactive,2024-07-31,2017-11-29T22:43:25
451,E100451,Amy Frank,Support,Manager,anthonybryant@example.com,+1-483-905-4508,On Leave,2021-12-05,2025-02-07T06:43:41
452,E100452,Jennifer Wood,Support,Clerk,larsontrevor@example.net,+1-446-874-8223,On Leave,2020-02-27,2018-08-24T23:01:09
453,E100453,Alejandra Russell,Production,Supervisor,sdavis@example.net,001-374-426-5884x066,On Leave,2020-06-05,2021-09-15T15:43:07
454,E100454,Benjamin Barnett,HR,Supervisor,mooredana@example.net,381-216-0762,Inactive,2025-10-11,2022-08-22T11:48:26
455,E100455,Susan Martin,HR,Technician,christopherhoffman@example.com,(202)406-3141,On Leave,2020-08-14,2020-03-17T06:33:56
456,E100456,Kevin Burgess,Finance,Manager,adam56@example.net,001-964-529-6172x472,On Leave,2016-12-30,2024-10-07T04:52:14
457,E100457,Laura Johnson,IT,Analyst,parkerpaul@example.org,374.845.7199,Active,2023-12-13,2019-03-29T16:36:07
458,E100458,Charles Sims,Support,Operator,duane11@example.com,4782136649,Active,2024-04-01,2016-10-24T06:05:09
459,E100459,Robert Allison,Support,Technician,gerald13@example.net,924-370-6492x225,Inactive,2023-01-01,2020-10-14T01:01:10
460,E100460,Allen Jefferson,HR,Supervisor,lynn41@example.com,945.364.6639,Active,2024-05-08,2016-07-21T08:04:33
461,E100461,Brenda Knapp,Finance,Manager,wclark@example.com,(899)679-4975x675,Active,2022-04-12,2023-01-07T20:29:46
462,E100462,James Alexander III,Logistics,Analyst,robinsonjacqueline@example.org,(594)403-2422x1645,On Leave,2020-08-29,2020-09-19T21:47:14
463,E100463,Brandi Torres,IT,Clerk,smithjustin@example.net,559.800.5819,Active,2022-01-21,2017-02-14T14:37:16
464,E100464,Jennifer Brown,Support,Analyst,herrerajeremy@example.com,(339)279-0057x834,Inactive,2025-01-26,2016-09-05T08:57:45
465,E100465,Mr. Steven Rivera DDS,Support,Technician,yolandanelson@example.com,436-240-2942,On Leave,2025-05-18,2021-06-30T22:24:19
466,E100466,April Lee,Support,Analyst,thomaskatherine@example.org,(959)359-9592x419,Active,2023-03-17,2022-07-01T09:11:00
467,E100467,Terry Robinson,Finance,Supervisor,wilsonchristopher@example.net,303.628.0325x3836,On Leave,2020-05-21,2017-11-24T18:25:07
468,E100468,Christopher Jones,Support,Clerk,tmorgan@example.net,311-346-8726,Inactive,2024-03-26,2019-10-30T13:47:26
469,E100469,Christopher Brooks,HR,Supervisor,michael35@example.com,+1-499-667-3131x2131,Active,2019-03-15,2020-03-06T14:24:23
470,E100470,Jane Terry,Logistics,Clerk,mariarodriguez@example.org,001-362-615-3944x060,On Leave,2022-12-19,2017-10-04T09:38:34
471,E100471,Alexandra Higgins,IT,Supervisor,caitlin44@example.com,(539)736-0074x813,Active,2019-11-04,2019-06-06T23:40:04
472,E100472,Dana Patterson,IT,Analyst,bryan75@example.org,800.875.6582x55483,On Leave,2017-05-03,2018-03-27T15:51:07
473,E100473,Zachary Peterson,IT,Operator,vlynch@example.org,830.890.7294x8563,Active,2022-09-15,2023-05-11T12:57:42
474,E100474,Thomas Lewis,Production,Manager,sgoodman@example.net,(333)689-7547x0112,Active,2019-03-09,2021-12-09T08:27:33
475,E100475,Rebecca Lee,Sales,Analyst,ashleymartin@example.com,(882)288-1565,Inactive,2020-11-01,2016-10-02T05:23:12
476,E100476,Matthew Campbell,Finance,Manager,bmarshall@example.com,681-633-5782x992,Inactive,2018-01-22,2019-10-13T10:56:46
477,E100477,Patricia Sullivan,Production,Manager,jason93@example.net,496.506.2638,On Leave,2017-09-13,2018-03-05T10:27:45
478,E100478,Julie Hale,IT,Analyst,yramirez@example.com,(960)631-8686x592,Active,2024-08-13,2017-10-11T07:16:33
479,E100479,Cassandra Davidson,HR,Clerk,marco48@example.org,571.895.9119x941,Active,2020-11-23,2021-02-11T18:44:30
480,E100480,Julie Lane,Support,Operator,danielswendy@example.com,8143708231,Active,2023-11-11,2018-04-10T18:47:38
481,E100481,Scott Anderson,Sales,Analyst,grace27@example.org,+1-380-445-5912x8995,Inactive,2017-09-10,2023-12-17T15:14:44
482,E100482,Nicole Little,Logistics,Analyst,lisa56@example.net,001-536-951-8370x4702,Active,2017-12-06,2018-08-12T12:54:36
483,E100483,James Hicks,Support,Supervisor,oconnorderrick@example.org,(681)739-7951x962,On Leave,2018-05-21,2020-05-04T13:16:38
484,E100484,Jack Knight,Sales,Operator,jessecannon@example.net,499-988-5522,Inactive,2024-01-17,2016-05-27T23:29:52
485,E100485,Mark Mcguire,Logistics,Technician,michael55@example.com,(320)454-8729,Inactive,2024-05-29,2025-06-02T22:51:01
486,E100486,David Pearson,Sales,Operator,stephenanthony@example.com,001-832-530-0171x9557,On Leave,2018-02-02,2022-03-16T07:35:18
487,E100487,Barbara Nash,HR,Analyst,chadbailey@example.com,+1-874-886-3747x0303,Active,2019-12-23,2024-08-16T16:18:36
488,E100488,Michael Anderson,Logistics,Technician,rcarey@example.com,484-905-3188x65852,Inactive,2022-06-23,2017-12-07T09:30:48
489,E100489,Joel Tanner,Production,Clerk,smithnatalie@example.org,7583828703,On Leave,2023-12-12,2017-04-23T03:04:39
490,E100490,Debra Curry,Finance,Clerk,ascott@example.org,+1-670-864-4071x253,Inactive,2017-08-24,2017-06-27T16:31:08
491,E100491,Ryan Garrett,Logistics,Supervisor,marygreen@example.org,(378)520-1581,On Leave,2016-05-06,2024-07-31T18:10:17
492,E100492,Stephanie Wheeler,Finance,Clerk,danieltate@example.net,+1-851-252-2345x089,Inactive,2024-01-03,2017-02-10T22:48:52
493,E100493,Shannon Freeman,Support,Analyst,dreyes@example.org,+1-380-560-6050x64051,On Leave,2018-11-12,2025-03-23T03:03:08
494,E100494,Alison Wolfe,HR,Clerk,hopkinsjessica@example.org,590.443.8935x317,Inactive,2020-10-12,2023-03-18T06:35:57
495,E100495,Steven Howard,HR,Analyst,kellyfletcher@example.org,441.848.1268,Active,2022-02-16,2025-01-06T16:24:52
496,E100496,Erin Fields,Logistics,Manager,nallen@example.net,+1-696-988-5606x9456,Inactive,2016-09-17,2019-07-02T12:37:59
497,E100497,Lisa Vasquez,IT,Technician,grivera@example.org,+1-739-944-9493x0784,Inactive,2024-05-18,2020-04-19T14:56:12
498,E100498,Matthew Brown,Sales,Analyst,lisahall@example.com,514.965.0286x0118,Inactive,2022-10-14,2016-12-25T13:31:05
499,E100499,Benjamin Mccullough,HR,Supervisor,nealkatelyn@example.com,501.410.4708x44445,Active,2021-10-10,2022-09-29T14:17:50
500,E100500,Brandon Wilcox,Logistics,Supervisor,hartkristen@example.org,409-345-2658,Active,2022-10-02,2021-08-24T18:09:08
501,E100501,Elijah Hamilton,Production,Analyst,hornadam@example.net,+1-987-464-1437,On Leave,2018-07-23,2018-11-17T21:32:03
502,E100502,Erika Bean,Logistics,Manager,christiancampos@example.net,454.988.1073,Active,2022-12-01,2017-01-24T10:03:07
503,E100503,Veronica Bowen,HR,Operator,sethruiz@example.org,510-525-3759,Active,2021-06-14,2025-02-02T05:05:32
504,E100504,Michael Reed,Logistics,Manager,garrettautumn@example.org,+1-307-446-7239x79881,Inactive,2017-06-22,2016-08-21T00:53:59
505,E100505,Scott Hines,Logistics,Clerk,nguyentiffany@example.net,(858)970-4253x776,Inactive,2020-01-30,2018-01-25T01:12:58
506,E100506,Stacy Matthews,HR,Technician,fjohnson@example.org,(787)937-2380,Active,2017-10-27,2018-06-28T14:19:41
507,E100507,Samuel Singh,HR,Analyst,ywhite@example.net,(782)673-4289x0426,Active,2020-10-11,2022-07-18T05:07:42
508,E100508,Lydia Soto,Logistics,Manager,hosborn@example.net,489-393-2191x33044,On Leave,2023-12-22,2021-05-16T17:52:14
509,E100509,Elizabeth Vazquez PhD,HR,Manager,wking@example.net,3448624044,Inactive,2019-07-04,2017-05-26T04:32:42
510,E100510,Matthew Cortez,Sales,Manager,state@example.org,300.403.3790x4742,On Leave,2016-07-02,2023-01-30T07:02:37
511,E100511,Megan Smith,Production,Clerk,steeleamanda@example.com,(490)628-9170x88807,On Leave,2018-05-24,2016-11-22T13:32:28
512,E100512,David Nixon,Finance,Technician,jpitts@example.org,(796)267-3495x8601,On Leave,2016-08-06,2024-11-03T15:01:04
513,E100513,Justin Blake,Production,Operator,josephhannah@example.com,767-492-1271,Inactive,2022-09-27,2017-06-01T10:35:56
514,E100514,Mr. John Wade,Production,Manager,swagner@example.net,001-572-401-6485x4713,On Leave,2021-05-20,2025-04-06T05:08:26
515,E100515,Kevin Russell,Support,Supervisor,angela13@example.org,7435625691,Inactive,2019-11-29,2015-12-20T16:20:31
516,E100516,Richard Miller,Support,Clerk,kschwartz@example.com,3467610106,Active,2024-06-19,2016-12-30T01:52:49
517,E100517,Anna Salazar,Finance,Technician,audreyweaver@example.com,366.914.5018,Active,2025-05-07,2022-01-06T07:24:10
518,E100518,Tonya Olsen,Support,Manager,karen36@example.net,325-414-2618,On Leave,2021-02-18,2016-11-30T23:22:55
519,E100519,Miguel Jones,Sales,Operator,bauerkristy@example.net,538.473.0060,On Leave,2024-06-08,2023-05-23T09:39:33
520,E100520,Tracey Howard,Sales,Manager,vperez@example.com,(464)710-8945x207,On Leave,2020-06-21,2015-12-11T20:00:47
521,E100521,James Silva,Finance,Technician,leejoel@example.org,001-684-655-2255,Active,2017-12-19,2018-09-18T17:32:55
522,E100522,Yolanda Weeks,Logistics,Manager,christopher36@example.net,525.558.6133,Inactive,2016-01-08,2021-10-03T05:49:20
523,E100523,Robert Fuller,Sales,Operator,danielmartinez@example.net,001-537-723-6790x821,Inactive,2018-10-30,2018-06-03T15:23:09
524,E100524,Bruce Garcia,IT,Technician,blackburnandrea@example.net,001-308-879-9333x0913,Inactive,2016-03-11,2018-08-04T01:54:21
525,E100525,Peter Berger,Sales,Technician,annarussell@example.net,001-581-781-4335x8628,Inactive,2024-06-07,2025-05-20T11:06:17
526,E100526,William Warren,Finance,Supervisor,ltucker@example.com,407.568.7902x44644,On Leave,2021-09-10,2025-08-14T08:10:16
527,E100527,Victoria Griffith,Finance,Manager,willie09@example.org,+1-270-329-0754x22489,Active,2020-12-16,2023-09-23T02:33:43
528,E100528,Kenneth Rowe,HR,Analyst,mallorylee@example.net,+1-215-596-5866x814,Active,2020-06-13,2025-01-02T00:06:35
529,E100529,Stacy Richmond,Production,Clerk,john79@example.org,+1-726-833-4570x8117,Inactive,2022-10-11,2017-04-26T00:09:09
530,E100530,Doris Keller,Logistics,Clerk,qbrooks@example.com,001-208-895-7107,Inactive,2017-10-25,2017-06-21T03:40:08
531,E100531,Adrian Thompson,HR,Clerk,margaretmorgan@example.net,(606)558-5522x95094,On Leave,2023-03-27,2016-02-26T15:00:32
532,E100532,Denise Palmer,HR,Analyst,amanda61@example.net,474-857-5768,Active,2019-06-21,2023-03-20T15:53:20
533,E100533,Meghan Reid,Sales,Technician,ohahn@example.net,8369590774,Inactive,2020-02-07,2019-07-01T08:31:16
534,E100534,Timothy Knight,IT,Technician,vbrown@example.com,4139334317,Active,2020-09-30,2023-01-09T16:29:27
535,E100535,Anne Petty,Sales,Operator,jimmy40@example.org,(210)915-8526x3231,Active,2024-09-07,2021-07-24T16:19:09
536,E100536,Jose Kelley,Production,Manager,cthomas@example.com,520-611-8668x2726,On Leave,2016-08-15,2017-03-11T15:51:28
537,E100537,Kimberly Campbell,Support,Clerk,ccochran@example.net,618-418-2715x131,Inactive,2024-12-29,2025-05-16T02:19:23
538,E100538,Julie Hale,IT,Technician,jason94@example.com,757.618.8683,Active,2023-11-16,2019-10-07T20:56:33
539,E100539,Donna Murray,Sales,Manager,mary72@example.com,579-831-9807x123,Active,2023-05-18,2024-07-24T09:09:34
540,E100540,Charles Rodriguez,Finance,Clerk,joseph23@example.com,799.877.0414,On Leave,2017-04-05,2019-07-10T22:02:14
541,E100541,Cory Sanchez,Sales,Technician,rossdavid@example.net,275.954.8400x421,Active,2024-09-05,2024-08-26T07:06:11
542,E100542,Jason Smith,HR,Technician,qmoran@example.com,+1-279-939-9278x36079,On Leave,2024-11-29,2018-12-13T22:05:29
543,E100543,Kathryn Stein,Production,Clerk,staceylyons@example.net,501-336-2408,On Leave,2021-07-10,2018-05-22T14:06:40
544,E100544,Michelle Green,Sales,Clerk,qolson@example.com,(232)725-0546x78848,Inactive,2025-09-02,2021-06-22T09:51:33
545,E100545,Dustin Smith,Production,Analyst,amandahudson@example.org,243.371.4243,On Leave,2020-01-08,2023-09-08T09:40:10
546,E100546,Cassandra Nelson,Production,Operator,amandadelacruz@example.org,001-396-496-5738x5375,Active,2018-05-28,2016-01-16T04:36:18
547,E100547,Mr. Scott Robles,Production,Manager,riveraadam@example.org,(947)203-2133,On Leave,2016-11-06,2022-06-12T05:51:10
548,E100548,Alexandra Mcdaniel,Production,Technician,valerie29@example.org,+1-255-250-7932,On Leave,2024-11-08,2018-02-09T00:09:18
549,E100549,Rebecca Evans,Finance,Operator,robinsoncourtney@example.org,5858570419,Inactive,2020-03-02,2015-11-14T11:10:47
550,E100550,Sierra Hill,Sales,Analyst,brooksdaniel@example.org,522.424.1329x50102,Inactive,2019-02-23,2018-07-12T09:55:24
551,E100551,Nicole Martinez,Logistics,Manager,sarafernandez@example.net,342-673-5022,Active,2017-04-12,2022-07-08T11:24:22
552,E100552,Amy Wolf,Logistics,Operator,jeffrey21@example.org,397-984-2814x35194,Inactive,2024-12-22,2017-04-24T20:26:32
553,E100553,Mr. Matthew Wheeler,Production,Supervisor,rodriguezjoshua@example.org,001-216-870-1410x4882,Active,2020-04-19,2021-10-04T04:09:28
554,E100554,Charles Garrett,IT,Manager,jensenjacob@example.org,001-473-265-2939x725,On Leave,2021-03-14,2022-04-13T13:09:51
555,E100555,Michael Marshall,Support,Supervisor,beardronald@example.org,(779)944-0130,On Leave,2018-01-21,2021-04-20T21:16:00
556,E100556,Danielle Burgess,IT,Clerk,kelsey97@example.org,430.268.6887x861,On Leave,2018-02-27,2018-03-28T04:20:56
557,E100557,Haley Williams,IT,Analyst,thomaskaren@example.com,(384)250-1562x2584,On Leave,2022-10-07,2016-01-23T20:32:25
558,E100558,Ronald Goodman,HR,Manager,jasminedunn@example.com,805.364.9717x2912,On Leave,2021-03-03,2019-12-27T06:06:54
559,E100559,Troy Howard,Support,Clerk,amymeyers@example.org,+1-226-797-8833x102,Active,2018-06-08,2016-07-29T03:32:03
560,E100560,Jennifer Morgan,IT,Supervisor,hendrixjonathan@example.org,285-665-9519x74395,Inactive,2020-11-18,2020-12-15T05:15:44
561,E100561,Michele Lyons,Support,Supervisor,karismith@example.com,655-649-1283x117,Inactive,2020-06-04,2018-01-27T11:50:43
562,E100562,Jose Taylor,IT,Analyst,elizabeth74@example.org,996.830.4955x094,Active,2020-09-07,2016-12-24T10:07:39
563,E100563,Christina Tran,Support,Technician,williamhull@example.org,001-459-525-1211x8946,Active,2017-08-17,2017-04-05T03:31:52
564,E100564,Steven Wood,Finance,Analyst,peter63@example.org,8436359015,Active,2016-01-19,2023-08-21T21:13:23
565,E100565,Lori Hood,Finance,Manager,jennifer94@example.org,767-935-9283x962,On Leave,2023-08-13,2020-04-18T11:44:35
566,E100566,Mary Martinez,Sales,Clerk,xknapp@example.com,+1-865-376-4063x36558,On Leave,2023-06-14,2017-10-22T17:14:12
567,E100567,Jay Colon,Finance,Clerk,mduncan@example.org,+1-424-796-2344x369,Active,2017-04-03,2021-09-13T19:38:53
568,E100568,Micheal Harris,Support,Supervisor,sgeorge@example.com,841.973.3360x107,On Leave,2022-05-09,2016-08-09T12:56:39
569,E100569,Douglas Bolton,HR,Clerk,harrissarah@example.net,001-916-854-9806x18464,Active,2015-12-10,2024-09-26T01:50:38
570,E100570,Jacqueline Hayes,Sales,Technician,ztorres@example.org,463.424.2866,Inactive,2024-04-30,2017-07-07T03:59:03
571,E100571,Tracy Thomas,Production,Supervisor,ywalker@example.net,566-873-9060x72772,On Leave,2022-03-10,2023-06-07T06:50:51
572,E100572,Tommy Stevens,Support,Operator,sjenkins@example.net,616.740.2261x2349,Inactive,2023-06-20,2018-10-21T04:46:43
573,E100573,Dennis Mercer,Production,Manager,ijordan@example.net,(761)948-1099,Inactive,2024-07-23,2017-01-17T08:27:29
574,E100574,Dana Stone,IT,Supervisor,henryalexander@example.net,515.266.7053,Inactive,2024-11-24,2021-06-03T11:22:33
575,E100575,Joseph Daniels,Support,Technician,kbrown@example.com,001-524-298-9569x110,Active,2025-01-24,2023-05-04T18:09:16
576,E100576,Kelsey Lewis,Production,Analyst,fitzpatrickbrian@example.com,001-741-561-6613x06354,Active,2025-08-04,2022-12-21T23:33:55
577,E100577,Robert Casey,IT,Supervisor,robertszachary@example.org,680.557.4987x58402,Inactive,2024-05-15,2023-08-30T06:33:47
578,E100578,Daniel Greene,Support,Manager,stephenbarker@example.com,+1-744-445-8905x73019,Active,2022-07-27,2017-02-10T20:16:56
579,E100579,Melissa Mcguire,IT,Manager,kbowman@example.com,(866)536-3051x281,On Leave,2023-04-14,2025-10-18T14:50:13
580,E100580,Shawn Mcpherson,Support,Supervisor,jameshowe@example.net,(268)536-9570x015,On Leave,2020-06-08,2019-04-25T08:41:27
581,E100581,Samuel Hernandez,Production,Operator,jamesmorris@example.org,234-733-5712,On Leave,2024-02-16,2021-02-11T00:55:29
582,E100582,Samantha Robinson,Logistics,Technician,gsmith@example.org,397.228.7024x56453,Inactive,2023-11-03,2022-08-13T02:52:12
583,E100583,Mia Woods,IT,Technician,cannonemily@example.com,5896674435,Active,2022-01-10,2024-03-22T08:22:45
584,E100584,Jennifer Chambers,Finance,Operator,natasha63@example.org,(506)810-1323x1230,On Leave,2024-04-16,2018-07-21T12:03:08
585,E100585,Douglas Perez,Finance,Supervisor,danielsrobert@example.org,750.234.2062,Inactive,2020-07-04,2018-03-01T04:40:36
586,E100586,Tony Rivera,Logistics,Clerk,fullerdonna@example.net,001-983-592-1143x6785,On Leave,2019-02-19,2020-05-02T23:48:20
587,E100587,Timothy Maddox,Sales,Technician,zrandolph@example.net,(593)900-7370,On Leave,2024-03-29,2020-10-13T02:46:42
588,E100588,Sarah Adams,Logistics,Analyst,andre82@example.com,+1-970-644-5542x83588,Active,2018-10-05,2017-06-30T20:55:04
589,E100589,Derek Mathews,Logistics,Technician,baileyjuan@example.com,001-848-298-3018,On Leave,2024-12-12,2016-04-29T05:43:41
590,E100590,Julie Gibbs,HR,Manager,yvonneperez@example.net,001-598-856-7600x4270,On Leave,2021-07-17,2020-10-19T15:29:50
591,E100591,Savannah Rich,Support,Operator,crystal38@example.net,9532634716,On Leave,2020-03-21,2023-05-24T10:51:43
592,E100592,Regina Spencer,HR,Technician,crystal44@example.com,(692)258-2491,Inactive,2025-05-02,2023-06-18T18:56:23
593,E100593,Kenneth Davis,Logistics,Manager,connorjoseph@example.com,976.386.9461x84165,Active,2020-04-05,2017-08-08T15:33:41
594,E100594,Stephanie Lowe,Finance,Operator,tammie10@example.com,(863)726-2463x0257,Inactive,2019-10-18,2021-07-17T03:12:16
595,E100595,Mr. James Valenzuela,Production,Operator,broberson@example.org,(711)624-5861,On Leave,2024-01-17,2025-09-02T13:51:14
596,E100596,Shannon Evans,Logistics,Technician,hannah18@example.net,(219)496-8327x628,Inactive,2019-07-27,2024-02-02T16:15:01
597,E100597,James Barnes,Logistics,Manager,jamesvaughn@example.net,5479327224,Active,2021-03-16,2025-01-11T20:53:03
598,E100598,Michelle Garcia,Production,Analyst,mauricemyers@example.net,+1-871-585-1147x771,On Leave,2017-10-24,2021-03-19T01:32:44
599,E100599,Christina Williams,Logistics,Technician,vthomas@example.com,461.818.9192x83440,Inactive,2016-08-10,2024-07-24T20:58:04
600,E100600,Courtney Stanley,Support,Operator,ocampbell@example.org,(640)485-8420x495,Active,2024-05-27,2024-04-07T05:51:23
601,E100601,John Morgan,IT,Analyst,wstewart@example.net,(968)581-4539x24133,Active,2019-01-13,2018-10-14T09:26:24
602,E100602,Mary Franco,HR,Clerk,burkekevin@example.com,+1-590-720-8427,Inactive,2025-09-23,2017-09-11T09:35:33
603,E100603,Bethany Stewart,Production,Analyst,qmontoya@example.net,282-296-1205x287,Inactive,2017-11-17,2025-08-14T07:38:54
604,E100604,Christopher Mitchell,IT,Manager,edwin12@example.org,(862)844-3762x920,Active,2021-10-17,2020-04-08T05:08:36
605,E100605,Jason Day,Finance,Analyst,dpatton@example.org,407.701.0955x753,Active,2023-07-18,2025-04-16T17:54:33
606,E100606,Daniel Davis,Finance,Manager,alvarezkaylee@example.net,001-985-769-1178x188,On Leave,2024-06-04,2017-05-05T13:55:36
607,E100607,Kevin Wilson,Sales,Operator,mtaylor@example.org,884.408.7195x715,Inactive,2017-08-22,2016-01-01T15:05:22
608,E100608,Sandra Green,Finance,Operator,emann@example.net,001-840-365-6859x00370,On Leave,2020-12-25,2023-01-13T17:33:41
609,E100609,Leah Brown,Support,Technician,lschultz@example.org,883.276.2314x7012,Inactive,2022-02-18,2022-10-05T12:51:45
610,E100610,Mia Holden,Production,Clerk,richardchapman@example.org,(220)413-4214x8763,Active,2024-05-08,2022-07-17T07:48:47
611,E100611,Dr. Ashley Pierce MD,Logistics,Manager,iwatts@example.com,559.913.5826,Active,2020-08-18,2023-06-09T08:50:14
612,E100612,Kelly Graves,HR,Technician,kennethjennings@example.org,+1-487-481-3391x723,Inactive,2019-08-31,2018-12-14T20:21:05
613,E100613,Sarah Flores,Production,Analyst,franknicole@example.com,7557440547,On Leave,2019-02-08,2018-12-13T15:14:04
614,E100614,Brian Harris,IT,Supervisor,burnettaustin@example.org,001-849-991-4107x1787,On Leave,2021-11-23,2019-04-22T01:14:30
615,E100615,Suzanne Smith,HR,Analyst,karen45@example.com,+1-742-575-3737x326,On Leave,2023-07-05,2018-05-06T00:46:33
616,E100616,Donald Avery,Logistics,Clerk,martinerik@example.net,714-536-9200x91258,Active,2021-02-21,2016-09-15T17:36:37
617,E100617,John Smith,HR,Manager,joel97@example.org,(540)913-7489x67826,On Leave,2022-04-21,2017-12-27T07:57:06
618,E100618,Benjamin Rivera,Sales,Analyst,danielvelez@example.com,+1-247-894-0505x15949,Inactive,2016-11-13,2019-12-19T04:20:58
619,E100619,Jennifer Bowers,Support,Analyst,stevensmith@example.com,705-500-9171,Active,2023-05-03,2018-05-18T20:05:25
620,E100620,Anne Webb,Logistics,Analyst,adam98@example.net,679-575-3115x4516,Inactive,2019-12-26,2024-10-31T12:38:36
621,E100621,Joseph Cruz,Finance,Operator,crasmussen@example.net,341.988.6828x757,Inactive,2019-01-07,2019-02-16T18:50:28
622,E100622,Jeffrey Steele,Production,Supervisor,maria86@example.net,565-484-1300,Active,2018-08-17,2016-03-17T07:08:32
623,E100623,James Smith,Support,Clerk,nfreeman@example.net,461.894.1028,Active,2019-04-05,2024-07-12T22:48:54
624,E100624,Cassandra Collins,Production,Analyst,marthacannon@example.org,315.912.2658,Inactive,2023-09-16,2018-10-23T03:07:37
625,E100625,Maria Lopez,Finance,Supervisor,bschmidt@example.org,(381)323-0532x52600,Active,2025-01-04,2017-08-28T22:37:40
626,E100626,Tabitha Sanchez,Finance,Operator,castilloalicia@example.net,+1-301-222-1243x65210,Inactive,2023-05-16,2020-06-24T00:06:29
627,E100627,Terry Williams,Support,Operator,jane09@example.net,719-371-5808,Inactive,2017-04-02,2016-11-29T23:18:11
628,E100628,Sarah Rich,Logistics,Clerk,beckkevin@example.org,(250)411-2875,On Leave,2022-07-24,2023-10-17T06:42:39
629,E100629,Chloe Brown,Production,Technician,asanchez@example.com,+1-791-349-3719x104,On Leave,2020-12-27,2017-12-01T21:45:08
630,E100630,Michael Shaw,Production,Operator,frenchlouis@example.com,709-358-3483,Active,2018-07-18,2023-10-17T13:14:10
631,E100631,Darren Butler,Production,Operator,kevindillon@example.net,+1-905-523-3475x091,Inactive,2021-11-22,2023-01-05T14:35:05
632,E100632,Matthew Conrad,IT,Supervisor,megan58@example.com,781.918.5577x17077,On Leave,2023-02-01,2023-03-19T06:44:23
633,E100633,Victoria Murray,IT,Manager,rosalesjenna@example.org,5428030735,Active,2024-10-31,2018-04-15T14:54:00
634,E100634,Ana Dean,IT,Clerk,aherrera@example.net,986.716.9008x534,On Leave,2021-03-10,2016-11-14T18:48:12
635,E100635,Elizabeth Warren,IT,Clerk,kevin43@example.net,346-392-6626x395,Inactive,2019-09-20,2024-12-04T23:02:16
636,E100636,Crystal Ramirez,IT,Operator,stacy55@example.org,001-792-877-7713,On Leave,2017-10-31,2022-07-06T17:09:51
637,E100637,Brad Garcia,Logistics,Manager,lynnbenitez@example.net,+1-578-271-8797x8929,On Leave,2025-08-09,2016-10-25T13:09:12
638,E100638,Joanne Kennedy,Sales,Operator,angela00@example.net,+1-206-825-0946x6605,On Leave,2024-08-17,2025-06-26T17:21:21
639,E100639,Robert White,Logistics,Operator,joyce28@example.net,001-497-637-8407x04190,On Leave,2017-11-20,2022-10-26T18:05:24
640,E100640,Paula Garcia,HR,Clerk,mlutz@example.com,001-273-309-0533,Inactive,2018-07-24,2021-06-12T22:06:09
641,E100641,Ryan Mcgrath,Logistics,Operator,shane48@example.com,001-850-723-1374x4715,Active,2016-09-18,2019-07-21T07:14:00
642,E100642,Annette Burch,Finance,Supervisor,smithjonathan@example.net,282.468.2012,Active,2017-08-31,2021-04-05T13:20:38
643,E100643,Jennifer Chase,Sales,Supervisor,webbsandra@example.com,+1-279-257-5718x69725,On Leave,2023-04-04,2023-10-09T07:10:05
644,E100644,Grant Kramer,Logistics,Operator,plang@example.net,001-249-323-1511,Inactive,2024-03-25,2024-07-23T03:19:23
645,E100645,Zachary Rivera,Finance,Clerk,njones@example.org,001-336-561-7658,Active,2023-10-02,2022-04-07T01:55:29
646,E100646,Jennifer Santos,Logistics,Technician,wjones@example.com,001-407-858-4939x178,On Leave,2020-05-12,2016-10-30T10:31:02
647,E100647,Tina Nelson,HR,Technician,kurt40@example.org,885.859.9108x77175,On Leave,2020-01-14,2021-03-03T20:44:51
648,E100648,Aaron Lee DDS,Production,Clerk,ryankathleen@example.org,(500)973-8654,Active,2015-11-22,2017-08-20T00:15:43
649,E100649,Victor Burnett,IT,Clerk,aliciastevens@example.org,(949)976-1934,Inactive,2022-04-30,2016-07-31T06:34:51
650,E100650,Brian Reeves,Support,Analyst,xanderson@example.org,415-471-8265,On Leave,2023-08-05,2017-10-29T19:15:31
651,E100651,Jennifer Green,Logistics,Clerk,bskinner@example.com,(958)540-4291x03749,Active,2023-01-20,2020-12-06T13:48:29
652,E100652,Jon Jones,Logistics,Supervisor,parkkevin@example.net,001-376-541-5572x1319,Inactive,2025-09-30,2022-04-12T02:16:59
653,E100653,Dana Garza,Support,Technician,jacksonlauren@example.org,001-376-572-2071,Inactive,2022-01-22,2016-04-23T08:54:30
654,E100654,Michelle Lopez,HR,Supervisor,lstone@example.com,+1-949-527-8367x744,On Leave,2018-09-18,2020-10-08T10:30:50
655,E100655,Brian Reilly,Support,Analyst,stephanie54@example.net,001-968-947-2760x41281,Inactive,2017-09-17,2024-02-09T08:04:14
656,E100656,William Lawrence,IT,Analyst,joseph28@example.org,001-463-724-7004,On Leave,2021-04-26,2020-06-13T21:56:23
657,E100657,Julie Wilson MD,Sales,Technician,fhall@example.com,+1-508-906-8242,Active,2023-04-14,2022-07-03T10:21:33
658,E100658,Tracy Gonzalez,Logistics,Operator,beckypierce@example.net,899-605-8841x94824,Inactive,2017-10-18,2016-12-21T21:02:10
659,E100659,Kelly Randall,Support,Supervisor,richard00@example.com,369-238-4738,Active,2022-07-30,2020-01-05T17:24:16
660,E100660,Mr. Michael Jackson MD,Logistics,Operator,hoffmanderrick@example.org,(334)905-4649x8590,Inactive,2021-09-28,2018-09-27T18:03:39
661,E100661,Amy Terrell,Sales,Analyst,gibsonmichael@example.com,001-935-978-1412,On Leave,2016-03-29,2017-02-15T13:33:32
662,E100662,Morgan Allen,Finance,Clerk,iharper@example.net,+1-339-329-1238,On Leave,2025-04-01,2024-03-06T21:44:18
663,E100663,Matthew Williams,Production,Operator,wking@example.org,(928)443-2376x0356,On Leave,2020-08-02,2020-06-28T06:12:01
664,E100664,Donna Olson,HR,Supervisor,ericcoleman@example.com,(283)533-4326,On Leave,2018-11-25,2018-02-26T02:37:05
665,E100665,Jeremy Bennett,Production,Manager,wsantos@example.net,344.317.3098,On Leave,2025-08-09,2018-04-11T23:02:17
666,E100666,Thomas Keller,Sales,Clerk,daniel29@example.com,559.475.2288,Inactive,2016-05-13,2019-08-03T12:38:15
667,E100667,Patricia Williamson,IT,Supervisor,rothlori@example.net,(693)767-7851,Active,2021-09-06,2020-06-04T14:53:10
668,E100668,Linda Mitchell,Production,Analyst,donald97@example.org,726.783.2334x8337,Inactive,2023-06-12,2019-07-25T06:34:11
669,E100669,Gerald Hall MD,Sales,Clerk,rodriguezrebekah@example.com,731-926-4569x67570,On Leave,2017-08-28,2023-12-26T11:17:47
670,E100670,Marco Miller,IT,Operator,rebekahmccormick@example.org,756.625.5013,On Leave,2017-10-05,2016-10-10T03:16:55
671,E100671,Dana Green,Sales,Analyst,woodardscott@example.net,(402)420-1738,Active,2023-02-25,2016-07-04T10:27:48
672,E100672,Jennifer Long,Finance,Operator,afisher@example.com,9997648863,On Leave,2023-02-19,2025-05-18T07:11:51
673,E100673,Laura Weber,IT,Technician,audrey11@example.org,(298)549-3835,Active,2018-04-29,2023-05-19T13:08:05
674,E100674,Carl Ball,HR,Clerk,melanie63@example.net,+1-320-313-0653x32396,Active,2025-04-30,2022-04-04T09:20:51
675,E100675,Stephen Duran,Support,Manager,morganvirginia@example.com,446-859-2396x5978,On Leave,2025-10-13,2016-02-27T23:12:42
676,E100676,Adrian Campbell,HR,Clerk,gonzalezethan@example.org,001-508-388-4391x3497,Active,2016-03-14,2022-01-19T00:35:35
677,E100677,Joseph Brewer,HR,Clerk,craigmartin@example.net,8442282361,Active,2017-04-15,2016-03-11T19:09:38
678,E100678,Lisa Vasquez,Sales,Technician,jenniferjackson@example.org,001-910-215-1060x9784,On Leave,2020-08-16,2018-06-19T17:31:20
679,E100679,Lauren Nunez,Finance,Analyst,zbass@example.com,+1-531-800-9453x19422,Inactive,2021-05-26,2019-11-23T10:56:56
680,E100680,Bobby Oneal,Support,Analyst,lrowe@example.net,+1-650-676-2332x75094,On Leave,2024-08-03,2019-08-14T12:12:01
681,E100681,Timothy Chan,Support,Manager,julie36@example.org,961-568-7630,Active,2023-10-01,2018-08-09T17:50:37
682,E100682,Stephen Stewart,IT,Technician,amy83@example.com,391.270.1389,Inactive,2018-04-12,2025-07-08T17:41:37
683,E100683,Jeremy Stone,Production,Technician,veronicaclark@example.org,+1-658-362-3422x34226,On Leave,2016-02-13,2017-11-27T20:15:00
684,E100684,Donald Mcbride,Production,Technician,patriciacox@example.com,477-360-6125x17434,Active,2016-04-24,2025-01-18T14:35:50
685,E100685,Zachary Herrera,Sales,Supervisor,helenbradley@example.org,001-916-696-4668x026,Active,2025-05-08,2021-09-19T08:45:58
686,E100686,Mark Griffin,Logistics,Operator,talvarado@example.net,(412)847-6859x76646,Active,2022-02-02,2016-07-09T14:11:16
687,E100687,Troy Kennedy,HR,Supervisor,awolfe@example.net,001-448-225-4576x34478,Active,2016-08-25,2017-09-11T00:08:07
688,E100688,Matthew Hunt,Sales,Clerk,sara28@example.org,572.742.0465,Active,2018-07-13,2016-12-20T09:34:01
689,E100689,Makayla Hooper,Logistics,Clerk,ytaylor@example.com,598.230.0203x043,Active,2024-02-06,2023-09-23T02:16:49
690,E100690,Alicia Johnson,Finance,Clerk,andersonchristopher@example.com,723.788.4099,On Leave,2021-08-05,2016-01-03T02:04:43
691,E100691,Jessica Martin,HR,Analyst,grantbrent@example.org,898-954-4806,Active,2022-04-28,2020-06-12T15:16:13
692,E100692,Jessica Fields,Production,Supervisor,ortegatheresa@example.net,(651)465-1265x47370,Inactive,2016-12-07,2020-12-31T04:47:32
693,E100693,Charles Peters,HR,Analyst,wdunlap@example.net,700.909.8545x0693,Active,2022-08-13,2019-12-04T16:42:59
694,E100694,Kayla Pena,Support,Manager,jamesnguyen@example.com,+1-233-960-6203x7602,On Leave,2016-05-19,2023-06-03T12:31:35
695,E100695,David Foster,HR,Technician,allenryan@example.net,+1-776-507-9046x6005,Inactive,2016-12-08,2025-10-09T12:37:07
696,E100696,Laura Lopez,IT,Supervisor,joseph91@example.net,+1-461-459-0287x9826,Inactive,2021-05-09,2021-07-24T00:24:13
697,E100697,Jill Torres,HR,Technician,harveyjose@example.com,+1-308-890-6603x6340,Inactive,2017-03-01,2022-12-01T08:37:10
698,E100698,Barbara Hickman,Finance,Operator,johngonzalez@example.com,(680)643-3264,On Leave,2022-03-16,2024-07-11T12:43:12
699,E100699,Eric Beltran,HR,Analyst,ylozano@example.com,(886)981-5915,Active,2020-12-19,2016-02-24T08:34:39
700,E100700,Melissa Matthews,Support,Technician,gonzalesheather@example.net,001-406-408-1257x060,Active,2018-05-08,2020-05-10T04:40:25
701,E100701,Lauren Graves,Finance,Analyst,collinsbrett@example.com,959.865.0002x1979,Inactive,2020-12-30,2023-05-29T18:24:34
702,E100702,Eric Hawkins,Finance,Analyst,millermatthew@example.org,(346)462-5695,Inactive,2022-02-27,2016-12-20T03:15:22
703,E100703,Robert Taylor,Sales,Supervisor,thompsonrebecca@example.com,(728)347-4697,Inactive,2019-06-01,2023-01-08T21:12:58
704,E100704,Angela Hill,Finance,Manager,davidsonjoseph@example.com,358.900.2729,On Leave,2017-07-26,2020-05-16T21:09:56
705,E100705,Cesar Waller,Logistics,Clerk,spencemichael@example.net,001-684-819-3626x3134,Active,2016-04-20,2023-10-08T16:15:55
706,E100706,Michelle Moore,Production,Clerk,sherry21@example.net,+1-338-352-2293x11423,On Leave,2022-01-01,2021-02-15T09:53:30
707,E100707,Dr. Michael Soto,Support,Supervisor,scottclaire@example.net,+1-698-583-1206x05395,Inactive,2018-09-04,2024-08-03T07:41:33
708,E100708,Ryan Jones,Sales,Supervisor,marybeck@example.net,987.688.4310,Active,2025-07-25,2017-03-15T08:20:41
709,E100709,William Hayes,Logistics,Manager,gregory30@example.org,001-520-418-8706,Inactive,2025-07-18,2018-05-09T08:42:03
710,E100710,Amy Wilson,Support,Manager,megangalvan@example.org,001-968-407-3281x97507,Active,2017-02-04,2024-05-28T08:09:16
711,E100711,Kristie Travis,Logistics,Manager,wbarnes@example.net,4568553400,On Leave,2024-03-23,2017-03-30T11:54:04
712,E100712,Jesse Owen,Production,Technician,rstewart@example.net,001-854-331-6118,Active,2020-07-31,2018-10-08T00:23:52
713,E100713,Ashley Wood,IT,Operator,ashleyallen@example.org,849-822-9468x9761,On Leave,2017-12-15,2017-10-26T23:54:16
714,E100714,Julie Reese,Logistics,Analyst,guerramelanie@example.org,9733786655,Active,2021-07-20,2021-06-23T03:35:13
715,E100715,Mr. Connor Jones,Logistics,Clerk,amyburnett@example.org,567.737.2725x906,Inactive,2019-07-25,2017-11-23T20:47:59
716,E100716,Bruce Ward,Sales,Operator,johnsoncarmen@example.net,329-598-2486,On Leave,2017-04-02,2017-06-27T11:14:46
717,E100717,Stephen Odonnell,Logistics,Manager,gibsonmindy@example.org,9917204593,Inactive,2022-03-30,2019-09-06T01:57:54
718,E100718,Elizabeth Wright,IT,Operator,michelle81@example.net,(262)330-0373x63757,Inactive,2021-06-21,2016-12-03T05:46:20
719,E100719,Sandra Mckinney,IT,Clerk,isimpson@example.org,668.726.1446,Active,2022-01-13,2023-06-19T07:32:40
720,E100720,Daniel Brown,Production,Manager,peckvictoria@example.com,+1-697-342-7571,Inactive,2018-10-30,2022-03-08T07:53:19
721,E100721,Manuel Shelton,Logistics,Supervisor,james97@example.net,447-940-1586x684,Active,2018-07-21,2021-12-22T11:16:28
722,E100722,Ryan Jackson,HR,Manager,marycummings@example.org,502-930-8912x294,Active,2017-08-16,2021-02-28T20:09:50
723,E100723,Mrs. Brittany Blackwell,Production,Analyst,ashleywilson@example.net,(990)609-4017,Inactive,2017-06-30,2025-06-28T05:38:57
724,E100724,Jordan Taylor,Finance,Operator,loretta10@example.net,001-567-602-4911x699,Inactive,2023-08-13,2025-04-27T02:21:31
725,E100725,Julie Thomas,Finance,Operator,ynelson@example.com,+1-930-272-1782x192,Inactive,2016-10-12,2022-09-19T21:03:09
726,E100726,Marie Herring,Production,Operator,iroberts@example.com,545.376.3587,Active,2017-04-27,2017-04-16T23:40:34
727,E100727,Holly Chandler,Sales,Supervisor,lawrencereyes@example.com,864-443-1328x15613,On Leave,2019-07-26,2019-11-05T22:40:44
728,E100728,Misty Dean,Finance,Clerk,ericksontina@example.org,946.374.0724x80187,On Leave,2024-02-21,2016-03-19T21:51:11
729,E100729,Dawn Miller,HR,Analyst,tracyhorton@example.org,(627)250-7361x320,Active,2022-08-08,2020-02-03T01:56:35
730,E100730,Sara Lee,Sales,Clerk,dawnjarvis@example.net,001-897-899-1113x073,Active,2017-05-14,2022-09-23T06:29:15
731,E100731,Brian Gonzales,Sales,Supervisor,mbuchanan@example.com,716.926.6714x16826,Inactive,2016-07-14,2016-10-05T18:28:08
732,E100732,Timothy Mayo,Production,Analyst,lutzdevin@example.org,+1-821-951-9709x62731,Active,2019-04-18,2020-02-20T08:17:51
733,E100733,Lisa Spencer,Support,Supervisor,drew78@example.com,001-817-384-0548x5120,Active,2017-12-27,2022-04-06T04:04:25
734,E100734,Karen Wright,Logistics,Clerk,rodriguezjoseph@example.net,577.515.8927x81259,Active,2025-06-02,2025-05-31T03:49:15
735,E100735,John Ramsey,HR,Clerk,robertfisher@example.com,(315)411-2610,Active,2024-10-22,2018-05-28T17:38:09
736,E100736,Ethan Barrett,Production,Operator,james98@example.net,876.873.2642,On Leave,2023-06-30,2023-05-15T13:17:28
737,E100737,Brandon Glass,Production,Manager,matthewtaylor@example.net,+1-643-940-7162x766,Active,2024-10-29,2021-01-26T10:20:52
738,E100738,Alyssa Stewart,Support,Analyst,veronica13@example.org,001-706-366-0297x294,Active,2019-04-12,2021-11-15T07:55:38
739,E100739,Abigail Vargas,Support,Operator,sandovallaura@example.org,(881)406-5950x3632,On Leave,2019-09-10,2023-12-01T15:41:30
740,E100740,George Rojas,Support,Clerk,jason26@example.org,(578)946-2406,On Leave,2021-07-19,2020-03-29T17:35:34
741,E100741,Kelly Abbott,Production,Clerk,salinasjason@example.org,810.956.4006x7415,Active,2021-04-01,2018-01-25T19:48:25
742,E100742,Alexander Herrera,Sales,Manager,mary55@example.org,657.364.4963x921,Active,2025-07-14,2022-07-19T01:08:48
743,E100743,Ryan Baldwin,Support,Analyst,mathewskatie@example.com,(845)719-1600x222,Inactive,2023-01-06,2024-03-23T09:36:36
744,E100744,Lisa Fisher,Logistics,Analyst,kevinchase@example.net,001-817-381-4808x9658,On Leave,2020-12-01,2022-10-08T11:18:04
745,E100745,Mary Rasmussen,HR,Technician,holtmelanie@example.org,+1-268-675-7412x28767,Inactive,2020-05-18,2021-01-30T22:28:25
746,E100746,Regina Ryan,HR,Clerk,donna39@example.org,308-608-6283x557,Active,2018-12-19,2023-10-13T07:35:51
747,E100747,Daniel Miller,HR,Operator,acostasarah@example.org,(359)453-5324,Active,2023-01-18,2022-11-21T18:14:58
748,E100748,Christopher Sandoval,Sales,Technician,uhoffman@example.com,(209)302-8854x11112,On Leave,2021-12-09,2016-05-30T18:28:10
749,E100749,James Davis,Production,Operator,mike42@example.com,001-871-641-0452x887,On Leave,2023-03-08,2024-06-18T10:44:47
750,E100750,Alison Fry,Logistics,Technician,zimmermanjohnny@example.net,001-352-560-5185x464,On Leave,2024-02-09,2018-04-23T20:05:42
751,E100751,Kristin Garcia,Logistics,Analyst,jasonturner@example.net,+1-763-766-8029,Active,2020-05-23,2025-02-07T09:24:42
752,E100752,William Elliott,Finance,Clerk,zmurphy@example.org,(257)300-5628x44329,Inactive,2017-06-02,2023-02-01T19:28:39
753,E100753,Ruben Faulkner,Sales,Analyst,christinasanchez@example.net,461-336-1510x03749,Active,2018-05-22,2015-12-29T00:20:54
754,E100754,Tanya Schaefer,Production,Supervisor,sjohnson@example.net,975.871.5556x2394,On Leave,2021-02-01,2022-10-15T18:12:36
755,E100755,Michele Brown,Support,Supervisor,mary78@example.com,+1-209-751-9809x599,Inactive,2022-03-27,2016-02-21T02:31:18
756,E100756,Samantha Price,Production,Analyst,iduran@example.net,001-551-503-1530x870,Inactive,2015-11-06,2018-08-07T04:51:36
757,E100757,John Castillo,Production,Operator,jspencer@example.com,001-806-941-0809x1072,Inactive,2018-09-30,2018-10-31T14:09:45
758,E100758,William Morgan,Sales,Clerk,petersoncrystal@example.org,243.549.1710,Inactive,2021-08-31,2024-03-19T12:16:48
759,E100759,Amanda Khan,Finance,Technician,denisemaynard@example.net,794-537-4750x6368,On Leave,2025-06-05,2018-12-20T23:23:07
760,E100760,Mikayla Bennett,Sales,Technician,johnathancraig@example.org,(525)264-1650x643,On Leave,2021-09-16,2020-11-08T23:07:04
761,E100761,Nathaniel Hudson,Sales,Manager,cory82@example.com,+1-227-225-6393,On Leave,2025-09-21,2018-05-10T03:30:54
762,E100762,Brittney Callahan,Logistics,Operator,davisthomas@example.com,(436)373-1742x115,Active,2025-09-15,2018-07-18T02:29:56
763,E100763,Nichole Mcclure,Logistics,Clerk,lsmith@example.com,3732995513,Inactive,2019-12-05,2025-07-05T14:19:03
764,E100764,Patricia Meyer,Support,Clerk,mlee@example.com,723-507-5674,Inactive,2023-10-03,2024-03-01T13:29:06
765,E100765,James Cowan,Logistics,Supervisor,michaelclark@example.com,660-631-2191,Active,2018-02-01,2019-02-07T04:40:40
766,E100766,Angela Rivera,Logistics,Operator,brian27@example.net,415-946-4225x592,Inactive,2017-02-03,2018-12-16T00:49:21
767,E100767,Alexandra Turner,IT,Clerk,lambertkelly@example.net,(429)378-3284x5381,Inactive,2023-03-21,2023-03-22T07:36:29
768,E100768,Shannon Horton,IT,Manager,rojasangela@example.org,001-968-670-1721x5184,On Leave,2020-03-29,2016-07-19T06:45:45
769,E100769,Evan Mcdaniel,Logistics,Clerk,dawnmccann@example.net,(922)464-9232,Active,2020-11-20,2021-01-30T02:18:54
770,E100770,Madeline Howard,Production,Operator,suarezjeffrey@example.net,547.464.9952,Inactive,2021-04-07,2019-03-25T04:14:09
771,E100771,Karen Phillips,Logistics,Clerk,ericjenkins@example.com,764-684-3514,On Leave,2022-09-20,2018-02-15T00:41:53
772,E100772,Frank Perez,Finance,Supervisor,patricia58@example.net,799-718-9034x77449,Inactive,2019-06-08,2017-08-16T02:19:28
773,E100773,Scott Hood,Sales,Manager,nancytrujillo@example.org,(712)316-1762,Inactive,2025-08-11,2023-08-04T02:32:29
774,E100774,Michael Fowler,Finance,Supervisor,laurabates@example.net,+1-633-912-6528x1007,On Leave,2017-02-13,2016-01-01T13:57:07
775,E100775,Joseph Johnson,Support,Technician,moniquestokes@example.org,5865665815,Active,2022-04-07,2018-06-27T09:13:48
776,E100776,Shawn Townsend,Sales,Technician,paulayala@example.net,(749)246-5920x548,On Leave,2023-10-16,2019-06-14T18:32:38
777,E100777,Joel Miller,Finance,Operator,donnaharvey@example.org,872.869.2523x2099,On Leave,2018-04-29,2023-07-13T11:38:55
778,E100778,Dr. Gina Johnson,Sales,Supervisor,joneskendra@example.org,+1-440-975-8822,Active,2017-12-30,2021-02-25T06:47:54
779,E100779,Leslie Walker,IT,Clerk,simpsonnatalie@example.net,987.234.0538x6767,On Leave,2019-01-16,2024-01-07T15:14:36
780,E100780,Sabrina Ramos,Production,Analyst,jgiles@example.net,8367719994,Active,2016-05-25,2017-05-04T07:04:38
781,E100781,William Webb,Production,Technician,susangonzalez@example.net,797-508-3406x262,Inactive,2022-07-31,2021-02-25T13:26:33
782,E100782,Devin Nash,Production,Manager,oalexander@example.com,299-541-8836x80898,On Leave,2018-08-30,2016-03-04T15:51:21
783,E100783,James Carter,Production,Operator,alvarezmichael@example.com,(753)291-2552,Active,2016-04-21,2019-02-11T01:14:46
784,E100784,Kenneth Pope,Production,Clerk,tammyalvarez@example.com,3277870332,Inactive,2024-05-10,2019-05-27T07:48:16
785,E100785,Christine Gonzalez,Sales,Manager,williamcooper@example.net,(474)336-0489x88336,On Leave,2023-04-20,2021-03-23T15:18:29
786,E100786,Timothy Williams,Production,Manager,jennifer71@example.net,880.969.5131x91429,Inactive,2019-03-31,2016-02-08T04:18:22
787,E100787,James Aguirre,IT,Manager,isingh@example.com,361-907-8127x7949,Active,2023-01-22,2021-05-17T04:24:39
788,E100788,Erica Hunt,Support,Supervisor,jeffreygreene@example.com,001-427-504-9141x856,Inactive,2019-11-12,2019-05-08T02:46:29
789,E100789,Stephanie Young,Logistics,Operator,ljimenez@example.org,3377247094,Inactive,2017-04-21,2019-03-02T14:17:25
790,E100790,Edward Richardson,IT,Analyst,waltersjames@example.net,(405)870-8392,Inactive,2019-12-15,2015-11-16T17:33:44
791,E100791,Christine Crawford,Logistics,Technician,courtneyjones@example.net,(542)594-6125x79812,On Leave,2017-10-31,2023-01-05T15:07:24
792,E100792,Samantha Williams,HR,Manager,erikacraig@example.com,211.240.2153,Active,2020-08-24,2016-10-11T20:12:52
793,E100793,Ryan Jones,Support,Technician,ggardner@example.org,001-589-333-2345x422,On Leave,2023-12-16,2024-05-02T02:04:04
794,E100794,Tammy Thompson,IT,Supervisor,danielstephanie@example.com,(756)257-0762x14163,Inactive,2018-03-15,2016-12-05T21:19:42
795,E100795,Bradley Johnson,Production,Clerk,martinezjoseph@example.org,6643558200,Inactive,2017-12-30,2020-06-09T15:51:57
796,E100796,Caleb Davis,HR,Clerk,lisa53@example.com,4925387983,On Leave,2018-09-20,2019-12-27T07:59:38
797,E100797,Vanessa Gonzales,Sales,Manager,harperashley@example.com,742.351.7013,Inactive,2018-07-04,2017-11-22T12:11:28
798,E100798,Thomas Schaefer,Finance,Manager,josephjohnston@example.org,2876130161,On Leave,2017-01-02,2017-08-07T21:09:33
799,E100799,Catherine Glenn,HR,Clerk,paulwilliams@example.net,001-906-910-2967x469,On Leave,2024-07-13,2016-04-07T23:46:44
800,E100800,Kenneth Lee,IT,Supervisor,ulindsey@example.net,248.735.5749,On Leave,2023-04-26,2020-12-08T18:47:59
801,E100801,Mrs. Katherine Rodriguez,Logistics,Manager,robert89@example.net,(743)822-4696x3181,Active,2015-11-14,2025-10-25T03:22:23
802,E100802,Michele Brewer,Finance,Technician,paulking@example.org,+1-426-320-4824x015,Active,2023-07-02,2019-05-14T15:32:14
803,E100803,Amber Hopkins,Support,Clerk,nallen@example.net,+1-924-571-5258x9996,Inactive,2016-11-11,2019-01-26T08:00:16
804,E100804,James Griffin,Logistics,Technician,marygarcia@example.net,001-785-984-0734x31908,Active,2019-06-12,2020-07-15T02:35:30
805,E100805,Wayne Sherman,HR,Supervisor,vzimmerman@example.net,+1-997-201-5422,Active,2022-02-03,2022-03-16T18:35:19
806,E100806,Shawn Stokes,Finance,Manager,austinhodge@example.org,001-753-568-8908x9643,On Leave,2025-02-07,2018-11-02T06:44:10
807,E100807,Joshua Burns,Finance,Technician,khorton@example.net,941-515-3091x270,Active,2022-05-25,2022-08-24T10:33:00
808,E100808,William Ortiz,Logistics,Operator,tylergreen@example.com,409.596.7450x716,Active,2018-06-23,2021-11-27T03:29:46
809,E100809,Michael Craig,Support,Technician,marvin75@example.com,(681)212-0056x55530,Active,2024-01-15,2020-07-27T12:22:32
810,E100810,Stephen Harris,Logistics,Clerk,qmoore@example.com,6754933592,Inactive,2019-02-25,2025-05-04T23:28:47
811,E100811,Julian Archer,Sales,Technician,haleygardner@example.org,371-806-3781,On Leave,2024-09-19,2019-12-20T11:50:02
812,E100812,Lauren Padilla,Logistics,Supervisor,kayla34@example.net,971-228-4038x40588,Inactive,2020-02-12,2017-05-31T16:52:56
813,E100813,Roberta Payne,Finance,Technician,orobinson@example.net,551.595.0962,Active,2021-01-07,2020-06-27T17:36:39
814,E100814,Jack Trevino,IT,Clerk,sherrytran@example.net,+1-533-733-7873,Active,2024-10-03,2016-11-03T18:19:45
815,E100815,Steven Martin,IT,Technician,ashley81@example.com,480.459.5155x67464,Inactive,2023-09-15,2019-03-23T03:35:30
816,E100816,Jason Myers,Production,Supervisor,zjohnson@example.net,604.628.0489x1929,Active,2023-05-16,2023-01-07T09:31:40
817,E100817,Mark Gibson,Logistics,Supervisor,williamspears@example.com,3133037604,Active,2024-03-23,2025-06-14T07:18:06
818,E100818,Richard Gibson,Logistics,Analyst,brobinson@example.net,7279136225,Active,2024-09-08,2020-08-22T08:51:39
819,E100819,Justin Wright,Production,Clerk,denniswilson@example.net,786.991.8660x70941,Inactive,2018-07-19,2020-02-20T16:53:07
820,E100820,Jason Peterson,IT,Operator,michael36@example.net,510.253.4053x47492,Inactive,2025-01-06,2016-12-17T07:14:46
821,E100821,Kaitlin Dean,Production,Technician,josephsullivan@example.org,590.572.6745,Inactive,2022-03-22,2018-01-30T08:21:57
822,E100822,Kenneth Cunningham,Logistics,Analyst,bpitts@example.net,001-827-515-2273x722,On Leave,2024-10-25,2023-01-08T11:17:55
823,E100823,Zachary Rodriguez,Production,Operator,leetracey@example.org,981-578-1052x45035,On Leave,2022-01-25,2021-02-14T15:17:12
824,E100824,Paul Donovan,Production,Analyst,nicolepearson@example.net,979-661-4440x05799,Active,2019-08-03,2017-03-31T14:17:58
825,E100825,Carolyn Washington,Production,Supervisor,rodriguezerika@example.com,(755)406-5302x00686,Inactive,2019-01-17,2018-07-02T11:17:49
826,E100826,Chad Johnson,Logistics,Supervisor,erik47@example.org,628-748-5013x672,On Leave,2016-03-05,2025-05-17T17:20:25
827,E100827,Brenda Brown,Support,Clerk,ricepatricia@example.net,+1-675-621-9326,Inactive,2022-03-20,2021-01-19T02:31:22
828,E100828,Alejandro Chapman,Support,Operator,anthonyburns@example.net,983-957-1786x20892,Inactive,2019-02-06,2020-02-08T06:56:22
829,E100829,Carrie King,Logistics,Supervisor,vasquezdonald@example.net,+1-701-275-0177x547,Inactive,2019-08-02,2017-02-18T10:42:40
830,E100830,Stacey Trujillo DVM,Finance,Analyst,howardjames@example.com,309-968-0120x0390,Active,2016-10-24,2021-01-23T16:17:42
831,E100831,George Dean,IT,Clerk,morgan40@example.net,+1-588-250-3721,On Leave,2021-01-21,2017-05-27T00:59:59
832,E100832,Alicia Delgado,Logistics,Operator,brendarussell@example.net,001-446-320-8738x432,Inactive,2022-01-24,2022-06-30T06:18:24
833,E100833,William English,Finance,Clerk,gfisher@example.org,+1-752-738-1547x4329,Inactive,2023-06-14,2021-11-09T17:02:07
834,E100834,Richard Moreno,Finance,Supervisor,anthony54@example.org,990.474.4329,Inactive,2015-11-18,2018-12-31T11:22:34
835,E100835,Tricia Boyle,Logistics,Clerk,bartonjimmy@example.net,803.222.8889x702,On Leave,2016-10-26,2021-10-30T03:08:24
836,E100836,Jay Hodges,Logistics,Manager,fischeralexandria@example.org,5698777532,On Leave,2019-02-05,2024-01-29T19:53:22
837,E100837,Thomas Simon,IT,Technician,darrenpayne@example.net,+1-572-228-0436x91742,Inactive,2024-12-09,2023-04-03T05:06:20
838,E100838,Ann Hays,IT,Clerk,berryamber@example.com,455-527-5370x0410,Inactive,2019-07-26,2022-06-01T12:10:01
839,E100839,Kristina Mitchell,Production,Clerk,jonesnicole@example.org,570.838.9313x6490,Inactive,2021-05-28,2023-07-03T06:33:42
840,E100840,Joseph Harper,Support,Supervisor,brittanywalker@example.net,7109185540,On Leave,2020-04-01,2020-09-17T06:13:14
841,E100841,Sheila Gilmore,Support,Technician,domingueztyler@example.com,574-590-7923x285,Active,2024-01-23,2020-01-24T21:53:36
842,E100842,Cristian Schwartz,IT,Manager,zmorales@example.net,7727669318,Active,2018-10-13,2017-07-24T15:04:03
843,E100843,Jessica Wood,Production,Analyst,sarah39@example.com,+1-487-842-2434x90934,Active,2025-10-14,2018-07-01T09:02:24
844,E100844,Shawn Parker,Logistics,Manager,ann04@example.org,5549589601,Active,2024-03-05,2018-09-18T18:51:45
845,E100845,Virginia Stewart,HR,Analyst,ipowell@example.org,734.757.1071x7806,On Leave,2016-06-21,2018-10-06T18:48:31
846,E100846,John Anderson,Logistics,Operator,greenrobert@example.com,(802)807-6579,Active,2023-07-31,2021-10-11T02:48:09
847,E100847,Melissa Evans,Support,Manager,heather77@example.net,(223)669-6637x8612,Inactive,2021-11-06,2024-03-27T08:33:30
848,E100848,Jason Charles DDS,Support,Operator,brian95@example.org,(492)951-9115x5652,Active,2025-04-12,2017-12-15T11:37:00
849,E100849,Jennifer Green,Support,Supervisor,ingramjoseph@example.com,493.838.3950x2786,Active,2019-04-08,2017-09-05T10:33:47
850,E100850,Brandon Stewart,HR,Technician,leemary@example.com,551.841.2011x90677,Active,2025-02-05,2021-04-09T02:22:30
851,E100851,David Frederick,IT,Clerk,sara76@example.org,655-284-9738,Inactive,2015-11-21,2024-09-03T09:26:50
852,E100852,Ronald Kelly,IT,Analyst,christopherbaker@example.net,566.578.6198x6645,Inactive,2024-08-17,2019-03-26T09:04:56
853,E100853,Damon Williams,Logistics,Supervisor,tcarson@example.com,(803)610-7773x5339,On Leave,2017-03-08,2020-06-07T11:00:05
854,E100854,Ann Castillo,Finance,Supervisor,timothy98@example.net,4277209935,Inactive,2017-01-21,2018-06-20T02:08:07
855,E100855,Luke Chavez,HR,Clerk,matthew67@example.net,4042758701,Inactive,2025-05-23,2023-08-24T06:54:15
856,E100856,Donald Pennington,Sales,Technician,myersamber@example.org,7104830153,On Leave,2023-06-22,2025-04-22T09:18:24
857,E100857,Robert Murphy,Production,Clerk,hicksricky@example.net,+1-841-296-2841x94474,On Leave,2021-12-15,2024-04-08T13:45:52
858,E100858,Danielle Bates,IT,Manager,townsendjames@example.com,368.753.8933x5624,Active,2017-03-30,2023-10-07T00:19:40
859,E100859,Kristen Young,Logistics,Operator,stevenjames@example.net,+1-856-287-9673x7995,Active,2024-08-23,2021-04-28T05:55:08
860,E100860,Linda Fritz,IT,Technician,hbailey@example.com,348.278.6480,Active,2021-06-12,2017-10-25T23:17:18
861,E100861,Kathy Mcbride,Logistics,Clerk,dorisbrock@example.com,702-920-5835,Inactive,2025-03-29,2024-09-27T10:16:49
862,E100862,Joseph Reed,Logistics,Operator,ugates@example.com,882.476.0670,Inactive,2022-01-24,2015-11-30T20:36:33
863,E100863,Angela Santiago,IT,Clerk,monicabonilla@example.org,+1-580-495-6069x932,Inactive,2019-02-19,2023-03-05T20:39:26
864,E100864,Thomas Ross MD,Finance,Clerk,jennifer01@example.net,001-873-511-1202x7221,Active,2016-12-23,2024-02-24T16:11:52
865,E100865,Michael Davis,HR,Technician,whitneycarroll@example.net,833.440.9586x354,Active,2020-01-30,2018-03-18T02:05:28
866,E100866,Robert Jordan,Logistics,Manager,edwin96@example.com,590.374.2663,Active,2018-10-20,2018-05-11T13:24:09
867,E100867,Yvette Smith,Finance,Clerk,dawnbrown@example.net,001-460-593-1417x3361,Inactive,2019-07-15,2019-04-10T08:56:26
868,E100868,Kimberly Scott,Sales,Technician,elizabeth97@example.com,452-738-5897,Active,2016-03-11,2022-05-07T06:02:35
869,E100869,Bill Thomas,Production,Operator,shannonmcintosh@example.net,6905313464,Inactive,2016-01-03,2017-04-05T11:19:04
870,E100870,Samuel Walker,HR,Analyst,ann32@example.net,(850)690-1281x84893,Active,2021-07-05,2016-11-24T15:54:39
871,E100871,Samuel Williams,IT,Operator,hughessarah@example.net,001-813-746-8060,Active,2022-07-25,2016-12-08T10:48:43
872,E100872,Michael Vasquez,HR,Technician,thomas67@example.org,940.768.8772,Inactive,2019-03-19,2025-02-28T16:35:01
873,E100873,Joshua Norris,Finance,Manager,downsjared@example.net,521-980-8931x6982,Active,2025-08-23,2022-02-28T22:09:41
874,E100874,Miguel Anderson,HR,Supervisor,riverarichard@example.org,235.726.7565x298,Active,2019-12-19,2016-06-28T10:05:00
875,E100875,Jennifer Smith,Support,Clerk,mcclaincourtney@example.net,2512001995,Inactive,2025-04-28,2023-10-28T13:46:02
876,E100876,Devon Barnes,Support,Clerk,dgarcia@example.com,(905)493-5415,On Leave,2019-11-01,2025-09-09T17:39:37
877,E100877,Cody Norton DVM,Production,Supervisor,debrafernandez@example.org,+1-895-797-4651x984,Inactive,2022-04-11,2019-06-07T20:13:46
878,E100878,Ashley Foster,HR,Manager,jackcastro@example.net,794.489.7894x17263,Inactive,2024-08-31,2025-03-17T16:00:25
879,E100879,Terry Smith,HR,Supervisor,michelledavis@example.org,+1-802-252-0029x89042,Active,2025-01-22,2023-12-23T10:15:01
880,E100880,Stacey Young,Finance,Supervisor,asimpson@example.net,001-578-350-6161,Active,2018-05-30,2017-11-24T17:34:27
881,E100881,Joseph Bates,Support,Supervisor,hamiltonivan@example.com,(898)374-2233x8444,Active,2017-05-21,2023-09-03T14:37:37
882,E100882,Olivia Stewart,Production,Supervisor,sandra71@example.net,570-849-4415,Inactive,2017-11-26,2020-03-22T07:09:42
883,E100883,Benjamin Ortega,Production,Manager,charlesclayton@example.org,781-867-0491,On Leave,2017-09-05,2016-01-11T15:06:47
884,E100884,Tammy Anderson MD,Finance,Analyst,whunt@example.org,(440)964-0058x44512,Inactive,2018-03-21,2020-04-15T12:17:33
885,E100885,Stephanie Oliver,HR,Operator,rodriguezroberto@example.com,001-749-372-4832x59574,On Leave,2019-07-24,2019-05-06T22:42:05
886,E100886,Heather Lane,HR,Analyst,jeffreyrichardson@example.net,(638)881-8716,Inactive,2023-04-22,2021-09-12T23:18:13
887,E100887,Stephen Austin,IT,Technician,karenfuller@example.org,576-380-7257x9751,Inactive,2021-05-05,2020-07-30T01:59:28
888,E100888,Jay Rios,Support,Clerk,daltonjennings@example.org,(929)849-4472x72455,Active,2025-10-29,2025-10-11T14:36:17
889,E100889,Susan Edwards,Sales,Clerk,weberallison@example.org,+1-733-963-9960x14471,On Leave,2024-04-08,2017-02-12T13:30:08
890,E100890,Tammy Nelson,Production,Analyst,wendy96@example.org,609-277-4184x126,Inactive,2021-05-17,2020-01-15T23:58:53
891,E100891,Brandy Harper,IT,Supervisor,dennisford@example.net,001-573-405-7218x645,Active,2023-03-31,2017-05-29T11:07:46
892,E100892,Lisa Harrison,Sales,Clerk,ashley39@example.com,(222)279-1805x547,On Leave,2022-11-29,2025-05-06T01:29:30
893,E100893,Tonya Lang,Production,Manager,garrettlisa@example.com,+1-420-456-3364x0976,On Leave,2023-05-18,2017-04-15T08:08:32
894,E100894,Caitlin Mcguire,HR,Supervisor,saracarey@example.com,610.296.8725,Inactive,2023-04-27,2024-03-22T19:23:13
895,E100895,Darlene Randolph,HR,Manager,woodwardpatricia@example.com,920.643.2812x77317,Inactive,2018-09-12,2024-01-11T13:16:36
896,E100896,Vanessa Miranda,Support,Operator,timothybecker@example.com,(842)775-8140,Inactive,2016-10-23,2021-06-24T04:33:55
897,E100897,Samantha Noble,Support,Supervisor,jason64@example.com,6592488753,On Leave,2024-01-19,2019-07-09T03:37:52
898,E100898,Mark Cooper,Production,Manager,douglaskirby@example.net,671-208-2281,On Leave,2019-06-27,2019-04-16T21:47:56
899,E100899,Michael Ellis,Logistics,Analyst,jasonramos@example.net,858.984.5490,On Leave,2024-10-06,2017-06-11T10:40:52
900,E100900,Michael Snow,IT,Manager,hannahgarcia@example.net,001-819-867-6475x8335,Active,2020-01-10,2024-08-28T18:48:03
901,E100901,Stephanie Hubbard,Finance,Supervisor,henrysmith@example.com,+1-297-977-7308x42985,Inactive,2023-04-14,2016-07-02T10:35:39
902,E100902,Christy Ryan,Sales,Clerk,cortezjonathon@example.com,363.420.1546,Active,2017-01-26,2020-03-11T15:58:17
903,E100903,Sarah Hensley,Finance,Clerk,danielleherrera@example.net,+1-767-331-9419x4926,Inactive,2017-11-04,2024-11-18T04:47:11
904,E100904,Todd Gordon,Support,Analyst,adambanks@example.org,621-580-9612x49201,Inactive,2021-05-10,2023-11-30T03:37:57
905,E100905,Alexandra Oliver,Production,Manager,ortizthomas@example.com,880.516.5845,Active,2018-12-09,2020-02-07T08:49:10
906,E100906,Donna Smith,IT,Clerk,jeremy06@example.com,(881)454-0985x21772,Inactive,2018-05-15,2025-09-04T16:57:49
907,E100907,Nathan Campbell,Support,Technician,icastillo@example.com,861-973-2743x076,Inactive,2020-02-15,2015-12-06T02:32:32
908,E100908,Ariana Stone,Support,Manager,steven66@example.net,+1-653-959-6071x240,Inactive,2022-05-06,2021-12-09T20:24:22
909,E100909,Sherry Wang,Logistics,Analyst,patrick24@example.com,980-338-8143,Active,2016-11-09,2020-09-17T21:24:10
910,E100910,Emily Mills,Production,Clerk,zbrown@example.net,4074507975,On Leave,2017-02-04,2023-08-04T18:28:10
911,E100911,Jennifer Snyder,Sales,Manager,melissa18@example.net,801.563.6842,Active,2019-06-10,2023-04-10T22:41:20
912,E100912,Scott Davis,Sales,Analyst,levimosley@example.net,(957)827-2878x18414,On Leave,2018-12-24,2019-11-16T01:29:11
913,E100913,Brooke Li,IT,Manager,mbrown@example.com,(218)667-7164x18146,Inactive,2025-08-20,2025-09-06T14:48:30
914,E100914,Kevin Kerr,Support,Analyst,xwoodard@example.org,(380)529-7980,On Leave,2020-11-22,2024-02-07T16:26:00
915,E100915,Ronald Mcmillan,Production,Technician,pburns@example.net,001-266-575-1965x3767,On Leave,2018-10-12,2024-01-08T19:54:27
916,E100916,Tyler Miller,Logistics,Technician,sheilayoung@example.com,+1-950-353-0833x60146,On Leave,2021-10-18,2017-02-15T19:13:14
917,E100917,Mark Rhodes,HR,Manager,nataliewilliams@example.org,001-724-789-1360x4374,On Leave,2023-06-23,2022-07-24T01:36:36
918,E100918,Zachary Swanson,Logistics,Manager,andrew19@example.org,458.448.2775x9479,Inactive,2023-09-25,2016-09-22T09:39:34
919,E100919,Kevin Scott,Sales,Clerk,nford@example.com,296.933.7119x3517,Inactive,2017-09-20,2022-12-03T00:54:34
920,E100920,Joseph Maddox,IT,Manager,zwilliams@example.net,661.735.2428x169,Inactive,2019-12-04,2025-02-02T13:52:53
921,E100921,Greg Martin,IT,Manager,randerson@example.net,453.498.7920x148,Inactive,2019-03-21,2024-01-22T17:32:55
922,E100922,Sandra White,Support,Manager,qferguson@example.com,8667011655,On Leave,2017-06-12,2017-03-24T00:13:56
923,E100923,Thomas Young,IT,Manager,mitchell18@example.net,4063605677,On Leave,2019-01-11,2023-04-06T06:12:21
924,E100924,Joshua Hill,Support,Clerk,amberstark@example.net,(939)993-7823x69109,On Leave,2018-09-16,2016-12-10T00:34:42
925,E100925,Rita Gonzalez,IT,Manager,wattskathleen@example.org,(951)268-0047x21535,On Leave,2016-03-07,2019-05-16T23:24:57
926,E100926,Jerry Miller,Support,Technician,yoderalejandro@example.net,001-455-650-1878x9005,On Leave,2018-04-18,2019-08-31T12:56:22
927,E100927,Gregory Baker,Production,Clerk,debbiescott@example.org,+1-532-812-4302x58330,Active,2017-01-28,2019-11-26T13:07:09
928,E100928,William English,Production,Analyst,macdonaldlynn@example.net,001-974-247-3098x110,Inactive,2025-05-02,2024-02-21T14:47:13
929,E100929,James Rose,Finance,Analyst,jamie34@example.net,+1-233-557-8437x0118,Inactive,2019-03-15,2022-08-15T18:57:22
930,E100930,Christine Lewis,Production,Supervisor,andrew05@example.org,635.711.6378,On Leave,2023-07-05,2019-11-02T05:27:31
931,E100931,Sergio Bell,Logistics,Analyst,alexanderadams@example.net,(460)927-3226,On Leave,2018-02-17,2024-08-23T04:23:04
932,E100932,Carlos Munoz,Logistics,Clerk,smithjennifer@example.com,810-729-3940,Inactive,2022-12-12,2023-10-19T07:07:41
933,E100933,Kristin Ellison,HR,Manager,vhill@example.com,+1-681-671-3032x928,Inactive,2018-10-16,2018-09-03T21:02:23
934,E100934,Joshua Doyle,Support,Supervisor,davidtownsend@example.org,001-500-204-2956x03029,Active,2025-09-22,2021-08-04T06:59:16
935,E100935,Katherine White,Sales,Manager,andrewchavez@example.org,8022556931,Active,2023-03-28,2018-08-06T11:32:40
936,E100936,Mark Wilson,IT,Supervisor,alisoncampbell@example.org,230.953.5962x7630,On Leave,2022-05-02,2019-09-28T06:36:52
937,E100937,Madison Nguyen,IT,Supervisor,msandoval@example.com,(974)788-1391x4203,Active,2022-07-09,2021-02-10T23:22:12
938,E100938,Eric Jones,HR,Analyst,anthony39@example.net,+1-978-342-9533,Inactive,2024-08-02,2025-10-23T13:29:21
939,E100939,Tyler Lopez,Logistics,Clerk,alexander88@example.net,(263)680-2852x120,On Leave,2017-05-18,2022-09-18T08:21:52
940,E100940,Julian Allison,Finance,Technician,jenna55@example.net,(748)270-3218x7039,Inactive,2025-02-27,2025-03-17T00:48:10
941,E100941,Diana Clarke,Support,Supervisor,christine02@example.net,769-880-6813,Active,2019-04-22,2022-05-16T13:51:11
942,E100942,Brenda Cohen,Finance,Analyst,btownsend@example.com,(461)957-7235x517,Active,2020-08-10,2025-03-09T09:55:20
943,E100943,Timothy Fleming,IT,Operator,wwilliams@example.net,+1-644-661-7353x606,Active,2024-04-25,2015-11-19T23:32:09
944,E100944,Michael Parker,Sales,Analyst,suttonpaul@example.org,+1-487-500-7110x6480,Inactive,2018-04-20,2021-11-28T17:08:17
945,E100945,Katie Hart,Support,Supervisor,brownamy@example.org,484-489-4654x1124,Active,2022-10-30,2016-11-04T13:30:12
946,E100946,Manuel Wright,Support,Supervisor,kristenwilson@example.net,(495)521-8667,On Leave,2025-09-17,2022-10-03T11:42:51
947,E100947,Mr. Jesse Erickson,Logistics,Supervisor,gail86@example.org,987.485.5971x189,Active,2020-08-20,2024-08-30T05:52:02
948,E100948,Kerri Wallace,HR,Clerk,egonzalez@example.net,+1-874-372-6732,Active,2019-10-28,2022-12-06T21:09:00
949,E100949,Tyler Dennis,HR,Manager,raymondwilliams@example.net,(420)628-2074x9596,Active,2017-05-08,2020-01-09T08:16:06
950,E100950,Briana Cooper,Logistics,Supervisor,swansonjohn@example.org,514-621-5825x4514,On Leave,2019-07-17,2025-01-21T05:34:42
951,E100951,Haley Brown,HR,Operator,marroyo@example.net,(605)410-3415,Active,2025-01-29,2019-01-12T16:34:16
952,E100952,Drew Holmes,Logistics,Clerk,marie27@example.org,(307)971-4976x42369,Active,2016-08-17,2019-10-30T15:31:01
953,E100953,Bonnie Thompson,Sales,Operator,justinmayo@example.net,892.211.7005x245,Inactive,2016-03-30,2017-06-12T22:06:43
954,E100954,John Martinez,Sales,Analyst,maryhart@example.net,902-370-9431x5211,On Leave,2023-11-14,2024-09-25T13:13:08
955,E100955,Michelle Reed,Production,Technician,fneal@example.com,(836)288-6465x04569,On Leave,2022-11-21,2018-07-24T11:02:43
956,E100956,Crystal Mcknight,IT,Clerk,mwilkins@example.org,+1-718-671-1363,On Leave,2019-02-01,2017-10-31T15:43:54
957,E100957,Travis Davis,Logistics,Supervisor,gloriaburns@example.org,(345)247-8399x04979,Active,2019-11-26,2016-07-08T11:41:16
958,E100958,Courtney Wells,IT,Supervisor,sullivanteresa@example.com,001-502-297-6706x440,On Leave,2021-04-14,2024-01-10T03:33:24
959,E100959,Ryan Wong,Support,Operator,suzanne69@example.net,(560)705-4286,On Leave,2024-02-23,2020-08-12T22:49:30
960,E100960,Justin Callahan,Finance,Manager,daniel44@example.com,813-588-2582x3552,On Leave,2023-08-29,2019-05-03T20:49:19
961,E100961,Ralph Mooney,Finance,Analyst,fduran@example.com,+1-598-390-4381x006,Inactive,2015-11-18,2021-03-14T02:57:44
962,E100962,Mackenzie Briggs,Logistics,Clerk,anthony61@example.com,2489687169,On Leave,2019-12-11,2019-09-03T13:35:26
963,E100963,Rebecca Brown,HR,Operator,brianhowell@example.org,698-992-1685x098,Active,2019-02-12,2024-09-12T23:56:32
964,E100964,Colleen Cruz,Logistics,Clerk,rebecca90@example.net,(410)596-0338x22382,On Leave,2022-03-13,2019-06-11T20:33:46
965,E100965,Gabriel Crawford,Production,Technician,stevenjohnson@example.net,(850)818-8720,On Leave,2021-12-16,2023-05-07T05:38:47
966,E100966,John Luna PhD,HR,Operator,amartinez@example.net,+1-748-839-7200x6632,On Leave,2024-06-24,2025-06-03T18:59:38
967,E100967,Jamie Gonzales,IT,Manager,richardbond@example.net,3616975003,Active,2016-10-14,2020-03-20T11:02:19
968,E100968,Justin Smith,Logistics,Supervisor,melissa15@example.org,6584353485,Active,2021-06-16,2021-06-04T13:45:29
969,E100969,Donald Hendricks,Support,Operator,cuevasscott@example.net,337-860-1832x5798,Active,2021-11-16,2019-10-10T08:26:55
970,E100970,Holly Green,IT,Analyst,lhodges@example.org,001-760-342-5990x40193,On Leave,2024-06-29,2020-10-15T04:02:21
971,E100971,Cody Ochoa,Logistics,Clerk,pamela57@example.net,734-425-9512x2869,Active,2025-10-10,2019-08-14T10:16:57
972,E100972,Molly Pitts,Logistics,Manager,dakotawilliams@example.org,+1-568-752-1007,Active,2016-05-21,2017-02-19T20:13:19
973,E100973,Nicholas Fowler,Support,Supervisor,wjohnson@example.com,714-782-2430x2595,Inactive,2023-05-21,2019-05-24T15:24:33
974,E100974,Connie Freeman,Sales,Supervisor,danielleross@example.net,(750)526-2599x143,Inactive,2025-07-23,2021-12-22T16:53:10
975,E100975,Rebekah Russell,Production,Supervisor,marshallevan@example.org,503.267.9889x3736,Active,2017-06-21,2021-09-16T11:23:55
976,E100976,Catherine Stark,Sales,Supervisor,taylorrobbins@example.org,784-448-7890,On Leave,2025-08-10,2017-07-21T12:05:07
977,E100977,Diane Williams,IT,Supervisor,brownsydney@example.com,587-982-5731x30220,On Leave,2020-01-07,2021-09-23T04:55:35
978,E100978,Scott Diaz,Logistics,Analyst,jamesbecker@example.org,564-578-5060,On Leave,2024-05-01,2017-01-05T07:34:08
979,E100979,Jamie Wagner,Production,Analyst,chad21@example.net,765-448-1932x2061,Inactive,2021-03-21,2016-05-05T22:26:18
980,E100980,Robert Kim,Logistics,Operator,belliott@example.com,300.962.2501x775,Active,2020-08-18,2025-02-18T11:01:42
981,E100981,Amanda Greene,Production,Supervisor,jameshart@example.org,(804)747-0706x60579,Inactive,2018-01-05,2023-11-17T15:33:17
982,E100982,Ryan Bauer,Sales,Technician,tammysimon@example.org,001-859-482-2189x8701,On Leave,2020-10-15,2020-03-03T22:01:09
983,E100983,Benjamin Franklin,IT,Manager,fmiller@example.org,540.384.9785,Inactive,2021-03-29,2016-08-04T22:11:59
984,E100984,Brenda Coffey,Finance,Supervisor,pfields@example.net,691.291.6545,Inactive,2022-10-25,2018-02-16T11:57:06
985,E100985,Michael Lindsey,Finance,Supervisor,gaustin@example.net,(807)425-0933x3020,Active,2018-04-05,2016-01-25T02:36:04
986,E100986,Richard Davila,Production,Analyst,matthew28@example.org,549.478.5752,Active,2022-04-02,2022-03-30T22:22:41
987,E100987,Andrew Pierce,IT,Supervisor,wilsonrobert@example.org,001-650-425-5130x99962,Inactive,2022-10-07,2020-10-13T20:00:43
988,E100988,Kathleen Henry,Support,Analyst,ssmith@example.com,(321)755-5274x2169,Inactive,2024-02-01,2021-11-18T16:54:50
989,E100989,Rachel Torres,Logistics,Technician,kingjoseph@example.net,6652478292,On Leave,2024-05-16,2024-09-25T20:40:35
990,E100990,Jeffrey Jones,Sales,Analyst,clinemiranda@example.com,8073498900,On Leave,2025-03-14,2016-07-05T06:10:41
991,E100991,Andrew Lopez,Finance,Manager,mike77@example.com,(616)735-9244,On Leave,2016-04-29,2023-07-04T00:39:20
992,E100992,Frank Bryant,HR,Analyst,salinaslaura@example.net,498.797.7514,Active,2024-05-05,2016-03-12T23:13:43
993,E100993,Edward Moore Jr.,Logistics,Analyst,veronicadeleon@example.net,460.501.4523,Inactive,2018-01-24,2017-09-11T11:34:11
994,E100994,Brandi Whitehead,Support,Operator,karen79@example.org,001-895-838-4307x184,On Leave,2016-01-13,2016-04-09T11:07:50
995,E100995,Gary Banks,Production,Technician,valdezjeffery@example.org,239-936-0572,Active,2019-04-06,2017-05-07T13:42:17
996,E100996,Ryan Gill,Sales,Clerk,aburns@example.net,(238)365-8263,On Leave,2022-03-30,2017-02-27T09:38:59
997,E100997,Chelsea Levine,Sales,Clerk,alexandrashepherd@example.com,(763)340-5475,Inactive,2021-06-29,2022-09-05T08:31:53
998,E100998,Courtney Pineda,Logistics,Operator,chelsealane@example.net,+1-912-980-9191,Inactive,2016-04-28,2017-03-15T00:52:34
999,E100999,Melissa Lopez,HR,Supervisor,yford@example.org,495.367.8587x661,Inactive,2023-07-02,2024-02-29T08:13:20
1000,E101000,Natalie Chaney,IT,Analyst,lance56@example.com,443.375.9824x813,On Leave,2024-06-09,2016-01-29T23:02:10
1001,E101001,Toni Gilbert,Logistics,Technician,michael44@example.com,535.326.4071x491,On Leave,2016-07-16,2020-05-04T22:25:38
1002,E101002,Nathaniel Thomas,IT,Clerk,brian45@example.com,754-331-2903x826,Active,2018-06-10,2025-10-27T11:40:26
1003,E101003,Cody Aguilar,IT,Operator,mtownsend@example.com,4094511391,On Leave,2018-06-29,2023-04-29T17:40:25
1004,E101004,Wanda Garcia,Finance,Supervisor,kimberly51@example.org,+1-574-322-3185,On Leave,2019-07-12,2018-10-02T17:28:09
1005,E101005,Heather Johnson,HR,Operator,samantha09@example.com,481-948-5436,On Leave,2020-05-16,2024-09-10T14:42:29
1006,E101006,Monica Hoffman,Support,Technician,darrenhardy@example.com,(797)364-2846,Inactive,2018-06-10,2022-09-10T02:48:07
1007,E101007,Michael Ortega,Sales,Supervisor,gina69@example.org,442.390.0391x610,Active,2017-09-04,2017-08-23T11:13:31
1008,E101008,Katherine Evans,Production,Analyst,jennifer78@example.net,+1-973-574-8052x17020,Active,2025-06-13,2024-01-21T15:10:22
1009,E101009,Amy Miller,Sales,Supervisor,tammyhenderson@example.net,881-807-7196x76741,Inactive,2016-09-12,2022-09-24T11:45:34
1010,E101010,George Dunn,HR,Analyst,kristie44@example.net,(645)704-9886,Active,2019-08-13,2024-05-18T22:47:19
1011,E101011,William Adkins,Finance,Analyst,daniel65@example.org,566.473.1552x5417,On Leave,2017-05-05,2017-03-05T20:23:12
1012,E101012,Tristan Farley,IT,Clerk,bholmes@example.com,345.285.6977,Active,2020-10-01,2022-02-01T07:30:16
1013,E101013,Jamie Duke,Logistics,Analyst,ryanhale@example.com,(942)235-9288,On Leave,2016-02-12,2021-06-26T12:59:21
1014,E101014,Bradley Clark,Support,Operator,thomasestes@example.org,686-418-2114x08487,Inactive,2022-11-10,2017-10-09T10:52:17
1015,E101015,Richard Mcdonald,Sales,Technician,caseydaniel@example.org,857.733.2006x1193,Inactive,2018-06-25,2023-10-30T02:52:03
1016,E101016,Veronica Maxwell,Production,Technician,jacksonjennifer@example.org,+1-652-835-8459x6383,Active,2016-11-23,2023-07-02T18:32:07
1017,E101017,Wesley Long,IT,Analyst,stewartmarcus@example.org,696.404.7510,Inactive,2020-05-28,2018-03-04T03:25:14
1018,E101018,Justin Long,Support,Technician,jamesconner@example.com,617.968.5384x9940,Active,2023-09-28,2018-05-08T16:40:35
1019,E101019,Todd Moore,Finance,Manager,oliverdominic@example.com,001-314-900-4640x8798,Active,2019-11-07,2023-03-10T19:02:52
1020,E101020,William Warren,IT,Supervisor,jadkins@example.com,(421)764-2011x808,Active,2020-02-14,2025-05-26T03:15:14
1021,E101021,Emma Miller,Finance,Clerk,curtisdaniel@example.net,(694)463-3381x798,Inactive,2023-04-14,2022-12-26T17:29:08
1022,E101022,Susan Garcia,Sales,Supervisor,yjohnson@example.net,+1-805-733-7019x3639,Active,2016-11-26,2020-04-03T16:58:46
1023,E101023,Stephanie Robinson,Sales,Analyst,russell96@example.net,001-890-954-5219x092,On Leave,2017-12-13,2019-01-06T09:39:58
1024,E101024,Kimberly Monroe,Finance,Supervisor,alex76@example.org,230.973.5460x07974,On Leave,2023-04-09,2024-08-13T23:39:17
1025,E101025,James Green,IT,Supervisor,lawrencemorgan@example.net,834.288.6954,Inactive,2015-12-03,2017-12-21T14:41:36
1026,E101026,Adrian Salazar,Sales,Clerk,xhill@example.org,675-495-9627,Inactive,2019-07-06,2019-10-13T04:03:07
1027,E101027,Matthew Shannon,Logistics,Operator,amyallen@example.org,+1-770-537-5269x6857,Active,2016-12-08,2022-05-08T14:28:28
1028,E101028,Ashley Howell,Finance,Technician,mpierce@example.org,627.366.1639,Inactive,2017-11-19,2023-08-22T10:20:37
1029,E101029,Richard Morgan,Production,Technician,laurencastillo@example.net,353-224-6063,Active,2024-10-16,2021-06-19T21:45:08
1030,E101030,Christopher Schroeder,Finance,Technician,bishopcatherine@example.org,+1-860-307-8949x350,Inactive,2024-02-14,2023-07-19T20:47:51
1031,E101031,Daniel Dixon,Finance,Supervisor,bryantcharles@example.org,486-457-9681x0320,Active,2020-03-29,2015-11-21T20:03:20
1032,E101032,Daniel Moore,IT,Clerk,floreshailey@example.net,643-512-4674x00940,Inactive,2023-06-20,2025-03-05T01:18:07
1033,E101033,Dustin Wilson,HR,Analyst,allison36@example.org,(734)505-1300x57239,Inactive,2019-01-07,2023-07-13T23:51:41
1034,E101034,Ashley Jackson,Logistics,Operator,loriortiz@example.org,(429)596-8175x48144,On Leave,2019-07-28,2021-09-10T03:58:46
1035,E101035,Susan Wade,IT,Supervisor,richard23@example.net,+1-724-774-6879x2718,Active,2017-01-18,2019-10-01T22:00:25
1036,E101036,Daniel Bell,Finance,Technician,mbarron@example.com,+1-808-978-4178,On Leave,2019-08-23,2019-07-04T22:39:04
1037,E101037,Daniel Turner,Finance,Manager,lisa20@example.org,3356210481,Active,2022-12-08,2024-11-01T14:14:28
1038,E101038,Dana Ferguson,Finance,Supervisor,johnlewis@example.com,549.923.5249,Inactive,2017-09-26,2016-08-05T01:32:44
1039,E101039,Ariana Sanders,Logistics,Technician,mary10@example.org,+1-301-364-0403x9762,Active,2024-10-27,2025-04-17T19:32:58
1040,E101040,Louis Hill,IT,Manager,rodriguezdeborah@example.org,699-312-0624,Active,2024-10-26,2021-03-18T02:52:59
1041,E101041,Andrea Strong,Production,Supervisor,qdennis@example.org,309-795-7568x11343,Inactive,2019-08-18,2018-12-19T23:03:26
1042,E101042,Sarah Green,Sales,Supervisor,cassandrakline@example.net,+1-622-935-9634x7262,Inactive,2017-08-10,2019-10-23T17:14:40
1043,E101043,Jennifer Mcclain,Support,Manager,scottkline@example.com,001-230-487-2403x6480,Active,2021-11-16,2020-09-22T06:09:59
1044,E101044,Michael Barrera,Production,Clerk,dcaldwell@example.com,(517)827-7532x912,Active,2021-05-10,2021-06-27T11:58:07
1045,E101045,David Green,IT,Supervisor,adamjones@example.com,+1-503-682-4030x922,Active,2019-04-06,2022-05-29T19:32:48
1046,E101046,Eric Reyes,Support,Clerk,andrewleon@example.net,6662958049,Inactive,2022-06-29,2022-10-03T14:14:11
1047,E101047,Elizabeth Russell,Production,Supervisor,carl71@example.com,+1-692-630-0288x34928,On Leave,2021-06-24,2021-06-01T23:50:54
1048,E101048,Sheri Alvarez,HR,Manager,lisagregory@example.org,+1-203-379-4400,Inactive,2015-11-24,2021-06-08T08:10:34
1049,E101049,William Ray,IT,Technician,dwells@example.org,001-464-896-4422x1696,Active,2025-06-05,2024-02-13T00:07:26
1050,E101050,Jordan Li,Support,Technician,maryporter@example.com,+1-263-757-2231x526,On Leave,2023-08-15,2020-09-12T15:38:35
1051,E101051,Emily Flores,HR,Supervisor,carneyaustin@example.net,(644)275-1245x737,Inactive,2016-10-21,2018-05-02T14:59:17
1052,E101052,Rhonda Walker,Support,Clerk,wyork@example.org,389.761.7832x250,Inactive,2021-12-21,2023-07-15T00:29:43
1053,E101053,Christopher Thomas,Sales,Technician,jacquelinemorales@example.org,575-442-6988,Active,2016-11-11,2025-08-12T01:31:06
1054,E101054,Angela Nelson,HR,Technician,lancelopez@example.net,+1-906-518-4567x2785,Active,2016-03-24,2018-02-11T13:41:49
1055,E101055,Michelle Guerrero,Support,Manager,angela77@example.org,267-333-9092x137,On Leave,2024-09-18,2019-06-14T19:56:21
1056,E101056,Karla Smith,IT,Supervisor,theresakim@example.com,+1-374-734-1881x5765,On Leave,2016-11-14,2018-04-05T01:27:42
1057,E101057,James Green,HR,Analyst,cathy21@example.net,715-617-6386x1890,Active,2015-12-20,2019-08-19T20:37:46
1058,E101058,Chloe Davila,Logistics,Clerk,mitchellrivera@example.net,001-453-297-2056x0064,Active,2018-10-14,2018-04-04T09:22:05
1059,E101059,Laura Lamb,IT,Supervisor,dford@example.com,406-401-1303,Active,2019-06-05,2018-07-21T10:54:36
1060,E101060,Michael Walker,IT,Manager,qle@example.com,365.460.2674,On Leave,2017-03-18,2022-07-26T09:30:09
1061,E101061,Jordan King,Logistics,Analyst,kgillespie@example.org,+1-872-248-4396x099,Inactive,2023-08-21,2025-09-29T22:39:20
1062,E101062,Sean Smith,Support,Operator,gomezanthony@example.com,708-316-5359,On Leave,2022-01-18,2019-04-06T01:31:56
1063,E101063,Brittney Espinoza,HR,Manager,angelavaldez@example.org,824-695-0152x800,Active,2024-10-21,2022-10-18T16:02:15
1064,E101064,Mario Griffin,Production,Clerk,lbauer@example.org,+1-824-269-6492x89638,Inactive,2017-08-04,2018-12-25T04:34:07
1065,E101065,Jamie Bowen,HR,Operator,mariejohnson@example.com,364.524.9442x828,Inactive,2018-06-19,2021-07-29T23:11:28
1066,E101066,Rodney Bennett,Production,Supervisor,washingtonamanda@example.com,(897)821-3690,On Leave,2016-02-29,2018-09-14T11:22:00
1067,E101067,Ms. Crystal Jenkins,IT,Operator,wilsonhenry@example.org,903-941-7609x7137,Inactive,2019-07-09,2024-09-05T20:34:07
1068,E101068,Alex Owens,Production,Analyst,nelsonsara@example.org,+1-386-464-7863x59430,On Leave,2018-01-14,2022-06-07T20:30:50
1069,E101069,Bailey Sanchez,IT,Supervisor,john31@example.net,505.409.8221x6259,On Leave,2018-11-29,2020-07-06T09:23:06
1070,E101070,Richard Meyers,Finance,Operator,cynthia74@example.net,783.441.6232,Inactive,2024-07-05,2024-05-04T02:48:24
1071,E101071,Todd Johnson,IT,Technician,vaughanjason@example.org,860.639.2191x6580,On Leave,2019-06-19,2024-07-19T06:41:12
1072,E101072,Gary Brown,HR,Supervisor,ppowell@example.org,705.283.0976x90463,On Leave,2024-04-22,2023-11-25T03:52:02
1073,E101073,Paul Kelley,Support,Clerk,pamela37@example.com,(633)559-4095x332,On Leave,2019-03-10,2021-05-29T16:36:37
1074,E101074,Jennifer Potter,Logistics,Analyst,michelle33@example.net,690.625.4712x78066,Inactive,2025-03-23,2022-01-17T20:51:40
1075,E101075,Tracy Cochran PhD,Sales,Clerk,krobertson@example.com,001-285-851-2701x1836,Active,2019-09-08,2024-04-16T04:20:05
1076,E101076,Michael Frost,Production,Clerk,matthew56@example.net,615-341-4238x61450,Active,2019-08-29,2025-04-12T20:54:24
1077,E101077,Robert Barton,Sales,Analyst,adamsarthur@example.net,4113905044,Inactive,2022-12-22,2021-01-10T16:11:17
1078,E101078,Kathy Ball,Production,Operator,banksallison@example.org,+1-763-755-1972x6344,Inactive,2022-12-01,2022-03-02T09:30:22
1079,E101079,Caitlin Snyder,IT,Clerk,hannahbridges@example.net,259-272-2050x116,Inactive,2018-03-20,2023-02-12T22:43:43
1080,E101080,Megan Graham,Logistics,Manager,bhumphrey@example.net,992-902-9763,Active,2021-08-23,2021-09-29T10:16:42
1081,E101081,Mary Ramos,Production,Clerk,jennifer19@example.org,(567)811-6253x5229,Active,2018-09-04,2025-08-11T10:36:11
1082,E101082,Kimberly Walsh,Support,Manager,nicoleharmon@example.net,859.437.2751x315,Active,2016-03-25,2023-11-12T18:22:39
1083,E101083,Daniel Warren,Production,Supervisor,thomas78@example.com,507-894-5393x4112,On Leave,2020-12-07,2022-10-03T07:31:58
1084,E101084,Maria Daniels,Sales,Manager,brooksraymond@example.net,(206)547-4055,On Leave,2023-12-06,2021-03-17T08:39:01
1085,E101085,Steven Fitzgerald,Finance,Operator,morristracy@example.org,778-971-2372x873,Active,2022-08-25,2024-08-29T18:57:29
1086,E101086,David Hanson,IT,Manager,jason99@example.net,001-609-354-7177,Inactive,2023-01-10,2024-10-15T14:38:18
1087,E101087,Douglas Ramirez,Production,Technician,vwilson@example.org,+1-260-208-0443x58351,Inactive,2022-12-04,2023-11-08T22:03:59
1088,E101088,Thomas Griffin,Logistics,Supervisor,tjohnson@example.net,653-400-7341x527,On Leave,2017-04-13,2018-03-31T00:29:03
1089,E101089,Danielle Krueger,Logistics,Supervisor,john80@example.org,001-480-887-5374x12600,Active,2023-04-24,2020-05-16T01:36:44
1090,E101090,Paul Cruz,Support,Analyst,david06@example.org,788-778-2028x2536,Inactive,2018-05-17,2018-06-23T13:10:11
1091,E101091,Collin Medina,Production,Technician,hallgrant@example.com,857-916-1954,Active,2018-05-30,2019-01-24T09:37:42
1092,E101092,Paige Ibarra,Finance,Clerk,daniel50@example.com,513-783-5146,Inactive,2020-10-11,2023-09-06T19:55:39
1093,E101093,Joshua Herrera,HR,Analyst,olivia76@example.org,9692348673,Active,2018-12-25,2017-09-07T21:45:47
1094,E101094,Karen Pope,Support,Supervisor,mwilcox@example.org,(241)372-2551x45885,Inactive,2025-01-24,2018-12-04T18:24:54
1095,E101095,Laura Smith,IT,Clerk,smithdaniel@example.org,(539)600-1990x7394,Active,2015-11-04,2019-06-15T00:58:43
1096,E101096,Jessica Smith,IT,Analyst,ehouston@example.net,429.270.3450x588,Inactive,2018-10-02,2020-02-04T21:00:36
1097,E101097,James Cannon,Sales,Operator,courtney39@example.net,001-374-622-5779x83042,Active,2021-04-20,2019-04-29T07:02:24
1098,E101098,Tanya Gonzalez,Logistics,Manager,christopherhiggins@example.org,993-486-8226,Active,2020-01-14,2021-09-06T16:19:43
1099,E101099,Austin Russo,Sales,Operator,robertcampbell@example.com,(629)678-8235x5318,On Leave,2021-01-27,2022-06-24T03:45:10
1100,E101100,Elizabeth Fox,HR,Clerk,philip47@example.org,(688)201-7710x86965,On Leave,2022-07-26,2021-12-31T23:41:17
1101,E101101,Amber Gonzalez,Production,Supervisor,xramsey@example.org,307-571-4210x5435,Active,2023-05-13,2017-07-18T11:39:59
1102,E101102,Michelle Vance,IT,Manager,kgraves@example.org,(791)708-0778,Inactive,2017-04-17,2018-10-21T01:14:12
1103,E101103,Megan Hernandez,Logistics,Manager,lhamilton@example.com,8386347862,Active,2023-01-06,2017-04-07T12:33:06
1104,E101104,Barbara Pearson,IT,Operator,jonesrobert@example.com,3353090786,Inactive,2020-03-04,2016-03-16T19:50:29
1105,E101105,Jessica Smith,Support,Supervisor,susan70@example.org,626.937.4646x22507,Inactive,2023-03-30,2018-09-11T03:28:22
1106,E101106,Joshua Andrews,HR,Operator,sherridaniels@example.org,001-359-430-1684x9707,On Leave,2021-12-26,2024-01-23T17:42:54
1107,E101107,Brian Jones,Finance,Supervisor,melody03@example.com,(287)356-7311,Active,2023-10-01,2022-05-17T08:48:12
1108,E101108,Thomas White,Production,Technician,maldonadowendy@example.org,(540)698-5691x039,Inactive,2025-05-09,2017-11-29T16:05:41
1109,E101109,David Collins,Sales,Operator,jason93@example.org,+1-974-322-1659x8115,Active,2019-03-18,2022-06-03T23:22:35
1110,E101110,Jill Irwin,Production,Supervisor,john79@example.org,+1-306-939-6824,Active,2019-01-01,2024-03-21T23:19:55
1111,E101111,Barry Becker,IT,Manager,markryan@example.org,321-612-1828x829,Inactive,2021-10-14,2021-02-14T13:22:46
1112,E101112,Julie Newman,HR,Operator,samantha43@example.org,(612)659-5432,Active,2019-07-01,2018-12-17T09:21:10
1113,E101113,William Robertson,Support,Supervisor,montoyamark@example.org,+1-998-494-0816,On Leave,2019-12-27,2019-06-24T08:18:23
1114,E101114,David Garcia,IT,Supervisor,marshallwilliam@example.org,634-835-6794x15409,On Leave,2017-06-17,2023-05-26T11:36:11
1115,E101115,Francis Gonzalez,Logistics,Technician,cpeters@example.org,371.451.3006x34096,On Leave,2025-10-29,2025-08-04T12:15:43
1116,E101116,Robert Sutton,IT,Technician,kathrynhughes@example.net,001-715-279-7764x23788,Active,2023-07-17,2025-06-03T18:14:45
1117,E101117,Margaret Howe,Support,Operator,kbrooks@example.org,001-303-435-0123x29001,On Leave,2020-05-14,2019-11-07T08:33:23
1118,E101118,Mark Gomez,Logistics,Technician,donglenn@example.org,001-851-710-8809x89506,Inactive,2019-09-09,2021-08-27T23:28:21
1119,E101119,Brandon Nelson,Support,Manager,johnsonjennifer@example.com,+1-952-286-0689x21744,On Leave,2024-01-07,2020-02-12T22:36:57
1120,E101120,Molly Thompson,Sales,Operator,catherine94@example.net,+1-889-676-3916x007,Active,2017-03-28,2022-12-14T01:41:13
1121,E101121,Justin Johnson,Production,Clerk,baileysara@example.com,7635541678,Active,2016-04-12,2020-07-18T17:39:48
1122,E101122,James Strickland,Logistics,Clerk,deanna81@example.net,+1-463-924-3350x8511,Active,2020-04-03,2024-07-21T00:56:50
1123,E101123,Michelle Reyes,Support,Operator,nmcgee@example.net,(420)356-6059x993,On Leave,2025-08-21,2023-09-12T14:22:59
1124,E101124,Jennifer Rowland,HR,Supervisor,teresaschmidt@example.com,(390)228-7619x76813,Inactive,2018-01-18,2016-07-05T03:19:26
1125,E101125,Michelle Johnson,Sales,Clerk,marycook@example.net,4037190857,On Leave,2024-09-29,2020-06-13T14:21:31
1126,E101126,Cathy Hunt,Finance,Operator,zkelly@example.org,374.386.0256x378,Active,2022-06-09,2016-09-28T03:50:21
1127,E101127,Jessica Bond,Production,Clerk,georgemason@example.com,001-877-397-4840x85228,Inactive,2024-10-25,2017-12-21T09:49:04
1128,E101128,Jason Carey,Support,Operator,bennetttimothy@example.net,(399)967-2824,Active,2024-05-13,2022-09-08T15:09:12
1129,E101129,Amanda Jackson,IT,Analyst,mdixon@example.org,398-967-2419x54157,On Leave,2023-04-03,2018-09-26T09:30:40
1130,E101130,James Massey,HR,Operator,michaelpatterson@example.com,751-546-5998x31430,Active,2018-07-12,2017-08-02T20:47:09
1131,E101131,Shelly Young,IT,Operator,yolanda30@example.com,+1-386-954-8338x80671,Active,2020-09-04,2018-10-15T20:39:24
1132,E101132,Bradley Garrison,Logistics,Clerk,vhanson@example.com,+1-866-371-7524x09758,Active,2020-01-11,2025-06-05T13:14:50
1133,E101133,Timothy Green,Production,Clerk,lori00@example.com,618-550-0603x0798,Active,2022-03-29,2019-10-18T12:14:34
1134,E101134,Kelsey Miller,Finance,Clerk,gflores@example.com,+1-534-904-8693x841,Active,2016-02-12,2023-05-14T10:36:31
1135,E101135,Alyssa Lin,Support,Operator,loricannon@example.org,311-982-6060x682,Active,2023-05-04,2022-12-23T08:55:27
1136,E101136,Timothy Ross,Finance,Analyst,ayalamatthew@example.com,820-250-0800x0182,Active,2022-08-18,2018-12-27T05:27:54
1137,E101137,Bruce Gilbert,Support,Supervisor,moodymarissa@example.net,609.709.0423x2663,On Leave,2022-08-28,2021-02-02T06:34:55
1138,E101138,Mark Baker,Finance,Manager,warnerbrittany@example.com,(759)422-0213,Active,2016-04-11,2023-11-16T14:19:59
1139,E101139,Stephanie Lynn,Sales,Clerk,matthewrobinson@example.com,(818)437-0157x74416,Inactive,2017-10-29,2020-09-16T12:37:58
1140,E101140,Monica Robertson,Production,Supervisor,timothy16@example.net,001-393-761-7568x26814,Active,2021-06-03,2016-05-04T15:14:51
1141,E101141,Madison Rogers,Support,Supervisor,ssmith@example.net,3174337591,Active,2024-10-20,2022-12-31T03:46:43
1142,E101142,Crystal Gill,Support,Technician,cherylmurphy@example.org,660-416-1995,On Leave,2021-09-30,2020-02-01T07:42:21
1143,E101143,Chad Ward,IT,Operator,tsmith@example.org,2652999544,On Leave,2025-10-18,2025-09-27T08:19:57
1144,E101144,Larry Pena,IT,Operator,lisanewman@example.com,001-463-708-3977,On Leave,2017-10-07,2025-01-20T15:46:08
1145,E101145,Crystal Castro,Finance,Supervisor,john91@example.org,(763)698-6493,On Leave,2020-03-23,2024-02-05T07:35:42
1146,E101146,Gerald Flores,Production,Analyst,james82@example.org,740.991.7089,Inactive,2021-01-10,2019-06-15T22:46:26
1147,E101147,Brianna Crawford MD,Finance,Manager,scottcarpenter@example.net,368.607.9810x513,Inactive,2023-04-08,2025-09-30T01:33:45
1148,E101148,Lauren Weber,Support,Technician,tiffanymason@example.net,+1-634-358-7236x36285,On Leave,2017-08-20,2020-03-24T06:41:51
1149,E101149,Katelyn Rice,IT,Manager,iwalker@example.com,+1-380-750-7451,Inactive,2018-11-12,2020-10-29T19:46:55
1150,E101150,Benjamin Rose,HR,Technician,zadkins@example.org,+1-400-830-0352x7517,Inactive,2019-08-11,2018-01-11T22:23:39
1151,E101151,Eric Pittman,Support,Analyst,shumphrey@example.net,760.402.9845,On Leave,2024-05-30,2017-01-15T15:22:34
1152,E101152,Jamie Garcia,Sales,Clerk,maryharrison@example.org,+1-991-438-8721,Inactive,2025-01-16,2020-01-05T13:24:26
1153,E101153,Jeffrey James,Production,Operator,kimberly87@example.net,293-917-3322x0624,Inactive,2018-07-25,2023-08-09T13:33:28
1154,E101154,George Hicks,Sales,Manager,patrick32@example.net,743.242.0502x4090,Inactive,2025-05-07,2019-06-05T01:31:06
1155,E101155,Tiffany Mitchell,Finance,Technician,gonzalezmartha@example.org,(709)326-9252x617,Inactive,2022-01-26,2020-03-08T11:57:26
1156,E101156,Timothy Curtis,Sales,Operator,sarahhunter@example.org,4215361399,On Leave,2018-06-21,2019-07-09T09:09:27
1157,E101157,Kathy Wallace,IT,Operator,tina45@example.org,(227)960-7866,Active,2022-09-12,2020-10-13T04:40:27
1158,E101158,Michael Gill,IT,Operator,fjohnson@example.org,759.392.3312,Active,2017-05-06,2024-06-25T05:33:34
1159,E101159,Nancy Mata,HR,Technician,reeddavid@example.org,626-825-7489,Inactive,2022-09-01,2024-03-31T03:50:22
1160,E101160,Mike Peterson,HR,Operator,shannon19@example.com,742.354.8250,Active,2017-03-09,2021-12-20T08:58:06
1161,E101161,Kenneth Baker,Production,Technician,michelle04@example.com,(434)825-4228x803,Active,2015-11-19,2018-09-24T13:32:50
1162,E101162,Maria Miles,Production,Clerk,kim05@example.com,+1-968-873-3520x188,On Leave,2017-05-13,2017-04-15T04:41:14
1163,E101163,Stephen Griffin,HR,Technician,cdudley@example.org,366.953.5818x98579,On Leave,2018-07-12,2017-03-17T07:06:41
1164,E101164,James Herrera,Production,Analyst,angelagibbs@example.com,951-509-3466,Inactive,2016-08-31,2024-06-13T20:26:51
1165,E101165,Teresa Green,Finance,Supervisor,ricegerald@example.com,001-327-346-0011x15663,Inactive,2016-04-13,2024-07-05T07:42:08
1166,E101166,Jacob Bryant,Finance,Manager,michellejennings@example.org,612.840.1476x69648,Inactive,2017-04-25,2021-06-25T13:12:53
1167,E101167,Alyssa Evans,HR,Analyst,samanthanoble@example.net,973-704-3113,Inactive,2015-12-16,2025-06-08T05:12:15
1168,E101168,Mark Gross,Production,Technician,branchjeremiah@example.net,(699)271-7772x166,Active,2017-03-06,2022-06-15T08:47:26
1169,E101169,Erica Peterson,Finance,Clerk,michael79@example.com,(780)889-3725,Active,2017-08-26,2022-07-03T06:36:02
1170,E101170,Linda Wilcox,Production,Manager,melissasantiago@example.org,848-610-2703,Active,2022-09-24,2021-11-01T06:46:09
1171,E101171,Karen Jones DDS,Production,Technician,warddonald@example.com,(937)254-3547,Active,2017-11-10,2021-04-08T14:54:44
1172,E101172,Robert Smith,Support,Clerk,amanda99@example.org,388-639-7847x91665,Inactive,2020-12-17,2020-03-29T17:48:36
1173,E101173,Scott Perez,IT,Clerk,davidbaker@example.net,+1-891-742-7425x8915,On Leave,2020-12-07,2021-06-19T08:28:17
1174,E101174,Kimberly Brock,Support,Technician,stephenlopez@example.com,368-793-9424,On Leave,2016-02-22,2020-10-07T00:49:34
1175,E101175,Sharon Smith,HR,Supervisor,fosteralexander@example.net,001-276-424-0828x330,Inactive,2023-10-23,2019-07-23T09:40:25
1176,E101176,Frank Grant,Sales,Technician,meghansnyder@example.org,001-967-521-8257x157,Active,2017-12-05,2024-01-04T03:36:57
1177,E101177,Ricky Perez,Logistics,Analyst,yryan@example.net,+1-403-561-8439x682,Active,2019-05-14,2022-11-04T12:41:52
1178,E101178,Laurie Alexander,Finance,Operator,nkelley@example.org,8309564415,On Leave,2021-01-16,2024-09-14T06:03:38
1179,E101179,Robert Chavez,Support,Clerk,rosevega@example.org,+1-439-202-1573,Active,2024-12-04,2019-05-25T03:36:58
1180,E101180,Sylvia Dickerson,Production,Clerk,jpark@example.net,394.873.1109x8204,On Leave,2017-06-16,2016-12-02T03:56:39
1181,E101181,Jeffrey Thompson,HR,Operator,timothy01@example.com,+1-896-571-9652,On Leave,2015-12-29,2018-08-28T03:08:23
1182,E101182,Jennifer Bright,IT,Supervisor,moodydillon@example.net,539.996.6629x091,On Leave,2020-08-17,2016-12-25T01:25:28
1183,E101183,Kimberly Clark,HR,Manager,douglasmichael@example.com,435.608.2204x7301,On Leave,2025-08-18,2016-04-23T03:41:54
1184,E101184,Diana Hicks,Sales,Operator,joshuamelton@example.org,+1-935-567-2071x9014,Inactive,2020-07-17,2018-03-20T08:57:10
1185,E101185,Timothy Thompson,IT,Analyst,amanda09@example.org,+1-815-917-4898x62206,Inactive,2019-12-31,2022-10-25T11:36:24
1186,E101186,Cynthia Ferguson MD,IT,Clerk,frank59@example.net,001-620-929-0166x51517,Inactive,2023-05-04,2018-07-20T23:05:04
1187,E101187,Douglas Odom,IT,Analyst,along@example.com,898.246.5033x504,On Leave,2017-07-29,2021-04-18T05:37:05
1188,E101188,Joan Nixon,HR,Operator,benjamin60@example.org,8755856939,Inactive,2018-01-31,2018-10-14T14:12:02
1189,E101189,Tonya Franklin,IT,Technician,heather63@example.net,833-399-7123x630,Inactive,2019-08-22,2023-05-29T11:57:55
1190,E101190,Mary Owens,Production,Manager,sanderschristina@example.com,+1-501-687-1669,On Leave,2017-04-30,2016-10-08T13:36:38
1191,E101191,Thomas Reyes,IT,Operator,josephmaddox@example.com,(307)584-2717,On Leave,2023-04-22,2021-09-02T03:50:26
1192,E101192,Jennifer Torres,Logistics,Analyst,vbryan@example.org,236-948-9361x759,Active,2016-01-22,2016-11-07T07:10:29
1193,E101193,Jackie Frost,Logistics,Operator,angelaglenn@example.com,2254334411,On Leave,2018-10-21,2016-05-28T09:12:09
1194,E101194,Justin Jones,Logistics,Supervisor,chenashley@example.org,(489)837-0997,Inactive,2019-12-31,2019-12-09T10:00:41
1195,E101195,Craig Compton,Production,Manager,wintersalexander@example.org,(885)421-2400,Active,2018-01-20,2020-06-10T09:47:59
1196,E101196,Tyler Newton,Finance,Operator,zwilliams@example.com,001-488-224-7690,Active,2018-10-23,2023-09-22T21:37:23
1197,E101197,Michael Perkins,HR,Operator,priscilla08@example.org,9264927829,Inactive,2021-06-22,2019-06-24T01:02:08
1198,E101198,Chelsea Santana,HR,Clerk,leslie74@example.org,826-684-9085,On Leave,2019-03-18,2018-04-07T04:59:28
1199,E101199,Jennifer Zuniga,IT,Clerk,davidtravis@example.net,782.979.0654,On Leave,2019-11-19,2020-04-27T17:41:59
1200,E101200,Natalie Nelson,HR,Technician,marytaylor@example.com,(516)625-2308x1973,On Leave,2020-12-03,2021-07-04T07:21:03
1201,E101201,Adrian Kelly,Logistics,Supervisor,joshuadouglas@example.org,(526)373-8890x761,Inactive,2025-02-28,2023-12-04T14:56:51
1202,E101202,Crystal Moody,Production,Technician,kelly00@example.org,(702)367-8869,Active,2018-07-05,2023-12-16T21:05:43
1203,E101203,Sheila Anthony,Finance,Manager,kjohnson@example.com,503.282.0000,Active,2017-05-09,2017-09-12T20:02:20
1204,E101204,Anthony Bradley,Logistics,Analyst,lorimercado@example.org,001-403-888-7815x14178,Inactive,2022-01-29,2020-09-10T22:28:49
1205,E101205,Rebecca Salas,HR,Clerk,sthompson@example.org,+1-755-653-8709x791,Inactive,2018-07-16,2018-10-25T10:06:54
1206,E101206,Natasha Williams,Logistics,Manager,sonyaerickson@example.org,415.687.5449x6324,Active,2022-07-02,2022-09-23T13:32:21
1207,E101207,John George,Finance,Technician,eric09@example.org,9142310160,Active,2023-03-01,2023-08-26T06:44:02
1208,E101208,Dawn Sanchez,Sales,Manager,joshuarush@example.net,550.780.5423,On Leave,2024-05-04,2020-08-29T15:11:19
1209,E101209,Bryan Pierce,IT,Manager,christensensharon@example.com,(288)715-1473,Active,2019-08-22,2023-09-27T07:12:16
1210,E101210,Marissa Reid,Support,Technician,higginsdonna@example.com,428.876.8418x1628,Inactive,2017-10-17,2019-03-22T08:21:48
1211,E101211,Brenda Young,Support,Manager,elizabeth91@example.com,+1-639-859-3295x44055,Active,2019-11-09,2018-03-22T22:14:35
1212,E101212,Christopher Smith,HR,Supervisor,vparsons@example.org,(886)410-8447x60779,Active,2024-09-10,2022-11-16T01:29:46
1213,E101213,Mr. David Wilcox DDS,Sales,Clerk,lori25@example.net,704.596.2525x58031,On Leave,2021-07-15,2019-07-02T23:03:47
1214,E101214,Nicholas Jones,HR,Analyst,melanie14@example.net,957.551.7431x92621,Active,2017-08-12,2020-12-01T05:43:41
1215,E101215,Christopher Santos,Logistics,Operator,jacob86@example.net,(901)694-6116x0810,On Leave,2021-07-25,2018-07-21T13:46:17
1216,E101216,Mark Gardner,Logistics,Analyst,wwilson@example.net,708-655-1108x03061,Active,2023-12-22,2017-06-06T09:00:46
1217,E101217,Francisco Medina,IT,Analyst,wrightsteven@example.org,001-211-894-2710x03666,Active,2019-05-28,2018-06-04T06:09:33
1218,E101218,Nicole Harvey,Sales,Clerk,juarezbrandy@example.net,+1-456-906-9559x91524,On Leave,2021-03-03,2016-11-02T21:14:33
1219,E101219,Ashley Ballard,Support,Operator,rogerspatricia@example.net,(644)731-6230x0300,On Leave,2018-09-26,2016-07-28T13:42:11
1220,E101220,Caitlin Edwards,Production,Supervisor,vhunt@example.net,+1-683-611-4963x86768,On Leave,2020-07-02,2016-12-16T16:57:05
1221,E101221,Tammy Rodriguez,IT,Technician,webbbrett@example.org,(517)489-4260,Active,2016-01-30,2015-12-17T01:38:34
1222,E101222,Stephanie Bates,Logistics,Supervisor,mooremonique@example.com,325-294-2839x8112,Active,2021-07-17,2024-03-22T13:32:58
1223,E101223,Stephanie Miller,IT,Supervisor,emily23@example.com,3259673229,On Leave,2017-08-05,2018-08-18T23:55:13
1224,E101224,Cody Suarez,Logistics,Clerk,maria40@example.net,643.268.8691,Inactive,2019-06-29,2016-04-22T23:50:54
1225,E101225,Jason Heath,IT,Technician,mmcdaniel@example.org,001-509-603-8755x6761,Inactive,2018-12-07,2025-04-21T16:51:20
1226,E101226,Corey Hill,Logistics,Clerk,joe04@example.com,742-672-0513,Inactive,2017-07-02,2020-10-13T15:40:12
1227,E101227,Ashley Coleman,HR,Operator,schneiderchristopher@example.org,442.756.1962x32686,On Leave,2017-05-10,2019-02-12T16:35:33
1228,E101228,Charles Foster,IT,Analyst,kellymichael@example.org,948.631.0344x69430,Active,2024-05-17,2018-10-19T13:20:57
1229,E101229,Samuel Wells,Production,Operator,jshaw@example.com,288.890.1226x99519,On Leave,2018-09-22,2021-01-05T23:40:18
1230,E101230,Alexander Thompson,Production,Operator,weissbenjamin@example.net,371-528-7533x48080,Active,2023-04-11,2016-10-17T18:12:16
1231,E101231,Elizabeth Elliott,HR,Manager,ygreen@example.org,242-654-8271,Active,2021-04-09,2023-08-20T10:41:52
1232,E101232,Lauren Jackson,IT,Analyst,jmoore@example.net,270-772-1769x9959,On Leave,2019-09-05,2016-08-13T07:26:36
1233,E101233,Robert Hammond,HR,Technician,daychelsea@example.com,2639959070,Inactive,2020-09-20,2016-11-20T16:07:30
1234,E101234,David Carroll,Sales,Clerk,hrobinson@example.org,001-390-693-3186x83985,On Leave,2022-05-12,2019-12-24T21:27:10
1235,E101235,Jamie Cortez,Support,Technician,ehall@example.net,+1-590-409-1807,On Leave,2017-06-12,2024-09-01T15:02:58
1236,E101236,Patricia Kelly,Sales,Technician,dawn19@example.com,001-734-286-0717x754,On Leave,2024-01-29,2022-01-06T23:36:02
1237,E101237,Jennifer Barrett,IT,Analyst,phillipstracy@example.net,001-900-913-8859,Active,2017-01-19,2025-09-06T01:18:55
1238,E101238,Stephanie Wright,IT,Operator,calebcompton@example.org,001-559-446-6961x4797,Active,2022-06-29,2020-05-17T06:17:23
1239,E101239,Courtney Wright,Production,Supervisor,stephanie95@example.net,500-354-5304x214,On Leave,2022-12-15,2022-10-23T05:47:58
1240,E101240,Justin Wheeler,Production,Analyst,andrew64@example.org,(598)416-8783,Active,2022-04-18,2018-07-11T20:18:14
1241,E101241,Alexander Lambert,Logistics,Clerk,william47@example.org,001-515-851-5219,Inactive,2018-03-31,2019-06-23T21:01:59
1242,E101242,Alyssa Miller,Production,Technician,zthomas@example.org,461.224.2044x1568,Active,2023-11-10,2018-06-19T21:49:45
1243,E101243,Dr. Keith Reid,HR,Manager,ashley94@example.net,4185989266,On Leave,2022-04-27,2023-06-29T08:59:46
1244,E101244,Jonathon Perry,Logistics,Analyst,cholder@example.org,(529)757-0349,Inactive,2022-03-20,2019-06-13T00:50:37
1245,E101245,John Brown,Support,Supervisor,mlong@example.net,668.891.9520,Inactive,2019-12-31,2020-09-04T20:32:44
1246,E101246,John Garcia PhD,Logistics,Operator,ogolden@example.org,541-690-1280x2914,On Leave,2018-04-24,2016-10-03T21:16:51
1247,E101247,Deanna Brown,Logistics,Clerk,michael72@example.org,(965)722-7192x680,Inactive,2016-06-09,2016-10-02T06:45:50
1248,E101248,Jasmine Smith,Support,Operator,patriciazamora@example.net,001-380-969-7338x287,On Leave,2018-05-27,2019-03-12T13:41:39
1249,E101249,Tracy Costa,Finance,Manager,kellymelissa@example.org,(299)628-7100x23977,Active,2019-08-06,2016-12-22T21:54:59
1250,E101250,Henry Schroeder,Finance,Operator,bryan38@example.net,332.389.9710x57549,Active,2017-02-13,2024-12-07T03:44:49
1251,E101251,Justin Ortiz,Logistics,Technician,ramseyamy@example.net,+1-691-212-8147x1438,Inactive,2017-08-29,2017-05-16T17:50:32
1252,E101252,Mark Johnson,Production,Operator,jamespeterson@example.com,001-800-470-5530,Inactive,2024-03-13,2023-06-10T10:27:52
1253,E101253,Ms. Lauren Jenkins,IT,Technician,brianwallace@example.com,(760)594-9274,Active,2023-10-30,2022-02-26T23:38:03
1254,E101254,Jennifer Wilcox,HR,Manager,randyschaefer@example.org,001-569-228-0417x958,Active,2019-11-14,2019-08-29T15:55:14
1255,E101255,Alexander Lewis,Sales,Supervisor,clong@example.org,555.303.8471x06897,Active,2023-10-19,2020-01-19T18:03:47
1256,E101256,Roy Dickerson,Finance,Manager,johnmiller@example.net,509-245-9751,On Leave,2017-09-09,2018-08-28T08:53:43
1257,E101257,Jonathan Johnson,HR,Analyst,bennetttanya@example.net,910-950-2725,Inactive,2018-10-08,2023-03-19T22:12:31
1258,E101258,Larry Schmidt,Production,Clerk,kimberly61@example.net,(573)658-5824,Active,2024-10-10,2018-06-09T21:09:00
1259,E101259,Thomas Smith,Finance,Manager,seth23@example.com,(439)616-1350,Active,2024-11-27,2021-09-06T10:00:10
1260,E101260,Stefanie Casey,Sales,Technician,matthewmyers@example.com,001-408-280-6357x298,Active,2021-09-17,2021-01-11T05:27:53
1261,E101261,John Villarreal,HR,Technician,victoriathompson@example.org,(771)264-3169,On Leave,2016-11-11,2022-10-28T04:43:20
1262,E101262,Angela Cohen,Support,Technician,kjohnson@example.net,9124212584,On Leave,2019-11-10,2024-09-29T17:27:48
1263,E101263,Eric Boyer,Production,Clerk,william36@example.net,902.625.0913x57813,Active,2018-12-04,2017-08-22T23:26:11
1264,E101264,Blake Christensen,HR,Manager,bradleynicholas@example.org,4468059899,Active,2017-11-13,2017-09-19T06:28:01
1265,E101265,Edward Roberts,Sales,Operator,amanning@example.net,001-814-394-3405x013,On Leave,2021-01-14,2022-02-23T04:38:30
1266,E101266,Ernest Scott,Sales,Supervisor,gary55@example.net,+1-372-295-5055x241,On Leave,2024-09-03,2024-02-13T05:13:27
1267,E101267,Anita Torres,Finance,Analyst,geraldfrederick@example.net,646.562.9725,On Leave,2021-11-03,2020-07-04T22:41:42
1268,E101268,Michelle Vargas,Support,Technician,nlopez@example.com,455.800.2309x72967,Active,2022-04-12,2017-03-10T01:31:07
1269,E101269,Breanna Hunt,Sales,Clerk,adamsrobert@example.org,001-343-541-0230,Active,2016-09-13,2017-09-18T03:04:13
1270,E101270,Dana Price,Production,Technician,johnryan@example.com,549.366.6867x34815,Active,2018-12-12,2018-09-14T03:41:05
1271,E101271,Angela Smith,Logistics,Manager,hollytownsend@example.com,6566904364,Active,2022-04-24,2020-04-07T17:55:31
1272,E101272,Matthew Baldwin,Production,Clerk,jenkinsalexis@example.net,+1-305-230-3261x5187,Active,2020-03-18,2016-03-04T22:45:49
1273,E101273,Elizabeth Spears,IT,Clerk,kathleen63@example.net,001-689-622-8401,Active,2024-02-03,2025-07-23T16:00:06
1274,E101274,Matthew Barrett,Production,Technician,oblanchard@example.com,205.841.6318x92750,Inactive,2025-06-17,2018-07-15T22:32:00
1275,E101275,Colton Pena,HR,Operator,finleysamantha@example.net,(574)981-7989x03303,Active,2021-12-02,2024-07-13T01:32:01
1276,E101276,Daniel Smith,Logistics,Clerk,francochristopher@example.org,+1-394-249-5718x134,Active,2018-12-22,2016-04-19T18:03:13
1277,E101277,Steven Bradley,Logistics,Supervisor,jason10@example.com,407.969.6702x5891,Inactive,2017-08-15,2023-11-02T16:08:07
1278,E101278,Dr. Christopher Ryan,Sales,Operator,jennifer78@example.org,8525894168,On Leave,2017-02-01,2024-05-08T18:33:16
1279,E101279,Heather Martinez,Logistics,Operator,robert67@example.net,790.554.1166x911,Active,2020-09-28,2016-03-11T07:57:49
1280,E101280,Veronica Stewart,HR,Manager,dominic99@example.com,+1-496-397-6869x90078,Inactive,2022-08-24,2016-01-15T11:38:26
1281,E101281,Phillip Crawford,Finance,Manager,cnelson@example.com,001-570-338-3410,Active,2017-07-20,2017-01-27T15:10:02
1282,E101282,John Walsh,Logistics,Technician,ibrown@example.org,7788490824,On Leave,2016-01-26,2020-10-07T00:59:24
1283,E101283,Tammie Johnson,Sales,Analyst,tinahernandez@example.org,393.554.0357,On Leave,2019-03-18,2025-05-14T03:03:01
1284,E101284,Terry Tucker,IT,Manager,iarnold@example.org,+1-865-873-5154x960,On Leave,2016-11-20,2023-06-15T21:37:21
1285,E101285,Jessica Adams,Support,Analyst,thomasjason@example.net,001-968-234-8549x7515,Active,2016-04-04,2021-03-05T09:36:38
1286,E101286,Crystal Henderson,Sales,Supervisor,zfields@example.org,(930)517-9821x09592,Inactive,2019-10-22,2018-11-23T15:05:34
1287,E101287,Lori Graves,Production,Clerk,patriciaflores@example.org,(410)565-1513x82226,Inactive,2022-04-13,2021-08-11T15:44:29
1288,E101288,Crystal Hill,Finance,Operator,vmathis@example.org,3485825267,Active,2024-06-09,2024-05-12T13:14:17
1289,E101289,Henry Morales,Finance,Analyst,nancy94@example.net,818.882.9917x807,On Leave,2017-07-08,2022-01-02T17:30:20
1290,E101290,Michael Mclaughlin,Sales,Clerk,hgarcia@example.com,2013365122,Inactive,2023-01-01,2019-04-12T16:51:49
1291,E101291,James Garcia,HR,Clerk,ccollins@example.org,+1-759-585-6842x12289,Active,2021-04-20,2020-02-12T05:07:34
1292,E101292,Debbie Johnson,Sales,Operator,guy73@example.com,525.215.3104,Inactive,2025-01-21,2016-04-26T05:26:08
1293,E101293,Daniel Johnson,Finance,Clerk,jacksonchelsea@example.com,754.376.9171x359,Inactive,2024-06-20,2020-08-06T12:21:53
1294,E101294,Samantha Benson,Support,Manager,thernandez@example.com,627-319-9272,Active,2025-01-07,2024-02-13T01:54:31
1295,E101295,Christina Allen,Production,Analyst,briancox@example.net,+1-976-813-5522x022,On Leave,2017-07-11,2024-03-04T09:58:49
1296,E101296,Melvin Johnson,IT,Clerk,amandaarnold@example.net,817-529-4889x83311,On Leave,2022-01-01,2020-12-24T17:31:55
1297,E101297,Charles Nguyen,Support,Technician,bhartman@example.net,(705)264-3290x0889,Inactive,2025-08-16,2017-01-05T18:20:35
1298,E101298,Michael Porter,Finance,Manager,aaron63@example.net,(522)398-2250x53865,Inactive,2018-01-13,2019-03-03T17:15:48
1299,E101299,Derek Holt,Production,Operator,vickiarmstrong@example.org,444.946.2042x45797,Inactive,2019-02-08,2017-04-28T23:55:31
1300,E101300,Stephanie Castaneda,Finance,Operator,margaretmiller@example.net,408.229.3807x43857,Active,2019-10-18,2018-02-24T09:39:53
1301,E101301,Mary Cook DVM,Production,Clerk,nicole67@example.org,001-737-961-0727x7876,On Leave,2019-11-01,2018-06-03T00:47:33
1302,E101302,Alexander Alvarado,IT,Operator,baileyolivia@example.net,819-425-0583,Inactive,2021-06-08,2016-12-11T02:04:48
1303,E101303,Anthony Hernandez,Logistics,Technician,diana52@example.com,546.993.4432x228,Active,2018-09-27,2017-02-06T19:26:33
1304,E101304,Aimee Chambers,IT,Analyst,jacobpatton@example.com,484-400-0453x4446,Inactive,2024-05-04,2018-02-08T12:11:27
1305,E101305,Katherine Washington,HR,Operator,kerri34@example.com,420.748.4437x628,Inactive,2022-02-02,2025-07-22T22:26:45
1306,E101306,Rebecca Roberts,Production,Operator,julieyu@example.com,001-665-359-8769,Inactive,2019-11-18,2016-04-04T09:01:28
1307,E101307,Robert Becker,Support,Supervisor,bdavis@example.org,459.616.9318,Active,2020-07-16,2022-06-02T01:53:32
1308,E101308,Lauren Anthony,Sales,Supervisor,ykhan@example.net,+1-256-860-2076x24513,Active,2017-09-27,2018-03-26T22:25:08
1309,E101309,Darius Mann,Production,Operator,makayla94@example.net,218-744-2654x9537,On Leave,2023-11-08,2021-10-25T19:33:21
1310,E101310,Edward Rivera,IT,Operator,mparker@example.org,302-322-9518x58976,On Leave,2022-04-20,2021-03-16T18:25:14
1311,E101311,Ronald Horton,Sales,Clerk,collinsbryan@example.net,869.291.5748x004,Inactive,2024-10-07,2016-01-24T07:04:42
1312,E101312,Brittney Fuentes,Production,Clerk,eugeneberry@example.net,+1-434-427-4978x475,Active,2024-05-30,2016-12-02T21:23:55
1313,E101313,Billy Sullivan,Sales,Supervisor,christina37@example.org,001-895-220-4301,On Leave,2020-09-28,2018-03-17T07:25:12
1314,E101314,Shannon Goodman,Support,Supervisor,mwood@example.net,001-772-298-4685x85760,Active,2021-04-25,2023-11-02T15:58:04
1315,E101315,Philip Johnston,HR,Clerk,jennifer92@example.net,+1-418-381-9405x48465,Active,2024-12-03,2025-10-17T17:22:23
1316,E101316,Heather Williams DDS,Logistics,Supervisor,brentcruz@example.net,(605)442-6024,On Leave,2017-11-20,2017-06-03T17:33:57
1317,E101317,Mr. Stephen Campbell,Finance,Supervisor,cmoore@example.com,368.548.5070,Inactive,2020-12-24,2018-03-16T05:12:15
1318,E101318,Crystal Swanson,Production,Supervisor,hillveronica@example.net,2574106208,Active,2015-11-20,2017-10-07T03:32:06
1319,E101319,Stephanie Scott,IT,Operator,stephaniehicks@example.net,(304)796-0225x09201,On Leave,2021-07-20,2018-08-15T12:47:21
1320,E101320,John Black,Production,Clerk,tracyanderson@example.com,225-692-7976,On Leave,2016-08-10,2018-12-10T02:48:31
1321,E101321,Joseph Vazquez,Sales,Manager,kimberlysparks@example.org,2845952540,Inactive,2022-01-13,2017-09-30T04:27:10
1322,E101322,Monica Hicks,Logistics,Manager,joshuastewart@example.com,894-378-9792x6911,Active,2022-10-27,2020-03-25T06:19:23
1323,E101323,James Burton,Support,Analyst,ryanwalker@example.net,001-718-682-9787x6824,Active,2024-06-13,2021-04-05T10:37:27
1324,E101324,Jeffrey White,Support,Manager,cwalker@example.com,584-352-4054x1683,Active,2020-05-07,2018-11-11T19:08:15
1325,E101325,Mitchell Parker,Sales,Technician,dianamarsh@example.org,427.905.5440,Active,2020-11-13,2017-06-05T14:29:06
1326,E101326,Pamela Wright,Sales,Manager,virginiamullen@example.net,889-920-7904x26613,Inactive,2022-11-29,2019-02-18T22:25:20
1327,E101327,Steven Cox,Logistics,Technician,gabriella29@example.com,703.812.0132x79685,Inactive,2021-04-26,2018-07-06T04:13:34
1328,E101328,Brandon Mclean,Production,Supervisor,smithvincent@example.org,393-690-3064x16702,Inactive,2025-06-15,2019-01-01T20:05:06
1329,E101329,Lori Oliver,Logistics,Supervisor,mpalmer@example.com,3102772502,On Leave,2025-10-15,2025-02-19T02:50:18
1330,E101330,Lauren Brown,Sales,Operator,gwatts@example.com,682.391.3539,Active,2017-11-01,2024-07-25T16:25:06
1331,E101331,Pamela Thomas,IT,Clerk,gordon93@example.org,375-761-3631,Active,2022-04-24,2021-10-12T15:22:28
1332,E101332,Stephanie Escobar,Sales,Analyst,navarrostephen@example.org,+1-885-457-6341,Inactive,2022-03-08,2019-08-18T06:23:51
1333,E101333,Jeffery Johnson,Production,Manager,helenhayes@example.net,804.257.4129,On Leave,2020-01-27,2023-11-30T12:52:23
1334,E101334,Mr. Alfred Rogers,Support,Clerk,luisrobinson@example.org,902.477.7217x8872,Active,2022-06-09,2021-08-17T11:08:00
1335,E101335,Scott Harris,HR,Supervisor,sarahwatson@example.com,536.762.5396x71832,Inactive,2019-03-12,2015-12-06T13:58:36
1336,E101336,Glenn Hudson,Production,Operator,ericleach@example.net,+1-931-459-1051x8507,Inactive,2018-08-16,2024-06-25T11:28:30
1337,E101337,Amber Grant,Sales,Supervisor,grantwilliam@example.org,498.250.0038x89113,On Leave,2019-10-10,2022-08-19T08:17:48
1338,E101338,James Lee,IT,Manager,zhill@example.org,(569)607-2807,Inactive,2020-10-21,2023-02-24T01:41:47
1339,E101339,Lisa Fowler,Sales,Operator,williamsjason@example.net,001-637-498-0446x00791,Active,2019-07-04,2021-06-16T20:39:14
1340,E101340,Michelle Moore,Finance,Supervisor,toddclark@example.net,2493978055,Active,2020-11-22,2020-07-26T11:35:58
1341,E101341,Brett Roach,Sales,Clerk,ytucker@example.com,721-607-5353,Active,2018-09-09,2020-01-10T10:26:38
1342,E101342,Michael Hebert,IT,Technician,ibailey@example.com,+1-712-882-6424x914,Active,2017-10-13,2024-06-19T19:18:53
1343,E101343,Sandra Morris,Finance,Supervisor,jonathan73@example.net,+1-493-601-6127,Inactive,2018-11-28,2022-04-09T12:29:12
1344,E101344,Jose Miller,Finance,Supervisor,mary07@example.org,(589)223-2171x14675,Inactive,2017-05-22,2021-03-10T23:59:27
1345,E101345,Amy Kelly,Finance,Supervisor,cameronjoshua@example.net,4276679918,Inactive,2020-07-03,2015-12-23T00:50:56
1346,E101346,Thomas Le,IT,Technician,davidjackson@example.org,9958410842,Inactive,2023-11-24,2022-07-03T23:20:12
1347,E101347,Jason Bowen,Sales,Clerk,taraharris@example.com,(921)927-4140x55162,Inactive,2018-06-01,2017-01-03T14:49:57
1348,E101348,Michael Huynh,HR,Clerk,rchapman@example.net,(417)246-4878x20795,On Leave,2024-04-26,2021-08-05T19:55:37
1349,E101349,Derek Fuller,Logistics,Clerk,rhill@example.org,+1-371-853-0376x31748,On Leave,2023-08-20,2020-02-19T07:51:47
1350,E101350,Ricky Ferrell,Sales,Analyst,fitzgeraldhenry@example.org,(696)373-4753x178,Active,2023-01-25,2020-02-03T22:54:41
1351,E101351,Nicholas Mclaughlin,IT,Technician,robersoncatherine@example.org,575-641-5796x14282,Inactive,2018-03-05,2025-02-23T05:39:52
1352,E101352,Marc Rose,HR,Clerk,jkaiser@example.org,+1-953-542-2132x86879,Active,2018-08-17,2021-06-01T04:22:51
1353,E101353,Kristina Chapman,IT,Supervisor,kwilliams@example.net,594.675.8598,On Leave,2020-04-06,2019-11-25T09:57:03
1354,E101354,Jose Hammond,HR,Operator,carlsonemily@example.net,651-777-9017x1548,Inactive,2016-10-03,2022-03-08T23:10:32
1355,E101355,Timothy Cruz,HR,Operator,ryansmith@example.com,+1-726-837-4068,On Leave,2020-02-04,2022-11-16T02:35:46
1356,E101356,Chad Barajas,Support,Clerk,michelle24@example.net,+1-956-565-4643x989,On Leave,2015-11-27,2023-05-07T09:29:27
1357,E101357,Shelia Campbell,Support,Clerk,ubutler@example.net,(422)261-2471x305,On Leave,2022-07-21,2020-05-24T04:43:20
1358,E101358,Tiffany Irwin,IT,Analyst,harveychristian@example.com,001-306-369-3548x9102,Inactive,2020-05-06,2016-04-28T02:30:24
1359,E101359,Angelica Edwards,IT,Analyst,moralesrachel@example.net,539.797.0498,On Leave,2022-10-09,2019-11-16T00:57:23
1360,E101360,John Lewis,Support,Supervisor,yatesbrenda@example.org,587.952.5768x75264,Inactive,2024-04-15,2024-03-15T11:40:13
1361,E101361,Brenda Torres,HR,Operator,davidchristopher@example.net,868-549-5982,On Leave,2021-02-11,2025-10-15T06:17:34
1362,E101362,William Cabrera,Production,Technician,nguyenjason@example.com,(249)390-4951x141,Active,2015-12-14,2025-03-27T12:25:34
1363,E101363,Kimberly Marshall,Logistics,Manager,nicholasvega@example.com,+1-747-313-7392x666,On Leave,2024-11-07,2019-03-31T20:47:03
1364,E101364,Michelle Lee,IT,Manager,tyler31@example.org,001-654-297-0751x49767,Inactive,2016-10-23,2018-06-12T12:35:32
1365,E101365,Karla Simon,Finance,Operator,dmcguire@example.org,001-819-385-0478x82556,Active,2018-12-25,2025-01-13T06:43:36
1366,E101366,Carol Daugherty,HR,Analyst,larseneduardo@example.net,227.640.6470x887,Active,2020-10-13,2025-07-30T13:44:53
1367,E101367,Jason Johnson,Support,Operator,stephaniepatrick@example.com,001-258-679-4320x500,Active,2019-07-16,2022-06-19T12:24:49
1368,E101368,Jeffrey Smith,Support,Clerk,yrogers@example.com,922-433-6069x434,On Leave,2025-10-14,2023-02-07T03:37:24
1369,E101369,Mary Moore,IT,Supervisor,hancockdavid@example.net,001-759-661-7088,Inactive,2025-01-29,2017-10-03T19:15:14
1370,E101370,Brenda Adams,IT,Supervisor,mcleanbrittany@example.org,001-625-747-2463x303,Active,2024-12-29,2020-09-10T04:52:38
1371,E101371,Laurie Rojas,Sales,Manager,james89@example.com,966.364.7054,On Leave,2025-09-12,2025-07-21T17:30:17
1372,E101372,Danny Vazquez,HR,Analyst,kimmichael@example.net,9717308028,Active,2018-07-20,2024-03-24T19:14:07
1373,E101373,Misty Collins,HR,Operator,larsenanne@example.org,(517)317-1188x221,Inactive,2023-05-21,2018-04-23T19:30:42
1374,E101374,Nathan Harris,Finance,Analyst,smithkathryn@example.net,994-208-7495x03346,On Leave,2022-02-03,2023-08-23T12:41:36
1375,E101375,Christina Santiago,Support,Operator,sheppardbrian@example.org,(669)856-2094,Active,2017-03-12,2025-04-27T22:25:31
1376,E101376,Joseph Hernandez,IT,Technician,annaryan@example.com,777.321.1831,Inactive,2024-01-10,2021-03-02T10:04:08
1377,E101377,Amanda Sheppard,Finance,Clerk,rmartin@example.org,486-781-8204x129,Active,2016-07-10,2022-11-25T03:13:07
1378,E101378,Laurie Newman,Logistics,Operator,gregorymclean@example.com,001-245-668-6314x687,On Leave,2017-03-02,2017-06-30T17:24:10
1379,E101379,Jason Barnes,Finance,Technician,lee92@example.org,+1-211-924-6488,Inactive,2024-12-31,2024-12-24T07:02:27
1380,E101380,Amber Brown,Logistics,Supervisor,bvasquez@example.net,+1-239-422-2821,Active,2017-11-01,2021-10-19T02:53:08
1381,E101381,Christina Parks,IT,Clerk,nancy71@example.net,322.757.1779,On Leave,2016-07-24,2022-08-22T09:57:07
1382,E101382,Kristopher Gibson,Sales,Clerk,bperez@example.org,(607)714-9870x3784,Inactive,2023-11-24,2022-10-04T01:56:38
1383,E101383,Tina Hamilton,Production,Manager,davidcampbell@example.net,519.629.9322,Active,2024-03-17,2024-12-01T17:51:31
1384,E101384,Richard Williams,Support,Operator,hermanronnie@example.org,(266)936-8568x801,On Leave,2019-04-30,2020-04-25T17:21:25
1385,E101385,Charlene Williams,Support,Technician,michael57@example.org,(966)430-5625,On Leave,2018-01-15,2019-04-22T22:29:10
1386,E101386,Kevin Davis,Support,Manager,lance88@example.com,283-916-0496x09133,Active,2023-09-13,2018-10-02T09:43:50
1387,E101387,Morgan Larson,Logistics,Clerk,sbailey@example.com,428.724.8580,Inactive,2023-08-25,2022-09-20T08:07:03
1388,E101388,Melissa Brooks,Sales,Clerk,carriewoods@example.com,408-796-6417,Inactive,2022-02-13,2017-05-24T20:42:02
1389,E101389,Tiffany Richardson,Production,Manager,jerry45@example.org,352-238-5214x611,On Leave,2022-02-07,2021-09-27T17:28:59
1390,E101390,Julia Carroll,IT,Manager,jack34@example.org,524.826.2898,On Leave,2021-03-28,2017-10-17T19:39:22
1391,E101391,Jennifer Love,IT,Supervisor,heather60@example.org,(966)819-7399x641,Active,2021-08-07,2023-10-16T17:53:08
1392,E101392,Karen Maynard,HR,Supervisor,bonnie20@example.org,425.386.6370,Inactive,2022-11-05,2025-06-16T05:23:01
1393,E101393,Karen Hart,Finance,Analyst,vanessathornton@example.com,001-371-573-8233x797,Active,2016-03-30,2018-07-22T01:00:02
1394,E101394,Karen Wade,Logistics,Clerk,robinsonstephanie@example.org,(569)901-8736,On Leave,2022-03-20,2018-11-17T21:35:32
1395,E101395,Mr. Anthony Yang,Production,Supervisor,johnsoncraig@example.org,(441)664-4796,Inactive,2025-02-10,2019-12-08T22:20:41
1396,E101396,Mark West,IT,Manager,mary48@example.com,001-241-852-0314x7548,Active,2017-04-14,2023-11-07T16:12:50
1397,E101397,David Allen,Production,Operator,nbowers@example.com,418.734.4998x5647,On Leave,2022-01-30,2020-01-11T19:14:16
1398,E101398,Monica Stewart DDS,Finance,Analyst,lee05@example.net,001-823-538-9251x69130,On Leave,2017-08-01,2018-12-10T13:24:20
1399,E101399,Susan Peterson,Sales,Technician,jonathanmiller@example.com,+1-807-406-7151x525,Inactive,2017-10-05,2024-02-28T07:22:29
1400,E101400,Teresa Smith,Logistics,Manager,gbuckley@example.org,429.991.1118,Inactive,2025-02-04,2021-01-03T10:41:20
1401,E101401,Matthew Mason,Production,Operator,wyoung@example.com,+1-798-465-9898x920,Active,2020-05-25,2021-03-29T08:43:53
1402,E101402,Susan Smith,Production,Supervisor,conniereynolds@example.org,9737359985,On Leave,2017-01-24,2018-02-02T09:02:56
1403,E101403,Michelle Thompson,Support,Clerk,madison76@example.net,001-284-682-8241,Active,2018-01-24,2016-02-13T10:17:55
1404,E101404,Anna Lucas,Support,Analyst,spencecourtney@example.com,839.618.0757,On Leave,2020-09-24,2019-04-24T23:40:25
1405,E101405,Brianna Ray,IT,Analyst,jacobwade@example.com,223-828-9310x4988,On Leave,2025-06-09,2020-11-30T13:34:37
1406,E101406,Jason Harris,Production,Clerk,qtaylor@example.org,(461)759-2822x49638,Inactive,2022-04-04,2023-05-05T21:17:56
1407,E101407,Kyle Miller,Finance,Supervisor,michael41@example.org,208.315.1130,Inactive,2016-07-09,2021-07-01T22:55:51
1408,E101408,Laurie Greene,Logistics,Supervisor,rodriguezlauren@example.com,342.549.4156,Active,2021-12-25,2021-01-31T08:51:49
1409,E101409,Jamie Hart,Finance,Manager,glee@example.com,265-361-9112x94904,On Leave,2018-04-14,2023-12-26T15:28:33
1410,E101410,Sean Jennings,Support,Technician,jgomez@example.net,+1-673-738-1745,On Leave,2022-11-13,2018-11-29T05:23:09
1411,E101411,Heather Wells,Logistics,Supervisor,jwade@example.org,(818)767-3372,Active,2023-03-08,2024-10-17T19:23:20
1412,E101412,Christopher Brown,Sales,Clerk,leonard65@example.com,+1-415-317-8273x350,On Leave,2021-01-16,2018-08-15T21:13:40
1413,E101413,Chad Jensen,Production,Operator,jeffreyhuff@example.org,(242)982-3442,On Leave,2017-11-21,2018-10-21T09:21:28
1414,E101414,Dr. Cynthia Moore,Finance,Operator,jason00@example.com,(232)748-4444,On Leave,2017-07-24,2019-03-16T13:33:10
1415,E101415,Jo Campbell,IT,Clerk,vbrown@example.com,400.557.2529x44930,Active,2019-03-09,2018-03-24T07:01:26
1416,E101416,Hannah Meadows,Support,Operator,apriloneill@example.org,820.618.6162,Active,2021-10-22,2022-06-01T08:20:03
1417,E101417,Jose Ellis,HR,Supervisor,fmartinez@example.org,984.670.4022,On Leave,2019-03-09,2015-12-30T08:49:56
1418,E101418,Valerie Conley,IT,Analyst,williammartin@example.net,001-755-936-3157x3703,On Leave,2023-05-07,2018-01-09T12:34:07
1419,E101419,Jennifer Hammond,Sales,Analyst,jacobbennett@example.org,(935)799-9906x70231,Active,2016-08-07,2024-10-21T21:37:23
1420,E101420,Frank Rivera,Logistics,Operator,hamiltonsusan@example.org,(896)652-2119,Active,2020-06-14,2023-12-01T14:52:52
1421,E101421,William Ramirez,Support,Clerk,moorecorey@example.net,(686)906-2536x1381,Active,2024-10-11,2022-04-20T04:35:09
1422,E101422,Mr. Benjamin Johnson MD,Sales,Clerk,beckerjohn@example.org,+1-820-476-2573x1695,Active,2025-04-04,2021-04-23T16:01:25
1423,E101423,Melissa Winters,Finance,Supervisor,howarddiana@example.org,+1-410-903-6675x808,Active,2019-09-29,2019-07-30T19:41:44
1424,E101424,Kurt Parsons MD,Support,Operator,chadreed@example.net,+1-936-557-4858x685,Active,2018-12-26,2022-01-20T08:01:14
1425,E101425,Shawn Hall,HR,Clerk,jterry@example.org,814-429-3991x196,Active,2017-10-02,2017-06-24T13:41:17
1426,E101426,Cynthia Diaz,HR,Technician,icampbell@example.com,001-320-467-9723x8428,On Leave,2022-08-04,2022-01-14T05:45:45
1427,E101427,Lauren Smith,Sales,Operator,andersenanthony@example.org,901.521.9244x63302,Active,2025-07-26,2025-09-20T00:13:58
1428,E101428,Kenneth Park,Logistics,Supervisor,ccurry@example.org,292.813.2839,Active,2024-11-17,2020-04-13T15:45:00
1429,E101429,Veronica Brady,Finance,Supervisor,murphyjamie@example.org,(513)503-9949x201,Inactive,2016-09-08,2019-04-27T19:03:54
1430,E101430,Emily Jackson,Support,Operator,jacqueline18@example.net,001-824-632-5650x9484,Inactive,2021-12-16,2021-12-22T09:21:57
1431,E101431,Kevin Smith,Production,Supervisor,raymondbell@example.com,915.774.3479,Inactive,2022-12-18,2020-11-04T06:23:01
1432,E101432,Brittney Harris,Finance,Clerk,lisajensen@example.com,3439206112,Inactive,2015-12-28,2020-06-11T02:09:47
1433,E101433,Kara Fisher,Logistics,Manager,anthony84@example.org,972.441.7490,On Leave,2024-01-28,2022-11-05T01:18:07
1434,E101434,Ariana Castillo,IT,Clerk,douglasjustin@example.org,+1-774-337-5177x7842,Inactive,2016-08-02,2025-05-08T15:02:57
1435,E101435,Gerald Gordon,Sales,Operator,ehansen@example.org,001-867-447-7531,Active,2023-10-15,2024-01-05T08:56:42
1436,E101436,Patrick Vincent,Sales,Operator,michael54@example.org,728.592.6247,Active,2022-09-30,2022-10-28T13:25:01
1437,E101437,Kristina Krueger,Support,Clerk,angelahowell@example.com,745-754-5117,Inactive,2025-09-26,2022-02-05T13:15:46
1438,E101438,Victoria Wade,HR,Manager,clarencebailey@example.org,001-956-446-2956,On Leave,2019-06-27,2015-11-24T06:41:09
1439,E101439,Erica Lucas,Logistics,Manager,jeffrey64@example.com,001-937-847-9088,Active,2025-01-14,2025-02-28T04:21:01
1440,E101440,Kayla Woodward,Production,Clerk,mary16@example.net,515.776.2894x8063,On Leave,2017-05-05,2024-10-09T23:15:59
1441,E101441,Miguel Glover,Logistics,Clerk,jtrujillo@example.net,9934676617,On Leave,2016-11-13,2016-03-29T09:39:15
1442,E101442,Michael Berg,Support,Manager,cassandramartin@example.org,645-201-6244,Active,2016-04-16,2016-05-18T06:42:36
1443,E101443,Carl Anderson,HR,Clerk,jmartin@example.com,205.469.6058,On Leave,2019-04-08,2016-10-31T05:41:50
1444,E101444,John Morrison,Finance,Technician,philip95@example.com,364-322-6081x75970,Inactive,2025-07-28,2015-11-28T17:32:45
1445,E101445,Sara Stout,Logistics,Manager,tgreene@example.net,001-405-215-8488x82581,On Leave,2019-01-04,2023-10-15T11:15:09
1446,E101446,Robert Hunter,Production,Supervisor,schneiderjoshua@example.com,795.706.5731x32851,Inactive,2018-03-10,2025-06-09T08:07:15
1447,E101447,Mario Meyer,Sales,Analyst,halvarez@example.net,+1-902-233-6828x780,Active,2024-04-21,2025-10-01T17:31:07
1448,E101448,Christopher Brown,IT,Technician,brittneyoconnor@example.com,(608)563-9277x698,Inactive,2017-12-12,2017-09-08T22:21:32
1449,E101449,Mark Carr,Logistics,Manager,qpatrick@example.org,+1-343-766-8995x7041,Active,2019-09-13,2021-05-23T13:36:30
1450,E101450,Calvin Jones,Finance,Supervisor,qrusso@example.org,001-819-263-4610x875,On Leave,2023-05-31,2024-12-22T14:06:06
1451,E101451,Jennifer Young,HR,Technician,jacksonaustin@example.com,001-892-268-2483x751,On Leave,2022-07-19,2016-12-15T22:58:46
1452,E101452,Lori Williams,Logistics,Analyst,michellemurphy@example.net,+1-557-630-0974x65248,Active,2025-01-15,2019-02-08T18:11:14
1453,E101453,Angela Clay,HR,Clerk,allen64@example.com,234.395.6924,On Leave,2019-09-02,2024-08-19T19:37:46
1454,E101454,Shelby Morgan,HR,Clerk,zblankenship@example.com,(684)580-8522x82487,On Leave,2018-04-03,2019-08-26T19:13:54
1455,E101455,Christopher Pearson,Finance,Supervisor,lawrencehanson@example.net,611-940-6840x00679,On Leave,2017-06-18,2025-08-02T13:18:47
1456,E101456,Tiffany Hernandez,Support,Manager,jonesdaniel@example.com,+1-928-220-5564x19903,Inactive,2023-12-23,2016-06-26T00:54:38
1457,E101457,Lisa Thompson,HR,Technician,farrellsarah@example.com,(912)519-9975x25470,Active,2022-01-11,2020-10-07T01:08:56
1458,E101458,Cameron Watson,IT,Operator,heidimartinez@example.org,9862550990,Active,2017-08-10,2020-12-24T06:17:12
1459,E101459,Jacob Shah,Finance,Operator,sean63@example.com,215-313-6124x036,On Leave,2019-01-04,2023-10-30T23:03:08
1460,E101460,Kelsey Ellis,Logistics,Analyst,henrybrandon@example.net,702-463-5688x795,Active,2025-08-09,2025-10-25T03:56:44
1461,E101461,Anthony Morales,Logistics,Technician,colemannicole@example.com,7832238782,Inactive,2025-02-25,2019-02-16T11:09:56
1462,E101462,Amanda Lindsey,Logistics,Supervisor,allisonbrandon@example.com,(840)303-8160x6032,Inactive,2019-01-08,2020-02-25T09:30:11
1463,E101463,Danny Cole,Logistics,Analyst,megan56@example.net,496.782.7347x07246,On Leave,2025-09-28,2024-03-18T09:46:36
1464,E101464,Krystal Rose,Finance,Supervisor,danderson@example.com,+1-450-567-2823x60835,Active,2019-06-05,2017-03-26T00:13:00
1465,E101465,Lindsey Avery,Production,Operator,ptaylor@example.net,370.528.7489x2823,Inactive,2017-03-08,2025-10-10T01:33:08
1466,E101466,Sherri Carr,HR,Technician,taylorbryan@example.net,(653)835-1749x646,Inactive,2024-03-10,2017-08-14T14:41:05
1467,E101467,Dominique Khan,Finance,Analyst,sarah39@example.com,661-972-4053,Inactive,2023-06-30,2018-04-25T19:12:34
1468,E101468,Sara Perez,Finance,Supervisor,nicholascampbell@example.org,956-548-6711x5395,Inactive,2016-01-29,2019-04-25T17:44:19
1469,E101469,Steven Brown,Logistics,Analyst,turnerkelsey@example.org,001-407-909-5014,Active,2021-03-19,2022-01-11T18:16:03
1470,E101470,Monica Jackson,HR,Clerk,michaelbrown@example.com,901.336.3249x3845,Inactive,2022-02-28,2025-10-02T17:43:01
1471,E101471,Jason Carroll,IT,Analyst,calderonbrenda@example.org,904-361-6171x32714,On Leave,2017-04-14,2025-02-06T01:20:00
1472,E101472,David Luna,Support,Analyst,dhart@example.com,+1-861-531-2129x88746,Inactive,2021-04-29,2017-07-30T06:22:30
1473,E101473,Angela Acosta,IT,Analyst,justinmacdonald@example.net,219-226-3393,On Leave,2023-03-14,2021-09-30T16:52:48
1474,E101474,Maria Hernandez,Sales,Supervisor,michelesmith@example.net,863-348-1869x559,Inactive,2023-04-08,2025-03-24T06:34:51
1475,E101475,Mackenzie Adams,Logistics,Manager,steeleangela@example.net,001-721-820-3082x73636,Active,2023-11-08,2022-03-14T23:53:58
1476,E101476,James Ingram,HR,Analyst,anthonygalvan@example.com,+1-722-875-0446,Inactive,2023-06-28,2016-05-30T01:04:03
1477,E101477,Jason Thomas,Sales,Operator,pamela49@example.net,365-884-9144,On Leave,2024-10-15,2022-04-17T01:54:59
1478,E101478,Christopher Cameron,Production,Operator,dawnhill@example.net,001-285-203-0838x9244,On Leave,2016-12-12,2021-03-31T12:07:58
1479,E101479,Dawn Martin,Logistics,Clerk,james23@example.net,2743874534,Inactive,2016-10-10,2023-09-30T18:45:12
1480,E101480,Laura Davenport,HR,Analyst,jillwatson@example.com,859.972.8046,Active,2020-11-06,2022-12-02T04:32:09
1481,E101481,Lisa Wright,Sales,Analyst,daniel49@example.net,774.927.0189x72398,Active,2025-05-30,2024-08-10T23:09:43
1482,E101482,James Ortiz,Sales,Supervisor,dylan88@example.com,203.646.8673,Inactive,2016-09-26,2015-12-20T07:34:38
1483,E101483,Jacob Brooks,HR,Supervisor,fharrison@example.org,+1-326-687-6128x844,Inactive,2017-12-30,2022-02-05T03:17:19
1484,E101484,David Smith,IT,Analyst,rebeccafarrell@example.net,5887775787,Inactive,2020-06-08,2020-10-16T04:55:42
1485,E101485,David Nelson,Finance,Analyst,sarah57@example.com,001-762-406-6527x35965,Inactive,2024-11-07,2025-06-14T10:10:29
1486,E101486,Pamela Downs,Sales,Operator,lzimmerman@example.com,(967)915-6307x5925,Active,2023-10-20,2022-05-10T00:20:15
1487,E101487,Justin Ayala,Logistics,Technician,jacksonjared@example.org,772.965.1255,Active,2025-09-04,2018-03-16T16:51:49
1488,E101488,Suzanne Sanchez,IT,Supervisor,whitehannah@example.org,+1-690-964-3697x794,On Leave,2023-10-05,2020-09-18T13:38:37
1489,E101489,Carla Cobb,Logistics,Clerk,wigginsbenjamin@example.org,+1-327-836-9219,On Leave,2023-12-28,2023-09-19T00:35:53
1490,E101490,Allen Sanders,Finance,Technician,shane38@example.net,001-702-483-9278x1789,On Leave,2023-11-12,2024-08-01T18:57:33
1491,E101491,Tracy Smith,Production,Analyst,anthonyjohnson@example.com,329-879-9167,Active,2017-02-10,2020-01-12T08:05:46
1492,E101492,Dr. Brian Gregory,Finance,Analyst,davisjanice@example.org,(752)578-4512x710,Active,2024-05-08,2024-12-12T12:16:11
1493,E101493,Peter Byrd,Production,Manager,dsheppard@example.net,+1-694-915-6797x8086,On Leave,2022-10-06,2017-12-22T09:35:59
1494,E101494,Nicholas Andrews,Production,Analyst,xmartin@example.org,946.317.8917,Inactive,2016-10-13,2018-07-05T17:59:50
1495,E101495,John Hamilton,Logistics,Analyst,frederickamy@example.net,674-971-7993x8868,Active,2024-12-30,2022-11-11T14:39:53
1496,E101496,Kristin Nelson,Sales,Analyst,adavis@example.net,(351)731-2773x152,On Leave,2015-11-07,2020-07-30T23:12:56
1497,E101497,Wendy Bowman,Support,Supervisor,brittneystanton@example.net,516-239-4512x85891,On Leave,2024-05-16,2024-08-17T23:49:26
1498,E101498,Nicole Howell,Logistics,Operator,glovermelissa@example.net,398-872-4834x30674,On Leave,2024-02-25,2017-10-19T16:31:57
1499,E101499,Kevin Dunn,Finance,Technician,farleyjasmine@example.net,+1-697-596-8878x9972,On Leave,2024-03-18,2017-12-19T07:35:30
1500,E101500,Mark Holt,Support,Manager,ryanowens@example.com,(935)563-7108,Inactive,2019-04-16,2021-08-28T11:43:59
1501,E101501,Tiffany Harrington,Logistics,Technician,pateldonald@example.com,495-335-3077,Inactive,2024-07-29,2023-10-11T10:10:52
1502,E101502,Matthew Carter,HR,Technician,gmeyers@example.com,839.497.4135x31234,Inactive,2025-06-07,2024-03-07T14:52:17
1503,E101503,Sandra Perez,Logistics,Supervisor,hurstdavid@example.com,301-303-8333,Inactive,2018-07-03,2023-06-24T21:31:23
1504,E101504,Julie King,IT,Supervisor,matthew76@example.net,+1-566-924-2823x766,Inactive,2024-07-13,2025-01-24T12:06:49
1505,E101505,Ann Johnson,Logistics,Manager,gfisher@example.org,+1-637-786-8943x3836,Inactive,2021-02-17,2025-01-31T10:27:04
1506,E101506,David Carlson,Sales,Technician,andrea16@example.com,849-487-1082,On Leave,2018-01-01,2021-02-18T09:46:01
1507,E101507,Hannah Brown,Support,Manager,terrance15@example.net,(463)325-2588x858,Active,2018-04-04,2020-10-01T05:22:45
1508,E101508,Ruben Mason,IT,Supervisor,andrew49@example.net,4987731331,On Leave,2022-11-18,2025-03-30T06:13:12
1509,E101509,James Rios,Logistics,Manager,wayne36@example.com,001-945-757-0172,Inactive,2019-06-10,2025-08-10T03:21:31
1510,E101510,Valerie Dawson,Production,Supervisor,ygreen@example.com,001-273-364-1492x864,Inactive,2025-05-06,2017-03-18T12:54:16
1511,E101511,Matthew Aguilar,Sales,Analyst,lopezemily@example.org,4792636690,On Leave,2021-07-12,2017-06-16T13:39:29
1512,E101512,William Patton,Production,Technician,jackrice@example.org,425-328-5520,On Leave,2019-07-09,2021-07-17T09:40:32
1513,E101513,Kristen Wright,Support,Operator,amyrogers@example.net,001-878-267-9630x235,On Leave,2016-10-21,2016-10-08T16:11:12
1514,E101514,Douglas Long,Finance,Technician,michaelthomas@example.com,750-976-5233,On Leave,2016-08-15,2017-09-28T00:41:40
1515,E101515,Jennifer Williams,IT,Manager,carolsuarez@example.org,(451)852-7012x7401,Inactive,2023-10-15,2022-12-11T04:46:57
1516,E101516,Derek Klein,IT,Analyst,kevin76@example.com,392-524-7822,On Leave,2018-03-17,2021-09-23T22:51:43
1517,E101517,Paula Abbott,Support,Clerk,idavis@example.net,001-427-506-5366x1211,On Leave,2023-09-12,2018-06-08T08:23:06
1518,E101518,Sara Baker,Sales,Clerk,moorekathleen@example.net,535.687.4744x12404,Inactive,2019-01-06,2024-10-25T05:53:08
1519,E101519,Sarah Robertson,Sales,Analyst,mariafrancis@example.net,715-482-7024,Inactive,2024-09-18,2022-02-11T01:21:18
1520,E101520,Carrie Roberts,Logistics,Supervisor,tpham@example.org,(311)919-4701,Active,2018-05-09,2019-11-20T05:09:04
1521,E101521,Janet Li,Production,Technician,reevesbrittany@example.org,+1-410-576-2378x55671,On Leave,2016-08-13,2017-02-17T04:52:36
1522,E101522,William Donovan,Production,Manager,wandahernandez@example.org,001-620-566-3267x39589,Active,2018-06-15,2024-09-08T01:13:04
1523,E101523,Elizabeth Rasmussen,Production,Supervisor,david66@example.org,5595683282,Inactive,2016-12-03,2024-01-03T05:32:17
1524,E101524,Sean Reynolds,Finance,Technician,karen33@example.com,001-946-281-7557x958,Active,2022-04-29,2022-04-07T12:13:09
1525,E101525,Jamie Todd,HR,Operator,jcurtis@example.net,(607)356-6386x233,Inactive,2016-08-09,2017-01-23T03:29:48
1526,E101526,Laura Bailey DVM,Logistics,Clerk,catherine56@example.net,(303)956-2380x25557,Active,2020-09-13,2022-09-16T23:13:06
1527,E101527,Melvin Reed,Logistics,Clerk,donna74@example.com,6234756190,Active,2020-07-25,2020-04-12T15:29:43
1528,E101528,Samantha Martinez,Sales,Manager,julie16@example.net,+1-874-297-4899x5839,Inactive,2020-05-09,2024-06-18T01:16:38
1529,E101529,Peter Odom,Production,Clerk,rebeccaunderwood@example.org,+1-914-885-0618,On Leave,2020-01-24,2020-02-24T19:50:48
1530,E101530,Sheila Campbell,Sales,Supervisor,vthornton@example.net,+1-924-579-2229,Inactive,2016-03-09,2025-09-08T22:35:26
1531,E101531,Angela Everett,Production,Clerk,erinmoran@example.org,001-998-290-8553x2777,Inactive,2021-11-26,2022-03-05T00:10:04
1532,E101532,Amber Lin,IT,Analyst,samanthadavis@example.net,296-724-7665,On Leave,2019-03-30,2020-05-22T10:07:24
1533,E101533,Marilyn Kelly,IT,Technician,uking@example.org,6157984555,Active,2022-11-22,2018-02-25T10:28:33
1534,E101534,Ronald Gibson,Support,Analyst,hillterri@example.org,386-943-5716,On Leave,2016-02-02,2018-04-19T07:28:30
1535,E101535,Kaitlyn White,IT,Clerk,brianzhang@example.org,001-845-354-6972,Active,2020-05-01,2018-04-06T19:11:19
1536,E101536,Joseph Mcfarland,Finance,Analyst,cory75@example.com,(630)689-6126,Active,2022-05-09,2021-10-06T06:46:59
1537,E101537,Heidi Marshall,Support,Clerk,thomaswright@example.org,+1-838-523-8925x65846,Active,2024-01-14,2022-10-06T22:02:11
1538,E101538,Rachel Rose,Production,Operator,patricia25@example.net,637-635-9181x580,On Leave,2024-03-09,2023-02-01T05:44:45
1539,E101539,Lori Webb,Logistics,Technician,janderson@example.net,(835)392-2169x33753,On Leave,2020-05-14,2019-04-20T22:17:52
1540,E101540,James Guzman,Logistics,Analyst,jeffery68@example.net,+1-924-209-1941x22954,Active,2019-12-20,2020-03-17T01:25:18
1541,E101541,Victoria Jacobs,Finance,Analyst,yvonneshields@example.net,(464)399-2898,Active,2023-07-28,2020-02-10T20:16:15
1542,E101542,Lisa Howard,IT,Operator,kwebb@example.org,001-311-221-9618x7200,Active,2018-03-05,2018-12-25T17:56:44
1543,E101543,Joshua Anderson,Production,Technician,carpenterkevin@example.com,001-975-307-5046x1224,On Leave,2020-08-08,2017-03-20T20:17:05
1544,E101544,Johnny Pratt,IT,Manager,vreeves@example.org,(576)314-6117x7696,Inactive,2017-09-30,2016-05-04T21:18:15
1545,E101545,Patricia Park,Production,Analyst,hannahlynch@example.com,001-639-752-7367x4130,Active,2015-11-07,2020-04-15T15:11:57
1546,E101546,Patrick Taylor,IT,Clerk,james37@example.org,001-300-271-3659,On Leave,2023-03-10,2017-08-15T16:19:58
1547,E101547,Evelyn Reed,Production,Technician,tkane@example.com,371-207-9235x955,On Leave,2023-07-22,2018-08-26T13:19:01
1548,E101548,David Marquez,Sales,Supervisor,kbradford@example.com,+1-489-629-2147x62289,Inactive,2018-10-18,2025-04-26T22:29:58
1549,E101549,Steven Brewer,Sales,Analyst,lutzjennifer@example.net,961-775-9265x9938,Inactive,2025-05-13,2025-02-01T14:53:13
1550,E101550,Melissa Taylor,HR,Supervisor,holmesbrenda@example.com,727.218.5081x463,Inactive,2025-02-25,2016-02-03T09:52:58
1551,E101551,John Jones,IT,Analyst,johngarza@example.org,+1-282-398-1186x2438,Active,2017-06-01,2024-06-10T03:02:28
1552,E101552,Michael Lee,Finance,Analyst,nrogers@example.org,(366)655-7518x4238,Active,2016-03-23,2016-01-28T20:31:16
1553,E101553,Steven Allen,Logistics,Operator,daviddaniels@example.com,7222377994,Active,2022-01-04,2020-03-09T17:18:03
1554,E101554,Sandra Lawrence,Finance,Manager,janetanderson@example.net,001-498-967-9422x0585,Inactive,2023-10-29,2021-10-09T14:02:17
1555,E101555,Samantha Hall,IT,Supervisor,emilyfrye@example.org,001-872-291-4022,On Leave,2025-01-05,2017-11-23T17:54:24
1556,E101556,James Acosta,HR,Manager,stephaniemorris@example.org,(966)354-0791x3705,Active,2017-11-19,2019-10-09T15:19:19
1557,E101557,Shari Curtis,Sales,Technician,morganflores@example.com,(725)778-3216x84456,Active,2018-06-27,2016-09-22T19:41:04
1558,E101558,Christie Jackson,Finance,Clerk,tracy37@example.org,001-394-302-0712x777,On Leave,2016-10-25,2017-07-05T06:50:01
1559,E101559,Matthew Williams,IT,Clerk,margaretpaul@example.net,(719)727-2657,Inactive,2018-10-11,2020-02-02T12:36:52
1560,E101560,Sandra Burns,Logistics,Supervisor,oyoung@example.org,(329)330-8485,Inactive,2017-03-16,2022-09-09T22:42:46
1561,E101561,Jose Stone,Support,Supervisor,kelliwilson@example.com,+1-442-602-7818x325,Active,2021-01-05,2024-12-17T02:29:47
1562,E101562,Rachel Haney,Production,Clerk,porterhayden@example.net,(215)356-7192,Inactive,2018-12-04,2020-04-07T19:09:22
1563,E101563,Elizabeth Torres,HR,Manager,pbrown@example.com,743-496-1890x7831,Active,2019-11-22,2020-02-25T13:35:18
1564,E101564,Sandra Leon,Support,Operator,aball@example.net,+1-951-691-3205x853,On Leave,2024-11-14,2022-01-11T20:03:21
1565,E101565,Deborah White,HR,Technician,ssanders@example.org,636.993.9091,Active,2018-11-17,2016-03-31T21:55:26
1566,E101566,Ryan Harvey,Support,Technician,michaelperez@example.net,+1-221-805-6733,Inactive,2022-05-18,2021-06-26T06:09:49
1567,E101567,Jason Ruiz,Sales,Operator,julie53@example.com,953.356.5026,On Leave,2021-04-01,2019-12-17T16:16:06
1568,E101568,Molly Rogers,Finance,Manager,adam49@example.net,(271)910-8379,Inactive,2025-08-14,2025-05-08T16:58:11
1569,E101569,William Bates,Support,Operator,ddiaz@example.org,+1-456-748-8001,On Leave,2019-12-15,2016-06-07T09:59:36
1570,E101570,Tyler Lopez,IT,Technician,ibarrajennifer@example.net,(636)604-0245x1719,Inactive,2021-03-30,2018-01-27T11:43:05
1571,E101571,Cynthia Kent,Finance,Clerk,jeremy38@example.net,(701)905-2822x75349,Active,2021-11-21,2022-11-27T22:04:38
1572,E101572,Eric Atkinson,IT,Manager,danielle63@example.org,(350)932-4677,Active,2019-08-29,2017-12-23T22:33:07
1573,E101573,James Woods,IT,Clerk,phillipszachary@example.org,677-578-4265x9798,Inactive,2022-04-13,2018-11-01T23:09:42
1574,E101574,John Skinner,IT,Manager,jonesjonathan@example.org,5816837260,On Leave,2022-08-20,2019-03-08T07:36:32
1575,E101575,Tara Bauer,Logistics,Clerk,arobertson@example.org,867.339.6369,Inactive,2023-05-05,2025-03-20T06:36:45
1576,E101576,Andrew Garcia,Support,Clerk,vsimon@example.org,+1-283-422-1974,On Leave,2024-06-30,2018-04-27T14:29:29
1577,E101577,Jamie Adams,Production,Supervisor,walkerstephanie@example.net,2187181021,On Leave,2016-11-10,2018-12-08T22:28:52
1578,E101578,David Jones,HR,Supervisor,anthonyjustin@example.net,001-779-655-9366,Inactive,2021-11-06,2021-05-01T00:34:34
1579,E101579,Carol Jones,IT,Operator,paynenicole@example.net,744-286-3487x18329,Active,2022-07-11,2016-04-10T16:46:59
1580,E101580,Michele Henson,IT,Supervisor,villegasbreanna@example.com,527-661-9880x24274,On Leave,2017-03-03,2024-10-12T17:29:19
1581,E101581,Beth Adams,IT,Clerk,jennifer48@example.org,001-648-553-9683x18592,Inactive,2020-08-01,2023-10-04T06:58:44
1582,E101582,Terrence Anderson,Production,Technician,bwallace@example.com,285.856.1908,Active,2019-10-28,2021-01-20T00:57:58
1583,E101583,Grant Wells,IT,Analyst,ygonzales@example.org,476-622-9782x48918,Inactive,2021-05-01,2022-01-02T05:52:30
1584,E101584,Ronald Tate,HR,Analyst,juanmoore@example.org,+1-929-996-9528x070,Active,2017-01-03,2024-09-11T13:15:06
1585,E101585,Gina Edwards,Sales,Manager,dylanstevens@example.net,756.625.5916,On Leave,2019-02-03,2020-04-20T07:49:44
1586,E101586,Stephanie Ford,Logistics,Manager,salazardoris@example.org,393.591.1281x10180,Inactive,2024-07-19,2016-07-13T07:01:46
1587,E101587,Charles Perry,Support,Analyst,tyler43@example.com,904-689-0217x720,Inactive,2020-12-06,2024-01-18T05:42:16
1588,E101588,Matthew Horne,Production,Technician,qgraham@example.org,001-711-372-2837,Active,2025-09-07,2024-12-05T07:03:29
1589,E101589,Meredith Wilcox,HR,Operator,qsmith@example.net,895-993-8978x72619,Inactive,2017-01-31,2022-08-20T04:02:06
1590,E101590,Jill Crawford,Support,Clerk,joseph11@example.net,876-329-7494x9791,Active,2024-01-20,2017-03-14T00:59:25
1591,E101591,April Graves,Sales,Clerk,zjordan@example.net,609.701.5730,Active,2018-05-10,2019-01-12T21:56:13
1592,E101592,Leah Harris,Logistics,Operator,jessicaedwards@example.com,867-666-5420x9866,On Leave,2021-09-09,2016-11-13T04:59:11
1593,E101593,Johnny Wilson,Support,Manager,parkerjennifer@example.org,602-609-0167,On Leave,2019-05-27,2022-04-25T12:51:24
1594,E101594,Lisa Nguyen,HR,Supervisor,william24@example.org,(485)688-9381x35246,Inactive,2023-04-24,2016-07-13T18:35:09
1595,E101595,Michael Weiss,HR,Manager,vbrown@example.org,+1-436-497-7910,Active,2015-12-27,2025-05-22T17:28:10
1596,E101596,Laura Romero,Logistics,Operator,michellecox@example.com,001-849-214-5592x534,On Leave,2021-07-05,2025-01-17T07:42:43
1597,E101597,Susan Garcia,Production,Clerk,dillon61@example.org,875.734.2459x1253,Inactive,2025-02-22,2023-01-14T15:13:42
1598,E101598,Rhonda Gonzalez,IT,Manager,wilsonlisa@example.net,792.607.7083,Active,2015-12-09,2023-03-08T14:32:13
1599,E101599,Brent Johnson,Finance,Operator,julie45@example.net,483-303-8606x551,On Leave,2018-01-26,2017-01-06T07:43:38
1600,E101600,Kelsey Brown,Logistics,Technician,psullivan@example.net,001-504-590-7824,On Leave,2022-09-01,2017-12-18T17:20:36
1601,E101601,April Coleman,Support,Manager,bryanmeza@example.com,+1-536-568-2406,Inactive,2020-09-11,2023-03-24T12:24:50
1602,E101602,Andrea Burns,Finance,Technician,jeremy76@example.com,001-389-476-4433,Active,2021-03-02,2020-07-12T22:07:02
1603,E101603,James Smith Jr.,Logistics,Technician,rwilliamson@example.com,(222)941-4198x1025,Inactive,2024-12-11,2021-04-17T00:13:14
1604,E101604,Daniel Riggs,HR,Technician,markblanchard@example.org,001-806-972-3827x81469,On Leave,2022-04-03,2023-10-28T19:38:17
1605,E101605,Keith Sanchez,Logistics,Manager,jparker@example.net,888.273.8129x4657,Inactive,2018-02-21,2020-06-26T22:46:29
1606,E101606,Tina Huang,HR,Supervisor,bknight@example.org,(296)281-6640x174,Inactive,2017-10-18,2019-07-25T11:24:22
1607,E101607,Cody Hansen,Logistics,Operator,samanthamartin@example.org,(571)446-7031x28691,Inactive,2017-11-30,2020-08-06T20:42:19
1608,E101608,Morgan Farrell,IT,Manager,hunter84@example.org,001-986-732-2217x050,Active,2023-09-04,2025-03-30T00:38:48
1609,E101609,John Elliott,IT,Clerk,caleb64@example.org,+1-887-897-0532,On Leave,2022-11-20,2023-09-29T01:10:36
1610,E101610,Ashley Black,Support,Operator,ivazquez@example.org,001-747-462-2214x711,Active,2022-10-17,2022-08-04T04:37:59
1611,E101611,Curtis Long,Finance,Operator,xlin@example.org,+1-454-947-5568x254,Active,2024-01-28,2017-12-16T03:51:56
1612,E101612,Kristina Cook,HR,Technician,christian87@example.com,6012848456,Inactive,2019-08-23,2022-02-14T13:12:18
1613,E101613,Oscar Wilson,IT,Analyst,robert05@example.net,934.522.2538x6181,Inactive,2017-11-27,2020-02-13T13:10:37
1614,E101614,Amber Nicholson,IT,Technician,chandlerbrendan@example.com,918.536.9124x89713,Active,2025-05-21,2025-01-30T20:00:41
1615,E101615,Melissa Wright,IT,Manager,avilakristi@example.org,232-340-5049x1138,On Leave,2025-04-15,2017-03-09T21:45:26
1616,E101616,John Armstrong,Logistics,Operator,pmaldonado@example.org,317-242-2654x885,Inactive,2017-08-26,2015-11-09T18:57:56
1617,E101617,Amy Santos,Sales,Operator,nortonelizabeth@example.com,4789142663,On Leave,2021-03-06,2025-06-24T15:24:26
1618,E101618,Timothy Palmer,Sales,Technician,michael35@example.net,697-487-9963x23866,Active,2025-07-20,2023-08-10T08:48:21
1619,E101619,Debbie Moore,HR,Technician,juandavis@example.net,253.496.7753x621,On Leave,2024-02-02,2019-09-19T09:02:12
1620,E101620,Kristen Brown,Finance,Supervisor,lshaffer@example.org,(247)456-7077,On Leave,2016-12-29,2020-04-22T12:18:02
1621,E101621,Dr. Perry Jefferson,Finance,Manager,bullockdebra@example.net,+1-623-747-9931,On Leave,2023-05-03,2021-05-09T23:43:06
1622,E101622,Brandon Brown,Support,Manager,jsimpson@example.org,(876)506-9687x9928,Active,2016-09-14,2024-12-05T00:24:30
1623,E101623,Richard Whitehead,Sales,Technician,deborahmcguire@example.org,2546316704,Inactive,2025-05-29,2018-04-09T11:49:36
1624,E101624,Christopher Williams,Sales,Technician,bkirk@example.net,(506)240-6462x78866,Inactive,2015-11-29,2019-04-24T01:14:59
1625,E101625,Corey Townsend,Finance,Analyst,srichardson@example.com,907.776.7758x31312,On Leave,2021-07-19,2018-06-06T20:03:10
1626,E101626,Wendy Warren,Production,Clerk,briannawagner@example.net,001-761-613-9554x340,Inactive,2017-03-04,2022-09-05T18:32:47
1627,E101627,Mary Nguyen,HR,Operator,jennifer08@example.org,001-778-369-7728x87360,Active,2017-02-21,2015-11-14T13:23:16
1628,E101628,Heather Lewis,Support,Manager,sophiaaustin@example.net,825-580-0096x31800,Inactive,2019-03-13,2017-02-25T21:02:36
1629,E101629,Jean Church,Logistics,Analyst,theresarobinson@example.com,7109380061,Active,2019-03-23,2015-12-18T12:16:16
1630,E101630,Christopher Evans,Logistics,Manager,monica89@example.org,748.722.2471,On Leave,2017-11-13,2021-04-05T17:06:47
1631,E101631,Stephen Moore,Production,Clerk,justin95@example.net,871.319.6902x13868,Inactive,2017-08-03,2025-01-28T23:55:19
1632,E101632,Eric Hanson,Sales,Manager,dustin71@example.org,001-604-824-0827,On Leave,2017-08-17,2024-11-02T05:28:43
1633,E101633,Rodney Evans,Sales,Clerk,danielleharris@example.net,5092062991,Inactive,2020-03-31,2017-07-16T04:06:02
1634,E101634,Steven Berger,Support,Manager,myersjay@example.com,367.730.0916x461,On Leave,2025-05-22,2021-11-20T15:53:42
1635,E101635,Andrew Dean,Production,Manager,pking@example.org,001-394-852-3621x9036,Active,2021-07-14,2020-05-29T15:56:01
1636,E101636,Edward Martinez,IT,Clerk,ryanmartin@example.net,(523)776-3459x62635,Inactive,2017-12-19,2018-09-10T00:12:24
1637,E101637,Jimmy Salas,HR,Manager,washingtonrandall@example.org,001-996-854-5925x44951,Inactive,2020-11-20,2018-09-02T01:40:15
1638,E101638,Nicole Allen,Support,Operator,qallen@example.net,+1-476-910-0594,Inactive,2016-07-17,2022-12-14T07:51:52
1639,E101639,Amanda Tran,Finance,Operator,benjaminchristopher@example.net,628.858.0208x206,Active,2016-03-24,2018-01-17T03:00:30
1640,E101640,Kelly Soto,Finance,Operator,fholmes@example.net,(801)858-0439x39881,On Leave,2023-10-29,2021-07-09T04:17:11
1641,E101641,Elizabeth Fisher,IT,Operator,cynthia30@example.com,220.778.0282x7398,On Leave,2019-09-03,2023-12-30T03:13:40
1642,E101642,Jeremy Moon,Logistics,Manager,anthonyzamora@example.net,710-658-3784x98600,On Leave,2018-03-18,2021-12-16T18:52:50
1643,E101643,Jose Wong,Finance,Analyst,shaffermichael@example.org,378.684.3995x0918,On Leave,2024-10-27,2019-06-25T08:01:12
1644,E101644,Andrew Townsend,Sales,Manager,jmack@example.net,290.359.7307x7781,Inactive,2020-01-01,2016-07-10T07:53:27
1645,E101645,Gilbert Hutchinson,IT,Supervisor,smithjames@example.com,001-396-821-3923,Active,2021-12-27,2017-04-11T15:34:35
1646,E101646,Carlos King,Finance,Supervisor,cassiehorne@example.org,+1-792-484-0645x3384,On Leave,2020-12-01,2023-06-25T17:36:45
1647,E101647,Lisa Carr,IT,Operator,daniel73@example.com,718.382.8533x231,On Leave,2018-07-09,2017-07-06T05:34:05
1648,E101648,Erin Morton,Finance,Clerk,mweaver@example.com,2878467409,On Leave,2017-09-07,2020-05-28T06:02:09
1649,E101649,Ryan James,IT,Analyst,marymcneil@example.org,+1-423-621-1150,Active,2024-07-09,2022-12-23T12:34:24
1650,E101650,Madison Phillips,Sales,Operator,vrobinson@example.com,988.741.4574x7355,Inactive,2024-04-26,2022-05-27T16:35:11
1651,E101651,Blake Cochran,HR,Supervisor,kevinrandall@example.com,798.573.3119x757,On Leave,2016-11-23,2020-10-29T15:11:47
1652,E101652,Christina Rivas,Sales,Analyst,qnelson@example.com,831-343-9692,Active,2025-06-27,2018-01-04T23:40:26
1653,E101653,Patricia Strong,Production,Clerk,vwalters@example.org,9756047570,Active,2017-12-04,2020-04-22T11:18:54
1654,E101654,Kathleen English,Sales,Technician,davismargaret@example.net,001-915-795-9318x5719,Active,2017-04-23,2022-09-01T22:01:58
1655,E101655,Richard West,Sales,Technician,monica89@example.com,001-743-697-6210x8974,On Leave,2018-09-06,2016-08-04T00:25:48
1656,E101656,Vanessa Evans,Finance,Clerk,younglaurie@example.net,+1-251-790-4771x8673,Inactive,2022-05-29,2018-10-28T18:21:21
1657,E101657,Darius Fowler,IT,Clerk,christopher51@example.org,701-674-9713x6412,Inactive,2017-11-05,2024-09-05T06:02:22
1658,E101658,Gloria Mills,Logistics,Technician,frazierraymond@example.net,773.497.8651x7938,Inactive,2022-01-02,2018-04-15T21:45:53
1659,E101659,Rose Jennings,HR,Operator,spencejuan@example.com,571-273-7715x78729,On Leave,2022-06-27,2015-12-01T10:19:53
1660,E101660,Kimberly Kline,Support,Analyst,austinandre@example.org,929.263.5532x58788,Inactive,2018-03-05,2018-02-09T21:59:16
1661,E101661,Steve David,Support,Clerk,leah41@example.net,(316)569-4594x83074,Inactive,2025-10-07,2025-10-30T17:12:18
1662,E101662,Melissa Mcdaniel,Sales,Technician,heather22@example.net,001-874-334-7629,Inactive,2017-01-21,2023-04-30T05:10:02
1663,E101663,Nicholas Austin,Finance,Manager,gainesjames@example.net,001-821-766-2241,Inactive,2022-09-25,2023-12-01T07:04:11
1664,E101664,Jordan Bates,Production,Manager,atran@example.com,(510)562-1756x26923,On Leave,2020-01-11,2016-12-13T19:53:24
1665,E101665,Scott Chandler,HR,Clerk,fhood@example.net,001-737-398-8900x84384,Inactive,2022-02-08,2022-04-06T17:44:19
1666,E101666,Rachel Kemp,Logistics,Technician,melissajackson@example.org,(249)554-3299,On Leave,2018-06-07,2021-07-09T13:47:21
1667,E101667,Brian Ramirez,Finance,Analyst,cooperrebecca@example.net,001-652-877-8340,Active,2022-12-17,2021-10-27T12:58:20
1668,E101668,Scott Summers,Support,Supervisor,williepark@example.org,526.368.0866,On Leave,2021-11-30,2018-07-15T16:59:19
1669,E101669,Annette Ramos,HR,Technician,bgibson@example.com,(603)856-6094,Active,2024-03-14,2025-02-01T23:56:45
1670,E101670,Rebecca Williams,Logistics,Clerk,sharon79@example.com,(362)857-8976,On Leave,2025-04-19,2018-04-30T09:05:59
1671,E101671,Kristina Cline,Support,Operator,mosesrachel@example.org,+1-410-387-1768,On Leave,2021-10-10,2022-07-28T03:06:30
1672,E101672,Erica Kelley,Production,Manager,mooresabrina@example.org,871-441-1363x177,Active,2022-06-06,2015-12-03T17:48:09
1673,E101673,Joseph Ward,Production,Manager,jbrandt@example.com,270-887-0145,On Leave,2021-12-13,2025-05-01T09:17:26
1674,E101674,Diane Gallegos,Production,Technician,maria75@example.com,326-266-6415x57099,Active,2023-08-20,2025-05-18T20:58:07
1675,E101675,Hannah Jones,HR,Operator,sarah38@example.net,001-618-604-0095x639,Inactive,2021-06-23,2019-08-12T01:01:04
1676,E101676,Christopher Miller,IT,Analyst,hhood@example.com,851-566-1759,Inactive,2017-04-13,2019-05-04T21:08:02
1677,E101677,Donald Neal,Sales,Technician,gcortez@example.net,+1-776-340-3932x727,Inactive,2020-08-31,2018-05-02T06:20:09
1678,E101678,David Mitchell,Support,Manager,simmonsallison@example.net,(655)420-8620x7669,On Leave,2017-01-25,2023-06-04T12:24:25
1679,E101679,Michael Davis,IT,Clerk,steven57@example.net,(821)480-8163x6020,Active,2025-03-04,2023-01-10T12:58:34
1680,E101680,Michelle Williams,Support,Operator,madison09@example.net,+1-897-457-0618x516,Inactive,2016-08-21,2021-01-28T22:09:47
1681,E101681,Mark Palmer,Production,Technician,lloydlaurie@example.net,441-708-8265,Inactive,2023-06-02,2021-12-08T12:37:59
1682,E101682,Michelle Carlson,Production,Analyst,kpierce@example.org,001-644-280-4873,Inactive,2021-03-12,2023-08-04T12:12:40
1683,E101683,Julie Erickson,Finance,Supervisor,spencer39@example.com,(434)431-5208x2580,Active,2021-06-20,2017-04-30T19:29:48
1684,E101684,Tiffany Berg,Production,Technician,amandahuffman@example.com,001-527-696-6410x0128,Active,2020-06-15,2018-08-26T09:05:55
1685,E101685,John Hall,HR,Analyst,rushwilliam@example.net,308.890.5377x9985,Inactive,2021-12-09,2018-06-07T01:48:16
1686,E101686,Emily Roberts,IT,Technician,reyeshelen@example.net,676.389.7990x3238,On Leave,2025-09-03,2021-05-14T18:35:54
1687,E101687,Alicia Garcia,IT,Operator,heidi96@example.net,254.519.8932,Inactive,2023-02-02,2021-05-05T05:49:01
1688,E101688,Emily Young,Logistics,Analyst,tjackson@example.com,577.915.7899,Active,2016-08-13,2019-02-26T17:08:00
1689,E101689,Karen Booth,Logistics,Clerk,julieowens@example.net,(693)914-4879,Active,2022-06-24,2019-12-02T03:58:50
1690,E101690,Erin Harrison,Logistics,Clerk,swilliams@example.net,2922522803,Inactive,2018-06-24,2021-08-28T18:33:46
1691,E101691,Sydney Thomas,Support,Technician,sarah47@example.net,424-849-7787,Active,2024-07-24,2021-12-06T12:38:44
1692,E101692,Warren Diaz,IT,Supervisor,doughertyhaley@example.net,430-444-3424x645,On Leave,2016-07-04,2019-09-18T16:00:05
1693,E101693,Kristina Mullen,HR,Supervisor,kristawright@example.net,+1-754-637-8262,Active,2021-08-30,2024-11-22T19:10:35
1694,E101694,Mary Ryan,Support,Technician,misty14@example.net,(279)357-6760x244,Active,2017-08-29,2020-09-30T20:34:28
1695,E101695,Peter Stewart,HR,Technician,alicia03@example.com,(317)788-7844,Active,2016-08-24,2022-01-24T23:17:03
1696,E101696,Oscar Taylor,IT,Manager,dpugh@example.com,485-529-8675x542,Inactive,2025-06-23,2018-09-28T03:51:13
1697,E101697,Paul Dunlap,Support,Supervisor,norrischristopher@example.org,855.425.8939x4259,On Leave,2019-09-26,2023-06-11T15:28:20
1698,E101698,Steven Miller,HR,Technician,guerrahenry@example.org,695.911.6737,Inactive,2023-03-03,2018-11-03T02:59:35
1699,E101699,Mariah Williams,Logistics,Manager,riverakimberly@example.com,(638)599-3475,Active,2023-10-04,2020-08-04T14:01:29
1700,E101700,Martin Pena,Finance,Analyst,jamesdavid@example.net,7927275158,Inactive,2018-05-19,2019-07-22T19:33:33
1701,E101701,Harry Rios,Support,Clerk,dominguezevan@example.com,001-863-671-0999,Active,2017-05-13,2018-09-10T07:14:25
1702,E101702,Tom Price,Support,Analyst,carlsonbryan@example.org,001-929-419-7426x94111,Inactive,2019-05-16,2020-02-27T19:47:52
1703,E101703,Jeanne Hall,Finance,Technician,bradleydavid@example.org,918.471.8036x3134,Inactive,2017-08-23,2025-07-28T18:59:27
1704,E101704,Michael Burgess,HR,Technician,hchan@example.com,385-760-6714,Inactive,2019-10-18,2018-12-18T10:56:04
1705,E101705,Brian Lyons,IT,Technician,kimberlycraig@example.com,631.206.2128x89169,Active,2020-02-13,2025-07-19T18:31:21
1706,E101706,Cynthia Gutierrez,Finance,Clerk,fernandezmegan@example.net,(290)331-1860,On Leave,2022-09-17,2022-06-22T09:28:56
1707,E101707,Jessica English,HR,Supervisor,wilkinsonmichael@example.org,755-853-8109x042,Inactive,2021-03-15,2025-03-06T15:43:17
1708,E101708,Steven Wilkerson,HR,Technician,fpacheco@example.com,458-914-3023x459,Inactive,2020-06-21,2022-09-01T23:15:17
1709,E101709,Nancy Jackson,HR,Manager,ortizheather@example.net,555-276-0587x89176,Inactive,2018-06-08,2022-06-26T03:17:31
1710,E101710,Thomas Martinez,Sales,Supervisor,vanessa58@example.net,9643599631,Inactive,2024-11-12,2023-11-19T17:22:15
1711,E101711,Kendra Archer,Production,Analyst,jamesbailey@example.net,(909)358-6050x55814,On Leave,2018-06-25,2018-12-19T21:41:03
1712,E101712,George Peterson,Sales,Operator,wintersdarrell@example.com,+1-284-690-2891,Inactive,2017-07-13,2017-09-11T18:32:42
1713,E101713,Sarah George,Sales,Manager,brianagregory@example.org,284-404-0933x73260,Inactive,2024-12-12,2023-05-10T14:28:09
1714,E101714,Patricia Herrera,IT,Operator,richard56@example.com,(248)262-0263x695,Active,2016-01-15,2020-02-20T11:25:36
1715,E101715,Linda Davis,Support,Operator,andrea41@example.com,(511)263-9931x973,Active,2024-06-15,2022-09-05T17:08:11
1716,E101716,Dana Webb,Finance,Technician,tschwartz@example.org,(719)895-2903x069,Inactive,2020-11-19,2022-02-10T02:38:21
1717,E101717,Elizabeth May,IT,Technician,edwardstina@example.net,436.251.5854x3459,Inactive,2018-06-15,2017-08-23T01:24:16
1718,E101718,Shawn Hernandez,HR,Clerk,juanrobinson@example.net,528.602.8735,On Leave,2017-12-05,2017-08-20T12:29:11
1719,E101719,Philip Conley,Production,Technician,xstephens@example.net,858.662.8574x3311,On Leave,2023-06-19,2024-12-12T15:51:06
1720,E101720,Tiffany Brown,IT,Analyst,jenniferkane@example.net,743.239.8998x0907,Inactive,2020-12-04,2019-11-18T12:15:27
1721,E101721,Anne Paul,Finance,Technician,zsmith@example.org,+1-515-293-3688,Active,2017-10-13,2017-09-06T04:33:21
1722,E101722,Monique Jenkins MD,Finance,Supervisor,yramirez@example.com,513.357.6311x97921,On Leave,2022-10-05,2016-06-23T10:25:18
1723,E101723,Julie Ward,Support,Operator,michaelmills@example.net,986.738.5847x726,On Leave,2016-08-01,2019-07-14T05:56:38
1724,E101724,Gregory Hunt,Finance,Operator,schneiderjeffery@example.org,657-459-7488x76970,Inactive,2018-11-17,2016-07-08T09:15:15
1725,E101725,Douglas Cook,Finance,Analyst,jacksonjeffrey@example.com,001-702-440-2418x79878,Active,2024-10-02,2022-06-23T11:24:33
1726,E101726,Jessica Wise,Sales,Clerk,kingautumn@example.com,001-768-301-5988,Active,2015-11-21,2017-01-13T23:51:35
1727,E101727,Kimberly Christensen,Finance,Clerk,michaellopez@example.com,3513795892,On Leave,2023-11-28,2022-01-27T05:08:41
1728,E101728,Brittany Rodriguez,Logistics,Technician,dhernandez@example.net,259.517.7664x0072,Active,2018-09-05,2018-06-08T16:13:14
1729,E101729,Richard Ryan,Sales,Analyst,laurie72@example.net,+1-728-959-7121,Inactive,2024-11-13,2021-11-02T12:21:13
1730,E101730,Mark Rose,Support,Technician,robertschristina@example.com,001-950-994-2169x21776,On Leave,2024-03-07,2017-04-04T17:56:43
1731,E101731,Erin Hurley,Support,Clerk,antoniorhodes@example.com,377-989-4445,Inactive,2016-06-15,2019-07-29T16:43:04
1732,E101732,James Robbins,Production,Supervisor,pwalker@example.net,315-584-3013,Active,2020-08-05,2025-03-30T18:13:24
1733,E101733,Dustin Shea,Production,Supervisor,lnelson@example.net,652.241.4398,On Leave,2017-10-25,2016-04-03T13:01:52
1734,E101734,Michael Meyer,IT,Technician,htorres@example.net,8194276378,On Leave,2025-03-29,2018-07-01T03:00:28
1735,E101735,Alyssa Carr,HR,Analyst,derrick14@example.com,(299)699-1430,Active,2016-05-12,2022-10-10T03:55:38
1736,E101736,Joseph Payne,Production,Supervisor,scott95@example.org,265.761.4035x44060,Active,2019-06-14,2018-12-18T13:14:13
1737,E101737,Phillip Hurst,IT,Technician,imassey@example.com,+1-971-521-0698x357,Inactive,2023-04-17,2025-04-11T16:41:35
1738,E101738,Christine Green,Finance,Clerk,melissawallace@example.net,+1-434-857-3071x1025,Inactive,2021-09-02,2023-06-28T21:22:41
1739,E101739,Kristina Hall,HR,Technician,stacyjones@example.com,001-820-450-4657x8466,Inactive,2023-05-01,2017-08-04T04:16:47
1740,E101740,Chad Campbell,IT,Operator,perezjessica@example.com,(737)433-9785x037,Active,2019-12-10,2019-12-28T14:58:15
1741,E101741,Robert Whitaker,Sales,Supervisor,colleen20@example.net,(375)701-9334x4365,On Leave,2019-08-02,2018-07-03T05:10:55
1742,E101742,Steven Sparks DDS,Logistics,Operator,samuel85@example.org,523-670-4855x131,Active,2019-08-07,2022-10-16T21:07:41
1743,E101743,Scott Jones,IT,Technician,hayley88@example.com,(277)250-2975x998,Inactive,2017-02-22,2017-10-09T16:48:04
1744,E101744,Brian Cook,Sales,Analyst,coxamber@example.net,001-330-282-1079,Inactive,2024-06-11,2023-12-24T05:52:40
1745,E101745,Mrs. Sandra Mcfarland,Logistics,Supervisor,aphillips@example.org,873-572-8300x930,On Leave,2019-10-01,2025-04-30T12:06:57
1746,E101746,Mark Patterson,Production,Supervisor,erichayes@example.com,+1-521-478-2771x05018,Active,2021-11-10,2021-03-20T15:05:47
1747,E101747,Brad Higgins,IT,Supervisor,tararomero@example.org,+1-233-346-2264x240,Active,2024-01-23,2020-08-02T05:28:18
1748,E101748,Heidi Garcia,Finance,Technician,teresa38@example.org,001-833-267-0762x80995,Inactive,2021-08-24,2018-03-01T20:29:39
1749,E101749,Ellen Walters,Logistics,Clerk,hoffmankenneth@example.com,001-910-302-7578x98687,Inactive,2017-11-20,2023-03-21T16:39:35
1750,E101750,Anthony Blanchard,Sales,Clerk,laura83@example.net,996.465.3676x30728,Inactive,2023-10-03,2021-11-19T04:46:59
1751,E101751,Madison Rodriguez,IT,Supervisor,emilymontgomery@example.org,933-686-0792,On Leave,2022-09-17,2018-03-08T16:18:59
1752,E101752,Wesley Taylor,IT,Manager,kevin39@example.com,+1-539-226-6919x76963,On Leave,2018-12-06,2020-09-27T00:45:48
1753,E101753,Emily Horton DDS,IT,Manager,bridget79@example.com,+1-647-716-7569,On Leave,2023-01-31,2021-01-17T14:06:01
1754,E101754,Kristina Moody,Production,Supervisor,wheelerwilliam@example.net,001-408-815-5064x03356,On Leave,2020-08-17,2016-08-24T16:21:45
1755,E101755,Michele Hudson,IT,Clerk,christopher95@example.com,(228)716-0596,On Leave,2018-03-17,2022-05-17T15:23:09
1756,E101756,Stephen Garza,Production,Operator,zarnold@example.org,+1-776-873-1481x247,On Leave,2016-07-09,2021-05-10T08:02:32
1757,E101757,Alicia Moore,HR,Analyst,fostermatthew@example.com,820.524.1905x362,Active,2022-06-14,2020-01-23T19:13:27
1758,E101758,Monique Burke,Logistics,Supervisor,deanna62@example.com,(465)348-1901x17078,Inactive,2017-08-27,2023-12-16T13:11:49
1759,E101759,David Curry,HR,Clerk,djohnson@example.com,(947)450-7129,Inactive,2021-11-10,2025-02-02T11:58:01
1760,E101760,Karen Sanchez,HR,Manager,tinapalmer@example.com,428-690-0567x418,Inactive,2019-05-10,2016-07-03T14:27:59
1761,E101761,Donald Fernandez,Production,Supervisor,ruizjames@example.net,9082657879,Active,2020-08-02,2017-06-26T11:23:10
1762,E101762,Kara Shah,IT,Manager,teresa21@example.com,001-596-568-2927x307,Inactive,2023-06-18,2016-05-17T05:33:10
1763,E101763,Mrs. Kristin Floyd,HR,Clerk,iolson@example.com,+1-999-400-9749x9375,Inactive,2024-03-15,2016-10-24T01:25:51
1764,E101764,Jacqueline Lee,Sales,Operator,jameslaura@example.com,3433448466,On Leave,2023-05-29,2023-09-07T04:44:09
1765,E101765,Christian Brown,Sales,Analyst,william29@example.net,732-402-7257,Inactive,2018-12-02,2022-10-14T01:40:43
1766,E101766,Emily Phillips,Sales,Operator,davidblackwell@example.org,001-329-630-1179x685,On Leave,2021-10-11,2016-11-10T20:32:19
1767,E101767,Kimberly Baker,Finance,Supervisor,taylorlisa@example.net,+1-566-380-0156,On Leave,2020-05-20,2019-06-11T14:18:26
1768,E101768,Albert Garcia,HR,Operator,williamwatkins@example.net,3443635852,Active,2016-09-21,2017-12-03T21:08:21
1769,E101769,Stephen Mann PhD,Logistics,Manager,stevensbenjamin@example.com,429.675.3335x6573,Inactive,2022-06-21,2016-04-29T13:52:09
1770,E101770,Chris Holder,Finance,Supervisor,matthew96@example.net,001-933-289-4726,Inactive,2023-11-23,2018-12-06T03:26:07
1771,E101771,Judy Smith,Finance,Clerk,pallen@example.net,581.869.7507,On Leave,2021-09-15,2021-10-03T17:52:05
1772,E101772,Lisa Wilson,HR,Analyst,meganevans@example.net,(852)228-9753x3968,On Leave,2016-12-20,2016-08-20T14:58:39
1773,E101773,Stephanie Morgan,Support,Clerk,christinerodgers@example.net,(999)971-4689x89632,Active,2021-07-28,2020-06-13T15:03:39
1774,E101774,Sheena Wood,Production,Analyst,gayamy@example.org,001-648-640-3628x99554,Inactive,2024-01-17,2025-06-18T03:32:21
1775,E101775,Kim George,Support,Manager,rayvanessa@example.net,(589)581-2118x5885,On Leave,2018-08-11,2022-02-17T08:11:28
1776,E101776,Joshua Newton,Sales,Analyst,margaret95@example.net,+1-325-263-0800x0038,Inactive,2023-07-14,2020-06-24T17:29:20
1777,E101777,Carrie Pearson,Support,Analyst,smithchristine@example.org,612.680.7299,On Leave,2023-07-08,2020-03-04T17:59:11
1778,E101778,Richard Petty,Support,Technician,nmurillo@example.com,707-763-8631x8634,On Leave,2021-03-07,2020-12-29T08:15:06
1779,E101779,Alexandria Hurst,Finance,Clerk,xporter@example.com,2713298997,On Leave,2017-03-17,2024-03-09T14:22:40
1780,E101780,Briana Yoder,Logistics,Clerk,rhall@example.com,+1-203-331-5235x25322,Active,2018-12-26,2024-04-20T02:13:53
1781,E101781,Rose Collins,Finance,Supervisor,brookeleon@example.org,4115284017,Inactive,2020-04-06,2020-04-08T17:49:15
1782,E101782,Jonathan Welch,Support,Operator,frank68@example.net,5824681542,Active,2025-09-28,2017-03-12T18:02:21
1783,E101783,Lisa Romero,Logistics,Operator,lyonsbecky@example.net,398-917-0015,Active,2023-06-15,2015-12-26T18:57:16
1784,E101784,Elizabeth Nelson,Sales,Analyst,tiffany82@example.org,438.291.4550x564,On Leave,2018-02-10,2020-08-06T08:47:57
1785,E101785,Eric Duran,Production,Technician,beverly52@example.net,529-424-2090x42584,On Leave,2025-07-16,2017-05-15T18:51:20
1786,E101786,Terry Mendoza,Production,Clerk,castillodennis@example.com,514-263-3278x845,Inactive,2021-05-26,2015-12-24T11:23:07
1787,E101787,Matthew Spencer,Finance,Technician,alyssa52@example.com,824.892.5987x6400,Inactive,2020-03-12,2023-04-06T08:06:49
1788,E101788,Ashley Tyler,Logistics,Technician,joshua23@example.net,901.741.5510x517,On Leave,2023-10-30,2024-08-07T22:55:30
1789,E101789,Angela Hernandez,HR,Analyst,mariah87@example.com,(826)490-9119x6323,Inactive,2022-03-11,2019-01-16T16:11:21
1790,E101790,Jeffrey Johnson,Support,Technician,obrown@example.net,516.588.9780,Active,2018-02-12,2019-10-07T18:52:02
1791,E101791,Eric Conrad,HR,Technician,xscott@example.net,370-658-0307,On Leave,2022-12-12,2016-07-14T21:16:00
1792,E101792,Manuel Bailey,Logistics,Operator,sjackson@example.org,001-811-339-7303x10519,Inactive,2021-02-13,2023-02-21T22:56:49
1793,E101793,Tricia Glenn,Logistics,Manager,wallacejennifer@example.com,432-663-1424x382,Active,2020-07-14,2019-01-10T12:20:01
1794,E101794,Gabriela Montes,IT,Clerk,john41@example.org,001-524-309-7526x06654,On Leave,2017-07-11,2019-08-19T14:29:58
1795,E101795,Patricia Dean,Support,Technician,scottphillips@example.net,+1-519-242-2852x2043,Inactive,2015-12-07,2022-06-09T19:22:02
1796,E101796,Crystal Bender,Logistics,Operator,gentryrebecca@example.net,(877)734-5734,On Leave,2018-04-27,2023-03-15T02:04:56
1797,E101797,Mr. Erik George,HR,Operator,robinmorgan@example.net,899-217-7376,Active,2023-02-15,2018-08-29T02:25:55
1798,E101798,Daniel Ellis,HR,Clerk,justincole@example.com,615-239-6608x604,Inactive,2017-02-18,2025-05-10T01:40:30
1799,E101799,Sean Rosario,Production,Technician,descobar@example.org,(589)345-6189x1349,Inactive,2022-05-03,2023-11-08T13:34:44
1800,E101800,Michael Davidson,Logistics,Analyst,penningtoncheryl@example.net,001-288-329-5637x97367,Inactive,2025-10-19,2022-10-27T16:03:10
1801,E101801,Carrie Davis,Logistics,Supervisor,tiffanygarcia@example.net,(253)940-4444,Active,2018-01-15,2017-05-07T19:23:14
1802,E101802,Sarah Moss,IT,Operator,luisgray@example.com,395.561.1393x530,Inactive,2022-09-06,2019-07-12T05:29:24
1803,E101803,Gavin Freeman,Logistics,Analyst,thomas89@example.com,+1-276-212-7651x49241,On Leave,2025-08-17,2022-10-23T02:37:43
1804,E101804,Alicia Nelson,IT,Manager,yatesjohn@example.com,(306)366-1020,Inactive,2023-07-05,2020-06-25T04:25:12
1805,E101805,Michael Burgess,Sales,Manager,josephellis@example.org,7119060030,Active,2019-08-23,2024-01-18T17:26:58
1806,E101806,Brian Roberson,Production,Manager,michael19@example.com,232-322-6650,Inactive,2023-12-22,2016-09-30T14:22:18
1807,E101807,Melissa Butler,Sales,Clerk,carol04@example.com,288.647.1435x120,On Leave,2021-09-10,2017-12-12T00:47:23
1808,E101808,Christopher Payne,HR,Analyst,lisarivera@example.net,001-358-369-7443x0278,Inactive,2023-08-26,2021-01-29T11:40:45
1809,E101809,Jeffrey Sims,HR,Operator,caleb05@example.com,4487345768,Active,2021-01-15,2016-12-25T22:43:25
1810,E101810,Stephen Orr,Sales,Manager,charlesfleming@example.org,678.918.4393x9578,Inactive,2022-10-20,2021-10-11T01:36:26
1811,E101811,Edward Bennett,Sales,Manager,laurie53@example.org,986.678.2362,Inactive,2018-05-07,2019-04-16T00:14:20
1812,E101812,Mary Williams,Logistics,Analyst,wellsvictoria@example.com,(673)422-8361x381,Inactive,2016-02-09,2016-10-01T14:43:15
1813,E101813,John Bean,Logistics,Manager,jennifer36@example.org,856.929.5224x2932,Inactive,2020-03-23,2021-06-17T20:54:13
1814,E101814,Sarah Williams,Sales,Manager,rodneypacheco@example.com,(698)217-3116x012,Inactive,2019-01-22,2023-02-07T00:31:30
1815,E101815,Jason Fernandez,Finance,Technician,wholmes@example.net,258.549.8755x281,Inactive,2017-09-05,2019-09-05T02:26:11
1816,E101816,Jennifer Cox,Support,Clerk,jerryperez@example.com,862.268.5038x50448,Inactive,2017-08-22,2016-08-25T11:18:15
1817,E101817,Matthew Hernandez,Support,Analyst,smithlarry@example.org,999-589-3960,Active,2019-01-27,2017-10-04T17:27:44
1818,E101818,Jason Fitzgerald,Logistics,Analyst,fryenicole@example.org,(621)440-2499x8893,On Leave,2017-08-20,2024-04-07T12:23:24
1819,E101819,Ashley Wilson,HR,Technician,edwardmartinez@example.net,+1-541-452-7765x5925,Inactive,2020-05-13,2018-08-20T06:50:25
1820,E101820,Robert Neal,Sales,Clerk,uhoward@example.com,(424)492-9896x1875,On Leave,2024-08-17,2017-12-08T13:29:28
1821,E101821,Christopher Simmons,HR,Technician,leonard52@example.org,831-367-2083x8884,Inactive,2016-03-07,2024-09-11T22:27:31
1822,E101822,Stephen Russell,Logistics,Operator,chelsea94@example.org,001-966-794-2505x5629,On Leave,2022-02-26,2019-09-22T08:24:05
1823,E101823,Kristen Wilson,Finance,Manager,mmartin@example.net,(515)653-8846x975,On Leave,2023-09-25,2019-07-24T07:50:16
1824,E101824,Glen Roth,Support,Manager,bmoss@example.org,731-276-1586,On Leave,2020-06-20,2024-06-05T03:40:26
1825,E101825,Amy Orozco,Production,Operator,hduke@example.net,201-406-7645x4056,Active,2016-10-29,2016-11-29T09:53:36
1826,E101826,Christine Orozco,HR,Operator,julie58@example.net,6908538053,Active,2021-06-23,2016-04-27T19:23:40
1827,E101827,Susan Hernandez,Production,Manager,phelpssarah@example.org,503.908.8542x3489,On Leave,2022-11-09,2019-11-12T05:05:00
1828,E101828,Erin Butler,Finance,Supervisor,mburton@example.net,+1-565-247-7460x11084,On Leave,2017-04-10,2023-01-11T01:35:20
1829,E101829,Lori Wright,Finance,Clerk,qgomez@example.com,6022530095,On Leave,2019-12-09,2020-05-19T23:36:40
1830,E101830,Manuel Ramsey,Sales,Analyst,jessica40@example.org,774.595.0354x492,Inactive,2016-09-26,2021-03-24T21:48:30
1831,E101831,Nancy Valencia,Support,Technician,leemicheal@example.org,+1-864-200-8938x75598,Active,2022-07-07,2022-09-29T08:15:54
1832,E101832,Donald Johnson,IT,Clerk,flee@example.com,6273873621,Active,2023-06-20,2023-08-20T07:15:34
1833,E101833,Dawn Stewart,Production,Clerk,rachel91@example.org,(661)573-4742x21991,On Leave,2017-07-03,2021-12-09T17:34:14
1834,E101834,April Duncan,Sales,Manager,mezatimothy@example.net,001-302-502-3492x5096,Active,2016-02-20,2019-10-07T06:04:47
1835,E101835,Teresa Thompson,Sales,Supervisor,rosalesanna@example.net,+1-593-328-4007x826,Inactive,2019-07-10,2018-09-27T02:12:49
1836,E101836,Valerie Mueller,HR,Technician,brownbrett@example.org,(559)616-3345,Active,2018-12-13,2017-09-18T06:37:08
1837,E101837,Jacob Terry,Production,Analyst,jonesamanda@example.org,6303527034,Inactive,2024-12-07,2020-06-30T02:32:23
1838,E101838,Anthony Turner,Logistics,Manager,crawfordtiffany@example.com,(840)655-5864x452,Active,2022-06-30,2022-01-18T22:29:00
1839,E101839,Christopher Mccarthy,Logistics,Technician,burnettjohn@example.com,591-762-8844,On Leave,2024-02-25,2021-07-21T16:32:37
1840,E101840,Austin Evans,Finance,Clerk,foxbrent@example.org,(423)233-2961x9300,On Leave,2023-06-02,2015-12-27T13:51:54
1841,E101841,Edward Clark,Production,Supervisor,jennifer00@example.net,+1-917-444-1170,Active,2019-12-09,2016-03-28T19:18:56
1842,E101842,Michelle Weaver DVM,IT,Clerk,richard62@example.net,919.897.8835x84341,On Leave,2021-09-04,2016-11-23T13:21:44
1843,E101843,Alan Greene,Production,Technician,andrewcraig@example.org,419.681.0984x465,On Leave,2024-10-28,2025-05-11T06:06:19
1844,E101844,Hector Gonzalez,Support,Clerk,brianwilliams@example.org,(552)795-6910,Active,2018-07-21,2020-09-11T20:54:48
1845,E101845,Mary Garcia,IT,Analyst,kelly99@example.com,318.850.1208x38921,Active,2019-02-27,2020-05-22T09:52:10
1846,E101846,Spencer Bradford DDS,Production,Clerk,john83@example.net,+1-984-529-3631x7619,On Leave,2016-01-06,2017-09-26T02:32:28
1847,E101847,Benjamin Davis,Sales,Supervisor,ochoasusan@example.net,+1-889-690-5679x858,Inactive,2016-11-04,2024-04-24T11:24:49
1848,E101848,Bailey Parker,HR,Operator,nelsondeborah@example.org,(533)940-1663x31393,Inactive,2019-02-18,2022-09-05T22:16:19
1849,E101849,William Payne,HR,Technician,danielle99@example.net,358.474.4853,Active,2020-05-24,2016-11-29T01:45:36
1850,E101850,Dr. Manuel Lloyd DDS,Logistics,Clerk,wcarter@example.net,+1-597-504-6400x1491,Active,2024-02-19,2016-09-09T18:24:15
1851,E101851,Debra Schaefer,HR,Supervisor,tonyataylor@example.com,615.577.6157,On Leave,2021-10-15,2021-05-29T08:04:43
1852,E101852,Tracy James,Sales,Technician,courtneydodson@example.com,+1-245-329-6724x347,On Leave,2021-02-06,2018-10-03T20:18:36
1853,E101853,Brett Williams,Logistics,Analyst,juliajensen@example.com,628-590-6690x4636,Active,2016-11-17,2020-03-22T06:05:00
1854,E101854,Luis Mcdonald,IT,Manager,ncantu@example.com,215.276.0670x012,On Leave,2018-04-11,2020-12-08T01:44:56
1855,E101855,Vincent Hawkins,Logistics,Analyst,bentleyalexis@example.net,(653)934-3659,On Leave,2016-01-16,2018-11-16T15:57:33
1856,E101856,Maria White,Logistics,Technician,patrickdavenport@example.net,667-799-7146x85749,Active,2018-08-14,2024-08-28T01:07:23
1857,E101857,Patricia Moore,Logistics,Clerk,zamorakimberly@example.org,567.780.9227,On Leave,2021-09-11,2025-01-01T14:45:17
1858,E101858,John Thomas,Production,Manager,ahernandez@example.net,674.268.6398,Inactive,2022-01-06,2021-03-18T16:00:03
1859,E101859,Christopher Watson,Production,Clerk,ashleyestrada@example.org,303-560-7377x1506,Active,2024-10-28,2016-09-09T04:12:53
1860,E101860,Tammy Nelson,Finance,Manager,williamsrebecca@example.net,307.833.8304x04794,Active,2017-09-21,2018-06-17T12:34:33
1861,E101861,Jacob Fernandez,Sales,Clerk,kathleenlee@example.net,975-974-4582x57423,Inactive,2018-12-07,2016-05-11T22:11:12
1862,E101862,David Robinson,Finance,Technician,jason39@example.net,(719)246-8787x139,On Leave,2019-12-24,2024-09-19T16:11:19
1863,E101863,Debra Gonzalez MD,Sales,Supervisor,bishopjohn@example.net,7968672162,Inactive,2025-03-22,2021-08-17T12:47:43
1864,E101864,Joseph Clark,HR,Technician,wmurphy@example.org,+1-808-761-0572,Inactive,2018-04-24,2024-05-30T07:03:32
1865,E101865,Shelly Scott,Support,Technician,nguyenrandall@example.com,891.805.1065,Active,2023-04-23,2020-01-05T03:08:48
1866,E101866,Sarah Tyler,Sales,Operator,garycook@example.net,001-599-293-3129x93152,Active,2016-03-15,2021-07-26T19:03:02
1867,E101867,Jessica Jenkins,HR,Clerk,douglas34@example.org,394-865-7499,Active,2020-10-15,2024-06-25T14:09:37
1868,E101868,Ronald Foster,Production,Manager,josepheaton@example.net,343-656-0341,Active,2023-02-22,2018-12-06T15:01:47
1869,E101869,Stephen Pratt,Support,Clerk,karen12@example.net,6942930553,Inactive,2016-05-06,2021-01-12T13:11:51
1870,E101870,Dustin Smith,IT,Technician,daniel45@example.com,(933)295-1574x606,Inactive,2025-01-18,2019-01-31T10:26:00
1871,E101871,David Reilly,Support,Supervisor,james07@example.net,(929)495-5215,Active,2019-10-20,2017-07-09T15:58:09
1872,E101872,Joshua Schmitt,Logistics,Supervisor,michael59@example.com,241.738.9288x87569,Active,2022-07-06,2018-01-03T11:19:31
1873,E101873,Christian Rush,Sales,Manager,matthewcannon@example.com,(375)666-7315x8417,Inactive,2023-09-28,2022-04-28T21:22:47
1874,E101874,Erica Harper,Finance,Technician,owensjennifer@example.org,(820)935-0836x860,Inactive,2024-10-21,2020-06-18T14:14:21
1875,E101875,Paul Green,Sales,Technician,cochranmichael@example.net,+1-292-470-0698x2192,Inactive,2020-09-07,2021-03-27T09:27:02
1876,E101876,James Carter,Sales,Analyst,knelson@example.net,001-681-559-5177,Inactive,2020-09-09,2016-09-19T11:14:06
1877,E101877,Louis Lara,Logistics,Analyst,andrewhardin@example.com,832.934.8634x15213,Active,2021-02-22,2017-06-14T04:31:01
1878,E101878,Shannon King,Finance,Clerk,julie07@example.org,884.356.8458,Active,2023-02-25,2018-07-23T10:49:14
1879,E101879,Sarah Hill,HR,Manager,laurazamora@example.net,+1-333-404-4981x895,On Leave,2019-06-20,2024-07-11T03:21:40
1880,E101880,Ruth Myers,IT,Analyst,sherrimurray@example.com,2085607804,Inactive,2019-05-19,2018-08-10T22:47:22
1881,E101881,Melanie Mullen,Sales,Manager,lgonzalez@example.net,001-251-777-6983x67139,Active,2016-10-15,2024-09-09T21:49:56
1882,E101882,Christian Williams,Production,Supervisor,kimberlythompson@example.org,954-221-2588,Inactive,2022-09-25,2021-05-05T01:14:58
1883,E101883,Rachel White,Finance,Manager,joseph52@example.org,001-281-748-1854,Active,2016-01-11,2016-08-21T08:07:34
1884,E101884,Lisa Holmes,Production,Operator,dunlapwayne@example.org,429-435-4107x37208,Inactive,2021-11-21,2023-06-12T13:47:06
1885,E101885,Timothy Davidson,Logistics,Technician,danielle80@example.com,244.968.0234,On Leave,2016-03-22,2018-11-28T19:44:12
1886,E101886,Wayne Lucas,Sales,Clerk,kathleenpatterson@example.org,480.638.1459x09707,Inactive,2025-03-20,2017-03-23T07:02:38
1887,E101887,Edward Davis,IT,Analyst,sandersjasmine@example.net,001-764-694-8970x96496,On Leave,2022-03-10,2016-10-01T23:44:38
1888,E101888,Alex Barnett,Support,Analyst,burnsmicheal@example.org,534-284-2981x48978,Active,2015-11-20,2025-09-25T15:50:43
1889,E101889,Brian Johnson,IT,Analyst,thompsonjessica@example.org,+1-513-932-7809x11914,On Leave,2024-02-22,2019-04-24T04:30:17
1890,E101890,Hannah Nash,Sales,Manager,sjones@example.net,+1-655-268-2106x9088,On Leave,2019-03-19,2025-02-04T08:54:41
1891,E101891,Francis Byrd PhD,Finance,Technician,mbennett@example.net,746-979-5383x77929,Active,2020-09-22,2016-06-17T11:21:50
1892,E101892,Jo Lee,Logistics,Operator,zcruz@example.org,(288)455-2980,Inactive,2020-03-06,2022-07-18T09:27:28
1893,E101893,Bill Anderson,Finance,Technician,stephanie04@example.net,949.651.1055x96728,Active,2017-02-27,2024-11-04T14:39:47
1894,E101894,Heidi Ford,IT,Manager,lcummings@example.net,462-639-2657,Active,2020-03-12,2020-03-22T17:45:30
1895,E101895,Katie Ramos,Sales,Clerk,jose14@example.net,704-779-4764x41507,Inactive,2019-03-03,2018-04-19T03:00:16
1896,E101896,Shawn Holder,Production,Analyst,kimberly87@example.net,969-844-4249,Active,2019-11-10,2021-06-23T08:57:20
1897,E101897,Mr. Austin Todd,Production,Manager,alyssaedwards@example.org,001-430-229-9903x037,Active,2022-01-15,2022-11-21T23:09:59
1898,E101898,Hannah Johnson,Sales,Analyst,tyler52@example.org,897-542-1066x467,Active,2023-04-18,2022-07-28T04:25:38
1899,E101899,Wayne Price,Logistics,Clerk,hamiltonchristina@example.org,5226258852,Inactive,2017-12-10,2022-03-29T13:17:49
1900,E101900,Kristine West,HR,Technician,timothy40@example.org,+1-207-568-1301,Inactive,2021-05-23,2022-06-14T10:35:39
1901,E101901,Deborah Melton,Support,Technician,jessica92@example.org,(611)367-7477x3133,Inactive,2017-08-04,2024-01-12T12:35:00
1902,E101902,Amber Briggs,Finance,Analyst,arianasingh@example.com,001-759-273-2868x7177,Active,2018-12-19,2020-05-25T10:30:25
1903,E101903,Lindsay Wilson,Logistics,Operator,calderonellen@example.net,759-889-2837x75223,Inactive,2021-11-30,2021-09-29T08:21:38
1904,E101904,Eugene Deleon,Production,Technician,tylerrivera@example.net,810-467-5858x834,Active,2021-05-30,2024-11-22T11:14:12
1905,E101905,Brian Miranda,Finance,Supervisor,joneskathy@example.net,+1-602-481-2595,Inactive,2021-12-15,2016-09-08T03:59:34
1906,E101906,David Phillips,Sales,Supervisor,bcaldwell@example.com,714.589.0804x9479,Active,2020-11-21,2019-10-29T02:16:46
1907,E101907,Amy Long,Logistics,Technician,vwilliams@example.org,001-236-492-3822x05025,Inactive,2025-05-01,2020-04-19T08:25:50
1908,E101908,Philip Rasmussen,Sales,Clerk,bauermatthew@example.com,+1-394-809-8668,On Leave,2020-07-20,2024-09-22T17:50:28
1909,E101909,Theresa Harrington,HR,Technician,khamilton@example.org,(223)385-7121x227,Active,2017-07-16,2025-07-18T14:34:59
1910,E101910,Mark Mullins,IT,Analyst,qyoung@example.net,001-839-932-5019x2271,Active,2016-01-23,2019-08-31T11:40:56
1911,E101911,Gabriel Harris,Sales,Supervisor,hwilson@example.org,001-782-505-3377,Active,2017-02-20,2018-06-25T11:16:35
1912,E101912,Sandra Fitzgerald,IT,Operator,john15@example.net,+1-321-966-4445x0742,Inactive,2024-08-17,2024-04-27T19:48:29
1913,E101913,Crystal Williams,IT,Analyst,zkelly@example.com,358.236.4928x9668,On Leave,2023-03-15,2019-09-25T22:35:11
1914,E101914,Thomas Brock,Support,Clerk,colinfarrell@example.com,001-853-653-8218x108,Inactive,2018-02-24,2020-06-23T00:34:26
1915,E101915,Crystal Miller,Finance,Operator,steven93@example.net,949-841-0975x87769,Active,2016-03-10,2025-05-14T20:52:27
1916,E101916,Anthony Lawrence,Finance,Manager,michaelgraves@example.com,(829)831-7707x72309,Active,2025-09-18,2020-11-01T18:37:30
1917,E101917,Tyler Johnson,Logistics,Technician,gomezbeverly@example.com,731.243.0596x160,On Leave,2021-12-25,2016-04-18T14:23:22
1918,E101918,Brandon Black,Finance,Analyst,tiffanymccarthy@example.org,200-281-9822x2832,Inactive,2022-09-19,2021-03-13T04:10:18
1919,E101919,Eric Hill,Sales,Manager,carlsonethan@example.org,001-361-824-2226,Inactive,2023-04-15,2019-11-16T00:48:05
1920,E101920,Randall Williams,HR,Operator,adriennemonroe@example.com,952-349-0541x323,Active,2021-11-26,2019-12-15T16:56:10
1921,E101921,Samuel Larson,Production,Operator,catherineevans@example.com,+1-759-528-1515x4736,On Leave,2017-05-03,2025-07-28T08:51:07
1922,E101922,James Morgan,IT,Technician,allenmelissa@example.com,528-405-4391,Active,2018-07-03,2022-02-14T01:05:53
1923,E101923,Jessica Wolfe,Sales,Clerk,osborncristian@example.org,854-478-3643x7482,Active,2019-07-08,2018-04-29T14:12:35
1924,E101924,Mary Ortiz,IT,Analyst,grantwesley@example.org,663.259.1247x04312,Active,2018-01-20,2017-01-30T08:50:43
1925,E101925,Manuel Davis,Support,Manager,laura21@example.com,271-401-9154,On Leave,2018-06-07,2020-06-18T08:19:24
1926,E101926,Monica Perry,IT,Manager,alexdickerson@example.net,+1-563-932-0026,Active,2016-10-13,2016-05-06T07:36:35
1927,E101927,Victor Cunningham,Finance,Clerk,amandawilson@example.org,761.815.0647,On Leave,2022-07-26,2017-06-11T06:37:54
1928,E101928,William Jones,IT,Supervisor,castillorandall@example.net,001-647-734-0361x84061,On Leave,2020-06-15,2023-03-27T04:06:50
1929,E101929,Amanda Williams,Production,Analyst,wallersandra@example.net,865-603-2077x2615,Inactive,2019-09-23,2019-12-26T02:02:34
1930,E101930,Drew Ramos,Logistics,Operator,kathleen38@example.net,648.663.0188,Active,2021-06-30,2015-11-14T16:27:30
1931,E101931,Holly Moore,Support,Manager,jeffrey29@example.com,531-230-3529x472,On Leave,2016-01-01,2022-03-22T12:55:25
1932,E101932,Cathy Rowland MD,Finance,Manager,gary44@example.org,631.413.2773,Active,2017-11-20,2023-04-24T21:27:28
1933,E101933,Thomas Gibson,Logistics,Technician,wwilliams@example.net,+1-684-752-2059x798,Active,2021-02-25,2021-01-03T05:09:08
1934,E101934,John Robinson,Production,Analyst,zachary63@example.net,+1-408-818-3281x5957,Active,2023-06-10,2023-02-18T13:57:19
1935,E101935,Sherry Castillo,Production,Supervisor,cpowell@example.com,+1-512-779-7288x246,On Leave,2025-04-16,2021-09-17T03:16:21
1936,E101936,Lisa Thomas,Sales,Technician,howellmark@example.com,(757)368-0178x2926,Active,2021-11-11,2021-09-20T02:41:20
1937,E101937,Laurie Rivera,Finance,Supervisor,jbates@example.org,(691)372-3140x41535,On Leave,2019-01-12,2023-10-31T08:02:26
1938,E101938,Jeffrey Buchanan,Finance,Technician,brianguerra@example.com,+1-320-393-5744,On Leave,2020-09-08,2022-11-14T11:41:10
1939,E101939,Mary Hampton,Finance,Technician,wujodi@example.net,915-480-4657x2118,Inactive,2024-05-27,2024-12-05T22:07:27
1940,E101940,Rodney Dean,Finance,Clerk,leepatrick@example.org,669-298-6077,On Leave,2019-09-10,2017-09-13T02:21:12
1941,E101941,Tamara Brooks,HR,Analyst,paula32@example.com,001-808-858-0426x726,On Leave,2025-05-16,2018-02-21T20:54:22
1942,E101942,Nicole Olsen,Finance,Manager,nadams@example.org,497-869-2465x84035,Inactive,2018-03-23,2017-01-27T18:26:37
1943,E101943,Amy Smith,IT,Manager,joseph71@example.org,6312539120,On Leave,2025-02-27,2016-07-29T19:32:49
1944,E101944,Richard Long,Finance,Manager,rogersrobert@example.net,3455132931,On Leave,2023-07-28,2017-08-16T00:01:26
1945,E101945,Dana Arnold,Production,Technician,barrycrane@example.net,970.612.6770,Active,2016-11-24,2020-07-17T15:12:23
1946,E101946,Stephanie White,Support,Operator,christopherhill@example.com,+1-620-240-1807,Active,2016-01-29,2022-11-13T15:13:17
1947,E101947,James Jarvis,HR,Supervisor,wcarroll@example.net,365.213.9601x3132,Active,2024-02-08,2016-01-20T20:15:49
1948,E101948,Courtney Jackson,Support,Clerk,danderson@example.net,622-346-3948,Inactive,2025-05-11,2020-11-01T15:35:26
1949,E101949,Jessica Howell,Finance,Supervisor,leonardthomas@example.net,(801)846-8977x353,Inactive,2022-04-21,2023-03-04T10:20:19
1950,E101950,Misty Perry,Support,Analyst,lburton@example.com,359.811.0724x835,Active,2023-12-21,2015-12-05T08:59:21
1951,E101951,David Snyder,Production,Supervisor,sara58@example.com,+1-995-894-6738x52219,On Leave,2022-08-25,2020-07-10T01:45:28
1952,E101952,Sally Phelps,Support,Analyst,wmiller@example.org,(245)770-0246x29566,Inactive,2017-01-24,2017-01-02T09:48:21
1953,E101953,Miss Elizabeth Hernandez DDS,Production,Technician,stacy77@example.net,(512)968-5314x0002,On Leave,2023-02-11,2023-12-12T20:55:12
1954,E101954,Allen Miller,Sales,Clerk,youngpaul@example.com,692-836-4997x98512,On Leave,2016-12-30,2018-08-22T15:36:01
1955,E101955,Grace Guzman,Logistics,Analyst,lrollins@example.org,583-714-2560,Active,2017-06-27,2025-05-26T06:35:51
1956,E101956,Richard Harris,HR,Technician,shawjonathan@example.net,560.261.5048x54874,Inactive,2016-05-08,2018-08-05T13:37:28
1957,E101957,Amy Fuentes,Finance,Supervisor,greenjessica@example.com,766-642-4941x827,Active,2019-07-13,2016-07-22T20:22:24
1958,E101958,Teresa Rodriguez,IT,Manager,westvictor@example.org,001-357-949-9647x23661,On Leave,2022-09-02,2017-01-23T04:59:06
1959,E101959,Adrian Jackson,Sales,Manager,rlynch@example.com,+1-304-698-6111x7247,On Leave,2022-12-07,2021-10-19T20:34:20
1960,E101960,Donald Gray,Logistics,Supervisor,johnjohnson@example.org,620-329-8955,Active,2023-09-01,2018-10-29T15:07:58
1961,E101961,William Schaefer,Production,Supervisor,chadthomas@example.net,640.747.2117,On Leave,2023-01-21,2016-11-10T23:14:37
1962,E101962,Jason Kennedy,Production,Clerk,collinsrichard@example.org,001-696-531-7864x8971,Active,2023-03-30,2022-11-07T14:13:53
1963,E101963,Lori Walsh,Production,Technician,fryemary@example.com,280.400.1330x349,Active,2021-12-01,2024-01-06T23:27:17
1964,E101964,Brandon Dawson,Sales,Supervisor,richardsdiamond@example.net,7157405626,Active,2017-07-24,2025-07-11T03:51:14
1965,E101965,Daniel Livingston DVM,Logistics,Clerk,teresa76@example.net,+1-209-541-5863x1959,On Leave,2021-08-23,2024-04-16T10:18:19
1966,E101966,Lauren Russell,Finance,Analyst,josephhodges@example.org,001-829-742-8727,On Leave,2017-01-05,2017-11-08T21:49:26
1967,E101967,Amanda Larsen,HR,Analyst,yatesjessica@example.net,001-331-906-5267x76763,Inactive,2017-01-24,2016-04-28T10:58:55
1968,E101968,David Joseph,Sales,Manager,johnsonraymond@example.org,464.679.2317x61147,On Leave,2020-03-18,2025-01-16T02:49:46
1969,E101969,Gabriel Mcmillan,Logistics,Operator,david43@example.net,+1-669-945-9151x16131,Active,2017-01-31,2025-07-25T10:43:19
1970,E101970,Thomas Baker,Logistics,Technician,johnsmith@example.org,001-737-518-9327x66526,Inactive,2016-01-26,2023-05-30T05:48:49
1971,E101971,Elizabeth Mclaughlin MD,Logistics,Supervisor,jenna66@example.net,246-490-2466x645,Active,2025-08-11,2025-06-01T23:34:14
1972,E101972,Oscar Berry,Production,Technician,davidgreen@example.net,001-323-652-4880x71963,Active,2018-04-10,2025-07-02T05:19:38
1973,E101973,Geoffrey Price,Support,Clerk,jmoore@example.com,490.681.5973,On Leave,2025-05-05,2019-01-13T11:57:17
1974,E101974,Lisa Morris,Finance,Operator,sarah96@example.net,+1-945-372-9987x260,Inactive,2024-08-23,2024-03-21T03:41:47
1975,E101975,Alisha Carlson,Production,Clerk,ihodge@example.net,613-729-0971x37388,Inactive,2024-08-14,2019-01-26T20:17:15
1976,E101976,Victoria Scott,Sales,Clerk,susan84@example.net,527.479.1345x0948,Active,2022-05-31,2017-02-19T14:28:09
1977,E101977,James Rogers,Production,Clerk,nmullins@example.com,(485)276-7863x4058,On Leave,2023-10-19,2016-09-01T17:09:54
1978,E101978,Elizabeth Henderson,IT,Manager,henryford@example.net,001-859-847-1455x34010,On Leave,2020-03-29,2023-05-22T01:56:41
1979,E101979,Victoria Alvarado,Production,Operator,edawson@example.org,001-274-834-8750x029,Inactive,2021-06-01,2021-08-05T12:54:34
1980,E101980,Donna Bowen,IT,Supervisor,gwilcox@example.com,963-357-7208,Inactive,2024-06-17,2025-01-10T02:54:39
1981,E101981,Bobby Turner,Support,Analyst,ogeorge@example.net,+1-421-661-1995,Inactive,2018-02-18,2023-05-03T10:18:36
1982,E101982,Shannon Patel,Sales,Supervisor,kirkjulie@example.net,600.407.5371,On Leave,2018-08-10,2023-11-14T21:25:35
1983,E101983,Ronnie Simon,Logistics,Manager,zjackson@example.com,433-827-8855x749,Inactive,2018-04-17,2024-02-06T13:48:49
1984,E101984,Morgan Harris,Logistics,Operator,jamespatterson@example.org,965-508-7551,Active,2025-08-26,2018-02-05T17:02:57
1985,E101985,Nicole Edwards,Sales,Technician,chambersstephanie@example.com,488-587-4944,On Leave,2017-11-20,2024-08-13T08:10:48
1986,E101986,Andrea Brown,Production,Supervisor,gdudley@example.net,997-256-8326,Active,2020-05-22,2021-09-13T18:32:50
1987,E101987,Jessica Kent,HR,Operator,nwiggins@example.com,565.947.2230x30859,Active,2016-06-15,2021-12-13T21:18:41
1988,E101988,Karina Robertson,Logistics,Supervisor,lisaharris@example.com,+1-923-231-2278x08108,Inactive,2019-03-28,2021-01-24T19:23:26
1989,E101989,Joseph Randolph,Sales,Supervisor,mmckee@example.net,001-734-853-6535x968,Inactive,2024-05-14,2019-02-13T14:19:35
1990,E101990,Laura Bailey,Support,Analyst,eric68@example.com,(976)656-4060x09303,Active,2016-07-31,2016-05-04T11:21:51
1991,E101991,Nicole Hamilton,HR,Analyst,christinaadams@example.com,+1-940-931-3383,Inactive,2020-06-15,2018-09-04T21:53:37
1992,E101992,Stephanie Jackson,Sales,Clerk,christopher75@example.com,865-588-4691x81654,On Leave,2022-04-02,2024-07-24T05:40:13
1993,E101993,Heather Scott,Logistics,Supervisor,vhines@example.org,706.549.5276x165,Inactive,2018-03-16,2018-12-04T02:06:54
1994,E101994,Jennifer King,Finance,Clerk,vnorris@example.org,001-776-221-2663,Active,2021-04-08,2023-12-24T06:52:24
1995,E101995,Kenneth Garcia,HR,Operator,fgordon@example.com,(934)528-3323x83562,On Leave,2023-10-28,2017-06-07T17:56:09
1996,E101996,Bradley Romero,IT,Clerk,michellehorn@example.net,(304)554-0968x2301,On Leave,2020-08-29,2025-02-01T20:46:48
1997,E101997,Jennifer Quinn,HR,Manager,taylorsarah@example.net,583.948.1957x146,Active,2016-04-22,2016-01-23T16:08:53
1998,E101998,Ronald Norman,HR,Operator,lauren29@example.com,9965501772,On Leave,2019-06-14,2024-10-23T19:30:52
1999,E101999,Caroline Zimmerman,Production,Supervisor,wmathews@example.org,631-488-3365,Inactive,2023-06-28,2024-07-02T12:16:18
2000,E102000,Kristin Miller,Support,Manager,michael76@example.com,441-780-1374,On Leave,2024-12-10,2024-05-02T20:37:10
