id,product,sku,warehouse,quantity,reorder_level,status,updated_at
1,Benefit DarkCyan,SKU-100001,WH-C,240,337,Backordered,2025-01-29T07:10:59
2,Blood Khaki,SKU-100002,Main Warehouse,1139,30,Discontinued,2022-11-17T22:48:41
3,Possible DarkKhaki,SKU-100003,WH-B,59,75,Available,2025-03-07T01:26:21
4,Eye MidnightBlue,SKU-100004,WH-A,48,468,Backordered,2023-02-20T02:08:27
5,Eye HotPink,SKU-100005,WH-A,1273,157,Backordered,2022-11-12T13:16:48
6,Record CornflowerBlue,SKU-100006,WH-B,617,49,Backordered,2023-07-18T17:36:07
7,Reveal Wheat,SKU-100007,WH-B,1611,400,Available,2024-07-18T16:17:23
8,Popular FireBrick,SKU-100008,WH-C,589,250,Discontinued,2025-01-12T11:00:27
9,Media Orange,SKU-100009,Main Warehouse,589,385,Low Stock,2025-08-26T06:05:53
10,Soldier DarkOrchid,SKU-100010,WH-A,358,53,Low Stock,2023-12-03T21:08:44
11,Hold Khaki,SKU-100011,WH-A,789,123,Backordered,2024-04-07T06:38:03
12,Plant BurlyWood,SKU-100012,Main Warehouse,1869,296,Available,2024-05-15T12:58:47
13,Trade MediumSeaGreen,SKU-100013,WH-B,951,295,Available,2025-09-26T15:16:35
14,Around LightSalmon,SKU-100014,WH-B,199,123,Discontinued,2023-06-18T21:44:52
15,Family OrangeRed,SKU-100015,WH-C,1907,479,Low Stock,2023-03-07T04:54:19
16,Method Tomato,SKU-100016,Main Warehouse,1221,304,Available,2023-07-10T07:18:43
17,Interview PaleGreen,SKU-100017,WH-C,1667,179,Backordered,2022-12-31T21:38:54
18,Contain Orange,SKU-100018,WH-C,1873,262,Backordered,2025-06-20T08:56:47
19,Their SandyBrown,SKU-100019,WH-C,1429,403,Available,2024-07-08T17:41:13
20,Door Pink,SKU-100020,WH-C,382,304,Available,2024-07-24T11:40:53
21,Maintain DeepSkyBlue,SKU-100021,Main Warehouse,1234,230,Available,2023-09-09T15:55:09
22,Measure LightGray,SKU-100022,WH-C,735,467,Low Stock,2024-10-13T15:15:51
23,So Tomato,SKU-100023,Main Warehouse,30,203,Available,2024-01-03T15:53:20
24,Unit GoldenRod,SKU-100024,WH-A,795,179,Discontinued,2023-06-08T22:50:18
25,Market DarkTurquoise,SKU-100025,Main Warehouse,492,129,Discontinued,2024-07-11T09:00:21
26,Moment Aquamarine,SKU-100026,WH-C,760,237,Available,2023-04-27T18:00:56
27,Himself Teal,SKU-100027,WH-A,817,172,Low Stock,2025-03-28T01:00:51
28,Word AliceBlue,SKU-100028,Main Warehouse,848,57,Low Stock,2023-07-19T02:59:59
29,According DarkOrange,SKU-100029,Main Warehouse,1359,296,Available,2023-09-02T16:49:48
30,Quite PaleVioletRed,SKU-100030,WH-C,1203,470,Available,2024-04-04T21:22:29
31,Fine Yellow,SKU-100031,WH-B,732,122,Available,2025-01-27T13:48:32
32,Cut MistyRose,SKU-100032,WH-C,398,255,Discontinued,2025-05-12T03:10:36
33,Audience MediumSpringGreen,SKU-100033,WH-B,1311,323,Discontinued,2025-04-18T00:27:45
34,Real PaleTurquoise,SKU-100034,WH-C,551,164,Discontinued,2023-11-17T19:21:07
35,Another Violet,SKU-100035,Main Warehouse,1760,475,Low Stock,2025-04-29T12:02:59
36,Generation Purple,SKU-100036,WH-C,1643,458,Available,2025-03-10T19:35:33
37,Major Coral,SKU-100037,WH-C,1383,104,Low Stock,2023-09-28T13:26:17
38,Sure Moccasin,SKU-100038,WH-B,1845,138,Low Stock,2025-09-01T00:28:44
39,Radio BlanchedAlmond,SKU-100039,WH-B,617,272,Available,2024-03-27T23:38:50
40,Generation FloralWhite,SKU-100040,WH-A,560,50,Discontinued,2022-11-26T09:40:27
41,Meet BlanchedAlmond,SKU-100041,WH-B,630,66,Backordered,2023-09-13T10:54:19
42,Writer Beige,SKU-100042,WH-C,505,492,Discontinued,2022-12-08T09:48:34
43,Recently MediumVioletRed,SKU-100043,WH-A,670,283,Backordered,2024-01-11T09:24:40
44,While HotPink,SKU-100044,WH-C,939,154,Available,2025-10-24T04:29:46
45,Another LawnGreen,SKU-100045,Main Warehouse,356,437,Discontinued,2025-10-20T15:33:52
46,Approach MediumPurple,SKU-100046,Main Warehouse,30,93,Backordered,2023-06-10T13:38:34
47,Reach Gold,SKU-100047,WH-B,755,241,Available,2023-07-03T07:47:33
48,If Green,SKU-100048,WH-B,1562,119,Low Stock,2024-05-12T15:40:41
49,Information LightSteelBlue,SKU-100049,WH-B,1270,416,Backordered,2024-02-17T08:40:00
50,Edge GoldenRod,SKU-100050,WH-C,734,102,Low Stock,2024-07-20T12:00:16
51,Might DarkOliveGreen,SKU-100051,WH-A,659,337,Low Stock,2023-02-06T06:15:56
52,Under DarkKhaki,SKU-100052,Main Warehouse,463,33,Backordered,2025-05-30T01:37:19
53,Sort MediumTurquoise,SKU-100053,WH-A,1867,434,Low Stock,2025-10-03T05:59:05
54,Bar LightYellow,SKU-100054,Main Warehouse,803,104,Available,2023-02-27T11:35:01
55,Office LightSeaGreen,SKU-100055,Main Warehouse,323,60,Discontinued,2025-01-22T06:11:12
56,Believe DeepSkyBlue,SKU-100056,WH-C,1948,90,Low Stock,2024-01-01T19:14:04
57,Eat Cyan,SKU-100057,WH-B,54,164,Available,2023-05-27T08:21:43
58,Little MediumOrchid,SKU-100058,Main Warehouse,950,287,Low Stock,2024-05-23T01:41:34
59,Real SaddleBrown,SKU-100059,WH-A,735,360,Low Stock,2024-05-26T17:38:42
60,Inside Purple,SKU-100060,WH-B,1842,217,Discontinued,2025-10-16T15:16:43
61,Season LawnGreen,SKU-100061,WH-B,972,449,Available,2024-09-18T12:01:19
62,Whom SkyBlue,SKU-100062,Main Warehouse,453,74,Backordered,2023-01-22T21:58:29
63,Treat PaleGoldenRod,SKU-100063,WH-A,1988,120,Available,2025-08-19T20:47:11
64,Indicate Plum,SKU-100064,WH-B,1200,90,Available,2023-04-08T03:23:39
65,Consider Red,SKU-100065,WH-C,1088,409,Backordered,2025-04-09T11:03:49
66,Recognize Purple,SKU-100066,WH-A,378,87,Available,2025-04-02T03:29:26
67,Piece LightGoldenRodYellow,SKU-100067,Main Warehouse,195,353,Available,2023-09-03T08:21:08
68,Discover WhiteSmoke,SKU-100068,WH-A,1180,132,Low Stock,2024-05-16T10:30:31
69,Establish MintCream,SKU-100069,WH-B,765,326,Low Stock,2025-04-15T02:10:39
70,Room MediumOrchid,SKU-100070,Main Warehouse,1237,259,Available,2024-03-24T10:59:59
71,Sense SeaGreen,SKU-100071,WH-A,4,39,Available,2025-05-16T17:12:28
72,Large MediumSpringGreen,SKU-100072,WH-B,1451,307,Backordered,2025-07-22T12:02:30
73,Theory Cornsilk,SKU-100073,Main Warehouse,203,202,Low Stock,2024-02-04T11:19:50
74,Other LightSteelBlue,SKU-100074,WH-B,1723,184,Discontinued,2025-10-31T19:18:09
75,World PowderBlue,SKU-100075,WH-C,1433,262,Available,2025-02-06T20:47:09
76,Always DarkCyan,SKU-100076,WH-C,724,317,Backordered,2022-11-19T12:05:18
77,Everything Plum,SKU-100077,WH-A,1489,240,Low Stock,2024-09-27T18:58:39
78,Follow NavajoWhite,SKU-100078,WH-B,0,156,Backordered,2024-10-29T05:08:35
79,Modern Crimson,SKU-100079,WH-B,279,390,Low Stock,2025-05-26T17:10:58
80,Station DarkRed,SKU-100080,WH-A,1970,207,Discontinued,2025-08-09T16:28:19
81,Pass Indigo,SKU-100081,Main Warehouse,1876,410,Available,2023-09-25T18:37:44
82,More Green,SKU-100082,WH-C,678,202,Backordered,2023-02-11T16:28:17
83,Reflect White,SKU-100083,Main Warehouse,1503,157,Low Stock,2023-11-06T13:57:49
84,Few Turquoise,SKU-100084,Main Warehouse,26,410,Available,2025-02-05T23:14:07
85,Film Olive,SKU-100085,WH-C,1935,397,Backordered,2024-06-28T07:16:55
86,Each Violet,SKU-100086,WH-B,1387,324,Available,2025-03-25T01:55:21
87,Natural Cornsilk,SKU-100087,WH-A,1372,241,Discontinued,2024-03-12T12:22:25
88,Above GreenYellow,SKU-100088,Main Warehouse,1984,225,Discontinued,2024-10-08T04:52:44
89,South Yellow,SKU-100089,WH-C,119,186,Low Stock,2024-04-01T16:39:46
90,Significant MediumBlue,SKU-100090,Main Warehouse,1327,468,Discontinued,2024-11-24T13:05:37
91,East Wheat,SKU-100091,WH-A,256,23,Low Stock,2023-12-21T22:59:52
92,Young NavajoWhite,SKU-100092,WH-A,1682,368,Backordered,2024-01-31T21:32:08
93,Development DarkGreen,SKU-100093,Main Warehouse,1121,38,Discontinued,2023-01-24T05:30:33
94,Himself Peru,SKU-100094,WH-A,1632,379,Available,2024-09-12T04:21:54
95,Item DimGray,SKU-100095,WH-B,270,135,Available,2024-02-19T02:48:52
96,Space DarkViolet,SKU-100096,WH-A,800,254,Discontinued,2023-06-09T15:54:20
97,Main LightGray,SKU-100097,WH-A,791,332,Discontinued,2023-02-15T17:15:43
98,Thing SlateGray,SKU-100098,Main Warehouse,418,181,Low Stock,2024-07-15T13:06:41
99,Road Gainsboro,SKU-100099,WH-B,309,111,Discontinued,2022-12-15T23:16:37
100,Source Yellow,SKU-100100,WH-A,1104,192,Low Stock,2023-02-14T01:10:55
101,Order DodgerBlue,SKU-100101,WH-A,1779,80,Discontinued,2022-12-08T08:20:17
102,Remember MediumAquaMarine,SKU-100102,WH-C,1325,272,Backordered,2024-12-14T03:28:28
103,Much MistyRose,SKU-100103,Main Warehouse,451,476,Discontinued,2024-02-21T15:02:10
104,Character FloralWhite,SKU-100104,WH-A,170,156,Low Stock,2023-05-22T17:24:29
105,Few ForestGreen,SKU-100105,WH-C,394,21,Available,2024-05-08T21:55:56
106,Age Cyan,SKU-100106,WH-A,1922,392,Low Stock,2025-08-10T08:23:19
107,Doctor Linen,SKU-100107,Main Warehouse,1700,182,Low Stock,2025-06-23T11:21:44
108,None Silver,SKU-100108,WH-B,1789,134,Available,2024-07-26T22:51:27
109,World HotPink,SKU-100109,WH-B,293,142,Discontinued,2023-07-06T20:23:30
110,Certainly Yellow,SKU-100110,WH-C,1227,347,Discontinued,2024-06-14T01:32:24
111,Statement MediumSpringGreen,SKU-100111,Main Warehouse,1254,116,Low Stock,2023-05-18T05:57:23
112,Among Linen,SKU-100112,Main Warehouse,1546,284,Backordered,2023-05-01T22:59:38
113,Eight Yellow,SKU-100113,WH-A,1005,347,Low Stock,2024-12-16T08:56:34
114,War Red,SKU-100114,Main Warehouse,845,185,Available,2025-04-21T17:28:20
115,Stay MediumSeaGreen,SKU-100115,WH-C,1834,117,Low Stock,2023-01-19T18:40:05
116,Enjoy Aqua,SKU-100116,WH-A,193,60,Backordered,2024-03-19T20:39:13
117,Rate DarkOrchid,SKU-100117,WH-A,1668,208,Backordered,2022-12-10T00:01:48
118,Friend Blue,SKU-100118,WH-B,1434,229,Discontinued,2025-05-07T22:36:36
119,Force SkyBlue,SKU-100119,WH-C,376,230,Discontinued,2024-09-16T04:30:40
120,Clear Navy,SKU-100120,WH-B,1784,464,Backordered,2024-02-16T04:12:34
121,Sense Chartreuse,SKU-100121,WH-A,1649,83,Discontinued,2023-06-13T12:50:58
122,Seven WhiteSmoke,SKU-100122,WH-B,572,171,Backordered,2023-07-22T09:11:06
123,Practice LawnGreen,SKU-100123,WH-B,1970,423,Low Stock,2025-01-15T07:28:06
124,Return FloralWhite,SKU-100124,Main Warehouse,1945,437,Backordered,2023-11-18T03:23:15
125,Condition Blue,SKU-100125,Main Warehouse,643,486,Discontinued,2024-01-20T14:56:31
126,Budget LightSkyBlue,SKU-100126,Main Warehouse,841,143,Discontinued,2024-04-16T10:23:34
127,Politics DarkGreen,SKU-100127,WH-C,1205,228,Low Stock,2022-12-06T10:04:33
128,Certain RosyBrown,SKU-100128,WH-B,570,426,Backordered,2023-12-16T22:34:57
129,Nothing SkyBlue,SKU-100129,WH-C,1700,71,Available,2024-05-27T23:23:46
130,Card Magenta,SKU-100130,WH-C,833,330,Low Stock,2023-09-23T15:27:43
131,Kind DarkGray,SKU-100131,WH-C,11,500,Discontinued,2024-06-10T14:17:14
132,Position Olive,SKU-100132,WH-B,1987,300,Discontinued,2024-09-07T06:10:36
133,Card White,SKU-100133,WH-C,784,283,Backordered,2025-06-20T22:42:22
134,Understand Bisque,SKU-100134,WH-A,292,429,Available,2024-07-27T15:20:48
135,Phone Plum,SKU-100135,Main Warehouse,1568,74,Discontinued,2024-12-22T16:17:02
136,Today Lavender,SKU-100136,Main Warehouse,1456,262,Low Stock,2023-03-14T11:38:06
137,Election Bisque,SKU-100137,WH-B,1514,173,Available,2025-08-23T11:57:45
138,Pattern Violet,SKU-100138,Main Warehouse,1196,408,Low Stock,2024-09-20T01:05:30
139,Nor PapayaWhip,SKU-100139,WH-C,1402,459,Backordered,2023-06-01T18:37:48
140,Scientist RosyBrown,SKU-100140,WH-B,149,77,Available,2025-10-07T02:19:50
141,Pick DarkSeaGreen,SKU-100141,WH-C,895,454,Backordered,2023-07-06T03:37:45
142,Suggest Coral,SKU-100142,WH-A,381,85,Low Stock,2023-08-25T20:35:41
143,Allow Cornsilk,SKU-100143,WH-C,1828,262,Discontinued,2024-11-05T12:48:59
144,Cost HotPink,SKU-100144,WH-A,587,476,Backordered,2024-11-05T00:45:48
145,Quite LavenderBlush,SKU-100145,Main Warehouse,1480,300,Discontinued,2025-06-09T07:40:20
146,Face Khaki,SKU-100146,WH-B,765,69,Backordered,2024-01-26T17:54:54
147,Professional FireBrick,SKU-100147,WH-A,939,22,Low Stock,2023-04-12T15:18:14
148,Show FireBrick,SKU-100148,WH-B,1330,322,Low Stock,2023-02-05T17:02:30
149,Last DimGray,SKU-100149,WH-A,599,241,Low Stock,2025-07-23T12:04:42
150,From MediumVioletRed,SKU-100150,WH-B,395,237,Low Stock,2023-08-02T08:57:51
151,Move Beige,SKU-100151,WH-A,1897,300,Backordered,2023-04-13T19:28:44
152,Statement GhostWhite,SKU-100152,WH-C,131,377,Discontinued,2023-05-19T18:58:12
153,Lot Cyan,SKU-100153,Main Warehouse,819,402,Discontinued,2025-10-24T22:30:46
154,Assume Beige,SKU-100154,WH-A,809,110,Discontinued,2024-03-08T06:55:16
155,Site MediumSlateBlue,SKU-100155,WH-B,1374,81,Discontinued,2025-10-28T21:05:41
156,Example LightSkyBlue,SKU-100156,WH-B,8,67,Available,2025-09-04T13:16:38
157,Step DarkRed,SKU-100157,WH-B,1808,416,Low Stock,2023-12-21T05:39:48
158,Break Gold,SKU-100158,WH-A,1682,495,Available,2025-10-28T10:43:12
159,Matter Tomato,SKU-100159,WH-C,1030,480,Backordered,2023-10-19T15:26:06
160,Lot Linen,SKU-100160,WH-B,794,428,Backordered,2023-05-29T10:22:13
161,Loss DarkOliveGreen,SKU-100161,WH-B,419,395,Low Stock,2024-03-27T18:15:48
162,Do Indigo,SKU-100162,Main Warehouse,1738,241,Discontinued,2024-03-13T02:25:23
163,Else Chocolate,SKU-100163,WH-A,1939,414,Low Stock,2023-10-02T19:28:02
164,Dinner LightGoldenRodYellow,SKU-100164,Main Warehouse,1021,380,Available,2025-06-07T05:13:25
165,Particular Peru,SKU-100165,WH-B,780,14,Backordered,2024-09-09T11:40:55
166,Wife Azure,SKU-100166,WH-C,1242,479,Backordered,2025-02-23T23:24:20
167,Message NavajoWhite,SKU-100167,Main Warehouse,1795,478,Low Stock,2024-07-16T02:34:16
168,Improve Fuchsia,SKU-100168,WH-A,1151,199,Discontinued,2024-04-05T02:25:45
169,Have Plum,SKU-100169,WH-C,1163,376,Available,2023-02-12T20:44:37
170,Myself Aquamarine,SKU-100170,WH-A,1775,106,Low Stock,2023-06-01T03:54:45
171,Board MediumBlue,SKU-100171,WH-C,1273,199,Available,2025-03-08T20:45:52
172,Style Lavender,SKU-100172,WH-B,766,35,Available,2025-06-03T12:16:35
173,Ask LightGreen,SKU-100173,WH-A,221,470,Backordered,2024-03-07T02:05:25
174,Upon DeepSkyBlue,SKU-100174,WH-C,801,66,Discontinued,2024-11-12T07:43:23
175,Mother LightBlue,SKU-100175,WH-C,1611,470,Available,2025-09-18T08:11:41
176,Recognize Yellow,SKU-100176,WH-A,443,497,Available,2023-09-17T04:55:28
177,Campaign PaleGoldenRod,SKU-100177,WH-C,522,336,Available,2022-11-17T05:19:30
178,Conference LightSlateGray,SKU-100178,WH-A,577,41,Backordered,2023-12-18T21:32:11
179,Next SlateBlue,SKU-100179,WH-B,130,188,Discontinued,2024-01-03T12:20:56
180,Begin Crimson,SKU-100180,Main Warehouse,1830,270,Backordered,2023-02-11T14:29:03
181,Involve SlateGray,SKU-100181,WH-A,1407,119,Backordered,2025-04-30T22:46:40
182,Scene Orchid,SKU-100182,WH-B,1069,334,Available,2024-05-07T05:20:09
183,Concern Linen,SKU-100183,WH-C,1054,340,Low Stock,2023-09-13T03:13:24
184,Scene GhostWhite,SKU-100184,Main Warehouse,635,244,Backordered,2024-06-08T08:33:10
185,Fund LightGreen,SKU-100185,WH-C,1035,35,Low Stock,2025-10-26T05:13:09
186,Single HoneyDew,SKU-100186,WH-A,1278,337,Available,2024-01-26T02:48:59
187,Such PapayaWhip,SKU-100187,WH-A,1888,216,Backordered,2024-09-14T01:39:58
188,Food Black,SKU-100188,Main Warehouse,577,239,Available,2023-03-09T13:57:16
189,Different LightSalmon,SKU-100189,Main Warehouse,1721,427,Discontinued,2023-07-28T14:59:29
190,Or SpringGreen,SKU-100190,WH-C,73,56,Available,2023-07-28T23:49:54
191,Serve Fuchsia,SKU-100191,WH-B,1819,246,Available,2023-04-18T02:03:20
192,Crime FloralWhite,SKU-100192,Main Warehouse,1837,320,Low Stock,2024-08-15T11:59:20
193,Attorney DarkGreen,SKU-100193,Main Warehouse,1437,62,Discontinued,2023-05-27T11:04:05
194,End Tan,SKU-100194,WH-A,218,197,Discontinued,2023-12-27T17:15:21
195,Require SaddleBrown,SKU-100195,Main Warehouse,1636,274,Discontinued,2024-08-14T08:53:55
196,Why Black,SKU-100196,WH-A,174,301,Discontinued,2023-03-06T07:45:00
197,Doctor SlateBlue,SKU-100197,Main Warehouse,898,192,Low Stock,2023-12-02T05:01:09
198,Listen LightBlue,SKU-100198,WH-B,327,221,Available,2023-07-29T23:56:12
199,Evidence HoneyDew,SKU-100199,Main Warehouse,1781,31,Backordered,2024-03-25T20:42:21
200,Contain Khaki,SKU-100200,WH-A,681,284,Low Stock,2025-08-25T15:55:26
201,Fact YellowGreen,SKU-100201,WH-C,388,140,Backordered,2024-07-13T07:13:54
202,Crime SeaGreen,SKU-100202,WH-A,1204,188,Discontinued,2024-11-28T14:37:46
203,Cut LightSalmon,SKU-100203,WH-C,900,371,Low Stock,2024-09-30T10:44:18
204,Strategy LightSteelBlue,SKU-100204,WH-C,505,196,Low Stock,2025-05-08T18:37:38
205,Social FireBrick,SKU-100205,WH-B,1184,345,Low Stock,2025-01-17T17:27:23
206,Him AliceBlue,SKU-100206,WH-C,326,208,Discontinued,2024-08-09T08:31:45
207,Design Pink,SKU-100207,WH-B,193,249,Discontinued,2022-11-17T23:28:07
208,Test Olive,SKU-100208,WH-C,1145,32,Available,2025-01-26T01:16:52
209,Try LawnGreen,SKU-100209,WH-C,1104,426,Backordered,2025-03-21T16:48:01
210,Compare CadetBlue,SKU-100210,Main Warehouse,876,290,Discontinued,2024-03-30T08:50:42
211,Tough HotPink,SKU-100211,WH-B,8,427,Low Stock,2023-08-12T13:46:58
212,Choice PowderBlue,SKU-100212,WH-A,310,413,Backordered,2024-05-10T10:41:35
213,Walk RoyalBlue,SKU-100213,WH-B,322,471,Discontinued,2024-11-27T18:24:30
214,Yard PaleGreen,SKU-100214,WH-B,980,396,Discontinued,2022-11-17T00:51:16
215,Marriage Plum,SKU-100215,Main Warehouse,1213,296,Low Stock,2023-12-10T15:22:00
216,Stage White,SKU-100216,WH-C,648,45,Backordered,2024-09-19T18:30:40
217,Decade Gray,SKU-100217,WH-A,337,173,Low Stock,2024-02-15T22:12:47
218,Plant FireBrick,SKU-100218,WH-C,1932,163,Discontinued,2025-05-21T19:13:41
219,Big Ivory,SKU-100219,WH-A,1983,132,Available,2025-01-02T06:47:45
220,Positive Lime,SKU-100220,Main Warehouse,1675,107,Available,2023-03-03T19:03:11
221,Order LightGreen,SKU-100221,Main Warehouse,256,463,Available,2023-06-28T19:52:20
222,Open Violet,SKU-100222,Main Warehouse,1567,434,Low Stock,2024-12-12T10:35:51
223,All DimGray,SKU-100223,WH-B,1945,257,Discontinued,2025-10-11T20:10:38
224,Last SteelBlue,SKU-100224,Main Warehouse,933,480,Available,2024-07-17T22:32:05
225,Student MediumSpringGreen,SKU-100225,WH-A,1799,399,Backordered,2024-05-15T13:38:20
226,Military BlueViolet,SKU-100226,WH-B,653,75,Discontinued,2025-06-14T18:42:50
227,Two DarkGray,SKU-100227,Main Warehouse,406,10,Available,2024-11-21T08:51:08
228,Figure Coral,SKU-100228,WH-A,906,474,Available,2025-07-23T20:00:19
229,Political Olive,SKU-100229,WH-B,149,34,Low Stock,2023-02-13T12:50:59
230,Figure Chartreuse,SKU-100230,WH-C,288,109,Backordered,2023-12-02T19:51:29
231,High BlueViolet,SKU-100231,WH-C,1001,120,Available,2023-11-23T16:08:06
232,Natural SaddleBrown,SKU-100232,WH-C,1513,347,Discontinued,2023-07-06T17:44:29
233,Find SaddleBrown,SKU-100233,Main Warehouse,961,58,Discontinued,2024-05-01T14:22:51
234,Financial Wheat,SKU-100234,WH-A,1388,306,Discontinued,2025-01-12T19:19:36
235,Power ForestGreen,SKU-100235,WH-A,770,196,Discontinued,2025-10-18T06:35:18
236,Ahead OliveDrab,SKU-100236,WH-C,1580,214,Discontinued,2023-04-26T21:16:29
237,War DeepPink,SKU-100237,Main Warehouse,832,161,Available,2025-10-14T20:42:57
238,Hot Indigo,SKU-100238,Main Warehouse,1073,447,Low Stock,2023-06-22T07:21:29
239,Financial CadetBlue,SKU-100239,WH-B,588,408,Backordered,2024-10-04T00:20:43
240,Forget GreenYellow,SKU-100240,WH-A,35,324,Backordered,2024-07-05T17:33:25
241,Become MediumOrchid,SKU-100241,WH-B,330,489,Backordered,2024-12-28T05:43:12
242,Figure Moccasin,SKU-100242,WH-B,1381,204,Backordered,2024-08-23T01:54:14
243,Foot Peru,SKU-100243,WH-B,1598,244,Low Stock,2023-09-30T16:41:18
244,Success SeaShell,SKU-100244,WH-B,260,438,Available,2023-03-09T03:23:47
245,She SlateBlue,SKU-100245,WH-A,1556,142,Low Stock,2023-06-18T15:38:20
246,If Purple,SKU-100246,WH-A,939,20,Backordered,2025-02-06T18:10:35
247,Network Snow,SKU-100247,WH-C,979,353,Low Stock,2022-12-23T06:48:17
248,Issue SaddleBrown,SKU-100248,Main Warehouse,102,400,Available,2023-02-01T02:24:39
249,Spend SlateGray,SKU-100249,WH-C,1009,413,Available,2022-11-08T09:59:10
250,Drop Lavender,SKU-100250,WH-A,1859,493,Backordered,2023-01-22T08:05:17
251,Later Pink,SKU-100251,WH-A,1526,369,Available,2023-07-03T04:53:57
252,Skill SaddleBrown,SKU-100252,WH-A,141,213,Low Stock,2023-12-12T00:18:51
253,Walk Snow,SKU-100253,Main Warehouse,18,25,Available,2024-08-09T06:36:47
254,Near MediumVioletRed,SKU-100254,WH-B,821,188,Low Stock,2024-11-13T20:24:09
255,Finally DarkBlue,SKU-100255,WH-C,1729,249,Backordered,2025-08-01T02:55:48
256,But Beige,SKU-100256,Main Warehouse,1768,294,Low Stock,2023-07-08T18:42:42
257,Staff Black,SKU-100257,WH-B,652,157,Low Stock,2025-03-14T01:01:36
258,If DarkBlue,SKU-100258,WH-C,1007,467,Available,2023-09-15T06:50:46
259,Suggest Violet,SKU-100259,WH-B,220,155,Discontinued,2023-11-07T20:07:39
260,Determine LemonChiffon,SKU-100260,Main Warehouse,1167,56,Backordered,2025-04-08T08:32:11
261,Garden Purple,SKU-100261,Main Warehouse,496,468,Discontinued,2025-08-28T19:56:23
262,Need ForestGreen,SKU-100262,Main Warehouse,1747,155,Low Stock,2024-06-05T16:00:20
263,Along GreenYellow,SKU-100263,WH-B,46,458,Low Stock,2023-02-04T13:33:03
264,Customer Lavender,SKU-100264,WH-A,1930,496,Discontinued,2024-10-05T18:06:59
265,Together DodgerBlue,SKU-100265,WH-B,1673,346,Discontinued,2024-05-27T13:16:26
266,Method LightYellow,SKU-100266,Main Warehouse,747,84,Low Stock,2022-12-20T03:19:09
267,Paper Azure,SKU-100267,WH-C,804,285,Backordered,2023-06-13T22:27:09
268,Include Ivory,SKU-100268,WH-C,1757,465,Low Stock,2025-03-02T03:22:40
269,Protect Aquamarine,SKU-100269,Main Warehouse,1371,75,Backordered,2022-11-13T13:46:38
270,Campaign DarkBlue,SKU-100270,WH-A,80,425,Available,2023-11-06T01:35:51
271,Meet Chartreuse,SKU-100271,WH-B,42,289,Discontinued,2025-03-21T20:25:08
272,Amount SlateGray,SKU-100272,WH-A,176,165,Discontinued,2025-04-16T22:07:28
273,Project Tomato,SKU-100273,WH-A,654,54,Available,2023-02-20T21:09:01
274,Painting Beige,SKU-100274,WH-C,573,116,Low Stock,2025-07-08T05:15:55
275,While Chartreuse,SKU-100275,Main Warehouse,1796,68,Discontinued,2023-04-28T15:23:03
276,Financial DeepPink,SKU-100276,WH-B,1494,39,Low Stock,2024-01-03T19:25:07
277,Trial LightBlue,SKU-100277,WH-B,655,470,Discontinued,2023-03-26T20:48:20
278,Know Indigo,SKU-100278,WH-B,781,316,Low Stock,2023-12-17T23:11:50
279,Appear DarkOrange,SKU-100279,WH-A,183,474,Available,2025-06-23T15:47:11
280,Task Silver,SKU-100280,WH-A,1479,29,Available,2023-12-15T15:36:33
281,Game DarkOrchid,SKU-100281,WH-B,135,293,Discontinued,2024-12-26T12:45:12
282,Him SeaGreen,SKU-100282,WH-A,1489,11,Backordered,2025-07-04T05:54:48
283,Far Linen,SKU-100283,WH-A,355,279,Low Stock,2025-01-26T20:49:13
284,Car DarkCyan,SKU-100284,WH-C,1431,497,Backordered,2023-11-28T23:06:37
285,Meet LightGreen,SKU-100285,WH-A,686,288,Low Stock,2024-12-22T11:42:21
286,Every Cyan,SKU-100286,WH-A,1273,388,Low Stock,2023-05-24T12:25:33
287,Defense Thistle,SKU-100287,WH-A,1891,144,Low Stock,2022-11-29T04:44:52
288,Face Gainsboro,SKU-100288,Main Warehouse,854,227,Available,2024-09-28T23:21:12
289,Computer BurlyWood,SKU-100289,WH-B,1577,223,Discontinued,2024-03-03T00:48:51
290,Activity Crimson,SKU-100290,WH-B,1093,479,Available,2025-07-17T03:28:23
291,Factor DarkSlateGray,SKU-100291,WH-A,287,80,Discontinued,2023-06-01T06:19:34
292,Draw Peru,SKU-100292,WH-A,714,446,Backordered,2023-04-12T07:09:27
293,However IndianRed,SKU-100293,Main Warehouse,1831,367,Backordered,2024-08-24T10:56:15
294,Far LightBlue,SKU-100294,Main Warehouse,1734,11,Backordered,2024-03-21T09:29:09
295,Building Navy,SKU-100295,WH-B,150,434,Available,2023-11-19T00:15:19
296,Know ForestGreen,SKU-100296,WH-A,714,358,Low Stock,2023-08-13T20:05:46
297,Bad DarkGreen,SKU-100297,WH-B,17,451,Discontinued,2024-03-10T21:12:20
298,Wait DodgerBlue,SKU-100298,Main Warehouse,1904,113,Discontinued,2025-07-28T02:28:21
299,Among Tan,SKU-100299,WH-C,285,58,Available,2025-07-29T14:55:13
300,Cost Salmon,SKU-100300,WH-C,286,351,Discontinued,2024-02-06T01:47:09
301,Strong Thistle,SKU-100301,WH-B,971,218,Backordered,2023-03-10T21:38:53
302,Your Chocolate,SKU-100302,WH-A,1551,382,Available,2024-01-10T13:06:19
303,Financial Indigo,SKU-100303,Main Warehouse,1663,258,Discontinued,2022-11-15T17:01:28
304,Policy LightYellow,SKU-100304,Main Warehouse,1413,453,Available,2024-11-11T09:30:08
305,My LightYellow,SKU-100305,Main Warehouse,980,213,Low Stock,2025-09-05T15:04:15
306,Hospital Crimson,SKU-100306,WH-B,837,484,Low Stock,2025-05-10T08:53:47
307,Move LightGray,SKU-100307,Main Warehouse,1115,279,Backordered,2024-01-11T00:25:14
308,Century MediumPurple,SKU-100308,WH-A,179,383,Discontinued,2025-01-11T11:16:51
309,Exist DarkTurquoise,SKU-100309,WH-B,941,483,Discontinued,2024-10-31T05:01:09
310,Form Teal,SKU-100310,WH-B,1212,91,Low Stock,2023-04-28T20:28:26
311,Rule LightGray,SKU-100311,Main Warehouse,885,232,Discontinued,2025-05-24T04:12:41
312,Bring DarkMagenta,SKU-100312,WH-A,1167,368,Low Stock,2024-11-15T23:41:54
313,Small Crimson,SKU-100313,Main Warehouse,1318,213,Available,2024-03-10T12:36:37
314,Partner Khaki,SKU-100314,Main Warehouse,1673,176,Low Stock,2025-01-24T22:15:32
315,National SteelBlue,SKU-100315,WH-B,1127,479,Available,2024-07-13T01:46:47
316,Eye PaleTurquoise,SKU-100316,Main Warehouse,596,307,Low Stock,2024-07-13T10:31:24
317,Economic Pink,SKU-100317,WH-C,1158,284,Available,2025-08-28T17:45:17
318,Idea ForestGreen,SKU-100318,WH-B,662,184,Discontinued,2023-09-20T06:23:45
319,Officer MediumTurquoise,SKU-100319,Main Warehouse,952,87,Discontinued,2023-11-02T09:49:44
320,Which Lime,SKU-100320,WH-C,1995,318,Discontinued,2023-01-08T01:28:40
321,City Cyan,SKU-100321,Main Warehouse,606,22,Low Stock,2025-03-11T12:12:51
322,Memory LawnGreen,SKU-100322,WH-C,1965,389,Available,2024-11-20T02:23:47
323,Language HotPink,SKU-100323,WH-C,60,483,Available,2024-03-26T18:08:55
324,Act DarkSeaGreen,SKU-100324,WH-C,255,405,Discontinued,2023-11-25T05:10:06
325,Like Cornsilk,SKU-100325,WH-A,1826,494,Discontinued,2024-12-12T06:35:01
326,Step FireBrick,SKU-100326,WH-C,988,292,Low Stock,2023-03-18T03:28:24
327,Light LightSlateGray,SKU-100327,WH-A,1952,431,Low Stock,2024-04-27T07:30:53
328,Despite HoneyDew,SKU-100328,WH-C,1776,212,Backordered,2023-04-04T15:15:15
329,Eye MintCream,SKU-100329,WH-A,1094,282,Discontinued,2023-11-14T12:11:05
330,Cover DarkCyan,SKU-100330,WH-A,1327,68,Backordered,2024-05-11T08:22:31
331,Note BlueViolet,SKU-100331,Main Warehouse,80,38,Backordered,2025-02-16T15:05:19
332,Benefit LightYellow,SKU-100332,WH-A,8,377,Low Stock,2025-02-26T00:35:37
333,Yard HoneyDew,SKU-100333,WH-C,552,314,Low Stock,2023-08-01T10:15:15
334,Area DarkViolet,SKU-100334,Main Warehouse,1149,437,Discontinued,2025-04-14T17:35:52
335,World Olive,SKU-100335,WH-C,1309,247,Available,2025-06-13T23:43:48
336,Manager SteelBlue,SKU-100336,WH-B,1315,18,Low Stock,2024-02-27T12:48:49
337,Cost PaleVioletRed,SKU-100337,WH-B,36,73,Available,2022-12-05T06:00:32
338,Plant Blue,SKU-100338,WH-B,696,334,Available,2024-07-05T18:56:56
339,Coach AntiqueWhite,SKU-100339,WH-A,1318,269,Discontinued,2023-03-28T07:44:42
340,Today Khaki,SKU-100340,WH-A,1010,150,Low Stock,2023-09-03T16:04:19
341,Rock MintCream,SKU-100341,WH-A,822,348,Backordered,2024-09-22T15:03:25
342,Like MediumOrchid,SKU-100342,WH-B,371,92,Low Stock,2023-02-03T23:16:24
343,Right DarkGoldenRod,SKU-100343,WH-B,835,319,Low Stock,2024-07-11T03:56:25
344,Fight LightBlue,SKU-100344,WH-A,1298,297,Available,2024-08-02T19:36:12
345,Pass LawnGreen,SKU-100345,Main Warehouse,344,463,Available,2025-04-13T22:37:05
346,She Fuchsia,SKU-100346,WH-A,1602,497,Discontinued,2024-07-09T06:16:31
347,Office MediumSeaGreen,SKU-100347,WH-B,40,491,Low Stock,2025-08-24T00:06:46
348,Ready FloralWhite,SKU-100348,WH-C,1608,98,Discontinued,2023-09-12T22:13:49
349,Floor LightBlue,SKU-100349,Main Warehouse,284,142,Discontinued,2025-09-14T21:05:38
350,Arrive Aquamarine,SKU-100350,WH-C,489,250,Backordered,2025-02-25T05:18:45
351,Stand Salmon,SKU-100351,WH-A,1428,424,Backordered,2023-11-17T03:46:46
352,Ball DarkSeaGreen,SKU-100352,Main Warehouse,1810,410,Available,2024-12-31T06:26:39
353,Answer SeaGreen,SKU-100353,WH-C,624,210,Backordered,2023-06-18T22:29:47
354,Their Silver,SKU-100354,Main Warehouse,1389,407,Discontinued,2023-03-17T22:22:58
355,Staff Plum,SKU-100355,WH-C,101,378,Discontinued,2025-02-20T02:44:31
356,Such LightBlue,SKU-100356,Main Warehouse,1615,116,Backordered,2024-05-06T22:46:52
357,Appear DeepPink,SKU-100357,WH-C,518,491,Backordered,2025-06-25T17:09:55
358,Thus SeaGreen,SKU-100358,WH-B,520,179,Available,2023-02-12T19:12:31
359,Laugh SpringGreen,SKU-100359,WH-C,779,345,Discontinued,2023-03-18T03:00:51
360,Source LightSkyBlue,SKU-100360,Main Warehouse,724,484,Low Stock,2023-12-05T13:29:54
361,Wrong Magenta,SKU-100361,WH-C,1037,111,Backordered,2025-08-10T11:28:01
362,Professor MediumOrchid,SKU-100362,WH-B,1354,491,Backordered,2025-08-08T00:33:20
363,Same MistyRose,SKU-100363,Main Warehouse,1290,91,Discontinued,2022-12-06T22:56:35
364,Rich NavajoWhite,SKU-100364,Main Warehouse,442,232,Discontinued,2024-07-16T04:34:48
365,Campaign Sienna,SKU-100365,WH-C,1060,170,Low Stock,2022-11-26T13:17:58
366,Him PeachPuff,SKU-100366,WH-B,60,450,Discontinued,2023-12-04T10:14:42
367,Ability PaleGreen,SKU-100367,Main Warehouse,747,278,Discontinued,2024-12-24T01:57:12
368,Rather FireBrick,SKU-100368,WH-A,1892,270,Backordered,2024-12-25T07:33:02
369,Section OldLace,SKU-100369,WH-B,325,405,Discontinued,2024-10-13T17:27:03
370,Along Chartreuse,SKU-100370,WH-B,1345,434,Backordered,2024-06-19T00:32:02
371,Understand DarkViolet,SKU-100371,WH-C,499,456,Discontinued,2024-08-15T15:33:56
372,Room Gray,SKU-100372,WH-C,1774,284,Available,2024-05-21T22:22:44
373,Imagine CadetBlue,SKU-100373,WH-C,48,400,Backordered,2023-04-01T00:46:37
374,Think LightBlue,SKU-100374,WH-C,1637,40,Backordered,2022-11-25T14:36:32
375,Our PowderBlue,SKU-100375,WH-A,1220,99,Backordered,2024-02-12T16:24:04
376,Interesting RoyalBlue,SKU-100376,Main Warehouse,949,94,Available,2025-03-23T10:12:30
377,Respond Thistle,SKU-100377,WH-A,937,110,Backordered,2024-11-07T22:10:32
378,Final DeepPink,SKU-100378,WH-B,1879,398,Low Stock,2023-06-09T13:31:31
379,Feeling FloralWhite,SKU-100379,WH-A,1427,249,Discontinued,2023-12-24T16:10:27
380,Student Fuchsia,SKU-100380,WH-B,1873,388,Discontinued,2024-04-29T23:25:54
381,Doctor LightCyan,SKU-100381,WH-B,1729,312,Backordered,2025-01-01T20:39:01
382,Including Peru,SKU-100382,WH-C,1300,413,Backordered,2025-04-28T18:28:22
383,Public RosyBrown,SKU-100383,WH-A,494,297,Available,2025-03-07T04:33:37
384,Because DarkMagenta,SKU-100384,WH-A,863,80,Backordered,2025-03-13T18:25:41
385,Member MidnightBlue,SKU-100385,WH-C,225,191,Available,2023-01-26T18:24:36
386,Office DarkOrange,SKU-100386,WH-B,1411,366,Available,2025-07-08T21:54:49
387,Inside SeaShell,SKU-100387,WH-C,703,21,Low Stock,2024-10-15T22:37:45
388,Success MidnightBlue,SKU-100388,WH-A,638,117,Backordered,2023-03-28T16:50:47
389,Wait Gold,SKU-100389,WH-B,1811,43,Low Stock,2023-09-01T01:25:59
390,Cost LightGoldenRodYellow,SKU-100390,Main Warehouse,1221,145,Low Stock,2024-03-23T11:27:38
391,Worry HotPink,SKU-100391,WH-B,1537,261,Backordered,2025-06-20T10:50:59
392,Vote MediumOrchid,SKU-100392,WH-B,161,418,Available,2023-09-11T11:34:20
393,Through IndianRed,SKU-100393,WH-A,291,132,Backordered,2025-10-27T19:13:41
394,Common DarkGoldenRod,SKU-100394,WH-A,562,454,Low Stock,2023-07-16T11:10:32
395,Power DarkOrange,SKU-100395,Main Warehouse,733,104,Discontinued,2025-07-22T15:47:56
396,Pick Yellow,SKU-100396,WH-C,305,292,Discontinued,2025-07-05T10:52:52
397,Benefit LightBlue,SKU-100397,Main Warehouse,1855,103,Backordered,2025-02-19T17:56:09
398,Group DarkSlateBlue,SKU-100398,WH-A,1417,36,Backordered,2024-05-05T05:38:13
399,View NavajoWhite,SKU-100399,Main Warehouse,457,280,Low Stock,2023-02-20T12:58:49
400,Support CornflowerBlue,SKU-100400,WH-C,713,159,Backordered,2024-08-23T10:51:29
401,Represent BlueViolet,SKU-100401,WH-A,531,333,Discontinued,2024-09-26T09:54:12
402,Spring PaleVioletRed,SKU-100402,WH-A,1634,319,Available,2023-12-03T18:01:56
403,Mean Cyan,SKU-100403,WH-B,663,58,Available,2024-09-28T18:09:22
404,Current LavenderBlush,SKU-100404,Main Warehouse,1363,471,Backordered,2023-05-17T14:14:30
405,White LightBlue,SKU-100405,WH-C,1697,193,Backordered,2024-07-10T08:56:40
406,More MistyRose,SKU-100406,WH-B,1410,242,Available,2023-04-24T06:41:54
407,Set MediumSeaGreen,SKU-100407,Main Warehouse,277,252,Low Stock,2023-03-16T00:56:44
408,Itself LightYellow,SKU-100408,WH-A,851,243,Low Stock,2025-05-16T18:52:05
409,Remain DarkTurquoise,SKU-100409,WH-B,905,138,Discontinued,2022-11-06T10:45:58
410,Call CadetBlue,SKU-100410,WH-A,1727,81,Available,2024-01-05T20:52:27
411,President DarkOrange,SKU-100411,WH-C,1700,253,Backordered,2025-09-17T05:22:45
412,Character Coral,SKU-100412,Main Warehouse,1472,379,Low Stock,2023-02-01T03:51:06
413,Expect LightPink,SKU-100413,Main Warehouse,527,462,Available,2024-12-15T17:16:19
414,I YellowGreen,SKU-100414,WH-B,1542,227,Available,2023-09-07T18:59:03
415,Never MediumSlateBlue,SKU-100415,WH-C,1076,70,Discontinued,2025-03-02T15:32:17
416,Argue MediumOrchid,SKU-100416,Main Warehouse,327,17,Available,2025-04-07T15:05:25
417,Arm Lavender,SKU-100417,Main Warehouse,1169,129,Available,2023-10-22T02:34:05
418,Such LimeGreen,SKU-100418,Main Warehouse,492,20,Low Stock,2023-05-29T15:41:38
419,Me Cornsilk,SKU-100419,WH-C,1945,47,Discontinued,2022-12-05T18:57:57
420,Himself BurlyWood,SKU-100420,Main Warehouse,1927,40,Backordered,2025-05-07T14:43:21
421,Animal White,SKU-100421,WH-C,66,374,Backordered,2025-06-01T11:30:31
422,Left DarkRed,SKU-100422,WH-B,1879,430,Low Stock,2024-10-12T21:41:35
423,Author Green,SKU-100423,Main Warehouse,902,126,Available,2025-08-24T00:35:41
424,Girl PaleVioletRed,SKU-100424,WH-B,1950,399,Low Stock,2025-09-01T20:28:00
425,Citizen SlateGray,SKU-100425,WH-C,1600,127,Available,2024-04-02T06:08:19
426,Find DodgerBlue,SKU-100426,WH-C,1028,186,Available,2023-11-26T20:36:43
427,Receive GreenYellow,SKU-100427,WH-C,1331,87,Available,2023-02-24T21:07:39
428,Usually PaleGreen,SKU-100428,WH-B,756,321,Low Stock,2023-11-24T06:31:58
429,Charge MediumOrchid,SKU-100429,Main Warehouse,609,197,Available,2023-12-12T23:32:07
430,Simple Chartreuse,SKU-100430,WH-B,1132,99,Low Stock,2024-01-17T18:28:39
431,Debate OliveDrab,SKU-100431,WH-A,504,140,Low Stock,2024-05-26T18:30:52
432,Bit DarkGray,SKU-100432,Main Warehouse,740,402,Backordered,2025-07-25T15:30:07
433,Community LightBlue,SKU-100433,Main Warehouse,775,248,Low Stock,2024-12-21T22:52:08
434,World Salmon,SKU-100434,WH-A,225,377,Backordered,2022-12-30T13:59:04
435,Available MintCream,SKU-100435,WH-C,1209,22,Backordered,2022-12-15T08:35:37
436,Continue LightCoral,SKU-100436,WH-C,397,468,Available,2023-10-09T03:04:08
437,Find BlanchedAlmond,SKU-100437,WH-B,1324,163,Low Stock,2024-08-03T18:48:27
438,Live RosyBrown,SKU-100438,Main Warehouse,1808,324,Backordered,2025-06-21T11:51:10
439,Total Coral,SKU-100439,WH-B,1874,417,Available,2025-03-16T14:00:35
440,There Maroon,SKU-100440,WH-A,1404,344,Low Stock,2023-12-15T09:58:53
441,Either YellowGreen,SKU-100441,Main Warehouse,990,70,Available,2025-09-26T11:39:29
442,Score DarkGoldenRod,SKU-100442,WH-C,32,218,Low Stock,2025-07-12T17:24:14
443,Baby MediumVioletRed,SKU-100443,WH-A,1942,354,Discontinued,2022-12-16T00:23:58
444,Maybe LightSteelBlue,SKU-100444,WH-B,798,472,Backordered,2023-08-16T18:38:17
445,Amount Cornsilk,SKU-100445,WH-A,1863,241,Low Stock,2023-11-29T06:30:44
446,Best PeachPuff,SKU-100446,WH-B,1042,67,Discontinued,2024-06-03T06:33:09
447,Carry GoldenRod,SKU-100447,WH-B,1403,324,Available,2024-08-21T15:17:22
448,Seem OldLace,SKU-100448,WH-A,1497,267,Discontinued,2023-11-07T01:50:15
449,Adult LightYellow,SKU-100449,WH-B,1679,326,Low Stock,2024-10-01T07:00:19
450,Include Indigo,SKU-100450,WH-B,200,313,Low Stock,2025-07-11T05:48:31
451,End WhiteSmoke,SKU-100451,Main Warehouse,1161,470,Available,2024-03-04T02:08:37
452,Office LavenderBlush,SKU-100452,WH-C,906,121,Discontinued,2025-10-29T06:38:51
453,Establish Beige,SKU-100453,Main Warehouse,1593,257,Available,2024-11-02T21:56:39
454,Girl Olive,SKU-100454,WH-A,735,80,Discontinued,2024-06-25T20:23:55
455,Building Lavender,SKU-100455,Main Warehouse,2,236,Backordered,2025-09-24T01:43:58
456,Bit Gold,SKU-100456,WH-C,1741,314,Available,2024-11-05T07:37:57
457,Natural LimeGreen,SKU-100457,WH-C,1768,110,Available,2023-11-05T10:32:24
458,Crime PaleGreen,SKU-100458,WH-C,561,172,Available,2023-01-22T17:48:33
459,Argue HotPink,SKU-100459,WH-A,1656,100,Available,2024-01-09T10:00:54
460,Chair Gainsboro,SKU-100460,WH-B,1589,340,Discontinued,2025-02-17T12:41:23
461,Include DarkBlue,SKU-100461,WH-B,1147,263,Available,2023-12-12T15:33:04
462,Person FireBrick,SKU-100462,WH-B,1525,491,Backordered,2025-04-20T06:26:41
463,Away Purple,SKU-100463,WH-C,1803,38,Low Stock,2024-05-03T13:13:15
464,Commercial YellowGreen,SKU-100464,WH-C,1030,214,Discontinued,2025-04-19T13:15:37
465,Lay Orchid,SKU-100465,Main Warehouse,96,131,Available,2023-03-11T16:35:09
466,Set SteelBlue,SKU-100466,WH-C,17,319,Low Stock,2024-05-23T17:24:14
467,Score Chocolate,SKU-100467,WH-C,835,360,Discontinued,2023-08-11T03:27:05
468,Nice Red,SKU-100468,WH-C,609,330,Available,2022-11-23T11:55:15
469,Day Green,SKU-100469,WH-B,491,413,Discontinued,2024-12-15T16:52:15
470,Discover PeachPuff,SKU-100470,WH-A,91,48,Low Stock,2023-09-13T11:05:15
471,Item MediumAquaMarine,SKU-100471,WH-B,914,98,Available,2023-06-16T18:58:54
472,Sense MidnightBlue,SKU-100472,WH-A,1784,394,Backordered,2025-05-25T15:01:45
473,Fear Peru,SKU-100473,WH-A,499,135,Backordered,2025-06-24T13:03:30
474,Leader Brown,SKU-100474,Main Warehouse,123,61,Backordered,2023-11-15T09:41:10
475,Deep DarkGreen,SKU-100475,WH-B,304,11,Available,2023-12-12T06:37:19
476,Anything LightPink,SKU-100476,WH-B,1096,346,Low Stock,2025-07-11T20:59:17
477,Few Blue,SKU-100477,WH-C,1630,130,Low Stock,2023-11-11T03:01:29
478,Idea Tomato,SKU-100478,WH-A,1578,291,Low Stock,2024-01-07T18:13:43
479,Blue ForestGreen,SKU-100479,WH-A,1805,395,Discontinued,2023-10-29T06:23:58
480,Fine Gray,SKU-100480,WH-A,1482,409,Discontinued,2025-02-20T02:14:50
481,Happy Peru,SKU-100481,WH-B,850,440,Available,2025-08-24T02:25:37
482,Public LawnGreen,SKU-100482,WH-B,1100,299,Available,2025-09-11T19:29:36
483,Painting BlanchedAlmond,SKU-100483,Main Warehouse,502,387,Discontinued,2024-10-28T20:01:30
484,Give DeepPink,SKU-100484,WH-A,954,393,Backordered,2024-03-11T22:32:27
485,Account Ivory,SKU-100485,Main Warehouse,877,256,Low Stock,2024-11-23T17:10:00
486,Modern Snow,SKU-100486,WH-A,87,21,Backordered,2024-07-30T15:21:19
487,Try MediumSeaGreen,SKU-100487,WH-B,165,141,Available,2025-02-19T18:46:26
488,Garden AntiqueWhite,SKU-100488,WH-A,1979,252,Available,2025-08-14T02:06:04
489,Drive LemonChiffon,SKU-100489,Main Warehouse,233,232,Low Stock,2024-06-08T09:32:31
490,Knowledge PaleGoldenRod,SKU-100490,WH-C,1148,196,Available,2024-03-06T12:50:20
491,Design White,SKU-100491,WH-C,213,102,Low Stock,2024-01-03T22:11:08
492,Eye GhostWhite,SKU-100492,Main Warehouse,13,280,Backordered,2025-08-01T21:56:32
493,Value Peru,SKU-100493,WH-A,1566,66,Available,2025-07-15T23:57:48
494,Professor DarkSlateGray,SKU-100494,WH-C,1635,339,Backordered,2025-09-09T09:15:49
495,Base MediumSlateBlue,SKU-100495,WH-C,531,488,Backordered,2024-01-06T20:37:57
496,End MediumSeaGreen,SKU-100496,Main Warehouse,1240,251,Low Stock,2023-10-20T04:48:13
497,Arm Linen,SKU-100497,Main Warehouse,704,183,Discontinued,2023-05-10T13:25:25
498,Mother SteelBlue,SKU-100498,WH-A,1228,105,Discontinued,2024-12-01T07:14:14
499,Ball DarkOrchid,SKU-100499,Main Warehouse,1020,50,Low Stock,2025-08-27T10:27:35
500,Like BurlyWood,SKU-100500,Main Warehouse,913,385,Available,2023-07-29T11:38:43
501,Deep Gold,SKU-100501,Main Warehouse,1536,82,Discontinued,2025-05-06T10:40:25
502,Rule ForestGreen,SKU-100502,WH-B,1197,191,Discontinued,2023-03-02T23:05:19
503,Oil MediumTurquoise,SKU-100503,WH-A,275,389,Discontinued,2023-10-03T14:30:41
504,Market Blue,SKU-100504,Main Warehouse,1891,407,Discontinued,2023-11-21T13:45:09
505,Across SlateBlue,SKU-100505,WH-B,1925,22,Backordered,2024-02-08T18:23:06
506,Town DimGray,SKU-100506,WH-C,1012,116,Discontinued,2024-10-27T00:07:30
507,Structure ForestGreen,SKU-100507,WH-A,400,288,Discontinued,2025-10-02T07:15:06
508,Third ForestGreen,SKU-100508,WH-C,1685,33,Low Stock,2025-03-18T17:58:13
509,Movie Azure,SKU-100509,WH-B,445,361,Backordered,2025-05-31T01:47:17
510,Production PaleGreen,SKU-100510,Main Warehouse,1968,45,Backordered,2025-07-10T13:05:36
511,Nice Brown,SKU-100511,WH-C,1612,210,Discontinued,2024-12-13T20:24:04
512,You MidnightBlue,SKU-100512,WH-B,1012,227,Low Stock,2025-04-09T21:09:54
513,Current Turquoise,SKU-100513,WH-B,1,161,Available,2023-11-01T14:35:37
514,Power DarkSalmon,SKU-100514,WH-A,1649,244,Discontinued,2024-07-14T00:04:38
515,Despite Gainsboro,SKU-100515,WH-A,1401,162,Low Stock,2024-04-02T12:37:31
516,Actually LightBlue,SKU-100516,WH-A,767,105,Backordered,2025-03-13T00:27:11
517,True Orchid,SKU-100517,WH-B,230,317,Discontinued,2025-02-09T21:59:37
518,Raise DarkSlateGray,SKU-100518,Main Warehouse,424,464,Discontinued,2024-09-26T09:09:25
519,I Beige,SKU-100519,WH-C,981,23,Backordered,2025-05-31T07:12:50
520,Either SteelBlue,SKU-100520,Main Warehouse,641,203,Discontinued,2022-11-20T08:42:39
521,Draw LightSlateGray,SKU-100521,Main Warehouse,1898,21,Low Stock,2025-04-24T19:16:04
522,Month Maroon,SKU-100522,Main Warehouse,1128,296,Low Stock,2023-05-18T21:26:09
523,Among Navy,SKU-100523,WH-A,57,152,Low Stock,2024-10-19T09:42:31
524,Dark PowderBlue,SKU-100524,Main Warehouse,1398,318,Low Stock,2023-12-27T16:53:26
525,Medical SeaShell,SKU-100525,Main Warehouse,1492,126,Available,2023-03-13T21:26:20
526,He Bisque,SKU-100526,WH-C,1180,102,Low Stock,2023-06-05T15:27:39
527,Such RoyalBlue,SKU-100527,WH-A,1354,339,Low Stock,2023-10-12T20:13:09
528,Congress DeepPink,SKU-100528,Main Warehouse,1914,39,Discontinued,2023-07-11T23:23:17
529,Event Lavender,SKU-100529,WH-C,1225,124,Backordered,2023-01-14T22:04:56
530,Seek LightSlateGray,SKU-100530,WH-A,89,474,Backordered,2024-05-10T09:11:31
531,Opportunity DarkOrchid,SKU-100531,WH-A,772,390,Low Stock,2022-11-28T09:05:43
532,Soon YellowGreen,SKU-100532,WH-A,167,288,Discontinued,2024-05-09T16:33:14
533,Someone Turquoise,SKU-100533,WH-B,262,272,Low Stock,2024-05-06T23:18:23
534,Must GhostWhite,SKU-100534,WH-C,982,73,Low Stock,2024-04-09T13:04:09
535,Easy LightGreen,SKU-100535,WH-A,179,284,Available,2024-11-03T20:21:09
536,Work Tan,SKU-100536,Main Warehouse,1426,308,Discontinued,2025-03-18T01:57:25
537,Yes DarkMagenta,SKU-100537,WH-A,1736,433,Discontinued,2025-03-18T10:10:35
538,Even SaddleBrown,SKU-100538,WH-C,1386,239,Backordered,2025-03-12T19:11:04
539,Visit Linen,SKU-100539,Main Warehouse,1831,155,Discontinued,2025-05-08T17:00:52
540,Particular LemonChiffon,SKU-100540,WH-A,646,92,Low Stock,2024-06-15T23:11:26
541,Open Teal,SKU-100541,WH-A,1004,73,Available,2023-09-26T06:38:41
542,Suddenly SaddleBrown,SKU-100542,WH-C,1118,447,Discontinued,2024-08-30T11:16:14
543,Common Pink,SKU-100543,WH-C,855,192,Available,2024-06-04T00:46:11
544,Rate Chocolate,SKU-100544,WH-A,1926,466,Available,2024-12-16T11:26:54
545,Involve LightGray,SKU-100545,Main Warehouse,157,262,Low Stock,2025-06-12T00:02:18
546,Direction Snow,SKU-100546,WH-C,832,451,Low Stock,2025-10-18T07:57:05
547,Clear IndianRed,SKU-100547,WH-A,835,112,Available,2025-05-08T12:46:11
548,Ask DimGray,SKU-100548,WH-B,1221,246,Backordered,2024-11-15T08:03:25
549,Account LightCoral,SKU-100549,WH-C,918,428,Low Stock,2025-01-23T04:32:35
550,When Navy,SKU-100550,Main Warehouse,211,224,Backordered,2024-02-11T07:28:29
551,Rock MintCream,SKU-100551,Main Warehouse,446,259,Available,2023-12-15T05:04:55
552,Trip DarkMagenta,SKU-100552,WH-A,1175,439,Low Stock,2023-12-17T03:09:23
553,Positive DarkMagenta,SKU-100553,WH-A,802,281,Low Stock,2023-04-09T15:12:48
554,Interest Tan,SKU-100554,WH-A,233,400,Low Stock,2025-05-13T01:36:30
555,Spend SlateBlue,SKU-100555,WH-A,1023,49,Discontinued,2024-09-01T20:17:09
556,Whether Violet,SKU-100556,Main Warehouse,712,106,Low Stock,2023-09-24T18:00:19
557,Another LightCoral,SKU-100557,WH-A,796,123,Low Stock,2022-11-06T15:53:49
558,Everyone MidnightBlue,SKU-100558,Main Warehouse,1886,71,Low Stock,2024-04-22T18:09:28
559,To GreenYellow,SKU-100559,WH-A,962,324,Backordered,2023-05-03T21:45:30
560,Other DarkSeaGreen,SKU-100560,WH-C,1184,28,Available,2025-04-05T02:30:28
561,Challenge SaddleBrown,SKU-100561,WH-C,1411,318,Available,2023-09-28T18:17:01
562,Allow DarkViolet,SKU-100562,WH-B,975,354,Low Stock,2025-05-21T11:43:29
563,Fall MediumSpringGreen,SKU-100563,WH-C,1535,161,Backordered,2024-12-06T23:23:24
564,Office LightSteelBlue,SKU-100564,WH-C,1031,125,Backordered,2025-06-13T19:08:20
565,Effect BlueViolet,SKU-100565,Main Warehouse,1850,430,Low Stock,2025-06-27T23:09:46
566,Face DodgerBlue,SKU-100566,WH-A,313,256,Backordered,2023-02-09T11:26:36
567,Should Orange,SKU-100567,WH-B,1236,333,Low Stock,2024-04-26T05:08:39
568,Owner GoldenRod,SKU-100568,WH-B,1865,174,Backordered,2023-04-12T08:51:01
569,Himself LemonChiffon,SKU-100569,WH-A,896,424,Backordered,2025-05-16T03:09:02
570,Popular Azure,SKU-100570,WH-A,1707,317,Low Stock,2022-12-22T05:13:46
571,Admit DarkBlue,SKU-100571,WH-C,1142,460,Available,2023-04-15T08:22:59
572,Response SeaShell,SKU-100572,WH-C,1704,262,Discontinued,2024-09-28T16:55:58
573,Trouble OliveDrab,SKU-100573,WH-B,1852,488,Available,2024-04-28T19:50:24
574,Answer Purple,SKU-100574,WH-B,1447,106,Discontinued,2023-04-27T18:54:36
575,Second SeaGreen,SKU-100575,WH-A,248,366,Discontinued,2023-12-25T05:35:06
576,Wide Plum,SKU-100576,WH-B,1170,316,Backordered,2025-08-03T20:01:58
577,Color LightGreen,SKU-100577,WH-C,528,60,Low Stock,2023-05-26T23:11:00
578,Statement DarkSeaGreen,SKU-100578,WH-C,651,129,Available,2023-03-12T17:46:29
579,Space Sienna,SKU-100579,WH-C,797,121,Available,2024-03-05T11:30:31
580,Street Brown,SKU-100580,WH-B,17,468,Discontinued,2023-09-19T16:07:27
581,Science BlueViolet,SKU-100581,Main Warehouse,1067,348,Backordered,2023-05-13T17:24:44
582,Director WhiteSmoke,SKU-100582,WH-A,1332,310,Discontinued,2023-12-23T08:06:08
583,Stuff CornflowerBlue,SKU-100583,WH-C,742,461,Discontinued,2023-06-20T23:21:40
584,Movement LightSlateGray,SKU-100584,WH-B,1289,152,Available,2024-03-14T06:21:21
585,There IndianRed,SKU-100585,WH-B,1438,65,Discontinued,2025-11-01T13:57:29
586,Responsibility SandyBrown,SKU-100586,Main Warehouse,1302,407,Low Stock,2023-11-17T18:49:14
587,Reach DarkSlateBlue,SKU-100587,WH-C,1332,494,Available,2024-08-05T00:10:01
588,Degree Silver,SKU-100588,Main Warehouse,820,270,Available,2024-12-08T14:36:02
589,Discussion LightSalmon,SKU-100589,WH-A,1796,115,Low Stock,2023-11-10T09:26:15
590,Animal Gray,SKU-100590,Main Warehouse,393,488,Discontinued,2024-04-08T22:08:07
591,Final LightSalmon,SKU-100591,Main Warehouse,58,254,Low Stock,2023-12-05T23:30:10
592,Degree Snow,SKU-100592,WH-A,980,346,Low Stock,2024-12-09T18:53:51
593,Through MediumSpringGreen,SKU-100593,WH-C,1996,15,Low Stock,2024-05-16T03:54:34
594,Fear Gray,SKU-100594,WH-C,271,343,Low Stock,2024-12-06T13:21:41
595,Adult Orchid,SKU-100595,WH-B,1505,445,Backordered,2025-04-10T07:01:19
596,Sometimes MistyRose,SKU-100596,WH-A,1409,325,Low Stock,2025-07-16T07:18:23
597,Time Linen,SKU-100597,WH-A,843,354,Low Stock,2024-05-01T09:23:17
598,Two MediumSpringGreen,SKU-100598,WH-B,1502,130,Discontinued,2025-05-13T20:04:52
599,Leave Coral,SKU-100599,WH-C,631,471,Available,2023-05-06T07:20:20
600,Everything Linen,SKU-100600,WH-A,1825,288,Available,2025-06-29T14:29:53
601,Year MistyRose,SKU-100601,WH-C,594,147,Low Stock,2022-11-20T19:00:39
602,Accept OrangeRed,SKU-100602,WH-C,1558,293,Backordered,2022-11-06T09:29:07
603,Argue Blue,SKU-100603,WH-B,1370,352,Available,2023-07-21T00:43:56
604,Card NavajoWhite,SKU-100604,WH-B,1419,153,Low Stock,2025-03-11T02:46:48
605,Gun OliveDrab,SKU-100605,WH-C,14,367,Backordered,2024-08-20T01:10:59
606,Exactly PaleVioletRed,SKU-100606,Main Warehouse,842,189,Available,2022-12-02T11:53:01
607,Turn GoldenRod,SKU-100607,WH-A,1368,386,Discontinued,2023-06-21T10:23:21
608,Often Salmon,SKU-100608,WH-A,688,223,Backordered,2024-12-04T02:17:59
609,Across MediumAquaMarine,SKU-100609,WH-A,1254,420,Backordered,2025-10-06T06:36:04
610,Just LightSlateGray,SKU-100610,WH-A,632,263,Backordered,2025-09-06T10:36:16
611,Hope DarkSlateGray,SKU-100611,WH-B,1271,286,Available,2025-06-22T11:14:58
612,Save OldLace,SKU-100612,WH-B,957,29,Backordered,2025-09-03T13:54:30
613,Line Wheat,SKU-100613,WH-C,1701,335,Low Stock,2023-06-24T17:58:54
614,Field Yellow,SKU-100614,WH-C,1717,176,Available,2023-12-25T04:24:26
615,Receive LemonChiffon,SKU-100615,WH-A,1041,475,Low Stock,2024-02-05T16:46:35
616,North Yellow,SKU-100616,Main Warehouse,1761,48,Available,2023-03-15T16:18:09
617,Thousand Orchid,SKU-100617,WH-A,1316,112,Backordered,2024-03-03T23:24:53
618,Card Wheat,SKU-100618,Main Warehouse,654,325,Backordered,2023-01-25T20:24:25
619,Magazine RosyBrown,SKU-100619,WH-B,1534,305,Low Stock,2023-11-20T07:43:20
620,Star Linen,SKU-100620,WH-A,1298,499,Low Stock,2024-03-16T05:04:24
621,Sing DarkGray,SKU-100621,WH-B,983,205,Discontinued,2023-11-17T06:56:16
622,All DarkSalmon,SKU-100622,Main Warehouse,1194,349,Discontinued,2024-03-24T06:58:54
623,Involve DarkSlateGray,SKU-100623,WH-B,1587,95,Backordered,2024-07-16T07:53:05
624,Television Brown,SKU-100624,WH-B,474,285,Discontinued,2025-02-02T18:25:12
625,Each MidnightBlue,SKU-100625,WH-A,1164,138,Available,2025-06-27T10:22:23
626,Difficult LightPink,SKU-100626,WH-A,1280,431,Low Stock,2023-12-10T03:23:06
627,Always Sienna,SKU-100627,WH-A,1711,328,Low Stock,2023-06-12T14:51:08
628,Meet LightCyan,SKU-100628,WH-C,259,153,Low Stock,2024-08-17T13:13:36
629,Worry LightSteelBlue,SKU-100629,WH-C,4,203,Discontinued,2025-06-09T10:47:41
630,Growth LightBlue,SKU-100630,WH-B,1049,391,Low Stock,2025-09-09T11:23:13
631,Cup Chocolate,SKU-100631,WH-C,839,107,Low Stock,2023-01-16T20:06:20
632,Game Beige,SKU-100632,WH-C,1381,274,Low Stock,2024-09-09T22:30:50
633,Often DeepSkyBlue,SKU-100633,WH-B,527,116,Discontinued,2024-07-07T00:05:26
634,Trip DarkOrange,SKU-100634,WH-C,209,490,Discontinued,2024-07-16T00:46:33
635,Eat MediumVioletRed,SKU-100635,Main Warehouse,1848,323,Backordered,2025-06-03T06:07:22
636,Employee DarkSalmon,SKU-100636,WH-A,1039,232,Backordered,2023-08-16T00:42:02
637,Model SlateGray,SKU-100637,WH-C,359,155,Low Stock,2024-12-17T21:31:00
638,Low MediumBlue,SKU-100638,WH-B,785,493,Low Stock,2024-10-30T02:17:08
639,Interview Indigo,SKU-100639,WH-C,703,20,Discontinued,2024-06-24T21:19:01
640,Production AntiqueWhite,SKU-100640,WH-C,418,184,Available,2023-02-15T13:03:34
641,Natural SkyBlue,SKU-100641,WH-C,334,398,Backordered,2023-06-02T17:32:38
642,Rock Violet,SKU-100642,WH-C,1800,481,Discontinued,2023-03-27T01:22:02
643,Civil PaleVioletRed,SKU-100643,WH-A,509,301,Discontinued,2023-04-11T06:07:09
644,Easy MediumSeaGreen,SKU-100644,Main Warehouse,580,177,Low Stock,2024-10-27T16:50:06
645,Specific OliveDrab,SKU-100645,WH-C,1230,59,Discontinued,2024-01-11T05:36:12
646,Across Black,SKU-100646,Main Warehouse,672,32,Backordered,2024-07-15T20:08:25
647,Eat Ivory,SKU-100647,Main Warehouse,255,420,Low Stock,2024-05-22T00:33:44
648,Hotel RoyalBlue,SKU-100648,WH-A,77,400,Backordered,2025-03-03T10:13:44
649,His Aqua,SKU-100649,WH-C,279,291,Discontinued,2023-10-25T10:09:19
650,Spend LimeGreen,SKU-100650,WH-B,1913,150,Backordered,2024-01-15T06:00:04
651,Situation DarkOrchid,SKU-100651,Main Warehouse,1365,203,Discontinued,2023-08-12T01:05:15
652,Law DarkCyan,SKU-100652,Main Warehouse,921,311,Backordered,2023-01-18T10:12:43
653,Choose NavajoWhite,SKU-100653,Main Warehouse,33,219,Available,2024-01-01T15:52:47
654,Note Violet,SKU-100654,Main Warehouse,1434,446,Available,2024-05-24T17:43:56
655,Make MediumBlue,SKU-100655,Main Warehouse,1196,36,Available,2023-06-24T15:11:27
656,Song DarkSlateGray,SKU-100656,WH-C,1272,235,Available,2024-10-06T13:56:21
657,Bed White,SKU-100657,WH-A,53,398,Low Stock,2024-04-27T01:42:18
658,Task DarkOrange,SKU-100658,WH-C,1630,497,Discontinued,2025-10-09T16:22:23
659,Quality Violet,SKU-100659,WH-A,689,210,Discontinued,2024-06-27T09:24:39
660,Scientist DarkGray,SKU-100660,WH-C,857,231,Backordered,2025-05-08T04:16:32
661,Yes Navy,SKU-100661,WH-A,1336,183,Available,2025-07-15T12:39:16
662,Significant SlateGray,SKU-100662,Main Warehouse,1932,20,Available,2023-04-22T23:07:58
663,Summer LightGoldenRodYellow,SKU-100663,Main Warehouse,1006,349,Backordered,2023-04-29T05:15:57
664,Wear Linen,SKU-100664,WH-C,1152,464,Low Stock,2024-10-25T13:10:39
665,Partner LightGoldenRodYellow,SKU-100665,WH-B,581,365,Low Stock,2024-03-07T10:26:33
666,Employee LimeGreen,SKU-100666,WH-C,1250,464,Discontinued,2023-10-23T18:30:10
667,Between DarkSeaGreen,SKU-100667,WH-C,38,462,Backordered,2023-09-04T06:38:01
668,Admit DarkSlateGray,SKU-100668,WH-C,1555,475,Available,2023-06-14T16:18:02
669,Boy NavajoWhite,SKU-100669,WH-C,1600,219,Discontinued,2023-04-29T14:07:12
670,Use Salmon,SKU-100670,WH-B,992,185,Backordered,2024-04-28T09:36:42
671,While DarkOrange,SKU-100671,WH-A,277,432,Backordered,2023-11-13T17:57:46
672,Hope DarkSlateBlue,SKU-100672,WH-B,1628,297,Discontinued,2025-08-15T17:43:31
673,Very LimeGreen,SKU-100673,WH-A,965,435,Low Stock,2024-07-23T10:43:35
674,Successful Yellow,SKU-100674,WH-C,1641,238,Available,2023-04-12T18:15:09
675,When DeepPink,SKU-100675,WH-C,1963,27,Low Stock,2023-02-01T02:47:25
676,Particular MediumBlue,SKU-100676,WH-C,114,451,Low Stock,2023-05-16T14:25:01
677,Agent MediumPurple,SKU-100677,WH-C,1784,371,Discontinued,2025-05-05T00:55:06
678,Reveal DarkGoldenRod,SKU-100678,Main Warehouse,1524,98,Discontinued,2025-07-25T00:47:38
679,Special RoyalBlue,SKU-100679,WH-C,1053,414,Available,2024-12-19T21:19:15
680,Year LightSlateGray,SKU-100680,Main Warehouse,1557,397,Low Stock,2023-08-04T23:46:36
681,Only LightCoral,SKU-100681,WH-C,1173,135,Discontinued,2024-12-23T23:41:15
682,Middle Plum,SKU-100682,WH-A,1374,207,Low Stock,2024-03-08T04:05:41
683,Future Navy,SKU-100683,WH-C,1048,189,Low Stock,2025-03-24T14:16:48
684,Find SlateGray,SKU-100684,WH-A,1474,440,Available,2023-05-03T23:16:40
685,Eat LightBlue,SKU-100685,WH-A,1576,50,Low Stock,2024-06-28T17:18:43
686,Bring Indigo,SKU-100686,Main Warehouse,1124,305,Discontinued,2025-06-29T15:49:20
687,Wrong DarkGoldenRod,SKU-100687,WH-C,172,422,Low Stock,2023-02-12T22:37:30
688,Worker MistyRose,SKU-100688,WH-A,1554,160,Backordered,2024-05-29T16:49:04
689,Maybe Olive,SKU-100689,WH-B,1856,454,Discontinued,2023-10-02T11:13:29
690,Across OliveDrab,SKU-100690,Main Warehouse,717,278,Discontinued,2024-04-08T03:05:01
691,Such SandyBrown,SKU-100691,Main Warehouse,99,466,Low Stock,2022-11-19T06:45:41
692,Determine GhostWhite,SKU-100692,Main Warehouse,670,222,Low Stock,2025-08-21T17:21:40
693,Remember Pink,SKU-100693,WH-A,1936,109,Discontinued,2023-03-24T09:23:39
694,While SteelBlue,SKU-100694,WH-B,519,165,Backordered,2025-05-15T05:31:40
695,Analysis Orchid,SKU-100695,WH-B,1287,314,Backordered,2024-09-24T07:22:27
696,Early Tan,SKU-100696,Main Warehouse,1041,409,Discontinued,2025-07-05T03:16:09
697,Why Olive,SKU-100697,WH-B,476,63,Available,2024-06-24T00:40:28
698,Party Indigo,SKU-100698,WH-B,401,123,Backordered,2023-08-09T09:59:05
699,Its DarkSeaGreen,SKU-100699,Main Warehouse,1391,225,Available,2025-01-28T06:20:52
700,All SpringGreen,SKU-100700,Main Warehouse,1462,441,Available,2023-06-13T13:07:22
701,Congress DarkTurquoise,SKU-100701,Main Warehouse,1807,122,Available,2025-06-20T21:15:58
702,Option DarkOrange,SKU-100702,Main Warehouse,617,153,Backordered,2023-07-09T07:49:30
703,Same LightSkyBlue,SKU-100703,Main Warehouse,945,463,Discontinued,2025-10-15T23:02:24
704,Upon Tomato,SKU-100704,WH-B,1382,221,Low Stock,2025-05-24T11:35:03
705,Yourself LightYellow,SKU-100705,Main Warehouse,501,492,Discontinued,2024-02-15T00:29:38
706,And Navy,SKU-100706,Main Warehouse,1102,170,Available,2023-10-21T05:47:56
707,Way MediumSlateBlue,SKU-100707,Main Warehouse,1666,263,Backordered,2023-11-15T19:44:02
708,Research Peru,SKU-100708,Main Warehouse,1978,405,Backordered,2023-01-21T01:20:08
709,Enter Thistle,SKU-100709,WH-C,1401,156,Low Stock,2024-04-01T18:09:29
710,Stuff MediumTurquoise,SKU-100710,WH-C,1718,267,Backordered,2024-07-30T03:19:48
711,Memory LightBlue,SKU-100711,WH-B,1203,191,Low Stock,2025-05-21T09:53:50
712,High Ivory,SKU-100712,Main Warehouse,1535,245,Backordered,2025-03-20T19:59:19
713,Local LightGreen,SKU-100713,WH-A,1970,395,Low Stock,2025-09-11T16:18:44
714,Wife Olive,SKU-100714,Main Warehouse,797,248,Discontinued,2023-11-29T18:29:41
715,Everything Coral,SKU-100715,Main Warehouse,576,22,Backordered,2023-02-14T09:14:04
716,Daughter Gold,SKU-100716,WH-B,46,500,Discontinued,2025-06-08T12:01:18
717,Sister Red,SKU-100717,Main Warehouse,956,191,Available,2023-09-05T00:34:27
718,Least Cornsilk,SKU-100718,WH-C,1222,237,Backordered,2023-04-13T22:20:16
719,Represent SandyBrown,SKU-100719,WH-B,610,55,Available,2025-07-03T20:10:05
720,Hot NavajoWhite,SKU-100720,WH-C,1544,251,Low Stock,2024-10-25T19:39:25
721,Rest LightGray,SKU-100721,WH-B,121,328,Available,2023-05-19T21:28:00
722,Author SaddleBrown,SKU-100722,WH-A,1317,377,Available,2023-10-14T16:36:56
723,Property BlanchedAlmond,SKU-100723,WH-C,1512,27,Discontinued,2025-03-03T02:23:12
724,Ability PeachPuff,SKU-100724,WH-C,815,192,Low Stock,2025-01-26T10:50:43
725,Job LightSkyBlue,SKU-100725,WH-B,1525,158,Backordered,2022-12-26T20:00:09
726,Style LemonChiffon,SKU-100726,WH-C,500,278,Backordered,2024-03-23T02:52:24
727,Key GreenYellow,SKU-100727,Main Warehouse,748,135,Backordered,2023-01-10T15:49:06
728,Product Silver,SKU-100728,WH-B,1871,112,Low Stock,2024-12-09T20:01:17
729,Current DeepPink,SKU-100729,Main Warehouse,880,26,Available,2024-02-23T20:21:50
730,Sort Purple,SKU-100730,WH-A,532,248,Available,2024-07-24T18:40:02
731,Hour DimGray,SKU-100731,WH-A,143,40,Low Stock,2024-03-13T22:32:04
732,Current Tan,SKU-100732,WH-C,1197,395,Backordered,2024-08-24T18:53:11
733,Water GoldenRod,SKU-100733,Main Warehouse,159,50,Discontinued,2022-11-29T14:17:23
734,Itself HotPink,SKU-100734,WH-C,164,54,Available,2023-03-11T18:23:11
735,Home Khaki,SKU-100735,WH-C,1028,120,Discontinued,2025-07-12T14:46:37
736,Teach DarkSeaGreen,SKU-100736,WH-C,822,228,Available,2025-07-07T19:52:17
737,Buy Bisque,SKU-100737,WH-C,1495,166,Discontinued,2023-04-15T06:23:42
738,Population Salmon,SKU-100738,Main Warehouse,870,482,Available,2023-11-25T01:23:16
739,Structure SeaGreen,SKU-100739,Main Warehouse,1046,259,Available,2025-04-18T07:23:08
740,Build Navy,SKU-100740,WH-C,1475,246,Discontinued,2025-09-07T03:40:49
741,Machine LightSlateGray,SKU-100741,Main Warehouse,1374,343,Discontinued,2025-02-04T04:22:12
742,Which Turquoise,SKU-100742,WH-B,1450,324,Available,2025-10-16T19:35:51
743,Talk DarkTurquoise,SKU-100743,WH-C,1458,78,Backordered,2024-03-16T05:58:15
744,Reveal LavenderBlush,SKU-100744,Main Warehouse,702,317,Backordered,2024-07-14T13:18:51
745,Wide GreenYellow,SKU-100745,WH-A,1078,338,Available,2023-07-29T21:47:35
746,Thing Aquamarine,SKU-100746,WH-C,1471,94,Low Stock,2024-06-03T20:29:56
747,Religious DeepPink,SKU-100747,WH-B,7,383,Low Stock,2024-04-24T02:54:33
748,Purpose Red,SKU-100748,WH-B,1016,226,Backordered,2023-06-21T20:00:06
749,Wind FloralWhite,SKU-100749,WH-A,646,152,Discontinued,2023-09-07T08:36:36
750,Movement Maroon,SKU-100750,WH-B,1276,283,Discontinued,2023-05-01T14:31:19
751,Sport LightBlue,SKU-100751,WH-B,1873,89,Available,2023-06-19T15:57:51
752,Note Magenta,SKU-100752,WH-C,112,191,Available,2023-11-12T18:47:23
753,Summer Indigo,SKU-100753,WH-B,1793,55,Discontinued,2024-09-22T13:20:41
754,Out OldLace,SKU-100754,Main Warehouse,66,167,Discontinued,2023-05-18T03:54:42
755,Most SlateGray,SKU-100755,WH-C,923,454,Low Stock,2024-10-20T20:28:51
756,Science DarkOliveGreen,SKU-100756,WH-B,1130,312,Available,2023-07-24T06:29:21
757,Reality Silver,SKU-100757,WH-C,929,385,Backordered,2025-08-13T20:13:00
758,Money DarkViolet,SKU-100758,WH-B,534,243,Backordered,2023-09-06T05:22:21
759,Claim Gray,SKU-100759,WH-C,1694,75,Available,2023-07-31T03:09:51
760,Book Olive,SKU-100760,WH-B,670,320,Backordered,2024-11-22T14:11:23
761,Notice SlateGray,SKU-100761,WH-C,211,18,Low Stock,2024-10-28T20:16:05
762,Interesting CadetBlue,SKU-100762,WH-B,1603,268,Discontinued,2023-07-19T14:25:41
763,Task Coral,SKU-100763,WH-B,1716,192,Available,2025-08-24T04:13:15
764,Action SlateBlue,SKU-100764,Main Warehouse,847,168,Discontinued,2023-12-25T06:20:09
765,Why MediumAquaMarine,SKU-100765,Main Warehouse,619,58,Low Stock,2024-01-25T11:16:42
766,Beyond LightSteelBlue,SKU-100766,WH-A,1985,114,Backordered,2023-11-20T14:59:42
767,Vote Navy,SKU-100767,WH-A,1035,355,Low Stock,2023-05-13T12:09:53
768,Safe Red,SKU-100768,WH-A,289,191,Backordered,2025-10-13T19:32:51
769,Win LightYellow,SKU-100769,WH-B,547,471,Discontinued,2024-09-02T05:49:04
770,Dinner SkyBlue,SKU-100770,WH-C,1094,427,Available,2023-05-27T11:20:32
771,Poor Bisque,SKU-100771,WH-C,430,496,Backordered,2025-05-12T17:45:46
772,Recognize FireBrick,SKU-100772,WH-B,1420,70,Discontinued,2025-09-28T06:42:27
773,Serious Chocolate,SKU-100773,WH-C,703,458,Available,2025-08-11T22:53:01
774,Beat PaleGreen,SKU-100774,WH-C,1445,463,Available,2024-05-21T12:15:05
775,Mother Fuchsia,SKU-100775,WH-B,1988,293,Discontinued,2024-06-17T11:41:19
776,Bank Aquamarine,SKU-100776,WH-C,739,423,Available,2024-03-21T07:00:26
777,Risk PaleGoldenRod,SKU-100777,Main Warehouse,943,186,Low Stock,2024-07-02T02:08:54
778,Class LemonChiffon,SKU-100778,WH-B,1101,115,Available,2022-12-13T08:16:49
779,List HotPink,SKU-100779,WH-B,637,282,Available,2023-10-24T19:44:08
780,Name LightGoldenRodYellow,SKU-100780,WH-A,1499,38,Low Stock,2024-10-24T04:14:54
781,Skill NavajoWhite,SKU-100781,WH-A,1677,142,Discontinued,2025-01-24T08:57:39
782,Everybody Brown,SKU-100782,WH-B,530,75,Low Stock,2024-08-16T09:24:58
783,Bar White,SKU-100783,WH-C,1873,90,Available,2023-05-21T12:53:31
784,He DarkSlateGray,SKU-100784,WH-C,1176,247,Low Stock,2025-03-10T14:52:37
785,White DimGray,SKU-100785,WH-A,1721,310,Available,2025-09-23T11:20:50
786,Report DarkSalmon,SKU-100786,WH-B,129,273,Backordered,2024-03-22T17:36:34
787,Stand Fuchsia,SKU-100787,WH-B,967,473,Low Stock,2025-01-04T19:59:59
788,Claim DarkOrchid,SKU-100788,WH-C,185,54,Backordered,2024-03-26T13:03:16
789,Budget Gold,SKU-100789,Main Warehouse,180,110,Low Stock,2025-10-26T05:48:55
790,Board Blue,SKU-100790,WH-A,680,461,Backordered,2023-12-12T16:35:13
791,Well Magenta,SKU-100791,WH-C,400,444,Available,2023-06-27T17:00:22
792,Education MidnightBlue,SKU-100792,WH-A,656,124,Available,2025-05-21T23:59:02
793,Discussion DarkKhaki,SKU-100793,WH-B,120,423,Backordered,2023-12-27T20:48:50
794,Myself LightGoldenRodYellow,SKU-100794,WH-C,21,240,Discontinued,2022-12-28T16:29:51
795,Meeting MediumSeaGreen,SKU-100795,WH-A,1375,374,Available,2025-07-23T03:04:28
796,Physical BlanchedAlmond,SKU-100796,WH-A,1262,464,Discontinued,2023-09-12T03:17:35
797,Small LightGray,SKU-100797,WH-C,1257,291,Backordered,2024-01-16T01:15:31
798,Start Plum,SKU-100798,WH-C,654,243,Discontinued,2024-10-05T17:23:05
799,When FireBrick,SKU-100799,Main Warehouse,486,393,Backordered,2023-02-16T18:44:49
800,Relate Fuchsia,SKU-100800,WH-C,1815,165,Available,2024-02-14T20:28:42
801,Nor Wheat,SKU-100801,WH-B,1223,312,Available,2024-10-24T19:50:12
802,Owner AliceBlue,SKU-100802,WH-B,832,490,Backordered,2023-04-08T11:33:24
803,Modern DarkKhaki,SKU-100803,WH-C,312,38,Discontinued,2024-01-27T01:09:54
804,Various GoldenRod,SKU-100804,WH-C,1401,52,Available,2025-02-17T03:01:23
805,Guy SpringGreen,SKU-100805,WH-A,858,63,Discontinued,2023-02-23T00:46:02
806,He Thistle,SKU-100806,Main Warehouse,1413,325,Available,2025-08-24T12:53:06
807,I White,SKU-100807,WH-A,120,468,Low Stock,2024-02-19T22:01:06
808,Size LightSteelBlue,SKU-100808,WH-B,1360,138,Low Stock,2025-09-12T00:17:55
809,North DarkOrange,SKU-100809,WH-A,828,284,Low Stock,2023-06-11T07:07:31
810,Today Beige,SKU-100810,Main Warehouse,1688,267,Low Stock,2024-02-23T08:09:34
811,Degree DarkCyan,SKU-100811,WH-B,1407,52,Discontinued,2025-06-06T10:28:42
812,Summer Azure,SKU-100812,WH-C,1900,336,Discontinued,2025-04-26T03:23:57
813,Pattern LemonChiffon,SKU-100813,WH-B,1331,410,Discontinued,2024-11-06T08:36:22
814,Hotel Yellow,SKU-100814,Main Warehouse,1955,84,Available,2025-01-17T22:57:10
815,Glass MistyRose,SKU-100815,WH-B,1293,148,Discontinued,2023-06-03T22:23:17
816,Eat SeaGreen,SKU-100816,WH-A,1527,11,Available,2025-08-13T09:00:57
817,Degree OrangeRed,SKU-100817,WH-C,1164,127,Low Stock,2023-05-01T15:44:04
818,Public CadetBlue,SKU-100818,WH-C,1008,76,Low Stock,2023-06-12T17:51:11
819,Real LightSeaGreen,SKU-100819,Main Warehouse,100,370,Low Stock,2023-06-07T19:02:25
820,Phone AliceBlue,SKU-100820,WH-B,298,25,Available,2023-10-02T06:30:26
821,Message Gainsboro,SKU-100821,Main Warehouse,1869,442,Backordered,2023-10-19T00:32:41
822,These Gainsboro,SKU-100822,WH-C,1260,262,Low Stock,2023-04-13T08:50:47
823,And HotPink,SKU-100823,WH-C,1648,107,Discontinued,2025-09-06T14:38:11
824,Study DarkGoldenRod,SKU-100824,WH-A,296,322,Backordered,2023-05-11T09:50:59
825,Sing GoldenRod,SKU-100825,WH-A,604,181,Low Stock,2025-05-03T13:00:47
826,Treat MistyRose,SKU-100826,WH-A,678,356,Available,2024-05-20T13:26:21
827,Challenge PaleVioletRed,SKU-100827,WH-B,1870,333,Discontinued,2024-05-16T05:02:30
828,Start FloralWhite,SKU-100828,WH-A,1650,204,Available,2024-05-04T02:00:23
829,Game Chocolate,SKU-100829,WH-C,1131,24,Low Stock,2025-01-16T15:24:19
830,Life DarkViolet,SKU-100830,WH-B,536,16,Discontinued,2024-12-06T13:16:00
831,Employee LightSteelBlue,SKU-100831,WH-C,1735,163,Discontinued,2023-02-17T18:00:42
832,Identify Tan,SKU-100832,WH-C,923,498,Discontinued,2024-10-04T13:03:36
833,Democrat BlueViolet,SKU-100833,WH-C,85,377,Available,2023-05-21T06:33:54
834,Bar FireBrick,SKU-100834,WH-C,1783,52,Backordered,2023-05-28T05:30:07
835,Party DarkViolet,SKU-100835,Main Warehouse,803,362,Backordered,2023-07-31T10:50:49
836,Sea MintCream,SKU-100836,WH-B,72,58,Discontinued,2024-12-08T17:48:14
837,He MediumAquaMarine,SKU-100837,WH-C,1284,440,Backordered,2024-05-30T03:12:22
838,Whom DeepSkyBlue,SKU-100838,Main Warehouse,1649,78,Low Stock,2023-04-23T02:40:20
839,Someone NavajoWhite,SKU-100839,Main Warehouse,1087,270,Discontinued,2025-04-18T23:58:17
840,Local Tomato,SKU-100840,Main Warehouse,711,227,Low Stock,2023-11-07T17:13:53
841,Onto MediumVioletRed,SKU-100841,WH-A,421,209,Available,2024-03-06T08:56:08
842,Hair AliceBlue,SKU-100842,Main Warehouse,1325,75,Low Stock,2025-03-13T21:29:13
843,Include IndianRed,SKU-100843,WH-A,1811,55,Available,2024-09-13T19:45:09
844,Subject PaleGoldenRod,SKU-100844,WH-B,1138,205,Available,2024-09-21T15:26:51
845,President Orange,SKU-100845,WH-C,987,435,Backordered,2025-06-18T15:28:22
846,Site LightSlateGray,SKU-100846,Main Warehouse,1848,461,Available,2023-02-11T17:05:42
847,Beat GreenYellow,SKU-100847,WH-A,438,270,Available,2025-05-17T14:08:00
848,Still Ivory,SKU-100848,WH-B,674,72,Backordered,2025-04-16T01:06:13
849,Daughter Tomato,SKU-100849,WH-C,1494,135,Low Stock,2023-03-29T21:41:21
850,Result GreenYellow,SKU-100850,WH-C,630,47,Available,2025-02-01T16:43:23
851,Again GhostWhite,SKU-100851,WH-C,941,424,Available,2023-07-10T00:52:40
852,Act Salmon,SKU-100852,WH-C,477,167,Discontinued,2025-11-01T19:17:52
853,Explain Green,SKU-100853,WH-B,1148,132,Backordered,2023-06-23T20:42:48
854,Southern Brown,SKU-100854,WH-A,1960,386,Discontinued,2022-11-30T05:47:11
855,Head LawnGreen,SKU-100855,Main Warehouse,440,337,Available,2025-09-20T18:45:53
856,Game DarkBlue,SKU-100856,WH-C,1492,123,Low Stock,2024-02-13T19:12:36
857,Plan Yellow,SKU-100857,Main Warehouse,1010,14,Backordered,2023-11-27T13:40:52
858,Computer DeepSkyBlue,SKU-100858,Main Warehouse,1668,330,Discontinued,2025-02-11T21:18:41
859,Past Cyan,SKU-100859,WH-C,778,362,Low Stock,2023-05-02T13:17:58
860,Sell DarkRed,SKU-100860,WH-B,752,406,Low Stock,2023-06-25T14:10:15
861,Second DarkSlateGray,SKU-100861,WH-B,1076,473,Low Stock,2022-12-19T06:56:26
862,Meet Chartreuse,SKU-100862,WH-A,1556,401,Available,2024-11-03T02:49:51
863,Yard Tan,SKU-100863,WH-B,315,135,Backordered,2023-09-20T14:36:16
864,Executive Silver,SKU-100864,WH-B,85,233,Backordered,2023-10-17T22:41:45
865,Item LightPink,SKU-100865,Main Warehouse,1096,382,Backordered,2024-08-01T09:50:04
866,Certain MediumVioletRed,SKU-100866,Main Warehouse,993,474,Discontinued,2025-09-09T06:11:03
867,Mind OrangeRed,SKU-100867,Main Warehouse,1028,19,Discontinued,2025-05-07T05:20:48
868,Wind LawnGreen,SKU-100868,WH-C,663,420,Low Stock,2025-09-30T10:00:08
869,Culture DarkSalmon,SKU-100869,Main Warehouse,1993,147,Backordered,2023-06-23T23:20:46
870,Talk Yellow,SKU-100870,WH-C,1701,304,Discontinued,2022-11-22T08:54:47
871,Less LightSalmon,SKU-100871,WH-C,300,50,Low Stock,2023-01-27T05:52:01
872,Think Gainsboro,SKU-100872,WH-C,1302,112,Available,2025-08-09T23:07:10
873,Culture LightSeaGreen,SKU-100873,Main Warehouse,660,469,Backordered,2024-08-05T13:46:57
874,Happen DarkViolet,SKU-100874,WH-C,1228,331,Low Stock,2024-08-02T20:27:41
875,Off DarkOrchid,SKU-100875,Main Warehouse,562,285,Discontinued,2023-09-25T13:11:50
876,Teacher GhostWhite,SKU-100876,WH-C,178,361,Available,2023-12-16T16:13:13
877,Human SlateGray,SKU-100877,WH-C,1988,279,Discontinued,2025-10-14T04:59:13
878,Five Yellow,SKU-100878,WH-B,877,237,Backordered,2024-06-11T21:45:41
879,More LightSeaGreen,SKU-100879,WH-A,1718,393,Available,2024-04-20T06:43:09
880,Entire Tan,SKU-100880,Main Warehouse,869,141,Backordered,2023-11-04T21:36:43
881,Official LightCyan,SKU-100881,WH-B,549,323,Discontinued,2025-03-26T22:33:35
882,Left CadetBlue,SKU-100882,WH-C,1612,172,Available,2022-11-23T11:34:38
883,Certain MidnightBlue,SKU-100883,WH-C,1594,338,Discontinued,2025-04-25T03:33:43
884,Certain Plum,SKU-100884,WH-C,1816,67,Discontinued,2024-09-12T13:30:35
885,Full SaddleBrown,SKU-100885,Main Warehouse,1084,316,Discontinued,2023-11-04T22:54:46
886,Bank GoldenRod,SKU-100886,WH-B,1915,379,Available,2025-08-04T10:28:14
887,Drug MediumSeaGreen,SKU-100887,WH-A,1158,499,Low Stock,2024-02-02T02:05:33
888,Simply DarkSlateGray,SKU-100888,WH-C,1508,268,Low Stock,2024-09-15T11:52:12
889,Win DarkBlue,SKU-100889,WH-A,1710,66,Discontinued,2024-04-21T12:50:48
890,Case LawnGreen,SKU-100890,WH-B,1714,29,Available,2025-10-21T10:16:00
891,Daughter PeachPuff,SKU-100891,WH-C,1178,253,Low Stock,2023-04-10T23:44:40
892,Physical HotPink,SKU-100892,WH-B,1888,153,Low Stock,2024-08-07T22:27:14
893,Of Cornsilk,SKU-100893,WH-B,1073,153,Low Stock,2024-01-31T05:49:20
894,Start MediumAquaMarine,SKU-100894,WH-C,1581,349,Low Stock,2023-12-26T00:14:37
895,Put DarkKhaki,SKU-100895,Main Warehouse,781,220,Available,2023-05-25T22:03:04
896,Data LightSalmon,SKU-100896,WH-C,892,345,Available,2023-11-15T05:46:40
897,Election MediumVioletRed,SKU-100897,WH-A,1647,334,Available,2025-08-19T04:18:50
898,Little PaleGoldenRod,SKU-100898,WH-C,16,416,Low Stock,2023-03-04T04:15:05
899,Professional ForestGreen,SKU-100899,WH-B,1863,163,Available,2023-07-29T07:09:31
900,Marriage Moccasin,SKU-100900,WH-A,1717,447,Backordered,2023-02-16T18:13:51
901,Down LightSeaGreen,SKU-100901,WH-B,898,392,Low Stock,2024-03-10T13:24:03
902,Detail LightYellow,SKU-100902,WH-C,1627,461,Discontinued,2025-08-16T02:01:42
903,Agree LightYellow,SKU-100903,Main Warehouse,1529,258,Available,2024-12-24T00:05:36
904,City DarkSalmon,SKU-100904,WH-C,668,143,Backordered,2024-06-08T13:52:54
905,Ball Navy,SKU-100905,Main Warehouse,1803,18,Backordered,2024-05-17T10:42:20
906,Act SpringGreen,SKU-100906,WH-B,1199,88,Discontinued,2024-07-09T20:30:26
907,Quite DarkMagenta,SKU-100907,WH-A,1259,465,Discontinued,2023-07-30T18:04:59
908,Smile Yellow,SKU-100908,Main Warehouse,1752,146,Discontinued,2024-01-02T23:51:04
909,Whole LightBlue,SKU-100909,WH-B,1015,79,Available,2024-11-28T03:15:05
910,Discuss DarkSlateGray,SKU-100910,WH-C,1534,115,Discontinued,2023-04-22T17:18:30
911,Source Maroon,SKU-100911,WH-C,1278,303,Available,2024-11-12T22:26:31
912,With Coral,SKU-100912,WH-A,1227,363,Low Stock,2024-07-31T14:07:31
913,Case DarkRed,SKU-100913,WH-C,837,237,Low Stock,2024-08-29T04:26:00
914,Others Violet,SKU-100914,WH-C,1511,31,Low Stock,2023-10-29T04:29:02
915,Eat Peru,SKU-100915,WH-A,1801,461,Backordered,2023-01-14T13:25:57
916,Myself LightGoldenRodYellow,SKU-100916,WH-C,1479,463,Low Stock,2025-10-13T20:29:18
917,Serious Ivory,SKU-100917,WH-B,1763,20,Discontinued,2023-04-15T00:59:49
918,Mission Chartreuse,SKU-100918,Main Warehouse,696,457,Backordered,2023-10-30T06:18:43
919,Follow OliveDrab,SKU-100919,WH-B,182,478,Low Stock,2024-06-12T06:42:41
920,Front DarkSlateBlue,SKU-100920,Main Warehouse,373,223,Backordered,2022-11-05T20:24:23
921,Create Orchid,SKU-100921,WH-B,1930,320,Backordered,2023-03-26T14:37:44
922,Market FloralWhite,SKU-100922,Main Warehouse,978,338,Backordered,2025-10-08T10:55:41
923,Many Gray,SKU-100923,WH-C,1532,212,Available,2024-10-28T23:50:35
924,Black DeepSkyBlue,SKU-100924,Main Warehouse,1149,322,Available,2025-10-11T14:13:40
925,Store LavenderBlush,SKU-100925,Main Warehouse,1700,185,Available,2025-06-02T22:16:12
926,Under DarkOrchid,SKU-100926,WH-A,1243,268,Available,2025-10-16T05:21:51
927,Defense BlanchedAlmond,SKU-100927,Main Warehouse,989,201,Backordered,2024-01-16T09:03:02
928,Either Crimson,SKU-100928,WH-A,313,303,Backordered,2023-02-25T17:02:57
929,Test DarkSalmon,SKU-100929,WH-C,196,416,Backordered,2023-07-05T14:51:25
930,Provide DarkRed,SKU-100930,WH-B,694,115,Available,2024-12-20T02:34:48
931,Form LimeGreen,SKU-100931,Main Warehouse,1879,151,Low Stock,2024-08-26T05:14:10
932,Protect WhiteSmoke,SKU-100932,WH-B,1059,409,Backordered,2023-11-23T11:40:49
933,Let MintCream,SKU-100933,Main Warehouse,557,235,Discontinued,2023-05-09T17:10:39
934,Gas Khaki,SKU-100934,Main Warehouse,717,204,Backordered,2024-11-03T02:24:10
935,Let SandyBrown,SKU-100935,WH-A,985,19,Backordered,2023-02-11T20:38:20
936,Watch White,SKU-100936,WH-C,620,381,Backordered,2023-09-05T11:12:42
937,Whole Cyan,SKU-100937,WH-B,1307,437,Backordered,2024-07-02T18:55:05
938,Sister LightPink,SKU-100938,WH-B,1568,231,Discontinued,2022-12-29T20:44:31
939,Reality SlateBlue,SKU-100939,Main Warehouse,208,182,Discontinued,2024-01-11T22:51:08
940,First WhiteSmoke,SKU-100940,WH-B,1947,82,Available,2024-07-29T20:47:08
941,Sister DeepPink,SKU-100941,WH-C,1572,323,Available,2024-11-20T06:22:08
942,Accept Cyan,SKU-100942,Main Warehouse,829,494,Low Stock,2025-07-12T09:55:36
943,Charge Pink,SKU-100943,WH-C,1771,67,Backordered,2025-03-10T12:55:27
944,Product Blue,SKU-100944,WH-B,737,313,Discontinued,2024-07-14T05:16:04
945,Born LawnGreen,SKU-100945,Main Warehouse,255,36,Available,2023-10-20T15:46:38
946,Indeed Moccasin,SKU-100946,WH-A,252,496,Backordered,2025-08-11T18:28:18
947,Heart BlueViolet,SKU-100947,WH-C,946,242,Low Stock,2024-11-21T08:02:17
948,Hear Coral,SKU-100948,WH-C,1258,144,Low Stock,2025-08-24T03:09:54
949,Join CadetBlue,SKU-100949,WH-A,1676,467,Backordered,2024-02-02T10:42:41
950,Dream OliveDrab,SKU-100950,Main Warehouse,273,98,Backordered,2023-06-18T17:46:25
951,Four IndianRed,SKU-100951,WH-C,959,266,Backordered,2023-08-06T18:23:07
952,Move GreenYellow,SKU-100952,Main Warehouse,521,63,Low Stock,2023-06-17T17:32:08
953,Hot SaddleBrown,SKU-100953,WH-C,553,341,Discontinued,2023-01-29T13:09:58
954,Charge Gray,SKU-100954,WH-C,195,211,Backordered,2025-08-21T11:20:13
955,Large FloralWhite,SKU-100955,WH-C,957,119,Backordered,2023-08-29T03:24:59
956,Officer MediumBlue,SKU-100956,WH-B,486,450,Low Stock,2025-05-05T01:09:22
957,Person Cyan,SKU-100957,WH-C,1979,200,Backordered,2024-08-01T13:22:44
958,Manage DeepPink,SKU-100958,WH-A,1708,406,Backordered,2025-04-05T15:49:28
959,Task Thistle,SKU-100959,Main Warehouse,1529,316,Backordered,2025-04-28T07:24:42
960,National MediumSlateBlue,SKU-100960,Main Warehouse,741,485,Available,2024-10-16T06:29:37
961,Single MintCream,SKU-100961,Main Warehouse,824,32,Low Stock,2024-06-07T22:56:55
962,Car DarkViolet,SKU-100962,WH-C,1286,337,Available,2024-11-20T19:33:23
963,Challenge DarkRed,SKU-100963,WH-B,840,95,Low Stock,2023-02-19T21:07:36
964,Authority Lavender,SKU-100964,WH-B,1518,386,Backordered,2023-02-09T04:08:02
965,Ever LimeGreen,SKU-100965,Main Warehouse,3,163,Available,2025-01-28T06:16:07
966,Score Brown,SKU-100966,Main Warehouse,208,138,Discontinued,2023-12-25T21:04:10
967,Size FireBrick,SKU-100967,Main Warehouse,1297,376,Available,2024-07-19T08:54:58
968,During LightSalmon,SKU-100968,WH-C,1494,262,Discontinued,2025-03-18T06:18:51
969,War Crimson,SKU-100969,WH-B,1995,158,Available,2024-02-15T01:15:51
970,Writer DarkSeaGreen,SKU-100970,WH-C,1461,173,Backordered,2023-04-05T10:56:39
971,Both LightBlue,SKU-100971,WH-A,1061,374,Low Stock,2023-12-30T13:56:57
972,More Ivory,SKU-100972,Main Warehouse,1922,155,Backordered,2023-11-02T17:28:56
973,Plant LightSalmon,SKU-100973,Main Warehouse,75,72,Discontinued,2024-06-19T20:50:26
974,Wind DarkGray,SKU-100974,WH-A,391,321,Discontinued,2025-08-06T16:21:30
975,Positive Cornsilk,SKU-100975,WH-A,39,49,Discontinued,2023-05-24T08:56:42
976,No Cornsilk,SKU-100976,WH-C,1261,357,Available,2025-08-23T13:28:25
977,Red OrangeRed,SKU-100977,WH-A,1552,63,Discontinued,2024-02-29T11:27:11
978,Risk Tomato,SKU-100978,WH-A,1925,206,Discontinued,2023-02-27T21:36:48
979,Culture AliceBlue,SKU-100979,WH-C,1176,27,Discontinued,2023-02-01T00:20:38
980,A GoldenRod,SKU-100980,Main Warehouse,1435,315,Low Stock,2023-10-04T13:46:18
981,Offer Ivory,SKU-100981,WH-C,642,358,Available,2025-09-26T00:00:19
982,Check BlueViolet,SKU-100982,Main Warehouse,1851,370,Low Stock,2024-07-23T19:01:50
983,Answer Wheat,SKU-100983,WH-A,1534,418,Backordered,2024-11-10T09:16:19
984,Student MediumSeaGreen,SKU-100984,WH-B,1361,291,Discontinued,2023-07-31T09:03:03
985,Discuss Khaki,SKU-100985,Main Warehouse,822,356,Low Stock,2023-05-02T22:47:13
986,Then Linen,SKU-100986,WH-C,405,414,Discontinued,2023-01-09T11:58:38
987,Music DarkSlateBlue,SKU-100987,Main Warehouse,491,198,Backordered,2025-04-15T21:39:34
988,Thing CadetBlue,SKU-100988,Main Warehouse,93,260,Available,2023-03-02T01:31:09
989,Parent Tan,SKU-100989,Main Warehouse,262,78,Low Stock,2025-09-04T22:25:04
990,Thousand DarkOliveGreen,SKU-100990,WH-C,1595,53,Low Stock,2024-01-14T15:51:19
991,Today PaleGreen,SKU-100991,WH-B,1640,186,Available,2025-08-21T19:17:52
992,Thousand Orange,SKU-100992,WH-B,1253,13,Available,2025-10-06T18:10:36
993,Garden LightYellow,SKU-100993,WH-C,388,34,Discontinued,2025-01-23T02:52:25
994,Before SlateBlue,SKU-100994,WH-C,337,262,Backordered,2025-07-11T09:00:31
995,Hospital IndianRed,SKU-100995,WH-B,885,217,Low Stock,2025-01-19T14:23:44
996,Future DarkGreen,SKU-100996,WH-C,982,374,Discontinued,2024-08-23T04:16:36
997,Continue Thistle,SKU-100997,Main Warehouse,1574,429,Available,2024-06-16T09:39:38
998,Build MediumPurple,SKU-100998,WH-C,1065,21,Low Stock,2023-04-16T06:38:09
999,Behind DarkTurquoise,SKU-100999,WH-A,1360,36,Discontinued,2023-07-17T15:43:02
1000,Hard DarkKhaki,SKU-101000,WH-B,1647,196,Discontinued,2022-12-28T23:21:08
1001,Some MediumPurple,SKU-101001,WH-C,1148,426,Low Stock,2024-06-06T21:56:43
1002,Officer MediumPurple,SKU-101002,Main Warehouse,1688,22,Low Stock,2025-01-03T01:48:49
1003,Middle YellowGreen,SKU-101003,WH-C,371,495,Discontinued,2023-11-08T16:36:34
1004,Door MintCream,SKU-101004,WH-B,1836,383,Discontinued,2023-07-09T23:54:29
1005,Network AntiqueWhite,SKU-101005,WH-C,1449,408,Available,2023-12-24T10:17:03
1006,When OldLace,SKU-101006,WH-B,1815,269,Discontinued,2024-05-26T01:07:53
1007,Score Salmon,SKU-101007,Main Warehouse,1923,308,Available,2024-05-11T10:31:13
1008,Claim DarkOrange,SKU-101008,WH-A,1659,74,Low Stock,2025-06-10T06:48:58
1009,Return SeaShell,SKU-101009,WH-B,1631,420,Low Stock,2023-09-25T16:42:16
1010,To White,SKU-101010,WH-A,540,330,Low Stock,2023-12-23T17:20:40
1011,Campaign LemonChiffon,SKU-101011,WH-C,1775,91,Discontinued,2023-05-10T02:07:03
1012,Particularly Purple,SKU-101012,WH-A,1890,65,Discontinued,2024-06-06T14:58:12
1013,Common CadetBlue,SKU-101013,WH-B,1726,180,Backordered,2024-09-05T07:59:41
1014,Manager SpringGreen,SKU-101014,Main Warehouse,2000,398,Backordered,2022-12-10T21:08:52
1015,Brother Turquoise,SKU-101015,Main Warehouse,1973,145,Backordered,2023-03-22T14:40:38
1016,White SlateGray,SKU-101016,Main Warehouse,1873,200,Low Stock,2025-02-04T03:12:53
1017,Note Navy,SKU-101017,WH-B,767,361,Backordered,2023-09-08T05:46:55
1018,Among Azure,SKU-101018,WH-C,586,483,Available,2025-02-01T06:24:18
1019,Bag LimeGreen,SKU-101019,WH-A,1066,59,Backordered,2025-09-26T17:45:11
1020,Study PaleGreen,SKU-101020,WH-A,437,205,Discontinued,2023-09-19T13:24:32
1021,Inside Navy,SKU-101021,WH-B,1046,19,Backordered,2024-04-08T17:32:56
1022,Only Navy,SKU-101022,WH-B,118,115,Available,2022-12-24T16:12:50
1023,Since SandyBrown,SKU-101023,WH-B,910,438,Discontinued,2023-06-16T16:24:08
1024,Fish Orange,SKU-101024,WH-C,1598,61,Backordered,2024-08-09T15:52:46
1025,Difficult LightBlue,SKU-101025,Main Warehouse,1923,51,Backordered,2025-01-23T08:55:36
1026,Shoulder Green,SKU-101026,Main Warehouse,1373,78,Low Stock,2024-08-31T21:00:10
1027,Enjoy Lavender,SKU-101027,WH-A,1937,48,Backordered,2023-11-02T07:09:43
1028,Forget LightGreen,SKU-101028,WH-B,406,134,Backordered,2023-09-27T03:20:07
1029,Wonder MediumVioletRed,SKU-101029,WH-C,1996,40,Available,2024-02-19T07:16:25
1030,Remember Gray,SKU-101030,WH-A,378,236,Low Stock,2025-03-24T05:00:37
1031,Probably LightBlue,SKU-101031,WH-B,1866,209,Available,2025-03-12T05:18:49
1032,Everything Linen,SKU-101032,WH-B,3,270,Discontinued,2025-03-16T17:58:51
1033,City HoneyDew,SKU-101033,Main Warehouse,1884,159,Discontinued,2024-05-17T13:58:55
1034,Least MistyRose,SKU-101034,Main Warehouse,94,384,Available,2024-08-12T17:44:59
1035,Color MediumSpringGreen,SKU-101035,Main Warehouse,1354,350,Discontinued,2024-02-22T23:54:55
1036,Technology HotPink,SKU-101036,Main Warehouse,222,288,Low Stock,2024-01-02T21:39:23
1037,Soon BlanchedAlmond,SKU-101037,Main Warehouse,772,83,Backordered,2023-01-12T13:14:03
1038,Save AntiqueWhite,SKU-101038,WH-A,989,225,Discontinued,2024-06-29T06:23:03
1039,Month DarkSalmon,SKU-101039,WH-A,1303,223,Low Stock,2024-02-19T05:19:22
1040,Quickly Blue,SKU-101040,WH-A,1021,85,Available,2024-03-22T08:18:06
1041,Plan DarkGoldenRod,SKU-101041,WH-C,1117,278,Discontinued,2023-08-09T06:18:37
1042,Guess Tan,SKU-101042,WH-A,1345,163,Available,2023-03-03T08:58:39
1043,Appear SeaShell,SKU-101043,Main Warehouse,1666,304,Low Stock,2023-01-27T01:11:14
1044,Into DarkSeaGreen,SKU-101044,WH-A,463,463,Low Stock,2024-10-03T12:55:36
1045,Receive MediumOrchid,SKU-101045,Main Warehouse,1730,162,Backordered,2025-10-21T20:29:50
1046,Trade GhostWhite,SKU-101046,Main Warehouse,525,324,Discontinued,2024-01-08T00:16:11
1047,These LightCoral,SKU-101047,Main Warehouse,611,65,Available,2022-12-20T23:40:03
1048,Street AliceBlue,SKU-101048,Main Warehouse,75,175,Low Stock,2024-11-28T05:00:34
1049,Reveal SlateGray,SKU-101049,WH-A,792,411,Backordered,2025-04-04T15:51:00
1050,Price DarkKhaki,SKU-101050,WH-A,1976,299,Discontinued,2023-07-04T15:46:34
1051,Bank Navy,SKU-101051,WH-A,469,162,Low Stock,2023-09-10T20:33:21
1052,Feeling DimGray,SKU-101052,WH-C,1667,348,Available,2023-03-20T14:04:27
1053,Go Crimson,SKU-101053,Main Warehouse,1398,37,Available,2025-05-03T06:24:37
1054,Prevent Peru,SKU-101054,WH-A,1510,452,Backordered,2023-08-16T10:49:36
1055,Reach LightSkyBlue,SKU-101055,WH-A,384,213,Low Stock,2024-02-06T13:12:38
1056,International DarkTurquoise,SKU-101056,Main Warehouse,951,498,Available,2024-07-01T17:33:44
1057,Together DarkTurquoise,SKU-101057,Main Warehouse,567,99,Available,2024-12-17T15:07:59
1058,Medical LightPink,SKU-101058,WH-C,1888,136,Available,2025-03-14T05:23:02
1059,Fast LightBlue,SKU-101059,WH-B,1305,471,Discontinued,2024-04-28T22:15:39
1060,A DarkOrange,SKU-101060,WH-B,1599,457,Backordered,2023-07-31T23:16:39
1061,Statement Peru,SKU-101061,WH-B,822,417,Available,2023-04-10T10:16:59
1062,Production Coral,SKU-101062,WH-B,356,67,Discontinued,2025-09-09T05:31:00
1063,Begin Aquamarine,SKU-101063,WH-A,1127,372,Discontinued,2025-03-05T02:42:23
1064,Yeah Plum,SKU-101064,WH-C,1623,151,Available,2025-01-20T01:58:22
1065,Air PapayaWhip,SKU-101065,WH-B,1771,441,Low Stock,2024-10-15T02:52:30
1066,Perhaps IndianRed,SKU-101066,WH-B,1582,198,Low Stock,2023-08-07T08:04:41
1067,News Coral,SKU-101067,WH-C,393,359,Available,2025-09-20T11:39:59
1068,Decision Orange,SKU-101068,WH-A,836,195,Discontinued,2025-03-24T23:40:00
1069,Science GoldenRod,SKU-101069,WH-B,1813,421,Backordered,2025-08-08T16:36:31
1070,Alone Olive,SKU-101070,WH-A,983,169,Backordered,2025-10-01T00:43:52
1071,About Indigo,SKU-101071,WH-C,772,303,Low Stock,2024-09-07T09:36:57
1072,Field Ivory,SKU-101072,WH-C,250,23,Low Stock,2025-07-19T22:00:13
1073,Job PaleVioletRed,SKU-101073,WH-A,623,34,Available,2025-02-20T01:19:43
1074,He PaleGoldenRod,SKU-101074,WH-B,1865,288,Low Stock,2023-06-29T19:37:04
1075,Century BlueViolet,SKU-101075,WH-B,177,302,Backordered,2024-12-21T03:10:56
1076,Respond DodgerBlue,SKU-101076,WH-C,1051,497,Discontinued,2022-12-24T14:44:45
1077,Though MediumTurquoise,SKU-101077,WH-A,1908,122,Backordered,2024-04-28T22:09:45
1078,Way SaddleBrown,SKU-101078,Main Warehouse,204,262,Discontinued,2025-04-11T05:59:10
1079,Field Pink,SKU-101079,WH-A,1755,258,Available,2024-12-25T23:47:51
1080,Three Peru,SKU-101080,WH-B,66,186,Discontinued,2022-11-05T16:45:45
1081,Environmental MintCream,SKU-101081,Main Warehouse,1858,39,Backordered,2024-08-11T23:04:01
1082,Leg GhostWhite,SKU-101082,WH-A,265,139,Discontinued,2023-08-20T06:05:16
1083,Popular DarkTurquoise,SKU-101083,WH-A,675,57,Discontinued,2024-02-15T17:49:22
1084,Somebody SpringGreen,SKU-101084,WH-C,1107,424,Low Stock,2024-12-21T12:04:47
1085,Population MintCream,SKU-101085,WH-C,427,132,Discontinued,2023-08-12T21:25:23
1086,Finally Thistle,SKU-101086,Main Warehouse,1144,142,Available,2022-11-12T10:15:42
1087,Argue DarkRed,SKU-101087,Main Warehouse,1564,436,Discontinued,2025-07-03T05:09:11
1088,Baby MediumSpringGreen,SKU-101088,Main Warehouse,951,453,Discontinued,2023-05-14T05:46:04
1089,Support Aquamarine,SKU-101089,WH-A,19,208,Backordered,2023-07-29T02:49:33
1090,Realize HoneyDew,SKU-101090,WH-B,635,176,Discontinued,2024-07-15T11:23:06
1091,In DarkMagenta,SKU-101091,WH-B,1725,50,Discontinued,2024-03-04T12:18:37
1092,Everything BlueViolet,SKU-101092,WH-B,91,126,Low Stock,2023-01-25T21:27:47
1093,Might PaleGreen,SKU-101093,WH-B,541,307,Discontinued,2023-01-24T17:18:05
1094,Board Gray,SKU-101094,Main Warehouse,682,477,Discontinued,2025-09-17T03:54:06
1095,But DeepPink,SKU-101095,WH-C,1778,184,Available,2024-02-07T17:45:48
1096,Model SaddleBrown,SKU-101096,WH-A,618,287,Backordered,2024-06-03T15:16:52
1097,Difference YellowGreen,SKU-101097,WH-A,1201,165,Discontinued,2023-10-03T15:12:37
1098,Mind MediumSeaGreen,SKU-101098,WH-B,1727,69,Available,2025-02-16T06:31:36
1099,Clear SlateBlue,SKU-101099,WH-C,792,20,Backordered,2025-07-13T18:10:05
1100,Rule PapayaWhip,SKU-101100,WH-C,332,257,Available,2022-11-19T19:18:47
1101,Some DeepPink,SKU-101101,Main Warehouse,1217,409,Backordered,2023-08-03T07:43:03
1102,Sister LightSlateGray,SKU-101102,WH-C,1644,254,Discontinued,2022-12-14T15:39:32
1103,Wish NavajoWhite,SKU-101103,WH-A,215,65,Available,2025-01-30T19:31:31
1104,Three Khaki,SKU-101104,Main Warehouse,1952,304,Discontinued,2023-07-21T12:31:47
1105,Buy MediumOrchid,SKU-101105,Main Warehouse,628,461,Discontinued,2023-08-17T04:01:16
1106,Themselves SteelBlue,SKU-101106,WH-C,593,354,Backordered,2024-02-10T02:13:37
1107,Surface MediumBlue,SKU-101107,Main Warehouse,699,246,Low Stock,2024-02-17T11:12:19
1108,He PaleGreen,SKU-101108,Main Warehouse,310,95,Discontinued,2025-10-28T23:13:53
1109,Population Olive,SKU-101109,WH-B,606,269,Backordered,2024-06-05T03:57:30
1110,System DarkGoldenRod,SKU-101110,WH-C,1931,358,Available,2025-10-15T00:36:49
1111,Whatever DarkSeaGreen,SKU-101111,WH-B,1187,15,Backordered,2022-11-15T11:56:05
1112,Believe PapayaWhip,SKU-101112,Main Warehouse,1082,449,Backordered,2023-11-04T19:34:24
1113,Social HotPink,SKU-101113,Main Warehouse,23,441,Discontinued,2025-09-18T22:27:10
1114,Politics LavenderBlush,SKU-101114,Main Warehouse,1481,312,Low Stock,2024-05-19T13:50:53
1115,Your Tomato,SKU-101115,Main Warehouse,138,121,Low Stock,2024-07-05T04:40:05
1116,Current LightCoral,SKU-101116,Main Warehouse,1601,290,Discontinued,2024-03-30T10:34:20
1117,What Teal,SKU-101117,WH-A,1279,402,Discontinued,2025-10-11T19:10:10
1118,Staff Crimson,SKU-101118,Main Warehouse,1823,243,Discontinued,2023-06-06T11:18:34
1119,Itself DarkOrchid,SKU-101119,WH-C,959,30,Low Stock,2024-10-13T21:28:54
1120,Really Linen,SKU-101120,Main Warehouse,295,202,Low Stock,2023-02-24T10:11:33
1121,Activity SeaShell,SKU-101121,Main Warehouse,959,311,Low Stock,2024-01-20T16:26:32
1122,Hospital Bisque,SKU-101122,Main Warehouse,142,353,Available,2022-12-29T11:35:45
1123,Would MediumSpringGreen,SKU-101123,WH-A,1938,234,Low Stock,2023-02-27T04:04:17
1124,Sign Cyan,SKU-101124,WH-C,252,76,Discontinued,2025-05-22T12:18:24
1125,Alone LimeGreen,SKU-101125,WH-B,383,348,Available,2024-12-24T19:30:08
1126,Suffer DarkSlateGray,SKU-101126,Main Warehouse,1105,471,Low Stock,2025-03-11T01:44:40
1127,General SkyBlue,SKU-101127,WH-C,413,93,Low Stock,2022-12-13T04:17:00
1128,Experience LightSeaGreen,SKU-101128,WH-B,1401,492,Low Stock,2023-07-16T09:34:19
1129,At Salmon,SKU-101129,WH-A,1613,83,Low Stock,2022-12-18T00:48:47
1130,Turn YellowGreen,SKU-101130,WH-B,516,153,Discontinued,2024-04-10T08:34:24
1131,Business Teal,SKU-101131,WH-A,1612,215,Available,2023-12-04T12:11:02
1132,His Blue,SKU-101132,Main Warehouse,1159,142,Low Stock,2024-07-20T17:25:07
1133,Argue Navy,SKU-101133,WH-A,816,323,Backordered,2023-11-01T15:06:48
1134,Address BurlyWood,SKU-101134,WH-B,390,184,Discontinued,2023-02-07T14:33:23
1135,Six Green,SKU-101135,Main Warehouse,661,408,Low Stock,2022-12-24T15:16:41
1136,Blood Magenta,SKU-101136,WH-C,185,79,Backordered,2025-07-02T18:26:00
1137,Future GhostWhite,SKU-101137,WH-B,987,376,Available,2025-09-01T13:55:10
1138,Teacher DarkSlateBlue,SKU-101138,WH-A,1608,205,Backordered,2025-08-29T00:11:42
1139,Statement LightYellow,SKU-101139,WH-C,1087,463,Backordered,2024-02-03T18:08:13
1140,Be Magenta,SKU-101140,WH-C,1088,255,Backordered,2023-07-29T20:40:42
1141,Great MistyRose,SKU-101141,WH-B,218,69,Available,2023-03-08T22:21:44
1142,Her Khaki,SKU-101142,WH-C,341,195,Backordered,2024-12-27T16:50:02
1143,Unit Olive,SKU-101143,WH-C,1852,83,Available,2024-05-25T16:04:14
1144,Military DarkGoldenRod,SKU-101144,WH-C,507,237,Discontinued,2023-10-06T22:36:28
1145,Keep MediumVioletRed,SKU-101145,WH-C,1987,77,Backordered,2024-08-27T09:45:29
1146,Stay Purple,SKU-101146,WH-C,1639,25,Discontinued,2024-06-28T21:32:19
1147,Institution PeachPuff,SKU-101147,Main Warehouse,1127,281,Discontinued,2024-08-03T05:07:42
1148,Ago Blue,SKU-101148,Main Warehouse,56,357,Low Stock,2024-05-17T02:20:38
1149,Popular Linen,SKU-101149,WH-A,468,379,Low Stock,2024-06-27T16:40:34
1150,Nearly Khaki,SKU-101150,WH-B,250,137,Available,2023-04-10T12:10:40
1151,Note LimeGreen,SKU-101151,Main Warehouse,70,471,Available,2024-06-27T11:01:48
1152,Never BurlyWood,SKU-101152,WH-C,1147,215,Discontinued,2023-12-29T22:42:34
1153,Knowledge LightSeaGreen,SKU-101153,WH-B,1948,313,Low Stock,2024-08-22T18:26:04
1154,Sit LightSkyBlue,SKU-101154,Main Warehouse,1158,278,Discontinued,2023-03-05T09:21:41
1155,Power Orange,SKU-101155,WH-B,1883,463,Discontinued,2023-03-05T18:22:55
1156,Mission Silver,SKU-101156,WH-B,1692,418,Available,2023-07-10T23:20:42
1157,I DarkTurquoise,SKU-101157,WH-C,1641,90,Backordered,2022-12-30T10:27:22
1158,Market LightSkyBlue,SKU-101158,WH-C,1632,219,Low Stock,2023-03-03T00:45:27
1159,Seven GhostWhite,SKU-101159,WH-A,970,478,Discontinued,2023-11-15T11:14:24
1160,Above LightSteelBlue,SKU-101160,WH-C,615,68,Discontinued,2025-07-10T22:59:31
1161,Three DeepSkyBlue,SKU-101161,WH-A,480,109,Low Stock,2024-01-08T10:25:38
1162,Piece Salmon,SKU-101162,WH-A,964,12,Available,2024-09-25T13:10:01
1163,Others CornflowerBlue,SKU-101163,WH-C,160,369,Available,2024-01-14T20:18:26
1164,Society DarkOrchid,SKU-101164,WH-B,1079,259,Backordered,2025-08-28T02:41:22
1165,Benefit White,SKU-101165,WH-C,1402,50,Low Stock,2024-10-21T07:54:04
1166,Anyone SlateGray,SKU-101166,WH-A,301,358,Low Stock,2025-07-22T10:31:00
1167,Note Gainsboro,SKU-101167,WH-A,168,380,Discontinued,2023-03-26T06:59:37
1168,Accept GhostWhite,SKU-101168,WH-C,609,197,Backordered,2023-04-14T11:13:09
1169,Analysis Yellow,SKU-101169,WH-A,815,151,Discontinued,2025-10-01T04:39:51
1170,Behavior Linen,SKU-101170,WH-B,1348,452,Available,2025-01-14T19:51:50
1171,Risk NavajoWhite,SKU-101171,WH-A,1778,464,Backordered,2025-09-11T07:04:54
1172,New White,SKU-101172,Main Warehouse,850,77,Discontinued,2025-08-04T14:51:55
1173,Congress DarkGoldenRod,SKU-101173,WH-C,1331,388,Available,2024-09-30T11:06:32
1174,Capital LawnGreen,SKU-101174,WH-A,728,97,Discontinued,2024-11-15T15:16:40
1175,Produce SlateGray,SKU-101175,Main Warehouse,517,151,Low Stock,2025-10-25T00:28:42
1176,Fine LightCyan,SKU-101176,WH-A,470,454,Discontinued,2023-09-18T00:09:04
1177,Size Chocolate,SKU-101177,WH-A,985,283,Backordered,2022-11-11T11:47:36
1178,Health DarkSlateGray,SKU-101178,WH-C,1505,287,Low Stock,2023-01-01T11:28:18
1179,Church DarkSeaGreen,SKU-101179,WH-B,27,303,Backordered,2023-06-17T00:46:26
1180,Least MintCream,SKU-101180,Main Warehouse,290,471,Low Stock,2024-04-16T02:40:04
1181,Sing Yellow,SKU-101181,WH-B,814,283,Available,2023-05-01T10:24:42
1182,Both Olive,SKU-101182,Main Warehouse,100,417,Available,2024-06-12T06:53:47
1183,Own DeepPink,SKU-101183,WH-C,687,238,Low Stock,2023-03-07T09:37:56
1184,Nice SpringGreen,SKU-101184,WH-B,275,215,Discontinued,2023-11-25T20:22:16
1185,Class DarkBlue,SKU-101185,WH-A,548,389,Backordered,2023-08-31T11:51:33
1186,Occur DarkSalmon,SKU-101186,WH-A,1271,334,Discontinued,2024-08-26T07:04:31
1187,Matter DarkRed,SKU-101187,WH-A,195,196,Available,2024-05-16T09:36:28
1188,Economy MintCream,SKU-101188,WH-A,1158,231,Discontinued,2024-05-19T03:21:25
1189,Chair DarkOliveGreen,SKU-101189,Main Warehouse,1370,77,Available,2023-08-25T21:07:04
1190,Street Pink,SKU-101190,WH-B,717,47,Low Stock,2023-07-09T10:57:10
1191,Full MediumAquaMarine,SKU-101191,WH-A,244,444,Low Stock,2025-08-31T19:44:17
1192,Number Cornsilk,SKU-101192,WH-C,258,131,Low Stock,2024-01-25T18:04:11
1193,Represent LightCoral,SKU-101193,WH-B,1985,299,Discontinued,2023-03-17T17:50:52
1194,Than Maroon,SKU-101194,WH-A,1702,147,Low Stock,2023-08-10T21:33:24
1195,Enter DarkSlateBlue,SKU-101195,Main Warehouse,1199,184,Low Stock,2025-02-25T05:40:57
1196,There Wheat,SKU-101196,WH-A,703,284,Backordered,2023-07-28T08:32:18
1197,Kid DarkTurquoise,SKU-101197,WH-C,1660,73,Available,2024-12-27T07:29:00
1198,Speak Green,SKU-101198,Main Warehouse,1725,118,Discontinued,2023-01-19T16:40:34
1199,Hard Ivory,SKU-101199,WH-A,578,317,Low Stock,2024-11-28T01:03:14
1200,Candidate GhostWhite,SKU-101200,WH-A,1851,413,Discontinued,2025-05-29T02:10:04
1201,Tend IndianRed,SKU-101201,WH-C,1700,489,Discontinued,2024-02-10T23:14:45
1202,Behavior LightPink,SKU-101202,WH-C,1425,449,Available,2024-04-25T22:45:01
1203,Hair LimeGreen,SKU-101203,WH-C,1873,103,Backordered,2023-01-31T23:25:07
1204,Those MediumBlue,SKU-101204,Main Warehouse,1693,131,Discontinued,2023-03-19T08:24:37
1205,Consumer ForestGreen,SKU-101205,WH-B,789,76,Backordered,2025-08-01T22:09:40
1206,Work LawnGreen,SKU-101206,WH-A,1059,483,Low Stock,2025-03-29T17:51:14
1207,Break Aqua,SKU-101207,WH-A,364,163,Discontinued,2025-03-11T07:34:08
1208,Behavior Purple,SKU-101208,Main Warehouse,482,398,Discontinued,2025-06-29T06:03:25
1209,So MidnightBlue,SKU-101209,Main Warehouse,983,97,Backordered,2022-12-28T23:36:12
1210,See Gray,SKU-101210,WH-C,391,335,Backordered,2023-03-21T08:37:37
1211,Join BlanchedAlmond,SKU-101211,WH-B,1289,462,Backordered,2024-01-07T02:29:56
1212,Throw Tan,SKU-101212,WH-C,1275,469,Discontinued,2025-01-25T23:26:03
1213,Wrong Pink,SKU-101213,Main Warehouse,337,319,Discontinued,2025-10-28T23:39:53
1214,Southern Lime,SKU-101214,WH-C,975,66,Backordered,2024-10-13T17:58:39
1215,Table PaleGoldenRod,SKU-101215,Main Warehouse,1541,374,Backordered,2025-06-14T22:33:40
1216,Free SeaGreen,SKU-101216,WH-B,1831,275,Available,2023-05-31T12:08:38
1217,Part MediumPurple,SKU-101217,WH-B,1256,478,Available,2023-06-10T05:38:59
1218,Many Yellow,SKU-101218,WH-B,553,485,Available,2023-07-29T08:51:35
1219,Parent Coral,SKU-101219,WH-C,256,160,Discontinued,2022-11-03T07:34:11
1220,Bank Turquoise,SKU-101220,Main Warehouse,1968,35,Available,2025-02-12T21:42:50
1221,However Cyan,SKU-101221,WH-A,1162,156,Available,2024-09-06T23:25:45
1222,Create Orchid,SKU-101222,WH-A,858,367,Backordered,2025-02-23T16:23:03
1223,Example DimGray,SKU-101223,Main Warehouse,467,254,Discontinued,2024-05-17T18:06:23
1224,Admit SkyBlue,SKU-101224,WH-B,589,460,Low Stock,2023-07-31T06:45:41
1225,Product Navy,SKU-101225,Main Warehouse,782,365,Low Stock,2023-01-19T11:12:08
1226,Open LightGray,SKU-101226,WH-B,749,143,Low Stock,2025-06-24T03:43:00
1227,State Wheat,SKU-101227,WH-A,452,221,Low Stock,2024-03-08T00:31:20
1228,Manager DarkGray,SKU-101228,WH-A,1219,399,Available,2025-10-06T15:45:38
1229,Reduce SeaShell,SKU-101229,WH-C,1890,435,Available,2025-09-01T09:43:29
1230,Six CornflowerBlue,SKU-101230,WH-A,1390,180,Low Stock,2024-09-14T07:29:18
1231,Magazine AliceBlue,SKU-101231,Main Warehouse,495,65,Available,2024-11-19T15:54:28
1232,Financial Violet,SKU-101232,Main Warehouse,377,429,Low Stock,2023-03-22T08:19:20
1233,Lot DarkSeaGreen,SKU-101233,Main Warehouse,636,476,Available,2022-11-17T12:29:58
1234,Look BlanchedAlmond,SKU-101234,WH-C,1006,453,Backordered,2025-04-21T13:28:22
1235,Call DarkViolet,SKU-101235,Main Warehouse,1170,413,Available,2025-07-26T15:54:34
1236,As Chocolate,SKU-101236,WH-A,1298,43,Backordered,2023-02-08T02:54:15
1237,Concern AliceBlue,SKU-101237,WH-B,1880,322,Low Stock,2023-06-21T22:38:39
1238,Nor MediumSeaGreen,SKU-101238,WH-B,675,322,Backordered,2025-01-31T12:19:15
1239,Meeting LightSeaGreen,SKU-101239,Main Warehouse,1640,166,Low Stock,2024-10-10T21:05:35
1240,Ask LemonChiffon,SKU-101240,WH-B,1178,285,Low Stock,2023-09-21T11:59:03
1241,Hope Beige,SKU-101241,WH-C,1262,223,Discontinued,2022-11-26T00:27:36
1242,Company SpringGreen,SKU-101242,Main Warehouse,1612,254,Available,2025-01-02T23:10:55
1243,Player OrangeRed,SKU-101243,WH-C,510,451,Available,2025-05-19T19:00:59
1244,Cause Yellow,SKU-101244,WH-B,340,230,Low Stock,2023-12-13T07:24:38
1245,Price RosyBrown,SKU-101245,WH-C,952,383,Low Stock,2023-08-22T08:23:30
1246,Executive OrangeRed,SKU-101246,Main Warehouse,664,15,Available,2023-10-15T03:34:36
1247,Mrs DarkOliveGreen,SKU-101247,WH-B,293,319,Available,2025-02-14T19:19:28
1248,Data RosyBrown,SKU-101248,WH-A,1440,335,Available,2023-09-23T20:57:27
1249,Director PaleGreen,SKU-101249,Main Warehouse,615,441,Discontinued,2023-09-04T10:04:50
1250,Its GreenYellow,SKU-101250,Main Warehouse,138,452,Backordered,2023-03-30T18:52:38
1251,High LightSlateGray,SKU-101251,WH-C,298,241,Discontinued,2023-11-27T03:43:49
1252,Back Khaki,SKU-101252,WH-B,1724,387,Backordered,2022-12-13T18:30:20
1253,Human PaleGreen,SKU-101253,WH-C,532,347,Available,2024-06-08T03:13:26
1254,Information MistyRose,SKU-101254,WH-C,360,338,Low Stock,2023-07-03T17:32:07
1255,Fact PapayaWhip,SKU-101255,WH-A,820,327,Discontinued,2024-05-09T10:01:24
1256,Bit BlueViolet,SKU-101256,WH-B,1482,371,Available,2025-08-01T09:54:19
1257,This DeepSkyBlue,SKU-101257,Main Warehouse,907,496,Backordered,2025-07-05T11:17:52
1258,According FireBrick,SKU-101258,WH-C,1937,302,Low Stock,2023-06-09T23:35:37
1259,Agent GhostWhite,SKU-101259,WH-B,626,499,Low Stock,2025-09-17T10:56:34
1260,Yard MediumSeaGreen,SKU-101260,Main Warehouse,1203,19,Backordered,2024-03-16T17:16:33
1261,Newspaper Sienna,SKU-101261,WH-C,1748,118,Low Stock,2024-12-27T00:04:21
1262,We PaleGoldenRod,SKU-101262,WH-C,357,272,Discontinued,2025-10-25T17:53:46
1263,Ground Bisque,SKU-101263,WH-B,684,243,Low Stock,2023-10-23T07:12:12
1264,Remain ForestGreen,SKU-101264,WH-B,1694,418,Available,2025-10-02T08:12:48
1265,Very LightSlateGray,SKU-101265,WH-B,504,20,Discontinued,2024-02-01T13:06:45
1266,Second PapayaWhip,SKU-101266,WH-B,567,184,Low Stock,2024-10-12T03:57:39
1267,Collection PeachPuff,SKU-101267,WH-B,103,102,Low Stock,2024-12-19T11:29:41
1268,Majority Red,SKU-101268,Main Warehouse,635,61,Low Stock,2023-07-01T18:26:19
1269,Area Olive,SKU-101269,WH-B,600,398,Discontinued,2024-11-03T06:46:02
1270,Husband DeepPink,SKU-101270,WH-C,44,334,Backordered,2024-12-14T16:49:31
1271,Generation MediumVioletRed,SKU-101271,WH-B,1463,429,Discontinued,2023-12-17T06:05:40
1272,His YellowGreen,SKU-101272,WH-B,112,133,Low Stock,2024-05-29T13:51:08
1273,Place DimGray,SKU-101273,WH-C,91,175,Available,2023-11-27T21:26:00
1274,Media PaleVioletRed,SKU-101274,Main Warehouse,98,74,Low Stock,2025-01-12T02:12:04
1275,Floor DarkViolet,SKU-101275,WH-B,668,59,Available,2025-02-23T08:13:06
1276,Visit SteelBlue,SKU-101276,Main Warehouse,1451,55,Backordered,2022-12-04T20:26:09
1277,Common Yellow,SKU-101277,WH-C,664,283,Discontinued,2025-04-18T10:08:47
1278,Hour SkyBlue,SKU-101278,WH-A,1646,310,Backordered,2023-07-04T04:13:05
1279,Should DarkGoldenRod,SKU-101279,WH-A,559,87,Low Stock,2023-10-29T20:26:51
1280,Interview DeepPink,SKU-101280,WH-C,1938,184,Discontinued,2023-06-04T15:14:10
1281,Others LightPink,SKU-101281,WH-C,145,50,Low Stock,2025-06-16T08:22:02
1282,Usually MediumTurquoise,SKU-101282,WH-C,1665,200,Available,2025-05-23T03:19:39
1283,Benefit LightSeaGreen,SKU-101283,WH-B,656,129,Available,2023-02-11T16:24:07
1284,Five Lavender,SKU-101284,Main Warehouse,1578,274,Available,2024-08-06T20:47:42
1285,Return Ivory,SKU-101285,WH-A,1729,137,Backordered,2023-10-09T12:29:04
1286,Stay SlateGray,SKU-101286,WH-A,715,376,Low Stock,2024-10-27T23:47:35
1287,Now MediumVioletRed,SKU-101287,WH-C,1251,140,Available,2023-08-28T12:37:48
1288,Treat HoneyDew,SKU-101288,Main Warehouse,225,180,Discontinued,2023-09-07T18:19:59
1289,Expect Gold,SKU-101289,WH-C,733,264,Available,2024-09-23T23:01:52
1290,Ability LimeGreen,SKU-101290,Main Warehouse,885,418,Low Stock,2023-01-04T21:24:47
1291,Development Blue,SKU-101291,WH-B,1963,273,Low Stock,2023-02-11T06:33:45
1292,Admit LightGreen,SKU-101292,WH-C,838,135,Available,2023-10-03T15:42:09
1293,Institution Moccasin,SKU-101293,Main Warehouse,246,391,Discontinued,2023-05-31T17:05:15
1294,Baby DarkRed,SKU-101294,WH-B,1731,446,Available,2024-05-07T22:47:29
1295,Natural WhiteSmoke,SKU-101295,WH-C,1826,495,Discontinued,2025-05-23T11:50:15
1296,Me CadetBlue,SKU-101296,WH-B,647,77,Available,2025-03-08T01:49:21
1297,Party Beige,SKU-101297,WH-A,938,233,Available,2025-06-05T03:45:51
1298,Lead RoyalBlue,SKU-101298,WH-C,85,158,Low Stock,2025-10-20T13:35:06
1299,Product Silver,SKU-101299,WH-A,643,320,Discontinued,2024-06-29T00:03:02
1300,Election PowderBlue,SKU-101300,WH-C,1367,343,Discontinued,2023-08-27T15:09:22
1301,There PaleGoldenRod,SKU-101301,Main Warehouse,943,459,Available,2025-09-26T18:42:26
1302,Side DarkViolet,SKU-101302,WH-C,388,361,Low Stock,2024-04-08T13:42:41
1303,Rest Cyan,SKU-101303,Main Warehouse,49,477,Available,2025-10-19T15:12:31
1304,Reason Orange,SKU-101304,WH-A,223,32,Available,2024-07-26T05:34:41
1305,Agency AliceBlue,SKU-101305,WH-C,1567,396,Discontinued,2024-08-30T05:10:54
1306,Environment ForestGreen,SKU-101306,WH-A,1739,35,Low Stock,2025-09-16T14:21:24
1307,Partner FloralWhite,SKU-101307,WH-B,994,435,Available,2024-10-02T09:15:02
1308,Discover DimGray,SKU-101308,WH-B,78,153,Discontinued,2023-05-25T10:33:54
1309,Adult Orange,SKU-101309,WH-A,790,490,Low Stock,2023-08-03T03:40:27
1310,Religious SeaGreen,SKU-101310,WH-A,834,270,Discontinued,2025-02-28T18:30:56
1311,What LightCyan,SKU-101311,WH-C,181,280,Backordered,2023-08-03T10:13:30
1312,Age Purple,SKU-101312,Main Warehouse,1906,315,Available,2024-06-19T16:42:27
1313,Price MidnightBlue,SKU-101313,WH-C,1285,28,Discontinued,2023-07-22T18:03:32
1314,Participant Beige,SKU-101314,WH-C,819,398,Low Stock,2022-11-29T08:30:03
1315,Participant Chartreuse,SKU-101315,Main Warehouse,980,100,Available,2023-04-16T17:38:48
1316,Out LemonChiffon,SKU-101316,WH-A,981,496,Low Stock,2024-01-25T22:58:07
1317,World HoneyDew,SKU-101317,Main Warehouse,320,431,Available,2023-12-01T07:27:33
1318,Public RosyBrown,SKU-101318,WH-A,1378,352,Backordered,2024-06-16T17:43:21
1319,Member OldLace,SKU-101319,Main Warehouse,316,333,Low Stock,2024-12-13T11:44:13
1320,Couple Tan,SKU-101320,Main Warehouse,431,190,Discontinued,2024-10-28T23:47:44
1321,Degree LightGoldenRodYellow,SKU-101321,WH-C,36,248,Low Stock,2025-10-12T11:07:30
1322,Even Silver,SKU-101322,WH-A,1964,283,Low Stock,2023-01-11T04:08:49
1323,Third LightSteelBlue,SKU-101323,WH-A,1574,214,Discontinued,2023-12-05T17:16:44
1324,Oil HotPink,SKU-101324,WH-C,211,338,Backordered,2025-03-11T04:42:46
1325,Admit SpringGreen,SKU-101325,WH-C,2000,155,Low Stock,2023-11-25T11:20:26
1326,Later FireBrick,SKU-101326,Main Warehouse,945,466,Available,2023-05-29T00:56:56
1327,Up WhiteSmoke,SKU-101327,WH-C,793,256,Backordered,2025-03-30T16:20:48
1328,Answer DarkKhaki,SKU-101328,WH-A,1932,232,Discontinued,2024-01-17T09:50:10
1329,Game LimeGreen,SKU-101329,Main Warehouse,920,200,Available,2024-11-14T06:56:23
1330,Environment GreenYellow,SKU-101330,WH-C,1562,261,Available,2023-07-03T14:29:50
1331,Owner WhiteSmoke,SKU-101331,WH-A,870,165,Backordered,2025-07-19T20:54:44
1332,Kid FireBrick,SKU-101332,Main Warehouse,93,189,Backordered,2023-02-18T03:57:14
1333,Commercial Beige,SKU-101333,Main Warehouse,424,165,Low Stock,2025-01-20T17:26:40
1334,Simple LemonChiffon,SKU-101334,WH-A,1031,34,Discontinued,2022-11-11T09:29:58
1335,Discover SandyBrown,SKU-101335,WH-B,1205,487,Low Stock,2022-12-06T07:42:29
1336,Voice Brown,SKU-101336,WH-A,1474,26,Low Stock,2025-07-02T09:43:42
1337,Question MediumAquaMarine,SKU-101337,WH-C,1083,437,Backordered,2024-07-13T00:58:46
1338,School LightGray,SKU-101338,Main Warehouse,678,398,Low Stock,2023-09-01T01:20:31
1339,They Lavender,SKU-101339,WH-B,1578,250,Discontinued,2023-06-11T07:54:11
1340,New LightCoral,SKU-101340,Main Warehouse,1627,133,Available,2023-05-29T17:26:57
1341,Throughout DimGray,SKU-101341,WH-B,203,203,Discontinued,2025-08-07T20:18:47
1342,Color CornflowerBlue,SKU-101342,Main Warehouse,221,313,Low Stock,2024-08-18T09:19:32
1343,Thought FireBrick,SKU-101343,Main Warehouse,220,200,Backordered,2025-06-08T19:04:43
1344,Body Aquamarine,SKU-101344,Main Warehouse,1378,88,Available,2024-02-24T15:18:39
1345,At AliceBlue,SKU-101345,WH-A,294,144,Available,2023-06-21T00:37:55
1346,Director Cyan,SKU-101346,WH-B,1953,201,Backordered,2023-10-13T14:34:11
1347,Read MidnightBlue,SKU-101347,WH-C,657,22,Available,2024-08-12T20:36:55
1348,Sea YellowGreen,SKU-101348,WH-C,605,312,Available,2023-02-07T11:37:52
1349,Note SeaGreen,SKU-101349,WH-A,1363,298,Low Stock,2023-10-29T07:26:36
1350,Pull Blue,SKU-101350,Main Warehouse,822,333,Discontinued,2024-04-16T23:07:48
1351,Detail DarkSlateGray,SKU-101351,WH-B,1065,271,Discontinued,2025-07-22T03:58:58
1352,Physical Chartreuse,SKU-101352,WH-B,634,203,Available,2023-11-19T11:18:36
1353,Continue RosyBrown,SKU-101353,Main Warehouse,439,16,Low Stock,2025-06-23T02:00:45
1354,Peace LightGoldenRodYellow,SKU-101354,WH-C,509,279,Low Stock,2025-10-05T05:05:28
1355,Law FloralWhite,SKU-101355,WH-A,56,25,Available,2025-07-05T19:30:13
1356,Involve Purple,SKU-101356,WH-C,457,170,Low Stock,2023-09-25T04:47:42
1357,Without GoldenRod,SKU-101357,WH-C,1266,489,Low Stock,2025-10-18T23:02:36
1358,Test LawnGreen,SKU-101358,WH-A,1007,364,Backordered,2024-09-10T01:09:19
1359,Future DeepSkyBlue,SKU-101359,WH-A,896,300,Discontinued,2023-11-04T00:31:02
1360,Send YellowGreen,SKU-101360,WH-C,555,221,Discontinued,2023-04-24T12:44:53
1361,Type Turquoise,SKU-101361,WH-B,1048,327,Discontinued,2023-07-21T05:14:26
1362,Sell DarkOrange,SKU-101362,WH-B,735,61,Discontinued,2025-09-26T18:03:13
1363,Official AntiqueWhite,SKU-101363,WH-B,297,182,Low Stock,2024-10-15T21:32:55
1364,Fire DarkGreen,SKU-101364,Main Warehouse,1593,177,Discontinued,2023-01-22T15:42:44
1365,Very Beige,SKU-101365,WH-A,8,94,Low Stock,2025-10-24T04:43:00
1366,Conference CadetBlue,SKU-101366,WH-B,76,76,Low Stock,2025-04-09T19:13:05
1367,Exactly GhostWhite,SKU-101367,WH-C,79,200,Discontinued,2024-05-22T18:36:06
1368,Still Yellow,SKU-101368,Main Warehouse,924,446,Available,2023-12-31T23:48:07
1369,Suggest Teal,SKU-101369,WH-B,736,50,Backordered,2024-10-09T15:09:53
1370,Chance Beige,SKU-101370,WH-A,1691,144,Available,2024-04-11T05:35:31
1371,Modern ForestGreen,SKU-101371,WH-B,1581,451,Available,2024-01-31T13:27:15
1372,Medical Beige,SKU-101372,WH-C,142,221,Discontinued,2025-03-09T23:51:18
1373,Carry SlateBlue,SKU-101373,Main Warehouse,88,373,Available,2024-06-22T22:34:16
1374,Road WhiteSmoke,SKU-101374,WH-B,445,306,Low Stock,2024-08-24T22:14:58
1375,Card DarkCyan,SKU-101375,Main Warehouse,1079,293,Backordered,2024-02-22T06:26:58
1376,Arrive LemonChiffon,SKU-101376,WH-C,995,335,Available,2025-03-06T20:27:54
1377,Push Chartreuse,SKU-101377,Main Warehouse,1637,109,Discontinued,2025-06-29T20:55:33
1378,Back Sienna,SKU-101378,WH-A,668,81,Discontinued,2024-09-08T04:26:33
1379,Cup MediumSeaGreen,SKU-101379,Main Warehouse,1252,175,Backordered,2024-05-27T03:02:32
1380,Group SteelBlue,SKU-101380,WH-C,620,89,Available,2025-05-05T15:29:20
1381,Ever SlateGray,SKU-101381,WH-B,327,419,Backordered,2025-04-30T13:45:45
1382,Kitchen SeaShell,SKU-101382,WH-B,514,284,Discontinued,2024-01-21T12:25:34
1383,Southern DarkOliveGreen,SKU-101383,WH-B,1483,46,Low Stock,2024-02-01T19:50:25
1384,Future SpringGreen,SKU-101384,Main Warehouse,480,246,Available,2023-04-15T07:28:39
1385,Baby DarkViolet,SKU-101385,WH-C,751,31,Low Stock,2024-09-09T15:46:10
1386,Approach Tomato,SKU-101386,WH-A,1715,437,Available,2024-12-05T21:17:03
1387,Local BlueViolet,SKU-101387,WH-A,1424,88,Discontinued,2023-07-04T20:55:42
1388,Per Wheat,SKU-101388,Main Warehouse,1292,310,Available,2025-08-05T10:23:25
1389,Professor DarkGreen,SKU-101389,WH-C,1613,72,Low Stock,2024-12-31T21:16:17
1390,Health AntiqueWhite,SKU-101390,Main Warehouse,13,206,Available,2023-10-31T21:03:12
1391,Describe PaleGoldenRod,SKU-101391,WH-A,540,242,Available,2023-11-30T06:43:31
1392,Wind Red,SKU-101392,WH-A,1701,62,Low Stock,2025-04-09T15:43:59
1393,About SpringGreen,SKU-101393,WH-C,1734,495,Discontinued,2023-02-15T13:27:14
1394,Too Silver,SKU-101394,WH-B,1819,165,Discontinued,2023-04-29T21:00:32
1395,Hit Blue,SKU-101395,Main Warehouse,1147,292,Low Stock,2022-11-08T23:13:28
1396,Service DeepSkyBlue,SKU-101396,WH-C,129,33,Low Stock,2025-01-28T19:45:52
1397,Very Chartreuse,SKU-101397,WH-C,160,153,Available,2024-03-18T07:10:32
1398,Major LightBlue,SKU-101398,WH-B,1547,45,Available,2023-02-17T06:14:40
1399,Relate DarkTurquoise,SKU-101399,WH-A,1933,449,Available,2025-03-24T18:42:46
1400,Project MediumSlateBlue,SKU-101400,WH-C,19,495,Backordered,2023-01-22T09:44:03
1401,Together CornflowerBlue,SKU-101401,WH-A,1428,370,Low Stock,2025-02-22T02:01:09
1402,Purpose Gainsboro,SKU-101402,WH-B,644,335,Available,2025-02-28T14:58:40
1403,Face SkyBlue,SKU-101403,Main Warehouse,1789,310,Available,2023-03-15T05:26:16
1404,Space DarkSlateBlue,SKU-101404,WH-C,638,240,Available,2023-04-11T21:53:37
1405,Picture SkyBlue,SKU-101405,WH-C,848,10,Backordered,2024-02-01T01:47:35
1406,Clearly Magenta,SKU-101406,WH-A,1652,472,Discontinued,2023-12-26T15:24:27
1407,Risk DeepPink,SKU-101407,Main Warehouse,204,161,Discontinued,2022-12-18T22:04:23
1408,Sense NavajoWhite,SKU-101408,WH-B,141,21,Low Stock,2024-10-25T03:27:39
1409,Admit DarkSlateGray,SKU-101409,WH-A,537,424,Backordered,2023-10-10T14:18:19
1410,Middle MediumBlue,SKU-101410,Main Warehouse,556,171,Discontinued,2024-08-06T05:59:59
1411,Case Chartreuse,SKU-101411,WH-B,1938,401,Low Stock,2023-03-09T11:57:32
1412,Treatment Black,SKU-101412,Main Warehouse,671,348,Discontinued,2023-11-24T10:34:26
1413,Think Thistle,SKU-101413,WH-C,1619,37,Discontinued,2024-05-15T12:14:05
1414,Believe Tan,SKU-101414,WH-C,55,123,Low Stock,2023-10-16T19:03:50
1415,Special SpringGreen,SKU-101415,Main Warehouse,543,142,Discontinued,2024-12-28T13:50:38
1416,Physical Coral,SKU-101416,WH-A,1237,492,Low Stock,2024-08-30T22:57:02
1417,Town MediumSpringGreen,SKU-101417,WH-B,1246,64,Low Stock,2025-09-30T12:15:21
1418,Hotel DarkBlue,SKU-101418,Main Warehouse,1531,324,Backordered,2024-09-01T01:04:07
1419,Executive LightGoldenRodYellow,SKU-101419,WH-A,380,427,Discontinued,2023-10-17T05:14:33
1420,Seem LightGreen,SKU-101420,WH-C,145,12,Discontinued,2024-10-02T02:35:06
1421,Expert LightCoral,SKU-101421,WH-A,459,95,Discontinued,2025-10-09T19:05:01
1422,Themselves DarkGoldenRod,SKU-101422,Main Warehouse,718,129,Available,2024-05-10T04:39:09
1423,Kid SeaShell,SKU-101423,WH-A,712,260,Discontinued,2023-11-24T07:08:38
1424,When YellowGreen,SKU-101424,WH-B,179,360,Available,2024-01-29T18:04:42
1425,Final Fuchsia,SKU-101425,WH-A,54,283,Discontinued,2024-10-08T11:12:24
1426,Material LavenderBlush,SKU-101426,WH-C,604,218,Available,2023-11-14T12:26:36
1427,Continue MintCream,SKU-101427,WH-B,659,125,Discontinued,2023-10-24T20:30:01
1428,Whose DarkTurquoise,SKU-101428,WH-A,795,486,Backordered,2022-12-09T05:24:52
1429,Current SaddleBrown,SKU-101429,WH-A,125,153,Discontinued,2023-08-15T16:05:37
1430,Require LightPink,SKU-101430,WH-C,1946,276,Discontinued,2025-03-06T09:45:22
1431,Nation LimeGreen,SKU-101431,Main Warehouse,1227,163,Discontinued,2023-05-13T07:48:33
1432,Explain Peru,SKU-101432,WH-C,1041,139,Available,2025-06-15T20:56:26
1433,Young LightGoldenRodYellow,SKU-101433,Main Warehouse,24,469,Low Stock,2024-07-04T16:45:00
1434,Position DarkSlateGray,SKU-101434,Main Warehouse,1655,64,Available,2024-06-13T06:42:21
1435,Rock LightCoral,SKU-101435,WH-A,1886,466,Discontinued,2025-10-07T07:48:00
1436,Care PaleGoldenRod,SKU-101436,Main Warehouse,8,395,Available,2025-07-03T19:49:58
1437,Your DarkSalmon,SKU-101437,Main Warehouse,995,496,Low Stock,2025-03-09T05:53:35
1438,Upon LightCyan,SKU-101438,Main Warehouse,641,303,Backordered,2023-10-16T18:30:29
1439,Most DarkSlateBlue,SKU-101439,WH-B,1656,113,Available,2023-01-31T20:28:07
1440,Door DeepPink,SKU-101440,Main Warehouse,1080,62,Available,2025-02-15T09:00:07
1441,Cell LightCoral,SKU-101441,WH-A,905,64,Discontinued,2023-08-30T04:24:41
1442,Film LavenderBlush,SKU-101442,WH-A,74,152,Available,2024-04-11T11:08:23
1443,Mrs DarkGreen,SKU-101443,WH-B,1888,57,Backordered,2024-08-25T15:56:52
1444,General Gainsboro,SKU-101444,WH-C,601,54,Backordered,2023-05-16T17:08:31
1445,Nearly LightSteelBlue,SKU-101445,WH-C,1739,313,Discontinued,2025-04-10T12:55:37
1446,Sound DeepPink,SKU-101446,Main Warehouse,572,126,Low Stock,2024-09-27T15:19:21
1447,Cost LightBlue,SKU-101447,WH-B,1363,348,Backordered,2025-06-16T13:20:30
1448,Over OrangeRed,SKU-101448,Main Warehouse,1436,483,Backordered,2024-11-07T16:13:42
1449,Star DarkSlateBlue,SKU-101449,WH-C,1925,92,Low Stock,2023-12-05T22:19:26
1450,Though LightGoldenRodYellow,SKU-101450,WH-A,983,407,Available,2024-07-14T08:57:25
1451,Activity Blue,SKU-101451,WH-B,1488,129,Backordered,2024-01-25T00:02:34
1452,Answer Linen,SKU-101452,WH-B,1857,10,Available,2024-04-26T04:15:56
1453,When Tan,SKU-101453,WH-C,1264,365,Low Stock,2025-06-26T02:52:29
1454,Station PapayaWhip,SKU-101454,Main Warehouse,1283,216,Backordered,2024-03-02T00:59:10
1455,Look Aqua,SKU-101455,WH-B,1473,207,Available,2025-05-29T22:29:32
1456,Official DarkCyan,SKU-101456,Main Warehouse,1326,435,Discontinued,2024-11-11T11:22:01
1457,Alone LavenderBlush,SKU-101457,WH-B,212,242,Low Stock,2024-09-14T16:11:44
1458,Fact Aqua,SKU-101458,WH-C,1563,228,Low Stock,2023-05-01T01:18:14
1459,Score MediumOrchid,SKU-101459,WH-C,1037,263,Low Stock,2022-12-26T04:30:03
1460,Stop Peru,SKU-101460,WH-B,1623,392,Backordered,2025-10-12T10:51:36
1461,Wear DarkSlateGray,SKU-101461,Main Warehouse,1756,178,Low Stock,2023-03-24T13:22:52
1462,Try OliveDrab,SKU-101462,WH-B,1773,255,Discontinued,2023-05-07T05:06:55
1463,Baby RosyBrown,SKU-101463,Main Warehouse,1359,57,Backordered,2024-05-20T10:47:33
1464,Support Cornsilk,SKU-101464,WH-A,1895,500,Low Stock,2024-06-11T04:18:03
1465,Run Ivory,SKU-101465,WH-C,1180,112,Available,2023-10-16T17:23:26
1466,Stage Aqua,SKU-101466,Main Warehouse,1878,321,Discontinued,2024-11-11T12:24:18
1467,Director LightSteelBlue,SKU-101467,Main Warehouse,1919,27,Discontinued,2023-06-13T06:35:04
1468,Carry MediumTurquoise,SKU-101468,WH-A,748,196,Available,2023-11-03T14:51:02
1469,Learn LightCyan,SKU-101469,Main Warehouse,1787,127,Backordered,2023-06-09T03:33:51
1470,Several Black,SKU-101470,Main Warehouse,1244,74,Available,2024-10-13T20:36:20
1471,Debate Plum,SKU-101471,WH-A,795,79,Backordered,2023-11-12T07:07:40
1472,Must MediumBlue,SKU-101472,WH-A,805,367,Low Stock,2024-08-20T21:47:23
1473,Know Silver,SKU-101473,WH-C,1536,144,Discontinued,2025-09-18T14:10:17
1474,Month LightPink,SKU-101474,WH-C,820,116,Discontinued,2024-12-19T11:44:12
1475,Describe PaleVioletRed,SKU-101475,WH-A,208,490,Backordered,2023-11-19T06:09:29
1476,Account Brown,SKU-101476,WH-C,738,258,Available,2022-12-06T15:33:21
1477,Grow DarkBlue,SKU-101477,WH-B,1227,377,Low Stock,2025-01-03T09:41:09
1478,Indicate Teal,SKU-101478,WH-C,1354,77,Discontinued,2025-10-02T15:38:38
1479,Air Maroon,SKU-101479,WH-A,1483,286,Discontinued,2025-06-15T20:52:16
1480,Real PaleVioletRed,SKU-101480,Main Warehouse,1953,392,Low Stock,2025-05-30T00:34:20
1481,Include PapayaWhip,SKU-101481,WH-C,659,74,Available,2023-06-11T16:05:50
1482,Series Cyan,SKU-101482,WH-C,48,328,Low Stock,2023-03-22T23:09:57
1483,Let DarkViolet,SKU-101483,Main Warehouse,109,13,Available,2025-09-28T15:45:21
1484,Risk MediumBlue,SKU-101484,WH-A,1605,500,Available,2023-04-02T01:04:02
1485,Friend SeaShell,SKU-101485,WH-A,170,428,Backordered,2024-08-24T23:46:04
1486,Fly Lavender,SKU-101486,Main Warehouse,151,222,Available,2024-03-16T05:10:52
1487,Hair LightSlateGray,SKU-101487,Main Warehouse,394,297,Backordered,2024-09-29T11:25:17
1488,Increase LightCyan,SKU-101488,WH-C,1982,404,Available,2022-12-16T04:42:50
1489,Raise Crimson,SKU-101489,WH-B,1940,54,Low Stock,2025-07-19T19:35:20
1490,Authority PowderBlue,SKU-101490,WH-A,96,354,Low Stock,2023-09-28T04:30:11
1491,Strategy Brown,SKU-101491,WH-B,1087,447,Backordered,2025-02-12T17:44:49
1492,Class Gray,SKU-101492,Main Warehouse,1704,303,Available,2023-12-03T09:39:22
1493,Hotel Coral,SKU-101493,Main Warehouse,979,75,Low Stock,2025-10-01T23:43:03
1494,Eat Magenta,SKU-101494,WH-B,150,41,Backordered,2023-11-03T19:16:37
1495,Building DarkBlue,SKU-101495,WH-C,1083,73,Discontinued,2024-05-01T08:08:58
1496,A Bisque,SKU-101496,Main Warehouse,1942,331,Low Stock,2023-04-12T21:58:37
1497,Mother DarkKhaki,SKU-101497,Main Warehouse,1753,471,Backordered,2025-02-28T15:58:33
1498,Turn Aqua,SKU-101498,WH-C,1484,224,Available,2025-08-15T02:17:18
1499,Provide Navy,SKU-101499,WH-B,258,46,Low Stock,2025-06-28T03:23:43
1500,Bring CadetBlue,SKU-101500,WH-B,42,220,Low Stock,2024-11-26T21:25:13
1501,Above DeepSkyBlue,SKU-101501,WH-A,1077,382,Discontinued,2023-11-22T13:37:48
1502,Tree Sienna,SKU-101502,WH-C,248,256,Discontinued,2025-01-31T02:55:55
1503,Form LightGray,SKU-101503,WH-A,1306,332,Low Stock,2024-02-15T19:14:17
1504,Dark White,SKU-101504,WH-A,318,107,Discontinued,2024-09-14T16:58:54
1505,Rather MediumSpringGreen,SKU-101505,WH-C,1565,69,Discontinued,2023-07-14T12:39:27
1506,Large DarkGray,SKU-101506,WH-B,867,269,Low Stock,2023-04-21T17:49:32
1507,Trip Crimson,SKU-101507,WH-C,1869,330,Available,2022-11-04T00:18:31
1508,Each Violet,SKU-101508,Main Warehouse,1735,246,Discontinued,2025-06-01T05:58:20
1509,Again BurlyWood,SKU-101509,WH-C,30,438,Low Stock,2025-07-22T05:59:12
1510,Class DarkGray,SKU-101510,WH-B,461,410,Available,2025-05-26T05:56:16
1511,Mention SlateGray,SKU-101511,WH-B,1348,101,Backordered,2024-03-06T01:14:31
1512,State Turquoise,SKU-101512,WH-B,1614,470,Low Stock,2023-08-18T07:37:11
1513,Scene LightBlue,SKU-101513,Main Warehouse,1648,242,Available,2025-08-16T15:45:22
1514,Apply LightBlue,SKU-101514,WH-B,779,464,Low Stock,2023-01-03T13:56:02
1515,Small DarkOrange,SKU-101515,Main Warehouse,1194,143,Backordered,2025-01-21T17:13:47
1516,Whose DarkViolet,SKU-101516,WH-B,1917,105,Backordered,2024-04-19T10:23:14
1517,Country OldLace,SKU-101517,WH-B,1857,324,Discontinued,2023-12-10T21:38:04
1518,Few PapayaWhip,SKU-101518,WH-C,528,164,Backordered,2023-12-20T21:28:38
1519,Brother SteelBlue,SKU-101519,WH-B,1641,481,Discontinued,2024-05-12T16:27:30
1520,Listen SlateGray,SKU-101520,Main Warehouse,1038,67,Available,2025-03-24T01:01:33
1521,Dog Gainsboro,SKU-101521,WH-A,633,410,Low Stock,2022-12-15T03:05:37
1522,Financial Khaki,SKU-101522,WH-B,94,228,Backordered,2023-05-07T04:01:42
1523,Themselves LightCoral,SKU-101523,WH-A,1239,372,Available,2025-10-18T02:49:33
1524,Message Chartreuse,SKU-101524,WH-C,1150,265,Discontinued,2024-02-17T17:37:17
1525,Charge DarkViolet,SKU-101525,WH-A,1722,180,Backordered,2024-04-13T18:41:39
1526,Let White,SKU-101526,WH-C,1216,355,Available,2025-02-26T04:35:25
1527,Authority Navy,SKU-101527,Main Warehouse,1430,465,Low Stock,2023-01-14T03:23:12
1528,Computer DarkOrchid,SKU-101528,Main Warehouse,1086,255,Available,2023-07-13T14:17:41
1529,Reach DarkKhaki,SKU-101529,WH-B,1888,192,Available,2024-08-08T10:02:00
1530,Short DarkSeaGreen,SKU-101530,WH-B,32,375,Backordered,2022-11-12T15:11:59
1531,Them DarkBlue,SKU-101531,Main Warehouse,1953,130,Discontinued,2024-08-18T08:59:26
1532,Voice OliveDrab,SKU-101532,WH-B,238,221,Low Stock,2025-08-09T13:11:11
1533,Live MediumPurple,SKU-101533,Main Warehouse,809,381,Available,2023-10-12T07:24:01
1534,Run LightGray,SKU-101534,WH-B,298,107,Backordered,2023-11-28T03:27:09
1535,Let MistyRose,SKU-101535,WH-C,148,284,Available,2024-07-24T01:07:03
1536,Boy MediumPurple,SKU-101536,WH-B,1274,173,Backordered,2023-09-23T15:54:22
1537,Seat DarkBlue,SKU-101537,Main Warehouse,959,404,Low Stock,2024-12-14T09:06:20
1538,Cultural Ivory,SKU-101538,Main Warehouse,1986,479,Low Stock,2024-06-19T00:08:39
1539,Tv DarkBlue,SKU-101539,WH-C,2000,260,Backordered,2024-01-03T04:17:56
1540,Job MediumSpringGreen,SKU-101540,WH-C,138,298,Low Stock,2025-10-31T05:30:42
1541,Drive Wheat,SKU-101541,WH-C,1474,241,Backordered,2025-04-12T10:00:05
1542,Change Azure,SKU-101542,WH-A,150,42,Discontinued,2025-10-01T18:41:06
1543,East FloralWhite,SKU-101543,WH-B,801,482,Discontinued,2025-03-05T20:27:50
1544,Respond Gold,SKU-101544,WH-A,447,373,Discontinued,2024-07-15T00:15:48
1545,Need DarkRed,SKU-101545,WH-B,1968,191,Discontinued,2023-12-24T12:21:12
1546,Always LightSalmon,SKU-101546,Main Warehouse,1767,230,Available,2024-12-19T00:19:22
1547,Away Peru,SKU-101547,WH-A,328,196,Backordered,2023-09-21T19:15:05
1548,Work Thistle,SKU-101548,WH-B,420,116,Available,2025-01-08T06:49:12
1549,Early Beige,SKU-101549,WH-A,1112,31,Backordered,2023-01-02T02:04:59
1550,Cup YellowGreen,SKU-101550,Main Warehouse,1958,137,Available,2024-03-17T05:40:34
1551,Real SaddleBrown,SKU-101551,WH-B,1183,95,Backordered,2024-05-29T06:19:44
1552,Party SlateGray,SKU-101552,WH-B,1047,248,Low Stock,2024-05-15T05:14:40
1553,Challenge Red,SKU-101553,WH-B,1637,66,Available,2024-07-26T05:01:21
1554,Doctor LightSkyBlue,SKU-101554,Main Warehouse,1398,376,Low Stock,2025-03-15T19:23:25
1555,Investment RoyalBlue,SKU-101555,WH-A,351,335,Discontinued,2025-09-03T23:21:01
1556,Often Beige,SKU-101556,WH-B,1466,228,Backordered,2023-10-17T11:58:06
1557,Carry Silver,SKU-101557,WH-C,1115,188,Low Stock,2024-06-21T05:09:17
1558,Message LightCoral,SKU-101558,WH-B,5,251,Low Stock,2024-01-22T05:09:19
1559,Food Silver,SKU-101559,WH-A,131,325,Discontinued,2024-05-12T21:13:40
1560,Shake DarkViolet,SKU-101560,WH-A,1127,161,Low Stock,2024-12-07T00:55:26
1561,Book CornflowerBlue,SKU-101561,Main Warehouse,518,434,Available,2025-09-01T23:47:49
1562,Recognize HoneyDew,SKU-101562,Main Warehouse,1396,376,Low Stock,2022-11-17T21:53:17
1563,Degree SlateBlue,SKU-101563,Main Warehouse,1255,367,Discontinued,2025-05-26T06:48:18
1564,Believe MediumOrchid,SKU-101564,WH-B,1288,212,Backordered,2024-02-14T09:07:11
1565,Discuss DarkMagenta,SKU-101565,WH-A,321,329,Backordered,2023-05-02T22:25:28
1566,Go Thistle,SKU-101566,WH-C,679,56,Available,2025-04-03T20:22:53
1567,Somebody Blue,SKU-101567,WH-A,1959,196,Available,2025-03-02T05:27:19
1568,Might LightYellow,SKU-101568,WH-A,1051,68,Backordered,2023-04-26T23:20:46
1569,Audience Pink,SKU-101569,WH-C,1454,75,Low Stock,2023-02-20T17:15:34
1570,This Gray,SKU-101570,Main Warehouse,1796,98,Low Stock,2024-02-13T12:31:58
1571,Help OliveDrab,SKU-101571,WH-A,26,117,Discontinued,2025-08-29T11:54:03
1572,Almost IndianRed,SKU-101572,WH-A,925,78,Low Stock,2023-02-24T18:18:26
1573,Week Salmon,SKU-101573,WH-B,659,29,Low Stock,2023-03-31T03:54:47
1574,Throughout Ivory,SKU-101574,WH-B,5,371,Low Stock,2024-09-14T10:07:44
1575,International AntiqueWhite,SKU-101575,WH-C,1398,82,Backordered,2023-07-27T14:17:53
1576,Could DarkGreen,SKU-101576,WH-B,935,179,Low Stock,2023-08-07T14:24:54
1577,Upon LightSalmon,SKU-101577,WH-A,890,402,Low Stock,2022-12-04T01:06:54
1578,Guy OliveDrab,SKU-101578,WH-A,1770,320,Available,2024-02-15T05:54:55
1579,Quickly Plum,SKU-101579,Main Warehouse,1452,212,Low Stock,2024-02-05T03:31:33
1580,Recognize Green,SKU-101580,WH-A,864,440,Discontinued,2023-09-20T07:49:57
1581,Energy Tan,SKU-101581,Main Warehouse,1712,295,Discontinued,2024-02-05T22:18:22
1582,Will NavajoWhite,SKU-101582,WH-C,18,137,Low Stock,2025-08-28T17:32:35
1583,Green Green,SKU-101583,WH-A,520,201,Backordered,2024-10-21T21:08:02
1584,Technology White,SKU-101584,WH-C,131,492,Available,2023-09-13T16:16:20
1585,Ball Black,SKU-101585,Main Warehouse,203,233,Discontinued,2025-08-08T15:36:07
1586,Care Coral,SKU-101586,WH-C,1188,247,Available,2024-02-13T18:18:43
1587,Production MidnightBlue,SKU-101587,WH-A,1404,289,Backordered,2023-04-09T19:13:35
1588,So Yellow,SKU-101588,WH-C,1615,386,Backordered,2024-06-23T04:10:06
1589,High OrangeRed,SKU-101589,WH-A,204,178,Available,2025-07-13T22:27:10
1590,Whom HotPink,SKU-101590,Main Warehouse,833,163,Low Stock,2024-05-21T12:43:51
1591,Seem DarkSlateGray,SKU-101591,Main Warehouse,1700,364,Low Stock,2023-01-30T04:56:02
1592,Team LightSteelBlue,SKU-101592,WH-A,1200,76,Backordered,2025-09-28T10:26:52
1593,While PeachPuff,SKU-101593,WH-A,243,193,Available,2023-06-05T16:14:30
1594,Doctor Gold,SKU-101594,WH-C,1675,19,Discontinued,2022-12-22T22:31:42
1595,Law Magenta,SKU-101595,Main Warehouse,202,384,Low Stock,2023-07-17T04:22:03
1596,Change AliceBlue,SKU-101596,WH-A,675,438,Low Stock,2024-12-12T21:28:17
1597,Treat Navy,SKU-101597,WH-C,762,91,Low Stock,2024-02-12T14:54:47
1598,Move Lime,SKU-101598,WH-B,272,348,Available,2023-09-11T00:17:02
1599,Manager MediumBlue,SKU-101599,WH-C,1030,438,Low Stock,2025-07-13T16:19:08
1600,Protect RosyBrown,SKU-101600,Main Warehouse,1326,237,Backordered,2025-06-28T12:20:02
1601,Change Thistle,SKU-101601,WH-B,716,481,Backordered,2025-01-25T23:56:37
1602,Near Pink,SKU-101602,WH-A,1955,368,Backordered,2023-05-20T03:08:03
1603,Second IndianRed,SKU-101603,Main Warehouse,828,99,Backordered,2024-02-08T08:47:08
1604,Glass MistyRose,SKU-101604,WH-B,1220,196,Available,2025-10-29T17:02:28
1605,Majority NavajoWhite,SKU-101605,WH-A,178,69,Backordered,2025-06-14T04:13:40
1606,Wish LimeGreen,SKU-101606,WH-B,1673,176,Backordered,2023-04-03T05:57:29
1607,News Sienna,SKU-101607,Main Warehouse,1709,102,Discontinued,2025-08-28T03:58:00
1608,Police MintCream,SKU-101608,Main Warehouse,1442,288,Low Stock,2024-08-29T16:55:00
1609,Resource DarkRed,SKU-101609,Main Warehouse,82,123,Available,2023-08-29T11:04:30
1610,Pay Brown,SKU-101610,Main Warehouse,565,282,Available,2022-12-22T11:54:30
1611,Agree Purple,SKU-101611,WH-B,40,140,Backordered,2025-10-22T01:17:23
1612,Machine LightSkyBlue,SKU-101612,WH-A,1447,398,Discontinued,2024-12-21T07:33:08
1613,According FloralWhite,SKU-101613,WH-A,1713,288,Discontinued,2025-03-16T11:44:52
1614,Buy Indigo,SKU-101614,WH-A,1636,465,Backordered,2024-05-26T00:22:02
1615,Happen DarkOliveGreen,SKU-101615,WH-B,364,321,Low Stock,2022-11-26T21:28:17
1616,Number GreenYellow,SKU-101616,WH-C,1960,369,Backordered,2023-06-09T23:26:06
1617,Character SlateBlue,SKU-101617,WH-C,1353,384,Backordered,2024-04-28T20:41:07
1618,Tend DarkSalmon,SKU-101618,WH-B,92,176,Backordered,2023-07-29T20:27:40
1619,Spring DimGray,SKU-101619,Main Warehouse,907,174,Discontinued,2024-01-30T20:27:09
1620,Alone LightGreen,SKU-101620,Main Warehouse,1227,320,Available,2024-08-18T04:12:19
1621,Director CornflowerBlue,SKU-101621,WH-A,1393,106,Discontinued,2024-01-04T17:44:47
1622,Meet Maroon,SKU-101622,WH-B,37,372,Backordered,2024-02-09T17:01:05
1623,Whether Indigo,SKU-101623,WH-C,957,220,Low Stock,2024-07-17T11:05:34
1624,Modern CornflowerBlue,SKU-101624,Main Warehouse,1790,138,Backordered,2025-08-19T05:37:55
1625,Bank DarkGreen,SKU-101625,WH-A,179,209,Available,2024-12-05T05:21:18
1626,Through PowderBlue,SKU-101626,WH-C,1982,281,Discontinued,2023-02-01T03:56:47
1627,Crime DarkKhaki,SKU-101627,WH-A,1634,397,Available,2024-10-27T11:37:15
1628,Art PaleGoldenRod,SKU-101628,WH-C,1350,485,Low Stock,2023-01-21T00:04:26
1629,Wear Aquamarine,SKU-101629,WH-B,238,407,Low Stock,2025-01-26T18:30:10
1630,Open Teal,SKU-101630,WH-B,776,373,Discontinued,2024-11-11T10:26:34
1631,Few DodgerBlue,SKU-101631,WH-A,15,478,Low Stock,2025-05-16T02:25:23
1632,Ground White,SKU-101632,WH-C,939,231,Available,2024-02-11T15:28:36
1633,Between SteelBlue,SKU-101633,WH-B,1375,269,Low Stock,2024-05-13T13:40:41
1634,Evidence Sienna,SKU-101634,WH-A,1406,481,Discontinued,2024-12-30T05:32:03
1635,Bar OrangeRed,SKU-101635,WH-C,799,472,Available,2024-02-27T08:22:12
1636,Method DarkGray,SKU-101636,WH-A,1531,136,Discontinued,2023-01-31T18:16:18
1637,Image DarkKhaki,SKU-101637,WH-B,955,63,Backordered,2023-05-17T19:12:03
1638,Her GhostWhite,SKU-101638,Main Warehouse,1914,34,Low Stock,2024-01-20T10:51:07
1639,Produce Crimson,SKU-101639,WH-B,1066,356,Discontinued,2024-10-12T16:01:24
1640,Only LightSlateGray,SKU-101640,WH-C,1807,434,Low Stock,2024-03-02T11:11:09
1641,Apply LightSlateGray,SKU-101641,WH-C,1502,339,Discontinued,2023-11-01T20:25:11
1642,Point LightGoldenRodYellow,SKU-101642,WH-A,1118,405,Backordered,2025-05-18T05:02:45
1643,Back LightGoldenRodYellow,SKU-101643,WH-B,1984,304,Discontinued,2023-08-09T03:25:58
1644,World DarkRed,SKU-101644,Main Warehouse,1426,134,Available,2024-08-26T12:52:31
1645,Marriage LawnGreen,SKU-101645,WH-A,1321,12,Discontinued,2023-06-01T07:58:34
1646,Face Linen,SKU-101646,WH-B,1016,310,Backordered,2024-02-04T09:21:18
1647,Cold Wheat,SKU-101647,WH-C,1601,151,Backordered,2024-04-12T05:29:12
1648,Tv Aqua,SKU-101648,Main Warehouse,1400,471,Backordered,2025-06-05T23:21:12
1649,Future OliveDrab,SKU-101649,WH-C,567,66,Available,2024-07-26T17:45:02
1650,Be Peru,SKU-101650,Main Warehouse,825,307,Low Stock,2025-06-11T02:06:22
1651,Realize Bisque,SKU-101651,Main Warehouse,277,207,Backordered,2025-03-24T16:50:52
1652,Father Pink,SKU-101652,WH-C,1339,128,Backordered,2024-10-12T11:11:33
1653,Attorney FireBrick,SKU-101653,Main Warehouse,1700,191,Available,2024-12-24T09:33:14
1654,Evening LightGreen,SKU-101654,Main Warehouse,63,489,Backordered,2025-10-17T16:10:06
1655,Whatever Orchid,SKU-101655,WH-B,698,306,Low Stock,2023-03-17T18:35:09
1656,Address Plum,SKU-101656,WH-C,1955,330,Available,2022-12-27T08:42:23
1657,Full DarkSlateBlue,SKU-101657,Main Warehouse,1663,320,Discontinued,2024-07-24T08:07:44
1658,Care Chocolate,SKU-101658,WH-C,1036,447,Backordered,2024-07-14T04:09:11
1659,Place Wheat,SKU-101659,Main Warehouse,1039,397,Low Stock,2024-06-05T03:26:59
1660,Boy Gainsboro,SKU-101660,Main Warehouse,675,223,Available,2025-09-13T23:00:41
1661,Tonight Lime,SKU-101661,Main Warehouse,976,279,Backordered,2024-09-09T05:57:33
1662,Often LightSlateGray,SKU-101662,WH-B,627,356,Available,2024-09-16T17:42:20
1663,Tough HoneyDew,SKU-101663,Main Warehouse,1722,499,Low Stock,2024-10-06T16:51:47
1664,Than Black,SKU-101664,WH-A,906,343,Available,2025-09-06T03:08:20
1665,Health WhiteSmoke,SKU-101665,Main Warehouse,953,500,Discontinued,2023-04-10T23:14:45
1666,Mention GoldenRod,SKU-101666,WH-A,1802,481,Low Stock,2023-04-20T19:57:39
1667,Discuss ForestGreen,SKU-101667,WH-C,1346,23,Available,2023-11-20T03:05:42
1668,Today PapayaWhip,SKU-101668,Main Warehouse,1040,283,Low Stock,2025-09-18T08:59:53
1669,Above SteelBlue,SKU-101669,Main Warehouse,1195,90,Low Stock,2023-08-04T11:13:51
1670,Between DarkOliveGreen,SKU-101670,WH-B,404,376,Backordered,2025-06-14T15:13:24
1671,Allow Cornsilk,SKU-101671,WH-C,27,130,Low Stock,2023-05-26T03:06:23
1672,Such Aquamarine,SKU-101672,Main Warehouse,1191,310,Backordered,2025-03-17T07:05:36
1673,Modern Linen,SKU-101673,WH-B,1953,293,Backordered,2023-03-25T22:37:06
1674,Institution RoyalBlue,SKU-101674,WH-A,1491,105,Low Stock,2025-01-20T10:57:00
1675,Not OliveDrab,SKU-101675,WH-A,1566,80,Discontinued,2023-09-06T13:16:23
1676,Senior White,SKU-101676,WH-C,400,91,Discontinued,2023-05-01T18:03:12
1677,Control Coral,SKU-101677,WH-B,642,365,Backordered,2025-06-06T12:06:53
1678,Value Thistle,SKU-101678,WH-A,583,329,Discontinued,2023-06-10T05:45:44
1679,Analysis Coral,SKU-101679,WH-B,537,314,Available,2025-07-25T11:46:17
1680,It LawnGreen,SKU-101680,WH-B,286,75,Low Stock,2025-04-06T22:29:17
1681,Red Peru,SKU-101681,WH-C,987,259,Available,2024-09-27T01:08:51
1682,Pretty Aqua,SKU-101682,WH-C,868,415,Backordered,2023-07-13T07:02:19
1683,Alone Indigo,SKU-101683,WH-A,1198,134,Backordered,2024-04-06T13:05:04
1684,Tax OldLace,SKU-101684,WH-C,753,186,Discontinued,2023-10-30T15:36:25
1685,Same SkyBlue,SKU-101685,WH-A,1870,86,Available,2025-04-04T08:22:01
1686,Series BlanchedAlmond,SKU-101686,WH-A,841,68,Discontinued,2024-05-04T16:38:01
1687,Chance Orange,SKU-101687,WH-C,150,109,Discontinued,2025-03-14T14:15:49
1688,Season RoyalBlue,SKU-101688,WH-C,543,489,Backordered,2024-12-15T13:08:05
1689,Another DarkOrchid,SKU-101689,WH-C,1637,250,Discontinued,2024-09-27T13:07:03
1690,Put GoldenRod,SKU-101690,WH-A,1568,91,Available,2023-05-03T17:22:57
1691,Send LightCoral,SKU-101691,WH-B,1898,349,Available,2024-09-12T00:48:35
1692,Send DeepSkyBlue,SKU-101692,WH-B,978,356,Available,2023-01-26T23:32:34
1693,Lot DarkOliveGreen,SKU-101693,Main Warehouse,665,25,Discontinued,2024-11-16T21:09:48
1694,Fear MediumBlue,SKU-101694,Main Warehouse,211,473,Low Stock,2024-07-17T15:53:25
1695,Either Red,SKU-101695,WH-B,1780,86,Low Stock,2025-01-26T08:34:26
1696,Section Turquoise,SKU-101696,WH-A,746,207,Backordered,2023-08-25T17:17:23
1697,Possible Orchid,SKU-101697,WH-C,858,295,Backordered,2024-01-06T01:35:23
1698,Identify Lavender,SKU-101698,WH-B,1374,12,Backordered,2024-05-23T12:57:26
1699,Wife LightYellow,SKU-101699,WH-C,757,175,Backordered,2025-10-09T15:08:16
1700,Sign SpringGreen,SKU-101700,WH-C,104,74,Discontinued,2025-06-01T01:56:09
1701,Response Bisque,SKU-101701,WH-B,1445,180,Discontinued,2025-06-06T05:53:11
1702,Do Khaki,SKU-101702,WH-A,1023,265,Discontinued,2025-05-29T13:19:30
1703,Different Crimson,SKU-101703,WH-C,1890,416,Low Stock,2025-04-09T09:16:08
1704,Able BlanchedAlmond,SKU-101704,WH-B,1323,80,Discontinued,2024-01-14T23:45:42
1705,Relate Ivory,SKU-101705,Main Warehouse,1756,108,Available,2024-08-27T00:50:47
1706,Painting PaleGoldenRod,SKU-101706,WH-C,1389,431,Discontinued,2024-04-02T02:44:43
1707,Guess LightPink,SKU-101707,WH-A,59,276,Low Stock,2022-11-28T13:09:04
1708,Add Pink,SKU-101708,WH-B,819,299,Discontinued,2024-10-30T13:30:57
1709,Whether Bisque,SKU-101709,WH-B,1941,227,Available,2023-02-17T01:34:21
1710,Start PapayaWhip,SKU-101710,WH-B,1939,361,Low Stock,2025-05-11T08:52:51
1711,Increase OldLace,SKU-101711,WH-B,127,298,Discontinued,2023-12-24T14:26:12
1712,One MediumTurquoise,SKU-101712,WH-C,1943,182,Available,2023-08-16T13:08:58
1713,Throw MidnightBlue,SKU-101713,Main Warehouse,213,244,Available,2024-08-26T13:53:06
1714,Middle Gold,SKU-101714,Main Warehouse,1317,490,Discontinued,2023-10-29T05:24:39
1715,Price Coral,SKU-101715,WH-A,1879,379,Available,2023-04-19T10:52:17
1716,Police SaddleBrown,SKU-101716,WH-C,1388,65,Low Stock,2024-08-18T06:09:15
1717,Sure LightSteelBlue,SKU-101717,WH-A,114,116,Low Stock,2025-10-18T00:13:56
1718,Growth Sienna,SKU-101718,WH-C,633,323,Available,2025-10-05T08:34:11
1719,Important GhostWhite,SKU-101719,Main Warehouse,893,316,Discontinued,2025-10-27T16:35:21
1720,Republican NavajoWhite,SKU-101720,WH-B,1868,68,Discontinued,2023-06-04T14:19:49
1721,Personal DeepPink,SKU-101721,WH-B,1491,47,Low Stock,2023-01-04T07:36:30
1722,Traditional DarkCyan,SKU-101722,WH-B,1546,361,Low Stock,2025-03-13T20:18:04
1723,Each PaleTurquoise,SKU-101723,WH-A,1516,315,Low Stock,2023-07-30T23:32:03
1724,Me DimGray,SKU-101724,Main Warehouse,1603,342,Low Stock,2022-11-13T08:52:51
1725,Left GhostWhite,SKU-101725,WH-A,5,445,Backordered,2023-03-10T08:07:38
1726,Mind Moccasin,SKU-101726,WH-B,50,255,Available,2024-10-06T19:07:33
1727,Treat LimeGreen,SKU-101727,WH-B,354,480,Discontinued,2023-06-21T23:58:11
1728,Generation MediumSlateBlue,SKU-101728,WH-A,1773,38,Low Stock,2025-04-12T08:37:02
1729,Protect Aquamarine,SKU-101729,WH-B,1046,129,Discontinued,2023-06-13T10:40:36
1730,Stand LightPink,SKU-101730,Main Warehouse,1533,153,Low Stock,2025-01-28T11:09:03
1731,Design AliceBlue,SKU-101731,Main Warehouse,1596,37,Backordered,2023-07-29T00:24:14
1732,Difficult Khaki,SKU-101732,WH-C,1270,296,Backordered,2023-10-08T14:04:38
1733,Friend LavenderBlush,SKU-101733,Main Warehouse,1505,287,Discontinued,2024-06-25T02:59:07
1734,Sound Wheat,SKU-101734,WH-B,1824,290,Low Stock,2023-06-05T17:48:12
1735,Story Turquoise,SKU-101735,WH-A,819,109,Low Stock,2025-10-04T20:53:39
1736,Former LavenderBlush,SKU-101736,WH-B,1419,348,Available,2023-12-26T22:14:30
1737,Suggest DarkSalmon,SKU-101737,WH-A,342,225,Available,2024-01-10T19:17:11
1738,Watch LightSkyBlue,SKU-101738,WH-C,529,222,Discontinued,2024-03-18T13:20:09
1739,Home DarkOrange,SKU-101739,WH-C,1030,306,Backordered,2023-08-16T01:53:12
1740,Tree SandyBrown,SKU-101740,WH-B,1516,461,Backordered,2025-09-12T03:40:04
1741,Explain Turquoise,SKU-101741,Main Warehouse,836,16,Discontinued,2025-07-14T23:32:10
1742,Indeed DarkGray,SKU-101742,WH-A,1324,228,Backordered,2025-06-18T06:11:32
1743,Boy Pink,SKU-101743,Main Warehouse,318,365,Backordered,2025-08-26T13:42:56
1744,Away Lavender,SKU-101744,WH-C,362,195,Discontinued,2025-10-18T21:17:05
1745,Lawyer PaleGoldenRod,SKU-101745,WH-B,927,291,Discontinued,2023-12-12T06:46:00
1746,Base Chocolate,SKU-101746,WH-C,961,263,Backordered,2023-09-27T01:16:26
1747,International AliceBlue,SKU-101747,WH-A,904,11,Backordered,2023-01-06T23:22:20
1748,Else DarkRed,SKU-101748,Main Warehouse,651,255,Discontinued,2024-05-25T10:46:39
1749,Even Tomato,SKU-101749,Main Warehouse,1588,454,Available,2025-07-11T21:22:24
1750,Finally DarkOrchid,SKU-101750,Main Warehouse,176,82,Discontinued,2024-01-21T19:37:15
1751,Free Magenta,SKU-101751,WH-B,1117,166,Low Stock,2025-03-18T03:48:24
1752,Authority Yellow,SKU-101752,Main Warehouse,1069,41,Low Stock,2025-02-24T04:59:35
1753,Save LimeGreen,SKU-101753,WH-B,1830,215,Available,2024-09-19T00:48:28
1754,Through LightPink,SKU-101754,Main Warehouse,526,71,Discontinued,2024-04-26T06:52:18
1755,Both Red,SKU-101755,WH-A,2,184,Low Stock,2024-07-09T09:56:30
1756,Sort Yellow,SKU-101756,Main Warehouse,152,340,Discontinued,2023-12-19T03:57:12
1757,Month MediumTurquoise,SKU-101757,WH-A,685,208,Discontinued,2024-12-11T09:49:12
1758,Area YellowGreen,SKU-101758,WH-A,1627,113,Available,2024-11-11T22:35:16
1759,Total BlanchedAlmond,SKU-101759,Main Warehouse,774,166,Discontinued,2024-12-07T22:01:33
1760,Goal SkyBlue,SKU-101760,WH-C,1302,42,Low Stock,2025-05-17T00:13:49
1761,With DarkTurquoise,SKU-101761,Main Warehouse,1193,278,Low Stock,2024-12-14T04:24:58
1762,Sure Chartreuse,SKU-101762,WH-A,1802,99,Backordered,2023-09-10T13:40:01
1763,Account YellowGreen,SKU-101763,WH-B,1140,360,Backordered,2023-12-23T15:39:56
1764,Finish Azure,SKU-101764,WH-B,764,354,Backordered,2025-04-08T05:54:26
1765,World SeaShell,SKU-101765,WH-A,1717,214,Available,2024-06-09T06:03:38
1766,Writer Aqua,SKU-101766,WH-A,1181,319,Available,2025-02-27T07:50:36
1767,Property MediumSlateBlue,SKU-101767,WH-C,1139,20,Discontinued,2023-01-24T09:17:03
1768,Over Gainsboro,SKU-101768,WH-A,1906,369,Available,2025-10-14T17:11:04
1769,We Orange,SKU-101769,Main Warehouse,2,364,Discontinued,2023-10-29T10:54:44
1770,Single PowderBlue,SKU-101770,Main Warehouse,1786,469,Available,2024-07-13T22:16:43
1771,Truth HotPink,SKU-101771,WH-C,349,30,Discontinued,2023-09-04T19:05:56
1772,Finally PaleVioletRed,SKU-101772,Main Warehouse,1328,62,Available,2024-12-27T06:36:21
1773,More HoneyDew,SKU-101773,Main Warehouse,1693,156,Available,2025-04-06T09:07:18
1774,Doctor NavajoWhite,SKU-101774,WH-C,463,125,Discontinued,2024-02-23T17:22:47
1775,We MistyRose,SKU-101775,WH-C,1499,236,Discontinued,2023-06-18T04:11:10
1776,Day MidnightBlue,SKU-101776,Main Warehouse,1432,87,Backordered,2024-07-02T10:47:48
1777,Free LightPink,SKU-101777,Main Warehouse,170,352,Available,2024-12-17T06:02:44
1778,He SaddleBrown,SKU-101778,WH-C,1995,44,Available,2025-10-19T07:53:52
1779,Newspaper LightSeaGreen,SKU-101779,WH-A,1897,434,Available,2025-02-02T04:28:55
1780,They Thistle,SKU-101780,WH-A,1385,250,Available,2024-01-16T11:03:14
1781,Economy OldLace,SKU-101781,WH-A,1016,294,Backordered,2025-06-03T09:47:25
1782,Material GoldenRod,SKU-101782,WH-A,1487,100,Available,2025-01-13T00:39:11
1783,Yeah DarkViolet,SKU-101783,WH-C,98,86,Backordered,2025-09-21T19:40:01
1784,Son PaleVioletRed,SKU-101784,WH-C,1157,252,Low Stock,2025-02-14T00:00:26
1785,Mission Silver,SKU-101785,WH-B,1440,359,Low Stock,2024-06-26T21:57:52
1786,Nothing DarkViolet,SKU-101786,WH-A,167,16,Low Stock,2024-03-21T05:19:14
1787,Evidence DeepPink,SKU-101787,Main Warehouse,746,473,Discontinued,2025-04-04T13:59:26
1788,Career MintCream,SKU-101788,WH-C,1327,245,Backordered,2024-10-18T06:59:53
1789,Space Salmon,SKU-101789,WH-B,1777,316,Discontinued,2023-10-11T04:48:32
1790,Few DarkGoldenRod,SKU-101790,WH-C,1218,453,Discontinued,2022-11-16T21:08:32
1791,Piece LightPink,SKU-101791,WH-C,521,435,Low Stock,2024-07-14T22:59:13
1792,Hospital LightSalmon,SKU-101792,WH-C,309,206,Backordered,2023-06-04T22:03:39
1793,Floor RoyalBlue,SKU-101793,WH-B,115,154,Available,2023-10-19T23:05:57
1794,Product CadetBlue,SKU-101794,Main Warehouse,582,67,Backordered,2024-02-14T11:16:46
1795,Break Sienna,SKU-101795,WH-B,902,159,Available,2024-01-08T07:59:57
1796,Over Sienna,SKU-101796,WH-C,190,471,Low Stock,2024-12-09T08:55:40
1797,Upon Indigo,SKU-101797,WH-B,939,489,Low Stock,2024-04-21T23:51:18
1798,It OldLace,SKU-101798,Main Warehouse,1616,226,Discontinued,2025-03-15T01:10:03
1799,Benefit SeaShell,SKU-101799,Main Warehouse,776,283,Available,2025-02-27T22:14:31
1800,About HotPink,SKU-101800,Main Warehouse,1571,479,Available,2025-04-28T14:19:14
1801,Stuff SlateGray,SKU-101801,WH-C,703,264,Available,2025-01-24T06:15:26
1802,Meet NavajoWhite,SKU-101802,Main Warehouse,616,316,Available,2024-04-04T07:31:28
1803,Human Gold,SKU-101803,WH-C,1066,162,Discontinued,2025-03-16T20:23:31
1804,Sell AliceBlue,SKU-101804,WH-A,563,149,Available,2024-02-17T21:52:01
1805,Beyond PaleGoldenRod,SKU-101805,WH-A,433,499,Backordered,2024-01-04T08:21:25
1806,Single CornflowerBlue,SKU-101806,Main Warehouse,350,155,Available,2022-12-06T06:58:40
1807,Whom DarkKhaki,SKU-101807,WH-C,909,140,Backordered,2025-07-26T11:21:53
1808,Father White,SKU-101808,WH-C,54,299,Discontinued,2024-02-09T03:23:21
1809,Soon LightSkyBlue,SKU-101809,WH-B,374,142,Backordered,2023-12-06T15:40:15
1810,Science LemonChiffon,SKU-101810,WH-B,649,84,Discontinued,2023-04-19T18:14:04
1811,Night PaleTurquoise,SKU-101811,WH-A,199,471,Available,2025-02-20T18:41:56
1812,Energy Chocolate,SKU-101812,WH-A,1416,39,Backordered,2023-06-21T03:08:01
1813,Billion DarkOliveGreen,SKU-101813,WH-A,1970,283,Backordered,2025-10-24T20:00:54
1814,Explain PeachPuff,SKU-101814,Main Warehouse,1387,227,Backordered,2025-10-13T11:23:10
1815,Great PeachPuff,SKU-101815,WH-B,1676,94,Available,2024-06-13T00:22:32
1816,School RoyalBlue,SKU-101816,WH-B,731,433,Discontinued,2024-02-20T01:27:51
1817,Loss DarkOrange,SKU-101817,WH-A,1024,350,Low Stock,2024-09-28T00:52:02
1818,Perform PaleGreen,SKU-101818,WH-A,1676,347,Discontinued,2022-12-22T10:34:22
1819,Low Black,SKU-101819,WH-B,1332,150,Available,2024-04-17T11:02:51
1820,Themselves BlueViolet,SKU-101820,WH-A,1811,89,Low Stock,2023-02-10T17:58:58
1821,Water White,SKU-101821,Main Warehouse,542,89,Backordered,2023-01-31T06:12:35
1822,City HoneyDew,SKU-101822,Main Warehouse,1357,487,Low Stock,2023-05-24T01:16:01
1823,Ground RosyBrown,SKU-101823,WH-A,685,445,Backordered,2023-09-26T00:23:05
1824,Kitchen Plum,SKU-101824,WH-C,1119,433,Low Stock,2025-01-26T00:12:36
1825,Maybe MediumTurquoise,SKU-101825,Main Warehouse,1887,415,Available,2024-04-16T03:36:44
1826,Six MintCream,SKU-101826,WH-B,1983,42,Backordered,2024-06-22T04:17:16
1827,Material DarkOrchid,SKU-101827,Main Warehouse,1990,359,Backordered,2022-12-28T20:31:10
1828,Sing DimGray,SKU-101828,WH-C,915,166,Discontinued,2024-09-28T14:42:15
1829,Down DarkSlateGray,SKU-101829,WH-A,603,99,Low Stock,2023-12-11T21:12:48
1830,Mouth Chocolate,SKU-101830,Main Warehouse,1962,63,Discontinued,2024-01-30T04:28:33
1831,Concern LightGoldenRodYellow,SKU-101831,WH-C,1397,252,Low Stock,2023-05-04T22:49:32
1832,Thing OliveDrab,SKU-101832,WH-A,537,230,Available,2023-08-30T10:53:00
1833,Quickly LightSkyBlue,SKU-101833,Main Warehouse,375,265,Backordered,2025-07-21T13:39:43
1834,Doctor LightSeaGreen,SKU-101834,WH-A,1656,148,Backordered,2024-05-28T15:01:21
1835,Listen Purple,SKU-101835,WH-B,1272,436,Low Stock,2024-01-01T15:52:57
1836,Walk PaleGoldenRod,SKU-101836,Main Warehouse,913,452,Discontinued,2023-10-19T04:41:07
1837,Mother DarkGreen,SKU-101837,Main Warehouse,1207,287,Discontinued,2025-03-09T03:14:28
1838,Quickly DarkMagenta,SKU-101838,Main Warehouse,677,160,Backordered,2023-10-01T20:46:49
1839,Put Black,SKU-101839,WH-C,1050,142,Discontinued,2023-06-24T23:33:54
1840,Future MediumBlue,SKU-101840,WH-C,1979,45,Low Stock,2023-12-01T06:23:55
1841,Wonder RosyBrown,SKU-101841,WH-C,8,69,Low Stock,2023-12-20T18:09:12
1842,Process Olive,SKU-101842,WH-B,851,465,Available,2024-03-30T20:08:03
1843,Wrong Blue,SKU-101843,WH-C,1971,318,Discontinued,2023-09-27T10:55:41
1844,Reduce DimGray,SKU-101844,WH-B,1424,242,Backordered,2025-08-24T13:07:30
1845,Five White,SKU-101845,WH-A,1430,307,Low Stock,2023-04-23T00:08:39
1846,Nor ForestGreen,SKU-101846,WH-C,771,468,Low Stock,2022-12-02T23:43:03
1847,Return GreenYellow,SKU-101847,WH-A,227,88,Backordered,2025-03-30T13:33:20
1848,Treat Salmon,SKU-101848,WH-C,1613,160,Discontinued,2023-11-25T23:31:50
1849,Town Maroon,SKU-101849,WH-B,864,378,Backordered,2023-12-18T11:09:08
1850,Again BlanchedAlmond,SKU-101850,Main Warehouse,243,481,Available,2025-10-08T02:51:00
1851,Wrong Maroon,SKU-101851,WH-C,838,293,Discontinued,2023-12-06T17:04:33
1852,Voice Gold,SKU-101852,WH-B,1444,77,Low Stock,2024-04-29T09:04:29
1853,Want DodgerBlue,SKU-101853,WH-A,1978,492,Discontinued,2024-11-27T09:02:19
1854,Role DarkViolet,SKU-101854,WH-A,1346,224,Backordered,2025-05-13T10:51:48
1855,Tend PaleGoldenRod,SKU-101855,WH-C,1061,25,Backordered,2024-05-17T23:50:07
1856,American Khaki,SKU-101856,WH-B,209,203,Available,2023-08-03T23:48:04
1857,Fact LightSlateGray,SKU-101857,WH-B,1447,76,Discontinued,2024-12-03T18:45:57
1858,Hear DarkOrchid,SKU-101858,WH-C,494,137,Available,2024-09-04T23:58:48
1859,Eight Beige,SKU-101859,WH-B,1714,235,Low Stock,2025-04-29T00:48:54
1860,Rock Azure,SKU-101860,Main Warehouse,138,284,Discontinued,2025-02-20T13:24:42
1861,Describe Yellow,SKU-101861,WH-B,582,162,Discontinued,2024-11-11T12:48:31
1862,Move Magenta,SKU-101862,WH-C,856,106,Available,2023-09-04T22:46:29
1863,Class DarkSlateBlue,SKU-101863,WH-A,266,330,Available,2023-08-26T04:26:53
1864,Go LightPink,SKU-101864,WH-B,1113,367,Available,2023-05-29T09:14:17
1865,Choice DarkMagenta,SKU-101865,Main Warehouse,1115,443,Low Stock,2022-11-17T16:18:09
1866,Write Teal,SKU-101866,Main Warehouse,1105,398,Available,2022-12-24T00:44:54
1867,So WhiteSmoke,SKU-101867,Main Warehouse,852,49,Backordered,2023-06-14T19:23:42
1868,Race Ivory,SKU-101868,WH-C,710,328,Backordered,2025-01-31T23:19:45
1869,Leg Chocolate,SKU-101869,Main Warehouse,771,128,Backordered,2023-08-07T06:44:26
1870,Feeling DarkGray,SKU-101870,Main Warehouse,667,372,Backordered,2025-03-31T15:37:01
1871,Lay DeepPink,SKU-101871,WH-A,1070,486,Available,2025-08-02T11:25:13
1872,Begin Gray,SKU-101872,WH-B,1287,447,Low Stock,2022-11-27T16:22:42
1873,Third Olive,SKU-101873,WH-C,285,48,Low Stock,2025-07-24T21:58:02
1874,Direction Cyan,SKU-101874,Main Warehouse,886,309,Available,2024-02-12T00:35:22
1875,Course Brown,SKU-101875,WH-C,1708,497,Backordered,2024-05-21T03:43:29
1876,Field DarkOrange,SKU-101876,Main Warehouse,1206,482,Backordered,2022-12-31T17:31:39
1877,Hope DarkTurquoise,SKU-101877,WH-B,1099,266,Low Stock,2025-01-18T20:05:30
1878,Family White,SKU-101878,WH-C,919,462,Available,2024-10-08T06:04:40
1879,Positive AliceBlue,SKU-101879,WH-C,315,32,Low Stock,2022-12-26T21:57:51
1880,Thing PaleVioletRed,SKU-101880,WH-A,1371,122,Low Stock,2025-02-27T07:00:23
1881,Child DarkSeaGreen,SKU-101881,Main Warehouse,186,415,Low Stock,2025-06-30T03:52:51
1882,Story Chocolate,SKU-101882,WH-B,1527,91,Available,2024-02-02T22:22:01
1883,Human MediumSeaGreen,SKU-101883,WH-B,1776,231,Discontinued,2023-09-10T06:23:23
1884,Population Pink,SKU-101884,Main Warehouse,600,74,Discontinued,2025-05-28T22:47:31
1885,Number Aqua,SKU-101885,Main Warehouse,1116,209,Low Stock,2025-06-08T17:25:45
1886,Administration SteelBlue,SKU-101886,Main Warehouse,1934,287,Backordered,2023-12-11T19:32:31
1887,With Moccasin,SKU-101887,WH-B,965,83,Discontinued,2024-07-07T21:26:06
1888,Character CornflowerBlue,SKU-101888,Main Warehouse,59,379,Low Stock,2023-03-14T01:46:54
1889,Student Lavender,SKU-101889,WH-B,12,268,Discontinued,2024-02-23T20:11:27
1890,Tell PeachPuff,SKU-101890,Main Warehouse,1149,125,Backordered,2023-04-28T13:08:19
1891,Company DarkCyan,SKU-101891,Main Warehouse,1986,50,Available,2024-05-16T06:03:38
1892,Evidence GhostWhite,SKU-101892,Main Warehouse,372,350,Low Stock,2022-11-25T01:30:28
1893,Require Violet,SKU-101893,WH-B,544,336,Backordered,2024-01-26T10:41:50
1894,Film LimeGreen,SKU-101894,WH-C,983,134,Backordered,2022-11-25T08:41:31
1895,Executive Crimson,SKU-101895,Main Warehouse,355,108,Low Stock,2023-09-07T09:56:23
1896,Bit Moccasin,SKU-101896,Main Warehouse,1023,339,Available,2024-06-10T01:56:10
1897,Another DarkKhaki,SKU-101897,WH-A,521,179,Low Stock,2025-09-23T15:55:55
1898,Different Cyan,SKU-101898,WH-C,1086,192,Discontinued,2025-01-30T09:21:17
1899,Consumer MediumAquaMarine,SKU-101899,WH-B,124,492,Low Stock,2024-03-28T12:22:10
1900,Behind DarkBlue,SKU-101900,Main Warehouse,451,391,Low Stock,2023-01-01T23:33:08
1901,Dark LightSlateGray,SKU-101901,WH-B,1127,186,Discontinued,2025-06-07T02:15:10
1902,Practice Thistle,SKU-101902,WH-A,639,373,Low Stock,2024-05-29T19:04:16
1903,Surface DarkOrange,SKU-101903,WH-C,85,400,Low Stock,2025-04-29T14:52:20
1904,Bill DarkTurquoise,SKU-101904,WH-C,700,182,Backordered,2023-02-26T10:34:00
1905,Report Teal,SKU-101905,Main Warehouse,1067,319,Low Stock,2023-08-03T16:03:02
1906,Author OldLace,SKU-101906,Main Warehouse,1827,478,Discontinued,2022-11-27T23:20:06
1907,Movement SlateGray,SKU-101907,WH-A,600,63,Available,2025-05-28T00:10:04
1908,Weight OrangeRed,SKU-101908,Main Warehouse,976,295,Available,2024-12-30T01:25:40
1909,About Indigo,SKU-101909,WH-C,1615,308,Discontinued,2023-07-09T01:36:29
1910,Focus MediumVioletRed,SKU-101910,WH-C,818,455,Discontinued,2023-07-16T17:11:05
1911,In Turquoise,SKU-101911,WH-B,1080,210,Backordered,2025-01-26T14:15:16
1912,Play DarkViolet,SKU-101912,Main Warehouse,1246,15,Backordered,2023-02-18T21:09:49
1913,Teach Moccasin,SKU-101913,WH-C,1054,353,Backordered,2025-06-02T07:53:42
1914,Fire GhostWhite,SKU-101914,Main Warehouse,1022,392,Low Stock,2023-10-31T12:04:25
1915,Level SandyBrown,SKU-101915,WH-B,383,374,Low Stock,2023-09-12T17:49:03
1916,Community PowderBlue,SKU-101916,WH-A,1975,363,Low Stock,2023-12-23T21:57:19
1917,West DarkGoldenRod,SKU-101917,WH-C,1114,318,Backordered,2023-10-25T14:02:45
1918,Himself OldLace,SKU-101918,WH-C,1094,248,Discontinued,2024-06-05T15:08:01
1919,Data CadetBlue,SKU-101919,WH-A,21,347,Discontinued,2024-01-11T17:18:01
1920,Discover Maroon,SKU-101920,WH-B,489,356,Backordered,2025-08-27T23:02:48
1921,Soldier DarkSlateGray,SKU-101921,WH-C,1193,440,Backordered,2024-10-18T06:53:14
1922,Draw DarkMagenta,SKU-101922,WH-B,863,150,Available,2024-05-21T05:34:50
1923,Sound Yellow,SKU-101923,Main Warehouse,844,22,Backordered,2025-03-06T03:00:40
1924,Serious PaleVioletRed,SKU-101924,WH-B,121,53,Low Stock,2025-10-28T14:56:10
1925,Protect DarkCyan,SKU-101925,WH-A,461,450,Low Stock,2025-04-13T16:44:59
1926,Article LightSkyBlue,SKU-101926,WH-A,1420,70,Low Stock,2024-03-18T04:56:35
1927,Card LemonChiffon,SKU-101927,Main Warehouse,186,453,Discontinued,2025-08-16T10:11:59
1928,Into NavajoWhite,SKU-101928,WH-B,1114,124,Low Stock,2024-07-02T20:19:27
1929,Meet SaddleBrown,SKU-101929,WH-C,868,291,Available,2025-01-14T17:18:31
1930,Best LightGoldenRodYellow,SKU-101930,WH-C,1824,464,Available,2024-11-16T22:15:16
1931,Your LightSlateGray,SKU-101931,WH-A,1107,354,Available,2024-01-01T11:59:27
1932,Media Gold,SKU-101932,WH-A,749,429,Low Stock,2023-10-12T08:12:41
1933,Join OrangeRed,SKU-101933,WH-B,936,153,Low Stock,2023-10-16T12:56:45
1934,Guess SeaGreen,SKU-101934,WH-C,826,244,Available,2023-05-16T22:35:34
1935,Act Lime,SKU-101935,WH-B,1302,345,Discontinued,2023-12-31T20:53:59
1936,Stage LightGoldenRodYellow,SKU-101936,Main Warehouse,339,271,Discontinued,2022-11-09T12:43:45
1937,Participant LightSkyBlue,SKU-101937,WH-A,652,484,Discontinued,2025-06-17T19:37:29
1938,Quality DarkSlateBlue,SKU-101938,WH-C,1245,230,Backordered,2025-09-11T16:30:11
1939,Will DarkSlateBlue,SKU-101939,Main Warehouse,1427,479,Backordered,2024-06-24T05:53:17
1940,Put Cyan,SKU-101940,WH-C,1967,263,Backordered,2024-07-06T10:35:55
1941,Reach DarkKhaki,SKU-101941,WH-C,1252,301,Backordered,2023-03-17T05:34:56
1942,At Ivory,SKU-101942,WH-C,52,466,Backordered,2024-10-04T21:51:34
1943,Indeed Fuchsia,SKU-101943,WH-C,1836,342,Low Stock,2023-11-22T07:31:38
1944,Phone Bisque,SKU-101944,Main Warehouse,274,298,Available,2023-08-23T18:41:52
1945,Series LightGray,SKU-101945,Main Warehouse,234,163,Backordered,2025-04-29T02:15:22
1946,Responsibility BlanchedAlmond,SKU-101946,WH-C,1838,48,Low Stock,2024-03-18T19:53:03
1947,Family DarkKhaki,SKU-101947,WH-C,1929,92,Backordered,2022-12-06T11:07:04
1948,Notice Gainsboro,SKU-101948,WH-B,1513,446,Backordered,2025-01-14T07:29:10
1949,Cup DarkSlateGray,SKU-101949,WH-B,1656,487,Available,2024-06-28T22:15:39
1950,Economic DarkSlateBlue,SKU-101950,Main Warehouse,1831,352,Low Stock,2025-02-24T00:06:23
1951,Age Turquoise,SKU-101951,WH-A,807,342,Backordered,2024-05-22T02:36:14
1952,Notice Maroon,SKU-101952,WH-A,1789,44,Low Stock,2024-03-11T18:23:52
1953,Have DarkGray,SKU-101953,WH-A,613,436,Backordered,2025-06-01T01:03:56
1954,Middle DarkGreen,SKU-101954,Main Warehouse,604,373,Backordered,2024-12-03T23:04:55
1955,That Silver,SKU-101955,WH-C,305,40,Low Stock,2025-06-30T21:55:52
1956,Cup MediumSpringGreen,SKU-101956,WH-A,1616,423,Low Stock,2024-04-13T03:26:04
1957,Before RosyBrown,SKU-101957,Main Warehouse,1291,207,Backordered,2024-09-01T00:47:12
1958,Hundred LemonChiffon,SKU-101958,Main Warehouse,414,23,Low Stock,2025-07-10T15:48:30
1959,Tend DarkSlateGray,SKU-101959,WH-C,1947,39,Low Stock,2025-04-21T16:39:47
1960,Everything RosyBrown,SKU-101960,WH-C,1399,449,Low Stock,2024-11-29T17:22:28
1961,Concern OldLace,SKU-101961,WH-B,1481,489,Available,2025-04-27T18:43:16
1962,Give MediumTurquoise,SKU-101962,WH-B,1511,155,Backordered,2025-09-09T08:41:34
1963,Standard Gold,SKU-101963,WH-A,1508,369,Low Stock,2023-06-26T08:27:51
1964,Opportunity Lime,SKU-101964,WH-B,1582,233,Low Stock,2024-05-30T17:44:35
1965,Yard Silver,SKU-101965,WH-C,1318,437,Available,2023-06-28T05:02:29
1966,Soldier Khaki,SKU-101966,WH-C,184,100,Available,2025-04-14T22:22:35
1967,Huge Bisque,SKU-101967,WH-A,740,377,Low Stock,2025-02-09T02:47:47
1968,Economy Moccasin,SKU-101968,WH-C,979,302,Backordered,2024-01-08T15:50:16
1969,Participant BlanchedAlmond,SKU-101969,WH-A,1448,23,Backordered,2025-02-24T00:46:50
1970,Improve LawnGreen,SKU-101970,Main Warehouse,1244,477,Backordered,2025-10-14T13:26:51
1971,Represent Gold,SKU-101971,WH-A,279,419,Low Stock,2024-08-25T18:50:25
1972,Often MediumOrchid,SKU-101972,WH-B,665,164,Discontinued,2024-03-16T12:52:28
1973,Identify DarkMagenta,SKU-101973,WH-A,176,293,Available,2024-01-26T11:22:47
1974,Suddenly FloralWhite,SKU-101974,WH-A,417,419,Backordered,2023-01-11T09:07:15
1975,Suggest MediumBlue,SKU-101975,WH-B,536,420,Backordered,2023-10-30T21:22:38
1976,Edge LightSkyBlue,SKU-101976,Main Warehouse,140,113,Low Stock,2023-01-29T06:08:09
1977,On Orchid,SKU-101977,Main Warehouse,1417,100,Discontinued,2024-12-24T22:41:31
1978,Discover LightBlue,SKU-101978,Main Warehouse,1119,222,Available,2025-09-19T07:12:40
1979,Ok HotPink,SKU-101979,WH-B,1010,132,Backordered,2025-05-14T17:41:00
1980,Set GreenYellow,SKU-101980,WH-B,237,403,Available,2024-03-20T22:45:02
1981,Act MediumVioletRed,SKU-101981,WH-B,53,405,Low Stock,2025-09-07T21:40:09
1982,Yard MediumSlateBlue,SKU-101982,WH-A,1808,366,Low Stock,2024-05-11T10:11:14
1983,Across Azure,SKU-101983,WH-A,458,30,Available,2023-09-19T13:45:05
1984,Technology GoldenRod,SKU-101984,WH-C,1212,449,Backordered,2023-08-31T16:14:32
1985,Allow DarkViolet,SKU-101985,WH-A,333,326,Available,2024-11-25T17:52:38
1986,Discuss LightGray,SKU-101986,WH-A,1184,204,Discontinued,2025-05-07T15:35:52
1987,Later YellowGreen,SKU-101987,WH-C,1657,194,Low Stock,2024-04-25T06:14:57
1988,Game Red,SKU-101988,WH-B,239,432,Available,2023-02-26T14:53:36
1989,Case Orchid,SKU-101989,WH-A,1050,88,Available,2023-12-13T05:39:36
1990,Discussion BlueViolet,SKU-101990,WH-B,393,174,Discontinued,2023-05-04T06:37:34
1991,Scene Navy,SKU-101991,WH-B,192,236,Low Stock,2022-12-14T08:40:41
1992,End Indigo,SKU-101992,WH-B,1557,230,Discontinued,2023-12-26T11:05:42
1993,Door DarkMagenta,SKU-101993,Main Warehouse,110,163,Available,2024-02-24T14:27:25
1994,Direction MintCream,SKU-101994,Main Warehouse,174,15,Low Stock,2024-09-03T19:40:04
1995,By Moccasin,SKU-101995,WH-A,1266,68,Discontinued,2025-06-02T19:04:37
1996,System Teal,SKU-101996,WH-C,73,174,Available,2024-12-13T19:17:54
1997,Degree LightGoldenRodYellow,SKU-101997,WH-A,489,379,Low Stock,2024-03-07T06:02:32
1998,Choose Peru,SKU-101998,WH-B,46,400,Low Stock,2023-06-11T21:28:42
1999,Court DarkMagenta,SKU-101999,WH-C,1951,419,Backordered,2023-01-06T05:40:18
2000,Issue Green,SKU-102000,WH-C,880,24,Discontinued,2023-03-22T06:11:26
