id,employee_id,leave_type,start_date,end_date,days,status,created_at
1,728,Paternity,2023-11-15,2023-11-23,9,Approved,2025-05-09T18:08:28
2,1126,Annual,2025-03-06,2025-03-10,5,Approved,2024-08-16T05:19:47
3,362,Unpaid,2025-02-05,2025-02-07,3,Approved,2025-08-02T08:14:35
4,1,Paternity,2024-07-16,2024-07-27,12,Approved,2024-06-08T10:19:06
5,14,Maternity,2024-04-24,2024-05-01,8,Pending,2025-08-19T05:30:34
6,295,Sick,2024-05-15,2024-05-19,5,Approved,2024-09-10T11:17:30
7,576,Annual,2025-02-28,2025-03-01,2,Approved,2025-08-03T19:17:58
8,536,Unpaid,2025-02-24,2025-03-04,9,Pending,2024-03-27T14:54:34
9,18,Maternity,2025-06-15,2025-06-23,9,Pending,2023-12-30T06:15:24
10,220,Annual,2024-09-29,2024-10-06,8,Pending,2025-06-01T10:53:57
11,1019,Sick,2025-09-26,2025-10-07,12,Pending,2023-12-21T23:29:42
12,1333,Unpaid,2024-11-30,2024-12-05,6,Pending,2025-03-12T11:31:22
13,518,Sick,2024-05-28,2024-05-30,3,Denied,2025-08-25T18:11:11
14,710,Paternity,2023-12-10,2023-12-13,4,Denied,2024-02-11T23:33:41
15,1288,Annual,2024-01-29,2024-02-05,8,Approved,2024-01-23T18:18:53
16,1914,Annual,2024-08-07,2024-08-12,6,Approved,2025-07-05T17:36:51
17,1910,Sick,2024-08-16,2024-08-19,4,Pending,2025-02-07T22:29:15
18,1867,Paternity,2025-07-16,2025-07-30,15,Approved,2024-12-16T12:30:39
19,1402,Maternity,2025-08-02,2025-08-08,7,Pending,2024-08-17T09:21:41
20,794,Paternity,2025-06-10,2025-06-18,9,Denied,2024-03-08T20:33:08
21,1327,Paternity,2025-10-30,2025-11-12,14,Denied,2025-06-16T00:31:39
22,1959,Paternity,2024-08-02,2024-08-09,8,Denied,2024-10-12T09:05:33
23,627,Paternity,2024-07-29,2024-08-05,8,Denied,2024-07-24T13:25:08
24,1753,Paternity,2025-10-07,2025-10-10,4,Denied,2025-05-19T00:37:50
25,1053,Annual,2024-01-20,2024-01-27,8,Pending,2025-02-13T02:04:37
26,1828,Sick,2024-08-28,2024-09-10,14,Denied,2024-10-13T00:07:29
27,477,Annual,2024-02-06,2024-02-10,5,Pending,2023-11-03T11:28:09
28,1000,Unpaid,2024-01-12,2024-01-22,11,Denied,2024-06-27T02:12:15
29,1644,Unpaid,2025-08-20,2025-09-01,13,Pending,2024-07-21T09:55:53
30,1663,Paternity,2024-05-25,2024-05-27,3,Pending,2024-01-05T18:41:17
31,351,Paternity,2025-03-28,2025-04-08,12,Denied,2024-11-28T14:50:03
32,1764,Sick,2024-11-09,2024-11-17,9,Denied,2024-10-22T14:32:19
33,1161,Sick,2024-02-19,2024-02-26,8,Approved,2024-06-08T21:29:10
34,1755,Maternity,2025-02-27,2025-03-09,11,Denied,2023-12-19T10:53:51
35,193,Unpaid,2024-12-15,2024-12-29,15,Approved,2025-08-21T10:02:17
36,245,Paternity,2025-09-18,2025-09-23,6,Approved,2023-11-26T15:58:27
37,866,Paternity,2024-10-17,2024-10-19,3,Denied,2024-07-01T02:45:23
38,86,Annual,2024-05-16,2024-05-29,14,Denied,2025-06-29T11:24:17
39,580,Maternity,2025-09-03,2025-09-13,11,Denied,2024-02-26T10:23:21
40,308,Sick,2024-11-17,2024-11-24,8,Approved,2024-01-11T13:08:26
41,1056,Annual,2025-10-07,2025-10-10,4,Denied,2024-10-02T13:26:23
42,939,Maternity,2025-10-29,2025-11-08,11,Denied,2024-09-25T04:26:53
43,828,Maternity,2023-12-19,2023-12-21,3,Pending,2025-03-20T10:23:31
44,1543,Unpaid,2024-06-01,2024-06-02,2,Approved,2023-12-05T04:38:50
45,784,Maternity,2024-07-17,2024-07-19,3,Denied,2025-09-04T22:19:19
46,348,Annual,2025-06-09,2025-06-19,11,Pending,2025-04-26T03:17:10
47,1499,Paternity,2024-12-22,2024-12-28,7,Denied,2025-06-11T14:42:45
48,1227,Unpaid,2025-10-15,2025-10-16,2,Denied,2024-05-05T23:30:16
49,687,Sick,2025-03-11,2025-03-24,14,Approved,2025-09-02T17:02:40
50,1165,Annual,2025-09-25,2025-09-26,2,Pending,2024-11-04T19:42:53
51,1667,Annual,2024-11-23,2024-12-05,13,Approved,2024-05-31T18:34:13
52,1508,Paternity,2024-08-27,2024-09-08,13,Denied,2024-12-06T05:07:03
53,1715,Sick,2024-03-02,2024-03-16,15,Pending,2024-02-04T14:59:47
54,377,Annual,2025-09-05,2025-09-06,2,Approved,2025-06-30T11:39:43
55,436,Annual,2024-03-01,2024-03-02,2,Pending,2025-03-02T22:48:00
56,1789,Maternity,2024-02-12,2024-02-21,10,Denied,2025-10-01T03:31:15
57,1175,Maternity,2025-05-31,2025-06-14,15,Denied,2024-08-21T10:44:07
58,1787,Sick,2024-01-20,2024-02-03,15,Denied,2024-12-14T23:40:40
59,1408,Unpaid,2024-09-16,2024-09-19,4,Denied,2025-01-15T18:49:01
60,316,Paternity,2024-02-06,2024-02-07,2,Pending,2025-01-01T13:15:37
61,302,Sick,2024-10-16,2024-10-20,5,Pending,2025-03-23T12:18:58
62,497,Unpaid,2024-04-26,2024-05-02,7,Pending,2024-10-26T16:31:44
63,456,Unpaid,2024-12-14,2024-12-18,5,Denied,2025-03-22T19:12:00
64,1265,Maternity,2024-07-27,2024-08-07,12,Pending,2025-02-28T21:57:05
65,217,Sick,2025-01-01,2025-01-13,13,Pending,2025-09-13T01:13:03
66,1284,Unpaid,2024-02-27,2024-03-11,14,Denied,2024-04-02T02:32:05
67,1019,Paternity,2024-06-20,2024-07-03,14,Pending,2024-11-18T16:24:32
68,1109,Paternity,2025-08-20,2025-09-03,15,Denied,2024-07-03T19:50:53
69,323,Unpaid,2024-11-03,2024-11-11,9,Approved,2025-02-08T15:20:49
70,799,Unpaid,2024-09-05,2024-09-13,9,Pending,2025-05-14T19:40:44
71,504,Sick,2025-06-26,2025-07-03,8,Denied,2024-08-11T14:03:54
72,1130,Maternity,2025-07-27,2025-08-08,13,Pending,2024-01-01T16:28:54
73,267,Paternity,2024-07-12,2024-07-22,11,Approved,2025-05-02T17:27:18
74,674,Maternity,2025-09-07,2025-09-09,3,Approved,2024-03-13T23:05:18
75,1406,Unpaid,2024-11-29,2024-12-04,6,Approved,2025-01-14T06:41:50
76,694,Maternity,2024-04-23,2024-05-01,9,Pending,2025-03-19T08:49:10
77,49,Annual,2024-05-07,2024-05-14,8,Pending,2024-03-10T04:16:22
78,783,Sick,2025-04-25,2025-05-04,10,Approved,2025-04-07T23:39:51
79,1385,Unpaid,2025-09-25,2025-10-06,12,Denied,2025-05-24T14:44:13
80,612,Unpaid,2025-05-15,2025-05-28,14,Denied,2024-08-02T04:34:27
81,1283,Unpaid,2025-10-10,2025-10-12,3,Denied,2024-09-08T04:26:04
82,1440,Annual,2024-04-18,2024-04-26,9,Pending,2025-01-01T13:34:11
83,355,Unpaid,2024-05-28,2024-06-11,15,Denied,2024-06-20T18:17:22
84,163,Annual,2023-12-18,2023-12-20,3,Pending,2025-01-31T07:46:10
85,1555,Unpaid,2024-01-24,2024-01-25,2,Approved,2025-05-22T14:28:46
86,487,Annual,2025-04-17,2025-04-28,12,Denied,2024-01-24T15:17:46
87,246,Sick,2024-08-06,2024-08-11,6,Denied,2024-11-07T08:05:55
88,1445,Sick,2025-09-03,2025-09-12,10,Pending,2024-06-21T16:18:11
89,1436,Paternity,2025-08-01,2025-08-12,12,Denied,2025-08-20T16:17:32
90,841,Annual,2023-11-27,2023-12-01,5,Pending,2024-09-06T22:10:36
91,1282,Sick,2025-03-10,2025-03-16,7,Approved,2023-11-10T04:26:53
92,1543,Unpaid,2025-01-12,2025-01-17,6,Approved,2024-10-14T03:43:53
93,109,Maternity,2024-02-26,2024-03-11,15,Approved,2025-10-14T13:59:14
94,490,Annual,2025-02-08,2025-02-22,15,Approved,2025-04-17T08:44:32
95,199,Unpaid,2024-09-22,2024-10-06,15,Pending,2023-11-21T02:19:05
96,1169,Sick,2023-11-30,2023-12-09,10,Pending,2025-09-19T14:22:59
97,1447,Maternity,2024-10-22,2024-10-31,10,Denied,2025-08-29T05:19:18
98,541,Sick,2024-10-12,2024-10-25,14,Approved,2024-02-28T23:07:56
99,178,Paternity,2025-10-08,2025-10-19,12,Denied,2024-04-09T09:50:04
100,437,Paternity,2024-07-10,2024-07-21,12,Pending,2024-06-19T14:01:59
101,560,Sick,2023-11-25,2023-12-09,15,Denied,2024-11-14T08:38:16
102,1518,Maternity,2025-06-04,2025-06-13,10,Pending,2024-10-04T17:58:16
103,1935,Paternity,2025-06-18,2025-06-29,12,Pending,2024-12-21T15:25:11
104,272,Unpaid,2025-01-24,2025-01-28,5,Pending,2024-09-17T08:38:48
105,402,Sick,2025-05-17,2025-05-25,9,Denied,2025-04-26T22:51:53
106,656,Maternity,2025-05-11,2025-05-19,9,Pending,2024-09-10T08:18:39
107,78,Paternity,2024-06-28,2024-07-02,5,Approved,2025-01-25T15:31:50
108,1899,Annual,2024-06-11,2024-06-14,4,Approved,2025-10-27T19:10:22
109,1747,Maternity,2024-11-10,2024-11-22,13,Denied,2024-08-13T19:28:58
110,549,Maternity,2024-05-10,2024-05-12,3,Pending,2024-11-27T00:16:59
111,738,Unpaid,2025-08-05,2025-08-18,14,Pending,2025-06-15T16:16:47
112,1079,Sick,2025-01-14,2025-01-20,7,Approved,2024-07-22T15:40:42
113,480,Paternity,2024-05-22,2024-05-28,7,Denied,2025-11-01T04:09:45
114,151,Sick,2023-12-09,2023-12-22,14,Approved,2024-05-20T02:35:58
115,580,Maternity,2024-12-25,2025-01-07,14,Denied,2025-02-26T22:05:10
116,889,Unpaid,2025-07-11,2025-07-18,8,Approved,2024-01-23T12:08:42
117,1651,Sick,2023-11-15,2023-11-23,9,Pending,2024-10-13T02:25:44
118,350,Unpaid,2025-03-29,2025-04-09,12,Pending,2025-02-16T04:10:04
119,1623,Sick,2023-12-02,2023-12-04,3,Pending,2025-07-19T23:21:50
120,1705,Sick,2024-11-10,2024-11-20,11,Approved,2024-04-07T13:23:10
121,1068,Maternity,2024-10-06,2024-10-19,14,Denied,2025-02-03T06:45:51
122,248,Sick,2025-10-29,2025-11-12,15,Denied,2024-06-30T23:36:27
123,753,Sick,2024-04-10,2024-04-19,10,Pending,2025-09-07T00:57:23
124,1693,Sick,2024-10-17,2024-10-18,2,Approved,2024-02-20T19:46:12
125,787,Annual,2025-06-13,2025-06-14,2,Pending,2024-04-27T05:06:50
126,1569,Maternity,2025-07-08,2025-07-20,13,Pending,2025-10-21T19:11:31
127,1823,Unpaid,2024-05-28,2024-06-03,7,Approved,2025-08-15T00:44:48
128,1044,Unpaid,2024-02-12,2024-02-15,4,Denied,2025-04-10T13:43:09
129,31,Maternity,2025-02-27,2025-03-01,3,Pending,2025-03-30T12:13:11
130,1102,Annual,2025-01-02,2025-01-04,3,Denied,2025-04-07T06:50:20
131,497,Paternity,2024-10-15,2024-10-21,7,Pending,2025-06-07T16:20:30
132,1664,Paternity,2024-06-23,2024-06-25,3,Approved,2024-05-27T02:37:40
133,1674,Paternity,2024-03-03,2024-03-10,8,Pending,2024-07-19T23:17:53
134,293,Sick,2025-07-10,2025-07-18,9,Approved,2025-10-25T05:58:16
135,1149,Annual,2025-07-03,2025-07-13,11,Approved,2024-03-19T01:46:07
136,1083,Unpaid,2023-11-27,2023-12-08,12,Denied,2023-12-03T01:24:47
137,563,Paternity,2024-12-14,2024-12-28,15,Denied,2025-05-22T04:37:05
138,1580,Paternity,2024-04-06,2024-04-17,12,Pending,2024-06-06T21:19:48
139,1117,Unpaid,2025-10-22,2025-10-24,3,Pending,2024-07-05T04:25:33
140,1729,Annual,2025-09-22,2025-10-01,10,Approved,2024-08-28T22:03:22
141,1022,Paternity,2024-11-21,2024-12-02,12,Denied,2025-09-03T19:35:59
142,94,Sick,2023-12-14,2023-12-20,7,Pending,2024-02-17T13:26:44
143,1328,Maternity,2024-04-02,2024-04-16,15,Approved,2024-07-24T02:14:25
144,477,Unpaid,2024-01-31,2024-02-01,2,Pending,2024-03-03T08:24:53
145,379,Annual,2024-06-14,2024-06-23,10,Pending,2024-06-04T19:43:27
146,442,Sick,2025-01-06,2025-01-08,3,Denied,2024-08-08T07:44:52
147,611,Unpaid,2024-01-14,2024-01-28,15,Pending,2024-02-25T06:47:05
148,638,Sick,2024-06-16,2024-06-27,12,Denied,2023-12-20T02:11:53
149,617,Annual,2024-06-15,2024-06-27,13,Pending,2025-09-01T04:35:07
150,562,Maternity,2025-07-30,2025-08-12,14,Approved,2025-05-21T12:25:09
151,782,Paternity,2025-08-25,2025-09-04,11,Denied,2025-07-24T05:59:18
152,1284,Maternity,2025-02-19,2025-03-01,11,Pending,2024-08-28T08:49:49
153,1632,Unpaid,2024-01-12,2024-01-18,7,Approved,2024-02-03T07:58:35
154,453,Unpaid,2024-10-25,2024-10-30,6,Pending,2024-08-13T00:04:45
155,1558,Sick,2023-12-24,2023-12-25,2,Denied,2025-05-04T03:34:30
156,925,Unpaid,2023-12-01,2023-12-08,8,Denied,2025-07-30T08:26:20
157,1496,Annual,2024-05-01,2024-05-11,11,Pending,2025-02-21T06:20:50
158,567,Sick,2025-08-16,2025-08-22,7,Pending,2025-02-23T20:06:28
159,530,Unpaid,2025-02-09,2025-02-11,3,Approved,2024-12-12T03:39:02
160,183,Sick,2025-08-06,2025-08-17,12,Pending,2023-11-25T22:11:17
161,1290,Annual,2023-12-09,2023-12-10,2,Pending,2024-02-07T21:07:40
162,908,Paternity,2023-11-07,2023-11-20,14,Approved,2024-09-12T23:56:45
163,145,Sick,2025-01-20,2025-01-28,9,Approved,2024-09-13T16:35:43
164,1440,Paternity,2024-10-08,2024-10-10,3,Denied,2023-12-04T19:54:35
165,1482,Unpaid,2025-03-28,2025-04-04,8,Denied,2024-05-08T18:59:53
166,549,Paternity,2025-01-31,2025-02-14,15,Approved,2025-08-25T04:49:01
167,1631,Unpaid,2024-01-09,2024-01-21,13,Denied,2024-09-20T21:24:29
168,1868,Sick,2024-01-13,2024-01-16,4,Denied,2024-12-26T01:47:10
169,1070,Annual,2025-07-12,2025-07-20,9,Denied,2024-12-08T09:45:07
170,634,Unpaid,2025-09-30,2025-10-13,14,Pending,2025-07-05T06:52:48
171,1049,Unpaid,2024-11-25,2024-11-27,3,Approved,2024-06-13T14:11:45
172,1176,Unpaid,2024-09-05,2024-09-12,8,Pending,2024-02-26T19:57:21
173,464,Maternity,2025-09-18,2025-10-01,14,Approved,2025-06-28T23:48:04
174,1837,Sick,2024-04-22,2024-04-27,6,Approved,2024-02-08T08:33:15
175,758,Annual,2024-06-22,2024-06-30,9,Approved,2024-08-23T14:48:34
176,1021,Paternity,2025-07-22,2025-08-04,14,Pending,2024-12-17T02:33:12
177,170,Annual,2024-05-30,2024-06-12,14,Denied,2024-05-30T11:32:49
178,840,Annual,2025-01-24,2025-02-07,15,Denied,2025-03-19T11:11:16
179,1977,Annual,2024-10-19,2024-10-26,8,Pending,2024-05-16T02:36:49
180,1449,Sick,2024-09-13,2024-09-23,11,Approved,2024-10-02T12:43:37
181,16,Maternity,2025-03-31,2025-04-11,12,Denied,2025-09-16T09:09:22
182,1387,Sick,2024-02-11,2024-02-16,6,Approved,2024-02-04T19:30:30
183,1507,Annual,2025-10-14,2025-10-26,13,Pending,2024-02-03T17:09:54
184,140,Sick,2023-12-08,2023-12-18,11,Pending,2024-08-11T13:14:48
185,899,Paternity,2025-03-15,2025-03-16,2,Approved,2024-07-21T15:27:03
186,1688,Paternity,2024-08-27,2024-09-05,10,Pending,2024-11-09T03:12:56
187,1675,Annual,2025-05-13,2025-05-21,9,Pending,2024-11-12T03:50:59
188,1429,Maternity,2024-03-21,2024-03-30,10,Denied,2023-12-18T21:46:12
189,1180,Maternity,2023-11-13,2023-11-17,5,Denied,2025-02-14T08:42:35
190,1927,Sick,2024-11-10,2024-11-15,6,Approved,2025-03-28T21:42:53
191,986,Maternity,2023-12-26,2023-12-27,2,Denied,2025-08-28T11:14:20
192,936,Annual,2024-10-04,2024-10-06,3,Approved,2024-09-01T17:33:45
193,651,Maternity,2025-06-28,2025-07-05,8,Approved,2025-01-01T07:39:17
194,1756,Maternity,2024-07-25,2024-08-06,13,Pending,2024-08-03T23:06:23
195,1394,Maternity,2025-03-19,2025-03-26,8,Approved,2024-01-13T00:52:22
196,799,Paternity,2025-09-24,2025-10-01,8,Pending,2023-11-12T06:38:58
197,687,Sick,2025-07-05,2025-07-13,9,Pending,2025-03-04T02:24:01
198,1684,Annual,2025-05-23,2025-05-25,3,Pending,2024-06-30T05:37:54
199,1920,Sick,2024-01-09,2024-01-17,9,Pending,2025-10-20T17:20:19
200,1070,Sick,2024-06-29,2024-07-11,13,Denied,2025-06-28T15:51:29
201,692,Unpaid,2025-10-15,2025-10-26,12,Denied,2025-08-18T14:22:35
202,393,Maternity,2025-06-19,2025-07-02,14,Denied,2024-07-19T16:17:17
203,866,Unpaid,2025-07-05,2025-07-13,9,Pending,2025-01-01T01:31:48
204,1647,Annual,2024-11-28,2024-12-05,8,Approved,2025-03-19T04:07:41
205,1478,Maternity,2024-03-11,2024-03-25,15,Pending,2024-01-02T16:07:03
206,707,Paternity,2024-06-25,2024-07-03,9,Pending,2025-05-15T04:24:01
207,716,Annual,2024-12-05,2024-12-06,2,Pending,2025-07-27T22:51:16
208,712,Unpaid,2025-01-10,2025-01-24,15,Denied,2024-10-11T04:35:55
209,1052,Maternity,2024-05-26,2024-06-06,12,Denied,2024-08-10T14:40:17
210,97,Unpaid,2025-06-13,2025-06-27,15,Approved,2023-12-09T15:05:08
211,135,Paternity,2025-09-16,2025-09-25,10,Denied,2023-11-12T05:51:30
212,1557,Unpaid,2024-10-05,2024-10-16,12,Denied,2024-05-02T13:27:19
213,1959,Sick,2024-03-25,2024-03-29,5,Approved,2024-01-28T16:28:36
214,419,Annual,2024-07-11,2024-07-16,6,Pending,2023-11-23T19:30:31
215,1214,Paternity,2025-08-25,2025-09-04,11,Denied,2024-12-05T21:35:50
216,766,Annual,2025-09-08,2025-09-12,5,Pending,2025-08-30T21:12:38
217,1416,Sick,2025-06-06,2025-06-18,13,Pending,2024-05-29T10:31:25
218,1459,Annual,2024-11-17,2024-11-21,5,Denied,2024-09-28T23:16:09
219,1115,Annual,2023-11-09,2023-11-19,11,Pending,2024-01-25T07:39:32
220,1158,Maternity,2024-08-27,2024-08-28,2,Pending,2024-04-22T22:53:25
221,98,Paternity,2025-06-08,2025-06-12,5,Approved,2024-04-24T01:52:40
222,706,Maternity,2025-05-13,2025-05-22,10,Denied,2024-07-30T23:23:07
223,1884,Unpaid,2023-11-12,2023-11-23,12,Denied,2025-02-03T17:31:02
224,1706,Sick,2025-01-06,2025-01-07,2,Approved,2025-03-20T04:33:34
225,87,Paternity,2025-02-10,2025-02-16,7,Approved,2025-02-25T02:17:06
226,1507,Annual,2024-03-25,2024-03-26,2,Approved,2025-06-02T05:40:42
227,922,Paternity,2024-08-25,2024-09-03,10,Pending,2024-10-03T05:59:01
228,1378,Unpaid,2024-03-03,2024-03-15,13,Pending,2024-03-29T06:25:16
229,1251,Unpaid,2024-03-10,2024-03-16,7,Pending,2024-11-20T20:29:27
230,293,Paternity,2025-10-28,2025-11-08,12,Denied,2024-09-07T10:54:33
231,1233,Sick,2025-03-13,2025-03-23,11,Approved,2025-03-01T10:19:01
232,801,Paternity,2023-12-04,2023-12-08,5,Denied,2025-01-08T12:25:07
233,1759,Unpaid,2024-05-10,2024-05-12,3,Denied,2025-02-13T18:09:24
234,1865,Unpaid,2023-12-06,2023-12-08,3,Pending,2024-11-02T13:37:41
235,1574,Paternity,2025-02-06,2025-02-15,10,Approved,2024-09-19T16:11:36
236,1087,Unpaid,2024-01-24,2024-02-06,14,Pending,2024-10-29T06:40:42
237,780,Paternity,2023-11-11,2023-11-14,4,Denied,2024-02-22T21:18:00
238,1863,Sick,2025-10-25,2025-11-01,8,Approved,2025-02-09T01:01:52
239,1435,Paternity,2024-04-26,2024-04-30,5,Approved,2023-12-17T20:47:01
240,1376,Sick,2025-07-26,2025-08-03,9,Approved,2024-06-12T19:00:23
241,1879,Paternity,2025-05-06,2025-05-18,13,Approved,2024-10-02T18:08:12
242,380,Paternity,2024-08-01,2024-08-11,11,Denied,2024-09-21T04:19:52
243,1891,Unpaid,2025-04-09,2025-04-20,12,Denied,2025-07-16T12:37:06
244,613,Annual,2025-08-24,2025-09-04,12,Denied,2024-03-21T01:26:48
245,788,Sick,2024-08-07,2024-08-17,11,Approved,2024-12-16T12:13:21
246,1751,Unpaid,2024-10-20,2024-10-25,6,Denied,2024-06-04T09:19:40
247,1258,Unpaid,2024-04-03,2024-04-11,9,Denied,2025-03-15T17:49:11
248,1493,Maternity,2024-09-20,2024-09-22,3,Pending,2024-11-01T14:05:59
249,1414,Maternity,2024-12-27,2024-12-30,4,Approved,2025-03-27T17:40:34
250,1705,Paternity,2024-01-08,2024-01-11,4,Approved,2025-03-11T06:53:05
251,73,Sick,2024-10-12,2024-10-18,7,Denied,2024-11-28T09:23:46
252,1648,Maternity,2024-03-31,2024-04-08,9,Approved,2024-10-19T23:11:08
253,84,Paternity,2024-03-28,2024-04-03,7,Pending,2025-09-19T04:43:50
254,544,Unpaid,2024-02-17,2024-02-22,6,Pending,2024-03-09T20:22:29
255,1114,Unpaid,2025-09-10,2025-09-22,13,Denied,2025-10-12T18:13:59
256,1351,Paternity,2023-12-08,2023-12-22,15,Approved,2024-07-16T12:33:44
257,1058,Maternity,2024-10-18,2024-10-28,11,Pending,2025-03-19T10:24:44
258,208,Unpaid,2025-06-28,2025-07-02,5,Pending,2025-07-10T21:13:53
259,1885,Annual,2025-10-05,2025-10-15,11,Denied,2024-10-20T17:05:14
260,945,Paternity,2025-03-19,2025-03-20,2,Approved,2024-09-22T03:39:29
261,1717,Sick,2024-09-23,2024-10-05,13,Approved,2025-05-03T02:15:32
262,1794,Sick,2025-07-01,2025-07-04,4,Pending,2023-12-03T09:19:23
263,494,Unpaid,2024-06-05,2024-06-10,6,Denied,2023-11-17T10:58:11
264,1618,Maternity,2025-02-25,2025-03-06,10,Pending,2024-01-18T01:56:45
265,1131,Annual,2024-11-11,2024-11-23,13,Denied,2025-07-11T11:00:42
266,1360,Sick,2025-03-06,2025-03-19,14,Approved,2025-03-11T23:03:14
267,35,Paternity,2025-08-04,2025-08-09,6,Pending,2023-12-06T23:05:29
268,639,Unpaid,2024-12-10,2024-12-18,9,Approved,2023-12-12T08:12:28
269,1408,Annual,2024-06-05,2024-06-17,13,Approved,2025-03-15T08:19:45
270,1722,Annual,2024-04-06,2024-04-14,9,Pending,2024-07-18T19:41:37
271,841,Annual,2024-06-15,2024-06-26,12,Approved,2025-02-03T00:38:11
272,1876,Annual,2024-05-09,2024-05-13,5,Pending,2024-10-29T02:09:02
273,1028,Unpaid,2024-01-05,2024-01-16,12,Pending,2025-05-16T17:18:55
274,496,Maternity,2024-07-03,2024-07-08,6,Approved,2024-08-23T07:04:48
275,635,Unpaid,2024-02-13,2024-02-20,8,Approved,2024-12-23T08:59:28
276,1646,Annual,2025-06-28,2025-07-02,5,Pending,2024-05-21T01:26:27
277,2000,Sick,2024-08-05,2024-08-17,13,Denied,2023-12-12T09:11:44
278,660,Unpaid,2024-10-31,2024-11-05,6,Approved,2024-04-08T20:31:27
279,1152,Sick,2024-01-07,2024-01-14,8,Approved,2024-08-23T19:10:51
280,944,Annual,2024-12-18,2024-12-31,14,Pending,2023-11-29T05:30:02
281,1602,Unpaid,2024-10-11,2024-10-19,9,Pending,2024-06-19T03:26:27
282,1174,Sick,2025-01-07,2025-01-17,11,Denied,2025-01-03T10:11:07
283,1783,Unpaid,2025-03-18,2025-03-30,13,Denied,2025-01-11T18:08:20
284,1313,Unpaid,2024-03-09,2024-03-20,12,Approved,2025-01-09T07:51:02
285,813,Paternity,2025-06-19,2025-06-27,9,Pending,2024-07-01T23:47:15
286,954,Unpaid,2023-12-11,2023-12-12,2,Denied,2024-01-06T09:15:44
287,763,Sick,2025-08-07,2025-08-09,3,Pending,2024-11-13T21:29:43
288,442,Maternity,2025-09-15,2025-09-27,13,Approved,2024-12-28T14:10:23
289,1494,Maternity,2025-07-04,2025-07-07,4,Approved,2024-07-15T08:33:03
290,1420,Annual,2024-05-16,2024-05-23,8,Pending,2025-04-20T12:50:47
291,117,Unpaid,2024-06-09,2024-06-21,13,Pending,2024-11-15T03:02:15
292,292,Sick,2025-01-21,2025-01-30,10,Approved,2024-12-29T09:47:51
293,930,Unpaid,2024-09-01,2024-09-14,14,Denied,2025-09-13T07:59:07
294,704,Sick,2024-03-22,2024-03-28,7,Pending,2025-08-26T12:01:21
295,1647,Maternity,2024-03-10,2024-03-11,2,Approved,2025-02-21T09:44:59
296,562,Maternity,2025-07-13,2025-07-15,3,Approved,2024-10-11T14:03:47
297,1744,Paternity,2024-04-20,2024-05-04,15,Denied,2025-08-11T20:18:12
298,488,Maternity,2024-01-04,2024-01-05,2,Denied,2025-06-21T21:48:39
299,920,Paternity,2025-05-28,2025-05-31,4,Approved,2024-09-18T10:48:22
300,889,Annual,2025-01-25,2025-01-28,4,Pending,2025-02-07T10:28:03
301,336,Paternity,2024-03-02,2024-03-04,3,Approved,2024-04-23T12:05:56
302,1108,Annual,2025-06-21,2025-07-01,11,Denied,2024-09-12T21:24:52
303,435,Sick,2025-10-28,2025-11-07,11,Approved,2023-11-21T13:06:31
304,398,Sick,2025-05-07,2025-05-15,9,Pending,2025-05-24T03:18:16
305,1525,Paternity,2025-06-20,2025-06-24,5,Denied,2024-01-20T23:16:41
306,804,Sick,2024-01-08,2024-01-20,13,Denied,2024-01-12T16:16:26
307,935,Sick,2025-06-10,2025-06-13,4,Denied,2025-08-20T22:11:19
308,1707,Annual,2024-09-04,2024-09-08,5,Denied,2025-08-27T04:28:17
309,572,Unpaid,2024-02-06,2024-02-15,10,Pending,2025-10-02T06:47:56
310,1702,Annual,2024-10-19,2024-11-01,14,Pending,2023-11-17T22:21:07
311,1328,Paternity,2024-04-09,2024-04-17,9,Approved,2024-04-10T15:05:31
312,862,Paternity,2025-04-09,2025-04-17,9,Denied,2025-04-02T07:27:34
313,1893,Paternity,2024-06-22,2024-06-27,6,Approved,2025-10-13T02:14:13
314,1773,Maternity,2025-01-23,2025-02-01,10,Pending,2025-10-18T13:57:05
315,1702,Maternity,2024-09-22,2024-09-25,4,Pending,2024-03-24T03:14:44
316,1982,Maternity,2024-09-10,2024-09-23,14,Denied,2023-12-31T13:42:28
317,580,Paternity,2024-12-08,2024-12-11,4,Denied,2025-01-27T03:45:35
318,1151,Unpaid,2023-11-22,2023-12-02,11,Denied,2024-07-16T05:08:08
319,1492,Paternity,2024-05-30,2024-05-31,2,Approved,2025-06-05T11:41:50
320,736,Maternity,2024-07-13,2024-07-21,9,Approved,2025-06-13T04:10:15
321,1625,Unpaid,2025-03-30,2025-04-05,7,Approved,2024-05-26T13:04:59
322,1386,Paternity,2025-07-26,2025-08-07,13,Denied,2024-09-25T13:16:18
323,762,Maternity,2025-08-14,2025-08-21,8,Approved,2024-11-30T21:00:48
324,180,Unpaid,2025-04-05,2025-04-18,14,Pending,2024-10-12T07:03:00
325,568,Paternity,2024-12-06,2024-12-09,4,Denied,2024-11-16T05:31:48
326,496,Paternity,2024-04-15,2024-04-20,6,Denied,2025-09-20T17:09:04
327,1396,Unpaid,2025-08-18,2025-08-21,4,Denied,2025-06-13T07:58:13
328,1146,Sick,2025-10-22,2025-10-28,7,Approved,2025-05-17T01:52:08
329,709,Annual,2025-03-18,2025-03-21,4,Denied,2025-09-26T06:28:12
330,1068,Annual,2024-02-04,2024-02-12,9,Approved,2024-09-14T03:04:23
331,221,Unpaid,2025-01-05,2025-01-07,3,Approved,2025-03-20T04:00:54
332,985,Paternity,2025-08-06,2025-08-15,10,Pending,2023-12-08T04:09:04
333,532,Sick,2025-09-11,2025-09-22,12,Approved,2024-08-05T10:47:26
334,583,Paternity,2023-11-08,2023-11-17,10,Denied,2023-12-30T12:10:22
335,994,Maternity,2025-09-03,2025-09-11,9,Approved,2024-07-23T23:41:25
336,1927,Annual,2024-09-23,2024-09-30,8,Denied,2024-04-08T00:45:50
337,913,Sick,2024-04-16,2024-04-27,12,Pending,2024-11-13T15:44:21
338,396,Unpaid,2023-11-11,2023-11-13,3,Denied,2024-06-23T06:23:05
339,899,Annual,2024-07-04,2024-07-18,15,Approved,2025-05-18T19:41:33
340,997,Unpaid,2025-05-28,2025-06-11,15,Approved,2024-02-13T04:02:37
341,1984,Paternity,2025-08-09,2025-08-10,2,Denied,2025-06-23T16:49:05
342,1105,Unpaid,2024-09-01,2024-09-10,10,Denied,2024-10-31T12:11:39
343,783,Maternity,2025-08-20,2025-08-28,9,Denied,2025-02-03T08:13:00
344,1883,Sick,2024-08-13,2024-08-16,4,Approved,2025-05-24T19:09:59
345,1406,Sick,2023-11-23,2023-12-05,13,Denied,2023-11-12T23:35:46
346,1681,Maternity,2025-06-02,2025-06-16,15,Approved,2025-03-05T13:07:40
347,1096,Paternity,2025-06-11,2025-06-16,6,Pending,2024-06-25T07:44:49
348,296,Sick,2025-07-30,2025-08-13,15,Approved,2024-03-02T17:05:32
349,429,Paternity,2025-07-12,2025-07-17,6,Approved,2025-05-13T05:10:18
350,190,Paternity,2024-11-14,2024-11-23,10,Approved,2024-04-09T03:00:09
351,1581,Maternity,2024-07-25,2024-07-27,3,Pending,2024-06-03T05:53:04
352,176,Sick,2025-08-23,2025-08-26,4,Approved,2025-05-15T22:21:11
353,1828,Annual,2023-11-16,2023-11-18,3,Denied,2024-02-25T14:37:06
354,1068,Unpaid,2025-07-04,2025-07-07,4,Denied,2024-06-21T02:09:53
355,1315,Paternity,2024-07-23,2024-08-06,15,Denied,2025-10-15T12:06:13
356,97,Paternity,2025-10-08,2025-10-17,10,Denied,2025-04-25T05:26:41
357,1043,Maternity,2024-06-24,2024-07-01,8,Pending,2025-02-02T12:18:19
358,1886,Maternity,2023-11-13,2023-11-24,12,Approved,2024-07-15T14:28:21
359,1717,Sick,2025-10-16,2025-10-23,8,Pending,2024-06-11T16:02:43
360,1013,Maternity,2025-08-16,2025-08-17,2,Denied,2024-05-08T18:19:10
361,486,Paternity,2024-07-08,2024-07-18,11,Approved,2025-06-22T07:45:19
362,76,Maternity,2024-05-10,2024-05-12,3,Approved,2024-09-05T13:23:38
363,1418,Annual,2025-06-22,2025-07-06,15,Pending,2025-10-26T06:40:33
364,794,Sick,2023-12-06,2023-12-11,6,Denied,2025-05-11T06:49:49
365,274,Paternity,2025-03-08,2025-03-13,6,Approved,2023-11-17T21:03:40
366,686,Unpaid,2025-08-08,2025-08-11,4,Approved,2025-04-07T07:47:41
367,1472,Unpaid,2025-10-08,2025-10-16,9,Approved,2024-03-03T05:45:00
368,1979,Annual,2025-08-01,2025-08-14,14,Approved,2023-12-28T15:28:19
369,235,Unpaid,2025-01-18,2025-01-25,8,Pending,2024-10-12T05:48:41
370,286,Annual,2025-06-18,2025-06-19,2,Pending,2025-09-17T19:31:20
371,1635,Sick,2025-10-29,2025-11-06,9,Pending,2025-03-21T18:24:17
372,439,Sick,2024-04-22,2024-05-03,12,Denied,2024-04-24T22:53:54
373,103,Annual,2025-02-21,2025-02-22,2,Pending,2025-06-19T23:21:17
374,1530,Unpaid,2024-01-04,2024-01-09,6,Denied,2024-07-07T23:43:28
375,106,Unpaid,2024-02-15,2024-02-16,2,Approved,2024-08-06T17:34:02
376,907,Maternity,2025-10-13,2025-10-24,12,Approved,2025-09-25T15:02:53
377,738,Paternity,2025-09-12,2025-09-20,9,Pending,2025-05-14T21:47:41
378,595,Annual,2023-11-11,2023-11-22,12,Pending,2024-12-07T23:29:57
379,1148,Annual,2025-10-08,2025-10-11,4,Denied,2024-05-02T23:50:29
380,140,Annual,2024-08-18,2024-08-22,5,Denied,2023-12-14T06:31:24
381,1447,Unpaid,2025-05-04,2025-05-06,3,Denied,2025-05-20T13:33:13
382,494,Paternity,2024-08-25,2024-09-01,8,Denied,2024-04-13T15:41:46
383,1663,Maternity,2024-02-08,2024-02-20,13,Denied,2024-07-29T16:11:18
384,1060,Maternity,2024-12-10,2024-12-14,5,Denied,2025-07-01T14:13:47
385,1051,Sick,2025-08-28,2025-09-08,12,Denied,2023-12-03T03:46:19
386,557,Unpaid,2024-11-24,2024-12-01,8,Denied,2025-02-05T22:03:48
387,1665,Paternity,2025-02-03,2025-02-16,14,Pending,2025-02-05T19:08:01
388,284,Paternity,2025-06-13,2025-06-23,11,Approved,2025-10-03T11:47:15
389,1046,Maternity,2024-08-30,2024-09-04,6,Approved,2025-06-04T23:16:39
390,291,Sick,2024-02-10,2024-02-18,9,Denied,2024-06-17T11:00:28
391,389,Sick,2024-04-24,2024-05-02,9,Denied,2025-03-20T21:47:24
392,295,Maternity,2024-01-22,2024-01-27,6,Approved,2024-08-12T17:00:37
393,1740,Unpaid,2025-08-03,2025-08-13,11,Approved,2025-05-15T02:06:56
394,713,Unpaid,2025-02-20,2025-03-02,11,Denied,2024-04-18T23:31:39
395,1488,Unpaid,2024-11-14,2024-11-15,2,Pending,2024-10-10T17:09:26
396,778,Sick,2025-07-31,2025-08-07,8,Denied,2024-06-17T05:58:06
397,609,Unpaid,2024-02-05,2024-02-13,9,Pending,2024-06-30T03:59:12
398,1995,Paternity,2025-09-14,2025-09-15,2,Pending,2025-04-12T18:54:02
399,1889,Paternity,2025-03-04,2025-03-18,15,Approved,2025-01-28T22:36:18
400,831,Maternity,2025-03-21,2025-04-02,13,Denied,2024-08-26T13:43:48
401,1835,Unpaid,2024-12-30,2025-01-08,10,Denied,2024-10-26T20:06:59
402,1134,Annual,2025-10-18,2025-10-26,9,Approved,2025-10-30T01:02:47
403,549,Maternity,2025-09-07,2025-09-20,14,Approved,2025-10-09T00:16:01
404,1860,Sick,2024-03-15,2024-03-19,5,Pending,2025-02-26T20:25:33
405,1491,Maternity,2024-04-09,2024-04-18,10,Pending,2024-04-26T03:26:00
406,1408,Unpaid,2023-12-08,2023-12-09,2,Pending,2025-05-08T10:13:41
407,940,Unpaid,2024-05-22,2024-05-27,6,Pending,2024-04-22T22:07:16
408,1404,Sick,2025-08-17,2025-08-27,11,Denied,2023-11-03T14:41:02
409,1057,Sick,2024-08-17,2024-08-19,3,Pending,2025-05-01T15:21:36
410,284,Annual,2025-01-02,2025-01-03,2,Pending,2024-08-22T10:14:24
411,699,Sick,2024-06-13,2024-06-24,12,Pending,2023-12-05T14:29:36
412,1322,Unpaid,2024-12-14,2024-12-25,12,Approved,2025-05-17T14:43:04
413,161,Paternity,2025-05-12,2025-05-16,5,Denied,2024-08-27T22:26:04
414,572,Maternity,2025-08-29,2025-08-30,2,Approved,2023-11-06T20:21:44
415,1721,Paternity,2025-03-27,2025-03-29,3,Denied,2024-11-17T04:30:03
416,680,Annual,2025-06-15,2025-06-18,4,Approved,2025-08-22T19:57:04
417,17,Unpaid,2025-01-22,2025-01-23,2,Approved,2025-06-13T13:48:22
418,1021,Maternity,2025-10-25,2025-11-02,9,Pending,2024-03-10T18:17:59
419,1259,Sick,2025-04-01,2025-04-02,2,Pending,2024-04-16T18:52:14
420,361,Paternity,2025-02-25,2025-02-28,4,Pending,2024-02-17T11:20:23
421,975,Maternity,2023-12-29,2024-01-02,5,Approved,2024-02-12T21:38:01
422,1044,Maternity,2024-11-28,2024-12-10,13,Pending,2025-08-01T05:39:23
423,330,Paternity,2024-06-11,2024-06-18,8,Approved,2024-08-04T18:41:31
424,1804,Maternity,2024-04-20,2024-04-29,10,Approved,2025-09-15T13:06:12
425,558,Annual,2025-02-21,2025-03-04,12,Pending,2024-10-01T22:55:38
426,1591,Annual,2025-08-27,2025-08-28,2,Pending,2024-10-17T12:59:58
427,448,Unpaid,2023-11-30,2023-12-04,5,Denied,2025-05-30T08:12:16
428,1655,Maternity,2024-08-07,2024-08-13,7,Pending,2025-07-27T18:46:52
429,915,Paternity,2024-08-15,2024-08-27,13,Approved,2025-08-12T13:21:12
430,484,Maternity,2024-01-08,2024-01-09,2,Denied,2023-12-27T06:43:09
431,703,Annual,2025-07-05,2025-07-14,10,Pending,2023-11-27T09:38:06
432,1272,Maternity,2025-07-23,2025-07-30,8,Approved,2024-03-05T05:03:04
433,1234,Paternity,2025-08-18,2025-08-28,11,Denied,2024-01-01T20:04:56
434,305,Maternity,2023-11-18,2023-11-21,4,Pending,2023-12-19T08:18:41
435,191,Sick,2025-03-25,2025-03-28,4,Pending,2025-05-12T11:07:01
436,729,Unpaid,2024-02-02,2024-02-08,7,Denied,2024-08-19T14:23:41
437,1257,Annual,2025-07-07,2025-07-16,10,Denied,2024-04-12T22:57:44
438,1264,Annual,2024-01-10,2024-01-13,4,Pending,2024-07-26T06:28:14
439,978,Sick,2025-09-07,2025-09-16,10,Approved,2024-11-14T13:43:17
440,228,Maternity,2025-09-29,2025-10-02,4,Approved,2024-03-19T21:51:30
441,43,Paternity,2024-06-12,2024-06-23,12,Approved,2025-08-03T06:55:41
442,1850,Paternity,2025-07-15,2025-07-16,2,Approved,2024-01-04T05:30:07
443,1704,Annual,2025-05-13,2025-05-23,11,Approved,2025-07-21T23:08:46
444,520,Maternity,2023-12-01,2023-12-13,13,Approved,2025-01-05T06:17:57
445,1508,Paternity,2024-11-08,2024-11-22,15,Approved,2025-02-22T22:51:40
446,1340,Paternity,2025-08-14,2025-08-24,11,Pending,2024-02-26T16:57:55
447,212,Sick,2025-07-15,2025-07-19,5,Approved,2025-08-26T11:10:39
448,1656,Paternity,2024-03-05,2024-03-18,14,Denied,2024-09-26T10:32:45
449,1708,Annual,2024-05-10,2024-05-18,9,Pending,2023-11-06T00:58:29
450,1380,Annual,2025-08-25,2025-08-26,2,Approved,2025-01-13T01:43:45
451,323,Maternity,2024-10-30,2024-11-06,8,Approved,2024-10-22T07:02:25
452,1232,Paternity,2023-11-30,2023-12-12,13,Pending,2023-12-12T23:34:14
453,1172,Paternity,2024-05-10,2024-05-15,6,Denied,2024-02-10T14:57:49
454,588,Unpaid,2025-08-07,2025-08-13,7,Pending,2025-02-08T23:45:36
455,1452,Sick,2025-02-13,2025-02-15,3,Denied,2024-01-28T00:30:46
456,30,Maternity,2025-06-07,2025-06-11,5,Denied,2024-10-10T13:18:23
457,1392,Unpaid,2024-01-21,2024-01-27,7,Denied,2024-06-07T01:21:53
458,976,Paternity,2025-09-28,2025-10-01,4,Pending,2024-12-28T23:18:51
459,1396,Paternity,2024-05-09,2024-05-12,4,Approved,2025-03-14T18:26:16
460,71,Annual,2025-08-20,2025-09-03,15,Approved,2025-10-27T19:58:22
461,1299,Unpaid,2023-11-03,2023-11-05,3,Pending,2024-04-11T18:26:09
462,797,Annual,2024-08-07,2024-08-12,6,Pending,2025-05-21T09:11:04
463,1528,Annual,2024-09-09,2024-09-10,2,Pending,2024-01-25T19:05:03
464,1126,Paternity,2024-11-18,2024-12-01,14,Pending,2024-07-21T07:52:11
465,1904,Unpaid,2025-05-06,2025-05-20,15,Denied,2024-07-15T07:47:32
466,64,Annual,2025-10-15,2025-10-23,9,Approved,2025-03-28T10:51:10
467,1999,Maternity,2025-01-17,2025-01-24,8,Denied,2024-12-10T21:38:08
468,1975,Sick,2024-10-09,2024-10-17,9,Approved,2024-01-07T18:58:48
469,1329,Maternity,2025-09-23,2025-10-03,11,Denied,2025-09-24T14:29:39
470,1455,Sick,2025-07-06,2025-07-16,11,Denied,2025-02-12T13:32:29
471,1504,Sick,2025-09-01,2025-09-12,12,Denied,2024-10-17T10:16:42
472,1683,Maternity,2025-01-24,2025-01-31,8,Pending,2024-11-15T11:33:47
473,1527,Annual,2025-04-21,2025-05-02,12,Approved,2024-02-11T06:53:51
474,848,Annual,2025-01-26,2025-01-29,4,Denied,2024-10-24T10:32:56
475,683,Sick,2024-06-15,2024-06-28,14,Pending,2024-10-07T04:58:14
476,150,Sick,2024-10-31,2024-11-02,3,Denied,2025-07-26T07:25:31
477,966,Sick,2023-12-29,2023-12-30,2,Pending,2025-02-03T16:04:42
478,83,Annual,2024-04-20,2024-04-29,10,Pending,2023-11-21T08:02:59
479,262,Maternity,2025-01-27,2025-01-28,2,Pending,2025-10-01T01:38:21
480,269,Annual,2024-06-21,2024-07-03,13,Pending,2025-10-03T19:43:15
481,1110,Annual,2024-12-27,2025-01-06,11,Denied,2024-09-18T15:13:18
482,1472,Paternity,2025-10-24,2025-10-30,7,Pending,2024-07-04T04:27:11
483,1084,Unpaid,2024-12-26,2025-01-05,11,Pending,2024-04-28T03:58:31
484,597,Paternity,2024-01-01,2024-01-08,8,Pending,2025-09-22T10:17:10
485,1740,Sick,2025-09-06,2025-09-14,9,Pending,2024-05-07T11:06:15
486,1771,Maternity,2025-10-03,2025-10-05,3,Approved,2023-11-28T04:55:32
487,1769,Annual,2024-01-05,2024-01-14,10,Approved,2025-08-29T02:49:06
488,1657,Maternity,2024-08-11,2024-08-19,9,Denied,2025-03-17T02:43:09
489,1258,Sick,2024-03-09,2024-03-21,13,Pending,2024-06-01T21:57:14
490,1853,Annual,2025-02-21,2025-03-01,9,Denied,2024-04-03T21:50:58
491,91,Paternity,2025-09-01,2025-09-14,14,Approved,2025-10-18T14:16:20
492,664,Paternity,2024-12-20,2024-12-21,2,Denied,2024-05-18T04:15:28
493,1088,Unpaid,2024-06-21,2024-07-02,12,Approved,2025-03-24T08:37:34
494,947,Paternity,2025-05-11,2025-05-23,13,Pending,2024-08-24T13:56:01
495,375,Annual,2023-12-26,2024-01-03,9,Pending,2024-11-26T18:50:53
496,870,Annual,2025-01-22,2025-01-23,2,Approved,2025-06-17T16:14:23
497,109,Maternity,2024-04-25,2024-04-28,4,Approved,2023-12-23T07:35:12
498,32,Annual,2024-09-18,2024-09-25,8,Pending,2025-10-28T01:54:17
499,1520,Sick,2024-01-16,2024-01-24,9,Denied,2024-08-22T08:40:56
500,1424,Maternity,2025-04-09,2025-04-20,12,Pending,2024-04-20T21:30:17
501,1730,Sick,2023-11-02,2023-11-07,6,Denied,2024-11-13T06:26:16
502,1988,Unpaid,2025-08-20,2025-08-27,8,Approved,2025-02-13T03:50:42
503,1594,Maternity,2024-08-26,2024-09-08,14,Approved,2025-02-26T04:44:52
504,1838,Paternity,2024-09-02,2024-09-07,6,Denied,2025-04-09T22:26:28
505,852,Paternity,2024-11-15,2024-11-22,8,Approved,2025-09-25T21:04:07
506,1584,Maternity,2024-05-04,2024-05-15,12,Approved,2024-08-22T15:28:38
507,1258,Sick,2024-05-03,2024-05-17,15,Approved,2023-12-27T16:12:42
508,340,Unpaid,2024-01-07,2024-01-19,13,Approved,2025-08-20T14:31:46
509,18,Sick,2024-01-01,2024-01-02,2,Pending,2024-11-07T22:59:08
510,1714,Sick,2023-12-27,2024-01-08,13,Pending,2025-07-29T10:28:49
511,1557,Maternity,2024-02-20,2024-02-28,9,Pending,2023-11-22T10:47:33
512,917,Maternity,2024-06-20,2024-06-29,10,Approved,2024-12-15T16:33:03
513,1499,Sick,2025-10-04,2025-10-06,3,Approved,2024-04-23T02:26:15
514,493,Annual,2024-03-08,2024-03-17,10,Pending,2024-10-06T11:26:31
515,1964,Annual,2025-07-07,2025-07-10,4,Approved,2024-01-06T10:46:37
516,1735,Unpaid,2024-10-16,2024-10-28,13,Denied,2024-11-25T23:03:57
517,457,Paternity,2025-02-23,2025-02-27,5,Approved,2024-04-11T10:51:50
518,1599,Annual,2023-12-19,2024-01-01,14,Denied,2024-07-15T10:44:44
519,1496,Annual,2025-04-16,2025-04-19,4,Denied,2024-03-16T18:36:30
520,482,Maternity,2024-08-12,2024-08-17,6,Pending,2025-02-21T12:33:54
521,237,Maternity,2024-01-28,2024-02-03,7,Pending,2024-04-01T19:25:07
522,965,Paternity,2025-01-21,2025-01-29,9,Approved,2024-10-26T22:28:29
523,946,Paternity,2025-05-22,2025-05-31,10,Approved,2024-01-12T05:07:10
524,161,Sick,2023-12-11,2023-12-12,2,Pending,2024-06-26T12:03:56
525,39,Unpaid,2024-01-13,2024-01-19,7,Pending,2023-11-03T05:33:39
526,1746,Unpaid,2025-04-01,2025-04-03,3,Approved,2025-05-23T08:37:37
527,334,Maternity,2024-03-19,2024-03-30,12,Approved,2025-06-30T08:22:41
528,1246,Annual,2024-11-19,2024-12-02,14,Denied,2024-08-14T16:34:10
529,441,Annual,2024-07-11,2024-07-22,12,Approved,2024-09-10T15:28:05
530,1041,Unpaid,2024-04-23,2024-05-04,12,Pending,2025-08-11T13:46:53
531,585,Annual,2024-01-14,2024-01-15,2,Approved,2024-11-26T05:05:33
532,1988,Paternity,2025-07-07,2025-07-17,11,Pending,2024-11-27T06:27:57
533,177,Maternity,2023-12-03,2023-12-09,7,Denied,2024-09-23T19:53:02
534,719,Unpaid,2024-11-11,2024-11-22,12,Pending,2024-05-26T19:26:19
535,1329,Unpaid,2024-11-07,2024-11-08,2,Approved,2025-05-18T11:57:10
536,759,Maternity,2025-04-14,2025-04-22,9,Approved,2025-06-25T23:42:12
537,673,Annual,2025-10-12,2025-10-14,3,Pending,2025-11-01T19:29:52
538,1043,Annual,2025-01-12,2025-01-25,14,Denied,2024-04-30T21:28:34
539,1484,Annual,2024-05-01,2024-05-10,10,Pending,2025-07-07T16:15:37
540,1006,Unpaid,2024-02-28,2024-02-29,2,Approved,2025-08-12T08:50:33
541,563,Paternity,2024-02-25,2024-03-01,6,Denied,2024-07-24T19:13:31
542,1911,Maternity,2023-12-01,2023-12-12,12,Pending,2024-09-23T22:09:45
543,216,Annual,2025-10-05,2025-10-16,12,Denied,2025-05-08T08:50:35
544,1110,Annual,2023-11-23,2023-11-25,3,Denied,2024-10-15T07:16:45
545,752,Maternity,2025-09-15,2025-09-27,13,Pending,2024-04-30T13:25:04
546,1125,Annual,2025-04-11,2025-04-16,6,Denied,2025-03-04T18:49:04
547,463,Paternity,2024-08-24,2024-08-27,4,Denied,2024-09-27T19:49:28
548,574,Paternity,2024-03-15,2024-03-21,7,Pending,2024-04-30T18:54:34
549,135,Paternity,2023-11-19,2023-11-27,9,Pending,2025-05-27T03:00:26
550,469,Paternity,2025-10-25,2025-11-08,15,Denied,2024-11-15T04:51:01
551,78,Sick,2025-03-13,2025-03-15,3,Approved,2023-11-29T23:49:50
552,741,Paternity,2025-01-25,2025-01-29,5,Pending,2024-08-08T04:57:00
553,709,Unpaid,2025-04-01,2025-04-06,6,Approved,2024-12-06T10:45:12
554,170,Paternity,2025-01-04,2025-01-07,4,Denied,2024-09-20T13:21:58
555,478,Sick,2024-08-11,2024-08-13,3,Denied,2024-07-23T18:33:34
556,320,Annual,2025-09-03,2025-09-10,8,Denied,2024-09-04T09:15:37
557,1328,Paternity,2024-02-22,2024-03-01,9,Approved,2024-04-20T14:53:59
558,857,Unpaid,2023-12-07,2023-12-21,15,Denied,2024-11-28T22:55:01
559,1442,Sick,2023-12-29,2024-01-08,11,Approved,2025-04-21T16:04:19
560,1424,Maternity,2024-03-02,2024-03-03,2,Pending,2024-02-20T07:20:35
561,1036,Unpaid,2025-08-25,2025-09-01,8,Approved,2024-08-18T01:48:15
562,22,Maternity,2024-05-15,2024-05-25,11,Approved,2025-05-13T05:49:22
563,826,Sick,2024-08-13,2024-08-27,15,Pending,2024-11-01T14:19:17
564,1680,Unpaid,2025-01-14,2025-01-26,13,Pending,2025-10-15T05:25:59
565,1128,Annual,2023-12-05,2023-12-15,11,Pending,2024-05-07T01:22:11
566,1447,Paternity,2024-07-25,2024-07-26,2,Approved,2025-10-27T18:35:34
567,1030,Maternity,2025-04-13,2025-04-20,8,Pending,2024-01-21T10:36:47
568,740,Annual,2024-01-21,2024-01-30,10,Pending,2023-11-14T08:35:43
569,1199,Maternity,2024-11-02,2024-11-10,9,Pending,2023-12-13T18:28:01
570,406,Paternity,2025-03-17,2025-03-29,13,Pending,2024-03-25T05:57:47
571,232,Unpaid,2024-03-02,2024-03-07,6,Pending,2024-11-22T13:16:53
572,1028,Unpaid,2025-02-12,2025-02-23,12,Approved,2024-06-08T07:40:38
573,1186,Unpaid,2025-10-18,2025-10-20,3,Denied,2024-07-10T11:51:14
574,828,Paternity,2025-08-31,2025-09-02,3,Approved,2024-02-25T05:37:04
575,1325,Unpaid,2024-03-31,2024-04-07,8,Approved,2024-01-18T17:56:23
576,447,Maternity,2023-12-14,2023-12-19,6,Denied,2025-05-23T03:38:37
577,563,Unpaid,2024-05-10,2024-05-23,14,Approved,2024-08-13T13:49:02
578,1918,Annual,2025-05-01,2025-05-06,6,Pending,2024-07-03T10:17:19
579,59,Unpaid,2025-03-12,2025-03-19,8,Denied,2025-01-14T05:19:21
580,1361,Maternity,2023-11-19,2023-11-22,4,Approved,2025-05-22T19:52:21
581,1083,Annual,2025-11-01,2025-11-14,14,Pending,2024-12-05T19:30:20
582,23,Maternity,2024-12-08,2024-12-12,5,Denied,2023-12-26T11:39:29
583,121,Unpaid,2025-07-17,2025-07-28,12,Approved,2023-12-25T17:49:22
584,755,Annual,2025-04-03,2025-04-10,8,Approved,2025-05-23T12:32:17
585,1525,Unpaid,2024-03-22,2024-03-27,6,Pending,2025-01-08T03:41:15
586,1473,Sick,2023-12-23,2024-01-06,15,Denied,2024-01-28T04:08:29
587,1061,Annual,2024-05-16,2024-05-22,7,Approved,2024-02-10T18:09:51
588,1142,Annual,2025-01-06,2025-01-15,10,Pending,2025-01-02T21:05:11
589,1831,Annual,2023-11-25,2023-12-05,11,Approved,2024-03-09T12:00:44
590,1485,Paternity,2025-07-01,2025-07-04,4,Approved,2024-02-14T20:51:20
591,1037,Annual,2025-01-10,2025-01-23,14,Approved,2024-05-18T15:51:50
592,97,Unpaid,2024-05-01,2024-05-09,9,Denied,2024-12-13T04:24:34
593,1283,Annual,2024-10-29,2024-11-11,14,Pending,2025-07-04T05:27:34
594,1925,Sick,2024-02-13,2024-02-22,10,Denied,2025-01-08T16:59:10
595,183,Paternity,2024-09-07,2024-09-14,8,Pending,2025-04-01T06:06:51
596,1841,Paternity,2024-05-27,2024-06-04,9,Denied,2025-06-18T03:00:34
597,193,Sick,2024-03-11,2024-03-13,3,Pending,2024-05-14T03:00:20
598,583,Annual,2024-08-26,2024-08-27,2,Pending,2025-02-03T13:58:10
599,1975,Annual,2025-08-22,2025-08-30,9,Approved,2024-01-24T02:25:07
600,136,Maternity,2024-04-22,2024-04-30,9,Approved,2025-04-29T19:46:45
601,932,Maternity,2023-12-04,2023-12-17,14,Pending,2024-09-16T00:14:43
602,971,Unpaid,2025-02-14,2025-02-25,12,Pending,2025-03-22T21:09:22
603,1029,Unpaid,2025-06-29,2025-07-04,6,Pending,2025-02-27T17:19:37
604,37,Sick,2025-02-04,2025-02-17,14,Pending,2025-09-27T18:59:31
605,1540,Sick,2024-05-13,2024-05-14,2,Pending,2025-04-11T17:29:26
606,490,Annual,2025-04-21,2025-04-22,2,Denied,2025-06-05T13:28:33
607,241,Unpaid,2025-01-12,2025-01-17,6,Denied,2024-02-12T07:20:42
608,38,Sick,2023-12-08,2023-12-13,6,Pending,2023-12-10T11:56:03
609,192,Annual,2025-05-09,2025-05-21,13,Denied,2024-01-11T03:30:45
610,1169,Sick,2024-09-12,2024-09-15,4,Approved,2024-03-07T22:19:32
611,1353,Unpaid,2024-02-15,2024-02-26,12,Denied,2025-09-01T10:22:10
612,1802,Unpaid,2024-01-22,2024-01-24,3,Pending,2024-05-09T14:35:29
613,955,Paternity,2024-07-04,2024-07-17,14,Pending,2024-10-19T08:00:43
614,546,Annual,2025-06-24,2025-06-29,6,Denied,2024-01-30T08:03:59
615,919,Paternity,2025-04-04,2025-04-16,13,Approved,2025-05-08T07:04:29
616,661,Sick,2024-01-30,2024-02-06,8,Denied,2024-02-08T19:48:41
617,1498,Maternity,2024-09-03,2024-09-15,13,Approved,2025-10-26T17:38:52
618,1149,Sick,2025-08-18,2025-08-28,11,Approved,2024-01-18T20:34:40
619,1852,Unpaid,2025-09-05,2025-09-17,13,Denied,2024-08-26T14:47:39
620,1697,Annual,2025-10-30,2025-11-03,5,Approved,2025-06-08T03:40:01
621,1934,Unpaid,2025-03-01,2025-03-07,7,Approved,2025-05-29T11:42:13
622,634,Sick,2025-04-03,2025-04-11,9,Denied,2024-04-01T09:34:42
623,1972,Sick,2025-05-20,2025-05-30,11,Approved,2025-01-02T07:17:28
624,1056,Sick,2024-06-21,2024-06-29,9,Denied,2024-12-14T05:18:24
625,380,Unpaid,2024-11-20,2024-12-02,13,Pending,2025-08-23T21:18:36
626,1773,Annual,2024-01-29,2024-02-07,10,Pending,2025-04-30T14:29:40
627,1932,Annual,2024-04-06,2024-04-15,10,Denied,2025-10-26T07:54:51
628,770,Paternity,2025-10-11,2025-10-17,7,Pending,2024-06-23T10:47:58
629,1161,Unpaid,2024-04-05,2024-04-13,9,Denied,2024-03-19T13:51:34
630,1646,Unpaid,2025-07-25,2025-08-07,14,Approved,2024-10-19T17:16:06
631,1113,Annual,2024-09-30,2024-10-02,3,Approved,2024-12-04T12:54:28
632,826,Unpaid,2024-10-20,2024-10-27,8,Denied,2024-02-06T18:06:53
633,243,Unpaid,2024-07-13,2024-07-20,8,Denied,2024-08-15T10:55:51
634,1787,Paternity,2024-11-21,2024-11-24,4,Approved,2025-01-08T03:29:14
635,1381,Unpaid,2025-03-08,2025-03-09,2,Denied,2024-02-25T06:16:15
636,870,Paternity,2025-06-03,2025-06-15,13,Approved,2024-05-04T00:55:58
637,934,Maternity,2025-06-29,2025-07-12,14,Denied,2024-10-01T19:49:35
638,1502,Maternity,2025-03-21,2025-03-28,8,Denied,2024-07-30T20:01:20
639,922,Maternity,2025-07-06,2025-07-14,9,Denied,2024-12-26T11:24:29
640,1861,Paternity,2025-09-01,2025-09-09,9,Approved,2023-11-26T06:34:41
641,988,Unpaid,2024-06-03,2024-06-07,5,Pending,2025-08-15T11:18:03
642,81,Maternity,2024-06-03,2024-06-11,9,Pending,2025-03-07T08:18:35
643,1500,Paternity,2025-05-15,2025-05-29,15,Denied,2024-05-08T08:53:26
644,273,Annual,2025-06-10,2025-06-14,5,Approved,2023-11-29T16:20:29
645,482,Annual,2024-01-29,2024-02-12,15,Denied,2024-11-01T20:06:03
646,490,Paternity,2024-09-24,2024-09-29,6,Approved,2024-08-06T06:55:43
647,1416,Annual,2024-05-27,2024-05-29,3,Approved,2024-08-19T18:10:37
648,1022,Unpaid,2025-03-20,2025-03-29,10,Approved,2024-06-27T00:14:44
649,1672,Paternity,2025-09-09,2025-09-15,7,Pending,2025-03-20T09:45:16
650,915,Unpaid,2024-07-31,2024-08-04,5,Approved,2024-02-18T13:54:30
651,536,Paternity,2025-01-01,2025-01-15,15,Pending,2024-08-08T22:10:38
652,1524,Maternity,2023-12-23,2024-01-04,13,Pending,2025-09-08T20:43:19
653,167,Annual,2025-09-25,2025-10-03,9,Pending,2025-07-31T05:30:20
654,137,Annual,2024-04-15,2024-04-19,5,Pending,2024-07-31T13:09:43
655,1308,Unpaid,2025-04-26,2025-05-02,7,Approved,2023-11-16T21:57:07
656,1394,Unpaid,2024-04-04,2024-04-13,10,Pending,2025-10-09T21:27:54
657,1637,Unpaid,2024-03-18,2024-03-29,12,Denied,2025-01-14T12:26:06
658,1818,Annual,2025-03-04,2025-03-05,2,Denied,2024-02-26T19:27:00
659,1589,Annual,2024-10-11,2024-10-22,12,Denied,2023-11-26T03:59:29
660,1345,Maternity,2024-06-25,2024-07-09,15,Approved,2023-11-26T12:06:55
661,1592,Paternity,2024-03-25,2024-04-07,14,Approved,2024-10-29T13:06:46
662,1267,Annual,2024-11-25,2024-12-08,14,Pending,2024-04-02T06:51:32
663,1049,Unpaid,2025-05-03,2025-05-12,10,Pending,2025-04-11T17:27:30
664,1021,Sick,2024-09-12,2024-09-26,15,Approved,2024-03-22T14:17:51
665,1226,Unpaid,2024-10-30,2024-11-11,13,Denied,2024-12-14T20:25:48
666,141,Unpaid,2024-03-03,2024-03-17,15,Denied,2025-01-14T19:50:01
667,21,Annual,2024-01-06,2024-01-13,8,Pending,2024-10-01T05:42:04
668,1403,Sick,2025-03-01,2025-03-12,12,Approved,2024-02-08T16:45:22
669,1518,Annual,2024-12-05,2024-12-10,6,Approved,2024-05-17T22:20:41
670,602,Sick,2023-12-01,2023-12-11,11,Denied,2024-10-18T00:59:54
671,1693,Maternity,2025-03-09,2025-03-17,9,Approved,2025-03-01T18:47:14
672,7,Unpaid,2023-11-19,2023-11-30,12,Approved,2025-05-02T17:01:02
673,1109,Paternity,2025-07-29,2025-08-10,13,Approved,2024-05-25T23:32:54
674,255,Paternity,2025-03-01,2025-03-03,3,Pending,2024-11-29T05:47:53
675,601,Unpaid,2024-12-08,2024-12-18,11,Denied,2025-08-10T22:32:22
676,648,Unpaid,2025-02-22,2025-03-08,15,Approved,2025-05-31T16:57:37
677,491,Annual,2025-06-12,2025-06-17,6,Approved,2023-12-30T05:27:32
678,766,Sick,2024-12-11,2024-12-25,15,Denied,2025-07-09T05:27:49
679,514,Paternity,2024-04-27,2024-04-29,3,Pending,2024-08-14T11:46:46
680,1293,Paternity,2024-07-12,2024-07-24,13,Approved,2024-10-15T16:00:27
681,366,Sick,2025-01-18,2025-01-23,6,Denied,2024-02-19T08:09:23
682,1243,Annual,2023-11-27,2023-12-04,8,Denied,2024-02-19T04:31:57
683,1362,Sick,2024-04-02,2024-04-10,9,Pending,2024-04-06T09:15:10
684,1824,Annual,2023-12-09,2023-12-21,13,Pending,2024-11-21T00:50:47
685,1736,Maternity,2025-09-13,2025-09-15,3,Approved,2025-10-16T18:09:10
686,869,Sick,2024-01-06,2024-01-14,9,Pending,2025-02-16T13:12:38
687,1387,Unpaid,2024-05-27,2024-06-10,15,Pending,2025-07-05T11:22:39
688,1047,Sick,2024-01-09,2024-01-17,9,Approved,2025-07-05T01:40:05
689,228,Maternity,2025-03-03,2025-03-04,2,Approved,2024-05-13T01:22:35
690,1466,Unpaid,2023-11-09,2023-11-19,11,Denied,2025-04-09T01:08:07
691,326,Sick,2025-10-22,2025-11-03,13,Approved,2025-08-07T23:25:57
692,1659,Unpaid,2025-07-05,2025-07-07,3,Denied,2025-06-21T23:41:04
693,1128,Sick,2025-10-19,2025-10-30,12,Pending,2025-03-08T11:09:52
694,354,Annual,2023-11-10,2023-11-12,3,Pending,2024-09-14T07:47:28
695,1138,Paternity,2025-10-26,2025-11-05,11,Pending,2025-03-03T01:19:33
696,642,Annual,2025-06-02,2025-06-03,2,Approved,2025-06-14T22:52:09
697,789,Sick,2024-01-05,2024-01-07,3,Approved,2024-11-29T06:52:02
698,488,Sick,2024-10-01,2024-10-06,6,Approved,2024-04-27T14:49:26
699,1842,Maternity,2025-02-22,2025-03-06,13,Pending,2025-05-10T22:10:17
700,572,Maternity,2025-05-08,2025-05-15,8,Approved,2023-12-14T07:49:08
701,615,Sick,2024-12-28,2025-01-03,7,Pending,2025-01-29T22:58:36
702,1963,Annual,2024-12-20,2024-12-24,5,Approved,2025-09-16T11:18:26
703,746,Sick,2025-03-29,2025-04-08,11,Approved,2025-10-13T00:35:52
704,1626,Maternity,2024-08-01,2024-08-14,14,Denied,2024-07-19T17:25:14
705,1270,Maternity,2024-05-07,2024-05-09,3,Denied,2024-03-25T17:10:12
706,842,Annual,2024-05-24,2024-05-31,8,Pending,2023-12-24T05:59:03
707,1414,Paternity,2025-06-01,2025-06-05,5,Pending,2024-02-24T13:41:42
708,477,Paternity,2024-08-10,2024-08-19,10,Denied,2025-02-17T20:12:07
709,631,Paternity,2024-10-10,2024-10-19,10,Approved,2023-12-04T07:40:44
710,40,Paternity,2023-12-11,2023-12-12,2,Approved,2024-05-10T01:49:59
711,537,Maternity,2024-03-31,2024-04-04,5,Pending,2023-11-07T02:28:22
712,1842,Maternity,2025-05-25,2025-06-07,14,Denied,2024-01-19T17:01:32
713,3,Unpaid,2024-04-10,2024-04-12,3,Pending,2024-03-02T05:19:52
714,847,Annual,2024-06-10,2024-06-16,7,Approved,2025-10-28T13:20:40
715,532,Sick,2025-02-26,2025-03-06,9,Approved,2024-08-06T09:45:34
716,1334,Unpaid,2025-07-05,2025-07-12,8,Approved,2025-10-14T07:41:19
717,1729,Paternity,2024-10-13,2024-10-26,14,Approved,2023-11-09T00:13:28
718,1039,Sick,2024-04-12,2024-04-23,12,Pending,2024-09-05T03:54:30
719,543,Maternity,2024-09-03,2024-09-05,3,Approved,2024-02-28T01:42:25
720,307,Maternity,2024-11-14,2024-11-19,6,Denied,2024-02-28T01:48:58
721,1918,Maternity,2025-03-04,2025-03-11,8,Denied,2025-02-06T20:22:16
722,133,Maternity,2025-05-19,2025-05-30,12,Pending,2025-03-22T16:38:00
723,709,Unpaid,2025-07-06,2025-07-07,2,Pending,2025-06-28T01:43:44
724,1370,Annual,2025-02-12,2025-02-17,6,Approved,2025-05-18T03:07:45
725,1506,Sick,2024-02-26,2024-03-10,14,Denied,2025-09-09T19:46:24
726,568,Paternity,2024-10-07,2024-10-08,2,Pending,2025-08-26T15:21:51
727,1226,Unpaid,2024-04-21,2024-04-24,4,Denied,2024-12-01T10:06:19
728,528,Paternity,2024-11-16,2024-11-27,12,Approved,2024-06-16T04:20:40
729,202,Annual,2024-02-02,2024-02-15,14,Pending,2025-02-05T10:20:29
730,1880,Sick,2025-06-10,2025-06-18,9,Pending,2024-02-21T00:49:49
731,71,Unpaid,2024-04-11,2024-04-16,6,Denied,2023-12-12T04:16:24
732,1194,Annual,2024-03-27,2024-03-29,3,Approved,2025-06-19T04:09:14
733,1569,Maternity,2025-10-09,2025-10-22,14,Pending,2025-09-14T04:58:20
734,1979,Maternity,2024-06-28,2024-07-07,10,Approved,2025-10-07T19:14:24
735,1457,Unpaid,2024-12-31,2025-01-01,2,Denied,2024-01-01T21:17:35
736,201,Annual,2025-02-05,2025-02-15,11,Denied,2024-01-14T15:30:15
737,36,Sick,2024-11-29,2024-12-05,7,Denied,2025-10-06T05:59:27
738,195,Annual,2024-03-27,2024-04-03,8,Pending,2024-04-29T21:12:21
739,1161,Annual,2025-08-19,2025-08-30,12,Denied,2025-05-03T22:07:33
740,500,Paternity,2025-10-09,2025-10-23,15,Pending,2024-03-03T00:39:22
741,651,Annual,2025-08-31,2025-09-10,11,Pending,2025-05-28T02:52:45
742,1785,Paternity,2024-11-23,2024-12-02,10,Approved,2024-09-10T04:30:28
743,1003,Sick,2025-09-08,2025-09-20,13,Pending,2024-03-09T10:17:33
744,1423,Unpaid,2024-01-21,2024-02-04,15,Pending,2024-01-08T07:31:43
745,1451,Unpaid,2024-11-14,2024-11-19,6,Denied,2024-01-02T21:42:27
746,222,Unpaid,2023-12-22,2023-12-25,4,Denied,2024-06-11T01:57:21
747,1864,Annual,2024-06-30,2024-07-13,14,Pending,2024-06-29T17:07:45
748,1811,Paternity,2023-12-06,2023-12-07,2,Pending,2024-03-04T08:36:48
749,1784,Unpaid,2024-04-21,2024-04-25,5,Pending,2023-12-21T18:30:24
750,1050,Unpaid,2025-08-29,2025-09-02,5,Pending,2024-06-27T12:44:59
751,550,Sick,2025-08-02,2025-08-08,7,Approved,2025-04-22T22:56:17
752,1012,Sick,2024-10-04,2024-10-14,11,Approved,2024-08-18T19:11:51
753,922,Sick,2025-03-06,2025-03-13,8,Denied,2024-06-16T16:14:07
754,1465,Paternity,2024-06-30,2024-07-10,11,Pending,2024-08-23T16:32:34
755,1007,Sick,2025-07-21,2025-07-31,11,Pending,2025-03-07T18:13:30
756,968,Unpaid,2023-12-24,2023-12-27,4,Pending,2025-03-11T22:55:39
757,486,Maternity,2024-11-05,2024-11-09,5,Denied,2025-10-12T19:46:44
758,252,Annual,2025-10-04,2025-10-08,5,Approved,2024-11-13T19:58:48
759,423,Maternity,2024-10-11,2024-10-13,3,Pending,2024-11-08T08:02:50
760,722,Annual,2025-07-11,2025-07-18,8,Denied,2024-04-17T06:59:15
761,1545,Paternity,2024-05-03,2024-05-12,10,Denied,2024-02-05T16:24:50
762,282,Maternity,2025-10-07,2025-10-19,13,Approved,2025-06-14T03:11:04
763,1430,Sick,2025-07-20,2025-08-03,15,Approved,2024-08-04T14:46:46
764,1472,Sick,2024-03-01,2024-03-13,13,Denied,2024-09-04T16:27:54
765,520,Maternity,2025-05-24,2025-05-26,3,Approved,2024-04-23T01:22:56
766,1363,Sick,2025-03-22,2025-03-30,9,Approved,2023-12-13T14:52:30
767,1128,Unpaid,2024-01-05,2024-01-08,4,Denied,2024-08-07T22:09:21
768,1250,Annual,2025-08-28,2025-09-06,10,Pending,2025-06-23T12:31:16
769,1099,Annual,2024-01-08,2024-01-19,12,Approved,2024-09-26T06:44:41
770,585,Unpaid,2025-08-27,2025-09-03,8,Pending,2024-02-06T13:57:24
771,1665,Paternity,2024-08-15,2024-08-17,3,Pending,2024-02-13T04:38:42
772,769,Unpaid,2025-05-24,2025-05-27,4,Approved,2024-06-06T05:41:49
773,9,Unpaid,2025-02-26,2025-03-02,5,Approved,2024-09-14T19:48:05
774,1748,Maternity,2025-04-27,2025-05-08,12,Denied,2025-04-05T10:47:31
775,1775,Paternity,2025-03-31,2025-04-12,13,Pending,2023-11-28T05:07:48
776,290,Annual,2024-09-25,2024-10-07,13,Pending,2025-05-13T20:31:04
777,1856,Annual,2025-02-24,2025-02-27,4,Approved,2024-10-29T07:09:14
778,326,Paternity,2024-03-08,2024-03-22,15,Pending,2024-02-19T17:50:15
779,928,Unpaid,2024-01-30,2024-02-13,15,Denied,2024-11-01T03:15:13
780,440,Unpaid,2025-06-11,2025-06-18,8,Denied,2024-08-17T01:10:06
781,161,Maternity,2024-01-19,2024-01-22,4,Approved,2024-11-08T16:59:37
782,214,Maternity,2024-05-08,2024-05-13,6,Pending,2025-09-10T16:12:13
783,1913,Paternity,2024-09-27,2024-10-06,10,Denied,2025-03-19T21:03:50
784,574,Maternity,2024-12-13,2024-12-21,9,Denied,2024-02-08T20:35:46
785,16,Maternity,2024-11-05,2024-11-10,6,Approved,2023-12-27T19:25:50
786,580,Sick,2025-07-13,2025-07-25,13,Approved,2025-07-08T01:03:21
787,869,Annual,2025-02-12,2025-02-17,6,Approved,2024-08-05T16:44:56
788,551,Sick,2025-02-14,2025-02-16,3,Approved,2023-12-03T05:21:27
789,939,Maternity,2025-10-19,2025-10-29,11,Denied,2025-10-27T21:32:29
790,1500,Paternity,2025-03-23,2025-03-24,2,Denied,2023-12-30T08:51:14
791,659,Maternity,2024-12-09,2024-12-12,4,Pending,2024-05-02T00:21:57
792,362,Annual,2024-10-14,2024-10-24,11,Denied,2024-09-30T07:10:26
793,263,Maternity,2024-01-24,2024-01-29,6,Approved,2024-03-18T06:50:57
794,1358,Annual,2024-11-16,2024-11-25,10,Approved,2025-10-14T14:02:10
795,1489,Sick,2024-12-15,2024-12-21,7,Denied,2024-05-26T16:22:15
796,1947,Maternity,2025-09-30,2025-10-10,11,Approved,2024-03-26T01:58:48
797,1883,Unpaid,2024-01-06,2024-01-07,2,Denied,2023-11-23T13:32:04
798,1429,Paternity,2024-03-13,2024-03-23,11,Approved,2023-12-24T11:09:22
799,652,Maternity,2024-07-14,2024-07-27,14,Approved,2024-06-19T23:00:42
800,280,Unpaid,2024-11-02,2024-11-14,13,Pending,2025-02-27T06:44:29
801,1524,Paternity,2025-07-07,2025-07-13,7,Pending,2025-09-13T00:33:19
802,1867,Paternity,2024-08-05,2024-08-12,8,Pending,2024-01-25T00:24:28
803,710,Sick,2025-04-10,2025-04-23,14,Pending,2024-01-30T22:49:00
804,1446,Annual,2024-09-16,2024-09-23,8,Pending,2024-02-15T03:38:20
805,54,Annual,2024-06-21,2024-06-26,6,Denied,2024-02-05T02:28:38
806,1706,Paternity,2025-03-05,2025-03-13,9,Pending,2025-08-04T10:39:00
807,531,Maternity,2024-01-03,2024-01-13,11,Denied,2025-01-05T02:43:29
808,1897,Annual,2024-05-05,2024-05-13,9,Approved,2025-10-13T08:39:59
809,1061,Unpaid,2024-07-19,2024-07-24,6,Pending,2024-08-08T09:43:12
810,880,Maternity,2024-01-18,2024-01-20,3,Pending,2024-02-22T14:39:03
811,1896,Annual,2025-01-28,2025-02-06,10,Pending,2025-09-11T22:37:38
812,661,Paternity,2024-06-01,2024-06-14,14,Denied,2024-03-04T20:54:39
813,274,Sick,2024-02-05,2024-02-17,13,Denied,2024-12-29T04:20:18
814,1752,Unpaid,2024-01-24,2024-01-25,2,Pending,2024-02-11T18:55:47
815,44,Paternity,2025-01-15,2025-01-27,13,Denied,2024-07-10T16:18:22
816,1029,Sick,2024-04-24,2024-05-08,15,Denied,2025-04-14T09:13:56
817,1028,Annual,2025-07-07,2025-07-16,10,Pending,2024-05-09T13:46:06
818,74,Annual,2025-08-13,2025-08-23,11,Approved,2024-02-02T10:54:31
819,363,Sick,2025-01-24,2025-02-04,12,Pending,2024-11-14T09:30:48
820,1325,Unpaid,2023-11-22,2023-12-04,13,Approved,2025-02-02T13:11:06
821,1572,Annual,2024-06-05,2024-06-08,4,Denied,2025-01-24T21:36:25
822,708,Maternity,2024-01-25,2024-02-05,12,Approved,2025-06-13T19:03:56
823,1157,Annual,2023-11-23,2023-11-25,3,Pending,2024-09-24T06:00:16
824,1495,Paternity,2025-10-08,2025-10-11,4,Denied,2025-04-20T12:28:12
825,268,Unpaid,2024-08-29,2024-09-08,11,Pending,2024-12-05T05:55:36
826,344,Sick,2025-10-31,2025-11-06,7,Pending,2024-10-10T04:26:58
827,32,Annual,2025-06-16,2025-06-29,14,Pending,2024-01-12T03:05:50
828,982,Unpaid,2024-11-29,2024-12-09,11,Pending,2024-01-22T05:53:53
829,1729,Paternity,2024-08-03,2024-08-09,7,Denied,2025-06-10T04:14:54
830,1999,Unpaid,2024-12-13,2024-12-26,14,Denied,2024-03-20T04:00:59
831,1844,Annual,2024-07-21,2024-07-30,10,Approved,2023-12-02T18:19:25
832,1616,Maternity,2024-03-22,2024-04-01,11,Pending,2025-09-18T22:15:29
833,346,Sick,2024-09-10,2024-09-17,8,Pending,2025-07-03T11:47:03
834,365,Annual,2024-05-16,2024-05-30,15,Approved,2025-05-08T21:27:25
835,101,Sick,2024-12-28,2025-01-06,10,Denied,2025-01-27T02:31:01
836,959,Sick,2023-11-18,2023-11-26,9,Pending,2024-04-25T10:48:23
837,478,Unpaid,2024-07-17,2024-07-25,9,Pending,2024-10-03T21:50:17
838,1005,Maternity,2024-06-23,2024-06-25,3,Pending,2025-02-19T02:38:29
839,1836,Unpaid,2025-04-09,2025-04-16,8,Approved,2023-11-08T04:29:07
840,304,Paternity,2024-01-16,2024-01-21,6,Pending,2023-12-26T21:43:36
841,1037,Unpaid,2025-09-27,2025-10-06,10,Denied,2024-12-06T04:35:44
842,757,Unpaid,2024-08-28,2024-09-11,15,Pending,2025-03-20T13:32:15
843,1957,Sick,2024-08-10,2024-08-21,12,Denied,2024-02-01T18:01:42
844,669,Maternity,2024-06-20,2024-06-22,3,Pending,2024-04-08T11:45:52
845,1599,Annual,2023-12-10,2023-12-13,4,Denied,2025-07-29T03:39:34
846,1762,Paternity,2025-04-17,2025-04-26,10,Approved,2025-04-04T08:50:07
847,1971,Sick,2024-11-30,2024-12-01,2,Denied,2024-10-10T17:24:03
848,1195,Paternity,2025-10-28,2025-11-07,11,Denied,2024-01-05T21:56:16
849,594,Maternity,2024-01-31,2024-02-10,11,Pending,2024-05-11T17:47:46
850,211,Paternity,2024-07-23,2024-08-05,14,Pending,2024-07-29T00:04:04
851,765,Sick,2025-10-25,2025-11-04,11,Pending,2025-03-15T02:13:24
852,831,Unpaid,2025-03-20,2025-03-25,6,Denied,2024-08-28T18:04:57
853,1001,Paternity,2025-08-17,2025-08-21,5,Pending,2024-11-08T18:19:35
854,1428,Unpaid,2025-10-23,2025-10-29,7,Denied,2025-02-13T19:05:30
855,1642,Sick,2025-04-18,2025-04-29,12,Pending,2024-02-09T05:10:45
856,299,Unpaid,2024-01-24,2024-01-30,7,Denied,2025-07-17T14:23:18
857,873,Maternity,2025-08-16,2025-08-25,10,Denied,2025-01-12T15:01:06
858,1413,Maternity,2024-03-31,2024-04-04,5,Pending,2025-02-11T01:47:40
859,1431,Unpaid,2024-10-31,2024-11-03,4,Denied,2025-01-30T22:14:23
860,1409,Unpaid,2024-07-14,2024-07-22,9,Denied,2024-12-19T19:26:43
861,874,Paternity,2024-07-24,2024-08-04,12,Pending,2025-06-05T06:58:06
862,687,Annual,2025-04-25,2025-04-30,6,Denied,2024-10-24T00:39:30
863,1684,Maternity,2025-06-14,2025-06-24,11,Denied,2024-06-12T02:25:06
864,1272,Maternity,2024-01-16,2024-01-26,11,Approved,2024-10-16T15:14:27
865,168,Unpaid,2023-12-18,2023-12-31,14,Approved,2024-02-04T05:30:57
866,900,Paternity,2024-11-25,2024-12-06,12,Pending,2025-09-09T04:16:44
867,92,Sick,2024-04-26,2024-05-04,9,Denied,2024-06-23T03:25:28
868,1664,Sick,2024-12-17,2024-12-19,3,Pending,2025-10-10T06:26:10
869,751,Annual,2025-09-06,2025-09-10,5,Approved,2025-02-20T06:38:29
870,1669,Maternity,2025-03-31,2025-04-04,5,Denied,2025-03-15T11:21:45
871,305,Paternity,2023-11-02,2023-11-04,3,Pending,2025-04-07T02:07:45
872,414,Sick,2024-10-10,2024-10-15,6,Approved,2024-09-17T14:28:39
873,1543,Sick,2025-08-06,2025-08-17,12,Approved,2024-05-08T16:52:04
874,657,Unpaid,2025-07-04,2025-07-13,10,Denied,2024-03-27T00:57:09
875,889,Annual,2024-12-24,2024-12-31,8,Pending,2025-06-02T03:09:59
876,1349,Maternity,2024-04-15,2024-04-26,12,Denied,2024-03-17T01:13:17
877,454,Paternity,2025-10-31,2025-11-09,10,Pending,2024-02-08T20:50:26
878,769,Sick,2023-12-04,2023-12-06,3,Approved,2025-01-25T05:54:01
879,623,Sick,2024-05-13,2024-05-16,4,Pending,2024-03-30T12:23:33
880,1729,Unpaid,2025-02-04,2025-02-16,13,Denied,2023-12-03T12:41:24
881,1272,Maternity,2025-02-09,2025-02-22,14,Denied,2023-12-14T15:06:01
882,526,Sick,2025-03-31,2025-04-10,11,Denied,2024-01-14T09:28:48
883,303,Paternity,2025-09-27,2025-10-09,13,Approved,2024-05-24T02:11:19
884,1376,Maternity,2024-07-03,2024-07-13,11,Pending,2025-07-01T15:35:42
885,975,Annual,2023-11-18,2023-11-22,5,Approved,2023-11-25T08:18:08
886,1340,Paternity,2024-05-13,2024-05-20,8,Approved,2025-06-14T19:43:27
887,1124,Maternity,2024-04-29,2024-05-01,3,Pending,2024-06-22T21:30:33
888,181,Paternity,2025-05-19,2025-05-23,5,Approved,2025-04-23T21:02:21
889,48,Sick,2023-11-05,2023-11-18,14,Denied,2025-01-19T17:42:33
890,191,Unpaid,2024-05-10,2024-05-20,11,Pending,2025-05-13T10:11:06
891,1824,Sick,2025-05-29,2025-05-31,3,Pending,2025-02-16T07:48:47
892,1838,Annual,2024-10-21,2024-10-28,8,Denied,2024-01-21T12:24:51
893,338,Maternity,2025-03-13,2025-03-16,4,Approved,2024-07-26T05:56:47
894,482,Paternity,2024-02-16,2024-02-19,4,Approved,2024-04-05T05:09:07
895,1584,Unpaid,2024-11-18,2024-11-23,6,Denied,2024-07-28T10:43:32
896,644,Unpaid,2024-04-08,2024-04-10,3,Denied,2024-04-17T07:38:15
897,1281,Unpaid,2024-01-17,2024-01-28,12,Pending,2023-12-11T18:13:32
898,1315,Paternity,2024-07-27,2024-08-06,11,Denied,2025-07-25T17:01:14
899,1340,Maternity,2025-04-06,2025-04-17,12,Approved,2024-10-05T14:43:55
900,134,Unpaid,2025-07-05,2025-07-13,9,Pending,2024-03-05T09:54:47
901,710,Annual,2024-03-18,2024-03-23,6,Approved,2023-12-26T15:09:48
902,1187,Sick,2025-05-13,2025-05-22,10,Denied,2023-11-05T21:06:08
903,1840,Maternity,2025-02-21,2025-02-25,5,Approved,2025-05-14T05:37:29
904,1234,Maternity,2025-04-05,2025-04-17,13,Denied,2025-08-15T00:07:47
905,1957,Annual,2024-04-20,2024-04-30,11,Pending,2025-04-25T12:13:41
906,1997,Unpaid,2024-02-20,2024-02-25,6,Approved,2025-02-24T21:36:57
907,102,Sick,2023-11-21,2023-11-30,10,Denied,2024-11-20T14:31:06
908,1800,Sick,2024-05-18,2024-05-20,3,Pending,2025-10-14T02:29:21
909,853,Maternity,2024-11-02,2024-11-12,11,Approved,2024-11-15T23:12:19
910,1256,Sick,2024-05-21,2024-05-30,10,Denied,2024-07-26T09:12:34
911,1098,Annual,2025-03-31,2025-04-12,13,Pending,2024-11-06T15:09:33
912,1914,Sick,2024-09-21,2024-09-25,5,Approved,2025-09-21T22:51:57
913,964,Annual,2024-06-22,2024-07-02,11,Approved,2025-10-14T11:14:44
914,1637,Maternity,2024-04-15,2024-04-22,8,Pending,2024-06-20T12:38:02
915,1562,Annual,2024-04-04,2024-04-18,15,Denied,2025-10-02T20:38:05
916,99,Maternity,2025-07-22,2025-07-30,9,Pending,2025-02-10T22:23:04
917,690,Unpaid,2025-10-11,2025-10-21,11,Denied,2024-02-23T01:43:30
918,56,Paternity,2024-06-21,2024-07-02,12,Approved,2024-08-29T14:08:23
919,43,Sick,2025-02-11,2025-02-20,10,Pending,2024-07-27T07:44:47
920,770,Sick,2024-07-26,2024-08-03,9,Pending,2025-02-07T16:01:24
921,1179,Paternity,2025-04-28,2025-04-30,3,Denied,2025-09-14T00:10:52
922,770,Sick,2025-09-10,2025-09-16,7,Pending,2024-02-26T00:54:12
923,1648,Maternity,2024-04-25,2024-05-08,14,Denied,2024-09-10T03:28:51
924,333,Sick,2024-08-01,2024-08-15,15,Denied,2025-07-20T13:31:04
925,784,Annual,2024-10-14,2024-10-20,7,Denied,2025-02-12T22:37:38
926,1022,Unpaid,2025-05-02,2025-05-07,6,Approved,2024-10-16T03:06:26
927,725,Maternity,2024-01-02,2024-01-14,13,Denied,2024-02-08T10:52:07
928,1092,Unpaid,2025-05-20,2025-05-24,5,Pending,2025-09-20T16:20:58
929,175,Maternity,2025-10-19,2025-10-28,10,Denied,2025-07-31T00:07:59
930,891,Maternity,2024-03-16,2024-03-23,8,Approved,2024-04-10T19:20:37
931,1812,Annual,2024-11-09,2024-11-19,11,Approved,2023-12-28T23:36:41
932,1882,Unpaid,2025-05-07,2025-05-15,9,Pending,2024-10-23T23:37:40
933,1625,Paternity,2024-06-15,2024-06-18,4,Denied,2023-12-12T17:25:57
934,1123,Sick,2025-02-11,2025-02-20,10,Pending,2025-04-04T19:10:02
935,961,Unpaid,2024-12-07,2024-12-18,12,Approved,2025-06-12T10:15:51
936,1444,Annual,2025-01-20,2025-01-31,12,Pending,2024-02-10T20:14:46
937,121,Unpaid,2025-08-30,2025-09-01,3,Approved,2025-06-13T02:31:50
938,82,Annual,2024-07-28,2024-08-08,12,Pending,2025-07-15T07:54:38
939,1005,Unpaid,2025-01-05,2025-01-16,12,Pending,2025-02-25T17:18:23
940,951,Paternity,2024-10-04,2024-10-16,13,Pending,2025-07-25T05:12:56
941,512,Annual,2024-07-29,2024-08-10,13,Approved,2023-11-25T03:26:38
942,687,Unpaid,2025-01-03,2025-01-12,10,Pending,2024-05-17T20:43:20
943,174,Unpaid,2024-11-30,2024-12-11,12,Denied,2024-01-21T07:22:28
944,239,Paternity,2024-10-20,2024-10-23,4,Approved,2024-08-14T04:48:51
945,858,Maternity,2025-07-24,2025-07-26,3,Pending,2024-04-15T23:19:58
946,1118,Paternity,2025-07-24,2025-07-25,2,Denied,2025-05-18T14:39:12
947,1761,Maternity,2025-04-16,2025-04-21,6,Pending,2025-02-07T04:36:41
948,540,Paternity,2024-03-22,2024-03-29,8,Approved,2023-12-10T16:03:56
949,1604,Sick,2025-04-12,2025-04-24,13,Pending,2024-09-06T16:22:23
950,521,Annual,2023-12-18,2024-01-01,15,Approved,2025-08-27T07:28:02
951,1246,Paternity,2024-03-24,2024-04-01,9,Approved,2024-09-09T22:29:37
952,1018,Annual,2024-07-30,2024-08-01,3,Approved,2025-02-02T08:32:32
953,526,Maternity,2024-10-05,2024-10-10,6,Denied,2024-06-10T02:14:46
954,618,Paternity,2024-11-18,2024-12-01,14,Denied,2025-08-19T20:24:22
955,1362,Maternity,2024-10-29,2024-11-11,14,Pending,2024-11-18T08:12:44
956,1219,Sick,2025-10-18,2025-10-25,8,Approved,2025-10-09T13:28:30
957,1175,Unpaid,2025-02-01,2025-02-15,15,Pending,2024-07-09T15:25:01
958,1988,Sick,2024-01-05,2024-01-19,15,Denied,2025-06-17T02:56:02
959,1442,Sick,2024-05-26,2024-05-31,6,Denied,2025-10-22T08:16:14
960,1800,Sick,2023-12-12,2023-12-22,11,Approved,2025-02-18T11:08:05
961,622,Maternity,2025-03-13,2025-03-24,12,Approved,2024-08-26T07:35:48
962,1754,Paternity,2024-01-09,2024-01-19,11,Pending,2025-02-26T08:06:25
963,1330,Maternity,2024-09-18,2024-09-30,13,Pending,2025-09-01T03:44:51
964,1697,Paternity,2024-03-30,2024-04-01,3,Approved,2025-01-21T06:07:50
965,505,Unpaid,2025-02-21,2025-03-02,10,Approved,2024-05-10T00:07:22
966,1673,Annual,2024-07-24,2024-08-06,14,Denied,2025-08-09T19:48:28
967,2000,Sick,2024-09-12,2024-09-25,14,Approved,2024-01-24T08:57:22
968,1845,Paternity,2023-11-13,2023-11-20,8,Denied,2023-11-21T17:07:19
969,824,Maternity,2024-03-13,2024-03-21,9,Denied,2024-09-07T08:54:31
970,311,Maternity,2025-01-30,2025-02-13,15,Denied,2025-02-13T09:04:03
971,610,Sick,2024-08-01,2024-08-04,4,Pending,2024-04-20T10:30:33
972,213,Maternity,2024-07-13,2024-07-27,15,Approved,2024-08-06T15:21:43
973,1207,Paternity,2023-12-06,2023-12-16,11,Pending,2024-03-12T17:49:30
974,829,Unpaid,2025-10-12,2025-10-18,7,Pending,2025-04-15T08:40:40
975,210,Maternity,2024-01-06,2024-01-09,4,Approved,2025-07-09T06:19:01
976,1551,Paternity,2025-08-26,2025-08-27,2,Approved,2024-07-24T02:03:27
977,1128,Paternity,2023-11-10,2023-11-14,5,Pending,2023-11-17T11:55:00
978,671,Unpaid,2024-07-02,2024-07-03,2,Approved,2024-08-20T08:06:54
979,1506,Sick,2024-02-24,2024-03-04,10,Pending,2025-09-10T00:29:52
980,1165,Annual,2025-01-04,2025-01-07,4,Approved,2024-11-29T07:00:27
981,246,Paternity,2025-10-17,2025-10-30,14,Approved,2025-03-14T18:32:20
982,351,Unpaid,2024-12-05,2024-12-09,5,Denied,2024-02-09T14:35:42
983,469,Annual,2025-10-29,2025-11-04,7,Approved,2025-06-29T22:53:35
984,3,Paternity,2024-05-07,2024-05-09,3,Denied,2024-01-03T07:54:10
985,1963,Annual,2025-10-10,2025-10-18,9,Approved,2025-05-13T17:18:43
986,704,Unpaid,2024-08-04,2024-08-10,7,Pending,2025-04-22T23:26:37
987,1716,Annual,2025-06-30,2025-07-04,5,Approved,2024-08-15T06:16:02
988,202,Maternity,2024-07-18,2024-07-22,5,Denied,2024-10-31T01:51:19
989,1627,Annual,2025-02-09,2025-02-14,6,Approved,2024-06-07T21:11:00
990,1886,Sick,2024-08-22,2024-09-05,15,Pending,2024-05-13T03:16:10
991,1376,Unpaid,2024-03-14,2024-03-28,15,Pending,2025-10-12T23:00:13
992,438,Annual,2025-09-22,2025-09-26,5,Denied,2025-01-27T01:55:01
993,1286,Sick,2025-05-20,2025-05-21,2,Pending,2024-10-08T00:51:27
994,665,Annual,2023-12-17,2023-12-31,15,Pending,2025-09-04T02:05:24
995,565,Paternity,2025-10-23,2025-11-06,15,Approved,2025-10-10T00:38:04
996,1504,Sick,2024-12-02,2024-12-07,6,Approved,2024-01-24T19:18:49
997,193,Maternity,2023-11-06,2023-11-15,10,Pending,2024-01-21T23:46:43
998,477,Sick,2024-12-07,2024-12-09,3,Approved,2025-04-22T13:46:00
999,827,Unpaid,2025-09-11,2025-09-16,6,Pending,2025-08-28T11:21:35
1000,664,Paternity,2025-02-02,2025-02-16,15,Pending,2024-08-07T15:14:16
1001,1948,Unpaid,2024-04-13,2024-04-27,15,Approved,2024-01-17T06:28:29
1002,696,Sick,2024-04-23,2024-04-27,5,Denied,2025-02-13T11:06:55
1003,530,Annual,2024-05-06,2024-05-15,10,Pending,2025-07-11T09:26:27
1004,776,Unpaid,2023-12-17,2023-12-22,6,Pending,2025-03-07T08:32:17
1005,227,Annual,2025-08-26,2025-09-01,7,Denied,2024-06-11T21:51:10
1006,1783,Paternity,2025-10-01,2025-10-11,11,Approved,2024-09-29T23:40:02
1007,746,Paternity,2024-06-21,2024-06-30,10,Pending,2024-10-15T11:10:56
1008,775,Annual,2023-12-01,2023-12-08,8,Denied,2025-02-20T06:30:20
1009,1253,Sick,2024-02-20,2024-02-24,5,Pending,2025-04-12T08:09:31
1010,272,Sick,2025-03-07,2025-03-10,4,Approved,2024-04-30T23:16:55
1011,1553,Unpaid,2023-12-01,2023-12-10,10,Pending,2024-04-10T00:11:09
1012,956,Sick,2025-01-22,2025-01-23,2,Denied,2025-09-22T23:06:28
1013,320,Sick,2024-12-20,2025-01-03,15,Denied,2025-03-17T07:19:46
1014,1687,Maternity,2025-05-11,2025-05-25,15,Approved,2025-10-03T03:47:20
1015,1003,Sick,2024-03-19,2024-03-24,6,Pending,2024-10-31T05:32:11
1016,1942,Maternity,2024-01-20,2024-02-02,14,Pending,2024-09-13T20:01:42
1017,366,Unpaid,2024-02-11,2024-02-13,3,Denied,2025-01-29T09:18:11
1018,391,Annual,2024-09-24,2024-10-06,13,Approved,2024-11-13T15:38:10
1019,32,Sick,2024-11-12,2024-11-26,15,Approved,2024-12-25T15:11:39
1020,1178,Sick,2024-05-26,2024-06-07,13,Denied,2024-03-04T19:08:33
1021,1847,Maternity,2024-02-23,2024-02-28,6,Denied,2024-07-05T21:04:48
1022,1453,Maternity,2024-11-22,2024-11-28,7,Approved,2025-08-09T14:59:20
1023,1834,Paternity,2024-04-05,2024-04-12,8,Denied,2025-06-15T23:49:45
1024,1547,Paternity,2025-03-23,2025-04-04,13,Pending,2024-04-28T05:45:03
1025,705,Paternity,2024-01-28,2024-02-01,5,Approved,2025-07-22T02:27:19
1026,1707,Sick,2025-02-10,2025-02-12,3,Approved,2025-06-20T09:39:56
1027,252,Annual,2025-10-20,2025-11-01,13,Pending,2024-06-10T06:01:51
1028,468,Maternity,2024-09-26,2024-10-01,6,Denied,2024-12-11T23:11:29
1029,1990,Maternity,2025-08-18,2025-08-26,9,Pending,2025-05-07T13:06:21
1030,1295,Maternity,2025-07-22,2025-07-30,9,Approved,2024-08-22T05:40:58
1031,706,Unpaid,2024-07-10,2024-07-24,15,Denied,2024-08-07T11:17:59
1032,1935,Annual,2024-11-01,2024-11-04,4,Pending,2024-01-16T14:34:33
1033,97,Annual,2024-04-26,2024-04-29,4,Approved,2024-08-19T06:51:17
1034,366,Annual,2025-07-31,2025-08-03,4,Approved,2024-10-03T13:34:00
1035,188,Paternity,2024-10-19,2024-10-26,8,Approved,2025-06-27T01:01:30
1036,467,Annual,2024-03-10,2024-03-14,5,Denied,2024-03-13T18:59:07
1037,1638,Maternity,2025-09-12,2025-09-26,15,Pending,2024-03-29T14:23:42
1038,1662,Unpaid,2024-06-13,2024-06-23,11,Denied,2024-05-02T01:09:48
1039,925,Annual,2023-12-02,2023-12-13,12,Pending,2024-02-28T19:56:20
1040,136,Maternity,2024-04-29,2024-05-01,3,Pending,2025-05-12T00:43:27
1041,1964,Annual,2025-04-24,2025-05-04,11,Approved,2025-04-03T20:47:52
1042,1541,Sick,2025-08-24,2025-09-07,15,Denied,2025-04-16T12:15:00
1043,1907,Unpaid,2024-09-20,2024-10-01,12,Pending,2024-05-11T20:20:11
1044,1486,Paternity,2025-02-19,2025-02-20,2,Approved,2025-10-01T18:28:03
1045,879,Maternity,2025-04-04,2025-04-15,12,Pending,2024-05-13T21:56:09
1046,98,Sick,2024-07-24,2024-08-04,12,Denied,2024-11-30T01:43:44
1047,1584,Paternity,2024-01-30,2024-02-01,3,Denied,2024-04-03T16:36:28
1048,1768,Sick,2025-04-23,2025-04-27,5,Pending,2025-09-07T08:28:36
1049,160,Unpaid,2024-02-21,2024-02-22,2,Pending,2025-09-18T16:37:26
1050,64,Maternity,2024-02-15,2024-02-26,12,Approved,2025-07-26T16:59:36
1051,74,Maternity,2025-05-20,2025-05-21,2,Pending,2025-01-29T20:00:53
1052,1328,Maternity,2025-01-30,2025-01-31,2,Denied,2025-02-11T17:17:14
1053,698,Paternity,2024-04-08,2024-04-22,15,Approved,2025-08-20T22:19:44
1054,1096,Paternity,2024-08-27,2024-09-09,14,Denied,2024-09-25T20:13:56
1055,710,Sick,2025-05-04,2025-05-06,3,Pending,2024-08-02T03:43:32
1056,1123,Unpaid,2024-07-31,2024-08-14,15,Approved,2025-07-22T03:48:13
1057,432,Annual,2025-04-27,2025-05-05,9,Pending,2024-11-07T03:27:51
1058,941,Unpaid,2025-07-13,2025-07-26,14,Pending,2024-10-25T16:50:01
1059,1692,Annual,2024-12-20,2024-12-30,11,Denied,2024-01-13T10:05:11
1060,1230,Annual,2025-07-06,2025-07-07,2,Approved,2025-05-01T22:17:31
1061,1617,Annual,2025-04-25,2025-04-29,5,Approved,2024-09-15T12:09:27
1062,549,Unpaid,2025-10-03,2025-10-12,10,Denied,2023-12-03T23:58:39
1063,1776,Paternity,2025-10-21,2025-10-22,2,Approved,2025-07-18T19:46:54
1064,1226,Paternity,2024-05-26,2024-06-09,15,Approved,2025-10-19T21:04:13
1065,948,Paternity,2024-05-17,2024-05-25,9,Approved,2024-01-20T23:34:28
1066,639,Unpaid,2024-10-14,2024-10-18,5,Approved,2024-01-13T05:43:17
1067,1972,Annual,2024-09-23,2024-10-03,11,Denied,2024-06-21T22:43:59
1068,1161,Maternity,2024-09-07,2024-09-09,3,Approved,2025-08-10T16:37:59
1069,484,Sick,2025-05-18,2025-05-31,14,Pending,2023-11-11T06:36:29
1070,1790,Maternity,2025-04-29,2025-05-10,12,Approved,2025-07-09T09:26:01
1071,1401,Maternity,2025-10-14,2025-10-18,5,Approved,2024-04-11T11:01:53
1072,536,Sick,2025-08-19,2025-08-29,11,Pending,2023-12-27T23:57:24
1073,832,Unpaid,2024-06-01,2024-06-02,2,Approved,2024-08-08T13:06:29
1074,1391,Paternity,2023-11-05,2023-11-18,14,Denied,2024-02-24T11:12:13
1075,1395,Unpaid,2025-01-03,2025-01-05,3,Pending,2024-05-10T02:00:57
1076,297,Annual,2025-01-19,2025-01-22,4,Denied,2025-01-28T03:47:00
1077,1462,Maternity,2025-03-17,2025-03-22,6,Denied,2025-10-08T23:40:17
1078,1174,Maternity,2025-03-20,2025-04-02,14,Approved,2024-05-02T10:24:25
1079,930,Maternity,2024-04-03,2024-04-16,14,Denied,2024-12-09T17:09:24
1080,623,Maternity,2025-08-04,2025-08-13,10,Denied,2024-06-07T13:30:59
1081,810,Unpaid,2025-08-29,2025-09-11,14,Denied,2024-08-01T07:04:32
1082,636,Maternity,2024-09-15,2024-09-20,6,Pending,2024-05-04T22:52:03
1083,1433,Annual,2024-02-17,2024-02-22,6,Pending,2024-03-26T08:15:26
1084,1289,Paternity,2024-11-03,2024-11-09,7,Pending,2024-09-10T07:53:40
1085,1272,Unpaid,2024-03-25,2024-04-06,13,Pending,2025-06-14T03:21:24
1086,526,Paternity,2025-10-02,2025-10-05,4,Denied,2025-06-15T13:35:59
1087,114,Sick,2024-08-18,2024-08-26,9,Pending,2025-06-29T03:15:48
1088,416,Unpaid,2024-09-29,2024-10-12,14,Pending,2025-09-04T09:27:32
1089,553,Unpaid,2025-06-29,2025-07-03,5,Pending,2023-12-17T20:57:46
1090,903,Maternity,2024-07-12,2024-07-19,8,Denied,2025-01-25T14:57:34
1091,813,Annual,2025-01-02,2025-01-04,3,Pending,2024-03-02T21:35:43
1092,1502,Maternity,2024-12-27,2025-01-06,11,Approved,2023-12-17T08:02:19
1093,541,Annual,2024-05-03,2024-05-09,7,Approved,2025-05-17T05:32:27
1094,1484,Sick,2025-01-04,2025-01-14,11,Pending,2024-05-06T05:27:21
1095,905,Sick,2024-05-16,2024-05-19,4,Approved,2025-09-25T05:07:03
1096,1627,Paternity,2025-02-06,2025-02-14,9,Denied,2024-10-23T11:03:02
1097,1763,Annual,2024-02-24,2024-03-06,12,Pending,2024-09-02T23:04:23
1098,1933,Paternity,2025-04-11,2025-04-21,11,Denied,2024-08-17T14:28:33
1099,55,Unpaid,2024-08-26,2024-08-30,5,Denied,2024-12-15T11:02:58
1100,1485,Maternity,2025-01-21,2025-01-25,5,Approved,2025-09-18T22:55:02
1101,1146,Annual,2023-11-12,2023-11-19,8,Pending,2025-03-08T07:13:16
1102,1464,Maternity,2025-01-25,2025-02-02,9,Pending,2025-01-20T13:13:54
1103,1154,Unpaid,2024-07-29,2024-07-31,3,Pending,2024-12-15T06:06:38
1104,1559,Unpaid,2025-05-25,2025-06-05,12,Pending,2024-01-15T19:07:48
1105,1125,Unpaid,2024-11-28,2024-12-01,4,Denied,2024-10-10T11:15:59
1106,1156,Sick,2025-01-23,2025-02-06,15,Denied,2024-02-18T02:04:35
1107,1722,Annual,2023-12-13,2023-12-25,13,Denied,2025-10-10T15:22:26
1108,657,Paternity,2025-09-05,2025-09-06,2,Pending,2024-09-14T10:31:49
1109,1275,Maternity,2023-12-14,2023-12-23,10,Denied,2024-08-13T00:14:26
1110,1308,Maternity,2024-11-20,2024-11-26,7,Pending,2024-07-20T16:02:31
1111,744,Paternity,2024-07-15,2024-07-16,2,Denied,2025-10-12T20:25:34
1112,244,Sick,2025-05-16,2025-05-22,7,Denied,2024-09-09T20:32:39
1113,178,Paternity,2024-05-16,2024-05-21,6,Pending,2025-10-25T13:15:17
1114,944,Maternity,2023-11-28,2023-12-07,10,Approved,2024-02-24T10:19:01
1115,1577,Paternity,2025-09-11,2025-09-22,12,Pending,2023-11-27T07:04:01
1116,147,Paternity,2023-11-06,2023-11-14,9,Pending,2024-09-03T18:59:04
1117,1383,Annual,2025-03-06,2025-03-14,9,Approved,2024-11-22T13:22:09
1118,472,Unpaid,2024-08-19,2024-09-02,15,Pending,2025-04-06T00:34:13
1119,1963,Maternity,2024-08-17,2024-08-22,6,Approved,2024-04-05T19:45:16
1120,839,Maternity,2024-05-28,2024-06-11,15,Pending,2024-09-14T18:44:13
1121,1453,Maternity,2025-04-10,2025-04-24,15,Denied,2024-03-28T16:40:16
1122,1234,Maternity,2024-10-26,2024-11-03,9,Pending,2024-01-04T05:09:36
1123,1332,Sick,2024-08-21,2024-08-22,2,Approved,2024-06-02T05:13:30
1124,532,Annual,2025-10-01,2025-10-08,8,Pending,2025-03-12T05:50:45
1125,1115,Maternity,2025-08-29,2025-09-03,6,Approved,2023-11-06T18:46:54
1126,582,Sick,2025-04-14,2025-04-20,7,Pending,2024-04-02T10:15:52
1127,257,Annual,2024-04-15,2024-04-26,12,Pending,2025-04-07T17:27:47
1128,151,Unpaid,2024-01-24,2024-02-03,11,Denied,2025-01-01T12:08:20
1129,1967,Maternity,2024-07-31,2024-08-09,10,Denied,2024-08-11T00:54:51
1130,206,Sick,2024-07-05,2024-07-09,5,Pending,2025-04-30T10:11:09
1131,1991,Maternity,2025-04-18,2025-04-19,2,Denied,2024-09-07T01:39:13
1132,502,Unpaid,2025-06-07,2025-06-08,2,Denied,2025-05-18T00:50:41
1133,1066,Annual,2023-12-17,2023-12-27,11,Pending,2024-08-05T23:32:15
1134,1159,Annual,2024-07-15,2024-07-27,13,Denied,2024-12-18T15:41:08
1135,1890,Annual,2025-06-05,2025-06-08,4,Denied,2025-04-21T19:37:32
1136,82,Maternity,2025-05-30,2025-06-02,4,Pending,2025-05-12T03:54:38
1137,1658,Paternity,2023-11-03,2023-11-11,9,Approved,2024-04-05T11:35:05
1138,1876,Unpaid,2025-08-14,2025-08-27,14,Approved,2025-03-07T18:12:35
1139,94,Paternity,2024-10-25,2024-11-08,15,Denied,2025-07-25T20:16:04
1140,413,Unpaid,2023-12-02,2023-12-14,13,Pending,2025-02-04T22:28:04
1141,1132,Paternity,2024-06-12,2024-06-15,4,Denied,2025-02-15T01:12:02
1142,838,Maternity,2024-11-28,2024-12-06,9,Pending,2024-06-04T21:25:09
1143,1401,Sick,2024-06-06,2024-06-07,2,Denied,2023-11-06T21:52:08
1144,1936,Paternity,2024-12-22,2025-01-02,12,Approved,2025-07-20T02:41:55
1145,454,Maternity,2025-05-09,2025-05-15,7,Denied,2025-03-19T14:14:07
1146,1349,Annual,2024-08-03,2024-08-10,8,Approved,2025-05-14T19:02:06
1147,1364,Unpaid,2025-09-21,2025-10-05,15,Approved,2024-04-09T21:15:04
1148,1211,Sick,2024-08-23,2024-08-24,2,Pending,2024-05-21T17:14:54
1149,186,Maternity,2025-04-13,2025-04-17,5,Approved,2024-02-04T20:45:40
1150,1878,Sick,2023-12-04,2023-12-08,5,Pending,2025-06-23T04:55:13
1151,332,Annual,2023-11-13,2023-11-19,7,Approved,2025-08-21T12:19:36
1152,1403,Paternity,2025-05-12,2025-05-16,5,Denied,2024-05-08T08:26:17
1153,530,Paternity,2025-04-07,2025-04-14,8,Denied,2024-11-14T04:12:29
1154,456,Sick,2025-06-29,2025-07-07,9,Approved,2025-04-27T06:15:51
1155,974,Maternity,2025-06-28,2025-07-09,12,Approved,2025-08-11T07:42:08
1156,612,Sick,2025-01-10,2025-01-15,6,Pending,2024-01-28T00:01:33
1157,1290,Maternity,2025-03-10,2025-03-12,3,Denied,2025-10-15T02:38:31
1158,360,Sick,2024-02-18,2024-02-21,4,Pending,2025-02-02T23:20:15
1159,1269,Maternity,2024-12-02,2024-12-14,13,Approved,2024-04-24T23:14:00
1160,1951,Paternity,2024-11-16,2024-11-29,14,Pending,2024-08-22T09:09:26
1161,39,Maternity,2025-01-26,2025-02-09,15,Approved,2025-02-15T21:28:49
1162,656,Annual,2024-10-07,2024-10-11,5,Pending,2024-02-09T03:33:58
1163,813,Unpaid,2025-10-17,2025-10-30,14,Approved,2023-11-11T06:33:55
1164,1801,Maternity,2024-07-11,2024-07-25,15,Approved,2024-06-04T19:51:28
1165,2,Paternity,2024-12-29,2025-01-01,4,Denied,2023-12-05T17:36:31
1166,584,Maternity,2024-01-25,2024-02-07,14,Pending,2025-03-06T19:19:39
1167,723,Annual,2025-09-11,2025-09-20,10,Denied,2024-09-15T00:30:18
1168,803,Paternity,2024-06-24,2024-06-25,2,Pending,2024-06-06T10:03:36
1169,305,Unpaid,2024-07-30,2024-08-08,10,Approved,2025-06-01T07:03:51
1170,1601,Unpaid,2024-08-05,2024-08-15,11,Pending,2025-01-30T20:04:25
1171,1968,Annual,2024-02-10,2024-02-20,11,Denied,2024-12-02T08:56:49
1172,1693,Unpaid,2025-10-18,2025-10-27,10,Denied,2024-07-18T06:50:43
1173,1457,Paternity,2024-12-14,2024-12-26,13,Approved,2025-06-21T07:49:52
1174,1036,Unpaid,2025-03-04,2025-03-14,11,Pending,2025-09-19T07:00:02
1175,201,Paternity,2023-12-14,2023-12-15,2,Denied,2025-02-01T15:11:28
1176,1390,Annual,2024-10-12,2024-10-18,7,Denied,2025-08-21T19:25:57
1177,706,Maternity,2024-08-30,2024-09-04,6,Denied,2024-09-05T15:34:23
1178,401,Maternity,2024-03-05,2024-03-06,2,Pending,2024-05-19T08:54:23
1179,1353,Paternity,2023-11-27,2023-12-01,5,Pending,2025-02-27T21:47:24
1180,1943,Sick,2025-06-02,2025-06-07,6,Approved,2025-03-22T06:33:18
1181,1698,Annual,2024-12-23,2025-01-05,14,Denied,2025-06-18T23:14:27
1182,912,Paternity,2023-12-06,2023-12-07,2,Denied,2024-05-17T11:48:06
1183,332,Maternity,2025-02-01,2025-02-09,9,Denied,2024-02-23T07:22:38
1184,286,Sick,2023-11-28,2023-11-29,2,Denied,2024-12-27T16:24:17
1185,1816,Maternity,2025-05-11,2025-05-25,15,Pending,2025-06-21T12:45:15
1186,376,Unpaid,2024-07-01,2024-07-12,12,Approved,2025-02-02T06:48:20
1187,1647,Sick,2024-05-18,2024-05-31,14,Approved,2024-09-19T20:18:24
1188,1168,Annual,2024-03-08,2024-03-18,11,Denied,2024-06-16T05:56:07
1189,1864,Paternity,2025-04-18,2025-04-26,9,Denied,2025-07-12T19:02:47
1190,1149,Sick,2025-06-08,2025-06-17,10,Pending,2024-06-12T01:13:04
1191,1907,Unpaid,2024-10-29,2024-11-03,6,Approved,2023-11-26T02:38:26
1192,1200,Maternity,2024-08-02,2024-08-04,3,Denied,2024-03-28T07:15:21
1193,51,Maternity,2025-07-30,2025-08-11,13,Approved,2024-06-04T06:36:53
1194,350,Maternity,2023-12-22,2024-01-05,15,Denied,2024-04-06T21:35:34
1195,1551,Unpaid,2025-05-28,2025-06-05,9,Approved,2024-06-26T01:10:16
1196,1297,Maternity,2024-01-13,2024-01-14,2,Pending,2024-12-09T19:51:38
1197,1573,Paternity,2025-05-28,2025-06-02,6,Pending,2024-09-23T03:48:19
1198,534,Unpaid,2023-11-19,2023-11-20,2,Denied,2024-04-15T18:50:12
1199,949,Unpaid,2023-11-19,2023-11-27,9,Approved,2024-06-28T15:32:52
1200,1735,Sick,2024-08-09,2024-08-22,14,Approved,2025-07-02T09:17:12
1201,1430,Unpaid,2024-08-27,2024-09-03,8,Denied,2024-07-02T09:41:03
1202,1701,Annual,2025-03-10,2025-03-13,4,Denied,2024-11-03T19:14:01
1203,235,Annual,2024-07-19,2024-07-30,12,Approved,2025-08-23T21:51:38
1204,1295,Unpaid,2024-05-11,2024-05-24,14,Pending,2025-08-28T02:04:22
1205,1288,Paternity,2025-10-07,2025-10-09,3,Denied,2025-08-13T10:23:10
1206,1073,Sick,2024-05-15,2024-05-20,6,Approved,2024-09-30T17:31:40
1207,1432,Paternity,2024-05-19,2024-05-27,9,Denied,2023-11-18T10:21:41
1208,483,Sick,2024-10-12,2024-10-16,5,Denied,2025-07-02T11:11:44
1209,1417,Maternity,2024-12-21,2024-12-31,11,Approved,2024-05-24T20:20:09
1210,1587,Unpaid,2024-04-23,2024-05-04,12,Pending,2025-03-09T13:19:28
1211,625,Maternity,2024-08-14,2024-08-16,3,Denied,2024-07-15T00:38:37
1212,1660,Annual,2025-04-18,2025-04-28,11,Denied,2023-11-15T06:56:32
1213,619,Paternity,2025-02-27,2025-03-02,4,Approved,2025-10-30T20:04:31
1214,1005,Paternity,2024-04-24,2024-05-08,15,Approved,2025-09-16T21:28:48
1215,210,Maternity,2024-06-08,2024-06-15,8,Pending,2024-03-15T05:19:33
1216,1595,Maternity,2024-11-14,2024-11-22,9,Approved,2024-12-18T22:28:23
1217,1506,Paternity,2025-03-06,2025-03-13,8,Denied,2025-07-15T01:39:58
1218,704,Paternity,2025-07-16,2025-07-30,15,Pending,2025-01-10T04:23:28
1219,1401,Sick,2024-06-22,2024-06-30,9,Approved,2024-12-24T09:02:04
1220,608,Paternity,2025-02-13,2025-02-17,5,Pending,2025-04-30T10:02:32
1221,1338,Sick,2025-05-10,2025-05-22,13,Pending,2024-07-19T16:00:21
1222,1961,Unpaid,2024-02-29,2024-03-07,8,Approved,2024-11-08T10:50:02
1223,1204,Maternity,2024-04-06,2024-04-19,14,Pending,2024-12-20T14:10:01
1224,637,Paternity,2025-06-11,2025-06-13,3,Pending,2024-11-08T18:28:38
1225,882,Paternity,2024-06-02,2024-06-11,10,Approved,2025-06-08T05:43:56
1226,1005,Annual,2024-02-05,2024-02-14,10,Approved,2025-06-14T00:53:47
1227,834,Annual,2024-09-06,2024-09-17,12,Approved,2024-08-05T17:43:13
1228,1500,Annual,2024-05-02,2024-05-14,13,Pending,2024-10-12T00:20:04
1229,665,Sick,2025-05-11,2025-05-13,3,Pending,2024-09-10T06:16:12
1230,1745,Sick,2024-01-09,2024-01-11,3,Pending,2024-10-08T23:41:35
1231,1348,Unpaid,2024-01-22,2024-02-04,14,Denied,2025-05-21T00:08:14
1232,416,Sick,2025-10-09,2025-10-21,13,Approved,2025-01-27T10:46:22
1233,1171,Sick,2024-12-19,2024-12-30,12,Approved,2024-02-10T06:35:06
1234,157,Sick,2024-11-02,2024-11-03,2,Pending,2023-12-06T06:18:14
1235,1519,Sick,2024-10-03,2024-10-06,4,Pending,2025-03-06T22:28:32
1236,1325,Maternity,2024-12-25,2025-01-02,9,Approved,2024-11-20T00:43:02
1237,529,Unpaid,2024-02-01,2024-02-13,13,Pending,2024-12-17T16:38:05
1238,642,Paternity,2025-08-30,2025-09-10,12,Denied,2025-02-28T13:53:55
1239,894,Unpaid,2024-09-03,2024-09-05,3,Approved,2023-11-05T03:08:23
1240,1815,Annual,2025-04-09,2025-04-12,4,Denied,2024-06-04T10:08:45
1241,116,Sick,2025-02-14,2025-02-17,4,Pending,2024-02-26T09:09:15
1242,528,Unpaid,2025-02-10,2025-02-16,7,Pending,2024-09-12T07:54:24
1243,538,Paternity,2025-05-08,2025-05-22,15,Denied,2024-10-16T14:35:40
1244,18,Sick,2024-08-24,2024-09-02,10,Denied,2024-09-23T08:48:34
1245,1021,Unpaid,2024-01-05,2024-01-06,2,Pending,2024-07-15T00:45:25
1246,945,Maternity,2025-08-06,2025-08-15,10,Approved,2025-09-09T14:08:56
1247,552,Annual,2025-02-25,2025-03-09,13,Approved,2024-12-09T21:19:15
1248,1422,Annual,2025-01-08,2025-01-13,6,Approved,2024-01-28T18:25:09
1249,563,Maternity,2025-01-11,2025-01-14,4,Denied,2024-07-25T00:03:31
1250,946,Annual,2024-07-06,2024-07-07,2,Approved,2024-11-06T14:04:07
1251,1280,Maternity,2024-06-17,2024-06-19,3,Denied,2024-09-20T11:05:21
1252,599,Paternity,2024-01-06,2024-01-13,8,Approved,2025-02-24T12:57:01
1253,1243,Annual,2025-03-09,2025-03-20,12,Pending,2024-11-23T06:58:20
1254,991,Annual,2024-04-05,2024-04-18,14,Denied,2025-08-23T12:20:51
1255,941,Annual,2024-12-11,2024-12-14,4,Pending,2025-06-18T17:40:46
1256,1436,Unpaid,2024-01-27,2024-01-29,3,Denied,2024-09-15T03:23:25
1257,897,Unpaid,2024-02-29,2024-03-01,2,Approved,2024-07-21T05:12:22
1258,1930,Annual,2025-03-24,2025-04-05,13,Pending,2025-05-26T21:59:41
1259,1696,Maternity,2024-07-08,2024-07-13,6,Approved,2024-10-03T11:25:31
1260,473,Paternity,2024-12-04,2024-12-14,11,Approved,2024-07-27T02:49:14
1261,1791,Unpaid,2025-01-21,2025-01-22,2,Pending,2024-07-15T23:04:27
1262,1167,Sick,2024-07-06,2024-07-17,12,Denied,2024-10-29T16:35:18
1263,412,Maternity,2024-11-30,2024-12-09,10,Approved,2025-09-25T13:48:23
1264,1435,Unpaid,2024-12-17,2024-12-31,15,Denied,2025-03-25T18:21:43
1265,95,Unpaid,2025-07-16,2025-07-19,4,Approved,2024-07-19T12:47:15
1266,571,Annual,2023-11-14,2023-11-15,2,Approved,2025-03-16T08:49:42
1267,1060,Paternity,2024-12-27,2024-12-31,5,Denied,2023-12-26T14:54:10
1268,271,Paternity,2025-05-25,2025-06-05,12,Denied,2024-06-11T20:16:56
1269,1986,Maternity,2023-12-29,2024-01-10,13,Denied,2024-03-17T08:46:36
1270,1837,Sick,2024-07-28,2024-08-02,6,Denied,2024-08-08T15:20:10
1271,1793,Maternity,2025-02-20,2025-03-03,12,Approved,2024-09-11T05:49:37
1272,1228,Maternity,2025-10-26,2025-10-27,2,Approved,2024-06-17T19:33:51
1273,934,Sick,2024-09-05,2024-09-11,7,Approved,2025-01-02T10:30:42
1274,481,Unpaid,2024-06-30,2024-07-08,9,Pending,2025-05-24T02:01:12
1275,821,Sick,2025-01-20,2025-01-31,12,Approved,2024-11-28T23:10:44
1276,44,Annual,2024-01-23,2024-02-01,10,Pending,2025-06-21T21:16:10
1277,1400,Annual,2023-12-22,2023-12-31,10,Pending,2025-03-08T08:56:49
1278,1962,Sick,2025-10-17,2025-10-28,12,Pending,2025-01-04T23:48:19
1279,1397,Annual,2024-04-30,2024-05-11,12,Denied,2024-07-15T01:30:56
1280,968,Sick,2024-02-14,2024-02-23,10,Approved,2025-07-27T22:23:29
1281,1307,Unpaid,2024-07-29,2024-08-06,9,Pending,2024-05-16T06:03:53
1282,1282,Paternity,2024-01-30,2024-02-04,6,Approved,2024-11-25T22:15:07
1283,1294,Annual,2025-04-27,2025-05-03,7,Pending,2024-02-02T21:21:28
1284,1249,Annual,2023-11-03,2023-11-06,4,Pending,2025-05-22T13:10:06
1285,1951,Sick,2025-09-15,2025-09-18,4,Pending,2024-06-07T12:14:01
1286,1053,Sick,2024-12-15,2024-12-24,10,Approved,2025-08-25T11:14:03
1287,1277,Annual,2024-05-23,2024-05-24,2,Approved,2025-10-07T18:44:57
1288,1679,Annual,2024-07-08,2024-07-17,10,Pending,2025-07-10T01:13:46
1289,1469,Annual,2024-07-22,2024-07-25,4,Pending,2024-10-03T02:52:20
1290,1014,Annual,2025-10-04,2025-10-07,4,Approved,2025-04-11T18:02:27
1291,531,Maternity,2025-02-08,2025-02-11,4,Pending,2025-03-15T05:20:11
1292,1841,Paternity,2025-05-21,2025-06-03,14,Pending,2023-12-17T17:39:17
1293,1057,Unpaid,2023-11-22,2023-11-26,5,Denied,2024-05-02T19:43:09
1294,1914,Sick,2025-02-18,2025-03-01,12,Approved,2025-08-18T05:09:48
1295,1552,Unpaid,2024-10-29,2024-11-07,10,Denied,2025-03-14T00:33:06
1296,1219,Unpaid,2025-09-19,2025-09-24,6,Denied,2025-02-25T10:50:37
1297,342,Annual,2024-08-24,2024-09-04,12,Pending,2024-11-14T18:06:50
1298,1405,Annual,2025-01-04,2025-01-08,5,Pending,2023-12-19T06:43:19
1299,1029,Maternity,2023-12-25,2024-01-06,13,Approved,2024-02-03T08:19:49
1300,1545,Paternity,2023-12-15,2023-12-29,15,Pending,2024-08-02T14:27:15
1301,1233,Unpaid,2024-02-27,2024-03-08,11,Approved,2025-01-19T12:33:41
1302,167,Unpaid,2025-01-17,2025-01-18,2,Denied,2025-06-10T08:27:06
1303,193,Unpaid,2025-03-23,2025-04-05,14,Approved,2025-05-29T21:29:51
1304,404,Sick,2024-03-13,2024-03-16,4,Pending,2024-11-27T20:40:40
1305,1318,Paternity,2025-07-29,2025-08-02,5,Denied,2024-06-23T02:11:24
1306,652,Annual,2025-08-30,2025-09-11,13,Pending,2024-01-12T05:49:00
1307,1596,Maternity,2024-06-29,2024-07-04,6,Denied,2024-08-12T19:24:57
1308,732,Maternity,2024-03-26,2024-04-09,15,Approved,2024-05-21T20:09:10
1309,915,Annual,2025-03-16,2025-03-19,4,Approved,2025-02-10T18:47:26
1310,58,Sick,2024-04-10,2024-04-22,13,Approved,2024-10-10T20:12:07
1311,1057,Unpaid,2024-06-05,2024-06-15,11,Approved,2024-07-21T00:34:35
1312,1643,Maternity,2024-05-14,2024-05-19,6,Pending,2025-02-17T01:28:50
1313,1861,Maternity,2024-02-16,2024-02-19,4,Denied,2024-09-17T09:14:50
1314,1399,Paternity,2024-04-17,2024-05-01,15,Pending,2024-11-23T22:44:48
1315,66,Paternity,2024-12-20,2024-12-24,5,Approved,2024-01-24T11:35:06
1316,1055,Maternity,2024-12-13,2024-12-27,15,Denied,2024-12-25T14:04:51
1317,107,Annual,2024-11-19,2024-11-28,10,Approved,2025-02-06T11:12:06
1318,1720,Annual,2024-09-02,2024-09-07,6,Pending,2025-02-24T23:27:15
1319,1504,Sick,2025-05-22,2025-05-23,2,Approved,2024-06-23T14:12:26
1320,1350,Unpaid,2024-12-28,2024-12-29,2,Pending,2023-11-23T02:02:57
1321,5,Paternity,2024-09-01,2024-09-12,12,Approved,2025-06-12T17:42:22
1322,499,Paternity,2025-10-07,2025-10-14,8,Approved,2023-11-18T18:33:52
1323,1558,Unpaid,2023-12-10,2023-12-16,7,Approved,2025-04-03T08:49:51
1324,1192,Paternity,2025-02-12,2025-02-21,10,Approved,2025-05-19T12:43:23
1325,1956,Maternity,2025-09-09,2025-09-11,3,Approved,2025-01-26T15:27:49
1326,1722,Annual,2024-01-02,2024-01-06,5,Pending,2025-07-20T19:17:33
1327,681,Unpaid,2025-02-04,2025-02-08,5,Pending,2025-04-26T20:48:45
1328,1022,Unpaid,2025-01-02,2025-01-15,14,Pending,2024-01-21T10:18:33
1329,378,Unpaid,2024-03-16,2024-03-20,5,Denied,2025-01-12T03:16:52
1330,1906,Unpaid,2023-11-09,2023-11-21,13,Approved,2025-04-24T21:48:21
1331,1601,Sick,2025-10-08,2025-10-19,12,Approved,2024-06-23T23:43:13
1332,895,Maternity,2024-06-10,2024-06-20,11,Denied,2024-04-07T05:04:41
1333,1704,Paternity,2024-02-09,2024-02-17,9,Pending,2023-12-21T21:58:36
1334,1950,Annual,2024-11-28,2024-12-08,11,Approved,2024-08-28T17:51:15
1335,1924,Unpaid,2025-03-29,2025-04-10,13,Pending,2024-06-12T12:47:50
1336,315,Sick,2024-09-07,2024-09-19,13,Approved,2024-09-26T05:21:59
1337,1241,Paternity,2024-06-02,2024-06-13,12,Pending,2025-09-26T15:21:50
1338,574,Sick,2024-09-01,2024-09-10,10,Denied,2023-12-15T22:04:03
1339,1634,Maternity,2024-05-07,2024-05-17,11,Pending,2025-01-08T12:26:40
1340,328,Annual,2025-03-17,2025-03-22,6,Approved,2024-01-16T13:30:37
1341,672,Sick,2024-06-07,2024-06-14,8,Approved,2023-12-02T09:34:04
1342,1468,Paternity,2024-05-07,2024-05-11,5,Pending,2024-02-07T08:15:51
1343,112,Paternity,2024-04-12,2024-04-14,3,Denied,2024-10-10T12:58:23
1344,1420,Sick,2025-02-18,2025-03-04,15,Pending,2024-05-22T11:57:25
1345,231,Maternity,2024-04-09,2024-04-17,9,Denied,2024-08-14T14:24:45
1346,677,Paternity,2024-01-20,2024-01-26,7,Approved,2024-05-28T19:43:01
1347,942,Maternity,2025-07-13,2025-07-27,15,Approved,2024-01-09T08:36:21
1348,508,Sick,2023-12-13,2023-12-19,7,Pending,2024-01-06T03:24:44
1349,1823,Paternity,2025-02-06,2025-02-13,8,Denied,2025-04-26T02:43:54
1350,622,Maternity,2024-01-27,2024-02-10,15,Approved,2024-03-04T12:25:42
1351,1417,Unpaid,2023-12-24,2024-01-03,11,Denied,2024-05-30T10:42:22
1352,1155,Paternity,2024-03-19,2024-03-20,2,Pending,2025-01-29T17:54:09
1353,1436,Paternity,2024-08-21,2024-08-28,8,Denied,2025-08-03T05:31:08
1354,1007,Unpaid,2023-12-18,2023-12-27,10,Pending,2025-04-17T10:23:55
1355,482,Annual,2024-11-02,2024-11-03,2,Approved,2023-11-24T12:48:43
1356,1539,Annual,2025-06-24,2025-07-04,11,Pending,2024-03-10T17:44:34
1357,1382,Sick,2025-06-04,2025-06-15,12,Pending,2024-11-22T18:18:14
1358,1148,Annual,2024-10-15,2024-10-19,5,Approved,2025-06-11T12:48:11
1359,248,Paternity,2025-08-12,2025-08-21,10,Pending,2025-03-15T05:27:17
1360,1597,Maternity,2024-07-19,2024-07-25,7,Denied,2025-08-04T13:26:01
1361,38,Annual,2024-07-17,2024-07-30,14,Denied,2025-03-01T18:36:05
1362,1281,Sick,2024-09-02,2024-09-06,5,Pending,2024-01-02T00:10:36
1363,1044,Sick,2025-10-05,2025-10-19,15,Pending,2024-10-17T01:30:31
1364,1540,Maternity,2025-06-23,2025-06-29,7,Pending,2024-07-27T19:50:56
1365,216,Annual,2025-06-17,2025-07-01,15,Approved,2025-11-02T08:32:07
1366,1507,Sick,2025-10-19,2025-10-23,5,Pending,2025-04-16T23:09:45
1367,1909,Unpaid,2024-06-18,2024-06-30,13,Approved,2025-03-03T15:26:23
1368,1631,Sick,2024-06-26,2024-07-08,13,Approved,2023-12-08T13:58:51
1369,1129,Unpaid,2024-03-02,2024-03-11,10,Pending,2024-12-05T17:50:25
1370,1580,Unpaid,2023-12-12,2023-12-22,11,Approved,2023-11-17T15:06:57
1371,1438,Unpaid,2025-10-30,2025-11-05,7,Denied,2023-11-15T06:22:47
1372,948,Annual,2025-09-30,2025-10-04,5,Denied,2024-05-06T19:16:11
1373,364,Unpaid,2025-10-08,2025-10-19,12,Pending,2024-08-10T05:25:48
1374,1792,Paternity,2025-05-12,2025-05-26,15,Denied,2025-07-15T22:38:47
1375,80,Unpaid,2024-03-06,2024-03-16,11,Pending,2025-08-14T05:27:54
1376,1858,Annual,2023-12-21,2023-12-30,10,Denied,2024-03-23T08:31:30
1377,1358,Unpaid,2024-06-24,2024-07-04,11,Approved,2024-12-04T09:13:04
1378,432,Unpaid,2025-08-07,2025-08-21,15,Pending,2025-09-18T11:53:50
1379,1289,Paternity,2024-10-17,2024-10-18,2,Pending,2025-04-05T16:31:13
1380,64,Paternity,2024-10-30,2024-11-04,6,Approved,2024-11-19T21:43:34
1381,1151,Annual,2025-01-20,2025-01-27,8,Pending,2024-04-11T02:53:23
1382,1574,Unpaid,2025-08-08,2025-08-12,5,Pending,2024-08-18T01:58:08
1383,1745,Unpaid,2024-01-16,2024-01-23,8,Pending,2025-09-03T05:53:16
1384,1871,Maternity,2024-11-11,2024-11-21,11,Denied,2024-07-04T13:47:19
1385,805,Sick,2025-06-07,2025-06-15,9,Approved,2024-01-23T18:01:51
1386,1330,Unpaid,2025-10-01,2025-10-08,8,Denied,2025-06-02T06:20:23
1387,1536,Maternity,2024-03-15,2024-03-22,8,Approved,2024-04-10T17:38:55
1388,1691,Unpaid,2025-07-09,2025-07-14,6,Pending,2025-06-11T07:28:55
1389,246,Maternity,2025-05-30,2025-06-08,10,Pending,2024-09-11T00:18:02
1390,87,Maternity,2023-11-19,2023-11-21,3,Approved,2024-02-22T16:52:16
1391,1370,Paternity,2024-03-21,2024-03-24,4,Pending,2024-06-27T11:03:01
1392,662,Paternity,2024-08-29,2024-09-04,7,Pending,2024-04-21T12:24:22
1393,31,Sick,2025-07-31,2025-08-12,13,Denied,2024-06-07T19:39:59
1394,1530,Unpaid,2024-06-24,2024-06-25,2,Approved,2024-01-27T00:00:30
1395,278,Unpaid,2024-09-03,2024-09-09,7,Approved,2024-09-29T15:47:11
1396,360,Annual,2023-12-14,2023-12-28,15,Pending,2025-05-16T09:37:31
1397,269,Paternity,2025-06-30,2025-07-03,4,Pending,2024-12-10T22:25:17
1398,993,Maternity,2025-02-15,2025-02-27,13,Pending,2024-05-24T13:30:18
1399,235,Maternity,2025-04-24,2025-05-05,12,Pending,2025-04-16T11:05:39
1400,998,Annual,2024-01-03,2024-01-16,14,Pending,2024-04-30T13:42:02
1401,142,Sick,2023-11-10,2023-11-24,15,Denied,2025-02-25T23:41:12
1402,546,Maternity,2024-09-15,2024-09-19,5,Pending,2025-06-22T17:04:58
1403,1492,Paternity,2025-05-12,2025-05-19,8,Pending,2024-10-05T23:20:17
1404,1111,Paternity,2024-11-15,2024-11-18,4,Approved,2024-10-22T17:59:55
1405,900,Maternity,2024-08-07,2024-08-20,14,Denied,2024-06-14T06:22:13
1406,900,Paternity,2025-06-29,2025-07-02,4,Approved,2025-08-27T01:30:21
1407,955,Unpaid,2025-05-15,2025-05-17,3,Denied,2024-12-16T09:22:59
1408,1435,Paternity,2025-09-07,2025-09-12,6,Pending,2025-07-01T17:28:17
1409,722,Maternity,2025-03-25,2025-03-29,5,Approved,2025-09-05T04:58:36
1410,1882,Maternity,2024-05-27,2024-06-08,13,Denied,2024-11-20T03:34:56
1411,1857,Maternity,2025-07-04,2025-07-12,9,Pending,2025-02-09T00:14:55
1412,1257,Unpaid,2023-11-16,2023-11-23,8,Pending,2025-10-05T13:12:51
1413,532,Unpaid,2025-08-04,2025-08-16,13,Approved,2025-04-07T19:07:35
1414,1601,Unpaid,2024-10-04,2024-10-15,12,Denied,2025-02-15T10:26:38
1415,1003,Paternity,2024-08-05,2024-08-07,3,Denied,2024-05-28T22:37:37
1416,595,Paternity,2024-12-18,2024-12-31,14,Pending,2024-10-10T11:04:19
1417,1258,Unpaid,2024-10-08,2024-10-11,4,Pending,2025-02-01T15:28:41
1418,1564,Paternity,2025-04-30,2025-05-08,9,Pending,2025-09-10T16:55:40
1419,798,Sick,2025-02-13,2025-02-26,14,Approved,2025-10-11T06:39:38
1420,495,Unpaid,2024-02-12,2024-02-25,14,Pending,2025-11-01T12:59:19
1421,1873,Sick,2024-03-14,2024-03-23,10,Pending,2025-03-05T08:08:16
1422,1602,Sick,2024-03-02,2024-03-03,2,Pending,2025-09-21T03:48:08
1423,988,Paternity,2025-06-19,2025-07-03,15,Denied,2024-02-12T10:21:10
1424,485,Unpaid,2024-03-04,2024-03-06,3,Pending,2025-01-07T13:19:24
1425,1501,Annual,2024-09-29,2024-10-06,8,Approved,2025-04-02T04:33:06
1426,1310,Sick,2024-06-17,2024-06-22,6,Denied,2024-12-19T06:06:09
1427,1106,Sick,2024-04-02,2024-04-10,9,Pending,2025-08-12T14:08:40
1428,1867,Annual,2024-05-05,2024-05-08,4,Approved,2024-01-24T21:24:50
1429,116,Unpaid,2025-06-05,2025-06-17,13,Pending,2024-03-10T12:12:26
1430,1279,Annual,2023-11-16,2023-11-20,5,Denied,2024-11-10T23:12:39
1431,1381,Annual,2024-01-13,2024-01-16,4,Approved,2024-01-18T08:51:41
1432,1993,Maternity,2024-11-30,2024-12-14,15,Denied,2025-07-30T15:43:25
1433,597,Maternity,2025-10-31,2025-11-14,15,Approved,2025-07-18T04:37:44
1434,1352,Maternity,2024-07-23,2024-08-04,13,Denied,2025-08-05T20:40:10
1435,1983,Maternity,2024-06-25,2024-06-30,6,Approved,2023-12-27T02:37:15
1436,1940,Paternity,2025-05-25,2025-05-28,4,Denied,2025-10-10T19:50:17
1437,1872,Unpaid,2024-04-07,2024-04-15,9,Pending,2025-01-31T18:27:18
1438,595,Paternity,2025-07-12,2025-07-17,6,Denied,2023-12-26T06:45:47
1439,1493,Paternity,2025-04-15,2025-04-26,12,Pending,2025-04-20T18:21:39
1440,934,Sick,2024-11-06,2024-11-11,6,Approved,2024-03-23T12:36:45
1441,1896,Unpaid,2024-01-09,2024-01-16,8,Approved,2025-09-08T18:03:34
1442,921,Unpaid,2024-11-04,2024-11-14,11,Denied,2024-12-15T23:50:32
1443,535,Sick,2025-03-28,2025-03-31,4,Denied,2025-02-26T07:14:51
1444,1581,Sick,2024-03-07,2024-03-14,8,Pending,2024-08-01T10:29:08
1445,968,Unpaid,2024-07-05,2024-07-12,8,Denied,2025-05-06T23:17:35
1446,1779,Annual,2025-06-05,2025-06-08,4,Approved,2025-02-10T15:04:03
1447,770,Unpaid,2024-01-06,2024-01-08,3,Pending,2025-11-01T17:47:25
1448,650,Unpaid,2025-06-01,2025-06-13,13,Pending,2024-06-10T22:58:56
1449,1868,Unpaid,2025-06-26,2025-06-27,2,Approved,2024-12-03T18:44:38
1450,1061,Paternity,2024-03-18,2024-04-01,15,Denied,2024-05-18T15:06:47
1451,60,Sick,2025-07-11,2025-07-21,11,Pending,2024-12-02T12:17:57
1452,1025,Annual,2025-08-14,2025-08-16,3,Pending,2024-08-02T11:36:36
1453,1931,Paternity,2024-03-03,2024-03-06,4,Pending,2025-01-09T16:58:25
1454,648,Unpaid,2025-06-26,2025-07-09,14,Pending,2023-11-14T13:23:25
1455,749,Paternity,2024-01-02,2024-01-09,8,Pending,2023-11-09T00:59:31
1456,69,Paternity,2024-08-04,2024-08-07,4,Pending,2025-02-26T10:14:16
1457,350,Maternity,2024-07-01,2024-07-13,13,Denied,2025-10-12T20:33:47
1458,210,Annual,2025-10-29,2025-11-08,11,Pending,2025-04-26T12:26:54
1459,650,Annual,2023-12-03,2023-12-10,8,Denied,2024-07-22T13:06:23
1460,1772,Maternity,2025-09-26,2025-10-01,6,Pending,2025-06-30T03:54:55
1461,998,Annual,2025-10-27,2025-11-07,12,Denied,2023-11-13T05:07:13
1462,377,Maternity,2024-06-22,2024-07-01,10,Pending,2024-02-24T20:07:11
1463,1483,Annual,2024-01-08,2024-01-10,3,Approved,2024-09-15T14:44:05
1464,1815,Annual,2024-01-06,2024-01-18,13,Pending,2025-04-20T15:47:09
1465,89,Annual,2023-11-05,2023-11-10,6,Pending,2024-12-03T10:24:09
1466,96,Sick,2023-12-24,2024-01-03,11,Denied,2025-10-09T04:00:04
1467,321,Sick,2025-04-22,2025-05-01,10,Pending,2024-11-03T16:55:34
1468,598,Unpaid,2025-05-02,2025-05-10,9,Approved,2025-03-24T06:22:58
1469,1349,Paternity,2024-02-21,2024-02-28,8,Denied,2023-12-12T20:31:33
1470,956,Annual,2024-07-08,2024-07-17,10,Pending,2024-12-19T05:20:11
1471,395,Paternity,2025-10-17,2025-10-19,3,Pending,2025-01-04T13:23:51
1472,1223,Maternity,2024-09-08,2024-09-20,13,Pending,2025-08-07T07:27:39
1473,1260,Annual,2025-09-22,2025-10-02,11,Approved,2025-10-25T16:34:14
1474,718,Annual,2024-06-10,2024-06-12,3,Approved,2025-09-06T02:29:53
1475,852,Unpaid,2024-09-11,2024-09-22,12,Approved,2024-02-15T13:53:15
1476,1087,Maternity,2024-05-30,2024-06-01,3,Denied,2025-02-28T14:57:53
1477,1338,Unpaid,2024-03-05,2024-03-07,3,Denied,2024-01-16T13:07:12
1478,780,Unpaid,2024-01-26,2024-02-03,9,Denied,2025-10-07T08:29:35
1479,1758,Unpaid,2024-09-05,2024-09-07,3,Approved,2025-04-19T21:48:54
1480,1666,Sick,2025-01-26,2025-02-01,7,Denied,2025-10-15T01:37:04
1481,315,Unpaid,2024-01-01,2024-01-02,2,Denied,2025-01-12T13:45:50
1482,557,Paternity,2024-10-04,2024-10-14,11,Approved,2025-04-06T20:57:03
1483,512,Unpaid,2023-12-05,2023-12-18,14,Approved,2024-06-19T01:13:26
1484,187,Maternity,2024-08-25,2024-09-04,11,Pending,2024-05-07T11:14:21
1485,765,Unpaid,2025-09-29,2025-10-06,8,Approved,2023-11-23T17:36:41
1486,1544,Maternity,2024-08-15,2024-08-26,12,Denied,2025-04-28T11:41:10
1487,1652,Annual,2024-07-16,2024-07-26,11,Denied,2025-04-22T13:28:06
1488,517,Sick,2024-06-30,2024-07-01,2,Pending,2024-11-19T16:30:06
1489,1712,Maternity,2024-05-26,2024-06-03,9,Pending,2024-11-09T10:44:49
1490,1124,Unpaid,2024-09-27,2024-10-05,9,Denied,2024-05-24T02:14:08
1491,971,Annual,2023-12-10,2023-12-13,4,Approved,2025-10-25T08:09:41
1492,968,Maternity,2024-07-25,2024-08-07,14,Pending,2025-05-12T16:49:54
1493,264,Maternity,2024-02-05,2024-02-08,4,Denied,2024-03-30T13:44:36
1494,509,Sick,2025-04-20,2025-05-02,13,Denied,2024-06-05T09:12:28
1495,321,Annual,2025-07-26,2025-08-08,14,Approved,2025-04-17T14:14:59
1496,346,Maternity,2025-06-15,2025-06-21,7,Approved,2025-01-26T01:48:30
1497,1388,Unpaid,2024-04-11,2024-04-24,14,Approved,2025-10-14T13:00:22
1498,1904,Sick,2024-09-06,2024-09-12,7,Pending,2025-06-18T02:08:06
1499,1395,Paternity,2024-03-29,2024-03-30,2,Denied,2025-04-03T04:07:57
1500,650,Annual,2024-07-17,2024-07-26,10,Approved,2024-05-31T18:51:07
1501,515,Paternity,2024-05-21,2024-06-03,14,Approved,2025-03-26T12:57:28
1502,1980,Annual,2025-07-24,2025-08-01,9,Pending,2025-08-07T17:30:17
1503,1268,Paternity,2023-11-18,2023-11-25,8,Denied,2024-02-29T10:24:52
1504,994,Annual,2024-03-31,2024-04-09,10,Denied,2025-07-01T23:37:59
1505,23,Maternity,2025-06-20,2025-06-28,9,Pending,2023-11-29T14:28:47
1506,834,Unpaid,2025-08-25,2025-08-29,5,Pending,2024-09-26T02:36:27
1507,821,Annual,2025-04-15,2025-04-22,8,Approved,2023-11-04T11:09:27
1508,1546,Unpaid,2025-01-06,2025-01-14,9,Approved,2024-10-21T11:26:50
1509,27,Unpaid,2024-11-07,2024-11-17,11,Pending,2024-07-18T08:05:40
1510,941,Paternity,2025-06-02,2025-06-06,5,Denied,2024-04-20T10:57:52
1511,279,Unpaid,2024-05-30,2024-06-02,4,Denied,2024-06-10T21:32:14
1512,229,Paternity,2025-06-07,2025-06-15,9,Approved,2024-08-25T18:29:57
1513,1092,Annual,2024-01-27,2024-01-28,2,Approved,2025-10-30T17:26:01
1514,142,Maternity,2025-05-29,2025-06-03,6,Approved,2024-05-12T11:07:35
1515,514,Annual,2024-09-30,2024-10-01,2,Denied,2024-03-30T02:19:21
1516,164,Maternity,2025-02-26,2025-03-08,11,Approved,2024-03-22T19:04:24
1517,682,Maternity,2024-04-25,2024-04-26,2,Denied,2024-05-18T13:41:05
1518,1071,Unpaid,2024-08-02,2024-08-07,6,Approved,2025-04-05T09:45:53
1519,146,Maternity,2024-11-19,2024-11-30,12,Denied,2023-11-06T13:56:45
1520,368,Annual,2024-02-15,2024-02-28,14,Denied,2024-04-15T00:08:58
1521,459,Maternity,2025-05-02,2025-05-16,15,Denied,2025-04-07T11:57:59
1522,823,Annual,2025-04-12,2025-04-13,2,Pending,2024-10-28T18:08:09
1523,1716,Annual,2025-10-27,2025-11-06,11,Approved,2025-10-27T06:43:39
1524,1849,Sick,2023-12-19,2023-12-21,3,Denied,2025-10-05T18:50:51
1525,999,Maternity,2025-04-13,2025-04-26,14,Denied,2025-05-17T22:40:11
1526,1300,Annual,2024-05-08,2024-05-15,8,Approved,2025-04-29T23:09:28
1527,1274,Unpaid,2024-12-21,2024-12-25,5,Denied,2023-12-20T11:48:18
1528,95,Unpaid,2024-04-17,2024-04-23,7,Approved,2023-12-18T20:41:26
1529,803,Paternity,2024-07-05,2024-07-06,2,Pending,2024-06-16T09:42:29
1530,1354,Maternity,2025-02-19,2025-03-04,14,Pending,2024-09-13T10:16:27
1531,691,Sick,2025-03-28,2025-04-08,12,Approved,2025-10-30T08:56:49
1532,768,Annual,2024-06-24,2024-07-04,11,Pending,2025-08-31T07:22:01
1533,897,Paternity,2025-04-30,2025-05-03,4,Pending,2023-12-30T21:07:56
1534,1803,Unpaid,2024-07-28,2024-07-29,2,Denied,2025-05-02T01:42:49
1535,1688,Maternity,2025-05-26,2025-05-31,6,Approved,2025-08-18T22:33:48
1536,412,Sick,2024-06-16,2024-06-27,12,Approved,2023-12-24T12:31:56
1537,916,Unpaid,2023-11-21,2023-12-02,12,Approved,2025-10-02T13:41:47
1538,213,Annual,2024-01-14,2024-01-27,14,Approved,2025-02-08T19:46:07
1539,688,Unpaid,2025-08-14,2025-08-15,2,Denied,2025-10-20T06:59:14
1540,1458,Unpaid,2024-08-04,2024-08-14,11,Approved,2025-05-23T19:44:58
1541,738,Unpaid,2025-09-18,2025-09-24,7,Approved,2024-03-07T21:33:49
1542,399,Unpaid,2025-04-06,2025-04-14,9,Denied,2025-03-02T07:26:33
1543,1366,Unpaid,2025-05-15,2025-05-23,9,Denied,2025-10-25T03:17:53
1544,1719,Paternity,2024-02-22,2024-02-24,3,Denied,2025-07-29T10:58:22
1545,859,Sick,2025-04-23,2025-05-02,10,Denied,2024-06-22T03:07:11
1546,829,Sick,2025-08-28,2025-09-03,7,Pending,2025-01-14T03:35:49
1547,1177,Unpaid,2025-07-20,2025-07-29,10,Denied,2025-04-10T19:19:10
1548,913,Maternity,2024-06-24,2024-06-29,6,Denied,2024-08-28T01:03:11
1549,973,Annual,2025-03-02,2025-03-06,5,Pending,2024-06-21T01:14:25
1550,973,Paternity,2023-12-30,2024-01-10,12,Denied,2025-10-25T21:04:43
1551,1567,Maternity,2024-11-22,2024-11-28,7,Approved,2024-11-03T17:05:37
1552,945,Paternity,2025-04-18,2025-04-23,6,Denied,2025-07-06T08:53:00
1553,947,Paternity,2025-02-08,2025-02-09,2,Pending,2024-01-25T00:02:19
1554,1067,Maternity,2023-11-08,2023-11-21,14,Denied,2024-10-08T10:19:52
1555,695,Unpaid,2025-05-04,2025-05-13,10,Denied,2024-12-16T00:08:22
1556,391,Unpaid,2025-05-20,2025-05-25,6,Approved,2025-01-10T13:05:58
1557,1766,Maternity,2025-05-24,2025-05-31,8,Denied,2023-12-08T03:27:46
1558,475,Paternity,2024-07-24,2024-07-27,4,Denied,2024-03-07T19:34:38
1559,748,Sick,2025-10-02,2025-10-07,6,Pending,2024-08-19T23:58:00
1560,1487,Maternity,2025-05-01,2025-05-15,15,Approved,2024-05-13T23:51:27
1561,746,Paternity,2025-07-25,2025-07-28,4,Approved,2024-07-24T03:38:10
1562,105,Maternity,2025-02-14,2025-02-16,3,Approved,2024-08-21T04:37:49
1563,332,Paternity,2024-11-26,2024-12-03,8,Denied,2023-12-23T00:29:41
1564,1157,Sick,2024-04-09,2024-04-18,10,Denied,2025-08-11T05:31:58
1565,117,Maternity,2025-05-09,2025-05-23,15,Pending,2025-05-29T15:51:32
1566,923,Unpaid,2024-09-09,2024-09-22,14,Pending,2024-10-09T02:03:13
1567,55,Unpaid,2024-09-18,2024-09-19,2,Approved,2025-09-10T21:01:47
1568,522,Annual,2025-05-11,2025-05-18,8,Pending,2024-11-07T11:47:30
1569,866,Maternity,2025-06-18,2025-06-30,13,Denied,2025-07-24T16:37:10
1570,1897,Sick,2024-10-20,2024-10-27,8,Approved,2025-08-20T00:44:03
1571,1998,Paternity,2024-09-20,2024-10-01,12,Denied,2025-08-25T01:44:45
1572,633,Annual,2025-09-20,2025-09-30,11,Pending,2024-05-22T12:45:48
1573,489,Maternity,2024-06-27,2024-07-05,9,Approved,2025-09-21T00:11:45
1574,1423,Unpaid,2025-01-02,2025-01-16,15,Pending,2025-07-09T23:23:29
1575,1056,Annual,2025-05-25,2025-06-03,10,Denied,2025-07-21T04:13:54
1576,1643,Annual,2024-09-13,2024-09-17,5,Denied,2024-03-08T18:58:21
1577,183,Unpaid,2024-12-30,2025-01-04,6,Pending,2025-04-14T23:49:33
1578,1333,Maternity,2024-12-30,2025-01-02,4,Approved,2024-12-27T07:33:29
1579,1047,Unpaid,2025-09-23,2025-09-29,7,Denied,2025-07-19T11:50:19
1580,338,Annual,2024-01-19,2024-01-28,10,Denied,2024-10-30T09:10:31
1581,17,Paternity,2025-02-25,2025-03-10,14,Approved,2024-07-29T04:19:32
1582,891,Annual,2025-06-05,2025-06-11,7,Approved,2025-03-07T08:02:08
1583,1024,Paternity,2024-11-27,2024-12-07,11,Denied,2024-07-27T08:11:49
1584,1575,Sick,2025-10-18,2025-10-20,3,Denied,2025-07-06T04:05:46
1585,44,Annual,2024-03-17,2024-03-18,2,Denied,2024-04-13T11:06:07
1586,1911,Sick,2025-03-14,2025-03-16,3,Pending,2024-11-17T17:36:44
1587,41,Annual,2024-08-12,2024-08-16,5,Denied,2024-02-28T22:30:23
1588,857,Paternity,2025-05-08,2025-05-15,8,Pending,2025-08-16T03:07:59
1589,956,Sick,2024-04-30,2024-05-09,10,Denied,2024-05-09T06:50:36
1590,1470,Paternity,2024-03-27,2024-04-05,10,Approved,2025-02-20T16:57:54
1591,632,Unpaid,2025-03-30,2025-04-11,13,Denied,2025-04-17T21:15:43
1592,1189,Paternity,2024-06-30,2024-07-02,3,Pending,2024-06-05T09:09:03
1593,1953,Paternity,2024-07-18,2024-07-26,9,Approved,2024-04-21T18:47:17
1594,708,Annual,2025-09-03,2025-09-04,2,Denied,2025-10-17T13:29:02
1595,1248,Maternity,2025-06-29,2025-07-12,14,Pending,2023-12-14T08:44:36
1596,726,Sick,2024-03-15,2024-03-16,2,Pending,2024-11-23T15:01:26
1597,273,Unpaid,2024-07-01,2024-07-15,15,Pending,2025-01-22T10:15:21
1598,741,Maternity,2024-08-31,2024-09-04,5,Pending,2024-05-17T21:21:38
1599,935,Unpaid,2025-09-19,2025-09-25,7,Pending,2025-09-26T20:54:44
1600,2000,Sick,2024-06-01,2024-06-09,9,Denied,2025-05-26T08:37:49
1601,951,Paternity,2024-01-05,2024-01-19,15,Denied,2024-07-21T10:51:38
1602,808,Paternity,2025-05-01,2025-05-03,3,Pending,2023-12-20T12:30:34
1603,592,Unpaid,2025-02-22,2025-02-25,4,Pending,2025-01-27T20:07:33
1604,436,Sick,2025-01-09,2025-01-18,10,Pending,2025-01-31T16:53:14
1605,1680,Sick,2024-03-30,2024-04-10,12,Approved,2025-08-14T15:53:50
1606,1808,Sick,2025-10-13,2025-10-24,12,Pending,2024-10-01T10:01:29
1607,899,Maternity,2025-10-26,2025-11-03,9,Approved,2024-10-22T09:16:52
1608,812,Unpaid,2024-08-26,2024-08-27,2,Pending,2024-03-05T06:51:14
1609,607,Paternity,2025-08-06,2025-08-15,10,Approved,2025-09-26T11:27:10
1610,1177,Paternity,2025-07-01,2025-07-03,3,Denied,2024-09-05T23:21:06
1611,663,Paternity,2024-03-29,2024-03-30,2,Denied,2024-03-30T09:53:14
1612,1555,Annual,2024-01-28,2024-02-11,15,Pending,2024-01-05T23:21:24
1613,1902,Annual,2024-03-07,2024-03-10,4,Pending,2025-08-24T07:18:25
1614,237,Maternity,2025-10-24,2025-11-07,15,Denied,2024-06-17T22:25:36
1615,464,Unpaid,2025-02-18,2025-02-23,6,Approved,2025-05-10T14:24:14
1616,773,Sick,2023-12-23,2023-12-26,4,Approved,2024-12-22T01:29:44
1617,588,Sick,2024-08-22,2024-08-24,3,Denied,2024-05-13T02:46:18
1618,454,Maternity,2024-10-10,2024-10-18,9,Pending,2025-05-09T12:53:53
1619,611,Paternity,2024-04-28,2024-04-30,3,Approved,2025-06-13T14:57:35
1620,1150,Paternity,2024-12-24,2025-01-05,13,Denied,2024-08-05T14:48:33
1621,788,Unpaid,2024-06-23,2024-07-02,10,Denied,2024-12-14T22:38:18
1622,383,Unpaid,2025-05-07,2025-05-11,5,Denied,2024-02-11T09:06:24
1623,930,Annual,2024-04-22,2024-05-03,12,Denied,2024-07-11T18:36:12
1624,268,Unpaid,2024-02-20,2024-02-28,9,Approved,2025-08-25T05:24:39
1625,66,Unpaid,2024-08-21,2024-08-24,4,Approved,2024-01-12T17:37:19
1626,1425,Paternity,2024-05-08,2024-05-18,11,Pending,2024-08-07T10:43:57
1627,1817,Maternity,2024-07-15,2024-07-21,7,Approved,2024-04-19T17:58:47
1628,1343,Sick,2025-02-08,2025-02-19,12,Pending,2025-01-26T06:47:20
1629,290,Unpaid,2025-10-07,2025-10-09,3,Denied,2024-04-22T23:30:13
1630,1644,Sick,2024-03-22,2024-04-01,11,Approved,2024-09-19T11:06:10
1631,1894,Unpaid,2025-01-18,2025-01-29,12,Denied,2025-07-29T08:39:24
1632,1208,Annual,2024-03-17,2024-03-23,7,Approved,2024-10-13T23:16:03
1633,392,Unpaid,2024-06-18,2024-06-24,7,Approved,2025-06-17T03:17:51
1634,485,Sick,2024-04-08,2024-04-09,2,Denied,2024-07-18T19:40:28
1635,794,Maternity,2025-10-24,2025-10-30,7,Denied,2024-02-27T22:47:38
1636,1496,Sick,2024-11-03,2024-11-11,9,Approved,2024-05-05T04:37:17
1637,1622,Maternity,2025-05-21,2025-05-31,11,Approved,2025-03-13T08:57:01
1638,739,Unpaid,2023-12-27,2024-01-07,12,Denied,2025-09-10T22:13:54
1639,206,Maternity,2025-06-11,2025-06-16,6,Pending,2024-03-31T16:23:41
1640,1579,Sick,2025-05-11,2025-05-13,3,Pending,2023-12-12T20:00:56
1641,77,Annual,2024-11-29,2024-12-10,12,Denied,2024-11-06T11:49:56
1642,1117,Paternity,2025-10-01,2025-10-12,12,Pending,2025-06-27T15:18:52
1643,1294,Sick,2024-10-06,2024-10-14,9,Pending,2025-06-07T03:46:03
1644,1715,Paternity,2025-01-14,2025-01-26,13,Pending,2024-08-16T13:17:30
1645,1737,Annual,2025-05-10,2025-05-15,6,Pending,2025-03-17T07:09:06
1646,290,Sick,2025-08-19,2025-08-21,3,Pending,2025-04-11T23:34:21
1647,587,Unpaid,2023-11-06,2023-11-13,8,Approved,2023-12-20T18:14:36
1648,1247,Maternity,2024-09-18,2024-09-26,9,Pending,2025-10-24T03:16:40
1649,166,Sick,2024-09-18,2024-09-19,2,Denied,2024-06-05T01:01:40
1650,583,Paternity,2024-06-17,2024-06-26,10,Approved,2024-10-09T20:08:40
1651,614,Maternity,2024-10-11,2024-10-14,4,Denied,2024-10-18T12:34:37
1652,1929,Paternity,2023-11-02,2023-11-08,7,Denied,2024-08-26T19:33:54
1653,1060,Annual,2024-06-18,2024-06-25,8,Pending,2025-09-08T23:53:04
1654,339,Sick,2024-10-29,2024-11-08,11,Denied,2024-12-09T14:21:49
1655,1318,Maternity,2024-02-05,2024-02-11,7,Approved,2024-09-09T05:47:47
1656,1652,Paternity,2024-02-05,2024-02-07,3,Pending,2025-01-21T22:35:43
1657,37,Paternity,2025-03-31,2025-04-06,7,Approved,2024-08-01T11:27:03
1658,440,Annual,2025-07-26,2025-08-05,11,Denied,2025-08-15T07:41:14
1659,444,Paternity,2025-05-12,2025-05-24,13,Denied,2024-10-07T21:24:41
1660,1711,Paternity,2024-05-28,2024-05-29,2,Pending,2025-05-31T09:21:54
1661,1707,Maternity,2025-07-18,2025-07-25,8,Denied,2024-01-23T03:08:07
1662,1058,Paternity,2024-05-28,2024-06-08,12,Pending,2025-10-03T13:03:36
1663,1465,Maternity,2024-08-08,2024-08-12,5,Denied,2023-12-01T08:59:21
1664,1973,Annual,2024-01-17,2024-01-30,14,Denied,2024-11-25T09:42:07
1665,1296,Maternity,2025-04-24,2025-05-04,11,Pending,2023-11-08T14:14:02
1666,947,Annual,2025-01-15,2025-01-21,7,Pending,2025-01-02T02:02:15
1667,623,Paternity,2024-01-22,2024-01-30,9,Pending,2024-05-01T01:03:40
1668,82,Unpaid,2024-12-29,2025-01-03,6,Pending,2024-09-16T06:46:31
1669,1429,Paternity,2024-02-28,2024-02-29,2,Approved,2025-08-15T20:51:41
1670,266,Annual,2025-04-29,2025-05-07,9,Pending,2025-01-14T12:07:37
1671,742,Annual,2024-09-17,2024-09-23,7,Denied,2025-04-23T13:25:05
1672,323,Maternity,2025-03-06,2025-03-14,9,Pending,2024-06-23T21:16:54
1673,1144,Annual,2025-02-03,2025-02-07,5,Denied,2024-12-07T13:15:02
1674,1678,Annual,2024-11-10,2024-11-17,8,Pending,2025-01-04T05:53:58
1675,691,Paternity,2024-12-25,2024-12-26,2,Pending,2025-07-01T04:37:31
1676,623,Annual,2024-01-11,2024-01-20,10,Approved,2024-05-26T01:01:33
1677,483,Annual,2023-11-07,2023-11-19,13,Pending,2024-04-03T20:12:37
1678,1755,Sick,2024-05-04,2024-05-05,2,Approved,2025-08-02T08:35:44
1679,1835,Maternity,2024-02-26,2024-03-04,8,Approved,2024-11-30T06:38:55
1680,989,Sick,2025-02-16,2025-02-22,7,Pending,2024-10-31T02:30:39
1681,1086,Unpaid,2025-06-01,2025-06-02,2,Approved,2024-09-28T23:53:55
1682,1515,Sick,2023-11-02,2023-11-07,6,Denied,2025-10-29T05:36:18
1683,646,Annual,2024-02-19,2024-03-02,13,Pending,2025-02-22T13:21:54
1684,435,Paternity,2025-02-13,2025-02-23,11,Pending,2024-03-12T16:23:10
1685,1731,Sick,2024-03-03,2024-03-04,2,Denied,2024-04-25T08:35:04
1686,1908,Maternity,2025-07-26,2025-07-27,2,Approved,2024-12-06T17:05:32
1687,444,Sick,2025-03-09,2025-03-13,5,Approved,2024-10-25T17:28:50
1688,1564,Unpaid,2024-03-15,2024-03-16,2,Denied,2024-06-11T10:11:59
1689,110,Unpaid,2024-04-06,2024-04-20,15,Denied,2024-06-25T04:23:40
1690,1833,Annual,2025-06-16,2025-06-29,14,Approved,2024-04-29T05:54:53
1691,85,Unpaid,2024-03-17,2024-03-28,12,Approved,2024-07-10T17:06:42
1692,1428,Sick,2023-12-05,2023-12-06,2,Denied,2024-03-24T09:32:21
1693,1084,Paternity,2025-04-26,2025-05-04,9,Denied,2024-02-10T22:05:02
1694,598,Unpaid,2024-02-29,2024-03-11,12,Approved,2025-01-21T07:30:54
1695,766,Unpaid,2025-07-24,2025-07-30,7,Denied,2025-01-13T14:55:39
1696,621,Annual,2024-02-14,2024-02-17,4,Approved,2025-01-19T03:34:17
1697,380,Paternity,2024-06-12,2024-06-26,15,Approved,2024-12-18T07:08:00
1698,800,Maternity,2025-07-31,2025-08-09,10,Approved,2023-12-29T22:52:35
1699,688,Paternity,2024-01-26,2024-02-01,7,Approved,2025-08-27T12:50:06
1700,639,Unpaid,2025-07-09,2025-07-12,4,Pending,2025-03-13T20:49:27
1701,1013,Maternity,2024-11-19,2024-11-27,9,Pending,2025-05-30T07:05:58
1702,178,Annual,2025-04-05,2025-04-15,11,Pending,2025-09-19T12:27:51
1703,1647,Annual,2024-06-05,2024-06-11,7,Denied,2024-10-01T00:18:47
1704,836,Paternity,2024-05-21,2024-06-04,15,Approved,2023-11-06T20:11:41
1705,1249,Annual,2025-05-21,2025-05-26,6,Pending,2025-09-05T02:06:57
1706,1563,Annual,2023-11-11,2023-11-25,15,Pending,2024-03-15T11:07:38
1707,870,Sick,2025-02-17,2025-02-24,8,Denied,2024-04-03T21:56:45
1708,1968,Annual,2024-01-30,2024-02-05,7,Pending,2025-02-10T09:57:32
1709,1043,Sick,2023-12-27,2024-01-09,14,Approved,2025-05-31T09:59:06
1710,1248,Paternity,2024-02-12,2024-02-21,10,Pending,2025-02-02T07:49:13
1711,1412,Annual,2023-12-21,2023-12-26,6,Denied,2025-09-23T18:04:37
1712,45,Annual,2023-11-14,2023-11-26,13,Denied,2023-12-02T00:40:27
1713,652,Paternity,2024-09-18,2024-09-26,9,Approved,2025-03-28T02:35:13
1714,1276,Sick,2024-06-09,2024-06-13,5,Pending,2025-05-07T03:47:21
1715,520,Maternity,2024-12-12,2024-12-13,2,Denied,2024-08-03T05:21:57
1716,503,Paternity,2023-12-29,2024-01-07,10,Denied,2024-08-03T01:22:01
1717,1977,Paternity,2024-03-01,2024-03-05,5,Pending,2025-10-25T06:10:26
1718,1546,Sick,2025-03-26,2025-03-30,5,Approved,2024-06-24T07:33:15
1719,693,Maternity,2024-09-25,2024-10-06,12,Pending,2025-06-14T00:54:35
1720,447,Paternity,2024-01-09,2024-01-21,13,Pending,2024-11-08T21:51:17
1721,1294,Paternity,2024-01-23,2024-01-28,6,Approved,2024-07-10T03:27:58
1722,1332,Annual,2023-12-18,2023-12-25,8,Pending,2025-03-07T04:59:59
1723,1789,Paternity,2024-07-17,2024-07-30,14,Approved,2025-07-21T21:11:45
1724,2000,Maternity,2025-10-05,2025-10-14,10,Denied,2024-09-27T19:14:08
1725,293,Paternity,2023-11-05,2023-11-13,9,Approved,2025-02-25T11:59:34
1726,615,Paternity,2024-08-15,2024-08-28,14,Denied,2024-01-24T13:20:09
1727,1202,Maternity,2023-12-31,2024-01-02,3,Denied,2025-07-05T02:56:37
1728,1305,Unpaid,2025-01-12,2025-01-21,10,Approved,2024-07-04T08:17:43
1729,449,Sick,2024-12-31,2025-01-11,12,Denied,2024-07-09T20:38:30
1730,502,Paternity,2025-06-01,2025-06-13,13,Denied,2024-03-24T07:38:19
1731,1899,Unpaid,2025-05-26,2025-06-01,7,Pending,2024-05-24T16:31:44
1732,1884,Maternity,2025-07-02,2025-07-07,6,Denied,2025-10-25T11:59:18
1733,1770,Unpaid,2024-02-12,2024-02-15,4,Denied,2024-12-29T03:19:30
1734,1750,Annual,2024-02-03,2024-02-15,13,Approved,2024-01-21T06:44:34
1735,1090,Paternity,2024-04-12,2024-04-20,9,Pending,2025-01-05T18:23:24
1736,1279,Paternity,2023-12-24,2023-12-25,2,Approved,2024-04-21T08:23:08
1737,49,Paternity,2024-01-01,2024-01-07,7,Pending,2025-05-02T21:49:24
1738,204,Maternity,2024-12-28,2025-01-09,13,Approved,2025-10-04T14:21:02
1739,746,Sick,2025-04-11,2025-04-24,14,Pending,2025-08-14T12:38:09
1740,1012,Unpaid,2024-05-18,2024-05-23,6,Denied,2024-09-15T16:27:06
1741,1117,Unpaid,2024-11-10,2024-11-12,3,Denied,2025-09-10T06:01:51
1742,823,Unpaid,2025-06-20,2025-07-03,14,Approved,2025-03-24T13:41:03
1743,1814,Sick,2024-08-17,2024-08-19,3,Approved,2024-05-09T05:21:57
1744,1137,Unpaid,2025-01-22,2025-01-31,10,Pending,2023-11-20T08:30:34
1745,132,Sick,2024-07-19,2024-07-27,9,Denied,2025-03-11T15:40:10
1746,1030,Annual,2024-07-02,2024-07-10,9,Denied,2024-11-10T19:32:55
1747,935,Sick,2024-05-06,2024-05-07,2,Denied,2024-04-17T17:50:27
1748,382,Unpaid,2024-02-18,2024-02-25,8,Pending,2024-11-25T20:40:14
1749,1315,Maternity,2025-05-19,2025-05-21,3,Approved,2025-10-14T22:26:58
1750,346,Maternity,2024-03-26,2024-04-06,12,Pending,2025-05-20T05:05:24
1751,124,Sick,2025-09-10,2025-09-17,8,Approved,2023-12-22T22:39:33
1752,1309,Sick,2025-07-17,2025-07-19,3,Approved,2025-06-08T13:26:49
1753,1280,Paternity,2025-05-21,2025-06-03,14,Approved,2024-01-26T16:16:00
1754,1250,Maternity,2024-05-26,2024-05-27,2,Approved,2024-12-17T06:40:38
1755,506,Annual,2024-08-06,2024-08-12,7,Approved,2023-12-15T18:33:10
1756,1795,Annual,2025-01-10,2025-01-19,10,Denied,2024-08-24T09:26:27
1757,1922,Sick,2025-07-13,2025-07-26,14,Denied,2025-10-09T21:09:14
1758,1679,Paternity,2025-07-13,2025-07-18,6,Pending,2025-02-03T23:55:46
1759,1192,Sick,2024-10-18,2024-10-30,13,Denied,2024-01-22T19:38:37
1760,269,Annual,2024-05-20,2024-05-31,12,Pending,2024-02-12T17:48:55
1761,1018,Sick,2024-11-17,2024-11-29,13,Pending,2024-12-19T06:09:01
1762,1927,Paternity,2024-07-14,2024-07-28,15,Pending,2024-07-14T05:21:37
1763,259,Paternity,2025-05-20,2025-05-26,7,Approved,2024-09-09T05:53:35
1764,1277,Annual,2024-01-05,2024-01-19,15,Pending,2024-01-21T18:13:42
1765,1922,Annual,2024-01-22,2024-01-25,4,Pending,2024-05-22T18:30:25
1766,1653,Maternity,2025-05-31,2025-06-04,5,Denied,2025-01-13T14:34:56
1767,1256,Sick,2024-04-08,2024-04-18,11,Approved,2023-12-20T18:41:13
1768,840,Maternity,2025-10-24,2025-11-05,13,Pending,2025-02-06T18:05:58
1769,1988,Paternity,2024-04-14,2024-04-16,3,Pending,2024-12-14T00:26:20
1770,1588,Sick,2025-03-08,2025-03-10,3,Denied,2025-04-07T12:05:18
1771,1340,Paternity,2025-09-06,2025-09-11,6,Pending,2024-11-25T21:35:17
1772,1579,Sick,2025-07-05,2025-07-19,15,Pending,2024-10-01T05:08:00
1773,1076,Paternity,2024-10-31,2024-11-12,13,Denied,2023-11-13T09:08:54
1774,932,Sick,2025-08-02,2025-08-16,15,Denied,2025-06-04T08:52:41
1775,137,Unpaid,2024-06-18,2024-06-28,11,Approved,2024-10-14T13:53:59
1776,1095,Annual,2025-02-18,2025-03-04,15,Approved,2025-05-18T08:22:01
1777,41,Maternity,2024-08-31,2024-09-11,12,Approved,2023-11-08T13:41:02
1778,1889,Maternity,2024-01-20,2024-01-25,6,Denied,2024-11-05T15:13:18
1779,389,Unpaid,2025-02-11,2025-02-13,3,Pending,2024-10-08T04:41:34
1780,456,Annual,2024-03-12,2024-03-14,3,Approved,2025-07-14T17:01:16
1781,599,Sick,2024-11-20,2024-11-28,9,Denied,2024-05-06T14:00:33
1782,1189,Annual,2025-01-26,2025-02-03,9,Approved,2025-01-15T12:01:41
1783,1686,Annual,2025-07-21,2025-07-23,3,Approved,2025-01-07T01:01:13
1784,1334,Sick,2024-12-19,2025-01-02,15,Approved,2025-07-07T03:02:19
1785,570,Sick,2025-08-28,2025-09-09,13,Approved,2024-08-03T04:38:54
1786,1840,Paternity,2023-12-16,2023-12-30,15,Approved,2025-08-24T15:14:47
1787,1539,Sick,2025-09-27,2025-10-05,9,Denied,2025-08-23T09:49:41
1788,1140,Paternity,2024-10-11,2024-10-25,15,Denied,2024-04-26T09:40:57
1789,267,Unpaid,2025-02-09,2025-02-20,12,Approved,2024-08-11T15:12:04
1790,393,Unpaid,2025-10-28,2025-11-04,8,Denied,2024-03-28T16:34:47
1791,227,Sick,2025-10-07,2025-10-11,5,Approved,2024-12-24T20:38:45
1792,1798,Annual,2024-02-23,2024-02-29,7,Denied,2025-03-24T07:02:04
1793,577,Sick,2024-07-13,2024-07-22,10,Approved,2025-04-14T23:27:02
1794,1702,Sick,2025-06-22,2025-06-25,4,Approved,2025-07-16T18:08:24
1795,1566,Maternity,2023-12-29,2024-01-07,10,Denied,2024-03-14T09:06:33
1796,1811,Unpaid,2024-06-09,2024-06-15,7,Approved,2024-10-29T00:41:48
1797,675,Maternity,2023-12-16,2023-12-25,10,Pending,2024-06-08T22:27:25
1798,363,Annual,2024-11-03,2024-11-06,4,Approved,2025-10-29T19:01:55
1799,1475,Paternity,2024-02-20,2024-02-28,9,Denied,2025-05-08T08:42:17
1800,12,Sick,2025-04-13,2025-04-16,4,Denied,2024-02-02T11:53:27
1801,112,Paternity,2025-04-02,2025-04-09,8,Approved,2024-05-30T10:30:12
1802,260,Annual,2024-12-05,2024-12-11,7,Approved,2024-02-29T20:53:35
1803,1210,Maternity,2024-12-18,2024-12-22,5,Approved,2024-03-08T13:50:12
1804,1848,Maternity,2024-09-09,2024-09-14,6,Pending,2024-11-20T10:41:39
1805,1459,Unpaid,2024-05-22,2024-06-04,14,Pending,2024-01-12T06:52:08
1806,831,Paternity,2023-12-17,2023-12-25,9,Approved,2025-01-14T20:35:06
1807,1313,Sick,2025-10-26,2025-10-29,4,Denied,2025-04-09T05:26:59
1808,1709,Unpaid,2024-02-25,2024-02-26,2,Pending,2025-03-20T00:00:42
1809,31,Annual,2025-01-26,2025-02-02,8,Denied,2024-11-19T12:07:43
1810,567,Annual,2024-03-24,2024-03-29,6,Denied,2025-06-11T19:58:24
1811,1004,Sick,2024-03-30,2024-04-01,3,Denied,2024-12-22T03:56:56
1812,1373,Maternity,2024-11-26,2024-12-05,10,Pending,2024-05-14T00:58:32
1813,680,Maternity,2024-08-02,2024-08-10,9,Approved,2024-08-23T10:26:33
1814,380,Annual,2024-04-25,2024-05-08,14,Approved,2024-03-04T14:05:32
1815,489,Annual,2024-10-26,2024-11-01,7,Denied,2024-06-03T05:28:33
1816,529,Paternity,2024-05-31,2024-06-10,11,Pending,2024-11-25T11:19:13
1817,638,Paternity,2024-05-15,2024-05-24,10,Denied,2024-06-15T13:24:35
1818,1268,Annual,2024-02-24,2024-03-04,10,Pending,2024-04-04T12:32:06
1819,331,Annual,2023-12-24,2023-12-30,7,Approved,2024-09-26T12:23:18
1820,54,Annual,2025-03-02,2025-03-05,4,Approved,2024-03-22T13:45:02
1821,1914,Maternity,2024-02-02,2024-02-10,9,Denied,2025-01-12T19:50:54
1822,811,Unpaid,2025-09-22,2025-10-03,12,Pending,2025-01-25T07:07:11
1823,395,Unpaid,2025-01-03,2025-01-07,5,Approved,2024-03-16T11:03:50
1824,1008,Sick,2025-09-24,2025-10-08,15,Pending,2025-10-14T15:01:40
1825,1901,Sick,2025-05-19,2025-05-27,9,Approved,2023-11-26T06:23:21
1826,1082,Paternity,2024-05-19,2024-05-27,9,Denied,2023-12-05T07:11:22
1827,687,Annual,2024-08-14,2024-08-17,4,Pending,2024-11-16T01:51:20
1828,1616,Annual,2024-02-19,2024-02-21,3,Denied,2025-06-04T13:23:21
1829,1859,Sick,2024-11-08,2024-11-09,2,Denied,2024-07-17T12:11:23
1830,626,Annual,2023-11-20,2023-11-21,2,Pending,2024-02-12T01:24:09
1831,1356,Annual,2025-07-16,2025-07-21,6,Pending,2024-02-07T07:58:05
1832,385,Unpaid,2025-03-02,2025-03-06,5,Approved,2025-03-20T09:17:22
1833,1312,Unpaid,2024-01-23,2024-01-27,5,Approved,2025-04-15T01:29:57
1834,764,Annual,2025-03-07,2025-03-20,14,Approved,2025-06-12T07:32:06
1835,1712,Sick,2025-03-12,2025-03-13,2,Pending,2023-11-27T03:01:36
1836,199,Paternity,2025-10-30,2025-11-05,7,Pending,2024-07-20T14:14:58
1837,1113,Paternity,2024-06-15,2024-06-19,5,Approved,2025-03-01T03:12:04
1838,851,Maternity,2024-03-14,2024-03-24,11,Denied,2025-09-17T07:56:02
1839,1548,Paternity,2024-08-14,2024-08-18,5,Approved,2025-05-09T18:28:17
1840,1040,Unpaid,2024-09-26,2024-10-03,8,Approved,2024-11-11T05:58:48
1841,1263,Unpaid,2024-10-11,2024-10-13,3,Denied,2024-05-24T12:45:01
1842,983,Maternity,2024-08-22,2024-08-31,10,Denied,2023-11-06T17:41:28
1843,234,Annual,2025-05-11,2025-05-25,15,Denied,2024-08-11T13:55:01
1844,1318,Maternity,2024-05-28,2024-06-02,6,Approved,2025-10-25T13:10:33
1845,1487,Annual,2025-05-14,2025-05-20,7,Denied,2024-10-27T05:47:22
1846,331,Paternity,2024-11-09,2024-11-19,11,Approved,2024-06-07T09:44:07
1847,1019,Paternity,2025-08-12,2025-08-16,5,Approved,2025-03-19T15:51:59
1848,1191,Annual,2024-06-16,2024-06-21,6,Denied,2024-06-11T16:44:04
1849,429,Unpaid,2025-07-07,2025-07-09,3,Denied,2025-07-15T23:20:09
1850,1114,Paternity,2025-02-02,2025-02-11,10,Pending,2024-07-13T18:07:01
1851,815,Paternity,2025-01-27,2025-02-03,8,Pending,2023-12-05T20:32:28
1852,500,Maternity,2024-07-13,2024-07-27,15,Pending,2023-11-03T16:58:22
1853,1624,Sick,2024-02-06,2024-02-15,10,Denied,2025-03-10T11:21:33
1854,168,Maternity,2024-09-08,2024-09-10,3,Approved,2024-10-23T07:46:30
1855,1499,Paternity,2025-10-29,2025-10-31,3,Denied,2025-08-15T11:44:05
1856,353,Unpaid,2025-02-20,2025-02-25,6,Approved,2024-12-24T08:02:20
1857,935,Maternity,2025-01-06,2025-01-07,2,Denied,2024-01-09T09:00:24
1858,531,Unpaid,2024-06-15,2024-06-26,12,Pending,2024-06-20T18:37:20
1859,145,Maternity,2024-05-17,2024-05-28,12,Pending,2024-04-12T03:50:40
1860,1933,Paternity,2024-10-12,2024-10-26,15,Approved,2024-10-10T21:28:00
1861,1317,Paternity,2025-03-18,2025-03-23,6,Approved,2025-10-28T19:07:16
1862,724,Annual,2023-11-04,2023-11-06,3,Approved,2024-05-29T17:13:37
1863,989,Maternity,2023-12-18,2023-12-29,12,Denied,2023-12-19T22:18:28
1864,1826,Paternity,2025-02-08,2025-02-09,2,Approved,2025-09-23T15:42:29
1865,1646,Maternity,2024-11-06,2024-11-10,5,Pending,2024-10-13T14:54:05
1866,411,Annual,2023-12-02,2023-12-11,10,Approved,2024-09-25T02:34:36
1867,1917,Paternity,2024-01-08,2024-01-14,7,Pending,2023-12-17T09:23:45
1868,1683,Annual,2024-02-08,2024-02-18,11,Pending,2025-02-05T11:07:15
1869,619,Unpaid,2024-06-08,2024-06-19,12,Approved,2024-09-17T14:38:37
1870,865,Maternity,2024-09-07,2024-09-21,15,Pending,2024-12-28T21:10:46
1871,686,Unpaid,2025-02-24,2025-03-08,13,Pending,2025-10-08T04:40:02
1872,318,Annual,2024-07-29,2024-08-10,13,Pending,2025-04-09T06:27:47
1873,1217,Maternity,2025-01-12,2025-01-26,15,Approved,2024-06-16T04:11:29
1874,822,Maternity,2024-12-13,2024-12-14,2,Denied,2024-01-02T13:41:35
1875,875,Paternity,2025-01-19,2025-01-27,9,Denied,2024-05-12T21:15:18
1876,1678,Paternity,2024-10-14,2024-10-20,7,Pending,2025-04-14T16:07:55
1877,344,Unpaid,2025-01-30,2025-02-04,6,Denied,2023-12-16T10:21:18
1878,1400,Annual,2025-04-17,2025-04-21,5,Approved,2024-01-03T21:04:11
1879,529,Maternity,2024-10-17,2024-10-19,3,Approved,2024-12-16T02:52:40
1880,995,Unpaid,2025-04-23,2025-05-06,14,Approved,2023-11-13T15:47:17
1881,1191,Annual,2024-07-06,2024-07-18,13,Denied,2025-01-19T15:25:35
1882,1203,Maternity,2024-05-31,2024-06-03,4,Denied,2025-07-22T14:18:39
1883,338,Unpaid,2024-07-23,2024-08-06,15,Pending,2024-01-29T14:19:35
1884,1654,Unpaid,2024-01-28,2024-02-02,6,Pending,2024-11-16T23:17:51
1885,1896,Annual,2025-07-15,2025-07-23,9,Approved,2024-04-20T06:44:06
1886,1310,Annual,2025-08-17,2025-08-28,12,Denied,2024-10-21T22:07:31
1887,98,Annual,2025-03-15,2025-03-24,10,Pending,2024-03-18T17:38:31
1888,1558,Sick,2025-06-05,2025-06-17,13,Denied,2024-09-29T18:56:57
1889,801,Unpaid,2024-08-30,2024-09-11,13,Approved,2024-01-19T09:17:21
1890,917,Maternity,2024-08-24,2024-09-05,13,Approved,2025-10-26T03:40:13
1891,1595,Paternity,2025-01-04,2025-01-18,15,Denied,2023-12-10T03:19:48
1892,895,Unpaid,2024-05-30,2024-06-13,15,Approved,2024-01-01T10:31:58
1893,409,Sick,2023-11-04,2023-11-07,4,Approved,2023-12-11T16:09:12
1894,130,Sick,2025-06-29,2025-07-08,10,Pending,2025-02-09T16:35:27
1895,828,Maternity,2024-01-10,2024-01-20,11,Approved,2024-01-15T23:29:42
1896,1715,Unpaid,2025-04-25,2025-04-27,3,Pending,2025-11-02T09:05:23
1897,807,Unpaid,2024-01-25,2024-02-07,14,Approved,2024-02-25T12:52:16
1898,1930,Sick,2025-01-28,2025-02-08,12,Denied,2024-09-27T20:38:20
1899,1465,Paternity,2024-07-29,2024-08-11,14,Denied,2024-09-04T14:13:35
1900,117,Sick,2024-07-04,2024-07-16,13,Approved,2025-08-31T02:19:33
1901,468,Unpaid,2025-10-08,2025-10-20,13,Denied,2025-03-23T00:43:07
1902,1379,Maternity,2025-01-26,2025-02-03,9,Pending,2025-06-23T22:10:14
1903,719,Maternity,2025-01-31,2025-02-13,14,Pending,2023-12-17T07:22:29
1904,1184,Unpaid,2025-08-24,2025-08-26,3,Denied,2024-05-13T10:13:22
1905,1195,Unpaid,2024-12-07,2024-12-12,6,Denied,2025-02-16T06:46:40
1906,1297,Sick,2024-02-16,2024-02-22,7,Pending,2025-09-24T18:14:21
1907,1875,Maternity,2025-03-03,2025-03-11,9,Pending,2025-06-17T14:32:54
1908,800,Maternity,2024-07-11,2024-07-13,3,Pending,2024-06-08T02:13:14
1909,291,Maternity,2024-04-17,2024-04-25,9,Pending,2023-11-23T15:36:55
1910,608,Sick,2025-03-01,2025-03-07,7,Pending,2025-01-23T09:16:26
1911,1710,Unpaid,2025-02-14,2025-02-17,4,Denied,2024-02-06T22:28:05
1912,674,Unpaid,2024-03-14,2024-03-28,15,Denied,2025-06-21T11:02:15
1913,1318,Annual,2025-07-23,2025-08-05,14,Denied,2025-03-09T08:25:20
1914,943,Unpaid,2024-05-05,2024-05-06,2,Pending,2024-05-22T20:53:45
1915,102,Annual,2024-07-13,2024-07-25,13,Approved,2025-09-21T14:59:58
1916,928,Maternity,2024-01-23,2024-02-03,12,Pending,2025-07-17T14:30:18
1917,1861,Unpaid,2025-10-11,2025-10-13,3,Denied,2024-04-08T09:17:11
1918,239,Sick,2025-09-13,2025-09-14,2,Approved,2025-06-16T07:08:09
1919,1323,Unpaid,2025-04-23,2025-05-07,15,Pending,2025-03-15T20:29:42
1920,523,Sick,2025-07-06,2025-07-13,8,Pending,2025-10-05T20:05:01
1921,1821,Annual,2024-02-15,2024-02-29,15,Denied,2025-01-30T17:54:50
1922,1284,Maternity,2024-03-05,2024-03-11,7,Denied,2024-12-21T07:44:35
1923,1341,Unpaid,2025-08-27,2025-09-06,11,Denied,2023-11-07T14:07:37
1924,1633,Paternity,2025-10-15,2025-10-26,12,Pending,2024-10-05T06:31:51
1925,820,Annual,2025-06-28,2025-07-11,14,Pending,2024-08-24T17:33:05
1926,1336,Sick,2023-12-17,2023-12-23,7,Denied,2025-07-16T17:54:58
1927,147,Unpaid,2025-06-13,2025-06-14,2,Approved,2024-01-03T21:13:38
1928,896,Sick,2025-04-28,2025-05-06,9,Approved,2024-04-18T21:52:26
1929,1902,Annual,2025-05-24,2025-06-04,12,Denied,2023-11-03T12:17:51
1930,1185,Paternity,2025-03-03,2025-03-09,7,Denied,2024-04-01T23:33:55
1931,38,Maternity,2023-11-24,2023-11-28,5,Approved,2024-02-08T19:14:30
1932,1374,Paternity,2025-09-06,2025-09-07,2,Approved,2025-02-14T16:35:27
1933,307,Unpaid,2024-08-04,2024-08-16,13,Pending,2025-05-09T02:46:18
1934,456,Maternity,2025-01-12,2025-01-26,15,Denied,2024-07-01T11:22:01
1935,1738,Maternity,2024-04-25,2024-05-04,10,Denied,2024-02-28T08:31:19
1936,1030,Paternity,2023-11-13,2023-11-21,9,Denied,2024-11-15T09:50:42
1937,1358,Unpaid,2025-02-13,2025-02-15,3,Denied,2023-12-07T22:47:07
1938,1639,Maternity,2024-06-22,2024-06-29,8,Denied,2024-07-05T03:30:10
1939,1422,Sick,2024-08-09,2024-08-14,6,Pending,2024-03-11T18:32:18
1940,165,Annual,2024-07-27,2024-07-30,4,Approved,2024-12-11T00:41:09
1941,1167,Sick,2025-01-02,2025-01-09,8,Approved,2025-02-04T02:07:22
1942,1234,Annual,2024-12-22,2025-01-02,12,Approved,2024-12-03T20:05:53
1943,87,Paternity,2024-11-06,2024-11-18,13,Pending,2024-03-27T16:57:59
1944,950,Annual,2024-10-15,2024-10-18,4,Approved,2024-04-18T09:12:41
1945,286,Maternity,2024-09-03,2024-09-10,8,Denied,2025-06-25T03:37:36
1946,1974,Annual,2024-08-23,2024-09-05,14,Approved,2025-08-14T20:27:36
1947,183,Annual,2024-10-04,2024-10-06,3,Denied,2025-03-24T16:21:48
1948,1629,Paternity,2024-12-18,2024-12-27,10,Pending,2025-07-02T11:32:53
1949,1449,Paternity,2024-07-07,2024-07-13,7,Pending,2023-12-30T22:10:08
1950,1834,Paternity,2023-11-11,2023-11-25,15,Pending,2025-06-09T22:46:00
1951,1716,Unpaid,2024-02-16,2024-02-26,11,Approved,2024-01-21T07:39:00
1952,1019,Maternity,2024-07-11,2024-07-23,13,Approved,2024-12-18T12:36:06
1953,1032,Sick,2023-11-03,2023-11-11,9,Denied,2025-06-10T21:22:04
1954,1641,Unpaid,2025-02-13,2025-02-14,2,Approved,2025-03-08T05:41:39
1955,523,Sick,2023-11-03,2023-11-10,8,Approved,2025-08-15T00:08:37
1956,769,Unpaid,2024-01-24,2024-02-03,11,Approved,2025-07-06T00:22:51
1957,1054,Unpaid,2024-04-29,2024-05-03,5,Denied,2025-04-12T03:51:04
1958,722,Sick,2024-12-12,2024-12-19,8,Pending,2024-09-19T18:34:59
1959,891,Paternity,2025-01-19,2025-02-01,14,Denied,2024-01-06T13:46:47
1960,694,Paternity,2024-06-22,2024-07-01,10,Approved,2025-10-28T02:50:09
1961,1608,Unpaid,2025-04-21,2025-04-29,9,Denied,2024-11-13T13:40:13
1962,682,Annual,2025-01-11,2025-01-15,5,Approved,2024-11-10T21:05:23
1963,1266,Maternity,2025-10-16,2025-10-24,9,Pending,2024-06-06T15:17:02
1964,1256,Sick,2024-10-31,2024-11-04,5,Pending,2025-01-25T12:56:09
1965,1314,Sick,2025-06-07,2025-06-14,8,Denied,2024-04-07T06:15:48
1966,1169,Annual,2024-10-12,2024-10-22,11,Pending,2023-12-22T00:18:45
1967,775,Sick,2024-04-23,2024-05-05,13,Pending,2024-10-21T13:33:54
1968,1607,Paternity,2024-02-23,2024-03-03,10,Pending,2024-01-30T18:46:31
1969,1296,Paternity,2025-08-20,2025-08-26,7,Denied,2024-04-14T16:43:05
1970,1626,Annual,2025-09-18,2025-09-23,6,Denied,2024-02-23T22:09:43
1971,388,Paternity,2024-02-15,2024-02-29,15,Denied,2025-02-01T05:20:32
1972,409,Unpaid,2024-10-20,2024-10-28,9,Pending,2025-05-09T19:53:35
1973,1382,Paternity,2024-03-07,2024-03-11,5,Pending,2025-09-11T02:17:33
1974,958,Unpaid,2025-10-10,2025-10-12,3,Approved,2023-11-14T10:22:05
1975,660,Unpaid,2025-08-18,2025-08-27,10,Pending,2025-02-06T09:22:10
1976,935,Paternity,2024-04-16,2024-04-21,6,Pending,2023-12-31T01:38:17
1977,1414,Sick,2025-03-22,2025-03-25,4,Approved,2025-09-26T09:48:02
1978,1714,Maternity,2024-11-03,2024-11-10,8,Approved,2024-06-04T06:01:42
1979,669,Maternity,2024-06-30,2024-07-07,8,Approved,2024-02-03T15:28:13
1980,799,Paternity,2025-07-11,2025-07-15,5,Denied,2024-12-15T03:16:38
1981,1543,Paternity,2024-10-17,2024-10-21,5,Pending,2024-12-05T15:04:08
1982,1998,Unpaid,2024-11-06,2024-11-18,13,Denied,2024-08-10T07:05:33
1983,1547,Annual,2025-10-04,2025-10-06,3,Denied,2024-06-17T08:44:54
1984,293,Annual,2024-03-06,2024-03-19,14,Pending,2025-08-19T16:35:00
1985,432,Sick,2025-06-26,2025-07-10,15,Approved,2024-10-26T21:46:25
1986,1983,Annual,2024-07-14,2024-07-27,14,Pending,2024-05-21T18:16:37
1987,117,Paternity,2023-11-23,2023-11-27,5,Denied,2025-10-06T09:39:45
1988,1536,Unpaid,2024-11-10,2024-11-20,11,Pending,2024-05-24T00:32:57
1989,1851,Maternity,2025-06-02,2025-06-03,2,Denied,2024-05-28T02:19:08
1990,1101,Unpaid,2025-09-17,2025-09-25,9,Denied,2025-03-14T22:40:31
1991,1510,Paternity,2024-11-28,2024-12-02,5,Denied,2025-04-03T13:25:35
1992,95,Sick,2025-01-18,2025-01-31,14,Pending,2025-10-27T13:04:22
1993,475,Maternity,2025-11-01,2025-11-05,5,Approved,2025-07-10T11:47:29
1994,1708,Unpaid,2025-02-22,2025-03-06,13,Denied,2025-04-17T22:02:12
1995,446,Paternity,2024-02-13,2024-02-25,13,Denied,2024-09-23T02:39:04
1996,965,Maternity,2024-05-21,2024-06-02,13,Denied,2025-07-19T17:46:11
1997,15,Annual,2025-01-10,2025-01-12,3,Denied,2024-07-05T00:19:19
1998,266,Unpaid,2024-04-04,2024-04-14,11,Pending,2024-05-21T02:49:55
1999,1268,Sick,2025-03-20,2025-03-23,4,Pending,2023-12-06T01:21:22
2000,480,Paternity,2024-07-01,2024-07-05,5,Pending,2024-09-14T04:24:22
