id,employee_id,period_start,period_end,gross_pay,net_pay,paid,created_at
1,987,2024-09-01,2024-10-01,9320.93,4461.63,False,2023-07-25T23:18:12
2,1962,2023-01-31,2023-03-02,1439.15,6249.30,True,2024-11-24T17:12:27
3,396,2023-07-01,2023-07-31,9631.26,1043.16,False,2023-05-18T07:40:33
4,1176,2023-07-19,2023-08-18,9437.41,2472.25,True,2022-12-17T06:37:07
5,1314,2023-06-28,2023-07-28,3338.21,4905.44,False,2025-02-25T04:33:47
6,1802,2023-01-11,2023-02-10,1103.94,7969.80,True,2023-09-21T20:03:54
7,1760,2023-03-31,2023-04-30,4915.52,3683.05,True,2025-06-05T06:11:45
8,292,2023-05-24,2023-06-23,1569.32,585.59,True,2024-07-10T15:56:05
9,1610,2023-04-12,2023-05-12,911.70,4938.28,False,2024-05-14T18:26:52
10,631,2023-04-17,2023-05-17,6797.66,7417.12,False,2025-07-05T22:38:06
11,1819,2024-05-26,2024-06-25,8255.89,5148.42,False,2025-08-21T00:21:15
12,116,2022-11-04,2022-12-04,7800.27,3594.42,True,2024-05-15T01:03:03
13,1930,2022-11-26,2022-12-26,3593.08,5065.90,True,2024-05-06T04:05:49
14,1792,2023-09-26,2023-10-26,6671.82,4238.40,True,2025-04-06T06:22:20
15,1258,2024-07-26,2024-08-25,7151.68,3411.24,True,2024-08-03T16:00:26
16,1817,2023-05-28,2023-06-27,5211.45,8566.17,True,2023-06-09T12:32:50
17,350,2024-08-16,2024-09-15,7436.75,4655.74,True,2024-04-13T03:48:55
18,1452,2023-01-19,2023-02-18,8774.43,9093.13,False,2023-12-30T22:30:45
19,1384,2024-03-07,2024-04-06,8504.17,3901.68,True,2023-04-05T09:16:44
20,367,2023-01-18,2023-02-17,4254.61,5092.11,False,2024-12-05T09:09:07
21,650,2023-08-09,2023-09-08,2347.13,1098.07,False,2023-03-09T11:20:02
22,335,2024-09-02,2024-10-02,6849.17,7312.84,True,2023-08-31T12:04:53
23,1104,2023-03-03,2023-04-02,5173.99,8219.13,True,2024-05-11T20:12:44
24,911,2023-07-29,2023-08-28,3589.13,5883.59,True,2024-03-08T17:52:05
25,636,2023-01-17,2023-02-16,8680.60,3128.06,False,2025-02-27T18:39:02
26,1658,2024-05-13,2024-06-12,7938.49,1446.88,False,2022-12-23T21:33:15
27,1352,2023-10-08,2023-11-07,3066.58,9218.56,False,2023-11-15T12:17:21
28,361,2024-05-18,2024-06-17,6513.45,6489.10,False,2023-03-10T06:56:58
29,13,2023-11-25,2023-12-25,9675.62,9025.48,True,2023-02-17T04:41:31
30,1571,2023-07-18,2023-08-17,5185.04,8965.40,True,2024-02-19T11:18:36
31,1729,2024-09-06,2024-10-06,3870.10,8168.88,True,2025-07-07T19:01:40
32,1364,2023-05-15,2023-06-14,6543.58,5204.28,True,2023-02-02T12:59:48
33,1326,2024-10-18,2024-11-17,4724.64,3316.49,True,2025-07-07T19:21:29
34,1835,2024-02-04,2024-03-05,5645.55,3581.13,True,2023-01-17T17:35:27
35,1619,2023-06-28,2023-07-28,789.92,2142.57,False,2024-06-17T03:16:54
36,928,2023-01-30,2023-03-01,1740.51,572.37,False,2023-04-07T14:27:20
37,1186,2023-11-28,2023-12-28,1501.43,2928.19,False,2024-04-26T01:21:07
38,849,2023-07-31,2023-08-30,4581.52,8697.60,False,2025-07-17T10:52:37
39,1651,2023-12-07,2024-01-06,4323.03,4577.99,False,2024-10-05T10:39:56
40,1631,2023-02-26,2023-03-28,590.75,1239.43,False,2025-02-19T02:19:32
41,112,2024-08-05,2024-09-04,7305.61,2534.77,True,2025-01-18T06:49:49
42,1575,2022-11-06,2022-12-06,1271.18,9383.90,False,2024-10-13T22:49:15
43,1340,2023-10-12,2023-11-11,4034.37,4527.78,False,2024-04-11T10:12:22
44,946,2023-05-21,2023-06-20,4016.35,8081.83,False,2023-03-24T07:10:12
45,743,2023-12-15,2024-01-14,7587.47,8429.89,True,2024-11-11T12:43:44
46,1205,2022-11-09,2022-12-09,6607.40,4765.22,False,2022-12-27T10:22:26
47,172,2024-09-17,2024-10-17,7762.89,3471.82,False,2023-02-12T06:32:02
48,1065,2024-05-22,2024-06-21,3582.05,591.21,True,2025-02-17T05:12:08
49,495,2022-12-08,2023-01-07,2814.80,5968.82,False,2024-07-08T02:28:10
50,1826,2023-08-16,2023-09-15,8788.29,7322.89,True,2023-06-25T19:13:09
51,241,2023-09-08,2023-10-08,3450.88,4815.59,True,2024-07-21T08:04:26
52,1770,2022-12-20,2023-01-19,4472.55,1288.87,False,2025-01-01T00:11:58
53,1948,2024-01-19,2024-02-18,8414.40,2404.74,False,2022-12-18T15:02:22
54,451,2023-02-06,2023-03-08,8445.42,7593.73,False,2024-08-28T23:31:58
55,418,2023-09-23,2023-10-23,7872.28,8351.09,True,2024-12-09T06:40:34
56,1113,2024-03-28,2024-04-27,6165.90,9053.55,True,2023-03-14T12:26:46
57,1301,2023-08-01,2023-08-31,8964.15,4202.53,True,2024-04-12T03:39:30
58,128,2023-09-02,2023-10-02,9378.26,7708.08,False,2023-03-09T11:05:07
59,229,2023-05-29,2023-06-28,3840.36,911.12,True,2023-02-20T09:39:17
60,1759,2024-09-06,2024-10-06,8501.17,4329.66,True,2024-06-11T23:29:19
61,814,2023-05-26,2023-06-25,6237.06,2404.31,False,2024-04-16T22:27:37
62,119,2024-08-03,2024-09-02,3650.78,933.30,True,2024-12-12T19:57:55
63,245,2023-05-17,2023-06-16,4871.15,8042.66,False,2023-07-08T16:47:42
64,908,2023-07-10,2023-08-09,6283.42,6540.07,True,2024-11-02T16:33:46
65,1218,2023-01-13,2023-02-12,5964.93,2994.36,False,2024-11-27T06:34:24
66,67,2023-03-03,2023-04-02,5893.29,6059.55,True,2025-09-09T12:33:47
67,1126,2023-08-22,2023-09-21,4881.27,6004.58,True,2023-03-19T20:22:55
68,1768,2024-08-20,2024-09-19,1912.83,5906.28,True,2023-09-20T05:06:15
69,38,2023-05-29,2023-06-28,5374.60,7233.73,False,2024-12-19T22:41:55
70,1459,2024-08-07,2024-09-06,4956.37,8130.56,True,2025-06-23T00:25:16
71,525,2023-09-21,2023-10-21,7888.00,4542.95,False,2023-12-28T08:23:08
72,1088,2023-05-17,2023-06-16,7537.71,5294.81,False,2024-08-24T06:13:05
73,363,2022-12-31,2023-01-30,4746.42,2708.08,True,2023-10-26T18:42:55
74,1923,2024-04-19,2024-05-19,7112.24,511.11,True,2025-03-25T17:18:51
75,1168,2022-11-16,2022-12-16,7273.78,989.70,False,2024-12-08T07:17:51
76,528,2024-05-12,2024-06-11,5137.21,3429.84,False,2024-07-31T20:29:03
77,33,2024-04-24,2024-05-24,1598.78,9447.76,True,2024-01-15T09:18:20
78,788,2023-05-14,2023-06-13,4797.11,1777.63,True,2023-08-23T01:36:57
79,135,2024-06-10,2024-07-10,8435.25,3874.91,True,2022-11-06T13:50:08
80,568,2023-11-05,2023-12-05,668.75,1850.36,True,2023-05-05T23:05:31
81,1941,2023-04-08,2023-05-08,3290.87,7973.61,False,2025-01-12T01:51:31
82,1922,2024-07-17,2024-08-16,6286.70,7951.70,True,2023-03-20T00:04:43
83,1313,2023-07-30,2023-08-29,2779.77,1125.53,False,2024-06-21T10:11:47
84,115,2023-10-30,2023-11-29,5895.04,6497.98,True,2023-07-30T18:10:37
85,1360,2023-04-09,2023-05-09,8197.29,2371.20,True,2024-04-17T06:51:51
86,766,2024-09-26,2024-10-26,9110.03,4115.65,True,2025-08-12T01:43:59
87,961,2023-08-26,2023-09-25,9842.23,1180.71,True,2023-03-29T14:18:52
88,242,2024-05-24,2024-06-23,8878.87,7950.07,True,2025-05-12T07:41:10
89,747,2024-08-31,2024-09-30,1508.98,7016.84,True,2023-08-14T07:53:44
90,781,2023-07-22,2023-08-21,8167.92,7710.29,True,2025-07-17T00:19:20
91,565,2023-02-06,2023-03-08,9075.69,5806.69,False,2023-05-30T13:44:24
92,886,2024-08-01,2024-08-31,7469.77,2960.94,False,2025-06-07T22:13:44
93,123,2024-04-28,2024-05-28,7814.88,6609.42,True,2025-09-15T07:13:07
94,673,2023-10-21,2023-11-20,1433.29,7321.32,False,2023-01-13T23:13:30
95,1860,2024-04-07,2024-05-07,1979.28,5493.49,True,2024-08-01T05:10:37
96,1773,2023-11-20,2023-12-20,7181.57,9290.97,True,2023-06-18T00:18:24
97,889,2024-04-30,2024-05-30,8001.26,5267.64,True,2023-05-12T01:05:58
98,44,2024-09-29,2024-10-29,6424.49,8079.40,False,2024-10-23T08:07:55
99,1961,2024-06-25,2024-07-25,6942.49,6228.48,True,2023-01-12T23:32:21
100,1828,2023-10-31,2023-11-30,9632.90,3052.68,True,2024-06-28T05:57:29
101,879,2024-04-09,2024-05-09,9016.56,4282.43,False,2023-10-31T21:29:09
102,197,2023-11-18,2023-12-18,1476.85,7309.08,True,2023-11-13T08:25:15
103,1711,2022-12-28,2023-01-27,6288.55,1885.05,True,2024-10-29T03:57:35
104,839,2023-09-03,2023-10-03,8941.47,4665.99,True,2024-07-23T23:49:27
105,702,2024-04-04,2024-05-04,7533.60,7170.74,False,2024-08-20T13:07:47
106,1136,2023-07-22,2023-08-21,1958.98,9490.26,True,2024-05-27T16:23:40
107,523,2023-03-17,2023-04-16,6419.22,4764.54,False,2023-01-23T18:30:47
108,1438,2023-11-27,2023-12-27,5099.54,2992.33,True,2025-02-22T11:09:53
109,69,2023-04-11,2023-05-11,2689.49,2195.39,False,2023-08-10T07:45:20
110,133,2023-04-01,2023-05-01,7590.94,5131.32,False,2023-10-25T23:49:43
111,190,2023-08-25,2023-09-24,4749.57,5764.26,False,2023-04-13T23:54:37
112,365,2023-09-30,2023-10-30,7845.17,6644.96,False,2025-08-13T00:22:33
113,1298,2024-06-06,2024-07-06,9334.08,4216.04,True,2024-01-08T06:14:17
114,1250,2023-07-03,2023-08-02,3069.57,9183.92,False,2025-03-10T22:50:47
115,1770,2024-05-15,2024-06-14,5307.52,2328.00,False,2022-12-09T16:34:27
116,155,2023-07-28,2023-08-27,6191.30,744.88,True,2025-04-24T15:50:28
117,280,2024-02-13,2024-03-14,8678.35,7769.27,True,2023-07-27T15:09:01
118,435,2024-09-05,2024-10-05,2992.40,6067.15,True,2024-08-02T21:46:45
119,297,2023-07-06,2023-08-05,4709.13,7242.42,False,2023-08-25T10:27:45
120,113,2024-09-16,2024-10-16,5549.29,5653.02,True,2022-12-18T16:11:49
121,866,2024-04-05,2024-05-05,5308.46,2536.57,False,2024-05-20T08:39:29
122,1519,2023-04-26,2023-05-26,4021.94,2206.41,False,2024-07-10T20:12:50
123,525,2023-02-08,2023-03-10,5612.98,2054.70,True,2023-09-25T11:17:22
124,1071,2023-03-02,2023-04-01,6519.09,1466.42,False,2023-03-08T06:13:49
125,1328,2024-01-28,2024-02-27,8648.10,4743.32,False,2025-04-09T02:59:26
126,1595,2022-12-16,2023-01-15,1446.71,9187.14,True,2023-11-24T04:44:54
127,432,2023-06-13,2023-07-13,6414.36,7341.56,False,2022-12-13T04:21:29
128,755,2023-06-04,2023-07-04,8156.85,2660.61,True,2024-01-12T17:34:09
129,964,2024-06-07,2024-07-07,3935.35,4988.59,True,2025-09-11T10:34:17
130,1249,2024-03-02,2024-04-01,5202.23,1468.40,False,2025-05-04T05:57:25
131,1838,2023-02-03,2023-03-05,2084.93,3309.98,True,2024-01-28T17:34:29
132,302,2023-11-06,2023-12-06,3148.22,2685.15,True,2024-03-19T11:26:24
133,197,2023-06-07,2023-07-07,7518.25,5577.34,False,2023-03-07T02:10:24
134,1622,2024-08-30,2024-09-29,5973.00,4335.30,False,2023-12-02T21:05:21
135,340,2022-11-14,2022-12-14,5741.22,4866.57,True,2024-09-12T02:44:41
136,766,2023-05-31,2023-06-30,680.55,4224.88,False,2023-01-05T03:42:48
137,1755,2024-09-23,2024-10-23,7062.45,7418.80,True,2023-07-08T12:15:46
138,1830,2024-09-10,2024-10-10,3395.79,5118.57,False,2024-07-10T16:58:19
139,86,2023-03-25,2023-04-24,5020.63,6576.53,True,2024-09-03T00:59:07
140,1064,2023-07-17,2023-08-16,4100.90,3724.36,False,2024-06-23T22:02:08
141,1069,2024-08-11,2024-09-10,4686.51,2035.27,True,2024-07-02T06:58:35
142,1777,2022-11-02,2022-12-02,7459.14,4511.45,False,2023-11-22T22:37:31
143,1796,2022-11-08,2022-12-08,7650.43,6133.33,False,2024-10-04T16:22:07
144,1780,2023-08-18,2023-09-17,5313.08,4613.60,True,2022-12-09T11:51:17
145,780,2024-07-20,2024-08-19,684.96,950.44,False,2024-02-17T04:19:48
146,1103,2024-01-06,2024-02-05,1763.30,6555.59,False,2025-01-19T20:27:17
147,295,2022-11-11,2022-12-11,7679.46,8927.43,True,2023-01-06T20:06:56
148,1991,2023-06-19,2023-07-19,4383.30,4587.69,True,2023-09-26T01:30:59
149,131,2022-12-23,2023-01-22,1301.39,2201.49,True,2023-01-21T00:57:02
150,1303,2023-08-17,2023-09-16,9440.70,7200.11,True,2023-05-19T15:30:08
151,1712,2023-09-08,2023-10-08,3357.04,1268.63,False,2025-03-21T23:11:33
152,1920,2024-04-02,2024-05-02,9459.71,4738.87,False,2024-10-12T22:30:42
153,1551,2024-04-21,2024-05-21,4107.43,6751.47,False,2022-12-13T14:09:49
154,434,2023-10-01,2023-10-31,7493.05,1216.72,False,2025-06-04T20:51:42
155,1209,2022-12-23,2023-01-22,6084.58,4700.11,True,2025-07-01T23:26:50
156,1765,2024-04-27,2024-05-27,8183.49,9236.94,False,2024-01-18T21:49:03
157,509,2023-01-20,2023-02-19,5305.84,5310.58,True,2025-03-11T02:56:56
158,1635,2023-01-17,2023-02-16,2170.45,1765.32,True,2023-02-09T18:41:01
159,1350,2024-06-16,2024-07-16,8754.39,3952.15,False,2023-08-17T02:58:10
160,928,2023-01-09,2023-02-08,7035.36,3710.28,True,2025-06-08T03:34:03
161,1556,2024-04-10,2024-05-10,6629.00,7608.11,False,2022-11-12T12:15:08
162,553,2024-06-17,2024-07-17,8161.14,3422.79,True,2025-03-13T04:02:30
163,1283,2022-12-26,2023-01-25,3613.07,3889.39,True,2023-05-21T23:24:32
164,314,2023-07-15,2023-08-14,614.24,9178.80,True,2023-09-07T20:37:09
165,1608,2023-06-16,2023-07-16,3165.96,4111.41,False,2024-08-15T21:22:46
166,1386,2024-02-20,2024-03-21,3053.86,9341.45,False,2024-02-02T07:55:31
167,250,2024-01-10,2024-02-09,2492.14,917.62,True,2024-04-09T19:56:14
168,1145,2023-12-20,2024-01-19,6938.88,8978.11,True,2022-11-18T20:20:00
169,1876,2023-10-27,2023-11-26,7424.48,5589.74,True,2025-10-07T13:39:19
170,1240,2022-12-25,2023-01-24,6188.83,3492.81,True,2023-09-10T15:40:28
171,1948,2023-08-21,2023-09-20,4151.18,8125.09,True,2025-05-13T13:12:06
172,1063,2023-01-27,2023-02-26,7344.20,6008.81,True,2024-05-31T15:39:57
173,781,2023-05-12,2023-06-11,1884.18,5698.15,False,2025-02-05T06:58:45
174,31,2023-09-28,2023-10-28,3408.22,2088.42,False,2025-01-18T12:54:19
175,1436,2023-10-28,2023-11-27,5205.97,7668.78,True,2023-06-18T14:31:38
176,503,2023-11-29,2023-12-29,4504.34,2134.92,True,2024-10-06T21:44:45
177,738,2023-03-14,2023-04-13,4077.74,3430.80,False,2023-02-25T17:20:14
178,1870,2023-01-19,2023-02-18,2173.97,6101.60,False,2024-05-28T20:42:48
179,1257,2023-10-03,2023-11-02,3350.78,1675.56,False,2024-12-05T11:14:48
180,345,2024-06-25,2024-07-25,5697.61,5371.32,True,2023-09-05T20:18:54
181,1388,2024-01-22,2024-02-21,9678.99,5390.69,False,2024-03-12T12:56:43
182,1562,2023-10-19,2023-11-18,795.00,1024.17,True,2024-11-08T17:57:26
183,943,2023-12-06,2024-01-05,1444.89,5822.14,True,2023-04-21T23:11:52
184,1873,2023-03-14,2023-04-13,9609.00,6806.31,True,2023-06-24T00:41:02
185,501,2023-05-15,2023-06-14,7909.59,4167.36,True,2023-04-06T15:19:37
186,1040,2023-02-10,2023-03-12,6676.46,9332.19,False,2024-05-08T19:24:28
187,535,2023-12-15,2024-01-14,7929.50,2875.16,False,2025-09-24T18:33:13
188,276,2023-03-02,2023-04-01,7905.93,8047.76,True,2024-04-02T23:00:11
189,884,2024-10-29,2024-11-28,8659.39,6897.01,False,2024-03-19T13:33:33
190,1016,2023-08-20,2023-09-19,8609.94,2332.97,True,2024-12-25T23:50:05
191,1589,2024-01-17,2024-02-16,9456.05,6907.44,True,2024-05-04T19:42:56
192,1401,2024-07-03,2024-08-02,9261.23,898.88,False,2023-11-02T16:18:15
193,478,2023-06-21,2023-07-21,5368.53,3103.05,True,2025-02-14T12:29:07
194,96,2023-02-03,2023-03-05,7825.82,9348.70,False,2025-07-22T23:46:26
195,675,2023-05-18,2023-06-17,9606.26,3819.78,False,2023-03-08T07:50:33
196,362,2023-10-08,2023-11-07,1613.83,1505.92,True,2023-06-06T06:32:04
197,135,2023-03-08,2023-04-07,8201.98,8118.88,False,2022-12-24T21:54:19
198,572,2023-05-10,2023-06-09,4895.20,5845.32,True,2024-05-27T06:21:18
199,215,2024-03-06,2024-04-05,1668.90,9177.17,False,2024-09-05T15:28:02
200,1268,2023-06-06,2023-07-06,7071.65,3213.44,True,2024-01-03T17:03:36
201,445,2024-09-09,2024-10-09,1043.99,6642.95,True,2023-07-19T06:08:58
202,273,2024-06-01,2024-07-01,1185.58,5203.20,False,2023-12-30T22:53:52
203,1611,2024-04-02,2024-05-02,7636.36,3206.62,True,2025-04-26T10:36:42
204,1780,2023-11-21,2023-12-21,1835.28,8189.74,True,2023-10-07T23:50:56
205,1788,2023-11-29,2023-12-29,1253.87,3288.93,True,2024-06-20T11:04:14
206,50,2024-04-16,2024-05-16,4437.80,621.19,False,2023-11-04T03:37:10
207,239,2024-06-08,2024-07-08,4120.02,1585.62,False,2023-04-18T06:15:34
208,343,2024-07-22,2024-08-21,8829.76,1213.82,True,2024-05-19T22:43:41
209,20,2023-01-24,2023-02-23,5960.55,2449.75,True,2022-11-22T07:16:56
210,39,2022-12-29,2023-01-28,9748.94,7912.90,False,2023-12-18T05:00:23
211,1233,2024-03-10,2024-04-09,6758.71,2045.94,False,2025-05-11T09:09:30
212,132,2023-05-04,2023-06-03,2642.27,8293.71,True,2024-04-17T11:55:53
213,320,2022-12-08,2023-01-07,2352.20,6336.32,True,2022-12-02T18:14:54
214,441,2024-01-05,2024-02-04,6793.79,9090.41,True,2025-02-22T23:27:49
215,62,2024-06-10,2024-07-10,8580.43,6339.33,True,2025-06-09T22:51:30
216,1706,2024-07-04,2024-08-03,6169.16,444.46,False,2023-07-23T20:36:22
217,795,2023-07-31,2023-08-30,6353.24,1149.52,True,2024-12-05T23:49:03
218,1672,2024-10-06,2024-11-05,4328.34,8914.61,False,2025-03-17T11:44:39
219,293,2023-07-16,2023-08-15,8997.59,1826.15,False,2023-02-03T23:09:57
220,747,2023-09-01,2023-10-01,961.37,6888.33,True,2023-09-10T09:17:36
221,889,2023-01-28,2023-02-27,7490.30,8554.02,False,2024-04-09T04:59:13
222,469,2023-05-06,2023-06-05,2789.29,2281.96,True,2025-07-04T15:22:04
223,230,2023-09-22,2023-10-22,9569.82,6863.34,False,2022-12-27T08:10:16
224,271,2024-10-03,2024-11-02,3591.86,1020.94,False,2023-11-21T01:03:43
225,1727,2024-06-18,2024-07-18,8418.61,2876.16,True,2023-01-13T16:24:59
226,994,2023-11-28,2023-12-28,2820.41,8394.22,False,2024-10-16T09:08:35
227,1364,2023-04-28,2023-05-28,1208.87,7035.93,False,2023-08-24T06:46:58
228,206,2023-09-29,2023-10-29,2465.93,6383.49,True,2023-10-24T23:49:45
229,1212,2023-05-13,2023-06-12,4260.16,2247.43,True,2024-04-07T10:32:12
230,601,2024-08-14,2024-09-13,9766.91,4747.61,True,2022-11-24T17:30:39
231,1307,2024-09-12,2024-10-12,8503.53,3475.51,False,2025-02-14T00:05:25
232,850,2023-02-04,2023-03-06,3705.62,2552.16,True,2024-01-18T03:20:00
233,456,2023-09-28,2023-10-28,8055.89,2450.12,False,2025-06-18T07:43:12
234,985,2023-09-05,2023-10-05,3140.53,2413.69,True,2024-04-19T21:23:40
235,1205,2023-07-09,2023-08-08,3540.80,4989.77,True,2023-12-12T02:48:49
236,57,2022-11-19,2022-12-19,8056.37,3115.84,False,2024-12-23T20:10:29
237,291,2023-01-27,2023-02-26,6975.81,4842.10,True,2024-01-10T11:07:07
238,190,2024-07-02,2024-08-01,7277.00,4317.77,True,2024-06-09T10:16:05
239,1328,2023-10-02,2023-11-01,1652.13,3961.09,True,2025-09-03T07:30:35
240,1977,2023-04-12,2023-05-12,8388.48,561.90,False,2023-11-05T17:54:51
241,1574,2023-02-08,2023-03-10,6514.69,9367.07,False,2023-04-19T05:14:16
242,1047,2024-10-09,2024-11-08,7307.79,7009.32,False,2024-11-07T00:23:46
243,796,2022-12-01,2022-12-31,8673.31,3016.93,True,2023-04-05T02:47:00
244,121,2023-04-17,2023-05-17,1427.96,1360.51,True,2023-03-06T18:02:21
245,288,2024-02-04,2024-03-05,2529.28,419.93,False,2025-10-04T22:11:23
246,713,2023-02-07,2023-03-09,1499.03,5152.95,True,2024-09-16T08:21:40
247,832,2023-12-26,2024-01-25,7569.23,8071.98,True,2023-01-01T13:49:59
248,1745,2024-04-12,2024-05-12,5122.74,3576.44,False,2024-06-01T23:22:00
249,1985,2022-12-10,2023-01-09,3763.68,8764.18,True,2025-02-17T12:56:46
250,799,2024-06-16,2024-07-16,8240.17,4599.44,False,2025-03-08T08:28:40
251,1644,2023-07-10,2023-08-09,698.53,4051.30,False,2025-02-10T01:44:45
252,1327,2024-02-15,2024-03-16,2015.15,1722.84,False,2023-11-18T07:17:35
253,402,2024-10-10,2024-11-09,7467.00,6532.20,False,2024-12-17T13:47:53
254,871,2023-09-27,2023-10-27,5610.35,7165.60,False,2024-04-26T02:37:00
255,1607,2023-08-29,2023-09-28,9589.73,492.44,True,2024-12-06T14:17:07
256,527,2024-09-29,2024-10-29,8530.51,9005.88,False,2023-05-11T07:00:24
257,165,2024-03-28,2024-04-27,8952.78,7938.48,False,2023-01-15T14:05:56
258,1604,2023-11-12,2023-12-12,6899.45,2470.09,False,2023-03-14T21:31:28
259,772,2023-01-22,2023-02-21,7644.77,1204.32,False,2023-11-09T16:10:35
260,1609,2024-02-29,2024-03-30,1855.23,9170.79,False,2025-08-11T06:18:37
261,236,2023-04-24,2023-05-24,7019.17,5696.59,False,2024-02-09T04:21:20
262,1921,2023-08-04,2023-09-03,3306.63,2382.73,False,2023-04-22T00:33:58
263,745,2024-03-25,2024-04-24,6014.45,3631.69,True,2025-07-21T05:28:35
264,102,2023-11-20,2023-12-20,1878.90,6016.63,True,2024-02-17T22:26:06
265,874,2024-07-11,2024-08-10,7329.54,3585.84,False,2024-09-16T03:55:57
266,401,2024-09-11,2024-10-11,9751.88,4265.00,False,2025-05-17T01:36:31
267,277,2024-10-07,2024-11-06,8208.78,6660.14,False,2023-10-31T04:29:19
268,417,2024-03-22,2024-04-21,4421.90,1244.81,True,2025-05-14T20:19:56
269,1159,2024-08-22,2024-09-21,5446.72,1851.33,False,2025-03-23T13:04:45
270,117,2024-01-14,2024-02-13,6627.29,1459.49,False,2023-04-26T08:30:26
271,1362,2023-12-16,2024-01-15,3322.71,774.96,True,2024-10-16T14:14:17
272,857,2023-08-24,2023-09-23,557.29,3089.97,False,2024-12-05T13:35:05
273,122,2022-11-24,2022-12-24,7951.35,516.06,True,2023-02-13T07:26:06
274,744,2022-12-02,2023-01-01,2113.10,3339.30,True,2024-07-31T09:50:12
275,1354,2023-03-16,2023-04-15,6754.98,2112.69,True,2024-09-18T06:11:09
276,922,2023-02-19,2023-03-21,4501.98,9444.99,True,2024-11-06T13:44:31
277,1859,2024-07-03,2024-08-02,5971.98,3122.43,True,2025-10-15T17:17:35
278,1008,2023-09-21,2023-10-21,4014.77,6578.60,True,2024-02-28T03:00:03
279,796,2023-05-10,2023-06-09,2849.58,9298.05,True,2023-12-24T19:44:52
280,719,2023-11-30,2023-12-30,7827.91,2840.27,True,2025-09-19T15:17:08
281,1134,2024-01-17,2024-02-16,1579.31,2110.15,True,2023-09-10T06:11:23
282,433,2023-10-03,2023-11-02,7673.85,5959.92,False,2023-11-02T22:29:33
283,1267,2023-03-02,2023-04-01,6490.55,1340.24,True,2023-10-07T12:22:18
284,1642,2024-04-28,2024-05-28,6057.91,6330.68,False,2023-02-20T12:09:01
285,889,2023-06-05,2023-07-05,9546.12,1643.22,True,2024-06-02T00:04:31
286,1601,2023-08-07,2023-09-06,8487.01,3883.19,False,2023-08-10T04:35:23
287,569,2023-03-14,2023-04-13,7348.10,8014.13,False,2025-02-14T04:21:04
288,771,2023-09-21,2023-10-21,2967.28,5450.53,False,2022-12-07T03:50:55
289,784,2023-04-21,2023-05-21,2110.94,8580.55,False,2025-02-21T15:25:26
290,1888,2024-08-03,2024-09-02,3853.42,7176.58,True,2024-04-24T06:54:24
291,1329,2024-02-11,2024-03-12,8735.85,8459.86,False,2024-09-25T17:53:58
292,508,2024-06-04,2024-07-04,8045.80,7936.38,True,2023-12-11T19:26:06
293,730,2024-05-12,2024-06-11,4950.82,542.08,True,2025-06-29T06:49:33
294,1054,2023-10-01,2023-10-31,4603.33,475.39,False,2025-08-26T00:33:29
295,1288,2023-03-27,2023-04-26,3681.99,7977.42,False,2023-11-30T12:27:08
296,489,2024-03-29,2024-04-28,5522.77,8210.73,False,2023-07-27T23:24:28
297,1400,2023-12-21,2024-01-20,3668.85,501.98,True,2024-05-03T13:23:21
298,1923,2023-06-09,2023-07-09,9292.24,8308.12,False,2022-12-20T01:23:20
299,691,2024-09-01,2024-10-01,8412.37,1472.17,True,2022-12-13T18:46:25
300,1764,2023-09-02,2023-10-02,8472.53,7604.07,True,2024-12-27T22:55:32
301,1596,2024-09-10,2024-10-10,3814.45,5223.76,True,2024-07-17T23:20:04
302,1658,2024-09-07,2024-10-07,6244.93,9496.82,True,2024-06-18T12:03:28
303,1742,2024-07-17,2024-08-16,8678.26,2172.33,False,2023-03-12T14:40:50
304,1002,2023-12-14,2024-01-13,2583.48,536.23,True,2024-01-24T02:50:33
305,1663,2023-11-26,2023-12-26,1004.28,5514.31,False,2025-10-19T02:59:00
306,39,2023-08-31,2023-09-30,1493.73,4319.97,False,2023-10-25T17:48:15
307,951,2024-03-27,2024-04-26,8021.60,5791.48,True,2023-12-11T04:24:52
308,1192,2024-01-27,2024-02-26,8718.13,1519.47,True,2023-09-17T12:58:56
309,673,2024-01-03,2024-02-02,620.67,4855.43,True,2025-03-28T10:54:46
310,1186,2023-07-26,2023-08-25,4852.88,5877.08,False,2025-01-20T02:28:44
311,601,2024-06-15,2024-07-15,9729.78,7311.59,False,2025-10-13T09:19:59
312,1918,2024-04-08,2024-05-08,7213.31,622.94,False,2024-03-10T19:48:24
313,1211,2023-03-06,2023-04-05,9465.15,9448.77,False,2023-12-29T10:23:24
314,507,2023-11-21,2023-12-21,5343.43,7666.18,False,2025-01-25T14:12:23
315,425,2023-04-29,2023-05-29,5746.89,3177.22,True,2025-06-11T05:11:06
316,1581,2023-01-07,2023-02-06,7072.36,6167.00,False,2025-10-11T08:56:03
317,847,2024-08-12,2024-09-11,5205.72,5935.38,False,2024-12-30T20:39:42
318,1280,2023-12-02,2024-01-01,2053.24,3831.91,False,2023-03-14T03:42:04
319,465,2023-04-08,2023-05-08,2058.62,4730.40,True,2025-06-07T20:52:44
320,1973,2024-06-16,2024-07-16,3012.48,2478.09,True,2023-07-14T04:24:43
321,391,2024-09-02,2024-10-02,6925.70,6175.77,True,2024-11-04T10:40:10
322,1170,2024-05-09,2024-06-08,6834.38,766.64,False,2025-05-28T03:42:48
323,831,2023-01-30,2023-03-01,7765.50,6617.46,True,2025-06-15T13:51:22
324,1893,2024-08-21,2024-09-20,9395.94,972.31,True,2024-11-10T17:51:22
325,632,2022-12-01,2022-12-31,2316.34,8524.33,False,2024-11-26T17:35:42
326,1062,2023-06-07,2023-07-07,6692.83,2499.16,False,2024-06-08T12:06:31
327,788,2024-09-21,2024-10-21,8201.27,5380.52,False,2023-09-15T13:14:36
328,69,2023-02-21,2023-03-23,9359.77,7774.18,True,2023-11-27T09:51:12
329,1195,2024-10-15,2024-11-14,1481.11,7611.20,True,2024-09-01T00:35:24
330,1395,2024-06-02,2024-07-02,3046.25,8277.85,False,2025-02-18T17:00:12
331,1535,2023-11-11,2023-12-11,2782.99,2678.21,True,2025-07-29T02:27:36
332,948,2024-05-02,2024-06-01,2869.15,811.86,True,2025-04-30T12:36:12
333,1987,2023-10-24,2023-11-23,1214.83,9457.23,True,2025-08-05T17:15:20
334,589,2023-05-12,2023-06-11,1213.17,3534.57,False,2023-02-19T13:16:29
335,1466,2023-11-27,2023-12-27,1633.54,4380.70,True,2024-10-15T01:18:45
336,848,2023-09-30,2023-10-30,1681.18,1388.74,False,2025-03-20T03:09:11
337,945,2024-06-15,2024-07-15,4126.64,8561.00,True,2025-10-01T23:44:56
338,912,2024-04-14,2024-05-14,2447.24,4597.50,False,2023-07-16T14:14:42
339,1815,2023-08-07,2023-09-06,8015.87,2483.50,False,2023-03-07T03:41:21
340,640,2022-12-23,2023-01-22,1649.90,7905.83,False,2025-09-14T17:27:20
341,1909,2024-02-26,2024-03-27,3815.40,8902.76,False,2025-01-10T05:41:56
342,926,2024-03-04,2024-04-03,9075.78,9407.37,True,2023-03-29T09:49:48
343,1336,2023-10-14,2023-11-13,1428.27,4007.49,False,2024-06-24T23:42:13
344,1214,2023-05-09,2023-06-08,2173.17,4062.05,False,2023-01-20T12:29:26
345,1305,2023-06-10,2023-07-10,7398.45,525.53,False,2025-02-05T01:37:37
346,458,2023-06-03,2023-07-03,5713.78,812.66,False,2024-02-21T16:53:52
347,1121,2023-05-22,2023-06-21,6845.01,4712.69,True,2022-12-20T10:07:46
348,829,2023-09-28,2023-10-28,4048.46,4345.48,True,2024-12-25T02:23:06
349,1823,2024-05-25,2024-06-24,6939.34,8990.39,True,2023-12-20T15:07:32
350,1041,2023-07-03,2023-08-02,6995.98,743.50,True,2024-08-22T01:07:44
351,577,2023-07-27,2023-08-26,3201.16,4059.54,True,2024-10-02T17:30:26
352,1139,2024-03-25,2024-04-24,5505.15,1951.30,True,2023-10-06T00:25:27
353,958,2022-11-21,2022-12-21,2449.64,6701.58,True,2024-04-17T20:38:56
354,1900,2024-04-16,2024-05-16,9423.78,5360.48,True,2024-12-16T23:40:35
355,1565,2024-01-03,2024-02-02,8179.42,7993.94,True,2024-05-29T09:31:49
356,537,2023-10-31,2023-11-30,5857.76,6674.88,True,2024-02-28T20:56:59
357,390,2023-02-22,2023-03-24,4788.52,1616.64,True,2024-11-20T12:17:57
358,1208,2024-09-09,2024-10-09,7512.29,5132.89,True,2024-05-22T19:43:46
359,626,2023-08-01,2023-08-31,3723.95,6314.40,True,2023-02-01T05:54:46
360,1590,2023-11-13,2023-12-13,9031.95,5174.38,True,2023-06-29T15:33:17
361,568,2023-11-04,2023-12-04,5893.02,6356.24,False,2023-06-26T01:33:35
362,587,2023-09-11,2023-10-11,5155.79,2721.15,True,2023-12-18T19:09:58
363,1486,2024-09-23,2024-10-23,5034.13,5503.87,False,2024-04-27T02:30:26
364,1137,2023-06-27,2023-07-27,8193.96,2251.53,True,2025-01-20T13:13:14
365,1897,2024-07-18,2024-08-17,7416.57,6305.68,True,2023-12-31T13:12:50
366,1302,2023-04-10,2023-05-10,5130.13,6729.87,True,2024-09-30T20:20:53
367,1144,2023-09-18,2023-10-18,1214.33,3542.73,True,2025-03-03T19:57:41
368,1350,2024-05-22,2024-06-21,6006.57,3721.90,True,2025-04-13T17:15:47
369,70,2024-08-18,2024-09-17,9358.98,1204.19,False,2025-10-20T22:04:02
370,997,2022-12-12,2023-01-11,1102.87,867.31,True,2023-08-29T06:07:13
371,501,2023-10-13,2023-11-12,5284.75,1061.30,False,2023-05-29T05:53:16
372,1555,2024-07-16,2024-08-15,5450.49,4073.35,True,2024-02-16T20:14:41
373,1047,2023-02-25,2023-03-27,5184.61,5840.42,True,2024-01-19T07:08:12
374,967,2023-11-22,2023-12-22,2018.71,8711.52,False,2025-06-29T08:39:31
375,1087,2024-09-16,2024-10-16,5333.71,434.59,True,2024-09-27T18:32:29
376,509,2024-10-13,2024-11-12,6082.77,4198.78,True,2023-04-22T18:40:24
377,356,2023-07-10,2023-08-09,5545.31,6489.72,False,2024-03-28T06:13:55
378,1249,2024-02-01,2024-03-02,6520.18,5875.81,False,2025-10-23T17:57:25
379,1855,2023-05-05,2023-06-04,6524.93,2431.96,True,2024-08-28T15:17:10
380,1592,2023-06-08,2023-07-08,5783.50,1812.89,True,2023-01-19T12:53:56
381,1613,2023-09-23,2023-10-23,4756.37,9090.45,True,2024-11-23T04:03:02
382,561,2024-08-04,2024-09-03,4544.14,3570.18,False,2024-02-06T13:57:37
383,502,2023-06-16,2023-07-16,8361.58,4237.87,True,2023-03-07T04:24:36
384,498,2023-12-22,2024-01-21,9491.01,7464.17,True,2024-11-30T20:10:00
385,899,2024-04-02,2024-05-02,2090.24,3134.66,False,2024-07-27T06:52:44
386,204,2023-11-05,2023-12-05,8668.22,1178.02,False,2024-02-04T15:14:08
387,1638,2022-11-03,2022-12-03,8949.19,7966.24,True,2024-11-09T12:02:15
388,474,2023-10-24,2023-11-23,9937.29,7840.14,False,2022-11-04T09:50:51
389,1021,2023-02-14,2023-03-16,5749.14,987.11,False,2025-02-16T00:28:13
390,790,2024-09-20,2024-10-20,5166.52,9454.25,False,2023-06-24T09:57:48
391,1442,2024-09-15,2024-10-15,9844.44,8123.73,True,2025-04-20T04:37:23
392,523,2024-07-06,2024-08-05,3301.11,1357.26,True,2024-08-19T08:47:19
393,77,2023-12-15,2024-01-14,9878.56,2234.07,False,2025-04-19T10:30:03
394,263,2024-01-12,2024-02-11,3207.20,4462.56,False,2025-02-01T11:14:17
395,825,2023-08-19,2023-09-18,2265.29,7828.14,False,2023-06-14T12:08:33
396,1439,2024-01-13,2024-02-12,1167.13,8832.68,True,2025-09-19T12:26:27
397,1634,2022-12-29,2023-01-28,4794.97,9216.64,True,2022-11-13T22:57:55
398,1441,2024-09-25,2024-10-25,4452.14,7298.50,False,2023-11-30T09:05:37
399,1312,2023-11-22,2023-12-22,1129.54,2585.63,True,2024-04-10T09:35:05
400,874,2023-10-04,2023-11-03,3917.47,4718.11,True,2025-04-12T21:18:28
401,1430,2023-08-09,2023-09-08,4422.40,5393.90,True,2025-08-21T16:28:09
402,1963,2024-02-29,2024-03-30,8933.26,4082.46,True,2024-10-07T12:26:25
403,1384,2024-01-08,2024-02-07,2842.61,7146.17,False,2025-10-12T01:18:55
404,853,2023-03-16,2023-04-15,7920.03,8646.36,False,2025-09-25T15:26:44
405,725,2024-02-22,2024-03-23,2603.57,4784.86,False,2023-09-06T10:02:33
406,1464,2024-07-05,2024-08-04,5211.69,5173.68,True,2025-01-21T01:23:18
407,1410,2024-04-12,2024-05-12,6289.15,9177.30,True,2023-03-01T18:43:56
408,848,2024-06-18,2024-07-18,1200.25,9253.93,True,2025-06-01T20:25:24
409,901,2024-04-08,2024-05-08,3270.55,5326.07,True,2025-06-15T01:07:15
410,390,2023-03-18,2023-04-17,7706.54,8468.86,False,2023-12-25T15:13:45
411,77,2023-03-22,2023-04-21,3179.45,2844.93,False,2025-03-08T23:10:12
412,9,2022-11-26,2022-12-26,2232.94,7976.70,False,2022-12-02T04:09:41
413,1017,2024-06-21,2024-07-21,6584.10,1814.19,False,2023-09-08T18:29:33
414,1664,2024-08-04,2024-09-03,5411.84,6022.42,True,2023-08-25T04:38:45
415,1871,2024-10-26,2024-11-25,4280.65,1386.68,True,2024-04-04T01:55:27
416,1972,2023-08-13,2023-09-12,2724.40,6958.99,True,2025-10-21T03:05:24
417,1565,2023-09-04,2023-10-04,2037.56,3054.95,True,2023-10-07T15:13:39
418,1709,2023-03-09,2023-04-08,8026.78,9434.82,True,2025-10-02T14:03:19
419,623,2024-05-30,2024-06-29,2531.77,2724.70,True,2023-07-17T08:07:07
420,896,2023-05-15,2023-06-14,6303.99,7880.08,True,2025-08-29T00:06:50
421,1050,2022-11-12,2022-12-12,7445.94,3301.30,True,2023-09-25T21:02:42
422,32,2023-08-18,2023-09-17,5478.09,7467.96,True,2025-10-20T17:10:22
423,1259,2023-01-02,2023-02-01,8342.47,4608.91,True,2024-06-26T18:49:53
424,1775,2024-08-16,2024-09-15,5212.26,7000.93,True,2025-11-01T16:47:58
425,1280,2023-04-19,2023-05-19,8011.68,6573.60,True,2023-07-20T08:29:31
426,262,2024-09-29,2024-10-29,6413.58,693.74,False,2024-02-03T00:31:36
427,1627,2023-09-25,2023-10-25,3987.85,3047.47,False,2023-09-06T16:25:36
428,1847,2024-09-13,2024-10-13,906.66,8474.89,False,2022-11-09T03:01:13
429,765,2023-05-31,2023-06-30,4758.94,3720.48,False,2025-02-09T06:15:57
430,618,2024-01-31,2024-03-01,5453.56,2330.91,True,2023-04-20T16:30:26
431,1138,2024-05-09,2024-06-08,1176.80,497.87,False,2023-11-19T08:25:32
432,1372,2023-05-29,2023-06-28,7608.04,428.98,False,2023-01-30T15:55:46
433,808,2024-06-13,2024-07-13,1063.53,8491.45,False,2024-12-07T23:18:29
434,981,2023-02-14,2023-03-16,2496.72,6925.38,False,2024-01-03T18:03:46
435,238,2023-05-27,2023-06-26,982.54,4083.01,True,2023-06-14T03:46:10
436,1529,2024-10-17,2024-11-16,4600.11,3853.71,True,2025-02-11T17:44:38
437,836,2024-01-09,2024-02-08,8846.74,7717.17,True,2025-05-28T19:09:50
438,1352,2023-05-29,2023-06-28,3757.29,9349.16,False,2024-07-22T06:02:09
439,776,2023-11-13,2023-12-13,4355.81,7721.01,True,2025-07-03T09:03:35
440,601,2023-11-02,2023-12-02,3272.78,3808.18,False,2024-04-21T07:03:06
441,1439,2024-08-24,2024-09-23,6103.78,5043.41,False,2022-12-19T06:39:25
442,437,2023-06-30,2023-07-30,2686.36,6683.31,False,2023-01-04T18:01:42
443,1776,2024-02-04,2024-03-05,6388.11,4509.10,False,2025-05-14T01:25:17
444,681,2023-02-17,2023-03-19,8546.09,3693.64,False,2024-11-17T01:15:36
445,1609,2024-03-24,2024-04-23,658.67,5465.01,False,2025-04-17T01:29:44
446,1587,2023-05-23,2023-06-22,9995.44,4203.08,False,2024-03-08T16:48:43
447,399,2023-05-14,2023-06-13,2736.94,5176.51,True,2023-03-27T20:00:24
448,1665,2024-10-23,2024-11-22,6481.65,5932.81,False,2025-01-09T20:41:20
449,1206,2024-08-17,2024-09-16,4302.43,7006.01,True,2024-10-21T21:48:08
450,1053,2024-08-30,2024-09-29,4929.40,3314.02,True,2023-10-31T07:54:41
451,591,2023-02-10,2023-03-12,1525.81,6218.77,True,2025-10-30T17:49:07
452,859,2023-10-07,2023-11-06,9820.72,8932.86,False,2023-05-31T23:11:58
453,533,2023-07-09,2023-08-08,3669.62,1656.83,False,2023-11-01T04:09:38
454,248,2024-01-30,2024-02-29,9124.33,8406.50,False,2023-05-18T06:50:48
455,1255,2024-04-01,2024-05-01,1036.97,1898.91,True,2023-04-18T00:39:50
456,1801,2024-09-21,2024-10-21,709.19,6283.74,False,2023-09-06T04:05:32
457,603,2023-05-25,2023-06-24,2546.76,8949.49,True,2023-08-20T04:25:50
458,174,2024-02-11,2024-03-12,8015.26,2899.57,False,2025-01-15T13:17:44
459,677,2023-12-12,2024-01-11,8398.29,5920.59,True,2023-01-01T05:30:54
460,1884,2023-05-02,2023-06-01,888.74,2088.40,False,2025-03-07T20:45:49
461,794,2024-08-21,2024-09-20,7925.60,8158.66,False,2024-11-27T00:24:36
462,269,2024-10-24,2024-11-23,9416.10,922.35,True,2024-01-07T05:30:29
463,1928,2022-11-20,2022-12-20,4481.43,4465.38,True,2025-02-02T10:54:23
464,906,2024-10-06,2024-11-05,7129.02,6290.89,False,2024-07-10T01:22:41
465,224,2023-01-14,2023-02-13,9666.68,878.72,True,2025-02-20T10:01:22
466,484,2023-03-16,2023-04-15,4289.89,4544.43,False,2024-05-13T01:14:54
467,997,2024-02-27,2024-03-28,6258.96,7721.34,True,2023-12-14T17:25:39
468,1523,2024-08-05,2024-09-04,1721.89,9064.69,False,2025-09-06T00:11:59
469,1783,2024-02-29,2024-03-30,6214.03,4762.90,False,2023-12-23T13:29:32
470,163,2024-02-14,2024-03-15,6098.86,4692.04,False,2023-11-25T04:39:14
471,1597,2024-02-11,2024-03-12,4789.74,9334.43,True,2025-09-19T16:25:21
472,62,2022-12-05,2023-01-04,8456.11,3182.22,False,2023-01-05T20:20:15
473,1373,2024-04-12,2024-05-12,727.17,1885.46,False,2024-05-24T00:00:22
474,1848,2024-06-06,2024-07-06,3332.32,5494.34,True,2023-07-18T12:51:23
475,773,2023-09-01,2023-10-01,8484.32,4466.53,False,2024-07-05T12:55:52
476,1958,2024-05-10,2024-06-09,1650.28,6543.33,False,2025-04-18T15:38:10
477,998,2024-05-15,2024-06-14,3060.59,5367.70,False,2022-12-31T14:15:57
478,1723,2024-10-14,2024-11-13,5308.98,9410.52,False,2023-09-30T17:06:20
479,1234,2022-11-19,2022-12-19,8780.33,5126.20,False,2025-04-11T10:39:38
480,1062,2023-07-03,2023-08-02,4526.83,5540.09,True,2025-10-29T16:51:07
481,1955,2022-11-29,2022-12-29,3321.67,5307.00,True,2023-03-07T14:19:47
482,663,2024-01-12,2024-02-11,6048.81,7187.56,False,2024-10-10T19:26:27
483,1250,2023-06-02,2023-07-02,1002.92,2961.21,False,2023-12-12T16:12:48
484,534,2023-09-30,2023-10-30,4931.42,2094.94,True,2023-01-06T09:14:18
485,928,2023-10-23,2023-11-22,1808.22,3131.43,False,2024-07-31T21:43:41
486,1488,2023-12-20,2024-01-19,1930.33,5502.55,True,2025-01-11T18:56:25
487,125,2024-02-14,2024-03-15,6214.91,2698.16,True,2025-05-17T17:34:29
488,1126,2024-02-07,2024-03-08,5014.91,8633.96,False,2023-02-18T11:44:14
489,651,2023-09-17,2023-10-17,9811.36,8335.96,True,2023-02-17T00:54:53
490,1252,2023-12-06,2024-01-05,1677.11,2698.21,True,2025-09-01T16:17:23
491,490,2024-05-06,2024-06-05,4763.92,1931.89,True,2023-12-21T21:36:49
492,468,2023-10-06,2023-11-05,3484.39,5161.07,True,2025-03-29T12:55:02
493,1385,2023-09-07,2023-10-07,9088.56,5494.44,False,2025-07-12T00:41:39
494,1096,2024-09-19,2024-10-19,5200.67,4577.36,False,2024-02-10T15:35:21
495,734,2024-10-22,2024-11-21,779.33,2141.64,True,2025-07-07T12:08:40
496,1717,2023-08-16,2023-09-15,8125.30,6114.10,False,2025-05-03T05:26:03
497,807,2023-03-10,2023-04-09,9699.89,4511.84,False,2025-04-25T03:49:47
498,1417,2023-01-29,2023-02-28,7829.88,7436.10,False,2024-08-04T03:54:49
499,1669,2024-05-31,2024-06-30,2825.86,7343.97,False,2025-10-04T19:02:31
500,1593,2023-03-11,2023-04-10,5082.68,5120.84,True,2025-01-21T14:32:36
501,833,2023-01-08,2023-02-07,4360.67,4400.73,False,2025-09-07T15:25:18
502,144,2024-03-18,2024-04-17,4335.67,2515.13,True,2023-03-05T07:16:26
503,1568,2024-10-04,2024-11-03,5836.23,2289.43,True,2023-02-25T02:49:26
504,496,2023-09-26,2023-10-26,598.33,2200.74,False,2025-01-18T09:27:23
505,266,2023-04-13,2023-05-13,3378.94,7855.30,False,2024-01-14T07:31:02
506,621,2023-06-06,2023-07-06,758.65,2701.07,False,2024-10-02T18:43:13
507,751,2023-07-01,2023-07-31,8187.02,2918.93,False,2024-07-27T18:03:08
508,927,2023-04-08,2023-05-08,787.99,3246.50,False,2025-10-12T04:08:20
509,609,2024-08-15,2024-09-14,3055.73,9094.69,True,2025-09-03T09:22:05
510,1674,2022-12-11,2023-01-10,2938.72,5524.63,False,2023-04-18T23:54:27
511,589,2023-05-12,2023-06-11,1480.26,1391.33,False,2023-02-08T19:06:45
512,779,2024-05-05,2024-06-04,2118.68,8635.99,True,2024-03-11T02:52:45
513,1737,2024-10-22,2024-11-21,1224.44,2007.36,True,2025-02-11T10:38:28
514,1837,2023-07-12,2023-08-11,2919.29,5019.88,True,2024-05-09T12:10:23
515,1879,2023-09-23,2023-10-23,723.89,6534.40,True,2025-07-26T00:10:19
516,1686,2023-07-23,2023-08-22,678.40,2639.47,False,2023-10-07T09:46:02
517,659,2023-01-16,2023-02-15,745.89,6160.16,False,2023-03-11T00:39:02
518,1075,2023-01-26,2023-02-25,4550.01,4210.77,True,2024-02-27T17:06:52
519,79,2024-08-09,2024-09-08,9310.18,5870.10,True,2024-01-01T05:47:34
520,386,2024-01-09,2024-02-08,1350.00,8645.80,True,2023-09-26T08:30:31
521,1651,2023-04-11,2023-05-11,3354.43,9041.32,True,2024-05-23T11:22:31
522,1901,2022-12-05,2023-01-04,3475.98,4551.17,False,2024-01-18T14:47:12
523,1424,2024-10-31,2024-11-30,8114.47,4605.74,False,2024-01-11T14:11:09
524,1999,2024-10-28,2024-11-27,8533.26,6330.05,True,2025-08-29T12:58:09
525,984,2023-04-18,2023-05-18,4766.12,8746.37,True,2025-01-25T09:21:11
526,1648,2024-04-13,2024-05-13,2794.33,2575.11,False,2024-08-10T09:55:00
527,893,2024-04-18,2024-05-18,9417.15,6001.52,True,2023-10-15T22:57:14
528,41,2024-03-07,2024-04-06,1389.95,2836.53,False,2025-02-05T06:48:47
529,917,2024-07-30,2024-08-29,4240.51,3841.67,False,2024-01-29T21:21:36
530,1780,2023-11-05,2023-12-05,8349.70,6483.23,True,2024-08-07T03:20:27
531,1811,2024-06-23,2024-07-23,5965.18,7965.43,False,2024-01-12T07:11:32
532,109,2024-03-01,2024-03-31,7447.90,2960.21,True,2023-06-13T03:38:11
533,438,2023-03-02,2023-04-01,1239.23,3192.98,False,2025-05-02T11:23:30
534,1819,2024-04-06,2024-05-06,2834.38,2043.45,False,2024-02-06T12:36:51
535,755,2024-06-22,2024-07-22,8350.65,2328.75,False,2024-06-14T13:27:12
536,757,2024-02-25,2024-03-26,7160.83,8567.17,False,2025-03-31T02:54:48
537,880,2023-03-24,2023-04-23,7603.80,1560.02,True,2024-04-11T01:11:39
538,452,2023-01-11,2023-02-10,7728.02,5328.95,False,2022-11-07T10:05:03
539,932,2024-05-22,2024-06-21,6916.47,4363.90,False,2025-02-26T19:44:53
540,1383,2023-08-11,2023-09-10,992.10,8341.47,True,2023-05-16T21:46:49
541,1445,2022-11-14,2022-12-14,9863.83,8573.47,True,2022-11-18T11:15:56
542,1829,2024-02-06,2024-03-07,3350.73,2312.43,False,2025-05-20T06:07:24
543,435,2024-06-04,2024-07-04,3726.68,7819.27,False,2023-08-31T15:53:13
544,1691,2023-03-04,2023-04-03,2211.59,6129.27,False,2025-04-03T22:00:42
545,257,2023-07-25,2023-08-24,8379.30,5249.84,False,2023-10-13T22:36:19
546,1651,2024-06-04,2024-07-04,7605.48,421.23,True,2025-07-27T04:50:08
547,1712,2024-02-27,2024-03-28,7706.81,7517.75,False,2024-08-18T16:35:08
548,1985,2024-06-02,2024-07-02,7260.25,7635.31,True,2025-10-12T02:25:24
549,502,2023-11-30,2023-12-30,7520.24,2741.57,True,2023-07-19T00:05:53
550,949,2024-08-29,2024-09-28,6890.27,6027.78,False,2025-06-15T07:23:14
551,38,2022-12-30,2023-01-29,4055.89,8380.13,True,2025-07-29T22:22:35
552,1372,2024-05-14,2024-06-13,2974.15,7299.73,False,2023-10-24T08:30:29
553,1575,2023-09-09,2023-10-09,3059.63,6882.99,True,2025-01-26T05:10:56
554,269,2024-06-16,2024-07-16,1064.84,6013.08,False,2025-09-30T04:41:17
555,223,2022-12-01,2022-12-31,1409.26,9015.82,False,2025-04-29T17:24:11
556,1580,2023-12-17,2024-01-16,6122.76,2388.58,False,2025-07-18T17:40:23
557,319,2024-06-28,2024-07-28,3617.86,7595.13,True,2024-10-18T21:28:21
558,244,2024-05-30,2024-06-29,3498.14,2883.13,False,2025-06-06T00:22:13
559,467,2023-06-12,2023-07-12,9676.25,5822.99,False,2025-10-20T23:03:32
560,556,2024-07-12,2024-08-11,8974.36,7301.89,True,2025-04-12T08:14:02
561,1409,2024-04-07,2024-05-07,3543.96,6522.13,True,2023-05-16T04:55:28
562,1197,2023-08-24,2023-09-23,9903.32,7494.61,True,2025-09-03T06:05:39
563,221,2023-12-11,2024-01-10,5962.41,8900.20,True,2025-07-01T09:02:28
564,1958,2024-03-10,2024-04-09,4985.65,4918.24,True,2024-08-16T21:04:48
565,1804,2024-10-16,2024-11-15,8593.74,6629.32,True,2024-11-23T08:31:09
566,1740,2023-06-04,2023-07-04,860.48,7306.96,True,2023-09-15T05:54:36
567,1937,2023-08-03,2023-09-02,2268.77,6067.07,False,2024-12-09T10:57:02
568,292,2023-08-31,2023-09-30,738.53,3410.51,False,2023-02-10T17:03:02
569,1575,2023-10-17,2023-11-16,7235.47,6832.42,False,2024-03-13T18:07:51
570,1678,2023-07-16,2023-08-15,1902.85,4995.41,False,2022-11-10T20:10:11
571,761,2024-07-18,2024-08-17,4153.34,3540.41,False,2024-02-07T14:53:29
572,1119,2023-07-30,2023-08-29,7068.70,7992.14,True,2023-04-25T23:44:28
573,1218,2024-02-01,2024-03-02,2808.01,5682.11,False,2025-03-17T13:49:08
574,426,2023-08-01,2023-08-31,1180.58,5663.01,False,2023-02-24T12:15:56
575,163,2023-04-04,2023-05-04,9725.38,4991.72,False,2025-01-19T18:21:29
576,1561,2024-09-17,2024-10-17,4726.74,4403.01,True,2023-08-18T23:45:53
577,1609,2023-11-13,2023-12-13,8866.54,8956.18,True,2024-12-16T21:32:54
578,1391,2023-07-30,2023-08-29,8541.58,3494.96,True,2025-07-18T12:18:14
579,1487,2024-10-18,2024-11-17,8756.11,5038.63,False,2024-01-15T08:15:39
580,1062,2023-03-01,2023-03-31,2386.48,6607.28,True,2024-04-12T15:41:48
581,1149,2023-02-28,2023-03-30,6223.85,4332.70,False,2025-02-18T09:37:31
582,1293,2022-11-02,2022-12-02,6612.67,8200.58,False,2023-08-24T14:34:47
583,828,2024-01-07,2024-02-06,7680.79,6178.84,True,2023-02-28T02:13:23
584,1706,2024-01-01,2024-01-31,4783.43,3060.23,False,2025-06-04T15:34:42
585,323,2024-01-08,2024-02-07,6858.49,6578.12,False,2025-08-29T12:36:44
586,1312,2024-05-28,2024-06-27,4943.70,8553.22,True,2025-10-01T08:42:10
587,917,2024-06-03,2024-07-03,1444.36,5262.04,False,2024-04-22T15:43:09
588,731,2024-02-05,2024-03-06,5443.87,7885.07,True,2023-08-10T14:01:45
589,1628,2024-08-28,2024-09-27,6007.77,8323.23,True,2025-03-04T05:55:49
590,71,2023-11-07,2023-12-07,5113.55,8463.23,True,2024-10-22T15:14:30
591,94,2022-12-24,2023-01-23,2894.79,7617.66,True,2023-02-09T02:16:14
592,1816,2022-12-20,2023-01-19,4895.75,3016.52,True,2025-05-24T12:02:23
593,1296,2023-07-25,2023-08-24,4289.55,2763.29,False,2024-05-08T01:47:45
594,984,2022-12-24,2023-01-23,9958.31,2130.30,True,2025-08-28T21:15:58
595,85,2024-08-26,2024-09-25,1915.93,6125.00,False,2022-12-01T02:52:50
596,1689,2024-07-10,2024-08-09,9013.05,2847.14,False,2023-05-04T06:28:41
597,483,2024-07-05,2024-08-04,6536.78,5624.83,True,2023-12-06T23:13:43
598,1862,2024-05-26,2024-06-25,5643.49,6079.70,True,2024-03-23T00:49:56
599,248,2023-04-21,2023-05-21,1141.89,927.11,True,2023-10-29T05:49:48
600,1551,2023-07-06,2023-08-05,4276.86,8679.02,True,2025-01-28T14:33:11
601,1506,2023-12-06,2024-01-05,4250.46,7729.75,False,2022-11-03T03:47:30
602,1901,2024-02-22,2024-03-23,1690.59,4345.36,False,2025-06-10T09:40:39
603,851,2023-05-28,2023-06-27,6791.73,2898.74,True,2023-06-17T07:23:37
604,60,2024-09-28,2024-10-28,5142.78,5615.57,False,2025-10-21T23:26:20
605,375,2023-08-29,2023-09-28,4708.19,4224.73,True,2023-02-15T19:28:37
606,1436,2022-12-02,2023-01-01,7218.86,5347.74,True,2024-05-28T15:17:32
607,1954,2023-03-24,2023-04-23,7004.58,8544.90,True,2023-12-08T16:41:11
608,24,2023-03-31,2023-04-30,6688.49,1084.64,False,2025-10-21T05:42:07
609,164,2023-05-25,2023-06-24,6537.62,5176.51,True,2023-05-29T13:15:57
610,186,2023-07-31,2023-08-30,3640.03,9401.45,True,2025-07-07T07:10:13
611,122,2023-03-21,2023-04-20,8471.66,4879.86,True,2023-05-10T09:58:00
612,1654,2023-04-26,2023-05-26,7514.28,8374.15,False,2025-02-05T00:06:33
613,432,2023-02-02,2023-03-04,9519.31,5403.54,True,2023-05-26T05:27:28
614,1645,2023-08-15,2023-09-14,3319.26,5461.60,True,2025-01-03T18:57:15
615,198,2023-01-30,2023-03-01,4279.31,1676.68,True,2025-03-09T06:45:00
616,1744,2023-06-13,2023-07-13,9916.99,3876.06,False,2022-12-21T06:40:15
617,576,2024-07-17,2024-08-16,5004.86,747.04,True,2023-03-26T04:41:38
618,1620,2024-10-07,2024-11-06,4237.82,4313.53,True,2023-06-22T12:10:17
619,1007,2023-12-25,2024-01-24,9124.93,5208.11,True,2022-11-22T07:16:42
620,149,2024-09-24,2024-10-24,2928.55,5344.79,True,2025-02-02T12:01:54
621,123,2023-10-16,2023-11-15,4861.75,7737.50,True,2024-07-17T15:31:21
622,1032,2024-05-20,2024-06-19,6776.68,4685.41,True,2023-02-27T03:20:02
623,1488,2023-02-01,2023-03-03,1494.96,1264.78,True,2024-07-27T07:06:29
624,1505,2023-11-12,2023-12-12,3776.03,3955.43,False,2024-07-26T01:51:47
625,1307,2024-09-29,2024-10-29,8764.01,4299.91,False,2024-09-11T17:12:44
626,1105,2023-09-28,2023-10-28,6483.05,4536.34,False,2024-01-14T06:37:14
627,922,2024-04-27,2024-05-27,6129.38,8466.24,True,2025-01-31T01:05:10
628,817,2024-03-29,2024-04-28,6470.10,8323.23,False,2025-07-13T05:14:44
629,1297,2024-08-22,2024-09-21,6096.17,7024.02,False,2025-09-17T21:06:04
630,1574,2024-05-24,2024-06-23,5147.44,5889.15,True,2025-10-05T10:26:03
631,1707,2024-02-18,2024-03-19,9741.79,7846.89,True,2023-03-11T05:05:22
632,1521,2023-03-02,2023-04-01,8333.85,4796.05,False,2024-06-23T05:36:28
633,1106,2023-09-08,2023-10-08,7304.20,4060.16,True,2023-08-02T22:32:52
634,445,2024-03-15,2024-04-14,7823.67,5296.23,False,2023-02-09T01:07:19
635,647,2023-07-02,2023-08-01,8474.39,2161.73,True,2024-03-25T16:19:00
636,51,2024-04-28,2024-05-28,3005.51,7842.23,True,2025-01-02T18:56:43
637,54,2024-05-28,2024-06-27,7981.50,8122.79,True,2023-04-17T05:51:02
638,49,2023-05-15,2023-06-14,1962.19,9071.95,False,2025-06-20T16:47:31
639,716,2023-07-20,2023-08-19,3706.74,4464.71,True,2023-09-02T10:18:00
640,1664,2023-03-25,2023-04-24,7234.57,6006.19,False,2024-03-20T15:18:10
641,1618,2024-09-21,2024-10-21,7258.50,9031.15,True,2025-03-17T22:22:26
642,1084,2023-07-17,2023-08-16,1825.27,1134.08,False,2023-10-17T10:03:57
643,1749,2023-05-08,2023-06-07,8276.68,7863.77,True,2023-10-15T10:25:17
644,108,2024-01-08,2024-02-07,2328.36,7763.71,True,2025-05-27T16:04:58
645,184,2024-07-02,2024-08-01,5009.65,9116.28,False,2023-06-15T15:05:18
646,1960,2024-10-10,2024-11-09,2638.69,2658.59,True,2023-04-06T08:52:13
647,1115,2023-12-19,2024-01-18,7783.38,881.67,False,2023-05-09T22:46:38
648,1134,2023-10-07,2023-11-06,9365.70,8070.49,True,2024-05-30T21:48:14
649,1097,2023-07-01,2023-07-31,8945.75,5091.26,False,2025-08-15T13:57:50
650,1804,2023-09-27,2023-10-27,7099.08,1376.56,False,2023-01-22T11:29:02
651,1029,2024-05-28,2024-06-27,696.63,3171.39,True,2023-06-02T05:29:20
652,124,2024-02-03,2024-03-04,4279.17,3298.89,False,2023-11-18T18:43:58
653,1890,2023-01-30,2023-03-01,5095.23,1244.08,True,2024-01-29T03:08:17
654,912,2023-06-25,2023-07-25,1516.67,4082.49,True,2025-09-20T22:28:56
655,2,2023-03-09,2023-04-08,5864.33,8589.85,False,2023-12-15T11:25:23
656,852,2024-02-11,2024-03-12,9052.86,9265.00,False,2025-10-14T08:39:23
657,264,2023-07-25,2023-08-24,1309.85,1785.39,False,2024-09-25T01:42:25
658,992,2023-10-08,2023-11-07,2418.78,6346.43,True,2023-12-06T07:02:23
659,149,2022-12-14,2023-01-13,618.70,7359.95,False,2024-03-17T20:34:08
660,1094,2024-02-25,2024-03-26,4398.80,6267.48,False,2024-05-12T12:44:52
661,859,2023-02-11,2023-03-13,9924.94,7966.36,True,2022-11-09T09:37:31
662,596,2023-04-14,2023-05-14,4990.26,2540.59,False,2024-05-19T19:49:46
663,876,2023-01-31,2023-03-02,5717.93,3454.72,False,2023-05-28T14:24:31
664,598,2023-06-25,2023-07-25,9781.55,3519.41,False,2024-09-25T04:37:07
665,941,2023-03-04,2023-04-03,4720.45,3856.46,False,2025-09-01T03:54:24
666,1470,2022-11-14,2022-12-14,5082.66,7255.90,False,2025-06-01T17:02:15
667,182,2024-03-18,2024-04-17,4186.28,8594.65,True,2023-11-23T10:33:32
668,460,2023-12-07,2024-01-06,7388.87,9264.90,True,2023-11-08T11:21:26
669,1345,2023-01-16,2023-02-15,5064.00,7941.27,True,2024-10-24T22:47:42
670,543,2024-06-21,2024-07-21,6925.36,554.41,False,2023-01-13T14:10:43
671,1460,2023-03-30,2023-04-29,6641.58,962.15,False,2024-06-18T14:58:30
672,1631,2024-09-20,2024-10-20,6637.88,1097.75,True,2023-01-27T13:41:53
673,1272,2022-11-19,2022-12-19,6294.25,3857.81,True,2025-07-04T22:34:23
674,289,2024-07-09,2024-08-08,2624.17,6319.55,False,2025-08-08T14:10:02
675,1866,2023-02-11,2023-03-13,5167.43,3464.78,False,2023-09-10T18:37:24
676,155,2024-10-26,2024-11-25,7169.17,3688.72,False,2023-10-05T13:41:09
677,1407,2023-03-04,2023-04-03,7004.89,8212.24,True,2023-10-10T08:00:04
678,1648,2024-08-06,2024-09-05,7888.86,7439.42,True,2025-06-06T05:34:15
679,806,2024-04-11,2024-05-11,1694.20,7286.54,True,2023-01-06T10:09:27
680,890,2023-02-12,2023-03-14,2259.25,7089.50,True,2024-07-04T09:29:29
681,658,2024-09-10,2024-10-10,7336.58,7035.59,False,2023-07-12T18:56:08
682,110,2024-02-29,2024-03-30,6785.57,7603.29,True,2025-01-19T09:42:51
683,55,2023-01-14,2023-02-13,9718.61,5638.76,True,2023-08-26T02:42:52
684,720,2024-07-04,2024-08-03,9445.64,6214.03,True,2025-10-02T16:51:48
685,539,2022-11-28,2022-12-28,9345.05,2894.42,True,2024-11-06T07:56:04
686,835,2023-05-08,2023-06-07,2871.95,4359.58,True,2023-05-26T07:44:25
687,1419,2022-12-21,2023-01-20,9964.36,5152.94,False,2025-08-29T05:16:49
688,1261,2023-06-08,2023-07-08,6475.46,7290.64,True,2024-01-10T08:30:35
689,583,2024-03-23,2024-04-22,5128.80,3082.62,False,2024-08-05T04:54:39
690,193,2023-11-16,2023-12-16,7186.40,4620.26,True,2023-01-29T09:28:35
691,194,2024-08-10,2024-09-09,8107.01,4866.03,False,2024-01-09T03:47:51
692,495,2023-11-18,2023-12-18,695.61,4104.39,False,2024-06-26T20:53:39
693,618,2024-04-26,2024-05-26,1739.59,6226.55,True,2024-04-19T14:44:59
694,801,2023-02-12,2023-03-14,5518.54,7037.25,False,2023-10-01T23:52:08
695,50,2023-07-24,2023-08-23,6238.33,9043.82,True,2025-06-25T16:18:23
696,1196,2024-06-27,2024-07-27,8561.09,1348.66,True,2023-07-28T10:09:46
697,1148,2023-05-09,2023-06-08,7240.79,768.68,False,2025-04-18T14:12:57
698,714,2024-05-03,2024-06-02,3015.73,7585.56,False,2023-12-05T16:02:18
699,287,2023-12-15,2024-01-14,4661.74,8642.59,True,2025-06-28T02:37:42
700,210,2023-02-18,2023-03-20,8684.74,2103.94,True,2023-02-05T21:00:45
701,268,2024-10-22,2024-11-21,6868.84,9054.04,False,2023-09-04T15:18:06
702,806,2022-12-03,2023-01-02,9836.63,2428.76,True,2025-07-23T14:06:17
703,525,2023-08-26,2023-09-25,8075.87,6068.18,False,2024-06-12T02:22:54
704,536,2023-11-06,2023-12-06,9240.27,4655.26,False,2023-12-31T08:14:12
705,1465,2024-02-03,2024-03-04,2230.00,7399.33,False,2024-06-14T10:51:27
706,822,2024-10-17,2024-11-16,8525.63,4050.14,False,2025-02-09T23:59:28
707,1926,2024-05-23,2024-06-22,7744.14,4151.23,True,2023-11-30T00:25:23
708,137,2023-08-13,2023-09-12,5028.31,1056.57,True,2025-10-03T10:35:29
709,507,2024-07-25,2024-08-24,4029.88,6379.16,False,2023-08-09T22:56:00
710,672,2024-05-01,2024-05-31,2975.23,4533.93,False,2025-02-08T13:29:52
711,15,2023-08-13,2023-09-12,6443.35,3625.47,False,2025-06-08T07:57:37
712,533,2023-09-12,2023-10-12,6988.03,6853.96,True,2024-07-05T02:16:58
713,993,2023-03-23,2023-04-22,4451.88,3242.87,False,2025-05-02T17:44:11
714,1061,2024-10-22,2024-11-21,3332.11,2455.19,True,2024-09-04T18:33:53
715,244,2022-12-19,2023-01-18,2198.60,4364.94,False,2022-11-26T15:41:35
716,1098,2023-01-10,2023-02-09,7843.74,2188.22,False,2023-10-07T01:20:22
717,1108,2023-10-10,2023-11-09,2176.37,8747.52,True,2024-04-05T21:59:51
718,1885,2023-06-18,2023-07-18,2933.15,1553.86,True,2025-01-21T00:56:05
719,793,2023-04-20,2023-05-20,8790.19,6436.57,False,2022-11-04T17:43:08
720,1653,2023-01-29,2023-02-28,2859.03,1381.74,False,2024-07-14T15:20:59
721,1434,2023-03-28,2023-04-27,8382.36,3233.77,True,2025-07-08T13:23:46
722,1654,2024-04-07,2024-05-07,2989.45,1339.13,True,2025-01-27T12:02:11
723,67,2024-09-11,2024-10-11,6714.17,3065.40,False,2023-10-21T00:24:55
724,1771,2024-01-05,2024-02-04,2612.68,6232.00,True,2024-08-17T08:37:24
725,1289,2023-03-26,2023-04-25,2109.49,5650.47,True,2023-03-04T17:48:19
726,1927,2024-08-25,2024-09-24,8147.55,5129.97,False,2025-04-30T20:32:03
727,1147,2024-05-10,2024-06-09,9840.84,6861.28,True,2023-05-17T06:32:48
728,276,2024-09-12,2024-10-12,4857.51,1068.72,False,2023-06-02T16:35:58
729,1004,2024-05-24,2024-06-23,7124.42,8722.20,False,2024-04-03T06:59:46
730,1326,2023-07-02,2023-08-01,5268.07,3476.70,True,2024-08-14T04:33:07
731,1707,2024-07-28,2024-08-27,6111.11,6598.45,False,2024-11-01T11:39:23
732,556,2023-07-09,2023-08-08,5130.81,8681.49,False,2023-06-11T07:21:12
733,29,2023-03-19,2023-04-18,9165.38,418.12,True,2024-02-16T21:55:42
734,59,2023-09-29,2023-10-29,8036.65,9234.41,True,2024-10-12T03:44:45
735,342,2024-08-12,2024-09-11,5878.66,806.99,False,2024-05-31T06:04:30
736,536,2024-02-06,2024-03-07,8367.11,5905.70,False,2023-11-16T07:24:23
737,668,2024-02-18,2024-03-19,5780.56,3088.28,True,2025-06-18T09:38:12
738,1423,2024-08-25,2024-09-24,5867.93,4627.71,False,2025-10-23T00:01:58
739,660,2023-08-29,2023-09-28,1704.11,4185.29,False,2024-05-02T21:51:45
740,1137,2023-08-04,2023-09-03,4800.32,1578.41,True,2025-05-19T04:51:25
741,1903,2024-01-07,2024-02-06,2101.70,5406.24,False,2023-03-08T13:37:34
742,656,2023-08-06,2023-09-05,4487.92,9415.29,True,2023-09-22T14:12:31
743,28,2023-04-17,2023-05-17,5767.02,3722.01,True,2023-03-12T01:58:24
744,1371,2024-10-25,2024-11-24,8753.87,8253.37,True,2025-02-19T08:57:13
745,15,2022-11-04,2022-12-04,7140.53,400.46,False,2025-09-23T00:49:14
746,1901,2023-12-10,2024-01-09,2353.61,5296.52,False,2025-08-24T19:53:38
747,1773,2024-05-02,2024-06-01,5476.97,4759.47,True,2025-08-31T13:11:38
748,1610,2024-07-19,2024-08-18,7383.32,8107.82,True,2025-04-17T13:54:52
749,105,2022-12-12,2023-01-11,9129.33,9486.93,True,2024-09-08T17:41:48
750,931,2023-04-28,2023-05-28,1169.95,9363.92,True,2025-09-12T10:43:20
751,1843,2022-11-24,2022-12-24,7754.14,5597.04,True,2024-12-14T16:37:05
752,1925,2023-06-17,2023-07-17,2079.88,8345.20,False,2025-03-25T22:49:16
753,776,2023-04-21,2023-05-21,9475.23,3963.45,True,2024-02-29T23:25:38
754,751,2024-10-05,2024-11-04,3056.58,3570.41,True,2023-01-23T10:06:30
755,1998,2023-12-19,2024-01-18,5995.14,5507.89,False,2023-03-17T21:08:46
756,6,2024-05-31,2024-06-30,8464.71,6578.58,True,2023-04-01T18:26:02
757,931,2024-03-04,2024-04-03,7471.62,6038.82,True,2024-01-28T21:16:00
758,1704,2024-04-16,2024-05-16,8303.75,5808.61,True,2023-02-05T06:42:55
759,1357,2023-10-28,2023-11-27,5806.76,2371.61,True,2024-03-08T23:06:05
760,628,2023-09-04,2023-10-04,6045.64,6801.75,False,2023-09-11T06:38:22
761,411,2024-10-05,2024-11-04,5814.73,7419.36,False,2025-08-25T16:47:43
762,1321,2024-01-20,2024-02-19,6722.58,6003.47,False,2024-01-21T13:18:29
763,1248,2024-08-26,2024-09-25,1340.24,5945.31,True,2024-10-01T10:00:11
764,1926,2023-07-18,2023-08-17,2777.71,3705.51,False,2024-07-12T18:07:57
765,933,2023-12-05,2024-01-04,8529.71,1751.43,True,2023-10-03T05:11:39
766,538,2024-06-16,2024-07-16,4300.02,2361.48,True,2025-03-10T14:03:07
767,1818,2024-02-21,2024-03-22,4629.42,6429.77,True,2023-12-26T01:19:00
768,718,2023-08-02,2023-09-01,3551.21,8683.46,False,2025-05-19T18:04:56
769,749,2023-10-30,2023-11-29,2475.59,6753.62,True,2023-10-05T00:37:53
770,1203,2023-12-31,2024-01-30,4389.12,2874.05,True,2024-02-01T13:17:48
771,1617,2022-12-26,2023-01-25,8814.84,8210.36,False,2023-12-02T07:30:12
772,133,2024-02-24,2024-03-25,4571.66,5553.35,True,2022-11-08T04:05:20
773,1336,2022-11-09,2022-12-09,900.41,4624.23,True,2024-04-06T16:54:28
774,563,2023-08-31,2023-09-30,3618.84,2795.66,True,2023-11-01T02:51:14
775,1659,2023-08-11,2023-09-10,1174.81,9066.66,True,2024-09-09T01:02:23
776,970,2023-01-12,2023-02-11,6450.18,5071.24,False,2025-04-05T02:59:40
777,1604,2023-09-20,2023-10-20,5402.81,5277.91,False,2025-08-11T07:34:41
778,554,2023-08-07,2023-09-06,6075.60,790.63,True,2023-05-18T13:01:51
779,1181,2023-08-23,2023-09-22,8753.12,4230.08,False,2023-11-24T14:17:12
780,710,2023-04-16,2023-05-16,7482.68,8046.65,False,2023-01-18T11:37:51
781,1346,2024-02-22,2024-03-23,2261.29,594.80,True,2025-08-22T23:52:02
782,1142,2024-05-02,2024-06-01,6558.48,604.79,False,2023-04-11T10:08:35
783,1643,2023-01-30,2023-03-01,696.30,5585.59,False,2022-12-12T15:33:53
784,585,2024-09-25,2024-10-25,8708.60,9176.24,False,2023-06-03T12:27:29
785,915,2023-11-22,2023-12-22,3554.35,1736.42,True,2025-01-13T10:31:23
786,677,2024-05-30,2024-06-29,3766.51,7855.46,False,2024-09-03T05:06:19
787,1789,2024-03-09,2024-04-08,6544.97,4951.99,False,2024-05-13T12:28:01
788,870,2023-11-05,2023-12-05,8270.54,7033.16,True,2025-05-29T12:24:13
789,213,2024-09-06,2024-10-06,3724.87,6345.14,True,2025-02-03T22:25:03
790,262,2023-11-24,2023-12-24,7913.77,3859.64,True,2023-10-26T00:18:59
791,560,2023-05-21,2023-06-20,7185.33,3069.91,False,2022-12-07T18:24:47
792,1608,2024-01-24,2024-02-23,5093.22,738.25,True,2025-10-21T15:28:44
793,1993,2023-09-26,2023-10-26,9156.43,1456.41,True,2022-12-20T07:54:27
794,806,2024-03-13,2024-04-12,9014.61,4481.10,True,2025-03-12T16:48:43
795,632,2022-12-05,2023-01-04,7096.91,7508.02,True,2025-07-26T03:46:48
796,1273,2024-07-20,2024-08-19,9418.15,7760.25,False,2024-12-24T15:20:26
797,1412,2024-05-21,2024-06-20,5103.61,1849.95,False,2024-03-24T04:02:57
798,1091,2024-10-03,2024-11-02,5052.44,3028.49,False,2024-07-30T21:36:16
799,498,2022-11-15,2022-12-15,9550.13,9109.17,True,2023-09-07T00:21:30
800,683,2023-05-28,2023-06-27,4674.96,6491.20,True,2023-10-08T01:34:26
801,1935,2023-10-12,2023-11-11,6370.74,8213.76,True,2024-06-15T08:46:32
802,76,2023-11-16,2023-12-16,7303.11,7948.66,True,2023-11-08T03:17:38
803,547,2024-09-09,2024-10-09,6588.97,3197.29,True,2024-07-17T17:12:28
804,1035,2023-12-30,2024-01-29,636.41,2803.82,True,2023-02-11T08:27:23
805,94,2024-06-26,2024-07-26,6940.59,1827.69,True,2024-07-19T21:42:16
806,648,2024-08-12,2024-09-11,7919.36,5529.41,False,2024-09-26T01:43:30
807,936,2023-01-10,2023-02-09,2867.33,9355.19,False,2024-10-10T04:51:43
808,1138,2024-01-13,2024-02-12,7859.01,7233.25,False,2024-01-20T13:00:49
809,775,2023-04-10,2023-05-10,3770.11,4488.85,False,2023-05-10T09:54:54
810,711,2023-10-21,2023-11-20,1818.43,5031.20,False,2023-05-02T22:40:03
811,1927,2023-07-24,2023-08-23,4149.65,5319.52,True,2023-03-17T03:52:53
812,1485,2024-09-09,2024-10-09,9586.65,7336.07,False,2023-12-03T22:49:11
813,1982,2022-11-20,2022-12-20,5259.16,5178.80,False,2024-02-17T18:06:28
814,635,2023-05-03,2023-06-02,8810.53,5042.37,True,2022-11-26T01:47:42
815,460,2024-10-01,2024-10-31,927.14,889.13,False,2023-09-27T09:37:04
816,722,2024-07-28,2024-08-27,2981.34,6233.78,False,2025-02-20T15:56:16
817,1738,2024-02-17,2024-03-18,2868.60,3000.00,False,2024-09-14T22:11:14
818,280,2023-10-06,2023-11-05,6057.17,6182.46,False,2023-12-08T16:52:39
819,590,2023-04-24,2023-05-24,4823.65,3008.47,True,2025-03-23T22:13:58
820,1412,2023-08-08,2023-09-07,7141.92,3784.09,False,2025-06-20T09:05:34
821,1365,2024-04-13,2024-05-13,7579.30,2329.27,True,2023-10-09T08:59:44
822,988,2023-10-09,2023-11-08,883.53,5890.56,False,2023-09-10T20:50:45
823,1329,2023-09-18,2023-10-18,1506.09,997.61,True,2024-11-21T09:27:17
824,1210,2024-08-28,2024-09-27,4242.06,1497.70,False,2024-07-17T23:59:16
825,1753,2023-02-13,2023-03-15,8809.51,6360.09,False,2023-01-19T22:10:26
826,668,2023-12-08,2024-01-07,5856.56,1888.14,True,2024-12-15T11:10:12
827,1363,2024-07-18,2024-08-17,2314.05,8448.98,True,2023-08-01T06:23:15
828,592,2023-09-02,2023-10-02,1227.29,6476.37,False,2025-01-03T02:35:05
829,1735,2023-06-16,2023-07-16,9636.98,4604.36,True,2023-12-06T17:01:28
830,166,2022-11-05,2022-12-05,5438.12,8232.86,False,2023-05-05T00:43:46
831,905,2024-09-15,2024-10-15,7122.79,4593.13,True,2023-08-08T13:26:48
832,777,2023-06-07,2023-07-07,990.22,2802.49,True,2025-10-22T13:05:38
833,1774,2023-05-21,2023-06-20,6134.71,3419.75,True,2024-12-23T22:45:57
834,899,2023-03-26,2023-04-25,1443.94,2750.47,False,2023-12-10T06:29:06
835,1175,2024-01-11,2024-02-10,7811.72,4679.99,True,2025-05-25T06:56:35
836,1986,2024-04-30,2024-05-30,6540.72,7457.50,False,2024-06-30T22:46:19
837,1428,2023-01-09,2023-02-08,9510.70,5252.24,True,2024-11-27T20:04:26
838,1465,2022-12-11,2023-01-10,5303.62,1141.61,True,2023-09-13T12:34:47
839,1435,2023-08-06,2023-09-05,9263.91,6454.25,False,2024-09-16T05:12:34
840,785,2023-09-11,2023-10-11,3417.71,7017.29,True,2025-08-06T16:27:56
841,1106,2023-07-20,2023-08-19,3282.69,1139.78,False,2024-09-24T03:44:15
842,1300,2022-11-05,2022-12-05,3521.64,7003.27,False,2023-06-17T07:50:28
843,1715,2022-12-13,2023-01-12,5861.66,730.15,True,2025-10-24T04:56:27
844,1761,2023-10-22,2023-11-21,3552.22,6435.59,True,2025-02-16T12:43:35
845,860,2024-08-01,2024-08-31,688.46,3298.85,False,2024-08-05T21:44:09
846,613,2023-07-02,2023-08-01,1090.11,8650.80,False,2024-04-07T14:29:09
847,1898,2023-07-16,2023-08-15,3692.10,3742.91,False,2023-01-10T15:06:10
848,868,2023-01-01,2023-01-31,5945.64,3806.40,True,2023-09-29T02:50:46
849,1312,2024-03-01,2024-03-31,2120.41,5094.24,True,2024-07-26T05:57:01
850,72,2023-08-26,2023-09-25,5211.98,2600.12,True,2024-03-17T19:39:40
851,224,2022-12-26,2023-01-25,7922.27,6723.81,True,2025-07-29T20:07:02
852,714,2022-11-09,2022-12-09,6024.45,3194.15,True,2022-11-03T11:35:50
853,1509,2023-11-30,2023-12-30,2741.45,7166.48,False,2024-04-17T10:57:46
854,672,2023-09-14,2023-10-14,6038.51,1969.09,True,2025-04-14T17:30:16
855,1661,2023-09-28,2023-10-28,4012.91,5098.62,True,2022-12-24T09:28:26
856,592,2023-12-11,2024-01-10,3801.52,8013.92,True,2023-01-18T04:13:22
857,1879,2023-09-13,2023-10-13,1465.43,3887.21,True,2024-08-12T19:51:34
858,1661,2024-08-31,2024-09-30,7144.80,2856.92,True,2023-05-08T02:26:59
859,682,2023-03-29,2023-04-28,1475.50,7528.08,True,2025-02-01T22:34:04
860,1054,2024-08-27,2024-09-26,8305.37,2230.57,False,2024-11-11T14:11:23
861,1436,2023-10-10,2023-11-09,1019.75,2270.36,False,2024-05-25T02:51:48
862,526,2023-07-29,2023-08-28,6522.51,9107.09,True,2023-02-07T02:04:32
863,1075,2023-05-15,2023-06-14,7564.30,804.69,False,2024-07-05T14:36:05
864,6,2024-09-18,2024-10-18,7921.17,8163.76,False,2025-02-06T03:59:28
865,476,2023-11-27,2023-12-27,8388.95,2891.53,True,2025-06-22T12:16:44
866,574,2023-09-06,2023-10-06,6957.37,418.74,False,2025-08-26T01:28:22
867,1988,2024-07-29,2024-08-28,9621.15,2635.31,False,2025-01-19T12:06:49
868,816,2023-11-12,2023-12-12,3138.46,6864.19,True,2024-09-04T17:17:14
869,1214,2023-11-10,2023-12-10,8144.58,6442.12,False,2025-11-02T10:57:15
870,78,2024-10-10,2024-11-09,8209.54,3410.04,True,2023-10-02T12:14:32
871,738,2023-08-28,2023-09-27,7350.39,8370.26,False,2024-06-03T17:06:54
872,1389,2024-08-31,2024-09-30,6578.37,7020.51,False,2025-02-26T09:25:12
873,1750,2024-05-30,2024-06-29,8788.64,4721.11,True,2023-08-25T08:20:09
874,1370,2024-07-28,2024-08-27,4122.60,5016.77,True,2024-04-22T13:19:00
875,540,2023-12-29,2024-01-28,7437.11,7627.99,False,2024-10-10T06:11:34
876,1098,2023-09-07,2023-10-07,3954.81,3934.99,True,2025-04-03T10:27:51
877,1684,2023-06-29,2023-07-29,7363.01,2636.92,False,2024-12-19T09:34:15
878,1342,2024-03-10,2024-04-09,4970.54,8382.94,False,2023-05-10T12:23:08
879,73,2022-11-15,2022-12-15,8970.03,8841.17,False,2022-12-17T08:34:31
880,1645,2024-04-28,2024-05-28,8226.06,2558.13,False,2025-01-02T21:28:57
881,1833,2022-12-25,2023-01-24,1230.16,1454.91,True,2022-12-05T17:07:21
882,1256,2023-04-29,2023-05-29,661.54,2823.71,True,2024-05-07T12:56:47
883,970,2023-08-27,2023-09-26,3956.01,6174.49,True,2025-06-29T07:27:03
884,549,2024-07-10,2024-08-09,989.29,4875.51,False,2023-04-27T21:02:12
885,858,2024-06-03,2024-07-03,5842.88,8613.46,True,2024-12-08T16:30:55
886,449,2023-10-25,2023-11-24,3677.45,9045.21,False,2023-09-16T18:15:41
887,492,2024-07-31,2024-08-30,5336.63,5769.60,True,2023-09-02T13:38:20
888,1077,2024-03-01,2024-03-31,7816.31,5464.55,True,2023-06-02T21:17:15
889,1255,2023-04-18,2023-05-18,5856.38,4392.72,False,2023-02-25T01:36:24
890,1188,2023-10-22,2023-11-21,5825.19,798.54,False,2023-06-20T23:36:08
891,1468,2022-12-13,2023-01-12,3915.94,6874.10,True,2024-02-26T06:16:45
892,1691,2023-05-30,2023-06-29,8703.38,2242.19,True,2022-11-18T07:03:40
893,944,2024-08-05,2024-09-04,6425.61,7082.93,True,2023-10-30T03:44:18
894,832,2023-05-06,2023-06-05,6481.80,408.82,False,2025-06-25T21:40:18
895,21,2024-07-20,2024-08-19,3387.83,4549.16,False,2023-09-18T11:03:01
896,54,2023-11-22,2023-12-22,1474.60,7746.47,True,2024-02-13T22:35:44
897,683,2023-08-25,2023-09-24,4417.56,8032.84,False,2025-02-13T10:05:56
898,1602,2023-03-02,2023-04-01,3570.79,5816.80,True,2023-09-29T06:43:47
899,1323,2024-03-21,2024-04-20,4278.38,5267.66,False,2025-01-02T14:51:13
900,1777,2024-10-14,2024-11-13,6112.12,8274.65,True,2023-11-15T13:35:13
901,336,2023-01-16,2023-02-15,2418.58,3034.21,True,2025-05-05T05:49:24
902,517,2023-12-28,2024-01-27,2782.20,957.45,True,2023-11-25T19:29:53
903,1414,2023-05-22,2023-06-21,1108.70,1355.85,True,2022-12-04T10:28:03
904,1693,2024-03-27,2024-04-26,4581.07,5529.71,True,2023-12-25T08:00:37
905,1514,2023-11-21,2023-12-21,8553.57,3874.39,True,2023-09-17T17:01:19
906,697,2024-01-26,2024-02-25,6121.48,7332.14,True,2023-08-16T22:14:42
907,1731,2023-09-22,2023-10-22,3361.61,6940.54,True,2025-02-03T01:31:22
908,1999,2023-11-03,2023-12-03,8445.21,5383.04,True,2024-03-21T00:22:40
909,274,2024-09-04,2024-10-04,8249.41,2368.31,False,2024-01-30T16:38:59
910,1392,2024-04-03,2024-05-03,8634.37,9243.86,True,2022-12-15T12:01:02
911,553,2024-09-23,2024-10-23,518.80,7420.33,False,2025-03-26T16:38:05
912,1905,2024-10-06,2024-11-05,3633.91,1640.92,False,2024-03-03T15:18:52
913,1512,2024-01-08,2024-02-07,6148.89,1954.37,True,2025-07-13T13:13:44
914,46,2024-07-03,2024-08-02,1912.30,6691.25,True,2025-05-18T09:53:24
915,31,2024-07-20,2024-08-19,758.68,2135.20,False,2024-06-25T12:51:49
916,1079,2023-10-07,2023-11-06,9413.33,1958.83,True,2023-04-27T12:07:23
917,543,2024-10-19,2024-11-18,6791.78,3429.49,False,2025-09-22T12:21:28
918,1162,2023-10-10,2023-11-09,1410.89,8881.40,False,2025-05-07T22:49:27
919,472,2023-02-18,2023-03-20,7709.86,5897.91,False,2023-10-17T23:32:14
920,239,2023-04-07,2023-05-07,6544.07,4810.71,False,2024-05-19T13:36:35
921,377,2023-05-08,2023-06-07,6089.64,8537.87,False,2024-11-08T01:28:38
922,836,2023-08-21,2023-09-20,7484.90,7678.60,False,2023-02-02T10:35:56
923,115,2024-01-17,2024-02-16,9046.32,5289.94,False,2022-11-10T12:22:44
924,939,2024-10-25,2024-11-24,6010.20,3702.40,False,2024-08-07T05:46:28
925,142,2023-02-12,2023-03-14,9098.50,431.63,True,2024-09-29T05:53:57
926,1,2024-09-21,2024-10-21,6598.42,761.66,True,2024-03-07T05:18:32
927,804,2023-04-06,2023-05-06,2836.85,8862.00,False,2022-11-14T10:53:16
928,113,2024-05-25,2024-06-24,1724.17,9030.57,True,2023-08-10T20:41:32
929,1478,2024-03-19,2024-04-18,9711.32,4249.95,True,2025-03-02T22:06:36
930,864,2023-12-28,2024-01-27,1154.17,7187.57,True,2023-08-31T03:06:26
931,880,2023-07-22,2023-08-21,2276.68,1724.78,False,2023-01-24T15:12:57
932,1663,2023-06-23,2023-07-23,6183.07,5361.43,False,2023-09-27T20:35:43
933,1450,2024-10-01,2024-10-31,4779.49,4539.44,True,2023-09-10T12:33:38
934,1416,2023-02-07,2023-03-09,3356.89,9011.74,True,2023-06-04T14:15:02
935,132,2023-09-06,2023-10-06,3153.95,1912.21,True,2023-01-07T05:25:48
936,340,2022-11-04,2022-12-04,2267.70,1861.59,True,2025-07-15T21:00:52
937,404,2024-05-02,2024-06-01,5459.42,7555.95,True,2024-10-04T16:24:20
938,1025,2023-11-08,2023-12-08,9418.70,3361.43,True,2025-04-18T03:12:07
939,446,2023-09-03,2023-10-03,3709.59,9448.96,False,2024-08-17T10:59:40
940,297,2023-08-26,2023-09-25,5110.78,649.40,False,2024-09-03T06:39:24
941,1883,2024-08-15,2024-09-14,9874.41,8148.48,True,2025-11-01T13:55:36
942,570,2023-10-17,2023-11-16,3343.30,1963.11,False,2025-06-20T22:08:54
943,1894,2024-09-03,2024-10-03,2023.82,5771.39,True,2024-04-02T18:36:39
944,516,2024-02-13,2024-03-14,8204.24,3929.62,True,2024-10-31T04:15:01
945,1070,2024-06-05,2024-07-05,6820.75,6269.71,True,2024-03-19T04:26:49
946,1179,2024-03-08,2024-04-07,7209.21,8636.00,False,2022-11-25T10:30:29
947,71,2023-03-17,2023-04-16,3155.65,8670.79,True,2024-04-10T14:02:32
948,403,2023-05-17,2023-06-16,6605.87,4577.63,True,2025-06-26T14:41:51
949,722,2023-01-22,2023-02-21,9269.88,8217.52,True,2024-05-19T08:49:54
950,425,2023-10-18,2023-11-17,7298.96,4465.70,False,2024-11-15T16:47:31
951,1614,2023-03-08,2023-04-07,6429.31,7055.42,True,2023-10-04T21:50:04
952,698,2023-09-01,2023-10-01,2801.94,693.65,False,2022-11-05T11:11:54
953,697,2024-02-17,2024-03-18,5833.23,3688.82,False,2025-06-02T04:23:23
954,122,2024-10-20,2024-11-19,5333.29,9420.83,False,2024-04-12T20:32:09
955,1657,2022-11-10,2022-12-10,9136.71,1574.91,True,2024-08-28T06:49:17
956,1518,2023-03-25,2023-04-24,7132.36,2138.90,True,2025-09-29T10:33:22
957,988,2024-05-28,2024-06-27,542.55,4234.47,True,2025-08-15T19:16:21
958,1142,2023-07-19,2023-08-18,4639.45,7801.83,False,2023-01-21T13:46:17
959,807,2023-02-02,2023-03-04,6972.08,2994.67,False,2023-07-13T23:01:17
960,345,2024-02-29,2024-03-30,7559.97,1291.56,True,2023-09-27T02:15:48
961,1516,2023-06-19,2023-07-19,3983.96,6281.53,False,2023-03-20T23:26:15
962,85,2024-04-18,2024-05-18,5781.99,7417.08,True,2024-08-20T18:01:36
963,1362,2022-11-25,2022-12-25,8464.61,4568.48,True,2023-12-24T12:24:23
964,1529,2024-08-14,2024-09-13,2140.77,7850.73,False,2023-07-24T18:20:42
965,1645,2023-09-07,2023-10-07,8116.76,6478.72,False,2023-10-27T12:13:52
966,1828,2023-06-15,2023-07-15,6446.05,7643.43,True,2023-09-01T03:13:24
967,1828,2022-12-02,2023-01-01,7629.13,3748.40,False,2024-11-12T13:49:32
968,365,2024-09-24,2024-10-24,6706.77,9303.96,True,2023-07-12T03:04:04
969,866,2024-03-14,2024-04-13,6767.28,4455.85,True,2023-08-30T18:47:42
970,1610,2023-10-22,2023-11-21,6649.95,5583.40,False,2023-12-31T12:36:13
971,1945,2023-02-14,2023-03-16,968.87,3248.99,False,2024-10-12T20:35:03
972,619,2024-07-08,2024-08-07,5096.79,2660.03,False,2024-02-24T04:33:05
973,1683,2023-02-26,2023-03-28,3033.05,8056.44,False,2024-01-23T13:43:41
974,1556,2023-11-25,2023-12-25,2386.75,6907.85,True,2025-08-25T10:39:06
975,881,2024-03-16,2024-04-15,3541.59,8138.15,True,2023-12-14T04:25:53
976,288,2023-11-21,2023-12-21,9794.01,6168.69,False,2024-08-05T18:14:41
977,452,2023-09-29,2023-10-29,3334.53,933.78,True,2025-02-01T09:22:29
978,980,2023-04-27,2023-05-27,1176.36,1759.15,False,2024-03-14T18:52:36
979,390,2023-10-14,2023-11-13,8051.37,791.40,True,2023-03-08T05:10:30
980,687,2024-01-23,2024-02-22,6920.31,8916.51,True,2024-04-23T05:30:41
981,1333,2023-04-18,2023-05-18,9148.33,6033.77,False,2023-05-04T06:14:28
982,494,2023-06-24,2023-07-24,7402.76,9028.57,True,2023-08-04T04:20:38
983,335,2023-06-22,2023-07-22,9918.27,1887.24,False,2024-03-16T04:12:32
984,565,2024-04-18,2024-05-18,6071.40,2963.70,False,2024-03-16T01:36:38
985,127,2024-10-23,2024-11-22,4631.23,6319.78,False,2023-03-07T18:15:05
986,595,2024-07-10,2024-08-09,3177.20,5006.99,True,2025-06-09T22:31:14
987,76,2024-05-03,2024-06-02,4933.46,6397.31,True,2025-03-13T05:31:40
988,943,2023-04-06,2023-05-06,5479.91,7084.32,True,2025-08-10T13:32:32
989,1502,2024-08-15,2024-09-14,848.29,1630.38,False,2023-03-02T13:58:31
990,1073,2024-07-02,2024-08-01,7828.03,3784.47,False,2023-05-17T09:09:06
991,1931,2023-10-17,2023-11-16,1724.02,1423.48,False,2024-05-18T07:25:33
992,630,2023-01-05,2023-02-04,7306.35,6341.50,True,2025-06-28T13:00:09
993,573,2024-08-26,2024-09-25,2933.68,1033.15,True,2023-11-05T00:15:36
994,1348,2023-12-09,2024-01-08,9704.98,6980.18,False,2024-01-09T05:44:37
995,348,2023-07-19,2023-08-18,7137.00,6658.19,False,2025-01-12T15:12:04
996,1880,2024-05-18,2024-06-17,5915.15,9492.65,False,2025-08-16T21:52:02
997,1165,2023-05-29,2023-06-28,6209.02,548.11,False,2023-08-21T15:32:35
998,593,2023-08-10,2023-09-09,1037.68,2810.59,True,2023-09-06T20:53:37
999,151,2024-05-20,2024-06-19,1060.46,764.92,False,2025-03-03T02:47:32
1000,1403,2023-01-15,2023-02-14,9693.76,1082.86,False,2025-07-21T06:36:50
1001,759,2024-10-16,2024-11-15,7965.54,2374.94,False,2025-03-11T12:02:01
1002,1491,2024-09-18,2024-10-18,5460.84,4546.96,False,2024-05-05T22:55:51
1003,80,2023-05-22,2023-06-21,4176.86,540.31,False,2024-01-12T21:09:57
1004,912,2023-12-28,2024-01-27,9683.33,3655.28,True,2024-10-19T21:28:20
1005,548,2023-01-23,2023-02-22,1602.15,5153.72,False,2023-11-12T00:25:16
1006,1920,2023-05-23,2023-06-22,1183.75,4068.55,False,2022-12-23T11:55:59
1007,247,2023-06-26,2023-07-26,3025.43,1597.47,False,2024-06-12T12:09:36
1008,972,2024-07-16,2024-08-15,991.63,1820.34,False,2025-09-16T21:49:17
1009,1595,2024-01-08,2024-02-07,2688.17,3933.36,True,2023-11-25T13:30:29
1010,1976,2024-06-15,2024-07-15,3682.06,1469.08,False,2023-08-29T22:38:28
1011,357,2024-04-13,2024-05-13,8717.69,4685.03,True,2023-04-20T11:31:24
1012,525,2024-04-09,2024-05-09,2474.16,3765.04,True,2025-02-04T21:34:54
1013,540,2024-06-12,2024-07-12,1562.69,3975.27,False,2024-09-21T21:52:09
1014,1974,2023-09-06,2023-10-06,3593.36,6149.42,False,2023-10-30T03:28:10
1015,383,2023-07-23,2023-08-22,9496.95,3564.64,True,2024-05-11T08:27:34
1016,1740,2024-09-29,2024-10-29,7138.27,4920.68,False,2023-03-11T15:44:13
1017,1837,2023-05-24,2023-06-23,1206.63,1725.19,False,2025-07-11T17:35:11
1018,298,2023-02-20,2023-03-22,3558.12,689.76,False,2025-03-16T17:09:59
1019,658,2024-08-07,2024-09-06,8230.00,7203.30,False,2024-01-12T17:53:53
1020,1898,2024-09-18,2024-10-18,690.01,5109.80,True,2023-05-14T22:50:56
1021,1515,2023-07-12,2023-08-11,6292.24,6535.71,True,2024-10-22T17:12:13
1022,651,2024-09-15,2024-10-15,7774.64,2495.15,True,2024-10-10T07:10:28
1023,835,2023-08-17,2023-09-16,870.27,6516.59,True,2024-12-10T18:53:03
1024,1602,2024-05-23,2024-06-22,1206.53,8330.17,True,2025-07-19T12:11:30
1025,1934,2024-10-28,2024-11-27,7843.90,8019.72,True,2023-06-12T08:37:08
1026,53,2023-04-28,2023-05-28,8207.71,5961.53,True,2023-06-19T10:32:42
1027,338,2024-04-16,2024-05-16,8429.06,8239.03,False,2023-10-30T15:39:05
1028,1929,2023-11-22,2023-12-22,7219.28,9444.86,True,2025-01-18T03:04:48
1029,1356,2022-12-05,2023-01-04,7157.65,7611.33,True,2025-10-25T12:41:55
1030,1058,2022-12-15,2023-01-14,5447.48,8204.34,False,2024-08-19T07:42:01
1031,1502,2024-04-12,2024-05-12,1230.30,6860.80,False,2024-02-18T05:27:58
1032,1276,2024-09-23,2024-10-23,1925.22,3639.07,True,2023-11-29T20:04:40
1033,611,2022-12-04,2023-01-03,7223.08,7869.54,True,2023-01-11T22:53:12
1034,830,2023-11-30,2023-12-30,4550.54,6267.46,False,2024-11-07T02:59:46
1035,498,2023-03-23,2023-04-22,5559.19,6859.47,False,2025-09-02T18:56:40
1036,1721,2023-12-24,2024-01-23,4654.78,2933.99,True,2023-08-16T15:25:51
1037,1800,2024-09-05,2024-10-05,1288.60,3441.90,True,2024-09-17T05:53:50
1038,1159,2023-02-27,2023-03-29,6585.16,1634.60,False,2024-11-05T16:41:00
1039,304,2024-03-22,2024-04-21,8282.34,2120.13,False,2025-09-13T08:13:03
1040,1010,2024-03-20,2024-04-19,4972.09,6019.53,True,2023-01-25T09:56:38
1041,1359,2024-04-26,2024-05-26,4161.43,4574.82,True,2023-07-13T07:01:37
1042,24,2024-02-24,2024-03-25,5185.11,5047.19,True,2023-12-12T18:38:29
1043,515,2023-05-01,2023-05-31,9626.06,4980.18,True,2025-04-12T00:50:10
1044,1297,2023-12-07,2024-01-06,3905.85,6914.31,True,2022-11-25T01:18:54
1045,392,2024-02-26,2024-03-27,7552.78,1283.50,False,2023-04-06T06:01:30
1046,931,2024-04-29,2024-05-29,5975.17,898.34,True,2025-06-08T01:00:06
1047,1376,2023-04-03,2023-05-03,2865.00,4333.68,True,2025-07-23T12:29:59
1048,1698,2024-01-30,2024-02-29,7249.53,6250.68,True,2024-02-11T14:15:51
1049,169,2024-08-07,2024-09-06,4739.06,9268.82,True,2024-02-20T12:45:56
1050,1208,2023-02-04,2023-03-06,8209.66,3361.07,True,2023-03-28T14:55:05
1051,1392,2024-07-30,2024-08-29,1834.03,6264.15,False,2025-06-20T02:24:49
1052,119,2022-12-03,2023-01-02,8875.33,5516.50,False,2024-02-06T23:43:24
1053,1948,2024-06-23,2024-07-23,6071.07,7460.55,True,2023-06-03T21:29:07
1054,1743,2024-09-08,2024-10-08,9660.53,5447.56,True,2024-03-23T14:34:07
1055,1380,2024-08-14,2024-09-13,2774.00,645.39,True,2024-07-14T13:49:25
1056,1349,2022-11-19,2022-12-19,6724.41,9009.53,False,2023-05-23T02:08:11
1057,801,2024-06-04,2024-07-04,9032.76,2368.82,False,2024-02-28T05:49:11
1058,43,2024-06-08,2024-07-08,7858.00,4198.52,True,2023-04-22T20:03:41
1059,448,2023-11-25,2023-12-25,8254.14,5819.30,False,2023-06-13T12:16:24
1060,91,2023-11-22,2023-12-22,4215.72,6790.10,False,2023-02-09T10:38:23
1061,877,2023-07-02,2023-08-01,581.58,6915.66,False,2024-04-29T03:51:29
1062,41,2023-09-13,2023-10-13,5498.20,641.23,True,2025-08-21T04:27:16
1063,696,2024-04-23,2024-05-23,8399.04,842.88,True,2024-01-29T21:53:11
1064,1124,2024-01-16,2024-02-15,2572.08,4186.41,True,2023-05-31T12:39:21
1065,739,2024-02-11,2024-03-12,955.58,6858.28,True,2023-11-20T09:20:04
1066,720,2024-01-01,2024-01-31,9843.62,9166.69,False,2023-01-18T22:33:00
1067,1901,2024-04-05,2024-05-05,3302.45,7679.86,False,2024-05-28T00:13:26
1068,1587,2023-04-03,2023-05-03,1141.53,1553.92,True,2024-02-07T07:09:06
1069,856,2024-08-15,2024-09-14,1125.41,838.37,True,2023-12-06T20:34:44
1070,1432,2023-04-02,2023-05-02,2210.56,6184.82,True,2024-04-21T15:31:30
1071,902,2024-09-02,2024-10-02,4289.82,5689.48,True,2023-07-13T22:33:48
1072,1520,2023-11-16,2023-12-16,9033.43,3225.51,True,2023-04-11T04:55:43
1073,846,2023-02-16,2023-03-18,5186.50,2798.10,True,2023-01-14T03:52:02
1074,486,2024-10-22,2024-11-21,1772.36,9003.91,False,2025-07-24T22:39:58
1075,907,2023-02-04,2023-03-06,3151.29,7985.07,True,2023-07-01T23:02:54
1076,1995,2023-08-15,2023-09-14,1629.55,4751.96,False,2025-02-09T06:30:55
1077,682,2024-04-20,2024-05-20,4027.82,9218.31,True,2025-01-16T09:28:06
1078,572,2023-01-28,2023-02-27,2288.61,4892.73,True,2023-11-02T11:28:12
1079,1512,2023-12-21,2024-01-20,8807.67,3424.88,False,2023-10-11T23:26:52
1080,726,2022-12-11,2023-01-10,6623.93,6449.87,True,2024-12-08T03:42:58
1081,1830,2023-12-14,2024-01-13,2184.95,3332.40,True,2024-05-30T18:29:28
1082,1687,2023-02-16,2023-03-18,5810.00,725.58,True,2025-06-21T09:38:25
1083,1940,2024-04-30,2024-05-30,6040.75,2337.47,False,2025-07-28T19:45:35
1084,597,2024-06-04,2024-07-04,5774.55,4423.15,False,2022-12-22T11:55:54
1085,1808,2023-08-09,2023-09-08,4258.53,9058.80,True,2024-08-22T12:38:29
1086,1582,2023-08-04,2023-09-03,8049.73,8976.74,False,2024-03-21T00:28:49
1087,509,2024-04-04,2024-05-04,2957.76,6758.37,False,2023-01-30T08:06:12
1088,583,2023-06-08,2023-07-08,2418.43,8900.16,False,2023-01-11T03:08:12
1089,3,2024-07-24,2024-08-23,5422.14,1954.10,False,2024-06-14T07:50:02
1090,1118,2024-08-03,2024-09-02,925.27,7920.78,True,2024-04-01T16:18:00
1091,425,2023-08-03,2023-09-02,5179.50,1209.88,True,2023-04-01T13:35:28
1092,237,2023-12-04,2024-01-03,529.06,6169.51,True,2023-01-24T01:13:26
1093,1030,2024-06-03,2024-07-03,1946.15,2577.93,True,2025-10-17T01:02:07
1094,1665,2024-06-29,2024-07-29,7800.14,487.62,True,2023-09-11T13:44:15
1095,1182,2023-04-30,2023-05-30,4908.36,4850.50,False,2024-07-12T22:44:00
1096,234,2023-05-01,2023-05-31,8922.93,4027.13,True,2023-04-29T20:40:06
1097,1022,2023-05-06,2023-06-05,8860.47,2772.65,False,2023-04-14T09:42:20
1098,1835,2023-09-13,2023-10-13,6192.62,2954.34,False,2024-04-07T20:55:28
1099,1526,2024-04-21,2024-05-21,6878.24,8516.35,False,2023-02-19T23:42:45
1100,1470,2024-03-01,2024-03-31,1211.48,9123.35,True,2024-02-03T14:29:39
1101,257,2024-01-31,2024-03-01,7049.90,9365.24,False,2023-09-21T20:28:33
1102,271,2023-05-10,2023-06-09,4599.51,569.75,False,2024-09-10T15:16:37
1103,1599,2023-07-05,2023-08-04,6657.72,8200.56,True,2025-04-30T12:20:23
1104,347,2024-08-03,2024-09-02,7379.62,575.88,True,2025-08-27T05:42:54
1105,1072,2024-05-01,2024-05-31,6672.05,8147.97,False,2023-08-21T00:54:39
1106,729,2024-10-05,2024-11-04,7349.79,5721.00,True,2023-01-24T11:17:02
1107,1449,2023-04-13,2023-05-13,5538.81,3285.28,False,2024-07-15T18:37:00
1108,1850,2022-12-29,2023-01-28,2876.67,9299.25,True,2025-03-21T17:10:41
1109,1741,2023-08-14,2023-09-13,2323.77,5723.42,False,2024-02-24T11:38:30
1110,722,2024-01-21,2024-02-20,2306.83,5919.05,True,2024-10-27T23:16:26
1111,1091,2023-12-16,2024-01-15,905.17,2522.83,False,2024-08-27T00:49:06
1112,1140,2024-07-01,2024-07-31,4688.50,1166.75,False,2024-02-01T19:23:03
1113,622,2024-04-11,2024-05-11,2922.66,7060.45,True,2024-04-18T22:38:08
1114,1372,2023-08-07,2023-09-06,6920.59,4414.62,True,2023-01-25T21:40:13
1115,774,2023-08-16,2023-09-15,7825.80,6278.18,True,2024-07-04T14:04:09
1116,1049,2024-08-19,2024-09-18,3628.24,3489.00,False,2024-12-07T00:01:26
1117,1235,2024-07-10,2024-08-09,3406.62,3970.34,True,2025-03-12T14:30:00
1118,215,2023-05-16,2023-06-15,5521.96,2382.14,False,2023-12-06T18:52:44
1119,369,2024-08-10,2024-09-09,7249.56,545.94,True,2025-04-03T04:52:29
1120,585,2023-01-27,2023-02-26,9358.61,1910.05,False,2023-11-13T11:14:48
1121,1101,2023-09-06,2023-10-06,9399.92,3511.22,True,2023-06-13T15:39:49
1122,605,2024-06-19,2024-07-19,4295.20,9049.62,True,2024-04-18T18:13:31
1123,650,2023-11-03,2023-12-03,1159.23,9286.16,True,2024-09-24T01:38:46
1124,229,2024-10-23,2024-11-22,7677.19,4281.14,False,2023-10-31T10:40:04
1125,1506,2024-09-17,2024-10-17,543.03,5159.67,False,2023-09-26T10:35:31
1126,91,2023-11-18,2023-12-18,1341.93,3840.66,False,2024-03-04T21:56:34
1127,1790,2023-03-11,2023-04-10,3514.75,8459.07,False,2025-10-22T16:28:15
1128,1029,2023-01-29,2023-02-28,6937.90,6821.70,True,2024-12-26T19:05:40
1129,1506,2023-04-07,2023-05-07,4010.44,4236.05,True,2023-05-11T08:12:11
1130,1548,2024-09-12,2024-10-12,5978.03,5466.81,False,2025-06-02T04:35:18
1131,514,2024-05-06,2024-06-05,7173.24,8740.62,False,2023-06-12T13:19:44
1132,1479,2023-10-07,2023-11-06,3298.51,3464.41,True,2023-08-14T06:33:01
1133,1805,2023-11-30,2023-12-30,5955.48,4034.56,True,2023-05-12T04:15:10
1134,1529,2023-11-26,2023-12-26,2910.73,9318.82,False,2023-11-07T21:28:56
1135,1235,2024-10-09,2024-11-08,7677.16,5160.89,False,2023-11-17T09:35:59
1136,603,2024-08-07,2024-09-06,6268.02,3960.85,True,2025-09-11T16:04:22
1137,282,2023-07-10,2023-08-09,6247.70,4080.28,False,2024-08-10T18:40:59
1138,462,2024-08-23,2024-09-22,2241.43,5458.63,True,2024-09-12T15:19:30
1139,1774,2023-06-27,2023-07-27,1228.92,6431.45,True,2023-03-04T17:14:17
1140,46,2023-10-09,2023-11-08,5054.03,4643.29,True,2022-11-13T11:13:46
1141,1266,2023-03-10,2023-04-09,903.25,3052.53,False,2025-06-01T06:06:49
1142,1058,2024-06-27,2024-07-27,4535.89,608.16,False,2022-11-16T09:42:27
1143,128,2023-01-14,2023-02-13,5398.34,7362.84,True,2024-09-13T07:31:57
1144,1868,2024-06-05,2024-07-05,9633.27,8862.12,False,2024-03-05T16:56:54
1145,1658,2024-10-01,2024-10-31,3527.92,2032.07,True,2023-09-19T04:44:41
1146,1235,2022-11-13,2022-12-13,9921.95,7169.19,False,2025-03-10T05:13:23
1147,560,2024-06-20,2024-07-20,7658.94,5022.37,True,2023-09-20T19:19:55
1148,1595,2024-02-05,2024-03-06,5213.65,5139.97,False,2024-05-10T10:00:19
1149,1333,2022-12-31,2023-01-30,5168.81,8646.21,False,2023-09-03T04:01:36
1150,297,2024-03-02,2024-04-01,8893.70,615.08,False,2023-02-07T07:02:50
1151,456,2023-08-09,2023-09-08,5500.43,1609.19,True,2023-05-28T16:19:29
1152,1219,2023-10-11,2023-11-10,3877.69,6527.19,True,2022-12-09T12:08:45
1153,908,2023-12-12,2024-01-11,5329.44,4469.86,False,2022-12-24T10:38:43
1154,685,2022-11-29,2022-12-29,505.57,7473.44,True,2024-09-28T17:21:51
1155,1991,2024-03-15,2024-04-14,7624.08,4805.87,False,2023-01-24T19:56:40
1156,1461,2023-01-21,2023-02-20,1066.67,2401.51,False,2024-09-04T03:18:17
1157,428,2023-03-30,2023-04-29,2564.13,3940.37,False,2023-12-22T17:32:07
1158,371,2023-10-14,2023-11-13,9734.93,4693.04,True,2023-06-12T12:03:28
1159,730,2024-05-01,2024-05-31,7762.57,1247.69,False,2025-08-27T11:25:27
1160,1505,2024-10-28,2024-11-27,2627.00,6003.96,False,2025-04-24T02:04:27
1161,852,2022-12-18,2023-01-17,7233.44,6235.51,True,2024-06-01T00:31:43
1162,1968,2023-04-12,2023-05-12,7144.79,6338.50,False,2023-03-22T12:39:00
1163,618,2023-08-03,2023-09-02,5683.93,1084.26,True,2024-03-27T22:24:51
1164,1425,2024-10-08,2024-11-07,4771.21,3691.33,False,2023-04-29T01:10:59
1165,971,2023-12-10,2024-01-09,2428.18,7338.50,True,2023-07-02T22:07:47
1166,534,2023-03-13,2023-04-12,8768.85,3958.24,True,2024-03-24T01:45:33
1167,1009,2023-03-10,2023-04-09,6862.14,7369.60,False,2025-04-28T14:50:55
1168,628,2024-08-24,2024-09-23,743.68,7003.85,True,2024-08-18T10:35:25
1169,1691,2024-06-25,2024-07-25,7419.89,1811.27,False,2024-02-20T11:04:21
1170,1386,2023-03-27,2023-04-26,5352.16,2240.53,False,2024-04-16T06:11:52
1171,1899,2023-05-15,2023-06-14,6204.85,8779.49,True,2023-06-10T13:47:36
1172,914,2024-06-24,2024-07-24,5442.72,6095.43,False,2024-11-20T01:27:03
1173,979,2024-07-10,2024-08-09,5046.14,3389.21,True,2023-08-28T12:22:55
1174,275,2023-07-06,2023-08-05,2631.91,8943.98,False,2024-04-10T13:07:15
1175,1561,2023-09-05,2023-10-05,1653.37,3535.41,True,2024-10-22T03:50:04
1176,926,2023-09-15,2023-10-15,3089.19,8390.47,True,2024-04-27T08:08:13
1177,1089,2024-09-07,2024-10-07,6651.18,1886.74,False,2024-12-04T17:35:30
1178,1634,2023-04-25,2023-05-25,8223.93,7420.74,False,2023-04-12T18:25:10
1179,371,2024-01-23,2024-02-22,5915.67,8709.09,False,2023-06-18T19:35:58
1180,981,2024-09-20,2024-10-20,3938.48,2026.58,False,2024-06-15T17:23:44
1181,1560,2023-02-27,2023-03-29,2892.32,6535.31,False,2022-12-12T06:26:51
1182,29,2023-09-07,2023-10-07,2726.47,3175.06,True,2024-09-27T01:27:31
1183,1240,2024-03-30,2024-04-29,4764.94,6043.59,False,2023-07-18T03:48:14
1184,486,2023-07-24,2023-08-23,4293.45,3115.43,True,2023-04-11T02:19:22
1185,372,2023-11-02,2023-12-02,7015.47,8189.95,False,2023-07-17T03:56:23
1186,898,2023-09-15,2023-10-15,819.45,2739.06,False,2023-12-25T10:01:55
1187,1014,2023-01-05,2023-02-04,8723.24,3658.26,True,2025-02-07T13:01:26
1188,1250,2023-12-26,2024-01-25,6784.90,7381.40,True,2024-03-14T21:17:17
1189,140,2024-04-11,2024-05-11,9476.23,7029.85,False,2024-07-04T13:29:11
1190,789,2024-09-08,2024-10-08,7838.87,8351.57,True,2023-08-20T00:23:06
1191,1710,2023-07-06,2023-08-05,4739.61,2880.29,True,2025-10-28T04:39:03
1192,1048,2024-04-06,2024-05-06,5631.65,8632.77,True,2025-07-18T19:56:21
1193,1774,2023-10-27,2023-11-26,8770.68,4501.77,False,2024-09-17T20:59:43
1194,1576,2024-10-21,2024-11-20,7051.31,2523.43,False,2023-04-12T18:27:10
1195,461,2023-02-13,2023-03-15,734.20,7889.02,False,2024-03-07T21:03:18
1196,1841,2024-04-19,2024-05-19,7309.66,5396.95,False,2023-01-26T06:46:41
1197,554,2023-07-29,2023-08-28,8792.07,2008.33,False,2025-05-03T14:30:36
1198,125,2023-07-11,2023-08-10,1980.46,8562.69,False,2025-09-26T13:33:19
1199,1680,2024-09-10,2024-10-10,8932.46,7358.33,False,2023-01-05T22:23:59
1200,1432,2024-09-29,2024-10-29,4530.96,5178.94,True,2025-06-03T23:27:08
1201,1105,2024-06-18,2024-07-18,7265.66,4045.17,False,2024-06-12T10:39:00
1202,1922,2023-10-10,2023-11-09,6743.11,4837.52,False,2024-11-03T23:08:37
1203,900,2024-08-28,2024-09-27,8149.55,1342.76,False,2023-03-05T04:58:24
1204,913,2024-03-27,2024-04-26,5723.77,2161.11,True,2025-09-17T17:10:50
1205,700,2024-03-25,2024-04-24,8947.83,1515.60,False,2023-08-28T04:48:46
1206,322,2023-05-14,2023-06-13,1117.29,4847.98,False,2023-09-25T16:12:07
1207,1910,2023-07-25,2023-08-24,5000.29,1180.81,False,2024-03-21T05:57:26
1208,405,2023-04-01,2023-05-01,1099.04,582.48,True,2024-04-30T21:26:51
1209,1856,2023-06-15,2023-07-15,1216.00,6686.63,True,2023-09-15T17:33:41
1210,815,2023-01-28,2023-02-27,4539.04,8290.91,True,2024-11-10T09:47:06
1211,869,2024-06-01,2024-07-01,2111.35,7195.26,False,2025-09-19T17:05:37
1212,1265,2023-02-01,2023-03-03,7381.61,5156.76,False,2025-04-10T19:36:58
1213,983,2023-07-04,2023-08-03,8858.97,3978.91,True,2023-10-12T02:44:05
1214,1029,2024-06-09,2024-07-09,1816.85,3239.39,True,2023-12-26T15:09:28
1215,258,2023-11-10,2023-12-10,2947.52,4083.85,False,2023-08-08T14:32:00
1216,902,2023-06-16,2023-07-16,902.94,6651.22,True,2024-08-24T14:42:31
1217,804,2024-05-22,2024-06-21,8499.98,1237.22,False,2025-09-28T07:42:26
1218,1063,2024-07-24,2024-08-23,6823.10,3669.70,True,2023-09-24T03:05:44
1219,684,2022-12-27,2023-01-26,4832.99,3772.48,True,2025-03-17T01:21:36
1220,394,2024-08-16,2024-09-15,9587.74,9468.95,True,2024-01-17T05:00:26
1221,54,2023-01-09,2023-02-08,7958.90,2120.88,True,2025-01-30T19:49:22
1222,457,2022-11-03,2022-12-03,7884.49,2576.51,False,2024-03-31T17:26:23
1223,552,2023-06-20,2023-07-20,1721.48,3002.16,True,2025-01-24T15:05:58
1224,1975,2023-11-15,2023-12-15,1122.12,8369.85,True,2023-04-13T03:04:36
1225,1757,2023-04-16,2023-05-16,2216.96,1002.55,True,2023-09-22T18:54:58
1226,1693,2023-07-11,2023-08-10,5875.00,1166.63,True,2022-11-30T01:29:10
1227,1602,2024-07-11,2024-08-10,6234.78,417.53,True,2024-11-02T10:29:28
1228,891,2023-08-14,2023-09-13,4834.00,6343.75,True,2024-10-04T18:27:29
1229,1694,2023-03-27,2023-04-26,8769.74,2306.75,False,2025-09-13T22:51:46
1230,1847,2022-12-28,2023-01-27,8704.25,3245.70,True,2023-09-18T18:22:23
1231,396,2022-12-01,2022-12-31,4302.35,3093.48,False,2023-01-13T10:58:51
1232,661,2023-08-03,2023-09-02,9883.33,8182.77,False,2023-04-23T23:20:50
1233,502,2024-09-19,2024-10-19,2809.20,8756.15,True,2025-10-15T01:35:44
1234,1670,2024-07-28,2024-08-27,7461.32,700.88,True,2022-11-22T14:19:07
1235,691,2023-04-02,2023-05-02,9505.46,6752.78,False,2025-05-22T17:22:10
1236,671,2024-06-17,2024-07-17,7808.03,5821.45,False,2024-12-08T16:21:07
1237,1187,2023-05-01,2023-05-31,6093.25,5908.26,False,2023-12-11T17:10:41
1238,966,2024-08-19,2024-09-18,901.64,1267.16,False,2022-11-13T02:02:00
1239,4,2024-05-12,2024-06-11,3923.57,5249.02,True,2025-06-05T00:25:39
1240,758,2022-11-03,2022-12-03,5742.66,2098.15,True,2023-07-16T08:52:52
1241,1842,2023-06-26,2023-07-26,3024.66,8797.22,False,2024-03-26T15:04:56
1242,628,2024-07-30,2024-08-29,4023.51,7721.93,True,2025-06-04T22:43:19
1243,1609,2023-05-12,2023-06-11,4262.48,4684.54,True,2024-11-11T16:20:52
1244,895,2023-06-01,2023-07-01,5255.25,2540.98,False,2025-06-25T13:54:08
1245,1371,2024-08-21,2024-09-20,3463.06,3215.79,True,2025-10-21T17:08:02
1246,63,2024-10-19,2024-11-18,6786.12,8870.84,True,2023-02-05T14:16:09
1247,1540,2023-04-24,2023-05-24,1756.74,4153.85,False,2025-07-19T16:55:29
1248,1560,2023-11-07,2023-12-07,2332.42,1670.51,True,2023-01-26T16:03:11
1249,773,2024-09-14,2024-10-14,8296.52,7537.20,False,2024-10-13T13:57:50
1250,288,2023-12-03,2024-01-02,8741.71,5683.14,True,2024-04-21T13:52:53
1251,1262,2023-03-14,2023-04-13,6293.36,1675.25,True,2023-06-20T01:43:58
1252,184,2024-10-27,2024-11-26,6334.95,1991.77,False,2023-04-24T23:08:37
1253,538,2022-12-11,2023-01-10,9591.58,6244.90,False,2023-08-05T18:48:19
1254,103,2023-04-23,2023-05-23,4593.23,6439.68,True,2025-10-20T18:54:23
1255,123,2024-08-11,2024-09-10,5970.59,7114.54,False,2023-12-04T11:06:46
1256,276,2024-07-22,2024-08-21,8811.10,1259.03,True,2023-07-20T09:45:08
1257,442,2024-08-19,2024-09-18,5360.21,6981.99,True,2025-03-11T16:05:22
1258,1204,2024-10-25,2024-11-24,7688.69,9244.63,True,2024-05-15T16:04:52
1259,215,2023-08-15,2023-09-14,4006.27,423.47,False,2023-04-08T01:06:16
1260,1274,2024-02-11,2024-03-12,3819.08,3112.41,False,2022-12-07T20:43:58
1261,162,2023-08-09,2023-09-08,4628.48,9387.30,True,2023-10-04T06:09:27
1262,1481,2024-04-02,2024-05-02,6466.64,3933.06,True,2022-11-18T21:03:53
1263,1946,2024-09-06,2024-10-06,2756.10,3224.26,True,2025-01-09T21:21:20
1264,13,2023-09-04,2023-10-04,8712.10,3373.25,False,2025-03-22T20:18:13
1265,1783,2024-10-21,2024-11-20,4490.27,554.20,True,2024-06-15T14:25:54
1266,243,2024-04-20,2024-05-20,8291.02,8614.85,True,2024-07-04T05:18:38
1267,1880,2022-12-18,2023-01-17,2782.37,408.85,False,2024-02-29T09:07:25
1268,1011,2024-03-20,2024-04-19,2988.90,2090.46,True,2024-09-14T11:57:55
1269,246,2024-06-03,2024-07-03,9145.19,3530.70,False,2024-07-26T12:25:51
1270,1269,2024-01-01,2024-01-31,6497.90,6366.23,True,2025-04-18T17:43:29
1271,1184,2023-05-04,2023-06-03,1279.02,6618.91,True,2024-07-16T19:56:54
1272,1222,2023-09-30,2023-10-30,4099.81,9419.85,True,2023-06-19T12:46:38
1273,1234,2024-01-28,2024-02-27,8710.70,2537.98,False,2024-09-24T23:59:13
1274,135,2023-05-24,2023-06-23,5156.00,4188.31,True,2025-01-28T14:00:07
1275,38,2024-07-09,2024-08-08,9133.30,7922.86,False,2025-01-31T01:08:54
1276,1111,2023-02-09,2023-03-11,6527.55,7554.20,True,2023-05-03T22:15:12
1277,1846,2023-10-05,2023-11-04,5915.20,648.39,True,2025-05-30T16:51:16
1278,862,2024-05-06,2024-06-05,8332.74,523.69,True,2024-02-22T13:17:05
1279,697,2023-08-30,2023-09-29,8991.54,7900.07,True,2022-11-10T21:41:38
1280,1520,2024-03-31,2024-04-30,4455.35,6079.02,False,2025-02-28T07:46:52
1281,431,2024-01-07,2024-02-06,6280.43,3711.66,True,2023-01-06T00:47:13
1282,1342,2024-02-18,2024-03-19,3034.15,5930.62,True,2025-07-13T14:01:18
1283,259,2024-09-09,2024-10-09,1058.80,8137.29,False,2025-03-20T07:08:22
1284,69,2022-12-13,2023-01-12,9486.25,3781.69,False,2023-12-02T06:09:16
1285,413,2023-10-06,2023-11-05,8138.90,9358.65,True,2023-09-13T11:11:08
1286,735,2023-11-09,2023-12-09,2594.17,7628.92,False,2025-04-15T01:28:59
1287,1977,2024-08-15,2024-09-14,4604.46,1972.38,False,2025-07-01T03:27:03
1288,1387,2024-01-22,2024-02-21,9892.21,5501.39,True,2025-05-16T06:14:59
1289,1770,2024-08-16,2024-09-15,8094.87,9448.46,False,2025-08-23T00:30:19
1290,89,2023-07-02,2023-08-01,3014.92,2914.11,False,2025-11-01T07:31:26
1291,661,2024-10-26,2024-11-25,3884.63,9415.86,False,2023-10-27T00:47:27
1292,1168,2024-05-01,2024-05-31,7456.09,1883.15,False,2025-07-08T09:09:40
1293,65,2024-01-19,2024-02-18,8512.23,8519.57,False,2023-10-23T13:28:50
1294,1550,2024-07-30,2024-08-29,8031.89,9076.03,False,2025-09-08T23:18:36
1295,205,2023-04-10,2023-05-10,1265.24,6225.78,True,2025-05-03T20:45:44
1296,757,2024-03-05,2024-04-04,2390.75,1293.12,True,2024-01-05T10:27:20
1297,481,2023-10-04,2023-11-03,5374.38,7462.55,True,2024-06-02T16:46:47
1298,1421,2023-11-27,2023-12-27,4266.27,7399.44,False,2024-05-01T01:54:40
1299,903,2024-04-27,2024-05-27,7028.61,6082.68,False,2022-12-30T01:04:39
1300,318,2023-06-09,2023-07-09,1188.80,5016.98,False,2023-05-16T07:41:58
1301,1386,2022-11-11,2022-12-11,5290.74,9283.23,True,2025-08-10T13:27:42
1302,535,2023-06-04,2023-07-04,7102.88,2121.13,False,2023-01-06T04:26:02
1303,296,2023-09-19,2023-10-19,6104.19,697.66,True,2025-09-05T02:10:45
1304,669,2023-04-24,2023-05-24,7849.80,7568.31,False,2024-06-26T01:49:06
1305,992,2023-10-05,2023-11-04,5382.26,2219.05,True,2023-01-07T02:08:40
1306,393,2023-11-15,2023-12-15,5043.45,2350.62,False,2023-05-12T14:16:24
1307,423,2024-03-06,2024-04-05,7639.47,1795.98,False,2023-07-03T18:58:02
1308,1981,2024-09-03,2024-10-03,5741.89,5450.21,False,2025-09-10T01:24:37
1309,1064,2023-10-07,2023-11-06,3870.36,6696.34,False,2025-09-11T19:29:48
1310,517,2024-01-03,2024-02-02,5444.77,9020.97,True,2025-09-19T12:52:47
1311,1647,2024-04-11,2024-05-11,2294.23,9273.00,False,2023-04-28T14:37:31
1312,1416,2023-04-18,2023-05-18,6711.39,8810.22,True,2024-12-17T09:48:32
1313,655,2024-03-22,2024-04-21,1044.29,1054.26,True,2022-12-11T02:21:47
1314,498,2023-04-27,2023-05-27,7248.96,6856.31,True,2024-08-26T10:34:18
1315,1013,2022-12-06,2023-01-05,8847.09,421.43,False,2024-05-26T03:43:02
1316,1055,2023-05-18,2023-06-17,8287.64,3170.22,True,2024-01-07T11:19:11
1317,1483,2023-09-19,2023-10-19,8578.14,9185.99,True,2023-09-24T20:18:03
1318,1397,2023-07-16,2023-08-15,2326.88,2682.62,True,2024-06-27T07:44:25
1319,18,2024-10-25,2024-11-24,8809.52,5702.25,False,2024-08-11T11:34:03
1320,339,2024-06-16,2024-07-16,3524.10,8445.19,False,2023-10-24T12:14:39
1321,300,2023-05-11,2023-06-10,3570.32,3686.40,True,2025-09-06T18:14:24
1322,557,2024-09-07,2024-10-07,3054.84,8924.59,False,2025-03-01T02:48:23
1323,126,2023-07-21,2023-08-20,1095.29,8047.15,True,2024-07-28T11:50:22
1324,1355,2022-12-15,2023-01-14,1727.42,3433.27,False,2024-08-04T03:40:58
1325,221,2024-09-11,2024-10-11,5214.40,4325.01,True,2025-07-26T23:06:30
1326,198,2023-08-11,2023-09-10,8905.80,3201.92,True,2023-08-21T03:32:17
1327,323,2024-05-17,2024-06-16,2879.71,6801.03,False,2024-07-26T02:24:23
1328,1535,2024-01-19,2024-02-18,3756.48,7289.91,False,2023-07-20T17:24:15
1329,1666,2024-05-26,2024-06-25,1225.76,1523.39,False,2023-08-28T07:36:52
1330,1463,2024-09-27,2024-10-27,5853.98,5098.01,True,2023-04-12T08:21:50
1331,4,2024-01-20,2024-02-19,1231.65,1898.74,True,2023-02-13T08:25:40
1332,450,2024-05-25,2024-06-24,9782.70,608.67,False,2023-10-31T21:01:35
1333,932,2023-01-08,2023-02-07,6007.19,3872.05,False,2022-12-05T22:41:04
1334,1282,2024-04-07,2024-05-07,9876.01,6319.90,True,2025-02-24T02:05:23
1335,383,2024-10-01,2024-10-31,2603.28,7015.51,True,2022-12-17T15:12:08
1336,796,2024-05-13,2024-06-12,5296.94,1304.91,True,2023-06-27T04:32:38
1337,630,2022-12-06,2023-01-05,3174.73,8507.45,True,2024-06-07T08:42:49
1338,1643,2023-12-14,2024-01-13,5300.41,7224.70,False,2023-05-01T08:06:31
1339,1357,2024-04-09,2024-05-09,6226.13,907.62,True,2025-08-04T22:39:14
1340,1050,2024-03-05,2024-04-04,6902.32,8222.61,True,2024-01-15T10:25:43
1341,702,2023-08-08,2023-09-07,7436.14,3741.65,False,2025-10-03T23:29:21
1342,332,2024-07-13,2024-08-12,5484.73,1025.06,True,2024-08-19T23:56:00
1343,814,2023-06-20,2023-07-20,1947.84,9068.89,False,2024-04-26T17:09:45
1344,367,2023-08-27,2023-09-26,1314.95,6771.32,False,2023-03-16T09:45:18
1345,379,2024-10-22,2024-11-21,4935.21,9076.81,True,2024-06-04T02:39:44
1346,1953,2023-08-27,2023-09-26,978.90,8935.17,True,2024-11-27T22:27:28
1347,1877,2022-11-30,2022-12-30,9596.03,3583.42,False,2024-09-24T02:23:04
1348,1854,2024-04-13,2024-05-13,8757.67,5031.31,True,2024-02-09T12:15:40
1349,765,2024-03-21,2024-04-20,3725.93,1228.79,False,2024-05-11T20:07:00
1350,1215,2024-04-15,2024-05-15,3894.24,9269.47,False,2022-11-09T15:55:44
1351,343,2024-06-25,2024-07-25,6415.69,2729.47,False,2024-09-29T13:50:53
1352,288,2023-12-07,2024-01-06,1808.41,4803.62,True,2024-08-06T01:36:06
1353,1130,2023-02-14,2023-03-16,3402.11,2806.85,False,2023-06-22T00:14:21
1354,1897,2024-01-08,2024-02-07,6609.54,1961.29,True,2024-10-24T22:26:20
1355,1359,2022-11-06,2022-12-06,2039.99,8509.20,True,2023-03-19T22:32:56
1356,1318,2023-01-22,2023-02-21,9327.20,9399.76,False,2024-04-05T00:23:53
1357,644,2023-08-01,2023-08-31,7861.86,6349.32,True,2024-03-13T01:01:17
1358,1473,2024-03-26,2024-04-25,2995.61,698.04,False,2023-07-16T16:38:20
1359,1723,2024-04-21,2024-05-21,5161.09,7256.93,True,2024-10-06T07:39:41
1360,219,2024-09-01,2024-10-01,3264.59,9125.13,False,2022-12-06T02:10:17
1361,281,2024-02-06,2024-03-07,7355.83,2466.93,True,2023-11-07T00:40:24
1362,124,2023-10-10,2023-11-09,8895.25,2953.71,True,2024-11-10T17:36:49
1363,450,2023-12-31,2024-01-30,648.80,1451.67,True,2025-08-23T14:30:17
1364,135,2024-03-24,2024-04-23,3176.07,3151.54,False,2025-06-14T19:50:05
1365,379,2024-03-03,2024-04-02,1294.67,2659.84,False,2025-04-16T12:00:21
1366,1029,2023-02-26,2023-03-28,6939.94,6560.36,False,2024-07-09T15:02:48
1367,688,2024-08-30,2024-09-29,6806.01,6016.21,True,2023-08-15T04:02:50
1368,1826,2024-04-17,2024-05-17,5045.02,4715.74,True,2023-08-24T15:15:11
1369,876,2023-04-09,2023-05-09,1004.20,3182.56,False,2024-05-20T00:55:27
1370,819,2024-03-13,2024-04-12,6418.03,6319.57,False,2024-02-24T06:59:19
1371,1426,2024-02-16,2024-03-17,2246.40,4065.89,False,2024-12-13T09:01:28
1372,1328,2024-07-11,2024-08-10,7907.87,1108.49,True,2023-01-18T06:06:45
1373,713,2023-09-21,2023-10-21,646.47,4475.29,False,2022-12-09T06:26:45
1374,1611,2024-08-05,2024-09-04,3254.59,6065.33,False,2022-12-16T07:01:11
1375,344,2023-03-11,2023-04-10,7155.51,6829.58,True,2023-01-16T06:20:09
1376,446,2023-05-30,2023-06-29,5865.00,5004.87,True,2024-03-17T03:40:27
1377,908,2023-03-09,2023-04-08,1575.23,1364.23,False,2024-07-08T15:15:01
1378,1023,2023-10-19,2023-11-18,3484.69,6389.28,False,2024-12-21T19:20:29
1379,1301,2024-09-12,2024-10-12,2248.13,813.87,True,2023-03-21T09:32:36
1380,295,2024-08-30,2024-09-29,8901.41,7573.18,False,2025-01-28T16:49:47
1381,1669,2023-03-29,2023-04-28,8202.13,474.75,False,2024-01-04T08:04:46
1382,292,2023-04-11,2023-05-11,1721.57,6767.20,True,2024-07-06T13:27:13
1383,483,2024-09-22,2024-10-22,6664.99,8679.05,True,2025-05-16T16:33:00
1384,1565,2024-02-02,2024-03-03,5743.12,7754.59,True,2024-11-16T14:45:05
1385,435,2024-05-19,2024-06-18,1561.23,8544.41,True,2025-03-19T05:30:53
1386,884,2022-12-18,2023-01-17,9855.97,7121.70,False,2023-05-10T05:54:30
1387,630,2022-11-29,2022-12-29,6942.98,8692.07,False,2025-03-16T07:46:54
1388,1193,2023-05-02,2023-06-01,5122.35,4838.42,True,2023-12-11T06:19:22
1389,1237,2024-08-08,2024-09-07,9962.12,7744.53,False,2023-12-06T06:36:25
1390,1839,2023-10-30,2023-11-29,1145.45,1400.48,False,2023-07-26T04:19:01
1391,1012,2023-10-02,2023-11-01,5678.95,4528.24,True,2024-11-13T06:38:07
1392,1194,2023-09-17,2023-10-17,1070.27,2195.01,True,2024-03-08T05:37:46
1393,660,2024-05-09,2024-06-08,6648.24,8915.61,False,2023-11-20T07:25:16
1394,22,2023-10-04,2023-11-03,2226.80,3142.96,True,2025-05-04T13:37:38
1395,826,2024-02-19,2024-03-20,8765.71,6987.51,False,2024-04-17T01:03:54
1396,695,2024-05-17,2024-06-16,8071.42,5293.30,False,2024-02-02T17:25:45
1397,1457,2023-10-23,2023-11-22,4075.11,5684.90,True,2024-11-18T19:00:04
1398,914,2024-03-28,2024-04-27,1157.30,2958.50,False,2025-05-08T20:04:35
1399,710,2024-07-23,2024-08-22,8710.99,5124.35,True,2025-04-27T21:58:38
1400,732,2023-06-12,2023-07-12,6638.29,4581.64,True,2025-04-24T19:21:43
1401,139,2024-07-19,2024-08-18,8945.23,7854.20,False,2022-12-22T11:24:59
1402,1083,2023-09-29,2023-10-29,2952.61,3191.96,True,2023-02-21T06:18:28
1403,124,2024-06-30,2024-07-30,1983.41,4834.86,False,2024-07-08T15:34:23
1404,1585,2024-03-14,2024-04-13,5335.11,2724.95,False,2024-03-26T02:14:38
1405,629,2023-04-05,2023-05-05,9403.28,4418.20,True,2023-12-28T06:19:29
1406,832,2024-10-29,2024-11-28,4202.44,9107.65,False,2024-08-28T05:22:04
1407,634,2023-02-15,2023-03-17,5617.96,4014.89,False,2025-07-17T17:44:04
1408,240,2023-06-16,2023-07-16,1635.52,5168.63,False,2025-04-14T20:47:04
1409,139,2023-11-14,2023-12-14,5497.78,7132.42,False,2023-03-12T16:22:22
1410,1321,2022-11-26,2022-12-26,2592.47,7895.03,False,2024-06-13T19:48:11
1411,591,2024-05-11,2024-06-10,6087.15,4387.21,False,2025-03-11T05:21:00
1412,768,2023-12-07,2024-01-06,7152.48,4611.59,True,2024-06-22T20:18:38
1413,1417,2024-05-05,2024-06-04,9882.89,6244.19,True,2024-04-20T12:13:03
1414,1312,2024-02-24,2024-03-25,5406.62,7709.00,True,2024-10-19T12:33:20
1415,651,2024-09-03,2024-10-03,4446.25,3376.54,False,2025-03-26T04:19:03
1416,248,2024-08-29,2024-09-28,8284.95,7599.37,False,2024-02-01T10:04:24
1417,1286,2023-03-06,2023-04-05,7791.07,6159.70,False,2023-07-30T04:11:28
1418,1356,2023-11-19,2023-12-19,4662.77,4556.63,True,2022-12-04T14:40:25
1419,1483,2024-08-24,2024-09-23,4872.68,7531.54,True,2025-08-05T08:56:56
1420,976,2023-01-19,2023-02-18,8987.65,6241.61,False,2024-04-23T19:46:13
1421,1293,2023-11-11,2023-12-11,6579.05,3470.25,True,2024-06-17T14:10:45
1422,55,2023-09-30,2023-10-30,9914.62,1048.25,True,2025-09-27T10:34:33
1423,213,2024-06-19,2024-07-19,7874.12,2785.93,True,2024-04-18T01:02:00
1424,965,2023-09-10,2023-10-10,2134.84,3598.12,True,2024-07-31T17:08:47
1425,223,2023-01-15,2023-02-14,6563.99,5629.77,False,2022-12-05T18:26:59
1426,783,2024-03-29,2024-04-28,4754.08,1557.32,True,2025-04-18T18:46:47
1427,752,2024-10-26,2024-11-25,3977.26,7571.88,True,2023-10-24T21:39:12
1428,669,2023-03-06,2023-04-05,8587.05,1351.91,False,2024-04-13T23:37:37
1429,592,2024-05-15,2024-06-14,6529.22,3632.48,False,2025-09-23T13:13:43
1430,320,2023-04-12,2023-05-12,9269.46,4072.35,True,2024-04-28T11:27:29
1431,1556,2023-06-04,2023-07-04,8852.10,2853.92,False,2024-12-16T20:25:19
1432,631,2023-05-06,2023-06-05,1967.31,7174.14,True,2022-11-08T06:21:03
1433,49,2023-06-18,2023-07-18,2255.95,866.72,True,2025-02-22T23:53:49
1434,8,2022-12-12,2023-01-11,4474.69,8631.09,False,2023-09-28T03:40:36
1435,86,2024-07-21,2024-08-20,4847.29,3821.52,True,2023-05-06T12:52:35
1436,1463,2023-09-07,2023-10-07,1086.16,7940.50,True,2025-08-27T15:59:13
1437,1484,2024-07-13,2024-08-12,3146.64,4598.09,True,2024-09-13T12:44:27
1438,1276,2023-05-10,2023-06-09,4406.37,9050.43,False,2025-01-30T04:15:07
1439,349,2023-07-06,2023-08-05,4052.36,900.01,True,2024-11-21T15:57:40
1440,330,2023-01-22,2023-02-21,9755.30,7086.33,False,2023-03-12T02:23:39
1441,799,2022-11-22,2022-12-22,7346.39,9408.83,True,2023-12-26T04:50:33
1442,1617,2024-07-05,2024-08-04,2204.05,3807.80,True,2024-02-23T13:31:49
1443,866,2024-08-27,2024-09-26,7418.74,779.26,False,2023-10-09T17:26:06
1444,1865,2024-06-08,2024-07-08,6469.48,6524.54,False,2023-05-08T03:04:09
1445,1875,2022-12-26,2023-01-25,5639.58,2706.11,False,2023-03-10T22:21:03
1446,260,2023-02-18,2023-03-20,2565.50,2675.41,False,2023-12-04T23:09:58
1447,148,2024-07-02,2024-08-01,1483.09,7158.57,True,2025-02-15T12:23:34
1448,1628,2022-12-06,2023-01-05,8942.33,1952.82,False,2024-03-13T21:43:58
1449,1007,2023-10-10,2023-11-09,4337.16,710.23,True,2023-04-07T19:27:19
1450,1941,2022-12-29,2023-01-28,8000.02,1708.42,True,2025-01-17T23:21:49
1451,198,2024-06-25,2024-07-25,8446.82,1490.35,False,2024-04-09T00:02:06
1452,646,2023-05-23,2023-06-22,1683.78,3824.40,True,2023-10-20T16:41:57
1453,1824,2023-09-20,2023-10-20,5977.50,649.91,False,2024-08-02T00:11:27
1454,725,2023-12-14,2024-01-13,2726.38,9038.81,True,2024-06-16T01:13:13
1455,554,2023-06-24,2023-07-24,9038.82,2033.41,False,2024-08-31T04:14:47
1456,1694,2023-06-03,2023-07-03,943.43,3009.89,True,2023-11-13T10:22:39
1457,1618,2023-12-19,2024-01-18,7005.75,8879.11,False,2025-06-05T02:07:07
1458,345,2024-10-18,2024-11-17,2076.71,5508.36,False,2025-02-12T04:23:45
1459,1266,2022-12-30,2023-01-29,9346.17,5836.80,False,2023-06-18T07:23:31
1460,1869,2024-09-19,2024-10-19,5313.29,2151.55,False,2023-09-10T00:06:09
1461,997,2023-12-18,2024-01-17,9357.79,1895.98,False,2023-08-15T19:47:58
1462,68,2024-04-08,2024-05-08,1279.39,7441.15,False,2022-12-22T17:26:12
1463,1368,2023-02-09,2023-03-11,8731.35,4496.98,True,2024-06-22T02:53:52
1464,1855,2024-09-16,2024-10-16,5275.30,8365.22,True,2024-03-01T02:14:06
1465,242,2023-06-08,2023-07-08,1486.40,7739.59,True,2023-09-08T16:05:34
1466,1338,2022-11-14,2022-12-14,3825.68,6652.06,True,2025-02-18T10:16:53
1467,1936,2022-12-02,2023-01-01,2474.84,2424.94,True,2024-01-28T07:44:04
1468,303,2024-08-22,2024-09-21,2498.55,4893.55,True,2024-10-06T00:55:01
1469,553,2023-11-08,2023-12-08,3221.97,5170.94,True,2023-10-05T19:09:23
1470,815,2024-03-10,2024-04-09,6703.37,6125.56,False,2023-06-08T17:02:56
1471,571,2024-02-10,2024-03-11,5727.46,5946.08,False,2023-01-24T08:29:33
1472,840,2024-05-12,2024-06-11,829.11,8082.57,True,2024-03-23T10:56:34
1473,857,2024-05-19,2024-06-18,1495.89,6988.06,False,2025-09-16T23:33:52
1474,666,2023-08-28,2023-09-27,6494.51,1581.15,True,2023-03-16T22:10:11
1475,403,2023-06-13,2023-07-13,6757.54,5594.33,True,2023-12-12T22:16:14
1476,271,2023-10-18,2023-11-17,1647.29,8443.04,False,2024-05-28T17:46:39
1477,159,2023-06-09,2023-07-09,7542.00,5975.18,True,2023-02-05T06:51:44
1478,639,2024-08-16,2024-09-15,4999.02,3858.50,True,2025-01-31T13:58:31
1479,305,2023-12-23,2024-01-22,9668.98,8201.44,False,2025-03-29T06:23:24
1480,540,2023-10-09,2023-11-08,3290.66,5741.71,True,2023-08-05T08:38:31
1481,1552,2023-01-28,2023-02-27,8063.93,2205.52,False,2024-01-19T02:52:11
1482,1776,2023-11-08,2023-12-08,814.65,6023.30,False,2024-01-31T17:54:12
1483,939,2023-11-08,2023-12-08,9283.99,699.23,True,2025-08-09T09:42:09
1484,422,2023-09-23,2023-10-23,3553.17,7484.49,True,2025-10-17T15:43:26
1485,487,2023-02-27,2023-03-29,9518.62,7839.45,False,2025-05-26T07:09:32
1486,814,2024-10-12,2024-11-11,6841.71,7421.76,False,2025-09-14T10:48:41
1487,20,2024-06-20,2024-07-20,3294.01,7316.29,False,2023-02-24T07:35:20
1488,1787,2023-03-20,2023-04-19,1321.01,5724.85,True,2025-09-12T19:51:03
1489,1867,2023-03-05,2023-04-04,4343.70,7249.86,True,2025-08-15T00:16:30
1490,361,2023-10-30,2023-11-29,8683.98,6526.92,False,2025-02-08T12:53:28
1491,1240,2024-10-11,2024-11-10,1177.19,1449.76,False,2023-05-06T14:32:13
1492,1042,2024-08-17,2024-09-16,3699.46,2035.32,True,2025-01-12T21:09:58
1493,1396,2024-07-22,2024-08-21,4814.00,7648.30,True,2023-11-20T03:25:34
1494,831,2022-11-24,2022-12-24,6170.12,8991.61,True,2023-05-14T00:34:49
1495,268,2023-02-03,2023-03-05,8863.21,5923.04,False,2024-08-12T06:56:30
1496,506,2024-03-01,2024-03-31,5689.67,1043.27,False,2023-01-13T04:49:32
1497,677,2022-12-31,2023-01-30,8011.11,4753.50,False,2024-08-29T02:58:29
1498,178,2022-12-17,2023-01-16,5154.61,3806.74,False,2025-07-09T23:04:57
1499,332,2023-07-14,2023-08-13,2018.83,2751.02,False,2024-05-31T09:30:29
1500,1722,2024-09-12,2024-10-12,5447.63,7846.15,True,2024-02-05T02:38:16
1501,893,2023-08-16,2023-09-15,4612.45,4946.83,True,2024-10-07T00:49:48
1502,482,2023-07-12,2023-08-11,9972.27,2971.97,True,2024-10-20T14:22:54
1503,1502,2022-12-23,2023-01-22,8229.60,2170.01,True,2023-01-08T12:37:49
1504,804,2022-11-27,2022-12-27,8577.68,1422.71,True,2023-10-29T16:26:42
1505,1745,2024-10-08,2024-11-07,4196.08,5154.28,False,2025-01-12T11:44:32
1506,1320,2022-12-19,2023-01-18,5417.83,5333.06,True,2023-11-02T03:02:58
1507,986,2024-05-16,2024-06-15,6093.99,4195.43,True,2024-08-12T02:18:27
1508,105,2024-04-08,2024-05-08,739.82,2096.38,True,2024-02-05T12:12:21
1509,993,2023-09-19,2023-10-19,9988.30,523.04,True,2024-11-23T12:46:11
1510,1418,2022-11-07,2022-12-07,4387.07,7809.33,False,2025-02-28T07:30:34
1511,964,2024-05-11,2024-06-10,8800.38,6031.01,True,2024-07-02T04:36:09
1512,481,2023-06-04,2023-07-04,9000.44,4518.70,True,2023-03-22T19:09:20
1513,543,2023-03-17,2023-04-16,1849.12,1414.30,False,2023-08-23T03:16:55
1514,592,2022-12-29,2023-01-28,4770.96,2006.55,True,2025-01-24T21:45:28
1515,1186,2023-09-25,2023-10-25,2166.53,1709.31,False,2024-04-07T20:18:36
1516,1483,2024-10-15,2024-11-14,7182.14,6061.12,False,2023-06-16T14:13:46
1517,533,2024-08-23,2024-09-22,1999.13,7891.37,True,2023-12-26T04:32:06
1518,1251,2023-04-28,2023-05-28,2840.59,7033.03,True,2025-08-13T23:01:08
1519,1925,2023-10-23,2023-11-22,4254.59,5624.38,True,2025-09-26T11:09:58
1520,290,2024-07-13,2024-08-12,7644.04,670.99,False,2024-02-23T01:00:45
1521,357,2024-04-10,2024-05-10,8082.95,5087.06,False,2024-08-23T05:37:53
1522,1253,2022-12-23,2023-01-22,5272.25,6138.69,False,2022-12-17T08:46:30
1523,1885,2022-11-04,2022-12-04,1215.41,4960.74,True,2025-10-04T19:03:59
1524,1229,2024-02-19,2024-03-20,5575.47,6986.86,False,2023-12-14T19:34:08
1525,40,2023-05-24,2023-06-23,6437.22,2503.23,True,2023-01-06T16:03:42
1526,897,2024-02-13,2024-03-14,1892.62,2845.06,False,2022-11-08T00:23:40
1527,675,2024-03-24,2024-04-23,8376.10,2089.67,False,2024-02-12T23:58:07
1528,1234,2023-05-23,2023-06-22,2960.42,3946.35,True,2023-04-25T09:53:16
1529,1633,2022-11-15,2022-12-15,1771.58,6804.01,False,2023-04-10T21:29:27
1530,368,2023-09-26,2023-10-26,2261.00,1744.11,False,2025-01-23T11:59:01
1531,714,2023-12-29,2024-01-28,2762.07,3312.78,True,2023-10-16T12:18:30
1532,804,2024-08-03,2024-09-02,6375.74,5664.07,True,2023-01-28T13:23:10
1533,1161,2024-09-19,2024-10-19,9357.27,4427.57,False,2024-06-06T20:33:17
1534,198,2023-12-01,2023-12-31,1310.77,6452.43,False,2024-04-14T10:24:00
1535,1669,2023-12-22,2024-01-21,7171.95,7504.33,True,2024-03-18T03:51:49
1536,865,2023-11-29,2023-12-29,540.04,4030.72,False,2025-04-12T04:04:42
1537,1707,2024-03-01,2024-03-31,6132.44,3357.41,True,2024-02-03T13:49:08
1538,461,2023-01-30,2023-03-01,2393.30,4269.61,True,2024-02-10T23:18:52
1539,1945,2023-01-07,2023-02-06,7486.74,3503.34,False,2025-09-02T15:18:30
1540,663,2023-08-11,2023-09-10,8516.42,6236.81,False,2025-04-21T03:18:05
1541,810,2024-10-20,2024-11-19,7566.77,8651.52,False,2024-01-13T09:59:24
1542,135,2023-09-23,2023-10-23,9773.59,1250.87,True,2023-05-25T14:15:34
1543,435,2023-12-31,2024-01-30,9169.39,1624.93,True,2023-11-18T21:13:07
1544,929,2024-02-02,2024-03-03,1972.91,7105.05,True,2025-06-10T16:14:30
1545,1194,2024-08-30,2024-09-29,7243.31,5289.77,False,2022-12-24T19:20:45
1546,676,2024-09-08,2024-10-08,9301.05,8229.35,False,2023-11-28T22:19:45
1547,1920,2024-07-09,2024-08-08,2564.47,5680.72,False,2023-09-10T01:25:31
1548,1855,2023-10-16,2023-11-15,7983.80,9226.45,False,2023-08-18T23:20:13
1549,1807,2023-10-01,2023-10-31,7505.44,4226.72,False,2023-10-15T02:26:10
1550,728,2022-11-15,2022-12-15,6390.49,8945.15,True,2024-04-27T20:09:33
1551,1929,2023-01-15,2023-02-14,9599.95,3849.74,False,2024-03-30T22:50:40
1552,1199,2024-03-14,2024-04-13,4706.78,959.12,True,2023-07-09T22:37:26
1553,283,2024-07-15,2024-08-14,2374.46,2900.12,False,2024-02-03T01:08:28
1554,1172,2023-05-20,2023-06-19,7237.79,7616.04,False,2023-05-27T23:46:13
1555,1406,2024-10-31,2024-11-30,1489.34,3032.78,False,2024-09-07T00:12:53
1556,1366,2023-05-31,2023-06-30,543.04,2847.22,False,2023-10-06T21:37:11
1557,1995,2024-02-23,2024-03-24,1973.24,5924.59,False,2025-08-21T07:08:37
1558,319,2024-01-26,2024-02-25,4583.34,1488.73,False,2024-03-22T18:30:10
1559,962,2023-02-12,2023-03-14,7757.53,6844.64,False,2024-12-30T04:41:49
1560,303,2023-02-01,2023-03-03,2220.51,1298.76,True,2023-04-26T21:13:00
1561,1393,2024-05-31,2024-06-30,3364.43,9200.27,True,2024-01-07T01:40:57
1562,1660,2023-08-14,2023-09-13,7307.88,5772.15,False,2024-02-08T02:34:50
1563,393,2023-04-17,2023-05-17,9746.23,1243.06,True,2022-12-07T13:45:22
1564,1878,2024-04-02,2024-05-02,2709.46,4438.19,True,2025-03-25T07:46:32
1565,930,2022-11-11,2022-12-11,3603.30,684.42,True,2024-07-02T04:54:01
1566,1211,2022-12-29,2023-01-28,9317.08,5318.09,False,2023-06-09T03:19:07
1567,31,2024-09-04,2024-10-04,5308.11,2272.68,True,2025-06-24T08:20:14
1568,971,2024-01-25,2024-02-24,1460.65,3115.63,True,2025-02-27T23:28:28
1569,1508,2024-01-08,2024-02-07,9581.77,1196.95,True,2024-04-11T17:57:03
1570,651,2023-10-06,2023-11-05,6676.79,7059.97,False,2024-04-30T23:39:50
1571,462,2024-01-15,2024-02-14,1121.66,4399.41,True,2024-06-19T11:25:46
1572,1240,2024-06-22,2024-07-22,6900.23,6158.35,True,2024-04-18T02:53:38
1573,1831,2024-07-25,2024-08-24,9999.95,2495.12,True,2025-01-29T09:27:35
1574,1556,2023-02-02,2023-03-04,3808.25,4460.78,True,2024-08-25T12:55:45
1575,1437,2024-10-09,2024-11-08,3905.94,2770.26,True,2024-05-05T15:01:11
1576,498,2022-11-07,2022-12-07,9399.47,6167.21,True,2025-08-06T05:10:31
1577,663,2024-10-17,2024-11-16,3375.59,4811.36,False,2023-04-28T12:08:33
1578,1116,2023-06-25,2023-07-25,5928.72,1680.75,True,2024-03-28T08:09:56
1579,67,2022-11-05,2022-12-05,4281.57,5308.58,False,2023-05-03T14:00:04
1580,699,2024-04-23,2024-05-23,7838.71,6658.52,True,2025-03-29T12:31:23
1581,1904,2023-09-25,2023-10-25,5366.11,3163.12,False,2023-05-28T08:01:20
1582,243,2023-04-11,2023-05-11,6905.67,4200.34,True,2025-09-26T00:13:51
1583,1550,2023-02-10,2023-03-12,5859.80,6264.08,True,2023-04-11T11:11:27
1584,875,2023-09-25,2023-10-25,7563.74,3759.24,False,2025-06-15T13:09:29
1585,1223,2023-10-20,2023-11-19,6247.94,1371.68,False,2025-04-21T07:55:36
1586,660,2023-06-12,2023-07-12,2863.66,4205.89,True,2025-03-29T18:38:46
1587,411,2024-07-05,2024-08-04,2561.36,5107.39,False,2023-11-06T23:57:25
1588,228,2024-03-21,2024-04-20,7973.58,4169.89,False,2024-08-23T21:15:22
1589,1739,2024-05-05,2024-06-04,4167.28,4322.79,False,2024-09-27T10:32:09
1590,1692,2024-05-06,2024-06-05,603.05,2881.61,True,2024-07-27T17:56:37
1591,928,2024-01-11,2024-02-10,6978.55,4805.31,True,2024-08-26T05:36:40
1592,784,2023-01-14,2023-02-13,4961.39,1556.19,False,2023-09-03T02:36:10
1593,991,2024-04-05,2024-05-05,538.58,5909.82,False,2023-02-15T07:23:45
1594,1973,2023-02-21,2023-03-23,2773.73,1110.75,True,2024-05-30T01:58:31
1595,929,2024-09-02,2024-10-02,7999.63,7819.25,False,2022-12-06T10:10:16
1596,1754,2024-07-06,2024-08-05,503.88,6655.96,False,2025-01-01T15:41:19
1597,288,2024-06-27,2024-07-27,9879.12,4278.28,True,2024-07-29T11:02:05
1598,1750,2023-06-17,2023-07-17,999.93,1210.56,False,2023-10-28T01:24:34
1599,348,2023-12-20,2024-01-19,6322.14,993.17,True,2023-08-09T18:01:16
1600,1321,2022-11-11,2022-12-11,4081.63,4438.49,False,2025-03-19T18:15:39
1601,643,2024-05-18,2024-06-17,7562.19,8917.65,False,2024-05-29T01:32:04
1602,1414,2023-02-07,2023-03-09,2949.54,9177.60,True,2025-08-22T06:23:31
1603,1820,2023-09-02,2023-10-02,7901.78,1464.89,True,2023-12-26T11:14:40
1604,1308,2024-03-19,2024-04-18,3954.41,2645.54,True,2023-11-25T17:05:07
1605,928,2024-05-15,2024-06-14,9757.74,3368.46,True,2024-05-17T05:43:55
1606,534,2023-09-26,2023-10-26,4215.37,1335.54,True,2023-06-26T08:08:38
1607,605,2022-11-23,2022-12-23,7207.02,5327.67,False,2023-04-19T21:06:02
1608,101,2023-10-26,2023-11-25,2653.60,8344.72,True,2025-06-01T21:01:16
1609,1732,2023-09-26,2023-10-26,4097.05,3460.33,False,2023-07-11T00:50:04
1610,902,2023-06-23,2023-07-23,4472.57,5759.50,True,2023-11-26T18:49:58
1611,1192,2023-01-10,2023-02-09,3295.59,2747.79,False,2024-01-29T07:35:53
1612,1913,2023-11-20,2023-12-20,6770.75,962.46,False,2024-08-20T15:44:00
1613,804,2023-10-20,2023-11-19,2367.90,6562.73,True,2024-03-23T12:47:46
1614,447,2024-05-18,2024-06-17,5339.80,6281.56,True,2024-01-30T14:52:48
1615,1039,2023-07-10,2023-08-09,7679.48,2093.00,True,2025-08-25T19:41:18
1616,1927,2023-04-05,2023-05-05,2496.17,6021.45,False,2023-03-20T23:48:01
1617,996,2024-01-17,2024-02-16,5361.55,8535.77,False,2024-08-05T01:10:51
1618,416,2023-12-24,2024-01-23,9368.03,5275.61,False,2024-12-08T01:36:08
1619,1265,2024-10-10,2024-11-09,6000.02,8330.20,False,2023-06-03T17:39:18
1620,1807,2023-11-25,2023-12-25,7864.61,4124.57,False,2025-05-08T14:38:31
1621,1049,2023-11-27,2023-12-27,9346.14,6802.88,True,2023-02-25T03:32:33
1622,291,2023-12-01,2023-12-31,3673.99,6289.10,False,2023-07-26T19:33:52
1623,465,2023-12-17,2024-01-16,5133.51,4103.57,False,2024-09-05T04:48:48
1624,830,2023-06-15,2023-07-15,2178.04,4925.65,True,2023-10-24T07:25:03
1625,946,2022-11-13,2022-12-13,8217.71,9182.14,False,2023-01-28T05:41:07
1626,760,2023-09-23,2023-10-23,8681.54,9183.35,False,2023-09-26T17:03:58
1627,1223,2023-02-13,2023-03-15,7695.14,3558.58,True,2025-05-27T01:34:53
1628,1241,2024-04-10,2024-05-10,3058.77,3760.65,True,2025-09-25T14:59:01
1629,871,2023-04-28,2023-05-28,6822.05,5144.49,False,2023-12-26T05:29:11
1630,1030,2023-02-22,2023-03-24,7895.18,1569.05,False,2024-04-28T17:21:11
1631,1103,2024-07-03,2024-08-02,4423.55,7514.34,True,2025-03-21T12:11:55
1632,1243,2023-01-07,2023-02-06,5950.49,4601.63,True,2023-09-05T14:10:01
1633,1067,2023-09-14,2023-10-14,3668.49,6719.77,False,2024-11-19T08:42:19
1634,249,2023-08-19,2023-09-18,4743.40,2259.82,False,2023-07-30T15:46:04
1635,1869,2023-01-12,2023-02-11,2583.72,3241.31,True,2023-08-16T07:29:14
1636,540,2024-04-07,2024-05-07,2009.44,1048.17,False,2024-01-16T05:32:07
1637,635,2023-01-08,2023-02-07,7361.00,9307.03,True,2022-11-18T18:04:10
1638,1188,2024-10-03,2024-11-02,4313.11,8067.97,True,2023-02-15T13:04:04
1639,638,2022-11-14,2022-12-14,9142.91,5407.24,False,2022-11-25T05:24:49
1640,1013,2023-03-24,2023-04-23,2986.16,3214.06,False,2022-12-07T04:26:26
1641,326,2024-08-02,2024-09-01,7573.66,6695.15,False,2023-05-22T10:07:33
1642,1902,2024-08-07,2024-09-06,8007.58,2229.65,False,2024-07-04T08:28:23
1643,1887,2023-08-03,2023-09-02,4887.89,3861.27,True,2023-11-05T00:23:27
1644,103,2024-04-20,2024-05-20,9664.90,7583.12,False,2025-07-02T12:13:50
1645,1169,2024-10-06,2024-11-05,8213.33,4845.37,True,2023-01-26T03:34:06
1646,1367,2024-06-20,2024-07-20,6625.25,5703.29,False,2024-11-27T09:39:31
1647,1442,2024-08-14,2024-09-13,6728.11,7375.64,True,2025-03-17T21:03:54
1648,1273,2023-11-28,2023-12-28,8582.89,610.34,True,2022-12-20T04:00:29
1649,1693,2023-11-01,2023-12-01,8099.98,2479.03,False,2023-09-30T07:15:09
1650,211,2023-01-21,2023-02-20,3944.24,779.97,True,2024-08-12T08:15:55
1651,1459,2023-01-23,2023-02-22,7534.08,4941.12,True,2023-01-29T05:43:01
1652,1155,2023-02-11,2023-03-13,1939.68,879.10,True,2024-11-05T21:15:12
1653,1686,2022-11-12,2022-12-12,3518.24,7289.27,True,2023-09-04T04:53:08
1654,1267,2024-05-05,2024-06-04,769.61,2031.96,False,2024-10-13T10:44:21
1655,92,2024-01-13,2024-02-12,1108.24,7098.37,False,2023-11-17T01:17:06
1656,904,2024-05-05,2024-06-04,2938.79,6537.42,False,2024-04-02T04:44:33
1657,362,2024-06-23,2024-07-23,6360.56,898.81,False,2023-09-06T13:41:06
1658,759,2023-10-22,2023-11-21,3559.01,2589.80,True,2025-07-28T00:04:11
1659,1422,2024-09-28,2024-10-28,6371.32,2697.34,False,2023-03-01T01:50:32
1660,707,2024-09-18,2024-10-18,5060.85,7406.89,False,2023-05-27T05:11:04
1661,772,2023-12-08,2024-01-07,9318.50,2977.11,True,2022-11-25T12:54:30
1662,1689,2024-06-15,2024-07-15,4130.67,2179.78,True,2022-12-16T00:12:07
1663,1591,2024-02-04,2024-03-05,9038.20,6174.40,False,2023-06-18T08:21:24
1664,1812,2022-11-08,2022-12-08,7437.87,4170.84,True,2024-09-24T06:07:44
1665,1169,2023-11-07,2023-12-07,9229.70,2285.31,False,2025-04-30T07:17:43
1666,1150,2023-02-22,2023-03-24,2398.39,882.92,True,2024-04-07T12:08:13
1667,604,2023-04-21,2023-05-21,1347.36,774.40,False,2024-05-24T10:20:35
1668,1628,2023-10-01,2023-10-31,965.84,6422.61,False,2024-04-10T02:14:46
1669,1355,2022-11-22,2022-12-22,8648.15,2792.81,True,2025-03-30T07:18:18
1670,413,2024-07-28,2024-08-27,3978.33,7172.87,True,2023-05-14T05:47:33
1671,1791,2022-11-26,2022-12-26,9955.89,8838.09,True,2023-09-09T03:54:15
1672,1977,2023-09-09,2023-10-09,5110.58,4804.68,True,2025-02-17T22:16:29
1673,418,2024-07-05,2024-08-04,3204.70,6654.15,True,2025-02-17T00:54:49
1674,1916,2022-11-05,2022-12-05,7633.95,6137.39,False,2025-03-18T22:55:14
1675,228,2023-11-28,2023-12-28,5696.96,7842.07,True,2023-08-10T15:56:20
1676,1282,2024-09-07,2024-10-07,8581.15,1852.38,False,2024-03-14T00:12:31
1677,1374,2024-02-21,2024-03-22,660.29,4347.88,True,2024-04-28T16:39:08
1678,1166,2023-01-19,2023-02-18,2067.14,2399.65,False,2024-06-13T05:45:27
1679,945,2023-01-30,2023-03-01,9918.32,6458.82,True,2024-12-25T03:22:43
1680,1383,2023-04-17,2023-05-17,1307.08,7730.80,True,2023-07-31T23:05:24
1681,1115,2023-04-14,2023-05-14,8123.01,8854.25,True,2023-01-10T09:38:57
1682,1896,2022-12-14,2023-01-13,8766.05,8757.48,True,2023-12-17T17:04:47
1683,1818,2022-12-07,2023-01-06,4291.61,5652.43,False,2022-12-03T11:22:55
1684,1864,2024-03-27,2024-04-26,559.56,6549.30,False,2023-08-24T13:35:16
1685,922,2024-10-28,2024-11-27,6277.41,3279.82,False,2023-05-17T15:11:01
1686,867,2023-03-17,2023-04-16,3441.29,6400.14,True,2022-11-08T08:36:35
1687,1241,2024-08-25,2024-09-24,6727.10,2122.22,False,2024-08-15T19:13:06
1688,1864,2023-02-10,2023-03-12,7912.64,6715.08,False,2023-09-01T02:30:43
1689,510,2024-05-16,2024-06-15,6122.42,5546.63,False,2024-12-05T10:27:53
1690,333,2023-02-11,2023-03-13,3408.57,551.61,True,2024-01-09T07:33:06
1691,475,2024-10-19,2024-11-18,5270.89,2788.09,True,2022-12-01T18:19:17
1692,118,2023-11-28,2023-12-28,2642.04,4721.45,False,2024-07-14T14:50:32
1693,1276,2024-10-18,2024-11-17,1215.38,3319.07,True,2025-03-20T01:00:29
1694,1232,2024-04-27,2024-05-27,6605.67,6359.56,False,2025-03-26T11:05:45
1695,1572,2024-03-06,2024-04-05,5052.95,5142.85,False,2025-08-26T23:29:06
1696,1261,2024-06-10,2024-07-10,2794.53,3493.92,True,2022-12-25T06:07:51
1697,51,2023-11-17,2023-12-17,4137.98,6933.11,True,2024-06-10T00:55:04
1698,451,2023-09-05,2023-10-05,2524.17,5129.26,False,2024-01-29T00:36:07
1699,787,2024-09-19,2024-10-19,9716.83,3311.64,True,2024-09-24T02:42:40
1700,1942,2023-07-26,2023-08-25,7729.67,5316.19,True,2025-08-18T03:54:32
1701,1760,2023-06-20,2023-07-20,2191.05,3129.53,False,2023-06-22T09:26:02
1702,802,2023-11-26,2023-12-26,5450.78,5630.95,True,2023-11-24T05:23:36
1703,483,2024-08-04,2024-09-03,9647.04,3695.96,False,2025-10-09T01:35:25
1704,1484,2024-01-29,2024-02-28,3646.40,2060.01,True,2025-08-30T14:36:06
1705,4,2024-01-05,2024-02-04,6960.92,1418.32,False,2023-06-12T06:06:47
1706,1390,2023-03-27,2023-04-26,3445.97,7441.51,False,2023-03-12T21:12:22
1707,1007,2024-06-20,2024-07-20,6149.02,435.61,False,2022-11-14T05:37:16
1708,117,2023-02-19,2023-03-21,3981.16,7666.70,False,2023-06-13T14:31:39
1709,29,2024-09-04,2024-10-04,9748.34,6574.55,True,2023-12-26T06:48:52
1710,211,2024-03-14,2024-04-13,7364.46,4513.78,False,2023-07-27T08:27:15
1711,1261,2023-07-25,2023-08-24,6316.81,1618.93,False,2025-02-25T18:27:45
1712,1533,2024-04-04,2024-05-04,9020.41,5832.70,True,2025-07-08T08:49:57
1713,1176,2023-04-23,2023-05-23,1207.18,9146.58,True,2025-06-12T01:34:20
1714,361,2024-07-11,2024-08-10,559.25,2896.19,True,2025-09-24T22:49:35
1715,471,2024-08-05,2024-09-04,6579.09,1594.29,True,2023-07-13T01:17:44
1716,113,2023-10-31,2023-11-30,9879.04,8672.82,False,2025-10-16T20:16:49
1717,353,2023-12-01,2023-12-31,6156.67,7839.68,False,2025-10-23T15:38:33
1718,670,2023-07-08,2023-08-07,9938.76,8450.06,True,2024-10-14T00:31:10
1719,319,2023-06-14,2023-07-14,4597.52,4616.10,True,2025-04-09T17:39:08
1720,1012,2024-01-26,2024-02-25,7745.01,4279.77,True,2023-04-03T11:48:31
1721,426,2022-11-13,2022-12-13,7168.50,7650.47,True,2025-05-18T00:13:07
1722,715,2024-10-06,2024-11-05,1483.01,3922.85,False,2024-09-30T01:29:08
1723,1712,2023-01-19,2023-02-18,5559.10,5961.53,True,2025-03-14T01:32:51
1724,1856,2024-08-27,2024-09-26,2060.21,2999.61,True,2025-07-02T09:57:25
1725,203,2023-05-31,2023-06-30,8606.16,2348.16,False,2024-06-23T09:24:21
1726,1182,2024-04-08,2024-05-08,8960.28,3563.34,True,2023-04-23T12:55:55
1727,1309,2024-07-06,2024-08-05,6414.35,3744.49,False,2023-01-30T21:29:19
1728,1919,2024-05-11,2024-06-10,3829.35,1852.53,True,2025-05-20T23:22:57
1729,1225,2024-02-12,2024-03-13,9382.58,3368.13,True,2024-01-14T21:10:33
1730,1195,2022-12-26,2023-01-25,9013.71,5558.07,False,2023-06-16T15:37:57
1731,154,2023-05-01,2023-05-31,7631.71,4935.97,True,2024-01-22T08:52:55
1732,1559,2024-09-18,2024-10-18,4670.43,8098.34,False,2023-06-24T20:50:22
1733,1559,2024-03-02,2024-04-01,5778.59,6860.73,True,2023-05-27T03:19:11
1734,715,2023-08-13,2023-09-12,9632.53,8910.23,False,2024-04-04T16:06:03
1735,1113,2023-06-06,2023-07-06,4569.90,3236.78,False,2025-02-03T01:08:28
1736,895,2023-04-15,2023-05-15,4468.09,3658.73,False,2023-05-18T17:18:49
1737,1387,2023-07-23,2023-08-22,5218.29,6978.51,False,2023-05-05T16:37:28
1738,241,2024-09-29,2024-10-29,5827.00,8240.29,True,2024-02-03T07:06:46
1739,812,2023-03-14,2023-04-13,4907.61,7040.24,False,2023-06-20T02:41:18
1740,1892,2024-01-21,2024-02-20,3160.48,3467.70,True,2024-09-30T22:43:36
1741,767,2023-06-07,2023-07-07,6066.03,447.73,True,2024-10-30T16:53:37
1742,1789,2024-05-23,2024-06-22,9978.49,3415.53,False,2024-01-01T01:46:01
1743,6,2023-08-17,2023-09-16,3448.86,1907.79,False,2023-05-25T21:05:37
1744,774,2023-09-28,2023-10-28,9595.56,4945.62,False,2023-04-15T04:20:58
1745,95,2024-05-13,2024-06-12,8556.74,5363.68,False,2024-01-04T10:14:59
1746,1411,2023-10-17,2023-11-16,4275.57,8037.28,False,2024-05-21T12:33:15
1747,452,2023-10-06,2023-11-05,5318.57,7518.09,True,2025-01-28T04:13:44
1748,1034,2023-03-16,2023-04-15,4027.17,6915.84,True,2023-05-17T18:59:24
1749,856,2023-04-25,2023-05-25,1851.09,4628.64,True,2025-06-27T10:22:02
1750,1760,2023-09-14,2023-10-14,8086.95,6216.88,True,2025-01-09T03:47:42
1751,1310,2024-09-28,2024-10-28,6338.17,2042.69,True,2022-12-16T02:33:36
1752,226,2023-07-12,2023-08-11,2252.21,7456.24,True,2023-03-10T14:41:35
1753,1150,2023-10-01,2023-10-31,618.81,5685.74,False,2025-10-10T20:32:16
1754,544,2022-12-27,2023-01-26,7149.43,3878.52,True,2025-02-08T01:19:31
1755,1840,2024-06-13,2024-07-13,5179.79,2615.68,True,2023-12-28T02:46:31
1756,1817,2023-12-03,2024-01-02,8777.11,5054.60,False,2023-11-26T04:31:56
1757,1209,2023-12-08,2024-01-07,8603.48,6133.41,False,2024-07-09T11:47:13
1758,1373,2023-08-03,2023-09-02,1426.68,6523.62,False,2022-12-26T20:31:34
1759,565,2024-01-18,2024-02-17,4012.18,7729.81,True,2025-06-23T01:30:42
1760,1496,2024-04-06,2024-05-06,9855.94,3249.64,True,2025-02-12T08:04:50
1761,679,2024-10-09,2024-11-08,5252.12,6412.89,True,2023-04-22T02:42:58
1762,888,2023-09-21,2023-10-21,6108.70,2427.85,False,2025-09-05T13:18:06
1763,1889,2024-08-28,2024-09-27,7737.15,6294.45,False,2023-10-08T11:20:59
1764,294,2022-12-30,2023-01-29,1767.97,6911.00,False,2025-01-06T05:59:13
1765,163,2024-04-01,2024-05-01,1732.62,463.83,True,2022-12-30T19:18:50
1766,135,2024-08-22,2024-09-21,5707.97,4918.51,False,2024-05-05T20:01:42
1767,1545,2024-08-03,2024-09-02,5964.07,2669.79,True,2025-03-27T22:31:15
1768,251,2024-10-20,2024-11-19,1255.82,8532.54,False,2024-05-09T17:31:53
1769,490,2024-06-27,2024-07-27,2494.53,8140.56,True,2024-07-03T23:34:13
1770,1904,2023-05-31,2023-06-30,8768.53,3262.03,True,2024-10-25T02:44:23
1771,578,2023-02-01,2023-03-03,6889.29,7237.31,False,2025-01-05T00:10:17
1772,1301,2023-07-25,2023-08-24,8571.20,6027.91,False,2024-09-14T01:41:56
1773,1843,2023-04-11,2023-05-11,6663.97,2849.64,True,2024-02-26T18:11:29
1774,1735,2024-10-17,2024-11-16,7196.07,6014.77,False,2024-02-07T16:37:35
1775,1591,2024-03-13,2024-04-12,5438.31,2781.70,False,2023-01-13T22:08:05
1776,733,2024-08-06,2024-09-05,6204.09,2880.22,True,2024-02-19T22:50:45
1777,34,2024-09-30,2024-10-30,7302.81,1882.48,False,2022-12-01T19:02:43
1778,1667,2024-08-13,2024-09-12,1353.14,5074.43,False,2023-02-21T14:33:55
1779,657,2024-04-06,2024-05-06,3078.62,727.97,False,2023-01-13T08:03:58
1780,1121,2024-09-21,2024-10-21,4707.94,3352.33,True,2025-04-04T09:31:39
1781,1447,2024-10-23,2024-11-22,4046.02,1486.82,True,2024-10-07T07:37:27
1782,1242,2022-12-21,2023-01-20,957.49,2266.06,False,2025-02-26T16:27:04
1783,1710,2024-09-12,2024-10-12,4753.55,4639.47,True,2022-11-21T00:38:16
1784,1713,2024-10-21,2024-11-20,8621.16,7938.43,False,2022-11-27T10:43:56
1785,1347,2023-03-24,2023-04-23,9075.60,9381.24,False,2024-04-04T12:51:26
1786,190,2023-12-08,2024-01-07,9127.79,4256.26,False,2022-11-19T06:43:07
1787,231,2024-02-17,2024-03-18,2506.92,3721.96,True,2024-07-04T13:16:36
1788,352,2023-10-07,2023-11-06,8262.88,2789.24,True,2025-03-15T19:13:58
1789,778,2023-05-22,2023-06-21,8554.41,3249.83,False,2024-01-23T18:28:19
1790,1205,2024-07-08,2024-08-07,8382.83,5296.67,True,2025-07-21T13:31:55
1791,993,2024-01-20,2024-02-19,4898.71,960.46,False,2024-10-13T10:32:11
1792,1195,2023-12-17,2024-01-16,6384.13,1595.74,True,2025-09-28T17:18:10
1793,852,2024-04-10,2024-05-10,6190.97,6372.20,False,2025-01-25T07:56:03
1794,796,2024-08-18,2024-09-17,5851.86,6509.63,False,2025-07-19T18:42:27
1795,1225,2023-10-17,2023-11-16,771.92,8466.40,True,2025-05-06T21:14:55
1796,1019,2024-01-28,2024-02-27,4534.81,576.88,True,2024-04-05T09:56:06
1797,1458,2024-10-03,2024-11-02,2640.50,7809.73,True,2025-01-12T11:04:26
1798,56,2024-07-15,2024-08-14,9267.50,7341.50,False,2023-02-18T16:49:51
1799,749,2024-05-17,2024-06-16,9930.59,6847.08,False,2024-01-13T10:02:48
1800,1196,2024-10-28,2024-11-27,1541.94,9058.48,False,2022-11-15T18:49:23
1801,421,2024-09-10,2024-10-10,7187.06,5868.20,True,2024-01-16T02:27:56
1802,1152,2024-03-31,2024-04-30,3787.84,6176.40,False,2024-03-25T07:23:02
1803,411,2023-12-19,2024-01-18,2442.92,3662.58,False,2025-04-02T12:57:54
1804,1213,2023-04-03,2023-05-03,7080.74,2608.96,False,2023-02-18T15:24:31
1805,1824,2023-10-22,2023-11-21,7213.98,4931.91,True,2025-08-29T20:05:25
1806,232,2024-05-31,2024-06-30,5831.04,1205.96,True,2023-08-07T10:22:00
1807,246,2023-09-21,2023-10-21,7348.15,2526.21,False,2025-04-15T19:28:52
1808,1250,2023-04-30,2023-05-30,3595.10,6483.36,True,2024-04-23T07:08:41
1809,427,2023-03-09,2023-04-08,2419.35,2820.14,True,2023-01-09T03:05:07
1810,565,2023-01-30,2023-03-01,1274.61,8637.67,True,2023-02-16T04:57:42
1811,1371,2024-09-13,2024-10-13,4920.46,7301.87,True,2025-05-20T00:32:28
1812,297,2023-07-28,2023-08-27,5151.88,4814.96,False,2024-05-01T08:36:08
1813,492,2024-06-16,2024-07-16,2834.01,5040.00,True,2023-11-18T09:10:02
1814,1724,2022-11-03,2022-12-03,5370.38,1024.19,True,2025-10-01T08:23:59
1815,354,2023-07-03,2023-08-02,7495.44,7957.89,True,2024-07-29T15:25:13
1816,371,2022-12-20,2023-01-19,8852.30,3177.66,False,2024-12-09T08:52:16
1817,1350,2024-05-03,2024-06-02,8234.15,2576.93,False,2024-02-21T13:51:56
1818,230,2023-08-19,2023-09-18,6235.38,5085.66,True,2025-05-19T03:35:31
1819,851,2024-03-12,2024-04-11,8866.72,5733.77,False,2025-03-29T10:01:33
1820,229,2023-06-24,2023-07-24,8129.68,712.93,False,2023-08-31T17:58:11
1821,1992,2023-05-28,2023-06-27,1841.70,8320.37,True,2023-07-20T03:30:12
1822,31,2024-03-13,2024-04-12,7181.38,8276.84,True,2024-10-21T09:40:14
1823,1047,2023-09-07,2023-10-07,3299.23,1611.31,True,2025-04-09T12:56:13
1824,1022,2023-05-25,2023-06-24,915.27,1532.07,True,2025-01-16T05:34:02
1825,1745,2022-12-27,2023-01-26,6454.77,1270.67,False,2024-06-18T06:01:59
1826,1009,2022-12-16,2023-01-15,6921.66,2307.48,True,2025-06-19T19:13:25
1827,460,2024-05-18,2024-06-17,9876.14,8658.08,False,2025-08-06T01:33:00
1828,1514,2023-07-30,2023-08-29,6841.91,5623.16,False,2025-06-04T12:58:28
1829,1449,2022-12-11,2023-01-10,8165.04,1227.02,True,2025-01-13T23:04:58
1830,457,2024-04-30,2024-05-30,2836.33,3561.56,True,2023-11-07T21:37:49
1831,477,2024-02-17,2024-03-18,4380.80,1885.96,True,2023-10-03T20:37:32
1832,97,2023-02-20,2023-03-22,1276.13,8395.07,True,2024-10-05T00:12:52
1833,1256,2023-12-06,2024-01-05,9581.80,6668.82,False,2025-05-11T11:49:52
1834,1133,2024-07-16,2024-08-15,3996.17,3018.55,True,2023-04-12T19:50:48
1835,167,2022-12-25,2023-01-24,1377.93,9072.92,True,2023-05-15T23:24:06
1836,1299,2024-03-03,2024-04-02,1008.65,1893.57,True,2025-07-16T01:13:51
1837,1936,2024-01-19,2024-02-18,1504.81,1607.74,True,2024-07-17T19:57:33
1838,937,2024-05-30,2024-06-29,8477.81,6373.45,False,2025-04-15T06:55:59
1839,583,2023-11-09,2023-12-09,7330.83,6188.84,True,2024-05-06T00:39:20
1840,797,2023-05-02,2023-06-01,1947.47,5632.86,True,2023-02-06T14:58:45
1841,1550,2024-09-12,2024-10-12,7113.08,8486.58,False,2024-02-03T11:30:52
1842,90,2023-04-30,2023-05-30,6513.37,1313.74,True,2022-11-22T14:29:32
1843,555,2023-04-01,2023-05-01,2934.72,5912.25,False,2025-04-04T16:18:56
1844,56,2023-03-09,2023-04-08,6104.06,7860.64,True,2025-01-25T15:14:00
1845,1725,2024-03-13,2024-04-12,8339.94,2996.25,False,2025-10-21T04:01:07
1846,730,2023-08-03,2023-09-02,3079.97,8694.17,False,2024-11-22T19:58:19
1847,1506,2024-07-30,2024-08-29,6141.09,1681.28,False,2023-08-04T22:47:55
1848,955,2023-01-13,2023-02-12,8505.10,6394.29,True,2024-03-03T21:15:12
1849,592,2024-10-27,2024-11-26,5150.21,7560.64,False,2024-09-16T10:35:39
1850,258,2023-09-23,2023-10-23,6949.43,4474.69,False,2025-04-17T14:56:24
1851,844,2023-04-28,2023-05-28,2693.86,2739.89,True,2025-08-20T11:10:00
1852,1928,2023-12-08,2024-01-07,2997.36,3896.90,True,2024-04-17T22:54:41
1853,1788,2024-03-05,2024-04-04,3193.27,2753.22,False,2023-11-11T00:27:57
1854,1421,2023-01-08,2023-02-07,8109.15,4813.42,True,2023-05-19T06:17:19
1855,1635,2023-01-30,2023-03-01,3277.88,3295.63,False,2024-11-12T12:09:12
1856,276,2022-11-06,2022-12-06,7181.46,5055.73,False,2023-09-04T19:29:38
1857,611,2023-08-07,2023-09-06,4099.61,8267.77,True,2024-04-02T01:27:47
1858,1834,2024-04-06,2024-05-06,736.43,2567.90,True,2024-10-19T21:46:31
1859,975,2023-12-10,2024-01-09,9320.12,3073.09,True,2023-06-18T18:48:17
1860,487,2022-12-14,2023-01-13,9421.76,1291.05,False,2023-03-20T17:21:33
1861,1440,2023-11-16,2023-12-16,6288.96,9030.71,False,2024-02-12T15:15:48
1862,534,2022-12-10,2023-01-09,5505.87,5998.74,False,2024-05-11T04:37:53
1863,994,2024-04-30,2024-05-30,5095.27,9494.62,False,2024-04-06T10:12:59
1864,1512,2024-01-18,2024-02-17,1658.83,3694.65,True,2024-01-26T01:47:47
1865,335,2024-07-04,2024-08-03,2945.16,1893.93,False,2023-10-12T07:01:51
1866,1988,2022-11-10,2022-12-10,7744.26,7641.50,True,2024-08-10T00:30:31
1867,1745,2024-10-24,2024-11-23,5507.03,2316.13,True,2024-02-28T19:07:57
1868,382,2023-06-11,2023-07-11,3235.73,1650.74,True,2025-03-27T22:38:00
1869,1997,2024-04-28,2024-05-28,8717.04,4543.33,True,2024-04-13T21:33:37
1870,90,2023-08-13,2023-09-12,4723.20,8717.40,False,2022-11-17T10:08:41
1871,708,2023-11-12,2023-12-12,2557.08,4745.32,True,2025-04-14T09:11:13
1872,1753,2024-10-02,2024-11-01,4581.17,1866.87,False,2025-10-02T14:04:27
1873,1922,2023-11-10,2023-12-10,4832.45,2457.64,False,2023-10-30T06:41:52
1874,327,2024-08-13,2024-09-12,1421.22,405.85,False,2023-04-14T22:41:57
1875,1877,2024-02-05,2024-03-06,5529.71,9205.73,False,2023-09-17T00:06:11
1876,749,2023-04-09,2023-05-09,3885.59,8852.53,True,2024-07-02T07:40:07
1877,1986,2023-07-18,2023-08-17,4443.05,2459.93,True,2023-12-21T22:51:47
1878,1081,2023-01-02,2023-02-01,6234.37,7680.89,False,2025-08-06T04:14:18
1879,1801,2023-12-28,2024-01-27,1450.89,954.53,False,2023-05-29T06:46:58
1880,1568,2024-08-18,2024-09-17,5320.30,6823.06,True,2025-02-18T12:19:22
1881,1081,2023-12-28,2024-01-27,1663.43,1307.37,False,2025-09-18T02:02:22
1882,372,2023-08-17,2023-09-16,5832.94,4921.94,True,2025-02-01T04:14:27
1883,585,2022-11-23,2022-12-23,1781.58,6246.99,False,2024-10-12T10:45:31
1884,523,2022-12-18,2023-01-17,2302.15,6388.01,False,2025-03-07T00:29:07
1885,696,2023-02-21,2023-03-23,2286.70,3209.16,True,2024-06-12T22:00:51
1886,582,2023-11-17,2023-12-17,5856.46,4529.06,True,2022-12-26T15:06:48
1887,1575,2023-11-20,2023-12-20,6160.00,1561.33,True,2022-12-06T00:56:00
1888,554,2024-05-12,2024-06-11,979.62,8822.90,True,2024-08-31T05:52:07
1889,380,2023-01-18,2023-02-17,3264.89,2920.98,True,2025-08-27T05:27:47
1890,1696,2024-02-01,2024-03-02,6453.14,7426.61,True,2025-02-05T02:24:00
1891,1774,2024-10-25,2024-11-24,731.98,6271.44,False,2025-08-21T20:06:41
1892,461,2023-11-14,2023-12-14,1560.12,2153.71,True,2023-08-11T04:08:05
1893,601,2023-05-25,2023-06-24,6655.45,434.58,False,2023-07-11T17:01:38
1894,1567,2023-09-16,2023-10-16,9626.90,3182.61,False,2023-02-23T03:09:59
1895,1030,2023-09-29,2023-10-29,2771.61,5612.81,True,2023-04-16T20:33:59
1896,1890,2023-08-02,2023-09-01,5116.43,8549.94,True,2024-03-21T21:15:36
1897,1866,2023-11-25,2023-12-25,9096.65,3728.82,False,2023-05-24T13:57:02
1898,1914,2023-12-29,2024-01-28,6201.28,1110.81,True,2025-08-29T13:47:47
1899,622,2024-06-08,2024-07-08,8588.47,5577.01,True,2023-05-11T11:49:38
1900,965,2023-01-23,2023-02-22,7769.74,9467.17,False,2024-09-14T20:18:45
1901,1335,2024-02-25,2024-03-26,6423.12,2005.99,True,2023-07-25T05:27:19
1902,903,2023-06-17,2023-07-17,4147.06,5704.45,True,2025-01-11T16:41:13
1903,729,2022-12-01,2022-12-31,1861.78,8644.72,True,2024-10-22T23:39:29
1904,175,2023-12-11,2024-01-10,1355.23,7445.43,False,2025-01-12T12:52:13
1905,1010,2023-10-25,2023-11-24,5313.95,3647.24,False,2025-04-09T23:23:00
1906,831,2024-05-17,2024-06-16,3903.63,8718.63,True,2023-08-30T19:41:53
1907,1801,2023-12-26,2024-01-25,5581.20,879.03,False,2023-01-02T21:05:43
1908,608,2024-03-22,2024-04-21,9748.08,7237.99,False,2024-12-25T01:34:31
1909,897,2023-03-10,2023-04-09,4203.60,1465.92,True,2024-01-05T19:38:06
1910,456,2023-09-06,2023-10-06,1424.39,1652.30,False,2024-01-29T21:22:25
1911,754,2024-06-02,2024-07-02,1375.03,9344.53,True,2023-03-16T02:26:34
1912,442,2023-04-02,2023-05-02,4166.39,4140.12,False,2025-10-28T23:02:22
1913,966,2023-01-24,2023-02-23,8678.94,2576.31,False,2025-01-31T21:51:40
1914,1317,2024-10-08,2024-11-07,2749.36,2858.19,False,2024-03-21T06:02:57
1915,1990,2024-10-07,2024-11-06,6569.46,7626.91,False,2023-04-27T03:33:21
1916,1643,2024-07-06,2024-08-05,9142.89,4976.57,False,2023-09-21T14:00:52
1917,465,2023-03-08,2023-04-07,8679.39,8825.54,True,2023-04-14T06:35:57
1918,357,2023-10-29,2023-11-28,6126.31,1107.87,True,2024-07-31T19:34:42
1919,394,2023-10-17,2023-11-16,4366.95,9339.19,False,2023-09-02T11:54:39
1920,1991,2023-06-18,2023-07-18,1773.94,7910.94,True,2023-05-20T02:00:36
1921,286,2022-11-20,2022-12-20,6159.66,5143.78,True,2024-09-23T03:39:59
1922,1524,2024-06-25,2024-07-25,8769.67,9090.78,True,2025-01-28T06:32:07
1923,108,2023-07-05,2023-08-04,1965.19,1791.26,False,2024-01-01T18:40:26
1924,51,2023-12-04,2024-01-03,3947.82,3890.70,False,2023-04-29T20:08:58
1925,1380,2023-02-08,2023-03-10,3300.80,6976.58,True,2023-07-04T23:05:50
1926,1386,2023-10-21,2023-11-20,3829.11,8260.31,True,2023-08-27T08:38:18
1927,1180,2024-04-25,2024-05-25,2017.41,2960.30,False,2025-02-15T16:32:11
1928,690,2024-07-26,2024-08-25,9560.35,7274.51,False,2025-05-26T02:20:48
1929,1013,2023-06-07,2023-07-07,4072.56,7786.88,False,2023-01-15T21:11:07
1930,1233,2024-01-01,2024-01-31,1376.30,3772.31,True,2023-02-03T11:44:51
1931,423,2024-04-05,2024-05-05,4156.34,2450.29,False,2024-09-01T01:46:00
1932,325,2023-03-13,2023-04-12,8413.60,2256.62,True,2025-06-14T21:58:59
1933,524,2024-01-13,2024-02-12,4651.39,4512.25,False,2024-06-29T20:47:10
1934,1527,2024-04-21,2024-05-21,8527.63,1923.01,False,2025-06-29T22:00:11
1935,799,2023-07-07,2023-08-06,1201.82,3167.60,False,2023-11-02T20:45:49
1936,1205,2024-07-27,2024-08-26,612.74,7723.19,False,2025-01-24T09:07:21
1937,1925,2023-03-08,2023-04-07,2078.19,1699.64,True,2022-11-03T09:39:19
1938,1418,2023-11-12,2023-12-12,910.73,5836.08,False,2025-07-30T02:41:30
1939,534,2024-04-04,2024-05-04,9715.85,1740.61,False,2024-12-31T15:27:08
1940,1238,2022-12-08,2023-01-07,4774.00,878.65,False,2024-04-08T07:14:43
1941,470,2024-09-10,2024-10-10,5081.72,6018.21,False,2025-02-04T20:57:09
1942,82,2023-02-18,2023-03-20,7098.74,2120.30,False,2024-12-25T17:54:18
1943,1869,2024-06-15,2024-07-15,9482.22,1028.76,False,2025-10-07T02:09:25
1944,96,2023-11-30,2023-12-30,1667.18,3858.69,False,2025-10-23T01:30:46
1945,481,2023-12-16,2024-01-15,8935.85,5551.99,False,2025-10-03T01:18:15
1946,380,2024-04-10,2024-05-10,9306.32,1272.40,False,2025-05-11T23:27:05
1947,574,2022-12-05,2023-01-04,8211.85,2721.12,True,2024-01-28T11:45:42
1948,712,2023-02-01,2023-03-03,717.69,7146.10,True,2023-03-18T08:48:13
1949,1722,2023-04-15,2023-05-15,6573.58,5960.70,True,2023-11-22T15:24:55
1950,1442,2023-09-10,2023-10-10,5484.45,8023.45,True,2023-07-27T09:31:31
1951,1088,2023-07-11,2023-08-10,8143.67,2592.75,False,2023-10-10T20:46:04
1952,1828,2024-03-22,2024-04-21,3846.78,4974.16,True,2024-05-06T12:27:14
1953,875,2022-12-05,2023-01-04,2978.18,2792.49,False,2023-02-24T18:14:33
1954,765,2024-07-06,2024-08-05,7772.52,4485.45,False,2022-12-28T12:36:21
1955,533,2023-11-02,2023-12-02,1763.37,7076.22,True,2023-11-30T12:08:18
1956,1295,2023-12-05,2024-01-04,6018.62,9349.94,False,2025-01-22T13:38:21
1957,437,2022-12-07,2023-01-06,4153.63,1924.94,False,2023-10-02T18:02:45
1958,669,2023-06-30,2023-07-30,4334.07,2727.94,False,2025-06-30T01:16:46
1959,1815,2022-11-16,2022-12-16,6882.99,3383.01,False,2023-09-11T06:30:56
1960,1071,2023-04-07,2023-05-07,8687.57,8353.42,False,2025-07-29T20:54:42
1961,1898,2022-12-27,2023-01-26,2222.47,3288.67,True,2024-11-08T08:21:43
1962,1556,2024-08-04,2024-09-03,5360.04,3435.31,True,2024-09-30T16:12:38
1963,1113,2022-11-14,2022-12-14,8656.06,9167.08,False,2024-04-21T00:46:56
1964,765,2024-07-19,2024-08-18,1528.92,8099.65,True,2023-05-30T17:55:11
1965,1392,2024-07-08,2024-08-07,9103.23,1844.60,False,2022-12-04T23:22:06
1966,846,2023-03-09,2023-04-08,5082.19,6275.93,True,2025-01-02T09:03:43
1967,951,2023-10-06,2023-11-05,3693.93,2368.89,True,2025-03-22T16:51:46
1968,42,2023-10-15,2023-11-14,8831.57,6987.10,False,2023-07-19T10:23:58
1969,1779,2023-08-19,2023-09-18,6318.14,3909.43,False,2025-01-20T11:13:38
1970,152,2024-08-10,2024-09-09,8115.27,5491.38,False,2024-03-14T12:55:57
1971,719,2023-05-22,2023-06-21,4797.76,3732.75,True,2023-12-25T02:34:38
1972,86,2023-02-19,2023-03-21,5845.78,2635.74,True,2025-03-13T00:00:51
1973,454,2024-07-14,2024-08-13,6998.04,583.20,False,2024-05-14T05:54:46
1974,639,2023-03-16,2023-04-15,8166.48,2889.70,True,2024-04-20T12:29:21
1975,1274,2022-12-15,2023-01-14,9599.04,1835.20,False,2023-07-24T21:19:06
1976,146,2023-04-24,2023-05-24,6748.85,2323.08,False,2024-09-30T07:16:23
1977,672,2023-09-15,2023-10-15,5540.57,529.30,True,2024-01-02T10:16:17
1978,315,2023-03-21,2023-04-20,7237.02,7425.38,False,2023-12-30T23:39:35
1979,82,2024-01-28,2024-02-27,1173.03,1231.68,True,2025-10-11T22:12:19
1980,1705,2023-12-11,2024-01-10,2301.18,708.15,True,2024-05-13T16:44:09
1981,1945,2024-05-08,2024-06-07,7215.57,654.41,False,2023-09-02T01:28:28
1982,208,2024-09-07,2024-10-07,5525.76,4150.18,False,2024-02-11T19:46:23
1983,1211,2023-01-23,2023-02-22,1042.20,4633.87,True,2023-08-30T05:14:12
1984,975,2024-10-19,2024-11-18,2553.38,6196.44,False,2023-12-16T08:45:54
1985,1643,2024-03-23,2024-04-22,5925.62,1703.02,False,2023-02-23T05:36:27
1986,1249,2024-10-20,2024-11-19,2109.23,3216.70,True,2025-03-20T00:26:42
1987,173,2024-06-26,2024-07-26,909.78,9222.23,False,2025-03-14T23:39:07
1988,964,2022-12-10,2023-01-09,3274.54,414.74,False,2025-04-10T12:11:02
1989,113,2023-01-12,2023-02-11,1098.40,2360.25,False,2024-09-16T22:34:04
1990,1290,2023-02-01,2023-03-03,6918.06,7520.71,False,2025-02-17T09:01:18
1991,1524,2024-02-19,2024-03-20,8732.22,5352.03,False,2024-01-05T04:11:23
1992,193,2024-03-27,2024-04-26,530.71,8684.71,True,2023-06-20T20:06:28
1993,1661,2024-04-18,2024-05-18,4810.79,458.91,True,2025-02-02T21:17:26
1994,1699,2023-05-03,2023-06-02,696.48,456.16,True,2023-10-21T13:18:00
1995,1537,2023-11-03,2023-12-03,1834.44,6996.60,True,2025-08-08T10:18:18
1996,1439,2023-08-05,2023-09-04,4259.77,7941.77,True,2023-07-15T01:14:00
1997,653,2023-10-05,2023-11-04,1410.08,7181.31,True,2023-12-27T11:33:03
1998,1890,2024-07-06,2024-08-05,9681.62,1097.56,True,2024-10-31T11:38:23
1999,1504,2024-10-17,2024-11-16,4098.63,2182.98,False,2022-11-05T05:44:26
2000,1488,2024-02-12,2024-03-13,6086.21,447.24,False,2023-04-23T16:48:22
