id,order_id,product,quantity,start_date,end_date,status,created_at
1,PROD-30001,Back,1261,2024-12-10,2024-12-23,On Hold,2023-01-21T15:15:33
2,PROD-30002,Grow,1988,2025-08-18,2025-08-25,Completed,2023-01-06T11:55:44
3,PROD-30003,Where,220,2025-10-12,2025-10-15,Planned,2023-12-13T21:32:16
4,PROD-30004,Head,1718,2024-04-02,2024-04-12,In Production,2022-11-21T06:52:26
5,PROD-30005,Note,612,2024-11-22,2024-12-29,Planned,2024-01-08T17:26:11
6,PROD-30006,Exactly,1358,2024-04-18,2024-05-08,In Production,2022-12-01T18:55:06
7,PROD-30007,Your,1414,2024-01-31,2024-03-15,Planned,2023-05-20T21:37:20
8,PROD-30008,Religious,1796,2024-01-20,2024-01-24,Completed,2024-06-07T18:50:22
9,PROD-30009,Simply,249,2023-12-11,2023-12-14,On Hold,2024-08-01T05:59:28
10,PROD-30010,Visit,989,2025-03-17,2025-05-09,Completed,2024-01-31T10:50:52
11,PROD-30011,Speech,1299,2025-01-28,2025-03-09,Planned,2024-08-11T01:54:00
12,PROD-30012,Far,359,2023-12-22,2024-01-28,In Production,2024-12-11T06:51:25
13,PROD-30013,Look,606,2025-07-10,2025-07-19,Completed,2024-08-26T22:15:21
14,PROD-30014,Speak,199,2025-07-09,2025-08-31,Planned,2024-06-23T12:48:15
15,PROD-30015,Mission,1210,2025-01-01,2025-01-02,On Hold,2024-08-31T05:50:38
16,PROD-30016,What,1434,2024-11-03,2024-12-30,On Hold,2024-09-01T18:14:55
17,PROD-30017,Focus,1399,2025-10-23,2025-10-25,In Production,2024-11-19T13:02:29
18,PROD-30018,Central,607,2025-07-11,2025-09-06,Planned,2024-04-30T12:00:37
19,PROD-30019,Describe,1542,2024-07-21,2024-07-26,On Hold,2022-12-20T08:49:06
20,PROD-30020,Goal,1768,2023-12-21,2024-01-27,In Production,2024-08-04T17:46:45
21,PROD-30021,Young,612,2024-11-09,2024-12-30,On Hold,2023-01-18T00:38:51
22,PROD-30022,Interview,1142,2025-06-16,2025-07-28,On Hold,2023-10-03T06:49:22
23,PROD-30023,Common,849,2023-11-10,2023-12-10,In Production,2023-07-13T10:07:59
24,PROD-30024,Her,1958,2025-07-01,2025-08-09,On Hold,2025-03-05T09:46:33
25,PROD-30025,Activity,1528,2024-11-10,2024-11-28,On Hold,2024-08-19T08:17:58
26,PROD-30026,Congress,1243,2024-11-22,2024-12-21,In Production,2024-08-09T09:00:35
27,PROD-30027,Positive,5,2024-01-27,2024-03-26,On Hold,2024-12-30T14:46:52
28,PROD-30028,Themselves,242,2025-02-14,2025-02-24,On Hold,2023-12-24T03:33:00
29,PROD-30029,Republican,1136,2024-12-23,2025-02-15,In Production,2025-07-28T10:33:36
30,PROD-30030,Meet,1327,2024-09-21,2024-09-26,In Production,2025-07-15T06:08:02
31,PROD-30031,Meeting,1237,2024-02-05,2024-03-07,Planned,2025-05-03T04:35:17
32,PROD-30032,Get,1647,2024-11-24,2025-01-09,Planned,2024-09-10T15:31:32
33,PROD-30033,Rest,1517,2025-05-31,2025-06-26,Completed,2025-02-25T20:31:56
34,PROD-30034,Senior,806,2025-10-03,2025-11-27,Completed,2024-12-15T17:29:53
35,PROD-30035,Require,1092,2024-06-30,2024-07-12,On Hold,2024-01-04T10:35:17
36,PROD-30036,Suggest,617,2023-11-26,2023-12-12,Completed,2025-01-13T16:06:04
37,PROD-30037,Court,906,2023-12-12,2024-01-24,On Hold,2024-02-17T12:32:07
38,PROD-30038,Place,1385,2025-10-13,2025-10-26,Completed,2025-08-19T06:09:57
39,PROD-30039,Space,1745,2025-03-18,2025-04-20,On Hold,2023-12-07T12:11:26
40,PROD-30040,Yet,199,2025-03-07,2025-03-20,Planned,2025-05-14T18:16:48
41,PROD-30041,Entire,1784,2023-12-31,2024-01-06,In Production,2023-11-15T02:01:06
42,PROD-30042,Account,591,2025-03-07,2025-03-31,In Production,2025-03-29T08:28:32
43,PROD-30043,Physical,1151,2024-03-08,2024-03-29,On Hold,2024-02-24T08:30:39
44,PROD-30044,Fall,562,2024-07-22,2024-08-22,Completed,2024-03-16T17:45:39
45,PROD-30045,Cause,1625,2023-11-22,2023-12-19,Completed,2025-06-02T00:38:13
46,PROD-30046,Recently,460,2024-03-08,2024-03-28,Planned,2024-02-23T05:46:58
47,PROD-30047,Manager,336,2024-10-31,2024-11-14,Planned,2023-11-19T04:19:51
48,PROD-30048,And,1527,2024-01-03,2024-02-28,Completed,2023-08-16T01:29:20
49,PROD-30049,Nice,791,2024-05-05,2024-07-04,Planned,2025-10-08T08:52:01
50,PROD-30050,Factor,861,2025-01-21,2025-02-03,In Production,2025-08-08T11:43:57
51,PROD-30051,Energy,1799,2024-09-06,2024-09-21,In Production,2025-05-01T05:54:22
52,PROD-30052,Include,1485,2025-09-16,2025-10-29,In Production,2022-11-11T04:14:38
53,PROD-30053,Western,1456,2025-04-22,2025-06-01,Planned,2023-03-02T04:20:32
54,PROD-30054,Home,598,2025-05-05,2025-06-20,On Hold,2022-12-09T00:24:41
55,PROD-30055,Price,1751,2025-02-01,2025-02-02,Completed,2023-03-01T12:43:03
56,PROD-30056,Reach,1399,2025-04-23,2025-05-18,On Hold,2022-11-26T11:58:37
57,PROD-30057,Half,69,2024-12-11,2024-12-31,On Hold,2022-12-14T21:07:22
58,PROD-30058,Reality,590,2025-04-27,2025-05-06,Planned,2024-01-01T11:26:33
59,PROD-30059,Health,1466,2024-05-04,2024-06-22,Planned,2023-09-20T18:01:26
60,PROD-30060,Strategy,979,2025-10-29,2025-12-01,On Hold,2024-10-15T15:23:14
61,PROD-30061,Particular,1601,2025-07-15,2025-07-22,On Hold,2024-10-05T14:39:54
62,PROD-30062,Capital,1239,2025-10-06,2025-12-05,Planned,2025-03-17T23:57:44
63,PROD-30063,Woman,1636,2025-10-06,2025-11-10,Completed,2024-05-16T16:58:20
64,PROD-30064,Compare,167,2025-05-27,2025-07-02,Completed,2023-02-07T00:21:42
65,PROD-30065,Though,1432,2024-11-23,2025-01-22,In Production,2023-01-07T07:28:58
66,PROD-30066,Leader,926,2025-06-13,2025-07-15,Planned,2023-12-29T02:51:16
67,PROD-30067,Site,736,2024-07-25,2024-07-30,In Production,2022-12-12T05:57:57
68,PROD-30068,Degree,659,2024-03-11,2024-04-12,Planned,2024-08-21T23:57:12
69,PROD-30069,Trial,1299,2024-06-14,2024-07-14,In Production,2024-06-08T03:15:34
70,PROD-30070,Growth,872,2023-11-10,2023-12-29,Planned,2023-05-12T16:48:32
71,PROD-30071,Lay,1694,2023-12-15,2024-02-08,In Production,2025-05-22T00:18:54
72,PROD-30072,Serve,73,2023-11-25,2023-12-07,Completed,2022-11-25T08:54:19
73,PROD-30073,Five,1640,2024-04-19,2024-04-23,On Hold,2024-01-04T20:35:10
74,PROD-30074,Why,512,2025-09-01,2025-10-25,In Production,2023-04-29T08:11:09
75,PROD-30075,Whole,350,2024-06-25,2024-08-18,In Production,2024-01-19T11:19:06
76,PROD-30076,Way,353,2025-02-12,2025-03-09,Planned,2025-07-16T23:26:41
77,PROD-30077,At,1725,2024-01-31,2024-03-13,On Hold,2025-05-02T04:58:55
78,PROD-30078,Prove,1276,2025-06-17,2025-07-24,Planned,2024-06-12T14:36:51
79,PROD-30079,Serve,214,2024-05-01,2024-06-22,Planned,2024-12-03T07:08:40
80,PROD-30080,Push,54,2024-07-09,2024-07-23,On Hold,2024-01-29T06:53:03
81,PROD-30081,Day,862,2025-10-27,2025-11-11,On Hold,2025-03-07T22:08:11
82,PROD-30082,Hundred,1635,2025-07-17,2025-07-23,On Hold,2023-01-31T22:37:10
83,PROD-30083,Throughout,1839,2025-01-28,2025-02-27,Planned,2023-10-26T08:53:11
84,PROD-30084,City,901,2024-10-25,2024-12-02,On Hold,2023-12-05T10:21:55
85,PROD-30085,Interest,1990,2025-05-17,2025-07-07,On Hold,2025-07-23T03:13:41
86,PROD-30086,Answer,138,2024-05-03,2024-06-06,On Hold,2023-01-17T19:57:25
87,PROD-30087,Car,822,2024-12-16,2024-12-28,On Hold,2023-11-08T14:47:03
88,PROD-30088,Reveal,194,2025-07-26,2025-08-27,Completed,2022-12-22T16:35:12
89,PROD-30089,Conference,888,2025-03-20,2025-03-25,In Production,2025-04-24T18:27:20
90,PROD-30090,Cost,1360,2024-04-26,2024-05-23,Completed,2023-03-29T21:10:30
91,PROD-30091,Including,1010,2025-01-16,2025-02-23,Planned,2024-08-29T08:36:16
92,PROD-30092,Especially,912,2024-06-28,2024-07-02,In Production,2023-10-10T05:38:54
93,PROD-30093,Thus,331,2024-05-22,2024-07-21,Planned,2025-02-25T00:37:35
94,PROD-30094,Against,283,2024-08-06,2024-09-27,On Hold,2024-08-03T06:08:03
95,PROD-30095,Run,1368,2025-05-01,2025-05-06,In Production,2024-04-07T00:57:42
96,PROD-30096,Him,1663,2025-07-19,2025-07-25,Completed,2022-11-16T21:03:30
97,PROD-30097,Few,1584,2024-07-23,2024-07-31,On Hold,2022-12-21T22:02:25
98,PROD-30098,Center,1333,2024-10-09,2024-12-05,Planned,2024-02-16T18:53:19
99,PROD-30099,Wife,1728,2024-12-22,2025-01-30,On Hold,2022-11-16T09:14:13
100,PROD-30100,Mouth,315,2025-01-23,2025-03-13,On Hold,2024-11-24T03:11:01
101,PROD-30101,History,224,2025-02-20,2025-03-07,On Hold,2024-05-29T11:12:33
102,PROD-30102,Their,417,2025-09-01,2025-10-02,Completed,2022-12-11T06:59:14
103,PROD-30103,Mission,1272,2025-10-18,2025-11-24,In Production,2024-12-05T00:20:32
104,PROD-30104,This,1718,2025-08-17,2025-09-22,Completed,2025-06-04T20:31:36
105,PROD-30105,Other,884,2024-08-28,2024-09-07,On Hold,2023-11-19T23:24:36
106,PROD-30106,Issue,849,2025-10-21,2025-11-24,Planned,2023-03-03T16:57:11
107,PROD-30107,Three,917,2025-06-30,2025-08-22,Completed,2025-01-30T13:57:05
108,PROD-30108,Ahead,664,2024-08-21,2024-08-22,Completed,2025-05-30T10:05:22
109,PROD-30109,None,714,2025-04-05,2025-05-10,Planned,2024-01-12T11:00:08
110,PROD-30110,Identify,36,2025-05-23,2025-06-01,On Hold,2022-12-04T11:10:34
111,PROD-30111,Seem,260,2024-05-12,2024-05-19,On Hold,2023-06-11T14:26:13
112,PROD-30112,Music,1673,2024-08-29,2024-10-01,On Hold,2024-01-04T00:38:16
113,PROD-30113,Agency,510,2024-10-28,2024-12-24,On Hold,2024-03-05T04:58:23
114,PROD-30114,Here,218,2025-09-19,2025-09-20,Completed,2024-10-16T21:59:46
115,PROD-30115,Find,1267,2025-04-15,2025-05-03,On Hold,2023-02-01T20:21:07
116,PROD-30116,State,208,2024-04-12,2024-05-13,Completed,2025-09-02T11:30:02
117,PROD-30117,Building,1328,2024-06-28,2024-08-01,In Production,2025-03-02T17:07:41
118,PROD-30118,Fire,1938,2024-05-15,2024-07-03,On Hold,2024-04-29T00:48:07
119,PROD-30119,Green,1635,2024-09-22,2024-10-28,Planned,2023-08-03T02:23:00
120,PROD-30120,Forget,298,2025-03-26,2025-05-12,Completed,2023-02-26T09:59:31
121,PROD-30121,Range,1037,2024-09-21,2024-10-30,In Production,2025-05-09T22:04:10
122,PROD-30122,Choose,1471,2024-05-09,2024-05-23,Planned,2023-08-11T17:58:39
123,PROD-30123,Seek,1007,2025-09-17,2025-10-25,In Production,2024-12-13T12:27:27
124,PROD-30124,Trade,1028,2023-12-03,2023-12-30,On Hold,2023-07-22T05:31:18
125,PROD-30125,Bank,1678,2024-05-22,2024-07-19,Completed,2023-02-22T10:23:00
126,PROD-30126,Likely,241,2024-05-05,2024-05-16,Completed,2022-12-04T08:29:27
127,PROD-30127,Remain,166,2023-11-04,2023-11-09,In Production,2023-01-12T15:42:55
128,PROD-30128,Continue,1651,2024-01-22,2024-03-08,On Hold,2024-02-01T01:41:58
129,PROD-30129,Turn,15,2025-02-28,2025-03-05,Planned,2024-12-20T19:07:51
130,PROD-30130,System,277,2025-08-05,2025-09-21,In Production,2025-09-23T18:28:06
131,PROD-30131,Good,998,2024-10-07,2024-11-07,Completed,2024-02-26T10:22:13
132,PROD-30132,Southern,1349,2024-10-16,2024-11-10,Completed,2023-11-21T20:25:03
133,PROD-30133,So,1243,2024-12-05,2024-12-18,In Production,2023-10-05T17:16:24
134,PROD-30134,Small,877,2024-11-29,2024-12-31,On Hold,2024-08-14T01:54:51
135,PROD-30135,Artist,1921,2024-01-09,2024-01-24,In Production,2024-04-28T04:03:37
136,PROD-30136,Reality,1545,2024-03-12,2024-04-08,Completed,2025-08-23T15:52:19
137,PROD-30137,Make,893,2024-09-13,2024-09-24,On Hold,2025-02-11T22:40:48
138,PROD-30138,Free,922,2024-01-01,2024-02-20,On Hold,2025-10-25T16:45:02
139,PROD-30139,Evening,57,2023-12-21,2024-01-04,Planned,2023-04-01T21:22:54
140,PROD-30140,Today,1894,2024-11-22,2024-12-09,In Production,2025-08-29T01:59:23
141,PROD-30141,Customer,414,2024-10-11,2024-12-03,Completed,2023-04-14T19:47:50
142,PROD-30142,Difficult,281,2024-05-12,2024-06-24,On Hold,2023-07-06T04:50:39
143,PROD-30143,Chair,1257,2025-10-27,2025-12-10,Completed,2024-01-02T23:16:47
144,PROD-30144,Daughter,579,2025-05-04,2025-05-20,Planned,2023-12-30T12:29:04
145,PROD-30145,Compare,938,2024-04-13,2024-06-12,Planned,2023-11-05T05:21:53
146,PROD-30146,Ok,1520,2023-12-31,2024-02-14,On Hold,2023-03-11T21:34:07
147,PROD-30147,Would,1572,2025-06-29,2025-07-09,On Hold,2025-06-01T21:24:43
148,PROD-30148,Former,893,2024-12-29,2025-01-24,Completed,2024-04-18T02:23:40
149,PROD-30149,Source,1083,2025-05-08,2025-06-08,Completed,2025-06-18T17:27:17
150,PROD-30150,Need,890,2024-10-15,2024-11-18,Planned,2025-11-01T12:31:52
151,PROD-30151,Tend,646,2025-01-25,2025-03-08,On Hold,2025-09-27T23:43:00
152,PROD-30152,Entire,1987,2024-08-02,2024-08-19,Planned,2025-08-27T03:21:58
153,PROD-30153,Everybody,164,2024-11-08,2024-11-23,Planned,2025-01-20T05:38:52
154,PROD-30154,Wait,823,2024-08-15,2024-09-10,On Hold,2024-07-30T06:43:40
155,PROD-30155,Understand,1595,2025-08-13,2025-10-11,Planned,2023-05-15T18:56:57
156,PROD-30156,Record,315,2025-04-02,2025-05-19,On Hold,2025-05-22T15:10:22
157,PROD-30157,Course,1261,2023-12-11,2023-12-21,Completed,2024-10-22T06:37:21
158,PROD-30158,Job,241,2025-07-31,2025-08-22,In Production,2024-11-25T23:18:35
159,PROD-30159,Relationship,727,2024-04-16,2024-06-02,On Hold,2025-05-14T12:50:58
160,PROD-30160,Light,1231,2024-07-13,2024-07-14,Planned,2023-03-31T16:48:27
161,PROD-30161,Thus,1346,2025-08-16,2025-08-21,Completed,2025-03-18T03:55:57
162,PROD-30162,Too,1066,2025-07-26,2025-09-15,Planned,2025-05-29T16:35:12
163,PROD-30163,Perform,1136,2024-06-21,2024-07-17,Planned,2023-11-29T12:52:20
164,PROD-30164,Tv,1811,2024-11-17,2024-11-21,On Hold,2024-04-02T10:33:01
165,PROD-30165,Arm,694,2024-12-06,2025-01-16,Completed,2023-01-26T12:08:58
166,PROD-30166,Nature,3,2024-07-02,2024-08-15,In Production,2024-10-31T16:02:28
167,PROD-30167,Although,818,2025-04-25,2025-06-06,In Production,2025-08-28T11:22:43
168,PROD-30168,Election,1601,2025-06-30,2025-08-13,In Production,2023-02-21T01:23:37
169,PROD-30169,Drug,352,2025-03-03,2025-03-31,In Production,2024-11-25T10:13:49
170,PROD-30170,Prove,661,2025-02-14,2025-03-17,Planned,2025-06-09T09:55:19
171,PROD-30171,Policy,1512,2025-08-09,2025-08-31,Completed,2023-09-09T09:12:24
172,PROD-30172,Lay,316,2024-11-27,2024-12-11,In Production,2024-02-26T18:45:21
173,PROD-30173,Establish,859,2024-12-01,2025-01-17,Planned,2023-10-21T02:26:00
174,PROD-30174,Radio,987,2024-01-07,2024-01-18,Completed,2025-02-25T03:04:54
175,PROD-30175,Better,797,2024-06-01,2024-07-29,In Production,2023-07-29T03:37:32
176,PROD-30176,Pay,1757,2025-02-27,2025-03-18,Planned,2024-01-25T00:15:05
177,PROD-30177,Impact,1846,2025-06-02,2025-06-27,In Production,2022-12-30T11:32:57
178,PROD-30178,Center,1668,2024-08-15,2024-09-13,Completed,2023-07-14T20:34:18
179,PROD-30179,Community,1535,2025-03-04,2025-04-12,Completed,2024-03-15T16:05:42
180,PROD-30180,Conference,731,2024-05-30,2024-07-15,On Hold,2023-12-07T02:43:53
181,PROD-30181,Mrs,1429,2024-07-12,2024-09-05,Planned,2024-04-25T23:31:33
182,PROD-30182,Production,296,2024-09-15,2024-11-06,In Production,2025-05-05T10:18:04
183,PROD-30183,Material,38,2024-11-26,2025-01-14,On Hold,2024-06-10T23:58:36
184,PROD-30184,Very,1623,2025-06-18,2025-07-29,Planned,2023-12-15T13:47:42
185,PROD-30185,Other,1536,2025-09-15,2025-09-18,Completed,2025-05-12T07:21:45
186,PROD-30186,Specific,627,2024-01-08,2024-02-02,Planned,2023-03-15T00:21:47
187,PROD-30187,Strategy,46,2024-05-27,2024-07-14,On Hold,2025-01-18T15:37:58
188,PROD-30188,Us,1929,2025-01-19,2025-02-17,Completed,2025-06-06T12:28:30
189,PROD-30189,Miss,764,2024-03-07,2024-03-14,On Hold,2025-02-17T00:27:16
190,PROD-30190,She,1251,2024-03-01,2024-04-02,Completed,2023-01-29T15:17:31
191,PROD-30191,Food,269,2024-11-14,2024-12-28,Completed,2024-11-22T11:56:22
192,PROD-30192,Listen,47,2024-07-07,2024-08-23,On Hold,2025-01-28T00:57:41
193,PROD-30193,Of,560,2024-10-19,2024-12-03,Planned,2023-01-25T23:17:08
194,PROD-30194,Certainly,1548,2024-02-04,2024-02-25,Completed,2023-11-16T03:43:05
195,PROD-30195,For,35,2024-08-14,2024-10-11,On Hold,2025-04-23T19:21:10
196,PROD-30196,Avoid,1008,2023-12-25,2024-01-16,On Hold,2023-12-31T19:34:24
197,PROD-30197,Fund,628,2025-01-27,2025-02-13,On Hold,2024-08-31T14:42:54
198,PROD-30198,Option,508,2024-03-18,2024-04-28,In Production,2023-08-26T01:40:35
199,PROD-30199,Difficult,623,2025-09-08,2025-09-15,Planned,2025-09-30T11:13:18
200,PROD-30200,Industry,808,2024-03-04,2024-04-10,Completed,2024-08-13T21:34:22
201,PROD-30201,Idea,1737,2025-01-30,2025-02-10,Completed,2024-03-15T00:46:01
202,PROD-30202,Let,1825,2024-07-30,2024-09-14,Planned,2022-11-19T01:29:36
203,PROD-30203,Total,579,2024-06-30,2024-08-24,In Production,2025-08-30T01:14:46
204,PROD-30204,Herself,750,2025-07-25,2025-08-20,Completed,2024-12-26T14:33:13
205,PROD-30205,Television,663,2024-10-26,2024-12-13,Planned,2024-11-30T08:17:29
206,PROD-30206,Want,153,2024-08-20,2024-09-27,On Hold,2024-07-28T09:15:04
207,PROD-30207,Doctor,104,2025-10-29,2025-11-02,In Production,2023-08-23T10:23:04
208,PROD-30208,Week,283,2025-07-22,2025-09-06,In Production,2025-02-08T05:11:21
209,PROD-30209,Model,1396,2025-07-23,2025-08-20,Completed,2022-12-15T13:47:40
210,PROD-30210,Child,1458,2025-01-17,2025-03-17,On Hold,2023-04-04T04:03:02
211,PROD-30211,Mean,1795,2024-08-18,2024-09-19,In Production,2024-09-08T14:27:34
212,PROD-30212,Difference,769,2025-01-21,2025-02-17,In Production,2023-05-12T07:36:00
213,PROD-30213,Usually,470,2025-09-10,2025-09-30,Completed,2025-09-29T02:16:43
214,PROD-30214,Defense,1470,2024-03-24,2024-05-21,Planned,2023-11-23T21:20:39
215,PROD-30215,Try,950,2024-05-18,2024-07-14,Planned,2024-03-07T18:51:32
216,PROD-30216,Both,619,2023-12-03,2024-01-27,Planned,2024-03-19T12:58:08
217,PROD-30217,Writer,1250,2024-10-18,2024-11-22,On Hold,2024-01-21T18:32:12
218,PROD-30218,Rock,1970,2024-11-24,2024-12-18,On Hold,2024-08-19T22:09:03
219,PROD-30219,Apply,612,2025-06-15,2025-06-22,On Hold,2025-10-17T17:02:11
220,PROD-30220,Base,312,2024-03-20,2024-04-29,Planned,2024-12-16T02:03:07
221,PROD-30221,News,158,2025-08-25,2025-10-09,In Production,2023-01-04T08:20:06
222,PROD-30222,Whole,1393,2025-06-21,2025-08-13,On Hold,2024-03-10T07:26:17
223,PROD-30223,Out,951,2024-07-07,2024-08-11,Completed,2023-10-08T12:16:17
224,PROD-30224,Animal,564,2024-09-15,2024-10-16,Planned,2023-01-28T15:43:44
225,PROD-30225,Nice,1858,2025-05-12,2025-05-23,In Production,2022-11-08T09:55:21
226,PROD-30226,Vote,1041,2023-11-23,2024-01-08,On Hold,2024-11-10T09:25:27
227,PROD-30227,Cultural,995,2024-08-11,2024-09-08,Planned,2025-01-12T14:28:41
228,PROD-30228,Policy,514,2025-08-06,2025-09-19,Completed,2023-01-27T23:25:59
229,PROD-30229,Close,1899,2025-01-20,2025-02-09,On Hold,2023-10-10T07:43:25
230,PROD-30230,Beautiful,146,2025-04-03,2025-05-25,On Hold,2023-03-05T10:36:49
231,PROD-30231,Language,608,2024-06-22,2024-07-29,Planned,2025-01-24T14:41:57
232,PROD-30232,Pick,1834,2024-12-05,2024-12-20,Planned,2025-04-25T19:04:19
233,PROD-30233,Them,76,2024-05-13,2024-05-30,Planned,2024-03-14T19:53:39
234,PROD-30234,Design,1876,2024-11-14,2024-12-17,On Hold,2022-12-18T01:56:58
235,PROD-30235,Shoulder,1461,2024-11-12,2024-11-21,In Production,2025-04-25T11:35:19
236,PROD-30236,Weight,1491,2024-03-17,2024-04-07,Completed,2024-11-01T01:20:35
237,PROD-30237,Health,987,2024-01-19,2024-02-29,Planned,2025-03-28T08:37:59
238,PROD-30238,Activity,377,2025-10-27,2025-11-15,On Hold,2023-10-06T21:05:13
239,PROD-30239,Song,1202,2024-04-23,2024-04-26,In Production,2023-01-02T16:14:24
240,PROD-30240,Head,172,2025-10-15,2025-12-14,Planned,2024-05-21T20:11:56
241,PROD-30241,Once,375,2024-06-14,2024-07-31,Planned,2023-07-21T09:22:51
242,PROD-30242,Similar,688,2023-11-15,2023-11-25,Completed,2025-07-04T01:55:39
243,PROD-30243,Threat,1945,2024-02-10,2024-02-25,Completed,2024-09-10T21:48:45
244,PROD-30244,Police,1288,2025-02-19,2025-03-05,In Production,2024-10-07T20:18:44
245,PROD-30245,Huge,591,2024-03-15,2024-05-01,Planned,2023-07-22T02:23:15
246,PROD-30246,Difference,1768,2024-06-02,2024-06-13,On Hold,2023-01-20T19:37:48
247,PROD-30247,Argue,826,2025-05-08,2025-06-04,In Production,2025-10-19T17:19:28
248,PROD-30248,Red,93,2025-04-17,2025-05-30,On Hold,2025-04-24T01:57:37
249,PROD-30249,Chair,1830,2025-04-16,2025-05-22,Completed,2023-08-04T15:41:20
250,PROD-30250,Page,845,2024-08-28,2024-09-23,Planned,2023-08-29T18:56:50
251,PROD-30251,Smile,1775,2025-06-27,2025-08-20,Planned,2022-12-28T13:59:43
252,PROD-30252,Other,312,2024-10-24,2024-12-09,Completed,2024-10-31T03:33:32
253,PROD-30253,Age,623,2024-10-04,2024-11-24,Planned,2024-07-15T16:21:43
254,PROD-30254,Long,1708,2024-09-29,2024-10-04,Planned,2025-03-07T00:29:53
255,PROD-30255,Democrat,244,2025-04-16,2025-06-01,In Production,2023-02-06T06:28:12
256,PROD-30256,Choice,185,2024-04-24,2024-04-26,Completed,2023-02-16T15:06:27
257,PROD-30257,Really,317,2025-01-25,2025-01-28,On Hold,2025-09-03T21:27:34
258,PROD-30258,Apply,185,2025-10-03,2025-11-29,Completed,2023-06-06T10:52:14
259,PROD-30259,Bar,1788,2024-02-07,2024-03-02,Completed,2023-10-16T10:46:55
260,PROD-30260,Over,310,2025-01-19,2025-03-07,On Hold,2024-07-27T17:23:09
261,PROD-30261,Story,1416,2024-09-09,2024-11-08,On Hold,2024-06-07T10:57:41
262,PROD-30262,Election,1819,2024-03-16,2024-04-28,Planned,2024-11-21T01:43:33
263,PROD-30263,Main,560,2025-10-04,2025-11-15,Planned,2023-03-11T22:53:43
264,PROD-30264,Actually,107,2025-09-23,2025-11-20,Completed,2025-01-31T08:22:33
265,PROD-30265,Republican,733,2024-08-03,2024-10-01,In Production,2025-06-23T02:57:37
266,PROD-30266,Able,1068,2024-11-03,2024-12-29,On Hold,2024-07-03T03:37:49
267,PROD-30267,Section,595,2024-09-11,2024-10-08,On Hold,2023-01-30T19:24:59
268,PROD-30268,Speech,1928,2025-04-17,2025-05-20,Planned,2023-10-25T18:45:57
269,PROD-30269,Same,1944,2024-04-01,2024-05-23,Planned,2024-12-04T08:46:41
270,PROD-30270,Board,1398,2024-09-26,2024-11-11,Completed,2023-05-29T08:24:56
271,PROD-30271,Power,1279,2024-05-02,2024-07-01,Completed,2025-08-05T05:10:51
272,PROD-30272,Arrive,780,2024-08-07,2024-08-17,Planned,2023-05-21T02:41:19
273,PROD-30273,Likely,1441,2023-12-23,2024-01-14,Planned,2024-10-06T09:47:05
274,PROD-30274,Should,1518,2025-04-04,2025-05-22,Completed,2024-07-17T16:48:11
275,PROD-30275,Spend,601,2025-10-27,2025-12-20,On Hold,2023-01-02T19:59:19
276,PROD-30276,Wind,193,2025-09-21,2025-10-09,In Production,2023-05-10T10:08:45
277,PROD-30277,Experience,298,2024-09-17,2024-10-19,Planned,2025-01-18T18:49:56
278,PROD-30278,Stop,262,2025-04-27,2025-05-04,In Production,2025-10-24T17:04:08
279,PROD-30279,Party,160,2025-03-29,2025-04-12,Completed,2024-12-20T21:45:24
280,PROD-30280,Former,1144,2024-07-15,2024-08-01,On Hold,2023-01-11T04:07:00
281,PROD-30281,Easy,851,2024-05-21,2024-06-05,On Hold,2025-06-18T11:15:19
282,PROD-30282,Significant,68,2024-08-01,2024-09-03,In Production,2024-04-06T23:08:18
283,PROD-30283,Mother,651,2025-07-06,2025-08-14,Completed,2025-08-01T19:25:26
284,PROD-30284,Himself,1886,2024-08-23,2024-09-10,Completed,2025-06-10T16:04:48
285,PROD-30285,Civil,1972,2023-11-23,2024-01-11,On Hold,2023-08-30T13:54:53
286,PROD-30286,Ahead,1683,2024-01-24,2024-02-15,In Production,2023-08-08T21:35:19
287,PROD-30287,American,844,2023-11-20,2024-01-14,Completed,2023-05-15T18:46:14
288,PROD-30288,Ten,1651,2023-12-28,2024-02-22,On Hold,2024-03-04T00:14:57
289,PROD-30289,Line,1687,2025-02-09,2025-02-12,Planned,2023-12-16T05:43:32
290,PROD-30290,Miss,841,2024-04-13,2024-05-06,In Production,2025-02-04T00:29:42
291,PROD-30291,Reflect,1433,2024-09-21,2024-10-25,Completed,2023-03-09T07:39:10
292,PROD-30292,If,1766,2025-06-28,2025-07-17,In Production,2024-12-04T13:12:17
293,PROD-30293,Thus,1601,2025-09-08,2025-11-04,In Production,2022-12-14T08:21:57
294,PROD-30294,Before,1314,2024-02-13,2024-03-24,Planned,2024-01-29T16:49:13
295,PROD-30295,Prevent,1908,2025-09-30,2025-11-15,Planned,2025-04-21T03:59:46
296,PROD-30296,Minute,191,2025-05-12,2025-06-27,On Hold,2025-01-27T15:53:03
297,PROD-30297,He,1461,2024-06-12,2024-06-15,On Hold,2023-05-13T04:02:59
298,PROD-30298,Mean,1260,2024-12-27,2025-01-08,In Production,2025-08-12T22:38:23
299,PROD-30299,There,1483,2024-09-23,2024-10-30,Completed,2023-06-24T11:30:47
300,PROD-30300,Right,1605,2024-05-31,2024-07-17,On Hold,2024-06-29T07:13:37
301,PROD-30301,Everything,399,2025-04-03,2025-04-09,On Hold,2023-04-06T09:17:58
302,PROD-30302,During,665,2025-03-07,2025-03-13,Planned,2022-12-27T10:56:42
303,PROD-30303,Performance,1849,2025-01-01,2025-01-02,Planned,2023-10-19T16:29:27
304,PROD-30304,Deal,1016,2024-11-09,2024-11-23,Completed,2023-02-16T15:02:56
305,PROD-30305,Network,1301,2024-10-15,2024-11-25,In Production,2024-06-09T23:26:40
306,PROD-30306,Southern,1635,2025-04-24,2025-05-02,In Production,2023-07-12T09:47:07
307,PROD-30307,Young,1269,2025-07-18,2025-07-19,On Hold,2024-03-27T01:32:26
308,PROD-30308,Sit,1260,2024-02-17,2024-04-17,On Hold,2025-08-19T05:58:39
309,PROD-30309,During,101,2025-01-14,2025-01-17,On Hold,2024-11-16T20:06:00
310,PROD-30310,Last,1729,2024-08-27,2024-09-26,Completed,2025-04-16T20:53:32
311,PROD-30311,Star,1896,2025-03-23,2025-04-21,Planned,2024-10-24T07:43:35
312,PROD-30312,Officer,742,2024-06-16,2024-07-10,Completed,2024-03-07T01:41:14
313,PROD-30313,That,284,2024-11-05,2024-11-30,In Production,2023-08-15T17:18:14
314,PROD-30314,Very,1401,2024-08-20,2024-09-26,Completed,2023-03-17T15:47:55
315,PROD-30315,Able,853,2023-11-14,2023-12-16,Completed,2022-12-07T11:26:00
316,PROD-30316,Bill,837,2024-08-03,2024-09-30,Planned,2025-08-25T05:06:47
317,PROD-30317,Them,578,2025-07-11,2025-08-28,Completed,2023-06-07T19:14:40
318,PROD-30318,Boy,1045,2025-09-08,2025-10-08,Completed,2025-01-22T11:56:23
319,PROD-30319,Born,1700,2025-09-20,2025-10-30,Planned,2025-09-03T09:25:12
320,PROD-30320,Natural,689,2024-07-20,2024-08-27,Planned,2024-10-03T12:40:38
321,PROD-30321,Particular,1488,2024-01-29,2024-03-08,Planned,2023-08-08T08:57:00
322,PROD-30322,Pay,641,2024-03-09,2024-04-16,Planned,2024-03-11T10:47:42
323,PROD-30323,Within,771,2024-02-08,2024-03-02,Planned,2024-03-31T17:00:25
324,PROD-30324,Not,441,2025-03-20,2025-05-14,In Production,2024-12-13T10:11:40
325,PROD-30325,Economy,1720,2025-08-18,2025-09-12,On Hold,2025-03-13T15:50:59
326,PROD-30326,Difficult,1688,2024-03-14,2024-05-02,In Production,2023-07-10T07:51:01
327,PROD-30327,Memory,1423,2023-11-02,2023-12-19,Completed,2025-02-19T14:25:55
328,PROD-30328,There,200,2025-05-10,2025-06-26,Planned,2025-04-30T02:54:12
329,PROD-30329,Catch,199,2024-09-10,2024-09-25,Completed,2022-12-18T23:15:46
330,PROD-30330,Industry,509,2025-04-21,2025-06-15,Planned,2023-01-07T19:21:32
331,PROD-30331,Professor,959,2024-10-24,2024-11-26,Planned,2025-02-03T10:21:56
332,PROD-30332,Next,465,2024-10-24,2024-11-09,Planned,2023-07-24T03:42:50
333,PROD-30333,Man,1944,2025-04-25,2025-06-19,In Production,2022-11-02T22:03:42
334,PROD-30334,Affect,841,2024-09-05,2024-09-23,On Hold,2022-11-10T13:59:24
335,PROD-30335,Remember,984,2023-11-28,2024-01-27,On Hold,2024-01-05T15:17:10
336,PROD-30336,Subject,1279,2025-09-11,2025-10-24,On Hold,2025-11-01T04:14:13
337,PROD-30337,Plan,1337,2024-02-18,2024-03-25,On Hold,2023-08-16T02:08:26
338,PROD-30338,Official,11,2023-12-01,2024-01-17,On Hold,2022-12-18T06:12:32
339,PROD-30339,Life,184,2024-02-20,2024-03-10,Planned,2025-10-13T05:31:30
340,PROD-30340,Keep,110,2024-03-24,2024-04-26,Planned,2022-12-01T21:38:31
341,PROD-30341,Low,963,2025-04-28,2025-04-29,In Production,2023-12-19T00:35:34
342,PROD-30342,Field,1154,2024-03-19,2024-05-16,On Hold,2024-02-18T09:45:49
343,PROD-30343,Standard,351,2024-03-10,2024-04-11,In Production,2023-07-09T20:47:18
344,PROD-30344,Can,1577,2025-08-09,2025-08-28,Completed,2024-11-21T10:31:47
345,PROD-30345,Painting,237,2024-07-20,2024-08-12,Completed,2024-06-15T09:59:49
346,PROD-30346,Break,1294,2024-05-10,2024-07-04,On Hold,2023-06-30T14:17:45
347,PROD-30347,Recent,1923,2024-03-16,2024-03-19,In Production,2023-10-28T11:33:11
348,PROD-30348,Data,416,2024-11-06,2024-11-23,Completed,2025-10-02T21:37:52
349,PROD-30349,Collection,1175,2024-11-02,2024-12-23,Planned,2025-02-10T17:36:26
350,PROD-30350,Enjoy,1653,2024-09-02,2024-10-01,Planned,2024-11-22T23:53:07
351,PROD-30351,Ten,103,2024-05-23,2024-07-05,Planned,2025-03-12T20:40:55
352,PROD-30352,Alone,1337,2025-08-25,2025-09-09,Completed,2023-03-13T03:11:27
353,PROD-30353,Most,1009,2025-07-12,2025-09-03,Planned,2023-05-23T13:57:12
354,PROD-30354,Ahead,1808,2024-01-13,2024-02-04,In Production,2023-11-14T07:53:03
355,PROD-30355,Appear,450,2025-01-25,2025-03-08,Completed,2023-10-04T19:53:31
356,PROD-30356,Pay,1214,2024-12-25,2025-02-17,Completed,2025-03-19T09:39:38
357,PROD-30357,Push,1282,2025-06-17,2025-07-03,On Hold,2024-08-02T10:20:34
358,PROD-30358,Amount,1005,2025-03-29,2025-04-17,Completed,2023-10-16T02:18:53
359,PROD-30359,Should,880,2025-10-06,2025-10-10,In Production,2022-11-15T01:14:39
360,PROD-30360,National,1843,2025-04-10,2025-05-06,Completed,2023-12-13T16:54:20
361,PROD-30361,Boy,1155,2025-02-20,2025-03-06,In Production,2024-04-21T18:39:02
362,PROD-30362,Up,818,2025-08-31,2025-10-03,In Production,2024-09-15T22:21:26
363,PROD-30363,According,1915,2025-06-09,2025-07-04,In Production,2023-11-29T13:39:39
364,PROD-30364,Institution,1381,2024-10-16,2024-11-02,Planned,2023-10-17T17:47:08
365,PROD-30365,Hand,1654,2024-01-17,2024-01-22,Completed,2023-07-24T18:04:10
366,PROD-30366,Of,730,2024-12-06,2024-12-15,On Hold,2024-12-12T22:09:42
367,PROD-30367,Painting,1620,2025-02-06,2025-02-24,Planned,2024-07-14T05:32:06
368,PROD-30368,Take,818,2025-08-02,2025-09-13,Completed,2024-04-06T19:03:27
369,PROD-30369,Current,884,2024-08-15,2024-08-19,Completed,2024-01-13T09:33:39
370,PROD-30370,Yet,1446,2023-12-15,2023-12-29,In Production,2025-02-25T09:43:08
371,PROD-30371,Task,1967,2025-06-25,2025-08-18,Planned,2024-02-19T09:47:07
372,PROD-30372,Parent,605,2024-09-18,2024-10-11,Planned,2022-11-10T16:08:10
373,PROD-30373,Above,1484,2025-01-10,2025-02-28,On Hold,2025-08-01T22:21:24
374,PROD-30374,Recently,872,2024-02-24,2024-04-01,Completed,2023-08-30T17:21:24
375,PROD-30375,Election,566,2025-07-13,2025-07-20,In Production,2023-05-10T02:57:07
376,PROD-30376,Few,1751,2025-05-05,2025-05-30,In Production,2024-01-02T08:12:50
377,PROD-30377,Whatever,290,2024-07-30,2024-08-29,Completed,2025-09-27T04:08:38
378,PROD-30378,Community,1562,2025-09-01,2025-09-28,In Production,2025-02-21T14:57:34
379,PROD-30379,Buy,1280,2024-11-26,2025-01-24,In Production,2024-02-29T16:14:41
380,PROD-30380,Seat,128,2025-06-12,2025-06-15,In Production,2025-03-03T01:41:42
381,PROD-30381,System,1397,2024-05-05,2024-07-02,In Production,2024-05-26T20:23:26
382,PROD-30382,If,1765,2025-04-16,2025-05-04,Planned,2023-11-21T19:44:11
383,PROD-30383,Team,972,2023-12-29,2024-01-04,On Hold,2024-03-18T01:38:01
384,PROD-30384,Would,753,2024-11-17,2024-11-25,Completed,2025-08-06T22:23:23
385,PROD-30385,Education,394,2025-03-06,2025-04-21,On Hold,2024-04-06T19:07:22
386,PROD-30386,Finally,496,2024-04-22,2024-05-24,Planned,2025-02-08T01:34:23
387,PROD-30387,Discuss,991,2025-09-29,2025-11-14,Completed,2024-11-02T13:34:45
388,PROD-30388,Recent,1609,2023-12-07,2023-12-18,Planned,2025-01-02T19:59:46
389,PROD-30389,Policy,701,2024-03-27,2024-04-03,In Production,2023-05-16T16:25:44
390,PROD-30390,Decade,1569,2024-10-02,2024-10-09,In Production,2024-11-25T16:52:26
391,PROD-30391,Will,888,2025-09-13,2025-11-05,In Production,2025-09-15T04:43:07
392,PROD-30392,Foot,15,2025-03-30,2025-04-26,On Hold,2024-02-26T10:00:14
393,PROD-30393,Decision,963,2024-04-15,2024-04-18,In Production,2023-09-08T23:54:25
394,PROD-30394,Young,1264,2024-07-29,2024-09-23,Completed,2024-06-19T06:20:50
395,PROD-30395,Everybody,206,2023-11-21,2023-12-15,In Production,2023-10-20T02:45:18
396,PROD-30396,Then,49,2024-10-08,2024-10-14,In Production,2023-03-24T04:06:27
397,PROD-30397,They,1740,2024-01-08,2024-02-18,On Hold,2022-12-05T19:24:07
398,PROD-30398,Maybe,1109,2025-04-25,2025-06-14,On Hold,2023-12-09T15:19:50
399,PROD-30399,Stock,682,2024-01-05,2024-01-18,Completed,2024-12-14T06:31:58
400,PROD-30400,And,289,2024-08-04,2024-08-11,In Production,2023-05-27T16:11:22
401,PROD-30401,Ability,1376,2024-02-22,2024-02-23,On Hold,2024-09-08T18:13:48
402,PROD-30402,Process,729,2025-06-25,2025-08-20,On Hold,2024-03-05T01:41:15
403,PROD-30403,Medical,921,2024-01-31,2024-03-20,Completed,2025-06-01T16:50:44
404,PROD-30404,Drive,511,2025-06-26,2025-07-17,On Hold,2024-01-27T00:00:08
405,PROD-30405,Amount,1003,2025-04-28,2025-06-14,Planned,2024-01-05T11:31:00
406,PROD-30406,Local,810,2024-09-01,2024-10-10,Completed,2025-10-04T08:01:12
407,PROD-30407,Charge,280,2024-11-25,2024-12-05,Completed,2024-03-02T16:14:42
408,PROD-30408,Him,427,2024-06-12,2024-07-09,Completed,2023-02-23T17:13:19
409,PROD-30409,Use,891,2024-12-18,2024-12-23,Planned,2023-11-24T21:41:31
410,PROD-30410,Buy,225,2025-02-06,2025-02-19,In Production,2025-07-24T09:46:02
411,PROD-30411,Understand,1589,2024-07-01,2024-07-06,Planned,2025-10-03T05:06:26
412,PROD-30412,Data,543,2024-06-14,2024-07-04,In Production,2024-01-27T09:09:43
413,PROD-30413,Nice,393,2025-05-25,2025-07-12,Planned,2023-01-17T23:21:23
414,PROD-30414,Move,679,2024-12-16,2025-01-05,Completed,2023-05-28T18:31:14
415,PROD-30415,Short,502,2025-04-16,2025-04-20,In Production,2025-05-17T16:43:21
416,PROD-30416,Minute,1464,2025-04-11,2025-05-12,Completed,2025-06-15T23:57:10
417,PROD-30417,Green,702,2025-08-08,2025-08-15,Completed,2024-02-09T03:19:25
418,PROD-30418,Agree,515,2024-09-28,2024-10-26,In Production,2024-06-24T19:17:35
419,PROD-30419,Federal,746,2025-10-03,2025-10-13,Completed,2024-09-27T22:14:36
420,PROD-30420,War,286,2025-08-24,2025-09-30,In Production,2023-09-04T10:23:43
421,PROD-30421,Great,152,2024-11-06,2024-12-08,In Production,2024-03-18T04:48:05
422,PROD-30422,See,20,2024-10-16,2024-11-26,On Hold,2023-01-07T19:50:27
423,PROD-30423,As,563,2024-06-29,2024-07-19,Planned,2023-03-10T13:09:52
424,PROD-30424,Whether,217,2025-01-21,2025-03-05,Completed,2023-03-18T14:24:12
425,PROD-30425,Catch,1061,2023-11-18,2024-01-01,On Hold,2024-02-12T03:22:25
426,PROD-30426,Policy,1246,2024-08-18,2024-08-29,On Hold,2025-01-04T23:58:54
427,PROD-30427,Article,1714,2025-09-28,2025-10-31,In Production,2022-12-29T05:58:37
428,PROD-30428,Than,1306,2024-01-05,2024-01-14,Completed,2024-10-19T08:52:26
429,PROD-30429,Agree,395,2024-09-10,2024-10-01,Planned,2024-02-05T10:29:16
430,PROD-30430,Card,339,2023-12-09,2024-01-27,Planned,2025-06-06T10:55:41
431,PROD-30431,Sea,1286,2024-08-23,2024-10-20,On Hold,2025-06-19T18:20:03
432,PROD-30432,Order,1654,2025-07-19,2025-08-16,Planned,2023-08-20T09:58:33
433,PROD-30433,Yourself,552,2024-10-11,2024-12-05,Planned,2023-11-13T08:46:42
434,PROD-30434,Able,1410,2025-08-10,2025-10-07,Planned,2022-11-09T19:02:11
435,PROD-30435,Add,1187,2024-12-25,2025-02-11,In Production,2024-09-19T20:00:20
436,PROD-30436,It,867,2025-06-11,2025-07-29,On Hold,2025-05-02T17:00:41
437,PROD-30437,This,136,2024-09-19,2024-09-22,On Hold,2024-12-31T22:43:09
438,PROD-30438,Pattern,156,2025-03-05,2025-03-15,Completed,2024-10-12T07:30:52
439,PROD-30439,Group,178,2024-12-15,2025-01-29,Completed,2023-01-04T21:19:39
440,PROD-30440,Image,1629,2025-04-13,2025-05-25,On Hold,2024-07-02T06:25:57
441,PROD-30441,Off,580,2023-11-29,2024-01-17,Completed,2023-03-03T20:51:54
442,PROD-30442,Never,86,2024-11-20,2025-01-10,Planned,2025-02-13T18:01:37
443,PROD-30443,Assume,651,2024-06-27,2024-07-01,Completed,2025-04-08T00:46:17
444,PROD-30444,Enough,512,2024-08-17,2024-09-30,Planned,2025-02-20T15:59:14
445,PROD-30445,Result,332,2024-05-02,2024-06-14,In Production,2023-11-19T22:49:52
446,PROD-30446,Movie,1460,2024-10-02,2024-10-13,On Hold,2025-05-26T12:03:00
447,PROD-30447,Follow,1195,2025-04-14,2025-05-04,In Production,2025-09-21T14:51:12
448,PROD-30448,Another,319,2025-09-22,2025-10-07,On Hold,2023-03-25T18:20:48
449,PROD-30449,Significant,609,2023-12-14,2023-12-25,Completed,2024-10-30T18:07:11
450,PROD-30450,Myself,1405,2025-09-22,2025-11-11,Completed,2025-10-28T06:53:23
451,PROD-30451,Special,71,2024-08-12,2024-10-07,In Production,2025-04-24T13:05:23
452,PROD-30452,Project,1184,2024-10-01,2024-11-03,In Production,2023-07-29T23:46:22
453,PROD-30453,Expert,986,2025-05-16,2025-06-05,On Hold,2025-11-01T05:52:05
454,PROD-30454,Media,574,2025-10-13,2025-11-24,Completed,2024-10-18T07:30:05
455,PROD-30455,Team,1455,2025-02-04,2025-02-16,In Production,2024-07-07T09:30:09
456,PROD-30456,Suddenly,1738,2023-11-22,2023-12-02,Completed,2023-10-15T14:06:14
457,PROD-30457,Color,1492,2024-07-12,2024-07-25,On Hold,2024-01-17T18:03:56
458,PROD-30458,Just,1323,2024-09-17,2024-10-18,Completed,2023-09-08T07:21:54
459,PROD-30459,Ball,370,2025-03-04,2025-04-23,In Production,2023-08-01T04:22:44
460,PROD-30460,Throw,843,2025-10-19,2025-11-29,On Hold,2024-11-20T10:53:51
461,PROD-30461,Structure,779,2024-11-29,2024-12-04,Completed,2025-06-27T08:36:12
462,PROD-30462,Side,524,2025-01-25,2025-03-02,In Production,2024-08-06T19:26:12
463,PROD-30463,Week,705,2023-11-02,2023-12-21,Planned,2023-09-15T00:50:21
464,PROD-30464,Democratic,736,2023-12-19,2024-01-07,Completed,2023-01-16T10:25:48
465,PROD-30465,Tell,1379,2024-12-06,2025-01-22,On Hold,2024-05-12T04:06:13
466,PROD-30466,Fish,799,2025-03-30,2025-04-08,Planned,2024-01-03T00:38:21
467,PROD-30467,Almost,703,2025-04-19,2025-05-10,In Production,2024-11-30T13:13:12
468,PROD-30468,Whether,1946,2025-01-16,2025-02-18,Completed,2023-11-06T05:18:10
469,PROD-30469,Amount,728,2024-05-20,2024-07-17,Completed,2024-12-29T04:55:57
470,PROD-30470,True,1025,2024-01-20,2024-02-24,Completed,2023-12-02T14:45:16
471,PROD-30471,Fact,1208,2023-11-08,2023-12-15,Planned,2024-05-31T02:46:22
472,PROD-30472,Seem,1847,2023-12-06,2024-01-22,Planned,2024-03-20T14:07:49
473,PROD-30473,Pretty,1907,2025-03-02,2025-03-17,Completed,2023-12-22T21:11:38
474,PROD-30474,Black,941,2024-01-23,2024-02-23,Completed,2025-07-26T12:03:00
475,PROD-30475,Effect,1526,2024-12-15,2025-01-02,Completed,2022-11-27T22:35:40
476,PROD-30476,Consider,1774,2025-08-23,2025-10-13,Completed,2024-04-22T00:10:49
477,PROD-30477,Particular,1443,2025-05-18,2025-06-01,Planned,2024-10-25T00:48:55
478,PROD-30478,Company,1543,2024-08-21,2024-08-29,Planned,2025-03-11T18:55:50
479,PROD-30479,General,1796,2024-02-27,2024-03-13,Planned,2024-12-03T16:16:45
480,PROD-30480,Position,1092,2025-03-31,2025-05-22,In Production,2023-01-08T04:43:12
481,PROD-30481,After,1509,2024-06-22,2024-07-02,Planned,2022-11-24T13:38:18
482,PROD-30482,Window,382,2024-11-01,2024-12-29,Planned,2023-10-28T17:56:11
483,PROD-30483,Loss,1711,2024-02-18,2024-04-13,On Hold,2025-09-05T09:40:04
484,PROD-30484,Whose,1829,2024-05-02,2024-05-09,On Hold,2023-01-27T16:13:05
485,PROD-30485,For,286,2025-05-09,2025-06-05,Completed,2025-08-21T16:26:57
486,PROD-30486,Far,1556,2024-05-23,2024-05-29,On Hold,2024-10-18T16:34:27
487,PROD-30487,Actually,1721,2024-06-11,2024-06-25,Planned,2025-04-22T13:16:38
488,PROD-30488,Remain,62,2024-09-25,2024-11-05,In Production,2024-01-18T18:29:17
489,PROD-30489,Listen,1307,2025-08-30,2025-10-20,In Production,2024-08-28T10:21:06
490,PROD-30490,Relationship,193,2023-12-06,2023-12-20,In Production,2024-04-23T11:34:12
491,PROD-30491,Fast,668,2024-01-21,2024-02-18,In Production,2022-12-04T19:33:41
492,PROD-30492,Thing,1026,2025-06-27,2025-08-08,Planned,2024-09-12T16:21:38
493,PROD-30493,Become,114,2023-12-26,2023-12-27,On Hold,2025-09-29T23:57:30
494,PROD-30494,Those,1642,2025-07-11,2025-07-30,On Hold,2025-03-15T05:10:07
495,PROD-30495,Back,1843,2024-11-06,2024-11-11,Planned,2022-11-07T02:52:37
496,PROD-30496,Guess,524,2025-06-09,2025-07-02,Completed,2024-10-14T06:53:27
497,PROD-30497,Thousand,562,2025-05-30,2025-06-02,In Production,2023-06-28T02:52:39
498,PROD-30498,Listen,1902,2025-10-14,2025-12-09,Planned,2023-10-14T00:32:08
499,PROD-30499,This,1110,2024-09-30,2024-10-04,On Hold,2024-08-10T11:55:14
500,PROD-30500,Tonight,841,2024-07-04,2024-07-31,Completed,2023-10-28T03:02:41
501,PROD-30501,Indeed,1956,2025-06-19,2025-07-23,Planned,2024-06-20T05:17:49
502,PROD-30502,Them,1738,2024-02-23,2024-03-15,In Production,2023-10-19T09:19:12
503,PROD-30503,Under,509,2024-08-02,2024-09-11,On Hold,2024-01-29T00:42:42
504,PROD-30504,Cold,300,2024-01-29,2024-02-08,In Production,2024-04-19T12:52:33
505,PROD-30505,Heart,494,2024-09-14,2024-11-03,In Production,2024-03-08T12:06:37
506,PROD-30506,Third,566,2024-03-09,2024-04-03,On Hold,2024-03-28T19:21:10
507,PROD-30507,Fish,716,2024-05-31,2024-07-07,Completed,2023-08-19T18:44:25
508,PROD-30508,Clear,1393,2024-08-18,2024-09-24,Completed,2024-10-12T01:07:50
509,PROD-30509,Finally,1898,2023-11-09,2023-12-07,Completed,2024-05-17T21:00:54
510,PROD-30510,Commercial,1909,2025-03-31,2025-05-15,In Production,2024-08-16T13:47:53
511,PROD-30511,Buy,743,2025-09-11,2025-09-12,Completed,2023-07-31T12:50:56
512,PROD-30512,Material,1142,2025-05-05,2025-06-08,Completed,2025-01-24T22:31:22
513,PROD-30513,Will,958,2025-09-21,2025-09-25,In Production,2023-05-17T23:01:27
514,PROD-30514,Soldier,755,2025-02-15,2025-02-25,On Hold,2023-08-04T12:05:07
515,PROD-30515,How,180,2024-05-10,2024-06-18,On Hold,2024-07-06T15:30:56
516,PROD-30516,Shoulder,1355,2025-10-13,2025-10-25,Planned,2022-12-26T13:07:26
517,PROD-30517,Land,985,2024-08-20,2024-10-15,On Hold,2023-08-05T02:01:07
518,PROD-30518,Question,851,2025-10-03,2025-10-14,In Production,2025-09-12T03:16:24
519,PROD-30519,Program,382,2025-05-24,2025-06-17,In Production,2024-08-18T08:13:45
520,PROD-30520,Decision,265,2024-08-29,2024-10-28,Planned,2024-09-30T00:59:14
521,PROD-30521,Peace,1256,2025-10-13,2025-11-21,On Hold,2024-09-04T15:53:57
522,PROD-30522,Likely,300,2025-04-28,2025-05-25,On Hold,2024-05-11T16:43:43
523,PROD-30523,Character,1817,2024-06-20,2024-08-17,In Production,2025-01-27T12:44:21
524,PROD-30524,Goal,1617,2024-02-21,2024-03-14,Planned,2023-06-19T14:40:39
525,PROD-30525,Child,24,2025-07-15,2025-08-16,Planned,2024-02-02T20:28:21
526,PROD-30526,As,1583,2024-05-10,2024-05-19,Planned,2023-01-19T09:43:08
527,PROD-30527,Rich,1748,2023-12-02,2023-12-03,Completed,2023-11-26T14:22:04
528,PROD-30528,Push,975,2025-02-10,2025-02-13,Completed,2022-12-09T10:28:49
529,PROD-30529,Crime,1859,2025-04-19,2025-06-18,In Production,2025-10-20T10:15:17
530,PROD-30530,Right,299,2024-06-15,2024-06-24,On Hold,2023-09-08T12:50:06
531,PROD-30531,Appear,1392,2025-02-05,2025-02-14,Completed,2023-04-02T17:23:33
532,PROD-30532,Color,658,2025-04-07,2025-05-10,In Production,2024-11-08T18:26:53
533,PROD-30533,Series,130,2024-10-20,2024-12-16,On Hold,2025-04-01T10:08:51
534,PROD-30534,Sure,1798,2024-01-22,2024-02-24,Completed,2024-01-20T11:06:27
535,PROD-30535,Like,965,2025-10-27,2025-11-29,On Hold,2024-02-29T08:36:28
536,PROD-30536,Middle,560,2023-12-17,2023-12-31,Planned,2023-12-13T00:39:26
537,PROD-30537,Power,477,2024-06-17,2024-07-10,On Hold,2024-03-19T12:45:42
538,PROD-30538,Degree,982,2025-06-18,2025-08-16,On Hold,2023-10-13T13:46:16
539,PROD-30539,Hear,934,2025-01-04,2025-02-02,Planned,2022-12-17T15:57:09
540,PROD-30540,Here,386,2024-09-18,2024-11-01,On Hold,2025-07-20T18:54:20
541,PROD-30541,Deep,1290,2024-02-12,2024-04-09,In Production,2022-12-04T04:26:29
542,PROD-30542,Sort,1159,2024-11-21,2024-12-20,On Hold,2025-08-09T08:34:32
543,PROD-30543,Cell,974,2025-01-31,2025-04-01,In Production,2024-12-02T06:46:17
544,PROD-30544,Reduce,1701,2024-03-28,2024-05-03,Planned,2023-02-02T05:29:48
545,PROD-30545,Guess,838,2024-12-18,2024-12-31,On Hold,2023-11-22T22:20:26
546,PROD-30546,Meet,251,2025-09-21,2025-11-17,Completed,2023-09-01T10:29:03
547,PROD-30547,Name,828,2025-03-01,2025-04-14,Completed,2025-08-18T04:39:14
548,PROD-30548,Drop,68,2025-06-25,2025-08-17,Planned,2022-11-20T19:42:09
549,PROD-30549,Total,396,2024-08-06,2024-08-18,Completed,2025-06-15T15:34:39
550,PROD-30550,Movie,1078,2025-04-26,2025-05-27,In Production,2025-07-02T01:44:31
551,PROD-30551,Bed,404,2024-12-01,2024-12-13,Completed,2024-03-31T08:32:44
552,PROD-30552,Together,1253,2025-02-14,2025-04-13,On Hold,2023-10-05T04:30:09
553,PROD-30553,Nation,75,2024-07-23,2024-09-21,In Production,2023-05-03T15:26:59
554,PROD-30554,New,100,2023-11-22,2023-12-12,On Hold,2025-09-21T10:31:53
555,PROD-30555,Language,771,2025-02-12,2025-02-22,In Production,2023-01-16T03:42:21
556,PROD-30556,Company,755,2025-10-12,2025-11-21,In Production,2025-02-23T12:17:59
557,PROD-30557,Read,640,2024-06-05,2024-07-01,Completed,2024-07-16T13:44:28
558,PROD-30558,Ability,556,2024-10-28,2024-11-02,On Hold,2023-02-22T02:38:44
559,PROD-30559,Well,1004,2024-07-11,2024-08-31,On Hold,2023-03-12T07:22:26
560,PROD-30560,Half,1298,2024-11-30,2025-01-29,Completed,2024-12-03T21:43:25
561,PROD-30561,Action,1168,2025-06-25,2025-07-17,Completed,2025-04-07T23:25:32
562,PROD-30562,Gas,1027,2024-06-04,2024-06-12,In Production,2023-10-19T09:05:57
563,PROD-30563,Trial,1056,2024-11-27,2024-12-22,Planned,2022-12-05T02:48:04
564,PROD-30564,Executive,1189,2024-12-21,2025-01-25,Planned,2025-04-24T01:29:15
565,PROD-30565,Attorney,1558,2024-11-30,2025-01-07,In Production,2023-06-12T06:37:22
566,PROD-30566,Image,41,2024-09-27,2024-10-08,On Hold,2022-12-29T15:21:07
567,PROD-30567,Stand,799,2024-12-05,2025-01-13,Completed,2023-11-27T17:50:48
568,PROD-30568,Friend,1484,2025-08-25,2025-09-13,Planned,2023-12-19T19:33:28
569,PROD-30569,Reflect,1703,2023-12-24,2024-01-24,Completed,2024-04-02T22:14:24
570,PROD-30570,Church,727,2024-09-05,2024-10-28,In Production,2024-02-01T10:09:14
571,PROD-30571,Why,688,2024-06-22,2024-08-14,In Production,2024-06-27T23:18:27
572,PROD-30572,Car,1978,2024-07-17,2024-08-25,Planned,2025-09-03T04:23:48
573,PROD-30573,But,374,2024-11-11,2024-12-22,Completed,2024-08-05T05:25:28
574,PROD-30574,Stop,284,2024-10-26,2024-11-16,Completed,2024-09-24T12:26:37
575,PROD-30575,Contain,1846,2024-04-25,2024-04-27,Planned,2023-12-21T06:41:18
576,PROD-30576,Cell,1777,2024-04-23,2024-06-11,In Production,2024-03-28T05:32:35
577,PROD-30577,Hope,1115,2024-02-07,2024-02-11,On Hold,2025-02-16T11:03:17
578,PROD-30578,Morning,411,2025-10-08,2025-12-07,On Hold,2023-12-12T08:44:50
579,PROD-30579,Reflect,839,2024-05-09,2024-07-04,Planned,2023-07-22T04:47:37
580,PROD-30580,Maybe,358,2024-10-02,2024-11-14,On Hold,2025-07-29T13:24:00
581,PROD-30581,President,971,2025-05-19,2025-06-22,Planned,2025-09-14T11:06:53
582,PROD-30582,Tv,1969,2025-07-15,2025-07-28,In Production,2023-01-16T11:27:50
583,PROD-30583,Whether,1810,2024-12-24,2025-01-02,Planned,2023-03-09T18:56:51
584,PROD-30584,Decision,1319,2024-01-16,2024-03-10,Completed,2024-08-28T06:23:57
585,PROD-30585,Enjoy,1884,2024-12-18,2025-02-12,In Production,2024-11-17T01:11:56
586,PROD-30586,Reality,828,2025-09-02,2025-10-13,In Production,2024-12-05T17:06:31
587,PROD-30587,Man,404,2024-05-20,2024-05-23,In Production,2024-08-28T02:14:12
588,PROD-30588,Rather,1689,2023-11-11,2023-12-14,Completed,2024-07-14T15:26:58
589,PROD-30589,Director,1505,2024-08-12,2024-09-15,On Hold,2023-07-24T06:47:29
590,PROD-30590,Hit,556,2024-07-23,2024-08-22,In Production,2024-02-07T18:35:52
591,PROD-30591,Vote,788,2024-10-01,2024-11-11,Planned,2023-04-19T09:50:19
592,PROD-30592,Left,1032,2023-11-26,2023-12-15,In Production,2023-06-29T13:52:08
593,PROD-30593,Continue,804,2025-01-14,2025-01-30,In Production,2023-06-21T06:13:49
594,PROD-30594,Sure,1124,2025-06-30,2025-08-17,Planned,2025-01-11T09:27:22
595,PROD-30595,Third,899,2025-03-03,2025-05-02,Completed,2025-02-11T15:44:59
596,PROD-30596,Company,888,2025-04-11,2025-04-12,Planned,2024-01-02T06:20:09
597,PROD-30597,Dinner,1210,2024-01-27,2024-03-12,Completed,2025-02-20T04:34:09
598,PROD-30598,Run,1988,2025-01-06,2025-02-21,On Hold,2023-10-15T14:08:40
599,PROD-30599,Compare,1095,2023-12-15,2023-12-20,Planned,2022-11-26T23:27:37
600,PROD-30600,Charge,1370,2025-04-02,2025-05-16,On Hold,2024-11-21T21:05:27
601,PROD-30601,Claim,1280,2024-10-05,2024-11-18,Completed,2024-11-04T10:57:12
602,PROD-30602,Next,1733,2025-06-13,2025-06-18,In Production,2025-10-29T05:00:23
603,PROD-30603,Line,1199,2025-07-19,2025-07-25,Planned,2023-10-27T04:24:25
604,PROD-30604,Thus,1576,2024-06-20,2024-08-16,Completed,2023-03-10T22:48:39
605,PROD-30605,Idea,1157,2024-12-01,2024-12-12,On Hold,2023-02-11T15:27:52
606,PROD-30606,Then,411,2024-12-09,2025-01-07,Planned,2024-07-07T20:26:14
607,PROD-30607,Community,518,2024-09-15,2024-10-14,On Hold,2025-10-08T03:09:58
608,PROD-30608,Nation,1655,2024-05-27,2024-07-18,On Hold,2025-06-29T10:14:04
609,PROD-30609,Sometimes,419,2025-09-11,2025-10-29,On Hold,2023-06-14T07:02:24
610,PROD-30610,Interest,797,2024-02-25,2024-03-15,Planned,2023-12-31T07:42:11
611,PROD-30611,Memory,1840,2025-01-07,2025-01-11,On Hold,2024-03-07T08:51:51
612,PROD-30612,Budget,1414,2024-03-30,2024-05-05,Planned,2024-08-27T18:15:58
613,PROD-30613,Leave,925,2024-03-22,2024-04-02,On Hold,2023-12-02T21:13:17
614,PROD-30614,Memory,1232,2025-09-18,2025-11-12,Completed,2023-06-22T07:35:34
615,PROD-30615,Case,251,2025-01-19,2025-02-28,On Hold,2024-01-31T19:48:13
616,PROD-30616,Yard,667,2025-09-17,2025-10-15,Completed,2024-10-16T12:13:14
617,PROD-30617,Hair,1827,2023-12-03,2024-01-05,In Production,2024-08-03T20:48:30
618,PROD-30618,Sing,1827,2025-01-02,2025-01-17,Planned,2025-01-13T19:30:05
619,PROD-30619,Decide,1470,2024-07-16,2024-08-12,In Production,2024-04-11T10:39:28
620,PROD-30620,For,71,2025-07-15,2025-08-15,Completed,2023-12-11T20:05:12
621,PROD-30621,Box,207,2024-10-03,2024-11-12,Completed,2024-09-05T12:26:15
622,PROD-30622,Food,244,2025-06-22,2025-08-03,Completed,2025-10-12T08:08:16
623,PROD-30623,List,1735,2025-08-15,2025-09-11,In Production,2024-05-06T06:47:40
624,PROD-30624,See,486,2025-08-19,2025-09-04,In Production,2023-03-27T01:39:25
625,PROD-30625,Thank,1724,2025-05-01,2025-06-05,In Production,2023-08-26T23:14:50
626,PROD-30626,Study,823,2024-07-25,2024-08-02,On Hold,2023-10-28T06:46:23
627,PROD-30627,Well,1190,2025-02-02,2025-02-14,Planned,2023-07-15T06:19:07
628,PROD-30628,Perhaps,481,2024-09-03,2024-09-06,On Hold,2024-10-08T09:26:27
629,PROD-30629,Ahead,1887,2025-08-30,2025-09-08,Completed,2024-06-28T00:49:36
630,PROD-30630,Collection,1007,2024-04-30,2024-06-11,Planned,2024-12-10T21:42:27
631,PROD-30631,Government,1356,2024-02-03,2024-03-22,Completed,2024-06-12T09:51:28
632,PROD-30632,Know,1486,2024-10-17,2024-10-25,Completed,2024-06-19T09:03:36
633,PROD-30633,Big,401,2024-07-07,2024-07-13,Planned,2024-04-18T22:39:53
634,PROD-30634,Wonder,610,2024-09-03,2024-10-05,Completed,2025-10-20T20:34:23
635,PROD-30635,Attention,302,2024-09-23,2024-10-17,Planned,2022-12-29T01:17:47
636,PROD-30636,Reflect,17,2025-01-06,2025-02-16,In Production,2023-11-26T04:22:00
637,PROD-30637,Kitchen,1258,2024-08-17,2024-09-09,In Production,2023-09-25T01:44:29
638,PROD-30638,Authority,42,2025-01-10,2025-02-20,Completed,2023-04-01T14:25:00
639,PROD-30639,The,980,2024-11-20,2025-01-18,Planned,2024-06-01T16:03:27
640,PROD-30640,Process,1134,2025-08-01,2025-09-25,In Production,2023-08-28T21:48:05
641,PROD-30641,Research,1397,2024-07-16,2024-08-23,In Production,2023-11-19T04:27:09
642,PROD-30642,Many,1349,2023-12-01,2024-01-23,In Production,2023-10-05T01:34:46
643,PROD-30643,Pm,496,2024-10-31,2024-11-27,Planned,2025-05-14T09:40:56
644,PROD-30644,Detail,111,2025-05-01,2025-05-15,On Hold,2025-09-01T11:32:26
645,PROD-30645,Mouth,1753,2025-10-02,2025-11-04,In Production,2025-10-28T15:59:39
646,PROD-30646,Reality,1018,2023-12-02,2024-01-12,Planned,2024-04-07T15:08:27
647,PROD-30647,Young,1315,2025-01-21,2025-03-16,On Hold,2024-04-06T22:23:00
648,PROD-30648,Situation,533,2024-12-23,2025-02-12,In Production,2022-11-28T20:19:16
649,PROD-30649,Section,1243,2025-07-26,2025-09-11,Completed,2025-04-23T23:03:54
650,PROD-30650,Degree,1496,2023-11-02,2023-12-22,On Hold,2023-10-26T11:26:14
651,PROD-30651,Director,301,2025-08-02,2025-08-09,Completed,2025-10-31T12:58:16
652,PROD-30652,Chair,1650,2025-05-07,2025-06-18,On Hold,2024-12-24T01:15:32
653,PROD-30653,Town,1799,2024-12-30,2025-02-08,Planned,2025-10-20T06:57:05
654,PROD-30654,Five,1423,2024-01-02,2024-02-26,In Production,2025-03-10T08:07:13
655,PROD-30655,Parent,389,2025-07-31,2025-08-13,Planned,2025-03-20T19:32:48
656,PROD-30656,Professor,864,2024-11-18,2025-01-01,Planned,2024-01-09T14:20:31
657,PROD-30657,Consider,408,2025-07-19,2025-09-10,Planned,2025-09-22T10:00:54
658,PROD-30658,Eye,1461,2025-01-30,2025-03-06,In Production,2025-07-20T19:43:02
659,PROD-30659,Plant,1545,2024-06-22,2024-08-05,Completed,2025-03-28T15:13:04
660,PROD-30660,Front,493,2025-09-19,2025-10-15,Planned,2024-02-26T04:43:53
661,PROD-30661,Risk,598,2024-05-16,2024-05-22,Planned,2024-07-08T02:21:52
662,PROD-30662,Never,349,2024-10-14,2024-12-08,Planned,2024-02-23T20:17:20
663,PROD-30663,Structure,430,2025-07-19,2025-08-11,Planned,2024-05-13T19:03:15
664,PROD-30664,Kid,1651,2025-03-28,2025-04-30,Planned,2023-05-19T03:29:20
665,PROD-30665,Once,580,2025-08-27,2025-10-18,Planned,2023-11-18T19:32:56
666,PROD-30666,Paper,941,2024-07-14,2024-07-25,On Hold,2023-05-03T13:46:46
667,PROD-30667,Money,956,2025-11-01,2025-11-06,On Hold,2025-02-01T21:30:31
668,PROD-30668,Color,1931,2025-05-26,2025-06-30,Planned,2025-06-25T06:04:01
669,PROD-30669,Question,1693,2024-08-14,2024-08-25,In Production,2025-03-31T08:23:42
670,PROD-30670,Along,271,2023-12-25,2024-01-10,In Production,2024-11-26T05:51:51
671,PROD-30671,American,1920,2023-12-21,2024-01-08,Completed,2025-01-03T03:59:04
672,PROD-30672,Their,282,2024-03-02,2024-03-19,In Production,2024-08-02T23:33:46
673,PROD-30673,Brother,1502,2025-03-20,2025-05-08,In Production,2023-09-22T20:35:33
674,PROD-30674,Citizen,1352,2024-10-23,2024-12-05,Planned,2024-03-07T10:29:15
675,PROD-30675,According,978,2024-11-11,2024-12-29,On Hold,2024-07-26T11:50:18
676,PROD-30676,East,225,2023-12-21,2024-01-24,On Hold,2023-08-05T18:20:19
677,PROD-30677,Early,1638,2024-11-27,2024-12-09,Planned,2024-06-26T04:15:41
678,PROD-30678,Training,562,2025-05-23,2025-07-09,In Production,2025-04-01T13:52:14
679,PROD-30679,Person,851,2025-06-10,2025-07-11,Completed,2023-05-12T17:13:20
680,PROD-30680,Town,885,2024-12-31,2025-02-11,Completed,2023-09-23T09:19:18
681,PROD-30681,Some,1703,2025-02-01,2025-03-02,Planned,2025-01-30T01:49:58
682,PROD-30682,Contain,869,2024-07-10,2024-08-10,In Production,2022-12-25T06:24:41
683,PROD-30683,Democratic,1412,2025-02-23,2025-02-28,Completed,2025-10-17T03:54:29
684,PROD-30684,Purpose,248,2025-03-25,2025-05-21,On Hold,2025-04-14T07:17:26
685,PROD-30685,Financial,1772,2024-02-11,2024-02-25,Completed,2025-09-10T00:41:29
686,PROD-30686,Exactly,1390,2024-11-02,2024-11-06,In Production,2023-08-13T17:36:31
687,PROD-30687,Myself,582,2025-05-20,2025-05-25,In Production,2024-05-11T16:58:14
688,PROD-30688,Happy,1858,2024-10-21,2024-10-27,Planned,2023-07-16T13:10:21
689,PROD-30689,Able,1334,2023-12-15,2024-01-09,Planned,2025-08-24T15:19:55
690,PROD-30690,Dark,1746,2025-06-03,2025-06-11,Completed,2025-08-26T23:38:31
691,PROD-30691,Product,142,2023-11-13,2024-01-09,Planned,2024-09-22T15:22:09
692,PROD-30692,Catch,799,2025-05-27,2025-07-14,Completed,2024-12-25T16:25:15
693,PROD-30693,Type,692,2025-01-25,2025-02-15,In Production,2024-12-27T16:21:53
694,PROD-30694,But,51,2025-01-17,2025-01-18,Completed,2024-05-12T23:08:08
695,PROD-30695,Such,132,2025-04-13,2025-06-01,In Production,2024-01-05T00:01:28
696,PROD-30696,Could,554,2025-04-24,2025-06-14,Completed,2022-11-12T02:55:02
697,PROD-30697,Suddenly,255,2025-02-20,2025-03-15,On Hold,2024-08-08T07:04:55
698,PROD-30698,Teacher,1222,2024-11-28,2024-12-05,Completed,2024-07-20T06:02:15
699,PROD-30699,Weight,835,2024-02-06,2024-03-30,Completed,2023-12-17T20:07:40
700,PROD-30700,Dream,1604,2024-07-12,2024-07-28,On Hold,2025-10-25T14:49:14
701,PROD-30701,If,1280,2024-05-05,2024-05-06,In Production,2024-12-11T12:36:43
702,PROD-30702,Recent,1527,2024-03-31,2024-04-14,On Hold,2025-09-01T13:36:49
703,PROD-30703,Serve,1659,2024-08-24,2024-10-02,In Production,2023-04-16T09:11:57
704,PROD-30704,Kind,1943,2023-11-06,2023-12-28,In Production,2023-07-22T11:59:20
705,PROD-30705,Campaign,457,2025-05-17,2025-06-27,In Production,2023-02-23T01:05:54
706,PROD-30706,Pick,1507,2025-05-01,2025-06-19,In Production,2025-08-02T08:40:16
707,PROD-30707,Will,780,2025-09-04,2025-10-20,On Hold,2023-01-22T02:47:53
708,PROD-30708,Participant,1720,2024-09-27,2024-10-26,Planned,2022-11-16T01:28:35
709,PROD-30709,Class,1129,2024-06-05,2024-07-14,Completed,2024-01-17T06:53:15
710,PROD-30710,Executive,1776,2025-04-30,2025-05-14,Completed,2023-01-21T12:10:48
711,PROD-30711,Fact,726,2025-03-11,2025-03-21,Planned,2023-04-13T23:10:21
712,PROD-30712,Small,123,2024-06-11,2024-07-13,Planned,2025-04-27T01:50:46
713,PROD-30713,Case,1660,2024-08-07,2024-08-20,Completed,2024-02-20T01:46:42
714,PROD-30714,Life,1093,2025-06-20,2025-07-23,Planned,2022-11-27T21:08:19
715,PROD-30715,History,322,2024-03-28,2024-05-11,Planned,2024-02-26T15:29:14
716,PROD-30716,Day,767,2025-01-24,2025-02-17,Completed,2024-12-10T02:05:43
717,PROD-30717,Follow,541,2024-03-08,2024-03-17,In Production,2025-07-11T00:21:50
718,PROD-30718,Rich,3,2025-01-20,2025-03-17,On Hold,2023-01-23T23:49:01
719,PROD-30719,Exist,418,2024-11-25,2024-12-03,Planned,2022-12-06T13:54:32
720,PROD-30720,Run,210,2024-07-20,2024-09-07,On Hold,2023-05-06T18:26:15
721,PROD-30721,Continue,1791,2024-02-10,2024-02-16,Planned,2023-03-20T02:48:21
722,PROD-30722,Street,1578,2024-05-20,2024-06-09,Planned,2025-04-16T17:46:49
723,PROD-30723,Recently,1440,2023-11-23,2023-11-30,In Production,2024-09-01T10:48:03
724,PROD-30724,Environment,1773,2025-07-24,2025-09-19,Planned,2023-10-05T23:35:10
725,PROD-30725,Well,268,2024-09-08,2024-10-21,On Hold,2024-12-25T08:34:40
726,PROD-30726,Animal,103,2024-01-02,2024-01-10,Planned,2024-02-07T02:22:15
727,PROD-30727,Rock,1413,2024-08-09,2024-09-06,Planned,2023-08-06T15:44:00
728,PROD-30728,Could,1449,2024-06-30,2024-07-04,In Production,2024-09-14T00:50:41
729,PROD-30729,Realize,1171,2025-08-31,2025-10-17,On Hold,2024-09-15T07:08:09
730,PROD-30730,Certain,548,2024-02-23,2024-03-25,On Hold,2025-09-06T09:19:43
731,PROD-30731,Step,1443,2023-11-20,2024-01-15,On Hold,2023-11-20T02:25:15
732,PROD-30732,Popular,1048,2025-09-22,2025-10-21,Planned,2023-11-09T00:35:17
733,PROD-30733,Investment,583,2023-11-14,2023-11-27,In Production,2023-11-27T19:36:03
734,PROD-30734,See,893,2024-06-08,2024-06-15,In Production,2023-06-28T22:58:49
735,PROD-30735,Move,1217,2025-03-07,2025-04-23,In Production,2025-05-24T07:14:27
736,PROD-30736,Part,1719,2024-03-29,2024-05-13,Completed,2025-07-31T11:27:49
737,PROD-30737,Lead,483,2025-05-22,2025-06-26,Completed,2024-11-17T23:04:18
738,PROD-30738,Blue,905,2024-04-15,2024-05-09,Completed,2023-03-26T13:01:14
739,PROD-30739,Decision,61,2025-09-10,2025-10-17,Completed,2024-09-07T07:59:15
740,PROD-30740,Loss,614,2024-12-02,2024-12-31,On Hold,2023-10-01T04:09:27
741,PROD-30741,Care,1006,2025-01-24,2025-01-30,On Hold,2024-11-12T20:27:03
742,PROD-30742,Information,655,2025-10-18,2025-10-25,Completed,2023-11-20T13:38:45
743,PROD-30743,Those,598,2025-10-15,2025-11-11,On Hold,2024-10-27T02:39:07
744,PROD-30744,Rather,483,2024-02-29,2024-03-17,In Production,2022-11-23T14:35:02
745,PROD-30745,Forward,1461,2024-06-30,2024-07-10,Completed,2023-04-13T19:36:33
746,PROD-30746,Top,804,2025-01-31,2025-03-22,On Hold,2023-10-01T08:41:52
747,PROD-30747,Cost,219,2025-09-28,2025-10-13,Planned,2024-06-15T07:47:04
748,PROD-30748,Painting,1885,2025-01-04,2025-01-25,On Hold,2025-06-29T12:37:38
749,PROD-30749,Career,1202,2024-03-01,2024-03-02,In Production,2023-06-10T09:07:27
750,PROD-30750,Sport,1995,2025-06-27,2025-08-12,In Production,2024-08-15T21:59:19
751,PROD-30751,Suggest,415,2024-08-25,2024-09-19,Completed,2024-05-22T19:00:21
752,PROD-30752,Federal,107,2025-03-07,2025-03-20,In Production,2025-07-17T04:18:15
753,PROD-30753,Of,323,2024-07-12,2024-08-09,Planned,2025-07-13T13:15:56
754,PROD-30754,Base,580,2024-10-02,2024-11-24,In Production,2023-07-31T12:01:14
755,PROD-30755,Avoid,41,2025-03-07,2025-03-24,Planned,2023-11-14T12:25:25
756,PROD-30756,New,1865,2025-06-11,2025-08-02,Completed,2023-05-27T11:16:45
757,PROD-30757,Card,144,2024-04-16,2024-04-26,On Hold,2025-08-24T09:45:32
758,PROD-30758,Painting,425,2024-02-06,2024-03-27,Planned,2024-10-01T02:35:05
759,PROD-30759,Both,139,2024-08-13,2024-08-17,On Hold,2023-11-13T07:06:17
760,PROD-30760,Government,1520,2024-08-10,2024-08-26,In Production,2025-10-19T23:22:45
761,PROD-30761,Purpose,1281,2025-04-07,2025-05-22,In Production,2024-10-05T00:12:25
762,PROD-30762,Specific,1617,2024-06-16,2024-07-05,On Hold,2025-06-04T20:13:09
763,PROD-30763,Country,701,2025-03-26,2025-04-02,In Production,2023-03-27T12:21:59
764,PROD-30764,Especially,1141,2025-08-16,2025-09-07,On Hold,2024-10-30T21:22:16
765,PROD-30765,Process,974,2023-12-23,2024-02-11,In Production,2023-05-14T00:17:07
766,PROD-30766,Young,124,2024-09-10,2024-10-20,In Production,2023-02-25T16:00:10
767,PROD-30767,Cost,1547,2024-01-22,2024-01-29,On Hold,2023-11-05T15:15:08
768,PROD-30768,Generation,913,2024-02-20,2024-03-28,In Production,2024-03-03T07:40:48
769,PROD-30769,Red,1066,2025-05-16,2025-07-09,Planned,2023-11-20T03:28:56
770,PROD-30770,Democrat,1586,2024-03-14,2024-04-18,Completed,2025-05-20T12:03:49
771,PROD-30771,Within,1772,2025-04-22,2025-06-03,Completed,2024-05-11T06:38:12
772,PROD-30772,Join,937,2025-04-19,2025-04-22,In Production,2024-12-26T12:06:27
773,PROD-30773,You,1758,2024-04-29,2024-06-19,Completed,2023-09-16T08:01:23
774,PROD-30774,Focus,170,2025-01-03,2025-01-18,Planned,2023-12-04T13:18:13
775,PROD-30775,Politics,1908,2024-06-10,2024-08-08,Completed,2025-05-29T23:56:21
776,PROD-30776,Not,918,2024-07-12,2024-08-22,In Production,2024-12-12T14:35:48
777,PROD-30777,Finally,808,2024-05-17,2024-06-04,On Hold,2025-10-19T08:20:15
778,PROD-30778,Even,945,2025-10-21,2025-12-06,Completed,2023-03-23T18:36:59
779,PROD-30779,Heart,1127,2025-10-18,2025-12-01,On Hold,2025-09-30T20:58:29
780,PROD-30780,Morning,191,2025-10-12,2025-10-16,Completed,2023-03-04T05:36:37
781,PROD-30781,Effect,1420,2024-08-26,2024-10-11,Completed,2023-06-02T17:53:37
782,PROD-30782,Why,312,2025-07-23,2025-09-21,In Production,2022-12-05T21:41:03
783,PROD-30783,Carry,1287,2025-03-24,2025-05-06,On Hold,2023-05-15T02:23:18
784,PROD-30784,Hit,1271,2024-01-02,2024-01-05,Completed,2025-01-31T21:07:14
785,PROD-30785,Feel,975,2025-05-16,2025-06-09,On Hold,2023-03-11T14:38:41
786,PROD-30786,Instead,1335,2024-07-01,2024-08-27,In Production,2024-12-29T11:36:24
787,PROD-30787,Trouble,1816,2025-06-09,2025-06-12,Planned,2024-06-24T15:29:59
788,PROD-30788,Sea,658,2025-11-01,2025-12-18,In Production,2023-01-11T09:11:05
789,PROD-30789,We,1594,2025-09-01,2025-09-28,Planned,2023-06-16T00:38:12
790,PROD-30790,Others,1181,2024-11-16,2024-12-22,On Hold,2023-09-15T19:24:04
791,PROD-30791,Well,452,2023-11-03,2023-11-21,Completed,2023-08-28T14:56:50
792,PROD-30792,Reveal,1464,2024-05-03,2024-07-01,In Production,2024-06-05T19:15:20
793,PROD-30793,Avoid,1116,2025-10-10,2025-12-03,In Production,2024-02-10T06:55:54
794,PROD-30794,Wrong,210,2025-04-06,2025-04-09,On Hold,2024-10-26T12:22:35
795,PROD-30795,Wait,846,2024-07-25,2024-08-26,On Hold,2025-05-24T01:58:28
796,PROD-30796,Past,163,2025-05-17,2025-07-01,In Production,2025-05-27T20:13:36
797,PROD-30797,Open,1608,2024-11-28,2025-01-23,Completed,2023-10-23T20:39:57
798,PROD-30798,Threat,1336,2024-04-06,2024-06-05,Completed,2025-07-20T02:02:27
799,PROD-30799,Owner,158,2025-08-08,2025-09-24,Planned,2023-01-04T12:21:13
800,PROD-30800,Training,453,2024-10-15,2024-11-08,Planned,2024-06-29T05:02:58
801,PROD-30801,Article,221,2025-04-27,2025-06-06,In Production,2024-09-07T08:24:18
802,PROD-30802,Your,1012,2024-07-04,2024-08-18,Planned,2022-11-08T11:12:53
803,PROD-30803,Second,911,2024-12-10,2025-01-31,In Production,2023-11-18T06:07:51
804,PROD-30804,Available,790,2024-01-16,2024-03-14,On Hold,2024-01-31T21:36:29
805,PROD-30805,Small,106,2024-05-27,2024-06-08,On Hold,2025-02-28T02:46:17
806,PROD-30806,Lawyer,1646,2025-01-29,2025-03-12,In Production,2023-08-14T23:50:30
807,PROD-30807,Whatever,257,2025-07-28,2025-08-29,Completed,2024-12-03T22:08:27
808,PROD-30808,Approach,571,2024-05-19,2024-07-15,On Hold,2024-02-08T08:49:55
809,PROD-30809,Believe,25,2025-08-05,2025-10-04,On Hold,2025-09-06T02:27:40
810,PROD-30810,Mention,533,2025-04-14,2025-05-15,Completed,2023-04-03T11:49:15
811,PROD-30811,That,929,2024-05-01,2024-05-02,Planned,2023-10-31T20:43:47
812,PROD-30812,Add,298,2024-03-20,2024-04-17,In Production,2024-09-25T22:28:31
813,PROD-30813,Prove,318,2023-11-03,2023-12-11,Completed,2024-12-05T06:40:33
814,PROD-30814,Shoulder,891,2024-11-21,2024-11-30,Completed,2023-11-23T22:16:02
815,PROD-30815,Medical,1654,2024-08-05,2024-09-18,Completed,2025-10-19T14:18:36
816,PROD-30816,Dog,1417,2024-02-09,2024-03-02,On Hold,2023-11-02T22:54:46
817,PROD-30817,Important,1910,2024-01-15,2024-02-06,On Hold,2024-06-24T23:23:50
818,PROD-30818,Young,1824,2025-04-11,2025-05-08,Planned,2024-09-13T23:18:57
819,PROD-30819,Base,334,2024-08-22,2024-08-30,Planned,2024-05-22T05:53:22
820,PROD-30820,Day,1783,2024-05-06,2024-05-09,Completed,2024-06-17T16:09:42
821,PROD-30821,Usually,1720,2024-01-27,2024-02-23,Completed,2023-04-13T07:39:10
822,PROD-30822,Break,649,2025-03-18,2025-05-01,Completed,2023-10-18T23:57:12
823,PROD-30823,Admit,500,2024-05-07,2024-07-06,Planned,2025-05-15T00:31:08
824,PROD-30824,Stuff,1361,2025-02-25,2025-04-14,Completed,2025-08-14T02:02:17
825,PROD-30825,Question,988,2024-01-22,2024-01-24,Completed,2025-01-17T13:04:08
826,PROD-30826,Address,1285,2024-12-13,2024-12-26,In Production,2023-08-29T22:22:07
827,PROD-30827,Choose,940,2025-07-23,2025-08-26,In Production,2025-01-27T20:01:01
828,PROD-30828,Far,1356,2025-03-25,2025-05-21,On Hold,2025-04-29T17:07:18
829,PROD-30829,National,20,2025-07-19,2025-09-12,On Hold,2023-02-26T09:16:23
830,PROD-30830,See,1852,2025-01-22,2025-03-05,Completed,2023-02-18T17:02:41
831,PROD-30831,Agreement,1470,2025-03-29,2025-05-07,In Production,2024-10-17T09:38:44
832,PROD-30832,Former,721,2025-03-17,2025-04-01,In Production,2024-03-29T15:16:59
833,PROD-30833,Worry,343,2023-11-25,2023-12-14,In Production,2023-06-23T11:52:42
834,PROD-30834,Into,614,2024-05-08,2024-06-13,Completed,2023-10-29T07:17:55
835,PROD-30835,Treat,1848,2024-10-29,2024-12-04,In Production,2023-11-04T08:31:39
836,PROD-30836,Medical,1410,2024-06-07,2024-06-23,In Production,2025-10-01T04:12:26
837,PROD-30837,Whom,1208,2025-06-29,2025-08-03,Planned,2024-12-24T02:57:26
838,PROD-30838,Four,1524,2024-10-06,2024-10-13,On Hold,2023-11-18T14:04:22
839,PROD-30839,Sell,76,2024-11-25,2024-11-30,On Hold,2022-11-11T13:50:10
840,PROD-30840,Name,997,2024-01-03,2024-01-16,Planned,2024-08-28T21:20:09
841,PROD-30841,Present,1649,2024-12-21,2025-02-04,Planned,2024-05-06T05:57:23
842,PROD-30842,Price,884,2025-08-18,2025-09-22,In Production,2023-09-11T08:26:50
843,PROD-30843,Require,433,2025-05-15,2025-06-19,Completed,2023-03-01T09:32:37
844,PROD-30844,Deep,534,2024-05-06,2024-06-25,In Production,2025-04-27T08:23:30
845,PROD-30845,Million,1286,2024-04-11,2024-04-29,Completed,2023-07-19T10:14:07
846,PROD-30846,Miss,1023,2025-06-08,2025-07-28,Planned,2023-11-06T10:47:40
847,PROD-30847,Our,1710,2025-04-24,2025-05-03,Completed,2024-03-11T08:49:40
848,PROD-30848,Note,1657,2025-10-26,2025-10-30,In Production,2024-12-22T01:58:51
849,PROD-30849,International,1039,2024-11-01,2024-12-20,Completed,2023-03-29T14:53:02
850,PROD-30850,Price,128,2024-12-07,2025-01-25,Completed,2025-10-08T04:20:07
851,PROD-30851,Child,1798,2025-08-15,2025-09-20,On Hold,2024-05-19T13:27:01
852,PROD-30852,Add,14,2025-02-27,2025-04-19,Completed,2024-10-28T04:09:43
853,PROD-30853,Study,1257,2025-10-13,2025-12-08,Planned,2023-12-18T17:58:24
854,PROD-30854,Those,407,2023-12-17,2024-01-23,Planned,2024-04-01T20:12:43
855,PROD-30855,Treatment,1335,2024-04-07,2024-05-13,On Hold,2022-12-26T11:38:42
856,PROD-30856,Improve,266,2025-09-23,2025-10-08,In Production,2023-10-07T00:06:03
857,PROD-30857,Who,394,2024-10-13,2024-11-30,Completed,2023-02-03T09:13:10
858,PROD-30858,Concern,1162,2024-05-21,2024-05-28,Completed,2023-04-06T09:02:02
859,PROD-30859,Compare,1261,2025-07-17,2025-07-21,On Hold,2025-04-08T16:39:34
860,PROD-30860,After,388,2023-11-20,2023-11-29,In Production,2024-01-25T00:20:21
861,PROD-30861,In,560,2024-03-29,2024-04-18,Planned,2022-11-30T15:07:58
862,PROD-30862,Grow,746,2025-06-11,2025-07-25,In Production,2023-07-08T02:43:22
863,PROD-30863,Clearly,1133,2025-09-09,2025-11-04,In Production,2023-03-18T15:25:28
864,PROD-30864,Central,1981,2024-11-21,2024-12-07,In Production,2023-05-01T09:11:20
865,PROD-30865,Point,913,2024-09-25,2024-10-09,On Hold,2023-09-01T22:36:46
866,PROD-30866,History,1370,2024-10-20,2024-11-03,In Production,2023-04-19T18:12:31
867,PROD-30867,East,1527,2025-03-24,2025-04-14,Planned,2023-04-19T18:47:43
868,PROD-30868,Walk,1706,2025-07-23,2025-08-13,In Production,2022-11-14T08:49:54
869,PROD-30869,Final,1289,2025-10-31,2025-12-10,Completed,2025-05-21T16:07:58
870,PROD-30870,Open,1532,2025-07-26,2025-09-01,Planned,2023-02-21T07:15:24
871,PROD-30871,Authority,1955,2024-01-07,2024-01-26,Planned,2024-01-04T09:28:40
872,PROD-30872,Hair,1935,2023-11-23,2023-12-14,Completed,2025-01-20T21:45:43
873,PROD-30873,Foot,717,2024-12-27,2025-01-01,Completed,2023-03-19T08:40:54
874,PROD-30874,Born,1000,2025-02-21,2025-03-20,Completed,2022-11-10T19:23:28
875,PROD-30875,Or,617,2025-04-25,2025-05-21,In Production,2024-11-03T13:20:27
876,PROD-30876,Attack,1800,2024-09-26,2024-11-20,In Production,2024-06-11T02:25:06
877,PROD-30877,Around,408,2025-10-30,2025-11-29,Planned,2024-12-06T22:09:01
878,PROD-30878,Significant,851,2025-02-09,2025-02-12,In Production,2023-02-23T11:10:19
879,PROD-30879,Her,601,2025-03-26,2025-04-21,On Hold,2024-02-14T20:15:26
880,PROD-30880,Read,570,2024-05-07,2024-05-10,On Hold,2025-04-12T23:37:41
881,PROD-30881,One,602,2025-05-07,2025-05-11,In Production,2023-09-29T11:26:54
882,PROD-30882,Late,1870,2025-01-07,2025-02-10,Planned,2025-08-24T05:02:24
883,PROD-30883,Health,1899,2023-11-15,2023-12-03,Planned,2024-04-25T03:39:24
884,PROD-30884,Improve,289,2024-05-18,2024-06-26,Completed,2022-12-04T21:41:40
885,PROD-30885,Yeah,1290,2023-11-22,2024-01-19,Completed,2023-04-05T22:55:29
886,PROD-30886,Worry,865,2023-12-31,2024-01-29,In Production,2024-02-02T00:38:41
887,PROD-30887,Avoid,1302,2023-11-28,2023-12-11,On Hold,2023-04-11T19:17:39
888,PROD-30888,Control,1582,2024-07-10,2024-08-11,In Production,2024-04-25T23:04:13
889,PROD-30889,Movie,39,2024-08-05,2024-09-07,Completed,2023-07-30T02:18:13
890,PROD-30890,Myself,919,2024-07-27,2024-09-15,Planned,2025-01-26T06:26:30
891,PROD-30891,Culture,500,2025-04-22,2025-04-30,Planned,2024-12-12T00:13:28
892,PROD-30892,Figure,930,2025-08-09,2025-08-22,On Hold,2025-10-14T17:03:37
893,PROD-30893,Your,23,2024-06-25,2024-08-20,Completed,2023-10-19T05:30:34
894,PROD-30894,Play,223,2024-08-06,2024-09-13,Planned,2024-10-08T07:28:33
895,PROD-30895,Similar,1010,2024-09-23,2024-11-10,On Hold,2024-02-10T02:16:33
896,PROD-30896,My,1610,2023-11-09,2023-11-11,Completed,2024-05-10T07:09:13
897,PROD-30897,Small,1187,2024-09-16,2024-10-16,On Hold,2024-12-06T00:28:50
898,PROD-30898,Couple,205,2024-06-23,2024-07-07,Planned,2023-03-15T06:09:29
899,PROD-30899,Receive,107,2024-02-15,2024-03-19,In Production,2024-05-27T13:13:25
900,PROD-30900,Partner,1523,2024-12-01,2025-01-02,Planned,2022-12-28T07:33:13
901,PROD-30901,Charge,1949,2024-02-11,2024-02-26,On Hold,2023-12-11T02:34:50
902,PROD-30902,Middle,1681,2025-08-12,2025-08-23,In Production,2023-07-25T17:32:21
903,PROD-30903,Her,651,2024-02-23,2024-04-22,Completed,2023-10-29T16:56:02
904,PROD-30904,Stage,1066,2024-01-01,2024-02-02,Completed,2025-06-01T22:02:25
905,PROD-30905,Under,1155,2024-10-09,2024-10-14,Planned,2023-12-17T13:46:16
906,PROD-30906,Same,305,2025-05-29,2025-06-14,In Production,2023-07-22T17:03:45
907,PROD-30907,Gas,152,2024-07-09,2024-07-18,Planned,2023-03-30T16:05:42
908,PROD-30908,Wind,1689,2025-10-23,2025-11-07,On Hold,2024-01-11T12:00:53
909,PROD-30909,Better,1313,2025-01-26,2025-03-07,Planned,2025-04-16T01:26:49
910,PROD-30910,Course,830,2024-12-16,2025-01-21,On Hold,2023-02-22T05:06:07
911,PROD-30911,Economy,62,2024-11-27,2025-01-22,On Hold,2023-11-21T04:48:01
912,PROD-30912,Here,1262,2024-04-17,2024-04-18,Completed,2023-05-14T20:00:57
913,PROD-30913,Why,1416,2024-12-08,2024-12-14,Completed,2024-02-25T00:06:22
914,PROD-30914,Describe,327,2025-03-28,2025-04-29,Completed,2025-06-17T23:33:32
915,PROD-30915,Church,1893,2025-03-08,2025-03-14,On Hold,2023-04-19T05:29:55
916,PROD-30916,Attention,698,2025-01-09,2025-02-14,Completed,2023-05-06T03:27:14
917,PROD-30917,Last,1430,2024-02-17,2024-03-11,In Production,2025-03-11T01:37:33
918,PROD-30918,Environmental,799,2024-07-27,2024-09-12,Planned,2024-07-12T20:30:59
919,PROD-30919,Company,80,2025-04-20,2025-05-31,Completed,2023-09-22T12:51:40
920,PROD-30920,Business,1495,2024-01-25,2024-02-07,Completed,2024-08-12T02:57:22
921,PROD-30921,Can,745,2024-04-02,2024-04-03,In Production,2025-03-28T04:09:58
922,PROD-30922,Woman,1018,2024-01-13,2024-02-01,Completed,2023-01-25T00:59:38
923,PROD-30923,Future,375,2024-12-11,2025-01-17,In Production,2025-07-24T08:08:22
924,PROD-30924,Improve,1408,2024-06-09,2024-06-12,Planned,2023-04-22T03:15:17
925,PROD-30925,Pass,103,2024-03-27,2024-05-16,On Hold,2023-09-04T09:28:41
926,PROD-30926,Nor,1275,2024-02-08,2024-03-26,In Production,2025-03-10T05:33:09
927,PROD-30927,Skill,726,2024-05-17,2024-06-04,On Hold,2025-02-25T14:28:17
928,PROD-30928,Should,147,2024-10-02,2024-10-25,In Production,2025-06-09T16:38:44
929,PROD-30929,Sister,1365,2023-11-03,2023-12-11,Planned,2023-07-09T16:48:36
930,PROD-30930,Which,962,2025-02-13,2025-04-08,In Production,2025-10-19T00:45:01
931,PROD-30931,Worry,932,2025-06-18,2025-07-13,Completed,2024-08-03T13:41:16
932,PROD-30932,Watch,1360,2024-09-18,2024-11-12,Completed,2022-11-04T19:41:48
933,PROD-30933,Create,511,2024-12-13,2025-02-06,In Production,2024-08-09T20:49:46
934,PROD-30934,Heavy,769,2024-04-07,2024-05-17,In Production,2023-06-18T18:08:22
935,PROD-30935,Fill,1490,2024-07-11,2024-08-01,Planned,2024-06-08T23:37:53
936,PROD-30936,Figure,1785,2024-10-19,2024-11-17,Planned,2024-05-14T22:12:33
937,PROD-30937,This,1463,2025-10-20,2025-12-01,In Production,2024-11-13T17:22:07
938,PROD-30938,Land,202,2024-06-15,2024-07-16,Completed,2025-10-26T05:20:13
939,PROD-30939,Pattern,1787,2025-02-12,2025-02-24,In Production,2024-05-15T14:18:01
940,PROD-30940,Realize,481,2025-05-23,2025-06-21,On Hold,2024-07-29T15:03:49
941,PROD-30941,Former,1760,2025-02-02,2025-03-29,In Production,2024-03-08T14:26:22
942,PROD-30942,Within,286,2024-06-06,2024-07-23,On Hold,2022-11-22T15:20:57
943,PROD-30943,Central,1847,2024-10-15,2024-10-28,On Hold,2024-11-15T06:18:12
944,PROD-30944,Condition,1915,2024-08-14,2024-08-22,On Hold,2024-02-17T20:51:09
945,PROD-30945,Foot,779,2023-12-24,2024-01-01,Planned,2025-09-23T21:50:49
946,PROD-30946,Sea,1550,2025-04-16,2025-04-29,In Production,2024-08-11T19:58:38
947,PROD-30947,Up,1077,2025-04-19,2025-05-11,Planned,2023-11-16T15:13:13
948,PROD-30948,Score,1009,2024-06-13,2024-08-03,Planned,2023-11-02T01:29:55
949,PROD-30949,Tree,1594,2024-01-11,2024-01-13,Completed,2024-07-07T23:23:24
950,PROD-30950,Education,611,2024-04-17,2024-04-27,Completed,2024-07-10T13:33:13
951,PROD-30951,Likely,385,2024-07-09,2024-07-10,Completed,2024-07-30T08:56:25
952,PROD-30952,Us,1925,2023-11-27,2023-12-27,In Production,2025-06-14T15:00:22
953,PROD-30953,Term,637,2025-05-31,2025-06-24,In Production,2025-05-25T05:34:14
954,PROD-30954,Strategy,1538,2024-12-17,2024-12-22,Planned,2025-09-08T00:16:00
955,PROD-30955,Senior,1443,2024-06-02,2024-08-01,In Production,2023-05-22T03:11:58
956,PROD-30956,This,1968,2025-05-28,2025-07-24,Completed,2024-10-18T16:55:35
957,PROD-30957,Thing,1267,2024-11-25,2024-12-26,On Hold,2023-04-18T00:53:03
958,PROD-30958,Pattern,635,2025-01-04,2025-01-10,Completed,2025-09-15T01:44:06
959,PROD-30959,Value,48,2024-01-11,2024-01-30,Planned,2024-03-07T09:28:05
960,PROD-30960,How,938,2025-07-11,2025-08-02,On Hold,2024-04-01T22:26:13
961,PROD-30961,Bring,1124,2025-03-31,2025-05-09,Completed,2024-04-01T03:04:15
962,PROD-30962,Discussion,170,2024-11-10,2024-11-25,Completed,2024-02-19T07:34:46
963,PROD-30963,Reduce,334,2024-05-25,2024-06-05,On Hold,2023-09-07T03:05:33
964,PROD-30964,Style,1963,2024-01-06,2024-02-21,Planned,2023-02-28T07:53:56
965,PROD-30965,Exactly,27,2025-02-23,2025-03-03,On Hold,2025-08-20T17:53:36
966,PROD-30966,Technology,891,2025-08-27,2025-09-16,Completed,2024-05-31T03:08:49
967,PROD-30967,Worker,1920,2025-03-01,2025-03-23,Planned,2022-11-05T20:42:41
968,PROD-30968,Dinner,757,2024-12-03,2024-12-29,In Production,2024-05-29T02:24:50
969,PROD-30969,Federal,368,2025-03-17,2025-03-18,Planned,2025-02-12T23:59:47
970,PROD-30970,Light,868,2025-09-19,2025-09-21,On Hold,2023-04-16T13:06:08
971,PROD-30971,Financial,711,2024-07-21,2024-09-10,In Production,2023-10-11T17:30:08
972,PROD-30972,And,321,2025-10-02,2025-10-15,Planned,2023-05-30T22:25:00
973,PROD-30973,Operation,279,2024-10-13,2024-11-02,Planned,2025-04-15T21:14:35
974,PROD-30974,Last,592,2025-07-26,2025-09-06,In Production,2025-03-26T13:57:19
975,PROD-30975,Significant,1814,2023-12-07,2023-12-17,Completed,2024-04-16T10:26:57
976,PROD-30976,Edge,1845,2023-11-23,2023-12-23,Planned,2025-09-20T21:31:54
977,PROD-30977,Writer,321,2023-11-05,2023-11-22,Completed,2024-11-06T12:21:47
978,PROD-30978,Everybody,648,2024-08-27,2024-09-29,Planned,2024-03-12T08:04:49
979,PROD-30979,Fast,412,2024-05-23,2024-05-28,On Hold,2023-11-08T01:50:58
980,PROD-30980,Nothing,283,2024-05-28,2024-06-28,Completed,2025-06-24T06:13:59
981,PROD-30981,Piece,41,2025-04-06,2025-04-28,In Production,2024-03-11T05:10:31
982,PROD-30982,Thing,1480,2024-04-17,2024-04-27,Planned,2023-12-05T02:11:50
983,PROD-30983,His,46,2025-01-30,2025-03-26,Completed,2024-05-10T23:37:14
984,PROD-30984,Home,1519,2025-06-03,2025-07-31,On Hold,2024-09-08T19:17:57
985,PROD-30985,Play,297,2024-08-15,2024-09-05,Planned,2025-05-01T13:35:06
986,PROD-30986,Voice,1167,2024-12-28,2025-02-23,In Production,2025-07-03T02:31:29
987,PROD-30987,Stock,785,2025-05-27,2025-06-07,Completed,2024-06-28T01:59:44
988,PROD-30988,Store,1355,2025-06-30,2025-07-18,On Hold,2023-11-14T21:50:50
989,PROD-30989,Play,450,2025-04-13,2025-05-03,Planned,2023-09-13T13:37:30
990,PROD-30990,Partner,258,2025-10-30,2025-11-01,Planned,2023-04-23T08:16:33
991,PROD-30991,Media,1808,2025-06-25,2025-08-12,In Production,2023-10-07T15:34:12
992,PROD-30992,Unit,1156,2025-08-12,2025-08-14,On Hold,2024-07-05T04:01:52
993,PROD-30993,Determine,1338,2025-03-01,2025-03-29,Completed,2023-03-08T08:04:00
994,PROD-30994,Cultural,1065,2025-10-05,2025-12-03,In Production,2024-05-06T00:15:04
995,PROD-30995,Huge,736,2023-11-16,2023-12-27,On Hold,2023-11-29T06:48:54
996,PROD-30996,Director,1319,2025-07-08,2025-07-16,On Hold,2024-10-09T13:30:18
997,PROD-30997,Age,1068,2025-04-17,2025-06-13,On Hold,2024-01-20T14:41:38
998,PROD-30998,Including,27,2024-12-21,2024-12-30,In Production,2025-10-22T07:20:54
999,PROD-30999,Agreement,1186,2025-01-04,2025-02-03,On Hold,2024-11-23T09:53:20
1000,PROD-31000,Help,394,2025-02-25,2025-04-06,Completed,2023-04-13T12:19:13
1001,PROD-31001,Call,437,2024-12-12,2025-01-17,In Production,2023-06-22T18:11:55
1002,PROD-31002,Thing,517,2024-06-16,2024-07-23,Planned,2025-04-21T20:51:07
1003,PROD-31003,Whole,544,2024-09-04,2024-10-06,In Production,2022-12-27T06:29:04
1004,PROD-31004,Us,1030,2025-07-14,2025-08-09,Planned,2024-09-03T10:28:13
1005,PROD-31005,Place,917,2024-08-23,2024-08-31,Completed,2023-08-18T12:27:34
1006,PROD-31006,Art,196,2024-09-25,2024-09-29,On Hold,2023-10-30T22:44:07
1007,PROD-31007,Role,714,2024-10-19,2024-11-19,Completed,2024-04-09T01:39:08
1008,PROD-31008,Actually,1734,2024-05-26,2024-06-24,Completed,2023-12-16T07:14:43
1009,PROD-31009,Possible,452,2025-05-29,2025-06-01,Planned,2024-12-31T15:02:51
1010,PROD-31010,Positive,1812,2025-03-12,2025-04-08,Planned,2022-12-22T02:25:20
1011,PROD-31011,Economy,938,2024-01-23,2024-02-15,In Production,2024-06-28T20:08:32
1012,PROD-31012,Member,878,2025-02-15,2025-03-15,Completed,2024-09-13T15:25:38
1013,PROD-31013,Choice,29,2023-11-17,2024-01-03,On Hold,2022-12-15T02:48:47
1014,PROD-31014,Even,14,2025-07-18,2025-08-23,Planned,2025-03-08T12:48:22
1015,PROD-31015,Be,54,2025-02-22,2025-03-06,Planned,2025-04-13T22:51:52
1016,PROD-31016,Provide,1160,2024-06-15,2024-06-29,Planned,2025-07-14T07:38:22
1017,PROD-31017,General,1086,2025-05-29,2025-07-24,Planned,2023-01-08T02:52:38
1018,PROD-31018,Build,1220,2025-04-10,2025-05-25,On Hold,2024-05-14T23:24:55
1019,PROD-31019,Less,118,2023-11-04,2023-12-21,Completed,2024-07-30T07:04:06
1020,PROD-31020,Public,832,2024-03-26,2024-04-24,Completed,2025-03-26T07:00:44
1021,PROD-31021,Fund,681,2024-03-02,2024-04-11,Completed,2023-11-20T22:29:38
1022,PROD-31022,Common,1951,2024-08-22,2024-10-17,Completed,2024-11-26T13:47:13
1023,PROD-31023,Wrong,78,2025-05-02,2025-06-29,Completed,2023-07-12T23:33:19
1024,PROD-31024,Talk,23,2025-02-12,2025-04-10,In Production,2023-09-25T15:37:30
1025,PROD-31025,Concern,1005,2023-11-08,2023-12-30,In Production,2024-01-24T13:22:05
1026,PROD-31026,Thus,1878,2024-05-20,2024-05-25,In Production,2025-10-31T00:59:56
1027,PROD-31027,Race,629,2024-12-26,2024-12-28,Planned,2023-10-13T20:44:48
1028,PROD-31028,Various,1614,2023-12-14,2024-01-19,Planned,2023-06-23T20:48:24
1029,PROD-31029,Table,1338,2024-06-30,2024-08-03,Completed,2023-04-04T14:52:46
1030,PROD-31030,Necessary,272,2025-01-22,2025-02-27,On Hold,2024-11-18T22:31:04
1031,PROD-31031,Be,1461,2024-02-03,2024-02-05,Completed,2024-02-14T03:05:21
1032,PROD-31032,Old,322,2024-08-08,2024-09-04,Planned,2023-02-03T13:22:39
1033,PROD-31033,Always,1601,2023-11-09,2023-12-31,On Hold,2024-08-23T17:32:59
1034,PROD-31034,Although,1746,2023-11-04,2023-11-19,Completed,2025-04-27T09:59:15
1035,PROD-31035,College,285,2024-03-27,2024-04-11,In Production,2023-08-18T20:00:35
1036,PROD-31036,Chair,751,2025-01-31,2025-02-07,On Hold,2024-04-14T07:20:41
1037,PROD-31037,Together,1617,2025-08-05,2025-08-20,Completed,2023-11-01T15:25:49
1038,PROD-31038,Pm,408,2025-06-11,2025-08-08,On Hold,2024-08-07T15:06:09
1039,PROD-31039,Green,1741,2025-03-10,2025-04-06,In Production,2025-05-26T04:53:24
1040,PROD-31040,Protect,718,2025-10-29,2025-12-09,In Production,2025-05-04T14:30:43
1041,PROD-31041,Try,500,2023-11-23,2024-01-15,Planned,2023-11-24T21:58:49
1042,PROD-31042,Always,1570,2024-10-20,2024-11-11,Completed,2024-05-10T07:07:24
1043,PROD-31043,Agreement,629,2025-08-21,2025-09-21,In Production,2023-09-26T10:07:48
1044,PROD-31044,Another,351,2025-02-14,2025-04-01,Completed,2022-11-08T21:44:08
1045,PROD-31045,Stop,1654,2025-06-16,2025-07-07,On Hold,2024-05-31T18:59:32
1046,PROD-31046,Follow,641,2024-05-15,2024-06-07,In Production,2022-11-23T13:09:09
1047,PROD-31047,Any,1725,2024-07-17,2024-09-06,In Production,2025-07-12T17:13:12
1048,PROD-31048,Show,64,2025-02-14,2025-03-10,On Hold,2025-05-06T02:19:46
1049,PROD-31049,Always,706,2025-07-15,2025-09-12,Completed,2024-02-06T22:43:18
1050,PROD-31050,Such,387,2024-04-01,2024-04-06,Planned,2025-07-19T01:48:43
1051,PROD-31051,Law,966,2025-04-10,2025-06-07,Completed,2023-01-01T23:57:58
1052,PROD-31052,Perhaps,515,2025-10-29,2025-12-24,In Production,2024-03-07T15:33:34
1053,PROD-31053,Season,1170,2025-04-18,2025-04-27,On Hold,2024-03-24T06:43:09
1054,PROD-31054,Increase,271,2025-08-15,2025-09-21,Planned,2025-03-10T16:58:11
1055,PROD-31055,Exactly,1831,2024-09-23,2024-10-05,In Production,2025-09-27T17:09:48
1056,PROD-31056,Simply,381,2024-08-16,2024-10-15,Planned,2024-10-10T17:43:44
1057,PROD-31057,Why,296,2025-01-28,2025-03-19,In Production,2024-12-02T12:42:38
1058,PROD-31058,Understand,1526,2024-07-16,2024-08-29,On Hold,2025-02-16T11:57:20
1059,PROD-31059,Let,1345,2025-09-02,2025-10-30,Planned,2024-04-28T20:52:52
1060,PROD-31060,Place,471,2025-02-13,2025-03-28,In Production,2024-12-26T00:40:09
1061,PROD-31061,Surface,1669,2024-09-19,2024-10-30,In Production,2023-06-08T16:39:54
1062,PROD-31062,Contain,1028,2024-04-16,2024-05-20,On Hold,2023-04-17T01:42:22
1063,PROD-31063,Address,122,2025-07-25,2025-09-14,In Production,2024-01-30T15:57:05
1064,PROD-31064,Agent,1510,2024-06-18,2024-08-01,On Hold,2023-09-27T16:32:05
1065,PROD-31065,Imagine,119,2024-02-21,2024-02-23,Completed,2025-08-01T14:50:59
1066,PROD-31066,Fish,126,2025-09-27,2025-10-06,On Hold,2023-07-14T22:01:38
1067,PROD-31067,Determine,1559,2025-01-18,2025-03-14,Planned,2023-02-06T07:45:26
1068,PROD-31068,Whether,1546,2024-10-11,2024-10-13,Completed,2024-03-29T14:32:35
1069,PROD-31069,Middle,1800,2025-08-10,2025-08-17,Planned,2023-05-13T13:53:34
1070,PROD-31070,Condition,1646,2025-05-20,2025-07-11,On Hold,2024-04-15T08:53:10
1071,PROD-31071,What,1195,2025-05-27,2025-07-15,On Hold,2023-11-04T03:23:55
1072,PROD-31072,Upon,1407,2024-04-15,2024-05-16,On Hold,2025-02-07T16:54:51
1073,PROD-31073,Mind,386,2025-06-02,2025-06-24,In Production,2024-07-03T20:26:44
1074,PROD-31074,When,1126,2025-04-19,2025-05-05,On Hold,2024-08-07T00:47:46
1075,PROD-31075,Black,1362,2024-10-21,2024-11-03,On Hold,2024-05-25T14:03:34
1076,PROD-31076,Realize,421,2024-07-31,2024-08-31,On Hold,2023-09-30T03:01:40
1077,PROD-31077,Create,606,2024-01-20,2024-03-07,In Production,2023-11-12T12:37:55
1078,PROD-31078,New,906,2023-11-20,2023-11-28,Completed,2024-10-23T08:50:47
1079,PROD-31079,Notice,1789,2025-01-03,2025-02-18,On Hold,2024-12-21T22:04:20
1080,PROD-31080,Which,1759,2024-11-16,2024-11-27,In Production,2025-08-26T05:16:10
1081,PROD-31081,Meet,1474,2024-11-14,2024-12-17,Planned,2023-04-29T08:35:28
1082,PROD-31082,Manager,1482,2025-03-27,2025-05-19,Completed,2025-02-21T00:43:47
1083,PROD-31083,Benefit,1426,2025-04-17,2025-06-02,In Production,2023-05-09T11:36:25
1084,PROD-31084,Employee,1233,2025-06-14,2025-07-10,Planned,2025-05-27T04:16:27
1085,PROD-31085,Individual,1979,2025-11-01,2025-11-30,Completed,2025-09-03T12:20:19
1086,PROD-31086,Feel,384,2024-05-27,2024-07-20,In Production,2025-02-09T15:43:30
1087,PROD-31087,Vote,1861,2024-03-19,2024-04-24,Planned,2024-10-05T20:38:24
1088,PROD-31088,Partner,1952,2024-05-24,2024-07-12,On Hold,2023-10-06T09:32:46
1089,PROD-31089,Right,1809,2024-05-19,2024-06-27,Planned,2024-06-21T19:11:34
1090,PROD-31090,Return,170,2024-03-28,2024-05-05,Planned,2024-08-26T18:23:54
1091,PROD-31091,Staff,1801,2024-12-12,2025-01-18,Planned,2025-08-13T11:21:51
1092,PROD-31092,Actually,972,2025-09-16,2025-11-14,Completed,2024-03-18T10:34:55
1093,PROD-31093,Ok,675,2024-09-24,2024-10-15,In Production,2023-12-15T04:12:07
1094,PROD-31094,Keep,921,2025-01-19,2025-03-06,Completed,2025-01-16T10:44:07
1095,PROD-31095,Serious,408,2024-11-01,2024-12-12,On Hold,2023-01-13T07:04:24
1096,PROD-31096,Thank,20,2024-02-02,2024-03-29,Planned,2025-06-18T18:45:22
1097,PROD-31097,Approach,1904,2024-01-25,2024-02-11,Planned,2025-05-26T12:26:06
1098,PROD-31098,Field,70,2025-09-14,2025-11-12,In Production,2023-04-09T02:14:43
1099,PROD-31099,Suggest,411,2024-08-01,2024-09-18,In Production,2025-08-26T09:55:07
1100,PROD-31100,Nothing,792,2025-01-09,2025-03-05,In Production,2025-02-12T11:31:01
1101,PROD-31101,Three,775,2024-03-19,2024-04-24,Completed,2022-12-27T06:46:41
1102,PROD-31102,Fast,141,2025-03-05,2025-03-11,On Hold,2025-07-02T18:18:55
1103,PROD-31103,Analysis,1237,2024-07-06,2024-09-01,In Production,2023-09-13T18:22:57
1104,PROD-31104,Computer,966,2025-09-02,2025-10-04,Planned,2024-06-12T00:50:17
1105,PROD-31105,Hot,1938,2024-01-27,2024-02-12,In Production,2023-07-23T21:25:50
1106,PROD-31106,Activity,1477,2024-06-24,2024-08-07,Planned,2024-03-21T18:50:34
1107,PROD-31107,Bar,459,2024-06-22,2024-08-04,On Hold,2022-11-30T02:37:04
1108,PROD-31108,Manage,529,2023-11-09,2023-12-21,Planned,2025-08-17T10:21:46
1109,PROD-31109,Itself,500,2024-03-28,2024-05-19,On Hold,2023-12-02T16:21:24
1110,PROD-31110,Nation,671,2025-05-07,2025-06-22,On Hold,2025-10-19T22:01:28
1111,PROD-31111,Between,868,2024-01-23,2024-01-28,On Hold,2022-11-11T17:07:15
1112,PROD-31112,Explain,1209,2025-08-11,2025-08-21,In Production,2025-10-24T11:41:44
1113,PROD-31113,Start,1231,2024-11-27,2024-12-02,Planned,2023-12-15T14:33:42
1114,PROD-31114,Under,80,2024-09-21,2024-09-26,Planned,2025-08-30T07:18:23
1115,PROD-31115,Any,715,2024-06-21,2024-07-26,Completed,2025-07-17T19:38:13
1116,PROD-31116,Rest,24,2024-02-23,2024-03-12,Completed,2022-11-05T04:29:23
1117,PROD-31117,If,994,2025-10-08,2025-11-26,Completed,2024-07-31T22:34:16
1118,PROD-31118,Art,1057,2025-08-29,2025-09-17,On Hold,2024-03-20T00:45:38
1119,PROD-31119,Suffer,47,2025-01-10,2025-03-07,In Production,2024-11-04T23:24:03
1120,PROD-31120,Many,1138,2025-08-07,2025-10-04,Planned,2023-06-23T01:33:25
1121,PROD-31121,Throw,1837,2025-08-09,2025-09-23,On Hold,2025-03-11T04:37:44
1122,PROD-31122,Certainly,991,2025-06-30,2025-07-07,Completed,2024-07-16T05:59:35
1123,PROD-31123,Total,596,2024-01-19,2024-02-19,Planned,2025-07-31T11:01:30
1124,PROD-31124,Appear,1712,2024-07-06,2024-08-26,On Hold,2025-10-28T07:50:28
1125,PROD-31125,Either,374,2025-10-01,2025-11-10,In Production,2024-11-15T07:05:55
1126,PROD-31126,College,1078,2024-03-28,2024-04-07,Completed,2024-11-17T14:48:07
1127,PROD-31127,Option,481,2024-01-06,2024-01-19,On Hold,2024-11-27T05:00:38
1128,PROD-31128,Down,813,2025-05-05,2025-05-21,In Production,2025-06-14T05:23:38
1129,PROD-31129,Everyone,51,2025-02-12,2025-02-25,Completed,2024-07-05T14:58:16
1130,PROD-31130,Back,911,2024-03-02,2024-04-20,On Hold,2025-02-04T14:59:52
1131,PROD-31131,Left,1898,2024-10-04,2024-10-14,Planned,2023-04-26T01:57:57
1132,PROD-31132,Agreement,1734,2024-01-04,2024-02-18,On Hold,2025-01-24T17:32:47
1133,PROD-31133,System,791,2024-05-06,2024-05-17,On Hold,2023-05-10T01:29:32
1134,PROD-31134,Five,1865,2024-02-22,2024-04-15,In Production,2023-06-28T06:58:13
1135,PROD-31135,Style,1804,2023-11-04,2023-11-12,Completed,2024-11-19T16:10:21
1136,PROD-31136,Attention,1026,2023-12-23,2024-02-13,Completed,2023-06-29T21:03:25
1137,PROD-31137,Seat,1949,2025-09-15,2025-09-27,Planned,2023-11-14T03:43:55
1138,PROD-31138,Color,892,2025-10-18,2025-11-21,In Production,2024-02-06T20:35:24
1139,PROD-31139,Make,455,2024-01-23,2024-02-16,Completed,2025-02-22T18:22:47
1140,PROD-31140,Now,799,2025-08-06,2025-10-05,In Production,2023-05-24T16:06:52
1141,PROD-31141,Tend,541,2024-11-20,2024-12-28,On Hold,2024-05-28T16:02:17
1142,PROD-31142,Pay,381,2024-02-29,2024-03-19,In Production,2024-02-13T21:10:16
1143,PROD-31143,Room,418,2025-04-01,2025-04-18,Completed,2025-06-07T22:36:36
1144,PROD-31144,Article,118,2025-10-22,2025-11-29,In Production,2024-02-20T18:29:05
1145,PROD-31145,Strong,521,2024-03-07,2024-04-28,In Production,2025-10-21T01:26:46
1146,PROD-31146,Wall,1547,2025-08-30,2025-09-24,In Production,2023-05-09T02:35:56
1147,PROD-31147,Wide,454,2025-09-16,2025-10-13,Completed,2024-06-20T21:51:15
1148,PROD-31148,View,614,2024-02-26,2024-03-14,In Production,2024-08-26T01:29:47
1149,PROD-31149,Certain,515,2024-10-25,2024-10-26,Planned,2024-11-26T05:27:00
1150,PROD-31150,Single,38,2025-01-06,2025-03-06,Completed,2024-04-09T20:21:32
1151,PROD-31151,Choice,691,2023-12-28,2024-01-17,On Hold,2024-05-31T20:41:08
1152,PROD-31152,Learn,144,2024-05-14,2024-05-15,In Production,2024-08-01T13:08:48
1153,PROD-31153,Nor,929,2025-04-15,2025-05-26,On Hold,2023-04-19T08:02:52
1154,PROD-31154,Friend,1795,2024-10-03,2024-11-23,In Production,2025-02-08T09:51:28
1155,PROD-31155,First,798,2025-03-18,2025-04-23,On Hold,2024-02-12T22:24:30
1156,PROD-31156,Someone,1315,2024-06-12,2024-07-03,On Hold,2023-08-13T08:38:06
1157,PROD-31157,Care,1515,2024-05-04,2024-05-30,Planned,2025-10-11T01:08:18
1158,PROD-31158,Throughout,1007,2024-01-15,2024-03-06,In Production,2024-08-04T17:46:04
1159,PROD-31159,Much,694,2025-10-01,2025-10-21,On Hold,2025-01-14T10:18:19
1160,PROD-31160,Well,255,2024-08-28,2024-10-21,Planned,2023-07-28T20:40:21
1161,PROD-31161,Skin,215,2025-04-27,2025-05-27,On Hold,2024-01-26T08:00:56
1162,PROD-31162,Appear,46,2025-02-19,2025-03-24,On Hold,2024-08-11T20:28:49
1163,PROD-31163,Pay,663,2025-08-01,2025-08-24,Planned,2023-07-23T02:38:45
1164,PROD-31164,Because,876,2024-12-25,2025-01-06,Completed,2025-10-19T20:51:59
1165,PROD-31165,Up,275,2025-03-09,2025-04-09,In Production,2023-01-08T00:04:25
1166,PROD-31166,Myself,158,2023-12-30,2024-01-12,Completed,2025-03-05T18:26:25
1167,PROD-31167,Early,845,2024-11-26,2025-01-22,Completed,2024-09-18T20:57:11
1168,PROD-31168,Long,316,2024-11-13,2025-01-03,Planned,2023-08-12T17:35:27
1169,PROD-31169,Outside,27,2025-07-05,2025-07-15,On Hold,2023-01-30T09:28:04
1170,PROD-31170,Risk,734,2025-01-30,2025-02-25,On Hold,2023-06-24T00:15:19
1171,PROD-31171,Pass,882,2025-08-07,2025-09-13,On Hold,2023-08-06T21:32:45
1172,PROD-31172,Rock,933,2024-08-10,2024-09-28,Completed,2025-08-19T13:16:21
1173,PROD-31173,Evidence,166,2025-01-24,2025-02-27,In Production,2024-09-21T13:12:25
1174,PROD-31174,Evidence,468,2025-07-25,2025-08-14,Completed,2023-05-10T04:26:17
1175,PROD-31175,Thank,556,2025-10-06,2025-11-20,On Hold,2023-02-01T06:55:10
1176,PROD-31176,Information,905,2025-02-04,2025-03-31,On Hold,2022-12-28T09:38:12
1177,PROD-31177,Improve,345,2024-03-19,2024-05-06,In Production,2023-03-31T21:27:28
1178,PROD-31178,Action,1447,2024-11-14,2024-12-10,On Hold,2024-09-05T03:48:30
1179,PROD-31179,Ask,1379,2024-12-09,2025-01-05,In Production,2024-02-26T19:10:36
1180,PROD-31180,Police,1126,2024-09-09,2024-10-08,On Hold,2025-04-18T06:17:32
1181,PROD-31181,Customer,373,2025-06-19,2025-06-27,Planned,2023-11-16T06:18:35
1182,PROD-31182,Reality,535,2024-05-07,2024-06-30,Completed,2022-12-07T12:49:30
1183,PROD-31183,News,1011,2025-01-04,2025-02-13,On Hold,2022-11-18T10:40:52
1184,PROD-31184,Keep,840,2024-10-11,2024-11-30,On Hold,2023-04-24T12:49:40
1185,PROD-31185,Drive,1478,2024-03-20,2024-05-14,Completed,2024-09-28T00:46:46
1186,PROD-31186,Else,518,2024-01-09,2024-01-13,Completed,2023-01-07T02:36:27
1187,PROD-31187,Situation,1652,2024-12-31,2025-02-28,Planned,2025-03-11T22:38:52
1188,PROD-31188,New,1615,2025-07-01,2025-07-27,In Production,2024-11-04T18:09:10
1189,PROD-31189,Difference,1700,2024-04-24,2024-05-17,Planned,2023-03-21T22:46:29
1190,PROD-31190,Marriage,1930,2024-11-11,2024-12-29,Planned,2023-05-19T06:47:45
1191,PROD-31191,Change,711,2025-05-23,2025-05-29,Completed,2023-02-15T07:37:20
1192,PROD-31192,Concern,704,2024-12-16,2025-01-13,In Production,2025-09-03T09:18:10
1193,PROD-31193,Surface,1762,2024-10-21,2024-11-30,In Production,2023-10-12T09:24:10
1194,PROD-31194,Medical,1370,2024-01-20,2024-02-19,Planned,2024-05-14T14:56:35
1195,PROD-31195,American,389,2025-02-14,2025-03-27,On Hold,2023-07-23T17:52:52
1196,PROD-31196,Visit,530,2025-10-20,2025-10-30,Planned,2025-03-12T02:40:58
1197,PROD-31197,Training,1449,2024-11-23,2025-01-12,Completed,2024-10-22T15:02:12
1198,PROD-31198,Area,986,2024-10-10,2024-11-07,On Hold,2023-06-14T00:55:47
1199,PROD-31199,Single,1247,2025-01-06,2025-03-06,In Production,2024-04-22T12:50:15
1200,PROD-31200,Follow,408,2024-08-23,2024-10-20,In Production,2025-01-15T15:52:54
1201,PROD-31201,Agent,696,2024-03-22,2024-04-29,Planned,2025-04-25T08:49:16
1202,PROD-31202,Body,1281,2024-05-23,2024-06-02,On Hold,2025-09-28T03:33:18
1203,PROD-31203,Course,792,2023-12-02,2024-01-07,In Production,2024-04-27T23:58:24
1204,PROD-31204,Attorney,1856,2024-07-05,2024-08-18,On Hold,2024-08-23T20:34:55
1205,PROD-31205,One,1733,2024-09-24,2024-10-07,Planned,2025-05-28T09:02:55
1206,PROD-31206,Compare,1872,2024-09-04,2024-09-21,Planned,2023-06-29T17:16:32
1207,PROD-31207,Just,650,2025-05-29,2025-06-13,Planned,2024-04-08T22:29:35
1208,PROD-31208,Until,1412,2024-05-22,2024-06-04,On Hold,2025-08-30T15:31:03
1209,PROD-31209,Late,1994,2024-11-06,2024-12-10,Completed,2023-10-14T05:50:38
1210,PROD-31210,Capital,614,2024-03-10,2024-03-16,Planned,2024-08-30T13:53:24
1211,PROD-31211,Half,33,2025-06-30,2025-07-12,Planned,2023-10-19T15:05:36
1212,PROD-31212,With,1569,2024-01-06,2024-01-11,Planned,2024-06-16T21:53:36
1213,PROD-31213,Above,1012,2024-11-21,2024-12-16,On Hold,2024-09-14T07:21:22
1214,PROD-31214,Difference,1792,2025-07-25,2025-08-09,On Hold,2024-10-30T00:42:27
1215,PROD-31215,Relationship,654,2025-01-11,2025-02-15,In Production,2024-10-22T07:17:55
1216,PROD-31216,Director,483,2024-04-05,2024-05-19,On Hold,2023-04-02T14:43:08
1217,PROD-31217,Try,1576,2024-12-15,2025-02-13,Completed,2024-03-16T13:26:37
1218,PROD-31218,Religious,2000,2025-04-14,2025-06-13,On Hold,2024-12-07T11:50:47
1219,PROD-31219,Pull,250,2025-08-20,2025-09-16,Planned,2025-08-08T04:27:40
1220,PROD-31220,South,701,2025-01-10,2025-02-01,Completed,2024-08-18T15:23:07
1221,PROD-31221,Traditional,1960,2025-08-12,2025-09-19,On Hold,2023-10-04T23:50:51
1222,PROD-31222,Speech,391,2024-07-07,2024-08-26,Completed,2024-04-05T05:38:03
1223,PROD-31223,Sure,7,2024-10-24,2024-10-25,Planned,2023-01-24T07:49:24
1224,PROD-31224,Necessary,1697,2024-03-27,2024-04-01,Planned,2023-04-02T07:33:57
1225,PROD-31225,Fly,1737,2025-09-09,2025-10-02,In Production,2024-01-14T12:12:47
1226,PROD-31226,Feel,344,2023-12-25,2023-12-31,Completed,2023-11-29T03:33:34
1227,PROD-31227,Sign,1366,2024-05-26,2024-05-28,On Hold,2025-08-20T00:25:55
1228,PROD-31228,Positive,1482,2025-01-04,2025-02-01,On Hold,2024-03-23T08:02:47
1229,PROD-31229,Fast,1071,2025-01-11,2025-02-11,On Hold,2025-09-30T18:14:17
1230,PROD-31230,Leader,1614,2025-08-08,2025-09-22,Planned,2024-02-04T09:40:20
1231,PROD-31231,Push,1089,2025-03-21,2025-04-30,On Hold,2024-07-28T16:46:12
1232,PROD-31232,Dream,781,2024-01-28,2024-03-17,Completed,2023-02-16T13:14:38
1233,PROD-31233,Character,413,2023-11-21,2023-12-14,In Production,2023-09-26T08:17:45
1234,PROD-31234,Local,409,2024-05-25,2024-06-28,On Hold,2024-02-27T06:52:26
1235,PROD-31235,Daughter,418,2025-01-26,2025-02-10,Planned,2024-12-09T06:19:43
1236,PROD-31236,Degree,1649,2025-10-28,2025-10-31,On Hold,2025-02-05T00:28:05
1237,PROD-31237,Exactly,1289,2025-03-19,2025-05-11,Completed,2025-09-13T20:49:33
1238,PROD-31238,Nature,820,2024-08-13,2024-09-11,Planned,2025-04-12T05:28:15
1239,PROD-31239,Present,177,2024-06-16,2024-06-29,Planned,2025-03-17T08:49:03
1240,PROD-31240,Stuff,909,2025-03-05,2025-04-05,On Hold,2024-10-25T19:06:29
1241,PROD-31241,Little,1322,2024-07-28,2024-08-10,Completed,2025-01-21T14:51:56
1242,PROD-31242,Fight,483,2024-08-16,2024-09-01,On Hold,2023-06-17T16:06:05
1243,PROD-31243,System,163,2024-06-27,2024-07-14,Completed,2024-09-06T19:58:11
1244,PROD-31244,Speech,633,2024-01-17,2024-03-15,Planned,2024-07-26T13:34:24
1245,PROD-31245,Down,985,2025-04-29,2025-05-10,Completed,2023-03-01T22:31:56
1246,PROD-31246,Billion,1672,2025-01-02,2025-02-02,Planned,2023-12-19T16:45:04
1247,PROD-31247,Husband,938,2023-12-14,2023-12-26,In Production,2023-07-26T06:29:00
1248,PROD-31248,Subject,1258,2025-08-27,2025-08-31,In Production,2024-07-05T16:36:52
1249,PROD-31249,Beautiful,336,2025-09-06,2025-09-28,Completed,2024-03-13T18:09:31
1250,PROD-31250,Eight,317,2025-07-12,2025-07-17,Planned,2025-02-11T04:44:15
1251,PROD-31251,Test,1087,2025-08-29,2025-10-08,On Hold,2025-02-13T05:54:08
1252,PROD-31252,Serve,734,2023-12-29,2024-02-21,Completed,2023-08-14T15:36:07
1253,PROD-31253,Yeah,1912,2024-03-02,2024-03-22,On Hold,2023-05-20T04:05:50
1254,PROD-31254,In,1783,2025-06-11,2025-07-13,Planned,2025-01-17T11:52:02
1255,PROD-31255,Pattern,587,2024-07-20,2024-07-21,On Hold,2024-10-20T20:52:55
1256,PROD-31256,Rest,1400,2024-05-15,2024-06-07,On Hold,2025-08-14T11:06:44
1257,PROD-31257,Firm,1680,2024-05-11,2024-05-14,Planned,2024-05-18T10:45:22
1258,PROD-31258,This,1613,2024-04-24,2024-05-03,Planned,2024-10-01T10:06:28
1259,PROD-31259,General,940,2025-06-23,2025-07-29,Planned,2022-12-12T03:08:19
1260,PROD-31260,Mention,562,2024-01-18,2024-01-31,Planned,2023-09-30T09:37:12
1261,PROD-31261,Prove,1803,2025-08-22,2025-10-21,Planned,2023-11-10T19:53:38
1262,PROD-31262,Option,402,2025-07-19,2025-08-14,On Hold,2025-03-25T00:14:31
1263,PROD-31263,Mr,73,2025-04-12,2025-04-17,Planned,2025-01-22T14:42:29
1264,PROD-31264,Pattern,1086,2024-02-18,2024-02-19,In Production,2023-08-25T08:02:43
1265,PROD-31265,Join,212,2025-10-24,2025-10-28,Completed,2023-06-11T01:59:25
1266,PROD-31266,Major,703,2024-03-16,2024-03-29,In Production,2023-09-06T22:56:55
1267,PROD-31267,After,1612,2024-01-05,2024-03-01,On Hold,2025-05-01T21:40:51
1268,PROD-31268,Or,45,2024-11-16,2024-12-22,Planned,2023-05-23T06:20:29
1269,PROD-31269,Sing,1489,2025-07-28,2025-09-18,Completed,2024-11-18T07:48:17
1270,PROD-31270,Tonight,1830,2024-08-06,2024-09-02,Planned,2025-04-03T10:45:36
1271,PROD-31271,For,1092,2025-06-01,2025-07-04,On Hold,2022-11-15T06:18:34
1272,PROD-31272,Big,1611,2025-02-20,2025-03-05,Completed,2023-06-20T01:39:13
1273,PROD-31273,Lawyer,1232,2025-07-24,2025-07-30,On Hold,2023-08-12T20:50:20
1274,PROD-31274,Result,1780,2023-11-07,2023-11-16,Completed,2024-06-13T20:39:38
1275,PROD-31275,Simply,217,2024-08-09,2024-09-30,Completed,2024-07-11T09:27:05
1276,PROD-31276,Rich,899,2025-09-27,2025-10-14,Completed,2023-09-02T06:11:48
1277,PROD-31277,Eye,1271,2024-03-30,2024-04-24,Planned,2025-04-18T16:40:19
1278,PROD-31278,Station,737,2025-04-11,2025-05-28,On Hold,2024-06-21T11:52:14
1279,PROD-31279,Federal,341,2025-05-10,2025-06-17,In Production,2024-07-18T23:53:45
1280,PROD-31280,Decade,1358,2024-05-20,2024-05-31,Planned,2024-07-04T00:29:13
1281,PROD-31281,Society,1111,2025-04-03,2025-05-23,In Production,2025-05-04T08:18:00
1282,PROD-31282,Wonder,661,2024-03-23,2024-04-29,On Hold,2024-09-10T00:58:07
1283,PROD-31283,Amount,1443,2025-09-09,2025-10-06,Completed,2025-05-02T19:23:24
1284,PROD-31284,Report,1084,2024-04-19,2024-05-02,In Production,2023-04-26T05:44:31
1285,PROD-31285,Field,671,2025-03-19,2025-04-01,On Hold,2022-11-30T06:00:47
1286,PROD-31286,Expert,1433,2024-11-02,2024-11-11,Completed,2023-09-02T14:34:00
1287,PROD-31287,Response,1246,2024-04-14,2024-04-22,Completed,2024-07-13T15:27:30
1288,PROD-31288,One,955,2025-06-14,2025-06-20,On Hold,2025-07-12T12:45:00
1289,PROD-31289,Gas,204,2024-06-28,2024-07-14,In Production,2024-11-15T07:27:32
1290,PROD-31290,Do,1062,2023-11-10,2023-12-10,On Hold,2025-06-10T01:24:36
1291,PROD-31291,Young,1572,2024-06-20,2024-07-30,Completed,2024-06-11T05:55:06
1292,PROD-31292,Since,1050,2023-12-05,2024-01-01,On Hold,2023-08-02T05:32:57
1293,PROD-31293,Kitchen,1759,2025-08-14,2025-09-30,On Hold,2025-06-09T12:17:31
1294,PROD-31294,Tv,1421,2024-06-02,2024-07-29,On Hold,2024-02-10T22:11:27
1295,PROD-31295,Chance,415,2025-08-03,2025-09-17,On Hold,2025-06-05T19:45:52
1296,PROD-31296,Page,1222,2023-11-22,2024-01-06,Completed,2024-05-18T08:25:22
1297,PROD-31297,State,1095,2023-12-18,2024-01-12,Planned,2025-10-09T19:23:23
1298,PROD-31298,Size,1931,2025-08-13,2025-09-29,Completed,2023-11-19T14:53:48
1299,PROD-31299,And,1410,2024-11-12,2024-12-30,On Hold,2023-01-03T14:02:44
1300,PROD-31300,Trade,715,2025-04-26,2025-05-24,In Production,2023-01-16T02:54:03
1301,PROD-31301,Son,1920,2024-01-25,2024-02-02,On Hold,2022-12-12T02:30:14
1302,PROD-31302,Knowledge,1836,2025-02-05,2025-04-01,In Production,2024-05-10T12:11:13
1303,PROD-31303,Like,1311,2024-11-28,2025-01-12,Completed,2025-10-30T12:46:54
1304,PROD-31304,Letter,975,2024-04-30,2024-06-03,On Hold,2025-08-12T21:31:32
1305,PROD-31305,Left,551,2025-06-20,2025-08-07,Planned,2024-05-22T10:30:06
1306,PROD-31306,Rock,106,2024-11-19,2024-11-27,Completed,2023-12-27T20:43:22
1307,PROD-31307,Tonight,239,2025-04-04,2025-06-03,Planned,2024-09-30T13:19:31
1308,PROD-31308,Training,583,2023-11-23,2023-12-26,In Production,2023-10-27T08:55:16
1309,PROD-31309,First,1526,2024-05-01,2024-06-13,On Hold,2025-08-26T22:27:42
1310,PROD-31310,Argue,624,2025-06-18,2025-08-17,Planned,2025-06-28T12:03:42
1311,PROD-31311,Whole,10,2024-02-28,2024-04-16,In Production,2024-11-03T03:40:32
1312,PROD-31312,Area,1662,2025-10-27,2025-11-06,Planned,2023-07-08T16:51:18
1313,PROD-31313,Close,1095,2024-04-30,2024-05-24,In Production,2024-05-29T14:49:50
1314,PROD-31314,Friend,1185,2025-01-10,2025-01-31,Completed,2023-07-28T07:22:19
1315,PROD-31315,Phone,976,2025-07-24,2025-09-03,Planned,2025-02-22T16:50:42
1316,PROD-31316,Century,1092,2025-07-12,2025-08-26,In Production,2024-08-31T04:18:04
1317,PROD-31317,Realize,275,2025-08-19,2025-09-11,On Hold,2023-05-17T05:27:04
1318,PROD-31318,Between,355,2025-06-03,2025-07-28,On Hold,2023-04-10T07:29:18
1319,PROD-31319,Bed,1953,2025-03-22,2025-04-07,In Production,2025-08-22T16:52:07
1320,PROD-31320,Establish,812,2025-03-15,2025-04-13,Planned,2025-10-13T14:27:31
1321,PROD-31321,On,1455,2025-08-29,2025-09-26,On Hold,2024-06-08T17:53:17
1322,PROD-31322,Energy,815,2023-11-06,2023-11-09,In Production,2025-08-17T02:38:58
1323,PROD-31323,Operation,10,2024-03-01,2024-03-25,Planned,2023-11-21T01:20:52
1324,PROD-31324,Today,1373,2025-08-17,2025-10-12,On Hold,2024-05-27T03:06:57
1325,PROD-31325,Who,1340,2024-01-24,2024-03-11,In Production,2022-11-22T10:35:46
1326,PROD-31326,Least,827,2025-08-03,2025-09-28,Planned,2023-09-01T21:36:28
1327,PROD-31327,Unit,1267,2025-08-16,2025-08-23,Planned,2023-03-18T21:59:16
1328,PROD-31328,Late,1631,2024-08-24,2024-10-02,Completed,2025-01-28T23:13:27
1329,PROD-31329,Opportunity,896,2025-08-30,2025-10-28,Planned,2025-03-18T06:48:38
1330,PROD-31330,Finish,771,2024-12-04,2025-01-24,In Production,2023-05-28T03:45:44
1331,PROD-31331,Trade,371,2024-02-21,2024-04-08,In Production,2025-09-20T10:59:21
1332,PROD-31332,Design,1507,2025-04-19,2025-04-28,In Production,2022-12-17T01:47:31
1333,PROD-31333,Fast,1005,2024-05-25,2024-06-22,In Production,2024-05-18T03:37:43
1334,PROD-31334,White,1426,2024-10-28,2024-11-23,Completed,2023-01-23T10:02:52
1335,PROD-31335,Already,524,2024-01-24,2024-03-08,Planned,2025-09-05T10:57:31
1336,PROD-31336,Box,1539,2025-01-28,2025-02-03,On Hold,2022-11-07T06:32:52
1337,PROD-31337,Local,245,2024-03-30,2024-04-13,Planned,2023-11-13T17:36:32
1338,PROD-31338,Avoid,1577,2024-02-26,2024-03-03,In Production,2023-11-23T19:27:57
1339,PROD-31339,Everyone,1730,2024-02-26,2024-02-28,In Production,2025-03-11T21:21:26
1340,PROD-31340,Education,951,2025-09-05,2025-10-31,In Production,2023-06-12T16:09:14
1341,PROD-31341,Indeed,233,2024-09-17,2024-09-29,On Hold,2024-01-03T01:19:48
1342,PROD-31342,And,1955,2025-05-02,2025-05-18,Planned,2025-02-03T06:46:55
1343,PROD-31343,Owner,605,2024-05-06,2024-06-07,Planned,2023-02-08T23:47:34
1344,PROD-31344,Determine,1217,2023-11-12,2023-12-22,In Production,2024-04-17T12:55:36
1345,PROD-31345,Bed,1165,2025-07-14,2025-08-19,In Production,2025-02-02T17:06:33
1346,PROD-31346,Themselves,923,2025-06-11,2025-07-24,In Production,2023-06-05T07:40:17
1347,PROD-31347,Me,572,2025-08-10,2025-08-25,Planned,2025-02-14T05:14:03
1348,PROD-31348,Prepare,1458,2024-11-18,2024-12-27,Completed,2023-07-26T03:10:12
1349,PROD-31349,Yeah,810,2024-07-08,2024-08-12,In Production,2024-04-13T11:14:42
1350,PROD-31350,Minute,596,2025-08-24,2025-09-14,On Hold,2022-11-06T20:10:20
1351,PROD-31351,Other,380,2025-10-15,2025-11-22,In Production,2025-06-18T07:16:37
1352,PROD-31352,Often,286,2025-02-05,2025-03-28,On Hold,2025-03-30T01:09:50
1353,PROD-31353,Shake,1634,2024-06-11,2024-07-31,On Hold,2025-05-26T05:00:34
1354,PROD-31354,Price,528,2025-06-16,2025-06-25,In Production,2022-11-04T01:38:54
1355,PROD-31355,Company,1490,2025-07-14,2025-08-21,On Hold,2023-09-11T23:23:44
1356,PROD-31356,Team,1991,2024-11-13,2025-01-10,On Hold,2023-06-09T02:08:37
1357,PROD-31357,Know,457,2024-07-04,2024-08-26,Planned,2025-03-24T20:48:58
1358,PROD-31358,Until,1733,2025-02-26,2025-04-23,On Hold,2024-01-19T19:09:54
1359,PROD-31359,Network,270,2024-02-11,2024-02-29,On Hold,2023-10-02T23:54:19
1360,PROD-31360,Oil,418,2025-03-07,2025-04-04,In Production,2024-05-31T21:32:41
1361,PROD-31361,Spring,1898,2025-09-21,2025-10-24,Planned,2025-01-24T11:46:28
1362,PROD-31362,Floor,304,2023-12-05,2023-12-17,Planned,2024-08-09T11:50:58
1363,PROD-31363,Drive,380,2025-06-07,2025-06-08,In Production,2023-05-07T13:53:50
1364,PROD-31364,Couple,968,2023-12-14,2024-01-25,Planned,2024-05-31T09:25:25
1365,PROD-31365,Lot,1588,2025-06-30,2025-08-10,On Hold,2025-01-30T16:58:04
1366,PROD-31366,Open,1279,2024-05-31,2024-06-02,In Production,2024-12-12T21:38:42
1367,PROD-31367,Green,586,2025-07-15,2025-07-20,Planned,2024-01-13T14:14:38
1368,PROD-31368,Student,1371,2025-08-11,2025-09-10,In Production,2023-04-27T20:54:07
1369,PROD-31369,Newspaper,1769,2025-09-11,2025-10-26,In Production,2025-07-15T17:47:39
1370,PROD-31370,It,231,2025-05-03,2025-05-28,In Production,2025-03-12T08:20:37
1371,PROD-31371,Degree,1206,2024-01-14,2024-01-29,In Production,2025-06-23T04:50:20
1372,PROD-31372,Now,1122,2023-11-29,2023-12-12,Planned,2024-02-08T22:27:14
1373,PROD-31373,Technology,1211,2025-09-24,2025-10-30,Completed,2024-11-04T06:06:31
1374,PROD-31374,Exactly,1294,2025-08-29,2025-09-20,Completed,2023-11-10T21:15:05
1375,PROD-31375,Short,1339,2024-09-23,2024-11-05,On Hold,2025-02-09T00:00:07
1376,PROD-31376,Mrs,1680,2024-04-08,2024-05-01,Planned,2024-04-28T05:46:48
1377,PROD-31377,Peace,1603,2024-09-03,2024-10-18,Completed,2024-06-12T19:18:55
1378,PROD-31378,Account,494,2024-03-07,2024-03-18,Completed,2025-09-21T11:52:53
1379,PROD-31379,Throw,1178,2025-09-16,2025-10-22,On Hold,2025-04-02T06:00:51
1380,PROD-31380,Spring,713,2024-08-06,2024-08-16,Planned,2023-11-07T16:33:06
1381,PROD-31381,Group,1584,2025-01-15,2025-03-07,On Hold,2024-12-27T23:25:59
1382,PROD-31382,Place,1458,2023-12-27,2024-01-26,Planned,2023-11-04T21:47:11
1383,PROD-31383,Successful,291,2025-07-07,2025-07-22,In Production,2024-02-03T23:22:51
1384,PROD-31384,Improve,1397,2024-11-03,2024-12-29,In Production,2024-01-24T10:06:41
1385,PROD-31385,Ago,1675,2024-07-20,2024-08-18,Planned,2024-06-11T07:37:54
1386,PROD-31386,Probably,34,2025-07-13,2025-08-20,In Production,2024-05-13T06:17:00
1387,PROD-31387,Republican,492,2024-09-27,2024-10-04,Completed,2025-05-09T01:01:03
1388,PROD-31388,Probably,802,2025-06-02,2025-08-01,Completed,2025-10-01T01:52:50
1389,PROD-31389,Director,1873,2024-02-14,2024-03-04,In Production,2025-08-27T12:20:26
1390,PROD-31390,Past,21,2025-09-01,2025-10-10,Planned,2025-07-12T00:30:04
1391,PROD-31391,Color,1385,2024-07-19,2024-08-10,In Production,2024-11-25T01:08:42
1392,PROD-31392,Education,1184,2025-02-28,2025-03-15,Completed,2023-01-19T18:48:02
1393,PROD-31393,Face,460,2024-05-20,2024-06-25,In Production,2023-03-01T07:43:58
1394,PROD-31394,Brother,274,2025-01-04,2025-02-18,On Hold,2024-03-28T19:22:16
1395,PROD-31395,Money,81,2025-05-07,2025-05-31,Planned,2023-02-15T22:44:02
1396,PROD-31396,Account,358,2025-09-14,2025-09-22,Planned,2025-09-15T13:22:38
1397,PROD-31397,Step,632,2024-04-02,2024-05-05,In Production,2025-02-07T22:59:56
1398,PROD-31398,Because,794,2025-10-22,2025-12-02,Completed,2025-10-24T10:32:33
1399,PROD-31399,Hold,1231,2024-06-03,2024-06-25,Planned,2024-06-08T22:07:47
1400,PROD-31400,Include,1790,2025-05-26,2025-06-11,Planned,2024-12-11T06:38:11
1401,PROD-31401,Nearly,118,2024-07-04,2024-08-22,On Hold,2023-07-12T22:00:18
1402,PROD-31402,Nearly,1903,2023-11-22,2023-12-22,Planned,2022-11-22T03:45:43
1403,PROD-31403,Organization,1797,2025-02-15,2025-03-29,In Production,2023-07-04T20:16:34
1404,PROD-31404,Tax,837,2025-07-31,2025-08-19,Planned,2024-12-24T05:09:56
1405,PROD-31405,Move,1286,2024-05-29,2024-06-23,Planned,2023-09-27T20:55:53
1406,PROD-31406,Feeling,711,2024-10-29,2024-11-23,On Hold,2025-06-16T15:31:46
1407,PROD-31407,White,297,2025-10-06,2025-10-11,Planned,2023-05-19T01:55:02
1408,PROD-31408,Color,1865,2025-02-16,2025-04-01,On Hold,2024-12-26T00:35:57
1409,PROD-31409,Value,638,2024-09-27,2024-11-20,On Hold,2024-06-04T15:11:58
1410,PROD-31410,Try,846,2024-01-30,2024-02-08,On Hold,2024-07-16T01:10:06
1411,PROD-31411,Visit,434,2023-11-24,2023-12-06,Completed,2023-11-22T23:56:20
1412,PROD-31412,Cost,80,2025-02-14,2025-04-10,On Hold,2022-12-19T03:56:35
1413,PROD-31413,People,1120,2025-06-28,2025-08-02,On Hold,2023-07-01T09:30:33
1414,PROD-31414,Mean,306,2025-06-25,2025-07-27,On Hold,2024-11-21T01:47:13
1415,PROD-31415,However,1795,2024-08-14,2024-10-03,Completed,2023-07-28T11:05:03
1416,PROD-31416,Support,1312,2025-02-18,2025-04-18,In Production,2023-11-27T10:28:18
1417,PROD-31417,Now,856,2024-05-17,2024-06-22,On Hold,2024-12-26T12:22:56
1418,PROD-31418,Could,1219,2024-12-03,2025-01-08,On Hold,2025-06-28T13:45:33
1419,PROD-31419,Sing,114,2025-09-23,2025-11-08,On Hold,2025-10-23T04:05:10
1420,PROD-31420,Item,1690,2024-07-08,2024-07-22,Completed,2023-09-06T19:20:47
1421,PROD-31421,Politics,257,2024-09-23,2024-11-04,Planned,2024-03-04T11:50:49
1422,PROD-31422,Machine,1848,2024-08-19,2024-09-23,Planned,2024-08-14T10:18:11
1423,PROD-31423,Itself,1551,2025-04-15,2025-06-01,In Production,2023-08-25T23:34:56
1424,PROD-31424,Available,814,2025-10-29,2025-11-05,In Production,2023-12-07T07:58:23
1425,PROD-31425,Learn,1797,2024-05-12,2024-07-08,In Production,2025-07-22T17:14:30
1426,PROD-31426,Through,1021,2024-03-14,2024-04-30,Completed,2025-05-25T20:06:28
1427,PROD-31427,Benefit,1985,2023-11-15,2023-12-01,Completed,2025-09-11T18:30:30
1428,PROD-31428,Need,1393,2025-06-26,2025-07-05,Planned,2024-05-11T10:01:49
1429,PROD-31429,Beautiful,842,2024-10-30,2024-11-21,On Hold,2023-03-30T05:59:30
1430,PROD-31430,Still,48,2025-08-11,2025-09-13,On Hold,2023-01-25T03:51:17
1431,PROD-31431,Pass,1870,2025-05-28,2025-06-12,Completed,2022-11-21T00:55:37
1432,PROD-31432,Bed,1694,2024-04-14,2024-06-05,In Production,2024-01-15T20:09:58
1433,PROD-31433,Spring,923,2024-01-19,2024-02-14,Completed,2025-05-18T00:42:49
1434,PROD-31434,Visit,723,2024-10-05,2024-10-30,In Production,2023-08-17T18:11:22
1435,PROD-31435,His,1846,2025-05-12,2025-06-21,Planned,2024-04-14T06:55:12
1436,PROD-31436,But,498,2024-05-13,2024-06-06,Planned,2023-12-28T07:22:34
1437,PROD-31437,Describe,399,2024-10-13,2024-12-04,On Hold,2024-05-16T21:25:31
1438,PROD-31438,Black,19,2025-10-02,2025-10-10,Planned,2023-11-27T20:08:22
1439,PROD-31439,Design,551,2025-01-02,2025-03-01,On Hold,2024-09-18T21:45:03
1440,PROD-31440,Too,1909,2024-05-18,2024-06-28,Planned,2025-08-02T02:39:20
1441,PROD-31441,Pay,1502,2025-08-04,2025-09-26,Completed,2024-03-27T16:05:17
1442,PROD-31442,Everyone,5,2025-04-30,2025-05-07,Planned,2024-08-11T04:03:18
1443,PROD-31443,We,1841,2025-05-17,2025-05-24,Completed,2025-09-20T11:42:03
1444,PROD-31444,Mean,96,2024-04-14,2024-04-15,On Hold,2023-05-17T16:46:10
1445,PROD-31445,Tonight,810,2025-02-27,2025-03-10,Completed,2024-01-20T22:08:26
1446,PROD-31446,Realize,858,2025-09-29,2025-11-24,In Production,2023-07-06T02:00:02
1447,PROD-31447,Safe,209,2024-10-26,2024-11-24,On Hold,2024-08-06T18:52:16
1448,PROD-31448,Feel,934,2024-01-25,2024-03-23,Completed,2025-05-06T14:28:21
1449,PROD-31449,Her,267,2025-01-30,2025-03-23,Planned,2022-11-13T11:19:13
1450,PROD-31450,Guess,1175,2023-12-24,2024-01-17,In Production,2023-04-08T14:51:58
1451,PROD-31451,Example,1563,2025-07-11,2025-09-09,Completed,2024-09-21T16:31:21
1452,PROD-31452,Paper,539,2024-10-11,2024-12-04,Planned,2024-01-20T10:05:33
1453,PROD-31453,Should,1726,2024-05-01,2024-05-25,On Hold,2024-05-03T10:07:31
1454,PROD-31454,Truth,323,2025-03-27,2025-05-13,In Production,2024-01-08T11:33:14
1455,PROD-31455,Sound,1016,2025-06-21,2025-07-29,Completed,2024-11-22T07:27:21
1456,PROD-31456,Particular,516,2024-08-03,2024-08-15,On Hold,2024-10-02T07:24:15
1457,PROD-31457,Talk,306,2024-10-24,2024-11-12,Completed,2025-07-28T14:58:22
1458,PROD-31458,Time,1205,2023-12-10,2024-01-14,Planned,2023-07-09T04:58:22
1459,PROD-31459,Month,1757,2024-12-04,2025-01-13,Completed,2025-05-26T00:42:20
1460,PROD-31460,Themselves,1824,2025-09-27,2025-11-06,On Hold,2023-09-16T14:37:58
1461,PROD-31461,You,634,2023-11-05,2023-12-24,On Hold,2025-05-24T03:29:59
1462,PROD-31462,Smile,184,2024-12-11,2025-01-01,Completed,2024-03-04T11:19:06
1463,PROD-31463,Yard,1396,2024-05-07,2024-06-04,Completed,2025-01-06T01:22:29
1464,PROD-31464,Possible,433,2025-05-02,2025-05-27,Planned,2023-12-18T22:43:22
1465,PROD-31465,Deal,811,2025-04-28,2025-06-18,Planned,2025-03-10T15:17:30
1466,PROD-31466,Style,418,2023-12-19,2024-02-08,In Production,2024-02-18T12:39:18
1467,PROD-31467,Author,1149,2025-07-23,2025-09-03,Completed,2022-11-03T19:35:50
1468,PROD-31468,War,1096,2025-03-12,2025-04-24,On Hold,2023-04-24T22:32:48
1469,PROD-31469,Wear,1697,2024-09-04,2024-10-10,Completed,2023-02-02T04:06:35
1470,PROD-31470,But,1422,2024-09-17,2024-09-24,On Hold,2025-06-13T02:07:55
1471,PROD-31471,Prove,882,2024-01-03,2024-01-12,In Production,2025-01-05T10:40:11
1472,PROD-31472,Partner,1445,2025-01-03,2025-02-17,Completed,2025-06-26T22:49:59
1473,PROD-31473,Make,1064,2025-02-22,2025-03-03,In Production,2024-11-04T13:38:27
1474,PROD-31474,Data,1863,2025-04-07,2025-06-03,Planned,2025-10-14T01:15:34
1475,PROD-31475,Sign,1404,2023-11-12,2023-12-26,In Production,2025-06-29T19:29:14
1476,PROD-31476,Someone,440,2025-01-23,2025-03-20,Planned,2025-02-25T06:21:09
1477,PROD-31477,Week,395,2025-08-29,2025-09-18,Planned,2025-08-30T10:40:47
1478,PROD-31478,Social,1978,2024-03-09,2024-04-21,In Production,2024-03-06T09:31:16
1479,PROD-31479,Their,306,2024-01-28,2024-02-20,Planned,2023-07-03T18:33:52
1480,PROD-31480,Hot,1338,2024-11-07,2024-11-08,In Production,2024-07-07T23:02:15
1481,PROD-31481,Himself,1955,2024-08-03,2024-09-22,Planned,2024-07-07T21:24:24
1482,PROD-31482,Interview,332,2023-12-31,2024-01-19,On Hold,2024-05-21T12:26:57
1483,PROD-31483,Right,1424,2024-07-17,2024-08-23,Planned,2023-06-15T05:27:00
1484,PROD-31484,Skill,980,2024-12-12,2025-01-16,In Production,2023-01-24T12:20:43
1485,PROD-31485,Animal,648,2025-06-15,2025-08-11,In Production,2024-02-01T11:30:55
1486,PROD-31486,Edge,773,2025-08-31,2025-09-17,On Hold,2022-11-09T21:19:25
1487,PROD-31487,Society,1,2023-11-19,2024-01-01,On Hold,2024-03-14T21:11:26
1488,PROD-31488,Public,1354,2024-06-23,2024-08-19,Completed,2024-07-26T08:46:39
1489,PROD-31489,Example,76,2024-09-22,2024-11-03,On Hold,2025-04-29T22:27:05
1490,PROD-31490,Recent,785,2025-08-21,2025-08-26,Planned,2024-02-26T15:54:23
1491,PROD-31491,Eight,242,2023-12-02,2023-12-18,In Production,2022-12-21T20:58:08
1492,PROD-31492,Tv,941,2024-03-11,2024-03-19,Planned,2023-07-08T18:56:51
1493,PROD-31493,Hand,1323,2024-09-18,2024-10-16,In Production,2023-03-26T13:23:43
1494,PROD-31494,Very,866,2024-05-31,2024-06-26,On Hold,2024-03-14T13:41:12
1495,PROD-31495,Raise,1041,2024-06-30,2024-08-09,On Hold,2023-03-18T15:50:18
1496,PROD-31496,Million,1549,2023-11-25,2023-12-13,In Production,2022-12-25T06:48:01
1497,PROD-31497,Tough,1802,2025-09-18,2025-09-29,In Production,2025-05-22T03:50:22
1498,PROD-31498,Around,1886,2025-08-04,2025-09-30,In Production,2024-12-14T13:41:29
1499,PROD-31499,Window,1086,2025-04-26,2025-06-24,Completed,2024-03-16T13:32:55
1500,PROD-31500,Look,1993,2025-01-25,2025-02-14,Completed,2023-10-22T23:07:02
1501,PROD-31501,Cover,141,2024-12-24,2025-01-19,Planned,2025-03-05T19:00:25
1502,PROD-31502,Consumer,1164,2024-09-24,2024-10-24,Completed,2023-02-26T15:11:22
1503,PROD-31503,Worry,1217,2025-09-23,2025-10-13,Completed,2023-05-15T06:32:30
1504,PROD-31504,Smile,1526,2024-07-30,2024-09-28,On Hold,2024-01-23T06:12:53
1505,PROD-31505,Base,138,2025-05-29,2025-07-21,Planned,2024-02-22T09:17:20
1506,PROD-31506,However,1597,2024-04-11,2024-05-10,Planned,2022-11-12T16:37:17
1507,PROD-31507,Identify,1262,2025-03-03,2025-03-22,Completed,2023-08-28T17:55:10
1508,PROD-31508,Able,1436,2024-02-27,2024-04-09,Completed,2025-08-05T17:43:26
1509,PROD-31509,Into,1300,2025-03-23,2025-05-04,Planned,2024-05-01T02:22:15
1510,PROD-31510,Recent,1910,2024-05-26,2024-06-19,In Production,2025-03-16T00:52:19
1511,PROD-31511,Anything,250,2024-03-04,2024-03-29,Completed,2022-12-21T16:21:26
1512,PROD-31512,Large,1751,2025-04-29,2025-05-21,Planned,2025-01-25T23:37:35
1513,PROD-31513,Information,1362,2024-11-19,2025-01-02,In Production,2024-02-23T10:05:52
1514,PROD-31514,Including,1873,2024-11-25,2024-11-30,In Production,2025-06-23T09:06:16
1515,PROD-31515,Range,194,2024-10-23,2024-11-02,Planned,2023-02-21T12:20:07
1516,PROD-31516,Race,773,2024-11-10,2024-12-25,On Hold,2023-11-27T06:39:55
1517,PROD-31517,Without,82,2024-04-15,2024-06-06,Completed,2023-08-23T07:23:24
1518,PROD-31518,Up,1195,2025-10-04,2025-11-26,Planned,2024-12-11T03:12:14
1519,PROD-31519,Mind,737,2025-02-05,2025-04-05,On Hold,2023-03-23T23:40:11
1520,PROD-31520,Rise,223,2024-07-13,2024-09-05,Planned,2023-05-23T15:21:23
1521,PROD-31521,Family,1894,2025-10-14,2025-10-18,On Hold,2024-11-16T13:50:46
1522,PROD-31522,Information,885,2024-04-14,2024-04-23,Planned,2023-11-18T03:49:49
1523,PROD-31523,State,1925,2024-09-18,2024-10-18,On Hold,2023-11-30T15:44:09
1524,PROD-31524,Sister,1398,2025-03-19,2025-04-21,Completed,2023-11-18T00:07:47
1525,PROD-31525,Large,863,2024-01-14,2024-01-19,Completed,2025-04-09T23:09:46
1526,PROD-31526,Indicate,1815,2024-04-28,2024-06-15,Planned,2025-09-18T22:23:52
1527,PROD-31527,Service,1719,2023-12-21,2024-02-01,On Hold,2025-07-02T15:59:42
1528,PROD-31528,Guess,69,2024-10-20,2024-11-08,Planned,2025-04-22T16:06:33
1529,PROD-31529,From,1129,2024-01-21,2024-02-12,Completed,2025-11-01T04:12:44
1530,PROD-31530,Would,711,2025-05-26,2025-06-14,Planned,2023-06-10T00:36:18
1531,PROD-31531,Whose,1644,2024-03-19,2024-05-05,In Production,2025-03-04T14:05:37
1532,PROD-31532,State,1796,2024-07-14,2024-08-16,In Production,2023-09-30T08:46:23
1533,PROD-31533,Former,1601,2024-11-23,2024-12-24,In Production,2024-06-20T07:16:05
1534,PROD-31534,Reveal,536,2024-08-15,2024-09-24,In Production,2024-04-20T22:45:35
1535,PROD-31535,Phone,1097,2024-11-24,2025-01-21,Planned,2025-04-15T20:09:51
1536,PROD-31536,Three,1730,2025-09-12,2025-09-20,On Hold,2024-09-05T12:52:56
1537,PROD-31537,Window,886,2024-04-12,2024-06-10,Completed,2024-01-25T23:09:15
1538,PROD-31538,Down,1787,2023-11-05,2023-12-27,On Hold,2025-03-08T07:51:12
1539,PROD-31539,Arrive,1374,2025-06-10,2025-06-21,Completed,2022-11-22T05:09:26
1540,PROD-31540,College,1530,2025-09-02,2025-10-06,In Production,2023-01-07T03:38:21
1541,PROD-31541,Stand,318,2024-09-07,2024-10-28,Completed,2024-03-14T18:08:48
1542,PROD-31542,Wrong,1231,2024-02-25,2024-04-16,Completed,2023-09-09T05:29:12
1543,PROD-31543,Happen,615,2025-01-13,2025-02-14,Completed,2024-04-27T12:58:51
1544,PROD-31544,Trial,223,2024-04-12,2024-05-22,In Production,2024-08-07T09:58:56
1545,PROD-31545,Seat,1875,2025-05-29,2025-06-12,On Hold,2024-09-04T20:55:49
1546,PROD-31546,If,1190,2025-05-23,2025-06-15,In Production,2023-09-30T01:28:41
1547,PROD-31547,Member,524,2024-01-05,2024-01-20,Completed,2024-04-12T21:09:22
1548,PROD-31548,Writer,1131,2025-03-20,2025-05-10,In Production,2025-01-06T16:59:56
1549,PROD-31549,Perhaps,1994,2024-01-12,2024-03-02,In Production,2022-11-30T09:25:06
1550,PROD-31550,So,1092,2025-10-20,2025-11-25,Planned,2024-10-13T17:33:26
1551,PROD-31551,Level,1001,2023-12-06,2024-01-08,Planned,2025-01-15T22:02:39
1552,PROD-31552,Available,1211,2025-08-11,2025-09-06,Completed,2023-03-13T05:02:33
1553,PROD-31553,Strong,1527,2024-09-08,2024-10-03,On Hold,2024-09-07T12:39:20
1554,PROD-31554,Pm,706,2024-04-30,2024-06-19,On Hold,2024-01-29T09:35:03
1555,PROD-31555,Science,1816,2024-01-29,2024-03-05,In Production,2024-08-01T11:04:21
1556,PROD-31556,Break,1237,2024-05-03,2024-06-21,In Production,2025-05-20T03:00:14
1557,PROD-31557,Realize,1325,2025-05-01,2025-05-21,On Hold,2023-01-07T02:37:04
1558,PROD-31558,Hundred,1064,2023-11-14,2023-12-11,Planned,2025-08-28T00:38:37
1559,PROD-31559,Quite,279,2024-09-09,2024-10-10,Completed,2025-09-14T06:37:20
1560,PROD-31560,Education,1357,2024-02-22,2024-03-24,On Hold,2022-11-24T11:20:01
1561,PROD-31561,Give,1725,2025-10-24,2025-11-16,Planned,2024-04-17T23:20:30
1562,PROD-31562,Determine,191,2024-04-26,2024-05-09,Completed,2025-03-26T08:44:26
1563,PROD-31563,Teacher,571,2025-04-04,2025-05-22,On Hold,2024-10-08T07:20:35
1564,PROD-31564,Land,867,2024-05-17,2024-05-30,On Hold,2024-01-31T02:28:11
1565,PROD-31565,Data,865,2025-02-19,2025-04-02,In Production,2023-10-29T07:12:00
1566,PROD-31566,Among,445,2025-03-10,2025-03-17,On Hold,2023-06-10T16:00:12
1567,PROD-31567,All,26,2025-05-04,2025-06-26,On Hold,2024-08-03T18:45:01
1568,PROD-31568,Suggest,1262,2024-06-27,2024-07-07,Completed,2024-03-03T22:17:43
1569,PROD-31569,Eat,1449,2024-10-09,2024-12-01,Completed,2024-04-04T12:23:02
1570,PROD-31570,Behind,546,2024-08-01,2024-09-30,On Hold,2025-06-08T06:19:13
1571,PROD-31571,Prove,1947,2024-11-09,2024-12-20,In Production,2023-08-11T20:52:39
1572,PROD-31572,Want,1022,2025-08-23,2025-10-13,In Production,2024-06-21T18:27:10
1573,PROD-31573,Use,727,2024-01-18,2024-02-07,Completed,2023-06-01T16:36:57
1574,PROD-31574,Table,997,2025-08-29,2025-10-11,On Hold,2025-05-07T09:07:39
1575,PROD-31575,Learn,1203,2024-10-08,2024-11-16,On Hold,2023-01-27T11:51:29
1576,PROD-31576,Husband,138,2025-04-14,2025-05-05,Planned,2023-05-19T21:15:35
1577,PROD-31577,Of,585,2024-04-07,2024-05-17,In Production,2025-02-14T00:13:27
1578,PROD-31578,Less,415,2025-05-04,2025-06-17,In Production,2025-05-18T23:55:31
1579,PROD-31579,Simply,1541,2025-08-05,2025-08-31,In Production,2024-12-07T16:26:58
1580,PROD-31580,If,1160,2025-02-10,2025-03-22,On Hold,2024-09-24T15:50:15
1581,PROD-31581,Difference,138,2024-02-12,2024-02-14,Completed,2023-09-02T23:04:47
1582,PROD-31582,Discover,1009,2024-04-24,2024-05-12,Planned,2025-01-15T01:55:45
1583,PROD-31583,Important,1953,2024-08-16,2024-09-09,On Hold,2024-04-06T04:09:49
1584,PROD-31584,View,1349,2025-10-22,2025-11-23,Planned,2024-05-30T21:37:56
1585,PROD-31585,Able,530,2025-04-18,2025-05-25,Completed,2024-04-27T22:41:06
1586,PROD-31586,Address,1276,2025-10-02,2025-10-24,Completed,2025-09-15T10:13:31
1587,PROD-31587,Admit,1264,2024-01-26,2024-03-11,On Hold,2023-05-30T09:35:41
1588,PROD-31588,Might,540,2025-09-19,2025-09-25,Planned,2024-08-11T17:14:39
1589,PROD-31589,Almost,1257,2025-09-18,2025-11-14,On Hold,2025-09-21T00:24:09
1590,PROD-31590,Start,1675,2024-01-12,2024-02-11,Completed,2025-07-07T19:03:49
1591,PROD-31591,The,1881,2025-01-23,2025-01-29,Completed,2023-04-08T16:14:41
1592,PROD-31592,Raise,1699,2025-08-08,2025-08-15,In Production,2024-01-16T19:03:42
1593,PROD-31593,Day,780,2024-10-26,2024-12-24,Completed,2025-03-25T00:13:07
1594,PROD-31594,Degree,60,2024-09-09,2024-11-01,Completed,2024-09-07T19:29:00
1595,PROD-31595,Property,1829,2024-12-14,2025-02-07,In Production,2024-02-13T04:17:13
1596,PROD-31596,Human,277,2025-01-28,2025-02-21,In Production,2024-09-11T17:26:16
1597,PROD-31597,Agreement,357,2025-06-03,2025-07-27,In Production,2024-01-21T18:25:19
1598,PROD-31598,Coach,831,2025-10-27,2025-11-26,On Hold,2023-12-13T06:21:55
1599,PROD-31599,Continue,1425,2024-04-04,2024-04-17,Planned,2023-02-23T22:06:09
1600,PROD-31600,Offer,1609,2024-12-31,2025-01-21,On Hold,2023-01-13T22:32:32
1601,PROD-31601,Why,245,2025-05-13,2025-05-25,On Hold,2023-02-10T20:04:20
1602,PROD-31602,Investment,691,2024-05-15,2024-06-02,In Production,2024-09-28T12:28:35
1603,PROD-31603,Need,1347,2024-06-26,2024-07-05,On Hold,2025-09-08T17:38:03
1604,PROD-31604,Bar,1694,2024-09-23,2024-09-29,On Hold,2023-07-25T19:34:09
1605,PROD-31605,Sea,157,2025-07-13,2025-08-22,On Hold,2024-05-04T13:39:56
1606,PROD-31606,Would,528,2024-09-12,2024-11-03,In Production,2023-07-15T14:24:18
1607,PROD-31607,Long,1452,2025-03-04,2025-04-14,Completed,2023-08-20T13:07:40
1608,PROD-31608,Soldier,1317,2025-07-25,2025-08-17,In Production,2025-03-19T22:51:03
1609,PROD-31609,Since,916,2025-02-09,2025-02-20,Planned,2024-08-20T19:49:53
1610,PROD-31610,Kind,1641,2025-09-11,2025-10-15,Planned,2024-05-20T21:22:17
1611,PROD-31611,Trip,644,2024-08-27,2024-09-19,Completed,2025-10-05T22:15:35
1612,PROD-31612,Like,1007,2024-11-04,2024-12-29,Planned,2025-06-15T04:29:00
1613,PROD-31613,Compare,1450,2024-11-30,2024-12-04,On Hold,2024-04-01T02:14:35
1614,PROD-31614,Thought,1725,2024-03-17,2024-05-16,On Hold,2024-08-25T01:10:45
1615,PROD-31615,Such,1644,2025-08-09,2025-08-25,Planned,2024-02-01T21:01:40
1616,PROD-31616,Question,288,2025-07-10,2025-08-20,On Hold,2023-05-02T10:27:40
1617,PROD-31617,National,265,2024-08-26,2024-10-07,Planned,2023-10-23T18:01:41
1618,PROD-31618,Peace,708,2024-09-16,2024-11-08,On Hold,2025-09-21T21:33:48
1619,PROD-31619,Decide,505,2025-01-23,2025-03-06,In Production,2025-10-30T05:02:47
1620,PROD-31620,Concern,801,2025-01-12,2025-03-12,Completed,2025-08-15T09:15:17
1621,PROD-31621,Common,1581,2024-03-08,2024-03-12,On Hold,2025-02-28T07:05:19
1622,PROD-31622,Ask,301,2024-06-02,2024-06-29,In Production,2025-09-22T11:09:59
1623,PROD-31623,Reveal,175,2024-10-28,2024-11-26,In Production,2025-03-27T04:18:19
1624,PROD-31624,Sound,1625,2024-05-01,2024-06-18,In Production,2023-12-23T21:21:37
1625,PROD-31625,Hour,1550,2025-07-13,2025-09-11,On Hold,2023-11-02T09:13:24
1626,PROD-31626,Station,252,2025-03-22,2025-04-07,Planned,2023-02-07T21:07:06
1627,PROD-31627,Memory,1164,2024-07-09,2024-08-25,On Hold,2024-04-19T21:06:18
1628,PROD-31628,Side,1119,2024-02-21,2024-04-10,On Hold,2024-10-04T03:21:00
1629,PROD-31629,Success,354,2024-01-24,2024-03-23,Completed,2023-06-26T07:56:06
1630,PROD-31630,Cup,96,2024-09-16,2024-10-06,On Hold,2024-11-06T23:03:22
1631,PROD-31631,If,1577,2024-05-07,2024-06-08,Completed,2024-07-19T23:51:23
1632,PROD-31632,Way,1910,2024-06-23,2024-07-28,Planned,2023-08-31T02:25:17
1633,PROD-31633,Really,1826,2024-04-26,2024-06-22,On Hold,2023-04-30T03:58:49
1634,PROD-31634,Personal,1040,2024-09-23,2024-11-18,In Production,2023-03-06T07:09:17
1635,PROD-31635,Down,22,2024-03-11,2024-05-10,Completed,2025-07-24T20:32:00
1636,PROD-31636,Itself,335,2025-11-01,2025-11-15,Planned,2025-10-26T01:40:25
1637,PROD-31637,Finish,946,2024-12-13,2024-12-22,On Hold,2023-01-19T16:51:12
1638,PROD-31638,Do,232,2024-02-05,2024-02-19,On Hold,2024-10-22T04:39:16
1639,PROD-31639,Rich,950,2025-10-15,2025-12-03,Completed,2023-01-30T20:05:58
1640,PROD-31640,He,1796,2025-08-09,2025-09-22,In Production,2025-02-20T21:05:50
1641,PROD-31641,Keep,986,2024-10-30,2024-12-13,Completed,2023-12-11T04:27:39
1642,PROD-31642,Newspaper,980,2024-08-20,2024-09-02,On Hold,2025-11-01T12:51:25
1643,PROD-31643,Address,553,2024-05-17,2024-05-28,In Production,2023-02-13T03:26:08
1644,PROD-31644,Read,716,2025-06-09,2025-07-09,Planned,2025-07-15T20:29:36
1645,PROD-31645,Special,52,2024-05-12,2024-05-30,On Hold,2023-06-02T16:49:46
1646,PROD-31646,Per,1706,2025-08-26,2025-09-16,Planned,2025-08-26T13:28:31
1647,PROD-31647,Life,679,2024-11-26,2025-01-12,Planned,2025-07-09T03:40:13
1648,PROD-31648,Position,1477,2024-02-20,2024-04-13,Completed,2024-07-10T07:13:40
1649,PROD-31649,Maintain,221,2024-06-17,2024-07-01,On Hold,2025-01-04T01:58:57
1650,PROD-31650,Instead,610,2025-08-21,2025-10-17,On Hold,2024-02-05T23:13:35
1651,PROD-31651,Effect,766,2025-05-10,2025-05-14,Completed,2022-11-05T20:24:06
1652,PROD-31652,Activity,1622,2024-07-11,2024-08-16,On Hold,2022-12-14T16:52:22
1653,PROD-31653,Five,392,2024-03-30,2024-04-21,Completed,2024-05-04T06:37:01
1654,PROD-31654,Space,990,2024-06-14,2024-06-17,In Production,2024-04-05T14:46:06
1655,PROD-31655,Student,1101,2024-01-28,2024-02-09,Completed,2025-09-24T05:22:03
1656,PROD-31656,Guy,771,2025-07-14,2025-08-06,In Production,2023-02-20T09:10:52
1657,PROD-31657,Study,284,2024-04-14,2024-04-24,Planned,2023-09-11T06:24:50
1658,PROD-31658,Hair,1862,2024-10-27,2024-12-07,On Hold,2023-10-25T02:29:52
1659,PROD-31659,Respond,1715,2025-03-13,2025-03-19,Planned,2025-03-02T20:36:36
1660,PROD-31660,Ever,383,2025-08-18,2025-09-23,In Production,2025-04-18T07:41:49
1661,PROD-31661,Culture,1700,2024-06-18,2024-08-17,Planned,2024-09-27T22:41:17
1662,PROD-31662,Agree,549,2024-06-15,2024-07-22,Planned,2025-02-13T13:58:18
1663,PROD-31663,Today,416,2025-01-30,2025-02-13,Completed,2025-10-27T14:34:05
1664,PROD-31664,Community,1431,2025-06-26,2025-08-02,On Hold,2024-07-02T13:37:57
1665,PROD-31665,Suddenly,735,2024-10-23,2024-11-22,In Production,2025-01-24T22:38:17
1666,PROD-31666,Not,787,2024-10-16,2024-10-30,On Hold,2022-11-20T02:50:47
1667,PROD-31667,Find,1112,2025-01-31,2025-03-22,In Production,2025-10-07T05:23:58
1668,PROD-31668,Western,1053,2024-01-17,2024-02-09,Completed,2024-12-08T05:14:23
1669,PROD-31669,Worry,561,2024-02-26,2024-03-19,Planned,2025-08-13T10:01:29
1670,PROD-31670,Dog,1115,2024-01-02,2024-02-15,On Hold,2023-07-27T03:11:36
1671,PROD-31671,Series,1298,2024-01-15,2024-02-16,Planned,2025-05-30T23:11:57
1672,PROD-31672,Develop,1032,2024-12-01,2024-12-15,In Production,2025-01-01T03:47:45
1673,PROD-31673,Bank,476,2024-05-08,2024-06-26,Planned,2025-10-22T15:05:28
1674,PROD-31674,Head,1443,2024-05-25,2024-07-20,Planned,2024-01-02T20:13:57
1675,PROD-31675,Enter,835,2024-12-16,2025-01-25,On Hold,2024-05-25T13:01:41
1676,PROD-31676,Couple,1457,2024-12-17,2025-02-05,On Hold,2024-01-16T03:52:54
1677,PROD-31677,Series,576,2025-03-05,2025-04-17,On Hold,2024-02-17T23:40:33
1678,PROD-31678,Fall,1365,2024-10-08,2024-10-29,In Production,2022-11-04T06:27:54
1679,PROD-31679,Community,499,2024-12-09,2025-02-04,Completed,2024-12-02T22:08:03
1680,PROD-31680,Ok,777,2024-03-13,2024-04-07,In Production,2023-08-27T20:25:12
1681,PROD-31681,Sister,1057,2025-03-06,2025-04-09,In Production,2022-12-19T09:28:59
1682,PROD-31682,Enjoy,1045,2024-09-04,2024-11-01,In Production,2025-07-30T00:02:35
1683,PROD-31683,City,915,2024-07-25,2024-08-06,Planned,2023-10-02T07:04:02
1684,PROD-31684,Clearly,1909,2025-06-28,2025-07-24,On Hold,2022-12-24T23:14:08
1685,PROD-31685,Artist,934,2025-09-09,2025-10-11,On Hold,2025-03-24T14:11:03
1686,PROD-31686,Because,68,2025-03-17,2025-04-02,Completed,2025-01-23T05:39:57
1687,PROD-31687,Test,1186,2024-07-17,2024-07-29,Completed,2025-01-25T18:30:57
1688,PROD-31688,Character,124,2023-11-20,2024-01-18,On Hold,2023-02-08T16:15:28
1689,PROD-31689,Car,897,2025-02-23,2025-04-18,Planned,2023-08-31T09:47:41
1690,PROD-31690,Place,287,2025-02-06,2025-03-19,In Production,2024-09-10T23:25:28
1691,PROD-31691,Thing,1105,2025-11-01,2025-11-29,Planned,2023-06-20T07:06:24
1692,PROD-31692,She,110,2024-10-22,2024-12-05,Completed,2024-01-01T21:58:51
1693,PROD-31693,Moment,866,2024-02-07,2024-04-03,In Production,2023-08-10T03:27:02
1694,PROD-31694,Mission,1368,2025-02-10,2025-03-07,In Production,2023-05-08T18:58:51
1695,PROD-31695,Cultural,1524,2024-09-09,2024-09-19,Planned,2025-03-31T10:49:20
1696,PROD-31696,Author,1816,2024-09-06,2024-09-12,Completed,2025-03-15T11:50:12
1697,PROD-31697,The,613,2023-12-15,2024-02-06,On Hold,2023-09-18T13:34:20
1698,PROD-31698,Type,268,2025-01-28,2025-02-02,Planned,2024-07-21T00:43:59
1699,PROD-31699,Third,1498,2024-01-03,2024-01-20,Planned,2025-10-30T02:03:49
1700,PROD-31700,Child,360,2024-06-15,2024-08-01,In Production,2023-10-23T22:41:39
1701,PROD-31701,Parent,1338,2024-08-13,2024-09-17,On Hold,2023-11-09T08:52:47
1702,PROD-31702,Run,915,2024-03-17,2024-04-30,In Production,2024-09-30T03:07:50
1703,PROD-31703,Product,1360,2024-10-26,2024-11-02,Completed,2023-02-11T13:21:38
1704,PROD-31704,Especially,248,2024-02-07,2024-03-25,Completed,2024-08-04T15:49:16
1705,PROD-31705,My,1176,2024-06-01,2024-07-24,In Production,2024-05-24T08:34:05
1706,PROD-31706,Long,851,2025-10-16,2025-11-27,Completed,2025-09-24T18:42:29
1707,PROD-31707,Listen,213,2024-11-03,2024-12-17,Planned,2025-03-11T16:07:09
1708,PROD-31708,Dinner,679,2025-04-13,2025-05-18,Planned,2023-12-07T19:48:27
1709,PROD-31709,Tend,363,2024-09-25,2024-11-18,Planned,2022-11-16T07:06:10
1710,PROD-31710,International,1330,2025-10-16,2025-10-28,In Production,2025-05-04T20:32:38
1711,PROD-31711,East,664,2024-07-16,2024-07-22,In Production,2024-02-01T03:30:51
1712,PROD-31712,Build,1367,2024-04-28,2024-05-05,Planned,2024-03-10T11:01:50
1713,PROD-31713,Road,1918,2024-09-03,2024-10-10,On Hold,2023-01-14T01:10:19
1714,PROD-31714,Pick,320,2024-02-18,2024-02-23,Completed,2024-02-24T19:30:50
1715,PROD-31715,Sea,1253,2025-07-15,2025-09-13,In Production,2025-10-16T17:43:46
1716,PROD-31716,Campaign,1952,2024-12-01,2024-12-05,Planned,2024-02-25T12:59:44
1717,PROD-31717,Computer,1476,2025-05-07,2025-06-12,Completed,2024-07-11T01:50:25
1718,PROD-31718,Detail,474,2024-12-30,2025-02-16,Completed,2024-03-19T08:47:28
1719,PROD-31719,True,1475,2024-06-10,2024-07-27,On Hold,2024-10-28T12:09:03
1720,PROD-31720,Single,460,2025-06-20,2025-08-10,Planned,2025-02-22T12:56:26
1721,PROD-31721,And,1271,2025-08-23,2025-10-12,Planned,2023-09-05T06:13:00
1722,PROD-31722,Share,655,2024-04-18,2024-05-15,On Hold,2024-06-01T19:57:39
1723,PROD-31723,Check,989,2025-08-06,2025-08-16,In Production,2024-06-27T15:44:25
1724,PROD-31724,Per,98,2024-06-06,2024-07-10,Planned,2025-05-17T00:08:15
1725,PROD-31725,Nation,1429,2025-09-01,2025-09-28,Completed,2025-09-02T02:56:23
1726,PROD-31726,Risk,629,2024-01-29,2024-03-05,Completed,2025-10-13T11:11:14
1727,PROD-31727,Number,398,2024-12-18,2025-01-14,In Production,2025-06-05T05:40:55
1728,PROD-31728,Particular,514,2024-02-11,2024-03-26,Completed,2023-08-09T18:38:27
1729,PROD-31729,Per,1523,2025-08-02,2025-08-21,Planned,2025-09-09T01:26:37
1730,PROD-31730,Form,737,2023-11-08,2023-12-26,In Production,2025-06-05T15:13:50
1731,PROD-31731,Answer,2,2024-01-18,2024-02-15,On Hold,2022-11-16T00:45:24
1732,PROD-31732,Local,865,2024-10-16,2024-11-06,Planned,2023-07-18T21:33:19
1733,PROD-31733,Artist,658,2025-08-26,2025-10-14,Completed,2025-03-17T22:07:08
1734,PROD-31734,Pass,18,2024-03-18,2024-04-28,Completed,2024-12-27T04:45:38
1735,PROD-31735,More,323,2025-08-08,2025-09-21,Planned,2022-11-07T22:13:15
1736,PROD-31736,Social,1441,2024-09-11,2024-10-10,On Hold,2024-10-26T04:07:46
1737,PROD-31737,Shake,1297,2025-08-26,2025-09-07,On Hold,2023-08-22T08:07:11
1738,PROD-31738,Ok,1902,2025-04-27,2025-05-06,In Production,2023-09-03T23:21:01
1739,PROD-31739,Beyond,381,2024-09-06,2024-10-14,In Production,2023-09-10T06:48:16
1740,PROD-31740,Skin,1387,2024-10-24,2024-12-10,Completed,2024-02-24T16:03:14
1741,PROD-31741,Wait,1615,2025-06-05,2025-07-23,On Hold,2025-08-17T16:48:26
1742,PROD-31742,Role,220,2024-03-27,2024-04-27,Completed,2024-06-13T01:38:56
1743,PROD-31743,Notice,854,2025-08-20,2025-09-07,Planned,2022-12-30T19:31:16
1744,PROD-31744,Yes,902,2024-02-09,2024-03-23,In Production,2023-07-09T08:24:00
1745,PROD-31745,Significant,927,2025-04-24,2025-05-03,Completed,2025-05-17T19:54:16
1746,PROD-31746,Create,52,2024-10-01,2024-10-17,On Hold,2023-05-14T11:33:28
1747,PROD-31747,Minute,1487,2024-03-01,2024-03-27,On Hold,2025-04-20T13:33:47
1748,PROD-31748,Thus,1738,2024-07-17,2024-08-15,Completed,2025-06-10T21:04:12
1749,PROD-31749,Letter,11,2025-04-28,2025-06-08,Planned,2025-07-14T16:29:59
1750,PROD-31750,Record,1300,2025-09-06,2025-09-13,Completed,2023-06-25T16:25:51
1751,PROD-31751,For,1637,2025-04-04,2025-05-04,On Hold,2023-11-03T12:03:35
1752,PROD-31752,Seem,790,2024-08-15,2024-10-13,Completed,2025-05-15T23:30:55
1753,PROD-31753,Service,706,2025-01-11,2025-01-24,On Hold,2023-06-19T04:21:27
1754,PROD-31754,Interview,909,2025-05-03,2025-05-05,Planned,2024-02-13T01:11:34
1755,PROD-31755,Fall,561,2025-06-15,2025-06-25,Planned,2023-02-04T06:51:23
1756,PROD-31756,Trial,515,2025-07-17,2025-08-22,On Hold,2023-10-15T10:41:04
1757,PROD-31757,Beyond,735,2025-06-30,2025-07-25,In Production,2023-03-03T20:39:22
1758,PROD-31758,Wrong,60,2025-09-25,2025-11-21,Completed,2022-11-10T21:52:39
1759,PROD-31759,Song,357,2024-06-14,2024-07-09,In Production,2025-09-28T09:45:18
1760,PROD-31760,Pressure,610,2024-08-07,2024-09-20,On Hold,2023-11-03T10:49:26
1761,PROD-31761,Any,1091,2024-11-30,2024-12-08,Planned,2023-03-05T05:18:42
1762,PROD-31762,Girl,1989,2023-12-03,2023-12-16,Planned,2024-04-19T09:03:43
1763,PROD-31763,Full,1288,2023-12-19,2024-02-09,Completed,2024-03-23T01:34:07
1764,PROD-31764,Yourself,1724,2025-05-16,2025-06-26,In Production,2024-01-17T20:52:30
1765,PROD-31765,Season,212,2024-02-09,2024-03-10,Planned,2022-11-28T04:20:35
1766,PROD-31766,Success,587,2024-11-04,2025-01-01,Completed,2022-11-25T19:34:16
1767,PROD-31767,Eye,1072,2024-10-02,2024-11-13,In Production,2023-07-25T13:17:52
1768,PROD-31768,Memory,123,2024-08-24,2024-09-18,On Hold,2024-04-11T05:08:46
1769,PROD-31769,Area,74,2024-12-06,2025-01-23,Planned,2023-02-26T11:54:56
1770,PROD-31770,Again,932,2025-02-04,2025-03-23,Completed,2023-01-27T18:51:16
1771,PROD-31771,Study,942,2024-09-27,2024-10-01,On Hold,2023-11-23T17:30:17
1772,PROD-31772,There,1593,2023-12-01,2023-12-23,In Production,2024-10-12T09:45:58
1773,PROD-31773,Trial,1666,2023-11-07,2023-11-18,Planned,2023-06-17T10:19:21
1774,PROD-31774,Prove,1038,2024-07-24,2024-08-23,Planned,2023-12-12T12:23:02
1775,PROD-31775,Let,839,2024-05-26,2024-06-22,On Hold,2024-09-09T04:04:30
1776,PROD-31776,Here,1696,2025-06-17,2025-07-16,Completed,2024-11-18T23:08:12
1777,PROD-31777,Difficult,1026,2024-05-28,2024-07-22,Planned,2023-01-31T22:38:12
1778,PROD-31778,Three,1185,2024-10-29,2024-12-01,In Production,2023-11-13T13:50:01
1779,PROD-31779,Site,1448,2024-03-17,2024-03-18,Planned,2025-08-16T18:09:12
1780,PROD-31780,Top,416,2025-01-12,2025-02-07,On Hold,2023-01-22T15:21:59
1781,PROD-31781,Explain,1956,2024-11-22,2024-12-25,Completed,2022-11-17T05:57:49
1782,PROD-31782,Art,1782,2025-06-19,2025-06-28,On Hold,2024-12-22T06:15:33
1783,PROD-31783,Feeling,1865,2024-07-28,2024-09-23,In Production,2024-09-23T16:28:17
1784,PROD-31784,Interview,434,2025-02-16,2025-04-17,On Hold,2025-09-11T06:40:30
1785,PROD-31785,Story,1121,2024-01-11,2024-01-17,Planned,2023-09-28T00:45:40
1786,PROD-31786,Vote,649,2025-03-25,2025-04-10,Completed,2025-05-16T18:42:44
1787,PROD-31787,Or,1221,2024-05-23,2024-07-20,On Hold,2023-01-24T23:55:21
1788,PROD-31788,Knowledge,937,2025-10-14,2025-11-07,In Production,2025-01-15T09:10:43
1789,PROD-31789,Real,297,2024-11-27,2024-12-27,On Hold,2025-06-11T16:34:34
1790,PROD-31790,Rich,1131,2025-11-01,2025-12-25,Planned,2025-04-13T14:15:07
1791,PROD-31791,Authority,1485,2024-10-27,2024-12-09,Completed,2022-12-29T22:26:13
1792,PROD-31792,Sense,235,2024-10-23,2024-12-06,Completed,2024-02-02T23:47:06
1793,PROD-31793,Style,951,2025-01-19,2025-03-15,On Hold,2023-08-16T18:40:29
1794,PROD-31794,Many,1654,2024-02-27,2024-03-10,In Production,2023-09-28T01:37:39
1795,PROD-31795,Common,76,2024-07-24,2024-08-26,In Production,2025-08-31T04:18:32
1796,PROD-31796,To,1667,2024-12-19,2025-01-14,On Hold,2025-08-15T12:42:25
1797,PROD-31797,Late,1605,2024-07-19,2024-07-23,Completed,2024-11-11T11:54:51
1798,PROD-31798,Free,143,2024-09-02,2024-09-29,On Hold,2024-05-04T17:07:05
1799,PROD-31799,Pay,1390,2024-10-20,2024-11-19,On Hold,2024-11-26T05:52:49
1800,PROD-31800,Film,1800,2025-06-30,2025-07-06,On Hold,2025-03-21T07:42:07
1801,PROD-31801,Edge,1568,2025-03-06,2025-05-02,Completed,2025-06-01T14:47:53
1802,PROD-31802,Yard,1063,2025-08-22,2025-08-27,Planned,2025-10-27T08:35:54
1803,PROD-31803,Student,1884,2024-05-23,2024-06-09,On Hold,2024-09-02T22:16:25
1804,PROD-31804,Message,524,2024-12-06,2024-12-10,Planned,2024-02-29T03:45:59
1805,PROD-31805,Audience,1201,2024-06-21,2024-07-01,In Production,2024-08-24T00:15:08
1806,PROD-31806,Budget,1834,2025-08-25,2025-09-22,In Production,2024-07-10T07:44:40
1807,PROD-31807,Imagine,298,2025-05-08,2025-06-27,In Production,2025-02-18T02:25:36
1808,PROD-31808,Really,61,2024-10-28,2024-12-01,In Production,2025-08-07T13:17:29
1809,PROD-31809,Discover,918,2025-09-21,2025-10-30,Planned,2025-04-22T03:50:47
1810,PROD-31810,Hear,1930,2024-03-30,2024-05-20,Planned,2023-05-04T14:43:27
1811,PROD-31811,Other,1562,2025-07-22,2025-08-05,Completed,2025-07-25T04:21:24
1812,PROD-31812,Apply,310,2025-04-28,2025-05-30,Planned,2023-11-27T02:40:26
1813,PROD-31813,Ahead,889,2025-06-24,2025-07-31,On Hold,2023-02-24T14:28:13
1814,PROD-31814,Happen,501,2023-11-15,2024-01-13,On Hold,2023-11-08T07:27:00
1815,PROD-31815,Often,989,2024-10-31,2024-11-25,Completed,2024-07-23T04:17:35
1816,PROD-31816,Much,1278,2024-08-21,2024-08-26,On Hold,2023-08-07T12:11:15
1817,PROD-31817,Carry,430,2024-05-14,2024-06-07,On Hold,2025-04-16T04:31:29
1818,PROD-31818,Town,795,2025-07-01,2025-08-23,On Hold,2025-08-23T19:04:24
1819,PROD-31819,Whom,497,2025-03-29,2025-03-31,In Production,2023-02-16T19:31:05
1820,PROD-31820,Property,618,2025-07-18,2025-08-18,Planned,2025-07-29T15:41:55
1821,PROD-31821,Recently,475,2025-06-02,2025-06-22,In Production,2024-05-03T23:49:36
1822,PROD-31822,Can,1955,2024-11-15,2024-12-25,On Hold,2024-01-04T03:37:59
1823,PROD-31823,Mother,654,2023-12-08,2024-01-21,Planned,2024-10-07T23:17:00
1824,PROD-31824,Everyone,1823,2024-06-01,2024-06-23,In Production,2024-10-11T04:42:22
1825,PROD-31825,For,1128,2024-12-31,2025-01-01,In Production,2025-10-01T13:57:18
1826,PROD-31826,Man,1692,2023-11-11,2023-11-25,On Hold,2024-11-18T02:22:38
1827,PROD-31827,Up,1790,2025-10-31,2025-12-19,Planned,2025-10-10T03:05:31
1828,PROD-31828,Lead,211,2024-04-22,2024-06-19,Completed,2023-05-21T15:53:55
1829,PROD-31829,Century,1712,2025-10-05,2025-11-02,On Hold,2025-02-04T00:34:53
1830,PROD-31830,Together,230,2024-01-05,2024-03-04,Completed,2024-10-14T05:59:30
1831,PROD-31831,Baby,170,2025-05-06,2025-05-11,In Production,2024-12-01T23:01:20
1832,PROD-31832,Word,1000,2024-02-28,2024-04-25,Planned,2025-04-17T15:05:02
1833,PROD-31833,Cut,327,2024-03-27,2024-04-12,In Production,2024-12-18T08:27:38
1834,PROD-31834,Explain,1479,2025-01-12,2025-01-31,Planned,2023-11-18T21:14:11
1835,PROD-31835,Perform,772,2024-08-30,2024-09-15,Planned,2025-04-13T10:59:41
1836,PROD-31836,Economic,1818,2025-07-03,2025-07-23,In Production,2023-05-09T19:38:22
1837,PROD-31837,Paper,549,2023-12-17,2024-01-15,Completed,2025-02-28T18:20:17
1838,PROD-31838,Whose,920,2025-01-28,2025-02-21,On Hold,2025-05-05T20:13:44
1839,PROD-31839,Along,1591,2025-02-28,2025-03-28,In Production,2023-04-26T08:49:48
1840,PROD-31840,Physical,1761,2025-08-04,2025-09-10,Completed,2024-08-21T00:01:29
1841,PROD-31841,Particularly,1098,2023-12-01,2023-12-03,Planned,2025-08-12T00:05:33
1842,PROD-31842,Commercial,1976,2025-02-13,2025-03-22,In Production,2023-02-25T16:07:25
1843,PROD-31843,Than,680,2024-08-16,2024-09-17,Completed,2023-04-14T12:21:08
1844,PROD-31844,Too,1067,2024-12-31,2025-02-15,In Production,2023-09-09T01:58:49
1845,PROD-31845,Woman,903,2024-06-04,2024-07-06,Completed,2024-07-24T01:22:51
1846,PROD-31846,Important,622,2024-11-07,2024-12-15,On Hold,2024-02-06T23:26:44
1847,PROD-31847,Herself,381,2024-01-26,2024-03-05,In Production,2023-05-15T10:12:59
1848,PROD-31848,Stock,1373,2025-09-24,2025-10-24,Planned,2025-03-10T16:58:37
1849,PROD-31849,Item,1976,2024-09-22,2024-09-28,In Production,2023-11-21T04:45:37
1850,PROD-31850,Door,1338,2025-01-01,2025-01-18,On Hold,2024-02-08T20:33:31
1851,PROD-31851,Also,728,2024-09-04,2024-10-04,Completed,2025-06-02T21:29:25
1852,PROD-31852,Able,1710,2024-05-15,2024-06-15,On Hold,2023-12-23T01:58:08
1853,PROD-31853,Inside,504,2024-06-14,2024-06-28,On Hold,2024-05-17T05:14:03
1854,PROD-31854,Someone,1903,2024-04-18,2024-04-26,Planned,2023-02-11T22:22:09
1855,PROD-31855,Window,412,2024-06-02,2024-07-11,Completed,2024-12-01T13:43:40
1856,PROD-31856,Energy,1777,2023-12-17,2023-12-25,On Hold,2023-02-02T22:32:22
1857,PROD-31857,Mrs,1132,2024-02-12,2024-02-14,On Hold,2024-12-25T23:49:10
1858,PROD-31858,Wear,227,2025-03-11,2025-05-09,On Hold,2024-11-18T15:17:34
1859,PROD-31859,Throw,109,2024-12-28,2025-01-18,Planned,2023-01-23T14:22:48
1860,PROD-31860,Loss,102,2025-03-25,2025-04-24,In Production,2025-09-08T22:40:31
1861,PROD-31861,Contain,1394,2024-03-22,2024-05-13,On Hold,2024-03-17T16:24:29
1862,PROD-31862,Book,140,2025-10-14,2025-11-09,In Production,2023-02-07T06:35:58
1863,PROD-31863,Huge,334,2025-07-08,2025-07-29,Completed,2025-06-21T05:34:05
1864,PROD-31864,Group,1129,2023-11-29,2023-12-09,Planned,2023-01-14T21:09:38
1865,PROD-31865,Property,1189,2025-07-14,2025-08-11,Completed,2025-07-30T01:36:26
1866,PROD-31866,Walk,493,2024-11-16,2024-12-08,Completed,2022-12-01T23:20:15
1867,PROD-31867,Health,704,2024-11-14,2024-12-05,Completed,2023-04-06T21:20:38
1868,PROD-31868,Drop,1302,2024-02-02,2024-02-13,On Hold,2025-01-05T18:18:36
1869,PROD-31869,Pattern,571,2024-12-25,2025-01-03,Completed,2023-06-18T19:36:30
1870,PROD-31870,Will,1774,2024-12-30,2025-02-09,On Hold,2023-10-14T16:25:36
1871,PROD-31871,Eye,1556,2025-04-28,2025-05-21,In Production,2023-12-09T19:35:59
1872,PROD-31872,Measure,1270,2024-09-07,2024-10-28,On Hold,2024-04-01T01:01:30
1873,PROD-31873,Stock,1327,2023-11-19,2023-12-30,In Production,2025-04-01T03:35:49
1874,PROD-31874,Democratic,70,2025-06-06,2025-07-19,Planned,2024-04-16T22:20:25
1875,PROD-31875,Risk,1820,2025-07-31,2025-08-19,In Production,2023-07-25T10:37:06
1876,PROD-31876,Apply,1254,2025-06-25,2025-08-22,In Production,2024-05-19T13:25:09
1877,PROD-31877,Its,1977,2024-02-05,2024-02-18,On Hold,2023-10-01T12:07:00
1878,PROD-31878,Buy,1701,2023-12-11,2024-01-20,In Production,2025-07-01T18:47:33
1879,PROD-31879,Thing,1388,2025-03-15,2025-04-08,On Hold,2023-07-29T16:50:36
1880,PROD-31880,Senior,841,2024-04-10,2024-05-15,Completed,2024-04-22T10:52:01
1881,PROD-31881,Property,778,2025-08-03,2025-08-04,On Hold,2023-03-26T11:47:42
1882,PROD-31882,Amount,248,2024-07-21,2024-07-23,Planned,2023-07-21T06:38:05
1883,PROD-31883,Suddenly,708,2024-09-10,2024-10-06,Completed,2023-06-23T07:41:52
1884,PROD-31884,Three,1915,2025-07-07,2025-08-10,On Hold,2024-01-22T06:33:45
1885,PROD-31885,All,194,2024-01-10,2024-02-02,Planned,2024-06-09T10:51:22
1886,PROD-31886,Water,1998,2024-06-06,2024-06-29,Planned,2024-03-12T23:07:17
1887,PROD-31887,Program,664,2023-11-19,2023-12-05,Completed,2025-07-31T09:42:57
1888,PROD-31888,Pretty,1132,2024-11-11,2024-12-05,Planned,2023-10-23T16:12:02
1889,PROD-31889,Treat,1742,2024-02-14,2024-04-06,Planned,2022-11-20T07:24:12
1890,PROD-31890,Say,1963,2025-01-21,2025-03-06,Planned,2024-04-16T08:36:43
1891,PROD-31891,Real,819,2024-04-24,2024-05-21,Planned,2023-07-27T11:00:16
1892,PROD-31892,Day,868,2025-04-29,2025-05-22,On Hold,2023-11-26T10:09:21
1893,PROD-31893,Morning,1349,2024-10-28,2024-11-28,In Production,2024-10-25T02:26:12
1894,PROD-31894,Capital,215,2023-12-17,2024-01-27,In Production,2024-08-07T02:14:45
1895,PROD-31895,Agency,37,2025-06-07,2025-07-05,Planned,2024-01-09T22:23:48
1896,PROD-31896,Garden,1628,2025-07-28,2025-09-01,Completed,2025-05-07T21:05:40
1897,PROD-31897,Use,1476,2025-09-12,2025-10-29,In Production,2024-02-02T02:28:03
1898,PROD-31898,Garden,71,2023-12-12,2024-01-16,Planned,2024-12-03T16:51:11
1899,PROD-31899,Woman,1502,2025-07-16,2025-09-12,On Hold,2022-12-29T21:07:49
1900,PROD-31900,Industry,1476,2025-02-09,2025-02-25,In Production,2025-05-16T10:12:02
1901,PROD-31901,Sort,1085,2024-07-02,2024-08-03,In Production,2025-07-27T02:34:06
1902,PROD-31902,As,1939,2024-01-08,2024-02-27,In Production,2023-01-09T00:44:24
1903,PROD-31903,Radio,1199,2025-05-14,2025-06-11,Planned,2023-06-27T13:30:59
1904,PROD-31904,President,1236,2024-07-17,2024-07-18,On Hold,2024-05-05T23:33:44
1905,PROD-31905,Military,1080,2024-08-24,2024-10-06,On Hold,2022-12-04T09:01:32
1906,PROD-31906,Stuff,1697,2024-10-03,2024-10-14,Planned,2023-11-13T00:31:44
1907,PROD-31907,Alone,204,2024-09-14,2024-10-21,On Hold,2023-01-13T19:53:45
1908,PROD-31908,Inside,1372,2024-04-20,2024-05-03,Planned,2023-06-27T12:23:39
1909,PROD-31909,Through,1353,2025-01-16,2025-03-02,Planned,2025-09-12T06:52:54
1910,PROD-31910,Natural,677,2025-07-15,2025-08-12,Planned,2024-02-03T16:43:22
1911,PROD-31911,Hand,1114,2025-01-23,2025-02-19,Planned,2023-06-23T00:11:06
1912,PROD-31912,Themselves,553,2024-03-26,2024-03-28,On Hold,2022-11-03T10:43:57
1913,PROD-31913,Business,209,2024-09-28,2024-10-10,Completed,2023-03-17T04:12:23
1914,PROD-31914,Despite,677,2024-07-12,2024-07-25,On Hold,2025-08-17T03:33:08
1915,PROD-31915,More,1364,2024-01-10,2024-03-07,Planned,2022-12-26T19:31:55
1916,PROD-31916,Safe,1256,2024-04-29,2024-05-01,In Production,2022-11-07T01:56:28
1917,PROD-31917,Wrong,1042,2025-03-02,2025-03-24,On Hold,2025-03-31T13:57:41
1918,PROD-31918,That,165,2025-05-13,2025-07-09,On Hold,2024-07-19T01:32:45
1919,PROD-31919,Floor,121,2025-01-29,2025-03-28,In Production,2024-07-02T15:30:32
1920,PROD-31920,Stand,108,2023-12-21,2023-12-22,Completed,2024-08-24T11:25:08
1921,PROD-31921,Military,1928,2025-01-30,2025-02-20,Completed,2022-12-29T13:51:50
1922,PROD-31922,Order,1337,2025-08-06,2025-08-07,Planned,2023-04-30T00:44:08
1923,PROD-31923,Share,1114,2024-06-28,2024-08-15,On Hold,2024-07-23T10:30:10
1924,PROD-31924,Than,1186,2024-04-07,2024-05-11,Planned,2024-09-10T06:39:52
1925,PROD-31925,Change,117,2024-01-04,2024-03-03,Completed,2023-07-24T11:12:33
1926,PROD-31926,Issue,384,2025-06-27,2025-08-26,Completed,2024-05-27T02:55:41
1927,PROD-31927,Explain,461,2025-05-27,2025-06-06,In Production,2025-10-19T06:40:55
1928,PROD-31928,Quickly,709,2025-10-26,2025-11-18,Completed,2025-06-18T07:00:43
1929,PROD-31929,Study,1644,2024-06-10,2024-08-06,In Production,2024-01-20T09:35:27
1930,PROD-31930,As,404,2024-09-16,2024-10-28,Completed,2023-07-23T09:36:10
1931,PROD-31931,Front,351,2024-09-03,2024-10-12,In Production,2024-03-01T04:31:12
1932,PROD-31932,Before,1321,2024-01-30,2024-02-11,Planned,2023-06-01T05:58:16
1933,PROD-31933,Hundred,355,2025-02-14,2025-04-15,Completed,2025-09-11T00:23:54
1934,PROD-31934,Brother,1629,2025-03-27,2025-04-09,Planned,2024-09-30T10:48:32
1935,PROD-31935,Culture,678,2025-03-11,2025-03-21,In Production,2025-06-07T17:03:35
1936,PROD-31936,Break,1418,2024-02-27,2024-03-14,Planned,2024-01-21T20:21:33
1937,PROD-31937,Yard,819,2024-04-04,2024-04-18,Planned,2024-12-29T17:15:19
1938,PROD-31938,Leave,277,2024-06-25,2024-07-11,In Production,2025-02-05T08:42:02
1939,PROD-31939,Best,1831,2023-11-05,2023-12-07,On Hold,2023-04-29T01:10:49
1940,PROD-31940,Safe,1188,2024-12-24,2025-02-09,Planned,2024-12-19T02:08:14
1941,PROD-31941,Would,523,2023-12-11,2024-02-07,On Hold,2023-01-31T18:36:47
1942,PROD-31942,Whether,540,2025-06-02,2025-07-14,Completed,2024-08-05T02:04:45
1943,PROD-31943,Challenge,1844,2025-05-29,2025-06-30,In Production,2024-03-21T12:43:55
1944,PROD-31944,Tax,1240,2024-10-04,2024-10-05,Planned,2024-03-24T23:54:14
1945,PROD-31945,Hour,1718,2023-11-06,2023-11-14,Planned,2023-04-12T00:31:41
1946,PROD-31946,Man,1520,2024-03-06,2024-04-29,On Hold,2023-02-07T21:00:10
1947,PROD-31947,Thought,1312,2025-04-02,2025-05-31,Planned,2025-03-21T17:24:15
1948,PROD-31948,Reduce,1492,2025-04-02,2025-05-24,On Hold,2025-06-05T15:08:32
1949,PROD-31949,Fast,1690,2025-04-25,2025-05-22,On Hold,2023-03-26T20:18:10
1950,PROD-31950,Attention,1081,2025-03-20,2025-04-20,Completed,2024-08-04T13:39:02
1951,PROD-31951,His,423,2024-09-01,2024-09-23,In Production,2023-08-09T09:57:39
1952,PROD-31952,Within,1307,2024-07-14,2024-08-02,In Production,2023-10-12T05:24:53
1953,PROD-31953,Visit,497,2024-01-27,2024-03-14,Completed,2023-12-25T13:07:23
1954,PROD-31954,Thing,1590,2024-10-12,2024-11-25,On Hold,2023-12-02T23:57:08
1955,PROD-31955,Drop,609,2025-07-29,2025-08-31,In Production,2025-11-02T02:17:06
1956,PROD-31956,Assume,81,2024-10-17,2024-11-16,Planned,2025-04-27T15:34:41
1957,PROD-31957,Believe,151,2025-10-12,2025-11-25,Planned,2024-04-11T15:40:47
1958,PROD-31958,Long,406,2025-09-30,2025-10-13,On Hold,2023-08-19T17:44:42
1959,PROD-31959,Hope,172,2024-01-30,2024-03-26,In Production,2023-04-30T19:22:04
1960,PROD-31960,Worker,436,2025-08-10,2025-09-05,On Hold,2023-10-06T11:22:17
1961,PROD-31961,Expert,669,2024-12-28,2025-02-12,Planned,2024-04-05T05:37:16
1962,PROD-31962,Campaign,45,2024-06-11,2024-07-08,Completed,2022-12-30T11:22:07
1963,PROD-31963,Clearly,452,2025-10-17,2025-10-21,In Production,2024-04-08T04:05:36
1964,PROD-31964,Church,1904,2024-04-11,2024-05-28,Completed,2024-11-16T18:54:15
1965,PROD-31965,Green,1840,2025-08-12,2025-08-19,Planned,2024-10-14T21:38:28
1966,PROD-31966,Brother,484,2023-12-06,2024-01-01,On Hold,2023-08-18T11:06:31
1967,PROD-31967,Short,1546,2025-07-05,2025-08-10,Completed,2024-07-25T16:28:49
1968,PROD-31968,Child,725,2025-01-09,2025-03-06,On Hold,2023-06-19T00:42:17
1969,PROD-31969,Wind,1956,2023-11-30,2024-01-10,In Production,2022-12-15T23:43:00
1970,PROD-31970,Where,1664,2025-04-01,2025-04-28,In Production,2025-03-29T20:34:38
1971,PROD-31971,Lot,1819,2024-11-14,2024-12-07,In Production,2024-08-15T11:11:09
1972,PROD-31972,Reduce,502,2025-02-14,2025-02-15,Completed,2025-10-23T20:39:25
1973,PROD-31973,Firm,1332,2024-07-19,2024-08-31,In Production,2023-08-17T03:52:40
1974,PROD-31974,Lawyer,887,2024-05-01,2024-06-22,Planned,2023-04-21T06:36:26
1975,PROD-31975,Town,903,2025-04-18,2025-04-29,In Production,2023-11-17T09:35:44
1976,PROD-31976,Ask,1894,2024-01-04,2024-01-16,In Production,2025-10-22T03:29:09
1977,PROD-31977,Later,1821,2024-10-25,2024-11-20,In Production,2024-04-17T00:52:52
1978,PROD-31978,Ahead,923,2024-04-04,2024-05-31,In Production,2024-04-09T10:47:39
1979,PROD-31979,Herself,1060,2024-03-21,2024-05-01,On Hold,2025-03-02T09:41:21
1980,PROD-31980,Director,267,2025-02-04,2025-02-06,In Production,2022-11-21T00:59:06
1981,PROD-31981,Create,620,2025-10-17,2025-11-25,Planned,2025-10-14T11:55:41
1982,PROD-31982,Develop,1204,2024-11-26,2024-11-28,On Hold,2024-03-13T06:41:58
1983,PROD-31983,Nice,167,2024-06-12,2024-07-04,Planned,2024-02-23T00:25:08
1984,PROD-31984,Move,1596,2024-02-12,2024-02-13,In Production,2024-06-13T20:29:13
1985,PROD-31985,Because,486,2025-04-03,2025-05-10,Completed,2025-09-23T07:28:14
1986,PROD-31986,Article,1178,2024-01-20,2024-01-21,On Hold,2023-08-17T00:15:28
1987,PROD-31987,Institution,857,2024-11-10,2024-12-03,On Hold,2025-06-10T22:52:03
1988,PROD-31988,Star,1719,2024-12-28,2025-02-21,Completed,2023-03-07T05:57:19
1989,PROD-31989,Message,778,2024-11-17,2024-12-28,Completed,2024-01-20T07:19:07
1990,PROD-31990,Wish,1517,2025-08-28,2025-10-25,Completed,2024-12-22T16:12:01
1991,PROD-31991,Assume,1992,2025-08-05,2025-09-13,Planned,2023-05-29T01:06:00
1992,PROD-31992,And,1704,2025-07-03,2025-08-21,On Hold,2024-02-21T14:02:43
1993,PROD-31993,Skill,432,2023-11-06,2023-11-11,Planned,2023-03-01T10:47:24
1994,PROD-31994,All,330,2024-08-11,2024-08-26,In Production,2024-12-28T19:29:26
1995,PROD-31995,Change,1149,2024-07-08,2024-08-28,Completed,2024-05-10T09:12:47
1996,PROD-31996,About,356,2025-03-02,2025-03-22,In Production,2023-02-04T01:13:49
1997,PROD-31997,Leg,435,2025-10-02,2025-10-09,Completed,2025-04-17T04:36:29
1998,PROD-31998,We,418,2025-10-11,2025-11-28,In Production,2023-09-13T19:46:23
1999,PROD-31999,Indicate,192,2025-03-05,2025-03-14,In Production,2025-08-24T04:37:30
2000,PROD-32000,Hotel,1697,2023-11-13,2024-01-09,In Production,2024-01-03T15:22:28
