id,request_id,requested_by,date,item,quantity,status,created_at
1,PR-10001,Regina Roberts,2025-07-19,Affect,382,Approved,2023-02-03T22:32:50
2,PR-10002,David Jones,2023-10-30,Budget,165,Approved,2025-03-09T18:03:34
3,PR-10003,Troy Fernandez,2024-05-07,Only,452,Approved,2025-09-28T12:21:35
4,PR-10004,Taylor Clay,2025-10-26,Art,366,Pending,2023-12-28T05:21:08
5,PR-10005,James Wilson,2023-08-27,Worker,339,Cancelled,2023-03-04T14:03:31
6,PR-10006,April Wilkins,2024-04-24,Activity,456,Approved,2024-08-04T18:26:24
7,PR-10007,Justin Ashley,2024-07-09,Magazine,26,Cancelled,2025-03-02T20:12:35
8,PR-10008,Ms. Melissa Nolan,2023-12-05,Glass,480,Approved,2025-01-21T06:01:39
9,PR-10009,Nancy Snyder,2025-05-05,Support,362,Approved,2023-10-02T03:46:37
10,PR-10010,Darlene Bishop,2023-07-12,Space,309,Cancelled,2023-05-10T00:59:13
11,PR-10011,Melissa Castro,2025-09-10,Quality,41,Pending,2023-06-22T23:48:53
12,PR-10012,Shelley Vaughn,2024-03-11,Her,116,Cancelled,2023-09-29T23:02:41
13,PR-10013,Jennifer Garcia,2024-10-04,Score,80,Cancelled,2024-04-18T11:32:01
14,PR-10014,Denise Hart,2025-02-28,Organization,69,Pending,2024-12-01T06:50:13
15,PR-10015,Kevin Walls,2025-08-04,Onto,448,Approved,2023-04-22T10:45:39
16,PR-10016,Devin Pearson,2023-12-17,Late,297,Approved,2024-12-21T04:03:23
17,PR-10017,Wanda Hart,2024-09-09,Finally,384,Approved,2025-09-29T20:37:39
18,PR-10018,Brady Robinson,2024-12-25,Congress,320,Pending,2023-01-01T10:48:24
19,PR-10019,Steven Smith,2024-10-12,Allow,280,Pending,2023-05-30T22:41:09
20,PR-10020,Robert Ali,2024-09-30,Model,396,Approved,2024-09-14T18:18:05
21,PR-10021,Jessica Carpenter,2024-02-09,Or,288,Pending,2023-06-12T02:24:50
22,PR-10022,Gregory Mclaughlin,2025-05-18,Person,45,Pending,2025-02-05T08:51:03
23,PR-10023,Robert Gibson,2024-06-18,Concern,281,Pending,2024-05-27T02:10:56
24,PR-10024,Amber Price,2025-08-22,Or,353,Pending,2023-08-26T21:35:17
25,PR-10025,Ashley Lowe,2024-01-30,Type,366,Cancelled,2025-02-21T04:15:55
26,PR-10026,Shannon Osborn,2025-05-06,Fight,112,Pending,2022-12-23T15:34:45
27,PR-10027,Joseph Meyer,2024-10-11,Yourself,288,Pending,2023-12-16T05:08:07
28,PR-10028,Natasha Marquez,2024-10-22,Partner,426,Pending,2025-06-30T00:23:13
29,PR-10029,Brittany Garcia,2025-01-19,That,470,Approved,2023-01-29T10:37:52
30,PR-10030,Katherine Hill,2025-02-26,Movement,384,Approved,2023-03-03T10:30:38
31,PR-10031,Carmen Newman,2025-07-11,Pull,383,Pending,2024-05-14T21:12:01
32,PR-10032,Whitney Davies,2023-09-11,Forget,484,Cancelled,2023-02-25T21:44:09
33,PR-10033,Brian Long,2023-10-12,Wish,208,Pending,2023-02-21T16:50:33
34,PR-10034,Lee Parker,2025-06-01,Structure,154,Cancelled,2025-08-05T18:29:46
35,PR-10035,Joanna Patel,2023-12-12,Technology,483,Pending,2025-10-07T14:56:46
36,PR-10036,Joseph Baker,2025-08-16,Stock,146,Approved,2024-11-28T19:05:51
37,PR-10037,Bethany Knight,2025-09-12,Strategy,345,Approved,2023-07-23T12:17:12
38,PR-10038,Ronnie Huynh,2024-07-12,Three,40,Cancelled,2025-08-14T12:56:25
39,PR-10039,Stephen Beck,2025-02-10,Learn,148,Approved,2022-11-08T15:41:03
40,PR-10040,Margaret Willis,2024-08-30,Foot,456,Approved,2022-11-14T12:36:36
41,PR-10041,Mark Ritter,2022-11-11,Trouble,45,Cancelled,2022-12-18T17:06:39
42,PR-10042,Monique Harris,2025-02-11,Thing,369,Approved,2023-11-04T00:59:55
43,PR-10043,Cynthia Garcia,2024-04-30,Player,275,Pending,2025-01-10T18:02:28
44,PR-10044,Paul Dyer,2025-07-25,Worker,259,Pending,2024-02-06T13:02:46
45,PR-10045,Victor Nguyen,2023-06-16,Production,331,Pending,2022-11-30T22:07:38
46,PR-10046,Mr. Craig Stephens,2025-09-30,Week,6,Approved,2024-09-14T10:53:42
47,PR-10047,Michael Ryan,2023-12-07,Experience,359,Cancelled,2023-09-14T12:27:46
48,PR-10048,Judith Thomas,2024-04-13,Final,309,Approved,2024-11-16T19:01:56
49,PR-10049,Denise Nelson,2025-09-14,Let,339,Pending,2023-02-21T23:53:00
50,PR-10050,Lindsey Escobar,2025-09-13,Put,409,Cancelled,2023-09-26T22:34:08
51,PR-10051,Dr. Rebecca Ibarra,2023-11-29,Again,95,Pending,2023-02-26T06:55:05
52,PR-10052,Nancy Glover,2022-12-28,Pattern,477,Pending,2024-12-05T10:27:56
53,PR-10053,Susan Wilson,2023-04-07,Difficult,33,Cancelled,2023-12-21T09:29:15
54,PR-10054,Adrian White,2024-09-04,Baby,318,Approved,2024-05-14T16:05:57
55,PR-10055,Laura Baker,2024-06-18,Memory,381,Cancelled,2023-07-24T09:42:32
56,PR-10056,Garrett Cohen,2023-11-18,Teacher,297,Cancelled,2025-09-22T13:31:01
57,PR-10057,Patrick Walker,2023-05-22,Design,467,Approved,2024-06-18T06:21:20
58,PR-10058,Sharon Jones,2024-02-10,Little,366,Cancelled,2023-01-23T08:45:03
59,PR-10059,John Myers,2022-11-22,Wall,268,Cancelled,2024-02-21T02:36:11
60,PR-10060,Gregory Charles,2024-09-28,Want,108,Cancelled,2024-08-10T08:44:15
61,PR-10061,Dustin Friedman,2025-10-19,Beautiful,333,Pending,2024-12-19T07:44:21
62,PR-10062,Tammy Harris,2024-12-27,Could,22,Pending,2024-02-17T13:15:30
63,PR-10063,Christopher Castro,2024-11-24,Man,465,Pending,2024-06-08T16:39:15
64,PR-10064,Gina Garcia,2025-08-26,Clearly,349,Cancelled,2024-06-16T15:39:31
65,PR-10065,Patrick Fisher,2025-01-01,Form,307,Cancelled,2024-09-20T21:05:05
66,PR-10066,Nicholas Herrera,2023-06-20,Remain,353,Pending,2024-03-27T13:38:06
67,PR-10067,Cameron Frank,2025-10-31,Kind,471,Pending,2024-08-13T14:02:46
68,PR-10068,Joy Wright,2023-09-27,Politics,247,Pending,2024-01-31T23:43:59
69,PR-10069,Brandy Green,2023-09-15,Republican,118,Pending,2025-02-28T00:08:41
70,PR-10070,Jennifer Johnson,2025-05-03,Medical,373,Pending,2024-04-14T01:47:23
71,PR-10071,John Wilson,2023-10-21,Certain,335,Cancelled,2025-11-01T16:31:07
72,PR-10072,Jason Salinas,2023-02-22,Civil,470,Approved,2023-11-27T21:05:50
73,PR-10073,Gabriela Juarez,2023-07-24,Attention,154,Cancelled,2023-06-26T21:54:32
74,PR-10074,Angela Holmes,2023-02-07,Our,226,Cancelled,2025-06-16T17:53:30
75,PR-10075,Charles Rodriguez,2022-11-08,Similar,122,Pending,2023-11-07T13:19:16
76,PR-10076,Kyle Armstrong MD,2023-11-04,Man,47,Cancelled,2023-09-16T18:09:00
77,PR-10077,Devon Wong,2024-01-25,Hospital,456,Approved,2023-07-06T15:12:26
78,PR-10078,Sharon Hicks,2023-03-06,Something,137,Pending,2022-12-12T16:33:31
79,PR-10079,Joseph Hartman,2023-02-18,Job,4,Cancelled,2023-11-19T07:31:03
80,PR-10080,Ann Pena,2023-10-08,Because,485,Cancelled,2023-01-13T16:51:44
81,PR-10081,Robert Mccann,2022-12-27,Note,105,Approved,2025-05-11T21:11:10
82,PR-10082,Jeremiah Edwards,2023-05-20,Process,390,Approved,2025-05-19T04:51:40
83,PR-10083,Michelle Silva,2024-02-13,Nation,129,Pending,2024-12-17T03:00:54
84,PR-10084,Carlos Smith,2024-03-18,What,174,Pending,2023-06-03T11:40:11
85,PR-10085,Mary Harper,2023-03-09,Bit,249,Approved,2025-03-05T23:53:59
86,PR-10086,David Waters,2025-08-20,Everybody,71,Approved,2024-02-09T09:18:03
87,PR-10087,Andrew Sanchez,2024-10-08,Away,307,Approved,2025-04-10T20:25:50
88,PR-10088,Paula Flores,2023-02-21,Continue,48,Approved,2025-06-28T20:45:09
89,PR-10089,Carrie Perez,2023-11-01,Join,257,Approved,2024-07-06T20:36:20
90,PR-10090,Julia Snyder,2023-11-28,Prevent,282,Approved,2025-08-01T12:22:16
91,PR-10091,Michelle Sanchez,2025-06-29,Car,244,Cancelled,2023-07-20T19:51:02
92,PR-10092,Cheryl Hernandez,2023-03-09,Name,256,Pending,2023-08-16T05:05:59
93,PR-10093,Jeffrey Cox,2023-09-28,We,80,Pending,2024-12-19T13:45:57
94,PR-10094,Steven Copeland,2025-04-03,Low,299,Pending,2024-11-21T15:46:26
95,PR-10095,Jennifer Long,2025-10-12,Hot,260,Cancelled,2025-01-22T02:25:17
96,PR-10096,Kenneth Banks,2025-07-22,Democratic,328,Pending,2023-04-08T17:40:46
97,PR-10097,Brittany Kennedy,2023-08-09,Morning,42,Pending,2023-01-11T08:00:40
98,PR-10098,William Clark,2024-05-05,There,309,Pending,2023-06-07T21:54:14
99,PR-10099,Richard Velasquez,2025-03-12,Produce,192,Approved,2025-04-01T05:20:51
100,PR-10100,John Wright MD,2024-04-06,Candidate,468,Pending,2023-04-06T19:37:41
101,PR-10101,Sydney Hart,2024-04-14,Store,306,Pending,2023-12-04T17:33:43
102,PR-10102,Zachary Mcdaniel,2023-04-12,President,6,Approved,2025-03-06T07:34:39
103,PR-10103,April Whitaker,2022-11-25,Learn,329,Pending,2023-10-20T10:22:40
104,PR-10104,Judith Barker,2023-09-19,Notice,379,Cancelled,2024-05-04T10:59:22
105,PR-10105,Bobby Morris,2023-05-13,Night,228,Cancelled,2023-02-12T02:32:50
106,PR-10106,Michael Morgan,2023-10-17,Test,361,Pending,2024-11-25T18:46:29
107,PR-10107,Sarah Avila,2024-11-12,Thought,476,Pending,2023-02-11T08:51:30
108,PR-10108,Joel Robinson,2022-11-03,Close,497,Approved,2022-12-29T11:22:26
109,PR-10109,Mr. John Camacho,2024-01-26,Industry,461,Pending,2024-03-29T19:59:57
110,PR-10110,Patricia Owen,2023-04-04,Treat,15,Cancelled,2025-03-31T21:40:58
111,PR-10111,Kenneth Mendoza,2025-03-25,Nice,383,Pending,2025-08-06T21:11:51
112,PR-10112,Joseph Smith,2024-09-05,Really,436,Approved,2024-06-30T15:10:47
113,PR-10113,Adam Nixon,2023-11-20,Personal,74,Approved,2023-09-11T15:37:36
114,PR-10114,Colleen Williamson,2025-05-06,Assume,24,Approved,2024-09-13T19:11:46
115,PR-10115,Matthew Wilkins,2025-02-20,Ten,311,Cancelled,2024-11-19T00:14:17
116,PR-10116,Lindsay Lopez,2024-07-22,Dream,200,Pending,2024-11-13T13:05:45
117,PR-10117,April Torres,2024-03-25,Environmental,55,Pending,2025-02-23T08:22:04
118,PR-10118,Danny Davis,2024-11-16,Design,470,Approved,2023-03-29T17:31:09
119,PR-10119,Ryan Lin,2024-08-14,Rule,391,Pending,2024-11-27T22:40:34
120,PR-10120,John Gonzalez,2023-03-05,But,217,Cancelled,2025-06-30T08:32:57
121,PR-10121,Allison Smith,2023-11-24,Address,151,Approved,2022-12-17T03:18:55
122,PR-10122,Sherri Robertson,2024-03-11,Parent,459,Pending,2025-06-02T10:08:08
123,PR-10123,Molly Gomez,2024-05-18,Art,485,Cancelled,2024-04-18T07:28:32
124,PR-10124,Beth Nixon,2025-08-01,Six,240,Approved,2025-07-05T11:38:03
125,PR-10125,Andrew Rivera,2025-08-27,Available,404,Approved,2024-01-31T22:54:24
126,PR-10126,Lynn Davis,2025-05-27,Always,427,Cancelled,2025-04-30T04:06:37
127,PR-10127,Steven King,2023-12-20,Scientist,472,Cancelled,2025-09-17T01:57:47
128,PR-10128,Amber Hill,2025-09-23,Pretty,313,Approved,2023-05-15T04:23:32
129,PR-10129,Kevin Jensen,2023-12-01,Example,45,Cancelled,2024-11-05T16:02:14
130,PR-10130,Perry Hernandez,2024-05-25,My,241,Approved,2025-01-29T05:23:30
131,PR-10131,Mrs. Megan Warren,2025-04-26,Last,325,Cancelled,2024-08-20T23:36:23
132,PR-10132,Steven Martin,2025-04-21,Authority,225,Cancelled,2024-04-14T13:15:27
133,PR-10133,Michael Gallegos,2023-05-24,Method,96,Cancelled,2025-09-11T00:17:26
134,PR-10134,Wendy Ruiz,2024-09-27,Wall,491,Approved,2024-12-19T03:07:56
135,PR-10135,Andrew Parker,2024-08-31,Most,65,Cancelled,2022-12-18T11:41:56
136,PR-10136,Denise Cross,2025-09-07,Eat,445,Pending,2023-10-02T13:35:58
137,PR-10137,Morgan Cole,2022-12-11,Not,155,Pending,2025-05-26T12:02:00
138,PR-10138,Dakota Conrad,2025-01-16,Religious,394,Cancelled,2024-10-03T00:19:07
139,PR-10139,Joshua Brooks,2024-10-16,Mean,253,Approved,2023-06-09T05:22:54
140,PR-10140,Joan Rodriguez,2023-05-12,Career,407,Cancelled,2024-12-18T23:17:22
141,PR-10141,Anthony Lee,2023-02-11,Guy,280,Cancelled,2023-05-29T16:26:54
142,PR-10142,Nicholas Diaz,2024-01-16,Population,46,Pending,2024-11-18T00:02:19
143,PR-10143,George Casey,2022-12-02,Figure,486,Pending,2025-10-22T09:23:22
144,PR-10144,Justin Scott,2023-02-21,Treat,353,Approved,2024-10-12T06:04:48
145,PR-10145,Michael Hensley,2023-01-23,Summer,33,Pending,2024-08-29T12:08:02
146,PR-10146,William Johnson,2024-12-14,Treat,370,Pending,2024-04-12T15:14:32
147,PR-10147,Jason Dawson,2025-10-19,Per,270,Cancelled,2023-12-27T08:26:27
148,PR-10148,Kelly Ellis,2025-03-09,Create,486,Pending,2023-11-24T02:05:56
149,PR-10149,Eric Perry,2022-12-27,Report,177,Cancelled,2022-11-15T12:35:02
150,PR-10150,Mr. Tyler Robinson,2025-10-12,Let,326,Pending,2023-11-26T09:13:58
151,PR-10151,Holly Castillo,2024-10-04,Bed,109,Pending,2024-09-08T10:40:00
152,PR-10152,Michael Cisneros,2023-07-27,Brother,199,Approved,2024-08-10T07:21:15
153,PR-10153,Justin Farmer,2025-05-15,Security,50,Pending,2024-05-19T09:11:33
154,PR-10154,James Harris,2024-09-02,Note,246,Approved,2025-05-21T08:42:02
155,PR-10155,Catherine Chen,2024-11-13,Wrong,286,Pending,2023-03-07T00:35:15
156,PR-10156,Melanie Cook,2024-11-21,Value,433,Approved,2023-02-17T05:31:17
157,PR-10157,Elizabeth Wong,2023-01-26,Office,459,Pending,2024-01-15T07:27:50
158,PR-10158,Sarah Johnson,2025-04-07,Affect,164,Pending,2024-06-20T15:23:34
159,PR-10159,Chad Jones,2023-08-12,She,457,Cancelled,2024-05-23T04:56:08
160,PR-10160,Kristin Ryan,2025-10-29,Drive,264,Pending,2024-09-07T10:20:37
161,PR-10161,Adam Villegas,2025-05-31,College,22,Approved,2022-12-02T02:21:22
162,PR-10162,Donna Smith,2024-08-28,Positive,312,Approved,2022-11-19T03:27:30
163,PR-10163,Rachel Lewis,2024-06-21,Drop,483,Pending,2022-12-20T02:26:05
164,PR-10164,Susan Bradley,2023-09-26,Receive,422,Approved,2024-10-31T20:29:28
165,PR-10165,Gary Ward,2024-04-15,Ready,141,Approved,2024-12-30T03:53:38
166,PR-10166,Shelley Hall,2025-10-09,Kid,289,Pending,2022-12-27T19:33:10
167,PR-10167,Evan Nunez,2025-03-28,Develop,192,Pending,2025-10-03T12:49:25
168,PR-10168,Maria Manning,2023-03-05,Add,260,Approved,2023-09-22T11:43:11
169,PR-10169,Melissa Gutierrez,2024-10-27,Society,330,Cancelled,2025-01-09T02:37:59
170,PR-10170,Amy Green,2024-11-01,Plan,301,Cancelled,2025-08-08T20:22:54
171,PR-10171,Sandra Cochran,2023-05-22,Film,172,Cancelled,2023-06-19T06:00:44
172,PR-10172,Michelle Mahoney,2024-07-10,Free,45,Approved,2023-09-16T01:23:54
173,PR-10173,Kellie Mckinney,2024-04-07,Stand,384,Pending,2023-04-26T09:26:06
174,PR-10174,Mr. Joshua Smith,2025-07-05,Team,469,Approved,2025-09-13T19:39:58
175,PR-10175,Jordan Moore,2024-06-18,Within,65,Pending,2025-07-03T11:10:22
176,PR-10176,Pamela Lewis,2025-06-18,Local,389,Approved,2025-09-17T05:34:34
177,PR-10177,Jacob Bond,2023-03-12,Budget,246,Pending,2023-09-09T13:52:47
178,PR-10178,Tara Cruz,2023-10-18,Water,430,Pending,2023-07-09T10:10:15
179,PR-10179,Gregory Cardenas,2022-12-02,Contain,456,Cancelled,2024-11-03T08:11:41
180,PR-10180,Travis Hamilton DVM,2024-05-20,Yes,425,Approved,2024-07-11T01:19:58
181,PR-10181,Amy Johnson,2025-03-30,Art,287,Cancelled,2024-02-21T05:47:07
182,PR-10182,Renee Kelley,2024-10-19,Front,421,Approved,2025-03-23T19:11:47
183,PR-10183,James Shepard,2024-06-27,Position,170,Pending,2024-03-20T12:41:17
184,PR-10184,Mr. Dylan Dennis,2023-10-27,For,198,Pending,2025-10-03T11:41:06
185,PR-10185,Victor Gonzalez,2024-02-19,My,83,Pending,2024-04-24T14:09:27
186,PR-10186,Sarah Alvarez,2023-08-21,Represent,447,Cancelled,2025-02-07T13:38:00
187,PR-10187,Crystal Henderson,2024-03-06,Key,268,Approved,2023-01-14T22:58:34
188,PR-10188,Elijah Ross,2023-11-24,Simply,152,Pending,2024-12-30T00:33:07
189,PR-10189,April Wallace,2023-03-18,Level,120,Pending,2025-05-21T12:53:33
190,PR-10190,David Nash,2023-01-21,Else,348,Pending,2023-03-16T12:58:20
191,PR-10191,Heather Sanchez DDS,2025-10-20,Ball,165,Cancelled,2024-05-24T14:11:19
192,PR-10192,Michele Jackson,2023-08-10,Left,334,Pending,2024-12-20T11:14:22
193,PR-10193,Mary Rivera,2024-11-26,Blood,442,Pending,2024-10-05T10:25:06
194,PR-10194,Joseph Stephens,2025-10-31,Here,350,Pending,2025-08-10T04:34:52
195,PR-10195,Christina Davis,2025-02-15,Ground,31,Pending,2024-06-07T13:06:45
196,PR-10196,Jesse Lee,2023-11-26,Ask,246,Cancelled,2025-09-13T15:41:47
197,PR-10197,Melanie Kelly,2023-12-26,Three,245,Pending,2024-08-18T03:32:47
198,PR-10198,Sheena Benjamin DDS,2024-09-09,Follow,15,Pending,2022-11-18T02:06:03
199,PR-10199,Jennifer Nelson,2025-09-01,Wait,123,Pending,2024-08-22T14:27:13
200,PR-10200,Becky Munoz,2023-12-23,Speak,163,Cancelled,2025-02-24T15:39:09
201,PR-10201,Bill Stuart,2023-02-16,Probably,72,Pending,2024-04-08T00:46:06
202,PR-10202,Ashley Davis,2025-06-13,Hard,170,Pending,2025-01-06T07:20:44
203,PR-10203,Martin Spears,2025-05-08,Court,224,Pending,2024-12-03T03:09:21
204,PR-10204,Nicholas Carter,2023-07-03,Effect,240,Approved,2025-02-22T19:48:17
205,PR-10205,Jeremy Ford MD,2023-06-04,Night,343,Pending,2024-08-10T08:27:53
206,PR-10206,Erin Gonzalez,2025-10-06,Management,380,Approved,2024-06-19T02:48:13
207,PR-10207,Kevin Carr,2023-02-02,Next,243,Pending,2023-01-18T07:00:36
208,PR-10208,Terry Patterson,2024-08-28,Past,458,Cancelled,2024-08-08T03:35:20
209,PR-10209,Kari Clay,2023-06-11,Suffer,481,Cancelled,2025-09-04T23:41:28
210,PR-10210,Morgan Spencer,2023-08-16,Song,104,Pending,2024-04-12T08:37:43
211,PR-10211,Laura Spencer,2023-02-14,Girl,260,Approved,2023-10-24T00:10:19
212,PR-10212,Nicole Stout,2025-09-16,Phone,437,Pending,2024-03-01T13:02:50
213,PR-10213,John Wade,2024-10-03,Public,136,Pending,2023-04-06T09:25:36
214,PR-10214,Stephanie Gilmore,2024-11-04,Agree,195,Pending,2024-10-03T01:15:15
215,PR-10215,Aaron Tyler,2023-09-29,Especially,160,Pending,2025-04-10T07:31:59
216,PR-10216,Teresa Garcia,2024-12-12,Goal,175,Approved,2023-09-01T04:44:53
217,PR-10217,Tyrone Miller,2025-02-27,Health,113,Cancelled,2023-09-28T21:20:19
218,PR-10218,Timothy Byrd,2023-03-10,Issue,156,Cancelled,2024-06-07T11:24:04
219,PR-10219,Mrs. Amanda Smith,2025-09-05,Line,466,Pending,2025-04-29T17:47:28
220,PR-10220,Jamie Duarte,2025-06-18,Determine,367,Cancelled,2024-10-19T21:02:25
221,PR-10221,Curtis Hines,2022-11-09,Theory,362,Cancelled,2024-09-19T17:13:24
222,PR-10222,Andrea Riddle,2023-04-10,Large,294,Pending,2023-09-05T09:14:20
223,PR-10223,Debra Blevins,2025-07-15,Create,431,Approved,2024-03-07T05:50:58
224,PR-10224,Joshua Turner,2025-02-01,Cold,423,Approved,2023-06-15T00:26:27
225,PR-10225,Joshua Hernandez,2023-12-20,North,341,Approved,2025-04-23T18:34:32
226,PR-10226,Kari Young,2025-07-31,List,232,Cancelled,2024-09-28T15:51:32
227,PR-10227,Kyle Santiago,2024-09-16,Let,147,Cancelled,2023-12-16T19:54:12
228,PR-10228,Christine Anderson,2024-05-01,College,216,Cancelled,2024-08-31T10:22:55
229,PR-10229,David Kennedy,2024-04-13,Travel,152,Cancelled,2023-12-07T13:33:37
230,PR-10230,Tiffany Valdez,2024-05-08,Phone,120,Pending,2023-10-28T00:18:12
231,PR-10231,Frank Schultz,2024-12-12,Those,119,Pending,2025-09-29T04:57:46
232,PR-10232,Andrea Gillespie,2023-05-11,Learn,140,Pending,2025-05-16T00:23:29
233,PR-10233,Ronald Sullivan,2023-02-26,Government,112,Pending,2024-11-02T08:12:17
234,PR-10234,Traci Christian,2023-06-17,Task,342,Cancelled,2024-10-17T05:44:21
235,PR-10235,Zachary Ray,2025-03-15,Guess,432,Cancelled,2023-10-30T00:42:34
236,PR-10236,Sarah Sutton,2024-11-06,Size,174,Cancelled,2025-03-13T01:28:40
237,PR-10237,Theresa Oconnell,2024-10-02,Future,399,Pending,2024-12-07T19:15:40
238,PR-10238,Maria Davis,2023-11-28,Final,257,Pending,2025-06-15T02:45:49
239,PR-10239,Justin Martinez,2024-01-11,New,185,Cancelled,2022-12-11T00:56:58
240,PR-10240,Melissa Rubio,2025-09-05,Purpose,263,Approved,2025-08-06T00:09:38
241,PR-10241,Nicole Warner,2025-04-05,Product,121,Approved,2022-12-29T08:35:38
242,PR-10242,Keith Page,2024-01-07,Protect,2,Approved,2023-04-10T14:53:54
243,PR-10243,Nancy Young DDS,2024-06-12,Scene,65,Cancelled,2024-06-04T20:02:16
244,PR-10244,Larry Wood,2024-10-09,Possible,78,Approved,2023-02-19T03:50:37
245,PR-10245,Jasmine Jones,2024-06-29,Director,487,Cancelled,2024-07-16T03:08:56
246,PR-10246,Nathan Diaz,2025-10-13,Property,340,Pending,2024-07-23T06:28:26
247,PR-10247,Nathan Johnson,2024-07-06,Wait,376,Cancelled,2023-09-18T20:01:08
248,PR-10248,Angel Johnson,2023-09-25,Weight,306,Cancelled,2024-11-16T05:13:47
249,PR-10249,Anthony Castillo,2024-03-13,Company,142,Cancelled,2023-03-10T01:12:52
250,PR-10250,Breanna Hayes,2023-03-01,Onto,33,Cancelled,2024-10-20T06:32:37
251,PR-10251,Sara Thomas,2025-03-06,Consumer,336,Approved,2024-09-07T19:34:26
252,PR-10252,Katrina Grant,2025-05-26,Tax,397,Pending,2023-04-08T19:27:59
253,PR-10253,Julie Smith,2022-12-30,Be,227,Pending,2023-08-27T16:47:34
254,PR-10254,Deanna Guerrero,2022-11-16,So,122,Pending,2025-07-07T10:36:44
255,PR-10255,Aaron Perez,2024-02-25,Real,35,Pending,2024-08-13T12:49:29
256,PR-10256,Marissa Ray,2022-11-17,Individual,417,Cancelled,2024-07-28T03:04:34
257,PR-10257,Angela Nichols,2025-10-09,Community,447,Pending,2024-06-17T23:00:33
258,PR-10258,Sarah Cruz,2024-01-06,Ability,357,Cancelled,2023-12-24T21:50:27
259,PR-10259,Deborah Newman,2024-11-24,Interest,196,Cancelled,2023-12-02T11:57:59
260,PR-10260,Julie Bailey,2024-08-04,No,441,Approved,2025-03-05T13:40:58
261,PR-10261,Kevin Schneider,2024-09-07,Long,173,Approved,2024-03-09T06:02:56
262,PR-10262,William Richards,2025-01-17,Guy,398,Cancelled,2023-02-04T12:39:02
263,PR-10263,Emily Johnson,2024-09-13,Identify,175,Cancelled,2024-11-06T22:33:12
264,PR-10264,Robert Ayers,2023-01-04,Will,31,Pending,2023-01-31T20:21:14
265,PR-10265,Tamara Reynolds,2023-08-16,Color,457,Pending,2022-11-10T14:30:42
266,PR-10266,Keith Yang,2025-04-19,Camera,5,Cancelled,2024-08-16T21:30:34
267,PR-10267,Todd Rodriguez,2023-12-16,View,273,Pending,2022-12-09T14:41:04
268,PR-10268,Elizabeth Chapman,2025-02-25,Create,192,Pending,2024-06-05T07:39:26
269,PR-10269,Jonathan Lloyd,2023-09-08,Sometimes,279,Cancelled,2025-05-28T22:00:27
270,PR-10270,Victor Cook,2023-01-18,Book,153,Approved,2025-08-22T03:18:38
271,PR-10271,Katelyn Dominguez,2025-10-04,War,489,Cancelled,2024-10-19T13:28:39
272,PR-10272,Cheryl Collins,2023-09-17,Move,346,Cancelled,2023-04-01T10:02:29
273,PR-10273,Brandon Miller,2025-02-12,Finally,449,Cancelled,2023-10-05T20:08:23
274,PR-10274,David Taylor,2024-07-14,Wife,79,Approved,2025-10-18T22:49:45
275,PR-10275,Brenda Jimenez,2024-09-16,Value,305,Approved,2023-10-05T21:02:06
276,PR-10276,Philip Campbell,2023-05-16,Produce,34,Pending,2022-11-27T05:14:58
277,PR-10277,Mary Anderson,2023-07-02,Democratic,440,Pending,2023-06-11T09:58:12
278,PR-10278,Timothy Salazar,2025-08-03,Seek,490,Cancelled,2023-11-08T18:32:42
279,PR-10279,Joe Wells,2023-03-30,Food,144,Approved,2023-11-17T06:05:23
280,PR-10280,Suzanne Chambers,2023-01-18,Reality,167,Pending,2025-08-19T05:45:01
281,PR-10281,Heather Mccormick,2025-02-10,Test,280,Pending,2025-09-15T06:06:39
282,PR-10282,Rhonda Smith,2022-12-05,Partner,350,Approved,2023-08-07T15:12:59
283,PR-10283,Samantha Keller,2023-03-18,Today,450,Cancelled,2024-07-05T12:55:08
284,PR-10284,Melissa Munoz,2024-12-16,Wind,51,Approved,2024-07-30T22:04:13
285,PR-10285,Joseph Walter,2024-11-29,These,223,Pending,2023-04-17T16:25:24
286,PR-10286,Rebecca Simpson,2023-01-07,Side,323,Pending,2024-02-09T09:23:09
287,PR-10287,Isabel Mayer,2023-03-21,Film,23,Pending,2023-01-08T11:23:07
288,PR-10288,Marc Morris,2023-06-20,May,374,Approved,2024-07-08T05:07:04
289,PR-10289,Jasmine Barnes,2023-08-01,Which,21,Cancelled,2024-11-20T10:28:25
290,PR-10290,Paul Moran,2025-03-03,Main,233,Cancelled,2022-11-29T09:20:12
291,PR-10291,Renee Rodriguez,2024-04-12,Expert,464,Cancelled,2025-04-26T07:47:53
292,PR-10292,Charles Davenport,2024-12-01,Trade,476,Pending,2024-09-20T06:00:28
293,PR-10293,Nicole Richardson,2025-07-28,You,141,Pending,2023-06-11T14:24:33
294,PR-10294,Stacey Mason,2023-04-27,Different,3,Approved,2024-11-06T22:06:59
295,PR-10295,Mark Espinoza,2023-09-26,Tend,421,Approved,2024-12-04T01:23:53
296,PR-10296,Anthony Thomas,2025-01-24,Marriage,404,Pending,2024-11-29T14:03:33
297,PR-10297,Sandra Sparks,2023-10-23,Where,411,Cancelled,2023-07-01T19:54:13
298,PR-10298,Wendy Patrick,2024-08-12,Before,334,Approved,2025-05-22T23:50:14
299,PR-10299,Michelle Williams,2024-01-10,Final,324,Pending,2025-10-16T20:08:39
300,PR-10300,Ashley Hill,2023-06-29,Per,52,Cancelled,2023-03-02T10:24:58
301,PR-10301,Steven Wilson,2025-08-28,Allow,16,Cancelled,2024-10-14T07:57:30
302,PR-10302,Sharon Sanchez,2024-11-24,Strategy,372,Cancelled,2023-08-22T11:45:11
303,PR-10303,Mr. Chris Hernandez,2025-06-20,Describe,113,Pending,2023-07-10T03:43:49
304,PR-10304,Kevin Green,2025-10-18,Eight,438,Approved,2025-11-02T12:00:59
305,PR-10305,Mathew Maldonado,2025-09-17,State,413,Pending,2025-07-07T09:05:03
306,PR-10306,Erin Burns,2025-07-09,Necessary,159,Cancelled,2024-02-24T02:35:48
307,PR-10307,Jack Gillespie,2025-06-29,Answer,372,Cancelled,2025-01-02T11:14:08
308,PR-10308,John Lozano,2024-12-12,People,221,Pending,2024-06-17T04:03:49
309,PR-10309,Mrs. Vanessa Garcia,2024-10-26,Animal,90,Pending,2023-06-14T13:04:29
310,PR-10310,Diane Wu,2023-12-16,Pm,189,Approved,2024-06-01T07:24:53
311,PR-10311,Andre Leonard,2025-10-16,Under,114,Cancelled,2024-10-15T00:55:42
312,PR-10312,Deanna Wilson,2024-11-06,South,390,Pending,2024-05-13T10:46:36
313,PR-10313,Cynthia Wang,2025-09-27,Impact,436,Cancelled,2023-04-08T11:58:30
314,PR-10314,Anthony Perez,2025-07-27,Ball,403,Approved,2023-10-02T03:19:12
315,PR-10315,Jennifer Roberts,2022-11-13,Science,443,Approved,2025-08-11T17:31:16
316,PR-10316,Allison Meyer,2024-11-06,Stand,104,Pending,2024-11-24T02:49:57
317,PR-10317,Michelle Hendricks,2024-12-08,Brother,254,Approved,2025-01-25T17:52:14
318,PR-10318,Paul Ramirez,2024-08-14,South,68,Cancelled,2025-05-23T16:31:50
319,PR-10319,Ronald Gonzalez,2024-03-21,Television,193,Pending,2023-03-03T13:21:19
320,PR-10320,Deborah Smith,2025-08-30,Yet,408,Pending,2025-10-13T08:38:37
321,PR-10321,Alexander Harvey,2025-07-21,Your,479,Cancelled,2025-10-19T21:52:11
322,PR-10322,Autumn Wilcox,2024-04-04,Find,82,Approved,2023-02-19T06:27:36
323,PR-10323,Thomas Spencer,2025-06-13,Describe,12,Cancelled,2025-04-30T08:28:52
324,PR-10324,Johnathan Pena,2024-07-23,How,344,Pending,2023-11-08T20:22:03
325,PR-10325,Benjamin Stephens,2025-05-12,Religious,17,Pending,2023-10-14T08:38:32
326,PR-10326,Rachael Mills,2025-02-14,Return,161,Cancelled,2024-03-20T05:38:27
327,PR-10327,Rachel Gonzales,2025-09-09,Market,102,Approved,2023-05-04T02:50:47
328,PR-10328,Alexandra Hays,2022-12-25,Mind,430,Cancelled,2023-07-21T17:04:08
329,PR-10329,Albert Pacheco,2024-04-29,Fine,172,Cancelled,2023-05-23T21:55:22
330,PR-10330,Pamela Jimenez,2023-03-14,Happen,43,Cancelled,2025-08-03T03:18:23
331,PR-10331,Michael Hall,2025-05-28,Mouth,117,Approved,2024-11-05T02:24:47
332,PR-10332,Grace Kim,2022-11-06,Quite,20,Cancelled,2025-04-02T23:28:56
333,PR-10333,Richard Chen,2023-10-08,Such,24,Pending,2023-02-28T19:18:26
334,PR-10334,Erin Carter,2023-05-14,Class,75,Cancelled,2023-12-26T19:15:17
335,PR-10335,Adam Hall,2023-01-19,Bill,243,Cancelled,2024-05-05T15:26:26
336,PR-10336,Thomas Lopez,2023-03-17,Life,137,Pending,2023-04-16T13:59:33
337,PR-10337,Carmen Smith,2025-02-12,Stay,500,Cancelled,2023-04-28T06:21:21
338,PR-10338,Ashley Jackson,2023-09-15,Cultural,272,Cancelled,2023-06-10T14:12:06
339,PR-10339,Bradley Lambert,2023-06-10,Others,252,Approved,2024-03-05T20:40:31
340,PR-10340,James Boyer,2023-07-19,Party,331,Approved,2025-03-22T19:00:25
341,PR-10341,Emily Vance,2024-11-11,Affect,361,Cancelled,2025-05-24T10:01:13
342,PR-10342,Jamie Wilcox,2025-05-04,About,370,Approved,2022-11-11T16:11:02
343,PR-10343,Richard Sweeney,2022-11-22,Plan,446,Pending,2025-10-28T19:46:09
344,PR-10344,James Fowler,2023-03-17,Center,469,Pending,2024-11-21T03:27:43
345,PR-10345,Logan Lowery,2023-10-06,Yet,178,Pending,2022-12-02T21:38:42
346,PR-10346,Shawn Yang,2023-05-01,Mouth,322,Cancelled,2024-04-30T15:14:23
347,PR-10347,Christopher Ramirez,2025-09-01,Do,480,Cancelled,2023-09-26T03:07:44
348,PR-10348,Ronald Murphy,2024-09-12,Page,20,Cancelled,2025-03-09T08:58:40
349,PR-10349,Mr. Alan Sanders MD,2025-04-01,Growth,428,Pending,2023-05-12T05:50:45
350,PR-10350,Jacqueline Vance,2022-11-14,Shake,412,Approved,2023-05-13T00:05:45
351,PR-10351,Jessica Gibson,2024-05-07,Beyond,160,Pending,2025-03-02T02:21:06
352,PR-10352,Vanessa Jenkins,2023-02-09,Doctor,57,Cancelled,2024-09-11T08:41:08
353,PR-10353,Rachel Walters,2023-07-06,Sense,155,Cancelled,2024-08-04T17:29:33
354,PR-10354,John Bell,2025-05-12,Population,72,Cancelled,2023-01-22T14:15:14
355,PR-10355,Amy Mendez,2025-02-27,Stuff,364,Cancelled,2024-05-20T22:09:07
356,PR-10356,Raymond Warren,2025-10-17,Accept,153,Pending,2025-05-01T07:06:08
357,PR-10357,Julie Conley,2025-08-20,Local,199,Cancelled,2024-04-19T05:02:08
358,PR-10358,Arthur Davis,2024-02-13,Time,120,Cancelled,2024-05-21T00:03:46
359,PR-10359,Lisa Richards,2023-12-12,Avoid,143,Approved,2023-10-20T08:02:16
360,PR-10360,Tara Robinson,2025-07-06,Attention,252,Approved,2023-05-26T21:44:54
361,PR-10361,Jennifer Jackson,2024-01-17,Position,333,Cancelled,2025-03-06T03:20:03
362,PR-10362,Jason Washington,2024-04-25,Race,477,Pending,2025-04-18T13:32:26
363,PR-10363,Kristen Olson,2025-05-12,Protect,249,Cancelled,2023-03-16T15:33:01
364,PR-10364,Sean Jensen,2024-12-05,Myself,319,Approved,2024-08-16T16:08:44
365,PR-10365,Mark Booth,2024-07-08,Music,314,Cancelled,2024-10-13T22:54:04
366,PR-10366,Joseph Beck,2023-05-25,Book,436,Pending,2025-07-28T04:40:25
367,PR-10367,David Tate,2025-09-10,Democratic,317,Cancelled,2023-08-19T18:04:54
368,PR-10368,David Miller DVM,2024-02-08,Later,440,Pending,2023-09-02T04:04:02
369,PR-10369,Amanda Smith,2023-09-30,Feel,3,Approved,2025-10-27T17:31:30
370,PR-10370,James Watts,2025-01-20,Information,189,Pending,2024-02-27T10:59:55
371,PR-10371,Kristin Vaughn,2024-11-01,Stay,428,Approved,2024-04-27T00:56:43
372,PR-10372,Kristina Jimenez,2023-02-18,Customer,380,Cancelled,2023-04-20T03:47:01
373,PR-10373,Christy Clark,2025-03-31,Western,239,Pending,2024-05-22T14:07:37
374,PR-10374,Megan Murray,2023-05-04,Social,405,Approved,2025-01-06T09:28:59
375,PR-10375,Michael Kennedy,2024-04-09,Art,417,Approved,2023-09-03T11:52:13
376,PR-10376,Shawn Berry,2024-10-26,Tax,445,Cancelled,2024-11-04T17:07:45
377,PR-10377,Amanda Baker,2025-05-01,Drive,97,Cancelled,2025-05-05T07:26:21
378,PR-10378,Kaitlyn Lewis,2023-08-28,Imagine,379,Pending,2024-01-27T10:28:42
379,PR-10379,Kimberly Bowen,2024-10-19,Decade,6,Approved,2023-01-08T20:44:24
380,PR-10380,Denise James,2023-07-29,Within,113,Approved,2025-05-01T10:24:51
381,PR-10381,David Wilson,2024-12-21,Only,320,Approved,2023-11-08T12:55:06
382,PR-10382,Megan Hart,2025-09-14,Right,285,Pending,2025-07-20T22:50:38
383,PR-10383,Joshua Fisher,2023-04-09,No,186,Cancelled,2024-07-24T23:21:05
384,PR-10384,Jessica Flores,2025-07-25,Remain,288,Cancelled,2023-08-19T09:25:42
385,PR-10385,Michelle Keller,2023-05-20,Statement,425,Pending,2024-11-14T04:02:00
386,PR-10386,Erika Clark,2024-03-13,Think,354,Approved,2023-01-08T14:14:19
387,PR-10387,Miguel Garcia,2025-08-18,Reason,265,Approved,2024-05-10T04:45:32
388,PR-10388,Mathew Higgins,2024-09-02,Light,150,Approved,2023-07-11T06:05:57
389,PR-10389,Paul Arnold,2024-12-04,Tree,113,Pending,2025-08-31T02:41:04
390,PR-10390,Micheal Garrison,2024-08-06,Market,345,Approved,2024-12-08T02:03:10
391,PR-10391,Dr. Maurice Avila PhD,2025-03-12,What,465,Pending,2025-04-09T15:12:43
392,PR-10392,Vanessa Grant,2024-05-22,Performance,58,Approved,2024-02-01T04:29:22
393,PR-10393,Kimberly Gutierrez,2024-11-25,At,323,Pending,2025-02-03T12:21:12
394,PR-10394,Rhonda Cook,2023-06-18,Nice,74,Cancelled,2025-05-25T17:18:52
395,PR-10395,Paula Richardson,2024-07-06,Send,11,Pending,2023-06-05T04:06:12
396,PR-10396,Eric Nelson,2023-01-07,Pay,11,Pending,2024-06-15T19:09:07
397,PR-10397,Matthew Caldwell,2023-09-06,Way,280,Pending,2023-12-14T01:19:02
398,PR-10398,Loretta Pierce,2024-01-02,Research,405,Cancelled,2024-03-02T12:11:54
399,PR-10399,Brian Carr,2024-02-12,Democratic,408,Pending,2024-11-21T06:06:42
400,PR-10400,Travis Barber,2025-04-06,Allow,114,Cancelled,2023-12-03T00:49:47
401,PR-10401,Russell Flores,2025-04-19,Cost,47,Pending,2024-04-04T06:53:07
402,PR-10402,Richard Greene,2024-11-15,Church,60,Cancelled,2023-08-22T17:04:18
403,PR-10403,Linda Williams,2023-08-26,Where,154,Pending,2025-08-20T06:19:57
404,PR-10404,Amy Welch,2025-10-01,At,252,Approved,2025-08-18T17:10:38
405,PR-10405,Tamara Kane,2023-06-26,Worker,192,Cancelled,2024-10-23T22:31:08
406,PR-10406,Anna Pacheco,2024-10-10,Fear,240,Cancelled,2023-07-31T02:51:31
407,PR-10407,Denise Gordon,2023-03-31,Republican,406,Approved,2023-04-10T04:18:08
408,PR-10408,Lisa Aguilar,2023-04-24,Like,87,Pending,2022-11-24T06:36:18
409,PR-10409,Ana Johnson,2024-07-31,Sell,437,Approved,2024-11-11T08:24:57
410,PR-10410,Dr. Matthew Potter,2024-08-23,Late,465,Pending,2025-08-21T08:02:03
411,PR-10411,Jennifer Garcia,2025-05-18,Political,130,Cancelled,2024-07-01T13:23:18
412,PR-10412,Billy Warner,2023-01-30,Act,157,Cancelled,2023-11-06T16:31:47
413,PR-10413,Stephen Carter,2025-03-06,Civil,377,Approved,2024-08-28T15:23:48
414,PR-10414,Lindsay James,2025-01-23,Ability,120,Pending,2024-08-29T05:24:29
415,PR-10415,Shannon Sullivan,2024-05-19,By,171,Pending,2023-01-22T01:16:06
416,PR-10416,Vanessa Jennings,2023-04-19,Understand,155,Approved,2024-05-21T21:20:30
417,PR-10417,Tammy Harrison,2023-08-10,Card,477,Cancelled,2024-03-06T06:35:56
418,PR-10418,Joshua Holmes,2023-06-24,Phone,463,Approved,2023-01-15T07:03:42
419,PR-10419,Wanda Roberts,2024-11-13,Land,498,Approved,2023-12-10T06:08:39
420,PR-10420,John Hardy,2023-10-12,Who,457,Approved,2024-10-14T03:28:22
421,PR-10421,Joshua Ward,2024-01-02,Beat,11,Cancelled,2025-09-09T18:33:15
422,PR-10422,Michelle Johnson,2025-10-03,Audience,76,Pending,2023-10-19T21:17:56
423,PR-10423,Jade Rowland,2024-08-03,Real,284,Pending,2023-10-02T16:39:02
424,PR-10424,Darren Gamble,2022-11-15,Offer,271,Cancelled,2023-06-06T06:17:15
425,PR-10425,Todd Reed,2024-01-21,Job,274,Cancelled,2023-10-31T00:07:15
426,PR-10426,Keith Martinez,2022-12-23,Discussion,50,Approved,2024-12-01T07:44:14
427,PR-10427,James Williams,2023-12-02,Market,42,Pending,2023-01-30T04:00:25
428,PR-10428,Donald Cooper,2023-04-10,Community,486,Approved,2024-03-16T07:13:27
429,PR-10429,Vincent Davis,2023-03-11,Add,335,Pending,2023-02-11T04:23:52
430,PR-10430,Antonio Mack,2025-07-20,Because,298,Approved,2024-10-04T07:24:37
431,PR-10431,Stephanie Brown,2023-03-10,Hold,351,Cancelled,2023-03-25T05:24:09
432,PR-10432,Regina Nguyen,2024-09-27,Sound,275,Pending,2023-10-10T12:06:00
433,PR-10433,Tina Morrison,2024-07-13,Exist,252,Pending,2024-06-14T21:23:40
434,PR-10434,Mary Saunders,2023-07-15,Heart,406,Pending,2024-12-14T14:27:20
435,PR-10435,Melvin Scott,2023-10-10,What,466,Approved,2023-02-18T01:04:27
436,PR-10436,Rebecca Hoffman,2023-07-04,Morning,63,Approved,2025-07-30T17:44:33
437,PR-10437,Natalie Rodriguez,2025-01-11,Bank,195,Pending,2025-04-01T10:27:44
438,PR-10438,Heather Meyers,2023-08-09,Rate,179,Approved,2025-07-13T09:00:55
439,PR-10439,Lisa Paul,2024-11-18,Commercial,151,Pending,2023-02-09T09:23:44
440,PR-10440,Robert Bishop,2024-09-12,Effort,274,Approved,2024-06-01T04:21:55
441,PR-10441,James Cortez,2023-05-19,Huge,223,Cancelled,2022-11-21T17:04:01
442,PR-10442,Sara Long,2023-05-19,Carry,419,Approved,2025-10-22T17:24:02
443,PR-10443,Nathan Cabrera,2025-01-26,Color,110,Cancelled,2024-07-17T04:29:38
444,PR-10444,Lonnie Carroll,2024-08-06,Effort,366,Cancelled,2024-02-04T08:30:36
445,PR-10445,Nathan Paul,2023-08-13,Nice,228,Pending,2022-11-25T01:36:04
446,PR-10446,Debbie Byrd,2024-12-30,Suggest,27,Pending,2025-09-26T06:02:48
447,PR-10447,Marvin Lopez,2025-02-13,Feeling,491,Pending,2025-03-15T12:39:18
448,PR-10448,John King,2024-12-16,Common,103,Cancelled,2023-03-20T17:52:39
449,PR-10449,Deborah Barnes,2025-09-19,Will,115,Pending,2023-11-03T04:55:01
450,PR-10450,Jason Mora,2025-03-05,Center,386,Pending,2023-08-25T13:43:24
451,PR-10451,Ashley Kent,2025-03-02,Crime,247,Pending,2023-09-30T02:14:24
452,PR-10452,Tammy Harvey,2023-06-08,Later,160,Cancelled,2023-01-31T21:40:44
453,PR-10453,Anthony Edwards,2024-09-14,Against,134,Pending,2024-06-11T08:16:09
454,PR-10454,Erica Cruz,2023-02-08,Ago,449,Pending,2024-07-28T22:18:15
455,PR-10455,Melissa Brown,2024-08-09,Board,245,Cancelled,2024-10-04T14:19:44
456,PR-10456,Luis Thompson,2023-06-09,Quickly,150,Pending,2024-10-15T18:14:38
457,PR-10457,Thomas Greene,2024-02-13,Next,82,Approved,2025-08-02T10:10:28
458,PR-10458,Kristina Mcdonald,2025-05-14,Speech,181,Approved,2025-09-15T16:17:17
459,PR-10459,Christina Miller,2024-10-19,Civil,282,Approved,2024-12-19T09:00:16
460,PR-10460,Amy Bartlett,2025-09-16,Must,316,Pending,2022-12-26T19:17:41
461,PR-10461,Stephanie Walton,2025-09-23,Exist,135,Approved,2023-05-01T15:08:32
462,PR-10462,Debra Foster,2024-04-24,Apply,287,Pending,2025-08-16T02:52:16
463,PR-10463,Joshua Simmons,2023-10-21,Require,85,Pending,2023-07-05T18:20:45
464,PR-10464,Susan Rogers,2023-10-01,Perform,370,Cancelled,2024-01-18T11:34:43
465,PR-10465,Jessica Miller,2023-07-01,Trip,127,Pending,2023-03-27T21:03:19
466,PR-10466,Christopher Burton,2024-01-09,Speech,15,Cancelled,2025-01-10T22:56:12
467,PR-10467,Sarah Merritt,2024-01-25,Some,51,Cancelled,2023-12-24T22:34:31
468,PR-10468,Martha Miller,2023-11-25,Decision,182,Cancelled,2024-04-03T11:07:26
469,PR-10469,Michael Price,2025-08-09,Difficult,144,Cancelled,2025-04-16T01:17:46
470,PR-10470,Jonathon Long,2025-05-30,Hospital,275,Cancelled,2024-03-30T15:26:37
471,PR-10471,Alan Macias,2025-08-19,Identify,13,Approved,2024-03-09T00:00:01
472,PR-10472,Melissa Guzman,2023-06-23,Letter,383,Cancelled,2024-07-23T04:36:44
473,PR-10473,Eduardo Cox,2024-09-18,Often,403,Pending,2023-02-09T12:39:28
474,PR-10474,Susan Shea,2024-06-12,Individual,130,Pending,2025-04-27T22:28:45
475,PR-10475,Oscar Johnson,2023-10-02,Chair,338,Cancelled,2023-10-06T00:58:50
476,PR-10476,Michael Crosby,2022-11-07,Fall,268,Cancelled,2025-06-01T14:34:10
477,PR-10477,Karen Stanley,2025-02-26,Create,91,Approved,2023-10-30T14:24:44
478,PR-10478,Thomas Carlson,2025-09-25,Hotel,116,Approved,2023-12-30T13:28:39
479,PR-10479,April Benson,2024-08-31,For,326,Approved,2023-11-14T14:01:22
480,PR-10480,Amanda Oneill,2025-07-03,Rich,463,Cancelled,2025-01-26T18:17:49
481,PR-10481,Julie Schmidt,2025-02-27,Perhaps,24,Cancelled,2025-06-01T18:07:10
482,PR-10482,David Valdez,2023-10-13,Wait,294,Approved,2025-08-18T02:25:52
483,PR-10483,Crystal Hawkins,2024-10-27,Improve,337,Approved,2022-12-15T18:04:05
484,PR-10484,Nichole Tate,2024-05-20,Film,255,Pending,2025-02-22T12:43:41
485,PR-10485,Ryan Padilla,2025-10-26,Improve,274,Cancelled,2025-04-11T10:42:11
486,PR-10486,Craig Quinn,2023-11-13,Light,398,Pending,2025-05-19T19:16:16
487,PR-10487,Thomas Wagner,2025-07-20,His,370,Pending,2022-12-19T09:24:37
488,PR-10488,Michael Gordon,2023-11-07,Trade,424,Pending,2025-02-06T23:54:15
489,PR-10489,Lindsay Edwards,2024-01-05,Those,152,Pending,2025-06-29T09:04:02
490,PR-10490,Charles Reyes,2025-10-30,But,209,Pending,2024-03-17T22:24:05
491,PR-10491,Kellie Miller,2024-02-11,Pattern,453,Pending,2025-03-22T11:34:08
492,PR-10492,Sonya Banks,2023-06-02,Feeling,370,Approved,2025-05-09T16:00:09
493,PR-10493,Jeffery Mcneil,2025-02-18,Lay,497,Approved,2023-03-22T22:17:09
494,PR-10494,April Smith,2024-10-09,Hold,49,Pending,2023-10-06T05:43:27
495,PR-10495,Paul Smith,2022-11-18,Break,111,Approved,2025-05-08T14:07:55
496,PR-10496,Terry Callahan,2024-10-09,Three,134,Approved,2025-07-08T11:16:46
497,PR-10497,James Alexander,2023-09-19,Hear,97,Cancelled,2025-01-04T11:35:09
498,PR-10498,Theresa Garcia,2024-10-31,Member,127,Approved,2025-05-23T18:29:32
499,PR-10499,Mario Schwartz,2023-10-05,Long,31,Pending,2025-07-16T12:08:14
500,PR-10500,Ricky Silva,2025-07-13,Local,442,Approved,2023-08-06T16:24:13
501,PR-10501,Shelia Garcia,2023-12-02,Camera,165,Approved,2025-09-20T04:21:42
502,PR-10502,Mary Stone,2024-11-23,Glass,387,Cancelled,2023-07-01T18:33:30
503,PR-10503,Sarah Burns PhD,2024-11-27,Range,201,Pending,2023-03-23T12:16:12
504,PR-10504,Lucas Lewis,2023-04-22,Sort,149,Cancelled,2025-09-05T04:41:05
505,PR-10505,Robert Wilson,2025-02-22,Community,282,Pending,2023-06-13T05:52:12
506,PR-10506,Vanessa Thompson,2023-10-13,Weight,462,Approved,2024-07-23T13:46:33
507,PR-10507,George Booth,2024-08-04,Take,59,Cancelled,2025-10-26T22:11:05
508,PR-10508,Angela Smith,2024-12-30,Although,181,Approved,2023-09-19T01:53:48
509,PR-10509,Mr. Edward Barrett,2023-07-29,Until,233,Cancelled,2024-03-26T07:25:42
510,PR-10510,Shane Smith,2023-01-12,Executive,57,Cancelled,2024-12-20T15:47:19
511,PR-10511,Susan Snow,2025-02-07,Job,29,Cancelled,2023-08-25T19:36:20
512,PR-10512,Jessica Ferguson,2025-07-16,Not,231,Approved,2025-02-28T15:53:12
513,PR-10513,Lisa Reyes,2025-08-24,Front,290,Pending,2023-01-22T15:59:27
514,PR-10514,Christina James,2024-06-15,Himself,74,Cancelled,2024-07-25T17:59:57
515,PR-10515,Debra Thomas,2024-11-27,Choice,331,Pending,2024-12-24T22:25:07
516,PR-10516,Nicole Roberts DDS,2024-10-24,Explain,317,Approved,2025-03-02T11:16:03
517,PR-10517,Michael Brady,2022-12-17,Short,213,Approved,2024-01-29T09:41:25
518,PR-10518,Joseph Guerra,2024-02-07,Budget,70,Cancelled,2024-01-11T17:07:32
519,PR-10519,Alicia Osborne,2024-12-21,Anyone,325,Approved,2025-02-12T06:18:37
520,PR-10520,Christina Brock,2024-05-30,As,360,Pending,2024-02-22T16:01:06
521,PR-10521,Brent Villarreal,2023-08-14,Practice,328,Approved,2025-07-19T17:52:57
522,PR-10522,Laura Wise,2024-01-05,Republican,55,Cancelled,2023-10-02T22:40:23
523,PR-10523,Mrs. Penny White,2025-05-16,Hotel,1,Cancelled,2025-03-12T09:47:23
524,PR-10524,Margaret Castillo,2023-07-22,Situation,388,Pending,2024-01-23T18:34:32
525,PR-10525,Kyle Manning,2024-05-17,Clear,393,Approved,2025-09-25T13:47:09
526,PR-10526,Louis Richardson,2023-04-17,Western,143,Approved,2024-06-01T09:17:34
527,PR-10527,Thomas Roberts,2025-01-25,Once,337,Approved,2023-05-30T16:31:10
528,PR-10528,Phillip Matthews,2025-01-22,Race,141,Approved,2023-11-06T17:15:29
529,PR-10529,Kelli Hunter,2023-11-28,Cause,211,Approved,2024-06-22T04:44:48
530,PR-10530,Stephanie Hall,2025-02-02,Money,439,Cancelled,2024-06-27T15:33:10
531,PR-10531,Carolyn Norton,2023-12-29,Memory,334,Cancelled,2023-07-06T12:28:15
532,PR-10532,Thomas Gray,2024-05-15,Foot,77,Approved,2025-05-18T04:00:22
533,PR-10533,Nicole Mcfarland,2024-07-12,Focus,10,Approved,2024-03-29T21:15:27
534,PR-10534,Sarah Brown,2024-02-23,Stuff,220,Pending,2022-11-03T03:46:50
535,PR-10535,Scott Lane,2024-02-02,Low,117,Approved,2024-04-28T21:54:32
536,PR-10536,Margaret Gibbs,2023-02-08,Cultural,426,Cancelled,2024-08-18T12:38:21
537,PR-10537,Brenda Harris,2025-09-24,Use,409,Pending,2023-03-31T09:30:35
538,PR-10538,Danielle Harrison,2022-11-11,Republican,213,Approved,2023-10-03T11:20:49
539,PR-10539,Nicholas Lee,2024-05-20,Center,434,Pending,2022-11-17T09:21:26
540,PR-10540,Jodi Cannon,2025-04-09,Work,192,Pending,2023-04-06T12:00:43
541,PR-10541,Michelle Jones,2023-06-01,Determine,254,Pending,2025-08-02T20:42:25
542,PR-10542,Grace Cole,2025-05-19,Identify,93,Pending,2023-04-20T05:50:00
543,PR-10543,Shane Washington,2025-01-16,Their,150,Approved,2024-08-27T09:09:25
544,PR-10544,Ruth Harrell,2023-03-17,Star,125,Pending,2024-02-05T03:20:03
545,PR-10545,Alexandra Allen,2022-11-30,Shake,256,Pending,2025-06-21T08:28:35
546,PR-10546,Michael Cook,2023-10-14,Capital,333,Pending,2022-11-11T10:49:23
547,PR-10547,Terri Valdez,2025-04-25,Although,312,Approved,2023-08-15T17:52:31
548,PR-10548,Stephanie Davis,2025-08-24,Once,272,Pending,2025-08-30T00:57:39
549,PR-10549,Andrew Huff,2025-06-02,Better,413,Pending,2025-03-25T17:09:01
550,PR-10550,Autumn Berger,2024-04-08,Human,132,Pending,2024-06-04T05:37:51
551,PR-10551,Michael Campos DVM,2025-01-29,Onto,395,Cancelled,2025-08-27T21:00:15
552,PR-10552,Cynthia Molina,2024-05-24,Interesting,473,Approved,2025-06-03T00:17:45
553,PR-10553,Christopher Spencer,2025-08-31,Activity,112,Pending,2023-08-31T08:08:32
554,PR-10554,Kathleen Rowe,2025-02-18,Experience,123,Pending,2024-05-15T11:22:20
555,PR-10555,Christina Ritter,2023-08-23,See,26,Pending,2024-08-02T18:51:54
556,PR-10556,Sherry Hall,2023-01-21,To,207,Approved,2025-01-26T03:02:47
557,PR-10557,Larry Brown,2023-03-26,Actually,353,Approved,2024-02-20T23:17:20
558,PR-10558,Charles Schultz,2025-08-21,Account,483,Approved,2023-10-16T18:55:09
559,PR-10559,Carla Waters,2025-02-25,Know,145,Approved,2024-06-02T04:40:17
560,PR-10560,Jeffrey Ferguson,2023-07-29,Young,136,Cancelled,2023-08-06T08:41:05
561,PR-10561,Sarah Fernandez,2023-07-07,Analysis,150,Cancelled,2025-02-04T08:55:46
562,PR-10562,Jennifer Crawford,2024-11-24,Shake,103,Approved,2025-01-29T05:18:45
563,PR-10563,Kimberly Watson,2022-11-27,Might,202,Approved,2024-12-21T04:49:43
564,PR-10564,Vanessa Wheeler,2023-10-16,Figure,117,Approved,2022-12-16T02:06:40
565,PR-10565,Sophia Gomez,2023-05-16,Thank,485,Pending,2024-01-24T18:54:57
566,PR-10566,Alyssa Robertson,2023-03-28,Safe,51,Approved,2024-04-03T20:02:28
567,PR-10567,Elizabeth Munoz,2025-01-16,Past,9,Cancelled,2023-08-19T00:19:27
568,PR-10568,Kristina Bailey,2022-11-29,Allow,127,Approved,2023-08-26T02:48:11
569,PR-10569,Kimberly Carr,2023-07-28,Standard,24,Pending,2024-06-23T09:05:19
570,PR-10570,Terry Bowman,2022-12-30,Now,467,Cancelled,2023-06-20T06:55:26
571,PR-10571,Susan Hale,2023-04-11,Alone,304,Approved,2023-08-19T20:50:22
572,PR-10572,Edward Wilson,2025-08-01,Involve,413,Approved,2024-06-27T13:10:00
573,PR-10573,Jose Meyer,2024-11-12,Operation,400,Pending,2025-07-03T03:19:48
574,PR-10574,Jacob Jones,2023-10-15,Any,317,Pending,2023-07-16T04:15:29
575,PR-10575,Amber Daniel,2024-09-22,Present,392,Cancelled,2025-07-24T16:04:40
576,PR-10576,Connor Baker,2024-01-12,Next,300,Pending,2024-01-21T19:29:47
577,PR-10577,Lisa Fisher,2024-03-16,Ok,137,Cancelled,2025-03-16T23:42:06
578,PR-10578,Kimberly York,2024-07-03,Later,354,Cancelled,2024-01-24T01:56:00
579,PR-10579,Jeffrey Cohen,2025-09-04,Require,201,Approved,2023-04-07T05:57:18
580,PR-10580,Kathryn Evans,2023-11-09,Bag,244,Cancelled,2025-02-08T15:31:57
581,PR-10581,Isabel Meyers,2023-10-26,Attorney,480,Pending,2023-07-31T21:06:33
582,PR-10582,Amanda Sosa,2023-04-18,However,187,Pending,2025-01-15T10:58:51
583,PR-10583,Christine Wyatt,2024-04-06,Person,318,Cancelled,2024-12-15T07:47:44
584,PR-10584,Isaiah Little,2024-04-02,American,415,Approved,2023-10-11T21:02:35
585,PR-10585,Linda Hughes,2022-12-13,Support,445,Approved,2023-08-14T22:40:26
586,PR-10586,Louis Wells,2023-07-12,Statement,84,Pending,2025-10-26T02:23:37
587,PR-10587,Amanda Matthews,2023-12-03,Sell,380,Approved,2025-07-08T00:41:37
588,PR-10588,Andrew Aguirre,2025-08-06,Section,150,Pending,2023-11-04T03:44:51
589,PR-10589,William Meyer,2022-11-30,Lawyer,361,Approved,2024-02-28T20:34:46
590,PR-10590,Becky Garner,2024-03-26,Country,69,Approved,2024-05-17T12:36:52
591,PR-10591,Sierra Hodge MD,2023-04-23,Describe,233,Pending,2025-07-25T21:58:03
592,PR-10592,Yolanda Sanchez,2025-04-26,Music,489,Cancelled,2024-09-11T15:06:04
593,PR-10593,Paul Davidson,2025-02-25,Find,276,Cancelled,2024-09-13T06:31:46
594,PR-10594,Michael Wells,2024-07-05,Pay,424,Cancelled,2024-04-20T15:01:12
595,PR-10595,Jessica Black,2025-03-04,On,457,Pending,2023-08-31T14:02:32
596,PR-10596,Shaun Harvey,2023-05-14,Something,477,Approved,2025-07-12T18:01:34
597,PR-10597,James Willis,2023-09-05,Line,377,Approved,2023-08-06T16:29:13
598,PR-10598,Monica Powell,2023-02-14,Maintain,32,Pending,2023-12-18T14:21:36
599,PR-10599,Manuel Lynch,2024-12-29,Benefit,107,Approved,2024-09-15T02:50:17
600,PR-10600,Jerry Kane,2024-11-30,Today,34,Cancelled,2025-05-10T18:22:11
601,PR-10601,Noah Murillo,2025-05-23,During,48,Approved,2022-12-19T20:52:59
602,PR-10602,Patricia Perez MD,2024-08-06,Yard,199,Approved,2024-09-22T07:29:25
603,PR-10603,Sarah Lewis,2024-09-18,Laugh,113,Pending,2024-06-26T21:46:14
604,PR-10604,Elizabeth Welch,2024-09-26,Arrive,406,Pending,2023-06-01T00:39:29
605,PR-10605,Patrick Martinez,2023-09-19,Year,62,Cancelled,2024-08-10T02:46:50
606,PR-10606,Michael Kelly,2025-09-26,Section,378,Cancelled,2024-12-11T03:14:39
607,PR-10607,Christopher Duffy,2025-06-22,Lawyer,235,Cancelled,2023-05-03T10:59:03
608,PR-10608,Gabriel Klein,2024-08-06,Field,395,Approved,2023-06-01T17:52:31
609,PR-10609,Michael Parker,2025-05-24,Surface,179,Cancelled,2024-06-13T19:50:29
610,PR-10610,Kelsey Kelley,2024-03-07,Economy,142,Pending,2025-07-08T02:30:53
611,PR-10611,Justin Koch,2025-10-23,Appear,153,Approved,2025-01-06T12:46:11
612,PR-10612,Eric Fernandez,2024-02-17,By,250,Approved,2025-04-30T10:55:49
613,PR-10613,Gregory Evans,2024-09-13,Vote,378,Pending,2022-11-17T05:47:35
614,PR-10614,Mary Todd,2023-06-13,Work,13,Approved,2024-01-14T10:08:09
615,PR-10615,Melinda White,2025-03-20,Other,175,Pending,2022-11-30T12:58:15
616,PR-10616,Thomas Reid,2023-01-12,Room,457,Pending,2025-01-29T19:06:31
617,PR-10617,Tiffany Ortiz,2023-07-31,Find,499,Approved,2024-02-15T04:00:46
618,PR-10618,Robert Stanton,2023-06-18,Practice,375,Approved,2024-01-23T14:20:59
619,PR-10619,Mark Klein,2025-07-20,Reflect,302,Approved,2023-12-27T14:14:06
620,PR-10620,Jordan Reed,2024-11-15,Country,307,Pending,2023-02-14T05:17:46
621,PR-10621,Meghan Rodriguez,2024-03-12,Thus,357,Approved,2023-03-19T20:55:11
622,PR-10622,Andrew Allen,2023-03-30,Heart,71,Approved,2023-05-16T01:00:41
623,PR-10623,Christopher Meyer,2024-08-01,Main,205,Pending,2024-02-12T07:51:14
624,PR-10624,William Bell,2024-01-01,Human,406,Approved,2022-11-26T21:32:58
625,PR-10625,Emily Adams,2024-09-09,Scene,126,Cancelled,2025-06-12T21:30:18
626,PR-10626,Sarah Kent,2025-10-07,Research,210,Cancelled,2024-10-06T03:55:17
627,PR-10627,Alfred Gilbert,2023-06-18,Glass,464,Pending,2023-11-29T06:12:09
628,PR-10628,Zachary Hodges MD,2024-09-26,Star,386,Approved,2024-05-26T21:22:31
629,PR-10629,Michael Horton,2025-08-13,Fear,114,Pending,2025-01-08T07:31:26
630,PR-10630,Kimberly Nelson,2025-02-09,Product,20,Approved,2025-10-02T10:13:03
631,PR-10631,Meghan Bell,2025-01-08,Week,302,Cancelled,2024-02-04T17:17:22
632,PR-10632,Steven Parker,2023-12-26,Of,486,Pending,2023-06-30T02:54:13
633,PR-10633,Richard Flores,2025-06-23,Wear,107,Cancelled,2025-06-22T14:47:02
634,PR-10634,Collin Brown,2023-05-07,Politics,111,Cancelled,2024-10-31T13:08:46
635,PR-10635,Michael Anderson,2024-02-19,Data,395,Cancelled,2024-04-04T09:57:09
636,PR-10636,Anthony Riley,2025-06-22,Performance,285,Cancelled,2024-01-19T22:01:04
637,PR-10637,John Walsh,2024-02-02,Feeling,449,Pending,2025-06-16T20:00:47
638,PR-10638,Jacob Day,2025-07-29,Price,243,Cancelled,2023-09-22T00:24:41
639,PR-10639,Laura Benson,2025-10-13,Step,252,Pending,2024-04-12T02:31:39
640,PR-10640,Mr. Kevin Walker DDS,2025-08-04,Yourself,341,Cancelled,2025-08-31T18:16:09
641,PR-10641,Terry Smith,2022-11-03,Myself,187,Approved,2024-09-24T18:13:43
642,PR-10642,Bobby Dean,2025-04-02,With,114,Cancelled,2025-03-01T06:17:07
643,PR-10643,Peter Barnes,2024-01-29,Almost,95,Pending,2025-04-07T23:41:04
644,PR-10644,Mark Roberts,2023-12-26,Short,56,Cancelled,2024-04-13T20:39:44
645,PR-10645,Michelle Romero,2024-07-31,Effect,487,Approved,2023-11-30T09:45:53
646,PR-10646,Wayne Mathews,2024-04-26,Morning,284,Pending,2023-02-27T11:31:05
647,PR-10647,Dorothy Villegas,2025-05-02,Respond,380,Approved,2024-12-29T23:52:02
648,PR-10648,Victor Rodriguez,2024-11-24,Hour,73,Approved,2023-05-12T14:47:19
649,PR-10649,Jason Travis,2024-03-10,At,330,Cancelled,2024-05-21T10:30:17
650,PR-10650,Nicole Allen,2023-04-06,Ground,270,Approved,2024-04-12T18:23:25
651,PR-10651,Malik Jones,2025-05-14,Gas,225,Pending,2023-06-15T21:34:28
652,PR-10652,Jessica Bradford,2025-03-03,Sure,169,Cancelled,2022-11-28T22:00:23
653,PR-10653,Kent Peterson,2025-08-19,Worry,345,Pending,2024-09-13T15:35:16
654,PR-10654,Stephanie Hernandez,2024-05-14,Network,476,Pending,2023-08-09T16:26:04
655,PR-10655,Charlene Green,2025-06-24,Several,181,Cancelled,2023-07-20T03:10:13
656,PR-10656,Ethan Moreno,2025-02-03,President,408,Cancelled,2025-01-01T06:52:22
657,PR-10657,Katie Huang,2023-02-26,End,320,Approved,2023-06-23T06:16:45
658,PR-10658,Elizabeth Meza,2022-11-28,Price,109,Approved,2023-10-04T23:46:46
659,PR-10659,Tammy Powell,2025-08-30,Image,154,Approved,2023-12-08T22:23:22
660,PR-10660,Chelsea Clark,2023-07-26,Remember,268,Approved,2025-03-30T03:44:17
661,PR-10661,Raymond Murphy,2024-05-30,Stock,413,Pending,2023-06-19T00:21:10
662,PR-10662,Charles Peterson,2023-04-27,Vote,19,Cancelled,2023-01-25T22:20:58
663,PR-10663,Mrs. Tina Graham,2024-11-22,Challenge,151,Approved,2023-06-30T00:57:58
664,PR-10664,Casey Golden,2023-03-10,No,316,Cancelled,2024-07-23T17:16:01
665,PR-10665,Christina Yu,2024-08-06,Level,134,Approved,2024-08-17T01:38:17
666,PR-10666,James Eaton,2025-05-17,Result,388,Cancelled,2023-04-13T19:06:55
667,PR-10667,James Hale,2024-04-13,Present,391,Cancelled,2024-11-20T13:28:57
668,PR-10668,Ian Byrd MD,2025-03-07,Foot,84,Cancelled,2024-08-13T12:09:58
669,PR-10669,Christian Johnson,2025-04-02,Safe,120,Cancelled,2025-03-11T16:03:58
670,PR-10670,Jennifer Hooper,2023-11-27,Turn,205,Cancelled,2023-11-06T12:12:57
671,PR-10671,Robert Ballard,2023-08-08,Couple,51,Approved,2023-07-24T22:39:52
672,PR-10672,Margaret Fletcher,2025-10-03,Worker,438,Approved,2023-05-03T04:27:52
673,PR-10673,Tommy Higgins,2023-08-26,Off,443,Pending,2022-12-16T22:11:29
674,PR-10674,Melissa Phillips,2023-01-30,Force,465,Cancelled,2024-01-06T09:53:51
675,PR-10675,Rebecca Vega,2025-01-25,Like,360,Cancelled,2023-07-11T22:42:15
676,PR-10676,Ronald Turner,2023-03-06,Address,484,Pending,2023-02-10T05:03:55
677,PR-10677,Mark Perez,2023-01-01,Say,279,Approved,2023-10-13T20:45:02
678,PR-10678,David Davila,2024-11-22,Agree,294,Pending,2025-07-30T03:39:53
679,PR-10679,Elizabeth Smith,2024-10-11,Family,292,Approved,2024-12-27T15:35:04
680,PR-10680,Bonnie Lewis,2024-10-12,Choice,277,Approved,2024-04-25T14:25:50
681,PR-10681,Joshua Simmons,2024-09-25,Floor,119,Cancelled,2023-09-04T03:46:03
682,PR-10682,Douglas Martinez,2025-03-04,Other,413,Approved,2024-07-23T22:11:35
683,PR-10683,Heidi Kennedy,2024-08-01,Other,375,Cancelled,2024-07-05T02:47:30
684,PR-10684,Mary Hayes,2023-11-09,Charge,251,Approved,2025-01-26T07:50:38
685,PR-10685,Paul Newton,2025-06-11,Human,424,Approved,2024-09-05T02:11:11
686,PR-10686,Patricia Johnson,2023-01-22,Tv,119,Cancelled,2022-12-17T03:26:17
687,PR-10687,Amber Hogan,2024-02-15,Write,193,Approved,2023-07-05T16:21:10
688,PR-10688,Mr. Alexander Deleon,2024-12-06,Thousand,118,Approved,2025-02-06T09:58:48
689,PR-10689,Curtis Fowler,2025-06-30,Population,66,Approved,2023-10-26T06:41:26
690,PR-10690,Teresa Butler,2023-12-23,Choice,123,Approved,2024-10-31T19:23:43
691,PR-10691,Benjamin Blankenship,2024-01-22,Door,6,Pending,2022-12-03T17:21:17
692,PR-10692,Kimberly Robertson,2023-03-31,Fact,405,Approved,2025-07-01T02:05:41
693,PR-10693,Joshua Palmer,2025-01-29,Statement,185,Approved,2023-10-26T03:37:01
694,PR-10694,David Benton DDS,2024-05-13,Six,6,Approved,2023-09-26T07:54:56
695,PR-10695,Christina Banks,2023-12-18,Offer,5,Cancelled,2024-12-30T01:49:28
696,PR-10696,Adrian Perez,2023-04-11,Break,287,Approved,2023-09-12T15:21:07
697,PR-10697,Jesse Jones,2023-12-30,Protect,59,Cancelled,2024-05-11T00:05:18
698,PR-10698,Kimberly Newton,2023-05-09,Yeah,101,Cancelled,2025-09-17T08:07:13
699,PR-10699,Susan Carter,2023-12-12,Environmental,119,Cancelled,2023-04-13T06:55:55
700,PR-10700,Mrs. Deanna Campbell,2025-07-26,Effort,294,Pending,2024-04-01T19:02:27
701,PR-10701,Sarah Smith,2023-04-08,Will,51,Pending,2024-02-14T10:09:40
702,PR-10702,Allison Sexton,2025-05-13,Summer,236,Approved,2025-09-12T21:01:10
703,PR-10703,Steven Smith,2024-08-20,Every,470,Pending,2024-07-16T12:57:50
704,PR-10704,Mr. Jorge Reid,2025-05-14,Girl,407,Cancelled,2024-06-11T00:01:30
705,PR-10705,Cindy Burns,2023-10-02,Senior,331,Pending,2023-11-11T21:07:12
706,PR-10706,Mark Gonzalez,2024-07-10,Trip,3,Cancelled,2023-05-14T09:44:30
707,PR-10707,Edward Vasquez,2023-05-18,Future,241,Cancelled,2022-11-16T09:31:18
708,PR-10708,Michael White,2024-09-11,Read,7,Approved,2024-01-05T19:53:27
709,PR-10709,Christopher Lozano,2023-12-19,Nice,248,Cancelled,2024-10-04T08:37:10
710,PR-10710,Steven Zuniga,2025-10-05,Picture,472,Cancelled,2024-01-29T10:45:02
711,PR-10711,Julie Harvey,2023-10-23,Positive,337,Cancelled,2023-11-14T15:26:57
712,PR-10712,Rebecca Watson,2024-08-08,Father,372,Cancelled,2023-12-22T08:34:26
713,PR-10713,Jeffrey Dodson,2024-06-02,Rise,275,Cancelled,2023-12-04T23:43:24
714,PR-10714,Michele Simpson,2023-09-19,Fast,206,Pending,2024-12-28T16:09:25
715,PR-10715,Ashley Giles,2025-08-13,Later,470,Cancelled,2024-01-29T20:34:33
716,PR-10716,Scott Garcia,2022-12-11,Use,90,Approved,2024-10-07T02:10:40
717,PR-10717,Carla Skinner,2024-02-09,Direction,213,Cancelled,2023-07-26T04:13:16
718,PR-10718,Michael Irwin,2023-03-09,Serious,36,Approved,2023-07-29T07:45:02
719,PR-10719,Bethany Orr,2024-09-09,Foot,219,Approved,2023-06-07T03:28:34
720,PR-10720,Samuel Welch,2025-07-14,Clear,21,Pending,2024-12-02T18:23:26
721,PR-10721,Theresa Weber,2025-09-29,Light,283,Cancelled,2024-06-24T21:04:00
722,PR-10722,Jason Downs,2023-12-25,View,2,Pending,2024-11-28T16:34:26
723,PR-10723,Lisa Reynolds,2023-07-06,Lot,456,Cancelled,2025-06-26T22:54:00
724,PR-10724,Maria Terry,2025-10-01,Firm,14,Pending,2025-08-16T23:12:10
725,PR-10725,Pamela Vazquez,2025-05-06,Travel,88,Pending,2023-12-02T00:38:11
726,PR-10726,Joshua Young,2025-07-21,Prove,348,Approved,2025-01-06T16:45:47
727,PR-10727,Jessica Key,2023-08-14,Threat,151,Approved,2023-10-26T21:01:43
728,PR-10728,Lori Snyder,2024-10-21,Rich,222,Pending,2025-09-24T08:16:47
729,PR-10729,Shawn Lawson,2023-10-22,Religious,498,Cancelled,2024-03-06T05:29:57
730,PR-10730,Ryan Diaz,2025-10-18,Give,212,Approved,2024-12-03T21:36:09
731,PR-10731,Kathryn Giles,2025-02-20,Market,48,Approved,2024-08-19T13:00:59
732,PR-10732,James Wilcox,2025-02-03,Will,358,Approved,2025-05-20T20:11:21
733,PR-10733,Sherry Smith,2025-05-03,Wall,288,Approved,2023-04-04T06:36:43
734,PR-10734,Ronald Richard,2025-09-17,Commercial,204,Approved,2025-04-30T21:53:17
735,PR-10735,Michelle Wright,2025-05-04,Bag,94,Approved,2025-04-06T08:56:43
736,PR-10736,Kristina Walsh,2023-02-20,Field,182,Approved,2025-08-12T02:03:05
737,PR-10737,Brooke Garcia,2023-05-25,Fall,417,Pending,2025-01-08T16:15:28
738,PR-10738,Stephen Jackson,2023-12-04,Among,153,Pending,2025-01-01T13:05:35
739,PR-10739,Jennifer Delgado,2024-03-08,Job,279,Cancelled,2024-07-24T08:51:41
740,PR-10740,Sarah Beck,2024-12-11,Degree,103,Pending,2025-05-04T03:48:05
741,PR-10741,Shannon Roman,2025-05-24,Certain,387,Cancelled,2024-02-05T01:41:22
742,PR-10742,Craig Kerr,2024-09-19,Agency,90,Pending,2025-09-13T16:09:45
743,PR-10743,Lisa Taylor,2025-10-17,Surface,497,Cancelled,2025-10-01T21:37:45
744,PR-10744,Hannah Benson,2023-12-22,Authority,374,Cancelled,2023-03-15T12:51:03
745,PR-10745,Troy Rodriguez,2023-11-12,Think,136,Pending,2025-09-11T15:30:13
746,PR-10746,Christina Jordan,2024-06-30,Quickly,319,Cancelled,2024-10-28T01:26:39
747,PR-10747,Patricia Flores,2025-06-29,Minute,365,Pending,2023-03-06T12:12:14
748,PR-10748,Gregory Lamb,2023-09-04,And,96,Approved,2024-07-23T04:40:37
749,PR-10749,Karen Johnson,2024-11-22,Mission,456,Cancelled,2022-12-01T03:58:50
750,PR-10750,Tony Dennis Jr.,2023-07-15,Travel,40,Approved,2023-07-14T06:04:30
751,PR-10751,Roger Taylor,2024-07-14,Thought,208,Approved,2024-09-23T16:16:26
752,PR-10752,Christine Hill,2025-05-08,Item,295,Cancelled,2024-10-13T05:48:15
753,PR-10753,Christopher Fowler,2024-09-17,Writer,188,Approved,2025-10-12T04:37:17
754,PR-10754,Patricia Mcknight,2024-03-16,Out,228,Approved,2025-02-28T00:54:20
755,PR-10755,Justin Weaver,2025-10-13,Specific,86,Approved,2024-03-19T03:37:57
756,PR-10756,Melissa Castillo,2025-06-02,Tree,108,Approved,2023-04-04T04:17:00
757,PR-10757,Elizabeth Pearson,2023-09-30,Stand,291,Cancelled,2025-06-07T08:08:10
758,PR-10758,Rhonda Miller,2023-03-14,Determine,489,Approved,2025-01-13T20:27:14
759,PR-10759,Heather Garcia,2023-07-25,Tax,488,Pending,2024-01-06T23:41:17
760,PR-10760,Mark Payne,2024-12-30,I,348,Cancelled,2024-12-08T11:01:38
761,PR-10761,Yvonne Hayes,2023-04-20,Produce,349,Approved,2025-02-25T00:30:09
762,PR-10762,Stacey Juarez,2025-05-06,Conference,14,Cancelled,2024-09-28T12:42:12
763,PR-10763,Sharon Garcia,2024-06-09,Affect,417,Approved,2024-09-04T15:10:42
764,PR-10764,Ryan Vaughn,2022-12-16,Notice,154,Approved,2025-08-23T03:31:03
765,PR-10765,Jennifer Byrd,2023-08-13,Glass,80,Pending,2024-11-22T05:33:55
766,PR-10766,Dr. Barbara Patton,2023-10-07,Experience,386,Cancelled,2024-06-13T05:10:17
767,PR-10767,Michael Richard,2023-06-04,Small,69,Approved,2024-09-05T07:20:32
768,PR-10768,James Young,2023-01-31,Relate,138,Approved,2024-02-29T01:47:02
769,PR-10769,Janet Blackburn MD,2024-10-03,Pick,353,Approved,2024-10-06T15:49:27
770,PR-10770,Lauren Cardenas,2023-07-06,Stay,413,Pending,2025-09-25T01:53:41
771,PR-10771,William Porter,2025-02-17,Scientist,301,Approved,2023-01-17T19:43:42
772,PR-10772,Joseph Holden,2025-02-17,Avoid,236,Cancelled,2023-04-06T05:58:38
773,PR-10773,Karen Stone,2025-01-10,Western,305,Approved,2024-07-24T07:27:01
774,PR-10774,Scott Hamilton,2023-11-16,Industry,462,Approved,2025-10-30T04:33:04
775,PR-10775,Diana Lucas,2022-12-05,Number,57,Cancelled,2023-11-03T02:58:25
776,PR-10776,Monique Perry,2025-08-03,Wind,310,Pending,2024-02-09T01:12:26
777,PR-10777,Alexander Marshall,2023-05-17,Nearly,360,Approved,2023-05-18T07:48:30
778,PR-10778,Nichole Miller,2024-06-14,Bit,210,Cancelled,2024-12-31T13:18:02
779,PR-10779,Lacey Fleming,2025-08-05,Medical,23,Approved,2024-03-06T14:02:54
780,PR-10780,Jill Roberts,2023-02-04,Everybody,119,Cancelled,2024-05-25T01:55:14
781,PR-10781,Bryan Nguyen,2024-11-23,Thank,59,Cancelled,2025-07-04T19:22:53
782,PR-10782,Danielle Brown,2024-11-02,Claim,484,Pending,2023-01-03T04:16:16
783,PR-10783,Colleen Ayala,2024-02-21,Its,15,Pending,2023-10-17T00:10:34
784,PR-10784,Victor Hebert,2024-02-21,Cup,470,Approved,2025-02-01T07:16:37
785,PR-10785,Nicole Hill,2023-08-03,Public,292,Approved,2023-12-14T07:37:27
786,PR-10786,Michael Austin,2024-10-07,Mission,241,Approved,2024-02-01T08:22:38
787,PR-10787,William Castillo,2023-12-18,Mr,197,Cancelled,2023-05-05T20:43:04
788,PR-10788,Bradley Thomas,2025-04-08,Instead,24,Pending,2022-11-11T20:57:29
789,PR-10789,Timothy Harper,2023-03-07,Young,92,Pending,2023-04-21T19:15:51
790,PR-10790,Nicole Bush,2022-12-28,Rest,8,Pending,2023-09-05T06:18:01
791,PR-10791,Becky Hopkins,2024-01-12,Professor,332,Pending,2024-06-03T12:04:18
792,PR-10792,Kristen Rodriguez,2024-06-04,Century,353,Cancelled,2024-06-20T09:59:42
793,PR-10793,Katherine Wright,2024-04-02,Executive,221,Approved,2024-07-14T11:02:03
794,PR-10794,Stephanie Frederick,2023-03-28,Race,396,Pending,2025-07-14T10:34:18
795,PR-10795,Gerald Dominguez,2023-07-22,Cost,112,Cancelled,2023-08-07T10:39:14
796,PR-10796,Michelle Michael,2024-12-24,Rule,86,Pending,2025-06-15T09:15:44
797,PR-10797,Vincent Knapp,2025-09-15,Top,128,Approved,2023-11-28T05:44:38
798,PR-10798,Meghan Kelly,2025-02-16,Tell,164,Pending,2023-06-29T16:18:55
799,PR-10799,Joel Stokes,2025-09-15,Town,73,Pending,2025-01-20T06:20:50
800,PR-10800,Suzanne Moore,2023-04-09,Approach,309,Approved,2023-03-20T06:58:33
801,PR-10801,Jon Peters,2023-01-30,Reach,52,Pending,2025-10-13T03:46:43
802,PR-10802,Christopher Raymond,2024-01-26,Computer,134,Approved,2025-04-02T05:04:49
803,PR-10803,Amanda Murray MD,2023-07-21,Response,336,Cancelled,2025-03-11T17:24:10
804,PR-10804,Maria Phillips,2025-03-23,Himself,206,Pending,2024-02-08T23:20:28
805,PR-10805,Julie Wise,2023-01-12,Voice,325,Cancelled,2022-12-21T14:49:38
806,PR-10806,Cassandra Daniels,2024-05-22,Wish,56,Pending,2025-03-04T06:22:58
807,PR-10807,Anthony Ramos,2025-04-30,Keep,380,Pending,2025-05-11T05:38:42
808,PR-10808,Sylvia Larsen,2022-12-23,More,87,Approved,2023-10-17T08:47:52
809,PR-10809,Lydia Rodriguez,2022-12-21,Person,133,Cancelled,2025-10-25T00:03:04
810,PR-10810,Amanda Campbell,2023-11-30,Off,421,Pending,2025-05-01T12:25:03
811,PR-10811,Pedro Chung,2025-09-28,Agree,296,Approved,2023-08-15T05:18:00
812,PR-10812,James Taylor,2023-01-18,Situation,55,Pending,2022-11-06T13:20:15
813,PR-10813,Kristen Wilson,2023-12-13,Son,453,Pending,2025-08-09T08:06:13
814,PR-10814,John Bowman,2023-11-20,Anyone,292,Approved,2023-10-19T20:02:54
815,PR-10815,Matthew Jordan,2023-11-27,Report,171,Approved,2024-07-16T20:51:36
816,PR-10816,Cynthia Bauer,2024-04-15,Wonder,179,Pending,2024-10-25T17:49:56
817,PR-10817,Carrie Shields,2022-12-14,House,169,Cancelled,2024-04-24T08:01:02
818,PR-10818,Elizabeth Fields,2024-11-05,Arrive,161,Pending,2024-01-16T09:39:48
819,PR-10819,Jeremiah Herrera,2024-04-07,Officer,228,Approved,2023-03-15T08:19:20
820,PR-10820,Benjamin Patel,2023-01-02,Listen,164,Approved,2024-04-10T22:35:03
821,PR-10821,Richard Velazquez,2023-06-13,Shake,367,Cancelled,2023-06-09T06:06:06
822,PR-10822,Timothy Smith,2025-10-23,Task,287,Pending,2024-06-16T05:15:13
823,PR-10823,Evan Lewis,2023-08-28,Source,216,Approved,2025-09-28T09:46:49
824,PR-10824,Debbie Lopez,2024-01-08,Ball,435,Cancelled,2024-06-23T19:36:44
825,PR-10825,Cynthia Taylor,2025-09-30,Admit,482,Approved,2025-04-21T09:57:13
826,PR-10826,Patrick Logan,2023-01-22,Country,14,Cancelled,2024-11-22T16:58:40
827,PR-10827,Ashley Garcia,2023-09-06,Inside,336,Pending,2024-07-22T15:44:30
828,PR-10828,Karen Walton PhD,2023-08-28,Teacher,209,Pending,2025-08-03T04:57:22
829,PR-10829,Jessica Robinson,2025-08-05,Activity,262,Cancelled,2025-04-09T01:04:15
830,PR-10830,Michelle Jenkins,2024-11-18,Future,415,Approved,2024-11-28T14:55:41
831,PR-10831,Jennifer Cole,2024-06-20,Conference,190,Cancelled,2025-07-16T10:48:10
832,PR-10832,Jonathan Berger MD,2025-01-08,Each,499,Approved,2025-10-19T03:18:06
833,PR-10833,Jody Rowland,2022-11-17,Pick,79,Pending,2023-10-05T21:07:46
834,PR-10834,Devin Martin,2023-03-22,Friend,496,Cancelled,2025-08-25T13:39:37
835,PR-10835,Megan Richardson,2024-08-08,Increase,340,Cancelled,2024-11-01T18:15:10
836,PR-10836,Diane Levine MD,2025-05-08,Standard,99,Cancelled,2025-01-13T10:29:10
837,PR-10837,Nancy Tucker,2024-03-26,Heart,461,Pending,2024-05-04T22:35:41
838,PR-10838,Bethany Dyer,2023-11-25,Military,147,Cancelled,2024-10-10T21:10:01
839,PR-10839,Joel Smith,2023-09-17,Ever,101,Pending,2023-09-11T08:27:18
840,PR-10840,Elizabeth Scott,2024-03-16,Significant,208,Pending,2025-06-20T21:55:43
841,PR-10841,Alexis Jackson,2024-03-03,Area,154,Pending,2023-04-02T13:51:59
842,PR-10842,Sarah Garza,2024-07-17,Benefit,416,Pending,2024-08-03T21:17:18
843,PR-10843,Robert Barnes,2024-01-15,Much,262,Cancelled,2023-08-20T02:26:22
844,PR-10844,Carrie Weber,2025-08-09,Drug,485,Approved,2025-02-14T12:45:09
845,PR-10845,Melvin Sullivan,2022-12-23,Reflect,482,Cancelled,2023-04-27T06:12:08
846,PR-10846,Yvonne Wilson,2024-12-22,Mr,296,Cancelled,2024-08-21T15:03:31
847,PR-10847,Nicholas Davis,2023-11-22,Between,149,Approved,2025-08-18T09:47:25
848,PR-10848,Dennis Manning,2024-01-23,Several,21,Cancelled,2025-08-18T15:54:01
849,PR-10849,Maureen Neal,2023-08-20,Identify,338,Cancelled,2023-12-02T12:45:30
850,PR-10850,Brandy Wilcox,2024-10-27,Program,417,Pending,2024-12-08T19:37:59
851,PR-10851,Andrew Hernandez,2023-05-13,Stage,213,Cancelled,2024-07-26T04:14:53
852,PR-10852,Brooke Kelly,2024-03-07,Hotel,295,Cancelled,2025-10-22T17:09:10
853,PR-10853,Mary Sanders,2024-06-15,Blood,380,Cancelled,2024-12-28T06:54:21
854,PR-10854,Robert Ibarra,2024-02-16,Middle,59,Cancelled,2025-03-19T05:55:29
855,PR-10855,Ann Lopez,2023-07-11,Term,290,Pending,2024-07-04T02:26:04
856,PR-10856,Dawn Turner,2024-03-25,Assume,115,Approved,2024-06-11T17:53:23
857,PR-10857,Joshua Hansen,2024-06-12,Might,37,Pending,2024-06-05T20:36:54
858,PR-10858,James Montgomery,2024-04-29,Election,133,Approved,2024-06-10T09:07:19
859,PR-10859,Eric Myers,2023-01-03,Yourself,297,Pending,2024-02-02T16:36:05
860,PR-10860,Gregory Weaver,2025-09-01,Southern,254,Pending,2025-10-14T06:05:28
861,PR-10861,Jeffery Travis,2023-02-07,Important,337,Pending,2023-11-07T04:38:20
862,PR-10862,Jean Larson,2024-03-21,Ability,115,Cancelled,2023-08-13T23:02:07
863,PR-10863,Joseph Rose,2025-10-04,Firm,217,Approved,2023-03-01T08:27:21
864,PR-10864,Carolyn Brown,2024-10-30,Especially,218,Cancelled,2025-08-06T16:06:42
865,PR-10865,Sherri Barnett,2025-09-23,Role,490,Cancelled,2023-06-22T21:15:10
866,PR-10866,Samantha Hoffman,2025-08-13,Month,28,Approved,2024-08-05T17:28:03
867,PR-10867,Helen Fernandez,2024-08-17,Outside,364,Cancelled,2025-01-19T15:42:42
868,PR-10868,Denise Davenport,2023-04-20,Music,461,Cancelled,2023-12-09T17:28:48
869,PR-10869,Robert Thomas MD,2025-01-18,And,240,Cancelled,2025-10-21T13:27:23
870,PR-10870,Jennifer Gutierrez,2024-06-23,Mrs,161,Cancelled,2025-05-18T14:40:26
871,PR-10871,Joshua Russell,2024-05-12,Floor,476,Pending,2023-03-23T14:16:48
872,PR-10872,Kelly Reed,2025-07-02,Skill,97,Cancelled,2024-04-23T02:19:17
873,PR-10873,Andrew Zavala,2023-11-20,Policy,52,Pending,2025-07-19T15:09:10
874,PR-10874,Jocelyn Perez,2023-03-15,Hour,330,Approved,2025-05-12T07:39:30
875,PR-10875,Sabrina Mendoza,2023-06-22,Art,408,Approved,2023-12-06T22:12:07
876,PR-10876,Kevin Williams,2025-10-03,Throw,317,Pending,2023-03-03T08:16:48
877,PR-10877,Joshua Norris,2022-11-18,Box,173,Pending,2025-10-24T11:11:48
878,PR-10878,Mr. Timothy Smith,2025-03-13,Plant,493,Cancelled,2023-07-11T15:59:44
879,PR-10879,Paul Maddox,2024-07-03,Design,278,Cancelled,2023-05-16T11:25:07
880,PR-10880,Hailey Bailey,2024-12-05,Through,256,Approved,2023-02-15T13:31:06
881,PR-10881,Jessica Garner,2025-04-09,Change,39,Cancelled,2023-01-20T00:02:08
882,PR-10882,Jacob Hall,2023-01-24,Morning,355,Cancelled,2024-02-07T06:29:04
883,PR-10883,Donald Martinez,2024-01-20,Police,356,Cancelled,2024-02-27T01:00:21
884,PR-10884,Richard Wong,2024-07-23,Night,175,Pending,2023-09-07T04:53:16
885,PR-10885,Leslie Mahoney DVM,2025-01-24,Story,374,Approved,2023-01-27T21:00:53
886,PR-10886,Sean Richardson,2024-09-12,More,492,Pending,2023-10-23T16:51:04
887,PR-10887,Anna Patrick,2022-12-28,Paper,429,Cancelled,2024-03-24T12:40:31
888,PR-10888,Tyler Mcpherson,2024-01-30,Modern,232,Cancelled,2024-07-25T18:00:50
889,PR-10889,Ricardo Jones,2023-06-07,In,488,Pending,2023-10-15T12:18:54
890,PR-10890,Robert Taylor,2023-10-06,Drive,118,Cancelled,2022-12-30T14:26:57
891,PR-10891,Karen Osborn,2023-06-19,Listen,381,Approved,2024-02-13T15:56:49
892,PR-10892,Monica Simpson,2022-12-13,Citizen,375,Approved,2023-11-09T11:39:55
893,PR-10893,Debra Shannon,2023-06-23,Really,104,Pending,2023-03-07T07:03:54
894,PR-10894,Barbara Brown,2025-07-25,Dream,483,Cancelled,2023-12-04T11:58:22
895,PR-10895,Robert Hicks,2023-11-11,Color,2,Pending,2023-09-03T04:50:30
896,PR-10896,Bryan Yoder,2025-08-25,Course,130,Pending,2024-05-18T16:01:07
897,PR-10897,Jennifer Watson,2024-02-18,Truth,132,Cancelled,2022-11-30T04:06:53
898,PR-10898,Carla Rogers,2024-08-14,Model,489,Pending,2025-03-26T18:16:49
899,PR-10899,Gail Jones,2025-01-28,Performance,85,Cancelled,2025-09-03T15:34:03
900,PR-10900,Christian Garza,2025-05-28,Recently,465,Cancelled,2025-06-25T12:29:59
901,PR-10901,Madeline Armstrong,2023-09-14,Chair,214,Cancelled,2025-06-19T15:44:32
902,PR-10902,Jenna Rodriguez,2024-07-29,Group,352,Cancelled,2023-06-14T10:37:50
903,PR-10903,Anthony Stewart,2023-11-12,Drop,482,Cancelled,2025-04-13T11:37:56
904,PR-10904,Elizabeth Gill,2023-02-16,Girl,455,Approved,2023-06-19T11:19:14
905,PR-10905,Sarah Lopez,2024-03-16,Dog,326,Approved,2025-07-29T13:54:12
906,PR-10906,Nicole Mendez,2023-12-21,Although,64,Pending,2023-04-24T15:56:30
907,PR-10907,Lorraine Norman,2025-09-03,Thousand,422,Approved,2024-08-11T11:47:54
908,PR-10908,Jacob Lambert DVM,2025-10-04,Individual,393,Pending,2023-04-17T07:54:04
909,PR-10909,Sharon Lowery,2024-01-31,Protect,483,Pending,2024-04-19T12:42:49
910,PR-10910,Taylor Ramirez,2023-06-30,View,417,Pending,2023-06-25T20:29:11
911,PR-10911,Sharon Garcia,2024-12-24,Realize,478,Pending,2024-12-05T02:00:32
912,PR-10912,Stephen Bowman,2022-11-22,Show,18,Cancelled,2024-08-12T10:13:03
913,PR-10913,Karen Brooks,2024-07-29,Skin,446,Cancelled,2024-04-12T15:50:12
914,PR-10914,Ryan Sanchez IV,2023-08-03,Measure,283,Approved,2024-12-18T13:32:45
915,PR-10915,Kathryn Moss,2025-10-05,Price,187,Cancelled,2024-08-22T02:26:06
916,PR-10916,Maria Bartlett,2024-06-19,Fight,193,Pending,2023-12-27T04:01:07
917,PR-10917,Cheryl Sutton,2023-02-19,Cover,357,Cancelled,2024-07-12T16:59:52
918,PR-10918,Kimberly Myers,2025-03-25,Risk,98,Pending,2023-04-30T16:42:35
919,PR-10919,David Mcdaniel,2024-10-05,Responsibility,133,Cancelled,2024-10-30T06:19:00
920,PR-10920,Jessica Sullivan,2022-11-19,More,249,Cancelled,2024-10-05T05:06:01
921,PR-10921,Melanie Ramsey,2023-09-30,Walk,35,Cancelled,2024-09-13T07:31:25
922,PR-10922,Dalton Hopkins,2024-02-29,Drop,118,Approved,2025-01-09T19:24:46
923,PR-10923,Aaron Burns,2025-09-19,Three,440,Pending,2023-12-02T08:18:31
924,PR-10924,Allison Sanders,2024-09-17,That,460,Pending,2023-11-20T05:09:49
925,PR-10925,Jon Alvarez,2025-05-11,Analysis,33,Approved,2024-02-12T16:44:58
926,PR-10926,Donna Johnson,2025-02-20,Lay,225,Cancelled,2024-01-10T10:42:22
927,PR-10927,Jonathan Carpenter,2025-01-21,Computer,145,Approved,2024-11-18T04:45:46
928,PR-10928,Robin Peters,2024-06-17,Office,240,Approved,2023-03-30T14:08:16
929,PR-10929,Daniel Davis,2025-08-13,Notice,440,Approved,2025-03-13T00:02:34
930,PR-10930,Ashley Green,2023-11-30,Piece,113,Pending,2023-05-23T07:14:06
931,PR-10931,Tracy Clayton,2022-11-20,Environmental,360,Approved,2023-12-05T20:20:43
932,PR-10932,Kimberly Morris,2025-05-29,Particularly,44,Cancelled,2024-09-02T02:55:14
933,PR-10933,Paula Schneider,2025-04-02,Thought,322,Approved,2023-07-07T15:02:31
934,PR-10934,Brandy Moody,2025-06-18,Eight,56,Approved,2025-07-11T12:55:45
935,PR-10935,Brandon Jones,2025-04-08,Operation,452,Approved,2023-11-26T14:23:53
936,PR-10936,Daniel Obrien,2023-03-12,Direction,36,Approved,2023-09-02T10:44:40
937,PR-10937,Nathan Herring,2024-01-23,Treatment,476,Pending,2024-03-07T06:00:03
938,PR-10938,John Landry,2023-10-01,Approach,443,Pending,2023-03-23T17:20:30
939,PR-10939,Mitchell Nelson,2023-11-06,Explain,91,Approved,2024-10-11T17:26:26
940,PR-10940,Stephanie Taylor,2023-07-28,Including,116,Pending,2024-06-20T13:42:16
941,PR-10941,Tiffany Jones,2025-06-12,Car,60,Cancelled,2025-10-12T14:48:19
942,PR-10942,Christopher Young,2025-02-01,Relate,298,Approved,2025-04-24T19:50:35
943,PR-10943,Erica Marshall,2023-01-30,Point,294,Pending,2025-02-01T05:14:38
944,PR-10944,David Rosales,2025-07-30,Participant,130,Approved,2024-11-26T17:14:52
945,PR-10945,Peter Rhodes,2023-06-15,Unit,415,Cancelled,2025-07-25T09:54:02
946,PR-10946,Steve Ballard,2023-11-10,Road,359,Approved,2023-03-23T19:16:26
947,PR-10947,Scott Oneal,2024-09-12,Instead,59,Approved,2023-10-31T06:36:13
948,PR-10948,Erica Buchanan,2023-11-12,Color,141,Pending,2025-05-28T15:12:13
949,PR-10949,Deborah Mendoza,2025-07-22,Notice,117,Approved,2023-10-14T20:18:46
950,PR-10950,Alejandro Ramirez,2024-02-13,History,326,Cancelled,2024-01-07T02:03:25
951,PR-10951,Duane Stanton,2024-01-17,Total,105,Cancelled,2023-10-01T09:11:07
952,PR-10952,David Graham,2025-06-25,Woman,20,Pending,2023-07-24T16:09:50
953,PR-10953,Bethany Mitchell,2025-03-23,Four,394,Approved,2025-07-29T17:21:31
954,PR-10954,Nicole Johnson,2025-08-18,Agree,466,Approved,2025-09-07T14:21:45
955,PR-10955,Jesus James,2024-05-03,House,267,Approved,2025-01-02T10:22:45
956,PR-10956,Megan Morse,2025-04-11,Leader,64,Approved,2023-07-02T04:10:51
957,PR-10957,Alex Jones,2023-05-12,Coach,80,Approved,2025-07-05T20:12:00
958,PR-10958,Sarah Bryant,2023-07-02,Security,108,Approved,2025-09-08T12:57:34
959,PR-10959,Bryan Williams,2024-02-11,Magazine,29,Approved,2025-02-23T21:25:08
960,PR-10960,Mr. David Little,2025-03-12,Question,290,Approved,2023-02-22T19:52:29
961,PR-10961,Bruce Bell,2023-06-21,Garden,415,Approved,2025-04-24T05:58:54
962,PR-10962,Cory Bailey,2023-05-06,Interview,135,Pending,2024-03-31T18:12:09
963,PR-10963,Stephanie Martinez,2025-03-14,Race,117,Pending,2025-03-26T06:48:03
964,PR-10964,Sara Howe,2024-04-21,Different,197,Pending,2023-02-07T08:52:24
965,PR-10965,Jeffrey Martin,2024-01-17,Pretty,368,Cancelled,2025-07-10T03:02:42
966,PR-10966,Sherri Cummings,2025-09-26,Production,3,Cancelled,2024-01-12T18:12:11
967,PR-10967,Carol Bell,2023-11-19,With,479,Pending,2025-09-01T11:57:45
968,PR-10968,Sheila Johns,2024-09-17,Total,412,Approved,2023-07-03T00:59:05
969,PR-10969,Carrie Williams,2024-01-23,Some,476,Pending,2024-09-13T17:14:09
970,PR-10970,Heidi Richardson,2025-01-10,Fill,467,Cancelled,2023-01-19T14:37:59
971,PR-10971,Kristopher Young,2025-01-09,Wall,485,Cancelled,2024-07-17T10:47:18
972,PR-10972,Brian Galloway,2025-09-07,Issue,386,Cancelled,2024-11-20T19:48:27
973,PR-10973,Michele Douglas,2023-12-29,Itself,68,Pending,2023-05-18T07:00:47
974,PR-10974,Joshua Jones,2024-04-13,Break,315,Cancelled,2023-02-07T11:50:46
975,PR-10975,Robert Campbell,2024-02-19,Describe,104,Pending,2025-01-25T13:45:46
976,PR-10976,Mrs. Tara Mccoy MD,2024-07-15,Someone,303,Pending,2024-04-27T11:25:01
977,PR-10977,Bob Oneill,2022-11-18,Fire,75,Pending,2023-05-04T14:00:47
978,PR-10978,Michelle Stevenson PhD,2023-08-02,Particular,392,Pending,2024-08-22T15:53:13
979,PR-10979,Max Edwards,2025-06-25,Attorney,106,Approved,2024-11-23T23:22:28
980,PR-10980,Brenda Romero,2024-03-13,Piece,16,Approved,2024-04-23T09:22:19
981,PR-10981,David Espinoza,2023-10-30,National,342,Approved,2025-01-22T21:20:17
982,PR-10982,Jesse Harding,2022-12-11,Quality,404,Cancelled,2025-02-07T22:29:52
983,PR-10983,Scott Scott,2023-03-25,Upon,22,Pending,2024-03-22T17:41:18
984,PR-10984,Jennifer Vazquez,2023-12-26,Key,332,Cancelled,2022-12-05T20:29:13
985,PR-10985,Matthew Stanley,2024-06-01,Push,210,Pending,2024-12-26T07:46:56
986,PR-10986,Tracey Campbell,2022-12-11,Cell,255,Pending,2024-06-08T19:50:15
987,PR-10987,Justin Turner,2024-07-19,Form,318,Approved,2024-06-11T07:21:27
988,PR-10988,Adam Odom,2025-09-10,Staff,100,Pending,2023-01-13T13:45:20
989,PR-10989,Mary Cortez,2025-04-05,Run,211,Pending,2025-08-05T14:03:36
990,PR-10990,Ronald Garner,2025-02-21,Model,258,Approved,2025-04-14T04:29:07
991,PR-10991,Daniel Garrison,2023-02-23,Meeting,97,Approved,2025-08-27T12:34:09
992,PR-10992,Samuel Cooper,2023-07-02,Then,172,Pending,2024-07-11T09:29:28
993,PR-10993,Tyler Chaney IV,2023-09-18,Soon,71,Cancelled,2024-07-23T13:16:56
994,PR-10994,Justin Carpenter,2025-07-11,End,190,Pending,2024-01-14T07:48:53
995,PR-10995,John Martinez,2024-02-28,Character,315,Approved,2023-01-07T23:53:04
996,PR-10996,Andrew Lopez,2023-02-26,Grow,346,Cancelled,2024-09-27T17:03:13
997,PR-10997,Robert Franklin,2023-03-23,Example,75,Cancelled,2025-07-06T23:32:45
998,PR-10998,Barbara Johnston,2025-10-25,Have,375,Approved,2023-05-18T11:29:06
999,PR-10999,Bradley Wolfe,2023-04-05,Significant,171,Cancelled,2023-04-28T20:52:46
1000,PR-11000,Michael Bowers,2023-02-16,Yeah,197,Approved,2025-07-01T06:06:48
1001,PR-11001,Kristina Harrison,2023-09-21,Sing,320,Cancelled,2023-03-31T14:55:46
1002,PR-11002,Daniel Phillips,2024-05-09,Allow,124,Pending,2025-10-12T13:27:37
1003,PR-11003,Kristin Kelly,2025-05-06,Certain,195,Pending,2024-10-07T06:29:07
1004,PR-11004,Michael Jackson,2024-01-09,Forward,331,Pending,2023-06-15T23:18:46
1005,PR-11005,Todd Powers,2025-02-15,Necessary,243,Cancelled,2023-05-08T08:19:58
1006,PR-11006,Edward Sanchez,2024-04-04,Get,218,Pending,2023-09-21T06:36:34
1007,PR-11007,Jacqueline Lopez,2025-06-13,Whole,497,Cancelled,2024-08-17T06:14:06
1008,PR-11008,John Cox,2023-03-08,Hot,368,Approved,2023-02-02T13:36:36
1009,PR-11009,Brian Snyder,2024-09-08,Red,274,Approved,2024-10-14T03:21:46
1010,PR-11010,David George,2023-09-18,End,418,Approved,2023-03-06T23:06:15
1011,PR-11011,Christina Rose,2023-01-24,Different,399,Approved,2023-08-14T05:33:31
1012,PR-11012,Adam Morris,2025-07-24,Admit,369,Approved,2025-05-17T04:11:09
1013,PR-11013,Richard Perez,2024-08-03,Someone,469,Cancelled,2023-03-11T16:47:46
1014,PR-11014,Michael Swanson DVM,2023-01-09,Everything,49,Pending,2024-04-18T19:27:16
1015,PR-11015,Amy Mclaughlin,2025-01-12,Reach,272,Pending,2024-03-21T14:37:07
1016,PR-11016,Phillip Davidson,2025-01-20,Expert,479,Approved,2024-05-14T16:53:06
1017,PR-11017,Steven Gibson,2022-12-24,Computer,311,Approved,2025-05-02T23:15:20
1018,PR-11018,Adam Campbell,2024-02-21,When,477,Approved,2023-12-11T00:15:01
1019,PR-11019,Marcus Scott,2025-03-29,Show,402,Pending,2024-08-09T00:38:20
1020,PR-11020,Jill Warner,2024-04-30,Opportunity,453,Pending,2025-07-14T11:37:51
1021,PR-11021,Taylor Harris,2023-06-11,Step,54,Pending,2024-02-26T10:59:36
1022,PR-11022,Lisa Foster,2022-11-08,Process,357,Cancelled,2023-11-24T07:12:59
1023,PR-11023,Gary Long,2024-08-02,Break,389,Approved,2023-12-08T21:04:06
1024,PR-11024,Sarah Jimenez,2023-08-25,Work,109,Pending,2023-01-01T04:12:44
1025,PR-11025,William Pham,2025-08-28,Process,204,Pending,2024-12-07T07:27:42
1026,PR-11026,Sheila Jefferson,2024-09-05,Here,172,Approved,2022-11-28T23:08:13
1027,PR-11027,Amanda Nichols,2025-09-25,Up,415,Approved,2024-12-28T14:31:44
1028,PR-11028,Joy Cordova,2024-09-20,Hour,242,Cancelled,2025-10-30T17:31:15
1029,PR-11029,Sarah Miller,2025-01-02,Certain,284,Cancelled,2025-01-19T18:47:10
1030,PR-11030,Brandon Sanchez,2024-09-29,May,173,Cancelled,2025-07-23T08:46:39
1031,PR-11031,Troy Smith,2023-11-19,Term,228,Pending,2023-09-24T17:16:57
1032,PR-11032,William Taylor,2025-03-11,Who,109,Approved,2024-11-21T18:01:02
1033,PR-11033,Joseph Thornton,2024-11-13,Structure,38,Pending,2023-12-14T16:39:28
1034,PR-11034,Jennifer Montoya,2025-04-21,Attention,485,Pending,2024-06-01T15:21:41
1035,PR-11035,Kimberly Patterson,2024-10-26,Scene,312,Pending,2023-12-17T00:59:11
1036,PR-11036,Connor Stevens,2023-10-10,Movie,324,Cancelled,2024-02-27T23:05:45
1037,PR-11037,David Davis,2023-08-04,Record,351,Cancelled,2024-05-30T03:37:22
1038,PR-11038,Christy Diaz,2023-01-08,Get,35,Pending,2024-02-08T16:38:41
1039,PR-11039,Amanda Long,2024-09-22,She,139,Pending,2024-07-21T07:42:31
1040,PR-11040,Brittany Peters,2024-01-19,Newspaper,436,Pending,2025-06-16T00:57:46
1041,PR-11041,Martin Becker,2024-05-21,Care,283,Cancelled,2023-06-28T00:16:21
1042,PR-11042,Anthony Munoz,2024-10-31,Product,344,Approved,2024-07-19T18:58:13
1043,PR-11043,Crystal Murphy,2023-10-04,Policy,321,Pending,2025-04-08T20:24:51
1044,PR-11044,Patricia Edwards,2023-08-04,American,130,Approved,2023-08-11T06:34:55
1045,PR-11045,Thomas Edwards,2025-05-12,Will,318,Approved,2025-07-05T20:51:47
1046,PR-11046,Jacob Miller,2024-12-17,Really,164,Cancelled,2024-01-08T19:50:37
1047,PR-11047,Keith Thomas,2024-08-22,Four,428,Approved,2023-07-01T19:13:04
1048,PR-11048,Matthew Arroyo,2024-11-04,Interest,149,Approved,2023-06-28T17:00:03
1049,PR-11049,Claire Chambers,2024-10-12,Truth,23,Cancelled,2024-09-10T08:54:55
1050,PR-11050,Deborah White,2024-03-29,Police,166,Approved,2023-10-18T11:55:59
1051,PR-11051,Barbara Lucero,2025-07-05,Level,134,Cancelled,2024-11-05T15:29:28
1052,PR-11052,Chris Hall,2023-08-02,Which,266,Approved,2024-10-21T14:54:19
1053,PR-11053,David Wilson Jr.,2025-06-18,Recognize,308,Cancelled,2024-05-19T20:27:00
1054,PR-11054,Stephanie George,2024-04-26,Example,439,Cancelled,2024-03-04T18:03:15
1055,PR-11055,Bradley Yoder,2025-08-23,Rest,397,Cancelled,2025-09-08T08:02:21
1056,PR-11056,Trevor Fitzpatrick,2023-07-04,Special,440,Pending,2025-09-11T00:35:05
1057,PR-11057,Deborah Hudson,2024-11-13,Ask,199,Cancelled,2023-11-13T02:48:21
1058,PR-11058,Thomas Vargas,2022-12-29,Opportunity,26,Approved,2024-08-16T00:25:44
1059,PR-11059,Victoria Malone,2024-10-02,Wall,124,Cancelled,2024-12-26T18:22:52
1060,PR-11060,Darrell Lam,2025-04-22,While,402,Cancelled,2024-08-22T18:09:40
1061,PR-11061,Michael Klein,2023-12-13,Official,244,Cancelled,2023-10-11T19:28:23
1062,PR-11062,Dustin Khan,2023-02-11,Trouble,271,Cancelled,2024-02-16T15:30:47
1063,PR-11063,Frank Nash,2024-09-23,Onto,492,Cancelled,2023-11-06T00:18:52
1064,PR-11064,Blake Oliver,2023-01-24,Relate,297,Cancelled,2025-09-13T00:01:23
1065,PR-11065,Amy Calhoun,2023-04-29,Cell,148,Cancelled,2024-12-09T09:47:13
1066,PR-11066,Alexandra Trujillo,2024-01-02,Item,328,Cancelled,2024-10-03T20:00:29
1067,PR-11067,Donna Hall,2025-08-10,Range,444,Approved,2024-01-25T00:40:30
1068,PR-11068,Crystal Parsons MD,2022-11-17,Wait,393,Approved,2025-06-29T18:29:29
1069,PR-11069,Joseph Powell,2023-12-20,Administration,433,Pending,2024-05-23T02:25:27
1070,PR-11070,Nicole Juarez,2023-11-09,Would,203,Pending,2023-11-04T21:17:47
1071,PR-11071,Gabriel Mullins,2025-10-08,Which,75,Approved,2025-05-18T20:37:04
1072,PR-11072,Melissa Vega,2024-07-26,Provide,297,Pending,2023-08-22T15:14:41
1073,PR-11073,Abigail Cook,2023-11-08,Spring,293,Cancelled,2023-01-28T23:41:40
1074,PR-11074,Mr. Corey Perez,2024-08-14,Visit,188,Cancelled,2024-08-29T19:06:00
1075,PR-11075,Ann Harris,2023-10-07,Couple,158,Pending,2025-03-22T10:00:07
1076,PR-11076,Amanda Becker,2025-05-08,Become,177,Cancelled,2023-08-19T14:35:49
1077,PR-11077,James Pierce,2022-12-28,Soldier,330,Pending,2024-12-09T15:19:55
1078,PR-11078,Tracie Jackson,2023-08-28,Difficult,54,Cancelled,2024-01-08T15:25:18
1079,PR-11079,David Walker,2023-07-15,Specific,270,Cancelled,2025-10-29T20:31:55
1080,PR-11080,Robert Pittman,2024-07-02,Find,317,Pending,2024-06-05T19:05:51
1081,PR-11081,Zachary White,2025-10-06,Way,96,Pending,2022-12-31T10:40:01
1082,PR-11082,Michaela Franklin PhD,2024-02-16,Thought,408,Approved,2025-07-18T15:35:37
1083,PR-11083,Courtney Jacobson,2023-03-16,Study,239,Approved,2024-12-12T11:31:35
1084,PR-11084,Richard Wong,2022-11-06,Major,100,Pending,2024-10-19T18:48:46
1085,PR-11085,Karen Hood,2023-12-03,Look,273,Cancelled,2025-09-26T15:37:52
1086,PR-11086,Ashley Thompson,2025-10-25,Almost,451,Pending,2024-02-25T16:41:36
1087,PR-11087,Mrs. Sharon Jones MD,2025-08-31,Other,169,Pending,2025-08-15T20:38:13
1088,PR-11088,Austin Graves,2023-05-17,Board,11,Pending,2024-11-07T03:46:36
1089,PR-11089,Gabriella Perkins,2023-05-18,Speak,497,Cancelled,2023-12-09T05:18:28
1090,PR-11090,Joseph Curry,2023-09-20,How,113,Pending,2024-03-28T21:18:38
1091,PR-11091,Jonathan Farmer,2023-07-14,Senior,104,Approved,2022-12-23T04:55:31
1092,PR-11092,Melvin Reyes,2024-11-29,That,409,Approved,2023-10-09T11:51:15
1093,PR-11093,Gerald Barnes,2025-04-10,Report,230,Pending,2023-04-14T11:50:02
1094,PR-11094,Cory Rodgers,2025-07-11,Fine,177,Pending,2024-07-09T11:25:26
1095,PR-11095,Alexis Harrison,2025-08-16,Amount,289,Approved,2025-04-20T17:53:19
1096,PR-11096,Carolyn Torres,2025-08-15,Dog,297,Pending,2024-06-28T19:51:54
1097,PR-11097,Tony Elliott,2025-06-07,Bad,181,Pending,2024-02-22T06:31:29
1098,PR-11098,Sandy Rodriguez,2024-02-07,Interesting,277,Approved,2023-05-18T21:20:55
1099,PR-11099,Matthew Adams,2023-12-21,Third,52,Cancelled,2023-10-11T22:53:49
1100,PR-11100,Rebecca Castillo,2023-09-10,Image,399,Pending,2025-09-13T05:23:24
1101,PR-11101,Charles Bauer,2025-08-25,Let,480,Cancelled,2025-07-28T15:26:05
1102,PR-11102,Evelyn Smith,2023-10-02,Person,230,Cancelled,2023-03-31T17:04:11
1103,PR-11103,Leah Fisher,2023-07-16,Here,324,Pending,2025-04-27T10:05:57
1104,PR-11104,Brittany Thomas,2025-03-11,Behavior,404,Pending,2023-08-31T22:55:52
1105,PR-11105,Carrie Haas,2022-11-20,Worker,74,Approved,2023-03-17T12:16:48
1106,PR-11106,Tara Guzman,2025-07-07,Prevent,113,Pending,2023-09-18T19:13:25
1107,PR-11107,William Reyes,2025-08-05,Affect,72,Cancelled,2024-12-07T05:39:19
1108,PR-11108,Andrea Hardy,2023-03-09,City,184,Cancelled,2022-12-12T07:43:23
1109,PR-11109,Angela Strickland,2025-08-28,Produce,388,Cancelled,2025-08-30T19:49:39
1110,PR-11110,Christopher Bauer,2024-07-25,Ready,261,Approved,2024-02-13T02:22:28
1111,PR-11111,Kimberly Tyler,2023-01-25,Despite,395,Cancelled,2025-08-14T11:43:46
1112,PR-11112,Stephanie Walker,2023-04-04,Miss,400,Cancelled,2023-05-15T01:05:48
1113,PR-11113,James Roberts,2024-09-19,Center,9,Approved,2023-10-26T08:34:10
1114,PR-11114,Terri Cohen,2025-09-10,After,389,Pending,2025-04-22T06:09:55
1115,PR-11115,George Whitehead,2024-08-22,Us,217,Pending,2025-01-13T02:44:20
1116,PR-11116,Kyle Wilkinson,2024-09-24,Environmental,249,Approved,2025-09-03T01:23:44
1117,PR-11117,Stacey Warner,2023-01-17,Option,91,Pending,2024-07-08T11:12:29
1118,PR-11118,Karen Torres,2025-04-28,Board,50,Pending,2025-09-16T13:47:35
1119,PR-11119,Kayla Cunningham,2023-02-14,Worry,344,Pending,2025-02-12T21:04:37
1120,PR-11120,Antonio Johnson,2022-12-08,Modern,46,Cancelled,2023-05-22T22:48:08
1121,PR-11121,Jacob Bradford,2022-12-13,Which,431,Approved,2024-08-23T01:55:22
1122,PR-11122,Robert Dunlap,2023-04-06,Air,155,Cancelled,2025-09-28T18:05:20
1123,PR-11123,Jennifer Tran,2025-10-26,Full,140,Approved,2023-03-10T09:32:54
1124,PR-11124,Brandon Thornton,2022-12-24,Another,332,Cancelled,2023-08-19T02:43:29
1125,PR-11125,Diane Kelley,2024-10-04,Resource,386,Approved,2025-07-19T21:47:42
1126,PR-11126,Scott Fuller,2023-08-07,One,8,Pending,2023-06-26T05:51:50
1127,PR-11127,James Hill,2025-01-31,Traditional,347,Approved,2023-03-27T23:59:55
1128,PR-11128,Samuel Rojas,2024-07-27,Part,388,Approved,2024-05-24T12:10:40
1129,PR-11129,Denise Foster,2023-11-27,Anyone,358,Pending,2024-10-31T10:24:29
1130,PR-11130,Austin Humphrey,2023-11-17,Prepare,10,Cancelled,2024-11-03T20:29:55
1131,PR-11131,Sarah Reyes,2023-01-10,Power,354,Pending,2025-04-07T23:59:30
1132,PR-11132,Diane Erickson,2025-04-28,Week,200,Cancelled,2025-03-23T04:53:13
1133,PR-11133,Jenna Lawson,2024-07-21,Create,48,Pending,2025-04-23T10:54:43
1134,PR-11134,Luis Jackson,2023-01-20,Business,254,Pending,2022-11-18T18:35:55
1135,PR-11135,Elizabeth Shaw,2023-02-05,New,127,Approved,2024-02-24T15:26:55
1136,PR-11136,Adam Garza,2024-01-27,Development,249,Cancelled,2025-04-08T10:39:32
1137,PR-11137,Judith Kramer,2025-08-25,Alone,298,Cancelled,2023-03-20T16:18:26
1138,PR-11138,Donald Morris,2025-10-02,Authority,251,Pending,2024-07-27T15:46:53
1139,PR-11139,Shannon Graham,2024-03-12,Lay,8,Cancelled,2024-11-16T06:58:31
1140,PR-11140,Glenda Stevens,2023-04-07,Sound,325,Cancelled,2024-10-25T02:21:20
1141,PR-11141,Benjamin Thomas,2024-10-05,Huge,172,Pending,2025-10-29T01:55:41
1142,PR-11142,Linda Harris,2025-10-31,When,362,Approved,2024-08-05T00:39:37
1143,PR-11143,Christopher Gonzalez,2025-04-06,School,325,Approved,2022-11-20T02:34:38
1144,PR-11144,Andrew Lee,2022-11-27,How,6,Approved,2024-02-08T05:56:23
1145,PR-11145,George Friedman,2023-02-19,Dark,98,Approved,2025-10-27T12:05:31
1146,PR-11146,Kevin Mason,2024-05-05,Main,89,Pending,2024-10-13T10:02:06
1147,PR-11147,Robert Shannon,2024-12-17,Appear,158,Pending,2024-03-01T10:29:51
1148,PR-11148,Marie Cross,2023-01-18,Somebody,125,Cancelled,2025-09-05T20:05:12
1149,PR-11149,Harry Gutierrez,2023-06-07,Idea,92,Cancelled,2023-12-16T22:32:36
1150,PR-11150,Brad Mitchell,2025-03-06,Evidence,404,Approved,2023-11-18T04:12:25
1151,PR-11151,Matthew Grimes,2025-03-02,Fish,5,Approved,2024-07-29T08:06:59
1152,PR-11152,Mary Pennington,2025-04-26,Themselves,156,Pending,2025-10-12T18:04:51
1153,PR-11153,Jessica Gardner,2024-05-20,Institution,53,Pending,2025-10-15T19:07:47
1154,PR-11154,Tracy Hicks,2023-01-17,Expect,39,Approved,2025-08-04T09:47:47
1155,PR-11155,Tina Williams,2024-07-28,Nation,285,Approved,2023-03-31T14:19:34
1156,PR-11156,Michael Crawford,2023-11-11,Away,489,Approved,2023-09-14T06:28:14
1157,PR-11157,Timothy Powell,2024-01-14,Affect,493,Cancelled,2025-07-15T16:56:51
1158,PR-11158,Leah Thomas,2025-05-24,Discuss,328,Pending,2023-02-21T18:02:21
1159,PR-11159,Richard Patel,2024-01-11,Song,461,Cancelled,2025-08-17T01:12:31
1160,PR-11160,Cory Hawkins,2023-11-02,Something,388,Approved,2023-09-25T05:23:57
1161,PR-11161,Robert Jimenez,2025-06-06,Commercial,103,Approved,2024-06-25T05:56:40
1162,PR-11162,Bradley Jones,2024-05-10,Here,36,Approved,2025-09-09T18:09:46
1163,PR-11163,Joseph Boyer,2023-09-24,Student,173,Approved,2025-01-12T04:38:16
1164,PR-11164,Denise Thomas,2025-04-22,Model,422,Pending,2024-05-20T05:11:05
1165,PR-11165,Connie Tucker,2025-08-01,Director,44,Pending,2025-02-15T22:40:00
1166,PR-11166,Christine Ingram,2025-05-17,Same,308,Pending,2023-02-18T17:04:33
1167,PR-11167,Rachel Davis,2025-09-19,Himself,129,Pending,2023-04-08T11:10:56
1168,PR-11168,Eileen Schwartz,2024-12-17,Section,43,Pending,2022-11-17T06:38:20
1169,PR-11169,Jamie Brooks,2024-04-28,Particularly,271,Approved,2025-04-09T04:38:02
1170,PR-11170,Yvonne West,2025-01-09,Beat,275,Approved,2025-01-28T06:23:28
1171,PR-11171,Laurie Blanchard,2023-05-21,Red,220,Approved,2024-01-23T10:04:50
1172,PR-11172,Alison Olson,2025-05-30,Phone,225,Approved,2024-05-17T23:50:12
1173,PR-11173,Ian Robbins,2023-07-09,Point,197,Approved,2023-03-27T16:17:41
1174,PR-11174,Sean Peters Jr.,2024-08-08,Attorney,205,Cancelled,2025-06-29T00:32:49
1175,PR-11175,Tracey Bird,2023-11-02,Indicate,496,Cancelled,2024-10-27T05:07:22
1176,PR-11176,Larry Gordon,2024-06-24,Look,396,Cancelled,2024-01-09T02:45:18
1177,PR-11177,Wesley Perez,2024-06-13,Improve,104,Approved,2023-07-19T11:47:49
1178,PR-11178,Ronald Peterson,2023-10-31,Small,124,Pending,2025-04-23T18:00:16
1179,PR-11179,Jessica James,2024-09-11,Attorney,391,Pending,2023-12-31T22:57:13
1180,PR-11180,Brandon Ford,2025-07-14,Fly,18,Cancelled,2025-01-29T05:05:36
1181,PR-11181,Michael Mullen,2023-11-18,Man,145,Cancelled,2024-02-19T02:50:37
1182,PR-11182,George James,2023-09-21,Network,381,Pending,2024-05-03T04:27:54
1183,PR-11183,Anthony Murphy,2024-06-24,Office,209,Cancelled,2024-03-19T13:55:07
1184,PR-11184,Michael Martinez,2023-07-03,Any,430,Approved,2025-05-25T17:35:52
1185,PR-11185,Darlene Galloway,2025-09-03,Fall,98,Pending,2022-12-27T21:19:20
1186,PR-11186,Jose Burgess,2023-09-10,Culture,453,Cancelled,2023-04-19T14:20:40
1187,PR-11187,Dr. Diana Wilkins,2025-02-06,Appear,461,Cancelled,2023-10-12T00:48:24
1188,PR-11188,Joshua Lopez,2024-05-14,Again,338,Cancelled,2023-08-08T01:14:37
1189,PR-11189,Paula Munoz,2024-05-01,First,1,Cancelled,2024-09-11T16:06:45
1190,PR-11190,Jodi Miller,2023-01-29,Just,269,Approved,2024-08-09T17:00:28
1191,PR-11191,Justin Cummings,2025-03-18,Child,485,Pending,2023-05-05T01:25:05
1192,PR-11192,Kenneth Santiago,2025-08-07,Source,35,Approved,2023-06-08T18:48:08
1193,PR-11193,Joshua Campos,2024-09-08,Federal,195,Pending,2024-03-10T20:19:58
1194,PR-11194,Christina Nichols,2024-01-14,Forget,476,Cancelled,2024-11-09T17:41:19
1195,PR-11195,David Hall,2024-09-13,Knowledge,241,Pending,2024-09-03T01:57:57
1196,PR-11196,James Watson,2024-04-18,Final,402,Cancelled,2024-10-16T01:28:33
1197,PR-11197,Dr. Mark Brown,2025-02-09,Listen,362,Pending,2024-09-11T22:34:13
1198,PR-11198,Mckenzie Palmer,2023-06-14,Reflect,244,Cancelled,2025-05-13T19:53:36
1199,PR-11199,Jenny Johnson,2025-06-08,Traditional,421,Pending,2024-08-03T12:15:43
1200,PR-11200,Jacob Rios,2025-07-08,Section,456,Cancelled,2025-07-02T20:54:11
1201,PR-11201,Mark Martin,2023-04-23,Various,67,Approved,2024-02-12T22:04:36
1202,PR-11202,Dwayne Kaufman,2025-05-14,Gas,410,Approved,2022-11-13T13:38:28
1203,PR-11203,Mary Jackson,2024-10-14,Chair,237,Cancelled,2024-03-23T14:21:32
1204,PR-11204,Brandon Davis,2023-11-03,Response,400,Pending,2024-08-23T18:34:22
1205,PR-11205,Tammy Burns,2023-03-02,Economic,46,Approved,2024-05-28T10:12:33
1206,PR-11206,Ashlee Lee,2022-11-13,Tv,497,Cancelled,2024-12-17T00:14:19
1207,PR-11207,Beverly Thompson,2023-11-27,Lay,401,Approved,2024-03-04T04:06:08
1208,PR-11208,Charles Murray,2024-05-23,Mrs,144,Pending,2023-02-02T17:29:04
1209,PR-11209,Reginald Suarez,2025-06-14,Sing,171,Pending,2024-12-30T12:14:15
1210,PR-11210,Amanda Hurst,2025-04-16,Official,261,Cancelled,2023-03-10T22:02:47
1211,PR-11211,Nicole Cox,2024-03-07,Discover,376,Pending,2023-02-17T19:44:51
1212,PR-11212,Richard Walker,2025-06-12,Student,122,Pending,2024-04-18T15:59:54
1213,PR-11213,Matthew Smith,2023-08-20,Go,397,Approved,2024-05-25T20:16:50
1214,PR-11214,Erica Miller,2024-08-21,Position,324,Pending,2025-04-08T14:33:54
1215,PR-11215,Vincent Clark,2023-08-29,Hot,320,Approved,2024-01-13T09:10:30
1216,PR-11216,Gregory Blackwell,2024-07-20,Source,428,Cancelled,2025-03-30T00:40:38
1217,PR-11217,Leslie Gallegos,2024-04-17,Everybody,222,Cancelled,2023-12-11T19:16:39
1218,PR-11218,Zachary Weber,2024-09-06,Run,370,Approved,2024-04-25T13:37:49
1219,PR-11219,Mary Miller,2023-09-21,She,499,Cancelled,2022-12-03T08:52:22
1220,PR-11220,David Flowers,2025-05-27,Star,344,Approved,2023-08-13T18:32:57
1221,PR-11221,Angela Garcia,2024-03-22,Late,348,Approved,2025-01-13T08:17:57
1222,PR-11222,Cody Rodriguez,2024-09-26,Spend,110,Pending,2022-11-11T16:00:38
1223,PR-11223,Jose Pittman,2025-03-21,Behind,128,Approved,2023-07-14T14:43:56
1224,PR-11224,Hayley Haney,2024-08-02,Open,81,Approved,2025-10-26T11:15:01
1225,PR-11225,Tracy Salas,2023-02-01,World,443,Cancelled,2025-03-31T02:32:17
1226,PR-11226,Brian Johnson,2023-01-17,Treatment,366,Cancelled,2024-07-30T02:23:43
1227,PR-11227,David Vaughn,2024-07-22,Can,85,Cancelled,2023-06-21T22:19:31
1228,PR-11228,Randy Garrison,2022-12-07,Get,85,Cancelled,2023-10-04T23:59:03
1229,PR-11229,Amber Diaz,2023-10-13,Doctor,45,Pending,2023-08-03T16:20:42
1230,PR-11230,Jasmine Johnson,2023-10-16,Culture,119,Pending,2024-12-25T15:30:49
1231,PR-11231,Marissa Sanchez,2023-09-21,Involve,157,Pending,2023-09-10T10:19:12
1232,PR-11232,Christopher Marshall,2025-01-12,Specific,475,Approved,2024-06-05T08:34:23
1233,PR-11233,Daniel Duncan,2024-08-10,Win,37,Cancelled,2025-06-12T14:11:19
1234,PR-11234,Eric Jones,2024-08-06,International,207,Cancelled,2023-03-29T15:00:10
1235,PR-11235,Daniel Joseph,2025-10-05,Knowledge,315,Cancelled,2024-01-16T02:38:59
1236,PR-11236,Arthur Mitchell DVM,2024-08-28,Stage,148,Approved,2022-12-25T07:17:44
1237,PR-11237,James Howell,2024-09-30,Building,11,Approved,2025-06-26T04:31:14
1238,PR-11238,Daniel Webster,2023-12-14,Ground,203,Cancelled,2025-05-27T03:03:50
1239,PR-11239,Melissa Holloway,2024-02-19,Adult,417,Pending,2025-09-22T14:48:14
1240,PR-11240,Matthew Wood,2024-07-14,Compare,467,Approved,2025-01-28T16:33:29
1241,PR-11241,Regina Armstrong,2023-11-07,Fear,130,Approved,2023-07-18T00:26:51
1242,PR-11242,Eric Phillips,2025-10-14,Skin,14,Approved,2024-04-12T16:26:14
1243,PR-11243,Maria Moore,2025-09-27,South,370,Cancelled,2023-12-07T19:40:20
1244,PR-11244,Randy Gross,2022-12-29,Store,209,Cancelled,2024-02-06T06:18:06
1245,PR-11245,Michael Mitchell,2023-01-28,System,184,Cancelled,2025-04-28T11:26:47
1246,PR-11246,Sharon Bright,2022-11-17,Need,269,Pending,2025-03-02T21:15:57
1247,PR-11247,Austin Martinez,2023-05-22,Style,196,Pending,2025-07-31T05:48:38
1248,PR-11248,Clarence Evans,2024-08-09,Five,465,Approved,2024-02-18T07:13:27
1249,PR-11249,Regina Garcia,2024-06-06,Seek,378,Cancelled,2025-08-03T22:27:14
1250,PR-11250,April Parker,2023-06-14,Television,49,Pending,2024-02-20T14:55:02
1251,PR-11251,Kevin Hernandez,2023-02-20,Rule,142,Pending,2025-10-21T18:41:21
1252,PR-11252,Brandon Baldwin,2024-10-26,He,322,Cancelled,2023-12-18T04:44:53
1253,PR-11253,John Lewis,2023-06-06,Son,346,Pending,2025-02-04T17:32:29
1254,PR-11254,Brian Smith,2023-12-13,Watch,80,Approved,2024-01-02T13:20:01
1255,PR-11255,Edgar Morris,2024-04-13,Involve,287,Pending,2022-11-24T13:55:02
1256,PR-11256,Cynthia Gardner,2025-06-24,Reduce,95,Approved,2025-01-05T14:59:33
1257,PR-11257,James Stewart,2023-03-11,Top,443,Approved,2023-04-17T23:22:45
1258,PR-11258,Melissa Travis,2024-06-06,System,87,Pending,2025-09-10T22:30:52
1259,PR-11259,Nancy Jones,2023-03-30,Large,307,Approved,2025-03-23T22:57:19
1260,PR-11260,Jeffrey Mueller,2023-08-29,Job,139,Approved,2025-03-04T03:43:21
1261,PR-11261,Heather Johnston,2025-08-03,Security,224,Pending,2024-07-08T01:27:20
1262,PR-11262,Henry Soto,2024-03-25,But,154,Cancelled,2024-10-19T18:41:45
1263,PR-11263,Darryl Wood,2024-06-29,That,153,Pending,2023-06-04T08:40:57
1264,PR-11264,Christopher Walker,2023-07-15,Author,153,Pending,2024-12-16T04:29:50
1265,PR-11265,Crystal Townsend,2024-03-03,Camera,137,Pending,2024-05-25T16:42:07
1266,PR-11266,Trevor Mathis,2022-11-21,At,148,Pending,2023-05-04T22:53:37
1267,PR-11267,Nathan Taylor,2025-08-19,Present,355,Cancelled,2025-01-20T04:42:29
1268,PR-11268,Kelly Hernandez,2025-07-27,Reduce,214,Approved,2024-12-21T15:18:36
1269,PR-11269,Diane Davis,2024-06-30,Scene,193,Pending,2024-01-22T04:22:38
1270,PR-11270,Angela Burns,2025-05-20,Down,217,Pending,2024-01-29T13:26:44
1271,PR-11271,Kenneth Little,2023-07-09,Artist,446,Approved,2023-02-21T17:37:47
1272,PR-11272,Susan Vargas,2025-04-02,Result,29,Approved,2024-08-29T17:24:26
1273,PR-11273,David Stone,2025-01-30,True,207,Approved,2024-03-28T02:38:05
1274,PR-11274,Samantha Lewis,2024-03-31,Less,127,Pending,2024-07-27T03:01:24
1275,PR-11275,Jaclyn Hernandez,2023-03-12,Kid,450,Cancelled,2025-10-11T16:00:42
1276,PR-11276,Adam Rich,2023-08-10,Still,14,Approved,2024-12-10T02:52:31
1277,PR-11277,Austin Griffin,2025-07-29,Sometimes,83,Approved,2024-04-10T13:41:50
1278,PR-11278,April Becker,2024-06-10,Former,238,Approved,2023-05-18T03:32:37
1279,PR-11279,Rachel Fitzgerald,2023-08-22,Ahead,458,Approved,2024-08-21T00:22:01
1280,PR-11280,Jennifer Anderson,2025-05-20,Operation,498,Cancelled,2023-11-01T22:31:51
1281,PR-11281,Derrick Cruz,2025-09-04,Decision,6,Approved,2025-03-13T18:07:07
1282,PR-11282,Dana Christian,2023-04-17,National,397,Cancelled,2025-05-03T14:20:16
1283,PR-11283,Annette Gibson,2023-12-30,Above,112,Pending,2024-12-10T18:21:47
1284,PR-11284,Maria Dominguez,2025-05-03,But,431,Pending,2023-11-03T12:32:17
1285,PR-11285,Justin Green,2023-08-13,Simple,316,Cancelled,2024-11-02T01:51:33
1286,PR-11286,Brad Peterson,2022-11-27,On,247,Cancelled,2024-02-24T19:08:05
1287,PR-11287,Zachary Rasmussen,2023-06-29,May,108,Approved,2025-08-25T07:24:34
1288,PR-11288,Joseph Stewart,2023-08-19,Close,146,Approved,2025-01-25T04:50:26
1289,PR-11289,Mary Greene,2024-02-16,Themselves,193,Approved,2024-03-20T21:56:08
1290,PR-11290,Kathryn Garcia,2024-06-10,Recently,407,Cancelled,2022-12-25T11:03:26
1291,PR-11291,Sophia Anderson,2023-05-12,Simply,309,Pending,2024-11-09T09:18:39
1292,PR-11292,Mr. Donald Wolfe,2024-12-12,Skin,253,Approved,2024-03-17T11:09:54
1293,PR-11293,Cody Harrington,2024-10-08,Control,373,Approved,2022-12-04T04:44:59
1294,PR-11294,Robert Lynch,2023-02-07,Media,467,Pending,2023-03-26T23:47:56
1295,PR-11295,Carla Smith,2023-03-11,Letter,157,Cancelled,2024-09-05T00:09:31
1296,PR-11296,Daniel Duncan,2023-10-06,National,91,Approved,2024-08-03T19:53:13
1297,PR-11297,James Thomas,2023-09-09,Note,87,Approved,2024-07-03T12:27:51
1298,PR-11298,Heather Soto,2024-07-10,Between,262,Approved,2024-11-17T13:13:54
1299,PR-11299,Andrew Stephens,2022-11-11,Meet,401,Cancelled,2023-03-08T04:23:58
1300,PR-11300,Jacob Miller,2025-05-24,This,37,Pending,2024-04-15T12:52:25
1301,PR-11301,Matthew Robinson,2025-04-17,Hold,434,Cancelled,2023-01-20T18:29:38
1302,PR-11302,Catherine Olson,2025-02-22,List,342,Approved,2024-07-11T17:13:28
1303,PR-11303,Adam Allen,2024-03-17,Lay,328,Approved,2024-03-26T13:36:15
1304,PR-11304,Jessica Hoffman,2023-06-23,Positive,395,Pending,2024-08-26T20:16:05
1305,PR-11305,David Thomas,2025-10-14,Into,69,Cancelled,2023-12-24T12:50:15
1306,PR-11306,Stephanie Parker,2022-12-25,Radio,259,Pending,2025-10-25T01:35:40
1307,PR-11307,Cynthia Jones,2024-02-05,Others,219,Pending,2025-01-01T06:39:03
1308,PR-11308,Michael Serrano,2023-04-29,Carry,82,Approved,2024-12-20T16:11:19
1309,PR-11309,Tracy Day,2023-07-20,Check,428,Cancelled,2024-04-18T17:15:52
1310,PR-11310,Luis Webb,2025-01-05,Operation,299,Cancelled,2025-03-22T09:47:42
1311,PR-11311,Grace Johnson,2023-01-21,Former,444,Cancelled,2023-08-02T12:04:23
1312,PR-11312,Eric Santiago,2023-05-11,Nothing,237,Approved,2024-02-23T13:07:20
1313,PR-11313,Tammy Medina,2024-11-21,Their,312,Cancelled,2024-11-23T19:21:44
1314,PR-11314,Lori Dixon,2023-06-18,Bed,308,Approved,2023-12-12T01:41:26
1315,PR-11315,Mrs. Audrey Howell,2024-05-28,Financial,338,Cancelled,2023-01-13T08:38:25
1316,PR-11316,Russell Walker,2025-02-25,Mr,38,Cancelled,2025-01-05T15:32:28
1317,PR-11317,Lisa Guerra,2023-05-16,Generation,160,Cancelled,2025-03-20T20:30:18
1318,PR-11318,Mitchell Fisher,2025-07-18,Population,438,Pending,2024-06-19T13:06:33
1319,PR-11319,Eric Ellison,2024-11-06,Game,209,Cancelled,2024-11-10T19:44:05
1320,PR-11320,Danny Wang,2024-10-26,Space,283,Pending,2024-12-21T13:26:30
1321,PR-11321,Robert Brewer,2023-06-12,Special,91,Approved,2025-06-03T02:05:38
1322,PR-11322,David Gutierrez,2025-10-24,Traditional,178,Approved,2023-11-09T01:30:54
1323,PR-11323,Sarah Nelson,2024-08-19,Leg,494,Pending,2025-05-30T15:10:41
1324,PR-11324,Caleb Fry,2022-11-18,True,371,Pending,2023-03-07T17:30:24
1325,PR-11325,Alison Black,2024-06-14,Individual,151,Pending,2024-11-25T00:05:31
1326,PR-11326,Ryan Carpenter,2023-07-07,Security,287,Approved,2024-08-18T02:55:54
1327,PR-11327,Heather Richards,2025-04-26,Force,242,Pending,2024-01-31T23:19:44
1328,PR-11328,Toni Crosby,2023-01-04,Act,74,Approved,2024-06-24T17:19:58
1329,PR-11329,Deborah Morales,2025-06-30,Each,406,Cancelled,2023-11-19T00:34:34
1330,PR-11330,Theresa Fitzpatrick,2024-12-06,All,480,Approved,2025-07-07T06:57:54
1331,PR-11331,Antonio Sullivan,2023-11-06,Next,258,Approved,2024-11-29T11:17:46
1332,PR-11332,Aaron Crawford,2025-06-26,Big,267,Pending,2025-07-20T14:36:04
1333,PR-11333,Bianca Roth,2023-07-18,Interest,16,Approved,2025-04-01T18:18:16
1334,PR-11334,Alyssa Austin,2023-02-20,Enter,436,Pending,2023-10-27T05:42:05
1335,PR-11335,Danielle Mills,2024-11-27,Glass,142,Approved,2023-02-10T23:58:13
1336,PR-11336,Kimberly Kelly,2024-06-02,Raise,39,Approved,2023-05-01T18:52:39
1337,PR-11337,Stephanie Smith,2025-02-10,Get,178,Approved,2024-01-10T14:39:47
1338,PR-11338,Edward Wilson,2024-11-21,Across,316,Pending,2024-09-28T15:43:57
1339,PR-11339,Suzanne Hill,2022-12-07,Girl,323,Cancelled,2024-08-01T14:23:37
1340,PR-11340,Kristine Rodriguez,2023-07-15,Try,402,Cancelled,2025-03-11T02:29:35
1341,PR-11341,Lance Perez,2025-10-15,Medical,379,Approved,2024-10-14T16:52:27
1342,PR-11342,Katie Ortega,2024-11-18,Along,457,Approved,2024-02-18T07:15:45
1343,PR-11343,Amanda Arnold,2023-06-05,Paper,36,Pending,2023-01-23T19:09:27
1344,PR-11344,Patrick Roberts,2024-05-17,Cause,14,Approved,2024-09-24T16:34:20
1345,PR-11345,Kevin Bell,2024-03-11,Quality,135,Pending,2023-01-04T09:55:16
1346,PR-11346,John Mccall,2023-06-07,Me,182,Pending,2023-02-15T19:09:03
1347,PR-11347,Sarah Romero,2023-06-09,Box,258,Pending,2024-05-06T01:37:58
1348,PR-11348,Vincent Wells,2025-01-26,Alone,374,Approved,2024-06-15T07:43:16
1349,PR-11349,Rodney Johnson,2023-12-25,Where,257,Approved,2023-10-13T09:33:47
1350,PR-11350,David Fernandez,2025-09-21,Again,451,Approved,2025-04-10T15:45:30
1351,PR-11351,Mary Ponce,2024-04-08,Themselves,238,Approved,2025-05-02T22:27:20
1352,PR-11352,Wayne Chambers,2023-06-08,Including,4,Pending,2024-08-01T15:14:26
1353,PR-11353,Kelly Brock,2025-03-24,Kitchen,216,Cancelled,2023-02-07T03:02:10
1354,PR-11354,Monica Brown,2025-05-09,Kind,193,Pending,2022-12-19T01:19:41
1355,PR-11355,Carrie Richardson,2025-03-26,Religious,471,Pending,2024-08-06T03:40:08
1356,PR-11356,Amy Schultz,2024-03-01,Better,454,Cancelled,2024-08-29T03:24:22
1357,PR-11357,Travis Meyer,2025-08-27,Home,78,Cancelled,2023-08-14T07:55:47
1358,PR-11358,Kimberly Daniels,2024-03-10,Never,123,Pending,2023-09-08T18:34:02
1359,PR-11359,Keith Walter,2025-01-28,Energy,195,Pending,2023-06-10T00:44:36
1360,PR-11360,Taylor Carter,2025-01-06,Standard,252,Pending,2023-09-11T13:33:41
1361,PR-11361,David Parker,2025-02-23,First,205,Approved,2025-09-09T13:55:19
1362,PR-11362,Kathy Payne,2025-06-27,Nature,394,Pending,2023-01-06T14:35:38
1363,PR-11363,Kaitlin Robertson,2022-12-22,Enjoy,345,Cancelled,2025-07-30T19:51:07
1364,PR-11364,Matthew Barrera,2024-06-12,Lot,37,Pending,2024-05-11T03:27:06
1365,PR-11365,Keith Johnson,2024-02-03,But,416,Approved,2024-09-16T21:04:51
1366,PR-11366,Kristen Leonard,2025-10-21,Television,277,Cancelled,2023-10-27T15:47:51
1367,PR-11367,Kathleen Rivera,2022-12-08,On,170,Approved,2023-03-31T07:00:59
1368,PR-11368,Joanne Scott,2023-09-19,National,354,Pending,2024-09-14T23:28:42
1369,PR-11369,Matthew Lewis,2025-05-17,End,480,Pending,2023-03-03T03:36:40
1370,PR-11370,Sandra Baldwin,2025-01-17,Response,168,Approved,2024-06-17T14:12:57
1371,PR-11371,Thomas Hill,2024-08-04,Officer,442,Pending,2025-08-02T10:52:31
1372,PR-11372,Darryl Phillips,2024-05-13,Reduce,188,Cancelled,2023-06-05T13:56:54
1373,PR-11373,Hunter Hammond,2025-05-23,On,477,Pending,2022-12-19T22:18:25
1374,PR-11374,Raymond Barker DDS,2024-03-02,Performance,84,Cancelled,2024-01-23T14:30:58
1375,PR-11375,Jaime Baldwin,2023-05-24,Perform,10,Approved,2023-06-09T15:28:47
1376,PR-11376,Susan Rogers,2023-06-18,As,185,Cancelled,2024-07-25T07:39:58
1377,PR-11377,Susan Matthews,2023-10-14,Onto,410,Cancelled,2023-03-13T11:19:41
1378,PR-11378,Rachel Carpenter,2025-05-28,Blue,416,Approved,2023-09-26T22:46:33
1379,PR-11379,Justin Jackson,2024-01-05,Fire,113,Cancelled,2025-08-10T06:30:24
1380,PR-11380,Emily Hansen,2023-02-08,Remember,283,Approved,2024-12-08T15:01:43
1381,PR-11381,James Macdonald,2024-02-13,Operation,430,Cancelled,2024-02-11T10:12:48
1382,PR-11382,Larry Shepherd,2024-07-25,Without,476,Approved,2023-06-04T11:41:24
1383,PR-11383,Shelby Johnson,2024-12-26,Politics,71,Approved,2025-06-17T11:05:47
1384,PR-11384,Thomas Grant,2024-04-19,Voice,419,Pending,2022-11-17T11:02:26
1385,PR-11385,Nicholas Allen,2023-01-16,Concern,174,Pending,2025-10-21T21:27:11
1386,PR-11386,Jason Cooper,2025-02-03,Respond,30,Approved,2023-06-23T15:07:20
1387,PR-11387,Brandon Butler,2024-04-10,Opportunity,424,Approved,2025-02-20T04:42:43
1388,PR-11388,Sarah Blankenship,2024-12-30,What,404,Pending,2024-04-04T06:36:10
1389,PR-11389,Jerome Forbes,2024-10-19,Blue,383,Pending,2024-10-14T01:16:23
1390,PR-11390,Jay Morris,2024-02-06,Above,376,Approved,2024-04-11T20:22:58
1391,PR-11391,David Williams,2023-09-21,Receive,330,Approved,2024-05-21T00:14:20
1392,PR-11392,Miguel Wilson,2023-11-11,Stage,392,Approved,2025-09-05T14:41:31
1393,PR-11393,Sandra Farrell,2024-10-06,Three,7,Approved,2025-08-30T07:58:15
1394,PR-11394,David Bryan,2025-04-26,Over,285,Cancelled,2025-03-01T01:33:02
1395,PR-11395,Kara Peterson,2025-05-25,A,23,Cancelled,2023-08-03T01:12:54
1396,PR-11396,Raymond Cohen,2024-11-15,Yard,162,Cancelled,2025-04-23T23:40:53
1397,PR-11397,Stephen Adams,2025-04-22,Data,81,Cancelled,2025-04-01T18:03:31
1398,PR-11398,Gregory Harrison,2022-11-21,Probably,134,Pending,2025-06-10T12:39:08
1399,PR-11399,Brian Sullivan,2023-04-09,Price,297,Cancelled,2023-10-16T13:21:20
1400,PR-11400,Stephanie Rosales,2025-08-15,Leader,491,Cancelled,2023-11-02T08:22:33
1401,PR-11401,Daniel Kemp,2023-12-02,Feel,258,Pending,2023-04-27T03:43:31
1402,PR-11402,Margaret Bell,2023-01-26,Smile,173,Cancelled,2023-08-28T20:51:23
1403,PR-11403,Nancy Graham,2025-08-15,Month,321,Cancelled,2025-10-09T17:56:19
1404,PR-11404,Maria Saunders,2023-03-03,Value,127,Pending,2024-04-01T19:33:43
1405,PR-11405,Joseph Stafford,2025-06-14,So,80,Approved,2024-02-05T04:58:26
1406,PR-11406,David Day MD,2022-12-22,Ten,424,Approved,2024-12-17T23:42:48
1407,PR-11407,Ronald Lang,2023-11-06,This,29,Pending,2025-04-05T07:58:25
1408,PR-11408,Alexis Price,2023-01-29,Local,57,Pending,2024-03-27T18:36:27
1409,PR-11409,Logan Rodgers,2024-01-05,Pattern,211,Cancelled,2024-01-20T06:06:21
1410,PR-11410,Brian Smith,2025-01-20,Add,384,Approved,2025-04-28T08:29:47
1411,PR-11411,Michael Manning,2023-09-11,Oil,207,Cancelled,2025-09-15T21:27:21
1412,PR-11412,Pam Crawford,2022-12-05,Stuff,419,Pending,2024-07-20T09:01:47
1413,PR-11413,Edgar Thomas,2023-09-11,Follow,83,Cancelled,2025-05-10T23:19:23
1414,PR-11414,Kathy Arnold,2025-08-29,Either,312,Cancelled,2025-10-25T01:53:25
1415,PR-11415,Charles Hamilton,2025-04-13,Just,482,Cancelled,2023-12-21T11:50:20
1416,PR-11416,Richard Pham,2023-03-25,Small,94,Cancelled,2024-02-20T10:52:43
1417,PR-11417,Jessica Mcdonald,2024-12-24,Beat,450,Pending,2023-09-11T01:59:30
1418,PR-11418,Shelia Reed,2023-06-04,Two,132,Cancelled,2024-05-15T04:51:23
1419,PR-11419,John Sanchez,2024-06-15,Buy,260,Cancelled,2025-06-21T16:41:24
1420,PR-11420,Jesus Smith,2023-03-05,Short,202,Approved,2023-12-08T02:37:54
1421,PR-11421,Diana Hunter,2025-04-01,Significant,455,Approved,2023-08-15T21:02:19
1422,PR-11422,Anthony Roberson,2024-12-24,Explain,441,Cancelled,2024-07-13T12:09:21
1423,PR-11423,George Chan,2024-11-09,High,302,Cancelled,2024-04-19T12:06:26
1424,PR-11424,Walter Watson,2025-09-14,Organization,437,Pending,2023-06-26T15:25:55
1425,PR-11425,Sean Erickson,2024-08-03,Seven,424,Cancelled,2025-05-09T12:51:11
1426,PR-11426,Hannah Sullivan,2024-12-27,Admit,247,Cancelled,2024-02-17T04:30:33
1427,PR-11427,Caitlin Henderson,2024-09-03,Know,57,Approved,2025-06-11T18:01:58
1428,PR-11428,Thomas Huang,2023-01-17,Huge,133,Cancelled,2024-09-29T15:04:15
1429,PR-11429,Terri Henson,2023-02-20,Loss,385,Cancelled,2025-01-21T10:31:36
1430,PR-11430,Andre Davis,2023-07-13,At,358,Pending,2022-11-23T23:42:48
1431,PR-11431,Mr. Steven Ferguson,2024-07-21,Now,495,Approved,2025-05-22T03:42:56
1432,PR-11432,David Compton,2024-02-24,Beautiful,412,Pending,2023-05-18T20:08:12
1433,PR-11433,Michael Ross,2025-03-24,Service,380,Pending,2023-06-27T01:23:23
1434,PR-11434,Jason Page,2024-03-02,Poor,162,Pending,2025-02-24T18:31:47
1435,PR-11435,Brittany Montgomery,2025-03-25,Mind,286,Pending,2024-01-06T05:38:13
1436,PR-11436,James Oneill,2023-12-02,Audience,114,Approved,2024-08-16T04:49:45
1437,PR-11437,Patrick Conley,2025-05-24,Article,199,Cancelled,2024-10-18T22:44:31
1438,PR-11438,Collin Johnson,2023-02-20,Reflect,435,Approved,2024-08-17T03:52:56
1439,PR-11439,Julie Monroe,2024-12-30,Bag,146,Cancelled,2024-05-04T09:54:10
1440,PR-11440,Diane Brown,2023-09-08,There,101,Approved,2025-07-01T22:45:42
1441,PR-11441,Daniel Wood,2024-11-25,Standard,239,Cancelled,2025-10-16T23:50:37
1442,PR-11442,Amber Shah,2024-04-27,Kind,145,Pending,2024-08-11T22:40:16
1443,PR-11443,Brandi Savage,2024-02-09,Receive,27,Pending,2023-07-16T08:50:22
1444,PR-11444,Kim Livingston,2024-02-13,Bit,151,Cancelled,2023-07-26T15:29:11
1445,PR-11445,Michelle Tucker,2023-10-28,Answer,73,Approved,2023-05-10T19:51:15
1446,PR-11446,Yvette Wilson,2025-07-22,Bag,483,Approved,2024-03-30T06:03:57
1447,PR-11447,Brenda King,2023-05-29,Success,281,Cancelled,2024-07-17T13:48:38
1448,PR-11448,Mary Mason,2024-03-19,Southern,398,Approved,2022-12-28T17:28:38
1449,PR-11449,Dawn Tran,2024-08-30,Choose,416,Approved,2025-08-01T11:30:26
1450,PR-11450,Kathryn Saunders,2023-06-20,Window,411,Approved,2024-08-17T13:52:44
1451,PR-11451,Barry Krause,2023-03-13,Hotel,223,Cancelled,2023-04-21T12:22:23
1452,PR-11452,Ronnie Roth,2023-06-18,Model,496,Pending,2025-10-07T15:15:27
1453,PR-11453,Tyler Howell,2023-04-05,Share,56,Approved,2025-09-02T15:00:35
1454,PR-11454,Stephanie Smith,2024-06-03,Foot,478,Approved,2024-02-19T23:33:25
1455,PR-11455,Michael Hall,2023-07-04,Agent,205,Cancelled,2025-07-02T20:18:13
1456,PR-11456,Joshua Campbell,2024-01-31,Government,331,Pending,2022-11-09T07:46:32
1457,PR-11457,Kim Lawrence,2024-03-15,Big,458,Approved,2024-03-12T09:47:51
1458,PR-11458,Paul Gray,2022-11-29,Money,472,Pending,2023-11-29T01:25:48
1459,PR-11459,Dawn Patrick,2024-01-05,Require,306,Approved,2025-02-24T01:57:26
1460,PR-11460,Elizabeth Bryant,2025-03-03,Government,158,Cancelled,2025-03-09T19:49:03
1461,PR-11461,Desiree Watkins,2025-01-11,Suggest,30,Approved,2024-09-12T02:39:27
1462,PR-11462,James Jones,2023-10-13,Note,225,Cancelled,2025-02-19T22:06:16
1463,PR-11463,Steven Singleton,2024-09-21,Scene,253,Approved,2025-04-24T07:07:08
1464,PR-11464,Christopher Martinez,2024-08-28,Realize,214,Pending,2023-10-16T08:44:33
1465,PR-11465,Shannon Hobbs,2024-10-21,Democratic,391,Cancelled,2023-06-09T01:12:55
1466,PR-11466,Kimberly Adkins,2023-05-02,Term,498,Pending,2023-08-02T15:46:13
1467,PR-11467,Joseph Roth,2023-10-09,Near,242,Cancelled,2023-10-26T16:49:13
1468,PR-11468,Alyssa Perry,2023-02-11,Respond,81,Cancelled,2023-07-01T18:20:21
1469,PR-11469,Rachel Green,2024-03-01,Positive,487,Cancelled,2024-03-15T05:52:04
1470,PR-11470,Courtney Stein,2025-01-07,Treatment,196,Pending,2024-07-23T00:52:50
1471,PR-11471,Rachel Fox,2023-01-21,Production,444,Approved,2024-05-13T08:41:20
1472,PR-11472,Amanda Howard,2024-07-25,Director,384,Cancelled,2025-06-09T05:52:51
1473,PR-11473,Zachary Long,2025-01-25,Other,242,Pending,2023-03-20T10:10:44
1474,PR-11474,Eddie Herman,2024-03-20,Trouble,9,Approved,2024-12-15T23:43:56
1475,PR-11475,Donald Mccoy,2023-12-01,Commercial,150,Cancelled,2025-04-23T21:37:32
1476,PR-11476,Tyler Yang,2025-07-08,Yourself,369,Pending,2025-10-22T23:39:17
1477,PR-11477,Michelle Hanson,2024-12-27,Student,77,Approved,2025-03-15T19:26:53
1478,PR-11478,Paul Galloway,2024-02-25,Ever,307,Approved,2023-01-15T22:53:32
1479,PR-11479,Andrew Hayes,2024-06-27,Responsibility,375,Cancelled,2024-11-13T08:51:32
1480,PR-11480,David Erickson,2023-11-23,Newspaper,359,Pending,2023-03-05T00:43:16
1481,PR-11481,Thomas Gonzalez,2023-02-01,Make,484,Approved,2024-11-22T14:34:20
1482,PR-11482,Ryan Hernandez,2025-06-02,Opportunity,104,Pending,2025-07-06T04:25:52
1483,PR-11483,Benjamin Cochran,2023-04-14,Born,58,Cancelled,2025-02-03T08:22:35
1484,PR-11484,Holly Thompson,2023-11-02,Road,460,Cancelled,2024-01-13T20:34:59
1485,PR-11485,Kevin Johnson,2023-03-09,Too,219,Cancelled,2023-06-11T13:31:51
1486,PR-11486,Melissa Anderson,2025-03-10,Power,405,Cancelled,2023-09-17T08:24:23
1487,PR-11487,Anthony Ramirez,2023-05-27,Risk,157,Approved,2025-05-09T14:35:39
1488,PR-11488,William Brown,2025-10-12,Safe,431,Approved,2023-10-06T21:37:19
1489,PR-11489,Raven White,2024-08-09,Exist,408,Pending,2025-08-03T00:56:30
1490,PR-11490,Joseph Jones,2023-07-04,Buy,55,Approved,2023-05-30T23:44:55
1491,PR-11491,Paul Stewart,2025-02-19,Official,150,Approved,2023-01-30T17:07:51
1492,PR-11492,Juan Arnold,2023-10-31,Environmental,335,Approved,2023-07-19T00:25:41
1493,PR-11493,Arthur Valdez,2022-11-20,Wonder,161,Cancelled,2023-08-10T23:48:02
1494,PR-11494,Michael Cooper,2022-12-25,Seven,298,Cancelled,2024-04-17T22:04:40
1495,PR-11495,Joseph Scott,2025-05-04,Enough,280,Cancelled,2023-06-05T15:55:52
1496,PR-11496,Lisa Cole,2023-01-10,Support,137,Pending,2024-08-05T01:59:56
1497,PR-11497,Nancy Salazar,2023-08-04,Water,412,Cancelled,2024-06-06T17:37:37
1498,PR-11498,Michelle Schwartz,2024-11-12,Space,217,Cancelled,2023-11-19T11:10:05
1499,PR-11499,Ricky Carlson,2023-05-07,Mother,152,Approved,2025-07-20T20:04:58
1500,PR-11500,Sarah Johnson,2023-07-31,Grow,432,Pending,2024-02-05T04:04:52
1501,PR-11501,Frances Bell,2023-08-19,Long,353,Cancelled,2023-02-21T02:32:50
1502,PR-11502,Ronald Smith,2025-03-07,Doctor,12,Cancelled,2025-04-16T03:24:24
1503,PR-11503,David Craig,2025-03-21,From,201,Cancelled,2023-01-01T00:51:15
1504,PR-11504,Colleen Spencer,2024-08-26,Seem,141,Pending,2024-05-10T10:23:48
1505,PR-11505,Daniel Fletcher,2024-03-31,Provide,423,Approved,2025-05-29T09:02:50
1506,PR-11506,Justin Gates,2025-05-03,Him,192,Approved,2024-06-03T05:50:54
1507,PR-11507,Brittany Dyer,2024-10-13,Spend,457,Cancelled,2023-04-29T06:51:14
1508,PR-11508,Sean Bell,2024-03-22,Baby,182,Approved,2025-05-24T23:47:26
1509,PR-11509,Megan Hurley,2024-06-27,Improve,486,Cancelled,2024-05-09T07:33:49
1510,PR-11510,Paul Schwartz,2022-12-11,Pick,416,Cancelled,2024-08-07T10:10:44
1511,PR-11511,John Castillo,2025-07-18,Executive,409,Approved,2023-01-22T22:07:40
1512,PR-11512,Christina Haynes,2025-09-11,Like,101,Cancelled,2025-03-08T09:31:13
1513,PR-11513,Barbara Brennan,2023-04-05,Ok,443,Pending,2023-08-30T13:19:44
1514,PR-11514,Monica Mcdonald,2023-03-21,Social,176,Cancelled,2024-10-28T10:37:40
1515,PR-11515,Jeremiah Byrd,2024-09-17,Goal,218,Cancelled,2025-01-12T09:16:49
1516,PR-11516,Marilyn Shields,2023-11-12,Her,232,Cancelled,2023-03-10T10:34:33
1517,PR-11517,Stacey Haley,2024-01-08,Event,481,Cancelled,2024-10-25T15:48:10
1518,PR-11518,Joshua Hatfield,2023-06-25,Tend,241,Cancelled,2024-01-26T01:15:43
1519,PR-11519,Deborah Craig,2025-07-15,War,68,Cancelled,2023-06-29T20:24:23
1520,PR-11520,David Miller,2023-10-26,News,42,Approved,2023-09-05T16:08:35
1521,PR-11521,Natalie Davis,2023-08-05,Operation,477,Approved,2025-09-01T09:53:05
1522,PR-11522,Adam Gillespie,2024-05-31,Family,43,Pending,2024-10-13T13:08:35
1523,PR-11523,Matthew Horn,2024-09-13,Idea,333,Pending,2023-11-03T23:56:43
1524,PR-11524,Timothy Villarreal,2024-02-02,Record,65,Cancelled,2022-11-23T19:25:55
1525,PR-11525,Carolyn Daniels,2024-04-02,Material,117,Pending,2025-05-15T05:30:57
1526,PR-11526,Michael Mcbride,2023-08-16,Bill,401,Approved,2023-04-02T15:21:26
1527,PR-11527,Joseph Williams,2024-08-24,Somebody,447,Approved,2024-05-05T08:17:34
1528,PR-11528,Christine Nguyen,2023-04-03,Not,111,Cancelled,2023-07-03T00:24:09
1529,PR-11529,Christina Nunez,2024-02-19,Family,459,Pending,2025-07-18T05:43:23
1530,PR-11530,Angela Buckley,2024-08-09,Those,202,Cancelled,2024-03-06T01:20:40
1531,PR-11531,Ashley King,2025-06-25,Still,324,Cancelled,2025-02-05T10:07:20
1532,PR-11532,Jose Becker,2025-01-30,Example,146,Cancelled,2024-11-10T18:28:29
1533,PR-11533,Paul Thompson,2024-12-06,Feeling,256,Pending,2025-08-26T00:47:04
1534,PR-11534,Amy Thompson,2024-09-29,Region,498,Cancelled,2025-02-05T03:40:01
1535,PR-11535,Patricia Watson,2022-12-28,Attention,231,Approved,2022-11-15T23:28:22
1536,PR-11536,Jordan Mosley,2023-01-01,Phone,268,Approved,2024-01-26T22:16:51
1537,PR-11537,Mary Howard,2023-03-20,Region,349,Cancelled,2023-07-05T05:14:18
1538,PR-11538,Thomas Santiago,2023-02-16,Almost,197,Approved,2024-04-20T05:37:42
1539,PR-11539,Michael Leonard,2023-05-30,Add,299,Approved,2023-05-31T00:42:17
1540,PR-11540,George Jennings,2025-09-16,Charge,152,Approved,2025-06-13T18:11:04
1541,PR-11541,David Ramirez,2024-12-22,Everybody,56,Cancelled,2025-02-20T16:48:37
1542,PR-11542,Jason Bennett,2025-05-23,Mention,405,Pending,2023-08-29T04:04:36
1543,PR-11543,Jacob Miller,2025-07-09,Other,346,Approved,2024-01-21T00:02:34
1544,PR-11544,Bryan Nielsen,2025-09-09,Responsibility,183,Pending,2024-10-09T08:24:31
1545,PR-11545,Lisa Morales,2023-12-13,Hit,137,Pending,2022-11-15T21:42:32
1546,PR-11546,Brittany Parker,2025-07-03,Everyone,298,Approved,2023-05-11T10:03:32
1547,PR-11547,Sarah Flores,2024-01-14,Road,56,Cancelled,2023-07-06T01:39:28
1548,PR-11548,Christopher Rivera,2023-02-05,This,295,Cancelled,2025-01-12T11:13:19
1549,PR-11549,William Kim,2024-11-06,Source,317,Approved,2023-03-02T07:01:08
1550,PR-11550,Paul Madden,2025-07-23,Fall,396,Cancelled,2025-07-16T06:57:00
1551,PR-11551,David Mitchell,2024-06-17,Simply,430,Approved,2024-10-20T19:45:23
1552,PR-11552,Denise Martinez,2025-07-17,Shake,59,Pending,2024-10-02T04:27:32
1553,PR-11553,Eric Martinez,2025-04-25,Hour,412,Approved,2025-04-16T00:30:04
1554,PR-11554,Annette Cross,2022-12-23,Area,162,Approved,2025-07-22T11:36:22
1555,PR-11555,Wendy Williams,2025-08-30,Place,487,Pending,2023-02-11T21:43:56
1556,PR-11556,Danny Gonzalez,2025-01-18,Fund,421,Approved,2023-04-02T18:15:06
1557,PR-11557,Christopher Woods,2022-11-30,Skill,421,Approved,2023-12-31T10:05:07
1558,PR-11558,Marisa Levy,2025-03-11,Sense,30,Approved,2024-10-24T04:40:41
1559,PR-11559,Kaitlyn Myers,2023-10-15,Eight,26,Pending,2023-12-07T04:49:36
1560,PR-11560,James Ferguson,2024-04-23,Range,61,Pending,2024-03-27T07:36:45
1561,PR-11561,Sarah Coleman,2025-10-10,Involve,302,Pending,2025-04-11T17:57:29
1562,PR-11562,Dean Brown,2024-08-13,Cell,454,Approved,2025-04-16T16:38:22
1563,PR-11563,Amy Clark,2025-05-03,Commercial,417,Pending,2023-10-31T16:31:38
1564,PR-11564,Lawrence Miller,2024-03-15,Section,222,Cancelled,2022-11-23T09:20:16
1565,PR-11565,Shelby Hall,2023-06-08,Evidence,213,Cancelled,2022-12-26T01:22:07
1566,PR-11566,John Gonzalez,2024-08-31,Threat,493,Approved,2023-12-08T13:06:41
1567,PR-11567,Martin Marquez,2023-08-17,Read,473,Approved,2025-02-16T23:24:42
1568,PR-11568,Amber Buck,2024-11-01,Suffer,84,Approved,2024-05-03T21:28:35
1569,PR-11569,Robert Foster,2023-06-21,Property,404,Cancelled,2025-03-29T06:37:40
1570,PR-11570,Jose Reyes,2024-09-30,Ready,357,Pending,2022-11-18T10:27:00
1571,PR-11571,Terri Perez,2025-10-24,Indeed,110,Pending,2023-10-21T12:40:46
1572,PR-11572,Keith Graves,2024-10-21,Method,415,Pending,2023-09-24T22:21:52
1573,PR-11573,Anna Little,2024-12-24,Study,195,Pending,2025-03-30T20:36:55
1574,PR-11574,Vicki Soto,2025-02-05,Mrs,500,Approved,2024-06-29T02:25:12
1575,PR-11575,Robert King,2024-05-08,Only,103,Pending,2022-12-22T16:33:12
1576,PR-11576,Stephanie Powell,2025-04-11,Realize,290,Approved,2023-05-17T16:55:51
1577,PR-11577,Hayley Stout,2024-06-05,Party,408,Cancelled,2023-04-10T18:05:54
1578,PR-11578,Thomas Welch,2025-03-20,Begin,90,Approved,2022-12-25T13:29:01
1579,PR-11579,Gabrielle Valdez,2025-06-17,Onto,100,Approved,2025-05-23T03:34:42
1580,PR-11580,Nancy Torres,2024-12-06,We,298,Cancelled,2022-12-15T11:22:12
1581,PR-11581,Sharon Martinez,2023-02-11,Method,485,Pending,2025-02-14T07:21:11
1582,PR-11582,Nathan Salazar,2024-02-16,Owner,387,Pending,2025-08-22T03:10:17
1583,PR-11583,Jon Terrell,2022-11-15,Off,455,Pending,2022-11-08T08:55:20
1584,PR-11584,John Richards,2024-10-17,Although,23,Approved,2023-02-20T16:58:21
1585,PR-11585,Hannah Smith,2024-07-11,Series,243,Cancelled,2024-05-13T20:08:06
1586,PR-11586,Dennis Barron,2024-12-09,Former,353,Cancelled,2023-05-16T09:00:42
1587,PR-11587,Brandon Garcia,2025-03-08,Low,230,Pending,2023-12-18T04:41:38
1588,PR-11588,Erika Ali,2024-06-21,Like,217,Approved,2022-11-19T12:27:15
1589,PR-11589,Jacqueline Marks,2024-11-12,Likely,62,Approved,2025-09-08T17:34:34
1590,PR-11590,Clifford Edwards,2025-10-04,Former,495,Approved,2023-04-30T21:21:32
1591,PR-11591,Jason Figueroa,2024-10-26,Between,300,Pending,2023-12-01T14:43:35
1592,PR-11592,Aaron Howell,2024-08-28,Much,327,Approved,2024-05-07T10:17:07
1593,PR-11593,Dana Cook,2024-07-14,Near,371,Cancelled,2024-07-06T21:09:19
1594,PR-11594,Melissa Cortez,2024-06-10,Hard,240,Pending,2023-11-02T22:51:59
1595,PR-11595,Connie Campbell,2023-11-02,Color,38,Pending,2025-06-13T00:56:24
1596,PR-11596,Timothy Porter,2023-10-09,Everybody,317,Cancelled,2025-02-17T04:07:10
1597,PR-11597,Hannah Lara,2025-01-06,Yourself,109,Cancelled,2024-05-23T08:13:51
1598,PR-11598,Cheryl Hansen,2024-01-03,Wish,394,Cancelled,2023-06-30T07:06:36
1599,PR-11599,Katelyn Fischer,2024-04-02,Face,384,Approved,2024-05-06T21:33:05
1600,PR-11600,Christopher Dyer,2024-05-03,Dark,352,Approved,2024-12-05T00:36:53
1601,PR-11601,Jamie Hull,2023-04-27,Help,150,Pending,2025-07-10T22:56:24
1602,PR-11602,Shelby Hensley,2023-12-17,Protect,450,Approved,2025-07-23T10:37:31
1603,PR-11603,Michael Harvey,2025-01-30,Culture,142,Approved,2025-03-19T15:50:28
1604,PR-11604,Kimberly Macdonald,2025-01-11,Guess,14,Approved,2025-02-20T00:44:26
1605,PR-11605,Russell Long,2024-06-23,Night,352,Pending,2025-07-13T07:47:49
1606,PR-11606,Leonard Terry,2025-02-15,Record,180,Pending,2022-12-18T09:27:34
1607,PR-11607,Dawn Massey,2025-09-03,Its,1,Approved,2024-08-15T00:43:05
1608,PR-11608,Michael Wood,2025-09-24,Course,328,Cancelled,2024-01-20T21:16:11
1609,PR-11609,Martin Johnson,2024-01-31,Event,348,Approved,2023-03-03T08:37:40
1610,PR-11610,Steven Simpson,2023-07-27,Able,178,Pending,2024-11-19T00:48:58
1611,PR-11611,Clinton Mullins,2025-07-08,Born,281,Approved,2024-01-27T14:05:12
1612,PR-11612,Peter Fuentes,2023-04-07,Hair,464,Pending,2024-11-13T03:13:51
1613,PR-11613,Dustin Daniels,2023-09-21,Case,26,Pending,2025-09-29T09:16:53
1614,PR-11614,Kimberly Rodriguez,2023-06-21,Product,134,Approved,2025-02-04T06:14:25
1615,PR-11615,William Harvey,2024-11-23,Modern,192,Approved,2024-01-10T06:30:27
1616,PR-11616,Rebecca Sanchez,2025-05-26,Receive,356,Cancelled,2023-09-06T23:09:28
1617,PR-11617,Thomas Hill,2023-07-02,Pm,261,Approved,2022-12-20T23:24:17
1618,PR-11618,Samantha Lewis,2024-11-20,Guy,274,Approved,2025-09-13T05:39:42
1619,PR-11619,Christopher Jordan,2023-07-03,Create,317,Pending,2024-09-10T13:06:28
1620,PR-11620,Zachary Perez,2025-08-22,Visit,77,Pending,2024-12-03T02:12:16
1621,PR-11621,Dustin Robinson,2025-03-24,Single,442,Pending,2024-07-17T12:15:00
1622,PR-11622,Robert Cook,2023-04-13,Economic,444,Cancelled,2025-01-21T18:46:34
1623,PR-11623,Alicia Williams,2024-08-12,Understand,500,Pending,2025-01-11T13:35:54
1624,PR-11624,Deanna Lambert,2023-10-25,Manage,10,Approved,2024-12-02T11:12:12
1625,PR-11625,Kimberly Pierce,2025-01-28,In,475,Approved,2025-01-22T02:14:15
1626,PR-11626,Caleb Livingston,2023-09-05,Decision,370,Cancelled,2023-02-16T11:09:39
1627,PR-11627,Raymond Ray,2024-12-07,Discover,320,Approved,2024-09-04T00:55:48
1628,PR-11628,John Calderon,2025-05-09,American,332,Approved,2025-09-24T10:56:25
1629,PR-11629,Alejandro Spencer,2023-07-22,Box,157,Cancelled,2025-05-10T23:15:34
1630,PR-11630,Catherine Sanford,2023-09-16,Should,60,Approved,2024-07-20T10:41:47
1631,PR-11631,April Gamble,2025-04-07,Prove,140,Pending,2023-07-24T00:45:56
1632,PR-11632,Joseph Wagner,2024-07-09,Attention,327,Pending,2025-09-15T20:53:10
1633,PR-11633,Lauren Harvey,2023-08-07,I,43,Cancelled,2023-08-02T17:06:01
1634,PR-11634,Ryan Robinson,2022-11-16,Education,338,Pending,2023-07-10T18:13:13
1635,PR-11635,Scott Stanley,2023-10-26,Now,108,Approved,2025-10-25T23:46:43
1636,PR-11636,Jasmine Weaver,2025-09-07,Church,485,Pending,2023-06-22T06:35:22
1637,PR-11637,Jared Cross,2023-04-29,Far,1,Cancelled,2023-10-29T21:49:56
1638,PR-11638,Kathryn Cabrera MD,2024-05-15,Call,194,Cancelled,2023-12-02T00:17:04
1639,PR-11639,Sandra Gomez,2023-05-15,Image,477,Cancelled,2022-12-09T19:59:46
1640,PR-11640,Nathaniel Koch,2024-01-10,Reduce,240,Pending,2024-06-22T18:34:43
1641,PR-11641,Scott Alexander,2024-04-27,Story,35,Approved,2024-05-26T22:45:03
1642,PR-11642,Mary Ford,2023-04-08,Return,15,Approved,2023-01-08T22:44:08
1643,PR-11643,Karen Morris,2024-12-06,Away,428,Cancelled,2024-04-06T18:05:54
1644,PR-11644,Elijah Hudson,2023-10-10,Pay,220,Approved,2023-08-06T11:41:49
1645,PR-11645,Alexis Robertson,2024-05-02,Part,269,Approved,2023-10-26T06:57:48
1646,PR-11646,Joseph Henry,2024-10-19,Bit,329,Pending,2025-03-15T08:39:53
1647,PR-11647,Terrence Lewis,2024-06-27,Son,492,Cancelled,2024-06-17T02:53:02
1648,PR-11648,Amy Huynh,2024-06-15,Series,412,Cancelled,2025-01-06T18:22:53
1649,PR-11649,Stephen Bishop,2025-03-18,Six,457,Cancelled,2024-07-11T01:05:11
1650,PR-11650,Jessica Hill,2025-10-29,Economic,286,Pending,2023-12-12T21:54:51
1651,PR-11651,Richard Clark,2025-10-06,Quite,410,Approved,2025-10-19T20:14:34
1652,PR-11652,Christina Scott,2024-04-11,Could,313,Approved,2024-07-13T16:31:30
1653,PR-11653,Dr. Lydia Wilson,2023-12-15,Still,73,Pending,2024-12-01T02:42:15
1654,PR-11654,Jessica Bryant,2023-01-17,Truth,42,Approved,2025-05-25T08:29:25
1655,PR-11655,Nancy Elliott,2025-08-09,Activity,248,Pending,2022-12-16T20:41:27
1656,PR-11656,Crystal Vasquez,2025-03-13,Field,76,Pending,2025-05-20T04:53:52
1657,PR-11657,Kelsey Drake,2023-12-19,Improve,21,Approved,2025-06-15T13:12:55
1658,PR-11658,Kimberly Ray,2022-12-15,View,200,Cancelled,2023-08-23T08:17:51
1659,PR-11659,Timothy Lopez,2023-07-31,Near,176,Cancelled,2025-08-23T12:41:38
1660,PR-11660,Dr. Mary Obrien,2023-04-28,Between,116,Approved,2025-10-13T05:15:21
1661,PR-11661,John Smith,2025-05-02,Could,413,Approved,2023-07-08T17:12:49
1662,PR-11662,Daniel Taylor,2024-10-13,Dinner,310,Cancelled,2025-09-17T03:08:54
1663,PR-11663,Robert Andrews,2023-10-07,Bill,277,Pending,2025-04-13T23:26:51
1664,PR-11664,Kelly Campbell,2023-10-17,Herself,383,Cancelled,2025-08-06T17:33:47
1665,PR-11665,Timothy Alvarez,2024-08-05,Source,346,Cancelled,2025-05-04T12:37:40
1666,PR-11666,Nathaniel Fry,2024-04-17,City,370,Pending,2025-05-20T18:34:47
1667,PR-11667,Kelsey Howard,2025-07-07,And,209,Cancelled,2023-12-29T19:49:36
1668,PR-11668,Erika Rosales,2025-05-18,Culture,213,Approved,2025-07-06T03:14:03
1669,PR-11669,Carolyn Collins,2025-07-11,About,280,Cancelled,2024-06-09T01:39:15
1670,PR-11670,Michelle Mcmahon,2025-02-05,Two,53,Pending,2024-12-20T20:33:31
1671,PR-11671,Rachel Rosales,2024-11-08,Ok,217,Approved,2025-02-27T01:16:30
1672,PR-11672,Kimberly Combs,2022-12-18,Exactly,360,Pending,2024-08-17T15:02:31
1673,PR-11673,Lisa Wood,2022-12-28,By,86,Pending,2025-06-16T05:15:20
1674,PR-11674,Eric Rowe,2023-11-06,Control,492,Pending,2023-01-31T03:06:57
1675,PR-11675,Samuel Gates,2023-07-24,Responsibility,279,Approved,2024-07-14T07:37:29
1676,PR-11676,Margaret Fields,2025-10-22,Six,443,Pending,2025-02-04T02:56:39
1677,PR-11677,David Bryant,2023-05-17,With,351,Pending,2023-08-13T16:29:54
1678,PR-11678,Carla Wheeler,2025-10-02,Choice,72,Pending,2025-07-23T00:07:40
1679,PR-11679,Laurie Monroe,2023-10-31,End,122,Pending,2025-02-27T07:01:40
1680,PR-11680,James Barber,2024-03-09,Identify,364,Cancelled,2023-06-15T19:59:20
1681,PR-11681,Amanda Clark DDS,2024-03-25,People,187,Pending,2025-03-14T17:01:34
1682,PR-11682,Danielle Collins,2024-05-14,Better,448,Cancelled,2025-05-08T08:12:48
1683,PR-11683,Ashley Lewis,2024-04-25,Note,475,Approved,2023-06-23T12:53:10
1684,PR-11684,Janice Mckenzie,2024-08-07,Direction,426,Pending,2024-04-05T14:53:58
1685,PR-11685,Wendy Cruz,2024-04-17,Whether,309,Cancelled,2023-01-04T13:29:27
1686,PR-11686,Richard Garner,2023-10-31,Yet,134,Approved,2024-08-15T22:36:39
1687,PR-11687,Christopher Lester,2025-01-29,During,282,Pending,2023-06-26T06:54:10
1688,PR-11688,Robert Obrien,2025-07-17,By,458,Approved,2023-06-12T22:23:15
1689,PR-11689,Richard Franklin,2023-05-19,Front,272,Cancelled,2024-02-20T16:27:59
1690,PR-11690,Tom Cook,2025-05-01,Common,37,Cancelled,2022-12-09T14:30:18
1691,PR-11691,Kevin Dixon,2025-01-07,Age,137,Approved,2025-04-27T22:15:02
1692,PR-11692,James Rodriguez,2025-09-29,Throw,4,Cancelled,2024-06-17T00:08:10
1693,PR-11693,Andrea Estes,2023-08-10,Will,386,Cancelled,2022-12-22T06:20:32
1694,PR-11694,Lori Knight MD,2023-06-30,Unit,75,Approved,2023-01-04T18:14:58
1695,PR-11695,Collin Reynolds,2025-08-25,Yet,357,Approved,2023-08-25T10:03:51
1696,PR-11696,James Owens,2023-11-07,Development,155,Pending,2024-09-10T00:03:56
1697,PR-11697,Lauren Padilla,2025-08-25,Task,380,Approved,2023-08-20T01:42:49
1698,PR-11698,Tim Green,2024-08-08,Use,291,Cancelled,2025-07-23T15:56:14
1699,PR-11699,Scott Richmond,2024-03-11,Direction,439,Approved,2023-05-06T13:34:19
1700,PR-11700,Michael Rocha,2023-12-18,Determine,474,Pending,2023-07-29T19:21:39
1701,PR-11701,Belinda Wilson,2025-04-23,Would,160,Approved,2024-09-07T15:07:11
1702,PR-11702,Vanessa Levy,2024-08-20,Experience,146,Pending,2023-11-07T14:27:08
1703,PR-11703,Jason Simpson,2024-05-18,Particularly,344,Approved,2024-05-13T11:26:59
1704,PR-11704,Heidi Warner,2023-03-23,Compare,422,Approved,2025-02-18T13:58:39
1705,PR-11705,Jonathan Pope,2023-03-21,Series,193,Approved,2024-03-03T03:52:16
1706,PR-11706,Tracey Zuniga,2024-01-17,Likely,435,Approved,2025-10-17T11:13:07
1707,PR-11707,Denise Smith,2023-09-10,Any,46,Cancelled,2023-08-04T10:21:23
1708,PR-11708,Robert Brown PhD,2024-07-31,Office,204,Pending,2023-08-27T10:47:44
1709,PR-11709,Dustin Garcia,2025-05-16,Offer,45,Pending,2023-10-12T09:31:01
1710,PR-11710,David Gross,2025-08-24,Card,88,Pending,2024-03-03T17:32:08
1711,PR-11711,Nicholas Fischer,2024-02-17,Main,299,Pending,2024-07-05T22:30:36
1712,PR-11712,Jessica Martin,2025-05-02,East,318,Approved,2024-11-21T10:35:32
1713,PR-11713,Christopher Johnson,2025-09-03,Management,6,Pending,2024-06-15T06:13:57
1714,PR-11714,Chelsea Molina,2024-09-17,Especially,470,Cancelled,2025-10-31T11:44:29
1715,PR-11715,Debbie Jackson,2024-08-28,Budget,488,Cancelled,2023-04-25T00:11:27
1716,PR-11716,Tracey Hill,2025-09-16,Method,248,Approved,2024-07-01T21:56:14
1717,PR-11717,Johnny Davies,2023-09-26,Way,43,Pending,2024-06-02T14:03:43
1718,PR-11718,Calvin Miller,2024-05-04,Fine,392,Pending,2025-06-29T11:25:54
1719,PR-11719,Kristine Adams,2024-10-20,North,69,Pending,2023-12-16T13:46:58
1720,PR-11720,Charles Young,2024-10-12,Authority,201,Approved,2024-06-17T15:39:19
1721,PR-11721,David Lee,2025-09-24,Lay,436,Cancelled,2025-08-09T08:07:23
1722,PR-11722,Johnny Bennett,2024-01-13,Guy,362,Pending,2024-06-18T13:41:56
1723,PR-11723,Sean Brandt,2025-02-28,Upon,499,Cancelled,2025-07-26T18:33:16
1724,PR-11724,Cindy Cooley,2023-01-04,Buy,236,Pending,2024-12-21T12:57:31
1725,PR-11725,Andrew Davidson,2025-01-10,Series,194,Cancelled,2025-10-10T20:18:07
1726,PR-11726,John Potts,2025-08-13,Picture,244,Cancelled,2023-01-21T08:28:12
1727,PR-11727,Jose Gibson,2023-10-16,Individual,18,Cancelled,2025-06-11T23:19:50
1728,PR-11728,Gloria Bishop,2023-09-09,Discuss,170,Cancelled,2025-01-19T16:13:41
1729,PR-11729,Anthony Webster,2024-10-05,Enjoy,39,Cancelled,2025-02-26T21:12:51
1730,PR-11730,Elizabeth Ramos,2024-01-03,Since,59,Cancelled,2025-06-25T13:05:14
1731,PR-11731,Mary Myers,2023-02-06,Prove,115,Cancelled,2024-02-06T08:11:46
1732,PR-11732,Jared Peck,2023-03-21,Car,275,Pending,2023-01-18T10:04:02
1733,PR-11733,Mr. Max Oconnor,2023-11-19,At,477,Cancelled,2024-10-23T10:51:59
1734,PR-11734,John Abbott,2023-08-08,Weight,32,Cancelled,2024-10-05T14:04:49
1735,PR-11735,Wendy Martinez,2023-06-15,Agency,10,Approved,2023-12-02T12:17:58
1736,PR-11736,Matthew Nichols,2025-07-18,Pattern,175,Cancelled,2025-06-25T13:26:55
1737,PR-11737,Kenneth Walls,2024-06-02,Seek,262,Pending,2025-01-10T17:53:48
1738,PR-11738,Diane Gray,2024-06-19,Wall,203,Cancelled,2025-08-09T13:27:48
1739,PR-11739,Kevin Cohen,2023-08-20,Price,458,Approved,2024-09-15T08:29:02
1740,PR-11740,Amy Santos,2025-06-17,Understand,429,Pending,2024-07-26T12:56:40
1741,PR-11741,Joshua Atkins,2023-04-06,Get,308,Pending,2025-04-22T17:44:45
1742,PR-11742,James Hurley,2023-08-14,History,308,Pending,2023-11-29T02:49:21
1743,PR-11743,William Bowers III,2022-12-01,Maybe,6,Approved,2023-03-24T21:20:24
1744,PR-11744,Shannon Bell,2023-10-22,Rich,67,Pending,2023-11-06T07:32:44
1745,PR-11745,Cindy Keller,2024-11-01,Growth,45,Cancelled,2025-07-18T02:48:14
1746,PR-11746,John Hunt,2025-09-12,Card,188,Cancelled,2023-02-10T17:06:01
1747,PR-11747,William Johnson,2024-02-21,Though,32,Approved,2024-01-21T02:02:04
1748,PR-11748,Edward Martin,2025-08-06,North,82,Approved,2023-06-27T06:57:08
1749,PR-11749,Antonio Elliott,2023-04-24,Run,117,Pending,2023-02-09T20:15:36
1750,PR-11750,Makayla Phillips,2025-09-22,Central,41,Cancelled,2023-05-14T07:42:03
1751,PR-11751,Bobby Morales,2025-08-16,Ever,225,Approved,2024-11-15T18:11:14
1752,PR-11752,John Smith,2025-07-27,Camera,180,Approved,2025-08-05T11:41:49
1753,PR-11753,Wesley Hunter,2025-01-06,Four,252,Pending,2024-06-11T00:43:43
1754,PR-11754,James Gonzales,2023-01-12,Represent,96,Approved,2025-10-22T12:54:21
1755,PR-11755,Jasmine Dixon,2025-02-06,Half,56,Pending,2023-09-28T15:10:56
1756,PR-11756,John Dorsey,2023-08-28,Possible,262,Approved,2023-06-04T17:14:30
1757,PR-11757,Dr. Vicki Pruitt,2024-08-17,Successful,474,Approved,2024-10-01T13:33:48
1758,PR-11758,Bryan Boyd,2023-12-15,Owner,373,Pending,2025-06-24T09:04:09
1759,PR-11759,Steven Peterson,2023-07-04,Color,359,Pending,2025-02-21T16:25:02
1760,PR-11760,Bobby Glover,2024-03-01,Agent,492,Cancelled,2023-06-04T03:45:48
1761,PR-11761,Ms. Jessica Molina DDS,2025-08-03,Girl,160,Pending,2024-08-03T03:18:25
1762,PR-11762,Jessica Hale,2025-01-18,Pay,28,Pending,2024-01-19T03:35:18
1763,PR-11763,Sharon Lucero,2025-07-11,Design,481,Cancelled,2024-01-02T03:30:09
1764,PR-11764,Sabrina Camacho,2023-12-03,Evening,291,Approved,2023-07-07T05:52:10
1765,PR-11765,Claudia Randall,2025-09-15,Arm,413,Cancelled,2023-05-26T06:54:06
1766,PR-11766,Tricia Watkins,2025-07-26,Usually,310,Cancelled,2024-06-21T22:24:59
1767,PR-11767,Mr. Dennis Osborne,2023-03-19,Pay,365,Pending,2024-04-04T04:24:49
1768,PR-11768,Cameron Dawson,2024-06-12,Activity,82,Pending,2023-02-21T20:39:25
1769,PR-11769,Courtney King,2023-01-20,Despite,136,Cancelled,2023-08-16T18:07:43
1770,PR-11770,Steven Curtis,2025-05-27,Bag,92,Cancelled,2023-05-22T04:34:05
1771,PR-11771,Donna Hickman,2023-12-17,Could,449,Approved,2024-04-29T16:57:40
1772,PR-11772,Janet Holmes,2024-07-24,Design,131,Approved,2025-07-27T18:16:26
1773,PR-11773,Jacob Vasquez,2025-06-23,Bill,15,Cancelled,2025-08-25T09:08:14
1774,PR-11774,Tony Henderson,2025-09-17,According,381,Approved,2025-06-04T18:15:34
1775,PR-11775,Dan Young,2023-07-16,Soldier,222,Pending,2025-06-30T01:54:24
1776,PR-11776,Christopher Thomas,2024-07-26,Fast,437,Approved,2023-10-29T04:18:09
1777,PR-11777,Raymond Matthews,2025-06-01,Region,294,Cancelled,2023-01-17T03:33:19
1778,PR-11778,Michael Harris,2023-10-10,Policy,91,Cancelled,2024-06-21T04:54:09
1779,PR-11779,Susan Blackwell MD,2024-03-26,Finish,66,Pending,2025-09-12T16:28:43
1780,PR-11780,Shawn Trevino,2024-07-31,Cover,27,Cancelled,2024-09-30T05:51:57
1781,PR-11781,Catherine Cooley,2025-03-16,Effect,252,Approved,2024-06-16T19:24:55
1782,PR-11782,Sabrina Ibarra,2023-04-15,Rise,359,Cancelled,2023-10-09T09:23:53
1783,PR-11783,Jeffrey Walters,2024-08-06,Attorney,143,Cancelled,2024-07-20T16:10:12
1784,PR-11784,Paula Gonzalez,2023-07-22,Nice,198,Pending,2023-06-19T11:55:27
1785,PR-11785,Brooke Evans,2024-03-16,Music,283,Pending,2023-05-25T04:28:32
1786,PR-11786,Anna Kennedy,2025-03-31,People,384,Cancelled,2024-04-20T08:34:38
1787,PR-11787,Steven Galvan,2024-04-04,Quite,87,Approved,2023-10-08T13:16:02
1788,PR-11788,James Morgan,2024-01-03,Even,412,Approved,2023-05-24T15:52:35
1789,PR-11789,Scott Myers,2024-12-25,Door,353,Cancelled,2023-10-11T19:04:10
1790,PR-11790,Kristen Allison,2024-07-28,Example,61,Approved,2025-01-24T15:07:59
1791,PR-11791,Ryan Kim,2022-12-11,Appear,113,Pending,2025-04-18T02:47:18
1792,PR-11792,Harry Walsh,2024-03-07,Some,413,Pending,2025-08-20T19:55:17
1793,PR-11793,Robert Edwards,2025-02-25,Nation,408,Pending,2024-03-25T04:34:07
1794,PR-11794,Melinda Smith,2023-07-27,Page,363,Approved,2023-08-11T00:16:04
1795,PR-11795,Scott Williams,2025-05-14,And,88,Approved,2023-07-18T03:26:39
1796,PR-11796,Chad Hill,2025-03-24,Know,180,Approved,2023-02-22T20:55:34
1797,PR-11797,James Juarez,2024-03-20,Citizen,377,Pending,2025-05-24T11:33:17
1798,PR-11798,Gary Vega,2024-10-03,Process,400,Approved,2025-03-25T09:20:39
1799,PR-11799,Austin Berry,2025-01-16,Pattern,40,Cancelled,2025-05-05T20:54:51
1800,PR-11800,Arthur Blanchard,2024-04-29,Amount,90,Pending,2022-11-30T15:15:29
1801,PR-11801,Patricia Phillips,2024-04-15,Thank,270,Cancelled,2023-04-01T20:48:43
1802,PR-11802,Elizabeth Webb,2024-01-29,As,20,Cancelled,2025-05-17T23:44:27
1803,PR-11803,Albert Mora,2024-10-22,Allow,212,Pending,2024-05-08T03:19:50
1804,PR-11804,Roberto Rodriguez,2023-05-10,Capital,414,Approved,2023-10-10T17:42:19
1805,PR-11805,Tiffany Anderson,2025-01-22,Area,482,Cancelled,2025-08-02T05:44:14
1806,PR-11806,Denise Pena,2023-10-26,General,2,Cancelled,2025-09-16T11:13:24
1807,PR-11807,Alexander Thomas,2024-09-10,Increase,254,Pending,2025-03-11T04:16:15
1808,PR-11808,Victoria Miller,2023-05-19,Election,103,Approved,2023-08-07T07:16:15
1809,PR-11809,Mrs. Alicia Freeman,2023-06-26,Window,115,Cancelled,2025-03-18T21:09:48
1810,PR-11810,John Miller,2024-10-01,Kid,368,Approved,2023-05-09T13:30:01
1811,PR-11811,Tiffany Herman,2025-08-16,Onto,227,Pending,2024-01-20T15:14:32
1812,PR-11812,Cory Thomas,2022-11-07,Single,77,Approved,2025-07-29T14:43:55
1813,PR-11813,Tim Jones,2025-05-29,Teach,80,Pending,2023-07-14T05:56:10
1814,PR-11814,Jeanette Hamilton,2024-04-08,Exactly,456,Cancelled,2025-05-08T03:15:32
1815,PR-11815,Roberta Bray,2025-05-22,Sister,184,Approved,2023-03-10T15:07:02
1816,PR-11816,Eugene Newman,2024-12-20,Include,31,Cancelled,2024-01-15T08:12:13
1817,PR-11817,Elizabeth Martinez,2023-09-12,Reflect,115,Approved,2023-09-25T18:15:47
1818,PR-11818,Melissa Cooper,2024-06-27,Ask,187,Cancelled,2024-06-10T23:56:10
1819,PR-11819,Michelle Archer,2024-03-30,Mean,393,Approved,2025-07-03T06:30:34
1820,PR-11820,Lance Wiggins,2023-12-06,Feeling,298,Pending,2025-10-14T06:14:36
1821,PR-11821,Rachel Stevens,2025-01-21,Computer,162,Approved,2025-06-02T19:15:44
1822,PR-11822,Adrian Dillon,2022-12-27,Day,14,Approved,2023-06-07T13:45:06
1823,PR-11823,Jeremy Miranda,2023-01-05,Arrive,373,Pending,2023-08-07T02:57:26
1824,PR-11824,Christopher Higgins,2024-10-24,Responsibility,405,Approved,2023-09-10T03:34:36
1825,PR-11825,Shelley Mckenzie,2025-03-02,Computer,432,Cancelled,2025-09-21T14:33:55
1826,PR-11826,Zachary Williams,2023-09-18,Perhaps,381,Cancelled,2022-11-17T16:02:39
1827,PR-11827,Robert Curry,2023-05-08,Television,81,Cancelled,2023-12-30T15:13:52
1828,PR-11828,Kristi Pruitt,2025-05-15,Strong,1,Cancelled,2023-03-26T14:05:03
1829,PR-11829,Justin Henry,2025-06-05,Pick,135,Cancelled,2023-04-21T01:45:46
1830,PR-11830,Lori Ponce,2024-10-17,Huge,221,Cancelled,2023-10-24T19:26:45
1831,PR-11831,Miguel Garner,2024-10-03,Fast,295,Cancelled,2025-09-17T20:21:42
1832,PR-11832,Amanda Patterson,2023-08-23,Compare,316,Cancelled,2023-11-23T06:27:58
1833,PR-11833,Randy Garrison,2025-10-06,See,388,Pending,2025-01-07T14:30:46
1834,PR-11834,Donna Davis,2023-08-24,Sit,460,Pending,2024-05-02T20:10:34
1835,PR-11835,Angel Jones,2023-11-14,Finally,373,Approved,2024-09-12T09:41:10
1836,PR-11836,Daniel Lawrence Jr.,2024-12-01,Continue,74,Pending,2025-01-31T21:55:26
1837,PR-11837,Christina Hall,2023-05-19,Front,333,Pending,2022-12-06T21:07:12
1838,PR-11838,Kevin Roberts,2024-12-10,Question,246,Pending,2023-05-02T08:55:12
1839,PR-11839,Randy Carter,2025-03-10,Fall,93,Cancelled,2024-07-05T08:32:25
1840,PR-11840,Amy Parker,2024-03-29,Particular,221,Cancelled,2023-08-28T05:13:10
1841,PR-11841,David Ferguson,2024-04-18,Argue,37,Approved,2025-04-26T00:28:30
1842,PR-11842,Katrina Carr,2022-11-19,Bed,251,Pending,2022-11-08T22:32:52
1843,PR-11843,Emily Duke,2025-04-10,Social,198,Cancelled,2024-06-10T12:20:44
1844,PR-11844,Sharon Zimmerman,2025-02-10,When,244,Pending,2023-06-30T21:46:13
1845,PR-11845,Walter Church,2023-12-31,Glass,419,Approved,2023-04-29T05:11:25
1846,PR-11846,Elizabeth Foley,2024-06-20,Bar,28,Pending,2023-07-11T00:26:16
1847,PR-11847,Ryan Beck,2023-03-05,Unit,75,Cancelled,2023-03-31T10:25:40
1848,PR-11848,Jose Daugherty,2024-06-07,Another,150,Pending,2024-09-15T17:49:37
1849,PR-11849,Dan Martin,2024-04-02,Full,20,Pending,2024-06-03T22:33:45
1850,PR-11850,Eric Huynh,2024-03-05,Remember,214,Pending,2024-09-29T15:06:52
1851,PR-11851,Ralph Norton,2024-09-25,Himself,50,Pending,2024-06-19T00:41:54
1852,PR-11852,Robert Williamson,2025-10-03,West,274,Pending,2024-11-22T01:58:50
1853,PR-11853,Cynthia Meza,2024-09-30,Pattern,7,Cancelled,2023-11-27T11:15:14
1854,PR-11854,Nathaniel Beltran,2025-01-22,Dream,106,Pending,2025-03-05T11:41:19
1855,PR-11855,Alexander Tucker,2025-10-01,Hard,10,Cancelled,2023-01-10T00:30:13
1856,PR-11856,Mark Romero,2024-10-07,Science,45,Approved,2023-06-08T11:56:29
1857,PR-11857,Jordan Lee,2023-05-03,Man,364,Pending,2022-12-04T12:43:27
1858,PR-11858,Marissa Miller,2024-10-07,Newspaper,327,Pending,2025-09-15T05:32:17
1859,PR-11859,Linda Parker,2023-03-29,Today,429,Cancelled,2024-07-21T07:27:54
1860,PR-11860,Michael Gomez,2022-11-07,Later,122,Cancelled,2022-12-22T02:27:25
1861,PR-11861,Scott Davis,2025-05-27,Though,414,Approved,2025-04-15T16:53:54
1862,PR-11862,John Curry,2025-05-27,Set,432,Pending,2025-02-03T00:40:06
1863,PR-11863,Jessica Perez,2024-06-27,Account,401,Approved,2025-03-29T03:26:44
1864,PR-11864,Richard Miller,2025-06-10,Be,411,Pending,2025-05-12T03:07:15
1865,PR-11865,William Gibbs,2025-03-30,Keep,47,Cancelled,2024-12-14T01:51:40
1866,PR-11866,Alexander Murphy,2025-08-17,Party,36,Cancelled,2024-05-24T22:01:36
1867,PR-11867,Kathleen Taylor,2023-04-21,We,452,Cancelled,2024-10-11T20:20:55
1868,PR-11868,Christy Perry,2023-03-27,Two,305,Pending,2023-01-01T06:49:32
1869,PR-11869,Victoria Mcclain,2022-12-01,He,118,Pending,2024-07-10T06:51:26
1870,PR-11870,Maria Frazier,2023-03-22,Save,247,Pending,2023-10-11T07:52:02
1871,PR-11871,Joseph Duffy,2025-06-14,Pass,41,Pending,2023-08-15T05:12:19
1872,PR-11872,Jonathan Miles,2025-02-24,Pay,302,Approved,2022-11-24T05:51:53
1873,PR-11873,Dr. Daniel Williams,2023-07-07,Compare,74,Cancelled,2024-05-29T16:37:08
1874,PR-11874,Diana Simon,2023-12-18,Somebody,277,Cancelled,2025-02-06T22:24:38
1875,PR-11875,Benjamin Hernandez,2024-03-07,Family,242,Pending,2025-03-16T03:01:03
1876,PR-11876,Diane Moore,2024-06-18,Black,271,Approved,2024-03-05T01:08:43
1877,PR-11877,Kimberly Palmer,2024-03-26,National,477,Approved,2024-01-27T12:26:36
1878,PR-11878,Omar Williams,2024-09-08,Debate,38,Pending,2025-02-22T17:09:48
1879,PR-11879,Lindsey Huffman,2023-03-30,White,469,Cancelled,2025-03-17T00:45:39
1880,PR-11880,Tracey Molina,2025-02-05,In,21,Approved,2024-08-02T07:00:47
1881,PR-11881,Thomas Wilson,2024-12-24,No,73,Pending,2023-10-02T21:00:56
1882,PR-11882,Tara Barnett,2024-06-24,Way,260,Approved,2023-07-29T19:40:14
1883,PR-11883,Sara Contreras,2023-05-18,Economic,344,Approved,2024-07-15T16:54:39
1884,PR-11884,Jason Berger,2023-10-14,Bad,259,Pending,2023-01-20T10:43:39
1885,PR-11885,John Alexander,2024-12-15,Often,380,Cancelled,2023-03-12T09:15:09
1886,PR-11886,Patricia Johnson,2025-07-27,Standard,4,Pending,2023-02-24T03:42:09
1887,PR-11887,Mathew Ramirez,2023-12-26,Owner,380,Approved,2025-03-29T15:58:18
1888,PR-11888,Holly Wilson,2022-11-12,Wrong,417,Cancelled,2024-03-13T05:55:38
1889,PR-11889,Melinda Chandler,2025-08-14,Accept,379,Approved,2024-01-06T21:48:25
1890,PR-11890,Trevor Morales,2024-06-27,Word,316,Approved,2023-08-10T23:22:52
1891,PR-11891,Denise Martin PhD,2025-06-08,Three,145,Pending,2024-02-12T08:43:03
1892,PR-11892,Thomas Lopez,2024-08-12,Build,368,Approved,2024-05-04T05:42:47
1893,PR-11893,Justin Williams,2025-01-29,Hotel,449,Approved,2024-10-05T20:49:10
1894,PR-11894,Grace Snow,2024-05-23,Before,378,Pending,2025-10-20T23:30:21
1895,PR-11895,Ariana Anthony,2023-05-31,Among,311,Approved,2022-12-17T03:41:50
1896,PR-11896,Zachary Strong,2025-06-19,Woman,272,Approved,2024-10-06T04:21:06
1897,PR-11897,Tony Lowe,2023-09-09,Social,77,Approved,2025-05-21T09:51:54
1898,PR-11898,Ann Fisher,2023-04-25,Physical,126,Cancelled,2025-03-15T20:42:27
1899,PR-11899,Joseph Foster,2024-12-31,In,317,Pending,2024-08-04T13:15:34
1900,PR-11900,Kevin Weaver,2024-02-25,Agent,97,Cancelled,2024-12-27T14:07:17
1901,PR-11901,Rick Gilbert,2024-01-18,Group,166,Approved,2025-08-15T12:38:13
1902,PR-11902,Breanna Berry,2023-06-02,Listen,486,Pending,2025-03-12T13:28:54
1903,PR-11903,Mrs. Shawna Roman,2024-08-14,Radio,116,Pending,2023-11-09T11:16:15
1904,PR-11904,Holly Nelson,2025-01-17,Set,442,Cancelled,2022-12-04T15:07:39
1905,PR-11905,Eric Wilkins,2023-04-01,Parent,236,Cancelled,2024-04-08T10:30:45
1906,PR-11906,Jeremy Garner,2025-02-09,Which,333,Approved,2025-05-16T16:21:51
1907,PR-11907,Michael Thompson,2025-08-25,Movie,129,Cancelled,2025-08-09T21:15:15
1908,PR-11908,Jeffrey Castillo,2023-02-20,Purpose,345,Cancelled,2024-11-16T05:53:12
1909,PR-11909,Scott Hawkins,2024-11-29,Turn,172,Cancelled,2024-03-30T21:18:17
1910,PR-11910,Jared Carlson,2024-06-08,Shoulder,63,Cancelled,2024-08-24T10:51:42
1911,PR-11911,Jasmine Reyes,2024-03-18,Personal,184,Approved,2025-01-02T22:24:22
1912,PR-11912,Jose Collier,2023-04-24,Power,144,Pending,2024-10-18T14:17:51
1913,PR-11913,Michael Hayden,2024-05-03,Conference,344,Pending,2023-05-16T01:38:14
1914,PR-11914,Timothy Brown,2023-07-27,Improve,106,Approved,2024-02-14T13:57:32
1915,PR-11915,Jeffrey Hampton,2025-06-08,Will,131,Pending,2025-01-16T02:14:49
1916,PR-11916,Christine Campbell,2023-07-20,Enjoy,90,Approved,2023-02-07T14:53:48
1917,PR-11917,Nicole Ramos,2024-11-16,Rest,368,Cancelled,2023-07-13T19:10:50
1918,PR-11918,Samuel Gilbert,2023-09-19,Coach,335,Cancelled,2025-04-04T22:15:14
1919,PR-11919,Carrie Phillips,2025-02-02,Field,489,Approved,2023-11-29T13:33:26
1920,PR-11920,Charles Knight,2025-10-02,Because,406,Approved,2024-06-18T18:07:43
1921,PR-11921,John Delgado,2024-02-11,White,469,Pending,2025-05-21T09:10:26
1922,PR-11922,Shane Salazar,2024-02-15,What,5,Cancelled,2024-06-19T12:14:42
1923,PR-11923,Julie Watson,2023-10-14,Report,269,Cancelled,2023-09-25T23:03:20
1924,PR-11924,John Jones,2023-12-06,Provide,78,Cancelled,2024-10-07T21:10:10
1925,PR-11925,Kenneth Wilson,2024-11-30,Idea,418,Pending,2023-08-28T11:04:12
1926,PR-11926,Natalie Young,2024-04-21,Court,228,Pending,2023-10-03T22:23:00
1927,PR-11927,Cassandra Bryant,2024-07-12,Mr,1,Cancelled,2025-04-29T06:48:04
1928,PR-11928,Nicole Hernandez,2022-11-07,Draw,341,Approved,2025-05-11T13:47:10
1929,PR-11929,Dawn Alvarez,2025-07-17,Role,141,Cancelled,2025-01-25T06:04:42
1930,PR-11930,Eddie Fischer,2022-12-10,Treat,167,Pending,2023-12-09T17:29:11
1931,PR-11931,Sarah Morris,2025-10-11,Executive,42,Approved,2022-11-26T06:46:48
1932,PR-11932,Juan Palmer,2022-11-26,When,309,Cancelled,2023-05-24T16:18:33
1933,PR-11933,Mary Howell,2025-03-09,Matter,403,Cancelled,2024-05-15T13:44:03
1934,PR-11934,Charles Gomez,2023-11-29,Soldier,305,Approved,2023-06-06T16:53:30
1935,PR-11935,Donna Thomas,2025-05-12,Our,148,Cancelled,2024-01-03T17:51:09
1936,PR-11936,Nathan Freeman,2025-10-22,Around,422,Approved,2023-12-13T05:44:09
1937,PR-11937,Kimberly Fry,2024-06-29,One,358,Pending,2024-05-28T12:29:06
1938,PR-11938,Michael Morrow,2024-01-29,Old,287,Cancelled,2025-09-26T12:50:10
1939,PR-11939,Mark Lopez,2025-06-27,South,230,Cancelled,2024-05-07T14:46:24
1940,PR-11940,Tiffany Dominguez,2023-09-24,Somebody,69,Approved,2024-08-09T22:12:32
1941,PR-11941,Timothy Barnett,2023-11-20,Use,129,Approved,2023-04-06T21:19:14
1942,PR-11942,Derek Yates,2024-12-12,Feel,443,Approved,2024-06-01T11:20:42
1943,PR-11943,Yolanda Jones DVM,2023-02-25,Want,499,Approved,2024-08-04T05:40:21
1944,PR-11944,Jason Wright,2024-11-19,Close,170,Pending,2025-05-05T02:12:05
1945,PR-11945,Jason Garner,2023-07-11,Produce,485,Cancelled,2024-10-21T21:47:29
1946,PR-11946,Karina Rodriguez,2024-08-20,Beat,389,Cancelled,2024-10-23T15:41:57
1947,PR-11947,Oscar Weiss,2025-08-07,Foreign,61,Cancelled,2025-02-01T14:00:00
1948,PR-11948,Timothy Bowman,2025-01-24,Grow,231,Approved,2023-10-12T16:57:18
1949,PR-11949,Diana Bradley,2025-08-11,Such,275,Pending,2024-04-20T05:15:42
1950,PR-11950,James Kim,2025-03-15,Arm,189,Pending,2024-11-29T01:46:57
1951,PR-11951,Brenda Cooper,2023-07-31,Home,67,Approved,2023-12-26T22:39:12
1952,PR-11952,Michelle Murphy,2022-12-20,Television,242,Cancelled,2024-10-10T09:06:01
1953,PR-11953,Tyler Welch,2024-01-31,Easy,41,Cancelled,2023-02-19T03:10:09
1954,PR-11954,Jeffrey Edwards,2024-04-12,Half,58,Pending,2022-11-05T02:52:42
1955,PR-11955,Ryan Cohen,2023-03-18,Management,434,Cancelled,2023-07-22T09:17:56
1956,PR-11956,Brianna Schwartz,2023-11-17,Indicate,480,Pending,2025-01-30T23:15:55
1957,PR-11957,Dennis Hudson,2025-05-14,Street,407,Approved,2025-09-12T07:42:21
1958,PR-11958,Cassandra Barber,2024-10-07,Sound,78,Pending,2025-05-04T13:39:05
1959,PR-11959,Sarah Hall,2024-12-19,Maybe,499,Cancelled,2022-12-10T05:01:43
1960,PR-11960,Erica Jackson,2025-07-10,Politics,267,Cancelled,2025-05-16T01:18:19
1961,PR-11961,James Griffith,2024-03-01,More,446,Approved,2025-09-18T18:41:18
1962,PR-11962,James Meyers,2024-01-09,Popular,131,Approved,2025-04-07T19:20:17
1963,PR-11963,James Williams,2023-08-17,Teacher,216,Cancelled,2023-02-21T00:26:24
1964,PR-11964,David Gutierrez,2024-06-11,While,394,Pending,2025-08-16T02:23:36
1965,PR-11965,Jeffrey Contreras,2023-11-06,Might,47,Approved,2025-05-15T12:26:14
1966,PR-11966,William Mason,2023-02-16,Energy,287,Cancelled,2024-01-02T19:49:09
1967,PR-11967,Heather Walsh,2023-07-20,Few,46,Cancelled,2025-08-11T10:34:44
1968,PR-11968,Rebecca Keller,2025-07-30,Run,177,Cancelled,2024-05-12T18:24:46
1969,PR-11969,Kristin Fuller,2024-04-28,Identify,346,Pending,2024-01-09T23:48:54
1970,PR-11970,Jason Moore,2025-04-19,Part,199,Approved,2025-02-28T18:38:35
1971,PR-11971,Daniel Hopkins,2024-01-30,Big,316,Pending,2023-03-17T13:04:51
1972,PR-11972,Haley Jackson,2025-08-10,Old,366,Cancelled,2025-03-17T05:46:23
1973,PR-11973,Douglas Carroll,2024-08-26,Ask,10,Approved,2023-01-18T12:14:04
1974,PR-11974,Jeffrey Wright,2023-10-05,Claim,25,Cancelled,2024-10-20T11:20:26
1975,PR-11975,Deborah Esparza,2024-07-16,Whatever,139,Approved,2023-06-24T03:03:37
1976,PR-11976,Brooke Bridges,2023-06-20,Language,175,Pending,2025-01-04T22:42:38
1977,PR-11977,Danielle Anderson,2023-05-11,Avoid,307,Cancelled,2023-11-22T14:01:09
1978,PR-11978,Paul Fisher,2025-08-25,Score,193,Approved,2025-03-01T22:14:13
1979,PR-11979,Jesse Ward,2023-12-19,For,426,Cancelled,2023-03-03T18:07:24
1980,PR-11980,Kathleen Barry,2024-07-02,Whom,447,Pending,2023-01-14T19:24:39
1981,PR-11981,Tamara Garner,2025-05-11,Project,123,Cancelled,2025-10-25T22:01:13
1982,PR-11982,Miss Lisa Campbell,2023-01-22,Plant,13,Approved,2024-10-17T16:42:26
1983,PR-11983,Paul Harris,2023-10-25,None,356,Approved,2023-12-18T01:47:23
1984,PR-11984,James Mayer,2024-03-17,Gas,34,Cancelled,2024-10-02T13:57:35
1985,PR-11985,Veronica Barry,2024-03-11,Dinner,8,Pending,2023-09-14T06:56:07
1986,PR-11986,Cynthia Galvan,2025-09-06,Federal,246,Cancelled,2024-11-25T15:22:08
1987,PR-11987,Jennifer Roberts,2024-10-26,Rise,140,Cancelled,2025-06-10T22:43:19
1988,PR-11988,Allison Hamilton,2024-11-04,Security,491,Approved,2025-06-10T07:48:24
1989,PR-11989,Veronica Kelly,2024-01-20,Establish,84,Approved,2025-03-21T06:21:44
1990,PR-11990,George Clarke,2024-11-18,See,83,Approved,2023-07-31T20:36:58
1991,PR-11991,James Green,2025-07-10,Program,440,Approved,2025-02-10T08:13:52
1992,PR-11992,Dana Young,2023-02-27,Early,432,Approved,2023-10-27T08:15:20
1993,PR-11993,Paula Cuevas,2024-07-03,Able,62,Cancelled,2024-06-01T12:39:55
1994,PR-11994,Monica Sanchez,2024-07-30,Use,112,Pending,2025-07-20T12:34:57
1995,PR-11995,Taylor Gallagher,2023-11-17,Determine,196,Cancelled,2024-01-18T18:38:03
1996,PR-11996,Willie Stevens,2022-12-20,Part,468,Cancelled,2025-02-15T05:01:45
1997,PR-11997,David Webb,2023-07-22,Represent,411,Approved,2024-04-23T10:30:41
1998,PR-11998,Mrs. Michelle Lam,2025-05-10,Onto,423,Approved,2024-05-19T08:23:40
1999,PR-11999,Joseph Cooper,2025-03-20,Poor,468,Pending,2025-06-15T16:23:43
2000,PR-12000,Daniel Carter,2025-01-14,Sign,353,Cancelled,2023-05-29T04:13:59
