id,order_id,vendor,date,item,quantity,amount,status,created_at
1,PO-20001,Dominguez-Kennedy,2025-06-02,Kind,26,154089.67,Received,2024-06-23T13:52:14
2,PO-20002,Delgado Group,2025-04-05,Democratic,362,38565.72,Cancelled,2023-11-05T03:00:09
3,PO-20003,Smith Group,2024-07-31,Health,670,112841.34,Pending,2023-10-01T14:31:58
4,PO-20004,Robinson and Sons,2024-01-28,Important,166,145188.97,Pending,2023-04-05T04:07:29
5,PO-20005,Bean Group,2022-11-11,Former,338,133392.19,Cancelled,2025-04-19T20:23:38
6,PO-20006,Pierce-Robertson,2023-04-04,Million,846,199910.49,Pending,2024-05-20T14:08:08
7,PO-20007,Brown-Petty,2025-05-11,Dinner,242,38195.05,Pending,2024-09-10T00:33:14
8,PO-20008,"Bell, Mclaughlin and Torres",2025-08-25,Fall,925,143125.62,Received,2023-02-26T03:48:35
9,PO-20009,"Smith, Armstrong and Salazar",2025-04-05,Out,761,119541.23,Received,2024-10-09T00:02:57
10,PO-20010,Wilson LLC,2024-07-01,Station,202,26720.09,Pending,2023-09-24T22:46:42
11,PO-20011,Palmer Group,2023-05-18,Better,283,83088.51,Pending,2023-05-10T08:06:30
12,PO-20012,"Adams, Harrison and Mitchell",2025-11-01,Rather,360,71225.89,Received,2025-05-04T21:00:47
13,PO-20013,Wolf Inc,2024-06-25,Effort,632,99281.44,Cancelled,2023-10-12T05:22:55
14,PO-20014,Patton-Anderson,2025-07-22,Serve,812,39067.20,Received,2023-04-25T05:47:43
15,PO-20015,Peck-Roach,2023-10-01,Second,832,164767.66,Received,2023-08-10T03:10:26
16,PO-20016,"Robbins, Harris and Lopez",2022-11-23,News,816,31617.05,Pending,2023-02-05T23:50:29
17,PO-20017,Hunt-Flores,2025-04-01,Station,316,46035.79,Cancelled,2023-09-23T10:36:00
18,PO-20018,"Richmond, Anderson and Hayes",2024-12-04,Military,510,171236.67,Cancelled,2023-11-30T01:55:16
19,PO-20019,"Kim, Russell and Stafford",2024-10-14,Send,526,109776.05,Received,2025-06-11T08:12:17
20,PO-20020,Vargas-Allen,2025-03-28,Arm,146,93102.18,Pending,2024-07-06T11:22:55
21,PO-20021,"Carr, George and Murphy",2024-12-18,Treatment,756,75216.15,Cancelled,2023-01-29T10:24:36
22,PO-20022,Bell-Schmidt,2023-10-02,Establish,436,63302.83,Received,2022-11-23T02:50:28
23,PO-20023,"Moran, Edwards and Compton",2024-04-25,Second,952,71080.52,Cancelled,2024-03-08T00:47:46
24,PO-20024,Reilly-Harmon,2023-06-26,Clearly,224,157957.18,Pending,2023-06-27T01:09:14
25,PO-20025,"Carlson, Hayden and Dean",2023-06-11,Nature,534,52201.98,Pending,2025-08-23T22:32:09
26,PO-20026,Gonzalez Group,2023-04-27,Upon,968,53304.94,Received,2022-12-01T08:30:34
27,PO-20027,"Williams, Glass and Hunter",2024-07-11,Bring,958,119576.43,Received,2024-09-15T09:35:01
28,PO-20028,Bailey Inc,2024-03-08,Seek,759,74225.10,Received,2022-11-20T00:35:41
29,PO-20029,Collins-Ramos,2023-11-30,Traditional,953,168662.09,Pending,2023-09-20T09:04:25
30,PO-20030,"Jenkins, English and Rush",2024-10-05,Appear,428,78641.90,Cancelled,2024-08-19T00:47:57
31,PO-20031,Smith Inc,2023-07-12,Ago,606,145544.48,Pending,2023-12-13T16:00:23
32,PO-20032,Williams-Carpenter,2023-12-31,Week,349,43393.61,Cancelled,2022-11-05T16:44:45
33,PO-20033,"Gray, Maldonado and Christian",2023-07-19,Happen,194,79407.49,Pending,2025-07-02T22:45:30
34,PO-20034,"Martin, Fisher and Jones",2024-02-01,Team,6,173676.18,Cancelled,2025-08-21T05:36:44
35,PO-20035,Romero-Skinner,2024-03-29,Season,31,14734.69,Cancelled,2023-03-22T05:01:01
36,PO-20036,"Browning, Thomas and Wallace",2024-02-25,Body,685,167153.04,Received,2024-09-23T10:03:07
37,PO-20037,"Dyer, Gonzalez and Macdonald",2023-11-14,Seek,180,22722.02,Pending,2024-05-22T06:48:58
38,PO-20038,Jimenez Group,2024-02-26,Interest,582,108730.12,Pending,2023-04-06T10:45:14
39,PO-20039,"Shepherd, Hanson and Conway",2025-01-06,Director,747,3466.21,Pending,2024-11-09T10:21:44
40,PO-20040,"Haynes, Murphy and Harding",2024-06-10,Standard,37,138967.42,Received,2025-05-20T19:45:15
41,PO-20041,"Lambert, Greene and Dean",2025-03-12,Site,990,85639.00,Cancelled,2023-09-13T19:22:11
42,PO-20042,"Martinez, Taylor and Smith",2023-02-02,Experience,350,89513.26,Pending,2024-03-12T14:25:01
43,PO-20043,"Castaneda, Byrd and Smith",2023-07-29,Sing,682,40628.69,Received,2025-03-12T06:52:00
44,PO-20044,Davidson-Hill,2024-04-17,Culture,684,24661.98,Cancelled,2025-08-31T05:34:26
45,PO-20045,"Evans, Murphy and Fox",2023-01-10,Save,49,15290.17,Received,2023-01-29T06:07:33
46,PO-20046,Edwards PLC,2025-10-25,Skill,72,116335.80,Pending,2024-04-07T22:31:37
47,PO-20047,"Smith, Larson and Carrillo",2022-12-08,Staff,966,165631.97,Cancelled,2025-06-02T05:28:33
48,PO-20048,"Tate, Fuentes and Chen",2025-10-17,Here,950,169357.48,Received,2024-05-19T18:16:51
49,PO-20049,Avila-King,2024-06-12,It,694,54176.76,Pending,2022-12-29T04:27:15
50,PO-20050,Thomas-Perez,2025-05-23,Around,707,82650.94,Received,2025-02-08T02:45:55
51,PO-20051,Perez Ltd,2025-05-04,Walk,969,108218.50,Received,2025-09-24T06:04:23
52,PO-20052,Sims and Sons,2023-06-09,Option,763,182294.88,Cancelled,2024-04-25T00:02:54
53,PO-20053,Reed-Hawkins,2024-09-28,To,839,62118.07,Received,2023-08-03T09:15:08
54,PO-20054,Patton Inc,2025-07-10,Seven,660,98823.55,Received,2024-02-25T01:19:16
55,PO-20055,Stephens-Johnson,2025-01-09,Source,248,70868.68,Pending,2024-06-06T06:04:48
56,PO-20056,King-Johnson,2024-03-02,Organization,827,24232.83,Cancelled,2023-07-24T12:00:15
57,PO-20057,Hernandez and Sons,2023-07-22,Move,310,117458.53,Received,2025-01-20T06:22:12
58,PO-20058,"Middleton, Little and Lamb",2023-12-20,Mention,66,77594.45,Pending,2025-09-17T17:53:30
59,PO-20059,Juarez-Johnson,2023-01-14,Director,169,196625.73,Received,2024-07-01T14:24:48
60,PO-20060,"Castillo, Brown and Mueller",2025-03-20,Life,364,81310.15,Pending,2022-12-25T09:54:28
61,PO-20061,House Group,2025-04-19,Occur,842,191300.85,Received,2024-03-26T18:06:29
62,PO-20062,Jenkins-Howell,2024-12-12,Know,418,165118.04,Cancelled,2024-07-10T06:18:32
63,PO-20063,Ayala Group,2024-07-20,Compare,6,190835.55,Pending,2024-12-25T08:03:01
64,PO-20064,Graham-Morrow,2025-02-14,Discuss,229,67154.48,Cancelled,2023-07-26T15:11:30
65,PO-20065,Castro PLC,2022-11-28,While,807,18594.98,Cancelled,2023-05-05T00:34:35
66,PO-20066,"Harris, Patterson and Hernandez",2024-12-05,Kind,588,131540.65,Pending,2024-06-21T12:15:02
67,PO-20067,Wilkinson-Cook,2024-01-03,Interest,121,170633.31,Pending,2024-11-06T13:44:06
68,PO-20068,"Wilson, Sloan and Elliott",2025-10-10,Check,981,106938.17,Pending,2024-08-29T03:00:14
69,PO-20069,"Ramirez, Mejia and Carter",2024-08-31,Third,254,5519.19,Cancelled,2023-12-02T05:08:30
70,PO-20070,Graves Ltd,2024-12-13,Marriage,331,14885.58,Pending,2023-06-12T05:54:43
71,PO-20071,Lindsey-Hernandez,2024-05-17,Answer,465,17221.27,Pending,2025-06-14T06:00:54
72,PO-20072,Griffith-Garza,2025-03-29,Board,361,180081.10,Cancelled,2025-06-04T02:34:12
73,PO-20073,Mitchell-Fuentes,2025-10-14,Sport,90,53086.13,Cancelled,2025-03-04T22:48:46
74,PO-20074,"Taylor, Mason and Jenkins",2025-04-29,Edge,589,83959.26,Pending,2024-12-26T02:20:45
75,PO-20075,Johnson-Buckley,2024-10-05,Available,726,66598.59,Pending,2023-01-29T15:24:55
76,PO-20076,"Reed, Cunningham and Hernandez",2025-09-16,Year,250,195388.41,Pending,2024-05-02T09:09:12
77,PO-20077,"Miller, Williams and Thompson",2024-01-19,Say,37,118169.83,Received,2024-06-10T08:29:52
78,PO-20078,"Richards, Garcia and Castro",2024-03-07,Activity,591,148186.93,Cancelled,2025-01-01T05:03:36
79,PO-20079,"Santos, Taylor and Mayo",2023-10-12,Wide,990,90093.80,Cancelled,2025-05-28T04:37:37
80,PO-20080,Mueller Ltd,2025-03-02,Deep,540,67383.29,Received,2025-09-06T17:06:23
81,PO-20081,"Horne, Tucker and Yang",2023-05-20,Admit,203,52257.89,Cancelled,2025-07-01T20:31:59
82,PO-20082,Tate-Pena,2023-06-04,Lawyer,395,159740.02,Received,2023-03-29T02:35:54
83,PO-20083,"Arnold, Ellis and Tanner",2025-09-22,Send,333,101224.08,Cancelled,2024-03-27T11:51:00
84,PO-20084,Johnson LLC,2023-11-26,Focus,332,51775.52,Pending,2024-08-27T10:12:01
85,PO-20085,"Cook, Harris and Avila",2023-12-01,Name,990,173099.78,Received,2023-09-24T15:38:21
86,PO-20086,Oconnor PLC,2023-08-24,Choice,213,49696.61,Pending,2024-01-14T12:20:45
87,PO-20087,Brown Group,2023-02-22,Shake,43,44584.23,Pending,2025-08-22T21:46:52
88,PO-20088,Flores-Murphy,2022-12-14,Most,279,91288.53,Received,2024-10-04T05:00:20
89,PO-20089,Alexander-Johnson,2023-04-04,Admit,684,81034.82,Pending,2024-08-21T11:01:35
90,PO-20090,"Ball, Cochran and Cobb",2023-09-12,Partner,242,56920.80,Cancelled,2025-04-09T09:40:06
91,PO-20091,Johnson and Sons,2025-07-30,Meet,181,73225.99,Cancelled,2025-08-28T22:19:41
92,PO-20092,"Love, Herrera and Lopez",2025-07-31,Result,661,166246.12,Pending,2025-06-29T10:44:30
93,PO-20093,Sampson-Johnson,2023-10-15,Go,931,25192.47,Cancelled,2023-01-21T19:40:54
94,PO-20094,Lopez Ltd,2024-12-31,Feel,827,125836.29,Pending,2025-03-13T17:56:29
95,PO-20095,Brooks-White,2025-02-03,Behind,608,57660.69,Pending,2023-11-08T16:58:04
96,PO-20096,"Johnson, Parker and Palmer",2023-09-17,Maybe,112,17999.67,Cancelled,2022-11-10T23:28:22
97,PO-20097,"Johnson, Williams and Williams",2025-07-25,Population,353,26883.60,Received,2023-10-03T09:32:44
98,PO-20098,Johnson-Monroe,2024-09-04,Either,680,144512.22,Pending,2025-08-05T19:38:04
99,PO-20099,Williams PLC,2024-05-10,Today,549,99033.64,Cancelled,2024-11-13T23:19:04
100,PO-20100,Villarreal Group,2025-03-26,Mention,300,19589.20,Received,2025-03-02T06:57:00
101,PO-20101,Taylor Inc,2023-03-29,State,357,83249.88,Received,2023-02-13T20:41:40
102,PO-20102,"Mcguire, Willis and Robertson",2024-12-24,Fire,667,47319.39,Pending,2024-04-18T03:58:38
103,PO-20103,Hansen-King,2025-03-10,Also,506,7492.07,Received,2025-03-04T19:33:39
104,PO-20104,Patterson-Yates,2024-06-24,Tv,786,138069.99,Cancelled,2025-07-07T19:42:02
105,PO-20105,"Ponce, Thompson and Anderson",2025-05-19,Dream,676,94992.94,Received,2024-05-05T07:43:18
106,PO-20106,"Ali, Cole and Myers",2025-10-06,Sign,721,73507.25,Received,2025-01-15T04:59:54
107,PO-20107,"Ayala, Randall and Curry",2023-03-30,Policy,242,74778.97,Pending,2025-04-30T17:42:57
108,PO-20108,"Moore, Johnson and Avila",2024-04-16,Similar,881,64267.89,Cancelled,2024-02-29T01:02:32
109,PO-20109,Pittman and Sons,2023-09-13,Down,270,85631.58,Pending,2023-07-29T19:14:57
110,PO-20110,Thomas-Howard,2023-02-25,Bit,130,30512.25,Cancelled,2024-09-30T00:20:00
111,PO-20111,Gordon Inc,2025-06-05,Quite,906,141814.55,Received,2023-07-08T14:27:35
112,PO-20112,"Torres, Lopez and Lee",2025-10-05,Must,782,184832.98,Received,2025-08-17T07:59:30
113,PO-20113,Mckay-Case,2024-09-23,Analysis,37,11325.70,Received,2025-08-03T15:54:35
114,PO-20114,"Davis, Dennis and Robinson",2024-07-22,Central,315,156467.03,Cancelled,2024-12-10T01:31:11
115,PO-20115,Johnson-Caldwell,2025-07-18,Different,2,115130.90,Pending,2022-11-22T09:13:09
116,PO-20116,Rodriguez Inc,2025-08-26,Follow,662,30868.98,Pending,2025-05-04T13:39:51
117,PO-20117,"Rivera, Warner and Scott",2025-04-05,Tree,622,45325.99,Cancelled,2024-07-30T23:11:46
118,PO-20118,"Murphy, Mason and Ballard",2024-11-10,Memory,101,73790.05,Received,2023-10-26T05:29:27
119,PO-20119,"Contreras, Morgan and Ramirez",2024-07-03,Alone,99,108836.47,Received,2024-08-02T18:04:50
120,PO-20120,Salazar-Robinson,2024-09-10,Successful,638,165003.67,Received,2024-01-10T11:27:20
121,PO-20121,Thomas LLC,2023-08-15,Blood,59,11586.66,Cancelled,2025-05-21T14:34:15
122,PO-20122,Cannon-Morrison,2023-08-01,Direction,620,160595.01,Received,2023-10-13T19:42:07
123,PO-20123,Cooper-Sanchez,2023-02-13,Their,446,1606.94,Received,2025-02-08T01:16:58
124,PO-20124,Wiggins Inc,2023-07-27,Purpose,396,112657.92,Received,2025-07-21T21:43:57
125,PO-20125,Simmons-Jensen,2024-01-10,Democratic,687,54463.45,Received,2022-12-14T15:12:19
126,PO-20126,Thomas-Barnes,2024-03-10,Expert,928,75597.93,Cancelled,2025-09-12T14:40:51
127,PO-20127,Love Group,2022-11-06,Teach,927,113234.73,Received,2024-10-19T07:39:33
128,PO-20128,"Brown, Moreno and Harding",2025-03-13,Suddenly,981,92503.58,Received,2023-03-28T01:37:48
129,PO-20129,Gallegos PLC,2024-03-26,Operation,439,182811.38,Pending,2024-01-19T05:54:05
130,PO-20130,Williams Inc,2024-05-02,Maintain,165,49221.09,Pending,2024-07-20T16:06:21
131,PO-20131,Smith and Sons,2025-07-19,Provide,47,196723.45,Cancelled,2023-04-19T17:41:34
132,PO-20132,Gardner PLC,2025-04-16,Various,336,26744.05,Cancelled,2024-05-27T01:37:18
133,PO-20133,"Howard, Woods and Sanders",2025-05-08,Even,27,176469.36,Pending,2024-01-10T00:05:48
134,PO-20134,"Cortez, Duncan and Carter",2023-11-02,Return,645,17947.51,Pending,2024-09-13T16:38:54
135,PO-20135,English and Sons,2024-09-24,Seem,495,86119.06,Cancelled,2024-05-24T16:51:57
136,PO-20136,Lam-Reed,2024-11-28,Why,736,162079.44,Pending,2023-02-28T03:10:18
137,PO-20137,Hart-Ramirez,2023-09-28,Everybody,24,19693.67,Cancelled,2024-02-10T15:14:13
138,PO-20138,Williams Ltd,2025-03-11,Air,112,91829.60,Pending,2025-05-18T05:02:42
139,PO-20139,Kramer-Jones,2023-07-12,Class,44,118440.17,Pending,2024-02-24T02:52:06
140,PO-20140,Dunn-Kennedy,2024-04-07,Never,262,34852.96,Pending,2022-11-11T17:09:54
141,PO-20141,"Woodard, Castro and Kim",2023-03-02,Exactly,531,184838.55,Received,2024-02-16T22:48:21
142,PO-20142,"Mathis, Johnson and Kim",2024-12-10,Make,989,172969.41,Pending,2023-11-07T19:26:28
143,PO-20143,Holder Group,2023-06-18,Already,690,119804.09,Cancelled,2023-07-22T11:25:19
144,PO-20144,"Smith, Ramos and Savage",2023-03-18,Arrive,369,92671.53,Cancelled,2024-01-16T01:58:33
145,PO-20145,"Miller, Hernandez and Moore",2024-05-28,Produce,525,94953.10,Received,2025-06-07T15:56:09
146,PO-20146,Alvarez-Gentry,2023-09-29,Build,114,133902.66,Pending,2025-07-31T22:04:01
147,PO-20147,Ferguson Group,2025-01-09,House,984,89208.77,Pending,2023-01-10T23:56:54
148,PO-20148,Montes-Rodriguez,2023-05-06,Line,41,143516.13,Received,2025-10-01T16:56:28
149,PO-20149,Shannon-Martin,2023-02-12,Forward,232,63110.68,Pending,2024-02-07T19:45:09
150,PO-20150,"Mcintyre, Harrison and Espinoza",2024-02-24,Simple,653,42427.42,Cancelled,2024-07-28T18:32:53
151,PO-20151,Wilson-Cummings,2025-09-03,Whether,71,100252.41,Received,2023-09-23T00:03:09
152,PO-20152,"Weaver, Ayala and Ward",2023-05-24,Quite,261,115596.61,Cancelled,2024-09-25T19:49:59
153,PO-20153,Peters-Murray,2024-12-08,Indicate,932,169274.57,Received,2024-02-15T20:01:25
154,PO-20154,Gardner LLC,2025-02-04,Modern,214,148828.62,Cancelled,2024-06-04T00:08:09
155,PO-20155,Burnett and Sons,2023-08-31,Heavy,373,181547.74,Pending,2023-12-08T14:27:56
156,PO-20156,Davis Ltd,2023-09-23,Various,329,106725.83,Pending,2024-05-31T13:41:32
157,PO-20157,"Thomas, Archer and Lewis",2023-11-03,Still,829,63710.40,Cancelled,2025-03-27T03:03:52
158,PO-20158,Lopez Group,2024-07-14,Personal,755,123693.73,Received,2023-12-31T00:18:48
159,PO-20159,Smith-Day,2024-08-07,Room,123,63018.96,Pending,2023-01-05T18:25:20
160,PO-20160,Robinson-Fernandez,2024-03-02,Mind,993,58337.98,Received,2023-05-24T12:54:00
161,PO-20161,Yates LLC,2023-12-30,Music,952,10854.94,Pending,2023-12-16T05:52:43
162,PO-20162,Mcintyre-Perry,2023-12-26,Fast,561,98640.43,Received,2025-04-18T23:18:40
163,PO-20163,"Mills, Dean and Robinson",2023-07-17,Recognize,241,505.41,Cancelled,2022-12-02T11:57:26
164,PO-20164,English Group,2022-12-22,Nature,525,58868.92,Received,2023-06-25T21:31:43
165,PO-20165,Edwards-Mcclure,2023-12-19,Return,749,6564.21,Received,2025-07-03T10:52:04
166,PO-20166,"Simmons, Cruz and Andersen",2025-09-04,That,666,23811.30,Received,2025-03-16T23:35:05
167,PO-20167,Moore-Harris,2025-05-17,Worker,308,147637.07,Received,2023-04-30T02:32:43
168,PO-20168,Simmons-Gray,2025-08-08,Our,765,161659.47,Cancelled,2022-11-21T14:09:22
169,PO-20169,"Hill, Armstrong and Ray",2024-03-08,Born,52,113577.09,Cancelled,2025-07-15T23:21:42
170,PO-20170,Baker-Poole,2022-11-24,Water,391,115819.42,Pending,2023-12-16T21:08:48
171,PO-20171,Rose Group,2023-05-05,Us,800,99402.14,Cancelled,2024-11-24T14:28:52
172,PO-20172,"Hess, Harris and Schmidt",2023-08-06,Computer,498,114816.08,Pending,2023-02-06T12:58:18
173,PO-20173,Garcia-Green,2024-06-16,Manager,104,65313.71,Received,2023-11-13T12:23:21
174,PO-20174,"Branch, Ali and Summers",2025-07-23,Trouble,981,3395.21,Cancelled,2024-10-29T07:33:59
175,PO-20175,Acevedo Inc,2023-03-07,Company,2,173591.52,Pending,2024-08-24T22:03:20
176,PO-20176,"Thomas, Rowe and Reynolds",2024-11-21,All,587,67984.54,Received,2025-01-07T05:41:19
177,PO-20177,Lopez LLC,2023-02-07,Get,341,54346.44,Pending,2024-09-23T09:41:48
178,PO-20178,Hogan-Watson,2022-12-25,Ten,643,64158.42,Cancelled,2023-10-28T23:50:49
179,PO-20179,Jackson and Sons,2025-10-06,Notice,677,129082.78,Cancelled,2024-09-24T04:26:48
180,PO-20180,Velasquez PLC,2024-02-07,Season,399,68829.36,Received,2025-07-04T12:24:16
181,PO-20181,Bailey Ltd,2025-04-20,Return,48,169272.49,Received,2024-01-23T15:05:54
182,PO-20182,"Cunningham, Klein and Moon",2023-01-31,Traditional,486,82211.71,Cancelled,2024-09-28T12:10:07
183,PO-20183,"Hawkins, Watson and Clark",2024-09-26,Long,908,12354.24,Cancelled,2023-08-10T03:35:55
184,PO-20184,"Griffin, Bauer and Carter",2024-06-29,Stuff,363,189438.21,Received,2023-05-17T07:31:36
185,PO-20185,"Mitchell, Baldwin and Roberts",2024-09-07,Out,562,47120.96,Received,2025-02-12T22:28:46
186,PO-20186,"Khan, Thomas and Fletcher",2023-09-16,Drive,56,71120.10,Cancelled,2025-06-02T23:37:22
187,PO-20187,Moore-Dean,2024-04-21,Boy,243,55326.17,Pending,2023-08-22T02:57:17
188,PO-20188,Chaney PLC,2025-02-25,Feeling,187,91583.65,Received,2023-12-27T23:12:00
189,PO-20189,Griffin LLC,2024-08-29,International,269,126911.43,Cancelled,2023-02-28T02:28:50
190,PO-20190,Blair Group,2025-07-19,Live,55,24939.64,Received,2024-10-23T14:14:18
191,PO-20191,Brock LLC,2024-12-08,Medical,182,177076.64,Cancelled,2024-02-11T23:33:46
192,PO-20192,"Stewart, Donovan and Cooper",2025-07-22,People,348,4162.70,Cancelled,2023-10-03T03:54:42
193,PO-20193,Sparks Group,2023-06-18,Phone,207,85591.61,Pending,2025-05-14T02:06:47
194,PO-20194,Mcdonald-Woods,2024-05-09,Policy,390,108809.50,Received,2023-08-07T00:11:10
195,PO-20195,Small PLC,2023-11-21,Particularly,37,30961.11,Pending,2024-11-29T21:18:45
196,PO-20196,"Rose, Ramos and Day",2023-12-09,Fear,127,5814.10,Received,2025-08-02T22:32:59
197,PO-20197,Sanford-Jenkins,2024-05-12,Protect,306,150481.78,Cancelled,2025-07-13T03:44:01
198,PO-20198,Knapp Group,2024-07-30,Well,43,125630.27,Cancelled,2023-10-25T06:51:41
199,PO-20199,Shields LLC,2023-05-07,Close,295,77822.11,Received,2024-05-07T09:23:37
200,PO-20200,Hamilton PLC,2024-08-13,Hot,369,37554.05,Received,2023-05-13T15:18:27
201,PO-20201,Martin-Montes,2023-09-30,Create,650,115943.22,Pending,2025-05-24T06:52:13
202,PO-20202,Harmon-Phillips,2023-03-29,Mention,636,84625.98,Received,2025-09-14T12:52:04
203,PO-20203,Duke and Sons,2025-04-17,Forward,934,184958.93,Received,2023-07-20T18:53:52
204,PO-20204,Reese PLC,2022-12-02,Let,618,24900.81,Received,2024-12-23T20:36:26
205,PO-20205,Smith-Cross,2022-11-25,American,887,10820.01,Cancelled,2024-09-26T04:21:00
206,PO-20206,Reyes-Colon,2023-01-29,Since,331,98620.45,Pending,2023-12-02T19:47:12
207,PO-20207,Spence-Lewis,2025-06-01,Important,871,144309.24,Pending,2024-11-19T12:40:18
208,PO-20208,Lara Ltd,2023-01-27,Doctor,268,71790.15,Cancelled,2023-08-13T15:10:51
209,PO-20209,Ross Ltd,2023-05-22,Indicate,303,38452.54,Pending,2023-11-10T01:24:39
210,PO-20210,Donaldson-Cooper,2024-10-10,Including,825,44445.80,Pending,2025-09-26T04:02:53
211,PO-20211,"Simpson, Smith and Jones",2025-02-22,Customer,615,197501.29,Pending,2025-05-15T19:57:35
212,PO-20212,"Williams, Nichols and Washington",2024-09-10,Southern,76,139626.71,Cancelled,2024-11-28T23:45:11
213,PO-20213,Vargas-Watkins,2024-03-29,Involve,77,143699.76,Cancelled,2023-04-13T23:31:58
214,PO-20214,Davidson PLC,2023-03-16,Kind,128,23552.58,Pending,2023-12-16T01:55:36
215,PO-20215,Harrington Ltd,2023-09-03,School,223,108563.83,Received,2023-08-30T04:51:44
216,PO-20216,Clark-Snyder,2022-12-14,Skill,196,185732.40,Cancelled,2023-02-19T22:20:07
217,PO-20217,Bryant-Alvarez,2024-01-23,Everything,27,177643.65,Received,2024-12-25T12:14:59
218,PO-20218,"Vargas, Johnson and Thomas",2024-03-31,Thought,759,99918.38,Cancelled,2023-10-12T07:23:06
219,PO-20219,Stevens-Thompson,2023-06-15,Win,616,156870.68,Cancelled,2023-08-28T21:44:26
220,PO-20220,"Clark, Williamson and Wright",2022-12-31,Fast,97,171780.16,Cancelled,2022-12-18T01:20:24
221,PO-20221,"Bishop, Warner and Morgan",2022-11-14,Edge,413,110418.72,Received,2025-06-01T08:16:02
222,PO-20222,Weber-Castro,2022-11-24,Air,940,2221.15,Received,2024-07-19T14:38:54
223,PO-20223,Graham-Murray,2024-01-06,Benefit,883,77144.15,Received,2025-07-25T16:13:34
224,PO-20224,"Oconnor, Green and Poole",2025-08-15,Course,522,132177.79,Received,2024-05-10T08:05:34
225,PO-20225,Barr-Schmidt,2024-05-10,Board,954,40026.07,Pending,2025-09-28T07:09:13
226,PO-20226,Avila-Thompson,2025-05-07,Something,961,17729.73,Received,2023-09-21T16:04:48
227,PO-20227,"Mcdonald, Brooks and Short",2025-08-17,Research,34,119501.89,Pending,2025-06-02T21:43:20
228,PO-20228,Snyder-Brown,2024-08-06,Loss,231,179769.37,Pending,2024-12-28T16:15:35
229,PO-20229,Oneill LLC,2025-03-01,Way,680,36026.65,Pending,2022-12-28T03:42:53
230,PO-20230,Vargas PLC,2025-01-11,Piece,808,58717.42,Cancelled,2025-04-21T20:34:01
231,PO-20231,"Collins, Lamb and Maldonado",2024-12-24,Admit,46,21660.97,Received,2024-04-25T16:23:19
232,PO-20232,Mclaughlin-Andrade,2025-03-28,Keep,56,72018.83,Pending,2025-09-30T07:44:38
233,PO-20233,Hughes Inc,2023-08-31,Down,611,46080.51,Received,2024-03-11T16:59:34
234,PO-20234,Scott and Sons,2024-12-21,Risk,987,124352.17,Cancelled,2025-01-26T17:58:13
235,PO-20235,"Acosta, Hoover and Beck",2024-01-01,Paper,534,53077.24,Cancelled,2024-12-02T05:15:40
236,PO-20236,"Morse, Martinez and Stark",2023-11-07,Leader,252,103074.99,Received,2024-02-03T09:46:40
237,PO-20237,Nguyen Group,2024-08-14,Science,255,118528.63,Pending,2025-02-22T15:03:01
238,PO-20238,"Tucker, Jimenez and Greer",2024-07-22,Thousand,878,97454.82,Received,2023-05-18T01:45:18
239,PO-20239,Hanson-Salinas,2025-02-28,Alone,739,103472.76,Pending,2025-05-12T13:15:51
240,PO-20240,Johnson Ltd,2025-03-10,Situation,839,182771.01,Pending,2024-05-01T16:39:18
241,PO-20241,Obrien-Mitchell,2024-01-17,Difference,683,187249.57,Cancelled,2023-11-26T17:12:45
242,PO-20242,Perez PLC,2025-05-16,Baby,289,114232.97,Pending,2025-03-17T15:50:35
243,PO-20243,"Vasquez, Gardner and Vincent",2023-01-19,Maintain,887,3591.71,Pending,2023-12-11T16:52:30
244,PO-20244,"Mccoy, Case and Fuller",2025-06-24,Tax,187,167995.50,Pending,2023-05-08T15:59:34
245,PO-20245,"Watts, Garcia and Barker",2024-08-16,Thousand,167,2231.74,Cancelled,2025-05-31T05:31:59
246,PO-20246,"Contreras, Taylor and Mccullough",2025-01-07,Too,623,27182.24,Cancelled,2022-12-09T05:33:29
247,PO-20247,Duncan Group,2023-11-30,Deal,549,191964.40,Received,2024-05-09T15:34:36
248,PO-20248,Clark PLC,2024-08-04,Tax,62,169039.11,Received,2023-11-01T21:19:00
249,PO-20249,Hernandez PLC,2024-06-12,Political,235,101523.67,Received,2023-07-15T13:57:10
250,PO-20250,Palmer-Skinner,2023-04-16,Stock,707,72871.59,Received,2023-11-27T22:45:40
251,PO-20251,"Baker, Meyer and Keith",2023-12-25,Hotel,51,69155.24,Cancelled,2023-06-19T03:54:46
252,PO-20252,Robinson-Montoya,2025-02-15,Something,557,18440.70,Cancelled,2023-06-11T02:18:05
253,PO-20253,"Arnold, Ramirez and Ritter",2024-06-25,Would,955,179754.14,Cancelled,2023-02-20T22:47:59
254,PO-20254,"Anderson, Benitez and Norris",2023-12-21,Throughout,948,75411.30,Pending,2024-06-21T11:54:20
255,PO-20255,Mendez and Sons,2023-01-27,Claim,309,31885.69,Received,2023-06-28T02:56:10
256,PO-20256,Yang Inc,2023-07-16,Glass,142,59205.10,Pending,2023-12-04T22:46:08
257,PO-20257,Greer PLC,2022-12-08,Tend,422,98920.41,Cancelled,2023-01-04T00:34:56
258,PO-20258,"Flores, Gilmore and Wilson",2022-12-27,Call,4,165455.72,Cancelled,2023-05-29T19:03:45
259,PO-20259,"Navarro, Tucker and Kline",2025-05-17,Happy,786,139829.05,Pending,2025-06-17T23:09:54
260,PO-20260,Chen-Arnold,2025-07-12,Allow,17,100279.41,Pending,2023-02-05T19:06:47
261,PO-20261,Chavez-Hansen,2024-05-24,Radio,647,177461.37,Cancelled,2024-08-11T00:38:22
262,PO-20262,Castillo Inc,2023-01-28,Decide,888,78636.08,Received,2024-12-09T07:55:27
263,PO-20263,Buchanan-Miller,2023-11-09,Nor,633,20664.28,Received,2023-08-21T17:03:31
264,PO-20264,"Garcia, Warner and Andersen",2023-07-25,Whether,673,117825.95,Received,2023-05-05T02:45:30
265,PO-20265,Woods-Martin,2025-08-26,Note,866,190682.22,Cancelled,2023-05-10T15:45:41
266,PO-20266,Pacheco-Vasquez,2025-05-20,Effect,607,71856.62,Received,2025-10-29T19:00:24
267,PO-20267,"Raymond, Lopez and Howe",2023-08-10,Official,273,27974.33,Pending,2023-10-14T02:25:01
268,PO-20268,"Smith, Graham and Dixon",2025-05-22,Hot,504,67788.19,Pending,2024-01-18T22:41:12
269,PO-20269,Gardner and Sons,2024-02-19,Nature,93,88657.75,Cancelled,2023-05-23T00:54:56
270,PO-20270,"Long, Robinson and Roberts",2025-02-10,Color,958,14082.15,Received,2023-04-26T14:39:12
271,PO-20271,"Bradford, Brown and Bell",2023-02-19,We,795,46217.53,Pending,2023-09-25T03:29:15
272,PO-20272,"Spears, Barker and Wong",2024-04-19,Rest,367,82046.84,Received,2023-08-24T08:04:44
273,PO-20273,"Garcia, Fuller and Harris",2023-01-03,Century,230,178863.27,Received,2025-04-13T22:35:18
274,PO-20274,Russell-Abbott,2024-05-29,Production,203,191049.12,Pending,2025-01-22T01:46:11
275,PO-20275,Henson-Walls,2025-02-09,Catch,869,61512.91,Cancelled,2025-04-28T23:51:59
276,PO-20276,Dunn-Mcdonald,2024-12-15,Crime,623,14883.15,Pending,2025-06-25T00:17:57
277,PO-20277,Johnson-Chang,2024-05-19,Benefit,26,152005.13,Pending,2023-07-19T11:28:05
278,PO-20278,Bell Inc,2025-05-10,Necessary,947,4946.90,Received,2023-08-18T16:59:21
279,PO-20279,Francis LLC,2024-11-08,Serious,182,4485.70,Pending,2022-11-25T22:50:00
280,PO-20280,Mcdowell-Williams,2024-12-22,Hair,823,26552.50,Received,2024-03-14T18:56:36
281,PO-20281,"Thornton, Robinson and Hamilton",2023-07-16,Least,385,158395.23,Received,2024-06-19T22:27:27
282,PO-20282,"Roy, Rodgers and Steele",2025-04-09,Education,985,79603.63,Pending,2024-04-07T18:39:29
283,PO-20283,Harris LLC,2023-08-09,Organization,383,133977.06,Received,2025-02-17T16:46:34
284,PO-20284,"Dunn, Cook and Jackson",2024-10-18,Rise,1000,151783.72,Cancelled,2023-05-08T20:52:16
285,PO-20285,Ortiz LLC,2023-11-23,Understand,484,59204.31,Pending,2023-03-31T02:37:20
286,PO-20286,Neal and Sons,2023-05-20,Baby,100,25909.75,Cancelled,2023-11-26T17:40:15
287,PO-20287,Huerta Ltd,2025-08-18,Little,319,100279.16,Pending,2025-01-10T10:00:13
288,PO-20288,Collins Inc,2022-11-28,Project,96,96838.74,Cancelled,2023-07-24T07:56:10
289,PO-20289,Hamilton-Morris,2025-05-30,Hour,180,199163.40,Received,2024-11-22T14:25:32
290,PO-20290,Jackson LLC,2023-03-20,Ability,260,153887.51,Cancelled,2022-11-30T20:08:28
291,PO-20291,"Tucker, Snyder and Johnson",2025-10-13,Save,153,15603.79,Cancelled,2024-01-26T20:09:11
292,PO-20292,French PLC,2024-08-29,Yourself,637,51278.63,Cancelled,2024-08-25T20:49:58
293,PO-20293,Walters PLC,2025-06-06,Me,760,177312.24,Received,2025-10-15T12:22:23
294,PO-20294,"Montgomery, Howell and Johnson",2024-03-04,Spring,571,144742.89,Cancelled,2023-11-04T12:02:07
295,PO-20295,Woods-Fisher,2023-01-05,Develop,89,40557.92,Received,2025-10-17T18:17:15
296,PO-20296,Brown-Perry,2023-07-07,Film,114,87361.72,Cancelled,2024-04-18T04:59:54
297,PO-20297,"Schmidt, Jones and Harrison",2025-08-06,Laugh,428,105014.67,Received,2024-12-24T05:16:08
298,PO-20298,Lopez-Lewis,2023-02-02,Turn,778,117656.54,Cancelled,2025-02-13T10:58:59
299,PO-20299,Lambert-Greene,2024-07-03,Already,644,149828.65,Cancelled,2023-07-22T14:09:18
300,PO-20300,Howard-Nichols,2024-10-21,Standard,614,128690.06,Cancelled,2024-01-28T14:32:50
301,PO-20301,"Ramirez, Bradley and Ortiz",2024-03-27,Skill,157,76797.61,Pending,2023-05-22T05:36:50
302,PO-20302,Williamson Inc,2023-11-14,Direction,707,106245.36,Pending,2025-02-20T14:50:22
303,PO-20303,Sullivan Ltd,2022-11-21,Window,463,175970.33,Received,2025-04-19T06:07:12
304,PO-20304,Walker-Garcia,2024-04-04,Center,89,61329.75,Cancelled,2023-12-19T05:11:32
305,PO-20305,Newton-Dixon,2024-04-29,Reality,938,157903.40,Pending,2023-05-18T03:09:10
306,PO-20306,Carrillo-Smith,2024-01-29,Family,605,93147.93,Pending,2025-01-16T21:51:22
307,PO-20307,"Mitchell, Rogers and Rivera",2025-02-08,Fill,201,178407.41,Cancelled,2023-04-21T14:52:34
308,PO-20308,Williams-Jones,2025-04-28,Increase,945,104299.92,Pending,2025-01-17T03:14:22
309,PO-20309,"Stokes, Byrd and Gonzalez",2023-02-20,May,228,170984.49,Cancelled,2024-11-21T13:05:11
310,PO-20310,Forbes-Avery,2023-04-02,Some,166,140887.42,Pending,2025-07-19T00:45:29
311,PO-20311,"Thomas, Cruz and Hammond",2023-05-05,Floor,933,118511.98,Received,2025-04-18T20:14:07
312,PO-20312,Vaughn Group,2022-12-11,Hospital,768,31213.60,Pending,2023-08-23T03:35:08
313,PO-20313,Lopez Ltd,2024-03-10,Agree,300,123025.32,Cancelled,2024-04-12T05:23:08
314,PO-20314,"Grimes, Richard and Hart",2024-08-23,Discover,682,46305.13,Received,2025-08-21T19:34:09
315,PO-20315,"Jenkins, Turner and Richards",2023-04-22,Second,932,61199.68,Received,2024-05-13T18:07:12
316,PO-20316,Stevens-Ross,2024-11-03,Give,901,41947.10,Cancelled,2025-04-08T06:55:33
317,PO-20317,Logan-Barrett,2024-04-19,Else,302,76619.17,Received,2022-12-20T16:50:49
318,PO-20318,Wood Ltd,2025-08-19,Field,264,113876.14,Received,2024-07-01T05:07:40
319,PO-20319,"Berry, Curry and Jensen",2023-11-11,Would,582,24290.43,Pending,2023-08-03T19:26:25
320,PO-20320,Smith Ltd,2025-08-16,Girl,86,2942.00,Received,2023-03-31T10:58:06
321,PO-20321,Reyes PLC,2025-05-22,Strong,131,167499.09,Cancelled,2022-11-14T11:30:29
322,PO-20322,Garcia Inc,2025-02-04,Land,76,195733.89,Cancelled,2024-06-06T06:43:37
323,PO-20323,"Nguyen, Ellis and Jones",2025-10-24,Study,544,18701.71,Cancelled,2025-04-01T06:38:47
324,PO-20324,"Morris, Scott and Bailey",2023-10-22,Base,364,187536.41,Cancelled,2024-12-11T01:40:27
325,PO-20325,Brooks-Brown,2025-04-13,Mother,74,32831.60,Received,2024-04-05T18:01:16
326,PO-20326,Cook-Jacobson,2025-07-23,His,817,194919.82,Cancelled,2024-05-24T21:24:21
327,PO-20327,Hampton-Cox,2025-09-21,Forward,540,82384.97,Pending,2023-04-16T13:46:24
328,PO-20328,Olson LLC,2025-07-27,Day,521,131452.13,Pending,2025-04-29T08:28:32
329,PO-20329,Jones LLC,2023-02-01,Quickly,238,29671.38,Received,2024-08-14T16:50:33
330,PO-20330,Nunez and Sons,2025-03-04,Final,104,14346.98,Cancelled,2024-05-19T14:33:02
331,PO-20331,Freeman-Garner,2025-09-20,Boy,600,65769.13,Pending,2024-11-06T15:22:21
332,PO-20332,"Mcintyre, Snow and Kirk",2024-12-09,Tough,177,64571.13,Received,2023-01-19T00:49:59
333,PO-20333,Thomas and Sons,2023-12-06,Despite,590,136486.51,Received,2025-09-15T02:45:58
334,PO-20334,"Nguyen, Allen and Kane",2023-08-01,Author,371,89945.14,Pending,2024-07-12T04:17:25
335,PO-20335,Hanna-Hicks,2023-02-22,Task,82,93955.60,Cancelled,2023-04-26T23:56:34
336,PO-20336,Davis-Evans,2023-11-26,Should,675,20588.97,Pending,2025-10-12T04:39:08
337,PO-20337,"Mullen, Solomon and Moore",2024-04-17,Reason,775,130742.44,Pending,2025-05-28T21:30:54
338,PO-20338,Smith and Sons,2025-06-12,Character,285,93991.32,Received,2024-09-29T16:45:10
339,PO-20339,"Webster, Gonzalez and Jennings",2023-10-03,Look,193,11377.07,Pending,2023-02-11T01:20:22
340,PO-20340,Reed-Brooks,2022-12-22,Investment,300,15793.94,Pending,2024-04-04T04:18:26
341,PO-20341,Wilson-Cross,2025-07-19,Indeed,972,44606.02,Received,2025-08-19T17:36:29
342,PO-20342,Miller LLC,2025-01-10,Notice,449,190001.27,Cancelled,2025-04-06T16:09:51
343,PO-20343,Whitney Inc,2023-10-16,Teacher,352,136139.90,Received,2024-03-21T04:11:41
344,PO-20344,Mcpherson-Williams,2024-08-29,Anything,885,130045.72,Received,2023-09-14T19:24:45
345,PO-20345,Valencia Group,2024-01-14,Scientist,778,189434.34,Cancelled,2024-07-17T15:56:44
346,PO-20346,Williams-Phillips,2025-05-01,Race,199,1062.10,Received,2023-03-10T06:17:02
347,PO-20347,Castro-Simmons,2024-07-04,Term,347,139592.88,Received,2025-02-04T13:42:08
348,PO-20348,Carlson-Padilla,2024-02-26,Paper,862,101579.25,Received,2023-04-06T16:57:18
349,PO-20349,"Hicks, Taylor and Gay",2024-05-07,Build,378,89770.41,Pending,2025-09-08T12:26:15
350,PO-20350,Gardner Ltd,2024-08-29,Radio,982,166878.04,Cancelled,2023-02-26T06:04:16
351,PO-20351,"Graham, Foster and Crane",2025-05-17,Toward,577,14756.75,Received,2025-03-23T09:39:40
352,PO-20352,Collins-Perez,2023-01-07,Town,955,194500.06,Received,2023-11-09T00:17:28
353,PO-20353,Cunningham Inc,2024-01-07,Firm,344,127215.66,Pending,2025-03-26T00:21:40
354,PO-20354,Edwards Ltd,2024-06-24,Image,810,87738.26,Cancelled,2025-09-13T00:03:15
355,PO-20355,"Fry, Snyder and Nichols",2024-01-18,Accept,397,50148.09,Pending,2024-12-07T01:09:33
356,PO-20356,Blevins-Riley,2025-09-10,Account,787,43374.52,Pending,2025-05-15T22:03:53
357,PO-20357,Walker-Walker,2023-04-07,Else,913,22790.00,Pending,2025-09-09T10:59:41
358,PO-20358,Hale Ltd,2023-01-06,Officer,312,187662.60,Pending,2023-09-03T06:04:34
359,PO-20359,"Martin, Faulkner and Fox",2025-04-05,Kid,902,193664.34,Cancelled,2025-02-01T21:58:24
360,PO-20360,Evans-Whitaker,2023-03-23,Meeting,129,121485.34,Cancelled,2024-11-20T21:17:26
361,PO-20361,Roman LLC,2023-12-24,Unit,819,56840.86,Pending,2024-09-08T11:24:29
362,PO-20362,Tyler-Reed,2024-04-24,Bad,969,19807.02,Received,2023-11-29T23:15:44
363,PO-20363,Jackson-Weaver,2023-04-27,Find,724,161179.03,Pending,2022-12-24T11:49:18
364,PO-20364,Johnson LLC,2025-07-02,Although,394,56445.69,Received,2024-07-23T13:50:26
365,PO-20365,Sosa Group,2025-10-01,Task,900,165420.81,Cancelled,2024-03-27T21:58:20
366,PO-20366,Duran-Holmes,2024-12-10,Indeed,678,3168.64,Received,2023-03-03T04:30:21
367,PO-20367,Wolfe Ltd,2022-11-05,Early,275,171150.12,Pending,2023-03-21T04:59:58
368,PO-20368,"Rubio, Morris and Glenn",2023-04-04,Rest,532,65064.03,Pending,2022-12-22T04:16:12
369,PO-20369,Taylor-Williams,2025-09-20,Truth,531,147152.72,Pending,2023-02-05T01:00:30
370,PO-20370,Alvarado Inc,2024-10-27,Myself,681,132638.10,Received,2025-04-18T00:56:07
371,PO-20371,Newton and Sons,2023-02-01,Month,788,31942.81,Received,2024-08-26T17:23:24
372,PO-20372,Bernard-Trevino,2024-05-17,Wide,780,123192.10,Cancelled,2025-10-07T00:05:46
373,PO-20373,Riley-Adams,2023-04-03,Rest,110,139226.94,Cancelled,2025-01-07T23:52:55
374,PO-20374,Roy-Norman,2025-03-19,Artist,39,172111.29,Cancelled,2023-09-08T22:10:13
375,PO-20375,"Harris, Lopez and Barnes",2024-05-10,Only,475,118227.75,Cancelled,2025-06-12T02:40:30
376,PO-20376,Walsh-Jackson,2023-04-15,Argue,437,65861.89,Cancelled,2023-02-08T04:04:16
377,PO-20377,Lopez Ltd,2024-09-15,New,713,15997.82,Pending,2022-11-30T10:31:07
378,PO-20378,"Brown, Hayden and Martinez",2024-06-09,Physical,108,111219.82,Received,2025-05-09T21:30:16
379,PO-20379,Collier PLC,2025-10-09,Stock,23,195296.13,Cancelled,2025-09-15T12:39:40
380,PO-20380,Sutton Inc,2025-01-03,Even,946,104702.62,Cancelled,2024-02-07T07:44:35
381,PO-20381,"Cruz, Jones and Vasquez",2023-08-02,Better,759,15345.04,Received,2024-11-01T22:15:38
382,PO-20382,Ortiz LLC,2023-01-07,Final,931,52221.86,Cancelled,2025-08-10T13:47:08
383,PO-20383,Thomas-Gardner,2024-08-11,Door,953,136252.88,Received,2024-05-30T08:18:00
384,PO-20384,"Baker, Carson and Davis",2025-06-21,Couple,868,97225.22,Received,2023-05-23T03:29:51
385,PO-20385,Sawyer Ltd,2024-03-31,Range,903,64144.07,Received,2025-01-14T01:01:22
386,PO-20386,Thomas LLC,2023-11-04,Believe,51,135118.79,Cancelled,2022-12-26T11:08:03
387,PO-20387,Gray-Castillo,2025-06-26,Change,921,86061.34,Received,2023-09-18T15:11:18
388,PO-20388,Myers-Mcgee,2025-06-05,Issue,832,166039.65,Cancelled,2024-11-13T14:58:40
389,PO-20389,King-King,2023-09-25,Audience,338,23693.58,Received,2023-02-01T14:11:46
390,PO-20390,"Williams, Robinson and Ross",2024-10-18,Best,564,35620.73,Pending,2023-03-22T07:48:45
391,PO-20391,Smith-Butler,2023-05-29,Large,989,111356.56,Received,2023-06-30T13:43:59
392,PO-20392,Marks PLC,2024-04-17,Nature,150,130966.25,Received,2023-04-23T07:28:07
393,PO-20393,"Robinson, Koch and Buchanan",2024-01-11,Face,480,122411.80,Pending,2024-11-23T16:20:37
394,PO-20394,Cox LLC,2023-11-20,Meet,68,173983.81,Received,2024-08-02T07:28:24
395,PO-20395,Diaz-Harmon,2024-10-02,Time,971,183987.49,Cancelled,2023-05-30T02:12:17
396,PO-20396,Robinson and Sons,2024-02-27,Soon,86,133312.31,Pending,2025-04-21T10:42:50
397,PO-20397,Aguilar-Oliver,2025-09-24,Great,409,102863.30,Cancelled,2023-05-29T10:24:12
398,PO-20398,Nolan-Lewis,2023-08-13,Least,571,68019.22,Pending,2024-10-17T08:00:41
399,PO-20399,Olson-Williams,2023-11-26,Respond,557,110644.27,Pending,2022-11-16T20:43:02
400,PO-20400,"Ortiz, Bennett and Wilson",2023-06-27,Such,83,76135.04,Received,2024-04-25T13:24:37
401,PO-20401,Gay LLC,2024-02-28,Hope,865,107040.94,Pending,2025-01-24T02:00:36
402,PO-20402,"Barnes, Marshall and Caldwell",2025-05-11,Final,279,102289.06,Pending,2025-03-14T09:30:34
403,PO-20403,"Owen, Mitchell and Brown",2025-10-21,Relate,573,154945.84,Pending,2024-09-18T02:58:01
404,PO-20404,Neal-Fields,2025-03-09,Including,715,50514.22,Received,2022-11-20T15:11:08
405,PO-20405,Higgins PLC,2022-11-20,Skin,886,82294.07,Received,2023-04-13T14:18:20
406,PO-20406,"Johnson, Brown and Wilson",2024-12-20,Left,470,131787.49,Cancelled,2024-11-18T22:52:39
407,PO-20407,Bullock PLC,2025-06-24,Lose,975,76159.69,Received,2024-08-20T06:18:08
408,PO-20408,"Howard, Fowler and Gonzalez",2023-10-04,Ahead,298,4906.11,Pending,2023-06-22T00:34:38
409,PO-20409,Gonzalez-Ward,2025-09-01,Spend,97,197548.13,Pending,2023-12-03T22:57:27
410,PO-20410,"Reyes, Zamora and Silva",2023-03-11,Television,780,146422.05,Pending,2025-07-04T00:56:33
411,PO-20411,"Caldwell, Haas and White",2025-02-14,Government,703,77026.17,Pending,2025-03-22T08:35:32
412,PO-20412,Nichols Inc,2025-08-18,Force,628,130834.78,Cancelled,2023-12-28T15:35:36
413,PO-20413,"Gibson, Young and Monroe",2025-01-10,Discover,392,117582.81,Received,2025-07-26T14:46:00
414,PO-20414,Frost-Spence,2025-09-03,Remain,473,19063.08,Pending,2025-01-13T07:24:57
415,PO-20415,Phillips-Williams,2025-05-11,Main,833,179448.57,Cancelled,2024-12-24T17:25:39
416,PO-20416,Adams Group,2025-01-13,Why,627,163833.26,Received,2024-07-06T08:23:39
417,PO-20417,"Graves, Torres and Lee",2024-11-16,Mr,23,9135.05,Received,2024-09-08T00:09:54
418,PO-20418,Campbell-Lee,2025-11-01,Treat,561,195787.97,Received,2024-09-04T02:23:01
419,PO-20419,West-Green,2025-03-20,Control,68,125147.50,Pending,2022-12-17T21:10:14
420,PO-20420,Wilson-Acevedo,2023-02-08,Fire,750,54217.64,Cancelled,2023-11-27T14:25:03
421,PO-20421,Forbes LLC,2024-08-15,Pm,965,12450.56,Pending,2025-08-27T13:12:55
422,PO-20422,"Johnson, Morris and Cook",2025-07-07,Through,532,152062.34,Cancelled,2023-07-10T09:07:06
423,PO-20423,Ferguson-Andrade,2023-08-25,Class,629,135395.90,Pending,2023-11-03T01:36:01
424,PO-20424,"Perez, Hall and Bartlett",2023-06-29,Very,46,40640.56,Pending,2025-02-27T06:59:05
425,PO-20425,"Hernandez, Thompson and Lara",2024-08-03,Morning,924,59134.04,Received,2024-04-12T12:13:10
426,PO-20426,Barnes-Barnett,2024-07-03,Participant,402,189489.15,Pending,2025-10-19T09:09:04
427,PO-20427,"Moore, Collins and Powers",2024-06-01,Paper,282,572.88,Received,2025-04-17T03:36:39
428,PO-20428,Saunders and Sons,2025-06-10,Bring,896,139839.83,Pending,2025-03-25T08:22:18
429,PO-20429,Gill-Tate,2023-07-18,From,756,182720.49,Pending,2024-05-21T09:01:19
430,PO-20430,Moore-Colon,2024-04-16,Big,927,112672.34,Pending,2024-02-04T02:45:33
431,PO-20431,Atkins-Pittman,2025-07-14,Remember,155,69941.08,Cancelled,2025-01-23T17:52:35
432,PO-20432,Kelly LLC,2024-07-30,Quickly,803,199349.76,Received,2025-08-31T20:30:09
433,PO-20433,Vasquez Inc,2024-03-23,Give,208,88464.61,Pending,2025-03-18T02:28:44
434,PO-20434,Ortega-Nichols,2023-07-03,Best,122,171466.03,Cancelled,2022-11-13T14:16:47
435,PO-20435,Hardy-Fuentes,2024-05-21,Total,579,109975.14,Received,2025-10-10T04:01:45
436,PO-20436,Rogers LLC,2024-09-09,Food,205,36290.87,Received,2024-09-25T14:40:25
437,PO-20437,Contreras-Hunter,2023-04-28,Red,133,87908.30,Pending,2023-08-27T05:05:46
438,PO-20438,"Atkins, Wallace and Goodman",2023-09-07,When,817,194227.53,Received,2024-07-18T00:07:23
439,PO-20439,"Lee, Thornton and Bond",2025-06-11,Most,407,92627.21,Received,2024-07-10T04:31:04
440,PO-20440,Snyder-Gonzalez,2024-01-26,Provide,902,116404.93,Pending,2024-01-03T19:03:45
441,PO-20441,Lawrence-Yates,2025-02-27,Foreign,373,187624.88,Received,2025-03-03T10:08:38
442,PO-20442,Durham Inc,2024-07-23,Stuff,220,192651.23,Pending,2022-12-22T22:58:15
443,PO-20443,"Davis, Williams and Thomas",2023-01-28,Put,468,64763.70,Pending,2023-06-14T00:53:14
444,PO-20444,Taylor and Sons,2024-06-24,Rate,484,155067.84,Received,2024-01-30T23:41:47
445,PO-20445,Davis and Sons,2024-09-30,Past,808,165212.65,Pending,2025-03-11T11:49:59
446,PO-20446,Abbott and Sons,2025-08-25,Boy,971,101347.04,Cancelled,2023-02-07T09:39:46
447,PO-20447,Frank-Elliott,2024-05-29,Wide,529,40789.06,Cancelled,2024-06-01T00:56:51
448,PO-20448,Cunningham-Norris,2023-09-19,Old,411,112166.78,Pending,2024-06-20T17:40:41
449,PO-20449,Hall Inc,2023-08-24,Doctor,578,52107.99,Pending,2025-09-09T22:19:16
450,PO-20450,Williams-George,2023-03-09,Number,876,88454.72,Pending,2024-01-04T04:57:34
451,PO-20451,Clark Group,2024-11-17,Church,285,188632.83,Cancelled,2024-05-30T10:33:43
452,PO-20452,Rivera LLC,2025-10-08,Up,430,97648.33,Cancelled,2024-12-26T01:20:47
453,PO-20453,"Goodwin, Palmer and Robinson",2024-07-22,Customer,306,27168.39,Cancelled,2024-05-27T18:22:21
454,PO-20454,Hoover-Nolan,2023-12-06,Attack,635,152982.31,Cancelled,2023-12-07T11:25:35
455,PO-20455,Gonzales Inc,2023-06-25,Total,960,14108.40,Pending,2023-12-03T22:31:22
456,PO-20456,"Holder, Ramirez and Anderson",2023-08-24,Tree,463,138771.61,Cancelled,2023-03-09T14:41:06
457,PO-20457,Lopez Group,2022-12-23,Upon,800,187873.51,Pending,2024-06-21T16:42:48
458,PO-20458,Harmon-Chen,2024-01-23,Network,276,151038.37,Received,2024-03-13T17:55:28
459,PO-20459,"Chandler, Underwood and Pruitt",2024-11-30,Tax,150,357.04,Cancelled,2025-03-29T11:39:46
460,PO-20460,"Bishop, Chavez and Lindsey",2024-07-16,Term,747,106153.03,Cancelled,2025-05-23T01:38:28
461,PO-20461,"Russell, Hensley and Solomon",2025-09-02,Quickly,571,142097.21,Pending,2023-03-28T19:00:42
462,PO-20462,Brown Group,2024-01-25,Space,593,88567.04,Received,2025-08-04T20:08:47
463,PO-20463,Martinez Inc,2023-10-14,Research,3,153425.94,Received,2025-08-23T21:00:18
464,PO-20464,West Inc,2024-01-23,Then,488,7852.23,Pending,2025-10-29T09:07:02
465,PO-20465,Gutierrez Group,2023-01-14,Once,324,133529.23,Cancelled,2022-11-29T08:51:49
466,PO-20466,Wilson-Farley,2023-05-05,Thing,308,137239.79,Received,2023-06-06T03:34:32
467,PO-20467,Ramos Inc,2024-09-27,Thus,291,49780.72,Pending,2023-04-06T10:02:37
468,PO-20468,Howard Ltd,2025-05-27,Only,946,191000.41,Cancelled,2025-07-24T21:55:33
469,PO-20469,"Brown, Glass and Sampson",2023-09-11,Government,588,43465.11,Pending,2024-04-29T23:11:16
470,PO-20470,Velasquez Group,2023-03-20,Second,97,4377.90,Pending,2023-06-03T02:09:49
471,PO-20471,Jackson PLC,2022-12-18,Guy,414,94376.61,Received,2022-12-28T12:18:22
472,PO-20472,Sanders-Hancock,2024-07-28,Box,837,7093.14,Cancelled,2023-01-20T00:12:53
473,PO-20473,Davis Group,2024-10-02,Behind,189,199798.60,Received,2024-05-29T03:46:03
474,PO-20474,Ewing-Hartman,2025-06-04,Collection,843,155190.63,Cancelled,2022-12-26T01:48:26
475,PO-20475,Hall Group,2023-05-18,Attorney,270,29444.36,Pending,2023-10-30T02:48:21
476,PO-20476,"Marshall, Ramos and Rosario",2025-01-09,Bit,813,117866.34,Pending,2024-06-26T10:46:38
477,PO-20477,"Davis, Brown and Cook",2024-09-17,Expert,111,138380.16,Cancelled,2025-03-22T22:42:11
478,PO-20478,Jones Inc,2022-12-17,Card,875,24434.06,Cancelled,2023-03-31T01:15:28
479,PO-20479,Park-Gregory,2023-02-01,Reason,63,47473.51,Received,2024-01-24T11:48:58
480,PO-20480,Nguyen-Hernandez,2024-03-16,Street,193,5915.69,Received,2025-06-09T09:27:40
481,PO-20481,Henderson PLC,2024-05-31,Shake,108,60388.55,Cancelled,2023-09-29T14:50:20
482,PO-20482,"Petty, Woods and Beck",2023-07-20,Exactly,802,110167.49,Pending,2023-02-15T09:37:15
483,PO-20483,"Bowman, Brown and Thompson",2023-06-30,Him,903,8428.93,Received,2024-08-30T00:52:21
484,PO-20484,Owen PLC,2025-03-08,Point,765,198149.48,Received,2024-04-28T13:22:03
485,PO-20485,"Larson, Curry and Meyer",2024-08-16,Because,26,157979.18,Cancelled,2025-09-20T09:08:04
486,PO-20486,Phillips Ltd,2024-05-15,Hour,136,184895.20,Cancelled,2023-04-20T17:10:03
487,PO-20487,"Lewis, Jimenez and Robertson",2023-01-04,Act,367,137125.22,Cancelled,2025-09-10T11:35:50
488,PO-20488,Cook Inc,2025-07-31,Sure,558,161867.30,Received,2025-02-13T14:29:42
489,PO-20489,Lawson LLC,2023-11-26,Against,531,73785.07,Cancelled,2024-05-29T23:45:53
490,PO-20490,Smith Group,2024-05-01,Popular,100,119002.94,Received,2024-09-06T22:17:42
491,PO-20491,Werner Inc,2024-04-22,Pull,287,101276.86,Cancelled,2025-01-23T12:51:54
492,PO-20492,"Cruz, Moss and Wilson",2025-01-03,Charge,719,157929.54,Received,2025-04-09T12:01:21
493,PO-20493,Lang Inc,2024-02-01,Market,672,87896.49,Cancelled,2024-11-08T06:16:36
494,PO-20494,Payne-Jimenez,2024-10-10,Physical,902,31291.77,Pending,2024-03-30T23:32:34
495,PO-20495,"Smith, Pierce and Newman",2023-12-21,American,176,158190.19,Received,2024-07-29T01:07:22
496,PO-20496,Johnston LLC,2024-07-16,Any,994,198923.47,Pending,2023-09-15T02:30:00
497,PO-20497,Haynes PLC,2025-02-11,Hear,837,66972.35,Received,2023-10-06T12:25:51
498,PO-20498,Santos-Hoover,2025-01-02,Put,418,55768.04,Received,2024-09-07T20:24:19
499,PO-20499,Love LLC,2023-04-30,Gas,96,186336.63,Cancelled,2024-03-08T19:32:27
500,PO-20500,Cruz-Thompson,2023-11-08,State,718,156386.58,Received,2024-08-27T10:05:24
501,PO-20501,Carter Group,2023-02-10,Over,143,77399.48,Cancelled,2024-07-08T00:06:22
502,PO-20502,"Horton, Gilbert and Mahoney",2024-05-03,Congress,558,179579.10,Received,2024-07-18T10:57:41
503,PO-20503,Wise-Taylor,2023-06-19,Mention,937,10735.45,Received,2025-03-25T02:28:50
504,PO-20504,Graham-Kim,2023-12-27,Up,446,158739.46,Pending,2023-03-23T05:08:04
505,PO-20505,Bernard-Calderon,2023-02-26,Sure,277,69024.02,Pending,2023-01-04T14:38:28
506,PO-20506,Ortiz-Gonzalez,2025-10-28,Anything,72,86620.60,Pending,2024-05-23T23:20:03
507,PO-20507,"Beltran, Murillo and Peck",2023-08-22,War,830,20149.15,Cancelled,2023-12-31T12:32:19
508,PO-20508,Reyes-Townsend,2023-02-18,Program,277,140785.90,Pending,2023-11-08T10:00:31
509,PO-20509,Torres Inc,2023-09-28,Until,854,110934.44,Pending,2025-01-03T20:29:32
510,PO-20510,"Underwood, Ellison and Ochoa",2024-09-09,Into,708,81917.77,Received,2023-05-29T16:35:25
511,PO-20511,Mitchell LLC,2023-09-12,Cut,407,35761.02,Pending,2025-06-23T05:00:17
512,PO-20512,"Hudson, Higgins and Morse",2023-01-13,Station,24,116914.86,Received,2025-08-20T11:43:20
513,PO-20513,"Garcia, Ramirez and Howe",2024-11-02,Program,626,129879.99,Cancelled,2023-10-26T18:33:56
514,PO-20514,Martin and Sons,2024-07-18,Main,167,81770.25,Pending,2025-01-07T04:06:04
515,PO-20515,Knapp-White,2024-05-11,Mind,95,75361.05,Received,2023-09-08T02:32:06
516,PO-20516,"Wood, Garcia and Erickson",2024-08-18,True,481,36161.78,Pending,2023-07-26T16:30:14
517,PO-20517,"Brown, Hanna and Cherry",2024-12-29,Good,161,9478.99,Pending,2024-11-20T05:38:11
518,PO-20518,Griffin-Smith,2024-12-09,Card,72,156756.69,Pending,2023-05-26T08:37:51
519,PO-20519,Parker and Sons,2025-10-08,Some,825,7003.08,Cancelled,2023-03-31T02:16:24
520,PO-20520,Jennings Ltd,2022-11-23,Evidence,134,56283.37,Pending,2024-04-16T18:11:05
521,PO-20521,"Mitchell, Campbell and Clark",2023-12-29,Defense,187,117043.48,Cancelled,2024-04-11T13:20:48
522,PO-20522,Barnes-Jones,2024-04-16,Buy,925,198636.46,Pending,2025-08-27T04:39:47
523,PO-20523,Jones-Cox,2023-01-11,Stuff,681,68840.24,Received,2025-05-19T11:28:37
524,PO-20524,Hernandez Ltd,2023-05-09,Mrs,880,106243.73,Received,2024-02-26T19:25:21
525,PO-20525,"Lawson, Sheppard and Chambers",2025-06-07,Discussion,293,29656.70,Cancelled,2023-07-25T03:48:45
526,PO-20526,Rasmussen-Rhodes,2024-01-10,Entire,828,78793.38,Pending,2024-03-30T21:45:29
527,PO-20527,Martinez-Mitchell,2024-04-27,Network,725,184984.65,Pending,2025-10-20T18:36:54
528,PO-20528,Shelton-Hamilton,2023-12-14,Personal,786,55451.81,Received,2024-08-19T06:17:39
529,PO-20529,Holland-Adams,2025-09-19,Beautiful,930,156278.16,Received,2024-02-09T13:34:04
530,PO-20530,Lewis-Jones,2024-04-30,Church,692,41771.01,Cancelled,2023-10-16T23:25:01
531,PO-20531,"Guerrero, Riddle and Greene",2023-12-16,Factor,883,111143.92,Received,2024-08-02T10:58:08
532,PO-20532,"Figueroa, Castro and Galloway",2025-03-02,Throw,38,86850.82,Pending,2023-10-29T02:11:24
533,PO-20533,Johnson-Garcia,2023-07-23,Energy,317,53480.22,Pending,2023-08-27T09:30:40
534,PO-20534,Obrien-Hernandez,2025-08-21,Strategy,18,42194.31,Received,2024-04-20T01:57:38
535,PO-20535,Tyler PLC,2024-10-27,Billion,954,57639.81,Received,2025-02-27T07:30:07
536,PO-20536,"Mccormick, Atkins and David",2024-05-09,Street,487,14706.38,Cancelled,2023-09-08T18:00:20
537,PO-20537,Boyd Inc,2023-11-20,Trade,79,133415.42,Cancelled,2024-12-08T05:49:26
538,PO-20538,Meyer LLC,2025-02-05,Hotel,489,40032.41,Cancelled,2024-07-16T18:47:15
539,PO-20539,Perez-Newman,2023-10-11,Best,152,170603.37,Pending,2025-04-11T17:05:12
540,PO-20540,Parks Inc,2023-04-16,Mouth,261,28960.82,Pending,2023-11-21T17:07:12
541,PO-20541,Williams-Hernandez,2025-07-30,Do,102,55722.68,Received,2024-05-13T16:00:30
542,PO-20542,Collins and Sons,2023-09-10,Mean,672,111682.02,Pending,2024-08-16T05:50:41
543,PO-20543,"Spencer, Moreno and Evans",2024-10-11,Present,885,46234.28,Received,2023-12-17T11:07:40
544,PO-20544,Hogan-Vasquez,2023-11-19,Product,680,76114.21,Received,2024-07-28T15:43:42
545,PO-20545,Sandoval-Webb,2023-03-02,Drive,612,26418.29,Cancelled,2025-04-10T09:18:24
546,PO-20546,Tucker-Mitchell,2024-12-11,Not,11,98948.26,Pending,2024-07-28T11:25:47
547,PO-20547,"Mills, Horne and Miller",2024-03-14,Bad,531,162490.29,Cancelled,2023-09-30T01:45:27
548,PO-20548,Perkins Inc,2024-10-09,Window,299,34630.39,Pending,2024-08-10T15:38:36
549,PO-20549,Hernandez Inc,2024-08-23,Movement,871,149351.61,Cancelled,2023-08-08T18:47:40
550,PO-20550,"Moyer, Reyes and Hunter",2024-06-24,Say,272,28637.86,Received,2023-05-30T06:19:02
551,PO-20551,Anderson-Mitchell,2023-03-13,Anyone,59,83246.40,Received,2025-04-04T01:32:15
552,PO-20552,Huff-Morris,2025-02-07,Size,682,133612.47,Pending,2025-04-26T20:10:39
553,PO-20553,Cole Inc,2025-10-29,Easy,132,166213.50,Received,2023-12-20T01:30:31
554,PO-20554,"Molina, Porter and Perry",2025-10-17,Against,712,89047.01,Pending,2025-04-15T22:23:30
555,PO-20555,"Fisher, Hall and Blair",2024-03-04,Cut,432,144875.56,Received,2024-08-02T04:02:09
556,PO-20556,Kramer-Wolf,2023-01-01,Customer,51,158744.94,Received,2022-12-23T00:00:05
557,PO-20557,Johnson LLC,2024-09-18,Stand,871,100222.86,Cancelled,2023-02-10T01:08:51
558,PO-20558,"Mills, Marquez and Norton",2024-03-04,Yard,586,72041.65,Pending,2023-12-23T15:51:46
559,PO-20559,"Sims, Becker and Banks",2025-04-08,Increase,270,23484.35,Pending,2024-10-10T01:53:38
560,PO-20560,Lewis-Hall,2025-01-04,Trouble,653,56204.45,Cancelled,2024-12-19T03:16:43
561,PO-20561,"Burton, Castro and Anderson",2024-03-29,Something,732,138730.07,Received,2025-07-12T22:34:46
562,PO-20562,"Smith, Glenn and Weaver",2024-10-16,Open,316,81677.92,Received,2025-09-21T16:42:10
563,PO-20563,Li-Price,2023-09-25,Treatment,224,120723.26,Pending,2023-10-25T18:43:39
564,PO-20564,Saunders-Diaz,2025-01-19,Along,834,100146.88,Pending,2024-11-29T15:06:09
565,PO-20565,Anderson Ltd,2024-05-08,Although,143,146433.88,Pending,2023-07-07T16:11:29
566,PO-20566,Kelly-Wilson,2022-12-21,Long,395,41509.36,Received,2023-10-29T00:11:07
567,PO-20567,Gibson-Wood,2023-09-04,Street,957,189738.87,Received,2024-09-04T07:45:06
568,PO-20568,"Rose, Daniel and Moore",2025-05-02,Second,652,115674.35,Cancelled,2022-12-11T19:37:27
569,PO-20569,Campbell-Vaughan,2022-12-28,Fly,489,123940.32,Cancelled,2025-01-29T23:47:49
570,PO-20570,Hendrix-Gonzalez,2025-05-11,Worker,479,63123.27,Received,2023-09-11T02:57:00
571,PO-20571,"Smith, Curtis and Jones",2023-03-16,Suggest,472,71229.90,Received,2024-07-17T01:21:31
572,PO-20572,Hubbard-Carter,2023-06-08,Report,388,132001.06,Received,2023-07-17T15:17:17
573,PO-20573,"Robbins, Powers and Santos",2025-07-17,Line,387,79382.28,Received,2024-10-21T15:43:15
574,PO-20574,Simpson-Mcdowell,2023-04-29,Series,824,51152.00,Cancelled,2024-12-09T22:56:24
575,PO-20575,"Martinez, Torres and Bentley",2023-06-04,So,732,18600.48,Received,2023-01-24T02:59:59
576,PO-20576,Cortez LLC,2023-06-23,Work,720,102106.07,Received,2025-01-16T19:13:29
577,PO-20577,"Rice, Thompson and Jackson",2024-01-07,Within,939,116863.63,Cancelled,2024-02-12T05:14:01
578,PO-20578,"Salazar, Christensen and Mcdowell",2023-07-29,Mrs,979,55702.61,Pending,2023-08-24T02:35:58
579,PO-20579,Anderson-Stephenson,2025-09-22,Prove,218,33247.98,Pending,2025-02-12T10:18:44
580,PO-20580,Chavez-Mcpherson,2023-08-23,Pass,166,22165.89,Cancelled,2024-05-31T08:19:14
581,PO-20581,Johnson PLC,2025-09-01,Seven,262,148593.93,Pending,2024-10-29T09:49:14
582,PO-20582,"Rhodes, Bauer and Lambert",2024-01-05,Wall,719,27202.90,Cancelled,2024-10-19T20:20:16
583,PO-20583,"Cooper, Bradley and Franco",2023-12-13,Game,291,144305.85,Received,2023-02-12T04:26:42
584,PO-20584,Johnson-Martinez,2023-06-27,Far,708,126956.49,Pending,2024-01-01T03:04:46
585,PO-20585,Maldonado-Alvarez,2024-10-31,Draw,314,79851.74,Pending,2023-08-15T05:01:49
586,PO-20586,Newman Inc,2024-12-09,Study,17,56846.65,Cancelled,2025-07-30T12:50:34
587,PO-20587,Brown-Garcia,2024-08-22,Show,197,63111.90,Cancelled,2025-07-03T07:09:26
588,PO-20588,Ramos-Hamilton,2024-02-26,Shoulder,44,167336.41,Received,2024-07-29T11:15:19
589,PO-20589,"Sanders, Lopez and Mcpherson",2023-08-25,Hand,864,100466.65,Cancelled,2024-01-20T20:49:17
590,PO-20590,Wyatt-Schultz,2023-07-15,Student,980,112131.60,Received,2025-01-01T09:21:38
591,PO-20591,Roberts Inc,2023-09-10,Support,375,15155.80,Received,2024-04-06T03:38:38
592,PO-20592,"Vance, Schmitt and Chapman",2024-10-23,Strategy,410,116272.20,Received,2023-05-08T17:40:26
593,PO-20593,Powell-Tran,2023-11-11,That,610,133238.21,Cancelled,2023-05-17T01:33:43
594,PO-20594,Miller Inc,2025-03-06,Interesting,929,45418.62,Received,2024-08-05T14:04:54
595,PO-20595,Gonzales and Sons,2025-07-27,I,362,40940.81,Received,2023-05-15T05:37:14
596,PO-20596,Ford-Dominguez,2025-03-29,Mission,591,150361.04,Pending,2024-09-18T07:46:22
597,PO-20597,Walker Inc,2025-04-14,Husband,329,91792.57,Cancelled,2024-02-26T03:25:55
598,PO-20598,Kelly-Morrison,2022-12-27,Deep,222,153133.17,Pending,2025-05-08T03:42:29
599,PO-20599,Gross-Martin,2025-10-23,Window,18,108607.62,Received,2025-07-16T13:03:01
600,PO-20600,Rivas and Sons,2023-12-24,Low,367,7224.67,Cancelled,2023-07-02T11:16:36
601,PO-20601,Jenkins-Smith,2025-01-03,Race,340,11830.10,Pending,2025-10-23T21:44:40
602,PO-20602,"Hall, Delgado and Rodriguez",2024-10-29,Suffer,332,54513.59,Received,2024-03-16T14:10:41
603,PO-20603,"Sherman, Gonzalez and Wise",2024-11-25,Stay,115,41936.37,Received,2023-09-25T02:46:22
604,PO-20604,Marshall-Rosales,2024-08-15,Arrive,282,7521.45,Cancelled,2024-07-28T01:24:16
605,PO-20605,Nash-Roberts,2025-10-22,Teach,716,121542.38,Received,2023-03-09T06:27:48
606,PO-20606,Griffith-Davidson,2025-03-07,Seek,180,193732.91,Pending,2025-01-13T19:03:01
607,PO-20607,Cooper LLC,2024-02-16,Mean,705,163611.52,Cancelled,2024-03-17T06:16:53
608,PO-20608,"Hernandez, Richards and Young",2023-06-14,With,694,112209.62,Cancelled,2023-08-02T11:17:57
609,PO-20609,"Norton, Dougherty and Perry",2024-09-14,Tell,330,565.81,Pending,2023-05-09T01:31:45
610,PO-20610,"Watkins, Bowman and Jones",2025-02-10,Mission,811,19970.94,Cancelled,2023-07-13T10:22:40
611,PO-20611,Lee Inc,2024-10-18,Pass,857,19402.79,Received,2024-10-19T12:02:35
612,PO-20612,Romero Ltd,2024-03-01,Statement,933,114692.42,Cancelled,2023-04-29T10:25:00
613,PO-20613,Adams-Frazier,2024-02-20,International,629,169029.53,Cancelled,2023-08-25T01:12:10
614,PO-20614,"Chung, White and Chapman",2023-09-30,Particularly,378,114124.18,Pending,2024-07-11T15:15:33
615,PO-20615,"Lopez, Gibbs and Lynch",2023-07-19,Spend,935,53634.69,Cancelled,2024-11-17T11:52:03
616,PO-20616,Brewer-Young,2023-06-11,Start,712,87912.89,Received,2023-08-08T22:18:01
617,PO-20617,Hamilton Ltd,2025-04-26,Ball,401,67647.44,Pending,2025-02-21T14:43:11
618,PO-20618,Miller-Peterson,2025-05-11,Skin,389,162033.53,Pending,2024-09-18T13:34:29
619,PO-20619,"Jacobs, Chapman and Gibson",2022-11-10,Purpose,559,17297.78,Cancelled,2025-02-17T03:12:30
620,PO-20620,Castaneda-Adams,2023-05-20,Should,482,153439.11,Pending,2024-06-02T02:42:34
621,PO-20621,Anderson-Schmidt,2024-02-03,Often,133,109609.70,Cancelled,2024-01-07T08:48:32
622,PO-20622,Bruce-Walton,2022-11-12,Hospital,255,30272.84,Received,2023-10-06T12:26:40
623,PO-20623,Mcclain PLC,2025-08-19,Trip,206,107482.15,Received,2025-04-10T21:12:31
624,PO-20624,Barry-Rose,2024-02-02,Message,73,175289.06,Received,2024-05-12T09:31:22
625,PO-20625,"Christensen, Hurst and Hernandez",2025-10-01,House,999,165311.43,Cancelled,2023-06-04T16:10:07
626,PO-20626,Ashley-Johnson,2023-03-11,Personal,638,24267.40,Cancelled,2023-03-18T19:53:42
627,PO-20627,Johnson PLC,2025-03-27,Station,160,164652.38,Cancelled,2023-03-02T17:00:08
628,PO-20628,Christian-Torres,2025-07-06,Turn,429,67619.35,Received,2025-09-26T00:16:09
629,PO-20629,Edwards-Austin,2023-12-27,Too,855,171844.90,Cancelled,2023-08-21T04:36:40
630,PO-20630,"Willis, Palmer and Thompson",2023-10-12,Cultural,124,174947.07,Pending,2024-05-27T07:19:31
631,PO-20631,Cooley Inc,2025-08-28,Name,886,189652.24,Received,2025-08-25T23:12:47
632,PO-20632,Ballard-Roman,2023-06-24,Film,920,197174.79,Cancelled,2023-10-15T02:58:34
633,PO-20633,"Bell, Hunter and Gordon",2024-12-29,Fill,511,190070.71,Received,2024-01-27T19:13:25
634,PO-20634,"Hernandez, Melton and Young",2022-11-02,Senior,119,23687.35,Pending,2025-05-27T18:23:44
635,PO-20635,Olson Inc,2023-12-13,Might,490,2945.95,Pending,2025-05-27T05:59:56
636,PO-20636,Mack-Harris,2024-04-01,Live,384,41835.28,Received,2023-02-04T20:20:57
637,PO-20637,"Buchanan, Kelley and Edwards",2025-11-01,Third,359,8363.77,Pending,2024-10-25T08:35:18
638,PO-20638,Nelson Group,2025-01-02,Woman,372,65186.39,Cancelled,2024-03-28T01:02:09
639,PO-20639,Morrison Group,2024-01-07,Several,614,79484.61,Received,2024-07-02T11:14:36
640,PO-20640,Dixon and Sons,2023-02-24,Yes,230,17646.95,Cancelled,2025-07-05T06:42:41
641,PO-20641,"Allen, Wheeler and Ingram",2023-12-28,Full,110,30405.92,Pending,2025-03-02T22:48:48
642,PO-20642,"Mcneil, Fernandez and Norton",2024-06-10,Line,823,172381.24,Pending,2024-04-20T19:10:09
643,PO-20643,Thomas Inc,2024-06-22,Act,994,144498.82,Pending,2024-10-25T20:55:10
644,PO-20644,"Stewart, Adams and Marshall",2023-08-23,Evidence,318,39614.81,Cancelled,2023-06-19T04:19:58
645,PO-20645,Roth-Wright,2023-06-26,Trouble,683,76268.65,Cancelled,2025-04-12T08:05:39
646,PO-20646,Williams-Garcia,2024-11-16,Better,398,25671.08,Cancelled,2025-08-13T09:18:09
647,PO-20647,"Rhodes, Rhodes and Watkins",2024-11-20,Point,114,192005.18,Cancelled,2024-10-23T08:38:34
648,PO-20648,"Terrell, Gates and Watts",2024-10-14,Box,825,75459.35,Pending,2023-05-31T15:11:03
649,PO-20649,Smith-Gross,2023-02-01,One,81,66956.12,Cancelled,2024-10-20T07:03:40
650,PO-20650,Torres LLC,2025-04-17,Cost,283,190873.86,Received,2025-06-15T03:31:14
651,PO-20651,Hill-Dean,2024-07-21,The,15,152624.14,Pending,2025-01-05T20:31:09
652,PO-20652,Butler-Miller,2024-05-03,Voice,79,167924.17,Received,2023-10-15T22:19:59
653,PO-20653,"Brewer, Welch and Daniel",2025-09-30,Available,430,145581.06,Cancelled,2025-04-28T22:41:44
654,PO-20654,Johnson-Henry,2025-06-22,Another,135,1920.32,Cancelled,2025-05-20T08:35:27
655,PO-20655,Rosales Ltd,2025-08-14,Research,567,55080.98,Cancelled,2022-12-19T15:33:49
656,PO-20656,"Mccall, Watkins and Collins",2023-12-19,Artist,289,51594.46,Received,2025-07-08T10:44:01
657,PO-20657,"Holt, Matthews and Jordan",2024-01-23,Here,382,44011.96,Pending,2023-05-08T21:00:51
658,PO-20658,"Nelson, Reyes and Schmidt",2023-08-15,Name,436,181509.18,Pending,2025-06-08T13:37:08
659,PO-20659,"Mueller, Willis and Patton",2025-11-01,Ball,492,59281.07,Pending,2023-02-03T22:40:29
660,PO-20660,Wood-Leon,2025-03-27,Magazine,944,40455.62,Cancelled,2025-06-30T14:50:15
661,PO-20661,Young PLC,2024-01-27,Civil,194,73925.77,Pending,2024-04-07T16:24:19
662,PO-20662,Lee-Coleman,2024-07-17,Partner,984,138805.83,Received,2023-10-16T09:24:52
663,PO-20663,Baldwin Ltd,2024-01-24,Window,931,124397.15,Pending,2023-11-27T22:12:29
664,PO-20664,Potter-Moore,2022-11-13,Worker,892,88648.08,Pending,2025-09-26T17:15:59
665,PO-20665,Solis-Powell,2023-12-13,Deep,514,5927.16,Pending,2024-10-25T22:27:29
666,PO-20666,Stanley-Nichols,2024-10-02,Phone,460,132655.16,Received,2024-11-15T08:35:52
667,PO-20667,Hernandez-Santos,2024-02-16,Value,377,107081.93,Received,2022-12-03T09:13:37
668,PO-20668,Lucas-Rodriguez,2023-12-14,Treatment,982,65617.17,Cancelled,2023-12-02T21:44:06
669,PO-20669,Bennett Inc,2024-04-23,Return,756,47789.87,Received,2023-11-07T05:12:33
670,PO-20670,Richard-Bradley,2023-08-12,Part,572,149220.91,Received,2024-07-18T18:10:47
671,PO-20671,"Long, Jacobs and Pitts",2025-10-04,Any,91,28221.91,Cancelled,2023-07-26T00:45:18
672,PO-20672,Cox LLC,2023-01-14,Player,349,153468.29,Received,2023-02-07T13:38:49
673,PO-20673,Smith-Torres,2023-12-15,Culture,625,475.72,Received,2023-03-14T06:22:21
674,PO-20674,"Herrera, Daniels and Mccoy",2025-06-02,Within,5,95884.37,Pending,2024-02-05T02:36:55
675,PO-20675,"Smith, Bates and Shelton",2025-01-30,Thousand,43,140503.35,Cancelled,2022-12-16T07:57:32
676,PO-20676,Martinez LLC,2025-03-30,Than,64,96273.36,Pending,2024-10-02T17:47:37
677,PO-20677,Walker-Andrews,2023-03-10,All,580,50062.81,Cancelled,2024-12-14T13:22:43
678,PO-20678,"Lang, Duncan and Smith",2023-11-14,Teacher,689,105791.95,Received,2023-07-25T16:58:34
679,PO-20679,Little Inc,2025-02-12,Debate,815,49702.43,Received,2023-12-29T10:20:39
680,PO-20680,"Hall, Garza and Jones",2024-12-30,Time,414,88423.93,Pending,2025-02-02T19:02:24
681,PO-20681,Velazquez-Maynard,2025-06-30,Grow,935,184509.68,Cancelled,2025-08-25T09:28:13
682,PO-20682,"Ruiz, Dunn and Watson",2023-08-13,Candidate,759,80908.69,Pending,2025-10-04T23:10:58
683,PO-20683,"Garcia, Watson and Parker",2025-05-03,Check,707,103837.26,Pending,2024-01-03T20:10:56
684,PO-20684,Santiago and Sons,2022-12-18,Hold,210,108986.96,Received,2022-11-19T15:11:59
685,PO-20685,Peters PLC,2024-10-10,Assume,343,61583.21,Pending,2024-04-07T21:08:31
686,PO-20686,"Tanner, Smith and Pennington",2023-07-29,Possible,121,133737.92,Pending,2025-01-08T06:00:47
687,PO-20687,"Duarte, Castaneda and Stevenson",2025-02-21,Rather,86,57504.26,Cancelled,2024-04-06T08:38:25
688,PO-20688,Walter-Delgado,2025-03-23,Pass,368,121598.85,Cancelled,2023-12-23T21:51:52
689,PO-20689,"Rojas, Mcclain and Proctor",2025-08-13,Heavy,196,179116.75,Pending,2025-04-15T18:49:10
690,PO-20690,Costa PLC,2024-07-02,Increase,584,51951.09,Received,2023-10-08T10:18:25
691,PO-20691,"Robertson, Kelly and Gutierrez",2023-03-21,Language,175,102372.72,Cancelled,2023-08-07T07:14:23
692,PO-20692,"Molina, Carney and Brady",2025-03-31,Whether,791,29861.42,Cancelled,2023-02-03T13:18:11
693,PO-20693,Decker Inc,2024-10-14,Among,909,102270.27,Received,2024-12-24T07:12:39
694,PO-20694,Martin Inc,2023-12-11,Spring,906,83364.03,Cancelled,2023-12-24T04:10:47
695,PO-20695,Marquez-Perez,2024-12-20,Back,640,151927.06,Received,2025-08-18T22:05:24
696,PO-20696,"Pearson, Sims and Yu",2024-11-09,Five,15,58810.23,Pending,2023-01-24T09:43:53
697,PO-20697,"Carrillo, Stokes and Smith",2023-03-26,Must,569,131561.53,Received,2023-01-10T03:56:38
698,PO-20698,Mcguire Ltd,2023-10-29,Dark,313,92087.32,Pending,2025-06-04T18:34:45
699,PO-20699,Reeves and Sons,2025-06-13,New,394,56152.16,Pending,2023-09-08T15:04:32
700,PO-20700,"Sanders, Wright and Cruz",2024-08-29,Again,211,47986.98,Received,2024-06-27T18:21:15
701,PO-20701,Brooks PLC,2025-02-18,Trade,536,195127.75,Pending,2024-07-08T20:32:30
702,PO-20702,Kelly-Moore,2024-07-18,Ahead,633,169338.18,Pending,2023-11-09T10:28:16
703,PO-20703,Cherry-Anderson,2025-08-10,Unit,275,173016.70,Received,2024-05-15T03:59:28
704,PO-20704,"Carter, Coleman and Owens",2025-09-17,Democrat,952,26181.70,Received,2023-06-06T19:52:11
705,PO-20705,"Davis, Huffman and Gonzalez",2025-08-16,Six,794,8930.43,Cancelled,2024-08-16T00:52:37
706,PO-20706,"Hughes, Evans and Flores",2023-08-24,Poor,530,62488.86,Cancelled,2025-07-06T02:15:24
707,PO-20707,Rose-Dickerson,2023-07-30,Among,254,118128.80,Pending,2023-01-11T02:29:24
708,PO-20708,"Lewis, Brown and Faulkner",2024-02-24,She,683,165767.65,Cancelled,2025-01-11T09:09:14
709,PO-20709,Rivera-Baxter,2024-07-13,Available,399,5350.63,Cancelled,2025-10-21T03:53:11
710,PO-20710,Galloway-Anderson,2024-05-11,Reduce,149,174441.37,Pending,2024-04-21T01:40:12
711,PO-20711,Johnson LLC,2025-05-10,Care,556,140708.12,Pending,2024-09-07T14:50:06
712,PO-20712,Leonard and Sons,2023-10-27,Indeed,636,21974.45,Pending,2023-12-05T15:43:54
713,PO-20713,Harrison LLC,2023-10-23,Country,600,59169.49,Cancelled,2025-01-14T23:53:56
714,PO-20714,Mitchell Ltd,2024-01-10,Food,763,100484.12,Cancelled,2023-01-27T17:24:44
715,PO-20715,Anderson Group,2025-10-23,Those,483,55758.13,Received,2024-12-26T04:41:15
716,PO-20716,Sandoval LLC,2024-12-24,Decade,824,72011.43,Cancelled,2024-07-30T11:35:16
717,PO-20717,Harris-Garcia,2024-09-18,Side,697,141965.74,Pending,2025-09-14T15:45:28
718,PO-20718,Brown-Bell,2025-03-01,Nice,881,38461.24,Pending,2024-07-25T00:30:08
719,PO-20719,Trujillo-Roman,2023-07-13,Rock,665,127164.53,Cancelled,2023-02-15T23:38:38
720,PO-20720,Carney and Sons,2025-02-26,Assume,422,100902.75,Received,2024-05-08T14:21:51
721,PO-20721,"Hodges, Casey and Cabrera",2025-08-05,Range,370,116520.32,Received,2023-08-28T11:01:34
722,PO-20722,Terrell-Ryan,2024-02-08,Maybe,612,165266.71,Received,2024-05-09T15:53:37
723,PO-20723,"Ashley, Lawrence and Moore",2024-10-03,Way,949,103270.22,Cancelled,2025-06-15T16:23:36
724,PO-20724,Jackson-Blankenship,2025-05-29,Base,181,121242.58,Received,2025-03-14T21:22:19
725,PO-20725,Marks and Sons,2022-11-26,Model,302,64464.04,Received,2025-09-29T11:24:48
726,PO-20726,Doyle Inc,2024-03-27,Community,533,166850.48,Pending,2024-11-20T00:21:20
727,PO-20727,Mayo-Martinez,2023-06-22,Here,472,99118.94,Cancelled,2025-01-25T08:25:09
728,PO-20728,Wood-White,2024-06-25,Benefit,751,145410.26,Cancelled,2024-08-18T11:03:39
729,PO-20729,Thompson LLC,2024-03-04,Friend,83,190341.09,Pending,2024-04-02T13:35:18
730,PO-20730,Cruz-Smith,2024-06-28,Responsibility,639,149818.17,Received,2022-12-19T11:53:56
731,PO-20731,Hall-Davis,2024-12-28,Space,114,165719.10,Pending,2022-12-20T07:44:01
732,PO-20732,"Bradshaw, Romero and Rodgers",2025-05-02,Ten,409,59534.35,Cancelled,2022-11-05T16:11:24
733,PO-20733,Cobb-Olsen,2024-02-10,Strategy,457,94171.58,Cancelled,2023-04-09T19:51:08
734,PO-20734,Gallagher Ltd,2023-08-04,Under,99,23916.70,Cancelled,2023-03-14T09:01:20
735,PO-20735,Garrett LLC,2025-09-23,Reach,291,172575.40,Pending,2024-12-24T09:37:50
736,PO-20736,"Allen, Gardner and Roach",2025-01-30,Participant,752,154694.18,Received,2022-11-02T23:32:30
737,PO-20737,Noble Ltd,2024-11-10,Several,458,155886.09,Pending,2025-05-13T19:26:19
738,PO-20738,Solis-Richardson,2023-01-19,Newspaper,570,35410.07,Pending,2024-07-08T07:44:33
739,PO-20739,Perez and Sons,2025-10-08,Imagine,91,136784.66,Received,2025-07-11T16:55:04
740,PO-20740,Watson and Sons,2025-07-02,Include,113,94382.57,Pending,2024-02-26T10:21:59
741,PO-20741,"Potts, Davis and Hanson",2024-10-11,Science,362,102424.88,Cancelled,2024-01-24T13:34:00
742,PO-20742,"Harrell, Drake and Johnson",2023-11-25,Affect,137,136556.16,Cancelled,2023-01-16T01:54:02
743,PO-20743,Lynch and Sons,2023-08-22,Character,265,137535.92,Cancelled,2022-11-06T22:12:17
744,PO-20744,"Gutierrez, Juarez and Horn",2023-10-04,Red,175,190557.41,Pending,2025-08-27T12:36:39
745,PO-20745,"Perkins, Cooper and Myers",2024-08-11,Produce,655,161332.99,Pending,2023-01-26T15:34:43
746,PO-20746,Harper PLC,2023-12-12,Religious,271,72249.50,Cancelled,2023-02-11T15:49:23
747,PO-20747,"Rogers, Taylor and Harper",2024-03-29,Seat,958,18348.81,Pending,2024-10-26T20:37:05
748,PO-20748,Maldonado-Kelly,2024-01-18,Open,949,108564.64,Cancelled,2024-05-30T18:40:28
749,PO-20749,Johnson-Beltran,2024-09-20,Subject,579,74545.91,Pending,2023-05-13T13:09:28
750,PO-20750,Simpson-Gonzalez,2023-05-03,Bed,112,127216.60,Cancelled,2024-09-15T02:33:05
751,PO-20751,Stewart-Holmes,2024-09-17,Why,489,180532.40,Cancelled,2024-06-22T14:45:23
752,PO-20752,"Curtis, Warren and Brown",2025-10-08,Break,934,61697.71,Received,2025-07-17T13:07:20
753,PO-20753,Hernandez-Martinez,2023-01-16,Its,953,74875.88,Received,2025-02-13T22:38:44
754,PO-20754,"Davis, Davis and Jones",2024-12-23,Today,769,145218.69,Pending,2025-01-04T16:31:43
755,PO-20755,"Cochran, Murray and Jones",2024-07-28,Concern,401,68411.73,Cancelled,2025-03-05T06:16:00
756,PO-20756,Mathews-Fernandez,2024-08-03,Then,223,156722.24,Received,2024-12-14T15:29:03
757,PO-20757,Wyatt Ltd,2024-01-29,Whatever,25,60647.30,Pending,2025-03-21T01:56:48
758,PO-20758,"Ochoa, Moore and Munoz",2025-10-20,Condition,727,32849.23,Received,2025-10-06T16:16:42
759,PO-20759,Parker Group,2024-08-11,Edge,782,24669.04,Cancelled,2023-06-17T03:14:15
760,PO-20760,"Sanchez, Roach and Turner",2023-06-20,Page,167,72586.56,Received,2024-11-02T06:37:45
761,PO-20761,Hawkins Group,2024-07-20,None,805,101935.23,Pending,2025-09-09T02:19:58
762,PO-20762,"Davis, Harris and Hernandez",2024-11-30,Rich,751,191293.49,Pending,2024-12-11T17:45:34
763,PO-20763,Schultz Inc,2023-01-12,Take,951,185841.81,Received,2024-02-05T11:10:19
764,PO-20764,Ross PLC,2023-11-26,Allow,527,24008.42,Pending,2024-08-29T04:53:06
765,PO-20765,Davis-Fox,2025-04-06,Themselves,997,154120.67,Cancelled,2024-01-05T01:09:04
766,PO-20766,"Matthews, Schaefer and Ward",2023-10-26,Really,645,131710.08,Cancelled,2023-05-13T13:24:25
767,PO-20767,Cunningham-Campos,2024-02-25,Color,677,66243.33,Cancelled,2023-04-30T05:32:39
768,PO-20768,"Boone, Jones and Price",2024-09-22,Voice,813,171492.83,Cancelled,2024-05-15T05:44:44
769,PO-20769,Olson-Durham,2025-08-20,Wife,982,86538.46,Pending,2024-04-26T01:38:51
770,PO-20770,Nelson and Sons,2025-01-31,Room,720,52828.97,Pending,2023-03-23T14:09:10
771,PO-20771,Cherry-Kennedy,2024-07-01,View,271,6307.85,Received,2025-03-04T13:04:06
772,PO-20772,Cochran Inc,2023-05-16,Practice,519,113301.01,Pending,2024-04-02T13:47:36
773,PO-20773,Hall Group,2024-05-06,Final,239,164122.80,Received,2023-04-12T14:30:36
774,PO-20774,Ruiz Group,2025-01-09,Term,610,12726.27,Cancelled,2023-03-14T09:49:03
775,PO-20775,Henry-Jackson,2025-04-18,Major,683,124932.61,Cancelled,2025-04-30T22:51:18
776,PO-20776,Sanchez Inc,2025-07-18,Partner,991,62907.52,Received,2025-10-20T06:31:19
777,PO-20777,Martinez and Sons,2025-07-01,At,161,169816.04,Cancelled,2022-11-08T11:12:49
778,PO-20778,Cole LLC,2025-07-15,Blue,160,122297.33,Received,2025-09-28T23:00:14
779,PO-20779,Clayton-Price,2025-01-29,Human,806,6704.77,Received,2025-06-16T10:42:23
780,PO-20780,Flores Group,2023-09-13,Couple,646,117077.98,Cancelled,2024-02-23T12:36:35
781,PO-20781,Ruiz Ltd,2022-11-22,Opportunity,291,71059.13,Received,2025-08-15T15:50:08
782,PO-20782,Ritter Group,2023-06-20,Dog,936,62903.49,Received,2025-03-04T08:21:32
783,PO-20783,Garcia-Bush,2023-10-20,Paper,140,31591.46,Pending,2025-01-02T14:52:40
784,PO-20784,Mclean Group,2024-07-03,Phone,330,58921.18,Cancelled,2023-09-30T05:51:31
785,PO-20785,"Bowman, Richardson and Adams",2024-01-03,Budget,743,180974.68,Pending,2024-11-13T15:34:06
786,PO-20786,Kemp Inc,2024-12-04,Expect,861,156923.39,Cancelled,2023-04-22T01:51:43
787,PO-20787,Jacobson-Pratt,2023-11-05,Science,114,37203.57,Cancelled,2024-06-12T17:35:40
788,PO-20788,"Ward, Fisher and Garcia",2024-02-16,Right,673,137790.65,Cancelled,2025-08-08T14:45:11
789,PO-20789,Peterson-Frost,2024-09-26,Republican,577,80456.55,Pending,2023-05-15T19:46:10
790,PO-20790,Eaton Inc,2023-11-04,Air,255,130407.06,Cancelled,2025-02-20T04:59:05
791,PO-20791,Richards-Anderson,2024-12-25,New,886,137377.19,Received,2024-04-18T08:17:31
792,PO-20792,"Simmons, Castillo and Kline",2023-03-01,Live,30,168774.73,Received,2023-09-22T02:32:14
793,PO-20793,Barron Group,2025-06-16,Probably,765,43140.65,Pending,2023-11-24T23:33:25
794,PO-20794,Lambert-Morgan,2024-02-12,Tax,53,755.09,Pending,2024-01-19T15:25:27
795,PO-20795,Davis Inc,2024-03-29,Method,452,17147.78,Cancelled,2024-07-18T06:56:14
796,PO-20796,Crawford Inc,2025-10-31,Attorney,363,193268.42,Received,2023-03-10T08:32:47
797,PO-20797,"Mcneil, Dorsey and Ryan",2024-04-05,Bank,897,165901.21,Received,2025-10-17T00:05:23
798,PO-20798,"Miller, Huffman and Brown",2024-05-05,Issue,194,26557.31,Received,2025-07-28T22:40:41
799,PO-20799,Stewart and Sons,2025-01-29,Herself,665,166087.81,Received,2024-04-12T18:55:15
800,PO-20800,Chan Inc,2024-09-04,Area,875,82826.66,Pending,2024-10-13T02:13:01
801,PO-20801,"Ray, Long and Jackson",2025-04-15,Small,897,69619.33,Received,2024-06-14T01:19:12
802,PO-20802,"Jensen, Hall and Neal",2024-09-08,Want,651,169482.65,Received,2023-08-20T17:40:15
803,PO-20803,Cooley PLC,2025-04-21,Trial,277,159190.49,Cancelled,2023-12-29T13:25:35
804,PO-20804,"Peterson, Washington and Rice",2025-08-05,Game,386,41067.69,Received,2023-10-12T16:48:07
805,PO-20805,Davis-Reed,2023-07-31,Mention,837,98301.59,Pending,2024-08-21T21:53:37
806,PO-20806,Matthews-Buck,2025-05-04,Detail,659,3310.36,Received,2024-12-31T19:39:11
807,PO-20807,Boyd and Sons,2023-08-01,Lawyer,403,48706.16,Cancelled,2023-01-21T01:22:26
808,PO-20808,Garcia-Ritter,2025-01-15,It,438,133581.66,Pending,2025-10-02T04:25:45
809,PO-20809,"Chandler, Smith and Reyes",2025-08-01,Unit,131,77226.61,Cancelled,2023-04-01T10:34:13
810,PO-20810,Santos Group,2024-01-15,Small,466,165570.21,Cancelled,2024-02-28T21:19:25
811,PO-20811,"Mcguire, Rivera and Thompson",2025-03-27,Each,468,66747.71,Cancelled,2023-05-02T18:13:45
812,PO-20812,King-Bailey,2023-10-28,Pay,265,181577.83,Pending,2022-12-28T17:46:27
813,PO-20813,Avila-Brown,2023-02-16,Which,342,45314.68,Pending,2023-01-19T13:57:08
814,PO-20814,Jones-Morton,2025-05-28,Position,545,125379.73,Received,2024-02-17T01:53:05
815,PO-20815,Sanchez Inc,2023-01-10,Must,340,109261.69,Pending,2025-10-06T10:27:28
816,PO-20816,Rogers Ltd,2025-06-03,Ground,191,101392.13,Cancelled,2025-07-05T11:56:35
817,PO-20817,"Fleming, Duncan and Ramirez",2024-02-25,Third,481,78083.79,Pending,2025-09-16T08:04:14
818,PO-20818,Jenkins LLC,2023-04-15,House,457,31419.83,Received,2024-10-02T14:21:40
819,PO-20819,Black PLC,2023-12-26,Policy,908,83491.38,Pending,2023-02-09T21:43:37
820,PO-20820,"Miller, Jones and Jenkins",2023-07-09,Hair,252,175525.42,Pending,2022-12-06T16:03:33
821,PO-20821,Galloway-Hogan,2023-03-21,Grow,1,152522.80,Cancelled,2024-04-18T23:02:12
822,PO-20822,Moore-Guzman,2023-04-25,Current,965,159207.21,Pending,2024-05-14T15:58:20
823,PO-20823,"Riddle, Yu and Watts",2025-01-25,Do,824,105651.17,Pending,2023-11-01T16:07:20
824,PO-20824,Estrada PLC,2024-03-11,Couple,861,47158.98,Pending,2024-07-17T13:08:30
825,PO-20825,"Daniels, Johnson and Estes",2025-06-16,Yourself,489,17328.46,Cancelled,2023-01-13T20:52:14
826,PO-20826,Greene Group,2024-10-11,Campaign,276,134321.64,Cancelled,2023-08-11T15:22:41
827,PO-20827,Case-Bell,2024-02-11,Pattern,580,89007.88,Received,2025-04-10T02:49:37
828,PO-20828,"Smith, Smith and Smith",2025-07-10,Such,16,168999.90,Pending,2024-03-04T07:40:16
829,PO-20829,"Casey, Harris and Walker",2023-02-25,Plan,619,95374.37,Received,2025-09-13T03:13:56
830,PO-20830,"Brooks, Roberts and Boyd",2023-06-30,Modern,274,189721.08,Received,2024-12-23T05:07:54
831,PO-20831,Campbell Inc,2023-12-30,Rest,52,160379.37,Cancelled,2024-02-06T01:31:35
832,PO-20832,"Caldwell, Sanchez and White",2023-02-06,Pretty,485,132018.86,Pending,2022-11-10T20:54:46
833,PO-20833,Lopez-Sullivan,2025-01-31,Much,656,34767.41,Received,2025-05-30T10:59:58
834,PO-20834,Dixon-Roth,2023-08-21,Benefit,235,159973.19,Received,2024-08-26T19:11:48
835,PO-20835,Smith-Patel,2024-01-19,Senior,109,19438.08,Received,2023-09-24T00:40:40
836,PO-20836,Jones-Shelton,2023-09-19,Other,641,66910.09,Received,2023-02-25T19:34:43
837,PO-20837,Elliott-Robertson,2023-08-17,Reduce,645,6068.85,Pending,2022-11-30T23:00:21
838,PO-20838,"Brooks, Bailey and Hernandez",2024-02-01,Rich,971,87881.98,Cancelled,2023-09-09T22:45:50
839,PO-20839,"Garza, Humphrey and Smith",2025-09-03,Cup,745,36941.82,Pending,2025-10-18T19:11:16
840,PO-20840,Bryan-Lam,2025-10-25,Lead,371,110514.97,Pending,2023-07-09T21:50:13
841,PO-20841,Garza-Morris,2025-04-06,Republican,235,184926.20,Cancelled,2023-10-01T15:11:15
842,PO-20842,Roberts-Lucas,2023-10-28,Throw,998,130429.19,Pending,2025-02-13T00:10:59
843,PO-20843,Ellison Ltd,2024-09-29,Write,609,70182.40,Pending,2024-07-25T04:19:50
844,PO-20844,Dorsey-Boyer,2024-11-10,High,77,153694.68,Cancelled,2025-04-03T09:19:37
845,PO-20845,Ryan-Bradley,2023-09-21,Particular,636,64690.82,Cancelled,2025-04-24T04:28:09
846,PO-20846,Page-Sullivan,2025-08-05,Fast,860,161880.90,Received,2025-01-21T18:19:22
847,PO-20847,Perez LLC,2025-10-17,Behind,824,25526.83,Pending,2025-10-22T17:46:03
848,PO-20848,"Klein, Nichols and Miller",2025-03-05,Address,270,65516.99,Pending,2025-10-25T03:46:51
849,PO-20849,Melton-Rodriguez,2025-05-12,Training,852,162941.89,Cancelled,2023-04-05T23:18:37
850,PO-20850,Turner Group,2024-02-27,Southern,433,5879.21,Received,2025-09-04T17:15:58
851,PO-20851,Johnson-Graham,2023-01-28,Mention,804,15038.07,Cancelled,2025-09-12T16:51:16
852,PO-20852,"Rodriguez, Hodges and Becker",2022-12-08,From,880,43410.17,Received,2025-09-15T06:11:35
853,PO-20853,Smith Inc,2024-12-20,Could,393,161567.16,Pending,2025-07-25T14:49:03
854,PO-20854,"Marsh, Ayers and Thomas",2023-09-25,Personal,674,174860.82,Pending,2025-09-19T10:54:49
855,PO-20855,Edwards Group,2025-09-04,Form,394,152537.18,Received,2023-12-22T18:47:58
856,PO-20856,Cordova-Long,2024-10-19,Last,55,185916.59,Cancelled,2023-01-29T05:11:35
857,PO-20857,"Donaldson, Johnson and Golden",2023-02-06,Must,898,12029.69,Received,2024-07-25T19:33:43
858,PO-20858,Jones-Yang,2024-11-28,Employee,297,5644.01,Pending,2023-09-13T04:06:26
859,PO-20859,"Key, Walker and Jones",2024-10-26,Agreement,91,108101.80,Pending,2025-05-08T09:31:02
860,PO-20860,"Cobb, Massey and Gross",2023-10-10,For,565,146019.04,Pending,2022-12-24T20:15:40
861,PO-20861,Jones LLC,2023-11-30,Present,848,139563.85,Pending,2023-03-30T09:35:38
862,PO-20862,"Drake, Clements and Malone",2024-10-07,Mention,676,58818.89,Received,2023-01-14T11:54:16
863,PO-20863,"Ramirez, Nelson and Rodriguez",2023-07-11,Low,42,90894.63,Pending,2024-01-13T07:20:37
864,PO-20864,Hendrix-Santos,2023-12-26,Sort,280,40468.14,Cancelled,2023-06-24T21:56:00
865,PO-20865,"Horn, Allen and Willis",2024-02-16,Deal,579,177601.14,Pending,2024-07-18T00:43:00
866,PO-20866,Butler Inc,2023-04-03,Alone,329,45063.01,Received,2024-04-13T16:46:37
867,PO-20867,Benitez Ltd,2025-06-30,Wait,195,147748.41,Received,2023-04-29T02:08:14
868,PO-20868,Rodriguez Ltd,2023-01-18,Get,444,21871.35,Cancelled,2023-03-26T04:09:00
869,PO-20869,Perez LLC,2022-12-27,Consumer,367,31302.90,Received,2024-10-15T16:44:03
870,PO-20870,Cook LLC,2023-03-28,Already,667,141888.66,Pending,2025-06-10T01:01:56
871,PO-20871,Warner LLC,2023-09-18,Really,255,186312.79,Pending,2023-04-05T03:57:33
872,PO-20872,"Floyd, Barry and Stuart",2022-11-26,Newspaper,301,175702.88,Pending,2024-06-20T21:51:08
873,PO-20873,Glass-Diaz,2024-05-03,Land,142,82990.78,Cancelled,2024-11-19T19:05:37
874,PO-20874,Mcmahon-Brooks,2023-06-15,Them,580,26692.27,Received,2023-02-06T03:18:49
875,PO-20875,Vincent Ltd,2025-02-15,Note,379,107928.71,Pending,2024-01-09T22:56:33
876,PO-20876,Diaz-Bowman,2024-07-19,Drop,336,189239.11,Pending,2025-04-20T11:44:42
877,PO-20877,Brown LLC,2024-03-10,Gas,484,48010.98,Pending,2023-04-13T06:58:16
878,PO-20878,Wright LLC,2025-10-23,Piece,870,192626.48,Cancelled,2023-03-19T13:39:11
879,PO-20879,Robles Inc,2025-02-21,Foot,974,123296.29,Cancelled,2025-04-25T19:41:21
880,PO-20880,"Russell, Ruiz and Fitzgerald",2024-08-15,Rather,560,64804.62,Pending,2023-11-30T16:39:34
881,PO-20881,"Mack, Clark and Hawkins",2024-07-06,Against,734,185185.89,Cancelled,2024-04-02T01:52:52
882,PO-20882,Todd-Scott,2024-11-28,Detail,275,65042.37,Received,2025-01-13T22:39:01
883,PO-20883,"Burke, Garza and Hayden",2023-11-11,Table,523,125886.12,Received,2023-09-07T14:55:59
884,PO-20884,Fuller Ltd,2025-07-25,Character,450,10375.17,Cancelled,2024-08-27T19:45:01
885,PO-20885,Young Inc,2023-07-25,Fund,873,43084.04,Pending,2023-01-13T14:24:51
886,PO-20886,"Ward, Harris and Armstrong",2023-08-03,Break,635,74992.12,Cancelled,2025-02-14T20:45:03
887,PO-20887,Norris-Reyes,2024-12-11,Car,682,117970.16,Received,2023-11-19T04:50:37
888,PO-20888,Parks-Thompson,2025-01-10,Professional,579,20794.23,Cancelled,2025-04-20T20:09:33
889,PO-20889,"Gibson, Frazier and Williams",2023-04-28,Leave,250,118895.75,Received,2023-04-22T09:55:23
890,PO-20890,"Brown, Garza and Salazar",2023-03-21,Seek,892,51391.51,Cancelled,2023-02-13T04:04:22
891,PO-20891,"Nunez, Martinez and Wilson",2024-03-06,Attention,793,195280.39,Received,2022-12-01T00:30:41
892,PO-20892,Williams-Payne,2022-11-12,Focus,632,43572.39,Received,2023-05-10T15:48:25
893,PO-20893,Boyer-Wilkinson,2023-12-08,Response,668,138985.95,Received,2025-02-20T02:33:13
894,PO-20894,Huffman PLC,2023-02-13,Movie,337,90941.54,Cancelled,2025-03-02T07:16:16
895,PO-20895,Peterson-Craig,2023-06-13,Board,269,50126.95,Cancelled,2023-07-24T22:06:26
896,PO-20896,"Burke, Martinez and Higgins",2024-08-21,Often,737,12438.25,Pending,2024-02-20T22:54:59
897,PO-20897,Gilbert and Sons,2023-09-16,Debate,829,150076.38,Pending,2025-03-10T20:50:43
898,PO-20898,"Sherman, Osborne and Anderson",2023-05-04,Early,492,163319.19,Received,2024-07-16T22:00:18
899,PO-20899,Blevins-Caldwell,2024-11-25,Agreement,118,175696.33,Received,2024-08-29T09:53:42
900,PO-20900,"Hughes, Villarreal and Morgan",2023-06-23,Operation,672,77265.03,Received,2023-03-27T00:36:26
901,PO-20901,Warner-English,2024-07-11,Image,943,137502.40,Cancelled,2024-06-20T10:37:55
902,PO-20902,Alvarez Inc,2025-08-21,Upon,692,186102.38,Cancelled,2025-03-08T15:56:39
903,PO-20903,Robinson Ltd,2024-07-01,Look,433,2668.03,Pending,2024-12-15T12:21:17
904,PO-20904,Castillo PLC,2022-11-07,Allow,79,101555.84,Received,2022-12-29T13:12:40
905,PO-20905,Rogers-Robinson,2025-10-12,Study,419,167023.61,Pending,2024-12-14T18:59:20
906,PO-20906,"Martin, Yang and Mcpherson",2024-02-22,Continue,33,102161.15,Cancelled,2024-02-12T08:49:51
907,PO-20907,"Mccoy, Moore and Walker",2023-11-24,Station,729,120117.56,Pending,2024-05-18T01:39:24
908,PO-20908,"Sanchez, Wright and White",2024-09-13,South,712,129612.39,Pending,2024-01-22T10:28:15
909,PO-20909,Sanford PLC,2024-11-25,Ground,485,105630.73,Pending,2024-10-09T13:35:34
910,PO-20910,"Hernandez, Eaton and Wise",2024-07-09,Do,114,8837.08,Received,2023-05-11T16:57:06
911,PO-20911,Brown-Lambert,2025-10-18,Analysis,4,101753.34,Cancelled,2025-02-24T07:38:43
912,PO-20912,"Glenn, Watts and Martinez",2025-09-07,Peace,275,55467.56,Received,2023-01-11T01:18:20
913,PO-20913,"Strickland, Walker and Carr",2025-09-01,Everybody,262,63219.24,Pending,2024-06-12T20:06:37
914,PO-20914,Wilson Group,2024-05-31,Opportunity,794,198259.23,Cancelled,2024-04-04T11:34:51
915,PO-20915,"Anderson, Hill and Jacobson",2024-03-28,Less,138,69855.34,Received,2024-06-04T03:10:52
916,PO-20916,"Scott, Solis and Alvarez",2024-08-14,Law,138,17923.07,Cancelled,2024-12-15T11:04:20
917,PO-20917,Mitchell PLC,2023-07-21,Economy,66,112590.57,Received,2023-03-18T07:24:56
918,PO-20918,"Lutz, Chapman and Snyder",2025-06-04,Politics,78,191635.34,Pending,2023-05-17T07:27:07
919,PO-20919,Cain-Torres,2024-02-10,Stay,8,113674.63,Received,2023-08-17T09:49:35
920,PO-20920,"Smith, Boyd and Schmidt",2024-12-31,Reduce,744,137269.27,Pending,2023-08-16T18:29:14
921,PO-20921,"Bridges, Watson and Santiago",2022-11-16,Avoid,412,70752.24,Cancelled,2023-02-14T09:03:05
922,PO-20922,Lambert-Gutierrez,2022-12-29,Focus,656,187174.97,Pending,2024-06-09T04:08:10
923,PO-20923,Schultz-Hernandez,2025-01-29,Season,417,68319.36,Pending,2025-03-14T03:18:23
924,PO-20924,Russo-Bell,2022-11-26,Require,308,161115.81,Pending,2024-08-27T10:14:30
925,PO-20925,"Ortiz, Beltran and Sparks",2023-12-16,Prove,697,175595.78,Pending,2025-10-03T09:05:24
926,PO-20926,Davis LLC,2023-05-25,Message,871,81.55,Cancelled,2025-04-14T03:32:09
927,PO-20927,"Miller, Wilson and Huynh",2023-01-27,Sit,525,108455.15,Cancelled,2023-07-07T01:12:47
928,PO-20928,"Bowman, Rodriguez and Mack",2024-11-04,Should,669,194775.49,Received,2022-12-10T05:08:11
929,PO-20929,Harris-King,2024-05-16,Government,658,84299.78,Cancelled,2022-11-18T11:10:40
930,PO-20930,Wilcox PLC,2023-08-09,Lawyer,807,21406.89,Pending,2025-07-03T22:06:24
931,PO-20931,"Gould, Schwartz and Moreno",2023-06-24,Environment,469,179316.32,Pending,2023-05-09T15:51:47
932,PO-20932,"Ramirez, White and Turner",2024-01-21,It,164,35791.47,Received,2025-08-14T00:22:18
933,PO-20933,Edwards-Bowman,2024-03-25,To,334,188422.94,Received,2023-04-26T19:19:58
934,PO-20934,Lyons-Barber,2024-11-01,Partner,808,115912.55,Cancelled,2024-10-02T02:48:12
935,PO-20935,Mendoza-Fisher,2025-10-06,Hotel,702,38021.79,Received,2023-06-25T17:04:40
936,PO-20936,Hunter PLC,2024-05-21,Success,578,46367.23,Received,2023-03-27T05:53:56
937,PO-20937,"Mccall, Blake and Wright",2023-03-21,Can,550,111730.81,Cancelled,2025-03-21T03:10:27
938,PO-20938,Reed Inc,2025-04-27,Reason,46,144234.14,Received,2025-05-10T14:58:18
939,PO-20939,Patterson and Sons,2023-01-14,Particular,206,28667.59,Received,2025-03-25T00:30:34
940,PO-20940,Hill-Yoder,2025-06-07,Quickly,883,184889.34,Cancelled,2025-03-20T14:29:05
941,PO-20941,"Young, Reed and Patterson",2025-09-18,Attack,872,14473.93,Cancelled,2023-05-02T00:06:30
942,PO-20942,"Parker, Hartman and Gonzalez",2023-06-01,Chance,623,144465.93,Pending,2025-10-05T12:32:11
943,PO-20943,"Hamilton, Matthews and Mcpherson",2024-11-12,Middle,459,191487.95,Received,2024-07-22T16:25:30
944,PO-20944,Huffman-Henry,2024-05-27,Instead,253,17726.44,Pending,2025-04-09T16:12:14
945,PO-20945,"Meza, Deleon and Barr",2023-09-14,Deal,813,34041.80,Received,2023-06-12T22:37:45
946,PO-20946,"Williams, Blair and Jones",2024-10-25,Your,707,162138.51,Received,2025-09-04T03:18:04
947,PO-20947,Sanchez and Sons,2025-04-11,Claim,676,63714.69,Cancelled,2023-02-28T10:29:43
948,PO-20948,Chapman Ltd,2024-01-18,Involve,225,41724.04,Cancelled,2023-02-22T21:30:55
949,PO-20949,Howard-Weeks,2024-01-27,Learn,322,22906.98,Received,2024-08-28T04:27:44
950,PO-20950,"Bradley, Brown and Ellis",2025-10-04,Race,684,13651.56,Received,2024-06-27T02:36:08
951,PO-20951,Lewis and Sons,2024-02-26,There,589,54852.70,Cancelled,2022-12-17T03:05:15
952,PO-20952,"Short, Park and Cook",2024-01-29,Often,21,99001.36,Received,2024-09-08T22:31:22
953,PO-20953,"Graves, Jones and Charles",2023-01-10,List,892,170117.31,Pending,2024-06-27T06:16:14
954,PO-20954,"Taylor, Mcguire and Flowers",2025-02-13,Gas,233,117549.01,Cancelled,2023-10-28T03:31:32
955,PO-20955,Krause Ltd,2023-07-05,Discuss,833,166625.03,Cancelled,2024-02-12T02:33:10
956,PO-20956,"Hubbard, Brown and Jenkins",2024-03-28,Wear,550,194560.63,Pending,2024-05-24T07:18:41
957,PO-20957,Adams Inc,2023-06-22,Finally,538,193681.21,Pending,2024-07-08T09:58:45
958,PO-20958,Clark-Thomas,2025-08-31,Treatment,99,151323.20,Cancelled,2024-03-21T17:07:18
959,PO-20959,Davidson-Mendoza,2025-02-09,Fall,769,9441.82,Received,2024-05-29T23:42:55
960,PO-20960,Reyes Group,2022-12-21,Recognize,876,154526.23,Cancelled,2023-03-18T16:23:14
961,PO-20961,"Torres, Johnson and Johnson",2025-10-25,Sister,33,64866.10,Cancelled,2022-12-15T00:46:32
962,PO-20962,Curry PLC,2024-01-08,Number,943,72728.04,Received,2024-04-24T15:13:44
963,PO-20963,"Gonzalez, Smith and Kaiser",2025-10-01,In,549,131673.25,Cancelled,2024-01-10T09:43:50
964,PO-20964,Brock-Cox,2025-10-17,Office,701,92658.22,Pending,2024-10-17T02:00:26
965,PO-20965,Smith-Carter,2023-10-01,Rather,258,28862.21,Pending,2023-12-09T13:40:40
966,PO-20966,Rogers-Vasquez,2024-07-24,Court,709,87626.29,Received,2024-03-12T08:14:19
967,PO-20967,Brown-Carlson,2025-04-08,Science,417,118663.91,Received,2023-06-27T07:42:34
968,PO-20968,"Sanchez, Walker and Collins",2024-02-27,Speak,490,143067.08,Pending,2023-03-29T19:13:44
969,PO-20969,Bailey LLC,2024-02-15,Amount,861,74679.80,Received,2025-09-03T15:51:56
970,PO-20970,"Parker, Singh and Thomas",2024-10-28,Message,602,78498.66,Pending,2024-05-18T06:47:03
971,PO-20971,Parker LLC,2024-07-21,Watch,922,163749.75,Received,2025-02-20T21:05:24
972,PO-20972,Velez-Blair,2023-03-17,Figure,804,1565.55,Cancelled,2024-04-17T10:23:42
973,PO-20973,Roberts-Miller,2024-12-13,Believe,650,93936.57,Received,2024-07-26T17:25:34
974,PO-20974,"Miller, Schwartz and Chandler",2024-04-06,Body,860,25456.87,Cancelled,2024-08-09T22:41:22
975,PO-20975,Pena-Smith,2024-07-28,Recently,30,72186.14,Pending,2023-12-21T18:51:31
976,PO-20976,"Li, Lowery and Mclean",2025-03-18,Fact,1000,31212.46,Received,2022-12-28T12:11:47
977,PO-20977,Baker Ltd,2025-02-13,Operation,873,168344.23,Received,2025-04-20T01:11:36
978,PO-20978,Smith-Trujillo,2025-03-17,Actually,185,120620.10,Cancelled,2025-04-18T12:02:27
979,PO-20979,Larson-Guerrero,2024-06-12,Home,919,77245.82,Cancelled,2024-07-28T22:26:34
980,PO-20980,"Thompson, Thornton and Good",2024-07-24,Business,787,137672.32,Received,2024-07-27T07:19:24
981,PO-20981,Rice LLC,2024-10-16,Mention,235,53059.02,Cancelled,2025-10-22T14:52:42
982,PO-20982,"Lynch, Bryan and Romero",2023-10-05,Rate,578,173840.31,Cancelled,2023-03-18T15:32:52
983,PO-20983,"Walker, Smith and Hughes",2024-11-22,Which,828,53145.80,Received,2024-10-24T21:00:35
984,PO-20984,Wilson Ltd,2023-10-10,Them,556,64952.67,Cancelled,2025-03-02T00:20:57
985,PO-20985,Arnold-Bailey,2025-04-05,Top,299,58154.66,Pending,2023-01-27T17:57:38
986,PO-20986,Carter-Nunez,2024-03-03,Positive,646,130886.53,Cancelled,2025-02-08T19:51:26
987,PO-20987,Moore-Guerrero,2024-06-25,Accept,979,132189.70,Cancelled,2023-09-16T23:13:03
988,PO-20988,Hanson Group,2024-09-01,Under,540,114893.51,Cancelled,2025-03-17T23:17:10
989,PO-20989,Holt-Thomas,2025-08-13,Dark,995,121096.31,Pending,2023-09-30T17:20:08
990,PO-20990,"Perkins, Little and Rhodes",2024-01-24,Sign,150,14109.73,Pending,2023-10-01T05:06:07
991,PO-20991,Jones LLC,2024-08-17,Rate,688,165565.53,Cancelled,2023-05-11T05:48:46
992,PO-20992,Hoffman Group,2024-05-09,Church,235,37763.79,Pending,2024-03-20T16:32:15
993,PO-20993,"Turner, Butler and Sosa",2024-04-14,Lawyer,944,55619.58,Pending,2024-05-07T12:01:36
994,PO-20994,"Johnson, Spencer and Ellison",2022-12-23,Bring,98,95699.55,Received,2024-11-23T02:30:09
995,PO-20995,Robinson-Ford,2024-12-03,Ask,216,59964.97,Cancelled,2023-02-02T22:07:34
996,PO-20996,"Edwards, Montgomery and Smith",2025-03-06,My,545,155799.89,Received,2024-08-27T05:28:05
997,PO-20997,"Harris, Brown and Garcia",2025-07-06,Bad,258,174009.36,Cancelled,2025-07-18T23:24:38
998,PO-20998,Wagner Group,2023-04-11,Put,15,56678.67,Received,2025-03-28T23:22:08
999,PO-20999,Peters-Stewart,2023-12-31,Better,173,51678.58,Received,2024-06-26T19:38:35
1000,PO-21000,"Morgan, Walton and Olson",2022-12-17,After,702,153187.23,Cancelled,2025-08-24T18:23:49
1001,PO-21001,Gay PLC,2023-04-13,Relationship,299,199388.42,Pending,2023-05-17T17:45:11
1002,PO-21002,Wilkinson-Smith,2023-07-29,Course,415,186351.68,Pending,2024-11-19T03:46:17
1003,PO-21003,Wang-Gonzales,2025-08-08,Prevent,435,144968.42,Cancelled,2024-01-10T01:56:20
1004,PO-21004,Matthews PLC,2025-06-05,Past,738,150283.75,Received,2024-01-15T23:46:21
1005,PO-21005,"Gray, Murray and Walton",2023-10-17,Shoulder,864,19088.71,Pending,2024-07-18T05:42:24
1006,PO-21006,Pierce LLC,2025-10-10,Reach,55,12527.40,Pending,2024-04-19T01:37:02
1007,PO-21007,Gilbert LLC,2024-04-21,Figure,452,117259.53,Received,2024-08-04T20:19:23
1008,PO-21008,Green-Patrick,2024-06-29,Really,1000,167230.53,Received,2023-08-09T23:45:12
1009,PO-21009,Vaughan Ltd,2024-08-03,Three,273,159578.69,Pending,2024-03-19T01:02:26
1010,PO-21010,"Lopez, Jensen and Swanson",2024-09-09,Than,136,149721.77,Pending,2025-06-27T05:34:28
1011,PO-21011,"Moore, Gross and Davis",2022-12-15,Treatment,436,160724.39,Cancelled,2023-02-25T22:41:33
1012,PO-21012,"Walker, Ortega and Ray",2023-09-20,After,405,4344.59,Cancelled,2024-08-01T00:15:55
1013,PO-21013,"Gonzalez, Dunlap and Shaw",2024-05-20,Toward,776,100147.98,Cancelled,2024-08-05T10:00:18
1014,PO-21014,"Terry, Bruce and Richardson",2025-03-13,Site,852,107094.86,Received,2023-07-29T04:58:31
1015,PO-21015,Jones Group,2024-12-24,Because,429,118718.70,Pending,2022-12-27T16:46:47
1016,PO-21016,Walker-Evans,2023-03-25,Truth,771,26397.12,Cancelled,2025-04-17T04:07:37
1017,PO-21017,"Johnson, Jones and Martin",2024-01-12,Skill,683,116321.36,Cancelled,2023-09-16T16:39:47
1018,PO-21018,White LLC,2024-02-14,Expect,510,10473.54,Cancelled,2023-04-25T18:52:29
1019,PO-21019,Nguyen-Edwards,2024-02-29,Employee,515,2384.00,Pending,2023-11-20T04:47:36
1020,PO-21020,Bailey LLC,2023-09-10,Cause,283,30115.76,Pending,2023-08-11T02:41:35
1021,PO-21021,Stevens-Cruz,2025-05-04,Prevent,489,65934.61,Pending,2023-06-01T16:21:57
1022,PO-21022,"Moore, Leonard and Yu",2024-10-02,Wrong,985,151025.26,Cancelled,2024-11-27T00:13:17
1023,PO-21023,Thomas-Novak,2024-04-13,Between,456,174257.06,Pending,2023-10-05T08:28:18
1024,PO-21024,Taylor Group,2023-06-14,Political,156,75877.35,Cancelled,2025-10-10T11:02:57
1025,PO-21025,Garcia Inc,2022-11-24,Increase,434,154982.29,Received,2023-10-13T11:37:19
1026,PO-21026,Doyle-Parker,2023-01-10,Commercial,954,89026.44,Received,2023-01-21T17:27:52
1027,PO-21027,"Harris, Wilson and Lee",2025-01-10,Well,635,63055.18,Cancelled,2024-04-19T17:35:04
1028,PO-21028,Swanson Inc,2023-10-27,Popular,714,192113.64,Received,2025-01-27T19:22:38
1029,PO-21029,Walker Group,2025-07-04,Firm,998,12455.54,Cancelled,2025-07-01T17:09:34
1030,PO-21030,"Kim, Hall and Johnson",2025-10-13,Interest,333,142921.53,Pending,2023-01-22T03:25:34
1031,PO-21031,"Rubio, Jones and Shaffer",2024-11-18,Crime,542,74350.19,Cancelled,2024-11-03T18:16:52
1032,PO-21032,"Cooper, Vaughn and Baker",2022-11-10,Fast,331,151784.78,Cancelled,2022-12-05T17:51:51
1033,PO-21033,Wagner and Sons,2023-01-04,Become,70,142395.24,Cancelled,2023-06-12T07:53:16
1034,PO-21034,King Group,2023-11-27,Top,399,70062.29,Received,2024-08-04T05:35:25
1035,PO-21035,Hernandez PLC,2024-03-25,Light,919,99293.64,Cancelled,2023-05-24T04:12:50
1036,PO-21036,Osborne and Sons,2024-10-27,Early,173,191828.62,Pending,2025-08-27T11:12:14
1037,PO-21037,Foster and Sons,2025-02-14,Talk,452,13079.26,Cancelled,2023-05-13T18:46:16
1038,PO-21038,Perez PLC,2024-08-09,Per,978,170484.08,Pending,2023-06-20T08:42:02
1039,PO-21039,"Andrade, Kemp and Dudley",2024-03-28,Gun,416,18593.51,Pending,2025-02-16T11:08:11
1040,PO-21040,"Kelly, Frazier and Mcmillan",2023-04-22,Pay,526,83819.24,Pending,2024-08-30T04:50:31
1041,PO-21041,Allen PLC,2024-06-06,Order,682,117028.20,Cancelled,2024-07-26T16:11:47
1042,PO-21042,Elliott-Cooper,2023-05-25,Enjoy,247,171624.79,Cancelled,2023-10-25T20:35:33
1043,PO-21043,"Gray, Torres and Hughes",2023-11-16,Skill,765,160039.32,Pending,2025-07-05T13:38:07
1044,PO-21044,Rodriguez-Chapman,2025-10-15,World,904,5468.25,Pending,2024-12-06T20:15:31
1045,PO-21045,Sexton-Barton,2023-11-12,Because,791,87433.85,Cancelled,2025-06-09T14:02:20
1046,PO-21046,Griffin-Acosta,2022-11-26,Matter,668,175303.72,Received,2025-01-10T05:30:15
1047,PO-21047,Velez-Lambert,2024-06-25,Half,474,15691.96,Pending,2025-05-04T08:26:27
1048,PO-21048,Sutton Ltd,2023-05-09,Policy,138,133198.08,Cancelled,2025-10-20T21:00:55
1049,PO-21049,"Sullivan, Jones and Herrera",2024-12-31,Build,94,140207.10,Cancelled,2024-05-03T07:15:44
1050,PO-21050,"Peterson, Jones and Glenn",2023-10-25,Foot,418,41797.86,Cancelled,2023-10-23T21:37:48
1051,PO-21051,Smith-Palmer,2023-12-13,Station,903,18057.20,Pending,2023-07-11T17:32:01
1052,PO-21052,Morgan-Perkins,2023-10-14,Woman,864,7148.33,Cancelled,2023-03-18T02:19:40
1053,PO-21053,Stevenson PLC,2023-07-22,Upon,992,192145.00,Received,2024-10-22T01:35:27
1054,PO-21054,"Wagner, Chandler and Smith",2023-09-30,Most,900,28764.16,Received,2025-10-28T12:35:29
1055,PO-21055,"Hernandez, Anderson and Curry",2024-02-04,Notice,658,184025.88,Cancelled,2025-08-16T08:38:13
1056,PO-21056,Silva-Clay,2024-03-27,Interesting,118,133657.22,Pending,2025-05-07T14:36:47
1057,PO-21057,Rivera Inc,2025-01-26,Under,976,149509.96,Cancelled,2022-11-15T08:52:50
1058,PO-21058,Williamson-Wright,2024-06-16,Fast,617,172662.51,Pending,2024-07-11T14:59:33
1059,PO-21059,Barron-Lopez,2023-11-25,School,8,68752.67,Pending,2023-05-18T07:34:50
1060,PO-21060,"Moore, Travis and Roberts",2023-01-29,Former,959,107827.28,Cancelled,2025-10-26T13:28:55
1061,PO-21061,Palmer Ltd,2024-01-24,Song,390,33099.43,Received,2023-12-10T06:52:41
1062,PO-21062,"Wyatt, Wong and Olsen",2023-06-18,Successful,4,56186.02,Received,2022-11-24T02:03:41
1063,PO-21063,Jackson Group,2024-10-22,Member,388,18515.58,Pending,2023-12-12T01:01:04
1064,PO-21064,Romero Ltd,2025-06-21,Itself,36,86979.78,Cancelled,2023-03-15T09:32:49
1065,PO-21065,Fleming Group,2025-04-09,Audience,934,187497.81,Pending,2025-02-21T13:22:51
1066,PO-21066,Crane and Sons,2023-05-14,Movement,587,69544.19,Cancelled,2023-08-26T15:05:56
1067,PO-21067,Perez-Martin,2024-03-30,Argue,878,13658.51,Received,2025-06-23T09:11:20
1068,PO-21068,Guerrero-Merritt,2024-10-10,Structure,94,105863.52,Pending,2025-03-26T21:41:08
1069,PO-21069,"Dixon, Hall and Farley",2024-05-25,Hear,733,29745.62,Cancelled,2025-10-08T12:13:55
1070,PO-21070,Weber Group,2023-04-14,Network,555,86227.47,Pending,2025-06-14T16:19:36
1071,PO-21071,Herrera and Sons,2024-08-28,Power,439,198178.14,Pending,2025-03-24T05:47:10
1072,PO-21072,Walters Inc,2025-01-07,Already,307,71357.48,Cancelled,2025-05-02T09:46:49
1073,PO-21073,"Edwards, Lane and Williams",2024-04-26,Popular,79,110707.17,Cancelled,2025-03-08T22:44:57
1074,PO-21074,"Edwards, Walters and Wheeler",2024-07-03,Trial,492,111838.83,Pending,2024-04-16T03:40:24
1075,PO-21075,"Smith, King and Manning",2024-09-26,Reality,984,45479.21,Received,2024-04-27T12:19:38
1076,PO-21076,"Taylor, Robinson and Gonzalez",2023-12-21,Ask,309,150468.69,Pending,2022-12-01T13:32:11
1077,PO-21077,Cox LLC,2023-12-30,Want,395,129247.60,Pending,2024-12-28T09:09:46
1078,PO-21078,Morris-Smith,2024-06-27,Require,348,13167.20,Pending,2023-12-30T19:02:49
1079,PO-21079,Carrillo LLC,2024-01-09,Forward,777,132143.28,Cancelled,2025-10-02T17:33:46
1080,PO-21080,Martin-Perez,2024-07-30,Every,397,175008.05,Cancelled,2025-07-14T18:51:55
1081,PO-21081,Rangel and Sons,2023-01-19,Tax,988,120619.15,Pending,2023-04-09T23:25:54
1082,PO-21082,"Dixon, Ray and Nelson",2025-09-01,Foot,134,62343.21,Received,2025-02-20T01:00:52
1083,PO-21083,"Ward, Bonilla and Church",2024-06-01,Rest,835,142809.49,Pending,2025-07-28T03:28:59
1084,PO-21084,Robinson-Gordon,2025-04-17,Design,160,16190.69,Cancelled,2024-01-16T17:08:42
1085,PO-21085,"Sanders, Wu and Walters",2024-09-27,Nearly,810,125033.89,Pending,2024-08-24T22:25:59
1086,PO-21086,Atkinson-Rodriguez,2025-10-26,Its,810,161002.21,Cancelled,2023-07-01T13:03:43
1087,PO-21087,Figueroa-Austin,2024-05-20,Give,466,41403.60,Pending,2023-02-16T11:13:43
1088,PO-21088,Smith-Brown,2024-03-16,Successful,700,77292.29,Pending,2024-11-03T22:17:54
1089,PO-21089,"Vargas, Lindsey and Simmons",2024-01-21,Wide,666,31985.95,Cancelled,2025-06-08T10:07:08
1090,PO-21090,"Curtis, Ramos and Matthews",2022-11-10,End,604,88805.65,Cancelled,2023-01-31T00:41:50
1091,PO-21091,Davidson-Alvarez,2023-02-10,Short,368,189447.01,Pending,2023-10-24T08:52:13
1092,PO-21092,Williamson PLC,2024-11-01,National,480,148536.38,Received,2025-05-20T19:08:23
1093,PO-21093,Wood PLC,2025-04-08,Check,377,87161.17,Cancelled,2023-02-20T18:42:29
1094,PO-21094,Hansen Ltd,2024-12-27,Join,762,138097.89,Cancelled,2025-05-04T08:30:55
1095,PO-21095,"Green, Turner and Nelson",2023-12-02,Thus,939,59393.32,Pending,2023-01-05T18:16:46
1096,PO-21096,Foster Ltd,2024-06-02,Investment,23,110041.09,Received,2023-04-18T01:16:59
1097,PO-21097,Garcia-Harris,2024-04-02,Statement,379,27623.01,Received,2022-12-01T11:31:18
1098,PO-21098,Griffith Group,2024-09-23,Fill,130,193688.52,Received,2024-11-14T00:58:50
1099,PO-21099,Gould-Jones,2024-11-29,Foot,624,198087.78,Cancelled,2024-03-15T23:50:22
1100,PO-21100,"Perez, James and Rogers",2025-07-10,Above,7,38647.93,Received,2024-02-07T18:35:00
1101,PO-21101,"Braun, Gutierrez and Bell",2023-08-03,With,269,116901.07,Cancelled,2023-07-07T23:53:41
1102,PO-21102,"Charles, Taylor and Kelly",2024-07-11,Than,82,38705.53,Pending,2024-10-03T08:32:00
1103,PO-21103,Stevenson LLC,2023-03-27,Green,964,4712.79,Cancelled,2023-11-08T04:40:20
1104,PO-21104,"James, Dean and Hubbard",2023-02-15,Finish,525,172904.58,Received,2024-11-04T19:13:17
1105,PO-21105,Thomas-Young,2024-03-23,Poor,750,63902.16,Pending,2024-08-27T21:13:22
1106,PO-21106,Hunt-Matthews,2022-11-23,Term,732,183481.70,Received,2023-09-28T21:35:32
1107,PO-21107,Tapia PLC,2025-07-13,Interest,332,58106.01,Cancelled,2024-02-01T19:13:31
1108,PO-21108,"Chen, Watson and Willis",2024-07-22,Room,724,51163.30,Pending,2023-12-25T10:33:47
1109,PO-21109,Graham and Sons,2024-09-19,Market,174,101928.50,Pending,2025-02-14T01:23:19
1110,PO-21110,Rodriguez-Perez,2024-11-05,Point,266,18272.07,Pending,2025-04-05T01:01:33
1111,PO-21111,Salinas PLC,2025-04-07,Instead,771,78438.22,Pending,2025-06-09T11:07:04
1112,PO-21112,Sparks PLC,2023-03-15,Agent,152,70256.82,Received,2025-02-19T01:10:16
1113,PO-21113,"Schultz, Cummings and Nelson",2024-11-15,Wrong,541,154850.57,Pending,2024-03-18T20:37:41
1114,PO-21114,"Jimenez, Nelson and Parker",2025-05-07,Make,241,42255.63,Pending,2023-03-05T04:45:05
1115,PO-21115,"Jones, Young and Allen",2023-11-20,Amount,950,130502.21,Pending,2022-12-11T15:52:10
1116,PO-21116,Richard LLC,2025-02-13,Put,357,85541.63,Cancelled,2024-10-14T13:45:49
1117,PO-21117,Medina PLC,2025-03-04,Or,923,45494.39,Pending,2022-11-14T07:52:32
1118,PO-21118,Cole Group,2023-09-29,Agreement,127,134236.88,Cancelled,2024-02-23T23:07:43
1119,PO-21119,Williams Inc,2025-06-05,Out,250,98554.80,Pending,2024-04-04T07:19:15
1120,PO-21120,Rodriguez-Kirby,2024-10-04,Audience,714,197055.10,Received,2022-11-13T18:59:52
1121,PO-21121,"Kirby, Schmidt and Mcbride",2023-08-26,Long,481,143410.07,Cancelled,2024-11-07T06:17:49
1122,PO-21122,Baker Inc,2025-01-14,Much,56,102350.53,Cancelled,2023-12-16T06:57:34
1123,PO-21123,Webb-Torres,2023-07-20,Structure,975,24984.95,Pending,2023-09-18T18:53:26
1124,PO-21124,Dunn-Navarro,2023-11-07,Young,760,173779.13,Cancelled,2024-08-22T08:57:25
1125,PO-21125,"Mayer, Pierce and Taylor",2024-09-18,Shake,648,35225.33,Pending,2024-06-19T18:48:38
1126,PO-21126,Gonzalez-Figueroa,2023-10-08,Body,79,162730.17,Pending,2023-02-26T19:23:25
1127,PO-21127,Cruz Inc,2023-10-24,Society,107,103335.98,Pending,2022-11-26T10:10:48
1128,PO-21128,"Rodriguez, Johnson and Franco",2025-09-18,Leader,968,114500.81,Pending,2024-05-17T11:05:26
1129,PO-21129,"Smith, Griffin and Lowery",2023-05-10,Whether,679,146183.54,Cancelled,2024-08-17T03:46:13
1130,PO-21130,"Brown, Reyes and Ali",2023-09-05,Land,494,116970.92,Pending,2023-12-31T06:09:39
1131,PO-21131,Lewis-Fleming,2024-01-27,The,907,43827.83,Pending,2023-06-21T14:01:56
1132,PO-21132,Jackson-Chen,2024-03-21,Building,616,130533.58,Pending,2024-01-26T23:17:02
1133,PO-21133,Conner-Sanders,2023-09-26,Tell,193,103278.72,Cancelled,2023-11-17T10:59:46
1134,PO-21134,King Ltd,2025-05-18,Face,620,16537.52,Cancelled,2023-06-01T04:04:44
1135,PO-21135,Carr LLC,2025-09-27,Level,622,112473.86,Received,2024-07-03T02:58:48
1136,PO-21136,Palmer-Bailey,2024-07-26,Let,842,185737.53,Pending,2024-04-17T06:20:13
1137,PO-21137,Sullivan LLC,2024-11-16,Action,19,171691.02,Cancelled,2023-08-16T07:46:28
1138,PO-21138,Coleman-Gardner,2025-05-07,Describe,157,112399.81,Received,2024-06-24T02:27:36
1139,PO-21139,Marshall Inc,2024-08-24,Hand,673,183982.08,Cancelled,2024-06-12T07:00:06
1140,PO-21140,"Mann, Price and Bentley",2024-03-22,Catch,519,127185.18,Cancelled,2025-01-05T22:47:53
1141,PO-21141,Johnson-Ward,2025-05-12,East,123,53230.07,Pending,2024-06-25T04:30:11
1142,PO-21142,"Allen, Cook and Walters",2025-05-26,Soon,783,63593.70,Cancelled,2025-03-11T19:14:53
1143,PO-21143,"Williams, Oliver and Jordan",2025-02-17,Shoulder,827,199068.10,Cancelled,2023-04-03T03:46:07
1144,PO-21144,Dickson-Jones,2024-02-26,Own,432,35888.39,Cancelled,2023-09-12T22:10:19
1145,PO-21145,Simmons-Gallagher,2022-12-07,Lot,255,176627.39,Received,2025-05-25T22:18:49
1146,PO-21146,Miller PLC,2025-03-10,Feeling,518,143580.26,Pending,2024-04-11T11:32:55
1147,PO-21147,Reese PLC,2024-02-07,Scene,372,195736.44,Cancelled,2023-08-19T23:49:32
1148,PO-21148,Nichols PLC,2024-12-19,Threat,793,90409.78,Cancelled,2025-02-25T00:09:14
1149,PO-21149,Jones and Sons,2025-07-16,Various,975,164046.91,Received,2023-08-01T19:26:01
1150,PO-21150,"Holmes, Wilkins and Levy",2023-11-14,Exist,513,7288.34,Received,2023-05-12T11:56:40
1151,PO-21151,"Roberts, Fox and Zamora",2023-09-23,You,570,99012.32,Pending,2023-11-27T13:50:02
1152,PO-21152,"Johnston, Collins and Harris",2025-03-06,Idea,183,55930.98,Received,2025-09-07T08:11:43
1153,PO-21153,Davis PLC,2024-10-28,Method,268,54711.76,Pending,2025-07-14T17:11:06
1154,PO-21154,"Morris, Hunter and Baker",2025-10-28,Fire,672,68908.39,Cancelled,2025-01-07T11:33:38
1155,PO-21155,Craig and Sons,2023-09-17,Before,543,144477.84,Cancelled,2023-08-05T09:52:02
1156,PO-21156,Lewis LLC,2024-09-29,Hit,739,76347.77,Cancelled,2025-08-03T16:44:52
1157,PO-21157,Lee Inc,2023-12-08,Represent,280,5699.53,Cancelled,2024-07-21T12:45:46
1158,PO-21158,Harris-Gordon,2024-11-14,Shoulder,970,156131.83,Pending,2022-11-26T00:20:57
1159,PO-21159,"Henson, Davis and Pope",2024-11-19,Clear,703,154511.57,Pending,2025-02-19T20:13:43
1160,PO-21160,Patel Group,2023-02-25,Health,902,29089.68,Pending,2025-01-28T21:45:07
1161,PO-21161,Schultz-Davis,2023-09-14,Experience,827,96940.00,Received,2023-04-22T15:17:23
1162,PO-21162,"Potter, Smith and Austin",2023-01-09,Second,262,196740.38,Pending,2024-06-30T12:07:35
1163,PO-21163,Fleming-Kirby,2024-11-08,Pick,949,179326.58,Received,2025-10-16T21:06:16
1164,PO-21164,Daniel Group,2024-03-14,Performance,568,116589.83,Pending,2025-08-10T10:31:24
1165,PO-21165,"Gonzalez, Roberts and Haas",2023-03-20,Back,93,60269.63,Received,2024-08-18T12:14:23
1166,PO-21166,Nguyen LLC,2024-10-25,Area,554,115335.62,Pending,2025-08-15T03:06:24
1167,PO-21167,Gibbs LLC,2024-12-08,Book,845,80362.40,Cancelled,2023-08-03T17:26:47
1168,PO-21168,Francis-Saunders,2024-02-22,Be,690,121379.58,Pending,2025-01-10T08:30:39
1169,PO-21169,Costa-Poole,2025-07-31,Guy,344,179117.04,Received,2024-06-03T04:49:17
1170,PO-21170,Miller Ltd,2025-08-21,Concern,366,152937.87,Received,2023-04-11T16:05:36
1171,PO-21171,Skinner-Ross,2025-08-01,Western,427,135443.91,Cancelled,2025-05-06T00:04:33
1172,PO-21172,"Estrada, Garner and Green",2025-08-06,Meet,971,21380.78,Pending,2025-03-22T03:41:54
1173,PO-21173,"Smith, Mueller and Martinez",2025-08-26,Recent,799,49331.52,Received,2024-05-21T19:34:07
1174,PO-21174,Davis-Smith,2023-04-13,Hit,552,170068.60,Received,2025-04-13T23:47:31
1175,PO-21175,"Morton, Reyes and Hernandez",2023-08-26,Job,987,55479.03,Pending,2025-05-29T06:32:25
1176,PO-21176,Johnson LLC,2024-07-05,Election,432,90962.65,Pending,2025-04-28T13:50:03
1177,PO-21177,Adams-Mathews,2025-08-02,Discuss,668,151116.32,Received,2023-08-03T03:44:44
1178,PO-21178,Watts LLC,2023-05-11,Season,195,43606.08,Received,2024-02-21T05:38:18
1179,PO-21179,"Jackson, Estes and Jones",2025-10-08,Training,699,89015.69,Cancelled,2024-08-22T14:53:50
1180,PO-21180,Simmons-Miles,2024-03-09,Can,686,14119.09,Received,2024-11-17T18:11:08
1181,PO-21181,Vaughan and Sons,2024-01-04,Learn,368,196092.55,Cancelled,2023-12-17T14:12:15
1182,PO-21182,Lucero Inc,2023-07-22,On,387,81626.09,Pending,2023-12-23T03:55:49
1183,PO-21183,Parker PLC,2023-12-16,Blood,976,140760.52,Received,2025-10-18T20:07:59
1184,PO-21184,"Hanson, Weaver and Williams",2025-07-31,Report,676,84812.28,Received,2025-03-30T00:28:11
1185,PO-21185,Wilson-Cohen,2025-08-30,Art,532,133501.97,Cancelled,2024-01-01T16:49:32
1186,PO-21186,Lucas and Sons,2025-02-17,Budget,61,104947.36,Cancelled,2023-09-18T23:28:19
1187,PO-21187,"Anderson, Lee and Baker",2023-06-01,How,821,185180.73,Received,2023-03-06T22:40:57
1188,PO-21188,King-Rogers,2023-09-23,But,482,24622.18,Received,2024-01-24T02:18:10
1189,PO-21189,"Soto, Hamilton and Adams",2024-08-03,Listen,45,76860.19,Pending,2022-12-08T18:14:24
1190,PO-21190,"Hawkins, Burns and Callahan",2023-10-27,Authority,263,173772.50,Pending,2023-10-09T13:56:30
1191,PO-21191,"Murray, Martinez and Kelly",2024-02-17,Resource,171,131757.95,Cancelled,2025-09-07T00:09:22
1192,PO-21192,Miller LLC,2023-11-21,Direction,348,178870.71,Cancelled,2025-08-12T05:04:11
1193,PO-21193,Thompson and Sons,2024-11-02,Year,428,2350.14,Received,2023-04-01T07:41:01
1194,PO-21194,Briggs Group,2023-05-21,Boy,534,66981.20,Received,2025-10-22T01:49:54
1195,PO-21195,Johnson-Atkins,2024-03-24,Usually,178,35592.00,Cancelled,2024-03-07T05:16:03
1196,PO-21196,Walker PLC,2024-07-28,Study,801,160540.30,Received,2024-01-29T09:26:24
1197,PO-21197,"Jones, Smith and Green",2025-05-02,Human,24,119130.75,Received,2024-11-10T22:55:13
1198,PO-21198,Chan Ltd,2025-01-20,Whom,296,42934.20,Pending,2023-11-12T06:43:35
1199,PO-21199,Greer-Powell,2023-06-30,Site,822,147008.58,Cancelled,2024-08-22T13:41:54
1200,PO-21200,Hobbs-Williams,2023-02-09,Approach,527,162365.15,Received,2024-12-19T00:20:42
1201,PO-21201,Davis-Murphy,2022-11-11,Trouble,547,131569.11,Cancelled,2023-01-17T08:50:10
1202,PO-21202,Bradford-Campbell,2023-02-23,Establish,696,79010.79,Pending,2023-04-09T23:31:20
1203,PO-21203,Crane-Stokes,2023-03-05,Mother,546,21913.62,Received,2023-07-29T18:34:10
1204,PO-21204,Rice-Wright,2023-05-18,Employee,331,87954.12,Received,2023-02-12T20:38:13
1205,PO-21205,Hudson and Sons,2023-09-09,Forget,452,80561.00,Pending,2025-09-02T12:44:38
1206,PO-21206,Horn-Green,2025-10-23,Join,443,130293.92,Received,2022-11-15T00:37:31
1207,PO-21207,Lopez-Baker,2024-06-10,Cup,613,139632.36,Pending,2024-07-10T05:36:48
1208,PO-21208,Meyer-Hernandez,2025-08-30,Next,651,7308.60,Cancelled,2024-08-29T06:10:43
1209,PO-21209,Cook-Gill,2024-12-18,Ok,595,131746.30,Pending,2024-12-23T14:51:42
1210,PO-21210,"Lopez, Howell and Bell",2024-01-26,These,664,157281.14,Pending,2025-09-13T03:49:14
1211,PO-21211,Smith Inc,2023-03-30,Experience,435,71068.22,Cancelled,2023-05-26T02:15:46
1212,PO-21212,"Young, Mcconnell and Cooper",2024-12-13,Material,717,172114.35,Pending,2023-04-14T09:38:57
1213,PO-21213,"Daniels, Gallegos and Schultz",2025-04-20,Black,477,93705.60,Received,2023-01-16T19:18:05
1214,PO-21214,Smith LLC,2022-12-29,Nor,449,161912.04,Received,2023-05-20T18:17:27
1215,PO-21215,Thompson-Black,2024-09-08,Consumer,221,39074.91,Pending,2025-05-28T06:25:21
1216,PO-21216,"Wright, Burns and Caldwell",2024-06-16,Matter,581,141387.88,Received,2024-09-19T09:24:22
1217,PO-21217,Monroe-Hodge,2023-07-31,Shoulder,55,64128.49,Received,2023-10-01T19:47:58
1218,PO-21218,"Dean, Miller and Salas",2023-08-21,Day,809,5992.98,Cancelled,2025-04-13T05:37:10
1219,PO-21219,Meyers LLC,2023-06-03,Sit,998,134440.25,Pending,2024-07-13T04:41:44
1220,PO-21220,Davis Ltd,2024-05-13,Nearly,212,38977.87,Received,2024-10-02T00:35:43
1221,PO-21221,Peters PLC,2023-12-21,Put,885,177589.75,Pending,2025-03-05T18:38:27
1222,PO-21222,Howard-Rodriguez,2024-10-24,Eight,765,17891.80,Received,2025-03-02T22:15:45
1223,PO-21223,"Woods, Pham and Walton",2024-05-29,Card,743,26860.38,Cancelled,2024-08-13T00:04:11
1224,PO-21224,Kim and Sons,2025-02-28,Scientist,499,139942.58,Cancelled,2024-07-29T19:59:18
1225,PO-21225,Maxwell-Ramirez,2022-12-23,Vote,965,84502.89,Pending,2025-01-31T15:34:43
1226,PO-21226,Weiss Group,2023-02-26,Spend,99,100222.31,Cancelled,2024-07-10T08:54:30
1227,PO-21227,Casey Ltd,2024-06-28,Action,365,46916.29,Received,2025-03-26T04:15:09
1228,PO-21228,Vaughn-Smith,2024-10-09,Must,21,152650.20,Received,2023-01-31T06:36:01
1229,PO-21229,Page-Thomas,2023-03-26,Goal,916,24887.44,Cancelled,2023-10-02T10:25:51
1230,PO-21230,Page-Porter,2023-08-12,Floor,50,24513.53,Cancelled,2023-11-18T01:19:35
1231,PO-21231,Krueger-Ortiz,2025-06-30,Despite,534,168918.04,Pending,2025-08-18T20:16:22
1232,PO-21232,Krueger-Flores,2025-05-21,Trip,391,41554.62,Pending,2024-05-22T04:17:12
1233,PO-21233,"Becker, Riley and Martinez",2025-04-21,Choose,214,183984.09,Pending,2023-07-27T16:47:04
1234,PO-21234,"Schmitt, Bush and Huffman",2023-11-21,Fact,456,140555.00,Cancelled,2024-10-01T09:46:13
1235,PO-21235,Mckay Ltd,2022-12-22,Drive,869,141273.14,Received,2025-06-06T18:25:54
1236,PO-21236,Phelps-Paul,2023-04-02,Dog,481,94775.52,Cancelled,2025-02-03T17:14:48
1237,PO-21237,Nicholson LLC,2023-02-23,Yet,562,56300.12,Pending,2025-08-04T09:30:47
1238,PO-21238,Castaneda and Sons,2023-12-02,Already,990,6446.09,Received,2023-01-09T16:00:10
1239,PO-21239,Gibson Group,2025-04-28,Where,138,3750.96,Cancelled,2022-11-03T17:57:45
1240,PO-21240,Perez Inc,2024-03-27,Key,90,18104.15,Received,2023-10-16T12:34:16
1241,PO-21241,Edwards-Lee,2023-05-22,Suggest,402,174971.80,Pending,2025-03-07T09:32:18
1242,PO-21242,Freeman-Caldwell,2023-12-02,Forward,482,32983.29,Pending,2024-06-27T00:16:07
1243,PO-21243,Costa Inc,2023-05-29,Action,761,60717.44,Pending,2024-04-25T01:02:21
1244,PO-21244,Floyd Ltd,2025-07-14,Couple,800,101891.28,Pending,2024-05-06T10:33:41
1245,PO-21245,"Parker, Pierce and Stokes",2024-03-09,But,290,113066.64,Cancelled,2025-07-31T00:42:37
1246,PO-21246,Peterson Group,2023-12-07,How,451,144603.85,Pending,2024-01-18T11:56:31
1247,PO-21247,Silva-Flores,2023-01-12,Trip,563,182192.69,Cancelled,2024-04-07T12:18:32
1248,PO-21248,Bradley Ltd,2024-03-07,Edge,706,173246.82,Received,2025-10-29T13:40:38
1249,PO-21249,Brown-Hall,2023-12-26,Weight,82,129363.68,Cancelled,2024-06-13T03:54:37
1250,PO-21250,Taylor-Miller,2023-06-14,Use,906,20694.39,Pending,2024-08-23T05:47:31
1251,PO-21251,"Alexander, Lopez and Parker",2023-10-28,Around,769,22043.61,Received,2024-03-12T14:59:36
1252,PO-21252,Burns Group,2023-09-11,Everybody,539,33948.18,Cancelled,2023-07-03T00:56:57
1253,PO-21253,Jones-Freeman,2023-11-07,Home,574,152851.06,Received,2022-11-05T08:17:19
1254,PO-21254,Farmer PLC,2025-09-21,Along,425,139739.26,Received,2024-09-09T12:38:38
1255,PO-21255,Allen Inc,2023-08-10,Guess,215,159089.50,Received,2023-11-17T05:03:44
1256,PO-21256,Jones-Cameron,2024-02-20,Charge,443,46641.32,Received,2023-10-10T02:58:01
1257,PO-21257,Harris Inc,2025-10-06,Site,752,20929.69,Cancelled,2023-09-14T15:37:15
1258,PO-21258,White-Hunter,2023-10-04,Cup,826,105758.36,Cancelled,2024-05-11T22:02:18
1259,PO-21259,"Bird, Douglas and Sanchez",2025-06-22,Interview,551,151821.98,Received,2025-10-23T13:35:13
1260,PO-21260,Elliott-Roberts,2023-01-08,Cold,287,94529.32,Pending,2023-06-30T02:03:13
1261,PO-21261,"Beck, Arnold and Reyes",2024-03-31,New,858,93354.32,Received,2023-01-26T04:54:34
1262,PO-21262,Wilson PLC,2025-04-27,Food,472,22253.20,Cancelled,2025-05-10T01:17:14
1263,PO-21263,Oneal-Stone,2023-06-27,Foreign,812,89458.23,Received,2024-09-19T12:45:10
1264,PO-21264,"Harris, Lee and Baldwin",2023-01-22,Avoid,271,188021.48,Cancelled,2024-02-11T19:57:27
1265,PO-21265,Johnson-Long,2025-08-01,Agency,467,119113.03,Pending,2025-05-06T14:56:27
1266,PO-21266,Parker-French,2025-01-12,Treatment,127,175182.44,Cancelled,2024-09-20T15:17:14
1267,PO-21267,"Chavez, Beltran and Brown",2023-12-07,Campaign,839,120035.04,Pending,2023-07-10T03:42:53
1268,PO-21268,Humphrey-Anderson,2025-08-02,Old,453,14867.28,Pending,2023-03-05T11:44:26
1269,PO-21269,"Jenkins, Jones and Ellis",2024-08-31,Report,195,84820.34,Cancelled,2023-11-11T15:21:34
1270,PO-21270,Spence LLC,2024-07-06,Law,106,136755.54,Cancelled,2025-09-29T13:02:42
1271,PO-21271,Mays and Sons,2023-03-31,None,111,66344.11,Received,2023-09-30T02:20:15
1272,PO-21272,Franklin LLC,2024-09-09,Father,960,159545.01,Pending,2024-11-15T08:10:35
1273,PO-21273,Watson LLC,2023-08-01,Specific,851,43924.19,Pending,2025-08-11T00:29:39
1274,PO-21274,Burgess-Smith,2022-11-05,Never,604,136698.23,Received,2023-02-21T08:29:25
1275,PO-21275,Chandler PLC,2023-03-22,Note,463,132793.90,Pending,2025-07-27T05:53:03
1276,PO-21276,Mccullough-Anderson,2025-10-07,Operation,278,135616.75,Received,2024-11-14T19:33:46
1277,PO-21277,"Gregory, Davis and Mathews",2023-07-25,Everything,853,140164.61,Cancelled,2025-08-09T02:15:45
1278,PO-21278,"Stanley, Mitchell and Miles",2022-11-05,Operation,547,180721.41,Pending,2023-01-11T13:43:29
1279,PO-21279,Bright-Gardner,2024-12-21,Through,222,78990.21,Pending,2023-04-08T03:05:26
1280,PO-21280,Thomas PLC,2024-05-24,Network,155,48747.23,Cancelled,2025-07-22T19:49:56
1281,PO-21281,Lewis Ltd,2024-11-29,Early,771,176397.97,Pending,2025-04-12T07:58:05
1282,PO-21282,George-Baker,2025-08-30,Them,409,48500.73,Cancelled,2023-07-06T18:36:20
1283,PO-21283,"Perez, Woods and Adams",2024-09-11,Account,469,90379.04,Received,2023-03-12T11:19:04
1284,PO-21284,Baker-Johnson,2024-09-17,Keep,966,52043.85,Cancelled,2024-10-05T19:55:58
1285,PO-21285,"Johnson, Austin and Kline",2022-12-12,Company,293,7543.81,Pending,2023-10-29T04:47:26
1286,PO-21286,Lopez-Jones,2024-10-23,Focus,290,30032.33,Pending,2024-12-10T17:10:19
1287,PO-21287,Hunter-Christian,2022-12-27,Hospital,1000,190155.10,Cancelled,2024-02-09T18:55:58
1288,PO-21288,"Cole, Murphy and Kennedy",2025-02-05,Fire,612,115384.86,Cancelled,2024-08-27T03:02:19
1289,PO-21289,"Dunn, Olson and Dean",2023-11-11,However,713,103986.54,Received,2023-10-27T09:01:05
1290,PO-21290,Ramsey-Howard,2022-12-04,Soldier,471,81510.35,Pending,2024-11-28T07:47:24
1291,PO-21291,Gray Group,2025-02-25,Short,71,135794.57,Received,2025-08-17T08:04:16
1292,PO-21292,Evans Group,2022-11-03,Attorney,734,83576.85,Cancelled,2025-04-05T06:33:10
1293,PO-21293,Pruitt-Garcia,2023-04-28,Brother,996,78110.72,Received,2024-02-20T20:10:46
1294,PO-21294,Powell LLC,2025-06-01,Note,587,40966.47,Cancelled,2025-06-15T14:07:09
1295,PO-21295,Ellis Inc,2025-05-13,Water,580,148147.73,Received,2022-12-21T14:16:48
1296,PO-21296,Stokes-Nielsen,2024-01-03,Various,946,107519.82,Pending,2023-07-08T19:43:56
1297,PO-21297,Weber-Walton,2025-10-06,Modern,398,127673.01,Pending,2024-10-29T13:04:51
1298,PO-21298,Ryan PLC,2023-05-17,Prove,889,155630.03,Received,2024-09-23T18:34:51
1299,PO-21299,"Lewis, Webb and Jackson",2024-04-14,Student,596,103833.69,Pending,2023-08-15T07:50:05
1300,PO-21300,Fernandez-Bryant,2023-09-24,New,732,170041.39,Received,2025-08-01T08:58:34
1301,PO-21301,Ferguson Inc,2023-04-19,Speak,754,136031.26,Cancelled,2023-04-12T16:37:55
1302,PO-21302,Keith-Arnold,2024-10-25,Feeling,970,119862.23,Pending,2025-09-06T20:55:44
1303,PO-21303,George and Sons,2023-08-06,Security,833,3324.83,Cancelled,2023-05-21T06:28:53
1304,PO-21304,Ellis-Holden,2024-12-24,Good,927,145798.63,Cancelled,2024-12-24T02:26:27
1305,PO-21305,Tanner Inc,2023-07-12,Sign,241,189315.21,Cancelled,2024-02-15T04:26:44
1306,PO-21306,Bishop LLC,2024-03-06,Garden,250,104090.14,Pending,2023-04-08T16:33:26
1307,PO-21307,"Price, Thomas and Nguyen",2023-03-26,Bill,111,181030.47,Pending,2023-07-12T11:43:00
1308,PO-21308,Russell Ltd,2025-09-09,Hope,414,175869.97,Received,2025-04-06T15:38:09
1309,PO-21309,Ward LLC,2023-01-08,Somebody,6,101444.69,Pending,2024-01-21T14:10:10
1310,PO-21310,Simpson LLC,2024-02-28,Ability,84,121928.70,Cancelled,2023-05-31T02:03:45
1311,PO-21311,Nelson PLC,2025-05-14,Glass,154,143106.19,Cancelled,2025-10-28T12:28:17
1312,PO-21312,Guzman PLC,2023-09-06,Partner,388,52187.02,Received,2023-12-02T09:47:59
1313,PO-21313,"Martin, Johnson and Woodward",2024-02-28,Save,494,57217.38,Received,2024-07-04T15:22:13
1314,PO-21314,Campbell-Hubbard,2024-06-10,Movie,949,64318.08,Cancelled,2023-11-02T19:13:04
1315,PO-21315,Schneider Ltd,2023-07-05,Investment,907,38694.46,Cancelled,2023-11-22T02:23:15
1316,PO-21316,Lopez Ltd,2023-05-18,Sign,860,35649.61,Cancelled,2025-08-12T10:09:44
1317,PO-21317,White Ltd,2025-02-22,Affect,938,147029.20,Pending,2025-10-25T16:47:40
1318,PO-21318,Goodman LLC,2023-06-09,Ago,375,61061.02,Received,2023-04-25T15:31:04
1319,PO-21319,"Williams, Davis and Gardner",2025-05-02,Chance,478,147330.84,Cancelled,2025-10-30T02:25:38
1320,PO-21320,Mcdaniel-Miller,2023-02-14,Size,850,132132.67,Cancelled,2024-07-15T14:14:11
1321,PO-21321,"Ramsey, Cook and Richardson",2024-04-25,Easy,894,111178.49,Pending,2025-03-10T12:13:08
1322,PO-21322,Warner-Vasquez,2023-11-25,Eye,771,165994.44,Received,2025-03-05T06:07:09
1323,PO-21323,Richardson-Duke,2024-10-26,Direction,592,66280.99,Received,2024-12-13T02:15:28
1324,PO-21324,Walker Ltd,2025-06-19,Describe,294,36237.09,Pending,2024-04-09T17:33:22
1325,PO-21325,"Douglas, Strickland and Boyd",2025-07-05,Democratic,131,106658.81,Cancelled,2023-08-24T14:53:09
1326,PO-21326,Scott PLC,2024-02-19,Detail,754,29885.01,Received,2023-12-26T06:59:43
1327,PO-21327,King and Sons,2025-08-21,Name,818,199120.83,Cancelled,2023-06-29T22:06:51
1328,PO-21328,Bailey-Allen,2025-01-15,Mother,464,173124.84,Pending,2022-11-10T04:27:19
1329,PO-21329,Parker-Park,2024-02-10,Game,992,59270.43,Pending,2023-03-18T03:32:43
1330,PO-21330,"Nielsen, Shelton and Mcdonald",2022-11-29,View,872,141581.87,Pending,2024-06-22T11:13:13
1331,PO-21331,Johnson and Sons,2025-03-30,Machine,693,100685.91,Cancelled,2024-07-11T06:32:40
1332,PO-21332,Everett-Yu,2025-03-28,Attorney,62,157799.53,Pending,2025-09-23T17:12:23
1333,PO-21333,"Graves, Gray and Rose",2025-03-10,Know,933,144112.79,Pending,2025-09-26T05:29:58
1334,PO-21334,Mccarthy Ltd,2023-01-21,Recently,676,54545.55,Pending,2023-04-16T14:01:01
1335,PO-21335,"Flores, Hall and White",2023-04-12,Imagine,549,110456.11,Received,2024-12-02T05:53:02
1336,PO-21336,Powell Inc,2024-11-26,Worker,847,6416.90,Cancelled,2024-12-01T11:14:18
1337,PO-21337,Torres PLC,2023-10-04,Social,814,114373.69,Cancelled,2025-08-08T23:29:35
1338,PO-21338,Moore PLC,2024-11-03,Minute,789,83883.37,Received,2023-08-02T23:01:42
1339,PO-21339,Hernandez Ltd,2023-12-23,Fine,229,105804.47,Received,2023-05-22T15:57:03
1340,PO-21340,"Christian, Boyer and Nielsen",2023-10-27,Rich,240,125488.14,Received,2025-04-13T13:39:48
1341,PO-21341,"Bowman, Tate and Kelly",2023-04-14,Suffer,862,187940.34,Pending,2024-02-03T18:38:47
1342,PO-21342,Nelson-Moore,2023-06-06,Food,958,30246.62,Received,2024-07-12T00:19:03
1343,PO-21343,Bush PLC,2025-06-30,Data,141,17220.40,Received,2024-04-08T18:58:21
1344,PO-21344,Lee-Gibson,2023-05-02,Upon,816,114087.63,Cancelled,2023-07-30T20:36:34
1345,PO-21345,Johnson Ltd,2022-11-27,Performance,649,186160.83,Received,2023-09-16T20:25:42
1346,PO-21346,"Wallace, Simpson and Smith",2023-09-06,Floor,394,1149.58,Pending,2023-06-11T20:31:50
1347,PO-21347,"Smith, Diaz and Howard",2024-07-31,Generation,154,53851.51,Cancelled,2025-07-17T13:01:10
1348,PO-21348,Evans PLC,2023-05-17,Others,37,46222.04,Cancelled,2022-11-23T16:25:04
1349,PO-21349,Steele-Johns,2023-09-05,Move,944,199370.31,Pending,2025-07-27T21:08:17
1350,PO-21350,"Allen, Martinez and Armstrong",2025-10-07,Provide,243,156354.21,Cancelled,2024-09-25T08:49:11
1351,PO-21351,"Murphy, Snyder and Phillips",2023-04-27,Entire,878,38190.83,Cancelled,2023-06-23T16:15:33
1352,PO-21352,Ballard-Lopez,2024-08-16,Player,898,177590.04,Pending,2023-04-10T06:42:36
1353,PO-21353,James Ltd,2023-06-08,Box,398,107509.37,Pending,2025-05-05T12:45:37
1354,PO-21354,Perez-Cantu,2023-10-20,Too,631,137492.38,Received,2023-06-21T20:27:07
1355,PO-21355,Singh-Lawson,2023-07-20,Whose,152,114490.94,Pending,2025-03-17T20:30:52
1356,PO-21356,Ibarra-Malone,2025-10-14,Wife,574,190984.44,Received,2025-10-23T00:44:44
1357,PO-21357,Baker-Riley,2024-05-07,Wear,335,73275.45,Received,2025-01-13T13:17:24
1358,PO-21358,"Patterson, Cole and Green",2025-08-08,Perhaps,643,117367.09,Pending,2025-09-22T02:58:24
1359,PO-21359,"Brown, Wong and Petersen",2025-04-28,Hour,799,199706.41,Pending,2023-01-29T13:03:55
1360,PO-21360,Collins-Huynh,2023-07-12,Set,39,137780.54,Cancelled,2024-04-19T23:05:23
1361,PO-21361,"Gonzalez, Gonzalez and Taylor",2023-07-20,Window,543,26720.65,Pending,2024-01-07T20:28:55
1362,PO-21362,Watson-Ballard,2025-10-18,Road,821,176744.62,Received,2024-01-18T08:15:53
1363,PO-21363,"Chang, Robinson and Rhodes",2023-09-16,Go,698,157274.31,Cancelled,2022-11-18T14:55:46
1364,PO-21364,Johnson-Sosa,2024-07-20,Left,125,44026.48,Cancelled,2023-06-07T20:47:48
1365,PO-21365,Jones-Howell,2023-08-07,Prevent,393,168708.30,Pending,2024-08-02T16:09:28
1366,PO-21366,"Jackson, Gonzales and Walton",2022-12-25,Gun,525,74230.37,Cancelled,2024-12-16T15:16:33
1367,PO-21367,Smith Group,2025-06-21,Treatment,829,97202.67,Received,2023-08-17T07:43:07
1368,PO-21368,"Moore, Williams and Guzman",2023-05-01,Under,125,115773.57,Received,2025-03-03T16:24:45
1369,PO-21369,"Wood, Peck and Jones",2025-09-12,Participant,261,413.45,Received,2023-04-28T19:18:15
1370,PO-21370,"Ball, Lang and Riddle",2025-07-16,Shoulder,281,195396.48,Received,2024-06-17T20:49:14
1371,PO-21371,Trevino PLC,2023-02-27,Clearly,861,21863.17,Pending,2025-07-09T13:09:49
1372,PO-21372,"Turner, Anderson and Harris",2023-01-29,Find,522,27341.41,Pending,2025-06-17T17:45:39
1373,PO-21373,Crawford-Anthony,2024-02-13,Dark,295,22582.49,Cancelled,2024-11-10T17:08:25
1374,PO-21374,Wilson-Brown,2025-08-29,From,730,173792.66,Cancelled,2023-05-26T04:26:59
1375,PO-21375,Brown and Sons,2025-05-15,Raise,751,115444.11,Pending,2023-09-10T14:28:39
1376,PO-21376,"Weber, Smith and Powell",2022-11-18,Theory,80,5150.61,Pending,2025-01-14T07:59:32
1377,PO-21377,Sanchez PLC,2023-02-24,Catch,184,38980.37,Cancelled,2024-07-26T05:48:03
1378,PO-21378,Huffman-Green,2023-04-18,Personal,162,144259.49,Pending,2023-08-11T08:37:53
1379,PO-21379,Michael-Mckinney,2023-01-22,Approach,223,113839.24,Cancelled,2025-08-09T05:47:30
1380,PO-21380,Williams Ltd,2024-06-14,Usually,699,27192.18,Cancelled,2023-03-12T02:23:52
1381,PO-21381,Mitchell-Martinez,2023-02-15,Establish,554,62973.23,Cancelled,2024-06-28T08:33:08
1382,PO-21382,"Arellano, Vasquez and Hall",2023-09-19,Manage,916,24119.73,Pending,2025-06-24T04:02:35
1383,PO-21383,"Wallace, Knapp and Benson",2024-04-27,Wish,507,46729.19,Pending,2025-07-11T13:19:04
1384,PO-21384,"Everett, Jones and White",2023-04-02,Report,177,27543.40,Cancelled,2025-08-10T06:55:05
1385,PO-21385,Molina and Sons,2024-02-18,Say,276,156322.77,Cancelled,2024-03-05T00:03:38
1386,PO-21386,Woods Inc,2023-01-25,Media,87,78543.06,Pending,2025-09-04T08:06:50
1387,PO-21387,Nelson-Watson,2022-11-18,Mention,54,138100.66,Pending,2025-02-03T19:51:41
1388,PO-21388,Nielsen-Evans,2024-10-12,Tree,615,164586.43,Cancelled,2024-06-05T09:08:17
1389,PO-21389,Lucas LLC,2025-01-30,Support,348,44771.69,Pending,2025-03-01T01:12:59
1390,PO-21390,Watkins-Yang,2024-12-11,This,988,18411.82,Received,2025-08-13T14:36:44
1391,PO-21391,"Schroeder, Chavez and Black",2023-06-08,Hit,626,95910.28,Cancelled,2025-10-02T00:26:30
1392,PO-21392,Dominguez and Sons,2023-04-18,Government,305,199995.05,Pending,2025-01-24T20:26:43
1393,PO-21393,Atkinson and Sons,2023-04-12,House,833,172560.55,Cancelled,2024-02-07T03:00:41
1394,PO-21394,"Graham, Russell and Taylor",2024-05-29,Recently,554,17805.95,Received,2025-06-01T17:34:47
1395,PO-21395,Ward-Arroyo,2023-12-20,Coach,955,130609.04,Pending,2025-10-14T13:03:05
1396,PO-21396,Shepherd PLC,2023-08-19,Read,652,64767.74,Pending,2024-11-19T07:22:22
1397,PO-21397,Welch-Garrison,2024-09-16,Project,729,130534.12,Cancelled,2024-02-01T12:38:44
1398,PO-21398,Gould Group,2023-01-17,Again,312,137551.86,Pending,2023-12-22T05:48:44
1399,PO-21399,"Davis, Hunter and Jones",2024-08-28,Paper,640,171662.36,Received,2025-10-08T03:57:26
1400,PO-21400,"Ramos, Gonzalez and Adkins",2023-03-10,Institution,967,121298.26,Cancelled,2023-07-14T03:24:37
1401,PO-21401,"Hoffman, Montes and Williams",2024-03-03,Gas,890,17383.92,Received,2023-10-23T08:44:57
1402,PO-21402,Hernandez-Fernandez,2023-04-12,Worry,248,4359.07,Pending,2025-02-24T04:15:14
1403,PO-21403,Rodriguez PLC,2024-05-04,Range,609,163014.35,Cancelled,2024-10-27T02:57:43
1404,PO-21404,"Mills, Guerrero and Cruz",2025-09-24,Thousand,873,167686.55,Pending,2024-06-14T20:25:23
1405,PO-21405,Davis-Watkins,2023-07-25,Pull,111,69591.24,Pending,2024-07-04T20:35:40
1406,PO-21406,"Rivas, Smith and Rocha",2022-12-12,Focus,750,22838.29,Received,2023-06-29T22:15:56
1407,PO-21407,"Li, Coleman and Armstrong",2024-04-07,Manage,708,89201.98,Pending,2023-12-24T09:22:44
1408,PO-21408,Bennett Group,2024-01-31,Have,81,133551.52,Pending,2024-09-10T05:15:44
1409,PO-21409,Forbes Ltd,2023-10-24,Cold,967,184866.64,Received,2024-10-04T15:14:09
1410,PO-21410,Serrano-Martinez,2023-10-19,Weight,691,195616.61,Cancelled,2023-01-26T00:05:52
1411,PO-21411,Rodriguez-Smith,2022-11-12,Run,535,27478.38,Pending,2023-03-21T00:16:13
1412,PO-21412,Rollins LLC,2023-11-01,Big,417,52510.22,Received,2025-01-19T02:15:33
1413,PO-21413,"Lindsey, Brown and Boyd",2023-03-31,Home,390,190464.28,Cancelled,2024-10-07T14:13:19
1414,PO-21414,"Obrien, Schmidt and Smith",2023-09-09,Result,641,5986.27,Pending,2025-09-22T22:43:50
1415,PO-21415,Wilson and Sons,2025-10-14,Far,631,109438.11,Cancelled,2025-02-18T11:57:39
1416,PO-21416,Jones and Sons,2022-12-26,Participant,181,141122.07,Pending,2025-01-17T09:05:55
1417,PO-21417,Hart-Lawrence,2024-11-05,Operation,444,153350.06,Pending,2023-10-23T14:13:59
1418,PO-21418,Johnson-Pierce,2025-03-26,Authority,664,137934.95,Cancelled,2024-08-17T07:58:23
1419,PO-21419,Reed Ltd,2023-08-25,Economic,997,40954.90,Received,2025-02-20T21:00:57
1420,PO-21420,Elliott PLC,2025-07-05,Detail,134,74681.42,Cancelled,2025-05-11T15:50:37
1421,PO-21421,Estrada-Lyons,2024-04-24,Also,748,140605.97,Pending,2024-12-16T14:16:27
1422,PO-21422,Johnson Group,2025-03-15,Move,762,199749.76,Received,2024-05-01T03:12:56
1423,PO-21423,"Miller, Rodriguez and Martin",2024-02-22,Want,388,70186.89,Cancelled,2024-05-08T12:31:02
1424,PO-21424,Allison PLC,2023-08-24,Protect,749,92890.35,Cancelled,2023-05-01T00:14:26
1425,PO-21425,Reed PLC,2024-05-26,Purpose,97,176076.53,Received,2023-08-10T02:37:00
1426,PO-21426,"Gibson, Jensen and Nunez",2024-02-29,Especially,456,189227.39,Pending,2022-11-11T04:52:27
1427,PO-21427,Shannon-Webster,2025-01-21,Season,915,196086.24,Received,2023-11-22T07:04:27
1428,PO-21428,"Ochoa, Weber and Friedman",2023-08-03,Democrat,838,161540.18,Cancelled,2025-07-06T13:20:05
1429,PO-21429,Morales Ltd,2024-03-16,Brother,319,160790.33,Cancelled,2024-06-30T17:52:08
1430,PO-21430,"Castillo, Brooks and Estrada",2023-02-01,Science,20,19429.28,Pending,2023-06-01T20:35:09
1431,PO-21431,"White, Ferguson and Santiago",2024-05-26,Drug,357,195448.92,Received,2024-09-16T03:23:39
1432,PO-21432,Horton-Wallace,2025-03-27,Stand,134,64269.05,Pending,2024-01-07T03:57:59
1433,PO-21433,White-Shah,2023-07-24,He,255,129741.48,Pending,2024-05-13T16:03:54
1434,PO-21434,"Duffy, Casey and Farrell",2022-12-15,House,317,154473.09,Cancelled,2025-02-22T10:49:06
1435,PO-21435,Stein Ltd,2024-09-06,Wife,466,161175.18,Received,2023-01-29T00:59:46
1436,PO-21436,"Peterson, Castillo and Mayer",2024-02-20,Paper,684,39566.76,Received,2024-10-15T16:06:45
1437,PO-21437,Anderson-Higgins,2024-03-09,Page,570,85094.85,Cancelled,2023-09-27T08:12:47
1438,PO-21438,"Murphy, Miller and Smith",2025-06-13,Teacher,522,94549.33,Cancelled,2024-02-24T12:42:43
1439,PO-21439,Branch LLC,2023-11-03,Value,861,87412.85,Pending,2025-08-27T17:08:42
1440,PO-21440,Conner-Hernandez,2024-01-26,Model,589,36626.95,Pending,2025-08-30T01:05:44
1441,PO-21441,Hartman-Simpson,2024-11-02,His,729,134457.43,Pending,2024-04-24T13:55:47
1442,PO-21442,"West, Ramirez and Hancock",2024-07-02,Carry,839,138939.70,Cancelled,2024-02-28T01:50:42
1443,PO-21443,"Mcneil, Watson and Green",2023-08-23,Seven,719,68959.71,Pending,2024-01-30T14:14:15
1444,PO-21444,Hunter-Hess,2025-03-15,Into,275,2847.64,Received,2022-12-16T15:36:10
1445,PO-21445,Martinez Inc,2023-08-20,Voice,769,18510.47,Received,2025-07-17T02:07:48
1446,PO-21446,Rivera Inc,2023-07-26,Discussion,805,196189.44,Cancelled,2023-11-06T17:24:20
1447,PO-21447,Turner Inc,2024-09-16,Central,262,63972.75,Pending,2024-10-28T19:42:22
1448,PO-21448,"Edwards, Nichols and George",2024-11-08,Professional,103,63887.17,Received,2024-04-08T14:11:51
1449,PO-21449,"Harrison, Christensen and Werner",2023-12-21,Program,767,130512.90,Pending,2023-02-03T19:59:17
1450,PO-21450,Douglas-Glass,2025-06-17,Add,351,159470.95,Received,2024-02-10T08:02:30
1451,PO-21451,Dunn Group,2023-06-27,Travel,531,23049.25,Pending,2025-09-08T23:56:14
1452,PO-21452,"Wright, Hawkins and Stewart",2023-08-27,Pm,418,2678.50,Received,2022-12-24T17:40:23
1453,PO-21453,"Farrell, Hall and Carter",2023-09-18,Good,849,128994.44,Cancelled,2023-03-24T09:03:20
1454,PO-21454,"Lozano, Davenport and Jackson",2023-11-13,Well,557,37207.02,Received,2025-04-10T23:24:02
1455,PO-21455,"Kirby, Rowe and Key",2024-02-17,Believe,563,13043.13,Received,2024-09-20T13:34:41
1456,PO-21456,"James, Lopez and Rollins",2023-09-15,They,1000,7166.97,Cancelled,2025-06-06T11:46:07
1457,PO-21457,"Doyle, Taylor and Perry",2024-02-29,Culture,761,86930.36,Cancelled,2024-05-10T07:58:10
1458,PO-21458,Bryant LLC,2023-04-22,Return,795,92234.58,Pending,2024-11-10T10:55:59
1459,PO-21459,Morris-Evans,2025-03-12,Old,864,96773.36,Cancelled,2024-04-05T14:01:45
1460,PO-21460,"Richardson, Rivera and Campbell",2023-04-17,Cup,127,34092.15,Cancelled,2025-05-17T12:30:24
1461,PO-21461,Crawford Group,2025-02-22,Set,526,19090.30,Pending,2025-03-30T02:20:12
1462,PO-21462,Holmes-Turner,2025-08-10,Page,229,54160.08,Received,2022-12-06T15:51:26
1463,PO-21463,Johnson-Moran,2025-06-07,Save,231,38426.05,Received,2024-04-15T17:50:28
1464,PO-21464,Torres and Sons,2023-01-10,Job,838,41716.12,Cancelled,2024-03-27T18:28:36
1465,PO-21465,"Williams, Johnson and Middleton",2025-10-28,Mission,653,27706.57,Cancelled,2023-02-26T04:36:55
1466,PO-21466,Luna Inc,2024-02-12,Expect,465,101040.92,Cancelled,2024-06-16T12:46:35
1467,PO-21467,Harrell Ltd,2024-08-21,True,202,41911.38,Pending,2024-01-08T12:11:14
1468,PO-21468,Hopkins Group,2025-01-04,Effect,730,35301.41,Pending,2025-02-03T17:00:47
1469,PO-21469,"Nguyen, Erickson and Riggs",2025-10-02,Something,516,68202.00,Pending,2024-12-29T17:53:11
1470,PO-21470,Miller-Waters,2022-12-31,Claim,45,128550.74,Received,2025-03-24T04:51:48
1471,PO-21471,Kim Group,2024-02-25,Tax,265,67637.47,Cancelled,2023-01-19T19:58:31
1472,PO-21472,"Jones, Kelly and Martin",2024-05-25,Identify,10,196436.04,Received,2024-08-17T10:04:23
1473,PO-21473,Mccann Inc,2023-12-21,Every,262,10407.19,Cancelled,2022-11-26T15:22:16
1474,PO-21474,Gordon-Jackson,2025-02-02,Any,828,71663.57,Received,2024-09-20T07:45:53
1475,PO-21475,"Shaw, Hunter and Alexander",2024-12-01,Accept,752,123240.52,Received,2024-11-13T23:48:44
1476,PO-21476,"Moore, Fitzgerald and Norton",2024-10-16,Son,81,116806.65,Received,2025-06-12T03:00:41
1477,PO-21477,"Smith, Martin and Rose",2023-09-22,Politics,765,51449.86,Pending,2022-12-19T01:03:41
1478,PO-21478,"Duran, Collins and Costa",2025-04-21,Clearly,795,121161.44,Received,2023-08-27T11:34:31
1479,PO-21479,"Sharp, Miller and Casey",2023-08-09,Although,966,6995.28,Received,2024-07-21T19:33:26
1480,PO-21480,Lee-Wolfe,2023-08-20,Drop,771,141558.43,Cancelled,2023-12-23T19:33:28
1481,PO-21481,"Miller, Ramirez and Kelley",2024-11-25,Bad,652,132845.25,Cancelled,2023-12-12T04:58:32
1482,PO-21482,Mendoza-Weaver,2025-07-31,Husband,717,112681.30,Pending,2022-11-19T09:30:38
1483,PO-21483,Winters Ltd,2022-11-11,Hundred,774,137274.27,Cancelled,2023-11-28T04:26:56
1484,PO-21484,Gonzalez-Brown,2024-04-22,Magazine,381,56040.00,Received,2023-05-11T05:28:37
1485,PO-21485,Curtis-Morgan,2024-08-13,Control,277,188126.42,Pending,2024-12-18T09:02:15
1486,PO-21486,"Smith, Fernandez and Whitaker",2025-09-22,Ground,187,150897.03,Pending,2023-09-15T16:45:04
1487,PO-21487,"Leach, Burton and Rodriguez",2024-06-08,Change,75,166950.69,Received,2024-07-12T17:18:54
1488,PO-21488,Moody and Sons,2023-02-20,Learn,911,139387.33,Received,2025-09-06T16:40:42
1489,PO-21489,Strickland Ltd,2024-11-27,So,952,178209.45,Received,2025-05-14T22:47:11
1490,PO-21490,James Group,2023-03-05,Turn,926,54013.27,Pending,2023-03-02T10:38:55
1491,PO-21491,"Mcdaniel, Robinson and Herrera",2025-04-15,Environmental,189,167940.50,Pending,2023-06-13T18:28:02
1492,PO-21492,"White, Martin and Murphy",2023-11-04,Board,145,124826.72,Cancelled,2025-09-29T23:10:12
1493,PO-21493,"Stanley, Dawson and Richardson",2024-06-30,Help,344,133456.51,Received,2025-09-30T11:27:13
1494,PO-21494,Griffin Group,2025-07-01,Stuff,895,59216.76,Received,2025-03-14T20:40:13
1495,PO-21495,Cook LLC,2025-10-20,Former,974,192348.50,Cancelled,2025-07-14T17:43:01
1496,PO-21496,Foster-Arnold,2025-09-29,Society,846,182750.30,Cancelled,2024-03-11T16:52:18
1497,PO-21497,Bauer Ltd,2024-02-14,Hand,225,752.27,Received,2024-01-06T10:12:08
1498,PO-21498,"Robbins, Hall and Mckinney",2025-01-09,Catch,630,171608.27,Cancelled,2024-08-31T15:22:40
1499,PO-21499,"Schultz, Mercado and Medina",2024-06-15,Use,350,4697.34,Received,2024-12-25T03:54:31
1500,PO-21500,Moreno Ltd,2025-07-12,Daughter,996,88322.23,Cancelled,2023-11-29T01:42:28
1501,PO-21501,Bolton Ltd,2025-02-02,Whose,691,75998.38,Received,2023-03-21T07:56:25
1502,PO-21502,Brock Ltd,2024-10-16,Call,69,176324.12,Pending,2025-03-17T05:22:00
1503,PO-21503,"Gutierrez, Parker and Cortez",2025-02-28,Media,560,110628.86,Pending,2024-07-16T22:46:40
1504,PO-21504,"Garcia, White and Barnes",2023-10-21,Answer,519,134081.75,Pending,2024-09-15T20:13:29
1505,PO-21505,Carpenter-Moses,2024-04-28,Which,14,199503.43,Received,2023-12-15T07:42:35
1506,PO-21506,Payne-Joyce,2024-04-02,Plant,738,167318.85,Pending,2023-07-26T23:22:39
1507,PO-21507,Owens Group,2022-11-17,Especially,357,20503.00,Pending,2024-10-20T21:47:35
1508,PO-21508,Cruz Ltd,2023-08-29,People,124,174214.81,Cancelled,2023-10-06T13:48:21
1509,PO-21509,"Neal, Anderson and Brown",2022-12-15,World,606,145582.23,Received,2023-04-08T20:41:47
1510,PO-21510,Moore-Walker,2025-07-09,Source,391,31889.42,Pending,2023-02-23T12:15:54
1511,PO-21511,"Maxwell, Jones and Edwards",2024-03-09,Boy,985,16749.86,Received,2024-09-13T14:48:53
1512,PO-21512,Lopez-Welch,2023-04-18,Art,379,165767.57,Received,2024-10-29T23:26:41
1513,PO-21513,Haley Group,2022-12-08,Stop,400,44590.36,Cancelled,2023-07-03T01:47:20
1514,PO-21514,Dominguez Group,2025-07-17,Future,437,173571.93,Pending,2022-12-10T20:05:15
1515,PO-21515,Kim LLC,2024-02-13,Ask,50,186973.88,Received,2023-08-06T22:14:50
1516,PO-21516,Rojas-Summers,2025-07-13,Outside,841,135855.54,Pending,2023-08-14T12:08:20
1517,PO-21517,"Wolf, Williams and Mitchell",2025-07-18,Always,208,63983.19,Pending,2025-01-23T14:36:04
1518,PO-21518,Mason-Arellano,2023-07-17,Free,81,69714.10,Received,2025-03-03T09:54:55
1519,PO-21519,Cook-Moore,2024-06-21,Talk,14,91717.21,Cancelled,2025-04-13T11:05:21
1520,PO-21520,Cross-Rogers,2025-04-13,Know,374,167409.81,Received,2025-09-28T04:33:52
1521,PO-21521,Rios Inc,2024-10-31,After,736,80695.17,Received,2024-02-16T14:37:36
1522,PO-21522,"Stein, Bell and Williams",2023-12-08,Perhaps,870,18398.28,Received,2023-10-02T13:50:33
1523,PO-21523,Martin Ltd,2023-04-02,Dark,1000,145592.47,Received,2025-09-08T05:55:02
1524,PO-21524,"Gay, Myers and Weiss",2024-07-19,Either,216,68074.11,Pending,2022-12-14T14:52:41
1525,PO-21525,Gentry Inc,2024-06-14,Feel,707,100912.55,Cancelled,2024-03-25T00:26:44
1526,PO-21526,Davis LLC,2023-03-12,Prevent,696,166813.42,Received,2025-04-21T20:37:56
1527,PO-21527,Herrera Ltd,2024-04-05,Long,832,29775.11,Received,2023-07-27T13:33:11
1528,PO-21528,Schroeder PLC,2023-01-02,Page,892,91470.61,Cancelled,2025-09-15T06:04:24
1529,PO-21529,"Cohen, Heath and Wade",2025-04-10,Into,104,131362.09,Pending,2025-04-16T17:28:11
1530,PO-21530,Anderson-Martin,2025-10-20,Sense,827,163853.86,Received,2024-06-24T07:44:31
1531,PO-21531,Patrick Inc,2025-08-26,Character,943,163749.48,Received,2025-03-10T04:01:45
1532,PO-21532,Jones Inc,2024-01-14,Factor,704,78687.25,Received,2022-12-30T22:32:20
1533,PO-21533,Hill-Jones,2025-01-27,Though,924,92634.35,Received,2023-06-20T00:00:13
1534,PO-21534,"Proctor, Krueger and Stone",2023-05-01,Develop,14,79521.18,Pending,2025-05-11T07:34:10
1535,PO-21535,Rose Ltd,2023-02-05,Already,393,71545.27,Cancelled,2024-10-29T00:54:48
1536,PO-21536,Collier-Mitchell,2023-10-12,Energy,402,22956.49,Pending,2025-10-30T02:15:17
1537,PO-21537,Bell-Oliver,2024-03-08,Service,87,11182.83,Cancelled,2024-11-13T15:06:54
1538,PO-21538,"Vargas, Bell and Stewart",2025-06-18,Everybody,844,81787.11,Cancelled,2023-01-25T22:51:01
1539,PO-21539,"Rhodes, Fox and Wilson",2024-09-03,Watch,400,119854.87,Cancelled,2023-05-07T22:53:16
1540,PO-21540,"Peters, Melton and Jimenez",2025-04-02,Discover,907,193851.83,Received,2025-05-05T20:25:09
1541,PO-21541,"Johnson, Brewer and Gentry",2023-02-02,Base,913,116949.13,Received,2023-08-18T21:34:13
1542,PO-21542,Thomas PLC,2022-11-17,Meeting,952,30905.92,Received,2023-10-30T17:17:17
1543,PO-21543,Wagner PLC,2024-05-19,Final,291,40210.52,Cancelled,2025-09-22T04:28:50
1544,PO-21544,Medina-Howard,2023-01-25,Itself,940,34470.08,Received,2023-09-26T13:32:22
1545,PO-21545,"Davis, Williams and Christian",2025-08-17,Could,86,68964.93,Pending,2024-12-29T17:54:08
1546,PO-21546,Mays and Sons,2023-05-16,Today,731,105386.22,Received,2025-10-01T14:01:08
1547,PO-21547,Hanson and Sons,2023-04-29,Exist,613,154009.48,Received,2025-05-15T06:35:15
1548,PO-21548,"Ellis, Morgan and Powell",2025-10-17,Mean,459,126187.31,Pending,2023-06-03T16:06:39
1549,PO-21549,"Shelton, Reynolds and Smith",2025-07-23,Clearly,512,147386.08,Pending,2025-05-11T18:43:46
1550,PO-21550,Williams Inc,2024-05-21,Church,717,49496.03,Cancelled,2024-12-24T12:10:33
1551,PO-21551,Ballard-Lewis,2024-10-07,Audience,964,11207.15,Pending,2024-07-13T06:21:05
1552,PO-21552,Sanchez PLC,2023-07-30,Response,979,93981.88,Cancelled,2025-10-18T08:45:36
1553,PO-21553,Rodriguez-Shea,2024-12-08,Best,966,85028.89,Received,2023-01-28T17:24:56
1554,PO-21554,"Lynch, Wells and Bennett",2023-02-05,Reflect,792,136709.78,Received,2024-06-11T08:51:35
1555,PO-21555,Brown LLC,2025-09-24,First,220,56587.08,Received,2025-03-15T05:41:18
1556,PO-21556,Davis PLC,2024-05-24,Last,38,41021.27,Cancelled,2023-11-13T22:14:03
1557,PO-21557,Perez-Kelly,2024-05-17,Sound,860,138201.70,Pending,2023-10-16T17:14:43
1558,PO-21558,"Lee, Nelson and Gray",2025-06-08,No,439,134510.24,Cancelled,2025-04-02T08:48:18
1559,PO-21559,Bennett-Lopez,2025-06-07,Name,680,72540.66,Received,2025-06-21T02:52:32
1560,PO-21560,"Walker, Reese and Ortiz",2025-04-10,Under,626,144210.67,Cancelled,2023-10-29T12:57:18
1561,PO-21561,"Smith, Parsons and Jackson",2023-12-02,Visit,643,182157.51,Pending,2024-09-20T16:18:45
1562,PO-21562,Gallegos-Meyers,2024-10-28,Fish,643,135582.06,Pending,2023-02-18T13:29:36
1563,PO-21563,Kirby-Johnson,2023-05-12,Cause,524,169219.28,Received,2023-02-10T01:24:15
1564,PO-21564,Haynes-Harrell,2024-04-18,Executive,309,110867.11,Received,2023-03-20T14:27:54
1565,PO-21565,Hernandez-Miller,2024-07-21,Party,386,1293.55,Cancelled,2024-06-01T02:33:42
1566,PO-21566,Willis-Forbes,2025-08-14,Customer,685,191410.80,Received,2024-02-03T23:13:12
1567,PO-21567,Martinez PLC,2025-06-24,Nothing,924,78277.67,Received,2023-07-05T12:21:08
1568,PO-21568,Howard Ltd,2023-09-06,Blood,819,167351.59,Pending,2024-04-21T15:32:39
1569,PO-21569,Cherry-Joseph,2024-09-10,Treatment,873,75197.53,Pending,2022-11-30T19:05:00
1570,PO-21570,"Dorsey, Villa and Andrews",2023-06-10,Cost,678,33830.67,Received,2025-02-01T20:46:17
1571,PO-21571,"Gutierrez, Owen and Soto",2023-03-04,To,134,107494.21,Received,2023-08-31T23:52:36
1572,PO-21572,"Hernandez, Wallace and Mack",2023-06-22,These,415,35758.93,Received,2025-01-06T20:59:15
1573,PO-21573,Ford-Francis,2022-11-16,Ask,101,183133.69,Cancelled,2024-06-07T20:41:53
1574,PO-21574,"Hart, Haley and Wood",2023-05-10,Group,146,17482.49,Pending,2025-09-27T19:42:15
1575,PO-21575,"Giles, Bauer and Martinez",2023-01-14,Skin,420,77486.90,Received,2024-08-30T04:47:52
1576,PO-21576,"Fischer, Schmitt and Newton",2023-04-11,Consumer,446,83784.34,Pending,2023-10-12T11:36:24
1577,PO-21577,Jones Ltd,2025-05-22,Land,622,11221.84,Cancelled,2025-03-23T19:07:10
1578,PO-21578,Cline Group,2022-11-24,Wide,795,168176.82,Received,2024-04-02T14:23:51
1579,PO-21579,Walters PLC,2023-01-04,Economy,925,31794.22,Cancelled,2024-03-13T12:52:18
1580,PO-21580,Johnston-Gomez,2023-07-03,Learn,507,151564.78,Cancelled,2023-06-03T01:38:38
1581,PO-21581,Madden-Hanna,2025-09-15,Hotel,200,82732.18,Cancelled,2023-06-10T12:12:59
1582,PO-21582,Taylor Inc,2023-09-01,Keep,457,82456.04,Received,2024-04-18T06:26:30
1583,PO-21583,Velazquez-Schwartz,2025-06-10,Detail,471,139676.84,Received,2025-09-08T19:03:52
1584,PO-21584,Cowan PLC,2023-02-24,Popular,362,138592.19,Cancelled,2023-03-14T15:04:40
1585,PO-21585,Mccarthy-Jacobs,2023-09-17,Quite,980,93944.34,Pending,2023-09-06T05:21:06
1586,PO-21586,"Ward, Castillo and Carter",2024-07-01,Prevent,427,51066.94,Pending,2025-10-05T03:56:50
1587,PO-21587,Mitchell Group,2025-06-16,Look,162,79021.27,Cancelled,2023-01-30T14:28:07
1588,PO-21588,Ward-Rodriguez,2024-07-12,Alone,676,148218.85,Pending,2023-10-21T16:03:16
1589,PO-21589,Gibson-Snyder,2023-03-21,Yet,838,39195.23,Cancelled,2024-01-11T20:09:38
1590,PO-21590,Griffin-Fields,2023-06-29,Term,723,51072.44,Received,2024-10-23T15:45:58
1591,PO-21591,Garza-Jones,2023-04-18,Worry,745,89744.33,Received,2025-04-05T07:07:13
1592,PO-21592,Smith-Wilson,2022-12-20,Behind,706,52548.48,Pending,2023-07-22T16:44:03
1593,PO-21593,"Robinson, Lopez and Franco",2025-10-06,Central,467,86125.03,Cancelled,2023-01-04T16:57:16
1594,PO-21594,Hancock-Daniels,2023-11-22,Quickly,736,181682.21,Received,2025-05-24T17:28:34
1595,PO-21595,Cruz LLC,2024-03-04,Special,99,60285.56,Cancelled,2024-12-03T11:22:50
1596,PO-21596,Little Ltd,2025-05-25,Front,652,14665.54,Cancelled,2025-04-16T06:32:29
1597,PO-21597,Bush-Leonard,2023-07-14,Section,610,180972.07,Received,2025-01-02T07:22:47
1598,PO-21598,Elliott-Crawford,2025-04-24,Before,941,129079.26,Cancelled,2023-05-07T15:17:38
1599,PO-21599,"Dominguez, Mcclain and Meyer",2023-09-12,Day,827,14246.54,Cancelled,2022-12-14T11:03:17
1600,PO-21600,"Cunningham, Michael and Flores",2023-05-29,Billion,251,40768.14,Cancelled,2023-07-11T14:53:38
1601,PO-21601,Richards-Hart,2024-06-10,Try,780,3432.09,Pending,2025-10-31T09:06:39
1602,PO-21602,Mcgee Inc,2025-04-02,Kid,227,126418.99,Cancelled,2023-08-31T11:19:42
1603,PO-21603,Davis-Watson,2025-03-27,Too,119,70175.65,Received,2025-07-04T20:35:24
1604,PO-21604,Garcia PLC,2023-08-26,Agent,993,96686.13,Received,2025-06-29T17:44:01
1605,PO-21605,Higgins-Morales,2025-07-09,Approach,198,164952.69,Cancelled,2024-11-16T23:38:04
1606,PO-21606,Rowe Ltd,2024-10-01,Strong,855,133915.59,Cancelled,2024-06-29T17:17:42
1607,PO-21607,Walker-Ryan,2023-04-21,Light,800,65671.64,Cancelled,2025-07-17T03:51:32
1608,PO-21608,Perez-Mitchell,2024-11-14,Oil,549,39890.37,Cancelled,2023-08-21T07:26:46
1609,PO-21609,Allen PLC,2023-11-26,Try,395,11548.65,Cancelled,2023-07-26T00:04:04
1610,PO-21610,May-Pugh,2024-10-28,North,413,137959.28,Received,2024-04-16T03:36:58
1611,PO-21611,"Smith, Mcdowell and Shields",2022-11-21,Those,633,109525.53,Cancelled,2025-04-24T09:40:25
1612,PO-21612,Young and Sons,2023-09-03,Rate,373,83367.81,Cancelled,2025-05-02T20:02:20
1613,PO-21613,Boyer Ltd,2025-04-11,Take,89,12750.28,Pending,2024-06-07T07:17:51
1614,PO-21614,Aguilar-Hunt,2024-06-29,Fight,14,188763.28,Cancelled,2025-06-29T07:34:05
1615,PO-21615,Howell-Lee,2023-08-07,Particularly,452,174947.31,Cancelled,2023-07-13T03:34:26
1616,PO-21616,Smith-Baker,2024-10-06,Agreement,395,42621.32,Cancelled,2025-06-30T12:34:21
1617,PO-21617,"Sellers, Martin and Holden",2025-06-17,Trade,672,152805.28,Received,2024-03-16T02:42:59
1618,PO-21618,Cardenas-White,2023-10-29,Ball,57,161389.64,Received,2023-06-10T10:20:12
1619,PO-21619,Wood-Gould,2022-12-02,Any,101,186354.14,Pending,2023-01-12T19:49:43
1620,PO-21620,"Schmidt, Vasquez and Burch",2024-09-30,Care,406,81183.23,Cancelled,2024-08-27T17:03:33
1621,PO-21621,Clarke Ltd,2023-07-23,Reduce,692,19584.47,Pending,2024-03-18T06:10:03
1622,PO-21622,White LLC,2024-10-29,Kitchen,407,40232.12,Received,2023-12-02T20:08:00
1623,PO-21623,"Perez, Jones and Sims",2024-10-11,Drop,539,69921.97,Cancelled,2024-03-11T16:33:07
1624,PO-21624,Torres Ltd,2025-05-13,Student,959,83900.99,Cancelled,2025-05-28T10:28:19
1625,PO-21625,Henderson-Ellis,2024-09-02,Way,829,150441.99,Pending,2024-11-12T06:23:32
1626,PO-21626,Walker-Black,2022-12-31,Sign,298,157025.42,Pending,2023-03-08T10:28:40
1627,PO-21627,Hull-Martin,2023-11-11,Appear,528,112403.12,Pending,2024-07-08T09:51:48
1628,PO-21628,Holland-Johnson,2023-02-05,Total,323,169018.25,Received,2024-06-24T12:53:40
1629,PO-21629,Meyer-Jenkins,2023-01-23,Size,917,52447.21,Cancelled,2023-09-04T03:08:44
1630,PO-21630,Smith-Flores,2023-07-23,Because,597,104580.45,Cancelled,2025-05-26T11:18:16
1631,PO-21631,Hernandez-Williams,2024-05-05,Small,497,72075.66,Cancelled,2023-09-26T20:52:45
1632,PO-21632,"Camacho, Ferrell and Fisher",2022-11-06,Appear,260,156415.59,Pending,2025-08-28T15:21:26
1633,PO-21633,"Jenkins, Lawson and Wilson",2023-03-19,Weight,174,60056.68,Cancelled,2025-03-05T13:00:18
1634,PO-21634,Anderson-Walsh,2025-09-23,Week,250,100364.05,Pending,2025-04-09T13:53:22
1635,PO-21635,"Medina, Shaffer and Rice",2023-06-08,Culture,847,43140.27,Cancelled,2024-06-07T23:59:25
1636,PO-21636,Jones Inc,2024-03-16,Member,613,151666.06,Received,2025-08-28T05:19:52
1637,PO-21637,Schultz-Price,2022-11-12,Great,582,137705.28,Received,2024-11-05T09:56:33
1638,PO-21638,"Blevins, Hull and Garcia",2022-11-18,Accept,686,56291.45,Received,2024-11-16T02:45:13
1639,PO-21639,"Ray, Schmidt and Benson",2022-12-20,Character,703,53783.96,Cancelled,2025-03-05T16:48:55
1640,PO-21640,"Mccormick, Anderson and Moore",2022-12-08,Sure,928,149723.06,Cancelled,2024-01-07T06:14:30
1641,PO-21641,"Lopez, Cortez and Jones",2025-01-25,Tend,24,68417.63,Cancelled,2023-09-29T18:21:40
1642,PO-21642,"Cortez, Montgomery and Paul",2024-06-12,Of,449,181369.06,Pending,2024-12-24T07:13:00
1643,PO-21643,"Howard, Kelley and Myers",2023-10-06,Explain,668,12483.59,Pending,2023-03-28T04:05:34
1644,PO-21644,Daniels Ltd,2023-05-17,Our,606,149334.30,Received,2023-09-14T19:52:20
1645,PO-21645,Frederick-Bennett,2024-12-01,Worry,136,79192.76,Received,2025-08-28T11:46:42
1646,PO-21646,Olson-Wagner,2024-01-31,Hundred,717,70545.38,Cancelled,2022-11-18T09:24:23
1647,PO-21647,"Spencer, Thompson and Moyer",2025-10-25,Hold,456,128034.49,Pending,2023-03-08T23:42:23
1648,PO-21648,Boone Inc,2024-03-20,Attorney,850,59047.40,Cancelled,2025-03-31T13:39:38
1649,PO-21649,Miller LLC,2025-08-20,Audience,656,80400.41,Pending,2024-04-08T15:57:31
1650,PO-21650,"Huerta, Chandler and Savage",2024-10-07,Seek,445,42891.58,Received,2025-08-10T21:07:00
1651,PO-21651,Barajas and Sons,2024-05-29,Take,114,27697.89,Pending,2023-11-20T02:23:36
1652,PO-21652,Wolf-Chen,2023-11-01,Difficult,422,39120.59,Received,2024-08-19T00:11:59
1653,PO-21653,Evans Inc,2024-03-21,Area,633,117097.46,Pending,2024-03-23T02:37:14
1654,PO-21654,Anderson Ltd,2023-10-20,Sort,901,17898.23,Received,2025-05-10T18:44:59
1655,PO-21655,Green-Park,2024-01-13,Look,249,39397.28,Pending,2022-12-27T13:17:09
1656,PO-21656,"Lewis, Mckinney and King",2024-03-05,Author,894,111998.36,Received,2024-02-12T03:33:24
1657,PO-21657,Buchanan and Sons,2024-06-10,Fast,406,110205.30,Pending,2025-05-03T22:35:23
1658,PO-21658,"Leach, Wolf and Stewart",2023-07-11,House,404,114243.52,Cancelled,2024-06-06T06:55:24
1659,PO-21659,"Vasquez, Williams and Wilson",2024-02-09,Should,342,89507.62,Cancelled,2022-12-19T12:40:07
1660,PO-21660,"Oconnor, Young and Robertson",2024-02-27,Seven,747,126562.60,Pending,2023-02-07T18:08:06
1661,PO-21661,Pham and Sons,2023-05-29,Stage,813,22942.30,Cancelled,2024-01-20T01:10:39
1662,PO-21662,"Brown, Webster and Mcmahon",2025-01-05,Character,35,168304.04,Pending,2024-01-09T08:06:58
1663,PO-21663,"Powell, Ortega and Bradford",2024-10-22,Source,277,40890.62,Received,2025-02-25T14:47:33
1664,PO-21664,Pearson-Morgan,2024-03-02,Style,158,121902.11,Pending,2023-03-02T16:43:24
1665,PO-21665,Watson and Sons,2025-05-20,Agree,745,64380.12,Pending,2024-07-30T10:34:02
1666,PO-21666,Lopez-Lee,2024-09-25,Several,127,170605.79,Received,2024-02-22T10:32:58
1667,PO-21667,Mendoza-Mcdonald,2023-08-26,Often,835,38910.90,Received,2023-05-14T08:53:22
1668,PO-21668,Gonzalez-Davis,2023-12-16,Left,982,89393.54,Pending,2023-11-05T05:31:02
1669,PO-21669,Fry-Caldwell,2023-08-10,Best,17,177910.54,Received,2023-07-19T00:24:14
1670,PO-21670,Pollard-Anderson,2024-10-04,Play,500,62053.64,Pending,2024-10-06T14:35:57
1671,PO-21671,Silva-Garcia,2024-12-04,Person,840,13818.72,Cancelled,2022-11-22T20:13:48
1672,PO-21672,"Hunt, Fisher and Williams",2024-11-22,According,548,84991.77,Received,2024-04-01T06:15:14
1673,PO-21673,Johnson-Velez,2024-05-17,Realize,517,37431.09,Cancelled,2023-08-09T22:25:01
1674,PO-21674,"Miller, Vasquez and Schmidt",2023-09-17,Pattern,462,153315.41,Cancelled,2024-05-20T14:31:33
1675,PO-21675,Sawyer and Sons,2025-04-14,Bar,680,102254.40,Pending,2023-05-14T20:13:04
1676,PO-21676,"Brewer, Young and Reyes",2025-08-13,Raise,146,196602.41,Received,2025-07-06T23:50:29
1677,PO-21677,"Baldwin, Gonzalez and Butler",2023-03-30,While,412,61966.28,Cancelled,2025-05-27T11:22:42
1678,PO-21678,Pratt Inc,2023-06-05,Performance,336,176149.28,Pending,2025-10-12T10:23:23
1679,PO-21679,Perry-Lewis,2025-03-16,Need,913,23882.68,Pending,2024-08-03T18:24:35
1680,PO-21680,Thomas and Sons,2024-02-13,Smile,482,79690.04,Cancelled,2023-02-10T23:38:29
1681,PO-21681,Sawyer PLC,2023-11-15,About,719,11177.32,Pending,2024-07-03T09:04:51
1682,PO-21682,Green Ltd,2024-03-17,Identify,16,153143.35,Cancelled,2023-06-17T13:59:13
1683,PO-21683,Brewer-White,2023-06-18,Still,592,77157.46,Cancelled,2023-12-20T23:07:44
1684,PO-21684,Macias-Pollard,2023-08-22,Itself,588,87260.17,Received,2025-05-06T20:07:22
1685,PO-21685,Villa-Jacobson,2025-07-02,Go,271,45603.60,Received,2025-09-07T19:41:16
1686,PO-21686,"Williams, Small and Green",2024-11-18,Third,829,117241.91,Pending,2025-02-07T08:24:21
1687,PO-21687,Cowan-Ramsey,2024-05-01,Thing,285,72826.47,Cancelled,2024-04-07T15:43:54
1688,PO-21688,Summers-Johnson,2024-05-03,Draw,955,98586.18,Pending,2025-02-07T09:30:27
1689,PO-21689,Lam PLC,2025-05-10,Impact,417,140218.24,Pending,2024-01-02T21:00:59
1690,PO-21690,"Hunt, Huffman and Black",2023-08-26,Production,963,172140.36,Cancelled,2023-07-16T19:14:25
1691,PO-21691,Miller LLC,2024-05-03,Policy,659,167803.54,Pending,2023-01-19T05:13:34
1692,PO-21692,Ramirez-Kelly,2025-01-03,Score,252,77894.36,Received,2025-03-02T16:15:46
1693,PO-21693,May Ltd,2025-02-24,Camera,696,191572.04,Pending,2023-05-24T13:30:31
1694,PO-21694,"James, Calhoun and King",2024-10-22,President,769,139286.38,Pending,2022-11-17T12:47:59
1695,PO-21695,"Smith, Schmidt and Wallace",2025-08-01,Turn,865,48553.45,Pending,2023-07-18T13:00:05
1696,PO-21696,Murillo Inc,2024-01-20,Marriage,219,13954.24,Pending,2024-08-13T12:15:12
1697,PO-21697,"Bowman, Pierce and May",2025-04-16,Travel,23,45639.61,Received,2023-12-19T21:59:30
1698,PO-21698,"Simpson, Pitts and Freeman",2025-04-26,Rich,509,31949.52,Cancelled,2023-02-23T00:46:33
1699,PO-21699,"King, Shah and Adams",2025-04-28,Security,290,88262.75,Pending,2025-03-14T13:33:10
1700,PO-21700,Goodwin LLC,2023-02-05,Money,556,17316.41,Cancelled,2025-04-05T00:30:18
1701,PO-21701,Holt PLC,2024-11-03,Glass,44,39585.40,Pending,2023-09-16T16:57:33
1702,PO-21702,"Zimmerman, Martinez and Smith",2025-05-06,Eat,213,144925.39,Received,2023-04-06T23:16:59
1703,PO-21703,"Johnson, Baker and Taylor",2025-07-18,Language,993,25630.53,Received,2025-01-12T04:17:45
1704,PO-21704,Roach-Gallegos,2022-11-30,Best,150,101548.46,Cancelled,2025-02-21T22:38:03
1705,PO-21705,"Jones, Davidson and Davis",2022-12-31,Old,352,146089.11,Cancelled,2023-11-04T10:07:28
1706,PO-21706,Zuniga-Rangel,2023-10-06,Check,10,54946.84,Received,2022-12-05T11:52:45
1707,PO-21707,"Wolfe, Alvarado and Rice",2024-05-20,Happy,915,188828.29,Received,2025-07-30T16:20:24
1708,PO-21708,Adkins-Huerta,2023-04-22,One,834,194545.59,Pending,2023-06-28T11:45:01
1709,PO-21709,Mathews PLC,2024-08-09,Option,644,15397.73,Received,2024-01-31T09:04:28
1710,PO-21710,Mcdonald PLC,2024-02-05,Condition,539,143926.91,Cancelled,2023-07-10T22:09:08
1711,PO-21711,"James, Lowery and Ruiz",2022-11-08,While,229,116965.17,Pending,2024-10-28T03:57:28
1712,PO-21712,Merritt PLC,2022-12-03,Require,833,13085.71,Received,2022-12-11T08:21:00
1713,PO-21713,Rivera Group,2025-04-21,Guess,809,49312.81,Received,2025-04-02T15:04:39
1714,PO-21714,Gonzalez Inc,2025-05-18,Data,508,110105.06,Cancelled,2024-09-03T14:11:02
1715,PO-21715,"Lewis, Golden and Coleman",2024-03-30,Different,463,46780.39,Cancelled,2023-09-28T12:07:36
1716,PO-21716,"Johnson, Harris and Hernandez",2023-01-29,Anything,698,195165.28,Received,2022-11-07T12:29:00
1717,PO-21717,Martinez PLC,2025-05-21,Read,388,187331.07,Received,2023-12-13T20:59:35
1718,PO-21718,Lowe-Howe,2025-08-24,Interest,439,186436.23,Received,2024-04-08T03:12:44
1719,PO-21719,Fitzgerald-Williamson,2022-11-14,Poor,544,25784.73,Pending,2025-08-08T18:32:52
1720,PO-21720,Booker-Kemp,2024-11-22,Plant,56,198529.31,Cancelled,2025-08-05T03:09:08
1721,PO-21721,Roberts Ltd,2023-07-08,Professor,500,41793.24,Pending,2024-05-18T12:20:09
1722,PO-21722,"Pena, Mcknight and Randall",2024-01-17,Safe,246,180126.62,Received,2024-10-22T02:17:12
1723,PO-21723,"Wade, Scott and Carlson",2025-04-12,Check,815,98848.42,Received,2023-01-08T21:34:55
1724,PO-21724,"Robbins, Griffin and Boyd",2025-02-17,Wonder,870,194192.66,Pending,2023-03-24T15:50:20
1725,PO-21725,Goodwin-Jones,2025-09-25,Administration,520,132752.22,Pending,2023-12-13T09:16:36
1726,PO-21726,"Parker, Blake and Rodriguez",2023-07-25,Strategy,538,103666.85,Pending,2025-03-09T23:05:16
1727,PO-21727,Buckley-Allen,2024-03-31,Skin,381,134491.87,Pending,2024-08-29T15:35:48
1728,PO-21728,Stevenson Inc,2023-09-03,Behind,290,53166.65,Cancelled,2025-08-28T14:59:29
1729,PO-21729,Lopez Group,2025-06-05,Process,775,67445.24,Received,2024-07-12T05:26:10
1730,PO-21730,Deleon LLC,2024-06-22,Actually,260,32796.77,Pending,2024-12-22T23:01:30
1731,PO-21731,Perry Ltd,2025-07-06,Score,377,126754.15,Cancelled,2023-05-14T05:56:27
1732,PO-21732,Hunter PLC,2023-07-04,Radio,974,95902.19,Received,2024-02-26T11:16:37
1733,PO-21733,Clark-Hampton,2025-05-20,Head,177,19540.52,Cancelled,2025-08-08T06:16:44
1734,PO-21734,"Lee, Underwood and Holloway",2023-04-29,Together,273,46719.58,Cancelled,2024-01-14T12:34:13
1735,PO-21735,Ramos-Hayes,2025-08-17,Would,46,69700.96,Received,2023-05-07T05:41:06
1736,PO-21736,Johnston-Gonzalez,2023-02-22,Skill,703,157191.39,Cancelled,2025-04-10T01:12:16
1737,PO-21737,Gomez-Morrison,2024-06-19,Quickly,665,145588.57,Cancelled,2025-01-16T02:03:31
1738,PO-21738,Calhoun-Jones,2023-05-21,Child,524,118033.54,Pending,2025-02-01T04:10:17
1739,PO-21739,"Austin, Thompson and Cook",2025-08-04,Personal,7,175440.06,Cancelled,2025-03-16T07:09:14
1740,PO-21740,"Herrera, Cole and Castaneda",2024-08-26,Hair,779,166002.68,Pending,2024-06-22T05:31:36
1741,PO-21741,King-Moore,2025-01-05,Yourself,933,107162.45,Cancelled,2023-06-01T15:26:38
1742,PO-21742,Douglas-Rowe,2025-08-25,Dream,480,73554.26,Cancelled,2025-05-26T03:17:16
1743,PO-21743,Reed-Martinez,2025-05-14,Idea,963,44057.59,Cancelled,2023-05-18T05:53:54
1744,PO-21744,Johnson Group,2023-08-28,Do,235,131941.01,Cancelled,2024-11-10T03:35:33
1745,PO-21745,Sandoval LLC,2024-10-22,City,605,110514.39,Received,2024-06-20T20:38:38
1746,PO-21746,"Reyes, Morton and Pitts",2023-01-17,Read,785,75195.10,Received,2023-04-24T21:05:34
1747,PO-21747,Collier-Cross,2025-05-04,Occur,803,1837.51,Pending,2023-10-08T10:19:43
1748,PO-21748,Tucker-Moore,2025-06-27,Medical,883,151469.30,Received,2025-08-21T00:51:35
1749,PO-21749,"Harris, Brock and Petty",2024-09-29,Fire,186,95842.41,Cancelled,2023-05-10T04:16:40
1750,PO-21750,"Riley, Brewer and Galloway",2023-06-01,Trial,528,47972.14,Received,2024-06-15T13:28:22
1751,PO-21751,Lopez LLC,2025-02-07,List,769,195226.12,Received,2023-02-24T03:38:17
1752,PO-21752,Lloyd Inc,2024-08-21,Near,755,165265.56,Cancelled,2025-03-09T09:02:35
1753,PO-21753,Stephens Inc,2024-04-29,Group,899,125742.17,Received,2023-02-03T11:17:55
1754,PO-21754,Lucas-Hernandez,2025-08-14,Heart,648,39455.16,Pending,2024-12-03T05:26:44
1755,PO-21755,Morris-May,2024-12-14,Much,802,152792.64,Cancelled,2024-01-03T08:02:41
1756,PO-21756,Martin-Gomez,2023-05-23,Something,9,182992.31,Received,2024-08-27T21:04:02
1757,PO-21757,"Jones, Garrison and Hill",2024-05-31,Really,223,185969.51,Received,2024-09-16T14:06:03
1758,PO-21758,"Boyer, Smith and Garcia",2024-03-11,Town,237,50392.39,Cancelled,2024-04-10T20:19:19
1759,PO-21759,"Webb, Mason and Yoder",2023-09-03,Admit,82,187166.09,Cancelled,2024-06-19T04:06:36
1760,PO-21760,Richardson-Johnson,2023-11-25,Need,397,99106.79,Pending,2024-05-23T05:13:21
1761,PO-21761,"Brown, Hamilton and Perez",2024-07-09,Whatever,264,156149.91,Received,2025-07-04T20:59:03
1762,PO-21762,Mitchell-Sawyer,2024-01-12,Against,668,133067.32,Cancelled,2025-05-16T05:25:52
1763,PO-21763,"Sanders, Allen and Johnson",2023-05-20,Fine,64,68975.64,Cancelled,2025-06-19T03:45:10
1764,PO-21764,Miller PLC,2024-06-21,Theory,822,140535.23,Received,2023-04-18T18:46:29
1765,PO-21765,"Garcia, Peterson and Kim",2025-07-08,We,357,157449.74,Cancelled,2023-03-30T03:44:53
1766,PO-21766,Olson-Rubio,2023-01-31,Personal,176,74158.83,Pending,2025-08-11T08:33:55
1767,PO-21767,Rogers PLC,2023-06-07,Treat,968,52451.17,Pending,2025-05-23T00:44:19
1768,PO-21768,"Klein, Mcmillan and Hubbard",2022-12-21,Enough,294,109297.79,Cancelled,2024-02-29T21:56:15
1769,PO-21769,Smith-Sandoval,2025-08-14,Perhaps,459,51816.40,Cancelled,2024-01-04T03:33:52
1770,PO-21770,Williams Group,2025-05-09,Perhaps,178,19388.20,Cancelled,2024-11-19T15:49:17
1771,PO-21771,"Cole, Parker and Cline",2023-02-25,Partner,587,40528.31,Cancelled,2023-11-13T11:45:08
1772,PO-21772,West-Ross,2024-04-26,Debate,41,69346.00,Received,2023-03-07T22:47:45
1773,PO-21773,Rodriguez-Cruz,2023-09-13,That,399,153239.90,Received,2023-11-24T01:23:40
1774,PO-21774,Ramirez and Sons,2024-05-24,Memory,827,120297.50,Received,2023-09-18T12:07:56
1775,PO-21775,"Schroeder, Aguirre and Martinez",2023-02-14,Opportunity,823,76015.22,Cancelled,2024-01-07T16:44:31
1776,PO-21776,Torres-Green,2023-06-25,Change,956,55955.34,Pending,2025-05-01T05:47:47
1777,PO-21777,Lee Inc,2024-09-16,Surface,394,64494.18,Received,2024-05-20T09:17:21
1778,PO-21778,Flores-Porter,2024-05-17,Coach,65,52057.03,Cancelled,2024-03-08T05:40:50
1779,PO-21779,"Garcia, Yang and Horton",2024-11-12,First,511,180078.13,Cancelled,2023-08-10T00:37:56
1780,PO-21780,"Tucker, Hart and Walker",2024-10-12,General,464,152598.31,Cancelled,2023-02-21T17:58:28
1781,PO-21781,"Morrison, Watson and Adams",2024-03-24,Walk,734,23719.21,Received,2025-05-01T19:53:11
1782,PO-21782,"Stewart, Mcdonald and Lewis",2024-04-17,Know,411,82304.28,Pending,2023-06-06T01:45:17
1783,PO-21783,Washington Ltd,2025-08-22,Quite,422,180875.42,Received,2025-10-08T18:26:47
1784,PO-21784,"Reynolds, Hunt and Foster",2025-07-16,Society,434,43662.03,Pending,2023-04-06T16:43:07
1785,PO-21785,"Montgomery, Burgess and Hall",2025-03-31,Senior,185,187781.63,Received,2024-09-22T08:12:34
1786,PO-21786,"Turner, Porter and Parker",2023-11-26,Decade,930,150719.97,Cancelled,2023-04-13T13:54:14
1787,PO-21787,"Woods, Cooper and Smith",2023-03-18,Report,654,188285.89,Cancelled,2024-06-19T05:43:29
1788,PO-21788,Johnson Ltd,2025-07-29,Between,755,82937.90,Pending,2025-10-28T09:54:22
1789,PO-21789,"Morris, Joyce and Patterson",2023-12-26,Simple,344,96136.37,Received,2025-04-04T01:30:44
1790,PO-21790,Little-Rios,2024-09-14,Again,430,78248.30,Pending,2025-10-09T05:05:45
1791,PO-21791,Larson LLC,2025-09-02,Information,437,167764.78,Pending,2024-10-17T13:28:14
1792,PO-21792,"Morris, Castillo and Wright",2023-08-02,Office,225,184188.20,Pending,2024-06-09T16:46:12
1793,PO-21793,Smith Ltd,2025-01-08,Along,114,127693.75,Cancelled,2023-02-11T21:09:53
1794,PO-21794,Hunter PLC,2024-02-03,Heavy,171,55491.98,Cancelled,2025-05-07T17:15:18
1795,PO-21795,Allison PLC,2024-06-27,Tv,440,16453.47,Received,2022-12-16T05:39:54
1796,PO-21796,"Parker, Lee and Collins",2025-05-18,Page,495,122272.47,Cancelled,2022-12-01T09:46:22
1797,PO-21797,Garrett Inc,2025-10-25,Cut,879,177436.80,Received,2025-06-07T00:52:44
1798,PO-21798,"Griffin, Johnson and Garcia",2024-02-07,Worry,706,142111.72,Cancelled,2025-01-25T01:27:58
1799,PO-21799,Cunningham Inc,2025-03-12,Book,695,69649.19,Cancelled,2024-08-31T04:41:39
1800,PO-21800,Jackson-Wright,2023-06-02,Whole,609,82244.61,Pending,2025-02-28T09:47:11
1801,PO-21801,"Frost, Coleman and Spears",2023-03-20,Treat,708,31777.56,Cancelled,2024-02-14T11:05:30
1802,PO-21802,Salazar-Bender,2025-04-02,Among,430,188345.93,Cancelled,2024-10-31T07:17:59
1803,PO-21803,"Huang, Grant and Roberts",2025-04-06,Morning,603,126287.09,Cancelled,2025-03-05T03:26:18
1804,PO-21804,"Roberts, Williams and Mckenzie",2024-11-28,Main,148,183191.38,Received,2025-08-10T03:04:34
1805,PO-21805,Barker Ltd,2024-11-25,Indicate,113,5575.44,Cancelled,2025-02-11T06:49:05
1806,PO-21806,Rodgers-Miller,2025-10-18,Wife,429,2301.54,Pending,2024-08-11T10:49:28
1807,PO-21807,Miller Group,2024-04-28,Always,203,45212.27,Cancelled,2024-06-21T22:59:08
1808,PO-21808,"Espinoza, Dillon and Joseph",2025-10-06,Finally,522,4112.59,Received,2023-07-27T10:19:14
1809,PO-21809,Schneider-Rodriguez,2025-01-01,Blood,726,198671.33,Pending,2024-09-15T20:52:14
1810,PO-21810,"Smith, Brown and Mitchell",2023-04-29,Tax,947,98172.64,Pending,2024-07-20T04:54:38
1811,PO-21811,"Ramos, Spears and Rogers",2022-11-22,Dinner,132,54569.11,Cancelled,2023-11-27T22:19:51
1812,PO-21812,Townsend-Walton,2023-08-18,Ever,932,151164.04,Received,2023-06-08T13:54:20
1813,PO-21813,Garcia-Molina,2025-02-28,Particular,984,108095.60,Cancelled,2023-10-31T20:45:14
1814,PO-21814,Tate-Hudson,2022-11-17,Guy,736,19620.05,Received,2025-06-21T03:43:59
1815,PO-21815,"Rice, Rose and Hill",2024-08-27,Night,138,68819.49,Received,2025-06-28T02:11:58
1816,PO-21816,Reeves-Keller,2025-10-20,Lay,942,148918.36,Cancelled,2024-06-21T06:51:06
1817,PO-21817,Palmer-White,2023-09-25,Statement,867,197977.39,Pending,2022-12-07T16:17:27
1818,PO-21818,Glover Ltd,2024-10-07,Such,516,73694.59,Pending,2024-09-22T12:14:45
1819,PO-21819,Williams-Palmer,2024-10-14,Thought,275,133973.24,Received,2024-03-18T05:33:02
1820,PO-21820,Walters Ltd,2025-04-14,I,453,93168.53,Pending,2023-04-24T22:44:25
1821,PO-21821,James LLC,2023-05-27,Officer,394,40551.85,Cancelled,2025-08-12T16:19:37
1822,PO-21822,Jackson Inc,2024-05-02,Traditional,324,123111.27,Pending,2023-12-11T14:39:39
1823,PO-21823,Horton-Avila,2024-06-26,Shoulder,537,10138.11,Received,2025-07-24T06:01:43
1824,PO-21824,Mathews Inc,2023-12-13,Administration,146,130155.94,Received,2024-03-26T01:32:36
1825,PO-21825,Thomas-Clayton,2022-11-24,Body,524,150211.52,Pending,2025-06-14T08:30:30
1826,PO-21826,Griffith and Sons,2024-04-28,Company,96,103717.70,Cancelled,2024-02-05T10:56:33
1827,PO-21827,Knight Ltd,2023-10-25,Indeed,68,113222.23,Cancelled,2024-07-21T07:37:36
1828,PO-21828,Kelly and Sons,2024-04-20,Environmental,237,137273.74,Received,2023-05-10T10:20:14
1829,PO-21829,Craig Inc,2022-12-16,Standard,792,154028.08,Cancelled,2024-01-14T00:51:39
1830,PO-21830,Shelton Ltd,2024-03-22,Church,701,53735.20,Pending,2023-02-21T09:12:57
1831,PO-21831,Irwin Group,2025-08-20,Necessary,445,128242.50,Pending,2023-01-05T01:54:25
1832,PO-21832,Roberson Inc,2025-03-06,Rather,685,102593.19,Pending,2022-11-30T16:23:05
1833,PO-21833,"Thompson, Lawrence and Mccall",2023-11-07,Decade,341,132355.45,Cancelled,2024-04-21T08:28:26
1834,PO-21834,Martin-Rivers,2023-05-14,Might,556,149313.06,Received,2023-02-03T22:12:36
1835,PO-21835,Long Inc,2023-07-04,College,289,126851.97,Pending,2023-09-12T10:23:19
1836,PO-21836,King PLC,2023-12-18,Whatever,384,129131.12,Pending,2023-09-15T22:45:31
1837,PO-21837,Barrett-Watkins,2025-09-05,Case,872,185445.66,Cancelled,2025-08-10T04:16:57
1838,PO-21838,Miller Inc,2023-04-29,Between,814,63043.23,Cancelled,2024-09-12T10:52:59
1839,PO-21839,"Trevino, Greene and Lopez",2023-02-28,Music,298,31872.24,Pending,2025-06-04T07:54:30
1840,PO-21840,Martin-Patterson,2025-04-27,It,307,122215.49,Received,2025-01-14T21:21:08
1841,PO-21841,"West, Ritter and Rios",2024-05-10,Land,644,50245.71,Cancelled,2022-11-20T14:17:19
1842,PO-21842,Roberts-Taylor,2025-06-24,Identify,184,100766.36,Received,2024-09-05T04:10:58
1843,PO-21843,Evans Inc,2025-09-19,Stand,949,93552.89,Received,2023-03-19T08:31:35
1844,PO-21844,Hicks PLC,2024-03-18,Hour,444,90275.12,Pending,2025-04-09T06:30:23
1845,PO-21845,Riley and Sons,2022-11-15,Plant,769,104170.15,Received,2024-12-26T20:21:14
1846,PO-21846,Reyes-Morales,2025-02-20,Country,574,103420.25,Received,2023-06-11T14:03:48
1847,PO-21847,Butler and Sons,2023-11-12,Me,993,68537.06,Cancelled,2024-07-24T14:55:40
1848,PO-21848,Reed-Morris,2025-04-12,Experience,218,151009.05,Pending,2025-06-12T17:58:50
1849,PO-21849,"Woodward, Garcia and Martinez",2024-12-03,Floor,689,61371.34,Pending,2025-04-24T03:32:53
1850,PO-21850,Bush-Davis,2025-07-31,Seek,883,199228.66,Pending,2025-09-15T21:48:24
1851,PO-21851,Daniels-Walls,2024-04-01,Body,761,177546.20,Received,2024-04-20T04:48:55
1852,PO-21852,"Nelson, Barnes and Stevenson",2025-08-28,About,209,37660.41,Pending,2023-09-14T01:57:16
1853,PO-21853,Vargas Inc,2024-03-08,Gun,987,79081.90,Received,2023-11-22T10:25:08
1854,PO-21854,Perry-Valdez,2023-09-16,Accept,860,10433.34,Pending,2023-01-19T01:33:55
1855,PO-21855,Brown-Shaffer,2024-04-17,President,616,127142.53,Received,2023-09-06T01:09:47
1856,PO-21856,Davis-Daniel,2024-05-21,Then,294,112428.70,Pending,2024-07-30T05:46:18
1857,PO-21857,Owens-Beltran,2025-03-19,Detail,787,193004.76,Pending,2023-10-21T11:47:48
1858,PO-21858,Donovan Ltd,2025-02-28,Chance,534,59363.86,Received,2024-02-01T14:12:43
1859,PO-21859,"York, Smith and Turner",2025-08-24,Feeling,240,71339.30,Cancelled,2023-08-10T21:35:03
1860,PO-21860,Velazquez Inc,2023-03-27,High,112,114364.50,Pending,2023-01-13T04:50:29
1861,PO-21861,Rivera Inc,2023-01-05,Quite,96,63167.81,Cancelled,2025-03-27T03:33:54
1862,PO-21862,"Vang, Wells and Gregory",2023-09-14,Production,520,85629.00,Received,2023-09-03T08:55:41
1863,PO-21863,Gordon-Cannon,2023-10-25,Soon,722,55250.44,Cancelled,2025-05-31T20:45:47
1864,PO-21864,"Patel, Carpenter and Smith",2024-07-15,Some,847,150302.71,Cancelled,2023-11-16T01:08:16
1865,PO-21865,Pierce Inc,2025-04-22,This,968,86671.78,Pending,2025-05-24T06:13:42
1866,PO-21866,Nelson LLC,2025-03-28,Note,13,157942.24,Received,2025-06-12T23:56:29
1867,PO-21867,Lopez-Edwards,2024-06-20,Could,152,135014.34,Cancelled,2024-03-18T22:56:35
1868,PO-21868,"Thomas, Dean and Ortiz",2023-02-26,Thus,459,5521.54,Pending,2024-06-19T08:19:36
1869,PO-21869,Adams-Thomas,2023-11-01,Fact,589,9580.57,Pending,2023-08-04T10:41:56
1870,PO-21870,"Pitts, Williams and Stevenson",2023-10-24,Choice,293,85368.07,Received,2023-10-24T19:20:50
1871,PO-21871,"Barrera, Fernandez and Carpenter",2023-01-05,Role,156,180865.14,Pending,2025-08-01T01:58:10
1872,PO-21872,Tran PLC,2022-11-27,Road,644,132860.03,Pending,2024-08-06T17:38:11
1873,PO-21873,Harrell LLC,2023-03-10,See,893,30317.63,Received,2025-03-18T15:04:30
1874,PO-21874,"Petersen, Small and Rivera",2024-11-23,Foot,158,50522.44,Pending,2025-07-30T04:29:10
1875,PO-21875,"Frazier, Freeman and Merritt",2025-02-26,Enough,473,82998.28,Pending,2025-08-11T00:27:39
1876,PO-21876,Michael LLC,2023-08-31,Country,859,121930.07,Pending,2025-07-14T06:07:02
1877,PO-21877,Dougherty LLC,2023-06-24,Off,741,198244.40,Pending,2025-05-10T21:21:39
1878,PO-21878,Harrison-Hart,2025-04-16,Sell,435,83760.08,Received,2022-11-23T00:47:10
1879,PO-21879,Holmes PLC,2024-09-11,These,267,73448.29,Received,2022-11-25T10:37:09
1880,PO-21880,Figueroa-Montoya,2024-09-07,Alone,903,128570.57,Cancelled,2025-06-25T05:47:56
1881,PO-21881,Williams Ltd,2023-04-08,Speak,431,156521.78,Pending,2023-12-20T06:30:29
1882,PO-21882,Patel-Nelson,2023-07-06,Woman,945,37969.20,Pending,2023-06-25T16:35:42
1883,PO-21883,Thompson-Davis,2025-10-21,Security,451,9447.68,Pending,2024-04-22T21:25:27
1884,PO-21884,"Taylor, Wilcox and Murphy",2023-01-28,Focus,580,181185.80,Received,2023-09-11T04:13:29
1885,PO-21885,Medina Group,2024-02-27,Newspaper,995,143185.69,Received,2024-01-28T22:03:32
1886,PO-21886,Bell PLC,2024-08-06,You,496,155391.68,Received,2023-06-21T05:20:48
1887,PO-21887,"Bishop, Powers and Miller",2023-10-17,Bed,240,181703.96,Cancelled,2024-12-21T23:43:02
1888,PO-21888,Mason-Wells,2024-11-18,Wonder,975,145304.30,Received,2025-10-22T00:11:30
1889,PO-21889,"Johnson, Becker and Pacheco",2025-07-13,Interesting,794,140146.96,Cancelled,2022-11-13T22:11:18
1890,PO-21890,Reed Inc,2024-10-19,Response,262,137571.18,Received,2023-08-15T04:48:47
1891,PO-21891,Jones-Mosley,2025-10-30,Test,96,195076.54,Received,2023-12-07T07:17:33
1892,PO-21892,Thompson-Barrera,2024-02-18,Day,663,154103.27,Cancelled,2023-12-28T17:21:27
1893,PO-21893,Kennedy-Hill,2024-12-09,Bag,706,175107.17,Cancelled,2024-07-14T19:44:52
1894,PO-21894,Thomas LLC,2024-08-14,Agree,359,170751.23,Cancelled,2024-08-28T05:20:59
1895,PO-21895,Aguirre LLC,2023-04-30,Speech,658,80724.39,Pending,2024-07-09T09:47:06
1896,PO-21896,Johnston LLC,2025-10-04,Dark,705,12563.63,Cancelled,2024-12-28T00:41:24
1897,PO-21897,Payne-Thomas,2023-10-10,Even,484,168394.78,Cancelled,2025-05-07T19:37:39
1898,PO-21898,Barrett-Glover,2022-12-13,Give,83,100271.21,Received,2023-09-26T21:34:27
1899,PO-21899,Rosales PLC,2025-02-06,Development,821,65838.13,Cancelled,2023-12-22T11:50:34
1900,PO-21900,Horn PLC,2023-10-21,Exist,780,17729.15,Cancelled,2023-01-08T22:45:38
1901,PO-21901,Kelly Inc,2023-05-06,Drop,604,157693.43,Cancelled,2022-12-20T17:15:46
1902,PO-21902,"Heath, Castillo and Lee",2025-03-06,Fly,646,180617.73,Pending,2025-06-14T20:43:49
1903,PO-21903,"Stephenson, Boyd and Carter",2024-02-22,Account,242,120424.61,Received,2025-03-04T14:49:03
1904,PO-21904,Lindsey Inc,2023-02-01,Amount,531,53501.16,Cancelled,2022-11-25T11:22:41
1905,PO-21905,"Murphy, Watkins and Mccormick",2023-04-06,Receive,664,92611.87,Cancelled,2024-08-31T15:26:22
1906,PO-21906,Bishop-Walker,2025-06-30,Economic,373,95390.31,Received,2024-11-22T11:14:31
1907,PO-21907,Smith-Brown,2023-05-01,Nearly,879,80488.39,Pending,2024-05-30T04:18:01
1908,PO-21908,Vang-Foley,2025-06-18,In,780,21274.63,Pending,2024-11-27T08:37:36
1909,PO-21909,"King, Wagner and Rodriguez",2023-08-28,True,849,3772.00,Received,2025-08-12T16:24:19
1910,PO-21910,Reid-Collins,2025-03-10,Central,724,156918.27,Cancelled,2024-06-28T20:42:28
1911,PO-21911,"Pope, Cummings and Trujillo",2023-11-04,Discuss,774,58314.70,Received,2025-02-07T05:43:29
1912,PO-21912,Gordon-Carpenter,2024-01-26,We,672,65736.91,Received,2024-07-03T15:16:05
1913,PO-21913,Smith PLC,2023-08-27,Job,529,67874.31,Cancelled,2024-07-09T08:54:50
1914,PO-21914,Martinez Inc,2023-05-21,Contain,40,162005.72,Pending,2024-10-23T21:05:27
1915,PO-21915,Fisher-Chen,2022-12-18,Name,923,88868.12,Pending,2024-04-07T03:35:03
1916,PO-21916,Carter-Mills,2023-02-22,Rich,911,108409.01,Received,2025-08-28T10:12:49
1917,PO-21917,Stevens Group,2025-10-23,Usually,961,175181.53,Received,2023-06-27T19:09:26
1918,PO-21918,"Sanchez, Hunt and Williams",2025-09-02,Chair,434,169354.14,Cancelled,2024-06-14T18:09:57
1919,PO-21919,Norman-Mckinney,2022-12-10,Become,85,10862.22,Received,2023-01-08T06:16:14
1920,PO-21920,Gill-Salazar,2025-09-24,Develop,649,58718.78,Pending,2025-05-02T09:07:46
1921,PO-21921,"Anderson, Horton and Anderson",2025-01-02,Out,483,159237.25,Cancelled,2022-11-30T06:55:37
1922,PO-21922,Harris LLC,2025-05-03,Raise,199,89252.95,Cancelled,2025-05-24T11:01:53
1923,PO-21923,"Keller, Alexander and Meyer",2023-03-13,Miss,434,27617.07,Pending,2023-02-16T00:59:58
1924,PO-21924,Ramirez-Peterson,2024-09-16,Who,114,144752.17,Received,2025-03-29T05:47:32
1925,PO-21925,Keller Group,2024-04-10,Look,484,875.38,Pending,2025-06-23T03:43:47
1926,PO-21926,"Riley, Herrera and Casey",2022-12-17,Voice,995,29168.42,Cancelled,2025-05-06T15:10:12
1927,PO-21927,Hubbard-Mitchell,2024-06-05,Case,19,149529.79,Received,2024-12-14T12:17:57
1928,PO-21928,Dean-Williams,2025-02-20,History,926,141059.12,Pending,2024-12-25T08:38:35
1929,PO-21929,"Johns, Garcia and Perez",2023-01-28,Wonder,640,25806.16,Received,2022-11-11T03:04:25
1930,PO-21930,Arnold and Sons,2025-09-26,Here,603,32515.97,Pending,2024-01-25T11:06:37
1931,PO-21931,"Watts, Gonzalez and Ware",2024-09-29,Senior,398,26848.48,Pending,2024-12-12T00:51:04
1932,PO-21932,Esparza Group,2024-04-29,Skill,238,57856.40,Pending,2023-03-24T23:36:23
1933,PO-21933,Johnson-Sloan,2025-02-07,Much,258,143085.51,Received,2023-07-31T22:12:08
1934,PO-21934,"Wilson, Buckley and Gentry",2023-04-23,Land,448,45878.95,Pending,2025-02-07T21:40:46
1935,PO-21935,Howe-Johnson,2024-12-24,Today,722,118449.63,Received,2023-01-04T19:04:56
1936,PO-21936,Small-Green,2023-03-27,Policy,135,198924.90,Pending,2023-01-23T12:21:25
1937,PO-21937,"Campbell, Stewart and Thomas",2022-11-18,Develop,84,110218.53,Pending,2023-01-08T18:07:51
1938,PO-21938,"Thomas, Bonilla and Green",2023-07-29,While,123,117636.80,Cancelled,2024-05-04T01:09:14
1939,PO-21939,"Hamilton, Johnson and Wilson",2024-03-08,On,534,108672.37,Pending,2024-05-25T23:15:19
1940,PO-21940,"Wagner, Salinas and Berry",2023-10-01,Program,374,117996.93,Pending,2023-01-29T22:50:24
1941,PO-21941,Gibson-Hamilton,2024-05-14,News,758,69862.09,Cancelled,2023-02-13T04:08:19
1942,PO-21942,"Peterson, Johnson and Joseph",2023-01-06,Above,192,134733.09,Pending,2023-12-08T10:26:09
1943,PO-21943,"Landry, Parker and Payne",2023-10-14,Require,510,181702.56,Cancelled,2023-11-14T08:09:11
1944,PO-21944,Rivas and Sons,2024-12-11,Likely,289,89351.58,Cancelled,2024-02-04T01:53:05
1945,PO-21945,Hull-Bennett,2024-09-02,Why,883,140036.84,Pending,2025-03-07T00:46:09
1946,PO-21946,Hensley PLC,2023-04-27,Left,305,66288.25,Cancelled,2023-09-20T03:37:27
1947,PO-21947,Brown-Yang,2023-05-16,Check,916,24956.88,Cancelled,2024-03-05T11:43:06
1948,PO-21948,Lopez and Sons,2023-06-03,Idea,511,106779.47,Cancelled,2022-11-08T20:18:08
1949,PO-21949,Schultz-Duran,2024-12-31,During,222,42709.80,Pending,2024-11-20T06:33:24
1950,PO-21950,Cox Ltd,2022-12-13,Accept,808,98341.08,Pending,2025-10-03T10:34:38
1951,PO-21951,Myers-Diaz,2023-09-22,Know,781,26068.84,Cancelled,2025-01-25T09:14:30
1952,PO-21952,Collins-Moore,2024-02-26,Think,162,128636.16,Pending,2025-07-01T07:04:30
1953,PO-21953,Morris Inc,2025-05-05,Enjoy,634,36658.70,Cancelled,2024-11-11T06:08:58
1954,PO-21954,Norton-Aguilar,2023-01-17,Case,863,91513.04,Received,2022-11-26T18:58:48
1955,PO-21955,Harrison-Harrington,2025-01-11,Behavior,95,155314.70,Cancelled,2025-06-27T05:43:26
1956,PO-21956,Sherman-Raymond,2023-03-13,Whether,484,9957.32,Received,2025-08-15T10:36:15
1957,PO-21957,"Smith, Robinson and Ortiz",2024-07-01,Guy,293,161168.08,Pending,2025-10-12T04:04:59
1958,PO-21958,Moss-Norman,2025-04-09,Performance,817,185290.43,Cancelled,2025-07-15T13:39:35
1959,PO-21959,Neal-Roberts,2025-11-01,Challenge,305,97283.82,Received,2025-01-04T05:23:27
1960,PO-21960,Carey-Lawson,2025-07-18,Energy,197,36619.66,Pending,2023-03-05T17:15:55
1961,PO-21961,"Yang, Higgins and Williams",2024-12-14,Goal,944,40331.00,Cancelled,2025-02-01T09:00:09
1962,PO-21962,Gray-Bell,2023-01-23,Her,42,162499.91,Pending,2025-06-21T06:32:02
1963,PO-21963,"Martin, Ortiz and Skinner",2024-09-03,Improve,816,169958.08,Cancelled,2024-03-26T01:40:01
1964,PO-21964,"Martin, Mccoy and Brown",2023-12-30,Could,657,59909.33,Cancelled,2024-09-20T01:56:01
1965,PO-21965,"Casey, Christian and Rodriguez",2024-01-25,Opportunity,972,23502.24,Cancelled,2023-07-22T01:53:29
1966,PO-21966,Ramirez-Reese,2024-12-05,My,108,2569.05,Received,2022-12-23T05:05:27
1967,PO-21967,"Valencia, Johnson and Rose",2023-06-23,Central,886,19655.65,Cancelled,2024-11-24T17:24:57
1968,PO-21968,"Wheeler, Flores and Roth",2023-04-17,Break,471,102866.56,Received,2025-04-05T19:36:46
1969,PO-21969,"Riggs, Hickman and Baker",2025-04-05,Most,508,150183.99,Cancelled,2024-07-18T06:33:54
1970,PO-21970,Odonnell Inc,2022-12-16,Kitchen,209,137708.54,Pending,2025-06-18T07:38:25
1971,PO-21971,"Whitehead, Franklin and Curtis",2023-12-06,Stage,1,55227.12,Received,2024-09-13T16:34:43
1972,PO-21972,"Burns, Joyce and Cox",2025-06-14,Join,769,197486.06,Received,2023-08-20T08:38:50
1973,PO-21973,Heath LLC,2023-06-12,Piece,511,121341.91,Pending,2023-09-02T00:52:20
1974,PO-21974,Cochran PLC,2023-06-26,Possible,509,172314.95,Pending,2025-03-24T19:35:19
1975,PO-21975,Mcdonald-Foster,2023-02-27,Huge,478,42962.04,Pending,2025-06-05T02:57:18
1976,PO-21976,Martinez Group,2024-05-08,Last,171,180556.40,Cancelled,2023-11-02T09:26:05
1977,PO-21977,Reynolds-Murray,2024-07-10,If,590,174787.38,Pending,2024-09-29T09:39:38
1978,PO-21978,Rice Group,2024-08-12,Argue,462,29488.83,Received,2025-10-29T17:12:24
1979,PO-21979,Bailey Group,2025-09-16,Strategy,281,113903.83,Received,2025-10-18T23:50:52
1980,PO-21980,Russell-Bush,2025-07-20,Ready,741,190102.35,Pending,2023-02-03T08:06:45
1981,PO-21981,Pennington-Turner,2023-12-20,Herself,940,31843.48,Cancelled,2024-02-12T19:48:39
1982,PO-21982,"Perez, Arnold and Jones",2023-11-03,Prevent,323,187143.50,Received,2024-07-16T15:38:28
1983,PO-21983,Fischer-Martinez,2025-03-19,Skin,665,177531.04,Pending,2023-11-19T16:29:37
1984,PO-21984,Miller-Strong,2023-11-19,Article,427,119512.80,Pending,2025-07-30T21:36:33
1985,PO-21985,"Bailey, Conley and Freeman",2024-09-06,Foreign,62,115979.30,Pending,2024-01-06T02:47:41
1986,PO-21986,Wilson and Sons,2024-04-19,Republican,355,143711.31,Cancelled,2024-11-03T22:54:36
1987,PO-21987,"Cunningham, Johnson and Graves",2024-02-26,Former,383,47184.57,Received,2023-11-26T16:01:23
1988,PO-21988,Gomez PLC,2024-06-16,Lay,763,187002.87,Pending,2023-08-02T21:09:01
1989,PO-21989,"Rodriguez, Davis and Gross",2024-06-01,Year,616,96919.23,Pending,2024-02-25T15:43:17
1990,PO-21990,"Gonzales, Cunningham and Byrd",2024-11-25,Hit,521,184558.75,Received,2025-05-18T05:31:25
1991,PO-21991,Ford-Anderson,2025-06-27,Phone,242,101542.12,Cancelled,2025-09-15T01:31:35
1992,PO-21992,Wright-Morton,2025-06-27,Short,624,94459.73,Received,2024-10-26T08:23:07
1993,PO-21993,Boyle Ltd,2023-02-06,Outside,680,52032.41,Pending,2024-09-21T22:35:50
1994,PO-21994,"Mayer, Miller and Camacho",2022-11-20,Accept,211,198008.14,Received,2023-09-17T12:43:40
1995,PO-21995,Oliver PLC,2023-06-27,Top,276,110910.22,Received,2024-08-14T14:17:22
1996,PO-21996,"Martin, Willis and King",2025-06-08,Western,854,99976.18,Pending,2023-05-17T02:06:52
1997,PO-21997,Rodriguez-Woods,2024-09-07,Receive,439,167333.94,Received,2024-07-06T10:08:30
1998,PO-21998,"Mcdonald, Patrick and Gutierrez",2023-03-25,Whatever,390,121739.17,Received,2023-01-19T06:06:19
1999,PO-21999,Mitchell-Adams,2024-05-13,Ahead,408,13895.34,Received,2025-09-23T20:20:44
2000,PO-22000,Thomas-Nunez,2025-07-15,Nothing,738,183256.71,Cancelled,2025-08-29T08:50:47
