id,order_id,customer_id,date,amount,status,created_at
1,SO-20250001,1454,2021-07-06,26618.63,Cancelled,2021-09-05T08:03:46
2,SO-20250002,926,2024-05-05,31066.52,Pending,2025-01-23T07:54:48
3,SO-20250003,386,2021-08-22,44600.57,Shipped,2023-06-08T21:31:14
4,SO-20250004,179,2021-12-10,4054.51,Completed,2022-04-14T05:25:32
5,SO-20250005,591,2024-08-23,47914.91,Pending,2023-12-16T13:54:45
6,SO-20250006,224,2023-05-20,8280.07,Pending,2021-08-28T12:19:00
7,SO-20250007,1428,2021-04-05,7440.30,Completed,2025-10-26T23:39:35
8,SO-20250008,1792,2023-07-15,10252.60,Pending,2024-09-05T15:04:23
9,SO-20250009,601,2023-07-02,20856.01,Completed,2024-04-27T21:57:24
10,SO-20250010,971,2025-02-13,17367.68,Shipped,2023-09-07T19:52:28
11,SO-20250011,1511,2023-05-13,32251.99,Cancelled,2022-01-30T20:47:17
12,SO-20250012,388,2021-01-16,3194.33,Completed,2024-04-26T19:42:58
13,SO-20250013,1710,2024-01-13,47375.06,Cancelled,2024-08-07T02:27:13
14,SO-20250014,844,2021-10-03,28956.30,Cancelled,2022-05-20T14:16:08
15,SO-20250015,996,2023-02-12,29688.19,Shipped,2023-02-21T13:12:51
16,SO-20250016,938,2023-02-09,15238.91,Completed,2022-10-31T10:52:59
17,SO-20250017,1840,2023-06-03,39477.95,Completed,2025-03-01T23:24:56
18,SO-20250018,1617,2023-07-31,13037.37,Shipped,2023-02-01T13:08:14
19,SO-20250019,762,2022-02-01,48537.67,Pending,2021-01-26T09:44:54
20,SO-20250020,304,2025-08-23,17688.39,Shipped,2025-07-07T19:54:57
21,SO-20250021,1959,2024-06-15,8359.84,Completed,2020-12-24T19:07:30
22,SO-20250022,1458,2025-09-12,26789.07,Completed,2024-12-29T22:20:06
23,SO-20250023,1994,2025-02-15,8809.20,Completed,2023-01-10T05:19:42
24,SO-20250024,331,2025-02-27,11933.37,Pending,2022-06-23T17:23:50
25,SO-20250025,649,2025-04-19,28747.53,Shipped,2025-08-21T23:45:21
26,SO-20250026,534,2022-06-30,18515.12,Completed,2025-09-22T05:31:14
27,SO-20250027,1152,2022-05-29,35371.36,Cancelled,2023-06-04T00:14:27
28,SO-20250028,705,2022-03-03,7439.81,Shipped,2025-03-22T10:53:04
29,SO-20250029,1106,2021-05-30,48774.51,Cancelled,2021-07-30T20:44:51
30,SO-20250030,249,2021-12-27,46025.68,Shipped,2022-06-07T22:43:52
31,SO-20250031,1907,2024-05-18,24995.87,Completed,2022-03-08T22:29:58
32,SO-20250032,1942,2025-10-17,22929.13,Cancelled,2022-09-06T19:31:54
33,SO-20250033,320,2025-06-22,264.50,Cancelled,2022-02-17T06:27:50
34,SO-20250034,1326,2025-02-21,35287.30,Shipped,2025-05-09T07:42:19
35,SO-20250035,1835,2024-09-09,14526.87,Completed,2024-08-22T01:51:12
36,SO-20250036,1638,2024-12-26,28283.31,Shipped,2025-06-07T21:33:09
37,SO-20250037,694,2025-01-20,34472.89,Shipped,2022-07-22T17:15:46
38,SO-20250038,1844,2021-11-21,2052.04,Pending,2022-10-03T22:52:03
39,SO-20250039,631,2023-07-08,1288.54,Completed,2020-12-13T23:19:25
40,SO-20250040,914,2022-10-18,17901.81,Cancelled,2023-10-18T12:28:13
41,SO-20250041,113,2024-11-22,30427.15,Completed,2023-01-12T20:01:04
42,SO-20250042,1195,2022-12-10,26345.37,Cancelled,2022-11-30T04:52:41
43,SO-20250043,401,2025-10-02,1176.30,Shipped,2023-10-02T05:27:34
44,SO-20250044,1387,2021-01-23,33594.31,Pending,2022-06-15T18:39:22
45,SO-20250045,1999,2025-10-26,25613.79,Completed,2024-08-04T15:05:39
46,SO-20250046,1005,2025-05-02,15922.00,Pending,2025-03-08T00:59:39
47,SO-20250047,1861,2024-04-13,33354.98,Shipped,2022-10-07T01:30:51
48,SO-20250048,303,2020-11-07,35812.39,Shipped,2023-01-24T20:48:06
49,SO-20250049,758,2021-01-24,19336.33,Pending,2024-10-09T06:51:33
50,SO-20250050,583,2023-04-21,17278.76,Cancelled,2021-09-23T08:31:24
51,SO-20250051,913,2025-02-12,43721.37,Pending,2025-02-04T19:23:03
52,SO-20250052,442,2025-02-17,36406.28,Shipped,2025-04-19T05:08:00
53,SO-20250053,1519,2024-03-16,49630.23,Shipped,2024-04-11T13:49:14
54,SO-20250054,592,2022-11-12,8231.33,Shipped,2021-09-12T00:54:19
55,SO-20250055,1493,2025-04-30,44826.62,Completed,2022-07-29T17:10:13
56,SO-20250056,1712,2024-03-01,29379.64,Pending,2024-11-18T03:36:38
57,SO-20250057,295,2023-04-27,10428.80,Shipped,2024-04-29T16:24:23
58,SO-20250058,1777,2022-07-20,26288.79,Cancelled,2022-11-25T17:49:52
59,SO-20250059,136,2021-04-10,46660.99,Shipped,2022-12-08T03:17:43
60,SO-20250060,182,2023-04-30,380.61,Cancelled,2023-02-21T19:00:18
61,SO-20250061,849,2024-02-17,8785.91,Shipped,2024-10-10T10:46:56
62,SO-20250062,1455,2021-03-09,28417.42,Completed,2021-12-18T11:51:25
63,SO-20250063,409,2024-12-27,9341.02,Shipped,2024-01-20T10:01:33
64,SO-20250064,593,2025-07-25,27715.65,Pending,2020-12-02T09:33:47
65,SO-20250065,1686,2024-05-14,41321.10,Cancelled,2024-10-29T15:47:09
66,SO-20250066,1012,2021-02-15,27986.09,Shipped,2023-01-28T17:04:40
67,SO-20250067,460,2025-08-04,1390.66,Pending,2021-03-31T20:53:22
68,SO-20250068,316,2022-07-03,13170.72,Shipped,2025-05-22T14:31:36
69,SO-20250069,255,2022-08-07,32707.96,Cancelled,2023-04-27T03:48:19
70,SO-20250070,855,2022-06-11,9009.65,Completed,2020-12-14T14:07:33
71,SO-20250071,59,2024-07-11,6011.77,Cancelled,2021-02-04T13:40:11
72,SO-20250072,1010,2022-12-10,49716.93,Pending,2023-07-14T07:57:09
73,SO-20250073,1227,2023-11-08,37291.00,Shipped,2024-01-20T14:26:58
74,SO-20250074,1159,2023-02-08,21831.62,Cancelled,2021-06-29T10:35:47
75,SO-20250075,1287,2024-02-13,34311.35,Pending,2024-08-31T22:42:24
76,SO-20250076,765,2022-05-30,25650.67,Pending,2021-04-10T16:24:20
77,SO-20250077,1732,2020-11-25,13013.88,Pending,2024-07-12T04:22:58
78,SO-20250078,300,2025-08-17,16018.07,Completed,2021-11-07T11:22:00
79,SO-20250079,732,2022-02-03,8207.28,Cancelled,2022-04-14T05:56:57
80,SO-20250080,740,2021-09-16,21004.72,Cancelled,2025-08-08T14:58:51
81,SO-20250081,100,2025-04-19,14528.32,Pending,2021-01-01T05:34:29
82,SO-20250082,1053,2022-08-24,9731.05,Completed,2022-01-23T22:01:49
83,SO-20250083,1567,2024-07-18,4770.71,Completed,2022-09-09T05:35:51
84,SO-20250084,1114,2021-05-17,16164.21,Cancelled,2020-12-17T12:18:25
85,SO-20250085,1694,2021-07-21,42257.49,Cancelled,2022-12-16T10:01:29
86,SO-20250086,556,2025-03-01,34287.91,Cancelled,2025-08-03T18:59:53
87,SO-20250087,197,2021-04-02,26744.30,Cancelled,2025-08-09T16:13:35
88,SO-20250088,1687,2024-04-22,7228.69,Completed,2022-03-17T02:14:04
89,SO-20250089,1062,2024-01-16,14106.82,Shipped,2024-04-26T13:21:24
90,SO-20250090,844,2022-04-17,17048.64,Completed,2022-02-07T09:50:53
91,SO-20250091,210,2022-06-28,10932.92,Completed,2021-11-01T14:31:41
92,SO-20250092,1704,2025-09-10,9461.42,Pending,2021-09-23T17:51:05
93,SO-20250093,855,2022-03-26,23051.54,Pending,2022-05-10T11:06:55
94,SO-20250094,239,2024-04-01,40951.29,Pending,2024-05-31T04:26:28
95,SO-20250095,983,2024-08-05,17443.09,Cancelled,2023-11-05T04:41:30
96,SO-20250096,285,2024-01-06,40861.08,Cancelled,2023-10-07T06:01:22
97,SO-20250097,353,2022-09-21,35509.25,Pending,2025-06-11T04:21:45
98,SO-20250098,1525,2022-06-30,40737.98,Completed,2024-11-08T15:42:23
99,SO-20250099,264,2022-08-08,42847.92,Completed,2023-07-28T22:55:46
100,SO-20250100,1410,2024-11-20,11367.39,Completed,2025-02-26T18:53:35
101,SO-20250101,430,2025-01-12,6554.40,Pending,2022-11-08T07:05:36
102,SO-20250102,871,2023-05-19,34556.37,Pending,2024-03-24T06:11:33
103,SO-20250103,160,2025-05-16,989.38,Shipped,2022-11-14T14:40:42
104,SO-20250104,1552,2021-08-31,21590.81,Completed,2025-07-14T06:59:32
105,SO-20250105,221,2023-09-28,1688.00,Pending,2022-01-04T15:40:17
106,SO-20250106,961,2021-10-20,5990.16,Cancelled,2023-01-04T07:17:45
107,SO-20250107,89,2024-09-14,3359.06,Pending,2025-08-27T01:51:33
108,SO-20250108,1546,2023-07-04,4870.35,Pending,2025-10-02T18:56:44
109,SO-20250109,1885,2022-07-07,30109.51,Completed,2025-06-29T03:58:50
110,SO-20250110,379,2024-05-29,33546.50,Pending,2022-08-23T07:27:13
111,SO-20250111,186,2025-07-20,7320.57,Cancelled,2022-08-04T08:48:31
112,SO-20250112,1944,2021-02-20,29008.58,Cancelled,2022-12-02T09:51:05
113,SO-20250113,329,2025-07-25,42764.15,Completed,2023-12-23T14:39:44
114,SO-20250114,1035,2023-01-21,28533.26,Pending,2024-09-15T08:42:25
115,SO-20250115,1679,2022-02-24,28927.78,Pending,2025-03-28T13:24:19
116,SO-20250116,1084,2025-09-21,10889.05,Completed,2024-01-09T16:46:02
117,SO-20250117,1975,2022-12-23,14128.75,Pending,2022-01-05T23:04:36
118,SO-20250118,1994,2021-11-02,36281.20,Completed,2021-11-23T07:40:59
119,SO-20250119,1886,2023-02-19,25234.55,Shipped,2023-10-06T02:03:01
120,SO-20250120,751,2025-03-17,34921.74,Completed,2023-10-13T08:32:09
121,SO-20250121,901,2024-01-17,33692.61,Pending,2021-11-10T11:18:58
122,SO-20250122,371,2025-08-18,41745.37,Shipped,2024-12-16T20:06:53
123,SO-20250123,869,2025-03-06,10752.99,Completed,2021-01-23T21:40:10
124,SO-20250124,835,2023-05-02,5686.63,Cancelled,2025-08-04T09:51:00
125,SO-20250125,254,2021-09-03,23321.79,Completed,2025-02-10T14:32:26
126,SO-20250126,1016,2020-12-02,38125.57,Cancelled,2022-02-28T21:33:48
127,SO-20250127,1142,2021-03-02,36120.72,Pending,2021-08-29T19:14:58
128,SO-20250128,672,2025-04-22,24710.95,Shipped,2021-07-09T22:53:25
129,SO-20250129,581,2025-05-14,22874.44,Cancelled,2021-07-21T09:02:14
130,SO-20250130,1408,2022-12-31,48810.14,Shipped,2021-02-21T09:29:47
131,SO-20250131,463,2024-09-26,27718.10,Cancelled,2021-12-30T18:15:08
132,SO-20250132,1752,2025-08-30,21426.69,Pending,2023-02-14T15:29:45
133,SO-20250133,1833,2025-07-16,42060.86,Shipped,2025-05-19T10:12:33
134,SO-20250134,1924,2022-07-31,33972.60,Completed,2021-05-26T18:18:33
135,SO-20250135,27,2025-04-17,49936.23,Shipped,2021-05-22T02:52:40
136,SO-20250136,1377,2020-11-14,5303.34,Shipped,2021-02-22T05:50:46
137,SO-20250137,1071,2024-12-29,32944.49,Pending,2021-01-19T15:02:06
138,SO-20250138,245,2023-11-25,7211.21,Shipped,2024-12-31T15:35:58
139,SO-20250139,1424,2022-12-10,29548.33,Pending,2025-01-19T14:23:56
140,SO-20250140,1519,2024-12-01,46268.25,Completed,2022-12-17T11:25:27
141,SO-20250141,133,2022-07-19,18217.31,Completed,2025-09-15T15:42:49
142,SO-20250142,694,2025-02-09,10053.16,Shipped,2024-08-17T16:15:37
143,SO-20250143,252,2021-09-05,11681.84,Shipped,2023-03-21T18:14:07
144,SO-20250144,1486,2021-03-05,24980.55,Cancelled,2024-03-12T08:32:51
145,SO-20250145,1549,2021-06-12,39485.16,Shipped,2025-04-25T05:05:21
146,SO-20250146,730,2023-04-12,23817.52,Shipped,2022-11-30T22:51:18
147,SO-20250147,993,2022-05-13,25595.16,Completed,2022-04-30T19:10:22
148,SO-20250148,1573,2021-01-29,22759.01,Pending,2022-07-11T14:25:06
149,SO-20250149,514,2022-03-14,24492.60,Completed,2023-12-10T09:13:46
150,SO-20250150,1287,2023-05-12,47123.03,Pending,2023-03-31T09:14:30
151,SO-20250151,204,2021-02-28,36903.03,Pending,2025-06-15T03:29:12
152,SO-20250152,1021,2021-11-11,33921.47,Completed,2022-12-18T17:32:52
153,SO-20250153,784,2025-01-10,30248.97,Cancelled,2022-04-01T05:46:08
154,SO-20250154,313,2024-12-17,15172.49,Pending,2024-11-08T07:07:34
155,SO-20250155,1557,2024-07-21,3872.04,Shipped,2022-12-07T18:14:15
156,SO-20250156,1624,2021-09-05,23327.79,Cancelled,2021-08-27T12:56:22
157,SO-20250157,1356,2023-07-13,24920.06,Cancelled,2021-05-16T02:00:12
158,SO-20250158,1111,2022-12-13,17213.60,Pending,2024-04-20T23:44:52
159,SO-20250159,1951,2024-03-08,38210.05,Shipped,2023-12-10T11:02:45
160,SO-20250160,1803,2021-09-20,45751.21,Shipped,2022-11-07T00:13:24
161,SO-20250161,922,2021-01-10,15762.23,Shipped,2024-07-09T11:17:14
162,SO-20250162,907,2024-11-09,23009.83,Pending,2021-07-11T19:01:06
163,SO-20250163,363,2022-08-11,27855.49,Cancelled,2022-10-10T01:57:07
164,SO-20250164,1812,2025-07-30,35317.66,Shipped,2023-01-09T22:53:17
165,SO-20250165,883,2022-10-09,6767.69,Shipped,2023-04-03T10:40:46
166,SO-20250166,999,2024-03-13,38212.36,Shipped,2022-10-04T21:20:04
167,SO-20250167,1352,2021-06-09,27711.51,Shipped,2025-04-11T16:31:55
168,SO-20250168,975,2023-04-07,28134.66,Completed,2024-08-09T17:51:43
169,SO-20250169,1038,2024-02-22,2834.07,Cancelled,2021-10-12T08:00:45
170,SO-20250170,1014,2022-03-29,29572.70,Shipped,2023-06-23T04:14:52
171,SO-20250171,1264,2021-02-11,33840.56,Cancelled,2024-02-27T13:17:52
172,SO-20250172,657,2022-01-30,3118.13,Pending,2022-07-27T16:38:00
173,SO-20250173,263,2024-08-18,41854.86,Cancelled,2025-02-20T04:07:31
174,SO-20250174,1658,2025-10-28,37115.75,Pending,2023-08-22T07:25:47
175,SO-20250175,1568,2023-05-05,44572.58,Cancelled,2021-04-13T14:57:24
176,SO-20250176,780,2023-02-18,4912.63,Cancelled,2024-12-20T23:48:42
177,SO-20250177,732,2025-01-05,20625.88,Pending,2024-12-06T14:15:51
178,SO-20250178,1355,2025-10-28,12249.23,Completed,2022-12-12T21:40:18
179,SO-20250179,1328,2022-04-14,15639.37,Pending,2021-04-25T16:24:34
180,SO-20250180,1865,2025-02-17,34415.16,Cancelled,2021-12-17T00:51:22
181,SO-20250181,235,2025-06-15,16912.83,Pending,2023-06-06T18:07:11
182,SO-20250182,1103,2021-09-20,16339.54,Shipped,2025-04-05T17:50:52
183,SO-20250183,1348,2025-08-01,43175.26,Shipped,2025-09-13T11:04:18
184,SO-20250184,547,2023-03-12,1069.09,Shipped,2024-05-09T13:03:27
185,SO-20250185,1205,2025-10-05,1160.71,Cancelled,2023-08-05T10:53:37
186,SO-20250186,774,2025-06-28,28539.16,Cancelled,2023-02-13T05:12:53
187,SO-20250187,1173,2025-01-11,4931.40,Shipped,2021-11-18T19:54:38
188,SO-20250188,205,2022-07-31,34558.66,Completed,2024-04-09T11:48:30
189,SO-20250189,689,2025-03-26,24861.73,Cancelled,2024-06-03T09:37:59
190,SO-20250190,342,2023-01-09,30760.65,Cancelled,2022-06-17T02:01:30
191,SO-20250191,1986,2024-05-04,21827.76,Shipped,2025-08-09T04:30:18
192,SO-20250192,1302,2021-10-20,42374.34,Pending,2022-02-02T20:01:40
193,SO-20250193,1722,2025-03-22,42524.20,Completed,2021-05-30T05:37:41
194,SO-20250194,589,2021-07-11,13294.50,Cancelled,2024-12-12T15:02:40
195,SO-20250195,1175,2022-09-06,20131.27,Completed,2021-06-26T19:28:24
196,SO-20250196,1280,2020-11-09,37157.26,Pending,2023-07-18T11:29:56
197,SO-20250197,1470,2022-03-25,42217.13,Pending,2021-07-09T01:25:55
198,SO-20250198,1213,2023-08-21,16875.06,Pending,2024-05-10T03:56:34
199,SO-20250199,1161,2022-05-22,40069.22,Shipped,2025-01-28T05:15:02
200,SO-20250200,875,2025-07-30,10526.47,Pending,2022-08-09T15:25:20
201,SO-20250201,1335,2021-06-08,41195.76,Cancelled,2021-11-27T14:51:36
202,SO-20250202,887,2022-10-07,33189.66,Cancelled,2023-03-08T19:24:06
203,SO-20250203,410,2022-01-30,20745.00,Cancelled,2022-03-29T09:25:35
204,SO-20250204,1280,2024-02-06,25792.69,Completed,2023-01-02T12:32:15
205,SO-20250205,1805,2024-11-27,979.24,Completed,2024-02-09T06:46:45
206,SO-20250206,1182,2024-05-11,24985.22,Shipped,2023-07-25T23:20:42
207,SO-20250207,549,2021-04-08,46861.29,Shipped,2022-12-04T09:53:25
208,SO-20250208,1915,2020-12-10,28327.52,Pending,2021-05-21T23:17:01
209,SO-20250209,1070,2025-04-23,10072.37,Shipped,2023-09-15T23:01:22
210,SO-20250210,303,2020-12-27,12056.68,Cancelled,2024-09-01T22:11:11
211,SO-20250211,1729,2024-12-19,21797.67,Cancelled,2022-06-11T00:28:24
212,SO-20250212,1762,2021-02-03,41519.21,Pending,2024-01-06T02:54:30
213,SO-20250213,1299,2023-09-26,10217.72,Shipped,2025-01-10T12:54:37
214,SO-20250214,547,2024-08-26,41194.35,Completed,2021-10-24T08:46:05
215,SO-20250215,526,2023-02-01,34358.40,Completed,2022-08-26T09:54:07
216,SO-20250216,832,2024-07-08,11962.25,Completed,2025-08-22T02:18:29
217,SO-20250217,394,2021-08-25,1433.82,Cancelled,2024-08-14T23:06:28
218,SO-20250218,951,2021-05-28,24294.85,Shipped,2023-07-28T02:20:35
219,SO-20250219,865,2021-07-24,32363.76,Pending,2021-12-11T20:08:37
220,SO-20250220,414,2021-04-26,8009.96,Completed,2023-03-29T00:25:43
221,SO-20250221,60,2024-01-22,12956.92,Cancelled,2023-06-12T18:07:40
222,SO-20250222,1349,2023-05-06,27557.77,Pending,2023-05-05T21:40:34
223,SO-20250223,1974,2024-04-12,36137.58,Pending,2021-12-07T17:25:59
224,SO-20250224,114,2024-10-30,42986.22,Pending,2023-01-29T13:46:19
225,SO-20250225,643,2021-05-30,30099.91,Pending,2022-08-23T17:34:48
226,SO-20250226,1845,2024-12-18,47756.67,Cancelled,2023-06-06T00:43:04
227,SO-20250227,1376,2024-05-23,32888.66,Pending,2024-04-16T00:58:07
228,SO-20250228,813,2025-08-29,47160.95,Completed,2022-10-20T01:54:43
229,SO-20250229,484,2023-06-03,5641.02,Pending,2024-07-11T05:19:34
230,SO-20250230,1069,2023-05-23,33227.65,Cancelled,2021-05-04T03:31:52
231,SO-20250231,1017,2023-11-11,44234.01,Completed,2024-10-07T01:35:28
232,SO-20250232,1229,2023-07-05,6157.73,Cancelled,2022-03-23T11:40:30
233,SO-20250233,675,2020-11-09,41625.09,Shipped,2024-09-11T21:37:50
234,SO-20250234,1651,2022-04-20,37431.29,Completed,2023-06-22T23:10:39
235,SO-20250235,1916,2025-07-22,21172.31,Completed,2024-05-16T07:12:33
236,SO-20250236,219,2022-07-14,8798.96,Cancelled,2021-09-30T05:36:02
237,SO-20250237,901,2021-05-31,20448.36,Pending,2022-11-13T21:57:16
238,SO-20250238,1005,2023-02-28,26696.83,Pending,2022-07-23T00:23:38
239,SO-20250239,649,2022-09-20,27309.96,Shipped,2025-08-11T06:48:10
240,SO-20250240,1399,2021-08-18,12355.02,Cancelled,2022-06-11T08:06:52
241,SO-20250241,1802,2022-02-18,39224.45,Completed,2020-12-06T22:03:05
242,SO-20250242,744,2021-09-27,23787.33,Cancelled,2024-07-01T02:50:22
243,SO-20250243,1683,2021-01-10,15443.16,Pending,2024-11-20T17:06:26
244,SO-20250244,1724,2024-02-02,36985.51,Pending,2022-02-01T00:02:45
245,SO-20250245,1415,2024-02-09,45876.99,Completed,2023-09-22T23:01:58
246,SO-20250246,519,2021-02-02,27658.76,Cancelled,2024-06-20T03:09:56
247,SO-20250247,1309,2023-06-29,47926.26,Cancelled,2021-01-29T03:58:42
248,SO-20250248,1850,2022-08-29,40621.90,Pending,2024-04-19T19:28:18
249,SO-20250249,1096,2025-06-08,43354.30,Shipped,2023-05-16T17:52:23
250,SO-20250250,796,2020-11-01,442.91,Shipped,2024-04-12T21:33:51
251,SO-20250251,1900,2024-08-30,48900.74,Cancelled,2022-03-16T14:34:36
252,SO-20250252,617,2022-03-05,4558.00,Completed,2023-11-13T23:29:00
253,SO-20250253,610,2024-10-07,10558.81,Completed,2022-06-06T03:48:04
254,SO-20250254,1876,2022-12-03,21970.35,Cancelled,2021-05-31T16:55:01
255,SO-20250255,1802,2021-11-27,40621.78,Shipped,2021-10-04T21:54:30
256,SO-20250256,1617,2021-02-23,1742.39,Pending,2024-09-02T04:50:02
257,SO-20250257,1686,2022-05-25,38983.86,Shipped,2024-01-20T14:30:27
258,SO-20250258,965,2023-06-09,36860.25,Cancelled,2022-02-13T16:59:10
259,SO-20250259,1470,2024-12-31,21147.18,Pending,2022-06-04T16:17:27
260,SO-20250260,1689,2023-08-01,8059.15,Cancelled,2021-05-19T01:08:21
261,SO-20250261,1037,2024-03-24,3365.04,Shipped,2021-03-01T02:59:07
262,SO-20250262,1234,2024-05-30,36475.12,Cancelled,2023-01-23T07:10:40
263,SO-20250263,929,2024-10-03,34775.74,Pending,2024-12-28T20:16:09
264,SO-20250264,1314,2021-07-20,32097.55,Shipped,2024-04-09T22:09:56
265,SO-20250265,1621,2023-08-15,32072.89,Pending,2022-08-14T07:29:22
266,SO-20250266,821,2023-10-21,10043.76,Cancelled,2023-03-13T01:02:01
267,SO-20250267,643,2022-11-14,28811.68,Pending,2022-12-23T01:35:46
268,SO-20250268,324,2024-07-21,12517.70,Completed,2023-06-13T07:22:29
269,SO-20250269,1735,2025-04-12,29721.11,Shipped,2020-12-20T08:55:18
270,SO-20250270,1624,2023-08-10,46973.94,Shipped,2024-12-21T07:26:50
271,SO-20250271,980,2021-05-14,43681.62,Completed,2025-03-19T18:16:50
272,SO-20250272,534,2021-07-28,8715.28,Cancelled,2025-08-03T10:26:12
273,SO-20250273,1638,2025-01-28,14125.78,Pending,2025-04-13T10:35:46
274,SO-20250274,849,2021-07-11,18411.60,Shipped,2024-12-14T16:21:16
275,SO-20250275,1795,2024-09-26,18897.14,Completed,2021-02-19T08:11:34
276,SO-20250276,43,2024-12-11,47408.06,Completed,2024-03-06T16:22:32
277,SO-20250277,1858,2022-06-22,4494.38,Shipped,2022-06-04T08:40:01
278,SO-20250278,407,2022-02-06,13126.07,Completed,2022-08-13T08:18:40
279,SO-20250279,102,2024-08-14,20081.69,Shipped,2022-06-21T03:42:23
280,SO-20250280,1230,2021-12-20,13044.88,Pending,2022-08-02T10:57:03
281,SO-20250281,1963,2023-10-22,18427.61,Pending,2021-10-27T18:34:03
282,SO-20250282,29,2023-04-13,35943.24,Shipped,2022-03-01T09:17:24
283,SO-20250283,1584,2022-10-12,46003.45,Shipped,2023-07-27T18:56:13
284,SO-20250284,1695,2023-05-19,33696.82,Pending,2023-05-07T07:44:57
285,SO-20250285,460,2022-11-29,35692.51,Completed,2022-05-26T09:41:22
286,SO-20250286,1938,2023-04-12,43103.74,Cancelled,2020-12-06T16:31:46
287,SO-20250287,590,2025-04-09,37334.83,Shipped,2024-03-24T06:26:58
288,SO-20250288,267,2022-11-28,21593.86,Completed,2022-01-02T08:33:34
289,SO-20250289,1229,2025-03-24,10817.55,Cancelled,2022-07-17T23:30:23
290,SO-20250290,1489,2021-09-05,33875.57,Shipped,2024-07-14T06:10:23
291,SO-20250291,370,2025-06-27,20455.78,Completed,2022-03-01T02:10:18
292,SO-20250292,59,2024-02-03,14545.14,Cancelled,2025-07-03T00:38:23
293,SO-20250293,483,2025-05-06,30903.13,Completed,2022-05-01T18:15:21
294,SO-20250294,758,2024-11-11,29166.01,Shipped,2020-11-08T13:23:50
295,SO-20250295,176,2025-03-14,565.50,Completed,2024-04-25T11:13:34
296,SO-20250296,1785,2023-12-11,16196.14,Shipped,2021-03-11T10:58:55
297,SO-20250297,1407,2022-03-21,10650.27,Shipped,2021-05-31T03:33:48
298,SO-20250298,1451,2022-09-13,21193.38,Cancelled,2024-06-05T03:01:33
299,SO-20250299,150,2021-03-31,4809.21,Pending,2025-02-08T00:49:08
300,SO-20250300,107,2021-03-08,16676.48,Completed,2024-02-20T00:01:51
301,SO-20250301,965,2021-03-21,45415.92,Pending,2025-08-13T00:40:03
302,SO-20250302,11,2022-09-23,12720.16,Shipped,2021-07-03T04:01:45
303,SO-20250303,620,2024-11-16,48877.32,Cancelled,2023-02-22T11:40:47
304,SO-20250304,271,2021-12-30,48404.49,Pending,2024-12-17T03:33:44
305,SO-20250305,1189,2023-01-14,9009.64,Completed,2023-04-06T19:33:31
306,SO-20250306,1032,2025-05-06,24667.35,Cancelled,2025-07-08T17:56:17
307,SO-20250307,1798,2025-06-06,23430.84,Pending,2021-11-06T21:43:38
308,SO-20250308,650,2024-01-29,35527.27,Shipped,2025-08-05T19:43:11
309,SO-20250309,291,2025-07-11,13057.28,Cancelled,2022-11-04T13:11:02
310,SO-20250310,91,2023-06-07,48926.90,Shipped,2025-02-05T20:23:14
311,SO-20250311,1786,2023-04-29,48669.91,Cancelled,2022-04-11T03:10:44
312,SO-20250312,1532,2024-05-19,18061.58,Shipped,2022-05-21T14:05:08
313,SO-20250313,580,2024-01-02,45144.49,Cancelled,2021-01-04T11:41:22
314,SO-20250314,1256,2023-04-28,41487.98,Cancelled,2021-06-29T05:07:47
315,SO-20250315,1059,2021-11-23,15684.87,Completed,2025-08-09T12:59:16
316,SO-20250316,647,2023-08-05,36856.62,Shipped,2023-12-03T09:54:09
317,SO-20250317,1565,2024-03-29,47505.03,Shipped,2023-10-19T22:03:07
318,SO-20250318,109,2024-11-24,9486.55,Pending,2024-06-23T20:04:48
319,SO-20250319,471,2021-09-11,9197.91,Shipped,2021-01-12T17:28:08
320,SO-20250320,533,2025-07-15,8219.57,Shipped,2022-03-22T12:55:48
321,SO-20250321,894,2025-04-06,5845.40,Shipped,2025-03-28T08:00:07
322,SO-20250322,84,2022-11-02,22103.91,Shipped,2023-01-16T08:52:29
323,SO-20250323,938,2024-06-24,24674.78,Completed,2025-09-05T18:50:24
324,SO-20250324,254,2021-04-05,17512.73,Completed,2020-11-04T07:23:59
325,SO-20250325,1779,2024-01-14,14241.62,Completed,2023-10-10T12:22:36
326,SO-20250326,1536,2023-08-11,25461.45,Cancelled,2022-12-22T05:55:26
327,SO-20250327,1154,2023-11-12,44550.18,Completed,2024-02-10T15:29:46
328,SO-20250328,1196,2022-07-15,49900.33,Pending,2022-06-28T01:19:09
329,SO-20250329,1078,2023-07-23,38354.04,Completed,2022-02-20T11:22:10
330,SO-20250330,853,2023-08-10,46024.64,Completed,2022-05-22T18:45:13
331,SO-20250331,1574,2024-05-31,24930.63,Pending,2021-06-24T10:02:33
332,SO-20250332,1818,2023-07-14,16466.46,Cancelled,2025-09-30T16:34:36
333,SO-20250333,1396,2025-06-30,49067.66,Pending,2022-06-04T16:05:03
334,SO-20250334,808,2024-01-28,18709.24,Pending,2025-03-18T01:13:16
335,SO-20250335,1715,2021-08-25,16210.74,Pending,2021-04-14T09:00:30
336,SO-20250336,167,2023-07-14,23038.65,Shipped,2024-06-18T06:35:05
337,SO-20250337,930,2021-12-22,31436.42,Cancelled,2023-09-27T06:01:03
338,SO-20250338,1217,2021-03-20,32917.41,Cancelled,2024-06-25T13:34:52
339,SO-20250339,1987,2024-01-13,2240.16,Shipped,2025-07-01T16:59:55
340,SO-20250340,666,2021-03-08,47373.55,Completed,2022-06-28T07:32:22
341,SO-20250341,433,2024-02-14,43170.78,Cancelled,2021-04-12T01:14:52
342,SO-20250342,662,2022-04-07,39917.44,Pending,2024-04-26T15:39:09
343,SO-20250343,1121,2023-07-12,47597.41,Shipped,2021-11-24T02:54:04
344,SO-20250344,190,2024-02-01,19972.98,Completed,2022-10-14T07:03:57
345,SO-20250345,492,2023-07-14,48254.21,Shipped,2022-08-06T16:21:09
346,SO-20250346,183,2024-11-28,1074.58,Completed,2022-06-22T20:58:00
347,SO-20250347,334,2021-12-16,19455.72,Shipped,2022-08-18T05:41:42
348,SO-20250348,584,2023-04-29,32376.04,Completed,2022-05-21T05:26:30
349,SO-20250349,247,2021-04-21,14962.41,Shipped,2020-12-27T23:48:43
350,SO-20250350,1508,2020-11-08,40327.34,Cancelled,2023-01-02T13:55:24
351,SO-20250351,1851,2025-01-11,34263.85,Completed,2024-05-29T22:49:40
352,SO-20250352,736,2024-03-26,33292.74,Cancelled,2023-01-03T13:46:55
353,SO-20250353,1050,2023-07-11,10033.57,Shipped,2022-03-04T07:26:25
354,SO-20250354,1814,2024-07-08,19435.07,Cancelled,2025-02-13T23:50:56
355,SO-20250355,1154,2021-01-21,30037.02,Pending,2025-06-17T14:43:39
356,SO-20250356,1550,2024-10-14,21155.69,Cancelled,2022-10-15T23:21:34
357,SO-20250357,1258,2021-03-08,9358.47,Shipped,2025-09-10T07:52:03
358,SO-20250358,191,2021-03-26,2069.88,Cancelled,2025-09-18T15:25:58
359,SO-20250359,1994,2023-08-11,23203.07,Completed,2022-03-28T17:34:30
360,SO-20250360,1327,2022-09-01,34327.51,Completed,2022-09-16T00:27:26
361,SO-20250361,1907,2024-01-31,24791.35,Pending,2022-06-13T20:33:38
362,SO-20250362,596,2021-10-25,23437.55,Pending,2023-01-03T02:19:15
363,SO-20250363,1858,2023-09-09,40087.16,Cancelled,2023-02-21T00:36:23
364,SO-20250364,305,2024-05-06,49210.10,Cancelled,2021-07-25T18:07:56
365,SO-20250365,1724,2023-12-02,12470.24,Shipped,2022-05-17T02:23:52
366,SO-20250366,606,2022-05-20,28448.36,Pending,2023-10-14T22:48:41
367,SO-20250367,1879,2024-01-06,2302.49,Pending,2023-08-01T14:20:35
368,SO-20250368,1046,2021-09-14,21274.43,Pending,2025-10-14T10:38:05
369,SO-20250369,952,2024-03-02,33059.72,Cancelled,2025-01-24T19:51:22
370,SO-20250370,728,2023-07-06,12780.27,Pending,2025-01-02T12:15:20
371,SO-20250371,1575,2025-01-12,25197.06,Pending,2024-06-28T18:34:50
372,SO-20250372,1517,2021-07-11,33095.84,Completed,2024-07-20T21:45:31
373,SO-20250373,1611,2023-02-08,9151.30,Shipped,2025-02-03T16:27:02
374,SO-20250374,93,2021-05-04,4210.36,Cancelled,2023-03-06T13:54:22
375,SO-20250375,643,2022-03-22,29381.06,Shipped,2021-10-29T01:34:09
376,SO-20250376,1552,2020-12-04,33529.48,Cancelled,2020-12-30T02:56:57
377,SO-20250377,700,2020-11-27,48337.65,Completed,2024-06-24T10:21:25
378,SO-20250378,433,2021-11-25,9295.12,Cancelled,2021-11-21T14:34:09
379,SO-20250379,1786,2025-07-02,33686.77,Shipped,2022-04-21T11:11:12
380,SO-20250380,1095,2022-08-17,944.87,Shipped,2023-12-23T05:31:21
381,SO-20250381,239,2025-04-26,714.56,Shipped,2024-06-17T05:05:29
382,SO-20250382,943,2022-07-27,34605.72,Shipped,2024-03-15T19:05:03
383,SO-20250383,621,2022-11-13,30944.04,Cancelled,2025-06-21T19:51:14
384,SO-20250384,1415,2024-08-13,33706.47,Shipped,2025-07-15T22:27:36
385,SO-20250385,1648,2025-09-18,15167.70,Completed,2022-07-28T00:24:20
386,SO-20250386,277,2021-07-27,743.10,Pending,2023-02-12T18:26:53
387,SO-20250387,1672,2025-04-07,843.47,Completed,2021-05-09T03:02:49
388,SO-20250388,1760,2023-05-28,1389.42,Shipped,2023-03-20T02:44:19
389,SO-20250389,1329,2025-08-26,7300.45,Completed,2023-09-24T00:07:57
390,SO-20250390,893,2022-05-20,42112.38,Completed,2024-05-01T20:54:04
391,SO-20250391,177,2024-01-21,15080.85,Shipped,2024-02-27T01:05:27
392,SO-20250392,304,2023-03-10,23725.75,Pending,2023-12-17T06:57:01
393,SO-20250393,239,2024-10-22,8346.97,Completed,2021-04-30T07:42:12
394,SO-20250394,1514,2022-02-14,35144.78,Shipped,2024-04-25T06:18:45
395,SO-20250395,966,2021-11-06,1030.41,Shipped,2023-06-26T09:25:35
396,SO-20250396,1199,2025-03-03,12169.35,Cancelled,2020-12-05T08:34:46
397,SO-20250397,1167,2023-01-09,41481.07,Shipped,2021-03-17T22:17:07
398,SO-20250398,105,2023-12-31,16725.81,Pending,2023-01-28T16:28:38
399,SO-20250399,1292,2021-09-14,42389.10,Shipped,2022-02-17T18:08:44
400,SO-20250400,852,2024-12-15,42438.38,Cancelled,2022-09-24T02:47:20
401,SO-20250401,76,2022-08-07,24400.45,Shipped,2023-04-12T18:08:57
402,SO-20250402,1052,2023-12-15,29572.41,Shipped,2021-03-28T21:41:48
403,SO-20250403,475,2023-12-02,35728.80,Pending,2024-02-04T13:04:01
404,SO-20250404,865,2022-06-09,28841.35,Pending,2023-11-27T20:45:00
405,SO-20250405,549,2022-09-06,44649.22,Shipped,2025-05-07T03:11:00
406,SO-20250406,1821,2023-05-08,23693.23,Shipped,2024-11-23T10:31:54
407,SO-20250407,1276,2024-05-14,46951.28,Cancelled,2022-04-21T23:18:25
408,SO-20250408,919,2022-08-24,34890.85,Pending,2024-03-02T23:00:43
409,SO-20250409,331,2022-01-13,14436.14,Completed,2022-02-21T21:24:25
410,SO-20250410,962,2025-04-07,17225.18,Completed,2025-03-14T23:20:42
411,SO-20250411,1040,2022-02-14,11024.13,Cancelled,2024-01-16T00:19:22
412,SO-20250412,1888,2021-04-27,30124.90,Shipped,2024-10-14T21:42:36
413,SO-20250413,269,2021-11-16,44164.51,Shipped,2022-10-19T17:03:29
414,SO-20250414,1966,2023-07-17,20872.21,Cancelled,2024-11-07T02:07:57
415,SO-20250415,1631,2024-02-02,23642.63,Completed,2024-04-25T14:45:43
416,SO-20250416,1274,2023-05-12,10400.07,Pending,2022-12-06T19:41:08
417,SO-20250417,1367,2023-08-08,24170.34,Completed,2024-03-05T13:27:03
418,SO-20250418,409,2023-11-17,7857.89,Shipped,2021-09-13T18:47:40
419,SO-20250419,207,2022-10-13,39684.45,Shipped,2025-10-25T03:14:43
420,SO-20250420,622,2023-05-15,11774.21,Pending,2024-10-19T12:52:53
421,SO-20250421,38,2023-07-27,17971.40,Cancelled,2023-06-09T07:57:42
422,SO-20250422,732,2022-10-17,33862.55,Completed,2023-02-24T17:37:57
423,SO-20250423,1696,2024-02-15,42980.11,Pending,2024-09-04T04:33:13
424,SO-20250424,1653,2024-09-29,3230.10,Shipped,2025-08-13T02:17:48
425,SO-20250425,234,2024-11-08,30897.27,Pending,2022-10-09T09:57:45
426,SO-20250426,1151,2024-09-19,11243.58,Cancelled,2021-05-30T03:54:11
427,SO-20250427,697,2023-12-06,39255.05,Pending,2022-05-26T03:37:02
428,SO-20250428,1578,2025-01-31,43891.80,Cancelled,2022-07-07T12:47:49
429,SO-20250429,1836,2022-09-23,7601.36,Pending,2021-04-27T04:30:54
430,SO-20250430,1447,2021-04-09,2568.58,Shipped,2024-06-24T10:48:02
431,SO-20250431,1637,2022-01-05,22883.93,Pending,2024-11-26T02:36:42
432,SO-20250432,1997,2024-07-30,5339.30,Pending,2022-01-19T04:22:17
433,SO-20250433,1687,2024-10-02,28145.52,Pending,2021-08-02T06:50:33
434,SO-20250434,343,2021-05-17,31514.81,Completed,2022-12-06T13:51:23
435,SO-20250435,1866,2023-08-09,18113.84,Cancelled,2024-03-28T14:24:33
436,SO-20250436,1451,2023-03-11,22103.82,Shipped,2024-12-21T07:53:31
437,SO-20250437,1501,2021-05-29,43531.11,Completed,2022-04-10T21:30:14
438,SO-20250438,1326,2024-07-08,18218.66,Completed,2024-12-19T02:38:49
439,SO-20250439,252,2022-09-27,42437.32,Shipped,2024-06-03T12:17:44
440,SO-20250440,1986,2023-09-04,20816.70,Pending,2021-04-22T05:21:22
441,SO-20250441,503,2024-11-01,41748.93,Shipped,2022-08-10T02:18:07
442,SO-20250442,700,2022-11-24,14373.58,Completed,2021-11-06T15:04:58
443,SO-20250443,175,2022-12-26,13337.48,Shipped,2021-01-27T15:45:30
444,SO-20250444,739,2024-11-17,31490.55,Completed,2023-01-09T16:05:08
445,SO-20250445,311,2020-11-25,37672.65,Shipped,2020-11-22T03:23:44
446,SO-20250446,1613,2024-06-17,11447.69,Shipped,2025-02-18T16:03:18
447,SO-20250447,847,2022-12-16,45905.10,Shipped,2022-03-22T08:13:49
448,SO-20250448,1950,2024-07-18,42626.90,Cancelled,2022-01-26T03:46:02
449,SO-20250449,1933,2021-03-16,1536.66,Completed,2022-05-05T13:57:03
450,SO-20250450,1578,2021-10-03,546.94,Pending,2022-04-07T07:12:11
451,SO-20250451,174,2022-09-18,16948.27,Shipped,2021-01-11T05:30:32
452,SO-20250452,1582,2025-10-15,8258.02,Pending,2020-12-11T00:59:26
453,SO-20250453,806,2025-05-02,37971.66,Completed,2024-06-18T18:33:15
454,SO-20250454,1849,2021-10-10,28749.14,Cancelled,2022-03-09T04:32:12
455,SO-20250455,859,2020-12-22,20130.04,Cancelled,2025-02-14T15:55:19
456,SO-20250456,1478,2025-06-21,37147.74,Cancelled,2023-10-06T07:51:12
457,SO-20250457,17,2025-08-10,41358.83,Completed,2022-08-20T20:07:21
458,SO-20250458,1435,2021-05-11,20226.71,Completed,2024-02-05T08:14:12
459,SO-20250459,1818,2023-08-21,27244.04,Shipped,2024-03-09T22:15:29
460,SO-20250460,1429,2022-11-06,17295.27,Shipped,2022-10-18T17:11:47
461,SO-20250461,1589,2023-12-13,9904.92,Cancelled,2022-07-19T16:40:30
462,SO-20250462,173,2024-01-29,1896.66,Cancelled,2025-04-30T19:59:05
463,SO-20250463,799,2023-12-12,36268.68,Completed,2022-07-13T16:39:54
464,SO-20250464,1066,2021-03-11,49596.60,Cancelled,2021-12-29T07:25:23
465,SO-20250465,438,2023-01-16,4686.34,Cancelled,2021-06-28T17:25:34
466,SO-20250466,1068,2025-06-01,17068.41,Completed,2024-07-06T21:11:48
467,SO-20250467,48,2023-07-08,1443.17,Cancelled,2025-01-08T14:48:53
468,SO-20250468,495,2022-01-06,41619.84,Cancelled,2022-09-13T05:19:02
469,SO-20250469,1488,2024-07-03,21166.16,Pending,2023-05-02T04:39:26
470,SO-20250470,1500,2020-11-11,3044.29,Cancelled,2022-07-11T06:17:50
471,SO-20250471,532,2021-01-13,31368.13,Cancelled,2024-02-07T19:47:16
472,SO-20250472,254,2025-01-06,2434.26,Pending,2023-07-28T10:43:57
473,SO-20250473,920,2021-05-06,14933.16,Pending,2021-08-26T21:09:32
474,SO-20250474,929,2025-08-17,16982.07,Completed,2024-09-07T09:58:23
475,SO-20250475,1650,2023-08-29,37300.62,Completed,2023-07-19T17:41:11
476,SO-20250476,718,2023-07-15,14995.12,Completed,2023-06-22T13:03:13
477,SO-20250477,1463,2020-12-17,18914.40,Completed,2023-05-01T02:17:15
478,SO-20250478,216,2024-12-28,16425.96,Completed,2024-02-07T12:37:43
479,SO-20250479,1686,2024-07-04,38938.55,Shipped,2022-09-13T08:17:00
480,SO-20250480,201,2021-03-16,7370.34,Shipped,2023-11-23T19:41:59
481,SO-20250481,1697,2024-07-14,20632.04,Pending,2023-10-23T10:51:12
482,SO-20250482,128,2022-01-09,21273.09,Completed,2025-10-11T00:04:26
483,SO-20250483,976,2023-09-01,10778.48,Pending,2022-05-08T19:20:54
484,SO-20250484,757,2024-03-06,33857.28,Shipped,2022-07-02T03:50:48
485,SO-20250485,1205,2023-12-27,27970.47,Shipped,2021-04-11T18:44:33
486,SO-20250486,1786,2023-03-14,13221.50,Shipped,2022-07-19T05:02:56
487,SO-20250487,1304,2023-03-01,21199.94,Shipped,2021-12-19T02:44:38
488,SO-20250488,1412,2021-01-30,46555.23,Shipped,2024-10-14T15:33:52
489,SO-20250489,1499,2023-10-21,48664.96,Completed,2024-08-16T17:04:10
490,SO-20250490,296,2024-11-04,25314.01,Shipped,2024-03-09T18:55:41
491,SO-20250491,1457,2024-02-23,22912.75,Pending,2021-06-17T01:00:43
492,SO-20250492,1423,2022-12-05,10671.49,Shipped,2020-11-07T15:28:03
493,SO-20250493,67,2022-10-01,37337.49,Cancelled,2020-12-25T15:31:32
494,SO-20250494,1888,2024-04-18,47593.50,Shipped,2020-11-20T13:05:11
495,SO-20250495,226,2021-09-26,6087.28,Cancelled,2023-07-19T04:52:39
496,SO-20250496,83,2024-02-10,26162.74,Pending,2024-07-30T04:23:42
497,SO-20250497,761,2025-01-07,15280.98,Cancelled,2022-06-26T14:35:45
498,SO-20250498,622,2021-08-13,14734.37,Pending,2025-05-16T00:44:38
499,SO-20250499,1621,2025-07-08,7186.33,Shipped,2023-03-18T12:14:56
500,SO-20250500,100,2022-01-21,46844.19,Cancelled,2022-01-20T16:59:23
501,SO-20250501,1821,2023-02-06,14209.94,Completed,2025-01-14T08:07:37
502,SO-20250502,1678,2025-05-29,36996.03,Pending,2022-07-09T02:30:16
503,SO-20250503,251,2021-05-12,27399.49,Pending,2024-02-08T00:55:10
504,SO-20250504,1783,2025-08-15,2281.89,Shipped,2022-01-25T10:52:31
505,SO-20250505,1174,2021-01-12,15519.61,Shipped,2023-10-03T23:13:16
506,SO-20250506,1844,2024-01-08,16924.27,Shipped,2023-05-04T05:09:23
507,SO-20250507,974,2022-07-22,41731.28,Completed,2025-03-27T14:16:31
508,SO-20250508,1561,2021-06-08,6969.19,Shipped,2022-03-04T09:30:56
509,SO-20250509,1560,2025-08-09,22523.97,Shipped,2023-11-17T13:23:06
510,SO-20250510,306,2025-06-11,43323.96,Cancelled,2022-05-31T21:38:15
511,SO-20250511,183,2023-02-16,40000.59,Shipped,2022-08-21T00:27:26
512,SO-20250512,794,2025-06-03,11679.47,Shipped,2021-02-27T04:55:03
513,SO-20250513,695,2020-12-13,27072.67,Shipped,2022-05-26T20:21:29
514,SO-20250514,1508,2023-06-21,13904.89,Pending,2021-08-27T03:09:13
515,SO-20250515,1774,2022-04-11,8322.46,Pending,2024-04-12T19:32:38
516,SO-20250516,1172,2021-02-12,31523.96,Cancelled,2022-08-13T08:26:13
517,SO-20250517,1150,2023-09-01,32275.73,Pending,2023-06-18T06:23:29
518,SO-20250518,395,2022-05-17,47760.66,Pending,2023-07-31T01:28:59
519,SO-20250519,1961,2025-08-03,28533.71,Completed,2023-11-22T03:16:46
520,SO-20250520,1538,2023-07-03,23817.99,Pending,2025-03-10T12:13:34
521,SO-20250521,247,2021-03-01,32929.81,Completed,2021-06-10T14:11:20
522,SO-20250522,1971,2022-06-09,997.73,Completed,2021-11-27T18:35:06
523,SO-20250523,503,2024-02-25,41493.04,Shipped,2023-02-27T17:49:02
524,SO-20250524,174,2023-05-17,40355.71,Cancelled,2024-12-19T03:37:14
525,SO-20250525,823,2022-09-01,29465.21,Shipped,2025-10-26T02:13:36
526,SO-20250526,1766,2025-07-04,46695.75,Cancelled,2023-01-08T04:33:01
527,SO-20250527,896,2024-12-03,9066.37,Pending,2021-02-06T19:13:20
528,SO-20250528,1761,2024-10-31,26418.69,Shipped,2023-04-07T22:16:24
529,SO-20250529,527,2025-05-02,4596.70,Pending,2024-05-01T12:03:33
530,SO-20250530,1110,2023-11-22,8449.39,Completed,2022-08-22T02:27:53
531,SO-20250531,375,2021-08-27,12814.95,Pending,2022-04-27T22:41:23
532,SO-20250532,316,2025-07-12,15374.37,Shipped,2023-12-23T12:35:05
533,SO-20250533,1390,2024-01-06,8501.09,Cancelled,2022-04-18T09:53:02
534,SO-20250534,372,2024-08-28,1407.20,Pending,2022-07-13T16:18:09
535,SO-20250535,611,2024-02-01,19527.49,Cancelled,2024-03-12T02:58:58
536,SO-20250536,292,2022-05-16,20670.50,Cancelled,2023-10-09T14:09:20
537,SO-20250537,529,2023-05-29,18806.88,Pending,2025-02-14T20:25:12
538,SO-20250538,107,2020-11-16,10167.84,Completed,2021-10-27T18:53:39
539,SO-20250539,1010,2021-04-20,25455.63,Shipped,2022-10-10T00:24:20
540,SO-20250540,1945,2021-07-21,5798.31,Pending,2024-09-20T21:34:08
541,SO-20250541,652,2022-12-22,23267.94,Shipped,2025-02-11T10:43:11
542,SO-20250542,135,2024-12-31,24234.37,Shipped,2021-01-31T14:36:20
543,SO-20250543,1298,2023-04-03,11725.34,Pending,2021-08-20T09:12:37
544,SO-20250544,552,2025-04-26,27726.06,Pending,2024-10-16T04:49:11
545,SO-20250545,505,2024-07-28,38160.77,Completed,2025-06-23T11:19:25
546,SO-20250546,624,2024-01-29,28433.87,Shipped,2022-12-06T15:20:24
547,SO-20250547,172,2020-12-27,42321.58,Completed,2024-09-17T11:31:31
548,SO-20250548,1604,2025-02-01,48397.18,Cancelled,2021-05-23T01:29:11
549,SO-20250549,1107,2025-04-16,49266.17,Completed,2021-01-25T03:35:22
550,SO-20250550,1101,2024-02-02,47633.00,Shipped,2023-10-06T01:43:05
551,SO-20250551,86,2025-10-27,100.00,Shipped,2024-09-18T14:38:45
552,SO-20250552,1969,2022-10-16,41477.12,Cancelled,2022-09-11T03:52:51
553,SO-20250553,1338,2025-05-04,48605.49,Pending,2021-08-12T04:37:43
554,SO-20250554,124,2023-05-25,46678.67,Shipped,2022-11-14T15:31:23
555,SO-20250555,560,2023-07-13,29913.49,Shipped,2024-09-03T06:06:39
556,SO-20250556,720,2022-07-18,42129.81,Completed,2022-07-30T05:42:21
557,SO-20250557,1199,2023-10-11,42042.18,Cancelled,2021-07-14T10:18:27
558,SO-20250558,94,2021-07-08,8112.74,Pending,2023-10-01T04:29:45
559,SO-20250559,616,2023-12-13,4531.27,Pending,2022-02-05T01:51:11
560,SO-20250560,1701,2022-12-29,7025.53,Cancelled,2021-08-03T19:42:30
561,SO-20250561,1799,2023-10-18,21626.52,Cancelled,2024-12-09T19:32:58
562,SO-20250562,1811,2024-08-15,34120.94,Cancelled,2022-04-10T13:13:16
563,SO-20250563,1301,2023-08-19,13104.96,Shipped,2025-06-13T16:28:44
564,SO-20250564,560,2023-07-12,12334.12,Cancelled,2022-09-04T18:46:49
565,SO-20250565,700,2021-01-18,10570.66,Cancelled,2025-09-19T10:40:05
566,SO-20250566,33,2022-01-16,45705.21,Completed,2022-03-23T08:57:24
567,SO-20250567,1324,2024-07-17,46116.78,Shipped,2024-01-24T22:37:54
568,SO-20250568,9,2023-12-09,45077.18,Completed,2025-03-31T04:53:50
569,SO-20250569,847,2021-12-10,27811.74,Shipped,2022-11-05T02:04:00
570,SO-20250570,1562,2025-02-12,19669.91,Pending,2021-10-20T06:21:35
571,SO-20250571,1613,2023-02-12,43842.18,Pending,2023-04-07T04:57:46
572,SO-20250572,1104,2022-06-16,1595.83,Shipped,2022-05-29T03:51:29
573,SO-20250573,1377,2025-07-15,6214.61,Shipped,2023-10-15T22:38:34
574,SO-20250574,1695,2023-09-20,30085.48,Shipped,2024-09-01T18:01:21
575,SO-20250575,363,2021-10-20,41965.33,Pending,2025-03-24T15:24:07
576,SO-20250576,256,2021-04-25,23161.49,Completed,2023-08-24T04:17:05
577,SO-20250577,911,2022-06-11,517.70,Pending,2022-07-31T14:40:40
578,SO-20250578,1554,2024-11-07,14092.67,Cancelled,2025-08-11T20:46:19
579,SO-20250579,393,2023-07-06,4543.83,Cancelled,2021-10-24T22:51:53
580,SO-20250580,1656,2022-04-06,35904.59,Completed,2022-02-20T01:20:26
581,SO-20250581,1012,2022-04-19,48366.46,Pending,2025-09-14T20:01:19
582,SO-20250582,575,2023-12-11,24667.25,Completed,2022-09-07T08:39:15
583,SO-20250583,15,2023-09-07,9844.54,Shipped,2024-07-03T15:14:59
584,SO-20250584,228,2023-02-23,43502.32,Shipped,2024-05-08T11:12:00
585,SO-20250585,350,2021-05-10,27611.67,Completed,2020-12-13T12:20:15
586,SO-20250586,134,2023-11-22,29428.82,Pending,2024-07-09T16:49:13
587,SO-20250587,261,2021-10-19,13018.24,Completed,2023-04-29T08:13:28
588,SO-20250588,1805,2021-08-03,26177.84,Cancelled,2021-03-27T14:24:16
589,SO-20250589,393,2023-02-08,42390.98,Pending,2025-08-04T02:22:19
590,SO-20250590,1987,2025-02-14,34664.64,Cancelled,2024-01-28T16:16:15
591,SO-20250591,1395,2025-02-21,28027.79,Shipped,2025-10-08T04:42:25
592,SO-20250592,5,2024-03-26,46897.62,Pending,2023-10-04T10:01:27
593,SO-20250593,1749,2024-07-23,46941.03,Shipped,2021-05-20T19:37:21
594,SO-20250594,1730,2023-01-28,49755.57,Cancelled,2024-05-28T05:04:19
595,SO-20250595,250,2025-02-12,34024.67,Shipped,2023-03-07T02:19:13
596,SO-20250596,1015,2025-01-06,18105.52,Pending,2022-05-20T09:13:19
597,SO-20250597,1811,2025-02-13,36074.95,Pending,2024-03-17T20:04:54
598,SO-20250598,570,2022-09-25,45923.66,Shipped,2020-11-05T16:37:46
599,SO-20250599,648,2025-06-19,307.71,Completed,2021-11-24T04:17:02
600,SO-20250600,686,2021-12-05,4136.35,Pending,2021-07-14T15:53:55
601,SO-20250601,1511,2024-07-08,11320.12,Shipped,2024-09-01T07:33:45
602,SO-20250602,1962,2022-11-25,3768.30,Completed,2024-12-11T12:50:57
603,SO-20250603,404,2021-11-16,8265.85,Cancelled,2022-01-27T07:49:54
604,SO-20250604,129,2024-01-25,31318.43,Pending,2022-08-21T10:25:59
605,SO-20250605,58,2024-12-02,24024.32,Pending,2024-07-27T00:19:11
606,SO-20250606,1214,2022-05-26,39871.18,Cancelled,2024-12-03T05:09:12
607,SO-20250607,1722,2022-07-20,12557.95,Pending,2020-12-08T08:42:06
608,SO-20250608,970,2021-09-16,11956.04,Cancelled,2023-04-30T01:27:00
609,SO-20250609,1705,2021-02-05,2768.92,Cancelled,2025-04-08T00:59:00
610,SO-20250610,1065,2023-12-06,39715.85,Pending,2021-01-29T22:25:52
611,SO-20250611,1589,2025-01-20,30018.24,Shipped,2021-03-07T08:02:31
612,SO-20250612,1565,2025-03-15,4828.75,Shipped,2023-10-03T09:30:28
613,SO-20250613,1186,2021-07-16,6285.08,Pending,2024-09-18T19:46:40
614,SO-20250614,1878,2024-04-09,1715.52,Cancelled,2024-08-12T02:58:44
615,SO-20250615,1823,2023-09-23,42392.22,Pending,2021-07-07T04:58:10
616,SO-20250616,1603,2024-03-26,6420.41,Shipped,2021-07-01T17:29:30
617,SO-20250617,113,2021-02-04,15108.48,Shipped,2021-12-03T15:20:47
618,SO-20250618,135,2024-12-15,5136.29,Pending,2024-08-03T10:34:59
619,SO-20250619,1146,2025-10-04,2657.55,Shipped,2025-08-07T03:05:17
620,SO-20250620,823,2025-02-25,4836.72,Shipped,2023-09-26T11:13:54
621,SO-20250621,478,2022-11-22,43235.91,Pending,2022-09-16T05:58:36
622,SO-20250622,929,2024-07-08,19226.81,Shipped,2021-08-11T04:43:21
623,SO-20250623,1803,2022-07-16,31029.52,Pending,2025-03-18T11:06:31
624,SO-20250624,696,2021-07-23,32563.53,Pending,2021-03-17T17:25:11
625,SO-20250625,930,2024-12-02,25884.78,Completed,2025-07-06T15:02:20
626,SO-20250626,222,2022-01-19,5179.35,Pending,2025-03-12T22:02:40
627,SO-20250627,1215,2022-11-25,39481.35,Completed,2024-05-07T14:47:31
628,SO-20250628,1853,2024-09-11,28681.95,Cancelled,2024-05-22T13:59:30
629,SO-20250629,728,2021-10-14,21079.30,Shipped,2022-01-08T08:23:29
630,SO-20250630,381,2020-11-28,12195.47,Pending,2025-01-07T04:22:50
631,SO-20250631,124,2025-09-18,6427.65,Shipped,2023-11-30T13:10:27
632,SO-20250632,1051,2025-09-04,47989.08,Cancelled,2025-01-06T21:26:35
633,SO-20250633,638,2020-12-22,29204.11,Completed,2022-06-26T02:51:06
634,SO-20250634,302,2022-03-09,23502.71,Cancelled,2021-09-23T22:51:29
635,SO-20250635,597,2023-02-19,18473.06,Pending,2021-10-19T08:17:01
636,SO-20250636,1061,2025-07-06,29342.67,Completed,2021-07-21T14:21:53
637,SO-20250637,118,2025-06-11,11907.50,Pending,2023-05-08T18:02:14
638,SO-20250638,865,2022-10-13,17223.61,Completed,2024-11-02T15:35:41
639,SO-20250639,1312,2021-04-08,45429.59,Pending,2021-08-20T23:06:38
640,SO-20250640,700,2025-01-13,9508.31,Shipped,2023-04-03T06:04:26
641,SO-20250641,1423,2021-01-09,34607.46,Shipped,2022-12-01T04:44:33
642,SO-20250642,1229,2024-08-08,34636.07,Cancelled,2022-05-28T08:40:06
643,SO-20250643,1262,2022-06-01,15016.60,Cancelled,2022-12-07T20:47:00
644,SO-20250644,333,2023-03-14,5287.15,Pending,2022-04-23T20:13:34
645,SO-20250645,1016,2021-08-11,11009.32,Pending,2023-07-22T10:21:32
646,SO-20250646,1309,2023-05-25,11190.10,Completed,2022-09-07T13:32:22
647,SO-20250647,956,2025-06-14,31214.80,Completed,2021-02-13T16:45:37
648,SO-20250648,985,2020-12-27,36742.58,Cancelled,2024-09-20T02:09:51
649,SO-20250649,1654,2021-12-07,37017.07,Completed,2025-09-05T01:26:51
650,SO-20250650,820,2022-01-11,9253.01,Pending,2022-08-15T07:50:11
651,SO-20250651,744,2024-06-02,544.11,Cancelled,2023-10-24T18:56:03
652,SO-20250652,62,2024-08-12,27756.85,Completed,2025-04-25T03:55:52
653,SO-20250653,596,2021-09-19,22048.39,Cancelled,2023-04-01T13:07:21
654,SO-20250654,90,2024-07-07,48766.70,Completed,2025-08-07T22:09:19
655,SO-20250655,406,2023-09-15,14240.84,Completed,2024-07-09T19:58:00
656,SO-20250656,1814,2023-01-05,13136.84,Completed,2022-05-30T19:01:04
657,SO-20250657,696,2022-02-23,42384.33,Completed,2024-06-20T13:33:00
658,SO-20250658,366,2021-05-10,9839.58,Completed,2022-12-24T02:12:31
659,SO-20250659,1727,2022-04-26,13126.34,Pending,2021-10-06T23:46:04
660,SO-20250660,43,2024-12-07,41580.71,Completed,2022-02-19T21:18:56
661,SO-20250661,777,2023-11-29,32760.72,Pending,2023-03-11T11:27:24
662,SO-20250662,694,2021-02-21,46808.90,Cancelled,2021-08-22T23:30:34
663,SO-20250663,935,2023-01-01,12045.49,Cancelled,2025-08-05T00:09:37
664,SO-20250664,1354,2024-07-08,8609.42,Shipped,2021-09-07T10:49:31
665,SO-20250665,1799,2022-02-04,35561.56,Pending,2024-07-30T01:09:05
666,SO-20250666,296,2021-08-20,44142.02,Completed,2022-11-02T04:44:12
667,SO-20250667,1628,2021-01-18,9522.57,Shipped,2023-08-30T04:23:20
668,SO-20250668,1423,2022-06-27,18744.05,Shipped,2024-05-08T12:36:50
669,SO-20250669,1303,2021-12-07,12265.25,Pending,2024-07-02T22:25:21
670,SO-20250670,1563,2021-06-08,30820.60,Completed,2024-07-25T07:29:11
671,SO-20250671,1750,2025-01-26,26796.64,Completed,2021-07-16T07:36:23
672,SO-20250672,672,2022-10-21,12396.22,Cancelled,2023-08-16T06:21:49
673,SO-20250673,1788,2022-08-02,6366.60,Shipped,2025-04-04T04:55:03
674,SO-20250674,429,2025-10-15,36378.56,Shipped,2021-04-26T03:18:45
675,SO-20250675,1620,2025-08-30,33191.93,Pending,2024-02-23T16:49:24
676,SO-20250676,343,2025-10-28,25455.26,Cancelled,2023-10-30T18:58:10
677,SO-20250677,1022,2025-09-17,25968.67,Completed,2023-04-26T08:59:02
678,SO-20250678,660,2024-02-27,35638.72,Shipped,2024-02-26T15:22:18
679,SO-20250679,1466,2022-02-13,47789.81,Shipped,2025-09-01T02:08:14
680,SO-20250680,550,2022-02-27,29080.27,Pending,2023-05-26T21:41:37
681,SO-20250681,425,2020-11-25,11015.34,Completed,2023-08-05T11:54:16
682,SO-20250682,926,2025-08-02,43165.25,Shipped,2021-04-09T15:36:31
683,SO-20250683,448,2024-08-08,15334.65,Shipped,2022-11-20T23:30:46
684,SO-20250684,1171,2024-06-04,7902.61,Cancelled,2023-11-10T05:21:21
685,SO-20250685,522,2024-03-05,27550.07,Completed,2021-07-08T00:31:30
686,SO-20250686,1540,2021-07-16,4247.21,Shipped,2025-03-17T17:43:46
687,SO-20250687,1063,2024-09-06,17611.17,Pending,2023-01-14T13:21:04
688,SO-20250688,953,2021-04-07,25637.49,Cancelled,2024-11-29T04:15:29
689,SO-20250689,873,2023-01-16,22585.00,Shipped,2025-10-30T20:14:24
690,SO-20250690,838,2021-06-14,18407.22,Shipped,2021-11-07T05:47:34
691,SO-20250691,650,2023-11-29,13687.32,Pending,2023-11-22T09:04:05
692,SO-20250692,368,2022-07-09,22112.34,Cancelled,2021-01-30T20:29:23
693,SO-20250693,1322,2021-11-22,3840.63,Pending,2023-11-09T14:40:07
694,SO-20250694,604,2025-09-28,42138.04,Pending,2024-07-29T06:27:24
695,SO-20250695,1610,2022-06-19,13857.43,Completed,2024-03-29T02:47:58
696,SO-20250696,202,2023-04-22,5973.46,Cancelled,2022-10-11T22:53:28
697,SO-20250697,79,2023-08-12,27324.00,Cancelled,2021-01-28T01:06:50
698,SO-20250698,403,2024-10-29,33771.61,Cancelled,2021-03-27T13:09:48
699,SO-20250699,620,2021-10-19,37273.31,Cancelled,2022-03-08T06:54:41
700,SO-20250700,391,2025-10-12,35296.85,Completed,2024-01-10T01:20:20
701,SO-20250701,1752,2020-11-09,37631.55,Cancelled,2023-11-07T02:10:31
702,SO-20250702,18,2021-03-07,38515.30,Cancelled,2025-04-02T20:12:30
703,SO-20250703,1685,2024-06-01,17364.29,Shipped,2024-02-27T05:25:41
704,SO-20250704,1938,2021-07-03,20317.64,Pending,2020-11-24T10:27:04
705,SO-20250705,967,2021-09-28,32721.85,Completed,2024-07-07T08:55:45
706,SO-20250706,1773,2023-11-28,19905.39,Completed,2021-02-28T07:18:44
707,SO-20250707,1482,2023-04-02,37469.40,Shipped,2022-07-03T23:20:43
708,SO-20250708,479,2025-09-17,25815.48,Shipped,2025-04-24T03:59:41
709,SO-20250709,1480,2021-04-10,40729.17,Cancelled,2023-10-17T14:03:26
710,SO-20250710,1622,2020-11-21,4339.50,Completed,2023-05-30T20:01:37
711,SO-20250711,879,2023-06-14,38518.05,Shipped,2022-04-04T14:24:49
712,SO-20250712,430,2021-07-29,21962.11,Pending,2025-04-19T06:08:05
713,SO-20250713,768,2023-07-23,6990.56,Completed,2021-10-30T22:35:41
714,SO-20250714,626,2021-11-26,47170.53,Pending,2021-04-20T19:34:05
715,SO-20250715,1024,2022-12-15,40529.55,Cancelled,2024-02-16T19:00:34
716,SO-20250716,696,2022-01-28,11313.26,Shipped,2024-06-16T06:29:14
717,SO-20250717,1405,2023-09-08,37643.68,Cancelled,2022-09-15T18:40:33
718,SO-20250718,668,2022-08-05,29368.41,Pending,2024-01-16T14:01:12
719,SO-20250719,1889,2023-08-30,6999.78,Cancelled,2024-06-10T08:19:30
720,SO-20250720,1164,2023-04-24,31510.47,Shipped,2022-11-27T20:25:05
721,SO-20250721,781,2024-07-01,10250.02,Shipped,2025-08-28T05:42:12
722,SO-20250722,131,2022-12-20,26747.80,Completed,2022-05-10T10:24:53
723,SO-20250723,973,2020-11-09,5476.49,Shipped,2024-08-22T12:28:32
724,SO-20250724,1309,2023-12-25,44742.45,Pending,2023-03-27T03:27:31
725,SO-20250725,352,2022-01-23,5260.44,Completed,2023-07-30T06:33:25
726,SO-20250726,66,2023-10-14,41332.42,Shipped,2022-04-01T18:55:10
727,SO-20250727,55,2022-11-30,9375.27,Pending,2023-05-15T14:24:43
728,SO-20250728,1867,2025-08-27,48151.58,Cancelled,2022-11-29T18:43:34
729,SO-20250729,422,2021-12-18,11690.32,Pending,2023-03-23T09:59:12
730,SO-20250730,932,2021-07-14,2919.79,Pending,2023-08-07T05:07:55
731,SO-20250731,352,2024-03-01,16372.26,Shipped,2025-02-14T20:33:33
732,SO-20250732,801,2025-07-11,7893.92,Pending,2021-03-06T18:11:13
733,SO-20250733,265,2024-09-08,26845.83,Shipped,2022-01-22T13:23:12
734,SO-20250734,1522,2025-07-13,3484.71,Completed,2023-09-04T12:37:34
735,SO-20250735,267,2024-07-09,43528.93,Cancelled,2020-11-25T15:07:41
736,SO-20250736,886,2021-01-28,40903.91,Shipped,2024-12-27T08:17:58
737,SO-20250737,326,2022-09-12,30205.29,Cancelled,2025-06-23T10:55:12
738,SO-20250738,1204,2025-05-10,10188.49,Shipped,2023-08-04T12:17:21
739,SO-20250739,565,2020-12-24,10125.05,Completed,2021-11-04T14:39:03
740,SO-20250740,913,2025-06-29,3245.30,Shipped,2020-11-20T15:19:55
741,SO-20250741,1239,2023-08-29,40387.91,Cancelled,2021-07-06T11:19:52
742,SO-20250742,1865,2020-11-29,28482.99,Shipped,2023-12-28T08:35:48
743,SO-20250743,943,2021-10-30,23161.64,Pending,2021-07-08T15:55:58
744,SO-20250744,1510,2025-09-09,4600.58,Shipped,2022-07-28T20:16:02
745,SO-20250745,711,2021-07-22,35030.81,Cancelled,2023-04-04T16:43:08
746,SO-20250746,801,2023-07-12,30670.72,Completed,2020-12-18T05:08:09
747,SO-20250747,851,2023-06-26,12494.28,Shipped,2021-10-19T03:09:55
748,SO-20250748,938,2021-08-15,19264.02,Completed,2023-12-14T00:32:33
749,SO-20250749,1431,2025-02-16,28452.33,Shipped,2021-12-03T16:47:41
750,SO-20250750,1431,2022-01-02,47287.08,Completed,2025-04-27T18:17:52
751,SO-20250751,1814,2022-01-31,43533.45,Cancelled,2023-07-03T04:55:22
752,SO-20250752,1808,2025-02-15,31422.76,Cancelled,2023-11-21T08:40:17
753,SO-20250753,1366,2024-10-19,45819.00,Completed,2024-08-24T18:44:25
754,SO-20250754,1862,2020-11-28,24699.70,Pending,2022-04-07T16:05:02
755,SO-20250755,756,2025-08-14,3872.86,Pending,2025-07-30T04:18:21
756,SO-20250756,1034,2021-03-02,38338.63,Cancelled,2024-09-04T06:26:55
757,SO-20250757,840,2021-10-30,22574.25,Cancelled,2023-12-21T04:52:49
758,SO-20250758,425,2024-05-31,25327.93,Shipped,2021-01-28T18:00:57
759,SO-20250759,55,2023-10-05,3706.11,Shipped,2021-12-18T03:10:57
760,SO-20250760,781,2025-03-04,17215.70,Shipped,2023-11-28T14:35:14
761,SO-20250761,1753,2024-01-13,9760.46,Pending,2022-02-02T13:37:02
762,SO-20250762,22,2023-09-25,12567.76,Completed,2023-08-11T20:01:36
763,SO-20250763,670,2025-03-29,33531.26,Shipped,2021-07-02T08:16:20
764,SO-20250764,993,2022-11-23,23094.78,Pending,2024-05-20T06:39:58
765,SO-20250765,1124,2024-01-24,32868.28,Shipped,2024-04-24T18:16:32
766,SO-20250766,288,2021-07-20,23565.85,Cancelled,2025-05-16T02:20:03
767,SO-20250767,1724,2025-07-21,8110.26,Pending,2021-02-13T12:00:50
768,SO-20250768,1244,2021-04-10,5070.73,Cancelled,2024-09-24T13:12:38
769,SO-20250769,255,2022-02-26,26755.96,Shipped,2023-03-06T20:50:33
770,SO-20250770,345,2023-12-22,3925.39,Pending,2024-01-03T20:28:19
771,SO-20250771,1388,2023-08-07,13698.95,Shipped,2022-01-27T23:25:58
772,SO-20250772,734,2021-08-20,8938.11,Pending,2022-01-03T15:03:34
773,SO-20250773,1829,2021-12-26,33768.45,Completed,2021-09-23T04:55:04
774,SO-20250774,906,2023-08-19,34852.28,Pending,2023-12-25T18:03:26
775,SO-20250775,800,2024-04-12,34532.82,Shipped,2022-06-21T12:31:47
776,SO-20250776,108,2021-09-28,29930.36,Pending,2023-03-14T08:06:29
777,SO-20250777,1582,2023-01-21,18900.91,Completed,2021-01-29T03:56:52
778,SO-20250778,1903,2023-02-12,12522.50,Completed,2023-08-04T22:19:10
779,SO-20250779,410,2024-07-18,4614.75,Shipped,2025-02-10T00:02:26
780,SO-20250780,58,2023-01-25,49465.07,Cancelled,2024-12-18T08:49:45
781,SO-20250781,1681,2024-09-16,9647.98,Pending,2023-08-09T21:20:37
782,SO-20250782,452,2024-07-20,47939.33,Pending,2022-03-19T07:21:41
783,SO-20250783,1633,2024-01-27,41777.48,Completed,2021-11-01T09:19:06
784,SO-20250784,1483,2023-04-14,8394.01,Shipped,2022-04-29T16:10:40
785,SO-20250785,1050,2022-03-19,5428.81,Cancelled,2025-10-15T00:53:50
786,SO-20250786,661,2022-01-26,28124.60,Completed,2024-09-20T15:49:06
787,SO-20250787,1280,2021-09-26,10395.61,Shipped,2020-11-15T12:09:45
788,SO-20250788,1923,2024-02-09,21422.62,Completed,2024-12-09T01:03:37
789,SO-20250789,438,2024-04-15,5338.97,Cancelled,2024-08-21T01:22:43
790,SO-20250790,356,2023-07-11,798.98,Cancelled,2023-09-13T09:28:52
791,SO-20250791,25,2025-03-30,19489.87,Shipped,2022-12-12T01:32:29
792,SO-20250792,451,2021-08-27,3347.51,Cancelled,2021-07-08T15:03:51
793,SO-20250793,1332,2021-04-24,31214.27,Pending,2025-05-14T16:38:50
794,SO-20250794,138,2021-09-22,44278.73,Shipped,2022-04-01T14:37:02
795,SO-20250795,618,2022-06-21,38388.88,Shipped,2023-02-12T18:49:36
796,SO-20250796,209,2025-05-25,35640.93,Completed,2022-12-11T17:50:40
797,SO-20250797,516,2022-06-01,47953.78,Cancelled,2022-08-31T19:57:12
798,SO-20250798,1293,2024-02-24,34830.95,Completed,2023-04-26T13:17:08
799,SO-20250799,681,2023-09-05,8807.79,Cancelled,2021-08-12T14:14:10
800,SO-20250800,1744,2021-10-29,33335.21,Pending,2025-06-23T14:00:23
801,SO-20250801,687,2024-07-06,931.56,Shipped,2023-08-10T18:34:36
802,SO-20250802,784,2025-04-14,25575.76,Completed,2021-07-27T20:10:04
803,SO-20250803,1032,2024-10-21,29394.05,Pending,2024-07-03T09:38:29
804,SO-20250804,477,2020-11-16,1109.61,Pending,2025-07-18T12:19:55
805,SO-20250805,633,2021-03-28,11858.00,Shipped,2024-11-13T03:36:41
806,SO-20250806,1551,2023-03-31,12215.11,Pending,2024-04-09T23:44:45
807,SO-20250807,123,2024-04-30,6920.90,Shipped,2021-10-08T19:06:35
808,SO-20250808,608,2022-10-03,10140.49,Shipped,2021-05-09T12:37:05
809,SO-20250809,419,2022-07-19,32119.84,Completed,2021-01-14T05:54:33
810,SO-20250810,1892,2022-11-07,36279.16,Shipped,2023-10-16T16:40:25
811,SO-20250811,1514,2024-02-03,43872.73,Completed,2022-01-29T06:03:23
812,SO-20250812,570,2022-05-03,15911.06,Pending,2021-07-27T01:18:05
813,SO-20250813,1067,2022-06-13,39599.40,Shipped,2023-09-22T10:10:47
814,SO-20250814,1328,2020-12-12,40644.89,Pending,2024-03-28T04:03:01
815,SO-20250815,470,2023-01-28,42354.40,Cancelled,2024-11-03T15:40:11
816,SO-20250816,702,2021-12-20,12150.34,Pending,2021-01-17T10:11:38
817,SO-20250817,1857,2024-01-07,45888.02,Completed,2025-05-16T09:02:26
818,SO-20250818,1642,2024-10-28,34383.12,Completed,2024-04-11T05:43:39
819,SO-20250819,1246,2020-12-08,43641.65,Cancelled,2021-06-04T22:07:56
820,SO-20250820,376,2022-03-13,22145.93,Pending,2021-08-11T12:13:09
821,SO-20250821,133,2022-11-06,43499.84,Pending,2022-09-25T01:43:29
822,SO-20250822,1954,2021-04-05,9663.65,Completed,2023-09-21T09:17:06
823,SO-20250823,1922,2024-10-22,10250.79,Pending,2021-07-30T20:02:50
824,SO-20250824,356,2023-11-25,29651.90,Completed,2021-09-29T07:15:40
825,SO-20250825,484,2023-11-29,25395.86,Shipped,2022-09-24T06:18:10
826,SO-20250826,1485,2022-07-16,23380.36,Completed,2024-11-30T10:41:32
827,SO-20250827,1478,2022-01-11,9916.94,Shipped,2023-12-20T18:08:02
828,SO-20250828,362,2021-07-10,30312.27,Cancelled,2022-08-10T22:27:57
829,SO-20250829,585,2022-10-04,28842.27,Completed,2025-05-18T21:01:55
830,SO-20250830,557,2024-07-09,43128.16,Shipped,2022-08-29T10:51:58
831,SO-20250831,164,2025-09-25,47553.11,Cancelled,2024-09-03T04:44:55
832,SO-20250832,816,2023-10-18,18916.99,Shipped,2023-04-19T05:49:54
833,SO-20250833,904,2024-07-12,21163.73,Shipped,2025-06-27T11:55:08
834,SO-20250834,1558,2022-02-19,7836.13,Shipped,2022-06-22T08:08:42
835,SO-20250835,41,2025-02-21,38108.37,Shipped,2023-09-21T20:31:32
836,SO-20250836,1750,2024-11-12,4207.48,Cancelled,2022-07-09T11:12:20
837,SO-20250837,1219,2021-11-12,26883.02,Completed,2021-12-08T11:51:26
838,SO-20250838,527,2023-12-22,19053.49,Cancelled,2024-08-23T18:50:43
839,SO-20250839,929,2022-08-30,14197.13,Shipped,2022-09-26T07:59:33
840,SO-20250840,148,2023-02-23,16695.05,Shipped,2021-02-26T18:02:37
841,SO-20250841,401,2023-07-03,7778.49,Completed,2022-06-22T12:13:25
842,SO-20250842,9,2022-12-15,691.07,Cancelled,2025-08-18T23:28:01
843,SO-20250843,1007,2025-10-04,20257.54,Shipped,2020-11-28T01:04:18
844,SO-20250844,1926,2022-04-15,19762.75,Cancelled,2024-06-02T05:27:42
845,SO-20250845,787,2023-09-21,24503.08,Pending,2022-02-13T09:50:28
846,SO-20250846,838,2024-07-13,44255.73,Pending,2024-04-03T20:38:49
847,SO-20250847,789,2023-08-29,46609.87,Completed,2021-01-08T00:17:57
848,SO-20250848,398,2025-08-25,38159.40,Cancelled,2022-11-05T11:07:10
849,SO-20250849,1580,2024-12-10,45658.65,Cancelled,2022-07-19T02:25:37
850,SO-20250850,1044,2021-03-20,35470.97,Cancelled,2021-04-27T06:56:37
851,SO-20250851,1427,2021-09-04,2932.35,Shipped,2024-05-07T16:59:42
852,SO-20250852,1898,2022-07-04,21230.81,Completed,2025-07-15T07:57:41
853,SO-20250853,497,2025-06-17,23912.39,Cancelled,2021-06-09T03:21:13
854,SO-20250854,1293,2024-11-13,35342.62,Pending,2024-12-30T14:13:17
855,SO-20250855,1429,2021-12-12,33300.50,Completed,2022-02-18T01:31:28
856,SO-20250856,536,2020-12-16,30291.51,Completed,2021-07-31T20:32:44
857,SO-20250857,521,2020-12-03,12408.37,Completed,2022-06-11T00:46:40
858,SO-20250858,26,2022-04-23,5880.70,Pending,2025-03-23T00:03:02
859,SO-20250859,1320,2022-09-16,35594.89,Shipped,2021-07-26T17:38:46
860,SO-20250860,815,2021-07-15,35318.19,Pending,2021-05-27T10:51:38
861,SO-20250861,1062,2020-11-18,45501.96,Shipped,2022-06-08T17:58:21
862,SO-20250862,340,2024-10-06,41495.99,Cancelled,2023-04-30T23:06:47
863,SO-20250863,1417,2024-11-14,15145.87,Shipped,2022-02-22T02:20:35
864,SO-20250864,1201,2024-01-01,15433.54,Shipped,2024-07-16T17:17:42
865,SO-20250865,1542,2023-04-17,43826.20,Pending,2024-06-10T02:13:19
866,SO-20250866,224,2025-09-18,31827.20,Cancelled,2023-05-11T22:43:05
867,SO-20250867,1668,2024-12-30,7178.54,Completed,2021-06-18T12:43:09
868,SO-20250868,1905,2022-12-07,37427.10,Cancelled,2021-03-15T14:54:05
869,SO-20250869,14,2024-09-18,49351.92,Shipped,2022-01-22T06:42:26
870,SO-20250870,4,2020-12-30,4888.69,Shipped,2024-06-02T03:29:41
871,SO-20250871,1076,2021-09-27,20871.27,Cancelled,2020-11-23T08:46:24
872,SO-20250872,1502,2022-05-18,21575.93,Completed,2025-02-17T07:39:07
873,SO-20250873,768,2022-11-21,9360.68,Completed,2023-03-08T18:51:10
874,SO-20250874,406,2025-09-14,24349.24,Pending,2024-06-27T08:37:20
875,SO-20250875,923,2020-11-05,28376.25,Completed,2024-04-10T22:15:32
876,SO-20250876,381,2021-10-01,10087.00,Completed,2024-02-21T16:21:58
877,SO-20250877,1658,2023-03-10,37970.28,Cancelled,2025-07-19T16:24:54
878,SO-20250878,1848,2022-08-26,43587.20,Shipped,2021-10-26T00:19:45
879,SO-20250879,1284,2022-06-02,45652.92,Pending,2022-07-20T10:51:09
880,SO-20250880,1779,2021-02-06,31839.86,Pending,2024-03-20T11:40:34
881,SO-20250881,601,2025-02-26,4331.07,Pending,2021-06-21T00:50:34
882,SO-20250882,567,2022-04-22,3259.91,Pending,2023-07-21T21:19:43
883,SO-20250883,1200,2025-02-24,11777.27,Shipped,2024-11-14T03:42:36
884,SO-20250884,1378,2025-04-27,38038.65,Pending,2021-10-18T22:21:02
885,SO-20250885,126,2021-07-21,13340.73,Pending,2021-05-10T23:40:33
886,SO-20250886,1363,2021-12-12,29143.15,Pending,2023-10-05T09:54:42
887,SO-20250887,199,2022-05-04,10592.86,Pending,2024-12-30T07:59:41
888,SO-20250888,770,2021-03-08,30169.09,Cancelled,2024-06-20T03:43:40
889,SO-20250889,1909,2021-09-03,24322.01,Cancelled,2022-01-10T11:17:15
890,SO-20250890,1238,2022-01-11,21501.21,Cancelled,2024-02-28T18:01:49
891,SO-20250891,1397,2021-02-20,44513.10,Cancelled,2024-05-26T00:16:29
892,SO-20250892,1673,2021-08-23,12017.87,Cancelled,2023-04-14T21:15:29
893,SO-20250893,1363,2022-04-23,19953.64,Pending,2022-12-20T02:59:25
894,SO-20250894,1998,2023-06-29,17833.66,Cancelled,2025-07-09T13:05:00
895,SO-20250895,1652,2024-07-08,5053.86,Shipped,2023-02-26T12:47:23
896,SO-20250896,1783,2021-07-13,34930.50,Completed,2023-05-12T06:01:11
897,SO-20250897,53,2023-09-12,30115.36,Cancelled,2025-03-10T00:09:17
898,SO-20250898,1948,2022-05-24,34978.27,Completed,2022-10-07T00:08:25
899,SO-20250899,755,2021-05-14,22623.31,Shipped,2022-07-18T05:39:51
900,SO-20250900,1055,2025-05-27,20685.67,Completed,2023-05-27T14:15:59
901,SO-20250901,7,2022-03-28,49309.76,Cancelled,2025-08-08T11:09:13
902,SO-20250902,35,2024-10-19,31707.18,Pending,2022-07-12T13:51:42
903,SO-20250903,1986,2022-10-15,40387.51,Cancelled,2022-07-18T00:18:31
904,SO-20250904,1389,2021-01-06,22243.09,Shipped,2024-08-01T16:21:32
905,SO-20250905,820,2024-08-16,36973.27,Pending,2022-07-27T01:11:37
906,SO-20250906,714,2024-10-19,21424.42,Shipped,2023-12-24T14:42:50
907,SO-20250907,1349,2022-08-25,42862.15,Pending,2023-06-23T06:56:48
908,SO-20250908,1504,2025-01-30,19273.68,Completed,2023-02-23T15:03:41
909,SO-20250909,1459,2024-10-17,7200.91,Pending,2023-03-15T00:46:38
910,SO-20250910,262,2024-01-23,24921.36,Pending,2023-05-14T20:02:34
911,SO-20250911,618,2020-12-06,41626.09,Shipped,2022-02-12T16:06:15
912,SO-20250912,345,2022-06-23,44825.61,Pending,2020-12-18T19:07:55
913,SO-20250913,988,2023-11-06,33148.97,Completed,2023-11-09T12:43:38
914,SO-20250914,499,2023-06-13,10621.46,Pending,2021-07-11T22:29:33
915,SO-20250915,217,2021-12-03,21772.93,Pending,2021-10-24T00:55:32
916,SO-20250916,329,2022-03-03,46453.72,Cancelled,2023-06-18T22:29:54
917,SO-20250917,1849,2022-01-26,19205.32,Cancelled,2025-04-06T21:06:53
918,SO-20250918,452,2022-08-21,35972.79,Shipped,2023-09-03T10:11:28
919,SO-20250919,1949,2022-12-31,44880.67,Pending,2024-03-09T09:35:47
920,SO-20250920,1363,2021-05-29,6831.03,Shipped,2021-05-06T04:03:18
921,SO-20250921,186,2024-05-04,39787.25,Cancelled,2020-12-12T08:51:50
922,SO-20250922,1786,2021-11-04,11229.12,Pending,2023-03-25T07:12:58
923,SO-20250923,1319,2021-04-03,17194.13,Shipped,2022-11-23T22:40:46
924,SO-20250924,1340,2022-10-20,32123.01,Shipped,2024-02-12T08:01:49
925,SO-20250925,1656,2025-01-19,11706.70,Cancelled,2024-06-21T04:16:59
926,SO-20250926,237,2021-10-14,14584.28,Pending,2021-12-30T23:38:33
927,SO-20250927,183,2022-09-21,17044.88,Completed,2023-10-27T22:16:05
928,SO-20250928,1525,2024-08-21,47103.28,Cancelled,2025-09-18T16:21:32
929,SO-20250929,261,2021-09-24,42673.85,Shipped,2021-01-30T08:03:33
930,SO-20250930,1182,2020-12-02,36859.05,Cancelled,2022-06-08T15:30:11
931,SO-20250931,127,2022-07-03,29523.49,Completed,2021-08-31T23:04:06
932,SO-20250932,1735,2024-03-19,19437.87,Shipped,2024-09-08T13:59:02
933,SO-20250933,655,2023-12-29,38575.48,Completed,2020-11-29T21:57:41
934,SO-20250934,1065,2024-03-12,33203.95,Completed,2022-05-09T02:16:14
935,SO-20250935,219,2021-02-14,19795.85,Shipped,2025-01-06T09:48:07
936,SO-20250936,648,2020-11-25,7277.80,Cancelled,2025-09-11T11:34:28
937,SO-20250937,1715,2025-04-19,10984.27,Shipped,2024-02-27T20:49:54
938,SO-20250938,302,2024-08-28,30093.20,Completed,2025-09-23T17:23:16
939,SO-20250939,1530,2023-08-30,33284.27,Pending,2021-07-27T01:54:54
940,SO-20250940,1227,2023-05-11,16040.96,Pending,2022-07-21T04:46:10
941,SO-20250941,561,2021-05-14,49842.59,Shipped,2024-04-05T07:52:33
942,SO-20250942,1293,2024-01-05,41442.93,Shipped,2025-02-12T16:45:12
943,SO-20250943,597,2023-11-28,35221.82,Shipped,2023-07-14T10:32:57
944,SO-20250944,121,2025-01-11,49058.08,Cancelled,2024-08-09T14:40:30
945,SO-20250945,313,2023-10-26,41402.84,Completed,2023-06-06T20:43:46
946,SO-20250946,1737,2023-03-06,36646.27,Completed,2025-08-15T00:33:24
947,SO-20250947,1435,2021-11-14,36799.49,Completed,2024-01-16T23:31:06
948,SO-20250948,1755,2021-03-11,24400.86,Shipped,2024-07-24T07:15:25
949,SO-20250949,613,2021-07-29,49220.26,Completed,2025-01-06T06:40:58
950,SO-20250950,45,2022-03-29,27419.75,Cancelled,2021-07-08T10:47:37
951,SO-20250951,866,2023-11-07,33911.04,Cancelled,2024-04-22T19:44:50
952,SO-20250952,1552,2024-04-24,19598.57,Pending,2022-06-25T22:55:35
953,SO-20250953,1082,2024-06-22,36351.39,Cancelled,2022-05-13T02:26:59
954,SO-20250954,1427,2024-09-16,46157.04,Shipped,2023-11-28T11:23:11
955,SO-20250955,200,2023-02-22,6588.49,Pending,2022-07-14T10:32:00
956,SO-20250956,1741,2021-05-01,46732.04,Cancelled,2023-05-01T16:25:42
957,SO-20250957,938,2021-04-17,32748.97,Completed,2024-06-27T18:50:48
958,SO-20250958,905,2023-04-08,34812.98,Cancelled,2025-08-05T23:08:45
959,SO-20250959,1838,2024-08-21,7283.90,Completed,2021-06-28T10:26:08
960,SO-20250960,1648,2020-12-05,37431.71,Pending,2022-01-20T13:52:02
961,SO-20250961,742,2024-11-06,36311.58,Pending,2020-11-02T09:22:45
962,SO-20250962,1390,2023-02-15,39285.69,Completed,2022-08-07T18:00:37
963,SO-20250963,772,2025-09-11,47522.39,Shipped,2024-02-02T08:32:53
964,SO-20250964,1392,2023-02-26,42090.92,Pending,2021-09-14T18:45:55
965,SO-20250965,197,2021-09-08,17811.41,Shipped,2024-11-05T08:13:23
966,SO-20250966,368,2024-11-19,47255.91,Pending,2023-01-13T13:56:21
967,SO-20250967,1056,2023-04-21,32522.39,Shipped,2023-03-23T18:28:18
968,SO-20250968,1987,2021-02-19,7470.99,Shipped,2021-11-18T08:10:09
969,SO-20250969,502,2022-11-17,1747.94,Completed,2024-01-28T07:15:07
970,SO-20250970,813,2021-07-23,24456.86,Completed,2024-04-30T01:51:02
971,SO-20250971,1337,2021-03-08,37272.75,Pending,2024-10-02T19:31:45
972,SO-20250972,1593,2023-07-14,23210.51,Shipped,2025-08-20T07:00:36
973,SO-20250973,564,2021-10-30,31635.06,Shipped,2021-09-09T15:40:10
974,SO-20250974,753,2021-01-28,629.54,Pending,2021-04-27T06:13:18
975,SO-20250975,170,2021-01-12,6146.48,Completed,2021-05-25T11:21:32
976,SO-20250976,48,2022-01-22,29363.18,Shipped,2025-06-03T02:40:38
977,SO-20250977,561,2022-08-29,34701.61,Pending,2024-07-30T17:54:36
978,SO-20250978,1627,2021-03-01,29664.31,Shipped,2022-02-11T20:01:43
979,SO-20250979,992,2023-10-22,49997.71,Shipped,2024-04-22T21:31:59
980,SO-20250980,612,2022-04-28,28592.58,Pending,2021-02-09T22:40:03
981,SO-20250981,667,2022-01-18,3221.74,Completed,2025-05-25T12:26:41
982,SO-20250982,831,2022-10-22,40652.75,Pending,2023-12-07T23:14:43
983,SO-20250983,807,2024-04-10,27825.21,Shipped,2021-12-07T02:42:20
984,SO-20250984,131,2021-04-18,25969.11,Pending,2023-05-17T20:37:35
985,SO-20250985,1544,2022-09-11,37661.76,Pending,2025-02-18T08:15:31
986,SO-20250986,371,2025-10-14,43107.07,Completed,2023-10-14T03:18:05
987,SO-20250987,11,2021-04-14,27758.35,Cancelled,2021-04-28T02:36:03
988,SO-20250988,252,2023-09-04,2005.20,Completed,2023-03-06T08:11:42
989,SO-20250989,1337,2021-06-02,8102.45,Cancelled,2022-09-13T01:10:53
990,SO-20250990,1744,2021-05-30,37665.78,Pending,2024-02-23T09:42:55
991,SO-20250991,256,2023-07-15,25332.11,Cancelled,2025-04-25T08:25:57
992,SO-20250992,1979,2024-10-12,27244.14,Shipped,2021-11-06T06:09:20
993,SO-20250993,1936,2022-02-14,32925.06,Completed,2021-03-27T07:25:12
994,SO-20250994,616,2023-11-05,2356.00,Cancelled,2021-04-17T21:17:37
995,SO-20250995,1350,2021-10-07,26728.41,Completed,2021-12-12T03:00:19
996,SO-20250996,1182,2022-01-31,24547.62,Cancelled,2022-07-29T16:30:52
997,SO-20250997,1071,2021-12-27,45543.62,Cancelled,2024-12-11T21:35:07
998,SO-20250998,1242,2021-07-09,26933.56,Completed,2022-10-08T17:59:12
999,SO-20250999,1409,2022-02-14,4995.51,Pending,2021-01-11T18:00:21
1000,SO-20251000,486,2021-05-09,1884.86,Completed,2023-06-22T05:19:56
1001,SO-20251001,614,2024-02-06,42811.45,Completed,2024-02-11T23:52:36
1002,SO-20251002,1961,2021-11-05,6753.69,Completed,2022-01-07T17:15:56
1003,SO-20251003,1212,2024-03-30,17985.30,Completed,2022-11-26T16:10:14
1004,SO-20251004,1494,2021-06-20,31134.52,Pending,2021-06-12T18:42:45
1005,SO-20251005,1127,2023-12-11,12785.62,Shipped,2024-03-10T10:40:26
1006,SO-20251006,1331,2025-09-23,45187.81,Shipped,2024-11-16T14:15:44
1007,SO-20251007,935,2021-09-10,4208.54,Cancelled,2024-11-05T06:57:57
1008,SO-20251008,1386,2021-06-08,21295.90,Completed,2024-05-16T03:04:19
1009,SO-20251009,1098,2021-12-09,10227.96,Cancelled,2024-05-23T03:15:23
1010,SO-20251010,1297,2025-01-29,34855.31,Completed,2025-08-01T00:15:56
1011,SO-20251011,1464,2021-12-10,18638.51,Completed,2021-07-04T01:55:53
1012,SO-20251012,860,2023-02-20,41087.31,Cancelled,2023-11-08T20:25:36
1013,SO-20251013,1614,2024-02-10,21709.68,Pending,2024-10-21T17:46:19
1014,SO-20251014,1975,2023-03-24,30200.18,Pending,2024-09-04T18:56:39
1015,SO-20251015,554,2023-08-17,6274.83,Pending,2021-02-20T17:21:41
1016,SO-20251016,1401,2022-04-09,27441.02,Pending,2024-04-15T16:24:06
1017,SO-20251017,675,2021-11-16,32026.87,Cancelled,2023-11-20T11:14:27
1018,SO-20251018,1863,2025-04-08,16709.19,Cancelled,2024-05-21T08:49:41
1019,SO-20251019,300,2021-10-02,43449.33,Completed,2025-07-16T12:49:33
1020,SO-20251020,561,2024-01-17,542.67,Shipped,2021-06-12T13:20:09
1021,SO-20251021,1985,2022-11-11,11150.17,Pending,2023-06-09T05:00:18
1022,SO-20251022,1604,2024-08-26,46285.51,Completed,2021-06-02T22:00:43
1023,SO-20251023,1079,2025-01-24,36429.95,Cancelled,2024-04-03T10:44:23
1024,SO-20251024,1206,2021-08-17,41076.10,Shipped,2022-06-30T20:18:23
1025,SO-20251025,196,2024-09-07,26471.56,Cancelled,2025-09-25T00:23:03
1026,SO-20251026,1130,2025-06-29,13589.15,Pending,2025-06-13T09:31:38
1027,SO-20251027,1837,2024-05-10,2445.77,Cancelled,2024-10-16T03:52:55
1028,SO-20251028,1939,2023-05-05,37606.05,Completed,2022-12-23T10:55:49
1029,SO-20251029,707,2025-10-23,40313.95,Shipped,2023-11-16T21:44:52
1030,SO-20251030,977,2024-11-27,29635.89,Cancelled,2022-09-09T11:02:34
1031,SO-20251031,20,2024-08-04,34348.58,Completed,2025-07-26T02:07:51
1032,SO-20251032,1347,2024-06-16,6362.10,Shipped,2022-04-08T06:22:32
1033,SO-20251033,1163,2024-04-13,36784.35,Pending,2023-11-01T00:04:03
1034,SO-20251034,1881,2021-11-11,36284.69,Cancelled,2021-11-18T10:54:38
1035,SO-20251035,1449,2024-11-26,38887.53,Shipped,2024-02-27T19:02:29
1036,SO-20251036,1448,2022-06-29,22916.44,Shipped,2025-09-02T14:42:29
1037,SO-20251037,725,2021-07-14,39933.52,Cancelled,2021-06-04T20:27:56
1038,SO-20251038,565,2024-12-20,47633.19,Completed,2022-04-21T21:18:59
1039,SO-20251039,626,2022-09-09,31799.98,Pending,2025-06-09T15:43:20
1040,SO-20251040,1941,2025-02-04,15317.79,Cancelled,2025-02-28T23:14:06
1041,SO-20251041,1732,2022-10-28,4552.52,Pending,2023-03-03T17:08:39
1042,SO-20251042,158,2020-12-26,36511.15,Pending,2022-05-23T09:03:03
1043,SO-20251043,339,2024-01-01,28787.07,Pending,2025-02-17T07:35:03
1044,SO-20251044,1523,2024-02-13,14328.25,Shipped,2022-03-26T09:08:13
1045,SO-20251045,1656,2024-04-24,43723.93,Shipped,2022-08-20T20:14:01
1046,SO-20251046,1387,2025-05-09,25458.68,Completed,2021-01-31T06:13:17
1047,SO-20251047,983,2025-03-23,24915.37,Pending,2024-01-28T03:07:28
1048,SO-20251048,831,2022-03-26,744.32,Completed,2024-09-20T16:35:50
1049,SO-20251049,1866,2022-11-07,41578.30,Pending,2021-12-04T09:48:43
1050,SO-20251050,1463,2021-10-21,21277.70,Cancelled,2020-12-17T01:02:39
1051,SO-20251051,501,2025-04-22,49711.39,Pending,2024-09-19T03:13:49
1052,SO-20251052,1244,2022-11-11,22460.17,Completed,2024-11-15T12:21:15
1053,SO-20251053,1382,2024-09-01,46512.76,Completed,2023-05-17T11:00:40
1054,SO-20251054,359,2022-04-22,3802.36,Completed,2023-05-04T02:24:12
1055,SO-20251055,1053,2023-06-20,17696.91,Pending,2022-12-02T08:28:42
1056,SO-20251056,866,2023-07-18,24800.62,Completed,2024-06-17T21:14:20
1057,SO-20251057,765,2023-05-19,48487.93,Cancelled,2025-03-23T07:30:00
1058,SO-20251058,1872,2020-11-08,33969.21,Pending,2024-12-07T13:18:09
1059,SO-20251059,595,2025-02-10,14993.94,Cancelled,2025-09-12T21:46:55
1060,SO-20251060,543,2023-01-01,10692.64,Shipped,2021-04-27T18:28:29
1061,SO-20251061,446,2024-03-08,46156.67,Pending,2021-12-18T05:00:41
1062,SO-20251062,1916,2024-07-23,23179.70,Shipped,2025-09-21T22:16:51
1063,SO-20251063,118,2022-09-13,17819.42,Shipped,2021-03-21T21:39:03
1064,SO-20251064,673,2023-09-11,14952.61,Pending,2024-10-17T23:35:05
1065,SO-20251065,11,2024-02-25,17518.60,Completed,2023-06-21T10:45:21
1066,SO-20251066,824,2022-10-24,17758.89,Pending,2025-07-05T17:08:19
1067,SO-20251067,883,2025-07-11,24627.70,Pending,2024-08-27T02:55:36
1068,SO-20251068,1084,2022-06-19,25740.21,Completed,2022-08-09T17:45:57
1069,SO-20251069,842,2023-04-04,6235.94,Shipped,2024-01-12T16:54:29
1070,SO-20251070,15,2022-03-15,7823.74,Cancelled,2022-03-26T01:34:27
1071,SO-20251071,464,2023-04-04,23561.40,Cancelled,2024-04-04T20:34:39
1072,SO-20251072,613,2023-03-18,18256.56,Completed,2023-02-23T01:48:41
1073,SO-20251073,1099,2021-11-26,40586.62,Pending,2025-05-28T12:00:09
1074,SO-20251074,899,2024-09-14,32831.17,Shipped,2022-03-27T12:30:38
1075,SO-20251075,332,2022-04-15,7036.73,Shipped,2022-09-23T13:31:37
1076,SO-20251076,12,2021-09-07,17993.88,Completed,2022-06-09T23:25:42
1077,SO-20251077,227,2020-11-25,9518.88,Pending,2023-03-08T21:09:53
1078,SO-20251078,274,2020-11-06,19757.57,Cancelled,2020-11-20T21:18:49
1079,SO-20251079,1846,2023-09-06,1628.75,Completed,2021-05-22T21:14:52
1080,SO-20251080,1943,2022-03-21,23990.78,Cancelled,2023-01-12T14:07:46
1081,SO-20251081,244,2025-05-01,21083.71,Shipped,2024-05-16T13:31:09
1082,SO-20251082,1639,2022-06-12,34102.74,Completed,2023-08-21T23:11:38
1083,SO-20251083,666,2021-01-02,37566.94,Shipped,2023-05-16T06:30:52
1084,SO-20251084,1028,2023-11-20,36313.43,Shipped,2022-07-04T11:11:22
1085,SO-20251085,270,2024-07-16,5531.15,Pending,2023-04-08T23:16:40
1086,SO-20251086,1624,2021-04-04,1106.55,Completed,2022-11-02T06:24:37
1087,SO-20251087,705,2023-10-30,25025.05,Completed,2022-03-12T10:54:56
1088,SO-20251088,107,2024-07-27,33931.60,Cancelled,2021-02-26T16:42:10
1089,SO-20251089,880,2022-08-26,48823.10,Pending,2022-04-09T23:59:09
1090,SO-20251090,890,2020-11-19,24035.64,Cancelled,2022-07-16T05:56:27
1091,SO-20251091,996,2024-05-28,4176.61,Shipped,2021-06-28T05:45:34
1092,SO-20251092,508,2022-09-30,30899.78,Completed,2024-01-30T07:14:38
1093,SO-20251093,511,2022-01-10,14092.88,Pending,2024-03-27T19:33:34
1094,SO-20251094,1770,2022-09-21,13213.36,Completed,2025-09-24T13:59:04
1095,SO-20251095,1365,2025-06-10,41039.44,Completed,2022-11-02T17:04:55
1096,SO-20251096,971,2025-02-09,35337.72,Pending,2023-03-06T14:05:40
1097,SO-20251097,1436,2022-06-02,36536.31,Completed,2023-05-06T12:20:21
1098,SO-20251098,387,2025-06-19,49627.96,Completed,2021-07-17T12:48:54
1099,SO-20251099,470,2022-02-09,6067.04,Shipped,2021-05-08T07:17:01
1100,SO-20251100,79,2020-11-06,13729.39,Completed,2025-08-15T22:48:08
1101,SO-20251101,1903,2023-10-25,7353.15,Pending,2023-02-19T08:04:05
1102,SO-20251102,1263,2021-08-01,10022.19,Pending,2022-09-30T11:59:16
1103,SO-20251103,779,2023-12-31,20394.49,Cancelled,2022-01-13T15:09:20
1104,SO-20251104,1434,2024-05-08,31683.83,Completed,2021-11-28T12:14:40
1105,SO-20251105,455,2022-03-18,16842.08,Shipped,2025-03-02T16:37:43
1106,SO-20251106,126,2025-09-27,25517.69,Pending,2025-03-08T10:57:43
1107,SO-20251107,624,2021-08-14,5547.24,Cancelled,2020-12-26T19:02:55
1108,SO-20251108,575,2025-07-01,47152.79,Shipped,2023-11-05T00:53:16
1109,SO-20251109,506,2021-03-13,16026.05,Pending,2021-02-18T17:48:34
1110,SO-20251110,373,2021-02-08,2092.41,Pending,2021-09-02T03:43:57
1111,SO-20251111,1353,2024-12-26,37250.50,Completed,2024-03-01T00:13:28
1112,SO-20251112,585,2023-09-09,23629.31,Pending,2024-10-27T10:34:04
1113,SO-20251113,883,2023-05-11,9282.76,Shipped,2021-11-02T06:32:59
1114,SO-20251114,745,2021-04-10,16747.39,Pending,2023-12-08T12:02:08
1115,SO-20251115,199,2021-02-25,33463.93,Completed,2022-06-09T15:12:57
1116,SO-20251116,679,2021-09-11,18060.41,Cancelled,2025-10-31T20:51:06
1117,SO-20251117,1522,2025-01-12,38951.47,Cancelled,2021-07-17T15:00:57
1118,SO-20251118,488,2021-07-13,32529.90,Completed,2021-10-30T16:02:05
1119,SO-20251119,1197,2024-09-18,19233.27,Pending,2020-11-22T19:10:45
1120,SO-20251120,268,2025-05-23,31496.45,Pending,2024-12-28T04:15:18
1121,SO-20251121,85,2025-08-08,29348.74,Completed,2022-01-15T13:45:22
1122,SO-20251122,396,2022-02-19,35247.77,Pending,2022-10-30T16:57:38
1123,SO-20251123,154,2025-03-16,47093.81,Cancelled,2023-09-01T06:13:26
1124,SO-20251124,618,2023-09-03,36281.27,Completed,2023-05-13T02:55:36
1125,SO-20251125,1093,2025-01-18,36052.43,Pending,2024-05-03T02:19:58
1126,SO-20251126,262,2025-02-20,9625.75,Cancelled,2023-01-20T19:29:31
1127,SO-20251127,1826,2024-10-12,43859.91,Cancelled,2024-01-26T06:21:05
1128,SO-20251128,1833,2024-12-04,18332.30,Pending,2023-07-03T07:51:02
1129,SO-20251129,1866,2021-02-11,21834.48,Shipped,2024-02-21T12:06:08
1130,SO-20251130,859,2022-07-11,26211.95,Pending,2023-03-22T06:20:42
1131,SO-20251131,342,2022-12-26,29977.73,Completed,2024-10-23T21:51:39
1132,SO-20251132,594,2020-11-26,2319.99,Pending,2025-10-22T07:35:36
1133,SO-20251133,1627,2023-02-23,48625.08,Completed,2023-04-15T12:04:49
1134,SO-20251134,1517,2023-05-17,40735.95,Shipped,2022-05-10T18:17:40
1135,SO-20251135,1403,2025-01-15,26646.87,Pending,2023-01-26T15:45:18
1136,SO-20251136,339,2021-04-11,21915.36,Shipped,2024-11-28T04:35:43
1137,SO-20251137,1152,2024-04-15,38979.64,Shipped,2024-06-04T08:52:18
1138,SO-20251138,1244,2023-03-22,13611.13,Completed,2023-05-16T05:03:10
1139,SO-20251139,8,2023-04-13,8042.15,Completed,2021-11-01T09:11:49
1140,SO-20251140,1213,2021-04-01,34851.25,Shipped,2024-01-19T00:04:05
1141,SO-20251141,1032,2021-11-14,35402.31,Cancelled,2025-09-18T20:46:18
1142,SO-20251142,622,2022-03-31,42631.13,Cancelled,2021-03-26T06:47:16
1143,SO-20251143,1451,2025-03-13,13462.31,Pending,2023-06-29T19:47:59
1144,SO-20251144,351,2021-06-01,11235.28,Completed,2022-01-06T11:39:57
1145,SO-20251145,598,2022-01-15,2002.58,Completed,2022-02-04T22:54:31
1146,SO-20251146,1930,2021-02-22,44185.94,Completed,2022-11-09T09:26:21
1147,SO-20251147,554,2025-06-07,43675.47,Pending,2025-01-14T15:11:10
1148,SO-20251148,1316,2024-07-07,49002.18,Completed,2024-09-05T01:50:04
1149,SO-20251149,1095,2022-08-07,5853.43,Cancelled,2025-05-21T06:35:20
1150,SO-20251150,1296,2023-05-29,30277.72,Cancelled,2022-01-02T16:13:00
1151,SO-20251151,665,2025-10-21,4208.15,Cancelled,2021-05-26T02:03:02
1152,SO-20251152,1479,2025-03-01,6723.90,Cancelled,2023-06-15T03:55:11
1153,SO-20251153,665,2024-01-26,49263.80,Pending,2021-08-25T07:30:05
1154,SO-20251154,1688,2022-01-17,17806.38,Cancelled,2022-01-06T04:20:33
1155,SO-20251155,362,2022-11-24,12836.56,Pending,2025-10-04T23:20:12
1156,SO-20251156,1101,2021-10-04,32883.01,Pending,2025-02-13T15:17:17
1157,SO-20251157,1480,2021-12-26,37301.20,Shipped,2023-05-21T01:45:31
1158,SO-20251158,1937,2023-12-09,32708.54,Completed,2021-08-29T22:45:21
1159,SO-20251159,1673,2023-04-06,22137.14,Cancelled,2021-02-15T11:03:49
1160,SO-20251160,551,2024-05-02,10235.74,Shipped,2023-12-22T04:27:05
1161,SO-20251161,319,2022-10-30,22330.49,Shipped,2023-05-10T10:13:44
1162,SO-20251162,755,2021-03-10,7459.29,Shipped,2022-03-31T13:23:24
1163,SO-20251163,192,2022-05-17,24823.26,Shipped,2024-03-06T12:54:57
1164,SO-20251164,379,2024-02-13,40789.12,Completed,2025-01-21T22:04:23
1165,SO-20251165,387,2022-09-08,28504.42,Completed,2021-09-26T09:49:45
1166,SO-20251166,1327,2024-06-07,14138.11,Cancelled,2024-09-08T06:55:14
1167,SO-20251167,334,2025-05-13,44268.39,Shipped,2023-10-15T05:10:46
1168,SO-20251168,1408,2021-01-27,30410.71,Pending,2023-06-13T20:43:13
1169,SO-20251169,294,2022-06-09,3648.83,Completed,2025-01-17T20:09:02
1170,SO-20251170,932,2023-01-30,45461.10,Shipped,2023-04-07T20:06:27
1171,SO-20251171,206,2022-11-13,36229.13,Completed,2021-06-03T12:29:08
1172,SO-20251172,1489,2024-08-16,37534.69,Pending,2023-12-08T04:26:29
1173,SO-20251173,1236,2023-01-14,5031.51,Shipped,2021-12-29T02:46:21
1174,SO-20251174,43,2022-09-28,5546.27,Pending,2025-10-11T06:06:00
1175,SO-20251175,1564,2024-09-10,41534.33,Pending,2022-03-01T07:41:32
1176,SO-20251176,271,2025-03-14,12454.73,Pending,2020-11-29T10:21:48
1177,SO-20251177,549,2021-09-24,7174.65,Pending,2025-08-06T17:33:40
1178,SO-20251178,1623,2025-01-14,48319.72,Pending,2021-01-12T02:43:08
1179,SO-20251179,1111,2023-09-22,36819.77,Cancelled,2022-04-20T17:58:09
1180,SO-20251180,1747,2025-03-09,35387.41,Completed,2023-01-02T21:56:38
1181,SO-20251181,286,2023-11-05,24047.25,Shipped,2022-10-30T14:25:24
1182,SO-20251182,1671,2021-08-16,8199.06,Cancelled,2021-10-30T20:56:34
1183,SO-20251183,981,2023-11-13,7767.94,Pending,2025-05-04T06:18:28
1184,SO-20251184,1114,2024-09-12,34617.46,Pending,2021-03-14T23:36:37
1185,SO-20251185,44,2024-09-15,41255.00,Pending,2021-07-05T10:08:42
1186,SO-20251186,1116,2023-01-25,14872.09,Shipped,2025-07-14T20:30:26
1187,SO-20251187,291,2021-09-24,110.46,Completed,2022-06-10T23:04:40
1188,SO-20251188,50,2025-03-29,11372.42,Shipped,2022-03-24T11:11:37
1189,SO-20251189,302,2025-10-10,17697.83,Cancelled,2025-03-17T17:38:29
1190,SO-20251190,463,2021-06-20,46088.46,Shipped,2020-11-22T09:53:18
1191,SO-20251191,1407,2025-03-19,44216.98,Pending,2024-03-11T22:05:37
1192,SO-20251192,1008,2021-03-08,8519.48,Pending,2023-06-02T08:40:29
1193,SO-20251193,460,2023-02-13,5131.73,Cancelled,2021-09-07T07:25:21
1194,SO-20251194,732,2023-10-12,3860.68,Cancelled,2022-09-28T06:06:14
1195,SO-20251195,243,2025-04-28,18056.65,Pending,2023-08-20T03:40:51
1196,SO-20251196,1835,2021-04-15,2215.17,Completed,2025-05-30T20:35:32
1197,SO-20251197,365,2021-06-08,21459.99,Cancelled,2025-04-15T20:53:26
1198,SO-20251198,1229,2021-05-29,9109.21,Shipped,2023-03-23T21:08:33
1199,SO-20251199,308,2025-10-22,44661.22,Cancelled,2024-01-18T04:10:32
1200,SO-20251200,1280,2025-08-28,40887.25,Cancelled,2024-05-14T22:41:16
1201,SO-20251201,1793,2023-02-20,5240.93,Shipped,2023-12-06T05:16:38
1202,SO-20251202,1356,2022-08-20,18487.17,Cancelled,2022-11-20T02:00:50
1203,SO-20251203,1661,2024-09-16,45353.88,Pending,2021-08-26T03:48:23
1204,SO-20251204,1616,2023-07-15,158.83,Completed,2024-10-31T22:42:57
1205,SO-20251205,1593,2023-01-24,32809.91,Cancelled,2022-10-17T07:00:34
1206,SO-20251206,303,2022-10-14,19560.45,Shipped,2022-06-16T19:27:23
1207,SO-20251207,1669,2023-05-16,3412.32,Shipped,2022-08-10T07:25:48
1208,SO-20251208,1966,2023-02-25,36349.05,Completed,2021-06-10T16:32:35
1209,SO-20251209,186,2021-11-21,16186.52,Completed,2025-02-18T21:10:22
1210,SO-20251210,373,2022-05-07,38388.39,Cancelled,2023-12-04T21:52:04
1211,SO-20251211,654,2021-09-15,24735.61,Shipped,2023-03-21T13:51:11
1212,SO-20251212,1421,2025-05-17,48643.80,Cancelled,2024-03-27T09:36:17
1213,SO-20251213,284,2022-12-18,40116.94,Completed,2021-01-26T13:43:28
1214,SO-20251214,785,2022-01-18,20962.05,Shipped,2022-04-05T12:24:15
1215,SO-20251215,1104,2025-10-26,26711.84,Completed,2023-01-25T20:43:49
1216,SO-20251216,788,2025-02-07,4226.71,Shipped,2022-11-15T18:04:17
1217,SO-20251217,1080,2021-05-03,28914.93,Completed,2022-02-11T04:23:44
1218,SO-20251218,1440,2022-01-17,4408.15,Cancelled,2020-11-29T10:39:55
1219,SO-20251219,6,2023-05-30,10203.82,Pending,2025-04-01T08:00:34
1220,SO-20251220,743,2024-07-23,27940.80,Completed,2022-04-14T01:11:54
1221,SO-20251221,1887,2025-04-23,5552.31,Cancelled,2024-08-24T20:37:14
1222,SO-20251222,740,2023-06-16,42445.14,Completed,2022-10-01T13:00:13
1223,SO-20251223,604,2023-03-27,23046.40,Shipped,2022-06-15T10:15:20
1224,SO-20251224,497,2023-10-24,10576.33,Completed,2025-08-01T11:59:15
1225,SO-20251225,115,2024-02-26,37362.42,Pending,2021-12-26T12:12:45
1226,SO-20251226,1971,2021-11-02,34804.25,Completed,2022-11-13T19:10:06
1227,SO-20251227,774,2021-11-13,36667.42,Shipped,2025-05-17T02:08:57
1228,SO-20251228,762,2023-02-19,2751.46,Pending,2021-07-08T06:43:36
1229,SO-20251229,1358,2025-08-08,29101.27,Shipped,2021-03-06T04:00:26
1230,SO-20251230,1716,2024-11-24,29716.59,Completed,2021-10-31T23:38:10
1231,SO-20251231,62,2024-08-14,7386.99,Completed,2025-08-13T23:54:09
1232,SO-20251232,162,2021-04-06,12290.04,Pending,2025-08-20T15:49:39
1233,SO-20251233,1166,2025-07-23,41561.85,Shipped,2025-05-22T11:07:04
1234,SO-20251234,307,2024-03-06,38282.61,Shipped,2024-01-09T20:05:00
1235,SO-20251235,1523,2025-09-27,7048.61,Cancelled,2025-04-03T21:10:08
1236,SO-20251236,963,2023-10-31,20605.55,Cancelled,2023-05-27T06:43:49
1237,SO-20251237,910,2021-06-07,39080.78,Pending,2025-01-11T21:11:43
1238,SO-20251238,588,2022-08-04,5607.77,Pending,2022-05-08T16:02:35
1239,SO-20251239,1805,2022-06-26,32140.59,Completed,2023-05-07T21:22:50
1240,SO-20251240,1031,2022-03-06,8059.42,Shipped,2023-09-04T11:01:56
1241,SO-20251241,1706,2021-11-23,21209.86,Shipped,2022-07-09T05:06:41
1242,SO-20251242,1135,2025-02-15,35584.77,Cancelled,2024-07-20T22:11:43
1243,SO-20251243,1883,2021-10-31,28624.65,Cancelled,2024-07-28T12:44:40
1244,SO-20251244,1453,2023-07-20,11404.38,Completed,2023-07-15T05:29:28
1245,SO-20251245,557,2024-05-23,48657.46,Shipped,2023-08-14T05:09:22
1246,SO-20251246,1948,2021-05-21,6300.41,Completed,2024-10-02T20:07:57
1247,SO-20251247,821,2022-07-28,30971.24,Completed,2023-01-13T10:42:35
1248,SO-20251248,804,2022-04-09,9225.50,Pending,2024-04-01T11:41:52
1249,SO-20251249,1673,2022-02-15,34636.71,Shipped,2021-02-09T10:40:46
1250,SO-20251250,642,2024-06-06,32652.36,Shipped,2021-09-15T00:01:27
1251,SO-20251251,1695,2025-09-09,19054.48,Pending,2023-05-02T22:12:42
1252,SO-20251252,1646,2022-09-15,18605.33,Shipped,2023-01-29T17:49:24
1253,SO-20251253,399,2025-03-30,13532.48,Pending,2024-01-10T04:38:13
1254,SO-20251254,160,2022-03-26,18166.95,Cancelled,2021-01-25T17:20:30
1255,SO-20251255,58,2023-11-14,12014.52,Completed,2025-04-17T15:16:41
1256,SO-20251256,1110,2023-01-30,5367.90,Completed,2024-09-17T09:53:50
1257,SO-20251257,1223,2020-11-01,598.30,Cancelled,2025-06-06T03:57:57
1258,SO-20251258,385,2023-10-02,27606.98,Pending,2023-04-13T15:15:11
1259,SO-20251259,493,2021-06-15,13494.94,Pending,2021-12-08T14:26:24
1260,SO-20251260,1155,2023-04-10,49325.37,Shipped,2023-02-27T05:46:14
1261,SO-20251261,94,2024-12-25,2450.04,Pending,2025-04-12T09:31:57
1262,SO-20251262,1933,2025-07-23,15464.81,Cancelled,2023-04-19T05:53:07
1263,SO-20251263,1540,2022-08-18,14155.99,Shipped,2021-04-19T08:01:16
1264,SO-20251264,1025,2020-12-27,9784.44,Shipped,2023-09-15T14:45:28
1265,SO-20251265,1487,2020-12-21,17824.07,Completed,2024-10-15T08:18:24
1266,SO-20251266,1440,2022-06-20,33750.59,Cancelled,2023-08-11T22:01:24
1267,SO-20251267,835,2022-06-20,44830.73,Pending,2023-08-18T06:09:50
1268,SO-20251268,1029,2022-06-17,40384.34,Completed,2022-05-12T13:58:57
1269,SO-20251269,49,2023-01-04,29379.42,Shipped,2023-06-19T21:15:08
1270,SO-20251270,977,2022-12-23,29338.59,Pending,2022-02-12T15:13:46
1271,SO-20251271,595,2025-10-19,8103.09,Shipped,2023-09-24T18:38:01
1272,SO-20251272,162,2024-10-29,44265.93,Pending,2024-09-29T23:55:34
1273,SO-20251273,1952,2025-06-29,35937.21,Completed,2024-02-13T18:03:38
1274,SO-20251274,1654,2021-10-20,34088.91,Completed,2021-12-22T04:18:05
1275,SO-20251275,1575,2025-08-02,35941.80,Cancelled,2024-04-15T06:14:14
1276,SO-20251276,917,2020-11-25,39278.33,Cancelled,2021-04-23T23:12:47
1277,SO-20251277,596,2022-08-29,18047.80,Shipped,2023-01-03T02:34:35
1278,SO-20251278,82,2022-01-03,44539.46,Shipped,2022-04-06T09:20:42
1279,SO-20251279,490,2022-04-03,10480.59,Pending,2023-12-23T08:57:14
1280,SO-20251280,1963,2024-02-13,7662.45,Shipped,2021-12-11T07:20:24
1281,SO-20251281,200,2023-03-05,40246.09,Completed,2024-04-04T12:02:49
1282,SO-20251282,1570,2025-01-17,43529.35,Pending,2024-11-14T02:45:22
1283,SO-20251283,1022,2023-07-30,4750.99,Cancelled,2021-07-03T00:03:26
1284,SO-20251284,348,2024-03-14,46706.10,Completed,2024-03-07T10:28:07
1285,SO-20251285,140,2024-04-20,14041.86,Cancelled,2022-10-09T18:17:45
1286,SO-20251286,724,2020-11-06,4507.00,Completed,2022-11-27T18:09:43
1287,SO-20251287,1456,2021-06-25,38608.43,Cancelled,2025-01-19T23:12:59
1288,SO-20251288,970,2022-02-08,48925.26,Shipped,2021-10-26T23:08:00
1289,SO-20251289,1332,2021-09-09,46211.83,Pending,2024-06-16T02:06:41
1290,SO-20251290,1991,2022-03-24,28458.24,Pending,2023-06-03T01:03:20
1291,SO-20251291,745,2023-03-17,42957.21,Shipped,2022-04-15T01:30:27
1292,SO-20251292,838,2021-05-27,42857.20,Completed,2024-05-14T21:38:42
1293,SO-20251293,903,2025-09-14,18368.28,Cancelled,2024-02-04T10:35:55
1294,SO-20251294,766,2021-05-28,4220.35,Shipped,2024-08-09T09:58:56
1295,SO-20251295,1037,2024-07-09,22532.11,Pending,2021-03-07T05:38:26
1296,SO-20251296,1272,2020-11-08,48872.71,Pending,2020-11-26T00:12:52
1297,SO-20251297,1518,2023-05-19,39540.00,Pending,2021-04-28T08:41:25
1298,SO-20251298,317,2025-05-16,42660.34,Cancelled,2022-06-08T15:35:32
1299,SO-20251299,770,2025-09-01,7952.38,Shipped,2022-06-20T13:49:22
1300,SO-20251300,1749,2024-07-08,3695.28,Shipped,2024-03-14T05:48:14
1301,SO-20251301,1791,2024-04-17,23140.81,Pending,2024-02-13T01:27:16
1302,SO-20251302,715,2024-03-14,23320.59,Shipped,2021-12-21T08:02:07
1303,SO-20251303,224,2024-03-01,4336.84,Pending,2021-02-08T03:38:37
1304,SO-20251304,1879,2025-02-25,47979.43,Shipped,2023-09-16T21:15:08
1305,SO-20251305,1574,2023-08-22,21684.06,Shipped,2025-07-06T05:33:47
1306,SO-20251306,674,2025-02-19,3270.35,Cancelled,2022-07-13T17:55:28
1307,SO-20251307,1238,2024-11-09,24340.44,Shipped,2021-11-05T16:46:49
1308,SO-20251308,235,2021-03-23,13954.83,Pending,2022-08-08T04:39:26
1309,SO-20251309,1117,2023-08-24,7829.27,Shipped,2023-08-20T07:14:18
1310,SO-20251310,299,2025-08-07,32028.81,Cancelled,2023-02-24T22:57:37
1311,SO-20251311,1164,2023-11-17,1614.60,Shipped,2022-08-11T15:18:34
1312,SO-20251312,128,2025-01-31,46826.16,Cancelled,2025-01-22T05:43:48
1313,SO-20251313,1618,2025-09-03,21533.98,Shipped,2024-12-03T08:01:09
1314,SO-20251314,438,2022-11-04,2751.17,Pending,2023-04-09T12:35:37
1315,SO-20251315,1952,2021-11-04,37942.89,Shipped,2024-10-19T09:09:24
1316,SO-20251316,553,2023-06-20,12640.96,Completed,2020-12-03T10:45:26
1317,SO-20251317,172,2022-12-24,7129.81,Cancelled,2025-01-23T03:25:06
1318,SO-20251318,830,2021-07-17,4131.37,Shipped,2023-10-28T01:34:02
1319,SO-20251319,1785,2022-01-04,21015.11,Completed,2025-09-04T15:56:34
1320,SO-20251320,1372,2021-10-16,44659.02,Completed,2022-01-09T22:00:45
1321,SO-20251321,1701,2021-11-09,2734.43,Shipped,2022-12-11T11:38:07
1322,SO-20251322,701,2023-10-13,48170.12,Cancelled,2025-02-13T13:12:18
1323,SO-20251323,337,2025-05-21,9970.34,Shipped,2025-01-11T12:24:34
1324,SO-20251324,987,2021-01-25,23801.20,Completed,2022-12-28T13:50:43
1325,SO-20251325,1978,2022-08-02,34849.67,Cancelled,2022-01-16T08:03:24
1326,SO-20251326,1870,2021-02-21,34660.43,Shipped,2025-06-12T17:15:28
1327,SO-20251327,1686,2020-12-29,546.08,Completed,2023-02-04T18:15:30
1328,SO-20251328,160,2024-05-31,36150.05,Completed,2025-03-29T03:18:43
1329,SO-20251329,664,2025-09-01,33219.94,Cancelled,2021-05-14T16:21:29
1330,SO-20251330,30,2021-04-10,7567.79,Shipped,2025-10-08T01:28:10
1331,SO-20251331,1913,2025-02-06,7416.95,Cancelled,2025-05-18T16:32:35
1332,SO-20251332,233,2024-07-05,39611.24,Shipped,2023-08-11T04:21:34
1333,SO-20251333,539,2024-07-03,26058.55,Pending,2024-11-29T11:52:23
1334,SO-20251334,923,2022-07-05,47169.02,Completed,2022-07-04T22:13:51
1335,SO-20251335,1300,2023-02-21,22493.97,Pending,2023-12-29T20:42:46
1336,SO-20251336,75,2025-10-28,10970.21,Completed,2025-02-06T11:00:05
1337,SO-20251337,861,2022-12-20,34837.48,Completed,2021-03-14T20:48:46
1338,SO-20251338,1231,2024-12-09,18908.95,Cancelled,2021-10-02T20:07:48
1339,SO-20251339,430,2024-10-08,47621.23,Pending,2023-08-18T01:15:12
1340,SO-20251340,759,2022-04-18,40698.28,Pending,2023-05-09T12:19:42
1341,SO-20251341,619,2024-08-19,44837.91,Pending,2024-06-19T14:58:30
1342,SO-20251342,1433,2022-10-26,24981.58,Shipped,2025-07-13T23:51:21
1343,SO-20251343,848,2023-08-22,20548.82,Cancelled,2020-12-22T22:22:38
1344,SO-20251344,1697,2022-02-13,27146.23,Cancelled,2020-11-24T19:06:19
1345,SO-20251345,233,2020-11-25,46321.13,Shipped,2023-08-03T18:23:20
1346,SO-20251346,878,2022-05-29,18687.42,Completed,2023-09-26T01:04:06
1347,SO-20251347,1112,2024-03-21,21822.01,Cancelled,2023-03-13T22:25:01
1348,SO-20251348,1731,2022-03-03,32997.30,Shipped,2024-03-02T15:46:41
1349,SO-20251349,1299,2022-03-13,14198.26,Pending,2023-05-09T03:32:45
1350,SO-20251350,180,2023-09-19,40306.69,Pending,2025-06-26T05:34:07
1351,SO-20251351,184,2024-07-13,32498.75,Shipped,2021-10-31T21:26:55
1352,SO-20251352,213,2022-06-07,24845.43,Pending,2023-03-18T09:53:30
1353,SO-20251353,1298,2024-09-26,22232.96,Pending,2024-01-28T21:04:50
1354,SO-20251354,1368,2021-06-20,14530.73,Shipped,2023-07-06T16:10:12
1355,SO-20251355,434,2023-05-03,11182.82,Shipped,2020-11-23T07:26:57
1356,SO-20251356,1130,2020-11-04,19084.94,Completed,2021-10-03T06:48:38
1357,SO-20251357,1754,2022-06-05,23505.23,Pending,2025-02-05T08:47:24
1358,SO-20251358,719,2025-03-14,48382.42,Shipped,2020-11-10T06:49:40
1359,SO-20251359,846,2021-08-14,45404.28,Shipped,2023-04-24T07:38:08
1360,SO-20251360,16,2022-11-15,46983.86,Completed,2023-06-03T22:09:19
1361,SO-20251361,1040,2021-11-13,14216.04,Cancelled,2025-05-21T01:09:22
1362,SO-20251362,630,2022-04-23,41932.28,Shipped,2023-03-29T23:08:31
1363,SO-20251363,1379,2023-11-18,12115.64,Shipped,2022-06-08T18:19:51
1364,SO-20251364,67,2025-07-15,825.73,Completed,2025-04-01T10:43:41
1365,SO-20251365,1619,2020-11-03,18751.57,Cancelled,2024-04-09T16:08:57
1366,SO-20251366,687,2024-10-08,8562.02,Shipped,2024-12-01T10:11:58
1367,SO-20251367,496,2022-02-18,27809.19,Shipped,2022-03-08T06:46:27
1368,SO-20251368,395,2023-05-18,30832.58,Shipped,2022-07-22T00:54:26
1369,SO-20251369,1697,2022-10-25,2626.47,Shipped,2025-09-22T23:46:18
1370,SO-20251370,264,2020-12-09,46972.62,Shipped,2024-03-16T12:58:54
1371,SO-20251371,1492,2025-08-25,8727.18,Cancelled,2023-07-11T07:20:14
1372,SO-20251372,1060,2023-06-06,7964.26,Completed,2022-03-09T04:19:45
1373,SO-20251373,204,2022-03-31,35515.74,Completed,2022-09-30T01:22:36
1374,SO-20251374,1033,2021-08-20,5962.72,Shipped,2021-01-02T11:30:22
1375,SO-20251375,1727,2021-07-26,38120.48,Cancelled,2022-04-27T01:00:50
1376,SO-20251376,1715,2023-07-04,27667.63,Cancelled,2021-05-18T15:42:58
1377,SO-20251377,418,2021-11-25,4708.06,Pending,2025-07-10T04:30:01
1378,SO-20251378,896,2022-09-14,626.33,Completed,2022-09-17T03:43:08
1379,SO-20251379,57,2024-11-16,30924.08,Pending,2020-12-26T13:16:16
1380,SO-20251380,1172,2024-07-30,19151.12,Completed,2021-05-05T12:05:54
1381,SO-20251381,930,2021-02-15,31741.43,Cancelled,2022-08-15T14:33:08
1382,SO-20251382,383,2021-05-09,12024.11,Completed,2022-03-06T04:01:12
1383,SO-20251383,609,2022-05-12,9731.75,Completed,2023-03-16T05:38:37
1384,SO-20251384,1488,2022-03-30,39012.45,Shipped,2024-10-07T16:33:17
1385,SO-20251385,1578,2025-08-25,13060.96,Pending,2022-08-27T01:50:33
1386,SO-20251386,564,2021-08-28,4194.02,Completed,2024-03-12T12:51:19
1387,SO-20251387,1285,2024-03-09,1205.88,Pending,2022-11-05T22:31:34
1388,SO-20251388,228,2022-01-15,22983.43,Pending,2023-03-16T01:09:51
1389,SO-20251389,220,2021-07-23,7134.68,Cancelled,2025-02-09T23:59:45
1390,SO-20251390,1833,2020-12-30,9072.35,Pending,2025-03-18T11:26:41
1391,SO-20251391,1013,2021-08-03,42238.95,Completed,2023-03-06T13:11:54
1392,SO-20251392,801,2024-12-10,5078.55,Pending,2025-08-09T20:15:45
1393,SO-20251393,848,2023-06-20,3725.12,Pending,2021-05-20T03:14:36
1394,SO-20251394,431,2023-11-12,34382.45,Shipped,2022-01-04T12:02:04
1395,SO-20251395,1823,2022-10-31,15713.57,Shipped,2023-11-19T20:54:26
1396,SO-20251396,1656,2025-02-22,8097.13,Cancelled,2025-07-02T21:49:29
1397,SO-20251397,21,2022-02-24,45186.73,Pending,2025-02-07T04:51:42
1398,SO-20251398,241,2020-11-16,48797.00,Cancelled,2022-07-10T08:44:12
1399,SO-20251399,992,2021-06-17,49746.06,Pending,2021-12-10T14:25:22
1400,SO-20251400,325,2023-01-10,26111.34,Cancelled,2022-08-05T22:11:15
1401,SO-20251401,1898,2025-05-03,6123.60,Pending,2024-11-06T04:30:54
1402,SO-20251402,1098,2021-04-20,1200.76,Completed,2021-07-07T19:05:09
1403,SO-20251403,443,2024-08-17,43350.37,Pending,2024-03-19T12:23:22
1404,SO-20251404,1841,2022-08-01,10887.04,Cancelled,2021-10-09T03:31:51
1405,SO-20251405,284,2023-04-06,11027.07,Completed,2021-02-07T10:46:00
1406,SO-20251406,549,2022-02-07,13719.64,Completed,2024-10-16T11:54:26
1407,SO-20251407,1953,2025-05-25,4643.89,Cancelled,2022-12-21T04:00:57
1408,SO-20251408,957,2021-07-10,37272.46,Shipped,2022-01-31T22:08:15
1409,SO-20251409,894,2022-06-14,25657.19,Shipped,2022-08-26T17:08:20
1410,SO-20251410,1889,2024-12-10,9693.06,Completed,2022-04-10T10:18:48
1411,SO-20251411,406,2025-10-15,34368.52,Cancelled,2024-08-20T12:34:27
1412,SO-20251412,1970,2023-05-23,19671.65,Cancelled,2023-11-11T15:57:39
1413,SO-20251413,340,2022-10-14,39715.27,Shipped,2023-10-24T04:34:55
1414,SO-20251414,888,2023-10-12,44148.72,Shipped,2020-12-23T22:41:39
1415,SO-20251415,1222,2024-06-28,37366.61,Cancelled,2022-02-03T01:37:09
1416,SO-20251416,1276,2023-05-14,5422.58,Shipped,2021-12-19T22:36:02
1417,SO-20251417,880,2021-02-19,10026.05,Cancelled,2023-02-11T12:03:01
1418,SO-20251418,766,2025-01-03,44899.84,Pending,2024-05-05T13:46:11
1419,SO-20251419,921,2022-08-06,8404.09,Pending,2022-10-29T23:12:20
1420,SO-20251420,1963,2020-11-25,25592.27,Shipped,2021-08-06T12:53:56
1421,SO-20251421,602,2021-06-19,30213.91,Cancelled,2022-04-10T22:48:48
1422,SO-20251422,816,2021-01-16,1545.50,Completed,2023-07-14T18:38:00
1423,SO-20251423,1657,2021-11-18,16167.92,Completed,2023-03-18T11:54:22
1424,SO-20251424,733,2023-02-01,12303.64,Completed,2025-10-02T15:24:14
1425,SO-20251425,1346,2025-04-03,18614.43,Completed,2023-03-17T04:46:24
1426,SO-20251426,1597,2021-12-14,15756.92,Pending,2024-10-16T17:15:50
1427,SO-20251427,653,2025-01-15,34430.21,Cancelled,2025-07-07T23:58:32
1428,SO-20251428,438,2025-08-13,23295.56,Cancelled,2024-01-08T08:25:16
1429,SO-20251429,1841,2024-08-10,11670.80,Pending,2021-06-12T12:51:36
1430,SO-20251430,790,2021-02-01,14216.53,Completed,2021-11-03T01:27:19
1431,SO-20251431,1080,2021-12-02,10912.30,Cancelled,2024-09-03T10:02:41
1432,SO-20251432,1467,2022-09-02,30414.82,Pending,2025-09-12T01:50:22
1433,SO-20251433,1176,2024-12-02,44638.57,Shipped,2025-05-19T01:32:46
1434,SO-20251434,1398,2024-05-03,37822.25,Cancelled,2023-01-27T23:43:47
1435,SO-20251435,1666,2023-08-21,16040.06,Completed,2021-11-13T06:52:21
1436,SO-20251436,102,2024-03-28,40146.12,Shipped,2024-12-19T13:14:17
1437,SO-20251437,96,2025-07-08,49513.47,Shipped,2025-04-09T15:43:38
1438,SO-20251438,245,2023-12-17,6248.43,Completed,2020-12-31T00:46:02
1439,SO-20251439,1232,2023-12-24,16377.39,Shipped,2021-10-26T11:00:52
1440,SO-20251440,485,2025-04-15,28841.87,Cancelled,2020-11-02T21:32:53
1441,SO-20251441,37,2024-08-06,32201.15,Pending,2021-04-01T09:35:24
1442,SO-20251442,1868,2021-07-25,23115.50,Completed,2022-09-13T01:51:55
1443,SO-20251443,1724,2021-07-06,48344.34,Pending,2024-01-01T01:56:26
1444,SO-20251444,1835,2021-01-29,26696.68,Pending,2025-06-10T18:23:18
1445,SO-20251445,691,2021-02-16,32256.54,Pending,2024-06-15T17:35:48
1446,SO-20251446,963,2022-03-19,4801.23,Shipped,2024-08-30T02:33:36
1447,SO-20251447,1482,2022-04-14,15084.86,Cancelled,2025-09-20T00:24:31
1448,SO-20251448,1544,2024-11-12,17323.93,Pending,2023-05-24T19:45:42
1449,SO-20251449,1140,2021-06-15,38741.94,Shipped,2022-03-15T17:52:09
1450,SO-20251450,1255,2024-12-05,2401.28,Cancelled,2025-04-20T17:24:03
1451,SO-20251451,1427,2022-02-15,49199.14,Shipped,2022-06-02T19:14:22
1452,SO-20251452,1739,2022-04-07,32072.80,Pending,2022-06-24T20:31:09
1453,SO-20251453,1727,2023-04-10,18726.61,Pending,2022-05-19T13:08:11
1454,SO-20251454,60,2022-10-15,11239.52,Pending,2022-04-02T00:28:13
1455,SO-20251455,285,2022-01-18,5301.53,Cancelled,2022-08-02T10:30:54
1456,SO-20251456,1765,2021-02-18,34395.57,Shipped,2025-10-27T13:44:02
1457,SO-20251457,464,2024-10-02,8551.06,Completed,2021-04-25T11:51:48
1458,SO-20251458,1483,2021-08-11,45118.71,Cancelled,2022-05-22T17:30:45
1459,SO-20251459,1672,2024-02-13,45148.89,Pending,2025-07-05T07:31:47
1460,SO-20251460,1914,2021-12-22,34427.65,Pending,2021-09-14T00:11:40
1461,SO-20251461,532,2022-11-01,44171.80,Pending,2022-07-19T01:36:01
1462,SO-20251462,227,2023-02-10,2447.77,Cancelled,2021-12-05T12:16:02
1463,SO-20251463,154,2022-06-24,13223.17,Shipped,2024-09-06T22:04:45
1464,SO-20251464,553,2022-12-25,34948.31,Completed,2022-09-28T14:58:03
1465,SO-20251465,1195,2024-05-13,23061.65,Completed,2022-02-06T02:51:09
1466,SO-20251466,654,2021-12-28,43101.65,Shipped,2022-07-03T18:00:19
1467,SO-20251467,1305,2025-10-27,22366.65,Pending,2025-04-22T09:25:09
1468,SO-20251468,1069,2022-06-04,26403.07,Shipped,2024-12-12T20:48:26
1469,SO-20251469,1355,2021-04-24,24530.69,Cancelled,2020-12-28T06:16:10
1470,SO-20251470,660,2024-02-12,38643.57,Shipped,2024-06-15T22:41:16
1471,SO-20251471,463,2022-01-20,4635.38,Cancelled,2023-03-08T15:52:42
1472,SO-20251472,1457,2022-06-08,4185.57,Completed,2025-09-15T01:02:37
1473,SO-20251473,1351,2024-12-07,32374.36,Completed,2022-04-09T22:40:11
1474,SO-20251474,1424,2023-02-03,3946.94,Shipped,2021-12-29T06:50:33
1475,SO-20251475,124,2022-05-23,10663.15,Completed,2024-07-26T18:09:15
1476,SO-20251476,959,2025-09-10,40934.65,Completed,2022-06-13T09:14:43
1477,SO-20251477,999,2023-05-07,5271.51,Completed,2024-06-17T02:12:05
1478,SO-20251478,1668,2022-03-04,29546.63,Cancelled,2021-03-04T10:27:40
1479,SO-20251479,1558,2024-11-14,47221.85,Shipped,2023-10-06T01:59:41
1480,SO-20251480,1343,2022-02-19,7742.25,Pending,2022-04-07T11:38:31
1481,SO-20251481,1873,2024-07-31,6546.52,Cancelled,2024-12-02T13:41:44
1482,SO-20251482,790,2023-09-30,48754.48,Completed,2025-05-04T15:33:27
1483,SO-20251483,1598,2025-02-28,20040.24,Pending,2025-05-08T00:02:59
1484,SO-20251484,570,2024-09-03,21183.54,Cancelled,2021-11-14T18:42:58
1485,SO-20251485,1949,2023-03-29,43498.08,Pending,2022-10-28T21:18:08
1486,SO-20251486,302,2024-03-20,23074.66,Pending,2023-09-15T12:22:23
1487,SO-20251487,1526,2022-12-16,5554.45,Pending,2025-10-08T02:29:13
1488,SO-20251488,1832,2022-07-10,23069.30,Cancelled,2023-01-26T09:59:50
1489,SO-20251489,59,2024-10-09,23838.21,Shipped,2024-10-31T03:41:11
1490,SO-20251490,721,2021-04-15,13315.66,Pending,2022-07-19T10:20:32
1491,SO-20251491,726,2021-11-24,21602.11,Completed,2025-04-11T03:13:33
1492,SO-20251492,813,2025-06-03,25134.41,Cancelled,2023-05-06T22:26:19
1493,SO-20251493,109,2021-04-01,22094.96,Cancelled,2023-02-14T06:47:21
1494,SO-20251494,201,2023-04-19,2504.26,Shipped,2024-06-29T09:37:17
1495,SO-20251495,1500,2023-11-24,46404.60,Completed,2024-07-09T06:36:00
1496,SO-20251496,603,2023-09-27,9513.01,Completed,2025-09-06T08:15:47
1497,SO-20251497,1217,2023-06-28,13832.49,Shipped,2025-06-10T16:20:51
1498,SO-20251498,1063,2022-11-22,21706.59,Pending,2024-02-26T07:39:50
1499,SO-20251499,1324,2024-11-26,12484.77,Pending,2025-10-25T04:16:46
1500,SO-20251500,450,2021-12-13,5803.64,Pending,2021-05-14T06:28:03
1501,SO-20251501,1179,2025-06-19,13345.60,Pending,2023-05-05T22:39:21
1502,SO-20251502,1090,2023-11-21,5096.55,Completed,2024-04-06T13:35:27
1503,SO-20251503,1808,2021-09-28,31030.03,Shipped,2022-02-17T20:16:31
1504,SO-20251504,803,2021-11-11,19674.63,Completed,2021-01-08T09:43:37
1505,SO-20251505,1504,2024-11-14,41212.23,Cancelled,2023-09-07T06:57:42
1506,SO-20251506,1015,2024-11-28,10324.98,Completed,2025-09-12T02:28:48
1507,SO-20251507,712,2021-05-19,31863.12,Cancelled,2025-07-27T01:53:03
1508,SO-20251508,1503,2025-06-06,205.19,Completed,2022-02-26T10:15:42
1509,SO-20251509,1031,2024-06-10,45393.73,Shipped,2024-06-17T13:13:41
1510,SO-20251510,1514,2021-11-10,15300.94,Completed,2024-11-16T23:22:11
1511,SO-20251511,349,2021-05-12,15789.87,Pending,2021-08-05T12:56:48
1512,SO-20251512,342,2022-09-27,9407.85,Shipped,2024-05-30T17:40:44
1513,SO-20251513,291,2022-10-31,48114.04,Shipped,2023-10-17T19:09:17
1514,SO-20251514,877,2022-09-28,16736.00,Completed,2021-02-03T17:40:27
1515,SO-20251515,1996,2020-11-06,13228.42,Pending,2023-01-12T16:13:31
1516,SO-20251516,350,2024-07-05,33976.19,Pending,2023-11-13T09:10:41
1517,SO-20251517,1217,2022-03-02,17639.58,Shipped,2022-03-08T20:19:25
1518,SO-20251518,1195,2024-08-15,100.27,Completed,2025-03-29T03:41:24
1519,SO-20251519,968,2022-04-20,5513.83,Pending,2025-08-01T15:06:49
1520,SO-20251520,1162,2021-01-10,34018.31,Cancelled,2024-10-06T02:41:58
1521,SO-20251521,1711,2023-07-06,11452.97,Completed,2022-10-20T21:37:58
1522,SO-20251522,1547,2023-11-08,7371.82,Pending,2023-02-22T23:55:29
1523,SO-20251523,205,2025-03-05,15264.88,Cancelled,2022-04-09T15:54:46
1524,SO-20251524,927,2025-01-29,24558.56,Cancelled,2021-06-19T14:04:30
1525,SO-20251525,1118,2024-01-26,12904.11,Shipped,2025-07-23T02:04:46
1526,SO-20251526,520,2021-11-29,18246.25,Pending,2021-05-18T00:29:21
1527,SO-20251527,1696,2022-10-17,17663.69,Cancelled,2022-10-13T17:40:20
1528,SO-20251528,1826,2025-06-30,25915.66,Shipped,2023-11-09T03:24:12
1529,SO-20251529,231,2021-08-24,13533.38,Pending,2024-01-31T17:39:56
1530,SO-20251530,303,2024-07-09,48932.94,Completed,2022-07-10T09:15:55
1531,SO-20251531,1351,2021-10-11,49704.65,Cancelled,2025-03-15T23:42:04
1532,SO-20251532,1020,2023-01-29,1593.69,Shipped,2025-10-03T07:22:18
1533,SO-20251533,737,2025-07-21,10355.06,Pending,2022-10-17T04:41:38
1534,SO-20251534,397,2023-04-07,46036.33,Shipped,2021-11-16T01:20:34
1535,SO-20251535,1309,2022-06-25,5441.19,Cancelled,2023-05-16T13:06:07
1536,SO-20251536,1797,2023-12-27,31363.24,Shipped,2024-12-06T14:53:41
1537,SO-20251537,1963,2021-04-06,43810.84,Completed,2025-08-15T06:50:21
1538,SO-20251538,544,2021-09-13,45520.85,Cancelled,2025-01-16T02:54:57
1539,SO-20251539,1819,2024-11-10,16593.22,Shipped,2023-07-12T09:00:24
1540,SO-20251540,1936,2022-09-09,49697.49,Cancelled,2023-04-26T16:46:36
1541,SO-20251541,391,2022-08-12,2102.94,Cancelled,2022-09-17T00:43:25
1542,SO-20251542,1709,2024-11-10,30637.75,Shipped,2023-04-02T14:28:10
1543,SO-20251543,1629,2024-11-15,22778.63,Cancelled,2025-10-04T10:46:45
1544,SO-20251544,591,2023-03-17,5554.02,Pending,2023-07-19T14:00:17
1545,SO-20251545,1022,2023-12-03,46365.29,Completed,2022-09-27T23:36:01
1546,SO-20251546,956,2021-01-22,34062.11,Cancelled,2025-10-20T21:28:04
1547,SO-20251547,1278,2023-12-24,27929.14,Completed,2022-01-21T18:16:56
1548,SO-20251548,622,2024-11-15,24366.90,Pending,2024-05-20T02:11:04
1549,SO-20251549,1638,2021-09-14,14771.60,Shipped,2022-11-19T16:07:47
1550,SO-20251550,84,2025-07-11,10905.40,Pending,2020-11-08T19:26:27
1551,SO-20251551,109,2021-05-12,24443.90,Pending,2024-01-06T10:17:43
1552,SO-20251552,882,2024-04-24,17645.16,Pending,2022-11-11T19:17:22
1553,SO-20251553,103,2023-01-11,12609.10,Cancelled,2024-09-08T06:04:16
1554,SO-20251554,1800,2023-03-06,14199.11,Completed,2022-11-09T22:07:38
1555,SO-20251555,1954,2025-05-23,4345.87,Cancelled,2022-02-21T21:51:44
1556,SO-20251556,293,2025-07-30,49795.92,Completed,2025-02-04T09:52:31
1557,SO-20251557,885,2022-01-02,29281.98,Pending,2023-09-03T11:15:19
1558,SO-20251558,596,2025-09-04,10981.95,Shipped,2024-11-08T11:39:43
1559,SO-20251559,1911,2025-06-02,17763.88,Shipped,2023-12-14T05:17:44
1560,SO-20251560,866,2023-06-02,19985.72,Pending,2023-10-30T23:18:52
1561,SO-20251561,1829,2023-10-13,13099.98,Cancelled,2023-07-15T22:29:54
1562,SO-20251562,1223,2020-12-26,15571.25,Shipped,2023-06-23T11:28:06
1563,SO-20251563,1391,2021-10-05,43802.82,Completed,2023-07-08T09:07:11
1564,SO-20251564,1400,2025-06-29,38394.63,Cancelled,2024-12-21T17:42:53
1565,SO-20251565,278,2021-01-27,20844.80,Completed,2023-03-21T19:31:31
1566,SO-20251566,617,2025-02-17,15284.56,Cancelled,2021-04-13T13:30:48
1567,SO-20251567,1161,2024-01-26,46359.58,Shipped,2021-03-05T13:10:03
1568,SO-20251568,1118,2024-03-27,9209.44,Shipped,2024-10-26T22:45:08
1569,SO-20251569,197,2022-05-11,6973.56,Shipped,2023-03-22T14:18:42
1570,SO-20251570,1422,2023-01-21,15697.36,Cancelled,2022-10-07T13:27:55
1571,SO-20251571,960,2021-12-05,17741.98,Shipped,2022-06-25T14:31:08
1572,SO-20251572,862,2021-07-29,48074.27,Shipped,2025-07-23T22:05:10
1573,SO-20251573,57,2021-12-23,45632.29,Pending,2020-11-24T18:40:35
1574,SO-20251574,1961,2023-08-21,38350.15,Pending,2021-04-12T08:32:21
1575,SO-20251575,1548,2023-05-21,7072.25,Cancelled,2024-03-24T03:09:27
1576,SO-20251576,1612,2025-06-21,12170.15,Cancelled,2023-05-11T17:21:32
1577,SO-20251577,261,2021-03-18,31063.44,Cancelled,2025-02-21T16:43:32
1578,SO-20251578,110,2025-09-28,37778.99,Shipped,2023-05-05T00:40:24
1579,SO-20251579,258,2020-11-07,20176.96,Pending,2023-01-12T18:37:03
1580,SO-20251580,948,2022-07-07,40383.68,Shipped,2023-02-02T18:43:28
1581,SO-20251581,1719,2025-01-14,2764.59,Pending,2023-02-10T16:22:47
1582,SO-20251582,554,2024-12-27,41503.22,Pending,2024-12-18T08:03:25
1583,SO-20251583,683,2025-08-25,29737.27,Cancelled,2024-12-16T10:39:22
1584,SO-20251584,1159,2025-03-22,24099.32,Cancelled,2022-02-13T01:34:42
1585,SO-20251585,1771,2024-05-30,3090.20,Pending,2025-03-06T09:13:57
1586,SO-20251586,1437,2024-06-13,10292.97,Completed,2022-02-28T23:47:45
1587,SO-20251587,1152,2023-05-08,37034.18,Shipped,2023-08-04T18:25:30
1588,SO-20251588,280,2025-04-01,11216.00,Completed,2022-06-28T18:34:47
1589,SO-20251589,617,2021-06-13,31430.56,Pending,2023-05-11T11:17:47
1590,SO-20251590,1650,2021-02-17,24273.51,Completed,2025-10-01T19:34:56
1591,SO-20251591,235,2021-10-30,3403.75,Completed,2024-08-07T04:38:53
1592,SO-20251592,1237,2021-10-09,44000.96,Pending,2023-02-19T04:45:28
1593,SO-20251593,507,2024-12-10,10254.47,Shipped,2022-04-29T14:33:35
1594,SO-20251594,51,2024-07-31,41644.69,Shipped,2021-02-17T11:52:31
1595,SO-20251595,801,2022-11-04,2829.88,Pending,2022-07-10T15:20:35
1596,SO-20251596,615,2023-11-24,20257.64,Completed,2023-02-05T15:28:24
1597,SO-20251597,1680,2025-07-26,11784.65,Cancelled,2022-11-26T14:02:21
1598,SO-20251598,1683,2023-07-25,30657.36,Shipped,2022-07-22T15:30:57
1599,SO-20251599,1760,2022-10-15,32925.06,Pending,2024-04-24T03:42:59
1600,SO-20251600,886,2022-01-11,7355.01,Pending,2022-02-08T04:53:09
1601,SO-20251601,379,2024-06-29,7127.22,Completed,2025-01-02T07:46:21
1602,SO-20251602,350,2024-10-20,25600.17,Completed,2023-08-06T22:48:05
1603,SO-20251603,976,2021-04-18,24049.30,Cancelled,2024-07-20T14:45:56
1604,SO-20251604,1368,2022-07-07,5045.98,Shipped,2024-11-30T09:30:26
1605,SO-20251605,753,2022-09-04,33401.60,Shipped,2022-04-26T16:10:34
1606,SO-20251606,791,2023-10-03,34897.75,Pending,2023-12-21T19:34:15
1607,SO-20251607,951,2023-01-27,20873.98,Shipped,2025-09-23T13:42:27
1608,SO-20251608,304,2021-03-24,1447.13,Shipped,2023-01-09T04:12:03
1609,SO-20251609,247,2021-10-07,28232.24,Pending,2025-06-21T04:42:54
1610,SO-20251610,1189,2023-06-14,15172.94,Shipped,2023-11-25T18:56:30
1611,SO-20251611,88,2025-02-22,45410.01,Cancelled,2024-03-26T04:32:26
1612,SO-20251612,1972,2022-03-12,7008.21,Shipped,2022-07-15T22:55:44
1613,SO-20251613,568,2025-08-28,505.55,Completed,2021-06-30T00:55:20
1614,SO-20251614,733,2022-07-05,25056.89,Completed,2024-02-23T14:49:44
1615,SO-20251615,715,2025-01-12,45132.40,Shipped,2024-08-09T18:21:17
1616,SO-20251616,1051,2023-06-13,3185.15,Completed,2022-11-26T11:19:02
1617,SO-20251617,721,2023-01-06,32813.87,Cancelled,2021-09-24T17:07:34
1618,SO-20251618,942,2023-02-10,35773.36,Completed,2024-01-15T12:18:23
1619,SO-20251619,571,2024-08-01,39258.80,Cancelled,2021-06-12T09:12:30
1620,SO-20251620,1892,2025-01-25,19726.74,Shipped,2020-12-04T14:59:39
1621,SO-20251621,772,2021-06-01,48129.62,Completed,2024-07-21T18:52:53
1622,SO-20251622,1180,2023-05-16,35439.58,Cancelled,2023-08-03T12:06:53
1623,SO-20251623,266,2022-04-12,34903.55,Cancelled,2024-12-11T01:46:26
1624,SO-20251624,1198,2022-08-15,30892.88,Shipped,2023-10-23T13:22:24
1625,SO-20251625,139,2022-01-15,2294.21,Completed,2020-12-18T22:25:30
1626,SO-20251626,475,2021-05-28,4872.20,Pending,2022-10-01T20:46:19
1627,SO-20251627,1023,2022-08-06,46714.98,Shipped,2023-05-01T14:22:13
1628,SO-20251628,663,2022-10-07,38007.47,Completed,2024-02-11T03:56:25
1629,SO-20251629,216,2025-10-28,44994.73,Completed,2023-05-16T23:51:40
1630,SO-20251630,1492,2024-02-09,44629.02,Shipped,2023-04-18T16:26:07
1631,SO-20251631,1890,2023-10-06,3265.28,Cancelled,2025-09-02T14:28:18
1632,SO-20251632,235,2023-04-08,1919.04,Pending,2023-01-10T09:57:38
1633,SO-20251633,905,2023-12-07,38179.43,Pending,2021-04-11T21:31:54
1634,SO-20251634,1892,2020-11-15,8744.66,Pending,2023-05-27T03:03:13
1635,SO-20251635,1431,2021-02-01,22503.01,Completed,2021-10-03T07:23:53
1636,SO-20251636,1306,2024-08-22,28710.29,Completed,2024-09-06T23:25:36
1637,SO-20251637,401,2024-05-13,12662.12,Shipped,2024-09-27T12:24:50
1638,SO-20251638,1391,2024-01-06,14340.16,Completed,2022-01-07T08:49:44
1639,SO-20251639,1520,2021-02-08,8146.37,Completed,2020-11-18T21:04:50
1640,SO-20251640,177,2022-10-27,29126.29,Pending,2023-06-15T10:09:29
1641,SO-20251641,417,2025-09-30,1710.30,Completed,2023-02-02T20:59:04
1642,SO-20251642,1830,2021-05-24,311.55,Shipped,2021-10-14T15:32:43
1643,SO-20251643,1164,2023-07-06,27351.71,Pending,2021-12-04T08:24:23
1644,SO-20251644,698,2025-09-13,9305.95,Shipped,2022-03-15T04:45:41
1645,SO-20251645,390,2024-04-05,41628.53,Shipped,2023-04-30T04:20:31
1646,SO-20251646,1026,2023-06-11,17637.70,Completed,2021-04-07T17:00:06
1647,SO-20251647,1642,2025-07-28,3404.38,Shipped,2022-12-20T11:32:19
1648,SO-20251648,1281,2021-08-24,18837.11,Pending,2020-12-28T20:57:23
1649,SO-20251649,1166,2025-06-04,3953.28,Cancelled,2024-01-11T15:18:36
1650,SO-20251650,207,2024-11-08,5940.48,Completed,2022-02-25T08:29:45
1651,SO-20251651,106,2023-04-11,30094.40,Cancelled,2021-02-01T04:01:54
1652,SO-20251652,47,2022-09-11,11239.86,Cancelled,2020-12-27T05:03:17
1653,SO-20251653,1889,2023-09-01,41416.02,Shipped,2022-12-25T05:21:30
1654,SO-20251654,1441,2024-06-20,17927.36,Completed,2023-11-29T21:11:56
1655,SO-20251655,1983,2025-07-01,14439.05,Completed,2025-01-21T19:12:46
1656,SO-20251656,1748,2025-04-22,25912.10,Cancelled,2024-08-05T05:49:27
1657,SO-20251657,818,2023-05-05,30951.31,Pending,2024-08-05T18:52:42
1658,SO-20251658,1194,2024-07-04,23575.39,Cancelled,2025-02-03T06:15:16
1659,SO-20251659,1338,2023-06-30,1547.40,Cancelled,2021-07-26T06:25:09
1660,SO-20251660,864,2025-08-21,13081.01,Cancelled,2022-11-21T14:58:01
1661,SO-20251661,1819,2022-02-01,38248.56,Completed,2025-07-09T02:55:52
1662,SO-20251662,419,2024-07-15,27377.01,Cancelled,2022-06-15T22:21:08
1663,SO-20251663,1893,2022-06-03,37879.37,Pending,2024-09-26T14:56:25
1664,SO-20251664,483,2022-09-11,24703.08,Pending,2021-07-02T09:34:24
1665,SO-20251665,709,2021-10-13,49053.75,Shipped,2022-03-04T09:47:38
1666,SO-20251666,1226,2025-08-01,36977.51,Pending,2022-03-12T20:38:26
1667,SO-20251667,1818,2025-09-17,27593.69,Completed,2025-07-07T19:29:23
1668,SO-20251668,555,2025-04-02,36180.32,Pending,2022-11-01T09:25:53
1669,SO-20251669,73,2025-03-01,24855.01,Completed,2020-11-19T16:36:24
1670,SO-20251670,1332,2023-03-05,17545.37,Shipped,2021-10-10T09:47:25
1671,SO-20251671,622,2024-04-17,39088.01,Completed,2022-07-28T13:28:00
1672,SO-20251672,44,2024-09-20,46565.76,Pending,2024-05-11T17:52:43
1673,SO-20251673,1585,2024-08-04,39102.04,Completed,2020-11-16T09:44:02
1674,SO-20251674,1095,2025-02-17,30426.54,Shipped,2024-07-05T00:42:39
1675,SO-20251675,1397,2022-10-22,34195.57,Pending,2022-03-27T09:56:02
1676,SO-20251676,1132,2025-09-27,24134.56,Shipped,2023-11-13T11:41:26
1677,SO-20251677,1569,2024-03-05,18892.53,Completed,2025-01-22T13:08:27
1678,SO-20251678,881,2023-08-22,35081.82,Completed,2025-07-25T06:31:02
1679,SO-20251679,237,2023-02-05,21925.75,Cancelled,2025-10-15T14:19:16
1680,SO-20251680,721,2022-09-11,9722.60,Shipped,2021-11-20T23:04:42
1681,SO-20251681,1881,2025-10-20,2943.23,Completed,2025-01-08T19:02:03
1682,SO-20251682,189,2023-03-28,29451.44,Completed,2022-12-12T06:08:17
1683,SO-20251683,846,2024-02-05,37386.41,Pending,2022-02-22T01:43:15
1684,SO-20251684,1643,2025-01-26,794.18,Completed,2021-09-02T13:18:03
1685,SO-20251685,1665,2023-01-08,2891.34,Pending,2021-11-13T09:16:14
1686,SO-20251686,260,2025-01-03,21955.87,Cancelled,2022-04-26T14:33:53
1687,SO-20251687,90,2022-01-29,15740.59,Completed,2022-02-10T03:15:21
1688,SO-20251688,599,2025-06-30,6529.33,Shipped,2022-11-24T07:38:05
1689,SO-20251689,981,2020-12-31,32896.26,Pending,2023-05-28T01:05:58
1690,SO-20251690,157,2025-03-17,12547.43,Completed,2024-05-29T19:46:44
1691,SO-20251691,1014,2024-09-28,35277.50,Cancelled,2025-05-05T06:03:55
1692,SO-20251692,1839,2022-01-24,45759.29,Completed,2025-04-17T12:58:58
1693,SO-20251693,909,2025-02-08,35671.04,Cancelled,2023-09-09T01:29:26
1694,SO-20251694,1598,2022-08-11,27592.72,Completed,2024-12-15T05:59:02
1695,SO-20251695,1079,2025-07-21,44654.27,Cancelled,2022-12-12T19:48:54
1696,SO-20251696,1430,2025-05-01,27093.89,Pending,2021-09-28T16:44:37
1697,SO-20251697,111,2023-05-16,17364.44,Shipped,2025-10-15T09:28:10
1698,SO-20251698,1445,2024-03-29,47530.64,Shipped,2022-05-02T18:10:18
1699,SO-20251699,573,2022-11-12,3968.38,Completed,2023-05-08T08:52:05
1700,SO-20251700,1724,2020-11-30,48798.12,Completed,2022-03-07T15:33:54
1701,SO-20251701,625,2021-06-23,37108.34,Completed,2024-01-25T19:46:49
1702,SO-20251702,252,2023-01-07,18650.88,Completed,2024-05-23T09:39:49
1703,SO-20251703,74,2024-06-11,48896.59,Shipped,2024-09-03T01:18:14
1704,SO-20251704,1332,2021-09-12,38221.39,Pending,2022-12-17T21:42:15
1705,SO-20251705,44,2023-03-09,24970.43,Pending,2022-02-10T23:05:13
1706,SO-20251706,554,2025-05-12,13934.47,Shipped,2024-05-18T18:16:36
1707,SO-20251707,616,2021-11-27,41367.58,Pending,2023-05-29T02:52:07
1708,SO-20251708,123,2025-05-12,13990.67,Shipped,2021-12-18T02:15:37
1709,SO-20251709,1015,2022-05-16,991.48,Shipped,2022-05-27T05:18:12
1710,SO-20251710,788,2025-08-31,22228.79,Completed,2023-01-08T23:55:47
1711,SO-20251711,422,2022-10-05,18997.38,Shipped,2021-12-17T00:47:48
1712,SO-20251712,1091,2022-03-20,2660.37,Cancelled,2024-10-05T23:46:50
1713,SO-20251713,65,2021-10-05,27100.38,Cancelled,2021-07-01T10:15:23
1714,SO-20251714,1920,2023-07-19,1348.31,Cancelled,2021-12-06T21:18:57
1715,SO-20251715,1890,2022-08-07,41416.47,Cancelled,2023-10-16T08:12:00
1716,SO-20251716,1660,2025-01-02,37678.25,Completed,2025-04-02T12:36:54
1717,SO-20251717,1551,2021-06-08,1415.89,Shipped,2023-04-06T00:35:37
1718,SO-20251718,1774,2025-07-14,21406.08,Pending,2021-10-20T07:06:41
1719,SO-20251719,1654,2025-07-01,5505.05,Shipped,2021-05-11T10:15:22
1720,SO-20251720,1951,2022-05-13,36078.79,Cancelled,2021-02-25T11:55:46
1721,SO-20251721,1759,2023-12-19,49545.01,Shipped,2023-03-26T19:29:55
1722,SO-20251722,869,2020-12-09,28651.50,Cancelled,2023-09-10T16:28:05
1723,SO-20251723,333,2025-03-20,48017.24,Shipped,2021-12-12T09:22:13
1724,SO-20251724,1528,2025-01-17,49631.02,Completed,2021-05-28T08:56:36
1725,SO-20251725,271,2023-03-23,45390.24,Cancelled,2020-12-14T03:47:35
1726,SO-20251726,1638,2023-01-21,34145.81,Cancelled,2021-10-21T11:41:26
1727,SO-20251727,176,2025-07-20,49940.36,Cancelled,2024-05-11T16:50:45
1728,SO-20251728,692,2025-10-28,28575.58,Pending,2021-04-30T18:48:17
1729,SO-20251729,1261,2023-10-18,13749.78,Cancelled,2024-04-11T00:35:49
1730,SO-20251730,1351,2022-11-13,12563.14,Pending,2025-02-07T22:42:51
1731,SO-20251731,255,2020-12-21,15379.41,Cancelled,2023-05-12T06:44:01
1732,SO-20251732,1713,2021-02-05,13262.65,Completed,2020-12-27T20:57:17
1733,SO-20251733,909,2023-06-07,23163.08,Shipped,2023-12-07T05:36:55
1734,SO-20251734,19,2023-12-10,23348.65,Cancelled,2022-05-19T11:49:53
1735,SO-20251735,984,2024-01-08,31905.27,Completed,2022-02-08T14:58:20
1736,SO-20251736,837,2024-04-26,2976.31,Pending,2023-07-03T07:14:11
1737,SO-20251737,567,2023-03-15,44857.36,Cancelled,2024-02-28T04:09:06
1738,SO-20251738,1953,2021-04-23,3248.97,Completed,2024-04-08T15:33:27
1739,SO-20251739,529,2024-12-31,38310.54,Cancelled,2022-05-10T10:30:27
1740,SO-20251740,532,2024-04-22,43459.32,Completed,2025-02-12T08:01:35
1741,SO-20251741,466,2025-06-29,31535.39,Completed,2025-02-28T12:55:21
1742,SO-20251742,1785,2022-10-21,30916.57,Pending,2022-12-15T21:18:05
1743,SO-20251743,477,2023-05-08,5766.61,Pending,2024-01-08T01:18:27
1744,SO-20251744,378,2025-04-24,34237.85,Shipped,2020-11-30T22:39:10
1745,SO-20251745,1188,2025-09-16,15900.86,Completed,2024-07-09T12:44:59
1746,SO-20251746,125,2024-04-30,47587.60,Cancelled,2022-11-18T22:56:05
1747,SO-20251747,1998,2020-11-01,12909.38,Cancelled,2025-09-21T08:24:52
1748,SO-20251748,1107,2023-07-10,35930.05,Completed,2024-03-31T04:42:37
1749,SO-20251749,717,2024-11-10,5502.72,Shipped,2023-12-01T13:22:57
1750,SO-20251750,232,2023-07-27,25576.22,Completed,2021-04-12T07:18:12
1751,SO-20251751,418,2022-07-18,16323.16,Cancelled,2024-08-08T16:44:54
1752,SO-20251752,1699,2024-03-30,41143.51,Shipped,2023-06-01T06:48:42
1753,SO-20251753,147,2024-12-16,32112.26,Cancelled,2025-03-17T02:05:32
1754,SO-20251754,294,2025-10-09,1283.50,Cancelled,2021-10-21T22:10:32
1755,SO-20251755,687,2022-10-10,48756.19,Cancelled,2022-10-26T08:15:49
1756,SO-20251756,964,2020-12-16,47126.85,Cancelled,2020-11-25T07:35:40
1757,SO-20251757,1274,2024-11-28,1606.31,Cancelled,2023-05-24T16:36:49
1758,SO-20251758,92,2024-07-16,14579.09,Completed,2022-03-21T03:06:15
1759,SO-20251759,1868,2025-03-27,29581.81,Pending,2024-04-05T10:43:53
1760,SO-20251760,1248,2025-09-10,10613.41,Cancelled,2021-09-24T23:34:07
1761,SO-20251761,1047,2021-11-15,35802.61,Cancelled,2021-04-22T16:04:15
1762,SO-20251762,1925,2023-08-27,10782.69,Pending,2020-11-15T20:55:32
1763,SO-20251763,1346,2024-05-17,36326.68,Shipped,2025-05-27T04:08:25
1764,SO-20251764,1562,2022-08-29,49891.15,Pending,2023-12-14T05:15:11
1765,SO-20251765,1957,2025-02-03,3911.71,Completed,2024-11-22T08:46:48
1766,SO-20251766,1158,2025-01-15,25199.62,Shipped,2024-02-10T09:07:15
1767,SO-20251767,1104,2024-03-14,36665.63,Pending,2022-06-26T19:27:36
1768,SO-20251768,1244,2021-09-26,23642.84,Shipped,2024-07-20T04:07:12
1769,SO-20251769,650,2021-06-18,13495.68,Cancelled,2025-07-13T23:17:20
1770,SO-20251770,1866,2024-07-22,12239.25,Completed,2022-12-23T20:22:59
1771,SO-20251771,1637,2021-04-09,38393.79,Cancelled,2024-01-03T09:44:31
1772,SO-20251772,473,2022-12-13,22818.27,Pending,2024-12-31T11:26:45
1773,SO-20251773,1420,2024-06-02,12090.27,Shipped,2024-08-06T21:01:03
1774,SO-20251774,742,2021-02-13,4030.52,Pending,2023-01-02T14:57:00
1775,SO-20251775,1874,2021-07-16,18146.73,Shipped,2023-07-24T18:45:13
1776,SO-20251776,1240,2021-10-22,11555.97,Shipped,2020-12-03T11:26:28
1777,SO-20251777,471,2024-03-23,28488.65,Completed,2021-08-06T22:40:14
1778,SO-20251778,1896,2022-05-04,26903.91,Shipped,2023-09-09T01:59:15
1779,SO-20251779,1381,2022-01-19,29258.53,Completed,2021-05-13T14:45:53
1780,SO-20251780,1241,2024-04-09,13050.93,Cancelled,2021-05-12T19:49:45
1781,SO-20251781,700,2023-06-30,15726.52,Pending,2024-08-28T01:10:04
1782,SO-20251782,837,2022-09-26,21080.08,Completed,2023-02-21T12:19:48
1783,SO-20251783,1180,2021-11-23,24735.30,Completed,2022-05-05T22:14:27
1784,SO-20251784,1843,2021-05-18,9036.79,Shipped,2023-05-02T02:57:47
1785,SO-20251785,32,2025-02-09,8380.21,Shipped,2025-06-10T02:25:52
1786,SO-20251786,540,2023-07-18,38287.20,Shipped,2021-07-31T23:10:24
1787,SO-20251787,1522,2023-02-18,5094.72,Pending,2023-09-22T23:30:04
1788,SO-20251788,1708,2024-12-27,21599.42,Completed,2025-09-05T14:55:17
1789,SO-20251789,150,2023-08-07,6662.27,Shipped,2024-04-04T04:33:48
1790,SO-20251790,1852,2021-03-21,21146.82,Completed,2023-10-09T23:12:36
1791,SO-20251791,824,2024-05-30,34861.59,Completed,2021-02-11T22:24:56
1792,SO-20251792,1459,2024-11-29,14704.92,Cancelled,2022-11-23T00:06:59
1793,SO-20251793,1838,2024-10-21,41244.54,Cancelled,2024-07-29T09:09:09
1794,SO-20251794,1212,2021-07-19,30457.43,Pending,2021-11-09T11:56:09
1795,SO-20251795,1480,2025-02-22,2309.62,Cancelled,2025-06-05T03:45:46
1796,SO-20251796,1946,2022-05-15,22472.32,Shipped,2022-12-25T11:54:18
1797,SO-20251797,1292,2022-03-20,22515.20,Shipped,2021-01-28T12:06:46
1798,SO-20251798,593,2023-07-18,37895.12,Completed,2021-11-17T16:27:41
1799,SO-20251799,1503,2022-05-14,9213.37,Pending,2024-01-09T11:46:00
1800,SO-20251800,312,2022-11-02,44785.18,Cancelled,2022-03-21T15:40:07
1801,SO-20251801,1381,2022-01-02,32487.77,Shipped,2020-11-29T12:06:14
1802,SO-20251802,657,2024-03-30,21957.42,Cancelled,2021-10-20T04:06:06
1803,SO-20251803,1935,2025-09-29,38661.67,Completed,2022-12-26T04:53:53
1804,SO-20251804,609,2021-09-27,24690.01,Pending,2024-08-22T03:13:55
1805,SO-20251805,1156,2022-10-22,25908.00,Shipped,2024-11-20T12:45:41
1806,SO-20251806,585,2021-09-21,16173.86,Cancelled,2023-04-11T09:19:42
1807,SO-20251807,1551,2023-01-04,8961.87,Completed,2022-05-31T01:31:41
1808,SO-20251808,86,2021-10-20,40708.66,Completed,2023-04-18T07:26:23
1809,SO-20251809,882,2021-01-09,25980.79,Cancelled,2022-03-03T08:05:50
1810,SO-20251810,204,2021-03-10,17399.91,Completed,2022-04-13T16:18:54
1811,SO-20251811,243,2021-05-18,14427.77,Shipped,2021-05-03T05:27:38
1812,SO-20251812,899,2021-12-08,11220.49,Completed,2025-02-06T21:50:51
1813,SO-20251813,591,2022-12-06,46963.28,Cancelled,2023-01-18T14:13:22
1814,SO-20251814,1242,2025-03-13,37685.77,Completed,2024-06-01T05:06:47
1815,SO-20251815,1365,2022-06-08,13967.50,Pending,2024-01-03T03:51:34
1816,SO-20251816,424,2023-07-15,27630.56,Completed,2024-08-05T11:20:57
1817,SO-20251817,57,2025-01-10,29939.66,Pending,2023-07-06T14:23:46
1818,SO-20251818,1966,2023-01-17,44537.69,Completed,2022-06-10T09:37:15
1819,SO-20251819,14,2024-09-10,24443.88,Pending,2022-05-13T22:46:15
1820,SO-20251820,757,2023-07-18,10196.89,Shipped,2023-04-19T15:24:08
1821,SO-20251821,1500,2021-05-19,22268.99,Completed,2022-03-31T08:47:45
1822,SO-20251822,1702,2023-08-02,22719.78,Pending,2022-05-01T19:58:52
1823,SO-20251823,1467,2021-08-29,35330.79,Pending,2021-07-10T02:13:42
1824,SO-20251824,911,2021-11-06,44449.54,Shipped,2024-03-15T16:46:34
1825,SO-20251825,539,2025-10-16,4388.85,Completed,2024-07-31T12:29:34
1826,SO-20251826,571,2022-06-14,36595.11,Pending,2024-03-15T08:22:56
1827,SO-20251827,1984,2024-03-29,17718.37,Pending,2023-12-27T21:38:54
1828,SO-20251828,1525,2023-02-24,39676.35,Pending,2020-11-13T08:32:48
1829,SO-20251829,670,2025-04-20,7878.52,Cancelled,2021-02-14T01:14:02
1830,SO-20251830,566,2021-03-14,22700.53,Pending,2023-03-17T11:58:33
1831,SO-20251831,1448,2022-07-06,34412.48,Pending,2025-03-11T16:27:51
1832,SO-20251832,888,2024-03-11,5066.92,Cancelled,2023-08-25T14:07:37
1833,SO-20251833,390,2022-05-24,42079.48,Pending,2024-04-21T03:57:27
1834,SO-20251834,1944,2025-04-12,31743.13,Pending,2023-04-09T15:20:55
1835,SO-20251835,504,2021-07-22,6886.89,Shipped,2025-07-11T01:36:11
1836,SO-20251836,1787,2024-06-28,47160.96,Completed,2021-01-26T13:50:15
1837,SO-20251837,544,2023-07-13,23532.26,Shipped,2022-07-20T23:08:12
1838,SO-20251838,1667,2021-03-04,9395.89,Shipped,2021-03-23T05:22:55
1839,SO-20251839,579,2020-11-06,6633.01,Pending,2023-11-27T07:25:17
1840,SO-20251840,1948,2025-08-14,25839.50,Completed,2023-03-12T09:01:34
1841,SO-20251841,7,2025-04-17,21744.22,Shipped,2021-08-16T13:36:09
1842,SO-20251842,1143,2022-11-29,30580.30,Completed,2024-05-05T21:25:37
1843,SO-20251843,80,2023-10-10,20937.06,Cancelled,2024-05-24T10:41:49
1844,SO-20251844,1257,2023-07-13,19045.50,Completed,2024-05-11T19:10:07
1845,SO-20251845,1307,2023-10-04,17467.75,Completed,2024-04-27T23:00:55
1846,SO-20251846,1798,2024-03-16,15040.02,Completed,2024-03-15T14:22:31
1847,SO-20251847,1793,2022-11-14,14641.19,Shipped,2022-07-11T08:00:10
1848,SO-20251848,1004,2021-03-21,39847.47,Shipped,2025-07-16T15:29:58
1849,SO-20251849,1225,2020-11-30,17888.54,Shipped,2022-03-26T10:35:21
1850,SO-20251850,606,2023-08-28,4871.83,Pending,2023-01-04T14:18:00
1851,SO-20251851,1973,2022-08-29,44050.71,Cancelled,2024-10-27T20:34:26
1852,SO-20251852,860,2022-08-08,48469.64,Cancelled,2021-09-15T03:02:14
1853,SO-20251853,507,2024-02-29,33137.79,Pending,2024-08-27T06:17:47
1854,SO-20251854,361,2024-05-27,23263.56,Cancelled,2025-02-06T13:12:55
1855,SO-20251855,1353,2024-10-05,5721.14,Shipped,2023-07-05T00:32:00
1856,SO-20251856,1444,2021-11-24,6446.49,Shipped,2023-06-23T07:15:41
1857,SO-20251857,1721,2024-03-20,40245.83,Shipped,2023-01-26T14:43:53
1858,SO-20251858,1231,2024-03-14,20629.55,Completed,2021-01-12T17:51:29
1859,SO-20251859,60,2024-03-11,14581.97,Completed,2022-06-01T05:46:01
1860,SO-20251860,1823,2023-07-08,42556.87,Shipped,2021-06-11T19:43:59
1861,SO-20251861,125,2021-02-06,28134.75,Cancelled,2023-02-14T23:19:29
1862,SO-20251862,536,2025-06-26,33765.70,Shipped,2022-04-29T16:27:30
1863,SO-20251863,802,2025-02-14,40461.08,Shipped,2021-04-16T09:14:17
1864,SO-20251864,817,2021-06-19,13071.93,Pending,2024-09-19T17:44:21
1865,SO-20251865,550,2023-04-10,24300.99,Completed,2023-10-18T12:38:20
1866,SO-20251866,696,2023-06-04,31831.50,Pending,2024-07-08T18:20:42
1867,SO-20251867,632,2024-03-29,22409.44,Completed,2024-04-08T01:35:26
1868,SO-20251868,1173,2022-05-08,43787.32,Completed,2024-06-14T02:28:20
1869,SO-20251869,1597,2023-05-01,31283.06,Cancelled,2025-05-26T12:28:06
1870,SO-20251870,265,2025-09-11,30267.81,Pending,2024-12-01T13:27:17
1871,SO-20251871,1947,2022-07-13,36125.32,Shipped,2020-11-19T06:38:35
1872,SO-20251872,185,2021-09-22,39032.65,Cancelled,2022-05-30T13:29:34
1873,SO-20251873,1869,2022-08-09,17667.40,Pending,2021-05-19T02:42:05
1874,SO-20251874,1342,2025-08-29,2508.30,Completed,2023-12-06T15:09:22
1875,SO-20251875,742,2024-03-12,26796.86,Completed,2024-02-21T01:45:22
1876,SO-20251876,1717,2022-03-17,26808.16,Completed,2024-03-21T19:29:30
1877,SO-20251877,595,2025-09-12,40074.21,Cancelled,2024-11-18T06:09:55
1878,SO-20251878,679,2023-10-01,20699.09,Completed,2023-11-20T16:01:13
1879,SO-20251879,1926,2022-08-03,731.36,Pending,2024-02-27T11:32:25
1880,SO-20251880,1547,2021-01-03,47020.74,Pending,2024-04-28T00:18:43
1881,SO-20251881,1028,2023-03-22,19926.97,Shipped,2025-09-16T16:53:53
1882,SO-20251882,87,2024-03-06,7889.43,Cancelled,2022-01-06T00:56:33
1883,SO-20251883,50,2021-11-07,11538.76,Completed,2025-08-24T11:09:53
1884,SO-20251884,70,2024-12-09,13659.29,Pending,2024-06-30T17:30:53
1885,SO-20251885,1666,2023-10-17,39213.48,Shipped,2025-02-15T22:02:54
1886,SO-20251886,269,2025-04-22,40923.88,Cancelled,2024-03-26T22:19:41
1887,SO-20251887,1766,2021-01-22,4291.59,Pending,2025-07-01T17:16:44
1888,SO-20251888,1034,2021-10-18,36119.54,Shipped,2022-04-10T02:48:59
1889,SO-20251889,42,2023-10-28,786.35,Completed,2021-11-13T09:51:00
1890,SO-20251890,196,2021-07-15,36806.88,Shipped,2022-09-12T00:05:37
1891,SO-20251891,398,2022-10-10,41582.01,Cancelled,2025-04-06T11:07:36
1892,SO-20251892,1608,2025-10-28,16220.15,Pending,2025-01-31T22:28:33
1893,SO-20251893,619,2024-11-20,13738.78,Completed,2022-04-24T02:28:20
1894,SO-20251894,205,2025-01-17,13250.28,Shipped,2021-04-07T20:02:37
1895,SO-20251895,772,2025-09-19,14597.37,Pending,2023-02-05T00:14:50
1896,SO-20251896,456,2021-05-30,48345.97,Cancelled,2024-01-26T23:04:33
1897,SO-20251897,990,2025-07-20,14256.93,Completed,2023-06-18T06:20:54
1898,SO-20251898,784,2021-05-12,909.77,Shipped,2024-03-22T19:57:25
1899,SO-20251899,1491,2021-06-08,19712.58,Cancelled,2023-12-09T06:01:34
1900,SO-20251900,1563,2024-12-11,27351.74,Pending,2022-06-18T18:09:48
1901,SO-20251901,927,2024-06-10,11241.84,Pending,2022-11-11T03:54:32
1902,SO-20251902,814,2023-11-21,38571.73,Shipped,2024-05-08T05:21:44
1903,SO-20251903,758,2021-07-03,23866.48,Pending,2021-03-10T16:30:02
1904,SO-20251904,1317,2024-07-01,15564.96,Completed,2022-01-21T09:57:31
1905,SO-20251905,1659,2025-06-07,31514.20,Pending,2022-06-13T19:52:08
1906,SO-20251906,196,2024-02-14,28066.23,Completed,2020-12-15T06:43:59
1907,SO-20251907,1772,2021-02-14,47107.56,Completed,2024-03-10T17:19:50
1908,SO-20251908,172,2023-07-15,7109.46,Shipped,2021-10-17T07:17:45
1909,SO-20251909,1072,2021-10-04,36165.47,Completed,2024-06-23T21:16:12
1910,SO-20251910,121,2025-02-15,38382.05,Cancelled,2020-12-05T21:39:33
1911,SO-20251911,844,2022-09-18,15607.18,Cancelled,2021-08-23T02:32:07
1912,SO-20251912,1709,2023-01-16,7573.07,Cancelled,2021-08-03T18:42:10
1913,SO-20251913,1412,2022-11-03,28287.35,Shipped,2024-10-22T02:46:52
1914,SO-20251914,1785,2023-12-18,328.31,Completed,2025-10-29T02:42:44
1915,SO-20251915,1547,2022-02-01,28142.35,Shipped,2024-06-25T19:26:39
1916,SO-20251916,1118,2021-11-17,25015.78,Completed,2022-02-27T15:58:58
1917,SO-20251917,660,2024-06-16,23095.53,Shipped,2023-01-27T21:17:45
1918,SO-20251918,1054,2021-05-06,27762.62,Pending,2023-01-31T10:50:05
1919,SO-20251919,1887,2021-03-09,5296.94,Pending,2024-07-29T08:30:41
1920,SO-20251920,770,2025-10-15,6407.76,Pending,2025-07-01T07:59:46
1921,SO-20251921,332,2022-04-06,26020.95,Pending,2021-01-19T00:21:35
1922,SO-20251922,341,2024-06-11,9908.51,Pending,2022-06-21T11:51:17
1923,SO-20251923,80,2022-12-06,44280.87,Shipped,2021-08-25T09:20:05
1924,SO-20251924,350,2023-08-18,31326.94,Shipped,2021-05-06T01:41:46
1925,SO-20251925,287,2024-04-29,37462.22,Shipped,2024-12-11T00:56:28
1926,SO-20251926,818,2022-04-14,512.46,Pending,2024-05-23T16:50:46
1927,SO-20251927,892,2023-02-23,49787.43,Cancelled,2022-04-12T06:07:12
1928,SO-20251928,1071,2020-12-07,16153.19,Cancelled,2024-08-24T20:58:53
1929,SO-20251929,1155,2021-07-13,32528.52,Completed,2022-04-29T06:29:20
1930,SO-20251930,595,2021-06-19,26186.40,Completed,2021-09-05T06:43:36
1931,SO-20251931,1645,2022-07-03,30719.29,Cancelled,2025-03-29T10:38:49
1932,SO-20251932,1064,2024-10-04,30245.66,Shipped,2021-11-05T16:45:12
1933,SO-20251933,948,2022-03-12,10570.33,Cancelled,2024-09-01T22:00:10
1934,SO-20251934,1899,2021-01-19,37350.87,Completed,2025-04-13T00:01:35
1935,SO-20251935,337,2022-10-27,26242.70,Shipped,2025-10-16T04:28:42
1936,SO-20251936,21,2024-09-24,15918.52,Completed,2021-10-12T10:28:21
1937,SO-20251937,308,2023-08-30,23551.15,Pending,2022-07-05T23:07:27
1938,SO-20251938,639,2023-05-24,35088.16,Completed,2025-02-08T11:52:30
1939,SO-20251939,1422,2024-09-04,4737.70,Shipped,2021-08-26T14:05:45
1940,SO-20251940,678,2022-07-19,4780.99,Shipped,2023-06-17T17:46:46
1941,SO-20251941,1218,2021-02-20,7864.83,Cancelled,2025-05-15T10:28:26
1942,SO-20251942,1304,2022-06-28,27979.85,Completed,2025-08-31T12:48:29
1943,SO-20251943,707,2024-10-21,31459.65,Completed,2023-11-11T00:41:16
1944,SO-20251944,563,2024-09-19,14245.17,Shipped,2021-07-26T17:23:00
1945,SO-20251945,1197,2022-08-17,36479.69,Cancelled,2023-04-15T04:11:57
1946,SO-20251946,1279,2024-01-07,38361.09,Cancelled,2023-10-15T06:46:20
1947,SO-20251947,1150,2022-01-14,27073.80,Completed,2022-02-19T22:46:40
1948,SO-20251948,159,2023-12-31,29652.32,Pending,2025-01-26T13:21:14
1949,SO-20251949,1497,2024-07-12,10861.25,Completed,2023-08-12T23:25:12
1950,SO-20251950,539,2020-11-17,28204.81,Completed,2021-03-09T17:27:01
1951,SO-20251951,1633,2024-10-14,26139.77,Shipped,2023-03-15T16:45:16
1952,SO-20251952,677,2023-03-14,28804.00,Cancelled,2021-09-01T18:59:51
1953,SO-20251953,1980,2023-04-06,40374.61,Shipped,2022-03-05T18:20:31
1954,SO-20251954,429,2022-05-31,8446.56,Completed,2022-10-09T13:01:32
1955,SO-20251955,444,2023-03-19,4612.35,Completed,2024-10-07T00:43:46
1956,SO-20251956,294,2021-07-22,8282.68,Pending,2025-10-17T02:24:13
1957,SO-20251957,663,2021-04-22,3935.48,Pending,2023-09-29T12:04:42
1958,SO-20251958,281,2024-10-07,25609.68,Shipped,2022-12-28T18:04:26
1959,SO-20251959,872,2021-11-09,33258.87,Cancelled,2024-08-18T13:00:54
1960,SO-20251960,620,2022-08-08,25043.74,Pending,2022-05-07T18:03:57
1961,SO-20251961,494,2021-07-22,28029.25,Shipped,2023-10-13T20:18:53
1962,SO-20251962,1585,2023-04-09,19307.22,Shipped,2023-05-26T04:24:20
1963,SO-20251963,728,2021-03-10,15622.50,Cancelled,2025-07-25T04:43:08
1964,SO-20251964,1087,2024-11-25,3956.07,Completed,2023-01-14T07:34:07
1965,SO-20251965,1957,2021-10-17,8347.51,Cancelled,2025-03-21T00:29:30
1966,SO-20251966,1457,2022-01-05,7187.06,Shipped,2024-04-21T07:21:51
1967,SO-20251967,1148,2021-10-22,22110.26,Cancelled,2025-03-02T14:14:11
1968,SO-20251968,1404,2020-11-18,6055.98,Shipped,2023-09-15T02:45:13
1969,SO-20251969,1336,2022-01-25,17441.62,Pending,2024-04-21T23:23:31
1970,SO-20251970,1774,2025-09-18,18316.07,Shipped,2025-08-13T20:52:43
1971,SO-20251971,1579,2021-08-25,33518.45,Shipped,2023-04-12T08:09:52
1972,SO-20251972,438,2025-07-02,30867.86,Completed,2025-03-23T20:49:59
1973,SO-20251973,784,2024-10-01,18741.58,Pending,2021-06-26T17:07:26
1974,SO-20251974,402,2020-12-05,22131.92,Completed,2024-05-04T20:30:56
1975,SO-20251975,12,2025-11-01,29330.11,Cancelled,2023-09-25T02:48:17
1976,SO-20251976,193,2024-02-26,45556.49,Cancelled,2022-06-03T22:03:40
1977,SO-20251977,1030,2023-08-06,46082.12,Cancelled,2021-06-28T15:26:03
1978,SO-20251978,69,2023-05-16,32378.54,Shipped,2024-03-12T23:53:36
1979,SO-20251979,816,2023-10-17,2243.67,Cancelled,2025-05-06T15:05:26
1980,SO-20251980,562,2025-10-19,31282.26,Pending,2022-06-01T03:59:23
1981,SO-20251981,1768,2024-03-07,35915.57,Shipped,2024-03-06T17:56:03
1982,SO-20251982,1245,2022-11-09,31630.39,Shipped,2021-06-24T07:54:03
1983,SO-20251983,356,2024-07-23,23698.75,Pending,2024-11-25T14:32:14
1984,SO-20251984,79,2024-10-17,18508.22,Completed,2021-11-16T20:21:07
1985,SO-20251985,1446,2025-04-10,36823.00,Completed,2021-07-29T09:57:59
1986,SO-20251986,170,2022-10-24,21007.65,Pending,2021-01-29T04:50:49
1987,SO-20251987,115,2024-01-13,22196.73,Pending,2021-11-19T20:13:08
1988,SO-20251988,644,2022-03-14,4918.90,Cancelled,2021-08-08T15:18:33
1989,SO-20251989,1747,2022-05-03,9749.41,Pending,2024-04-30T20:41:15
1990,SO-20251990,682,2025-02-19,41871.81,Cancelled,2022-11-14T10:23:19
1991,SO-20251991,1839,2022-12-25,35479.98,Cancelled,2022-03-16T05:22:21
1992,SO-20251992,1058,2022-08-31,757.85,Shipped,2021-10-10T07:37:08
1993,SO-20251993,853,2025-09-23,41893.95,Pending,2024-07-18T19:58:22
1994,SO-20251994,134,2024-06-15,9687.35,Completed,2021-03-15T14:41:45
1995,SO-20251995,1493,2021-03-24,13368.46,Completed,2023-10-09T18:12:31
1996,SO-20251996,909,2025-03-03,2273.20,Completed,2024-12-20T07:03:38
1997,SO-20251997,1411,2023-05-25,25298.02,Completed,2025-10-25T16:03:11
1998,SO-20251998,1302,2023-06-13,37354.08,Pending,2023-11-13T23:46:52
1999,SO-20251999,638,2022-11-24,13724.47,Cancelled,2021-09-03T09:40:41
2000,SO-20252000,242,2021-09-28,17105.55,Pending,2021-01-30T12:03:19
