id,name,payload,created_at
1,Forecast 1,"{""forecast_id"": ""FCAST-1"", ""series"": [{""x"": [""2025-01"", ""2025-02"", ""2025-03"", ""2025-04"", ""2025-05"", ""2025-06""], ""y"": [28743.28, 23687.26, 6696.82, 5437.52, 36747.97, 10097.29]}], ""meta"": {""created_by"": ""Tiffany Clarke"", ""notes"": ""Deal hour together.""}}",2023-11-07T17:11:39
2,Forecast 2,"{""forecast_id"": ""FCAST-2"", ""series"": [{""x"": [""2025-01"", ""2025-02"", ""2025-03"", ""2025-04"", ""2025-05"", ""2025-06""], ""y"": [29966.28, 48322.51, 38569.41, 39648.1, 11658.77, 19351.95]}], ""meta"": {""created_by"": ""Karen Martinez"", ""notes"": ""Dream travel key later sit but most.""}}",2025-01-13T06:56:26
3,Forecast 3,"{""forecast_id"": ""FCAST-3"", ""series"": [{""x"": [""2025-01"", ""2025-02"", ""2025-03"", ""2025-04"", ""2025-05"", ""2025-06""], ""y"": [4982.47, 36489.56, 13089.87, 42028.11, 32473.55, 45172.48]}], ""meta"": {""created_by"": ""Kimberly Jones"", ""notes"": ""Story continue just need.""}}",2025-10-06T09:50:54
4,Forecast 4,"{""forecast_id"": ""FCAST-4"", ""series"": [{""x"": [""2025-01"", ""2025-02"", ""2025-03"", ""2025-04"", ""2025-05"", ""2025-06""], ""y"": [10363.22, 38035.79, 7504.01, 3613.43, 35589.78, 9722.2]}], ""meta"": {""created_by"": ""Lori Nunez"", ""notes"": ""Allow interest imagine south.""}}",2024-02-10T13:36:28
5,Forecast 5,"{""forecast_id"": ""FCAST-5"", ""series"": [{""x"": [""2025-01"", ""2025-02"", ""2025-03"", ""2025-04"", ""2025-05"", ""2025-06""], ""y"": [7880.88, 16461.51, 12072.06, 10224.02, 44294.86, 9678.49]}], ""meta"": {""created_by"": ""Douglas Mason"", ""notes"": ""Study race yard ahead stay store I security.""}}",2024-06-18T17:47:14
6,Forecast 6,"{""forecast_id"": ""FCAST-6"", ""series"": [{""x"": [""2025-01"", ""2025-02"", ""2025-03"", ""2025-04"", ""2025-05"", ""2025-06""], ""y"": [15451.68, 35180.35, 13962.71, 25004.4, 29356.11, 18094.1]}], ""meta"": {""created_by"": ""Shannon Schneider"", ""notes"": ""Star cell operation statement area part guess.""}}",2023-11-11T18:03:32
7,Forecast 7,"{""forecast_id"": ""FCAST-7"", ""series"": [{""x"": [""2025-01"", ""2025-02"", ""2025-03"", ""2025-04"", ""2025-05"", ""2025-06""], ""y"": [32449.47, 23033.98, 31920.29, 41754.79, 2799.82, 41901.49]}], ""meta"": {""created_by"": ""Mark Clark"", ""notes"": ""Few discussion southern mention all degree.""}}",2025-01-17T06:20:10
8,Forecast 8,"{""forecast_id"": ""FCAST-8"", ""series"": [{""x"": [""2025-01"", ""2025-02"", ""2025-03"", ""2025-04"", ""2025-05"", ""2025-06""], ""y"": [19898.35, 27359.49, 11322.48, 35407.19, 17999.16, 40734.51]}], ""meta"": {""created_by"": ""Adam Morris PhD"", ""notes"": ""Set they many both.""}}",2024-05-24T08:11:08
9,Forecast 9,"{""forecast_id"": ""FCAST-9"", ""series"": [{""x"": [""2025-01"", ""2025-02"", ""2025-03"", ""2025-04"", ""2025-05"", ""2025-06""], ""y"": [40017.3, 11164.9, 35283.04, 25684.5, 41663.03, 39920.46]}], ""meta"": {""created_by"": ""Alexis Nelson"", ""notes"": ""Sign PM man art production.""}}",2023-12-20T06:35:20
10,Forecast 10,"{""forecast_id"": ""FCAST-10"", ""series"": [{""x"": [""2025-01"", ""2025-02"", ""2025-03"", ""2025-04"", ""2025-05"", ""2025-06""], ""y"": [5447.12, 38897.04, 13652.48, 23916.72, 2540.95, 6649.61]}], ""meta"": {""created_by"": ""Kara Melendez"", ""notes"": ""Degree hold half general true.""}}",2024-03-23T09:23:53
11,Forecast 11,"{""forecast_id"": ""FCAST-11"", ""series"": [{""x"": [""2025-01"", ""2025-02"", ""2025-03"", ""2025-04"", ""2025-05"", ""2025-06""], ""y"": [33258.28, 10134.85, 7850.95, 29754.22, 19241.85, 19517.6]}], ""meta"": {""created_by"": ""James Lopez"", ""notes"": ""House adult choose specific.""}}",2024-05-29T15:21:00
12,Forecast 12,"{""forecast_id"": ""FCAST-12"", ""series"": [{""x"": [""2025-01"", ""2025-02"", ""2025-03"", ""2025-04"", ""2025-05"", ""2025-06""], ""y"": [29831.15, 2658.64, 35363.13, 31844.13, 43597.13, 1387.02]}], ""meta"": {""created_by"": ""Lori Vaughn"", ""notes"": ""Left American sure skill attorney then.""}}",2024-10-02T03:24:14
13,Forecast 13,"{""forecast_id"": ""FCAST-13"", ""series"": [{""x"": [""2025-01"", ""2025-02"", ""2025-03"", ""2025-04"", ""2025-05"", ""2025-06""], ""y"": [21648.98, 17400.91, 32746.18, 5910.18, 45744.29, 16007.51]}], ""meta"": {""created_by"": ""Sharon Hayes"", ""notes"": ""Beyond keep meeting simply before.""}}",2025-03-15T21:06:37
14,Forecast 14,"{""forecast_id"": ""FCAST-14"", ""series"": [{""x"": [""2025-01"", ""2025-02"", ""2025-03"", ""2025-04"", ""2025-05"", ""2025-06""], ""y"": [23875.22, 10121.88, 2065.75, 40651.85, 23365.84, 29222.29]}], ""meta"": {""created_by"": ""Diana Kim"", ""notes"": ""Behavior probably stay interview accept.""}}",2023-12-11T13:59:42
15,Forecast 15,"{""forecast_id"": ""FCAST-15"", ""series"": [{""x"": [""2025-01"", ""2025-02"", ""2025-03"", ""2025-04"", ""2025-05"", ""2025-06""], ""y"": [22313.46, 20567.34, 41870.72, 13376.16, 19287.52, 17556.03]}], ""meta"": {""created_by"": ""Jacob Morrow"", ""notes"": ""Avoid fine door action standard.""}}",2025-09-02T19:47:57
16,Forecast 16,"{""forecast_id"": ""FCAST-16"", ""series"": [{""x"": [""2025-01"", ""2025-02"", ""2025-03"", ""2025-04"", ""2025-05"", ""2025-06""], ""y"": [34249.24, 15708.49, 48567.52, 43994.2, 38395.48, 45142.41]}], ""meta"": {""created_by"": ""Olivia Rodriguez"", ""notes"": ""Forward could go cause white property.""}}",2024-12-31T06:45:48
17,Forecast 17,"{""forecast_id"": ""FCAST-17"", ""series"": [{""x"": [""2025-01"", ""2025-02"", ""2025-03"", ""2025-04"", ""2025-05"", ""2025-06""], ""y"": [25841.08, 21628.31, 38929.55, 47745.12, 20636.76, 2399.2]}], ""meta"": {""created_by"": ""Jose Freeman"", ""notes"": ""Maybe though southern believe care room.""}}",2025-05-15T02:07:18
18,Forecast 18,"{""forecast_id"": ""FCAST-18"", ""series"": [{""x"": [""2025-01"", ""2025-02"", ""2025-03"", ""2025-04"", ""2025-05"", ""2025-06""], ""y"": [26098.01, 46195.33, 44443.17, 48296.54, 47199.47, 10724.65]}], ""meta"": {""created_by"": ""Lee Mcconnell"", ""notes"": ""Make right red degree identify laugh policy.""}}",2024-05-30T07:32:06
19,Forecast 19,"{""forecast_id"": ""FCAST-19"", ""series"": [{""x"": [""2025-01"", ""2025-02"", ""2025-03"", ""2025-04"", ""2025-05"", ""2025-06""], ""y"": [48648.96, 37840.65, 7364.65, 17324.21, 48035.75, 48545.93]}], ""meta"": {""created_by"": ""Diane Higgins"", ""notes"": ""According cup sister professor hit I artist late.""}}",2025-04-23T11:10:41
20,Forecast 20,"{""forecast_id"": ""FCAST-20"", ""series"": [{""x"": [""2025-01"", ""2025-02"", ""2025-03"", ""2025-04"", ""2025-05"", ""2025-06""], ""y"": [16154.4, 38525.33, 40272.99, 23476.96, 9101.76, 1041.32]}], ""meta"": {""created_by"": ""Derek Hayes"", ""notes"": ""Today seven right cost left member herself.""}}",2024-04-05T00:54:33
21,Forecast 21,"{""forecast_id"": ""FCAST-21"", ""series"": [{""x"": [""2025-01"", ""2025-02"", ""2025-03"", ""2025-04"", ""2025-05"", ""2025-06""], ""y"": [8227.06, 44264.78, 15762.83, 4938.39, 12573.0, 10962.78]}], ""meta"": {""created_by"": ""Janice Medina"", ""notes"": ""Bit technology other nor son rate memory.""}}",2024-07-12T08:03:36
22,Forecast 22,"{""forecast_id"": ""FCAST-22"", ""series"": [{""x"": [""2025-01"", ""2025-02"", ""2025-03"", ""2025-04"", ""2025-05"", ""2025-06""], ""y"": [5418.18, 12991.89, 34550.97, 42437.75, 19338.63, 24389.86]}], ""meta"": {""created_by"": ""Gary Moore"", ""notes"": ""Late beautiful still.""}}",2025-07-05T03:13:27
23,Forecast 23,"{""forecast_id"": ""FCAST-23"", ""series"": [{""x"": [""2025-01"", ""2025-02"", ""2025-03"", ""2025-04"", ""2025-05"", ""2025-06""], ""y"": [17890.88, 24069.23, 34652.54, 35240.21, 45728.82, 33753.41]}], ""meta"": {""created_by"": ""Angel Walls"", ""notes"": ""East company box character expect.""}}",2024-09-28T03:06:35
24,Forecast 24,"{""forecast_id"": ""FCAST-24"", ""series"": [{""x"": [""2025-01"", ""2025-02"", ""2025-03"", ""2025-04"", ""2025-05"", ""2025-06""], ""y"": [41736.0, 35604.98, 38389.75, 5695.42, 7296.62, 38389.17]}], ""meta"": {""created_by"": ""Brendan Clark"", ""notes"": ""Movie hand push hospital between.""}}",2025-06-17T14:56:32
25,Forecast 25,"{""forecast_id"": ""FCAST-25"", ""series"": [{""x"": [""2025-01"", ""2025-02"", ""2025-03"", ""2025-04"", ""2025-05"", ""2025-06""], ""y"": [7542.79, 38889.76, 45003.04, 41169.76, 36788.23, 21805.03]}], ""meta"": {""created_by"": ""Lauren Henry"", ""notes"": ""State list note later term response employee.""}}",2025-10-20T11:12:21
26,Forecast 26,"{""forecast_id"": ""FCAST-26"", ""series"": [{""x"": [""2025-01"", ""2025-02"", ""2025-03"", ""2025-04"", ""2025-05"", ""2025-06""], ""y"": [20298.67, 4511.18, 24927.16, 37281.03, 29735.02, 11863.01]}], ""meta"": {""created_by"": ""Brandon Diaz PhD"", ""notes"": ""During line son page bank imagine firm.""}}",2025-07-12T13:34:57
27,Forecast 27,"{""forecast_id"": ""FCAST-27"", ""series"": [{""x"": [""2025-01"", ""2025-02"", ""2025-03"", ""2025-04"", ""2025-05"", ""2025-06""], ""y"": [30817.59, 38624.35, 19087.5, 17652.7, 41338.67, 30917.76]}], ""meta"": {""created_by"": ""Karen Murphy"", ""notes"": ""Those next your house history day.""}}",2024-03-25T00:53:20
28,Forecast 28,"{""forecast_id"": ""FCAST-28"", ""series"": [{""x"": [""2025-01"", ""2025-02"", ""2025-03"", ""2025-04"", ""2025-05"", ""2025-06""], ""y"": [37832.54, 45814.71, 32633.29, 7765.92, 10210.56, 11350.38]}], ""meta"": {""created_by"": ""Natalie Andrade"", ""notes"": ""Offer including know happy star.""}}",2024-11-22T21:27:36
29,Forecast 29,"{""forecast_id"": ""FCAST-29"", ""series"": [{""x"": [""2025-01"", ""2025-02"", ""2025-03"", ""2025-04"", ""2025-05"", ""2025-06""], ""y"": [22334.63, 17639.75, 33048.2, 21859.85, 14963.24, 19953.96]}], ""meta"": {""created_by"": ""Lawrence Stout"", ""notes"": ""Administration produce fear region same.""}}",2025-01-07T10:34:12
30,Forecast 30,"{""forecast_id"": ""FCAST-30"", ""series"": [{""x"": [""2025-01"", ""2025-02"", ""2025-03"", ""2025-04"", ""2025-05"", ""2025-06""], ""y"": [41242.48, 2706.51, 47967.12, 21665.11, 9013.6, 34434.65]}], ""meta"": {""created_by"": ""Ashlee Moore"", ""notes"": ""Together type six modern chance social.""}}",2025-04-05T07:19:33
31,Forecast 31,"{""forecast_id"": ""FCAST-31"", ""series"": [{""x"": [""2025-01"", ""2025-02"", ""2025-03"", ""2025-04"", ""2025-05"", ""2025-06""], ""y"": [41877.39, 23781.21, 5049.38, 34617.22, 5968.85, 43260.86]}], ""meta"": {""created_by"": ""Tammy Collins"", ""notes"": ""Rule about population must.""}}",2024-01-25T13:45:04
32,Forecast 32,"{""forecast_id"": ""FCAST-32"", ""series"": [{""x"": [""2025-01"", ""2025-02"", ""2025-03"", ""2025-04"", ""2025-05"", ""2025-06""], ""y"": [40373.96, 1599.0, 16632.26, 29159.43, 19815.52, 23279.91]}], ""meta"": {""created_by"": ""Pamela Perry"", ""notes"": ""Cost than interesting response.""}}",2024-10-16T10:51:14
33,Forecast 33,"{""forecast_id"": ""FCAST-33"", ""series"": [{""x"": [""2025-01"", ""2025-02"", ""2025-03"", ""2025-04"", ""2025-05"", ""2025-06""], ""y"": [24820.83, 48036.13, 20683.47, 38796.62, 15844.77, 13673.8]}], ""meta"": {""created_by"": ""Frank Vega"", ""notes"": ""Future end professor him himself standard.""}}",2023-12-01T08:39:14
34,Forecast 34,"{""forecast_id"": ""FCAST-34"", ""series"": [{""x"": [""2025-01"", ""2025-02"", ""2025-03"", ""2025-04"", ""2025-05"", ""2025-06""], ""y"": [32071.74, 30578.17, 40318.5, 23063.23, 19268.44, 24203.82]}], ""meta"": {""created_by"": ""Jeffrey Cooper"", ""notes"": ""Card help exist long never ability camera.""}}",2023-11-11T11:03:06
35,Forecast 35,"{""forecast_id"": ""FCAST-35"", ""series"": [{""x"": [""2025-01"", ""2025-02"", ""2025-03"", ""2025-04"", ""2025-05"", ""2025-06""], ""y"": [17418.11, 27216.18, 18878.23, 39489.24, 49055.99, 27053.87]}], ""meta"": {""created_by"": ""Mr. Bobby Evans"", ""notes"": ""Citizen food boy trade religious mention.""}}",2025-03-26T10:50:04
36,Forecast 36,"{""forecast_id"": ""FCAST-36"", ""series"": [{""x"": [""2025-01"", ""2025-02"", ""2025-03"", ""2025-04"", ""2025-05"", ""2025-06""], ""y"": [19790.12, 34061.23, 8368.97, 17518.67, 46774.68, 29917.5]}], ""meta"": {""created_by"": ""Carolyn Dillon"", ""notes"": ""Financial game brother should five test Congress.""}}",2024-10-12T15:48:00
37,Forecast 37,"{""forecast_id"": ""FCAST-37"", ""series"": [{""x"": [""2025-01"", ""2025-02"", ""2025-03"", ""2025-04"", ""2025-05"", ""2025-06""], ""y"": [10683.04, 40828.92, 36653.81, 23294.48, 3378.64, 14803.98]}], ""meta"": {""created_by"": ""Ryan Roy"", ""notes"": ""Girl return its may.""}}",2024-12-31T21:50:03
38,Forecast 38,"{""forecast_id"": ""FCAST-38"", ""series"": [{""x"": [""2025-01"", ""2025-02"", ""2025-03"", ""2025-04"", ""2025-05"", ""2025-06""], ""y"": [6956.02, 24991.45, 18988.1, 44569.13, 34632.99, 13364.01]}], ""meta"": {""created_by"": ""Reginald Ward"", ""notes"": ""Green concern goal cause go.""}}",2025-04-03T01:41:25
39,Forecast 39,"{""forecast_id"": ""FCAST-39"", ""series"": [{""x"": [""2025-01"", ""2025-02"", ""2025-03"", ""2025-04"", ""2025-05"", ""2025-06""], ""y"": [17535.63, 15511.08, 41139.3, 27594.68, 9757.68, 18487.38]}], ""meta"": {""created_by"": ""Diane Walker"", ""notes"": ""Particular respond listen newspaper.""}}",2025-09-17T13:01:03
40,Forecast 40,"{""forecast_id"": ""FCAST-40"", ""series"": [{""x"": [""2025-01"", ""2025-02"", ""2025-03"", ""2025-04"", ""2025-05"", ""2025-06""], ""y"": [1858.43, 16906.99, 32163.15, 30193.17, 18504.98, 2794.01]}], ""meta"": {""created_by"": ""Erik Barrett"", ""notes"": ""East may vote fine method more.""}}",2025-07-18T20:55:25
41,Forecast 41,"{""forecast_id"": ""FCAST-41"", ""series"": [{""x"": [""2025-01"", ""2025-02"", ""2025-03"", ""2025-04"", ""2025-05"", ""2025-06""], ""y"": [37195.33, 13182.71, 5118.3, 5634.06, 36612.58, 32013.08]}], ""meta"": {""created_by"": ""Marvin Smith"", ""notes"": ""Meet including instead when leave effect could fly.""}}",2025-01-16T03:28:14
42,Forecast 42,"{""forecast_id"": ""FCAST-42"", ""series"": [{""x"": [""2025-01"", ""2025-02"", ""2025-03"", ""2025-04"", ""2025-05"", ""2025-06""], ""y"": [22123.93, 14460.12, 48620.79, 34760.61, 12960.93, 41453.0]}], ""meta"": {""created_by"": ""James Hernandez"", ""notes"": ""Avoid factor the mouth assume.""}}",2024-03-21T04:51:28
43,Forecast 43,"{""forecast_id"": ""FCAST-43"", ""series"": [{""x"": [""2025-01"", ""2025-02"", ""2025-03"", ""2025-04"", ""2025-05"", ""2025-06""], ""y"": [41910.98, 36901.7, 26654.38, 23462.56, 4750.27, 19266.97]}], ""meta"": {""created_by"": ""Wesley Black"", ""notes"": ""Safe require car maybe particular.""}}",2025-09-25T07:11:45
44,Forecast 44,"{""forecast_id"": ""FCAST-44"", ""series"": [{""x"": [""2025-01"", ""2025-02"", ""2025-03"", ""2025-04"", ""2025-05"", ""2025-06""], ""y"": [8190.77, 48865.32, 32252.91, 44219.81, 19713.74, 49033.06]}], ""meta"": {""created_by"": ""Cindy Ortiz"", ""notes"": ""Number home test bed first.""}}",2025-08-20T02:10:04
45,Forecast 45,"{""forecast_id"": ""FCAST-45"", ""series"": [{""x"": [""2025-01"", ""2025-02"", ""2025-03"", ""2025-04"", ""2025-05"", ""2025-06""], ""y"": [4859.48, 46444.59, 37714.08, 21703.97, 2096.79, 47567.59]}], ""meta"": {""created_by"": ""Melissa Miller"", ""notes"": ""Water card argue international research deep.""}}",2024-09-10T10:45:56
46,Forecast 46,"{""forecast_id"": ""FCAST-46"", ""series"": [{""x"": [""2025-01"", ""2025-02"", ""2025-03"", ""2025-04"", ""2025-05"", ""2025-06""], ""y"": [13586.04, 32991.88, 44263.34, 42005.81, 22238.33, 6704.85]}], ""meta"": {""created_by"": ""Jennifer Sullivan"", ""notes"": ""Tree future various treat.""}}",2025-05-20T20:09:39
47,Forecast 47,"{""forecast_id"": ""FCAST-47"", ""series"": [{""x"": [""2025-01"", ""2025-02"", ""2025-03"", ""2025-04"", ""2025-05"", ""2025-06""], ""y"": [10390.54, 13787.81, 15856.87, 26187.94, 42857.94, 12943.87]}], ""meta"": {""created_by"": ""Haley Drake"", ""notes"": ""Discussion east wrong rise oil night.""}}",2025-06-10T21:09:49
48,Forecast 48,"{""forecast_id"": ""FCAST-48"", ""series"": [{""x"": [""2025-01"", ""2025-02"", ""2025-03"", ""2025-04"", ""2025-05"", ""2025-06""], ""y"": [40148.75, 19337.58, 24173.0, 38275.23, 22410.34, 37596.62]}], ""meta"": {""created_by"": ""Zachary Johnson"", ""notes"": ""Natural whether beat out live want natural change.""}}",2023-11-21T03:40:13
49,Forecast 49,"{""forecast_id"": ""FCAST-49"", ""series"": [{""x"": [""2025-01"", ""2025-02"", ""2025-03"", ""2025-04"", ""2025-05"", ""2025-06""], ""y"": [39137.14, 14565.84, 33900.54, 30626.51, 45577.57, 34232.2]}], ""meta"": {""created_by"": ""Dwayne Peterson"", ""notes"": ""Maybe answer whether go then quite Congress husband.""}}",2025-10-16T12:23:02
50,Forecast 50,"{""forecast_id"": ""FCAST-50"", ""series"": [{""x"": [""2025-01"", ""2025-02"", ""2025-03"", ""2025-04"", ""2025-05"", ""2025-06""], ""y"": [14361.29, 20951.96, 1917.23, 21301.92, 7358.58, 14085.61]}], ""meta"": {""created_by"": ""Amy Guerrero"", ""notes"": ""Get outside back brother.""}}",2025-02-08T19:21:12
51,Forecast 51,"{""forecast_id"": ""FCAST-51"", ""series"": [{""x"": [""2025-01"", ""2025-02"", ""2025-03"", ""2025-04"", ""2025-05"", ""2025-06""], ""y"": [30354.89, 48818.98, 16589.81, 11844.86, 1885.57, 16905.83]}], ""meta"": {""created_by"": ""Julie Olson"", ""notes"": ""Then pressure wide hear.""}}",2024-10-13T23:48:00
52,Forecast 52,"{""forecast_id"": ""FCAST-52"", ""series"": [{""x"": [""2025-01"", ""2025-02"", ""2025-03"", ""2025-04"", ""2025-05"", ""2025-06""], ""y"": [4122.4, 15103.73, 35889.65, 41521.77, 29807.79, 32103.86]}], ""meta"": {""created_by"": ""Scott Larsen"", ""notes"": ""Be grow level vote music.""}}",2023-11-13T05:30:10
53,Forecast 53,"{""forecast_id"": ""FCAST-53"", ""series"": [{""x"": [""2025-01"", ""2025-02"", ""2025-03"", ""2025-04"", ""2025-05"", ""2025-06""], ""y"": [17108.85, 20062.94, 46563.76, 1615.79, 17689.2, 17971.95]}], ""meta"": {""created_by"": ""Janet Miller"", ""notes"": ""More your send project particularly.""}}",2024-04-27T19:19:22
54,Forecast 54,"{""forecast_id"": ""FCAST-54"", ""series"": [{""x"": [""2025-01"", ""2025-02"", ""2025-03"", ""2025-04"", ""2025-05"", ""2025-06""], ""y"": [22774.77, 23635.43, 37385.99, 11321.23, 35188.54, 33976.31]}], ""meta"": {""created_by"": ""Jason Duke"", ""notes"": ""East kind nearly between.""}}",2024-05-21T03:59:01
55,Forecast 55,"{""forecast_id"": ""FCAST-55"", ""series"": [{""x"": [""2025-01"", ""2025-02"", ""2025-03"", ""2025-04"", ""2025-05"", ""2025-06""], ""y"": [13528.94, 2581.06, 42762.29, 48418.46, 31937.82, 28504.96]}], ""meta"": {""created_by"": ""Vincent Byrd"", ""notes"": ""Story team argue.""}}",2025-07-10T10:41:36
56,Forecast 56,"{""forecast_id"": ""FCAST-56"", ""series"": [{""x"": [""2025-01"", ""2025-02"", ""2025-03"", ""2025-04"", ""2025-05"", ""2025-06""], ""y"": [17919.66, 11170.01, 49258.56, 19090.38, 15299.33, 16451.57]}], ""meta"": {""created_by"": ""David Lynn"", ""notes"": ""Action appear soldier star throw.""}}",2024-08-28T18:52:49
57,Forecast 57,"{""forecast_id"": ""FCAST-57"", ""series"": [{""x"": [""2025-01"", ""2025-02"", ""2025-03"", ""2025-04"", ""2025-05"", ""2025-06""], ""y"": [34050.57, 2448.66, 31618.27, 9169.98, 18229.69, 22145.01]}], ""meta"": {""created_by"": ""Justin Carter"", ""notes"": ""Where hair bag a between ever our.""}}",2025-09-29T21:16:52
58,Forecast 58,"{""forecast_id"": ""FCAST-58"", ""series"": [{""x"": [""2025-01"", ""2025-02"", ""2025-03"", ""2025-04"", ""2025-05"", ""2025-06""], ""y"": [49795.47, 2147.01, 48694.5, 28265.53, 25047.09, 12501.21]}], ""meta"": {""created_by"": ""Jose Ford"", ""notes"": ""Me list agree stop else area join.""}}",2024-10-14T01:43:39
59,Forecast 59,"{""forecast_id"": ""FCAST-59"", ""series"": [{""x"": [""2025-01"", ""2025-02"", ""2025-03"", ""2025-04"", ""2025-05"", ""2025-06""], ""y"": [46137.64, 7453.17, 30748.97, 42633.74, 5752.01, 11696.96]}], ""meta"": {""created_by"": ""Ryan Johnson"", ""notes"": ""Source public less him.""}}",2024-08-19T10:40:34
60,Forecast 60,"{""forecast_id"": ""FCAST-60"", ""series"": [{""x"": [""2025-01"", ""2025-02"", ""2025-03"", ""2025-04"", ""2025-05"", ""2025-06""], ""y"": [49614.41, 28966.51, 9752.5, 8796.76, 39098.71, 36988.57]}], ""meta"": {""created_by"": ""Susan Morris"", ""notes"": ""Present but level example different.""}}",2024-04-02T04:39:43
61,Forecast 61,"{""forecast_id"": ""FCAST-61"", ""series"": [{""x"": [""2025-01"", ""2025-02"", ""2025-03"", ""2025-04"", ""2025-05"", ""2025-06""], ""y"": [20654.71, 21017.29, 37812.77, 21490.82, 30363.18, 16650.77]}], ""meta"": {""created_by"": ""Carrie Smith"", ""notes"": ""Risk all to middle.""}}",2024-01-27T12:13:51
62,Forecast 62,"{""forecast_id"": ""FCAST-62"", ""series"": [{""x"": [""2025-01"", ""2025-02"", ""2025-03"", ""2025-04"", ""2025-05"", ""2025-06""], ""y"": [18795.56, 6176.3, 44353.14, 48051.73, 38325.9, 16570.98]}], ""meta"": {""created_by"": ""Mrs. Stephanie Lopez"", ""notes"": ""Under onto interview general deal.""}}",2025-08-16T13:36:17
63,Forecast 63,"{""forecast_id"": ""FCAST-63"", ""series"": [{""x"": [""2025-01"", ""2025-02"", ""2025-03"", ""2025-04"", ""2025-05"", ""2025-06""], ""y"": [27245.73, 20216.49, 43093.77, 25246.83, 23731.78, 41480.78]}], ""meta"": {""created_by"": ""Shelby Elliott"", ""notes"": ""Feel mention man follow.""}}",2025-07-16T09:14:55
64,Forecast 64,"{""forecast_id"": ""FCAST-64"", ""series"": [{""x"": [""2025-01"", ""2025-02"", ""2025-03"", ""2025-04"", ""2025-05"", ""2025-06""], ""y"": [23023.34, 46271.62, 9703.7, 15131.98, 27100.62, 17368.69]}], ""meta"": {""created_by"": ""Tracy Williamson"", ""notes"": ""Still both indeed drop skill executive share.""}}",2025-10-23T12:11:23
65,Forecast 65,"{""forecast_id"": ""FCAST-65"", ""series"": [{""x"": [""2025-01"", ""2025-02"", ""2025-03"", ""2025-04"", ""2025-05"", ""2025-06""], ""y"": [23737.05, 9441.26, 45456.76, 19784.32, 33002.11, 48738.12]}], ""meta"": {""created_by"": ""Derek Woods"", ""notes"": ""All cost new imagine hundred.""}}",2025-04-15T10:06:21
66,Forecast 66,"{""forecast_id"": ""FCAST-66"", ""series"": [{""x"": [""2025-01"", ""2025-02"", ""2025-03"", ""2025-04"", ""2025-05"", ""2025-06""], ""y"": [21104.4, 32184.43, 31324.92, 7790.03, 31376.09, 49946.58]}], ""meta"": {""created_by"": ""Juan Watkins"", ""notes"": ""On black since fast.""}}",2025-07-15T09:25:45
67,Forecast 67,"{""forecast_id"": ""FCAST-67"", ""series"": [{""x"": [""2025-01"", ""2025-02"", ""2025-03"", ""2025-04"", ""2025-05"", ""2025-06""], ""y"": [30378.84, 36875.25, 47328.96, 16926.0, 13247.1, 28896.0]}], ""meta"": {""created_by"": ""Norman Smith"", ""notes"": ""Cell rock foreign tonight around amount.""}}",2025-08-14T18:17:34
68,Forecast 68,"{""forecast_id"": ""FCAST-68"", ""series"": [{""x"": [""2025-01"", ""2025-02"", ""2025-03"", ""2025-04"", ""2025-05"", ""2025-06""], ""y"": [24123.76, 5457.36, 19144.5, 37405.3, 44292.11, 33051.69]}], ""meta"": {""created_by"": ""Amber Ross"", ""notes"": ""Tend still recently marriage eat.""}}",2024-01-15T22:15:17
69,Forecast 69,"{""forecast_id"": ""FCAST-69"", ""series"": [{""x"": [""2025-01"", ""2025-02"", ""2025-03"", ""2025-04"", ""2025-05"", ""2025-06""], ""y"": [28050.81, 43308.48, 42665.14, 8907.58, 19084.15, 43857.86]}], ""meta"": {""created_by"": ""Grace Johnson"", ""notes"": ""Well while real side think line clearly various.""}}",2024-08-24T12:06:39
70,Forecast 70,"{""forecast_id"": ""FCAST-70"", ""series"": [{""x"": [""2025-01"", ""2025-02"", ""2025-03"", ""2025-04"", ""2025-05"", ""2025-06""], ""y"": [9585.34, 46919.9, 46147.9, 16813.49, 15356.11, 44827.84]}], ""meta"": {""created_by"": ""Andrea Garcia"", ""notes"": ""Face education recognize.""}}",2024-10-18T19:50:42
71,Forecast 71,"{""forecast_id"": ""FCAST-71"", ""series"": [{""x"": [""2025-01"", ""2025-02"", ""2025-03"", ""2025-04"", ""2025-05"", ""2025-06""], ""y"": [11143.36, 23597.8, 13007.3, 30559.2, 49495.95, 40040.92]}], ""meta"": {""created_by"": ""Laurie Gutierrez"", ""notes"": ""Customer way student rule base right.""}}",2023-11-10T20:21:36
72,Forecast 72,"{""forecast_id"": ""FCAST-72"", ""series"": [{""x"": [""2025-01"", ""2025-02"", ""2025-03"", ""2025-04"", ""2025-05"", ""2025-06""], ""y"": [48667.46, 25510.53, 6446.71, 30596.33, 17231.7, 46087.63]}], ""meta"": {""created_by"": ""Anthony Collier"", ""notes"": ""Treatment Democrat tonight ask population oil health.""}}",2024-10-09T11:18:30
73,Forecast 73,"{""forecast_id"": ""FCAST-73"", ""series"": [{""x"": [""2025-01"", ""2025-02"", ""2025-03"", ""2025-04"", ""2025-05"", ""2025-06""], ""y"": [8804.06, 23648.4, 48161.23, 1337.28, 2583.81, 34166.75]}], ""meta"": {""created_by"": ""John Harper"", ""notes"": ""Door full determine each kitchen.""}}",2024-04-28T22:55:42
74,Forecast 74,"{""forecast_id"": ""FCAST-74"", ""series"": [{""x"": [""2025-01"", ""2025-02"", ""2025-03"", ""2025-04"", ""2025-05"", ""2025-06""], ""y"": [43486.07, 49781.19, 43246.28, 4447.92, 21437.39, 13741.43]}], ""meta"": {""created_by"": ""Kyle Schmidt"", ""notes"": ""Garden and ten rule.""}}",2024-03-01T04:22:58
75,Forecast 75,"{""forecast_id"": ""FCAST-75"", ""series"": [{""x"": [""2025-01"", ""2025-02"", ""2025-03"", ""2025-04"", ""2025-05"", ""2025-06""], ""y"": [36082.85, 6928.12, 39053.23, 32707.38, 27174.37, 2162.29]}], ""meta"": {""created_by"": ""Jacob Fernandez"", ""notes"": ""Sound experience national eat.""}}",2024-02-03T01:59:24
76,Forecast 76,"{""forecast_id"": ""FCAST-76"", ""series"": [{""x"": [""2025-01"", ""2025-02"", ""2025-03"", ""2025-04"", ""2025-05"", ""2025-06""], ""y"": [24559.57, 36575.56, 15355.19, 20521.44, 41293.47, 38669.31]}], ""meta"": {""created_by"": ""Charles Robinson"", ""notes"": ""Enjoy red high fine voice father example report.""}}",2025-05-04T17:16:53
77,Forecast 77,"{""forecast_id"": ""FCAST-77"", ""series"": [{""x"": [""2025-01"", ""2025-02"", ""2025-03"", ""2025-04"", ""2025-05"", ""2025-06""], ""y"": [18805.29, 36114.61, 26066.43, 32831.86, 22000.84, 7078.79]}], ""meta"": {""created_by"": ""Robert Barber"", ""notes"": ""Though then author my.""}}",2024-05-17T18:40:50
78,Forecast 78,"{""forecast_id"": ""FCAST-78"", ""series"": [{""x"": [""2025-01"", ""2025-02"", ""2025-03"", ""2025-04"", ""2025-05"", ""2025-06""], ""y"": [8153.2, 13862.46, 41436.2, 37925.31, 6477.4, 9278.72]}], ""meta"": {""created_by"": ""James Castro"", ""notes"": ""Window executive me mind.""}}",2024-01-31T23:23:57
79,Forecast 79,"{""forecast_id"": ""FCAST-79"", ""series"": [{""x"": [""2025-01"", ""2025-02"", ""2025-03"", ""2025-04"", ""2025-05"", ""2025-06""], ""y"": [21231.76, 17651.9, 45735.75, 39982.1, 11294.16, 5759.16]}], ""meta"": {""created_by"": ""Heather Brown"", ""notes"": ""Rest official on choice common win.""}}",2024-03-10T01:46:23
80,Forecast 80,"{""forecast_id"": ""FCAST-80"", ""series"": [{""x"": [""2025-01"", ""2025-02"", ""2025-03"", ""2025-04"", ""2025-05"", ""2025-06""], ""y"": [32459.74, 4629.41, 45060.57, 25087.27, 12991.69, 13739.98]}], ""meta"": {""created_by"": ""Joseph Holt"", ""notes"": ""End letter dog war best art.""}}",2025-03-02T14:45:00
81,Forecast 81,"{""forecast_id"": ""FCAST-81"", ""series"": [{""x"": [""2025-01"", ""2025-02"", ""2025-03"", ""2025-04"", ""2025-05"", ""2025-06""], ""y"": [15469.31, 22788.93, 39581.32, 35278.52, 28843.33, 30126.98]}], ""meta"": {""created_by"": ""Maria Ryan"", ""notes"": ""Identify better meet go edge.""}}",2024-06-14T14:08:58
82,Forecast 82,"{""forecast_id"": ""FCAST-82"", ""series"": [{""x"": [""2025-01"", ""2025-02"", ""2025-03"", ""2025-04"", ""2025-05"", ""2025-06""], ""y"": [38304.81, 8253.17, 15133.09, 11830.06, 19171.7, 18773.49]}], ""meta"": {""created_by"": ""Emily Thomas"", ""notes"": ""Write husband above major wish.""}}",2025-01-04T14:14:31
83,Forecast 83,"{""forecast_id"": ""FCAST-83"", ""series"": [{""x"": [""2025-01"", ""2025-02"", ""2025-03"", ""2025-04"", ""2025-05"", ""2025-06""], ""y"": [15269.7, 47294.8, 8756.82, 32060.83, 24288.96, 22553.26]}], ""meta"": {""created_by"": ""Joel Hull"", ""notes"": ""Send although evening across window crime boy.""}}",2024-11-06T21:52:51
84,Forecast 84,"{""forecast_id"": ""FCAST-84"", ""series"": [{""x"": [""2025-01"", ""2025-02"", ""2025-03"", ""2025-04"", ""2025-05"", ""2025-06""], ""y"": [15449.1, 37442.93, 35059.04, 8179.78, 15324.31, 19827.11]}], ""meta"": {""created_by"": ""Hunter Mitchell"", ""notes"": ""Past everybody add idea seat century.""}}",2024-01-23T18:41:57
85,Forecast 85,"{""forecast_id"": ""FCAST-85"", ""series"": [{""x"": [""2025-01"", ""2025-02"", ""2025-03"", ""2025-04"", ""2025-05"", ""2025-06""], ""y"": [32201.35, 2372.23, 11371.44, 15844.87, 29627.5, 13711.64]}], ""meta"": {""created_by"": ""Doris Richardson"", ""notes"": ""Brother both charge would great far.""}}",2024-09-12T05:07:26
86,Forecast 86,"{""forecast_id"": ""FCAST-86"", ""series"": [{""x"": [""2025-01"", ""2025-02"", ""2025-03"", ""2025-04"", ""2025-05"", ""2025-06""], ""y"": [36335.83, 37527.4, 49809.76, 20886.39, 31304.54, 9350.1]}], ""meta"": {""created_by"": ""Edward Mora"", ""notes"": ""Suffer year international laugh artist.""}}",2025-08-09T10:17:47
87,Forecast 87,"{""forecast_id"": ""FCAST-87"", ""series"": [{""x"": [""2025-01"", ""2025-02"", ""2025-03"", ""2025-04"", ""2025-05"", ""2025-06""], ""y"": [17866.46, 8637.97, 42777.91, 16400.52, 19343.77, 43405.03]}], ""meta"": {""created_by"": ""Lisa Weiss"", ""notes"": ""Truth should message event.""}}",2024-03-21T19:19:01
88,Forecast 88,"{""forecast_id"": ""FCAST-88"", ""series"": [{""x"": [""2025-01"", ""2025-02"", ""2025-03"", ""2025-04"", ""2025-05"", ""2025-06""], ""y"": [24777.04, 9286.92, 26736.61, 9593.98, 44959.55, 1697.4]}], ""meta"": {""created_by"": ""Mr. Garrett Allison"", ""notes"": ""Book present painting.""}}",2024-06-18T10:31:20
89,Forecast 89,"{""forecast_id"": ""FCAST-89"", ""series"": [{""x"": [""2025-01"", ""2025-02"", ""2025-03"", ""2025-04"", ""2025-05"", ""2025-06""], ""y"": [47400.46, 17775.98, 16156.11, 11991.19, 14637.46, 39122.7]}], ""meta"": {""created_by"": ""James Velez"", ""notes"": ""Bag camera by figure.""}}",2024-04-10T18:15:00
90,Forecast 90,"{""forecast_id"": ""FCAST-90"", ""series"": [{""x"": [""2025-01"", ""2025-02"", ""2025-03"", ""2025-04"", ""2025-05"", ""2025-06""], ""y"": [39674.44, 32849.84, 18468.57, 23506.76, 45722.42, 45408.8]}], ""meta"": {""created_by"": ""Joseph Roberts"", ""notes"": ""Catch glass radio when think seek.""}}",2025-09-21T12:56:21
91,Forecast 91,"{""forecast_id"": ""FCAST-91"", ""series"": [{""x"": [""2025-01"", ""2025-02"", ""2025-03"", ""2025-04"", ""2025-05"", ""2025-06""], ""y"": [42158.88, 42441.55, 39371.28, 26681.8, 12190.19, 10923.97]}], ""meta"": {""created_by"": ""Kimberly Cox"", ""notes"": ""Nor service he reveal show growth.""}}",2024-09-07T19:01:25
92,Forecast 92,"{""forecast_id"": ""FCAST-92"", ""series"": [{""x"": [""2025-01"", ""2025-02"", ""2025-03"", ""2025-04"", ""2025-05"", ""2025-06""], ""y"": [33547.96, 20526.07, 5843.16, 17146.24, 4292.69, 28110.94]}], ""meta"": {""created_by"": ""Dillon Moore"", ""notes"": ""American out surface theory.""}}",2024-11-18T01:37:44
93,Forecast 93,"{""forecast_id"": ""FCAST-93"", ""series"": [{""x"": [""2025-01"", ""2025-02"", ""2025-03"", ""2025-04"", ""2025-05"", ""2025-06""], ""y"": [27202.94, 37321.64, 43758.17, 48551.42, 3742.77, 28768.41]}], ""meta"": {""created_by"": ""Amanda Cline"", ""notes"": ""Respond lead ground education.""}}",2024-03-17T04:56:28
94,Forecast 94,"{""forecast_id"": ""FCAST-94"", ""series"": [{""x"": [""2025-01"", ""2025-02"", ""2025-03"", ""2025-04"", ""2025-05"", ""2025-06""], ""y"": [13150.63, 13547.53, 37232.35, 34795.25, 32889.55, 13009.27]}], ""meta"": {""created_by"": ""Michael Bonilla"", ""notes"": ""Executive pattern her among against.""}}",2025-04-18T11:42:58
95,Forecast 95,"{""forecast_id"": ""FCAST-95"", ""series"": [{""x"": [""2025-01"", ""2025-02"", ""2025-03"", ""2025-04"", ""2025-05"", ""2025-06""], ""y"": [34792.24, 23347.24, 2971.41, 30847.75, 28046.81, 5476.6]}], ""meta"": {""created_by"": ""Maria Garcia"", ""notes"": ""Police cold seven simply whose.""}}",2024-04-25T14:37:52
96,Forecast 96,"{""forecast_id"": ""FCAST-96"", ""series"": [{""x"": [""2025-01"", ""2025-02"", ""2025-03"", ""2025-04"", ""2025-05"", ""2025-06""], ""y"": [10310.69, 41703.93, 4119.78, 45253.55, 26605.33, 3982.39]}], ""meta"": {""created_by"": ""Frank Tran"", ""notes"": ""Help government should nothing.""}}",2023-12-04T16:06:56
97,Forecast 97,"{""forecast_id"": ""FCAST-97"", ""series"": [{""x"": [""2025-01"", ""2025-02"", ""2025-03"", ""2025-04"", ""2025-05"", ""2025-06""], ""y"": [12151.73, 29698.19, 29482.25, 23749.29, 27309.75, 39289.22]}], ""meta"": {""created_by"": ""Amber Martin"", ""notes"": ""Debate wife reach page.""}}",2024-06-26T21:15:11
98,Forecast 98,"{""forecast_id"": ""FCAST-98"", ""series"": [{""x"": [""2025-01"", ""2025-02"", ""2025-03"", ""2025-04"", ""2025-05"", ""2025-06""], ""y"": [16624.06, 32061.38, 10624.87, 6703.91, 5085.92, 10672.42]}], ""meta"": {""created_by"": ""Taylor Dean"", ""notes"": ""Social company reveal rest wife call public yourself.""}}",2025-09-14T21:55:48
99,Forecast 99,"{""forecast_id"": ""FCAST-99"", ""series"": [{""x"": [""2025-01"", ""2025-02"", ""2025-03"", ""2025-04"", ""2025-05"", ""2025-06""], ""y"": [27576.07, 11534.7, 24874.3, 28897.13, 29503.96, 43195.82]}], ""meta"": {""created_by"": ""Roy Robinson"", ""notes"": ""Method lot watch person doctor.""}}",2025-02-27T01:09:18
100,Forecast 100,"{""forecast_id"": ""FCAST-100"", ""series"": [{""x"": [""2025-01"", ""2025-02"", ""2025-03"", ""2025-04"", ""2025-05"", ""2025-06""], ""y"": [6464.67, 44439.36, 39092.4, 10545.14, 40482.53, 31106.25]}], ""meta"": {""created_by"": ""David Mendoza"", ""notes"": ""Avoid question age.""}}",2024-06-27T20:35:06
101,Forecast 101,"{""forecast_id"": ""FCAST-101"", ""series"": [{""x"": [""2025-01"", ""2025-02"", ""2025-03"", ""2025-04"", ""2025-05"", ""2025-06""], ""y"": [23356.47, 1024.26, 37973.45, 30466.35, 25137.65, 9650.06]}], ""meta"": {""created_by"": ""Mary Robinson"", ""notes"": ""Remember mind one enter yet total.""}}",2025-04-21T00:57:51
102,Forecast 102,"{""forecast_id"": ""FCAST-102"", ""series"": [{""x"": [""2025-01"", ""2025-02"", ""2025-03"", ""2025-04"", ""2025-05"", ""2025-06""], ""y"": [25857.36, 26195.81, 47620.35, 15682.23, 43495.79, 13202.08]}], ""meta"": {""created_by"": ""Kari Torres"", ""notes"": ""Billion once thousand although could debate spring business.""}}",2025-03-02T06:53:11
103,Forecast 103,"{""forecast_id"": ""FCAST-103"", ""series"": [{""x"": [""2025-01"", ""2025-02"", ""2025-03"", ""2025-04"", ""2025-05"", ""2025-06""], ""y"": [14489.13, 28501.95, 16131.4, 22562.15, 48884.22, 47339.15]}], ""meta"": {""created_by"": ""Ryan Ferguson"", ""notes"": ""Try Congress occur guy.""}}",2025-10-20T16:54:26
104,Forecast 104,"{""forecast_id"": ""FCAST-104"", ""series"": [{""x"": [""2025-01"", ""2025-02"", ""2025-03"", ""2025-04"", ""2025-05"", ""2025-06""], ""y"": [24891.44, 16641.17, 48743.37, 24054.81, 8993.41, 4212.41]}], ""meta"": {""created_by"": ""James Diaz"", ""notes"": ""Charge defense author consumer price tonight though.""}}",2025-02-04T06:35:43
105,Forecast 105,"{""forecast_id"": ""FCAST-105"", ""series"": [{""x"": [""2025-01"", ""2025-02"", ""2025-03"", ""2025-04"", ""2025-05"", ""2025-06""], ""y"": [22168.73, 15927.41, 46339.47, 22716.72, 32256.27, 27390.91]}], ""meta"": {""created_by"": ""Lisa Banks"", ""notes"": ""Work once seek national expect see.""}}",2025-03-11T11:12:15
106,Forecast 106,"{""forecast_id"": ""FCAST-106"", ""series"": [{""x"": [""2025-01"", ""2025-02"", ""2025-03"", ""2025-04"", ""2025-05"", ""2025-06""], ""y"": [9950.13, 39160.8, 38379.78, 11447.61, 25587.2, 16680.78]}], ""meta"": {""created_by"": ""Kyle Jacobs"", ""notes"": ""Sense themselves season watch stay.""}}",2025-06-25T10:51:23
107,Forecast 107,"{""forecast_id"": ""FCAST-107"", ""series"": [{""x"": [""2025-01"", ""2025-02"", ""2025-03"", ""2025-04"", ""2025-05"", ""2025-06""], ""y"": [26989.58, 6042.94, 15703.01, 30866.81, 28979.41, 8575.28]}], ""meta"": {""created_by"": ""Theresa Ayers"", ""notes"": ""Before pass figure.""}}",2024-05-25T10:02:32
108,Forecast 108,"{""forecast_id"": ""FCAST-108"", ""series"": [{""x"": [""2025-01"", ""2025-02"", ""2025-03"", ""2025-04"", ""2025-05"", ""2025-06""], ""y"": [8663.0, 38553.47, 39504.75, 42765.51, 30896.04, 8699.5]}], ""meta"": {""created_by"": ""Courtney Clark"", ""notes"": ""Throughout address movement ability rather century should.""}}",2025-05-17T00:34:22
109,Forecast 109,"{""forecast_id"": ""FCAST-109"", ""series"": [{""x"": [""2025-01"", ""2025-02"", ""2025-03"", ""2025-04"", ""2025-05"", ""2025-06""], ""y"": [47878.64, 49076.57, 33021.04, 39648.68, 39207.99, 14199.78]}], ""meta"": {""created_by"": ""Nicholas Rangel"", ""notes"": ""Share newspaper fire some sport population them.""}}",2025-07-08T00:52:28
110,Forecast 110,"{""forecast_id"": ""FCAST-110"", ""series"": [{""x"": [""2025-01"", ""2025-02"", ""2025-03"", ""2025-04"", ""2025-05"", ""2025-06""], ""y"": [46709.33, 24127.1, 42955.64, 15877.29, 8104.34, 17352.39]}], ""meta"": {""created_by"": ""Jaclyn Sanchez"", ""notes"": ""Course ask build stuff trouble.""}}",2025-01-30T11:05:52
111,Forecast 111,"{""forecast_id"": ""FCAST-111"", ""series"": [{""x"": [""2025-01"", ""2025-02"", ""2025-03"", ""2025-04"", ""2025-05"", ""2025-06""], ""y"": [18342.75, 37515.48, 23035.69, 21839.6, 20283.57, 21439.06]}], ""meta"": {""created_by"": ""Antonio Silva"", ""notes"": ""Project hope none value possible those realize name.""}}",2025-10-28T23:27:58
112,Forecast 112,"{""forecast_id"": ""FCAST-112"", ""series"": [{""x"": [""2025-01"", ""2025-02"", ""2025-03"", ""2025-04"", ""2025-05"", ""2025-06""], ""y"": [38348.91, 20799.97, 48465.32, 18326.99, 40463.17, 48774.3]}], ""meta"": {""created_by"": ""Joe Smith"", ""notes"": ""Hour forward particularly show conference board outside.""}}",2024-08-28T15:57:22
113,Forecast 113,"{""forecast_id"": ""FCAST-113"", ""series"": [{""x"": [""2025-01"", ""2025-02"", ""2025-03"", ""2025-04"", ""2025-05"", ""2025-06""], ""y"": [38585.38, 1954.5, 35512.61, 11221.84, 36116.96, 15445.05]}], ""meta"": {""created_by"": ""Shannon Campbell"", ""notes"": ""Ask eye memory read full whose.""}}",2025-05-16T19:09:30
114,Forecast 114,"{""forecast_id"": ""FCAST-114"", ""series"": [{""x"": [""2025-01"", ""2025-02"", ""2025-03"", ""2025-04"", ""2025-05"", ""2025-06""], ""y"": [19300.28, 16770.44, 39755.08, 16958.57, 28438.64, 10773.16]}], ""meta"": {""created_by"": ""Cindy Harris"", ""notes"": ""Economic be recognize eat dream.""}}",2024-12-27T07:55:52
115,Forecast 115,"{""forecast_id"": ""FCAST-115"", ""series"": [{""x"": [""2025-01"", ""2025-02"", ""2025-03"", ""2025-04"", ""2025-05"", ""2025-06""], ""y"": [11534.01, 25644.23, 42963.77, 6234.89, 12913.75, 16948.67]}], ""meta"": {""created_by"": ""Thomas Frye"", ""notes"": ""His those what court toward sit.""}}",2024-02-15T10:35:43
116,Forecast 116,"{""forecast_id"": ""FCAST-116"", ""series"": [{""x"": [""2025-01"", ""2025-02"", ""2025-03"", ""2025-04"", ""2025-05"", ""2025-06""], ""y"": [24504.45, 36341.93, 24023.72, 48585.53, 3254.0, 33311.49]}], ""meta"": {""created_by"": ""Kristen Martin"", ""notes"": ""Produce three fish go.""}}",2023-12-11T03:16:18
117,Forecast 117,"{""forecast_id"": ""FCAST-117"", ""series"": [{""x"": [""2025-01"", ""2025-02"", ""2025-03"", ""2025-04"", ""2025-05"", ""2025-06""], ""y"": [34702.25, 45535.48, 24865.03, 14726.99, 30728.54, 19375.93]}], ""meta"": {""created_by"": ""Hector Stanton"", ""notes"": ""Such responsibility money.""}}",2023-12-03T07:17:52
118,Forecast 118,"{""forecast_id"": ""FCAST-118"", ""series"": [{""x"": [""2025-01"", ""2025-02"", ""2025-03"", ""2025-04"", ""2025-05"", ""2025-06""], ""y"": [5970.56, 32341.8, 14526.26, 19102.99, 46256.7, 6440.51]}], ""meta"": {""created_by"": ""Charles Torres"", ""notes"": ""Five executive over most tend order.""}}",2025-04-21T17:45:54
119,Forecast 119,"{""forecast_id"": ""FCAST-119"", ""series"": [{""x"": [""2025-01"", ""2025-02"", ""2025-03"", ""2025-04"", ""2025-05"", ""2025-06""], ""y"": [7579.95, 37741.48, 16902.73, 38986.9, 21275.09, 8436.86]}], ""meta"": {""created_by"": ""Christopher Kennedy"", ""notes"": ""Field wonder professor baby.""}}",2024-06-17T14:51:13
120,Forecast 120,"{""forecast_id"": ""FCAST-120"", ""series"": [{""x"": [""2025-01"", ""2025-02"", ""2025-03"", ""2025-04"", ""2025-05"", ""2025-06""], ""y"": [8370.56, 15643.93, 10799.72, 5312.25, 13016.11, 29063.93]}], ""meta"": {""created_by"": ""Austin Nielsen"", ""notes"": ""Free indicate everybody right little learn.""}}",2023-12-10T23:12:43
121,Forecast 121,"{""forecast_id"": ""FCAST-121"", ""series"": [{""x"": [""2025-01"", ""2025-02"", ""2025-03"", ""2025-04"", ""2025-05"", ""2025-06""], ""y"": [38376.57, 13775.24, 27020.35, 15279.55, 2070.74, 38832.94]}], ""meta"": {""created_by"": ""William Pittman"", ""notes"": ""Which middle employee.""}}",2024-12-23T07:43:28
122,Forecast 122,"{""forecast_id"": ""FCAST-122"", ""series"": [{""x"": [""2025-01"", ""2025-02"", ""2025-03"", ""2025-04"", ""2025-05"", ""2025-06""], ""y"": [4332.19, 39509.13, 35858.73, 16384.1, 42818.23, 45350.07]}], ""meta"": {""created_by"": ""Destiny Shaw"", ""notes"": ""Degree foot opportunity minute.""}}",2025-04-09T05:15:54
123,Forecast 123,"{""forecast_id"": ""FCAST-123"", ""series"": [{""x"": [""2025-01"", ""2025-02"", ""2025-03"", ""2025-04"", ""2025-05"", ""2025-06""], ""y"": [22846.18, 44344.68, 10022.86, 23947.99, 23579.38, 17317.59]}], ""meta"": {""created_by"": ""Eric Martin"", ""notes"": ""Order decision hope however increase.""}}",2023-11-26T22:23:29
124,Forecast 124,"{""forecast_id"": ""FCAST-124"", ""series"": [{""x"": [""2025-01"", ""2025-02"", ""2025-03"", ""2025-04"", ""2025-05"", ""2025-06""], ""y"": [34205.77, 35498.96, 13512.53, 37634.86, 2133.78, 6840.33]}], ""meta"": {""created_by"": ""Andres Oliver"", ""notes"": ""Whatever past nation government truth only.""}}",2024-08-08T08:50:54
125,Forecast 125,"{""forecast_id"": ""FCAST-125"", ""series"": [{""x"": [""2025-01"", ""2025-02"", ""2025-03"", ""2025-04"", ""2025-05"", ""2025-06""], ""y"": [21128.17, 20419.09, 24831.52, 3353.52, 26891.47, 45736.13]}], ""meta"": {""created_by"": ""Lisa Howard"", ""notes"": ""Wrong young food wear.""}}",2024-03-25T14:44:34
126,Forecast 126,"{""forecast_id"": ""FCAST-126"", ""series"": [{""x"": [""2025-01"", ""2025-02"", ""2025-03"", ""2025-04"", ""2025-05"", ""2025-06""], ""y"": [26100.82, 1793.86, 22423.14, 2572.12, 25706.37, 40115.63]}], ""meta"": {""created_by"": ""Michael Ingram"", ""notes"": ""Suffer writer paper wife accept choose heart.""}}",2024-09-08T15:31:33
127,Forecast 127,"{""forecast_id"": ""FCAST-127"", ""series"": [{""x"": [""2025-01"", ""2025-02"", ""2025-03"", ""2025-04"", ""2025-05"", ""2025-06""], ""y"": [39716.74, 25108.46, 29165.96, 32084.32, 36987.26, 28700.03]}], ""meta"": {""created_by"": ""Sherry Cohen"", ""notes"": ""Everything model foreign take although cut.""}}",2024-04-08T10:38:35
128,Forecast 128,"{""forecast_id"": ""FCAST-128"", ""series"": [{""x"": [""2025-01"", ""2025-02"", ""2025-03"", ""2025-04"", ""2025-05"", ""2025-06""], ""y"": [48737.15, 39248.82, 27056.36, 40130.96, 42468.67, 5298.78]}], ""meta"": {""created_by"": ""Christian Rogers"", ""notes"": ""Never listen media buy yet go simply.""}}",2024-12-21T00:05:15
129,Forecast 129,"{""forecast_id"": ""FCAST-129"", ""series"": [{""x"": [""2025-01"", ""2025-02"", ""2025-03"", ""2025-04"", ""2025-05"", ""2025-06""], ""y"": [46202.35, 30891.54, 49654.54, 37843.46, 38588.65, 22116.39]}], ""meta"": {""created_by"": ""Heather Wyatt"", ""notes"": ""Specific per peace three.""}}",2024-10-15T02:50:26
130,Forecast 130,"{""forecast_id"": ""FCAST-130"", ""series"": [{""x"": [""2025-01"", ""2025-02"", ""2025-03"", ""2025-04"", ""2025-05"", ""2025-06""], ""y"": [14566.38, 23113.14, 44146.49, 37207.89, 32871.74, 4578.26]}], ""meta"": {""created_by"": ""Thomas Taylor"", ""notes"": ""Apply least certainly drop name kind center.""}}",2025-10-27T18:46:08
131,Forecast 131,"{""forecast_id"": ""FCAST-131"", ""series"": [{""x"": [""2025-01"", ""2025-02"", ""2025-03"", ""2025-04"", ""2025-05"", ""2025-06""], ""y"": [32744.15, 17650.68, 26857.98, 34936.72, 41190.22, 22187.46]}], ""meta"": {""created_by"": ""Terry Larsen"", ""notes"": ""Itself black allow space about site phone.""}}",2024-11-01T23:56:11
132,Forecast 132,"{""forecast_id"": ""FCAST-132"", ""series"": [{""x"": [""2025-01"", ""2025-02"", ""2025-03"", ""2025-04"", ""2025-05"", ""2025-06""], ""y"": [2052.69, 29162.15, 1311.34, 41582.91, 1924.71, 12036.27]}], ""meta"": {""created_by"": ""Samuel Ferguson"", ""notes"": ""Part and change whose right investment difference.""}}",2024-10-26T02:11:02
133,Forecast 133,"{""forecast_id"": ""FCAST-133"", ""series"": [{""x"": [""2025-01"", ""2025-02"", ""2025-03"", ""2025-04"", ""2025-05"", ""2025-06""], ""y"": [21930.33, 13683.79, 11921.61, 34052.38, 17004.34, 23429.91]}], ""meta"": {""created_by"": ""Tara Peterson"", ""notes"": ""Yourself share expect economic before drive child.""}}",2025-02-08T09:30:56
134,Forecast 134,"{""forecast_id"": ""FCAST-134"", ""series"": [{""x"": [""2025-01"", ""2025-02"", ""2025-03"", ""2025-04"", ""2025-05"", ""2025-06""], ""y"": [33604.69, 38726.46, 29147.48, 18377.62, 44135.28, 43494.91]}], ""meta"": {""created_by"": ""Lauren Rowe"", ""notes"": ""Weight cause station not.""}}",2025-06-20T06:49:08
135,Forecast 135,"{""forecast_id"": ""FCAST-135"", ""series"": [{""x"": [""2025-01"", ""2025-02"", ""2025-03"", ""2025-04"", ""2025-05"", ""2025-06""], ""y"": [8477.63, 38876.61, 11101.06, 9897.75, 2285.0, 30494.15]}], ""meta"": {""created_by"": ""Stephanie Cook"", ""notes"": ""Water company lose.""}}",2024-06-03T23:13:15
136,Forecast 136,"{""forecast_id"": ""FCAST-136"", ""series"": [{""x"": [""2025-01"", ""2025-02"", ""2025-03"", ""2025-04"", ""2025-05"", ""2025-06""], ""y"": [42390.22, 39193.7, 27463.74, 47778.37, 17045.59, 16451.48]}], ""meta"": {""created_by"": ""Linda Baker"", ""notes"": ""Region allow large since door sport.""}}",2023-12-07T08:30:52
137,Forecast 137,"{""forecast_id"": ""FCAST-137"", ""series"": [{""x"": [""2025-01"", ""2025-02"", ""2025-03"", ""2025-04"", ""2025-05"", ""2025-06""], ""y"": [12275.09, 11231.56, 15843.55, 21789.9, 14282.82, 46878.81]}], ""meta"": {""created_by"": ""Craig Lawson"", ""notes"": ""Manage indeed today voice will company create.""}}",2024-04-26T18:07:15
138,Forecast 138,"{""forecast_id"": ""FCAST-138"", ""series"": [{""x"": [""2025-01"", ""2025-02"", ""2025-03"", ""2025-04"", ""2025-05"", ""2025-06""], ""y"": [11644.55, 18411.89, 7728.3, 45045.1, 22542.41, 41873.7]}], ""meta"": {""created_by"": ""Suzanne Johnson"", ""notes"": ""Level wind age politics.""}}",2025-07-17T03:08:51
139,Forecast 139,"{""forecast_id"": ""FCAST-139"", ""series"": [{""x"": [""2025-01"", ""2025-02"", ""2025-03"", ""2025-04"", ""2025-05"", ""2025-06""], ""y"": [19380.58, 22753.67, 37453.18, 37255.73, 19640.41, 22893.81]}], ""meta"": {""created_by"": ""Amy Stafford"", ""notes"": ""American this north weight past American.""}}",2025-01-06T11:40:58
140,Forecast 140,"{""forecast_id"": ""FCAST-140"", ""series"": [{""x"": [""2025-01"", ""2025-02"", ""2025-03"", ""2025-04"", ""2025-05"", ""2025-06""], ""y"": [20559.73, 11075.98, 19644.74, 40910.47, 5549.74, 9579.74]}], ""meta"": {""created_by"": ""Candace Moss"", ""notes"": ""Human whom film research.""}}",2023-12-03T04:20:18
141,Forecast 141,"{""forecast_id"": ""FCAST-141"", ""series"": [{""x"": [""2025-01"", ""2025-02"", ""2025-03"", ""2025-04"", ""2025-05"", ""2025-06""], ""y"": [45750.88, 36501.4, 6963.48, 38073.71, 6897.56, 24966.31]}], ""meta"": {""created_by"": ""Justin Gallagher"", ""notes"": ""Week industry from already.""}}",2025-03-02T06:59:48
142,Forecast 142,"{""forecast_id"": ""FCAST-142"", ""series"": [{""x"": [""2025-01"", ""2025-02"", ""2025-03"", ""2025-04"", ""2025-05"", ""2025-06""], ""y"": [30637.57, 37734.45, 16527.1, 10358.08, 49272.45, 40189.77]}], ""meta"": {""created_by"": ""Andrea James"", ""notes"": ""Team day us beyond professional.""}}",2024-04-12T11:39:35
143,Forecast 143,"{""forecast_id"": ""FCAST-143"", ""series"": [{""x"": [""2025-01"", ""2025-02"", ""2025-03"", ""2025-04"", ""2025-05"", ""2025-06""], ""y"": [18633.07, 13508.94, 6487.63, 23390.73, 1355.52, 40367.17]}], ""meta"": {""created_by"": ""Brian Lawrence"", ""notes"": ""Chair manage security employee nature institution above its.""}}",2024-11-28T05:01:40
144,Forecast 144,"{""forecast_id"": ""FCAST-144"", ""series"": [{""x"": [""2025-01"", ""2025-02"", ""2025-03"", ""2025-04"", ""2025-05"", ""2025-06""], ""y"": [20615.11, 43017.16, 18379.37, 47340.86, 41990.2, 22273.3]}], ""meta"": {""created_by"": ""Tammy Mccarthy"", ""notes"": ""Subject go skin sport environmental identify.""}}",2024-03-13T14:59:00
145,Forecast 145,"{""forecast_id"": ""FCAST-145"", ""series"": [{""x"": [""2025-01"", ""2025-02"", ""2025-03"", ""2025-04"", ""2025-05"", ""2025-06""], ""y"": [42542.6, 15734.03, 49985.62, 5138.12, 32535.52, 20094.62]}], ""meta"": {""created_by"": ""Elizabeth Simpson MD"", ""notes"": ""Full less full forget son.""}}",2024-07-01T06:41:38
146,Forecast 146,"{""forecast_id"": ""FCAST-146"", ""series"": [{""x"": [""2025-01"", ""2025-02"", ""2025-03"", ""2025-04"", ""2025-05"", ""2025-06""], ""y"": [24096.71, 47614.15, 14461.09, 32720.62, 16840.28, 7896.06]}], ""meta"": {""created_by"": ""Taylor Roberts"", ""notes"": ""Weight yourself lead population couple at dark argue.""}}",2024-08-16T03:43:13
147,Forecast 147,"{""forecast_id"": ""FCAST-147"", ""series"": [{""x"": [""2025-01"", ""2025-02"", ""2025-03"", ""2025-04"", ""2025-05"", ""2025-06""], ""y"": [13200.91, 28664.38, 7269.47, 8632.16, 35058.44, 38352.1]}], ""meta"": {""created_by"": ""Jessica Collins"", ""notes"": ""Once management get produce perform attention likely hard.""}}",2024-02-19T07:17:44
148,Forecast 148,"{""forecast_id"": ""FCAST-148"", ""series"": [{""x"": [""2025-01"", ""2025-02"", ""2025-03"", ""2025-04"", ""2025-05"", ""2025-06""], ""y"": [3997.89, 40316.63, 43450.91, 33386.66, 19213.5, 21328.94]}], ""meta"": {""created_by"": ""Jeffery Gould"", ""notes"": ""Especially use stand investment be issue.""}}",2023-12-07T13:51:03
149,Forecast 149,"{""forecast_id"": ""FCAST-149"", ""series"": [{""x"": [""2025-01"", ""2025-02"", ""2025-03"", ""2025-04"", ""2025-05"", ""2025-06""], ""y"": [8716.65, 9448.58, 46878.29, 48299.71, 37356.37, 40705.66]}], ""meta"": {""created_by"": ""Karen Adams"", ""notes"": ""Old top summer high night gun.""}}",2025-06-08T21:33:51
150,Forecast 150,"{""forecast_id"": ""FCAST-150"", ""series"": [{""x"": [""2025-01"", ""2025-02"", ""2025-03"", ""2025-04"", ""2025-05"", ""2025-06""], ""y"": [9899.12, 44074.79, 6360.19, 8956.31, 25380.21, 15997.18]}], ""meta"": {""created_by"": ""Jennifer Rogers"", ""notes"": ""Situation for animal course month.""}}",2024-05-09T02:45:33
151,Forecast 151,"{""forecast_id"": ""FCAST-151"", ""series"": [{""x"": [""2025-01"", ""2025-02"", ""2025-03"", ""2025-04"", ""2025-05"", ""2025-06""], ""y"": [31640.31, 45540.06, 13993.89, 16732.56, 39380.18, 17247.52]}], ""meta"": {""created_by"": ""Julie Brooks"", ""notes"": ""Poor class standard north provide itself particular moment.""}}",2024-01-02T06:41:24
152,Forecast 152,"{""forecast_id"": ""FCAST-152"", ""series"": [{""x"": [""2025-01"", ""2025-02"", ""2025-03"", ""2025-04"", ""2025-05"", ""2025-06""], ""y"": [44552.2, 2676.92, 43729.38, 45765.27, 3278.47, 19474.8]}], ""meta"": {""created_by"": ""James Tucker"", ""notes"": ""Administration moment picture open present society program practice.""}}",2024-03-31T23:08:04
153,Forecast 153,"{""forecast_id"": ""FCAST-153"", ""series"": [{""x"": [""2025-01"", ""2025-02"", ""2025-03"", ""2025-04"", ""2025-05"", ""2025-06""], ""y"": [30326.87, 26735.03, 8750.46, 1731.98, 44962.25, 5514.07]}], ""meta"": {""created_by"": ""Mr. Christopher Watts"", ""notes"": ""Standard skin suggest relate.""}}",2025-04-01T04:38:30
154,Forecast 154,"{""forecast_id"": ""FCAST-154"", ""series"": [{""x"": [""2025-01"", ""2025-02"", ""2025-03"", ""2025-04"", ""2025-05"", ""2025-06""], ""y"": [49421.38, 6508.12, 24308.78, 49185.07, 42950.88, 27299.63]}], ""meta"": {""created_by"": ""Robin Ashley"", ""notes"": ""Growth war entire expect just may unit stay.""}}",2024-05-13T09:32:06
155,Forecast 155,"{""forecast_id"": ""FCAST-155"", ""series"": [{""x"": [""2025-01"", ""2025-02"", ""2025-03"", ""2025-04"", ""2025-05"", ""2025-06""], ""y"": [7585.86, 30560.28, 32205.91, 16260.11, 24004.86, 45241.26]}], ""meta"": {""created_by"": ""Brandon Sanders"", ""notes"": ""Look miss hotel turn course less mouth.""}}",2025-09-07T17:48:53
156,Forecast 156,"{""forecast_id"": ""FCAST-156"", ""series"": [{""x"": [""2025-01"", ""2025-02"", ""2025-03"", ""2025-04"", ""2025-05"", ""2025-06""], ""y"": [7281.73, 33162.34, 18913.55, 31066.87, 36099.45, 24411.7]}], ""meta"": {""created_by"": ""Michael Bush"", ""notes"": ""Later owner when lead black cover.""}}",2023-11-12T06:58:02
157,Forecast 157,"{""forecast_id"": ""FCAST-157"", ""series"": [{""x"": [""2025-01"", ""2025-02"", ""2025-03"", ""2025-04"", ""2025-05"", ""2025-06""], ""y"": [37687.23, 42746.46, 10618.07, 11746.25, 7360.57, 47172.17]}], ""meta"": {""created_by"": ""Brianna Barton"", ""notes"": ""Watch responsibility major list.""}}",2024-03-16T23:24:35
158,Forecast 158,"{""forecast_id"": ""FCAST-158"", ""series"": [{""x"": [""2025-01"", ""2025-02"", ""2025-03"", ""2025-04"", ""2025-05"", ""2025-06""], ""y"": [12052.04, 5027.26, 5644.67, 20788.09, 44458.98, 6156.18]}], ""meta"": {""created_by"": ""Michael Dillon"", ""notes"": ""Development Democrat cold of.""}}",2025-03-10T07:06:00
159,Forecast 159,"{""forecast_id"": ""FCAST-159"", ""series"": [{""x"": [""2025-01"", ""2025-02"", ""2025-03"", ""2025-04"", ""2025-05"", ""2025-06""], ""y"": [12084.95, 10046.71, 33309.1, 17102.66, 48723.88, 33749.46]}], ""meta"": {""created_by"": ""Julia Craig"", ""notes"": ""More new none author great the.""}}",2024-10-14T05:13:46
160,Forecast 160,"{""forecast_id"": ""FCAST-160"", ""series"": [{""x"": [""2025-01"", ""2025-02"", ""2025-03"", ""2025-04"", ""2025-05"", ""2025-06""], ""y"": [26475.93, 29281.19, 44295.56, 38234.79, 7453.65, 21679.03]}], ""meta"": {""created_by"": ""Derek Cruz"", ""notes"": ""Including sea also indicate community away particularly Mr.""}}",2025-05-18T06:22:16
161,Forecast 161,"{""forecast_id"": ""FCAST-161"", ""series"": [{""x"": [""2025-01"", ""2025-02"", ""2025-03"", ""2025-04"", ""2025-05"", ""2025-06""], ""y"": [33398.89, 29389.06, 46796.6, 2677.04, 45394.71, 19866.47]}], ""meta"": {""created_by"": ""Amy Small"", ""notes"": ""Teach ground two film I.""}}",2024-11-14T04:02:25
162,Forecast 162,"{""forecast_id"": ""FCAST-162"", ""series"": [{""x"": [""2025-01"", ""2025-02"", ""2025-03"", ""2025-04"", ""2025-05"", ""2025-06""], ""y"": [3352.9, 10696.91, 9926.45, 8004.77, 2671.59, 39943.84]}], ""meta"": {""created_by"": ""Maria Williams"", ""notes"": ""Director read hour throughout by clearly thank.""}}",2023-12-14T18:28:43
163,Forecast 163,"{""forecast_id"": ""FCAST-163"", ""series"": [{""x"": [""2025-01"", ""2025-02"", ""2025-03"", ""2025-04"", ""2025-05"", ""2025-06""], ""y"": [8932.38, 16804.09, 29032.25, 24708.4, 17851.19, 31806.93]}], ""meta"": {""created_by"": ""Christopher Davis"", ""notes"": ""Number Democrat father Congress fund response.""}}",2025-03-28T07:51:46
164,Forecast 164,"{""forecast_id"": ""FCAST-164"", ""series"": [{""x"": [""2025-01"", ""2025-02"", ""2025-03"", ""2025-04"", ""2025-05"", ""2025-06""], ""y"": [41032.48, 29282.87, 23153.1, 11526.97, 31444.32, 27748.09]}], ""meta"": {""created_by"": ""Alexander Burnett"", ""notes"": ""Source brother job listen Mrs nothing.""}}",2024-12-23T21:00:58
165,Forecast 165,"{""forecast_id"": ""FCAST-165"", ""series"": [{""x"": [""2025-01"", ""2025-02"", ""2025-03"", ""2025-04"", ""2025-05"", ""2025-06""], ""y"": [6773.14, 14685.95, 38657.04, 46270.4, 17525.47, 44733.82]}], ""meta"": {""created_by"": ""Jasmine Palmer"", ""notes"": ""Another operation third until inside.""}}",2024-06-26T05:09:13
166,Forecast 166,"{""forecast_id"": ""FCAST-166"", ""series"": [{""x"": [""2025-01"", ""2025-02"", ""2025-03"", ""2025-04"", ""2025-05"", ""2025-06""], ""y"": [13508.94, 40542.44, 24880.4, 27896.14, 33499.16, 33732.62]}], ""meta"": {""created_by"": ""Nancy Kirk"", ""notes"": ""Administration list visit hand lose draw.""}}",2025-06-27T18:34:25
167,Forecast 167,"{""forecast_id"": ""FCAST-167"", ""series"": [{""x"": [""2025-01"", ""2025-02"", ""2025-03"", ""2025-04"", ""2025-05"", ""2025-06""], ""y"": [17776.38, 26434.57, 4092.77, 18905.69, 32472.34, 48272.92]}], ""meta"": {""created_by"": ""Jacob Sexton"", ""notes"": ""Whose group cold attorney.""}}",2024-05-29T17:12:32
168,Forecast 168,"{""forecast_id"": ""FCAST-168"", ""series"": [{""x"": [""2025-01"", ""2025-02"", ""2025-03"", ""2025-04"", ""2025-05"", ""2025-06""], ""y"": [7185.18, 12129.13, 23414.24, 6445.71, 27972.77, 15489.96]}], ""meta"": {""created_by"": ""Leah Newman"", ""notes"": ""Training size pick them.""}}",2025-01-21T09:09:33
169,Forecast 169,"{""forecast_id"": ""FCAST-169"", ""series"": [{""x"": [""2025-01"", ""2025-02"", ""2025-03"", ""2025-04"", ""2025-05"", ""2025-06""], ""y"": [43792.03, 16044.49, 22372.04, 49231.27, 5065.39, 43481.41]}], ""meta"": {""created_by"": ""Diane Brown"", ""notes"": ""Room employee that box up.""}}",2024-09-26T15:13:54
170,Forecast 170,"{""forecast_id"": ""FCAST-170"", ""series"": [{""x"": [""2025-01"", ""2025-02"", ""2025-03"", ""2025-04"", ""2025-05"", ""2025-06""], ""y"": [25731.46, 20480.35, 47121.24, 49928.69, 10549.02, 42160.63]}], ""meta"": {""created_by"": ""Crystal Brown"", ""notes"": ""Relate up all size finish.""}}",2024-09-27T00:47:29
171,Forecast 171,"{""forecast_id"": ""FCAST-171"", ""series"": [{""x"": [""2025-01"", ""2025-02"", ""2025-03"", ""2025-04"", ""2025-05"", ""2025-06""], ""y"": [11871.0, 1819.24, 36937.2, 18342.89, 30445.88, 8436.79]}], ""meta"": {""created_by"": ""Meghan Greer"", ""notes"": ""Decision safe system skill.""}}",2025-10-21T17:20:33
172,Forecast 172,"{""forecast_id"": ""FCAST-172"", ""series"": [{""x"": [""2025-01"", ""2025-02"", ""2025-03"", ""2025-04"", ""2025-05"", ""2025-06""], ""y"": [43136.38, 26727.22, 40212.74, 18770.15, 12290.75, 47411.01]}], ""meta"": {""created_by"": ""Lindsey Smith"", ""notes"": ""Mrs local hour important up.""}}",2024-03-02T23:18:22
173,Forecast 173,"{""forecast_id"": ""FCAST-173"", ""series"": [{""x"": [""2025-01"", ""2025-02"", ""2025-03"", ""2025-04"", ""2025-05"", ""2025-06""], ""y"": [27012.63, 19349.13, 5906.77, 9116.14, 32081.32, 31291.03]}], ""meta"": {""created_by"": ""Sonya Brooks"", ""notes"": ""Purpose simply statement through financial.""}}",2024-12-10T12:14:22
174,Forecast 174,"{""forecast_id"": ""FCAST-174"", ""series"": [{""x"": [""2025-01"", ""2025-02"", ""2025-03"", ""2025-04"", ""2025-05"", ""2025-06""], ""y"": [42318.7, 37804.1, 8450.5, 47167.41, 30873.61, 43056.46]}], ""meta"": {""created_by"": ""Kevin Simmons"", ""notes"": ""Buy test third thousand must meet see police.""}}",2024-10-11T16:20:05
175,Forecast 175,"{""forecast_id"": ""FCAST-175"", ""series"": [{""x"": [""2025-01"", ""2025-02"", ""2025-03"", ""2025-04"", ""2025-05"", ""2025-06""], ""y"": [14642.65, 47993.78, 47496.06, 15528.33, 45146.87, 48628.43]}], ""meta"": {""created_by"": ""Carlos Sanders"", ""notes"": ""Laugh phone thousand enter military.""}}",2025-07-29T08:44:40
176,Forecast 176,"{""forecast_id"": ""FCAST-176"", ""series"": [{""x"": [""2025-01"", ""2025-02"", ""2025-03"", ""2025-04"", ""2025-05"", ""2025-06""], ""y"": [44793.48, 23932.2, 7669.87, 46969.02, 1017.33, 13315.13]}], ""meta"": {""created_by"": ""Jean Riddle"", ""notes"": ""Behind site finish truth final foot small.""}}",2024-07-28T11:53:30
177,Forecast 177,"{""forecast_id"": ""FCAST-177"", ""series"": [{""x"": [""2025-01"", ""2025-02"", ""2025-03"", ""2025-04"", ""2025-05"", ""2025-06""], ""y"": [28232.11, 16268.66, 46229.56, 31042.75, 48004.51, 3901.89]}], ""meta"": {""created_by"": ""Laurie Conner"", ""notes"": ""Watch sort with down surface newspaper many.""}}",2024-07-10T16:18:55
178,Forecast 178,"{""forecast_id"": ""FCAST-178"", ""series"": [{""x"": [""2025-01"", ""2025-02"", ""2025-03"", ""2025-04"", ""2025-05"", ""2025-06""], ""y"": [21108.4, 8045.79, 41299.62, 38465.05, 40542.43, 47594.62]}], ""meta"": {""created_by"": ""Karen Peters"", ""notes"": ""Agreement direction best memory garden.""}}",2024-04-14T01:58:10
179,Forecast 179,"{""forecast_id"": ""FCAST-179"", ""series"": [{""x"": [""2025-01"", ""2025-02"", ""2025-03"", ""2025-04"", ""2025-05"", ""2025-06""], ""y"": [12880.69, 39529.33, 32658.15, 20158.98, 10475.19, 41882.12]}], ""meta"": {""created_by"": ""Jeanette Williams"", ""notes"": ""Professional court risk civil special off.""}}",2025-10-03T18:20:33
180,Forecast 180,"{""forecast_id"": ""FCAST-180"", ""series"": [{""x"": [""2025-01"", ""2025-02"", ""2025-03"", ""2025-04"", ""2025-05"", ""2025-06""], ""y"": [4456.05, 48204.51, 14534.68, 44739.29, 7050.1, 37243.09]}], ""meta"": {""created_by"": ""Howard Hodge"", ""notes"": ""Interesting lay single head.""}}",2024-11-15T05:17:39
181,Forecast 181,"{""forecast_id"": ""FCAST-181"", ""series"": [{""x"": [""2025-01"", ""2025-02"", ""2025-03"", ""2025-04"", ""2025-05"", ""2025-06""], ""y"": [47272.71, 8440.46, 22725.69, 33939.67, 38268.65, 1527.68]}], ""meta"": {""created_by"": ""Kenneth Watson"", ""notes"": ""Ok power trouble whether stand child serve.""}}",2025-08-22T23:53:48
182,Forecast 182,"{""forecast_id"": ""FCAST-182"", ""series"": [{""x"": [""2025-01"", ""2025-02"", ""2025-03"", ""2025-04"", ""2025-05"", ""2025-06""], ""y"": [6747.31, 16246.87, 6028.0, 31798.74, 24084.36, 33360.65]}], ""meta"": {""created_by"": ""Christopher Mendez"", ""notes"": ""Claim one become piece stock create should.""}}",2023-11-13T13:27:09
183,Forecast 183,"{""forecast_id"": ""FCAST-183"", ""series"": [{""x"": [""2025-01"", ""2025-02"", ""2025-03"", ""2025-04"", ""2025-05"", ""2025-06""], ""y"": [15642.29, 7118.36, 37402.67, 23264.0, 4449.73, 48970.66]}], ""meta"": {""created_by"": ""Joseph Craig"", ""notes"": ""Development admit coach model raise.""}}",2024-08-06T09:15:18
184,Forecast 184,"{""forecast_id"": ""FCAST-184"", ""series"": [{""x"": [""2025-01"", ""2025-02"", ""2025-03"", ""2025-04"", ""2025-05"", ""2025-06""], ""y"": [45614.8, 17727.48, 14333.04, 49410.01, 19693.58, 44664.72]}], ""meta"": {""created_by"": ""Christine Choi"", ""notes"": ""Role mean work building peace room suffer.""}}",2024-08-03T22:15:15
185,Forecast 185,"{""forecast_id"": ""FCAST-185"", ""series"": [{""x"": [""2025-01"", ""2025-02"", ""2025-03"", ""2025-04"", ""2025-05"", ""2025-06""], ""y"": [6529.04, 23859.76, 29663.95, 43935.87, 34880.41, 39928.33]}], ""meta"": {""created_by"": ""Sarah Gonzalez"", ""notes"": ""Husband message girl home wife drive.""}}",2024-01-10T05:58:16
186,Forecast 186,"{""forecast_id"": ""FCAST-186"", ""series"": [{""x"": [""2025-01"", ""2025-02"", ""2025-03"", ""2025-04"", ""2025-05"", ""2025-06""], ""y"": [38164.52, 12007.04, 6049.46, 49882.66, 30562.49, 30353.3]}], ""meta"": {""created_by"": ""Lindsey Hurley"", ""notes"": ""Turn prepare pretty school college care.""}}",2025-07-03T19:08:59
187,Forecast 187,"{""forecast_id"": ""FCAST-187"", ""series"": [{""x"": [""2025-01"", ""2025-02"", ""2025-03"", ""2025-04"", ""2025-05"", ""2025-06""], ""y"": [18764.92, 43598.7, 33580.62, 41998.75, 48198.98, 21662.03]}], ""meta"": {""created_by"": ""Jody White"", ""notes"": ""Never today dream bad drug capital.""}}",2024-05-15T08:57:31
188,Forecast 188,"{""forecast_id"": ""FCAST-188"", ""series"": [{""x"": [""2025-01"", ""2025-02"", ""2025-03"", ""2025-04"", ""2025-05"", ""2025-06""], ""y"": [32264.94, 43393.19, 14729.97, 36478.57, 14517.42, 13331.87]}], ""meta"": {""created_by"": ""Eric Todd"", ""notes"": ""Writer part teacher wind money.""}}",2025-10-08T16:51:27
189,Forecast 189,"{""forecast_id"": ""FCAST-189"", ""series"": [{""x"": [""2025-01"", ""2025-02"", ""2025-03"", ""2025-04"", ""2025-05"", ""2025-06""], ""y"": [25883.35, 21562.62, 41978.52, 49171.24, 5071.57, 5955.42]}], ""meta"": {""created_by"": ""Mary Black"", ""notes"": ""Ago these throughout heart though place create rule.""}}",2025-02-18T10:56:02
190,Forecast 190,"{""forecast_id"": ""FCAST-190"", ""series"": [{""x"": [""2025-01"", ""2025-02"", ""2025-03"", ""2025-04"", ""2025-05"", ""2025-06""], ""y"": [40493.58, 12894.47, 25253.83, 29963.14, 33615.8, 6094.31]}], ""meta"": {""created_by"": ""Shelby Carpenter"", ""notes"": ""Decide thank so realize well sure yeah food.""}}",2025-04-27T15:17:35
191,Forecast 191,"{""forecast_id"": ""FCAST-191"", ""series"": [{""x"": [""2025-01"", ""2025-02"", ""2025-03"", ""2025-04"", ""2025-05"", ""2025-06""], ""y"": [39265.17, 35717.93, 28472.87, 42033.19, 19415.29, 26429.37]}], ""meta"": {""created_by"": ""Frank Wall"", ""notes"": ""Plan want bill high.""}}",2025-06-04T20:01:13
192,Forecast 192,"{""forecast_id"": ""FCAST-192"", ""series"": [{""x"": [""2025-01"", ""2025-02"", ""2025-03"", ""2025-04"", ""2025-05"", ""2025-06""], ""y"": [46336.91, 19746.77, 30481.45, 29926.81, 39886.4, 47749.5]}], ""meta"": {""created_by"": ""Scott Morrow"", ""notes"": ""Difference a pass country wife push.""}}",2023-11-23T22:16:19
193,Forecast 193,"{""forecast_id"": ""FCAST-193"", ""series"": [{""x"": [""2025-01"", ""2025-02"", ""2025-03"", ""2025-04"", ""2025-05"", ""2025-06""], ""y"": [29205.65, 6756.19, 38437.5, 18674.34, 33957.86, 45285.69]}], ""meta"": {""created_by"": ""Elizabeth Fletcher"", ""notes"": ""Remember wonder become college fine include Congress.""}}",2024-12-08T08:53:03
194,Forecast 194,"{""forecast_id"": ""FCAST-194"", ""series"": [{""x"": [""2025-01"", ""2025-02"", ""2025-03"", ""2025-04"", ""2025-05"", ""2025-06""], ""y"": [21669.64, 20293.51, 37471.18, 18017.92, 39618.68, 42759.42]}], ""meta"": {""created_by"": ""Christian Braun"", ""notes"": ""Concern bed loss.""}}",2024-12-20T17:38:28
195,Forecast 195,"{""forecast_id"": ""FCAST-195"", ""series"": [{""x"": [""2025-01"", ""2025-02"", ""2025-03"", ""2025-04"", ""2025-05"", ""2025-06""], ""y"": [29093.9, 26615.5, 47069.65, 40844.87, 31777.8, 39103.91]}], ""meta"": {""created_by"": ""Elizabeth Cole"", ""notes"": ""Subject list must early area me red.""}}",2024-12-17T00:56:25
196,Forecast 196,"{""forecast_id"": ""FCAST-196"", ""series"": [{""x"": [""2025-01"", ""2025-02"", ""2025-03"", ""2025-04"", ""2025-05"", ""2025-06""], ""y"": [33784.35, 2256.39, 28779.57, 2183.08, 47351.54, 5841.41]}], ""meta"": {""created_by"": ""Douglas Perez"", ""notes"": ""Area anything personal pass cost so forget out.""}}",2025-06-06T10:26:21
197,Forecast 197,"{""forecast_id"": ""FCAST-197"", ""series"": [{""x"": [""2025-01"", ""2025-02"", ""2025-03"", ""2025-04"", ""2025-05"", ""2025-06""], ""y"": [46112.81, 40292.87, 36723.81, 42622.07, 13422.2, 41100.05]}], ""meta"": {""created_by"": ""Ryan Hawkins"", ""notes"": ""Task call police green doctor any determine.""}}",2024-11-10T06:46:31
198,Forecast 198,"{""forecast_id"": ""FCAST-198"", ""series"": [{""x"": [""2025-01"", ""2025-02"", ""2025-03"", ""2025-04"", ""2025-05"", ""2025-06""], ""y"": [17858.44, 48705.4, 13186.35, 22854.34, 3342.16, 23452.02]}], ""meta"": {""created_by"": ""Dana Hicks"", ""notes"": ""Wait hold senior candidate stage model blue.""}}",2025-03-04T02:16:40
199,Forecast 199,"{""forecast_id"": ""FCAST-199"", ""series"": [{""x"": [""2025-01"", ""2025-02"", ""2025-03"", ""2025-04"", ""2025-05"", ""2025-06""], ""y"": [49557.81, 13895.51, 39888.41, 11259.67, 38769.64, 27816.61]}], ""meta"": {""created_by"": ""Catherine Parker"", ""notes"": ""Rich near these deep form.""}}",2024-10-21T20:31:11
200,Forecast 200,"{""forecast_id"": ""FCAST-200"", ""series"": [{""x"": [""2025-01"", ""2025-02"", ""2025-03"", ""2025-04"", ""2025-05"", ""2025-06""], ""y"": [16772.18, 20664.72, 18078.42, 40958.0, 42391.27, 42975.67]}], ""meta"": {""created_by"": ""Doris Parker"", ""notes"": ""Industry down movement health back report close job.""}}",2025-01-05T18:06:51
201,Forecast 201,"{""forecast_id"": ""FCAST-201"", ""series"": [{""x"": [""2025-01"", ""2025-02"", ""2025-03"", ""2025-04"", ""2025-05"", ""2025-06""], ""y"": [17354.4, 31203.73, 37253.11, 41975.55, 12150.98, 41605.47]}], ""meta"": {""created_by"": ""Jordan Rangel"", ""notes"": ""System region brother down better edge.""}}",2024-06-22T17:45:00
202,Forecast 202,"{""forecast_id"": ""FCAST-202"", ""series"": [{""x"": [""2025-01"", ""2025-02"", ""2025-03"", ""2025-04"", ""2025-05"", ""2025-06""], ""y"": [5963.61, 36375.09, 32333.14, 16333.29, 25362.44, 10123.42]}], ""meta"": {""created_by"": ""Shaun Parker"", ""notes"": ""These indicate people after develop suffer how.""}}",2025-05-22T23:30:50
203,Forecast 203,"{""forecast_id"": ""FCAST-203"", ""series"": [{""x"": [""2025-01"", ""2025-02"", ""2025-03"", ""2025-04"", ""2025-05"", ""2025-06""], ""y"": [19752.12, 13969.34, 35662.41, 18179.1, 40488.98, 44893.23]}], ""meta"": {""created_by"": ""Dawn Mcintyre DVM"", ""notes"": ""Approach firm director trip difficult ability defense tough.""}}",2025-04-17T09:25:31
204,Forecast 204,"{""forecast_id"": ""FCAST-204"", ""series"": [{""x"": [""2025-01"", ""2025-02"", ""2025-03"", ""2025-04"", ""2025-05"", ""2025-06""], ""y"": [37983.77, 48006.11, 16815.23, 6462.55, 29510.49, 45532.69]}], ""meta"": {""created_by"": ""Ashley Cook"", ""notes"": ""Board shake nothing paper different though remember.""}}",2025-07-03T19:41:22
205,Forecast 205,"{""forecast_id"": ""FCAST-205"", ""series"": [{""x"": [""2025-01"", ""2025-02"", ""2025-03"", ""2025-04"", ""2025-05"", ""2025-06""], ""y"": [35311.19, 28463.78, 38081.76, 27374.46, 20500.59, 35086.17]}], ""meta"": {""created_by"": ""Stacey Molina"", ""notes"": ""Itself line prepare pressure large win write.""}}",2024-12-10T09:55:33
206,Forecast 206,"{""forecast_id"": ""FCAST-206"", ""series"": [{""x"": [""2025-01"", ""2025-02"", ""2025-03"", ""2025-04"", ""2025-05"", ""2025-06""], ""y"": [10732.36, 5436.57, 30300.5, 43969.72, 20827.22, 13905.13]}], ""meta"": {""created_by"": ""Charles Potter"", ""notes"": ""Man exist skin policy send magazine report.""}}",2025-08-21T19:33:19
207,Forecast 207,"{""forecast_id"": ""FCAST-207"", ""series"": [{""x"": [""2025-01"", ""2025-02"", ""2025-03"", ""2025-04"", ""2025-05"", ""2025-06""], ""y"": [36078.52, 27108.56, 20441.08, 46141.66, 6077.68, 47847.67]}], ""meta"": {""created_by"": ""George Reed"", ""notes"": ""Many but door power truth seem interview.""}}",2025-08-16T00:17:57
208,Forecast 208,"{""forecast_id"": ""FCAST-208"", ""series"": [{""x"": [""2025-01"", ""2025-02"", ""2025-03"", ""2025-04"", ""2025-05"", ""2025-06""], ""y"": [40914.08, 44485.1, 15401.7, 28935.23, 5028.37, 49972.51]}], ""meta"": {""created_by"": ""Nicole Wilson"", ""notes"": ""Buy decide fall up college would.""}}",2025-04-25T11:36:38
209,Forecast 209,"{""forecast_id"": ""FCAST-209"", ""series"": [{""x"": [""2025-01"", ""2025-02"", ""2025-03"", ""2025-04"", ""2025-05"", ""2025-06""], ""y"": [22684.27, 2997.87, 27851.37, 33708.55, 14415.63, 25230.15]}], ""meta"": {""created_by"": ""Anthony Whitaker"", ""notes"": ""Listen political low range somebody.""}}",2025-09-23T16:22:11
210,Forecast 210,"{""forecast_id"": ""FCAST-210"", ""series"": [{""x"": [""2025-01"", ""2025-02"", ""2025-03"", ""2025-04"", ""2025-05"", ""2025-06""], ""y"": [41829.15, 49179.85, 13022.24, 12065.8, 32746.86, 11582.44]}], ""meta"": {""created_by"": ""Julie Wyatt"", ""notes"": ""List down million increase again answer.""}}",2025-06-29T08:28:38
211,Forecast 211,"{""forecast_id"": ""FCAST-211"", ""series"": [{""x"": [""2025-01"", ""2025-02"", ""2025-03"", ""2025-04"", ""2025-05"", ""2025-06""], ""y"": [1608.5, 12940.33, 2017.92, 30998.81, 42058.61, 21311.77]}], ""meta"": {""created_by"": ""James Kline"", ""notes"": ""Speak pick southern little.""}}",2025-04-17T15:58:32
212,Forecast 212,"{""forecast_id"": ""FCAST-212"", ""series"": [{""x"": [""2025-01"", ""2025-02"", ""2025-03"", ""2025-04"", ""2025-05"", ""2025-06""], ""y"": [28010.08, 28836.2, 21203.85, 42547.33, 29463.89, 31735.5]}], ""meta"": {""created_by"": ""Brian Anderson"", ""notes"": ""Whole site anyone report.""}}",2024-02-08T18:33:42
213,Forecast 213,"{""forecast_id"": ""FCAST-213"", ""series"": [{""x"": [""2025-01"", ""2025-02"", ""2025-03"", ""2025-04"", ""2025-05"", ""2025-06""], ""y"": [44541.6, 48977.42, 37592.85, 35630.55, 49113.89, 40367.88]}], ""meta"": {""created_by"": ""Stephen James"", ""notes"": ""Seem south commercial.""}}",2025-08-10T12:00:15
214,Forecast 214,"{""forecast_id"": ""FCAST-214"", ""series"": [{""x"": [""2025-01"", ""2025-02"", ""2025-03"", ""2025-04"", ""2025-05"", ""2025-06""], ""y"": [13914.31, 19141.2, 45102.59, 46909.19, 16687.58, 18496.63]}], ""meta"": {""created_by"": ""Sandy Casey"", ""notes"": ""Fund several forget girl morning some.""}}",2024-06-19T18:55:01
215,Forecast 215,"{""forecast_id"": ""FCAST-215"", ""series"": [{""x"": [""2025-01"", ""2025-02"", ""2025-03"", ""2025-04"", ""2025-05"", ""2025-06""], ""y"": [47946.46, 7590.15, 43137.29, 49326.53, 13097.87, 27375.5]}], ""meta"": {""created_by"": ""Catherine Thomas"", ""notes"": ""Than yourself customer they edge director this.""}}",2024-04-02T02:16:27
216,Forecast 216,"{""forecast_id"": ""FCAST-216"", ""series"": [{""x"": [""2025-01"", ""2025-02"", ""2025-03"", ""2025-04"", ""2025-05"", ""2025-06""], ""y"": [7309.47, 49069.54, 39426.71, 25865.24, 24311.15, 16360.75]}], ""meta"": {""created_by"": ""Tony Crosby"", ""notes"": ""Will word some after better organization office.""}}",2024-04-10T17:04:40
217,Forecast 217,"{""forecast_id"": ""FCAST-217"", ""series"": [{""x"": [""2025-01"", ""2025-02"", ""2025-03"", ""2025-04"", ""2025-05"", ""2025-06""], ""y"": [40555.42, 30600.49, 36285.21, 36160.66, 32603.33, 28149.57]}], ""meta"": {""created_by"": ""Rhonda Russell"", ""notes"": ""Physical senior let way.""}}",2024-03-23T20:50:03
218,Forecast 218,"{""forecast_id"": ""FCAST-218"", ""series"": [{""x"": [""2025-01"", ""2025-02"", ""2025-03"", ""2025-04"", ""2025-05"", ""2025-06""], ""y"": [49268.78, 23799.04, 29138.7, 3606.87, 31321.49, 25359.51]}], ""meta"": {""created_by"": ""Mercedes Brown MD"", ""notes"": ""Pm under particular process exactly.""}}",2023-11-08T12:52:36
219,Forecast 219,"{""forecast_id"": ""FCAST-219"", ""series"": [{""x"": [""2025-01"", ""2025-02"", ""2025-03"", ""2025-04"", ""2025-05"", ""2025-06""], ""y"": [22373.03, 47705.04, 9395.72, 28437.98, 28390.81, 3819.74]}], ""meta"": {""created_by"": ""Russell Goodman"", ""notes"": ""Rest green glass realize type.""}}",2023-12-16T10:06:33
220,Forecast 220,"{""forecast_id"": ""FCAST-220"", ""series"": [{""x"": [""2025-01"", ""2025-02"", ""2025-03"", ""2025-04"", ""2025-05"", ""2025-06""], ""y"": [18032.55, 43511.28, 8246.13, 34418.34, 4205.23, 36224.57]}], ""meta"": {""created_by"": ""Timothy Harris"", ""notes"": ""Production prepare despite send ahead care source.""}}",2023-11-05T18:39:29
221,Forecast 221,"{""forecast_id"": ""FCAST-221"", ""series"": [{""x"": [""2025-01"", ""2025-02"", ""2025-03"", ""2025-04"", ""2025-05"", ""2025-06""], ""y"": [28917.93, 47420.21, 36660.26, 35967.0, 25049.68, 35506.67]}], ""meta"": {""created_by"": ""Jeremiah Sanchez"", ""notes"": ""Foreign hard service thought rule southern.""}}",2024-09-03T14:48:17
222,Forecast 222,"{""forecast_id"": ""FCAST-222"", ""series"": [{""x"": [""2025-01"", ""2025-02"", ""2025-03"", ""2025-04"", ""2025-05"", ""2025-06""], ""y"": [47194.66, 49324.12, 11545.0, 23153.47, 27381.39, 34058.71]}], ""meta"": {""created_by"": ""Carrie Nicholson"", ""notes"": ""Hundred over option listen get.""}}",2025-08-13T01:09:09
223,Forecast 223,"{""forecast_id"": ""FCAST-223"", ""series"": [{""x"": [""2025-01"", ""2025-02"", ""2025-03"", ""2025-04"", ""2025-05"", ""2025-06""], ""y"": [17196.13, 28923.01, 43922.47, 47367.12, 8067.42, 27441.02]}], ""meta"": {""created_by"": ""Tammy White"", ""notes"": ""Tell or result technology control again miss appear.""}}",2023-12-28T10:40:21
224,Forecast 224,"{""forecast_id"": ""FCAST-224"", ""series"": [{""x"": [""2025-01"", ""2025-02"", ""2025-03"", ""2025-04"", ""2025-05"", ""2025-06""], ""y"": [34384.76, 16408.47, 1331.99, 30870.13, 35893.57, 18559.13]}], ""meta"": {""created_by"": ""Michael Hill"", ""notes"": ""Bag blood usually.""}}",2024-02-19T11:53:54
225,Forecast 225,"{""forecast_id"": ""FCAST-225"", ""series"": [{""x"": [""2025-01"", ""2025-02"", ""2025-03"", ""2025-04"", ""2025-05"", ""2025-06""], ""y"": [6864.49, 48890.34, 31078.67, 26958.83, 36788.64, 36895.26]}], ""meta"": {""created_by"": ""Patricia Ramos"", ""notes"": ""Report whether much someone question.""}}",2024-07-14T18:30:10
226,Forecast 226,"{""forecast_id"": ""FCAST-226"", ""series"": [{""x"": [""2025-01"", ""2025-02"", ""2025-03"", ""2025-04"", ""2025-05"", ""2025-06""], ""y"": [13191.18, 30474.75, 38182.23, 9787.7, 9880.67, 32820.94]}], ""meta"": {""created_by"": ""John Hurley"", ""notes"": ""Benefit response quickly morning message see.""}}",2024-08-09T09:21:14
227,Forecast 227,"{""forecast_id"": ""FCAST-227"", ""series"": [{""x"": [""2025-01"", ""2025-02"", ""2025-03"", ""2025-04"", ""2025-05"", ""2025-06""], ""y"": [25253.78, 6855.5, 5366.18, 47361.21, 29126.14, 47502.46]}], ""meta"": {""created_by"": ""Anthony Parks"", ""notes"": ""International return color allow term people see.""}}",2024-10-27T15:38:31
228,Forecast 228,"{""forecast_id"": ""FCAST-228"", ""series"": [{""x"": [""2025-01"", ""2025-02"", ""2025-03"", ""2025-04"", ""2025-05"", ""2025-06""], ""y"": [19985.11, 20971.14, 35124.34, 7786.97, 17821.47, 5697.3]}], ""meta"": {""created_by"": ""Paul Lozano"", ""notes"": ""Two total run stage meet gun center.""}}",2025-09-08T16:29:59
229,Forecast 229,"{""forecast_id"": ""FCAST-229"", ""series"": [{""x"": [""2025-01"", ""2025-02"", ""2025-03"", ""2025-04"", ""2025-05"", ""2025-06""], ""y"": [18402.69, 35655.88, 44074.16, 25484.41, 10043.75, 20669.96]}], ""meta"": {""created_by"": ""Donna Gonzalez"", ""notes"": ""Threat year fight of contain eye could.""}}",2024-06-05T08:42:24
230,Forecast 230,"{""forecast_id"": ""FCAST-230"", ""series"": [{""x"": [""2025-01"", ""2025-02"", ""2025-03"", ""2025-04"", ""2025-05"", ""2025-06""], ""y"": [12105.37, 49296.17, 32017.36, 17646.29, 37838.95, 26669.5]}], ""meta"": {""created_by"": ""Dennis Rivers"", ""notes"": ""Security we group one wrong have compare strategy.""}}",2025-07-13T17:46:45
231,Forecast 231,"{""forecast_id"": ""FCAST-231"", ""series"": [{""x"": [""2025-01"", ""2025-02"", ""2025-03"", ""2025-04"", ""2025-05"", ""2025-06""], ""y"": [1999.64, 30701.81, 49118.5, 3898.16, 19284.2, 9257.14]}], ""meta"": {""created_by"": ""Jeffrey Burns"", ""notes"": ""They sea fight concern.""}}",2025-07-22T12:48:34
232,Forecast 232,"{""forecast_id"": ""FCAST-232"", ""series"": [{""x"": [""2025-01"", ""2025-02"", ""2025-03"", ""2025-04"", ""2025-05"", ""2025-06""], ""y"": [48216.39, 26926.93, 1228.39, 19852.92, 2355.02, 45352.11]}], ""meta"": {""created_by"": ""Leah Mcgrath"", ""notes"": ""Couple top something strong fine now detail.""}}",2024-05-30T23:16:52
233,Forecast 233,"{""forecast_id"": ""FCAST-233"", ""series"": [{""x"": [""2025-01"", ""2025-02"", ""2025-03"", ""2025-04"", ""2025-05"", ""2025-06""], ""y"": [28604.87, 43108.57, 47829.87, 10235.62, 31422.75, 9907.55]}], ""meta"": {""created_by"": ""Janet Arnold"", ""notes"": ""Management receive authority describe bar dinner.""}}",2025-06-20T14:18:00
234,Forecast 234,"{""forecast_id"": ""FCAST-234"", ""series"": [{""x"": [""2025-01"", ""2025-02"", ""2025-03"", ""2025-04"", ""2025-05"", ""2025-06""], ""y"": [11700.32, 17917.15, 43732.76, 45718.12, 30386.2, 29125.27]}], ""meta"": {""created_by"": ""Michelle Rogers"", ""notes"": ""Picture customer involve thousand.""}}",2024-12-06T04:45:24
235,Forecast 235,"{""forecast_id"": ""FCAST-235"", ""series"": [{""x"": [""2025-01"", ""2025-02"", ""2025-03"", ""2025-04"", ""2025-05"", ""2025-06""], ""y"": [44680.4, 35612.01, 44103.93, 9697.11, 8293.64, 41130.78]}], ""meta"": {""created_by"": ""Edwin Anderson"", ""notes"": ""Cause resource customer factor.""}}",2024-01-09T02:12:00
236,Forecast 236,"{""forecast_id"": ""FCAST-236"", ""series"": [{""x"": [""2025-01"", ""2025-02"", ""2025-03"", ""2025-04"", ""2025-05"", ""2025-06""], ""y"": [2486.74, 2899.94, 27341.9, 47943.54, 47094.5, 40553.04]}], ""meta"": {""created_by"": ""Michael Johnson"", ""notes"": ""Writer sign social green.""}}",2025-10-19T23:28:42
237,Forecast 237,"{""forecast_id"": ""FCAST-237"", ""series"": [{""x"": [""2025-01"", ""2025-02"", ""2025-03"", ""2025-04"", ""2025-05"", ""2025-06""], ""y"": [16271.6, 15280.12, 18103.65, 9840.42, 26405.95, 45111.3]}], ""meta"": {""created_by"": ""Bruce Chen"", ""notes"": ""Ten catch step task investment prepare even.""}}",2024-12-16T00:40:54
238,Forecast 238,"{""forecast_id"": ""FCAST-238"", ""series"": [{""x"": [""2025-01"", ""2025-02"", ""2025-03"", ""2025-04"", ""2025-05"", ""2025-06""], ""y"": [25384.9, 30571.67, 49869.75, 46079.96, 46953.09, 46501.72]}], ""meta"": {""created_by"": ""Steven Baird"", ""notes"": ""Owner Republican society wear.""}}",2025-07-07T05:25:44
239,Forecast 239,"{""forecast_id"": ""FCAST-239"", ""series"": [{""x"": [""2025-01"", ""2025-02"", ""2025-03"", ""2025-04"", ""2025-05"", ""2025-06""], ""y"": [27851.04, 20053.45, 22948.84, 6702.7, 28168.63, 17578.85]}], ""meta"": {""created_by"": ""Sara Gray"", ""notes"": ""Hotel share national.""}}",2025-09-19T09:16:16
240,Forecast 240,"{""forecast_id"": ""FCAST-240"", ""series"": [{""x"": [""2025-01"", ""2025-02"", ""2025-03"", ""2025-04"", ""2025-05"", ""2025-06""], ""y"": [18918.98, 12733.12, 41061.69, 10228.67, 20809.95, 18557.75]}], ""meta"": {""created_by"": ""Yvonne Fuentes"", ""notes"": ""Thank serious environment treatment police thank would own.""}}",2024-11-12T13:24:23
241,Forecast 241,"{""forecast_id"": ""FCAST-241"", ""series"": [{""x"": [""2025-01"", ""2025-02"", ""2025-03"", ""2025-04"", ""2025-05"", ""2025-06""], ""y"": [45913.91, 46135.11, 40734.46, 45573.74, 35674.23, 42114.05]}], ""meta"": {""created_by"": ""Kelli Jackson"", ""notes"": ""Change fear wrong begin evening.""}}",2024-02-08T17:58:31
242,Forecast 242,"{""forecast_id"": ""FCAST-242"", ""series"": [{""x"": [""2025-01"", ""2025-02"", ""2025-03"", ""2025-04"", ""2025-05"", ""2025-06""], ""y"": [5840.24, 26472.35, 33512.12, 16707.1, 26839.54, 29179.25]}], ""meta"": {""created_by"": ""Sandra Wells"", ""notes"": ""National anything possible.""}}",2025-07-23T03:16:12
243,Forecast 243,"{""forecast_id"": ""FCAST-243"", ""series"": [{""x"": [""2025-01"", ""2025-02"", ""2025-03"", ""2025-04"", ""2025-05"", ""2025-06""], ""y"": [27064.36, 20315.06, 27772.67, 10845.67, 16695.5, 22947.32]}], ""meta"": {""created_by"": ""Robert Flores"", ""notes"": ""Cover national address issue how concern.""}}",2025-07-09T08:32:20
244,Forecast 244,"{""forecast_id"": ""FCAST-244"", ""series"": [{""x"": [""2025-01"", ""2025-02"", ""2025-03"", ""2025-04"", ""2025-05"", ""2025-06""], ""y"": [10704.03, 47268.12, 21889.64, 22321.8, 5037.06, 2167.87]}], ""meta"": {""created_by"": ""James Martinez"", ""notes"": ""That too nothing race.""}}",2024-09-06T06:58:42
245,Forecast 245,"{""forecast_id"": ""FCAST-245"", ""series"": [{""x"": [""2025-01"", ""2025-02"", ""2025-03"", ""2025-04"", ""2025-05"", ""2025-06""], ""y"": [6111.61, 28501.4, 30873.5, 15988.98, 49622.08, 38766.3]}], ""meta"": {""created_by"": ""Steven Osborne"", ""notes"": ""Whether read lay short check available pay.""}}",2025-02-22T11:00:15
246,Forecast 246,"{""forecast_id"": ""FCAST-246"", ""series"": [{""x"": [""2025-01"", ""2025-02"", ""2025-03"", ""2025-04"", ""2025-05"", ""2025-06""], ""y"": [38771.29, 35246.18, 26849.96, 3039.99, 47392.21, 16048.87]}], ""meta"": {""created_by"": ""Jeffery Huff"", ""notes"": ""Other nature organization myself system guy close.""}}",2024-07-22T13:46:01
247,Forecast 247,"{""forecast_id"": ""FCAST-247"", ""series"": [{""x"": [""2025-01"", ""2025-02"", ""2025-03"", ""2025-04"", ""2025-05"", ""2025-06""], ""y"": [29786.02, 45113.54, 27596.56, 32405.69, 37223.6, 27180.31]}], ""meta"": {""created_by"": ""Jacqueline Walter DVM"", ""notes"": ""Born consumer though side often.""}}",2024-07-03T19:06:36
248,Forecast 248,"{""forecast_id"": ""FCAST-248"", ""series"": [{""x"": [""2025-01"", ""2025-02"", ""2025-03"", ""2025-04"", ""2025-05"", ""2025-06""], ""y"": [3313.17, 15844.35, 10223.71, 48245.17, 3569.33, 41444.32]}], ""meta"": {""created_by"": ""Derek Hamilton"", ""notes"": ""Beautiful some style money total forget car sort.""}}",2024-04-01T22:33:56
249,Forecast 249,"{""forecast_id"": ""FCAST-249"", ""series"": [{""x"": [""2025-01"", ""2025-02"", ""2025-03"", ""2025-04"", ""2025-05"", ""2025-06""], ""y"": [43811.56, 37188.46, 26675.24, 9736.22, 19170.37, 35259.97]}], ""meta"": {""created_by"": ""Jason Harris"", ""notes"": ""Born act light allow building though.""}}",2025-06-11T08:17:05
250,Forecast 250,"{""forecast_id"": ""FCAST-250"", ""series"": [{""x"": [""2025-01"", ""2025-02"", ""2025-03"", ""2025-04"", ""2025-05"", ""2025-06""], ""y"": [45622.44, 5833.89, 47548.25, 44725.45, 35908.12, 4575.21]}], ""meta"": {""created_by"": ""Christopher Hines"", ""notes"": ""Arm yourself push beautiful.""}}",2025-07-27T01:29:41
251,Forecast 251,"{""forecast_id"": ""FCAST-251"", ""series"": [{""x"": [""2025-01"", ""2025-02"", ""2025-03"", ""2025-04"", ""2025-05"", ""2025-06""], ""y"": [10976.8, 11130.11, 32380.64, 1764.04, 46182.23, 11095.46]}], ""meta"": {""created_by"": ""Alexandra Smith"", ""notes"": ""Deal tough any which security meeting.""}}",2024-08-25T12:06:43
252,Forecast 252,"{""forecast_id"": ""FCAST-252"", ""series"": [{""x"": [""2025-01"", ""2025-02"", ""2025-03"", ""2025-04"", ""2025-05"", ""2025-06""], ""y"": [34780.09, 46291.3, 1232.2, 12778.98, 40868.25, 41733.9]}], ""meta"": {""created_by"": ""Mary Saunders"", ""notes"": ""Response condition wrong name.""}}",2024-04-17T05:03:13
253,Forecast 253,"{""forecast_id"": ""FCAST-253"", ""series"": [{""x"": [""2025-01"", ""2025-02"", ""2025-03"", ""2025-04"", ""2025-05"", ""2025-06""], ""y"": [49235.7, 49367.19, 41502.04, 19217.41, 42051.58, 3193.08]}], ""meta"": {""created_by"": ""Matthew Lucero"", ""notes"": ""Economic major inside commercial agency apply daughter.""}}",2025-10-23T03:41:09
254,Forecast 254,"{""forecast_id"": ""FCAST-254"", ""series"": [{""x"": [""2025-01"", ""2025-02"", ""2025-03"", ""2025-04"", ""2025-05"", ""2025-06""], ""y"": [7941.8, 13062.48, 33758.11, 44215.29, 21719.19, 28956.45]}], ""meta"": {""created_by"": ""Amy Morris"", ""notes"": ""However method keep term manager two high.""}}",2024-04-22T06:35:55
255,Forecast 255,"{""forecast_id"": ""FCAST-255"", ""series"": [{""x"": [""2025-01"", ""2025-02"", ""2025-03"", ""2025-04"", ""2025-05"", ""2025-06""], ""y"": [43323.43, 31683.33, 11038.94, 44055.37, 37095.04, 14358.13]}], ""meta"": {""created_by"": ""Jennifer Navarro"", ""notes"": ""Customer crime sort free effect let several.""}}",2024-06-06T09:50:58
256,Forecast 256,"{""forecast_id"": ""FCAST-256"", ""series"": [{""x"": [""2025-01"", ""2025-02"", ""2025-03"", ""2025-04"", ""2025-05"", ""2025-06""], ""y"": [34823.78, 21378.48, 21268.35, 14626.25, 45152.71, 41019.51]}], ""meta"": {""created_by"": ""Joseph Jones"", ""notes"": ""Report between west rather indeed see play simple.""}}",2024-08-25T10:15:13
257,Forecast 257,"{""forecast_id"": ""FCAST-257"", ""series"": [{""x"": [""2025-01"", ""2025-02"", ""2025-03"", ""2025-04"", ""2025-05"", ""2025-06""], ""y"": [24922.61, 30406.35, 31700.32, 20377.96, 35104.09, 23007.28]}], ""meta"": {""created_by"": ""Erin Fitzpatrick"", ""notes"": ""Someone firm away world food role.""}}",2024-03-09T09:13:52
258,Forecast 258,"{""forecast_id"": ""FCAST-258"", ""series"": [{""x"": [""2025-01"", ""2025-02"", ""2025-03"", ""2025-04"", ""2025-05"", ""2025-06""], ""y"": [33485.19, 11925.75, 32242.26, 6648.64, 45208.64, 24938.3]}], ""meta"": {""created_by"": ""Amy Foster"", ""notes"": ""Order really person option imagine eight special.""}}",2024-11-20T22:05:25
259,Forecast 259,"{""forecast_id"": ""FCAST-259"", ""series"": [{""x"": [""2025-01"", ""2025-02"", ""2025-03"", ""2025-04"", ""2025-05"", ""2025-06""], ""y"": [9984.57, 17041.55, 47231.65, 13568.46, 34364.37, 46600.35]}], ""meta"": {""created_by"": ""Thomas French"", ""notes"": ""Hold hotel camera fight out sound consider card.""}}",2024-12-30T00:54:13
260,Forecast 260,"{""forecast_id"": ""FCAST-260"", ""series"": [{""x"": [""2025-01"", ""2025-02"", ""2025-03"", ""2025-04"", ""2025-05"", ""2025-06""], ""y"": [20512.02, 27276.74, 14950.54, 28935.31, 6316.11, 6850.63]}], ""meta"": {""created_by"": ""Scott Barton"", ""notes"": ""According local modern build often debate smile.""}}",2025-07-22T14:02:42
261,Forecast 261,"{""forecast_id"": ""FCAST-261"", ""series"": [{""x"": [""2025-01"", ""2025-02"", ""2025-03"", ""2025-04"", ""2025-05"", ""2025-06""], ""y"": [41321.0, 44317.3, 47560.24, 28182.75, 25400.39, 7228.64]}], ""meta"": {""created_by"": ""Kevin Barnes"", ""notes"": ""Behind bring policy food money.""}}",2024-01-09T14:39:38
262,Forecast 262,"{""forecast_id"": ""FCAST-262"", ""series"": [{""x"": [""2025-01"", ""2025-02"", ""2025-03"", ""2025-04"", ""2025-05"", ""2025-06""], ""y"": [49782.36, 23978.89, 6357.85, 12203.61, 41821.64, 10039.44]}], ""meta"": {""created_by"": ""Jennifer Miranda"", ""notes"": ""Step anything west.""}}",2025-02-01T21:47:38
263,Forecast 263,"{""forecast_id"": ""FCAST-263"", ""series"": [{""x"": [""2025-01"", ""2025-02"", ""2025-03"", ""2025-04"", ""2025-05"", ""2025-06""], ""y"": [38364.53, 40514.05, 12845.84, 31150.72, 22467.32, 7995.18]}], ""meta"": {""created_by"": ""Megan Ryan"", ""notes"": ""Kid Mr about writer happy very range since.""}}",2025-07-16T21:23:31
264,Forecast 264,"{""forecast_id"": ""FCAST-264"", ""series"": [{""x"": [""2025-01"", ""2025-02"", ""2025-03"", ""2025-04"", ""2025-05"", ""2025-06""], ""y"": [30253.07, 3011.54, 46747.16, 38572.72, 10259.5, 11311.14]}], ""meta"": {""created_by"": ""Mrs. April Huerta"", ""notes"": ""Throughout energy election important marriage.""}}",2025-08-12T22:48:26
265,Forecast 265,"{""forecast_id"": ""FCAST-265"", ""series"": [{""x"": [""2025-01"", ""2025-02"", ""2025-03"", ""2025-04"", ""2025-05"", ""2025-06""], ""y"": [16578.14, 28871.27, 47480.88, 17726.03, 47570.31, 46170.15]}], ""meta"": {""created_by"": ""Lindsay Martinez"", ""notes"": ""Factor per return across manage center.""}}",2025-05-07T16:30:01
266,Forecast 266,"{""forecast_id"": ""FCAST-266"", ""series"": [{""x"": [""2025-01"", ""2025-02"", ""2025-03"", ""2025-04"", ""2025-05"", ""2025-06""], ""y"": [18155.74, 10831.82, 32562.62, 20174.28, 8501.78, 15298.47]}], ""meta"": {""created_by"": ""Shawn Johnson"", ""notes"": ""Build physical different raise cost significant official.""}}",2025-05-06T16:40:45
267,Forecast 267,"{""forecast_id"": ""FCAST-267"", ""series"": [{""x"": [""2025-01"", ""2025-02"", ""2025-03"", ""2025-04"", ""2025-05"", ""2025-06""], ""y"": [4118.82, 10014.19, 10522.62, 33242.6, 22504.71, 43695.53]}], ""meta"": {""created_by"": ""Andrea Bradley"", ""notes"": ""Dog Democrat because I actually old stage.""}}",2024-03-03T05:52:24
268,Forecast 268,"{""forecast_id"": ""FCAST-268"", ""series"": [{""x"": [""2025-01"", ""2025-02"", ""2025-03"", ""2025-04"", ""2025-05"", ""2025-06""], ""y"": [4399.76, 13043.03, 26899.27, 28285.8, 8024.81, 48244.65]}], ""meta"": {""created_by"": ""Kevin Valdez"", ""notes"": ""Series almost military society Republican.""}}",2025-10-06T14:52:08
269,Forecast 269,"{""forecast_id"": ""FCAST-269"", ""series"": [{""x"": [""2025-01"", ""2025-02"", ""2025-03"", ""2025-04"", ""2025-05"", ""2025-06""], ""y"": [3778.94, 34553.38, 21086.28, 27179.41, 31310.73, 9325.85]}], ""meta"": {""created_by"": ""Marissa Jensen"", ""notes"": ""Drive several store speech start prevent.""}}",2024-07-25T08:42:28
270,Forecast 270,"{""forecast_id"": ""FCAST-270"", ""series"": [{""x"": [""2025-01"", ""2025-02"", ""2025-03"", ""2025-04"", ""2025-05"", ""2025-06""], ""y"": [46707.23, 19148.24, 8030.84, 6085.84, 12449.44, 19679.46]}], ""meta"": {""created_by"": ""Andrew Rivas"", ""notes"": ""Piece official box partner investment yet recognize.""}}",2024-03-20T15:45:06
271,Forecast 271,"{""forecast_id"": ""FCAST-271"", ""series"": [{""x"": [""2025-01"", ""2025-02"", ""2025-03"", ""2025-04"", ""2025-05"", ""2025-06""], ""y"": [28572.87, 40871.6, 38666.08, 6862.46, 12001.39, 31786.04]}], ""meta"": {""created_by"": ""Ashley Michael"", ""notes"": ""Whether business huge create store generation.""}}",2023-11-15T01:01:39
272,Forecast 272,"{""forecast_id"": ""FCAST-272"", ""series"": [{""x"": [""2025-01"", ""2025-02"", ""2025-03"", ""2025-04"", ""2025-05"", ""2025-06""], ""y"": [28618.3, 4622.28, 32794.27, 45629.76, 46923.34, 32594.72]}], ""meta"": {""created_by"": ""Pamela Nolan"", ""notes"": ""Receive color site coach model.""}}",2024-10-20T08:27:16
273,Forecast 273,"{""forecast_id"": ""FCAST-273"", ""series"": [{""x"": [""2025-01"", ""2025-02"", ""2025-03"", ""2025-04"", ""2025-05"", ""2025-06""], ""y"": [14840.95, 31186.41, 23033.89, 37655.4, 34461.18, 31017.82]}], ""meta"": {""created_by"": ""Gloria Garcia"", ""notes"": ""Difficult purpose drop wide possible big not weight.""}}",2024-10-25T04:00:51
274,Forecast 274,"{""forecast_id"": ""FCAST-274"", ""series"": [{""x"": [""2025-01"", ""2025-02"", ""2025-03"", ""2025-04"", ""2025-05"", ""2025-06""], ""y"": [17912.17, 49410.9, 23294.23, 46051.9, 8503.76, 27286.28]}], ""meta"": {""created_by"": ""William Hurst"", ""notes"": ""Audience carry style hit help item ground.""}}",2025-10-18T20:05:04
275,Forecast 275,"{""forecast_id"": ""FCAST-275"", ""series"": [{""x"": [""2025-01"", ""2025-02"", ""2025-03"", ""2025-04"", ""2025-05"", ""2025-06""], ""y"": [18646.62, 8075.96, 32217.57, 9543.3, 48401.13, 49957.88]}], ""meta"": {""created_by"": ""Ashley Wood"", ""notes"": ""Something heart value against me.""}}",2024-02-11T23:24:18
276,Forecast 276,"{""forecast_id"": ""FCAST-276"", ""series"": [{""x"": [""2025-01"", ""2025-02"", ""2025-03"", ""2025-04"", ""2025-05"", ""2025-06""], ""y"": [44214.94, 19035.83, 2025.92, 40467.07, 8055.2, 23536.67]}], ""meta"": {""created_by"": ""Amber Huff"", ""notes"": ""Reach big bar or.""}}",2025-04-13T23:53:34
277,Forecast 277,"{""forecast_id"": ""FCAST-277"", ""series"": [{""x"": [""2025-01"", ""2025-02"", ""2025-03"", ""2025-04"", ""2025-05"", ""2025-06""], ""y"": [35823.61, 27533.43, 12122.29, 20709.32, 42166.63, 18294.13]}], ""meta"": {""created_by"": ""Neil Williams"", ""notes"": ""West occur bit our then break.""}}",2024-11-15T04:17:52
278,Forecast 278,"{""forecast_id"": ""FCAST-278"", ""series"": [{""x"": [""2025-01"", ""2025-02"", ""2025-03"", ""2025-04"", ""2025-05"", ""2025-06""], ""y"": [47152.17, 21635.89, 21468.56, 36939.02, 22750.75, 20033.7]}], ""meta"": {""created_by"": ""Gerald Duffy"", ""notes"": ""Ready itself raise write.""}}",2024-03-06T09:44:13
279,Forecast 279,"{""forecast_id"": ""FCAST-279"", ""series"": [{""x"": [""2025-01"", ""2025-02"", ""2025-03"", ""2025-04"", ""2025-05"", ""2025-06""], ""y"": [18814.45, 16974.54, 20545.27, 36442.08, 11089.84, 11631.01]}], ""meta"": {""created_by"": ""Christine Ewing"", ""notes"": ""Daughter size forward whom my.""}}",2024-05-17T22:02:58
280,Forecast 280,"{""forecast_id"": ""FCAST-280"", ""series"": [{""x"": [""2025-01"", ""2025-02"", ""2025-03"", ""2025-04"", ""2025-05"", ""2025-06""], ""y"": [10357.29, 10535.49, 43806.7, 33306.97, 31324.94, 45117.36]}], ""meta"": {""created_by"": ""Vicki Powell"", ""notes"": ""Relationship herself from medical should game.""}}",2025-07-30T15:51:19
281,Forecast 281,"{""forecast_id"": ""FCAST-281"", ""series"": [{""x"": [""2025-01"", ""2025-02"", ""2025-03"", ""2025-04"", ""2025-05"", ""2025-06""], ""y"": [27862.07, 38434.85, 21002.2, 32556.0, 11462.17, 7925.24]}], ""meta"": {""created_by"": ""Autumn Gillespie"", ""notes"": ""Suggest quite someone play family turn someone support.""}}",2025-09-12T17:13:01
282,Forecast 282,"{""forecast_id"": ""FCAST-282"", ""series"": [{""x"": [""2025-01"", ""2025-02"", ""2025-03"", ""2025-04"", ""2025-05"", ""2025-06""], ""y"": [6323.86, 32959.63, 15715.69, 41811.51, 38954.31, 31556.21]}], ""meta"": {""created_by"": ""Mr. Michael Johnson"", ""notes"": ""Include coach many real blood close.""}}",2023-12-10T22:21:08
283,Forecast 283,"{""forecast_id"": ""FCAST-283"", ""series"": [{""x"": [""2025-01"", ""2025-02"", ""2025-03"", ""2025-04"", ""2025-05"", ""2025-06""], ""y"": [3493.4, 11641.73, 28032.96, 8679.25, 19830.23, 26357.54]}], ""meta"": {""created_by"": ""Elizabeth Padilla"", ""notes"": ""Area item relate television.""}}",2024-02-03T09:29:58
284,Forecast 284,"{""forecast_id"": ""FCAST-284"", ""series"": [{""x"": [""2025-01"", ""2025-02"", ""2025-03"", ""2025-04"", ""2025-05"", ""2025-06""], ""y"": [9835.45, 22706.04, 35004.51, 19912.56, 33682.68, 14392.68]}], ""meta"": {""created_by"": ""Ashley Sawyer"", ""notes"": ""Evening brother report wife week audience.""}}",2024-04-17T21:27:30
285,Forecast 285,"{""forecast_id"": ""FCAST-285"", ""series"": [{""x"": [""2025-01"", ""2025-02"", ""2025-03"", ""2025-04"", ""2025-05"", ""2025-06""], ""y"": [37552.61, 28604.84, 8636.93, 20691.95, 39311.09, 10692.68]}], ""meta"": {""created_by"": ""Stacey Hendrix"", ""notes"": ""Population be make ahead cost song lot.""}}",2024-12-30T03:23:47
286,Forecast 286,"{""forecast_id"": ""FCAST-286"", ""series"": [{""x"": [""2025-01"", ""2025-02"", ""2025-03"", ""2025-04"", ""2025-05"", ""2025-06""], ""y"": [21153.2, 23960.41, 43533.47, 7397.2, 46631.37, 16494.52]}], ""meta"": {""created_by"": ""Brian Price"", ""notes"": ""Chair very run owner report none.""}}",2025-03-26T11:17:15
287,Forecast 287,"{""forecast_id"": ""FCAST-287"", ""series"": [{""x"": [""2025-01"", ""2025-02"", ""2025-03"", ""2025-04"", ""2025-05"", ""2025-06""], ""y"": [46717.99, 31003.92, 37030.56, 43919.91, 34133.28, 39561.15]}], ""meta"": {""created_by"": ""Kevin Mayo"", ""notes"": ""Summer artist agree close.""}}",2025-06-14T16:24:23
288,Forecast 288,"{""forecast_id"": ""FCAST-288"", ""series"": [{""x"": [""2025-01"", ""2025-02"", ""2025-03"", ""2025-04"", ""2025-05"", ""2025-06""], ""y"": [5201.75, 1424.77, 43250.21, 3584.88, 42777.45, 16351.4]}], ""meta"": {""created_by"": ""Brandi Stone"", ""notes"": ""Near see represent stage factor community ability.""}}",2023-11-19T23:56:24
289,Forecast 289,"{""forecast_id"": ""FCAST-289"", ""series"": [{""x"": [""2025-01"", ""2025-02"", ""2025-03"", ""2025-04"", ""2025-05"", ""2025-06""], ""y"": [45188.38, 10947.35, 8379.54, 11437.58, 42193.25, 18784.06]}], ""meta"": {""created_by"": ""Terry Evans"", ""notes"": ""Law recently culture peace term shake.""}}",2024-06-16T03:13:35
290,Forecast 290,"{""forecast_id"": ""FCAST-290"", ""series"": [{""x"": [""2025-01"", ""2025-02"", ""2025-03"", ""2025-04"", ""2025-05"", ""2025-06""], ""y"": [45553.03, 29588.98, 41584.47, 24279.28, 35476.56, 15197.31]}], ""meta"": {""created_by"": ""Michelle Wilson"", ""notes"": ""News agreement key happy song forward.""}}",2024-02-15T03:41:17
291,Forecast 291,"{""forecast_id"": ""FCAST-291"", ""series"": [{""x"": [""2025-01"", ""2025-02"", ""2025-03"", ""2025-04"", ""2025-05"", ""2025-06""], ""y"": [5973.47, 28532.49, 45140.04, 8448.83, 21344.11, 27082.95]}], ""meta"": {""created_by"": ""Jenna Garcia"", ""notes"": ""Federal build serious clearly leader.""}}",2024-03-30T15:49:59
292,Forecast 292,"{""forecast_id"": ""FCAST-292"", ""series"": [{""x"": [""2025-01"", ""2025-02"", ""2025-03"", ""2025-04"", ""2025-05"", ""2025-06""], ""y"": [31296.16, 8755.74, 28063.74, 24008.82, 49181.85, 34808.22]}], ""meta"": {""created_by"": ""Jesse Green"", ""notes"": ""Allow brother face door bed nothing.""}}",2024-06-21T00:15:09
293,Forecast 293,"{""forecast_id"": ""FCAST-293"", ""series"": [{""x"": [""2025-01"", ""2025-02"", ""2025-03"", ""2025-04"", ""2025-05"", ""2025-06""], ""y"": [45278.93, 48830.11, 33529.59, 8185.67, 22800.29, 38028.0]}], ""meta"": {""created_by"": ""Kristi Graham"", ""notes"": ""West current black continue husband explain.""}}",2024-07-21T19:45:36
294,Forecast 294,"{""forecast_id"": ""FCAST-294"", ""series"": [{""x"": [""2025-01"", ""2025-02"", ""2025-03"", ""2025-04"", ""2025-05"", ""2025-06""], ""y"": [7644.34, 19666.51, 19589.12, 9352.44, 1977.75, 34717.95]}], ""meta"": {""created_by"": ""Christopher Hill"", ""notes"": ""Moment discuss time.""}}",2023-12-31T15:44:07
295,Forecast 295,"{""forecast_id"": ""FCAST-295"", ""series"": [{""x"": [""2025-01"", ""2025-02"", ""2025-03"", ""2025-04"", ""2025-05"", ""2025-06""], ""y"": [41079.63, 46616.17, 29659.67, 9909.85, 44805.41, 48544.54]}], ""meta"": {""created_by"": ""Brandon Howell"", ""notes"": ""Support police another future issue her.""}}",2025-03-17T05:48:37
296,Forecast 296,"{""forecast_id"": ""FCAST-296"", ""series"": [{""x"": [""2025-01"", ""2025-02"", ""2025-03"", ""2025-04"", ""2025-05"", ""2025-06""], ""y"": [47383.6, 28772.37, 44394.59, 49402.95, 44438.04, 4375.61]}], ""meta"": {""created_by"": ""Don Taylor"", ""notes"": ""Fire office drop game choose oil morning.""}}",2024-04-18T13:43:56
297,Forecast 297,"{""forecast_id"": ""FCAST-297"", ""series"": [{""x"": [""2025-01"", ""2025-02"", ""2025-03"", ""2025-04"", ""2025-05"", ""2025-06""], ""y"": [7612.23, 15705.12, 20287.17, 8324.81, 49651.94, 39757.41]}], ""meta"": {""created_by"": ""Mary Morgan"", ""notes"": ""Suddenly piece thousand knowledge speak laugh tough.""}}",2024-02-18T11:09:29
298,Forecast 298,"{""forecast_id"": ""FCAST-298"", ""series"": [{""x"": [""2025-01"", ""2025-02"", ""2025-03"", ""2025-04"", ""2025-05"", ""2025-06""], ""y"": [33776.29, 48117.18, 16714.23, 35859.0, 47489.33, 5070.56]}], ""meta"": {""created_by"": ""Kristen Sutton"", ""notes"": ""Dark weight long political instead.""}}",2025-10-16T17:19:51
299,Forecast 299,"{""forecast_id"": ""FCAST-299"", ""series"": [{""x"": [""2025-01"", ""2025-02"", ""2025-03"", ""2025-04"", ""2025-05"", ""2025-06""], ""y"": [30537.82, 40166.57, 1781.82, 44661.34, 21469.19, 9283.95]}], ""meta"": {""created_by"": ""Darrell Walker"", ""notes"": ""Draw ago modern look pretty.""}}",2024-06-19T07:49:16
300,Forecast 300,"{""forecast_id"": ""FCAST-300"", ""series"": [{""x"": [""2025-01"", ""2025-02"", ""2025-03"", ""2025-04"", ""2025-05"", ""2025-06""], ""y"": [42711.39, 10409.13, 14732.05, 26501.15, 45880.33, 24990.84]}], ""meta"": {""created_by"": ""Jessica Castro"", ""notes"": ""Buy everybody account provide foot firm partner.""}}",2025-06-23T22:58:06
301,Forecast 301,"{""forecast_id"": ""FCAST-301"", ""series"": [{""x"": [""2025-01"", ""2025-02"", ""2025-03"", ""2025-04"", ""2025-05"", ""2025-06""], ""y"": [45385.02, 3548.54, 12701.39, 16025.17, 22997.62, 22214.53]}], ""meta"": {""created_by"": ""Joanna Freeman"", ""notes"": ""Instead gun Congress just about boy management list.""}}",2025-10-03T09:48:34
302,Forecast 302,"{""forecast_id"": ""FCAST-302"", ""series"": [{""x"": [""2025-01"", ""2025-02"", ""2025-03"", ""2025-04"", ""2025-05"", ""2025-06""], ""y"": [2982.33, 37749.88, 38228.49, 23446.29, 4931.97, 28012.43]}], ""meta"": {""created_by"": ""Nicole Lambert"", ""notes"": ""Street reality hour room school miss message site.""}}",2024-06-24T20:36:11
303,Forecast 303,"{""forecast_id"": ""FCAST-303"", ""series"": [{""x"": [""2025-01"", ""2025-02"", ""2025-03"", ""2025-04"", ""2025-05"", ""2025-06""], ""y"": [7401.84, 48934.18, 31584.31, 36997.42, 1941.4, 19652.88]}], ""meta"": {""created_by"": ""Angela Collins"", ""notes"": ""Much know west understand road agreement.""}}",2025-06-22T09:38:13
304,Forecast 304,"{""forecast_id"": ""FCAST-304"", ""series"": [{""x"": [""2025-01"", ""2025-02"", ""2025-03"", ""2025-04"", ""2025-05"", ""2025-06""], ""y"": [45322.21, 19620.83, 2763.17, 33923.29, 35145.95, 17446.11]}], ""meta"": {""created_by"": ""Natalie Keith"", ""notes"": ""How police system pay.""}}",2023-12-01T09:56:22
305,Forecast 305,"{""forecast_id"": ""FCAST-305"", ""series"": [{""x"": [""2025-01"", ""2025-02"", ""2025-03"", ""2025-04"", ""2025-05"", ""2025-06""], ""y"": [40354.16, 42827.71, 39421.9, 20952.56, 17764.31, 47202.41]}], ""meta"": {""created_by"": ""Jacob Hogan"", ""notes"": ""Since theory Congress artist in century.""}}",2025-01-28T03:27:56
306,Forecast 306,"{""forecast_id"": ""FCAST-306"", ""series"": [{""x"": [""2025-01"", ""2025-02"", ""2025-03"", ""2025-04"", ""2025-05"", ""2025-06""], ""y"": [36236.74, 28066.75, 24952.69, 14066.95, 45754.51, 46020.03]}], ""meta"": {""created_by"": ""Erica Campbell"", ""notes"": ""Later region gun note.""}}",2025-08-05T06:05:43
307,Forecast 307,"{""forecast_id"": ""FCAST-307"", ""series"": [{""x"": [""2025-01"", ""2025-02"", ""2025-03"", ""2025-04"", ""2025-05"", ""2025-06""], ""y"": [5154.97, 33644.91, 16612.08, 25930.77, 6562.74, 40727.0]}], ""meta"": {""created_by"": ""Lisa Allen"", ""notes"": ""Look color tend and collection.""}}",2025-10-07T19:47:58
308,Forecast 308,"{""forecast_id"": ""FCAST-308"", ""series"": [{""x"": [""2025-01"", ""2025-02"", ""2025-03"", ""2025-04"", ""2025-05"", ""2025-06""], ""y"": [40505.11, 6245.43, 4646.32, 19296.03, 8546.3, 40271.4]}], ""meta"": {""created_by"": ""Louis Bowen"", ""notes"": ""Arrive tree discover support water.""}}",2024-02-02T14:46:41
309,Forecast 309,"{""forecast_id"": ""FCAST-309"", ""series"": [{""x"": [""2025-01"", ""2025-02"", ""2025-03"", ""2025-04"", ""2025-05"", ""2025-06""], ""y"": [39164.96, 43320.83, 1472.62, 1658.91, 40542.33, 43637.82]}], ""meta"": {""created_by"": ""Dr. John Bolton III"", ""notes"": ""Least ahead hot control them anyone green.""}}",2024-01-27T00:37:50
310,Forecast 310,"{""forecast_id"": ""FCAST-310"", ""series"": [{""x"": [""2025-01"", ""2025-02"", ""2025-03"", ""2025-04"", ""2025-05"", ""2025-06""], ""y"": [31255.57, 8655.95, 31680.19, 43696.12, 23577.39, 43796.67]}], ""meta"": {""created_by"": ""Lynn Patrick"", ""notes"": ""Fall whatever officer.""}}",2025-04-12T04:10:53
311,Forecast 311,"{""forecast_id"": ""FCAST-311"", ""series"": [{""x"": [""2025-01"", ""2025-02"", ""2025-03"", ""2025-04"", ""2025-05"", ""2025-06""], ""y"": [39520.45, 6185.8, 6976.94, 35503.23, 10776.54, 37557.14]}], ""meta"": {""created_by"": ""Alex Smith"", ""notes"": ""Safe choice player similar.""}}",2024-04-10T15:27:31
312,Forecast 312,"{""forecast_id"": ""FCAST-312"", ""series"": [{""x"": [""2025-01"", ""2025-02"", ""2025-03"", ""2025-04"", ""2025-05"", ""2025-06""], ""y"": [4976.62, 5493.49, 47618.2, 1188.22, 39788.04, 12420.71]}], ""meta"": {""created_by"": ""Danielle White"", ""notes"": ""Trip middle least see.""}}",2023-11-11T05:41:08
313,Forecast 313,"{""forecast_id"": ""FCAST-313"", ""series"": [{""x"": [""2025-01"", ""2025-02"", ""2025-03"", ""2025-04"", ""2025-05"", ""2025-06""], ""y"": [3449.93, 4891.19, 16699.84, 26937.34, 24326.16, 10667.69]}], ""meta"": {""created_by"": ""Robert Allen"", ""notes"": ""Real project bill determine.""}}",2024-07-06T13:19:26
314,Forecast 314,"{""forecast_id"": ""FCAST-314"", ""series"": [{""x"": [""2025-01"", ""2025-02"", ""2025-03"", ""2025-04"", ""2025-05"", ""2025-06""], ""y"": [49408.55, 30667.43, 10117.18, 15115.11, 34131.81, 43385.4]}], ""meta"": {""created_by"": ""Patricia Harris"", ""notes"": ""Box keep business increase create.""}}",2024-01-14T23:33:10
315,Forecast 315,"{""forecast_id"": ""FCAST-315"", ""series"": [{""x"": [""2025-01"", ""2025-02"", ""2025-03"", ""2025-04"", ""2025-05"", ""2025-06""], ""y"": [4002.05, 10061.46, 1309.36, 9616.69, 10688.3, 8050.75]}], ""meta"": {""created_by"": ""Belinda Waters"", ""notes"": ""Open truth put issue list.""}}",2023-12-05T05:22:40
316,Forecast 316,"{""forecast_id"": ""FCAST-316"", ""series"": [{""x"": [""2025-01"", ""2025-02"", ""2025-03"", ""2025-04"", ""2025-05"", ""2025-06""], ""y"": [27557.92, 48663.46, 35298.38, 35440.54, 4713.21, 10165.35]}], ""meta"": {""created_by"": ""Kathleen Williams"", ""notes"": ""Company simple accept produce seek near on spend.""}}",2025-05-21T03:02:51
317,Forecast 317,"{""forecast_id"": ""FCAST-317"", ""series"": [{""x"": [""2025-01"", ""2025-02"", ""2025-03"", ""2025-04"", ""2025-05"", ""2025-06""], ""y"": [16748.87, 49607.04, 8958.76, 32129.55, 30023.1, 30476.14]}], ""meta"": {""created_by"": ""Yvette Paul"", ""notes"": ""Imagine finish successful along expect certain.""}}",2024-08-07T03:31:00
318,Forecast 318,"{""forecast_id"": ""FCAST-318"", ""series"": [{""x"": [""2025-01"", ""2025-02"", ""2025-03"", ""2025-04"", ""2025-05"", ""2025-06""], ""y"": [25826.07, 14984.75, 21899.64, 41398.96, 37036.71, 26996.99]}], ""meta"": {""created_by"": ""Joseph Gross"", ""notes"": ""Its time various lay five.""}}",2025-08-05T22:51:08
319,Forecast 319,"{""forecast_id"": ""FCAST-319"", ""series"": [{""x"": [""2025-01"", ""2025-02"", ""2025-03"", ""2025-04"", ""2025-05"", ""2025-06""], ""y"": [33087.27, 48438.81, 13331.74, 37960.56, 4168.01, 4076.37]}], ""meta"": {""created_by"": ""Darren Sanchez"", ""notes"": ""Pretty sense fast at.""}}",2024-12-15T18:31:54
320,Forecast 320,"{""forecast_id"": ""FCAST-320"", ""series"": [{""x"": [""2025-01"", ""2025-02"", ""2025-03"", ""2025-04"", ""2025-05"", ""2025-06""], ""y"": [17866.94, 36912.79, 31372.42, 41067.47, 4917.63, 38457.26]}], ""meta"": {""created_by"": ""Rebecca Mckenzie"", ""notes"": ""Blood must agency this remember billion black.""}}",2025-07-01T11:16:17
321,Forecast 321,"{""forecast_id"": ""FCAST-321"", ""series"": [{""x"": [""2025-01"", ""2025-02"", ""2025-03"", ""2025-04"", ""2025-05"", ""2025-06""], ""y"": [36089.38, 1587.95, 37469.17, 5323.35, 29818.79, 45900.34]}], ""meta"": {""created_by"": ""Carol Green"", ""notes"": ""Produce face provide.""}}",2025-07-22T21:26:51
322,Forecast 322,"{""forecast_id"": ""FCAST-322"", ""series"": [{""x"": [""2025-01"", ""2025-02"", ""2025-03"", ""2025-04"", ""2025-05"", ""2025-06""], ""y"": [18712.51, 34372.96, 34231.58, 4228.06, 13859.43, 42146.53]}], ""meta"": {""created_by"": ""Mackenzie Long"", ""notes"": ""Here control head.""}}",2024-05-16T10:33:33
323,Forecast 323,"{""forecast_id"": ""FCAST-323"", ""series"": [{""x"": [""2025-01"", ""2025-02"", ""2025-03"", ""2025-04"", ""2025-05"", ""2025-06""], ""y"": [23088.56, 37367.44, 24541.99, 25485.05, 38407.21, 16360.26]}], ""meta"": {""created_by"": ""Nicholas Carter"", ""notes"": ""Paper wind toward human nation look factor.""}}",2024-11-29T01:14:07
324,Forecast 324,"{""forecast_id"": ""FCAST-324"", ""series"": [{""x"": [""2025-01"", ""2025-02"", ""2025-03"", ""2025-04"", ""2025-05"", ""2025-06""], ""y"": [49955.77, 10323.97, 29774.23, 3092.27, 18291.85, 23782.3]}], ""meta"": {""created_by"": ""Jennifer Anderson"", ""notes"": ""Commercial sign evidence.""}}",2024-07-10T20:54:32
325,Forecast 325,"{""forecast_id"": ""FCAST-325"", ""series"": [{""x"": [""2025-01"", ""2025-02"", ""2025-03"", ""2025-04"", ""2025-05"", ""2025-06""], ""y"": [23620.37, 46248.86, 42477.6, 48641.53, 23717.57, 45055.39]}], ""meta"": {""created_by"": ""Martin Miller"", ""notes"": ""Staff method president enter no usually.""}}",2024-01-10T02:50:58
326,Forecast 326,"{""forecast_id"": ""FCAST-326"", ""series"": [{""x"": [""2025-01"", ""2025-02"", ""2025-03"", ""2025-04"", ""2025-05"", ""2025-06""], ""y"": [23156.64, 7962.06, 37777.05, 21560.26, 2199.51, 7832.17]}], ""meta"": {""created_by"": ""Debra Smith"", ""notes"": ""Real letter city oil environment put reality subject.""}}",2025-10-13T08:36:43
327,Forecast 327,"{""forecast_id"": ""FCAST-327"", ""series"": [{""x"": [""2025-01"", ""2025-02"", ""2025-03"", ""2025-04"", ""2025-05"", ""2025-06""], ""y"": [16519.45, 49498.34, 31977.46, 20571.49, 1683.56, 39777.38]}], ""meta"": {""created_by"": ""Sandra Harvey"", ""notes"": ""If reason table price end year lawyer.""}}",2024-02-17T10:13:42
328,Forecast 328,"{""forecast_id"": ""FCAST-328"", ""series"": [{""x"": [""2025-01"", ""2025-02"", ""2025-03"", ""2025-04"", ""2025-05"", ""2025-06""], ""y"": [33426.83, 9466.22, 30053.92, 10011.57, 5647.46, 20173.29]}], ""meta"": {""created_by"": ""Gregory Juarez"", ""notes"": ""Point reduce represent buy important chair music treat.""}}",2024-05-18T11:43:57
329,Forecast 329,"{""forecast_id"": ""FCAST-329"", ""series"": [{""x"": [""2025-01"", ""2025-02"", ""2025-03"", ""2025-04"", ""2025-05"", ""2025-06""], ""y"": [8345.09, 17528.45, 2062.35, 20219.36, 15872.58, 47804.59]}], ""meta"": {""created_by"": ""James Russo"", ""notes"": ""Child collection later skin probably have word.""}}",2023-12-02T10:07:09
330,Forecast 330,"{""forecast_id"": ""FCAST-330"", ""series"": [{""x"": [""2025-01"", ""2025-02"", ""2025-03"", ""2025-04"", ""2025-05"", ""2025-06""], ""y"": [27917.1, 12159.23, 24840.2, 36462.73, 22209.96, 47419.21]}], ""meta"": {""created_by"": ""Matthew Martinez"", ""notes"": ""Office structure whom cover author.""}}",2025-02-10T18:58:53
331,Forecast 331,"{""forecast_id"": ""FCAST-331"", ""series"": [{""x"": [""2025-01"", ""2025-02"", ""2025-03"", ""2025-04"", ""2025-05"", ""2025-06""], ""y"": [8831.21, 48485.9, 3928.26, 48110.53, 4278.4, 16840.84]}], ""meta"": {""created_by"": ""Rhonda Hill"", ""notes"": ""Seek sense us think recognize world program.""}}",2025-05-05T04:48:59
332,Forecast 332,"{""forecast_id"": ""FCAST-332"", ""series"": [{""x"": [""2025-01"", ""2025-02"", ""2025-03"", ""2025-04"", ""2025-05"", ""2025-06""], ""y"": [24358.31, 15176.77, 12522.47, 47223.56, 40377.48, 21400.93]}], ""meta"": {""created_by"": ""Michael Allen"", ""notes"": ""Project beat identify.""}}",2023-11-26T09:06:53
333,Forecast 333,"{""forecast_id"": ""FCAST-333"", ""series"": [{""x"": [""2025-01"", ""2025-02"", ""2025-03"", ""2025-04"", ""2025-05"", ""2025-06""], ""y"": [1635.41, 16092.38, 8771.52, 31892.49, 34518.82, 22020.87]}], ""meta"": {""created_by"": ""Christine Matthews MD"", ""notes"": ""Identify participant everything leave civil reflect analysis.""}}",2024-07-04T17:03:41
334,Forecast 334,"{""forecast_id"": ""FCAST-334"", ""series"": [{""x"": [""2025-01"", ""2025-02"", ""2025-03"", ""2025-04"", ""2025-05"", ""2025-06""], ""y"": [6970.52, 7341.98, 14812.96, 36513.08, 40549.09, 43340.78]}], ""meta"": {""created_by"": ""Andre Herrera"", ""notes"": ""Us represent operation.""}}",2024-09-25T04:50:27
335,Forecast 335,"{""forecast_id"": ""FCAST-335"", ""series"": [{""x"": [""2025-01"", ""2025-02"", ""2025-03"", ""2025-04"", ""2025-05"", ""2025-06""], ""y"": [19108.81, 48551.1, 4093.12, 22906.83, 21433.03, 11263.34]}], ""meta"": {""created_by"": ""Joshua Ramos"", ""notes"": ""Quality reveal expert food look.""}}",2024-01-02T07:10:09
336,Forecast 336,"{""forecast_id"": ""FCAST-336"", ""series"": [{""x"": [""2025-01"", ""2025-02"", ""2025-03"", ""2025-04"", ""2025-05"", ""2025-06""], ""y"": [16983.83, 12438.48, 43721.82, 16314.32, 45871.16, 48653.87]}], ""meta"": {""created_by"": ""Rebecca Stuart"", ""notes"": ""Response see direction.""}}",2024-10-08T10:12:23
337,Forecast 337,"{""forecast_id"": ""FCAST-337"", ""series"": [{""x"": [""2025-01"", ""2025-02"", ""2025-03"", ""2025-04"", ""2025-05"", ""2025-06""], ""y"": [39553.5, 28194.79, 29283.77, 17221.98, 10524.51, 7229.51]}], ""meta"": {""created_by"": ""Anthony Harrison"", ""notes"": ""Professor anyone clear skill.""}}",2024-12-28T11:05:32
338,Forecast 338,"{""forecast_id"": ""FCAST-338"", ""series"": [{""x"": [""2025-01"", ""2025-02"", ""2025-03"", ""2025-04"", ""2025-05"", ""2025-06""], ""y"": [16769.8, 32001.4, 48585.65, 12217.41, 30048.9, 12613.88]}], ""meta"": {""created_by"": ""Anne Robinson"", ""notes"": ""Knowledge north outside break make.""}}",2024-05-14T22:02:37
339,Forecast 339,"{""forecast_id"": ""FCAST-339"", ""series"": [{""x"": [""2025-01"", ""2025-02"", ""2025-03"", ""2025-04"", ""2025-05"", ""2025-06""], ""y"": [41163.19, 24940.81, 24017.87, 1950.47, 26037.06, 5683.55]}], ""meta"": {""created_by"": ""Chase Pruitt"", ""notes"": ""Task modern sea teach.""}}",2025-05-24T13:15:53
340,Forecast 340,"{""forecast_id"": ""FCAST-340"", ""series"": [{""x"": [""2025-01"", ""2025-02"", ""2025-03"", ""2025-04"", ""2025-05"", ""2025-06""], ""y"": [37759.42, 31556.74, 4984.08, 25056.08, 30527.39, 44654.62]}], ""meta"": {""created_by"": ""Dennis Decker"", ""notes"": ""Thousand include small notice reach.""}}",2024-12-30T09:24:37
341,Forecast 341,"{""forecast_id"": ""FCAST-341"", ""series"": [{""x"": [""2025-01"", ""2025-02"", ""2025-03"", ""2025-04"", ""2025-05"", ""2025-06""], ""y"": [47955.36, 14034.36, 23024.76, 39094.23, 39772.8, 14534.31]}], ""meta"": {""created_by"": ""John Anderson"", ""notes"": ""Effort medical hold factor.""}}",2024-03-18T03:51:13
342,Forecast 342,"{""forecast_id"": ""FCAST-342"", ""series"": [{""x"": [""2025-01"", ""2025-02"", ""2025-03"", ""2025-04"", ""2025-05"", ""2025-06""], ""y"": [8011.08, 42540.87, 3892.04, 13082.7, 32020.42, 17033.5]}], ""meta"": {""created_by"": ""John Scott"", ""notes"": ""Goal total significant race.""}}",2025-08-22T01:51:27
343,Forecast 343,"{""forecast_id"": ""FCAST-343"", ""series"": [{""x"": [""2025-01"", ""2025-02"", ""2025-03"", ""2025-04"", ""2025-05"", ""2025-06""], ""y"": [41417.0, 24645.1, 8159.89, 14365.12, 16681.75, 49278.94]}], ""meta"": {""created_by"": ""Crystal Simpson"", ""notes"": ""Pressure travel care skin item television single.""}}",2024-08-28T09:07:51
344,Forecast 344,"{""forecast_id"": ""FCAST-344"", ""series"": [{""x"": [""2025-01"", ""2025-02"", ""2025-03"", ""2025-04"", ""2025-05"", ""2025-06""], ""y"": [30633.78, 27279.2, 41382.69, 32646.24, 47928.56, 30281.77]}], ""meta"": {""created_by"": ""Dustin Myers"", ""notes"": ""Throw hospital election clearly quickly speak population plan.""}}",2023-12-21T01:05:12
345,Forecast 345,"{""forecast_id"": ""FCAST-345"", ""series"": [{""x"": [""2025-01"", ""2025-02"", ""2025-03"", ""2025-04"", ""2025-05"", ""2025-06""], ""y"": [6897.76, 36937.58, 37039.25, 10552.21, 40143.58, 14840.36]}], ""meta"": {""created_by"": ""Crystal Manning"", ""notes"": ""Return debate result above.""}}",2025-02-09T21:19:53
346,Forecast 346,"{""forecast_id"": ""FCAST-346"", ""series"": [{""x"": [""2025-01"", ""2025-02"", ""2025-03"", ""2025-04"", ""2025-05"", ""2025-06""], ""y"": [39744.76, 21726.57, 41110.74, 1534.79, 13788.41, 8058.92]}], ""meta"": {""created_by"": ""Linda Deleon"", ""notes"": ""Day identify box former financial development enjoy necessary.""}}",2024-01-15T15:40:50
347,Forecast 347,"{""forecast_id"": ""FCAST-347"", ""series"": [{""x"": [""2025-01"", ""2025-02"", ""2025-03"", ""2025-04"", ""2025-05"", ""2025-06""], ""y"": [2238.9, 32930.11, 38356.31, 4856.77, 23782.03, 45580.52]}], ""meta"": {""created_by"": ""Maria Frank"", ""notes"": ""Final human where raise one reduce pressure.""}}",2023-11-14T01:12:10
348,Forecast 348,"{""forecast_id"": ""FCAST-348"", ""series"": [{""x"": [""2025-01"", ""2025-02"", ""2025-03"", ""2025-04"", ""2025-05"", ""2025-06""], ""y"": [8233.12, 31668.6, 28207.95, 30098.41, 38164.62, 6279.5]}], ""meta"": {""created_by"": ""Shawn Martinez"", ""notes"": ""Let see bag including worry middle share.""}}",2025-01-03T02:10:13
349,Forecast 349,"{""forecast_id"": ""FCAST-349"", ""series"": [{""x"": [""2025-01"", ""2025-02"", ""2025-03"", ""2025-04"", ""2025-05"", ""2025-06""], ""y"": [14404.05, 14521.52, 35608.54, 23213.34, 8982.15, 7298.25]}], ""meta"": {""created_by"": ""Kim Hall"", ""notes"": ""Dinner week all consider decision forward pass.""}}",2025-09-20T16:42:31
350,Forecast 350,"{""forecast_id"": ""FCAST-350"", ""series"": [{""x"": [""2025-01"", ""2025-02"", ""2025-03"", ""2025-04"", ""2025-05"", ""2025-06""], ""y"": [47849.17, 7071.83, 43519.15, 28076.18, 19072.28, 16448.17]}], ""meta"": {""created_by"": ""Paul Stout"", ""notes"": ""Community level mouth.""}}",2025-08-03T05:59:29
351,Forecast 351,"{""forecast_id"": ""FCAST-351"", ""series"": [{""x"": [""2025-01"", ""2025-02"", ""2025-03"", ""2025-04"", ""2025-05"", ""2025-06""], ""y"": [36304.56, 27956.23, 31815.63, 32670.09, 20381.35, 17003.91]}], ""meta"": {""created_by"": ""Melanie Cannon"", ""notes"": ""Management available movie.""}}",2024-12-11T04:54:07
352,Forecast 352,"{""forecast_id"": ""FCAST-352"", ""series"": [{""x"": [""2025-01"", ""2025-02"", ""2025-03"", ""2025-04"", ""2025-05"", ""2025-06""], ""y"": [41967.59, 2692.17, 14862.54, 28715.23, 28857.95, 44279.72]}], ""meta"": {""created_by"": ""Billy Drake"", ""notes"": ""Nor ever per service never turn.""}}",2024-08-14T18:17:45
353,Forecast 353,"{""forecast_id"": ""FCAST-353"", ""series"": [{""x"": [""2025-01"", ""2025-02"", ""2025-03"", ""2025-04"", ""2025-05"", ""2025-06""], ""y"": [3737.1, 36146.24, 7461.47, 4130.02, 4326.84, 8426.93]}], ""meta"": {""created_by"": ""Kendra Perez"", ""notes"": ""Wind source major vote.""}}",2023-12-16T22:09:48
354,Forecast 354,"{""forecast_id"": ""FCAST-354"", ""series"": [{""x"": [""2025-01"", ""2025-02"", ""2025-03"", ""2025-04"", ""2025-05"", ""2025-06""], ""y"": [26616.25, 47066.02, 12515.67, 37978.32, 48643.65, 17569.74]}], ""meta"": {""created_by"": ""Alexis Doyle"", ""notes"": ""Impact back election speak against professional.""}}",2025-02-02T04:08:24
355,Forecast 355,"{""forecast_id"": ""FCAST-355"", ""series"": [{""x"": [""2025-01"", ""2025-02"", ""2025-03"", ""2025-04"", ""2025-05"", ""2025-06""], ""y"": [21219.45, 37791.68, 25130.33, 27710.46, 26709.29, 32449.12]}], ""meta"": {""created_by"": ""Donald Roberts"", ""notes"": ""Most school TV do edge.""}}",2024-05-08T21:28:14
356,Forecast 356,"{""forecast_id"": ""FCAST-356"", ""series"": [{""x"": [""2025-01"", ""2025-02"", ""2025-03"", ""2025-04"", ""2025-05"", ""2025-06""], ""y"": [20403.52, 8594.22, 41319.45, 40903.84, 22976.41, 6647.21]}], ""meta"": {""created_by"": ""Gloria Frank"", ""notes"": ""Positive impact good government energy.""}}",2024-10-07T19:35:08
357,Forecast 357,"{""forecast_id"": ""FCAST-357"", ""series"": [{""x"": [""2025-01"", ""2025-02"", ""2025-03"", ""2025-04"", ""2025-05"", ""2025-06""], ""y"": [45659.79, 13776.98, 12724.0, 32593.17, 28326.54, 3571.67]}], ""meta"": {""created_by"": ""John White"", ""notes"": ""Rich three simply tell police crime.""}}",2024-04-14T22:51:32
358,Forecast 358,"{""forecast_id"": ""FCAST-358"", ""series"": [{""x"": [""2025-01"", ""2025-02"", ""2025-03"", ""2025-04"", ""2025-05"", ""2025-06""], ""y"": [42301.77, 12050.47, 3077.35, 11731.04, 12400.62, 8478.91]}], ""meta"": {""created_by"": ""Kristen Gallegos"", ""notes"": ""Woman according action break from model serious born.""}}",2025-02-11T19:46:02
359,Forecast 359,"{""forecast_id"": ""FCAST-359"", ""series"": [{""x"": [""2025-01"", ""2025-02"", ""2025-03"", ""2025-04"", ""2025-05"", ""2025-06""], ""y"": [43653.67, 25528.61, 16824.56, 38042.19, 33842.89, 1943.53]}], ""meta"": {""created_by"": ""Melissa Mckenzie"", ""notes"": ""Sound join by ask change.""}}",2024-05-14T05:17:15
360,Forecast 360,"{""forecast_id"": ""FCAST-360"", ""series"": [{""x"": [""2025-01"", ""2025-02"", ""2025-03"", ""2025-04"", ""2025-05"", ""2025-06""], ""y"": [38511.3, 25119.14, 33812.46, 35159.11, 27951.52, 2966.37]}], ""meta"": {""created_by"": ""Courtney Barber"", ""notes"": ""Whose relationship worry any.""}}",2024-09-05T02:06:42
361,Forecast 361,"{""forecast_id"": ""FCAST-361"", ""series"": [{""x"": [""2025-01"", ""2025-02"", ""2025-03"", ""2025-04"", ""2025-05"", ""2025-06""], ""y"": [29893.76, 11232.99, 29554.22, 1350.47, 35389.39, 29497.58]}], ""meta"": {""created_by"": ""Leah Willis"", ""notes"": ""Cell point race particular.""}}",2025-02-05T14:33:28
362,Forecast 362,"{""forecast_id"": ""FCAST-362"", ""series"": [{""x"": [""2025-01"", ""2025-02"", ""2025-03"", ""2025-04"", ""2025-05"", ""2025-06""], ""y"": [19037.79, 45030.37, 9044.78, 11426.14, 27275.27, 45844.83]}], ""meta"": {""created_by"": ""Walter Jones"", ""notes"": ""Visit small artist agreement at sign head course.""}}",2025-07-17T19:47:20
363,Forecast 363,"{""forecast_id"": ""FCAST-363"", ""series"": [{""x"": [""2025-01"", ""2025-02"", ""2025-03"", ""2025-04"", ""2025-05"", ""2025-06""], ""y"": [37468.44, 14789.44, 28256.87, 26033.1, 8833.3, 10877.71]}], ""meta"": {""created_by"": ""Scott Le"", ""notes"": ""Leg ready this let actually.""}}",2024-05-06T06:17:41
364,Forecast 364,"{""forecast_id"": ""FCAST-364"", ""series"": [{""x"": [""2025-01"", ""2025-02"", ""2025-03"", ""2025-04"", ""2025-05"", ""2025-06""], ""y"": [30773.31, 17389.8, 17025.85, 13756.75, 6839.22, 14983.7]}], ""meta"": {""created_by"": ""Theresa Garcia"", ""notes"": ""Group court commercial property ago guy system.""}}",2024-04-22T02:59:55
365,Forecast 365,"{""forecast_id"": ""FCAST-365"", ""series"": [{""x"": [""2025-01"", ""2025-02"", ""2025-03"", ""2025-04"", ""2025-05"", ""2025-06""], ""y"": [2412.06, 30565.03, 32919.02, 26078.45, 20878.85, 10056.77]}], ""meta"": {""created_by"": ""George Flores"", ""notes"": ""Security seven conference executive safe almost.""}}",2024-01-21T10:59:12
366,Forecast 366,"{""forecast_id"": ""FCAST-366"", ""series"": [{""x"": [""2025-01"", ""2025-02"", ""2025-03"", ""2025-04"", ""2025-05"", ""2025-06""], ""y"": [3041.34, 40427.15, 37397.86, 43837.48, 10806.99, 28940.14]}], ""meta"": {""created_by"": ""Andrew Ramos"", ""notes"": ""Among into skin song technology.""}}",2024-06-19T20:36:14
367,Forecast 367,"{""forecast_id"": ""FCAST-367"", ""series"": [{""x"": [""2025-01"", ""2025-02"", ""2025-03"", ""2025-04"", ""2025-05"", ""2025-06""], ""y"": [37616.38, 41813.56, 34036.11, 44445.96, 41075.15, 18685.98]}], ""meta"": {""created_by"": ""Erika Taylor"", ""notes"": ""Trade institution organization lose new evening.""}}",2025-09-26T07:40:23
368,Forecast 368,"{""forecast_id"": ""FCAST-368"", ""series"": [{""x"": [""2025-01"", ""2025-02"", ""2025-03"", ""2025-04"", ""2025-05"", ""2025-06""], ""y"": [3664.01, 31679.76, 28775.48, 44334.64, 13364.3, 26043.87]}], ""meta"": {""created_by"": ""Connie Hardy"", ""notes"": ""Along simple guy note.""}}",2024-06-12T03:20:02
369,Forecast 369,"{""forecast_id"": ""FCAST-369"", ""series"": [{""x"": [""2025-01"", ""2025-02"", ""2025-03"", ""2025-04"", ""2025-05"", ""2025-06""], ""y"": [16185.18, 11604.75, 9865.04, 17362.67, 25480.04, 36277.16]}], ""meta"": {""created_by"": ""Joseph Ramos"", ""notes"": ""Push state especially military product these decade six.""}}",2024-01-15T00:07:01
370,Forecast 370,"{""forecast_id"": ""FCAST-370"", ""series"": [{""x"": [""2025-01"", ""2025-02"", ""2025-03"", ""2025-04"", ""2025-05"", ""2025-06""], ""y"": [36278.49, 23436.33, 20146.97, 37939.07, 46120.13, 24528.6]}], ""meta"": {""created_by"": ""Nicholas Garcia"", ""notes"": ""Opportunity compare news majority.""}}",2024-01-27T12:04:33
371,Forecast 371,"{""forecast_id"": ""FCAST-371"", ""series"": [{""x"": [""2025-01"", ""2025-02"", ""2025-03"", ""2025-04"", ""2025-05"", ""2025-06""], ""y"": [30240.28, 39955.16, 33684.19, 46953.43, 4806.03, 6255.82]}], ""meta"": {""created_by"": ""John Jones"", ""notes"": ""Later night baby.""}}",2025-01-23T13:58:04
372,Forecast 372,"{""forecast_id"": ""FCAST-372"", ""series"": [{""x"": [""2025-01"", ""2025-02"", ""2025-03"", ""2025-04"", ""2025-05"", ""2025-06""], ""y"": [1013.27, 2528.8, 3451.37, 1549.38, 14437.33, 1000.46]}], ""meta"": {""created_by"": ""Sean May"", ""notes"": ""Around system oil option old place special.""}}",2024-10-14T09:39:51
373,Forecast 373,"{""forecast_id"": ""FCAST-373"", ""series"": [{""x"": [""2025-01"", ""2025-02"", ""2025-03"", ""2025-04"", ""2025-05"", ""2025-06""], ""y"": [22807.97, 36708.66, 48099.21, 5764.4, 19034.44, 32642.83]}], ""meta"": {""created_by"": ""Craig Robinson"", ""notes"": ""Happy different all risk he child indicate.""}}",2023-11-09T08:18:28
374,Forecast 374,"{""forecast_id"": ""FCAST-374"", ""series"": [{""x"": [""2025-01"", ""2025-02"", ""2025-03"", ""2025-04"", ""2025-05"", ""2025-06""], ""y"": [48576.07, 37350.48, 19268.23, 14718.96, 33027.67, 15576.03]}], ""meta"": {""created_by"": ""Richard Gordon"", ""notes"": ""High tree produce toward crime find run central.""}}",2024-03-24T19:01:24
375,Forecast 375,"{""forecast_id"": ""FCAST-375"", ""series"": [{""x"": [""2025-01"", ""2025-02"", ""2025-03"", ""2025-04"", ""2025-05"", ""2025-06""], ""y"": [2714.64, 6883.75, 7950.07, 23389.45, 46680.04, 49180.87]}], ""meta"": {""created_by"": ""Stacey Brady"", ""notes"": ""More six explain sign once forget.""}}",2024-04-16T06:35:36
376,Forecast 376,"{""forecast_id"": ""FCAST-376"", ""series"": [{""x"": [""2025-01"", ""2025-02"", ""2025-03"", ""2025-04"", ""2025-05"", ""2025-06""], ""y"": [45813.74, 6895.93, 32198.78, 47668.82, 39845.36, 44134.24]}], ""meta"": {""created_by"": ""Kristin Nicholson"", ""notes"": ""Allow watch which risk century.""}}",2024-05-10T02:38:11
377,Forecast 377,"{""forecast_id"": ""FCAST-377"", ""series"": [{""x"": [""2025-01"", ""2025-02"", ""2025-03"", ""2025-04"", ""2025-05"", ""2025-06""], ""y"": [46670.12, 9554.48, 6516.75, 36515.64, 23306.98, 44435.56]}], ""meta"": {""created_by"": ""Allen Hall"", ""notes"": ""For tax every music think his.""}}",2024-03-01T15:17:24
378,Forecast 378,"{""forecast_id"": ""FCAST-378"", ""series"": [{""x"": [""2025-01"", ""2025-02"", ""2025-03"", ""2025-04"", ""2025-05"", ""2025-06""], ""y"": [35051.01, 14383.59, 2105.39, 28598.3, 4100.91, 34898.27]}], ""meta"": {""created_by"": ""Tim Martin"", ""notes"": ""Marriage today stop.""}}",2025-03-24T05:07:14
379,Forecast 379,"{""forecast_id"": ""FCAST-379"", ""series"": [{""x"": [""2025-01"", ""2025-02"", ""2025-03"", ""2025-04"", ""2025-05"", ""2025-06""], ""y"": [11558.3, 20479.41, 19493.83, 2820.9, 22191.89, 23819.38]}], ""meta"": {""created_by"": ""Kyle Williams"", ""notes"": ""Nice let owner.""}}",2024-03-21T17:49:11
380,Forecast 380,"{""forecast_id"": ""FCAST-380"", ""series"": [{""x"": [""2025-01"", ""2025-02"", ""2025-03"", ""2025-04"", ""2025-05"", ""2025-06""], ""y"": [9576.12, 1650.18, 44973.0, 33173.89, 48012.02, 43942.42]}], ""meta"": {""created_by"": ""Casey Andrews"", ""notes"": ""Think sound cut.""}}",2025-07-17T14:28:00
381,Forecast 381,"{""forecast_id"": ""FCAST-381"", ""series"": [{""x"": [""2025-01"", ""2025-02"", ""2025-03"", ""2025-04"", ""2025-05"", ""2025-06""], ""y"": [35785.19, 36224.67, 10932.23, 14096.94, 33890.89, 48196.29]}], ""meta"": {""created_by"": ""Sandra Burns"", ""notes"": ""Our concern power president station.""}}",2024-03-23T23:58:49
382,Forecast 382,"{""forecast_id"": ""FCAST-382"", ""series"": [{""x"": [""2025-01"", ""2025-02"", ""2025-03"", ""2025-04"", ""2025-05"", ""2025-06""], ""y"": [10215.42, 34794.08, 40707.34, 49796.04, 3162.03, 28597.39]}], ""meta"": {""created_by"": ""Autumn Jackson"", ""notes"": ""Put drive begin kitchen record director beautiful.""}}",2023-12-29T17:02:14
383,Forecast 383,"{""forecast_id"": ""FCAST-383"", ""series"": [{""x"": [""2025-01"", ""2025-02"", ""2025-03"", ""2025-04"", ""2025-05"", ""2025-06""], ""y"": [42992.91, 28388.28, 35444.4, 39806.22, 36062.9, 37383.77]}], ""meta"": {""created_by"": ""Samantha Carlson"", ""notes"": ""Stuff imagine ask recently.""}}",2025-05-23T02:05:20
384,Forecast 384,"{""forecast_id"": ""FCAST-384"", ""series"": [{""x"": [""2025-01"", ""2025-02"", ""2025-03"", ""2025-04"", ""2025-05"", ""2025-06""], ""y"": [15039.34, 5332.38, 18997.56, 41215.0, 27684.95, 19290.11]}], ""meta"": {""created_by"": ""Gina Whitaker"", ""notes"": ""Past part feel.""}}",2025-10-03T00:54:20
385,Forecast 385,"{""forecast_id"": ""FCAST-385"", ""series"": [{""x"": [""2025-01"", ""2025-02"", ""2025-03"", ""2025-04"", ""2025-05"", ""2025-06""], ""y"": [45189.22, 36583.73, 27497.58, 16714.85, 32326.4, 20943.08]}], ""meta"": {""created_by"": ""Jay Figueroa"", ""notes"": ""Large agency view once.""}}",2024-01-31T13:05:32
386,Forecast 386,"{""forecast_id"": ""FCAST-386"", ""series"": [{""x"": [""2025-01"", ""2025-02"", ""2025-03"", ""2025-04"", ""2025-05"", ""2025-06""], ""y"": [29430.38, 19233.39, 49192.13, 38598.35, 8234.03, 33960.24]}], ""meta"": {""created_by"": ""Victoria Solomon"", ""notes"": ""Argue chair need rise operation hair.""}}",2024-10-29T09:38:10
387,Forecast 387,"{""forecast_id"": ""FCAST-387"", ""series"": [{""x"": [""2025-01"", ""2025-02"", ""2025-03"", ""2025-04"", ""2025-05"", ""2025-06""], ""y"": [44582.02, 34109.82, 20983.46, 48107.93, 5235.83, 13406.82]}], ""meta"": {""created_by"": ""Heather Austin"", ""notes"": ""Along avoid laugh.""}}",2023-11-15T11:24:24
388,Forecast 388,"{""forecast_id"": ""FCAST-388"", ""series"": [{""x"": [""2025-01"", ""2025-02"", ""2025-03"", ""2025-04"", ""2025-05"", ""2025-06""], ""y"": [7744.43, 46311.23, 32627.74, 23087.67, 27421.38, 34336.55]}], ""meta"": {""created_by"": ""Jessica Franklin"", ""notes"": ""Plant chair series sign benefit coach.""}}",2024-11-01T16:34:28
389,Forecast 389,"{""forecast_id"": ""FCAST-389"", ""series"": [{""x"": [""2025-01"", ""2025-02"", ""2025-03"", ""2025-04"", ""2025-05"", ""2025-06""], ""y"": [44597.3, 17829.23, 45996.64, 49152.99, 8107.47, 17740.84]}], ""meta"": {""created_by"": ""Rebecca Daniels"", ""notes"": ""Born huge score.""}}",2024-11-27T14:39:16
390,Forecast 390,"{""forecast_id"": ""FCAST-390"", ""series"": [{""x"": [""2025-01"", ""2025-02"", ""2025-03"", ""2025-04"", ""2025-05"", ""2025-06""], ""y"": [32002.17, 37494.9, 42703.8, 29110.94, 48884.37, 39821.61]}], ""meta"": {""created_by"": ""Sarah Merritt"", ""notes"": ""Finally green bag home civil computer kind.""}}",2024-06-19T04:11:39
391,Forecast 391,"{""forecast_id"": ""FCAST-391"", ""series"": [{""x"": [""2025-01"", ""2025-02"", ""2025-03"", ""2025-04"", ""2025-05"", ""2025-06""], ""y"": [41409.59, 20421.16, 41348.73, 44155.43, 49534.69, 27655.84]}], ""meta"": {""created_by"": ""Kimberly Long"", ""notes"": ""Because trade put car.""}}",2023-12-31T07:55:46
392,Forecast 392,"{""forecast_id"": ""FCAST-392"", ""series"": [{""x"": [""2025-01"", ""2025-02"", ""2025-03"", ""2025-04"", ""2025-05"", ""2025-06""], ""y"": [26458.87, 29197.76, 13481.14, 27971.98, 47172.2, 37245.85]}], ""meta"": {""created_by"": ""Tyler Garcia"", ""notes"": ""Voice operation action red card identify action.""}}",2024-07-07T09:24:11
393,Forecast 393,"{""forecast_id"": ""FCAST-393"", ""series"": [{""x"": [""2025-01"", ""2025-02"", ""2025-03"", ""2025-04"", ""2025-05"", ""2025-06""], ""y"": [34516.52, 39598.49, 24969.82, 16948.88, 41986.97, 19292.78]}], ""meta"": {""created_by"": ""Robert Pollard"", ""notes"": ""Administration one operation budget marriage.""}}",2023-11-24T12:37:50
394,Forecast 394,"{""forecast_id"": ""FCAST-394"", ""series"": [{""x"": [""2025-01"", ""2025-02"", ""2025-03"", ""2025-04"", ""2025-05"", ""2025-06""], ""y"": [46909.48, 26632.93, 41148.68, 11734.5, 18205.58, 20991.92]}], ""meta"": {""created_by"": ""Pamela Newton"", ""notes"": ""Area everybody must throw value purpose.""}}",2025-02-15T09:10:50
395,Forecast 395,"{""forecast_id"": ""FCAST-395"", ""series"": [{""x"": [""2025-01"", ""2025-02"", ""2025-03"", ""2025-04"", ""2025-05"", ""2025-06""], ""y"": [37826.71, 6214.9, 32383.0, 23229.05, 41883.11, 44866.48]}], ""meta"": {""created_by"": ""Tyler Vazquez"", ""notes"": ""Man Congress say beat view structure.""}}",2024-04-01T21:51:44
396,Forecast 396,"{""forecast_id"": ""FCAST-396"", ""series"": [{""x"": [""2025-01"", ""2025-02"", ""2025-03"", ""2025-04"", ""2025-05"", ""2025-06""], ""y"": [10228.23, 1029.21, 39886.11, 25721.04, 6282.24, 8073.42]}], ""meta"": {""created_by"": ""Dustin Jones"", ""notes"": ""More him policy social window risk.""}}",2023-11-23T08:17:21
397,Forecast 397,"{""forecast_id"": ""FCAST-397"", ""series"": [{""x"": [""2025-01"", ""2025-02"", ""2025-03"", ""2025-04"", ""2025-05"", ""2025-06""], ""y"": [4538.13, 47555.42, 12849.83, 20899.87, 41436.37, 27556.38]}], ""meta"": {""created_by"": ""Shannon York"", ""notes"": ""It rule staff federal.""}}",2024-07-27T06:33:01
398,Forecast 398,"{""forecast_id"": ""FCAST-398"", ""series"": [{""x"": [""2025-01"", ""2025-02"", ""2025-03"", ""2025-04"", ""2025-05"", ""2025-06""], ""y"": [5732.77, 40910.22, 2151.78, 2523.77, 6932.7, 10099.99]}], ""meta"": {""created_by"": ""Michael Jackson"", ""notes"": ""World when collection hot.""}}",2024-10-06T10:35:25
399,Forecast 399,"{""forecast_id"": ""FCAST-399"", ""series"": [{""x"": [""2025-01"", ""2025-02"", ""2025-03"", ""2025-04"", ""2025-05"", ""2025-06""], ""y"": [39027.32, 4495.47, 13418.26, 47599.62, 21673.96, 18518.2]}], ""meta"": {""created_by"": ""Stephen Mitchell"", ""notes"": ""Visit across ever animal so.""}}",2025-05-10T20:42:13
400,Forecast 400,"{""forecast_id"": ""FCAST-400"", ""series"": [{""x"": [""2025-01"", ""2025-02"", ""2025-03"", ""2025-04"", ""2025-05"", ""2025-06""], ""y"": [20747.04, 35193.11, 15710.56, 19999.62, 11213.97, 21997.67]}], ""meta"": {""created_by"": ""Melissa Rodriguez"", ""notes"": ""Right evening wear dinner stock.""}}",2025-01-02T19:51:35
401,Forecast 401,"{""forecast_id"": ""FCAST-401"", ""series"": [{""x"": [""2025-01"", ""2025-02"", ""2025-03"", ""2025-04"", ""2025-05"", ""2025-06""], ""y"": [29894.85, 24443.53, 31125.36, 3051.87, 25075.34, 2544.38]}], ""meta"": {""created_by"": ""Elizabeth Turner"", ""notes"": ""Science something nearly every region activity.""}}",2024-05-04T21:57:50
402,Forecast 402,"{""forecast_id"": ""FCAST-402"", ""series"": [{""x"": [""2025-01"", ""2025-02"", ""2025-03"", ""2025-04"", ""2025-05"", ""2025-06""], ""y"": [16661.96, 2520.98, 35330.94, 43197.57, 19804.01, 27411.85]}], ""meta"": {""created_by"": ""Craig Webb DDS"", ""notes"": ""However week rich nation better religious.""}}",2024-11-01T21:46:26
403,Forecast 403,"{""forecast_id"": ""FCAST-403"", ""series"": [{""x"": [""2025-01"", ""2025-02"", ""2025-03"", ""2025-04"", ""2025-05"", ""2025-06""], ""y"": [5802.33, 34740.97, 31391.35, 18201.69, 48596.76, 25025.11]}], ""meta"": {""created_by"": ""Roberta Ochoa"", ""notes"": ""Shoulder member campaign receive soldier.""}}",2025-08-06T08:12:11
404,Forecast 404,"{""forecast_id"": ""FCAST-404"", ""series"": [{""x"": [""2025-01"", ""2025-02"", ""2025-03"", ""2025-04"", ""2025-05"", ""2025-06""], ""y"": [2339.08, 2894.91, 24884.97, 45387.9, 24268.72, 27643.01]}], ""meta"": {""created_by"": ""Brian Gordon"", ""notes"": ""Discuss window group enough.""}}",2024-02-16T16:47:35
405,Forecast 405,"{""forecast_id"": ""FCAST-405"", ""series"": [{""x"": [""2025-01"", ""2025-02"", ""2025-03"", ""2025-04"", ""2025-05"", ""2025-06""], ""y"": [5065.27, 36489.65, 36064.82, 46193.23, 23279.62, 37703.56]}], ""meta"": {""created_by"": ""Samuel Jones"", ""notes"": ""Inside born amount lay.""}}",2024-07-15T03:43:48
406,Forecast 406,"{""forecast_id"": ""FCAST-406"", ""series"": [{""x"": [""2025-01"", ""2025-02"", ""2025-03"", ""2025-04"", ""2025-05"", ""2025-06""], ""y"": [12827.55, 49216.01, 2682.77, 16180.87, 39081.02, 42877.47]}], ""meta"": {""created_by"": ""Scott Horne"", ""notes"": ""Plant less notice weight strategy condition.""}}",2024-01-23T07:01:16
407,Forecast 407,"{""forecast_id"": ""FCAST-407"", ""series"": [{""x"": [""2025-01"", ""2025-02"", ""2025-03"", ""2025-04"", ""2025-05"", ""2025-06""], ""y"": [11611.21, 21119.75, 1504.4, 7290.82, 43273.12, 39260.91]}], ""meta"": {""created_by"": ""Gary Lewis"", ""notes"": ""Century themselves meet try.""}}",2025-07-02T16:22:51
408,Forecast 408,"{""forecast_id"": ""FCAST-408"", ""series"": [{""x"": [""2025-01"", ""2025-02"", ""2025-03"", ""2025-04"", ""2025-05"", ""2025-06""], ""y"": [46841.37, 22777.07, 25601.56, 23695.82, 35159.42, 20020.73]}], ""meta"": {""created_by"": ""Jennifer Watkins"", ""notes"": ""Team personal forward hear moment cell.""}}",2024-01-19T13:18:14
409,Forecast 409,"{""forecast_id"": ""FCAST-409"", ""series"": [{""x"": [""2025-01"", ""2025-02"", ""2025-03"", ""2025-04"", ""2025-05"", ""2025-06""], ""y"": [46324.04, 33031.41, 3387.03, 29697.39, 35212.61, 25063.85]}], ""meta"": {""created_by"": ""Carl Thomas"", ""notes"": ""Level color require and provide voice.""}}",2023-12-29T11:14:50
410,Forecast 410,"{""forecast_id"": ""FCAST-410"", ""series"": [{""x"": [""2025-01"", ""2025-02"", ""2025-03"", ""2025-04"", ""2025-05"", ""2025-06""], ""y"": [45210.83, 15376.08, 8974.56, 15224.05, 17239.36, 6374.05]}], ""meta"": {""created_by"": ""Sonya Wilson"", ""notes"": ""Scientist second check speech drop impact daughter official.""}}",2023-11-04T21:09:09
411,Forecast 411,"{""forecast_id"": ""FCAST-411"", ""series"": [{""x"": [""2025-01"", ""2025-02"", ""2025-03"", ""2025-04"", ""2025-05"", ""2025-06""], ""y"": [8585.01, 42031.35, 10757.03, 24826.13, 1278.93, 39011.27]}], ""meta"": {""created_by"": ""John Jones"", ""notes"": ""School center factor fear economic.""}}",2024-07-16T02:53:06
412,Forecast 412,"{""forecast_id"": ""FCAST-412"", ""series"": [{""x"": [""2025-01"", ""2025-02"", ""2025-03"", ""2025-04"", ""2025-05"", ""2025-06""], ""y"": [40533.33, 45365.09, 38850.67, 3149.86, 9951.21, 17663.45]}], ""meta"": {""created_by"": ""David Abbott"", ""notes"": ""Power course century she hope decade maybe military.""}}",2023-11-03T16:52:47
413,Forecast 413,"{""forecast_id"": ""FCAST-413"", ""series"": [{""x"": [""2025-01"", ""2025-02"", ""2025-03"", ""2025-04"", ""2025-05"", ""2025-06""], ""y"": [34468.62, 42431.38, 12207.89, 22788.65, 35338.22, 45671.1]}], ""meta"": {""created_by"": ""Robert Davidson"", ""notes"": ""Between wear decision civil treat enter.""}}",2024-11-02T07:24:45
414,Forecast 414,"{""forecast_id"": ""FCAST-414"", ""series"": [{""x"": [""2025-01"", ""2025-02"", ""2025-03"", ""2025-04"", ""2025-05"", ""2025-06""], ""y"": [5975.35, 7821.06, 37277.46, 47386.95, 28575.77, 22466.77]}], ""meta"": {""created_by"": ""Amanda Knox"", ""notes"": ""Control voice before may American they note.""}}",2025-02-20T15:15:06
415,Forecast 415,"{""forecast_id"": ""FCAST-415"", ""series"": [{""x"": [""2025-01"", ""2025-02"", ""2025-03"", ""2025-04"", ""2025-05"", ""2025-06""], ""y"": [18967.11, 35247.14, 2006.34, 26733.59, 34996.79, 32106.77]}], ""meta"": {""created_by"": ""Mark Nelson"", ""notes"": ""Test manage whom side later.""}}",2023-11-13T02:57:16
416,Forecast 416,"{""forecast_id"": ""FCAST-416"", ""series"": [{""x"": [""2025-01"", ""2025-02"", ""2025-03"", ""2025-04"", ""2025-05"", ""2025-06""], ""y"": [6210.08, 24209.24, 14666.21, 28306.8, 21690.51, 4193.59]}], ""meta"": {""created_by"": ""Mark Hull"", ""notes"": ""Investment within soldier three.""}}",2023-11-23T06:39:24
417,Forecast 417,"{""forecast_id"": ""FCAST-417"", ""series"": [{""x"": [""2025-01"", ""2025-02"", ""2025-03"", ""2025-04"", ""2025-05"", ""2025-06""], ""y"": [13876.0, 47484.44, 18524.49, 20665.02, 46044.45, 45424.2]}], ""meta"": {""created_by"": ""Lindsey Hebert"", ""notes"": ""Opportunity total next when.""}}",2023-12-06T06:00:14
418,Forecast 418,"{""forecast_id"": ""FCAST-418"", ""series"": [{""x"": [""2025-01"", ""2025-02"", ""2025-03"", ""2025-04"", ""2025-05"", ""2025-06""], ""y"": [43901.12, 6929.53, 8937.77, 28950.61, 33567.41, 22859.0]}], ""meta"": {""created_by"": ""Brenda Palmer"", ""notes"": ""Already walk foreign myself.""}}",2024-09-04T19:17:04
419,Forecast 419,"{""forecast_id"": ""FCAST-419"", ""series"": [{""x"": [""2025-01"", ""2025-02"", ""2025-03"", ""2025-04"", ""2025-05"", ""2025-06""], ""y"": [49829.5, 19292.53, 13887.33, 4274.13, 39709.91, 10090.0]}], ""meta"": {""created_by"": ""Kathryn Velasquez"", ""notes"": ""Set player enter control authority coach.""}}",2024-01-23T06:18:51
420,Forecast 420,"{""forecast_id"": ""FCAST-420"", ""series"": [{""x"": [""2025-01"", ""2025-02"", ""2025-03"", ""2025-04"", ""2025-05"", ""2025-06""], ""y"": [21249.53, 28423.66, 12380.17, 8221.97, 7527.53, 35372.22]}], ""meta"": {""created_by"": ""Joseph Schmidt"", ""notes"": ""Bank concern line result about law staff.""}}",2024-06-12T20:31:03
421,Forecast 421,"{""forecast_id"": ""FCAST-421"", ""series"": [{""x"": [""2025-01"", ""2025-02"", ""2025-03"", ""2025-04"", ""2025-05"", ""2025-06""], ""y"": [1548.49, 3939.71, 39616.27, 6524.88, 33629.65, 29693.07]}], ""meta"": {""created_by"": ""Shannon Kim"", ""notes"": ""Each everybody detail it surface security.""}}",2024-05-18T07:22:35
422,Forecast 422,"{""forecast_id"": ""FCAST-422"", ""series"": [{""x"": [""2025-01"", ""2025-02"", ""2025-03"", ""2025-04"", ""2025-05"", ""2025-06""], ""y"": [1434.02, 44138.85, 7716.03, 46115.85, 43168.7, 40260.04]}], ""meta"": {""created_by"": ""Paul Morales"", ""notes"": ""Adult easy allow woman lay high particularly.""}}",2023-12-07T06:09:08
423,Forecast 423,"{""forecast_id"": ""FCAST-423"", ""series"": [{""x"": [""2025-01"", ""2025-02"", ""2025-03"", ""2025-04"", ""2025-05"", ""2025-06""], ""y"": [10244.68, 24263.22, 24457.98, 5853.3, 20005.02, 32036.43]}], ""meta"": {""created_by"": ""Justin Jackson"", ""notes"": ""Day strong not health little.""}}",2025-05-03T16:59:07
424,Forecast 424,"{""forecast_id"": ""FCAST-424"", ""series"": [{""x"": [""2025-01"", ""2025-02"", ""2025-03"", ""2025-04"", ""2025-05"", ""2025-06""], ""y"": [27528.74, 40389.63, 8159.51, 7220.82, 25983.53, 43198.09]}], ""meta"": {""created_by"": ""Alicia Brown"", ""notes"": ""Baby company read carry their.""}}",2024-11-26T16:42:25
425,Forecast 425,"{""forecast_id"": ""FCAST-425"", ""series"": [{""x"": [""2025-01"", ""2025-02"", ""2025-03"", ""2025-04"", ""2025-05"", ""2025-06""], ""y"": [4331.71, 26155.84, 49380.72, 28741.71, 13106.32, 37917.27]}], ""meta"": {""created_by"": ""Julian Strickland"", ""notes"": ""Relationship go chance change everybody.""}}",2025-07-01T09:27:16
426,Forecast 426,"{""forecast_id"": ""FCAST-426"", ""series"": [{""x"": [""2025-01"", ""2025-02"", ""2025-03"", ""2025-04"", ""2025-05"", ""2025-06""], ""y"": [42148.78, 18724.4, 12041.76, 13860.95, 3923.98, 22161.68]}], ""meta"": {""created_by"": ""Cheryl Chen"", ""notes"": ""Remember just Republican firm forget artist structure.""}}",2025-09-16T07:10:01
427,Forecast 427,"{""forecast_id"": ""FCAST-427"", ""series"": [{""x"": [""2025-01"", ""2025-02"", ""2025-03"", ""2025-04"", ""2025-05"", ""2025-06""], ""y"": [43662.77, 39250.97, 2355.6, 33911.14, 46608.22, 20148.04]}], ""meta"": {""created_by"": ""Kelly Tate"", ""notes"": ""Fine like rich chance former.""}}",2024-06-06T13:28:21
428,Forecast 428,"{""forecast_id"": ""FCAST-428"", ""series"": [{""x"": [""2025-01"", ""2025-02"", ""2025-03"", ""2025-04"", ""2025-05"", ""2025-06""], ""y"": [30715.39, 43479.84, 37681.82, 7238.99, 31129.89, 39732.91]}], ""meta"": {""created_by"": ""Steven Mccarthy"", ""notes"": ""Summer card tax identify ball.""}}",2024-01-05T14:53:50
429,Forecast 429,"{""forecast_id"": ""FCAST-429"", ""series"": [{""x"": [""2025-01"", ""2025-02"", ""2025-03"", ""2025-04"", ""2025-05"", ""2025-06""], ""y"": [44548.46, 32656.01, 38016.08, 8706.97, 30349.96, 15093.76]}], ""meta"": {""created_by"": ""Laura Stevens"", ""notes"": ""Realize majority sense knowledge very bag consumer focus.""}}",2024-09-10T07:45:31
430,Forecast 430,"{""forecast_id"": ""FCAST-430"", ""series"": [{""x"": [""2025-01"", ""2025-02"", ""2025-03"", ""2025-04"", ""2025-05"", ""2025-06""], ""y"": [38881.86, 22204.33, 2514.79, 4250.36, 5157.29, 44690.87]}], ""meta"": {""created_by"": ""Dennis Pham"", ""notes"": ""Six audience organization the data sister those.""}}",2025-07-19T06:23:28
431,Forecast 431,"{""forecast_id"": ""FCAST-431"", ""series"": [{""x"": [""2025-01"", ""2025-02"", ""2025-03"", ""2025-04"", ""2025-05"", ""2025-06""], ""y"": [8132.63, 32428.61, 19106.54, 20270.1, 23760.85, 40533.76]}], ""meta"": {""created_by"": ""Matthew Henry"", ""notes"": ""Analysis character brother.""}}",2024-03-04T23:49:16
432,Forecast 432,"{""forecast_id"": ""FCAST-432"", ""series"": [{""x"": [""2025-01"", ""2025-02"", ""2025-03"", ""2025-04"", ""2025-05"", ""2025-06""], ""y"": [45938.43, 15871.35, 27229.26, 17027.3, 16098.95, 47476.3]}], ""meta"": {""created_by"": ""Robert Adkins"", ""notes"": ""Hot cost international dark dinner go result defense.""}}",2024-12-11T07:30:36
433,Forecast 433,"{""forecast_id"": ""FCAST-433"", ""series"": [{""x"": [""2025-01"", ""2025-02"", ""2025-03"", ""2025-04"", ""2025-05"", ""2025-06""], ""y"": [26060.56, 19918.6, 43686.79, 34734.13, 35067.23, 46249.25]}], ""meta"": {""created_by"": ""Karina Griffin"", ""notes"": ""Pretty class debate concern go.""}}",2025-03-26T20:55:38
434,Forecast 434,"{""forecast_id"": ""FCAST-434"", ""series"": [{""x"": [""2025-01"", ""2025-02"", ""2025-03"", ""2025-04"", ""2025-05"", ""2025-06""], ""y"": [30655.04, 33389.43, 29125.42, 23997.08, 5458.4, 24994.1]}], ""meta"": {""created_by"": ""Kimberly Patterson"", ""notes"": ""Idea last full.""}}",2024-04-20T19:03:00
435,Forecast 435,"{""forecast_id"": ""FCAST-435"", ""series"": [{""x"": [""2025-01"", ""2025-02"", ""2025-03"", ""2025-04"", ""2025-05"", ""2025-06""], ""y"": [17778.09, 26332.88, 31936.93, 13328.05, 14142.37, 14291.31]}], ""meta"": {""created_by"": ""Michael Monroe"", ""notes"": ""Daughter capital after late west course heavy.""}}",2024-03-26T17:35:27
436,Forecast 436,"{""forecast_id"": ""FCAST-436"", ""series"": [{""x"": [""2025-01"", ""2025-02"", ""2025-03"", ""2025-04"", ""2025-05"", ""2025-06""], ""y"": [15158.4, 26162.38, 16339.53, 45384.73, 45453.66, 28734.73]}], ""meta"": {""created_by"": ""Rebecca Kirby"", ""notes"": ""Others often treat traditional guy traditional political.""}}",2023-12-04T07:41:32
437,Forecast 437,"{""forecast_id"": ""FCAST-437"", ""series"": [{""x"": [""2025-01"", ""2025-02"", ""2025-03"", ""2025-04"", ""2025-05"", ""2025-06""], ""y"": [18077.15, 16011.03, 41461.03, 26365.92, 21165.42, 13931.6]}], ""meta"": {""created_by"": ""Pamela Martin"", ""notes"": ""How TV east.""}}",2023-12-19T18:18:16
438,Forecast 438,"{""forecast_id"": ""FCAST-438"", ""series"": [{""x"": [""2025-01"", ""2025-02"", ""2025-03"", ""2025-04"", ""2025-05"", ""2025-06""], ""y"": [21768.56, 33296.45, 38647.39, 44636.97, 7824.61, 38725.54]}], ""meta"": {""created_by"": ""Timothy Bryant"", ""notes"": ""Agreement career smile value.""}}",2025-07-23T14:58:37
439,Forecast 439,"{""forecast_id"": ""FCAST-439"", ""series"": [{""x"": [""2025-01"", ""2025-02"", ""2025-03"", ""2025-04"", ""2025-05"", ""2025-06""], ""y"": [15455.75, 34668.07, 18712.86, 27596.02, 16735.98, 40103.5]}], ""meta"": {""created_by"": ""Dr. John Higgins"", ""notes"": ""So require husband share.""}}",2024-03-20T07:29:34
440,Forecast 440,"{""forecast_id"": ""FCAST-440"", ""series"": [{""x"": [""2025-01"", ""2025-02"", ""2025-03"", ""2025-04"", ""2025-05"", ""2025-06""], ""y"": [29505.7, 9497.36, 36505.04, 43931.14, 32291.17, 11080.96]}], ""meta"": {""created_by"": ""Richard Patel"", ""notes"": ""Tonight think hand.""}}",2025-02-24T02:06:49
441,Forecast 441,"{""forecast_id"": ""FCAST-441"", ""series"": [{""x"": [""2025-01"", ""2025-02"", ""2025-03"", ""2025-04"", ""2025-05"", ""2025-06""], ""y"": [39707.31, 41689.07, 9970.81, 32726.39, 25350.83, 13036.06]}], ""meta"": {""created_by"": ""Jillian Baker"", ""notes"": ""But collection safe stop.""}}",2025-10-03T04:34:18
442,Forecast 442,"{""forecast_id"": ""FCAST-442"", ""series"": [{""x"": [""2025-01"", ""2025-02"", ""2025-03"", ""2025-04"", ""2025-05"", ""2025-06""], ""y"": [24732.82, 14266.28, 28841.28, 27333.02, 8170.66, 30693.2]}], ""meta"": {""created_by"": ""Jessica Hughes"", ""notes"": ""Around realize network economy easy charge.""}}",2024-05-29T09:21:51
443,Forecast 443,"{""forecast_id"": ""FCAST-443"", ""series"": [{""x"": [""2025-01"", ""2025-02"", ""2025-03"", ""2025-04"", ""2025-05"", ""2025-06""], ""y"": [13374.25, 48359.17, 40842.61, 49209.51, 1160.09, 10257.48]}], ""meta"": {""created_by"": ""Monica Livingston"", ""notes"": ""Land task space size month lawyer.""}}",2025-06-04T03:22:53
444,Forecast 444,"{""forecast_id"": ""FCAST-444"", ""series"": [{""x"": [""2025-01"", ""2025-02"", ""2025-03"", ""2025-04"", ""2025-05"", ""2025-06""], ""y"": [46771.98, 46462.48, 23283.27, 49551.83, 29595.6, 14577.49]}], ""meta"": {""created_by"": ""Michael Ramirez"", ""notes"": ""Part ability good tell since technology.""}}",2024-06-27T04:05:55
445,Forecast 445,"{""forecast_id"": ""FCAST-445"", ""series"": [{""x"": [""2025-01"", ""2025-02"", ""2025-03"", ""2025-04"", ""2025-05"", ""2025-06""], ""y"": [28805.23, 10760.31, 3498.66, 21957.66, 49103.14, 30168.32]}], ""meta"": {""created_by"": ""Andrew Ball"", ""notes"": ""Dream teach what fire top.""}}",2024-09-24T17:52:47
446,Forecast 446,"{""forecast_id"": ""FCAST-446"", ""series"": [{""x"": [""2025-01"", ""2025-02"", ""2025-03"", ""2025-04"", ""2025-05"", ""2025-06""], ""y"": [24342.04, 19957.35, 6852.79, 9874.13, 18705.41, 40263.69]}], ""meta"": {""created_by"": ""Rose Hampton"", ""notes"": ""International raise task government.""}}",2024-09-18T15:25:30
447,Forecast 447,"{""forecast_id"": ""FCAST-447"", ""series"": [{""x"": [""2025-01"", ""2025-02"", ""2025-03"", ""2025-04"", ""2025-05"", ""2025-06""], ""y"": [3670.61, 42511.56, 14590.45, 27876.04, 14152.3, 39409.66]}], ""meta"": {""created_by"": ""Richard Medina"", ""notes"": ""Surface speak produce form probably meeting above.""}}",2024-07-10T09:22:16
448,Forecast 448,"{""forecast_id"": ""FCAST-448"", ""series"": [{""x"": [""2025-01"", ""2025-02"", ""2025-03"", ""2025-04"", ""2025-05"", ""2025-06""], ""y"": [46361.64, 34649.49, 11039.74, 44674.27, 28761.8, 1482.95]}], ""meta"": {""created_by"": ""Robert Velasquez"", ""notes"": ""Act goal open.""}}",2025-05-29T13:44:25
449,Forecast 449,"{""forecast_id"": ""FCAST-449"", ""series"": [{""x"": [""2025-01"", ""2025-02"", ""2025-03"", ""2025-04"", ""2025-05"", ""2025-06""], ""y"": [17542.69, 31593.64, 14581.52, 22060.33, 12293.93, 31297.28]}], ""meta"": {""created_by"": ""Christina Miller"", ""notes"": ""House ask protect explain environment candidate accept imagine.""}}",2025-01-11T07:24:43
450,Forecast 450,"{""forecast_id"": ""FCAST-450"", ""series"": [{""x"": [""2025-01"", ""2025-02"", ""2025-03"", ""2025-04"", ""2025-05"", ""2025-06""], ""y"": [28960.24, 14070.05, 28078.17, 42197.63, 8433.44, 28131.8]}], ""meta"": {""created_by"": ""Shawn Mitchell"", ""notes"": ""Or meeting top small especially too site.""}}",2024-05-19T20:48:00
451,Forecast 451,"{""forecast_id"": ""FCAST-451"", ""series"": [{""x"": [""2025-01"", ""2025-02"", ""2025-03"", ""2025-04"", ""2025-05"", ""2025-06""], ""y"": [16519.17, 11773.74, 40479.81, 41430.85, 10953.92, 31198.54]}], ""meta"": {""created_by"": ""Heather Ross"", ""notes"": ""Prove some election white student entire question.""}}",2025-10-26T21:18:06
452,Forecast 452,"{""forecast_id"": ""FCAST-452"", ""series"": [{""x"": [""2025-01"", ""2025-02"", ""2025-03"", ""2025-04"", ""2025-05"", ""2025-06""], ""y"": [47769.19, 5467.71, 37282.35, 48954.95, 14216.73, 24826.6]}], ""meta"": {""created_by"": ""Maria Pham"", ""notes"": ""Character natural generation seek require provide professor time.""}}",2024-10-06T01:58:51
453,Forecast 453,"{""forecast_id"": ""FCAST-453"", ""series"": [{""x"": [""2025-01"", ""2025-02"", ""2025-03"", ""2025-04"", ""2025-05"", ""2025-06""], ""y"": [5688.5, 42423.73, 11827.7, 23515.82, 9116.49, 9503.61]}], ""meta"": {""created_by"": ""Gregg Perez"", ""notes"": ""Determine whatever history support provide.""}}",2025-01-04T02:28:39
454,Forecast 454,"{""forecast_id"": ""FCAST-454"", ""series"": [{""x"": [""2025-01"", ""2025-02"", ""2025-03"", ""2025-04"", ""2025-05"", ""2025-06""], ""y"": [11796.74, 6261.96, 12699.77, 16116.22, 29402.24, 30386.1]}], ""meta"": {""created_by"": ""Kerri Camacho"", ""notes"": ""Rate keep of.""}}",2023-11-18T00:55:03
455,Forecast 455,"{""forecast_id"": ""FCAST-455"", ""series"": [{""x"": [""2025-01"", ""2025-02"", ""2025-03"", ""2025-04"", ""2025-05"", ""2025-06""], ""y"": [19948.46, 11456.0, 5917.96, 5017.86, 35908.83, 22683.85]}], ""meta"": {""created_by"": ""Stacie Brandt"", ""notes"": ""Theory few market example radio health stop.""}}",2025-10-27T01:32:50
456,Forecast 456,"{""forecast_id"": ""FCAST-456"", ""series"": [{""x"": [""2025-01"", ""2025-02"", ""2025-03"", ""2025-04"", ""2025-05"", ""2025-06""], ""y"": [37219.06, 19839.3, 31137.59, 19627.97, 27521.97, 14314.44]}], ""meta"": {""created_by"": ""James Martin"", ""notes"": ""Common put senior reality tough tough.""}}",2024-07-28T04:01:34
457,Forecast 457,"{""forecast_id"": ""FCAST-457"", ""series"": [{""x"": [""2025-01"", ""2025-02"", ""2025-03"", ""2025-04"", ""2025-05"", ""2025-06""], ""y"": [44208.51, 25084.47, 39689.8, 26672.83, 16781.92, 25452.58]}], ""meta"": {""created_by"": ""Robert Thompson"", ""notes"": ""May still foot.""}}",2025-04-17T17:09:54
458,Forecast 458,"{""forecast_id"": ""FCAST-458"", ""series"": [{""x"": [""2025-01"", ""2025-02"", ""2025-03"", ""2025-04"", ""2025-05"", ""2025-06""], ""y"": [31166.25, 42072.73, 30721.14, 19275.09, 35469.36, 30446.72]}], ""meta"": {""created_by"": ""James Moore"", ""notes"": ""American method six voice military.""}}",2025-10-25T18:57:47
459,Forecast 459,"{""forecast_id"": ""FCAST-459"", ""series"": [{""x"": [""2025-01"", ""2025-02"", ""2025-03"", ""2025-04"", ""2025-05"", ""2025-06""], ""y"": [35247.51, 19505.55, 39615.43, 11149.41, 16396.38, 20850.01]}], ""meta"": {""created_by"": ""Caitlyn Williams"", ""notes"": ""Country customer seem fund.""}}",2025-04-17T16:54:04
460,Forecast 460,"{""forecast_id"": ""FCAST-460"", ""series"": [{""x"": [""2025-01"", ""2025-02"", ""2025-03"", ""2025-04"", ""2025-05"", ""2025-06""], ""y"": [13189.52, 15243.26, 12313.88, 30421.35, 24015.94, 2189.52]}], ""meta"": {""created_by"": ""Carl Robinson"", ""notes"": ""Serve often happen decade fill beautiful.""}}",2024-10-26T01:42:44
461,Forecast 461,"{""forecast_id"": ""FCAST-461"", ""series"": [{""x"": [""2025-01"", ""2025-02"", ""2025-03"", ""2025-04"", ""2025-05"", ""2025-06""], ""y"": [46828.01, 12959.57, 35181.46, 23160.04, 40204.93, 20054.62]}], ""meta"": {""created_by"": ""John Wong"", ""notes"": ""Also despite they report consider.""}}",2024-02-20T21:17:36
462,Forecast 462,"{""forecast_id"": ""FCAST-462"", ""series"": [{""x"": [""2025-01"", ""2025-02"", ""2025-03"", ""2025-04"", ""2025-05"", ""2025-06""], ""y"": [17914.02, 19667.58, 25056.92, 36484.75, 45550.21, 5383.58]}], ""meta"": {""created_by"": ""Brandon Kim"", ""notes"": ""Care whom hope.""}}",2024-04-19T23:44:35
463,Forecast 463,"{""forecast_id"": ""FCAST-463"", ""series"": [{""x"": [""2025-01"", ""2025-02"", ""2025-03"", ""2025-04"", ""2025-05"", ""2025-06""], ""y"": [13491.36, 12199.28, 18963.14, 49857.85, 24448.01, 9258.54]}], ""meta"": {""created_by"": ""Angel Rojas"", ""notes"": ""Message war interest try lot.""}}",2024-11-05T07:40:42
464,Forecast 464,"{""forecast_id"": ""FCAST-464"", ""series"": [{""x"": [""2025-01"", ""2025-02"", ""2025-03"", ""2025-04"", ""2025-05"", ""2025-06""], ""y"": [42828.7, 32605.44, 30356.16, 40696.97, 42449.22, 48978.91]}], ""meta"": {""created_by"": ""Pamela Alexander"", ""notes"": ""Anyone beat analysis forget both think commercial.""}}",2025-05-14T15:45:07
465,Forecast 465,"{""forecast_id"": ""FCAST-465"", ""series"": [{""x"": [""2025-01"", ""2025-02"", ""2025-03"", ""2025-04"", ""2025-05"", ""2025-06""], ""y"": [18864.02, 38274.8, 5408.65, 45876.65, 5526.46, 35070.33]}], ""meta"": {""created_by"": ""Ralph Harris"", ""notes"": ""Simple century within PM president wind.""}}",2025-09-02T06:18:39
466,Forecast 466,"{""forecast_id"": ""FCAST-466"", ""series"": [{""x"": [""2025-01"", ""2025-02"", ""2025-03"", ""2025-04"", ""2025-05"", ""2025-06""], ""y"": [3453.19, 4883.51, 46668.49, 23201.94, 15364.49, 43066.51]}], ""meta"": {""created_by"": ""Wesley Howard"", ""notes"": ""Garden Mrs at start throw enter.""}}",2025-10-15T11:39:41
467,Forecast 467,"{""forecast_id"": ""FCAST-467"", ""series"": [{""x"": [""2025-01"", ""2025-02"", ""2025-03"", ""2025-04"", ""2025-05"", ""2025-06""], ""y"": [14647.16, 45882.18, 12225.34, 16268.32, 26504.89, 12358.97]}], ""meta"": {""created_by"": ""Michelle Johnson"", ""notes"": ""It head success different above in.""}}",2024-12-13T07:31:48
468,Forecast 468,"{""forecast_id"": ""FCAST-468"", ""series"": [{""x"": [""2025-01"", ""2025-02"", ""2025-03"", ""2025-04"", ""2025-05"", ""2025-06""], ""y"": [5521.28, 3555.18, 33076.47, 39428.88, 47738.11, 47133.93]}], ""meta"": {""created_by"": ""Justin Jones"", ""notes"": ""Then keep product.""}}",2024-02-25T03:08:32
469,Forecast 469,"{""forecast_id"": ""FCAST-469"", ""series"": [{""x"": [""2025-01"", ""2025-02"", ""2025-03"", ""2025-04"", ""2025-05"", ""2025-06""], ""y"": [9621.25, 27848.99, 47158.79, 44851.18, 12576.02, 40578.71]}], ""meta"": {""created_by"": ""Rachael Gray"", ""notes"": ""Seem school spring star box.""}}",2024-04-30T02:29:01
470,Forecast 470,"{""forecast_id"": ""FCAST-470"", ""series"": [{""x"": [""2025-01"", ""2025-02"", ""2025-03"", ""2025-04"", ""2025-05"", ""2025-06""], ""y"": [10573.87, 35913.92, 4301.72, 5974.0, 41047.2, 9757.8]}], ""meta"": {""created_by"": ""Kimberly Lewis"", ""notes"": ""Try me pull me.""}}",2025-06-05T16:10:49
471,Forecast 471,"{""forecast_id"": ""FCAST-471"", ""series"": [{""x"": [""2025-01"", ""2025-02"", ""2025-03"", ""2025-04"", ""2025-05"", ""2025-06""], ""y"": [7082.73, 23664.32, 38282.15, 36437.22, 8483.21, 46675.36]}], ""meta"": {""created_by"": ""Laura Oliver"", ""notes"": ""So brother cell ask.""}}",2025-05-27T19:26:15
472,Forecast 472,"{""forecast_id"": ""FCAST-472"", ""series"": [{""x"": [""2025-01"", ""2025-02"", ""2025-03"", ""2025-04"", ""2025-05"", ""2025-06""], ""y"": [13036.68, 1428.58, 42914.96, 38551.13, 26149.05, 2015.18]}], ""meta"": {""created_by"": ""Joseph Kerr"", ""notes"": ""Day close election box toward.""}}",2024-08-28T15:44:52
473,Forecast 473,"{""forecast_id"": ""FCAST-473"", ""series"": [{""x"": [""2025-01"", ""2025-02"", ""2025-03"", ""2025-04"", ""2025-05"", ""2025-06""], ""y"": [25720.98, 3785.65, 7612.51, 3368.88, 8639.56, 7482.26]}], ""meta"": {""created_by"": ""Meredith Cameron"", ""notes"": ""Present board serious test foreign lawyer magazine.""}}",2023-11-29T16:57:11
474,Forecast 474,"{""forecast_id"": ""FCAST-474"", ""series"": [{""x"": [""2025-01"", ""2025-02"", ""2025-03"", ""2025-04"", ""2025-05"", ""2025-06""], ""y"": [43222.73, 41879.72, 29119.36, 14684.58, 13043.66, 9582.11]}], ""meta"": {""created_by"": ""Angelica Montgomery"", ""notes"": ""According minute bring house collection reveal.""}}",2025-01-23T23:48:26
475,Forecast 475,"{""forecast_id"": ""FCAST-475"", ""series"": [{""x"": [""2025-01"", ""2025-02"", ""2025-03"", ""2025-04"", ""2025-05"", ""2025-06""], ""y"": [6383.93, 13162.53, 32366.67, 37971.17, 4286.63, 19493.83]}], ""meta"": {""created_by"": ""Jennifer David"", ""notes"": ""Ok important send room.""}}",2025-08-22T16:54:33
476,Forecast 476,"{""forecast_id"": ""FCAST-476"", ""series"": [{""x"": [""2025-01"", ""2025-02"", ""2025-03"", ""2025-04"", ""2025-05"", ""2025-06""], ""y"": [1028.1, 23577.86, 40143.06, 34198.75, 20355.83, 27531.98]}], ""meta"": {""created_by"": ""Jeffrey Payne"", ""notes"": ""Prevent without model nice practice style surface.""}}",2025-05-19T04:07:38
477,Forecast 477,"{""forecast_id"": ""FCAST-477"", ""series"": [{""x"": [""2025-01"", ""2025-02"", ""2025-03"", ""2025-04"", ""2025-05"", ""2025-06""], ""y"": [20791.02, 26727.49, 48143.14, 47220.98, 18342.84, 30670.34]}], ""meta"": {""created_by"": ""Hayden Moore"", ""notes"": ""Occur too authority year civil head serve.""}}",2024-04-02T09:12:16
478,Forecast 478,"{""forecast_id"": ""FCAST-478"", ""series"": [{""x"": [""2025-01"", ""2025-02"", ""2025-03"", ""2025-04"", ""2025-05"", ""2025-06""], ""y"": [36199.44, 37717.82, 37829.93, 26650.05, 20976.24, 25654.47]}], ""meta"": {""created_by"": ""John Sullivan"", ""notes"": ""Item attack feel and.""}}",2025-03-14T13:16:27
479,Forecast 479,"{""forecast_id"": ""FCAST-479"", ""series"": [{""x"": [""2025-01"", ""2025-02"", ""2025-03"", ""2025-04"", ""2025-05"", ""2025-06""], ""y"": [25486.61, 40437.1, 11137.76, 30390.11, 19007.56, 15623.67]}], ""meta"": {""created_by"": ""Mr. Robert Ryan MD"", ""notes"": ""Least benefit authority eight during.""}}",2025-04-23T09:52:21
480,Forecast 480,"{""forecast_id"": ""FCAST-480"", ""series"": [{""x"": [""2025-01"", ""2025-02"", ""2025-03"", ""2025-04"", ""2025-05"", ""2025-06""], ""y"": [30615.39, 21208.24, 19421.27, 19307.55, 16412.71, 10736.44]}], ""meta"": {""created_by"": ""Jo Wall"", ""notes"": ""That little across though consumer according voice.""}}",2025-08-25T20:06:14
481,Forecast 481,"{""forecast_id"": ""FCAST-481"", ""series"": [{""x"": [""2025-01"", ""2025-02"", ""2025-03"", ""2025-04"", ""2025-05"", ""2025-06""], ""y"": [1786.04, 22341.34, 32284.23, 8211.34, 43394.66, 39735.69]}], ""meta"": {""created_by"": ""Susan Rodriguez"", ""notes"": ""Morning ever whatever many.""}}",2024-07-02T00:33:18
482,Forecast 482,"{""forecast_id"": ""FCAST-482"", ""series"": [{""x"": [""2025-01"", ""2025-02"", ""2025-03"", ""2025-04"", ""2025-05"", ""2025-06""], ""y"": [37712.04, 32804.49, 15796.63, 12980.1, 1802.52, 12126.5]}], ""meta"": {""created_by"": ""Abigail Solomon"", ""notes"": ""Participant establish it market.""}}",2024-09-15T01:17:10
483,Forecast 483,"{""forecast_id"": ""FCAST-483"", ""series"": [{""x"": [""2025-01"", ""2025-02"", ""2025-03"", ""2025-04"", ""2025-05"", ""2025-06""], ""y"": [22512.28, 24852.02, 23851.1, 23795.03, 44236.79, 23701.67]}], ""meta"": {""created_by"": ""Kimberly Fisher"", ""notes"": ""Strong agent voice Congress.""}}",2024-12-05T19:06:38
484,Forecast 484,"{""forecast_id"": ""FCAST-484"", ""series"": [{""x"": [""2025-01"", ""2025-02"", ""2025-03"", ""2025-04"", ""2025-05"", ""2025-06""], ""y"": [21374.2, 3515.97, 47438.55, 44954.9, 46214.59, 15475.49]}], ""meta"": {""created_by"": ""Patricia Griffin"", ""notes"": ""Wait pay sit century story phone quality.""}}",2025-05-04T13:00:28
485,Forecast 485,"{""forecast_id"": ""FCAST-485"", ""series"": [{""x"": [""2025-01"", ""2025-02"", ""2025-03"", ""2025-04"", ""2025-05"", ""2025-06""], ""y"": [3602.85, 23789.38, 19941.29, 33018.17, 22235.73, 30313.59]}], ""meta"": {""created_by"": ""Ashley Wilson"", ""notes"": ""People anything popular travel begin.""}}",2025-07-09T14:55:07
486,Forecast 486,"{""forecast_id"": ""FCAST-486"", ""series"": [{""x"": [""2025-01"", ""2025-02"", ""2025-03"", ""2025-04"", ""2025-05"", ""2025-06""], ""y"": [18383.94, 26115.51, 24378.3, 46764.88, 43562.82, 24493.47]}], ""meta"": {""created_by"": ""Patricia Brown"", ""notes"": ""Boy plan room keep authority yourself name new.""}}",2024-03-10T15:33:29
487,Forecast 487,"{""forecast_id"": ""FCAST-487"", ""series"": [{""x"": [""2025-01"", ""2025-02"", ""2025-03"", ""2025-04"", ""2025-05"", ""2025-06""], ""y"": [18271.64, 10480.49, 46177.28, 9131.32, 49612.88, 8151.01]}], ""meta"": {""created_by"": ""Melissa Beck"", ""notes"": ""Reason better day.""}}",2025-05-30T05:40:50
488,Forecast 488,"{""forecast_id"": ""FCAST-488"", ""series"": [{""x"": [""2025-01"", ""2025-02"", ""2025-03"", ""2025-04"", ""2025-05"", ""2025-06""], ""y"": [35844.15, 14210.82, 2209.49, 11716.0, 26533.46, 2182.85]}], ""meta"": {""created_by"": ""Marie Smith"", ""notes"": ""Fly lot boy degree foreign.""}}",2025-10-13T23:25:17
489,Forecast 489,"{""forecast_id"": ""FCAST-489"", ""series"": [{""x"": [""2025-01"", ""2025-02"", ""2025-03"", ""2025-04"", ""2025-05"", ""2025-06""], ""y"": [20767.19, 40127.05, 23554.26, 31466.86, 14961.43, 3494.9]}], ""meta"": {""created_by"": ""Mrs. April Perez"", ""notes"": ""Avoid worry peace.""}}",2025-01-04T13:47:24
490,Forecast 490,"{""forecast_id"": ""FCAST-490"", ""series"": [{""x"": [""2025-01"", ""2025-02"", ""2025-03"", ""2025-04"", ""2025-05"", ""2025-06""], ""y"": [26332.88, 7041.59, 22481.49, 24888.32, 38418.34, 2771.64]}], ""meta"": {""created_by"": ""Lynn Taylor"", ""notes"": ""Easy book American thing.""}}",2024-08-26T19:48:07
491,Forecast 491,"{""forecast_id"": ""FCAST-491"", ""series"": [{""x"": [""2025-01"", ""2025-02"", ""2025-03"", ""2025-04"", ""2025-05"", ""2025-06""], ""y"": [39186.09, 36704.56, 28751.18, 4297.17, 48438.34, 46714.43]}], ""meta"": {""created_by"": ""Alexander Greene"", ""notes"": ""Science may day same red.""}}",2025-02-07T15:10:18
492,Forecast 492,"{""forecast_id"": ""FCAST-492"", ""series"": [{""x"": [""2025-01"", ""2025-02"", ""2025-03"", ""2025-04"", ""2025-05"", ""2025-06""], ""y"": [19518.32, 33370.2, 22553.21, 36404.63, 14088.19, 7968.35]}], ""meta"": {""created_by"": ""Jennifer Campbell"", ""notes"": ""No senior future option ever stand.""}}",2024-10-08T19:47:54
493,Forecast 493,"{""forecast_id"": ""FCAST-493"", ""series"": [{""x"": [""2025-01"", ""2025-02"", ""2025-03"", ""2025-04"", ""2025-05"", ""2025-06""], ""y"": [45834.75, 5566.29, 19810.59, 20325.57, 3052.69, 15842.6]}], ""meta"": {""created_by"": ""Erika Barnes"", ""notes"": ""Receive move economic build.""}}",2025-01-14T21:33:00
494,Forecast 494,"{""forecast_id"": ""FCAST-494"", ""series"": [{""x"": [""2025-01"", ""2025-02"", ""2025-03"", ""2025-04"", ""2025-05"", ""2025-06""], ""y"": [47724.42, 10530.18, 28895.45, 21461.86, 41470.18, 8430.68]}], ""meta"": {""created_by"": ""Curtis Carpenter"", ""notes"": ""Car prepare American fund western to raise.""}}",2025-10-30T15:53:11
495,Forecast 495,"{""forecast_id"": ""FCAST-495"", ""series"": [{""x"": [""2025-01"", ""2025-02"", ""2025-03"", ""2025-04"", ""2025-05"", ""2025-06""], ""y"": [27805.74, 13502.25, 45887.49, 1027.78, 4245.18, 43083.19]}], ""meta"": {""created_by"": ""Ashley Perez"", ""notes"": ""Space hour daughter economic.""}}",2025-01-14T17:39:25
496,Forecast 496,"{""forecast_id"": ""FCAST-496"", ""series"": [{""x"": [""2025-01"", ""2025-02"", ""2025-03"", ""2025-04"", ""2025-05"", ""2025-06""], ""y"": [14009.88, 24650.56, 4238.36, 23947.02, 49078.67, 46316.27]}], ""meta"": {""created_by"": ""Kenneth Parks"", ""notes"": ""Public may begin truth full reflect.""}}",2025-07-24T12:42:14
497,Forecast 497,"{""forecast_id"": ""FCAST-497"", ""series"": [{""x"": [""2025-01"", ""2025-02"", ""2025-03"", ""2025-04"", ""2025-05"", ""2025-06""], ""y"": [25180.63, 4918.51, 23520.71, 45070.86, 31223.12, 48993.45]}], ""meta"": {""created_by"": ""Matthew Taylor"", ""notes"": ""Baby magazine wrong summer test.""}}",2025-08-01T03:08:15
498,Forecast 498,"{""forecast_id"": ""FCAST-498"", ""series"": [{""x"": [""2025-01"", ""2025-02"", ""2025-03"", ""2025-04"", ""2025-05"", ""2025-06""], ""y"": [42679.1, 47827.75, 13646.08, 28369.86, 44569.34, 40904.64]}], ""meta"": {""created_by"": ""Michael Barker"", ""notes"": ""But in suddenly now although.""}}",2025-08-29T00:59:38
499,Forecast 499,"{""forecast_id"": ""FCAST-499"", ""series"": [{""x"": [""2025-01"", ""2025-02"", ""2025-03"", ""2025-04"", ""2025-05"", ""2025-06""], ""y"": [17199.39, 33582.13, 26808.75, 33719.84, 41932.57, 29899.2]}], ""meta"": {""created_by"": ""Pamela Wolfe"", ""notes"": ""Cup brother keep piece.""}}",2023-12-02T19:08:11
500,Forecast 500,"{""forecast_id"": ""FCAST-500"", ""series"": [{""x"": [""2025-01"", ""2025-02"", ""2025-03"", ""2025-04"", ""2025-05"", ""2025-06""], ""y"": [34447.47, 40503.26, 39136.51, 13019.53, 40931.66, 22259.79]}], ""meta"": {""created_by"": ""Olivia Moody"", ""notes"": ""Threat evening fall material.""}}",2025-04-16T14:18:22
501,Forecast 501,"{""forecast_id"": ""FCAST-501"", ""series"": [{""x"": [""2025-01"", ""2025-02"", ""2025-03"", ""2025-04"", ""2025-05"", ""2025-06""], ""y"": [14337.24, 47057.06, 15727.88, 48665.3, 49574.33, 3513.04]}], ""meta"": {""created_by"": ""Christina Osborn"", ""notes"": ""Whose leader popular political.""}}",2025-08-10T13:39:45
502,Forecast 502,"{""forecast_id"": ""FCAST-502"", ""series"": [{""x"": [""2025-01"", ""2025-02"", ""2025-03"", ""2025-04"", ""2025-05"", ""2025-06""], ""y"": [29992.95, 40282.02, 13624.47, 41379.38, 28195.69, 42379.92]}], ""meta"": {""created_by"": ""Heidi Johnson"", ""notes"": ""Race current man.""}}",2025-03-20T08:27:46
503,Forecast 503,"{""forecast_id"": ""FCAST-503"", ""series"": [{""x"": [""2025-01"", ""2025-02"", ""2025-03"", ""2025-04"", ""2025-05"", ""2025-06""], ""y"": [11728.68, 47852.66, 23753.03, 8509.65, 5831.26, 27568.25]}], ""meta"": {""created_by"": ""Andrew Hale"", ""notes"": ""Task just professor soon.""}}",2025-07-26T13:41:27
504,Forecast 504,"{""forecast_id"": ""FCAST-504"", ""series"": [{""x"": [""2025-01"", ""2025-02"", ""2025-03"", ""2025-04"", ""2025-05"", ""2025-06""], ""y"": [18786.65, 37383.65, 21545.28, 17229.44, 4975.33, 8959.83]}], ""meta"": {""created_by"": ""Micheal Galvan"", ""notes"": ""Above hold officer reach lot best let.""}}",2025-05-02T19:59:45
505,Forecast 505,"{""forecast_id"": ""FCAST-505"", ""series"": [{""x"": [""2025-01"", ""2025-02"", ""2025-03"", ""2025-04"", ""2025-05"", ""2025-06""], ""y"": [24577.51, 46492.08, 4249.71, 16383.89, 44576.02, 22345.55]}], ""meta"": {""created_by"": ""Laura Walker"", ""notes"": ""Any fly decide decade page defense.""}}",2024-09-04T08:45:28
506,Forecast 506,"{""forecast_id"": ""FCAST-506"", ""series"": [{""x"": [""2025-01"", ""2025-02"", ""2025-03"", ""2025-04"", ""2025-05"", ""2025-06""], ""y"": [40937.98, 8548.25, 24185.53, 2499.18, 46942.11, 6793.09]}], ""meta"": {""created_by"": ""Dylan Hanna"", ""notes"": ""Customer hospital ten police who.""}}",2024-12-25T02:27:07
507,Forecast 507,"{""forecast_id"": ""FCAST-507"", ""series"": [{""x"": [""2025-01"", ""2025-02"", ""2025-03"", ""2025-04"", ""2025-05"", ""2025-06""], ""y"": [12548.43, 44076.19, 25101.18, 47955.44, 29832.74, 20860.57]}], ""meta"": {""created_by"": ""Kimberly Parker"", ""notes"": ""Boy together drop off site change.""}}",2025-02-09T09:56:28
508,Forecast 508,"{""forecast_id"": ""FCAST-508"", ""series"": [{""x"": [""2025-01"", ""2025-02"", ""2025-03"", ""2025-04"", ""2025-05"", ""2025-06""], ""y"": [42623.05, 15036.91, 30918.06, 9079.83, 8800.41, 17030.0]}], ""meta"": {""created_by"": ""Michael Gonzalez"", ""notes"": ""Task road require cost exactly card population.""}}",2025-08-17T02:42:17
509,Forecast 509,"{""forecast_id"": ""FCAST-509"", ""series"": [{""x"": [""2025-01"", ""2025-02"", ""2025-03"", ""2025-04"", ""2025-05"", ""2025-06""], ""y"": [19465.53, 5061.04, 5022.65, 40013.52, 1416.0, 27478.15]}], ""meta"": {""created_by"": ""Holly King"", ""notes"": ""Reflect card authority baby.""}}",2025-07-01T21:22:04
510,Forecast 510,"{""forecast_id"": ""FCAST-510"", ""series"": [{""x"": [""2025-01"", ""2025-02"", ""2025-03"", ""2025-04"", ""2025-05"", ""2025-06""], ""y"": [25139.78, 5523.44, 48532.95, 40596.83, 32750.52, 49600.03]}], ""meta"": {""created_by"": ""Jasmine Sanchez"", ""notes"": ""Contain dog grow beat ready five attention.""}}",2024-12-19T18:22:02
511,Forecast 511,"{""forecast_id"": ""FCAST-511"", ""series"": [{""x"": [""2025-01"", ""2025-02"", ""2025-03"", ""2025-04"", ""2025-05"", ""2025-06""], ""y"": [1102.28, 9701.08, 7540.68, 49201.35, 18971.58, 34597.42]}], ""meta"": {""created_by"": ""Shaun Young"", ""notes"": ""Leg tough decide expert by must.""}}",2024-10-12T11:06:50
512,Forecast 512,"{""forecast_id"": ""FCAST-512"", ""series"": [{""x"": [""2025-01"", ""2025-02"", ""2025-03"", ""2025-04"", ""2025-05"", ""2025-06""], ""y"": [41511.11, 18505.27, 29027.87, 2981.06, 44751.11, 17176.95]}], ""meta"": {""created_by"": ""Sarah Lawrence"", ""notes"": ""House expert own yourself.""}}",2024-03-05T10:03:29
513,Forecast 513,"{""forecast_id"": ""FCAST-513"", ""series"": [{""x"": [""2025-01"", ""2025-02"", ""2025-03"", ""2025-04"", ""2025-05"", ""2025-06""], ""y"": [2908.17, 29560.31, 49421.05, 31103.8, 41250.06, 10420.16]}], ""meta"": {""created_by"": ""Kevin Rodriguez DDS"", ""notes"": ""Community rather would difference do.""}}",2023-11-03T06:32:17
514,Forecast 514,"{""forecast_id"": ""FCAST-514"", ""series"": [{""x"": [""2025-01"", ""2025-02"", ""2025-03"", ""2025-04"", ""2025-05"", ""2025-06""], ""y"": [9326.79, 20152.34, 49680.58, 6269.39, 30075.14, 31156.32]}], ""meta"": {""created_by"": ""Jesse Sharp"", ""notes"": ""Show become back describe finally.""}}",2024-05-01T17:58:44
515,Forecast 515,"{""forecast_id"": ""FCAST-515"", ""series"": [{""x"": [""2025-01"", ""2025-02"", ""2025-03"", ""2025-04"", ""2025-05"", ""2025-06""], ""y"": [26778.29, 41758.31, 14937.8, 4182.18, 30702.22, 13739.13]}], ""meta"": {""created_by"": ""Thomas Donaldson"", ""notes"": ""Responsibility son couple this.""}}",2024-12-20T23:33:11
516,Forecast 516,"{""forecast_id"": ""FCAST-516"", ""series"": [{""x"": [""2025-01"", ""2025-02"", ""2025-03"", ""2025-04"", ""2025-05"", ""2025-06""], ""y"": [32529.74, 35297.19, 5709.89, 30717.7, 34762.57, 2569.65]}], ""meta"": {""created_by"": ""Gregory Brown"", ""notes"": ""Necessary professional hard nation.""}}",2025-07-16T17:25:38
517,Forecast 517,"{""forecast_id"": ""FCAST-517"", ""series"": [{""x"": [""2025-01"", ""2025-02"", ""2025-03"", ""2025-04"", ""2025-05"", ""2025-06""], ""y"": [42755.67, 33585.42, 35050.53, 40703.27, 18578.84, 25934.92]}], ""meta"": {""created_by"": ""James Young Jr."", ""notes"": ""Spring sing like level report.""}}",2024-09-28T13:29:03
518,Forecast 518,"{""forecast_id"": ""FCAST-518"", ""series"": [{""x"": [""2025-01"", ""2025-02"", ""2025-03"", ""2025-04"", ""2025-05"", ""2025-06""], ""y"": [15389.01, 35577.21, 20653.61, 40541.33, 12521.13, 49245.33]}], ""meta"": {""created_by"": ""Darren Preston"", ""notes"": ""Evening blood woman ever win add inside.""}}",2023-12-06T16:41:40
519,Forecast 519,"{""forecast_id"": ""FCAST-519"", ""series"": [{""x"": [""2025-01"", ""2025-02"", ""2025-03"", ""2025-04"", ""2025-05"", ""2025-06""], ""y"": [16156.98, 17003.87, 12793.38, 8287.32, 8605.73, 4893.2]}], ""meta"": {""created_by"": ""John Moody"", ""notes"": ""Company trade improve after want.""}}",2024-09-21T17:16:29
520,Forecast 520,"{""forecast_id"": ""FCAST-520"", ""series"": [{""x"": [""2025-01"", ""2025-02"", ""2025-03"", ""2025-04"", ""2025-05"", ""2025-06""], ""y"": [29796.47, 6768.19, 6276.05, 22997.09, 8317.01, 4598.67]}], ""meta"": {""created_by"": ""Ashley Mccann"", ""notes"": ""From poor plan.""}}",2024-01-14T05:59:23
521,Forecast 521,"{""forecast_id"": ""FCAST-521"", ""series"": [{""x"": [""2025-01"", ""2025-02"", ""2025-03"", ""2025-04"", ""2025-05"", ""2025-06""], ""y"": [38747.97, 34698.56, 29384.24, 36213.38, 22331.41, 7008.31]}], ""meta"": {""created_by"": ""Christina Jensen"", ""notes"": ""Two response morning college.""}}",2024-07-18T14:39:38
522,Forecast 522,"{""forecast_id"": ""FCAST-522"", ""series"": [{""x"": [""2025-01"", ""2025-02"", ""2025-03"", ""2025-04"", ""2025-05"", ""2025-06""], ""y"": [32571.24, 47186.36, 28053.89, 29795.87, 46934.37, 11278.82]}], ""meta"": {""created_by"": ""Emily Fowler"", ""notes"": ""Role image training.""}}",2025-04-04T17:33:32
523,Forecast 523,"{""forecast_id"": ""FCAST-523"", ""series"": [{""x"": [""2025-01"", ""2025-02"", ""2025-03"", ""2025-04"", ""2025-05"", ""2025-06""], ""y"": [24188.19, 2657.97, 8670.02, 10382.94, 4236.71, 2537.6]}], ""meta"": {""created_by"": ""Tammy Burch"", ""notes"": ""Sometimes hotel box director lay conference cut partner.""}}",2025-03-14T04:41:06
524,Forecast 524,"{""forecast_id"": ""FCAST-524"", ""series"": [{""x"": [""2025-01"", ""2025-02"", ""2025-03"", ""2025-04"", ""2025-05"", ""2025-06""], ""y"": [42800.31, 13356.92, 10141.56, 25383.23, 33258.14, 20476.99]}], ""meta"": {""created_by"": ""Thomas Callahan"", ""notes"": ""Yourself recently catch prepare.""}}",2024-04-07T17:13:43
525,Forecast 525,"{""forecast_id"": ""FCAST-525"", ""series"": [{""x"": [""2025-01"", ""2025-02"", ""2025-03"", ""2025-04"", ""2025-05"", ""2025-06""], ""y"": [35747.94, 16855.4, 7512.26, 17018.5, 48368.16, 21695.07]}], ""meta"": {""created_by"": ""Robert Gardner"", ""notes"": ""Affect visit always decide size act.""}}",2024-08-29T19:28:31
526,Forecast 526,"{""forecast_id"": ""FCAST-526"", ""series"": [{""x"": [""2025-01"", ""2025-02"", ""2025-03"", ""2025-04"", ""2025-05"", ""2025-06""], ""y"": [16424.63, 45859.17, 28761.87, 35292.91, 1364.5, 39377.13]}], ""meta"": {""created_by"": ""Kayla Green DDS"", ""notes"": ""Official college pattern enough population radio recently nearly.""}}",2024-11-25T11:09:15
527,Forecast 527,"{""forecast_id"": ""FCAST-527"", ""series"": [{""x"": [""2025-01"", ""2025-02"", ""2025-03"", ""2025-04"", ""2025-05"", ""2025-06""], ""y"": [47760.19, 21374.25, 24857.82, 49430.07, 8260.22, 44326.74]}], ""meta"": {""created_by"": ""Michael Mckenzie"", ""notes"": ""War black radio theory environment conference how case.""}}",2025-05-21T21:19:48
528,Forecast 528,"{""forecast_id"": ""FCAST-528"", ""series"": [{""x"": [""2025-01"", ""2025-02"", ""2025-03"", ""2025-04"", ""2025-05"", ""2025-06""], ""y"": [12761.15, 30592.17, 47896.07, 45458.04, 36318.44, 21475.64]}], ""meta"": {""created_by"": ""Jacob Guzman"", ""notes"": ""Dark head help range black response whatever computer.""}}",2024-09-28T15:44:35
529,Forecast 529,"{""forecast_id"": ""FCAST-529"", ""series"": [{""x"": [""2025-01"", ""2025-02"", ""2025-03"", ""2025-04"", ""2025-05"", ""2025-06""], ""y"": [38772.14, 31945.36, 35856.9, 40210.22, 19278.17, 1134.13]}], ""meta"": {""created_by"": ""Kimberly Carroll"", ""notes"": ""Either charge address just huge.""}}",2025-01-11T10:00:56
530,Forecast 530,"{""forecast_id"": ""FCAST-530"", ""series"": [{""x"": [""2025-01"", ""2025-02"", ""2025-03"", ""2025-04"", ""2025-05"", ""2025-06""], ""y"": [24657.12, 41391.88, 25552.77, 11342.03, 17293.38, 33274.62]}], ""meta"": {""created_by"": ""Robert Richards"", ""notes"": ""Create assume recent.""}}",2025-07-29T00:23:30
531,Forecast 531,"{""forecast_id"": ""FCAST-531"", ""series"": [{""x"": [""2025-01"", ""2025-02"", ""2025-03"", ""2025-04"", ""2025-05"", ""2025-06""], ""y"": [37090.73, 25744.08, 27012.59, 44589.73, 49687.92, 31010.73]}], ""meta"": {""created_by"": ""Monica Lee"", ""notes"": ""Security son TV travel end street.""}}",2024-05-20T04:18:37
532,Forecast 532,"{""forecast_id"": ""FCAST-532"", ""series"": [{""x"": [""2025-01"", ""2025-02"", ""2025-03"", ""2025-04"", ""2025-05"", ""2025-06""], ""y"": [30999.0, 22311.95, 47541.03, 40213.69, 23292.67, 36236.25]}], ""meta"": {""created_by"": ""Garrett Kramer"", ""notes"": ""Party politics or take agree.""}}",2025-08-19T01:57:23
533,Forecast 533,"{""forecast_id"": ""FCAST-533"", ""series"": [{""x"": [""2025-01"", ""2025-02"", ""2025-03"", ""2025-04"", ""2025-05"", ""2025-06""], ""y"": [27809.04, 27400.82, 38032.91, 3181.17, 17297.66, 20959.48]}], ""meta"": {""created_by"": ""Michael Barron"", ""notes"": ""Add water prevent be.""}}",2024-10-15T20:03:08
534,Forecast 534,"{""forecast_id"": ""FCAST-534"", ""series"": [{""x"": [""2025-01"", ""2025-02"", ""2025-03"", ""2025-04"", ""2025-05"", ""2025-06""], ""y"": [31725.09, 39800.08, 24251.36, 44033.48, 46523.37, 45791.16]}], ""meta"": {""created_by"": ""Stephanie Gonzalez"", ""notes"": ""Trip son relationship contain serious source all.""}}",2025-08-29T05:59:29
535,Forecast 535,"{""forecast_id"": ""FCAST-535"", ""series"": [{""x"": [""2025-01"", ""2025-02"", ""2025-03"", ""2025-04"", ""2025-05"", ""2025-06""], ""y"": [30829.26, 12316.32, 16443.8, 29953.79, 23014.3, 15713.84]}], ""meta"": {""created_by"": ""Emma Morgan"", ""notes"": ""Pattern actually base because prevent war.""}}",2025-07-30T16:46:12
536,Forecast 536,"{""forecast_id"": ""FCAST-536"", ""series"": [{""x"": [""2025-01"", ""2025-02"", ""2025-03"", ""2025-04"", ""2025-05"", ""2025-06""], ""y"": [32950.68, 2896.81, 12244.17, 45314.64, 13452.95, 14002.93]}], ""meta"": {""created_by"": ""Richard Medina"", ""notes"": ""Real official street prevent which nature choice.""}}",2025-01-23T23:39:51
537,Forecast 537,"{""forecast_id"": ""FCAST-537"", ""series"": [{""x"": [""2025-01"", ""2025-02"", ""2025-03"", ""2025-04"", ""2025-05"", ""2025-06""], ""y"": [27006.4, 2986.66, 47648.42, 23013.25, 20452.03, 22070.53]}], ""meta"": {""created_by"": ""Stephanie Smith"", ""notes"": ""Kid meet wish picture area.""}}",2024-05-11T04:24:07
538,Forecast 538,"{""forecast_id"": ""FCAST-538"", ""series"": [{""x"": [""2025-01"", ""2025-02"", ""2025-03"", ""2025-04"", ""2025-05"", ""2025-06""], ""y"": [47973.23, 40317.17, 14408.1, 40906.81, 27780.75, 21421.0]}], ""meta"": {""created_by"": ""Mary Alvarez"", ""notes"": ""Consumer not under recent discussion.""}}",2024-03-14T16:33:28
539,Forecast 539,"{""forecast_id"": ""FCAST-539"", ""series"": [{""x"": [""2025-01"", ""2025-02"", ""2025-03"", ""2025-04"", ""2025-05"", ""2025-06""], ""y"": [25585.84, 47677.27, 39936.86, 32360.96, 16004.0, 30412.0]}], ""meta"": {""created_by"": ""Tyler Mccoy"", ""notes"": ""Father worker attention.""}}",2023-11-19T22:15:44
540,Forecast 540,"{""forecast_id"": ""FCAST-540"", ""series"": [{""x"": [""2025-01"", ""2025-02"", ""2025-03"", ""2025-04"", ""2025-05"", ""2025-06""], ""y"": [3508.59, 49454.55, 11457.31, 33403.14, 15090.3, 6677.71]}], ""meta"": {""created_by"": ""Lindsay Wilson"", ""notes"": ""Meeting read watch yourself provide nature.""}}",2025-08-11T20:59:58
541,Forecast 541,"{""forecast_id"": ""FCAST-541"", ""series"": [{""x"": [""2025-01"", ""2025-02"", ""2025-03"", ""2025-04"", ""2025-05"", ""2025-06""], ""y"": [12506.84, 49474.58, 28476.98, 17100.78, 27708.1, 10812.6]}], ""meta"": {""created_by"": ""Tracy Smith"", ""notes"": ""Town true change long hear.""}}",2024-06-06T02:51:19
542,Forecast 542,"{""forecast_id"": ""FCAST-542"", ""series"": [{""x"": [""2025-01"", ""2025-02"", ""2025-03"", ""2025-04"", ""2025-05"", ""2025-06""], ""y"": [34569.12, 4904.17, 32695.31, 47382.35, 2013.85, 7364.0]}], ""meta"": {""created_by"": ""Bill Moon Jr."", ""notes"": ""Agency cold street center quickly professional some.""}}",2025-08-27T16:33:58
543,Forecast 543,"{""forecast_id"": ""FCAST-543"", ""series"": [{""x"": [""2025-01"", ""2025-02"", ""2025-03"", ""2025-04"", ""2025-05"", ""2025-06""], ""y"": [37721.1, 13651.47, 33215.4, 33918.73, 21363.21, 45391.77]}], ""meta"": {""created_by"": ""Brandy Stephens"", ""notes"": ""Friend ago year relationship however laugh.""}}",2025-09-23T17:33:26
544,Forecast 544,"{""forecast_id"": ""FCAST-544"", ""series"": [{""x"": [""2025-01"", ""2025-02"", ""2025-03"", ""2025-04"", ""2025-05"", ""2025-06""], ""y"": [11000.57, 9031.46, 5782.61, 46655.33, 16165.13, 27573.66]}], ""meta"": {""created_by"": ""Seth Wong"", ""notes"": ""Measure mind night system reality thought.""}}",2025-02-18T07:50:30
545,Forecast 545,"{""forecast_id"": ""FCAST-545"", ""series"": [{""x"": [""2025-01"", ""2025-02"", ""2025-03"", ""2025-04"", ""2025-05"", ""2025-06""], ""y"": [27885.35, 4360.9, 49157.87, 43787.84, 42798.48, 1163.08]}], ""meta"": {""created_by"": ""Thomas Andrade"", ""notes"": ""Yourself within happy ball middle ask.""}}",2025-04-12T09:59:28
546,Forecast 546,"{""forecast_id"": ""FCAST-546"", ""series"": [{""x"": [""2025-01"", ""2025-02"", ""2025-03"", ""2025-04"", ""2025-05"", ""2025-06""], ""y"": [12738.02, 39154.58, 39926.9, 47273.83, 48292.04, 6555.17]}], ""meta"": {""created_by"": ""Austin Allen"", ""notes"": ""Choose because safe phone phone audience large.""}}",2023-12-17T01:04:41
547,Forecast 547,"{""forecast_id"": ""FCAST-547"", ""series"": [{""x"": [""2025-01"", ""2025-02"", ""2025-03"", ""2025-04"", ""2025-05"", ""2025-06""], ""y"": [23113.29, 6950.51, 38533.99, 39197.34, 23799.56, 6982.78]}], ""meta"": {""created_by"": ""Veronica Hopkins"", ""notes"": ""Then upon wear then early.""}}",2025-01-12T13:49:18
548,Forecast 548,"{""forecast_id"": ""FCAST-548"", ""series"": [{""x"": [""2025-01"", ""2025-02"", ""2025-03"", ""2025-04"", ""2025-05"", ""2025-06""], ""y"": [33731.92, 14636.73, 5080.14, 39661.0, 18308.77, 20006.15]}], ""meta"": {""created_by"": ""Brian Pham"", ""notes"": ""Cold responsibility participant similar cause.""}}",2024-05-16T10:54:11
549,Forecast 549,"{""forecast_id"": ""FCAST-549"", ""series"": [{""x"": [""2025-01"", ""2025-02"", ""2025-03"", ""2025-04"", ""2025-05"", ""2025-06""], ""y"": [10275.71, 47302.1, 36540.45, 45635.08, 31396.76, 48501.68]}], ""meta"": {""created_by"": ""Taylor Gregory"", ""notes"": ""Can kid season argue.""}}",2025-04-02T05:31:35
550,Forecast 550,"{""forecast_id"": ""FCAST-550"", ""series"": [{""x"": [""2025-01"", ""2025-02"", ""2025-03"", ""2025-04"", ""2025-05"", ""2025-06""], ""y"": [38557.71, 49614.03, 8952.31, 17762.96, 26582.25, 34786.96]}], ""meta"": {""created_by"": ""David Best II"", ""notes"": ""Question surface send candidate alone economic anything.""}}",2024-12-19T02:41:39
551,Forecast 551,"{""forecast_id"": ""FCAST-551"", ""series"": [{""x"": [""2025-01"", ""2025-02"", ""2025-03"", ""2025-04"", ""2025-05"", ""2025-06""], ""y"": [10514.35, 49564.56, 38108.4, 18217.75, 17668.86, 20074.63]}], ""meta"": {""created_by"": ""Julia Douglas"", ""notes"": ""Claim force with season one stay statement.""}}",2024-03-10T07:54:25
552,Forecast 552,"{""forecast_id"": ""FCAST-552"", ""series"": [{""x"": [""2025-01"", ""2025-02"", ""2025-03"", ""2025-04"", ""2025-05"", ""2025-06""], ""y"": [38081.06, 6074.9, 26108.57, 40778.66, 11405.64, 10317.04]}], ""meta"": {""created_by"": ""Antonio Brooks"", ""notes"": ""Writer green near by.""}}",2024-10-24T05:01:34
553,Forecast 553,"{""forecast_id"": ""FCAST-553"", ""series"": [{""x"": [""2025-01"", ""2025-02"", ""2025-03"", ""2025-04"", ""2025-05"", ""2025-06""], ""y"": [32236.97, 38899.71, 37638.98, 4278.13, 49658.09, 12110.81]}], ""meta"": {""created_by"": ""Nicole Green"", ""notes"": ""Store smile individual him relationship poor head international.""}}",2025-10-09T07:40:09
554,Forecast 554,"{""forecast_id"": ""FCAST-554"", ""series"": [{""x"": [""2025-01"", ""2025-02"", ""2025-03"", ""2025-04"", ""2025-05"", ""2025-06""], ""y"": [33194.26, 45731.26, 25224.38, 38771.11, 19976.5, 32483.84]}], ""meta"": {""created_by"": ""James Anderson"", ""notes"": ""Security growth action deep six poor.""}}",2024-12-20T19:38:26
555,Forecast 555,"{""forecast_id"": ""FCAST-555"", ""series"": [{""x"": [""2025-01"", ""2025-02"", ""2025-03"", ""2025-04"", ""2025-05"", ""2025-06""], ""y"": [10756.54, 3056.27, 23192.56, 1182.37, 18415.65, 49395.46]}], ""meta"": {""created_by"": ""Jason Huff"", ""notes"": ""How soon project set care election nor.""}}",2024-09-15T21:43:15
556,Forecast 556,"{""forecast_id"": ""FCAST-556"", ""series"": [{""x"": [""2025-01"", ""2025-02"", ""2025-03"", ""2025-04"", ""2025-05"", ""2025-06""], ""y"": [46762.08, 32787.12, 21361.15, 42038.44, 48509.6, 43238.34]}], ""meta"": {""created_by"": ""Mark Walton"", ""notes"": ""Method ready air.""}}",2025-07-12T11:32:06
557,Forecast 557,"{""forecast_id"": ""FCAST-557"", ""series"": [{""x"": [""2025-01"", ""2025-02"", ""2025-03"", ""2025-04"", ""2025-05"", ""2025-06""], ""y"": [5176.04, 42308.1, 30137.78, 28509.2, 6708.2, 7652.74]}], ""meta"": {""created_by"": ""Amanda Deleon"", ""notes"": ""Truth if lose wall cultural take.""}}",2025-05-17T17:27:31
558,Forecast 558,"{""forecast_id"": ""FCAST-558"", ""series"": [{""x"": [""2025-01"", ""2025-02"", ""2025-03"", ""2025-04"", ""2025-05"", ""2025-06""], ""y"": [25222.93, 49810.65, 36569.28, 17694.46, 31622.38, 2591.52]}], ""meta"": {""created_by"": ""Elizabeth Booth"", ""notes"": ""Add itself land enough.""}}",2024-02-25T21:17:51
559,Forecast 559,"{""forecast_id"": ""FCAST-559"", ""series"": [{""x"": [""2025-01"", ""2025-02"", ""2025-03"", ""2025-04"", ""2025-05"", ""2025-06""], ""y"": [41926.11, 16536.28, 16290.85, 41286.06, 15379.11, 43074.19]}], ""meta"": {""created_by"": ""Patrick Sexton"", ""notes"": ""Look conference maybe fire social security.""}}",2024-10-14T17:35:33
560,Forecast 560,"{""forecast_id"": ""FCAST-560"", ""series"": [{""x"": [""2025-01"", ""2025-02"", ""2025-03"", ""2025-04"", ""2025-05"", ""2025-06""], ""y"": [3690.74, 15710.05, 48239.82, 7709.05, 13655.79, 19599.48]}], ""meta"": {""created_by"": ""Kristen Mckinney"", ""notes"": ""Process six budget expert.""}}",2024-11-20T07:32:48
561,Forecast 561,"{""forecast_id"": ""FCAST-561"", ""series"": [{""x"": [""2025-01"", ""2025-02"", ""2025-03"", ""2025-04"", ""2025-05"", ""2025-06""], ""y"": [8498.8, 17657.12, 21189.46, 4645.47, 27017.15, 4680.47]}], ""meta"": {""created_by"": ""Randall Hull"", ""notes"": ""Still pass plan source property smile scientist.""}}",2025-06-27T18:58:46
562,Forecast 562,"{""forecast_id"": ""FCAST-562"", ""series"": [{""x"": [""2025-01"", ""2025-02"", ""2025-03"", ""2025-04"", ""2025-05"", ""2025-06""], ""y"": [16110.87, 15691.19, 2113.88, 49081.44, 17059.94, 35878.22]}], ""meta"": {""created_by"": ""Curtis Anderson"", ""notes"": ""Hair street particularly help discussion trial everybody.""}}",2024-03-06T17:58:08
563,Forecast 563,"{""forecast_id"": ""FCAST-563"", ""series"": [{""x"": [""2025-01"", ""2025-02"", ""2025-03"", ""2025-04"", ""2025-05"", ""2025-06""], ""y"": [43605.74, 46639.11, 30542.41, 42726.92, 18764.08, 5662.71]}], ""meta"": {""created_by"": ""Michael Spencer Jr."", ""notes"": ""Author perform six capital.""}}",2025-09-21T15:50:07
564,Forecast 564,"{""forecast_id"": ""FCAST-564"", ""series"": [{""x"": [""2025-01"", ""2025-02"", ""2025-03"", ""2025-04"", ""2025-05"", ""2025-06""], ""y"": [13945.79, 17355.47, 44532.01, 9948.33, 11403.21, 40218.21]}], ""meta"": {""created_by"": ""Christopher Burton"", ""notes"": ""Month these other imagine bit someone.""}}",2025-07-20T21:10:47
565,Forecast 565,"{""forecast_id"": ""FCAST-565"", ""series"": [{""x"": [""2025-01"", ""2025-02"", ""2025-03"", ""2025-04"", ""2025-05"", ""2025-06""], ""y"": [12344.45, 14549.23, 42231.89, 27960.21, 27524.01, 43103.38]}], ""meta"": {""created_by"": ""Jacqueline Butler"", ""notes"": ""Situation product guess else old.""}}",2025-09-21T04:57:14
566,Forecast 566,"{""forecast_id"": ""FCAST-566"", ""series"": [{""x"": [""2025-01"", ""2025-02"", ""2025-03"", ""2025-04"", ""2025-05"", ""2025-06""], ""y"": [40767.28, 27897.89, 29290.73, 34833.63, 15563.11, 28065.97]}], ""meta"": {""created_by"": ""John Smith"", ""notes"": ""Congress more decade admit value establish.""}}",2024-08-27T08:29:33
567,Forecast 567,"{""forecast_id"": ""FCAST-567"", ""series"": [{""x"": [""2025-01"", ""2025-02"", ""2025-03"", ""2025-04"", ""2025-05"", ""2025-06""], ""y"": [15579.76, 44870.96, 37862.79, 2996.13, 46023.08, 21588.39]}], ""meta"": {""created_by"": ""Andrea Campbell"", ""notes"": ""Production chance open east reflect.""}}",2025-03-27T07:25:48
568,Forecast 568,"{""forecast_id"": ""FCAST-568"", ""series"": [{""x"": [""2025-01"", ""2025-02"", ""2025-03"", ""2025-04"", ""2025-05"", ""2025-06""], ""y"": [33236.98, 14183.36, 3550.62, 4368.63, 47500.21, 29826.91]}], ""meta"": {""created_by"": ""Joshua Pierce"", ""notes"": ""Produce without smile meeting.""}}",2025-01-14T22:51:10
569,Forecast 569,"{""forecast_id"": ""FCAST-569"", ""series"": [{""x"": [""2025-01"", ""2025-02"", ""2025-03"", ""2025-04"", ""2025-05"", ""2025-06""], ""y"": [6234.61, 24371.88, 23991.93, 18695.28, 27556.26, 13949.83]}], ""meta"": {""created_by"": ""Larry Perez"", ""notes"": ""Wait eat rate.""}}",2024-01-16T01:20:17
570,Forecast 570,"{""forecast_id"": ""FCAST-570"", ""series"": [{""x"": [""2025-01"", ""2025-02"", ""2025-03"", ""2025-04"", ""2025-05"", ""2025-06""], ""y"": [29951.84, 28498.33, 39911.25, 5018.44, 9250.61, 32775.8]}], ""meta"": {""created_by"": ""Aimee Cantrell"", ""notes"": ""Worker thus expect assume herself store.""}}",2025-06-23T16:09:15
571,Forecast 571,"{""forecast_id"": ""FCAST-571"", ""series"": [{""x"": [""2025-01"", ""2025-02"", ""2025-03"", ""2025-04"", ""2025-05"", ""2025-06""], ""y"": [28881.75, 43467.92, 31911.1, 1825.43, 11702.48, 35699.91]}], ""meta"": {""created_by"": ""James Douglas"", ""notes"": ""Challenge peace wide perform next spring eight.""}}",2024-08-20T20:48:29
572,Forecast 572,"{""forecast_id"": ""FCAST-572"", ""series"": [{""x"": [""2025-01"", ""2025-02"", ""2025-03"", ""2025-04"", ""2025-05"", ""2025-06""], ""y"": [9299.11, 47907.29, 43327.44, 25974.54, 49492.7, 1259.04]}], ""meta"": {""created_by"": ""Taylor Brown"", ""notes"": ""Miss lose strategy bank feel TV light.""}}",2024-03-21T09:51:56
573,Forecast 573,"{""forecast_id"": ""FCAST-573"", ""series"": [{""x"": [""2025-01"", ""2025-02"", ""2025-03"", ""2025-04"", ""2025-05"", ""2025-06""], ""y"": [26625.78, 14392.41, 39938.39, 39036.85, 10189.95, 27830.62]}], ""meta"": {""created_by"": ""Jaime Hodges"", ""notes"": ""Current morning action the wall affect.""}}",2024-03-27T15:41:01
574,Forecast 574,"{""forecast_id"": ""FCAST-574"", ""series"": [{""x"": [""2025-01"", ""2025-02"", ""2025-03"", ""2025-04"", ""2025-05"", ""2025-06""], ""y"": [3909.21, 11339.37, 33677.23, 10431.12, 26861.28, 17869.13]}], ""meta"": {""created_by"": ""Colleen Holt"", ""notes"": ""Area note stop point unit hospital clearly option.""}}",2024-09-20T11:42:42
575,Forecast 575,"{""forecast_id"": ""FCAST-575"", ""series"": [{""x"": [""2025-01"", ""2025-02"", ""2025-03"", ""2025-04"", ""2025-05"", ""2025-06""], ""y"": [20821.51, 29947.74, 45626.57, 15095.47, 13202.5, 42950.86]}], ""meta"": {""created_by"": ""Eric Olson"", ""notes"": ""Budget safe draw.""}}",2024-05-02T19:50:06
576,Forecast 576,"{""forecast_id"": ""FCAST-576"", ""series"": [{""x"": [""2025-01"", ""2025-02"", ""2025-03"", ""2025-04"", ""2025-05"", ""2025-06""], ""y"": [7107.79, 21590.99, 32768.54, 25386.18, 48912.98, 20871.7]}], ""meta"": {""created_by"": ""Brooke Estrada"", ""notes"": ""Site everybody sometimes ever organization cup around.""}}",2024-10-10T13:22:18
577,Forecast 577,"{""forecast_id"": ""FCAST-577"", ""series"": [{""x"": [""2025-01"", ""2025-02"", ""2025-03"", ""2025-04"", ""2025-05"", ""2025-06""], ""y"": [10367.08, 13393.87, 7281.36, 10033.54, 32400.21, 6878.88]}], ""meta"": {""created_by"": ""Danny Guzman"", ""notes"": ""Full represent visit seat fund decision herself.""}}",2024-02-03T20:49:46
578,Forecast 578,"{""forecast_id"": ""FCAST-578"", ""series"": [{""x"": [""2025-01"", ""2025-02"", ""2025-03"", ""2025-04"", ""2025-05"", ""2025-06""], ""y"": [33880.16, 7489.98, 2970.1, 49909.1, 37499.13, 36831.37]}], ""meta"": {""created_by"": ""Philip Harrell"", ""notes"": ""South where employee her film debate because.""}}",2025-01-08T13:51:09
579,Forecast 579,"{""forecast_id"": ""FCAST-579"", ""series"": [{""x"": [""2025-01"", ""2025-02"", ""2025-03"", ""2025-04"", ""2025-05"", ""2025-06""], ""y"": [34519.34, 7515.14, 11688.65, 48010.59, 29154.16, 32940.8]}], ""meta"": {""created_by"": ""Julian Contreras"", ""notes"": ""Near happen citizen page against good.""}}",2023-12-07T04:11:02
580,Forecast 580,"{""forecast_id"": ""FCAST-580"", ""series"": [{""x"": [""2025-01"", ""2025-02"", ""2025-03"", ""2025-04"", ""2025-05"", ""2025-06""], ""y"": [36144.59, 41668.56, 1674.24, 6240.73, 11110.34, 8074.8]}], ""meta"": {""created_by"": ""Roger Obrien"", ""notes"": ""Painting pick model itself strong our up.""}}",2024-08-20T20:52:52
581,Forecast 581,"{""forecast_id"": ""FCAST-581"", ""series"": [{""x"": [""2025-01"", ""2025-02"", ""2025-03"", ""2025-04"", ""2025-05"", ""2025-06""], ""y"": [36491.4, 39494.28, 43571.26, 16930.47, 21145.22, 33316.49]}], ""meta"": {""created_by"": ""Keith Black"", ""notes"": ""Science shoulder put human you.""}}",2024-09-19T09:16:13
582,Forecast 582,"{""forecast_id"": ""FCAST-582"", ""series"": [{""x"": [""2025-01"", ""2025-02"", ""2025-03"", ""2025-04"", ""2025-05"", ""2025-06""], ""y"": [34335.41, 22727.18, 10875.9, 32117.53, 11132.29, 18305.73]}], ""meta"": {""created_by"": ""Christopher Hall"", ""notes"": ""Answer fly which matter popular court including.""}}",2024-08-14T17:43:29
583,Forecast 583,"{""forecast_id"": ""FCAST-583"", ""series"": [{""x"": [""2025-01"", ""2025-02"", ""2025-03"", ""2025-04"", ""2025-05"", ""2025-06""], ""y"": [43627.6, 43047.57, 33452.87, 25005.75, 47508.01, 22435.09]}], ""meta"": {""created_by"": ""Alyssa Webb"", ""notes"": ""Question traditional effect cup section.""}}",2024-06-07T21:53:19
584,Forecast 584,"{""forecast_id"": ""FCAST-584"", ""series"": [{""x"": [""2025-01"", ""2025-02"", ""2025-03"", ""2025-04"", ""2025-05"", ""2025-06""], ""y"": [13353.45, 22231.38, 8771.65, 39288.26, 41850.81, 37667.89]}], ""meta"": {""created_by"": ""Michelle Robinson"", ""notes"": ""Kind college small nice score.""}}",2025-04-23T22:19:48
585,Forecast 585,"{""forecast_id"": ""FCAST-585"", ""series"": [{""x"": [""2025-01"", ""2025-02"", ""2025-03"", ""2025-04"", ""2025-05"", ""2025-06""], ""y"": [26689.82, 10988.15, 6410.41, 15073.29, 14888.86, 9675.94]}], ""meta"": {""created_by"": ""Patrick Carter"", ""notes"": ""World simple reflect design show.""}}",2024-06-06T10:43:57
586,Forecast 586,"{""forecast_id"": ""FCAST-586"", ""series"": [{""x"": [""2025-01"", ""2025-02"", ""2025-03"", ""2025-04"", ""2025-05"", ""2025-06""], ""y"": [38683.62, 24188.46, 38369.03, 4199.46, 23267.02, 15856.59]}], ""meta"": {""created_by"": ""Tanya Norton MD"", ""notes"": ""Car bag phone rich mention necessary play.""}}",2025-07-05T22:28:53
587,Forecast 587,"{""forecast_id"": ""FCAST-587"", ""series"": [{""x"": [""2025-01"", ""2025-02"", ""2025-03"", ""2025-04"", ""2025-05"", ""2025-06""], ""y"": [11991.47, 10845.28, 43328.54, 42133.93, 48211.9, 14212.34]}], ""meta"": {""created_by"": ""Scott Ryan"", ""notes"": ""Require personal show reflect.""}}",2024-02-20T12:57:34
588,Forecast 588,"{""forecast_id"": ""FCAST-588"", ""series"": [{""x"": [""2025-01"", ""2025-02"", ""2025-03"", ""2025-04"", ""2025-05"", ""2025-06""], ""y"": [24537.16, 22468.34, 7540.85, 39269.38, 32615.8, 19844.5]}], ""meta"": {""created_by"": ""David Davis"", ""notes"": ""Stock plant several guy.""}}",2025-04-25T08:48:11
589,Forecast 589,"{""forecast_id"": ""FCAST-589"", ""series"": [{""x"": [""2025-01"", ""2025-02"", ""2025-03"", ""2025-04"", ""2025-05"", ""2025-06""], ""y"": [49338.16, 28035.58, 32452.54, 8089.92, 14116.11, 19170.87]}], ""meta"": {""created_by"": ""Kristin Walton"", ""notes"": ""More executive look race.""}}",2025-04-28T14:58:49
590,Forecast 590,"{""forecast_id"": ""FCAST-590"", ""series"": [{""x"": [""2025-01"", ""2025-02"", ""2025-03"", ""2025-04"", ""2025-05"", ""2025-06""], ""y"": [13485.75, 5842.9, 43238.12, 26307.55, 16200.64, 20782.02]}], ""meta"": {""created_by"": ""Gina Fox"", ""notes"": ""New paper choose behavior recognize person.""}}",2024-09-24T21:49:36
591,Forecast 591,"{""forecast_id"": ""FCAST-591"", ""series"": [{""x"": [""2025-01"", ""2025-02"", ""2025-03"", ""2025-04"", ""2025-05"", ""2025-06""], ""y"": [4085.42, 47900.55, 6248.84, 45040.01, 13352.84, 12970.42]}], ""meta"": {""created_by"": ""Amanda Moore"", ""notes"": ""Pick participant commercial turn sound.""}}",2025-05-25T10:57:22
592,Forecast 592,"{""forecast_id"": ""FCAST-592"", ""series"": [{""x"": [""2025-01"", ""2025-02"", ""2025-03"", ""2025-04"", ""2025-05"", ""2025-06""], ""y"": [47926.27, 46637.21, 42936.66, 29146.27, 46297.1, 46169.55]}], ""meta"": {""created_by"": ""Melissa Perez"", ""notes"": ""Least mean impact.""}}",2025-04-30T18:11:44
593,Forecast 593,"{""forecast_id"": ""FCAST-593"", ""series"": [{""x"": [""2025-01"", ""2025-02"", ""2025-03"", ""2025-04"", ""2025-05"", ""2025-06""], ""y"": [31748.45, 48895.14, 1165.17, 47972.45, 17041.46, 34792.25]}], ""meta"": {""created_by"": ""Gloria Zimmerman"", ""notes"": ""Represent much clear while many natural.""}}",2025-10-23T09:48:50
594,Forecast 594,"{""forecast_id"": ""FCAST-594"", ""series"": [{""x"": [""2025-01"", ""2025-02"", ""2025-03"", ""2025-04"", ""2025-05"", ""2025-06""], ""y"": [28139.75, 28829.6, 1071.57, 10477.54, 6314.85, 16010.56]}], ""meta"": {""created_by"": ""John Johns"", ""notes"": ""Likely save stop base north production director.""}}",2024-01-01T14:44:25
595,Forecast 595,"{""forecast_id"": ""FCAST-595"", ""series"": [{""x"": [""2025-01"", ""2025-02"", ""2025-03"", ""2025-04"", ""2025-05"", ""2025-06""], ""y"": [38443.95, 13307.22, 40425.07, 29723.43, 31813.51, 33821.98]}], ""meta"": {""created_by"": ""Tiffany Sloan"", ""notes"": ""Heavy for blue.""}}",2025-01-20T18:55:11
596,Forecast 596,"{""forecast_id"": ""FCAST-596"", ""series"": [{""x"": [""2025-01"", ""2025-02"", ""2025-03"", ""2025-04"", ""2025-05"", ""2025-06""], ""y"": [48072.05, 28695.57, 18487.49, 19616.15, 31606.34, 44622.6]}], ""meta"": {""created_by"": ""Diane Hicks"", ""notes"": ""Factor production box citizen still everybody white.""}}",2024-05-28T06:01:43
597,Forecast 597,"{""forecast_id"": ""FCAST-597"", ""series"": [{""x"": [""2025-01"", ""2025-02"", ""2025-03"", ""2025-04"", ""2025-05"", ""2025-06""], ""y"": [16911.04, 43032.03, 18487.15, 38187.4, 27091.81, 25164.38]}], ""meta"": {""created_by"": ""Jeffrey Thornton"", ""notes"": ""Everything move whether organization speak hit make.""}}",2024-09-06T05:36:03
598,Forecast 598,"{""forecast_id"": ""FCAST-598"", ""series"": [{""x"": [""2025-01"", ""2025-02"", ""2025-03"", ""2025-04"", ""2025-05"", ""2025-06""], ""y"": [22110.34, 28559.33, 34796.74, 6056.43, 44900.34, 12333.92]}], ""meta"": {""created_by"": ""Amy Roberts"", ""notes"": ""Individual artist hit near scientist property.""}}",2024-07-29T11:18:38
599,Forecast 599,"{""forecast_id"": ""FCAST-599"", ""series"": [{""x"": [""2025-01"", ""2025-02"", ""2025-03"", ""2025-04"", ""2025-05"", ""2025-06""], ""y"": [43461.03, 11043.01, 21205.63, 49801.85, 4557.59, 34367.08]}], ""meta"": {""created_by"": ""Danielle Carr"", ""notes"": ""Seven six move father ready necessary.""}}",2024-05-31T21:57:08
600,Forecast 600,"{""forecast_id"": ""FCAST-600"", ""series"": [{""x"": [""2025-01"", ""2025-02"", ""2025-03"", ""2025-04"", ""2025-05"", ""2025-06""], ""y"": [48820.44, 22622.78, 7650.34, 37163.2, 11705.05, 5745.95]}], ""meta"": {""created_by"": ""Heather Hunter"", ""notes"": ""Wrong design land my.""}}",2024-05-06T23:37:32
601,Forecast 601,"{""forecast_id"": ""FCAST-601"", ""series"": [{""x"": [""2025-01"", ""2025-02"", ""2025-03"", ""2025-04"", ""2025-05"", ""2025-06""], ""y"": [13566.37, 45991.97, 21047.77, 49574.46, 32507.94, 44600.28]}], ""meta"": {""created_by"": ""Patricia Harrington"", ""notes"": ""Source reason red claim its very.""}}",2024-07-25T18:00:24
602,Forecast 602,"{""forecast_id"": ""FCAST-602"", ""series"": [{""x"": [""2025-01"", ""2025-02"", ""2025-03"", ""2025-04"", ""2025-05"", ""2025-06""], ""y"": [44762.03, 5580.66, 46254.79, 30976.93, 5582.0, 13265.52]}], ""meta"": {""created_by"": ""Sarah Lane"", ""notes"": ""Keep decision southern or.""}}",2023-12-31T06:38:46
603,Forecast 603,"{""forecast_id"": ""FCAST-603"", ""series"": [{""x"": [""2025-01"", ""2025-02"", ""2025-03"", ""2025-04"", ""2025-05"", ""2025-06""], ""y"": [30317.85, 37574.47, 46975.31, 12819.29, 24324.61, 14576.99]}], ""meta"": {""created_by"": ""Veronica Jones"", ""notes"": ""Star myself their anything director.""}}",2025-03-01T11:02:18
604,Forecast 604,"{""forecast_id"": ""FCAST-604"", ""series"": [{""x"": [""2025-01"", ""2025-02"", ""2025-03"", ""2025-04"", ""2025-05"", ""2025-06""], ""y"": [9184.85, 38108.99, 36704.57, 46385.18, 24987.92, 49620.59]}], ""meta"": {""created_by"": ""Helen Hill"", ""notes"": ""Sister argue itself how.""}}",2025-04-12T22:13:13
605,Forecast 605,"{""forecast_id"": ""FCAST-605"", ""series"": [{""x"": [""2025-01"", ""2025-02"", ""2025-03"", ""2025-04"", ""2025-05"", ""2025-06""], ""y"": [39990.39, 44485.95, 5904.58, 25681.32, 12237.13, 29208.07]}], ""meta"": {""created_by"": ""Brandon Guerrero"", ""notes"": ""During become another discuss table learn hope people.""}}",2025-09-05T18:57:27
606,Forecast 606,"{""forecast_id"": ""FCAST-606"", ""series"": [{""x"": [""2025-01"", ""2025-02"", ""2025-03"", ""2025-04"", ""2025-05"", ""2025-06""], ""y"": [1004.55, 35122.58, 46798.09, 37913.04, 28258.06, 9050.42]}], ""meta"": {""created_by"": ""Jason Lee"", ""notes"": ""Concern nature until imagine.""}}",2023-12-30T06:18:28
607,Forecast 607,"{""forecast_id"": ""FCAST-607"", ""series"": [{""x"": [""2025-01"", ""2025-02"", ""2025-03"", ""2025-04"", ""2025-05"", ""2025-06""], ""y"": [37206.13, 49054.54, 29013.51, 33697.63, 10434.69, 41293.39]}], ""meta"": {""created_by"": ""Robin Herrera"", ""notes"": ""Choice necessary might under structure end manage film.""}}",2025-01-20T22:07:20
608,Forecast 608,"{""forecast_id"": ""FCAST-608"", ""series"": [{""x"": [""2025-01"", ""2025-02"", ""2025-03"", ""2025-04"", ""2025-05"", ""2025-06""], ""y"": [12476.76, 3215.0, 9790.19, 41536.6, 10684.59, 15455.0]}], ""meta"": {""created_by"": ""Lori Stevens"", ""notes"": ""Near mean production consumer fight.""}}",2024-05-31T15:09:10
609,Forecast 609,"{""forecast_id"": ""FCAST-609"", ""series"": [{""x"": [""2025-01"", ""2025-02"", ""2025-03"", ""2025-04"", ""2025-05"", ""2025-06""], ""y"": [4002.48, 23023.88, 31313.66, 2543.05, 36561.45, 36479.03]}], ""meta"": {""created_by"": ""Jason Carlson"", ""notes"": ""Low special tax thought then happen program first.""}}",2025-06-11T08:17:01
610,Forecast 610,"{""forecast_id"": ""FCAST-610"", ""series"": [{""x"": [""2025-01"", ""2025-02"", ""2025-03"", ""2025-04"", ""2025-05"", ""2025-06""], ""y"": [18965.48, 38072.88, 38293.54, 41902.57, 22159.3, 34707.94]}], ""meta"": {""created_by"": ""Mr. David Johnson"", ""notes"": ""Notice age act start have.""}}",2024-06-15T18:55:11
611,Forecast 611,"{""forecast_id"": ""FCAST-611"", ""series"": [{""x"": [""2025-01"", ""2025-02"", ""2025-03"", ""2025-04"", ""2025-05"", ""2025-06""], ""y"": [41847.36, 8794.37, 19526.22, 9397.38, 2721.35, 9579.69]}], ""meta"": {""created_by"": ""Darlene Wilkins"", ""notes"": ""Growth head quite short.""}}",2025-02-23T09:02:09
612,Forecast 612,"{""forecast_id"": ""FCAST-612"", ""series"": [{""x"": [""2025-01"", ""2025-02"", ""2025-03"", ""2025-04"", ""2025-05"", ""2025-06""], ""y"": [42302.48, 21597.48, 5156.54, 8719.18, 4587.44, 21337.59]}], ""meta"": {""created_by"": ""Ronnie Poole Jr."", ""notes"": ""Direction scene cover after.""}}",2024-11-19T04:17:42
613,Forecast 613,"{""forecast_id"": ""FCAST-613"", ""series"": [{""x"": [""2025-01"", ""2025-02"", ""2025-03"", ""2025-04"", ""2025-05"", ""2025-06""], ""y"": [22296.3, 35284.69, 9143.27, 35971.15, 35972.39, 44307.6]}], ""meta"": {""created_by"": ""Belinda Kemp"", ""notes"": ""Maintain probably sport magazine.""}}",2023-12-09T12:37:00
614,Forecast 614,"{""forecast_id"": ""FCAST-614"", ""series"": [{""x"": [""2025-01"", ""2025-02"", ""2025-03"", ""2025-04"", ""2025-05"", ""2025-06""], ""y"": [27012.42, 45144.78, 29992.46, 48132.66, 29695.4, 17172.42]}], ""meta"": {""created_by"": ""James Barber"", ""notes"": ""Prepare everyone today machine turn dinner environmental.""}}",2025-04-26T15:06:51
615,Forecast 615,"{""forecast_id"": ""FCAST-615"", ""series"": [{""x"": [""2025-01"", ""2025-02"", ""2025-03"", ""2025-04"", ""2025-05"", ""2025-06""], ""y"": [23199.7, 41610.0, 30119.21, 33365.31, 11563.79, 23003.87]}], ""meta"": {""created_by"": ""Amy Thomas"", ""notes"": ""Black available over newspaper.""}}",2024-03-03T19:56:50
616,Forecast 616,"{""forecast_id"": ""FCAST-616"", ""series"": [{""x"": [""2025-01"", ""2025-02"", ""2025-03"", ""2025-04"", ""2025-05"", ""2025-06""], ""y"": [9434.62, 41997.81, 22808.71, 16470.78, 30707.78, 46384.44]}], ""meta"": {""created_by"": ""Elizabeth Johnson"", ""notes"": ""Manage interest force deep skill politics team.""}}",2024-06-29T23:49:03
617,Forecast 617,"{""forecast_id"": ""FCAST-617"", ""series"": [{""x"": [""2025-01"", ""2025-02"", ""2025-03"", ""2025-04"", ""2025-05"", ""2025-06""], ""y"": [40116.8, 41945.56, 10617.21, 15481.18, 38855.35, 23778.55]}], ""meta"": {""created_by"": ""Maurice Dean"", ""notes"": ""Total small season listen weight.""}}",2023-11-17T14:43:49
618,Forecast 618,"{""forecast_id"": ""FCAST-618"", ""series"": [{""x"": [""2025-01"", ""2025-02"", ""2025-03"", ""2025-04"", ""2025-05"", ""2025-06""], ""y"": [5460.21, 29488.72, 40033.49, 7212.17, 3635.82, 37113.18]}], ""meta"": {""created_by"": ""Alicia Hogan"", ""notes"": ""Spring chance feeling trade camera remain sense.""}}",2025-06-18T23:38:29
619,Forecast 619,"{""forecast_id"": ""FCAST-619"", ""series"": [{""x"": [""2025-01"", ""2025-02"", ""2025-03"", ""2025-04"", ""2025-05"", ""2025-06""], ""y"": [27143.6, 43001.61, 28443.18, 20335.75, 32833.11, 35910.0]}], ""meta"": {""created_by"": ""Michael Stewart"", ""notes"": ""Strong not clear.""}}",2025-06-12T20:48:29
620,Forecast 620,"{""forecast_id"": ""FCAST-620"", ""series"": [{""x"": [""2025-01"", ""2025-02"", ""2025-03"", ""2025-04"", ""2025-05"", ""2025-06""], ""y"": [41018.51, 3588.75, 9809.84, 43914.16, 40148.2, 12783.66]}], ""meta"": {""created_by"": ""Jocelyn Tate MD"", ""notes"": ""Son real both.""}}",2024-09-18T15:07:43
621,Forecast 621,"{""forecast_id"": ""FCAST-621"", ""series"": [{""x"": [""2025-01"", ""2025-02"", ""2025-03"", ""2025-04"", ""2025-05"", ""2025-06""], ""y"": [3487.15, 43056.85, 27639.86, 4634.47, 27411.14, 5094.83]}], ""meta"": {""created_by"": ""Brittany Williams"", ""notes"": ""Most pattern past.""}}",2025-03-08T06:32:42
622,Forecast 622,"{""forecast_id"": ""FCAST-622"", ""series"": [{""x"": [""2025-01"", ""2025-02"", ""2025-03"", ""2025-04"", ""2025-05"", ""2025-06""], ""y"": [26728.72, 5583.29, 13795.87, 27896.46, 41577.4, 3156.91]}], ""meta"": {""created_by"": ""Heather Young"", ""notes"": ""Generation new past idea really class.""}}",2025-06-25T18:55:48
623,Forecast 623,"{""forecast_id"": ""FCAST-623"", ""series"": [{""x"": [""2025-01"", ""2025-02"", ""2025-03"", ""2025-04"", ""2025-05"", ""2025-06""], ""y"": [25034.91, 42057.17, 7845.91, 39711.38, 35240.0, 5379.77]}], ""meta"": {""created_by"": ""Rebecca Williams"", ""notes"": ""Top statement decide despite.""}}",2025-06-21T10:51:19
624,Forecast 624,"{""forecast_id"": ""FCAST-624"", ""series"": [{""x"": [""2025-01"", ""2025-02"", ""2025-03"", ""2025-04"", ""2025-05"", ""2025-06""], ""y"": [8243.29, 22675.03, 21684.0, 32058.87, 4927.69, 38246.84]}], ""meta"": {""created_by"": ""Julie Phillips"", ""notes"": ""Approach down standard professional cold mother space.""}}",2024-09-10T15:16:41
625,Forecast 625,"{""forecast_id"": ""FCAST-625"", ""series"": [{""x"": [""2025-01"", ""2025-02"", ""2025-03"", ""2025-04"", ""2025-05"", ""2025-06""], ""y"": [23584.06, 34385.61, 49644.84, 17546.39, 2622.2, 1564.95]}], ""meta"": {""created_by"": ""Ryan Powell"", ""notes"": ""Southern they people once.""}}",2025-01-13T08:52:27
626,Forecast 626,"{""forecast_id"": ""FCAST-626"", ""series"": [{""x"": [""2025-01"", ""2025-02"", ""2025-03"", ""2025-04"", ""2025-05"", ""2025-06""], ""y"": [2338.77, 33579.22, 2186.15, 40670.28, 2487.02, 16802.33]}], ""meta"": {""created_by"": ""Sabrina Bender"", ""notes"": ""Little upon news.""}}",2025-03-30T21:22:53
627,Forecast 627,"{""forecast_id"": ""FCAST-627"", ""series"": [{""x"": [""2025-01"", ""2025-02"", ""2025-03"", ""2025-04"", ""2025-05"", ""2025-06""], ""y"": [38120.37, 40590.63, 29706.19, 5049.0, 10330.68, 47701.34]}], ""meta"": {""created_by"": ""Nicole Mcbride"", ""notes"": ""Care tonight if.""}}",2025-02-16T12:14:34
628,Forecast 628,"{""forecast_id"": ""FCAST-628"", ""series"": [{""x"": [""2025-01"", ""2025-02"", ""2025-03"", ""2025-04"", ""2025-05"", ""2025-06""], ""y"": [5814.77, 39398.83, 27412.54, 19205.44, 39585.82, 37675.12]}], ""meta"": {""created_by"": ""Theodore Miller"", ""notes"": ""Yes federal article size.""}}",2025-10-04T04:02:26
629,Forecast 629,"{""forecast_id"": ""FCAST-629"", ""series"": [{""x"": [""2025-01"", ""2025-02"", ""2025-03"", ""2025-04"", ""2025-05"", ""2025-06""], ""y"": [30638.67, 36242.04, 49431.74, 16329.36, 33936.75, 39939.79]}], ""meta"": {""created_by"": ""Shannon Oconnor"", ""notes"": ""Pick play include close threat medical.""}}",2024-01-25T15:21:45
630,Forecast 630,"{""forecast_id"": ""FCAST-630"", ""series"": [{""x"": [""2025-01"", ""2025-02"", ""2025-03"", ""2025-04"", ""2025-05"", ""2025-06""], ""y"": [25696.98, 15203.23, 15314.76, 8804.45, 27742.99, 8249.24]}], ""meta"": {""created_by"": ""Joel Herrera"", ""notes"": ""Agent phone mission work evening.""}}",2024-06-03T14:15:07
631,Forecast 631,"{""forecast_id"": ""FCAST-631"", ""series"": [{""x"": [""2025-01"", ""2025-02"", ""2025-03"", ""2025-04"", ""2025-05"", ""2025-06""], ""y"": [33739.03, 27460.65, 15072.01, 26588.89, 38631.37, 8378.29]}], ""meta"": {""created_by"": ""Whitney Garcia"", ""notes"": ""Step off until opportunity probably gun.""}}",2024-06-27T19:37:02
632,Forecast 632,"{""forecast_id"": ""FCAST-632"", ""series"": [{""x"": [""2025-01"", ""2025-02"", ""2025-03"", ""2025-04"", ""2025-05"", ""2025-06""], ""y"": [41393.49, 15159.88, 31461.09, 3080.53, 19592.82, 2978.78]}], ""meta"": {""created_by"": ""Robert Simpson"", ""notes"": ""More read reason become majority.""}}",2024-06-09T23:52:59
633,Forecast 633,"{""forecast_id"": ""FCAST-633"", ""series"": [{""x"": [""2025-01"", ""2025-02"", ""2025-03"", ""2025-04"", ""2025-05"", ""2025-06""], ""y"": [22299.81, 2286.32, 30361.37, 1136.98, 13802.98, 13035.03]}], ""meta"": {""created_by"": ""Ryan Martin MD"", ""notes"": ""Require wish father herself best program.""}}",2025-10-04T19:39:11
634,Forecast 634,"{""forecast_id"": ""FCAST-634"", ""series"": [{""x"": [""2025-01"", ""2025-02"", ""2025-03"", ""2025-04"", ""2025-05"", ""2025-06""], ""y"": [17922.26, 17732.97, 18711.87, 26278.64, 26971.73, 20853.98]}], ""meta"": {""created_by"": ""Sheena Morton"", ""notes"": ""Mean media issue choice hospital Republican.""}}",2024-03-29T08:16:48
635,Forecast 635,"{""forecast_id"": ""FCAST-635"", ""series"": [{""x"": [""2025-01"", ""2025-02"", ""2025-03"", ""2025-04"", ""2025-05"", ""2025-06""], ""y"": [28587.07, 12554.29, 8314.38, 14201.05, 12164.39, 16760.38]}], ""meta"": {""created_by"": ""Felicia Cuevas"", ""notes"": ""Store chance goal billion trial product.""}}",2024-06-15T01:14:38
636,Forecast 636,"{""forecast_id"": ""FCAST-636"", ""series"": [{""x"": [""2025-01"", ""2025-02"", ""2025-03"", ""2025-04"", ""2025-05"", ""2025-06""], ""y"": [33404.87, 18944.32, 41257.33, 39471.86, 19390.95, 3051.78]}], ""meta"": {""created_by"": ""Kevin Green"", ""notes"": ""Score ahead region rule key accept along.""}}",2025-02-21T04:22:00
637,Forecast 637,"{""forecast_id"": ""FCAST-637"", ""series"": [{""x"": [""2025-01"", ""2025-02"", ""2025-03"", ""2025-04"", ""2025-05"", ""2025-06""], ""y"": [36000.12, 31625.83, 3598.8, 11187.91, 21098.99, 42945.26]}], ""meta"": {""created_by"": ""Jonathan Townsend"", ""notes"": ""Far fund work because of.""}}",2025-06-12T21:40:51
638,Forecast 638,"{""forecast_id"": ""FCAST-638"", ""series"": [{""x"": [""2025-01"", ""2025-02"", ""2025-03"", ""2025-04"", ""2025-05"", ""2025-06""], ""y"": [28354.86, 31286.46, 39539.64, 1832.72, 31595.51, 32176.0]}], ""meta"": {""created_by"": ""Jason Washington"", ""notes"": ""Not nature well through.""}}",2024-12-13T19:10:22
639,Forecast 639,"{""forecast_id"": ""FCAST-639"", ""series"": [{""x"": [""2025-01"", ""2025-02"", ""2025-03"", ""2025-04"", ""2025-05"", ""2025-06""], ""y"": [46991.25, 46307.48, 10053.55, 4161.21, 14122.72, 3302.34]}], ""meta"": {""created_by"": ""Deanna Wilkinson"", ""notes"": ""Here change level spring hospital what.""}}",2025-05-17T17:49:45
640,Forecast 640,"{""forecast_id"": ""FCAST-640"", ""series"": [{""x"": [""2025-01"", ""2025-02"", ""2025-03"", ""2025-04"", ""2025-05"", ""2025-06""], ""y"": [6998.11, 20192.15, 41910.01, 7088.96, 28233.88, 26935.19]}], ""meta"": {""created_by"": ""Ricardo Lewis"", ""notes"": ""Class final seek there.""}}",2025-07-24T01:42:00
641,Forecast 641,"{""forecast_id"": ""FCAST-641"", ""series"": [{""x"": [""2025-01"", ""2025-02"", ""2025-03"", ""2025-04"", ""2025-05"", ""2025-06""], ""y"": [1243.61, 31653.34, 13674.42, 42990.34, 9694.81, 47473.82]}], ""meta"": {""created_by"": ""Ashley Robinson"", ""notes"": ""Eight bed whatever raise.""}}",2024-12-02T13:54:58
642,Forecast 642,"{""forecast_id"": ""FCAST-642"", ""series"": [{""x"": [""2025-01"", ""2025-02"", ""2025-03"", ""2025-04"", ""2025-05"", ""2025-06""], ""y"": [25423.91, 46614.09, 26267.5, 19526.31, 38428.79, 26887.74]}], ""meta"": {""created_by"": ""Colleen Carter"", ""notes"": ""Player front southern month.""}}",2023-11-27T14:00:51
643,Forecast 643,"{""forecast_id"": ""FCAST-643"", ""series"": [{""x"": [""2025-01"", ""2025-02"", ""2025-03"", ""2025-04"", ""2025-05"", ""2025-06""], ""y"": [4144.13, 14122.17, 8588.19, 4211.0, 35135.58, 31334.66]}], ""meta"": {""created_by"": ""Jordan Powers"", ""notes"": ""Fear far garden we green second article.""}}",2024-10-06T11:31:31
644,Forecast 644,"{""forecast_id"": ""FCAST-644"", ""series"": [{""x"": [""2025-01"", ""2025-02"", ""2025-03"", ""2025-04"", ""2025-05"", ""2025-06""], ""y"": [15462.4, 9372.69, 28999.6, 33805.26, 36797.04, 20974.42]}], ""meta"": {""created_by"": ""Lindsey Huff"", ""notes"": ""Night night skin specific task degree.""}}",2024-01-31T11:19:15
645,Forecast 645,"{""forecast_id"": ""FCAST-645"", ""series"": [{""x"": [""2025-01"", ""2025-02"", ""2025-03"", ""2025-04"", ""2025-05"", ""2025-06""], ""y"": [8771.05, 12893.09, 21570.19, 36132.56, 19044.57, 36536.2]}], ""meta"": {""created_by"": ""Brett Carter"", ""notes"": ""Reality commercial dinner for five safe memory why.""}}",2024-08-16T17:15:19
646,Forecast 646,"{""forecast_id"": ""FCAST-646"", ""series"": [{""x"": [""2025-01"", ""2025-02"", ""2025-03"", ""2025-04"", ""2025-05"", ""2025-06""], ""y"": [26887.73, 11479.84, 16169.67, 39136.45, 5026.25, 43798.77]}], ""meta"": {""created_by"": ""Xavier Clark"", ""notes"": ""Hour color animal level.""}}",2025-08-02T22:03:14
647,Forecast 647,"{""forecast_id"": ""FCAST-647"", ""series"": [{""x"": [""2025-01"", ""2025-02"", ""2025-03"", ""2025-04"", ""2025-05"", ""2025-06""], ""y"": [41279.81, 15289.64, 49128.21, 20104.16, 18379.13, 37764.36]}], ""meta"": {""created_by"": ""Kenneth Jones"", ""notes"": ""Soldier itself toward security suggest road certainly.""}}",2025-09-04T13:05:16
648,Forecast 648,"{""forecast_id"": ""FCAST-648"", ""series"": [{""x"": [""2025-01"", ""2025-02"", ""2025-03"", ""2025-04"", ""2025-05"", ""2025-06""], ""y"": [38125.24, 43447.4, 3073.64, 20760.68, 12224.87, 34111.79]}], ""meta"": {""created_by"": ""Kelsey Williams"", ""notes"": ""Property according daughter nothing watch put entire.""}}",2025-09-19T02:16:09
649,Forecast 649,"{""forecast_id"": ""FCAST-649"", ""series"": [{""x"": [""2025-01"", ""2025-02"", ""2025-03"", ""2025-04"", ""2025-05"", ""2025-06""], ""y"": [17656.61, 34475.99, 15397.82, 48001.7, 45660.21, 2139.94]}], ""meta"": {""created_by"": ""Emily Vazquez"", ""notes"": ""Theory property half able practice myself amount.""}}",2024-08-16T08:37:20
650,Forecast 650,"{""forecast_id"": ""FCAST-650"", ""series"": [{""x"": [""2025-01"", ""2025-02"", ""2025-03"", ""2025-04"", ""2025-05"", ""2025-06""], ""y"": [5145.74, 19486.29, 21148.39, 14709.59, 15239.44, 29209.76]}], ""meta"": {""created_by"": ""Derrick Levy"", ""notes"": ""Hair I travel reflect cold agreement.""}}",2024-04-15T16:21:07
651,Forecast 651,"{""forecast_id"": ""FCAST-651"", ""series"": [{""x"": [""2025-01"", ""2025-02"", ""2025-03"", ""2025-04"", ""2025-05"", ""2025-06""], ""y"": [40921.37, 25755.6, 45984.52, 38829.81, 36808.22, 19050.22]}], ""meta"": {""created_by"": ""Tony Green"", ""notes"": ""Fish morning point.""}}",2024-11-18T12:01:50
652,Forecast 652,"{""forecast_id"": ""FCAST-652"", ""series"": [{""x"": [""2025-01"", ""2025-02"", ""2025-03"", ""2025-04"", ""2025-05"", ""2025-06""], ""y"": [28248.43, 25547.52, 9744.28, 49132.7, 17246.01, 48651.33]}], ""meta"": {""created_by"": ""Derek Perkins"", ""notes"": ""Use draw say threat room son by.""}}",2024-09-03T19:35:42
653,Forecast 653,"{""forecast_id"": ""FCAST-653"", ""series"": [{""x"": [""2025-01"", ""2025-02"", ""2025-03"", ""2025-04"", ""2025-05"", ""2025-06""], ""y"": [23818.45, 41755.91, 4014.97, 34724.61, 2839.51, 34654.55]}], ""meta"": {""created_by"": ""James Stuart"", ""notes"": ""Old old check a.""}}",2024-07-16T22:42:06
654,Forecast 654,"{""forecast_id"": ""FCAST-654"", ""series"": [{""x"": [""2025-01"", ""2025-02"", ""2025-03"", ""2025-04"", ""2025-05"", ""2025-06""], ""y"": [3818.65, 42795.3, 12702.04, 45907.81, 11237.92, 38487.28]}], ""meta"": {""created_by"": ""Amy Wolfe"", ""notes"": ""Carry before against that.""}}",2024-12-30T01:11:17
655,Forecast 655,"{""forecast_id"": ""FCAST-655"", ""series"": [{""x"": [""2025-01"", ""2025-02"", ""2025-03"", ""2025-04"", ""2025-05"", ""2025-06""], ""y"": [18398.11, 41597.75, 13628.14, 16438.62, 35735.02, 20341.28]}], ""meta"": {""created_by"": ""Kenneth Mcclain"", ""notes"": ""Finally season budget could.""}}",2024-05-27T01:10:12
656,Forecast 656,"{""forecast_id"": ""FCAST-656"", ""series"": [{""x"": [""2025-01"", ""2025-02"", ""2025-03"", ""2025-04"", ""2025-05"", ""2025-06""], ""y"": [11872.06, 7929.39, 6006.61, 5634.17, 30392.9, 26784.36]}], ""meta"": {""created_by"": ""Rebecca Cross"", ""notes"": ""Trouble imagine simple rate.""}}",2024-01-28T09:04:44
657,Forecast 657,"{""forecast_id"": ""FCAST-657"", ""series"": [{""x"": [""2025-01"", ""2025-02"", ""2025-03"", ""2025-04"", ""2025-05"", ""2025-06""], ""y"": [36341.33, 39581.28, 27674.52, 30716.37, 10732.33, 30072.57]}], ""meta"": {""created_by"": ""Kathryn Jackson"", ""notes"": ""Either former purpose carry college form.""}}",2025-06-02T02:07:01
658,Forecast 658,"{""forecast_id"": ""FCAST-658"", ""series"": [{""x"": [""2025-01"", ""2025-02"", ""2025-03"", ""2025-04"", ""2025-05"", ""2025-06""], ""y"": [31912.81, 10701.52, 11622.33, 20844.73, 16827.99, 12060.16]}], ""meta"": {""created_by"": ""Victoria Johns DDS"", ""notes"": ""Down somebody might modern long box find.""}}",2025-03-05T12:17:14
659,Forecast 659,"{""forecast_id"": ""FCAST-659"", ""series"": [{""x"": [""2025-01"", ""2025-02"", ""2025-03"", ""2025-04"", ""2025-05"", ""2025-06""], ""y"": [44236.76, 42885.86, 36444.68, 47854.32, 45988.39, 30981.88]}], ""meta"": {""created_by"": ""Stephen Shields Jr."", ""notes"": ""Step sister magazine present.""}}",2023-12-16T10:58:01
660,Forecast 660,"{""forecast_id"": ""FCAST-660"", ""series"": [{""x"": [""2025-01"", ""2025-02"", ""2025-03"", ""2025-04"", ""2025-05"", ""2025-06""], ""y"": [25739.44, 38161.52, 17044.61, 20077.69, 23623.94, 25533.49]}], ""meta"": {""created_by"": ""Casey Mata"", ""notes"": ""As teacher adult item gas operation.""}}",2024-12-14T12:58:08
661,Forecast 661,"{""forecast_id"": ""FCAST-661"", ""series"": [{""x"": [""2025-01"", ""2025-02"", ""2025-03"", ""2025-04"", ""2025-05"", ""2025-06""], ""y"": [20952.68, 28074.94, 43336.78, 44699.37, 1522.93, 10056.61]}], ""meta"": {""created_by"": ""Michelle Leblanc"", ""notes"": ""Of pressure event reveal avoid thousand.""}}",2024-04-25T19:41:05
662,Forecast 662,"{""forecast_id"": ""FCAST-662"", ""series"": [{""x"": [""2025-01"", ""2025-02"", ""2025-03"", ""2025-04"", ""2025-05"", ""2025-06""], ""y"": [41197.09, 49865.89, 2440.51, 6230.54, 39153.02, 6488.72]}], ""meta"": {""created_by"": ""Walter Nguyen"", ""notes"": ""Majority most back despite trouble simply control since.""}}",2024-06-19T03:24:02
663,Forecast 663,"{""forecast_id"": ""FCAST-663"", ""series"": [{""x"": [""2025-01"", ""2025-02"", ""2025-03"", ""2025-04"", ""2025-05"", ""2025-06""], ""y"": [7267.44, 30262.64, 46292.0, 12974.91, 19487.27, 24141.38]}], ""meta"": {""created_by"": ""Steven Sweeney"", ""notes"": ""Attention house forget ahead pull manage.""}}",2024-12-10T16:39:01
664,Forecast 664,"{""forecast_id"": ""FCAST-664"", ""series"": [{""x"": [""2025-01"", ""2025-02"", ""2025-03"", ""2025-04"", ""2025-05"", ""2025-06""], ""y"": [35439.09, 13930.47, 14898.81, 48971.09, 6865.35, 36514.1]}], ""meta"": {""created_by"": ""Rickey Hoffman"", ""notes"": ""Opportunity same create fall trip.""}}",2024-06-18T08:28:16
665,Forecast 665,"{""forecast_id"": ""FCAST-665"", ""series"": [{""x"": [""2025-01"", ""2025-02"", ""2025-03"", ""2025-04"", ""2025-05"", ""2025-06""], ""y"": [21360.03, 1150.63, 31431.85, 11471.39, 19027.34, 39812.04]}], ""meta"": {""created_by"": ""Michelle Sawyer"", ""notes"": ""Wish office character customer since current thought dog.""}}",2025-08-17T20:03:23
666,Forecast 666,"{""forecast_id"": ""FCAST-666"", ""series"": [{""x"": [""2025-01"", ""2025-02"", ""2025-03"", ""2025-04"", ""2025-05"", ""2025-06""], ""y"": [7562.39, 3839.31, 16250.16, 4474.72, 7035.51, 26772.11]}], ""meta"": {""created_by"": ""Robert Mccarthy"", ""notes"": ""Within Congress important fast.""}}",2025-10-15T16:38:26
667,Forecast 667,"{""forecast_id"": ""FCAST-667"", ""series"": [{""x"": [""2025-01"", ""2025-02"", ""2025-03"", ""2025-04"", ""2025-05"", ""2025-06""], ""y"": [38821.5, 15054.97, 27422.24, 12066.36, 20453.1, 24390.0]}], ""meta"": {""created_by"": ""Jennifer Hill"", ""notes"": ""Usually ready eye hotel available offer sing.""}}",2024-01-31T02:55:15
668,Forecast 668,"{""forecast_id"": ""FCAST-668"", ""series"": [{""x"": [""2025-01"", ""2025-02"", ""2025-03"", ""2025-04"", ""2025-05"", ""2025-06""], ""y"": [42065.2, 29741.3, 38069.54, 20956.67, 9359.43, 36424.75]}], ""meta"": {""created_by"": ""Gerald Garcia"", ""notes"": ""Something thing she forget four speak goal.""}}",2024-07-16T12:21:19
669,Forecast 669,"{""forecast_id"": ""FCAST-669"", ""series"": [{""x"": [""2025-01"", ""2025-02"", ""2025-03"", ""2025-04"", ""2025-05"", ""2025-06""], ""y"": [47138.41, 30721.85, 25786.78, 4601.58, 23113.3, 17424.37]}], ""meta"": {""created_by"": ""Mark Brown"", ""notes"": ""Choice writer music account.""}}",2024-04-21T16:42:50
670,Forecast 670,"{""forecast_id"": ""FCAST-670"", ""series"": [{""x"": [""2025-01"", ""2025-02"", ""2025-03"", ""2025-04"", ""2025-05"", ""2025-06""], ""y"": [21495.18, 5519.01, 46755.12, 35075.44, 43006.59, 15403.47]}], ""meta"": {""created_by"": ""Jonathan Sharp"", ""notes"": ""Out carry see common him.""}}",2024-03-03T21:27:00
671,Forecast 671,"{""forecast_id"": ""FCAST-671"", ""series"": [{""x"": [""2025-01"", ""2025-02"", ""2025-03"", ""2025-04"", ""2025-05"", ""2025-06""], ""y"": [26464.33, 20955.15, 37610.12, 41649.57, 31893.42, 39122.9]}], ""meta"": {""created_by"": ""Paul Wilson"", ""notes"": ""A tend someone there.""}}",2024-01-18T11:14:26
672,Forecast 672,"{""forecast_id"": ""FCAST-672"", ""series"": [{""x"": [""2025-01"", ""2025-02"", ""2025-03"", ""2025-04"", ""2025-05"", ""2025-06""], ""y"": [17537.1, 25126.4, 20379.33, 22333.19, 39745.86, 3271.56]}], ""meta"": {""created_by"": ""Leah Stevens"", ""notes"": ""Pass see police recently represent night shake.""}}",2023-11-19T21:16:59
673,Forecast 673,"{""forecast_id"": ""FCAST-673"", ""series"": [{""x"": [""2025-01"", ""2025-02"", ""2025-03"", ""2025-04"", ""2025-05"", ""2025-06""], ""y"": [34990.63, 6709.12, 7310.54, 39235.03, 1880.47, 3065.77]}], ""meta"": {""created_by"": ""Joseph Patel"", ""notes"": ""Less page whom idea guy anyone forward.""}}",2025-10-08T11:06:23
674,Forecast 674,"{""forecast_id"": ""FCAST-674"", ""series"": [{""x"": [""2025-01"", ""2025-02"", ""2025-03"", ""2025-04"", ""2025-05"", ""2025-06""], ""y"": [10453.99, 49522.65, 26492.57, 10955.93, 20138.9, 44342.44]}], ""meta"": {""created_by"": ""Michael Little MD"", ""notes"": ""Majority fund cover degree.""}}",2024-07-25T06:28:07
675,Forecast 675,"{""forecast_id"": ""FCAST-675"", ""series"": [{""x"": [""2025-01"", ""2025-02"", ""2025-03"", ""2025-04"", ""2025-05"", ""2025-06""], ""y"": [5330.61, 43690.52, 2336.21, 8545.6, 23325.81, 16698.53]}], ""meta"": {""created_by"": ""Clayton Harris"", ""notes"": ""Floor bring what his couple.""}}",2025-03-21T15:23:32
676,Forecast 676,"{""forecast_id"": ""FCAST-676"", ""series"": [{""x"": [""2025-01"", ""2025-02"", ""2025-03"", ""2025-04"", ""2025-05"", ""2025-06""], ""y"": [37512.9, 5897.34, 9599.9, 11711.6, 44977.19, 18433.97]}], ""meta"": {""created_by"": ""Shirley Monroe"", ""notes"": ""Off girl together may whole.""}}",2025-10-11T03:34:11
677,Forecast 677,"{""forecast_id"": ""FCAST-677"", ""series"": [{""x"": [""2025-01"", ""2025-02"", ""2025-03"", ""2025-04"", ""2025-05"", ""2025-06""], ""y"": [41052.49, 25944.72, 9986.79, 29030.03, 24783.92, 42524.15]}], ""meta"": {""created_by"": ""Laura Hernandez"", ""notes"": ""Language voice well claim audience kid.""}}",2025-02-05T00:42:56
678,Forecast 678,"{""forecast_id"": ""FCAST-678"", ""series"": [{""x"": [""2025-01"", ""2025-02"", ""2025-03"", ""2025-04"", ""2025-05"", ""2025-06""], ""y"": [21799.2, 28507.17, 45218.48, 31437.75, 49212.07, 41738.19]}], ""meta"": {""created_by"": ""David Liu"", ""notes"": ""Serve large and need a fight.""}}",2025-06-07T12:14:13
679,Forecast 679,"{""forecast_id"": ""FCAST-679"", ""series"": [{""x"": [""2025-01"", ""2025-02"", ""2025-03"", ""2025-04"", ""2025-05"", ""2025-06""], ""y"": [15229.64, 48193.32, 6675.6, 15896.3, 28172.01, 39896.76]}], ""meta"": {""created_by"": ""James Powell"", ""notes"": ""Meeting assume lay as tonight.""}}",2025-07-13T17:45:48
680,Forecast 680,"{""forecast_id"": ""FCAST-680"", ""series"": [{""x"": [""2025-01"", ""2025-02"", ""2025-03"", ""2025-04"", ""2025-05"", ""2025-06""], ""y"": [49272.2, 39231.92, 17787.85, 12633.86, 43278.85, 45723.49]}], ""meta"": {""created_by"": ""Shaun Davis"", ""notes"": ""Serve back policy way international instead.""}}",2025-04-17T08:10:06
681,Forecast 681,"{""forecast_id"": ""FCAST-681"", ""series"": [{""x"": [""2025-01"", ""2025-02"", ""2025-03"", ""2025-04"", ""2025-05"", ""2025-06""], ""y"": [37096.25, 26901.79, 20965.41, 11386.08, 32611.64, 31110.92]}], ""meta"": {""created_by"": ""Katherine Krause"", ""notes"": ""By red tough you coach.""}}",2025-03-01T14:02:08
682,Forecast 682,"{""forecast_id"": ""FCAST-682"", ""series"": [{""x"": [""2025-01"", ""2025-02"", ""2025-03"", ""2025-04"", ""2025-05"", ""2025-06""], ""y"": [7082.72, 6021.26, 19157.58, 34864.28, 1884.65, 41290.59]}], ""meta"": {""created_by"": ""Joseph Floyd"", ""notes"": ""Product ask through hotel despite.""}}",2025-03-16T20:48:17
683,Forecast 683,"{""forecast_id"": ""FCAST-683"", ""series"": [{""x"": [""2025-01"", ""2025-02"", ""2025-03"", ""2025-04"", ""2025-05"", ""2025-06""], ""y"": [25862.57, 49666.33, 29461.34, 4177.16, 15178.13, 29130.29]}], ""meta"": {""created_by"": ""Tonya Roberts"", ""notes"": ""Their first democratic your.""}}",2025-01-24T03:38:53
684,Forecast 684,"{""forecast_id"": ""FCAST-684"", ""series"": [{""x"": [""2025-01"", ""2025-02"", ""2025-03"", ""2025-04"", ""2025-05"", ""2025-06""], ""y"": [46813.12, 36017.99, 23202.29, 13506.96, 40558.92, 20739.9]}], ""meta"": {""created_by"": ""Andre Hall"", ""notes"": ""Another over no ahead.""}}",2025-03-27T02:34:20
685,Forecast 685,"{""forecast_id"": ""FCAST-685"", ""series"": [{""x"": [""2025-01"", ""2025-02"", ""2025-03"", ""2025-04"", ""2025-05"", ""2025-06""], ""y"": [30294.67, 29066.58, 47186.96, 21616.16, 31599.71, 40595.43]}], ""meta"": {""created_by"": ""Wyatt Benitez"", ""notes"": ""Which tough film rather institution interview southern.""}}",2024-03-07T19:14:12
686,Forecast 686,"{""forecast_id"": ""FCAST-686"", ""series"": [{""x"": [""2025-01"", ""2025-02"", ""2025-03"", ""2025-04"", ""2025-05"", ""2025-06""], ""y"": [43609.42, 33181.79, 41683.83, 32445.72, 38215.24, 37554.93]}], ""meta"": {""created_by"": ""Andre Sullivan"", ""notes"": ""Help party like civil program herself give.""}}",2025-08-17T08:17:33
687,Forecast 687,"{""forecast_id"": ""FCAST-687"", ""series"": [{""x"": [""2025-01"", ""2025-02"", ""2025-03"", ""2025-04"", ""2025-05"", ""2025-06""], ""y"": [34119.52, 38293.14, 42855.91, 5393.08, 26588.41, 8113.87]}], ""meta"": {""created_by"": ""Mary Robinson"", ""notes"": ""Heart value people little game sing gun.""}}",2024-08-05T05:28:25
688,Forecast 688,"{""forecast_id"": ""FCAST-688"", ""series"": [{""x"": [""2025-01"", ""2025-02"", ""2025-03"", ""2025-04"", ""2025-05"", ""2025-06""], ""y"": [39393.01, 29384.7, 32202.07, 28869.3, 8199.66, 28701.65]}], ""meta"": {""created_by"": ""Eric Martin"", ""notes"": ""Meet yeah business choice participant amount look.""}}",2024-02-01T08:58:21
689,Forecast 689,"{""forecast_id"": ""FCAST-689"", ""series"": [{""x"": [""2025-01"", ""2025-02"", ""2025-03"", ""2025-04"", ""2025-05"", ""2025-06""], ""y"": [15425.97, 38842.68, 44479.58, 28904.6, 39822.63, 42984.9]}], ""meta"": {""created_by"": ""Mark Martin"", ""notes"": ""Bag discover chair me apply.""}}",2024-04-16T20:48:50
690,Forecast 690,"{""forecast_id"": ""FCAST-690"", ""series"": [{""x"": [""2025-01"", ""2025-02"", ""2025-03"", ""2025-04"", ""2025-05"", ""2025-06""], ""y"": [47711.14, 44636.44, 6309.39, 42120.13, 40546.79, 11928.37]}], ""meta"": {""created_by"": ""Melissa Mcgee"", ""notes"": ""Court among fact personal local.""}}",2025-03-06T10:03:20
691,Forecast 691,"{""forecast_id"": ""FCAST-691"", ""series"": [{""x"": [""2025-01"", ""2025-02"", ""2025-03"", ""2025-04"", ""2025-05"", ""2025-06""], ""y"": [39245.88, 39037.17, 22063.86, 28631.84, 48070.77, 3683.85]}], ""meta"": {""created_by"": ""Mr. Michael Butler MD"", ""notes"": ""Religious along woman particularly better voice.""}}",2025-10-09T07:43:21
692,Forecast 692,"{""forecast_id"": ""FCAST-692"", ""series"": [{""x"": [""2025-01"", ""2025-02"", ""2025-03"", ""2025-04"", ""2025-05"", ""2025-06""], ""y"": [31488.68, 2125.07, 28337.52, 8595.04, 32371.73, 23401.89]}], ""meta"": {""created_by"": ""Edgar Hale"", ""notes"": ""Marriage idea for ball sound often.""}}",2024-06-12T19:33:00
693,Forecast 693,"{""forecast_id"": ""FCAST-693"", ""series"": [{""x"": [""2025-01"", ""2025-02"", ""2025-03"", ""2025-04"", ""2025-05"", ""2025-06""], ""y"": [21467.48, 44688.77, 32454.86, 9521.82, 11579.44, 28521.32]}], ""meta"": {""created_by"": ""Lisa Green"", ""notes"": ""Expert mind lawyer partner charge form take bed.""}}",2023-12-31T22:48:19
694,Forecast 694,"{""forecast_id"": ""FCAST-694"", ""series"": [{""x"": [""2025-01"", ""2025-02"", ""2025-03"", ""2025-04"", ""2025-05"", ""2025-06""], ""y"": [49739.9, 12177.41, 30729.82, 16963.13, 33464.62, 45485.14]}], ""meta"": {""created_by"": ""Amy Taylor"", ""notes"": ""Large newspaper source office moment.""}}",2024-10-09T21:59:28
695,Forecast 695,"{""forecast_id"": ""FCAST-695"", ""series"": [{""x"": [""2025-01"", ""2025-02"", ""2025-03"", ""2025-04"", ""2025-05"", ""2025-06""], ""y"": [32859.29, 45027.57, 26490.22, 33205.7, 28496.51, 1857.46]}], ""meta"": {""created_by"": ""Dalton Rose"", ""notes"": ""Expert rate beyond general.""}}",2024-12-06T19:38:13
696,Forecast 696,"{""forecast_id"": ""FCAST-696"", ""series"": [{""x"": [""2025-01"", ""2025-02"", ""2025-03"", ""2025-04"", ""2025-05"", ""2025-06""], ""y"": [41119.88, 14950.37, 1150.54, 17889.46, 20966.14, 33515.56]}], ""meta"": {""created_by"": ""Amy Galvan"", ""notes"": ""Foot record plan listen total.""}}",2024-09-25T10:05:31
697,Forecast 697,"{""forecast_id"": ""FCAST-697"", ""series"": [{""x"": [""2025-01"", ""2025-02"", ""2025-03"", ""2025-04"", ""2025-05"", ""2025-06""], ""y"": [49098.3, 45210.18, 28747.12, 22273.26, 2467.05, 40424.68]}], ""meta"": {""created_by"": ""Jessica Cortez"", ""notes"": ""Memory per develop give from maintain.""}}",2025-10-31T17:20:17
698,Forecast 698,"{""forecast_id"": ""FCAST-698"", ""series"": [{""x"": [""2025-01"", ""2025-02"", ""2025-03"", ""2025-04"", ""2025-05"", ""2025-06""], ""y"": [39419.73, 20905.32, 38392.16, 27680.52, 8184.0, 33385.01]}], ""meta"": {""created_by"": ""Taylor Maynard"", ""notes"": ""Cultural cultural open individual individual.""}}",2024-10-14T14:03:43
699,Forecast 699,"{""forecast_id"": ""FCAST-699"", ""series"": [{""x"": [""2025-01"", ""2025-02"", ""2025-03"", ""2025-04"", ""2025-05"", ""2025-06""], ""y"": [5581.37, 27980.08, 29072.75, 17891.15, 31887.29, 46249.61]}], ""meta"": {""created_by"": ""Nicole Hamilton"", ""notes"": ""Sell pattern fill type idea region success.""}}",2025-03-23T16:54:16
700,Forecast 700,"{""forecast_id"": ""FCAST-700"", ""series"": [{""x"": [""2025-01"", ""2025-02"", ""2025-03"", ""2025-04"", ""2025-05"", ""2025-06""], ""y"": [11614.97, 28527.91, 40628.36, 5814.39, 41700.1, 44232.06]}], ""meta"": {""created_by"": ""Mary Bowman MD"", ""notes"": ""Bill catch difficult almost dark become city administration.""}}",2025-09-06T02:35:53
701,Forecast 701,"{""forecast_id"": ""FCAST-701"", ""series"": [{""x"": [""2025-01"", ""2025-02"", ""2025-03"", ""2025-04"", ""2025-05"", ""2025-06""], ""y"": [38558.06, 40554.39, 16371.04, 17505.77, 46267.47, 6889.11]}], ""meta"": {""created_by"": ""Samantha Sullivan"", ""notes"": ""Ask enjoy capital yeah candidate indicate song.""}}",2025-02-20T05:56:20
702,Forecast 702,"{""forecast_id"": ""FCAST-702"", ""series"": [{""x"": [""2025-01"", ""2025-02"", ""2025-03"", ""2025-04"", ""2025-05"", ""2025-06""], ""y"": [42322.08, 39083.71, 20534.85, 8298.65, 29792.95, 38884.1]}], ""meta"": {""created_by"": ""Angela Norris"", ""notes"": ""Item education week decide expert.""}}",2025-07-06T06:08:17
703,Forecast 703,"{""forecast_id"": ""FCAST-703"", ""series"": [{""x"": [""2025-01"", ""2025-02"", ""2025-03"", ""2025-04"", ""2025-05"", ""2025-06""], ""y"": [42638.41, 14323.17, 45050.7, 42877.21, 41793.97, 9048.03]}], ""meta"": {""created_by"": ""Anthony Adkins"", ""notes"": ""Choice enjoy rather early up husband.""}}",2024-07-27T11:45:58
704,Forecast 704,"{""forecast_id"": ""FCAST-704"", ""series"": [{""x"": [""2025-01"", ""2025-02"", ""2025-03"", ""2025-04"", ""2025-05"", ""2025-06""], ""y"": [37864.31, 1047.93, 33718.1, 26181.03, 30419.23, 45459.61]}], ""meta"": {""created_by"": ""Daniel Sanchez"", ""notes"": ""Pull thus top.""}}",2025-02-09T01:11:19
705,Forecast 705,"{""forecast_id"": ""FCAST-705"", ""series"": [{""x"": [""2025-01"", ""2025-02"", ""2025-03"", ""2025-04"", ""2025-05"", ""2025-06""], ""y"": [20075.03, 49923.73, 6722.41, 49002.88, 19972.18, 10900.87]}], ""meta"": {""created_by"": ""Susan Lowe"", ""notes"": ""Issue woman difficult director stage.""}}",2024-01-27T04:53:56
706,Forecast 706,"{""forecast_id"": ""FCAST-706"", ""series"": [{""x"": [""2025-01"", ""2025-02"", ""2025-03"", ""2025-04"", ""2025-05"", ""2025-06""], ""y"": [4979.49, 10473.31, 30982.6, 41354.47, 41342.91, 2248.78]}], ""meta"": {""created_by"": ""Paige Bradley"", ""notes"": ""Hard pretty dinner shake spend school police.""}}",2025-05-22T22:33:10
707,Forecast 707,"{""forecast_id"": ""FCAST-707"", ""series"": [{""x"": [""2025-01"", ""2025-02"", ""2025-03"", ""2025-04"", ""2025-05"", ""2025-06""], ""y"": [47321.83, 19384.38, 3743.33, 32765.97, 4925.12, 31863.24]}], ""meta"": {""created_by"": ""Christian Scott"", ""notes"": ""Ever address agent yard.""}}",2025-08-17T22:08:19
708,Forecast 708,"{""forecast_id"": ""FCAST-708"", ""series"": [{""x"": [""2025-01"", ""2025-02"", ""2025-03"", ""2025-04"", ""2025-05"", ""2025-06""], ""y"": [4584.98, 37148.79, 3661.85, 20981.76, 9682.27, 31847.32]}], ""meta"": {""created_by"": ""Ian Lewis"", ""notes"": ""Notice can agree let front vote coach.""}}",2024-10-29T07:20:59
709,Forecast 709,"{""forecast_id"": ""FCAST-709"", ""series"": [{""x"": [""2025-01"", ""2025-02"", ""2025-03"", ""2025-04"", ""2025-05"", ""2025-06""], ""y"": [10599.08, 29540.66, 22722.37, 21145.61, 8038.76, 36768.84]}], ""meta"": {""created_by"": ""Ruben Hicks"", ""notes"": ""Skill will activity upon crime never return plant.""}}",2024-11-09T02:43:36
710,Forecast 710,"{""forecast_id"": ""FCAST-710"", ""series"": [{""x"": [""2025-01"", ""2025-02"", ""2025-03"", ""2025-04"", ""2025-05"", ""2025-06""], ""y"": [11805.03, 14710.21, 1824.08, 25268.17, 22692.05, 14793.55]}], ""meta"": {""created_by"": ""Sherry Ward"", ""notes"": ""Than southern born no imagine sure.""}}",2025-01-07T22:46:19
711,Forecast 711,"{""forecast_id"": ""FCAST-711"", ""series"": [{""x"": [""2025-01"", ""2025-02"", ""2025-03"", ""2025-04"", ""2025-05"", ""2025-06""], ""y"": [8953.3, 36001.45, 23002.23, 7846.79, 20757.74, 43287.8]}], ""meta"": {""created_by"": ""Mark Russell"", ""notes"": ""Health toward green meet.""}}",2025-06-17T04:29:18
712,Forecast 712,"{""forecast_id"": ""FCAST-712"", ""series"": [{""x"": [""2025-01"", ""2025-02"", ""2025-03"", ""2025-04"", ""2025-05"", ""2025-06""], ""y"": [33898.28, 30219.29, 17882.97, 28217.76, 5511.41, 43749.97]}], ""meta"": {""created_by"": ""Anthony Bowers"", ""notes"": ""Pass standard series bit trouble.""}}",2024-06-07T21:35:05
713,Forecast 713,"{""forecast_id"": ""FCAST-713"", ""series"": [{""x"": [""2025-01"", ""2025-02"", ""2025-03"", ""2025-04"", ""2025-05"", ""2025-06""], ""y"": [36524.42, 41474.3, 46218.62, 46231.41, 49117.14, 28705.65]}], ""meta"": {""created_by"": ""Thomas Jenkins"", ""notes"": ""Might factor store special political management.""}}",2025-09-24T06:01:03
714,Forecast 714,"{""forecast_id"": ""FCAST-714"", ""series"": [{""x"": [""2025-01"", ""2025-02"", ""2025-03"", ""2025-04"", ""2025-05"", ""2025-06""], ""y"": [46691.77, 4272.91, 39109.25, 2114.02, 46892.15, 34056.99]}], ""meta"": {""created_by"": ""Cody Scott"", ""notes"": ""Some raise much ten make.""}}",2025-04-03T09:37:43
715,Forecast 715,"{""forecast_id"": ""FCAST-715"", ""series"": [{""x"": [""2025-01"", ""2025-02"", ""2025-03"", ""2025-04"", ""2025-05"", ""2025-06""], ""y"": [13877.15, 48544.55, 10723.52, 23239.46, 5370.16, 7500.62]}], ""meta"": {""created_by"": ""Teresa Mathis"", ""notes"": ""Green leg billion start.""}}",2025-01-27T07:26:34
716,Forecast 716,"{""forecast_id"": ""FCAST-716"", ""series"": [{""x"": [""2025-01"", ""2025-02"", ""2025-03"", ""2025-04"", ""2025-05"", ""2025-06""], ""y"": [46637.94, 18536.07, 46599.94, 10928.31, 45875.15, 20664.3]}], ""meta"": {""created_by"": ""Christine Herrera"", ""notes"": ""Order position find general computer center loss.""}}",2025-02-05T05:47:57
717,Forecast 717,"{""forecast_id"": ""FCAST-717"", ""series"": [{""x"": [""2025-01"", ""2025-02"", ""2025-03"", ""2025-04"", ""2025-05"", ""2025-06""], ""y"": [23892.45, 46431.17, 23748.5, 11040.94, 49809.43, 45474.26]}], ""meta"": {""created_by"": ""Todd Sharp"", ""notes"": ""Laugh minute face four.""}}",2024-10-16T09:28:22
718,Forecast 718,"{""forecast_id"": ""FCAST-718"", ""series"": [{""x"": [""2025-01"", ""2025-02"", ""2025-03"", ""2025-04"", ""2025-05"", ""2025-06""], ""y"": [34223.6, 4851.13, 9005.76, 19611.65, 11724.68, 21673.08]}], ""meta"": {""created_by"": ""Andre Butler"", ""notes"": ""Reason into garden against send final.""}}",2025-07-14T09:15:35
719,Forecast 719,"{""forecast_id"": ""FCAST-719"", ""series"": [{""x"": [""2025-01"", ""2025-02"", ""2025-03"", ""2025-04"", ""2025-05"", ""2025-06""], ""y"": [41433.2, 48997.67, 16570.04, 23918.66, 27759.53, 48845.22]}], ""meta"": {""created_by"": ""Terry Higgins"", ""notes"": ""Cold citizen tax then begin interview game.""}}",2024-12-13T17:02:15
720,Forecast 720,"{""forecast_id"": ""FCAST-720"", ""series"": [{""x"": [""2025-01"", ""2025-02"", ""2025-03"", ""2025-04"", ""2025-05"", ""2025-06""], ""y"": [19423.07, 10328.97, 22926.98, 44678.63, 27714.25, 16047.81]}], ""meta"": {""created_by"": ""Jared Nelson"", ""notes"": ""Game song base sign truth past.""}}",2024-08-29T10:26:21
721,Forecast 721,"{""forecast_id"": ""FCAST-721"", ""series"": [{""x"": [""2025-01"", ""2025-02"", ""2025-03"", ""2025-04"", ""2025-05"", ""2025-06""], ""y"": [30035.2, 36573.35, 9265.99, 29361.52, 3341.5, 43342.02]}], ""meta"": {""created_by"": ""Justin Gilbert"", ""notes"": ""Again then rule his citizen wrong letter.""}}",2024-10-18T14:45:05
722,Forecast 722,"{""forecast_id"": ""FCAST-722"", ""series"": [{""x"": [""2025-01"", ""2025-02"", ""2025-03"", ""2025-04"", ""2025-05"", ""2025-06""], ""y"": [15406.81, 3107.06, 41055.6, 22126.83, 14953.27, 3592.11]}], ""meta"": {""created_by"": ""Melissa Diaz"", ""notes"": ""Doctor wind structure letter operation idea provide.""}}",2024-03-14T03:32:41
723,Forecast 723,"{""forecast_id"": ""FCAST-723"", ""series"": [{""x"": [""2025-01"", ""2025-02"", ""2025-03"", ""2025-04"", ""2025-05"", ""2025-06""], ""y"": [23135.19, 34420.39, 41768.02, 20519.62, 27174.91, 46456.51]}], ""meta"": {""created_by"": ""Kenneth Rios"", ""notes"": ""Certainly prepare various shake deal measure join.""}}",2025-01-16T14:24:32
724,Forecast 724,"{""forecast_id"": ""FCAST-724"", ""series"": [{""x"": [""2025-01"", ""2025-02"", ""2025-03"", ""2025-04"", ""2025-05"", ""2025-06""], ""y"": [45347.1, 37304.91, 25483.26, 26156.15, 45843.36, 4683.75]}], ""meta"": {""created_by"": ""Brandon Hill"", ""notes"": ""Leg make reach great.""}}",2024-01-22T06:48:52
725,Forecast 725,"{""forecast_id"": ""FCAST-725"", ""series"": [{""x"": [""2025-01"", ""2025-02"", ""2025-03"", ""2025-04"", ""2025-05"", ""2025-06""], ""y"": [41863.94, 32314.06, 44030.89, 44819.05, 29860.66, 41538.82]}], ""meta"": {""created_by"": ""Suzanne Baxter"", ""notes"": ""Relationship vote less industry concern begin.""}}",2025-10-31T15:24:26
726,Forecast 726,"{""forecast_id"": ""FCAST-726"", ""series"": [{""x"": [""2025-01"", ""2025-02"", ""2025-03"", ""2025-04"", ""2025-05"", ""2025-06""], ""y"": [6014.56, 10475.88, 26451.8, 48710.24, 9409.36, 27760.13]}], ""meta"": {""created_by"": ""Sean Stephenson"", ""notes"": ""Within attention manager few spring east either.""}}",2024-03-06T06:28:27
727,Forecast 727,"{""forecast_id"": ""FCAST-727"", ""series"": [{""x"": [""2025-01"", ""2025-02"", ""2025-03"", ""2025-04"", ""2025-05"", ""2025-06""], ""y"": [36992.85, 25073.99, 36830.2, 30718.21, 12459.36, 21875.0]}], ""meta"": {""created_by"": ""Heather Harris"", ""notes"": ""Believe standard training.""}}",2025-08-23T13:11:09
728,Forecast 728,"{""forecast_id"": ""FCAST-728"", ""series"": [{""x"": [""2025-01"", ""2025-02"", ""2025-03"", ""2025-04"", ""2025-05"", ""2025-06""], ""y"": [41490.35, 43861.93, 27428.64, 43955.51, 42555.73, 9683.61]}], ""meta"": {""created_by"": ""Amy Kennedy"", ""notes"": ""Individual bag direction break.""}}",2024-07-30T13:43:05
729,Forecast 729,"{""forecast_id"": ""FCAST-729"", ""series"": [{""x"": [""2025-01"", ""2025-02"", ""2025-03"", ""2025-04"", ""2025-05"", ""2025-06""], ""y"": [34395.06, 16603.64, 2428.69, 12216.51, 37763.29, 48028.6]}], ""meta"": {""created_by"": ""Dr. Judith Terrell"", ""notes"": ""Authority view different produce.""}}",2025-10-11T00:30:43
730,Forecast 730,"{""forecast_id"": ""FCAST-730"", ""series"": [{""x"": [""2025-01"", ""2025-02"", ""2025-03"", ""2025-04"", ""2025-05"", ""2025-06""], ""y"": [2123.02, 39494.78, 29841.97, 36239.96, 22005.77, 34356.52]}], ""meta"": {""created_by"": ""Christian Ramos"", ""notes"": ""Occur though story wide do.""}}",2024-09-07T16:42:51
731,Forecast 731,"{""forecast_id"": ""FCAST-731"", ""series"": [{""x"": [""2025-01"", ""2025-02"", ""2025-03"", ""2025-04"", ""2025-05"", ""2025-06""], ""y"": [49728.92, 23225.11, 35305.47, 20730.31, 46971.52, 12561.55]}], ""meta"": {""created_by"": ""Albert Thomas"", ""notes"": ""Check war official system four full.""}}",2024-05-04T23:08:44
732,Forecast 732,"{""forecast_id"": ""FCAST-732"", ""series"": [{""x"": [""2025-01"", ""2025-02"", ""2025-03"", ""2025-04"", ""2025-05"", ""2025-06""], ""y"": [20849.15, 39214.41, 8180.66, 39827.8, 18889.23, 1110.32]}], ""meta"": {""created_by"": ""Lisa Thomas"", ""notes"": ""Inside before number significant.""}}",2024-08-27T23:52:24
733,Forecast 733,"{""forecast_id"": ""FCAST-733"", ""series"": [{""x"": [""2025-01"", ""2025-02"", ""2025-03"", ""2025-04"", ""2025-05"", ""2025-06""], ""y"": [27490.41, 5133.27, 42193.35, 9842.0, 31829.57, 17066.64]}], ""meta"": {""created_by"": ""Jennifer Parks"", ""notes"": ""Movement project skill road.""}}",2024-03-06T23:39:00
734,Forecast 734,"{""forecast_id"": ""FCAST-734"", ""series"": [{""x"": [""2025-01"", ""2025-02"", ""2025-03"", ""2025-04"", ""2025-05"", ""2025-06""], ""y"": [8801.64, 49615.39, 34258.61, 33318.2, 1726.78, 17417.5]}], ""meta"": {""created_by"": ""Amanda Hernandez"", ""notes"": ""Mean rather want money since training almost would.""}}",2024-02-28T05:52:00
735,Forecast 735,"{""forecast_id"": ""FCAST-735"", ""series"": [{""x"": [""2025-01"", ""2025-02"", ""2025-03"", ""2025-04"", ""2025-05"", ""2025-06""], ""y"": [49454.8, 46915.88, 34650.63, 20841.8, 8366.69, 4570.25]}], ""meta"": {""created_by"": ""Stephen Rodriguez"", ""notes"": ""Maintain important service of fine foreign lead nothing.""}}",2024-07-17T13:53:47
736,Forecast 736,"{""forecast_id"": ""FCAST-736"", ""series"": [{""x"": [""2025-01"", ""2025-02"", ""2025-03"", ""2025-04"", ""2025-05"", ""2025-06""], ""y"": [32913.78, 46916.29, 4564.91, 28960.3, 17042.23, 20498.59]}], ""meta"": {""created_by"": ""Beth Lopez"", ""notes"": ""Issue memory family range able power.""}}",2024-01-27T12:41:28
737,Forecast 737,"{""forecast_id"": ""FCAST-737"", ""series"": [{""x"": [""2025-01"", ""2025-02"", ""2025-03"", ""2025-04"", ""2025-05"", ""2025-06""], ""y"": [23379.56, 30114.39, 2932.31, 29941.0, 38855.97, 14157.36]}], ""meta"": {""created_by"": ""James Conner"", ""notes"": ""True her need present happy from.""}}",2025-10-14T05:00:22
738,Forecast 738,"{""forecast_id"": ""FCAST-738"", ""series"": [{""x"": [""2025-01"", ""2025-02"", ""2025-03"", ""2025-04"", ""2025-05"", ""2025-06""], ""y"": [22068.09, 30839.1, 15151.4, 27789.58, 1792.15, 8758.51]}], ""meta"": {""created_by"": ""Charles Baker"", ""notes"": ""Congress tree yard might.""}}",2024-07-18T10:34:12
739,Forecast 739,"{""forecast_id"": ""FCAST-739"", ""series"": [{""x"": [""2025-01"", ""2025-02"", ""2025-03"", ""2025-04"", ""2025-05"", ""2025-06""], ""y"": [44716.65, 2851.62, 17213.2, 2661.64, 30653.16, 36752.2]}], ""meta"": {""created_by"": ""Megan Smith"", ""notes"": ""Now decide country whom.""}}",2025-09-30T01:51:51
740,Forecast 740,"{""forecast_id"": ""FCAST-740"", ""series"": [{""x"": [""2025-01"", ""2025-02"", ""2025-03"", ""2025-04"", ""2025-05"", ""2025-06""], ""y"": [33453.37, 27571.83, 48775.46, 30312.92, 34878.92, 25860.7]}], ""meta"": {""created_by"": ""Alfred Johnson"", ""notes"": ""Others happen go baby all attention less.""}}",2025-05-04T23:04:09
741,Forecast 741,"{""forecast_id"": ""FCAST-741"", ""series"": [{""x"": [""2025-01"", ""2025-02"", ""2025-03"", ""2025-04"", ""2025-05"", ""2025-06""], ""y"": [15301.51, 7369.42, 44242.07, 17548.33, 37035.81, 26098.08]}], ""meta"": {""created_by"": ""Lisa Ramirez"", ""notes"": ""Wife company citizen never what.""}}",2024-01-15T08:15:33
742,Forecast 742,"{""forecast_id"": ""FCAST-742"", ""series"": [{""x"": [""2025-01"", ""2025-02"", ""2025-03"", ""2025-04"", ""2025-05"", ""2025-06""], ""y"": [31846.29, 32716.27, 14894.73, 23141.32, 27738.93, 23436.39]}], ""meta"": {""created_by"": ""Nicholas Bailey"", ""notes"": ""Lot machine movie price any.""}}",2025-01-25T09:56:47
743,Forecast 743,"{""forecast_id"": ""FCAST-743"", ""series"": [{""x"": [""2025-01"", ""2025-02"", ""2025-03"", ""2025-04"", ""2025-05"", ""2025-06""], ""y"": [40702.71, 45733.02, 35068.74, 22628.87, 18489.96, 9773.07]}], ""meta"": {""created_by"": ""Kelsey Dunn"", ""notes"": ""Allow ago over share.""}}",2024-06-27T21:10:37
744,Forecast 744,"{""forecast_id"": ""FCAST-744"", ""series"": [{""x"": [""2025-01"", ""2025-02"", ""2025-03"", ""2025-04"", ""2025-05"", ""2025-06""], ""y"": [44864.61, 20681.01, 20134.31, 10603.45, 38686.26, 33179.61]}], ""meta"": {""created_by"": ""Jonathan Leach"", ""notes"": ""Still them until my.""}}",2024-03-25T09:30:14
745,Forecast 745,"{""forecast_id"": ""FCAST-745"", ""series"": [{""x"": [""2025-01"", ""2025-02"", ""2025-03"", ""2025-04"", ""2025-05"", ""2025-06""], ""y"": [2284.68, 31163.56, 14470.1, 39232.15, 48212.66, 4110.57]}], ""meta"": {""created_by"": ""Carrie Davis"", ""notes"": ""Machine per stand wish develop.""}}",2024-10-12T00:30:10
746,Forecast 746,"{""forecast_id"": ""FCAST-746"", ""series"": [{""x"": [""2025-01"", ""2025-02"", ""2025-03"", ""2025-04"", ""2025-05"", ""2025-06""], ""y"": [31763.13, 48694.51, 25250.01, 27077.67, 19839.25, 8345.94]}], ""meta"": {""created_by"": ""Anita Gregory"", ""notes"": ""Receive break relationship kind heavy ready with would.""}}",2025-07-09T13:09:49
747,Forecast 747,"{""forecast_id"": ""FCAST-747"", ""series"": [{""x"": [""2025-01"", ""2025-02"", ""2025-03"", ""2025-04"", ""2025-05"", ""2025-06""], ""y"": [31558.42, 45850.6, 25784.47, 36208.45, 8541.85, 41870.32]}], ""meta"": {""created_by"": ""Wayne Levy"", ""notes"": ""Build so animal kid successful message do.""}}",2024-07-21T10:51:49
748,Forecast 748,"{""forecast_id"": ""FCAST-748"", ""series"": [{""x"": [""2025-01"", ""2025-02"", ""2025-03"", ""2025-04"", ""2025-05"", ""2025-06""], ""y"": [16685.7, 29263.41, 25201.45, 37738.46, 39735.87, 27074.89]}], ""meta"": {""created_by"": ""Erin Edwards"", ""notes"": ""Be put answer collection us early.""}}",2025-05-03T18:23:27
749,Forecast 749,"{""forecast_id"": ""FCAST-749"", ""series"": [{""x"": [""2025-01"", ""2025-02"", ""2025-03"", ""2025-04"", ""2025-05"", ""2025-06""], ""y"": [34396.57, 1032.08, 32533.92, 34434.6, 39827.86, 19065.36]}], ""meta"": {""created_by"": ""Tyler Turner"", ""notes"": ""Force myself go could himself inside visit.""}}",2024-01-02T09:55:28
750,Forecast 750,"{""forecast_id"": ""FCAST-750"", ""series"": [{""x"": [""2025-01"", ""2025-02"", ""2025-03"", ""2025-04"", ""2025-05"", ""2025-06""], ""y"": [35079.58, 44268.0, 33514.94, 43521.59, 38022.79, 20117.57]}], ""meta"": {""created_by"": ""Luke Lutz"", ""notes"": ""Thousand benefit long cup fire.""}}",2024-07-26T06:09:11
751,Forecast 751,"{""forecast_id"": ""FCAST-751"", ""series"": [{""x"": [""2025-01"", ""2025-02"", ""2025-03"", ""2025-04"", ""2025-05"", ""2025-06""], ""y"": [36656.74, 17261.97, 23375.14, 2877.47, 33977.55, 9228.06]}], ""meta"": {""created_by"": ""Javier James"", ""notes"": ""You lose within purpose entire.""}}",2023-12-11T18:27:01
752,Forecast 752,"{""forecast_id"": ""FCAST-752"", ""series"": [{""x"": [""2025-01"", ""2025-02"", ""2025-03"", ""2025-04"", ""2025-05"", ""2025-06""], ""y"": [45088.57, 9619.45, 37577.17, 42771.6, 14147.8, 9945.25]}], ""meta"": {""created_by"": ""Christine Butler"", ""notes"": ""American his record voice material attention them.""}}",2024-07-09T20:04:27
753,Forecast 753,"{""forecast_id"": ""FCAST-753"", ""series"": [{""x"": [""2025-01"", ""2025-02"", ""2025-03"", ""2025-04"", ""2025-05"", ""2025-06""], ""y"": [26655.66, 23573.61, 20309.28, 7877.35, 41496.95, 30957.98]}], ""meta"": {""created_by"": ""Mark Lewis"", ""notes"": ""Action red tax life bring allow short door.""}}",2025-09-01T19:14:36
754,Forecast 754,"{""forecast_id"": ""FCAST-754"", ""series"": [{""x"": [""2025-01"", ""2025-02"", ""2025-03"", ""2025-04"", ""2025-05"", ""2025-06""], ""y"": [10098.76, 13084.61, 47630.35, 34492.75, 37228.67, 42490.41]}], ""meta"": {""created_by"": ""Latoya Kelley"", ""notes"": ""Little husband accept national boy.""}}",2025-04-26T15:52:35
755,Forecast 755,"{""forecast_id"": ""FCAST-755"", ""series"": [{""x"": [""2025-01"", ""2025-02"", ""2025-03"", ""2025-04"", ""2025-05"", ""2025-06""], ""y"": [39687.22, 41685.11, 11887.66, 47089.66, 27762.92, 45174.38]}], ""meta"": {""created_by"": ""Christopher Vance"", ""notes"": ""Be oil read three watch network blue.""}}",2024-10-07T19:12:15
756,Forecast 756,"{""forecast_id"": ""FCAST-756"", ""series"": [{""x"": [""2025-01"", ""2025-02"", ""2025-03"", ""2025-04"", ""2025-05"", ""2025-06""], ""y"": [29057.13, 6052.03, 20840.15, 13775.69, 34538.99, 45883.86]}], ""meta"": {""created_by"": ""Olivia Powell"", ""notes"": ""Without number four Democrat seek night someone.""}}",2024-12-22T10:42:28
757,Forecast 757,"{""forecast_id"": ""FCAST-757"", ""series"": [{""x"": [""2025-01"", ""2025-02"", ""2025-03"", ""2025-04"", ""2025-05"", ""2025-06""], ""y"": [10143.49, 38313.41, 36398.62, 46675.89, 9717.03, 47306.2]}], ""meta"": {""created_by"": ""Judy Gates"", ""notes"": ""Care leader inside record staff.""}}",2025-09-17T12:15:31
758,Forecast 758,"{""forecast_id"": ""FCAST-758"", ""series"": [{""x"": [""2025-01"", ""2025-02"", ""2025-03"", ""2025-04"", ""2025-05"", ""2025-06""], ""y"": [20064.75, 48462.77, 9421.0, 47357.17, 11860.95, 35035.29]}], ""meta"": {""created_by"": ""Jared Arnold"", ""notes"": ""Commercial represent rule strategy his score.""}}",2023-11-19T05:49:06
759,Forecast 759,"{""forecast_id"": ""FCAST-759"", ""series"": [{""x"": [""2025-01"", ""2025-02"", ""2025-03"", ""2025-04"", ""2025-05"", ""2025-06""], ""y"": [17822.93, 30788.94, 34635.44, 6008.82, 43162.06, 47039.39]}], ""meta"": {""created_by"": ""Richard Smith"", ""notes"": ""Though glass leader quality particular leave will.""}}",2024-06-12T17:06:49
760,Forecast 760,"{""forecast_id"": ""FCAST-760"", ""series"": [{""x"": [""2025-01"", ""2025-02"", ""2025-03"", ""2025-04"", ""2025-05"", ""2025-06""], ""y"": [6204.32, 35820.15, 19092.34, 2257.3, 32645.22, 26427.81]}], ""meta"": {""created_by"": ""Frank Wagner"", ""notes"": ""North seem eat through present girl cut seem.""}}",2025-01-04T02:06:50
761,Forecast 761,"{""forecast_id"": ""FCAST-761"", ""series"": [{""x"": [""2025-01"", ""2025-02"", ""2025-03"", ""2025-04"", ""2025-05"", ""2025-06""], ""y"": [47856.69, 47529.28, 28375.56, 1765.99, 16701.63, 24900.65]}], ""meta"": {""created_by"": ""Phillip Beltran"", ""notes"": ""Cold cover option paper us behavior.""}}",2025-08-16T07:01:59
762,Forecast 762,"{""forecast_id"": ""FCAST-762"", ""series"": [{""x"": [""2025-01"", ""2025-02"", ""2025-03"", ""2025-04"", ""2025-05"", ""2025-06""], ""y"": [34325.05, 41418.24, 11986.13, 10513.82, 31778.26, 6878.91]}], ""meta"": {""created_by"": ""Aaron Hall"", ""notes"": ""Teacher man bar well challenge.""}}",2024-09-18T11:45:31
763,Forecast 763,"{""forecast_id"": ""FCAST-763"", ""series"": [{""x"": [""2025-01"", ""2025-02"", ""2025-03"", ""2025-04"", ""2025-05"", ""2025-06""], ""y"": [34095.91, 26103.2, 29271.26, 46389.61, 6546.65, 24579.65]}], ""meta"": {""created_by"": ""Vanessa Davis"", ""notes"": ""Sport Congress third artist pick.""}}",2025-08-18T18:44:18
764,Forecast 764,"{""forecast_id"": ""FCAST-764"", ""series"": [{""x"": [""2025-01"", ""2025-02"", ""2025-03"", ""2025-04"", ""2025-05"", ""2025-06""], ""y"": [24728.21, 3297.6, 26555.59, 35529.62, 29516.87, 14187.56]}], ""meta"": {""created_by"": ""Ashley Lawson"", ""notes"": ""Professor seem political determine happen chair determine.""}}",2025-08-18T20:02:26
765,Forecast 765,"{""forecast_id"": ""FCAST-765"", ""series"": [{""x"": [""2025-01"", ""2025-02"", ""2025-03"", ""2025-04"", ""2025-05"", ""2025-06""], ""y"": [2846.84, 42089.58, 11299.11, 16071.44, 16937.05, 23230.16]}], ""meta"": {""created_by"": ""David Sandoval"", ""notes"": ""Whose series behind certainly space.""}}",2024-05-16T18:48:42
766,Forecast 766,"{""forecast_id"": ""FCAST-766"", ""series"": [{""x"": [""2025-01"", ""2025-02"", ""2025-03"", ""2025-04"", ""2025-05"", ""2025-06""], ""y"": [17011.62, 17060.54, 6253.89, 36717.69, 18939.4, 44418.85]}], ""meta"": {""created_by"": ""Travis Webb"", ""notes"": ""Whose mouth century set today teacher.""}}",2024-03-21T16:39:39
767,Forecast 767,"{""forecast_id"": ""FCAST-767"", ""series"": [{""x"": [""2025-01"", ""2025-02"", ""2025-03"", ""2025-04"", ""2025-05"", ""2025-06""], ""y"": [41059.4, 24316.93, 42447.9, 26701.71, 12669.29, 21886.25]}], ""meta"": {""created_by"": ""Larry Jones"", ""notes"": ""Whose property move especially.""}}",2023-12-13T01:16:20
768,Forecast 768,"{""forecast_id"": ""FCAST-768"", ""series"": [{""x"": [""2025-01"", ""2025-02"", ""2025-03"", ""2025-04"", ""2025-05"", ""2025-06""], ""y"": [42726.41, 3243.82, 48030.21, 14021.97, 42483.65, 35159.17]}], ""meta"": {""created_by"": ""Renee Velasquez"", ""notes"": ""All environment court experience.""}}",2024-05-31T23:34:03
769,Forecast 769,"{""forecast_id"": ""FCAST-769"", ""series"": [{""x"": [""2025-01"", ""2025-02"", ""2025-03"", ""2025-04"", ""2025-05"", ""2025-06""], ""y"": [32522.29, 6346.13, 47568.95, 39830.26, 2724.42, 18339.12]}], ""meta"": {""created_by"": ""Ms. Beth Sullivan DDS"", ""notes"": ""Campaign wait however democratic remain.""}}",2025-02-02T02:31:18
770,Forecast 770,"{""forecast_id"": ""FCAST-770"", ""series"": [{""x"": [""2025-01"", ""2025-02"", ""2025-03"", ""2025-04"", ""2025-05"", ""2025-06""], ""y"": [23375.02, 31170.22, 47450.78, 6978.67, 29995.01, 24171.5]}], ""meta"": {""created_by"": ""Phillip Durham"", ""notes"": ""Need support great necessary garden accept rich.""}}",2025-10-16T05:31:21
771,Forecast 771,"{""forecast_id"": ""FCAST-771"", ""series"": [{""x"": [""2025-01"", ""2025-02"", ""2025-03"", ""2025-04"", ""2025-05"", ""2025-06""], ""y"": [3946.97, 36892.59, 7450.09, 24422.68, 14312.42, 7359.02]}], ""meta"": {""created_by"": ""James Gray"", ""notes"": ""Myself affect call public.""}}",2024-06-14T23:17:44
772,Forecast 772,"{""forecast_id"": ""FCAST-772"", ""series"": [{""x"": [""2025-01"", ""2025-02"", ""2025-03"", ""2025-04"", ""2025-05"", ""2025-06""], ""y"": [42390.41, 26812.37, 42966.22, 18067.5, 8976.69, 7705.64]}], ""meta"": {""created_by"": ""Christopher Robinson"", ""notes"": ""Town military stock your.""}}",2024-09-26T06:02:12
773,Forecast 773,"{""forecast_id"": ""FCAST-773"", ""series"": [{""x"": [""2025-01"", ""2025-02"", ""2025-03"", ""2025-04"", ""2025-05"", ""2025-06""], ""y"": [17213.77, 40645.8, 40660.2, 21979.44, 3860.09, 16898.3]}], ""meta"": {""created_by"": ""Whitney Lawrence"", ""notes"": ""Middle hour care Democrat writer wait avoid street.""}}",2023-11-07T00:43:15
774,Forecast 774,"{""forecast_id"": ""FCAST-774"", ""series"": [{""x"": [""2025-01"", ""2025-02"", ""2025-03"", ""2025-04"", ""2025-05"", ""2025-06""], ""y"": [38873.35, 25815.53, 39822.48, 23039.2, 22667.87, 15633.86]}], ""meta"": {""created_by"": ""Tiffany Cox"", ""notes"": ""At hold fact police right.""}}",2024-12-26T06:23:43
775,Forecast 775,"{""forecast_id"": ""FCAST-775"", ""series"": [{""x"": [""2025-01"", ""2025-02"", ""2025-03"", ""2025-04"", ""2025-05"", ""2025-06""], ""y"": [9211.9, 25142.88, 17556.64, 17526.98, 37299.29, 33796.42]}], ""meta"": {""created_by"": ""Hunter Harrison"", ""notes"": ""Spend present morning.""}}",2025-01-30T17:01:49
776,Forecast 776,"{""forecast_id"": ""FCAST-776"", ""series"": [{""x"": [""2025-01"", ""2025-02"", ""2025-03"", ""2025-04"", ""2025-05"", ""2025-06""], ""y"": [27526.12, 17637.27, 29827.74, 48262.23, 40033.52, 16549.04]}], ""meta"": {""created_by"": ""Nicole Nguyen"", ""notes"": ""Unit voice worker inside.""}}",2025-02-22T23:14:13
777,Forecast 777,"{""forecast_id"": ""FCAST-777"", ""series"": [{""x"": [""2025-01"", ""2025-02"", ""2025-03"", ""2025-04"", ""2025-05"", ""2025-06""], ""y"": [35921.13, 31068.74, 9710.98, 7315.95, 47942.25, 45613.85]}], ""meta"": {""created_by"": ""Justin Garcia"", ""notes"": ""Whole building clear.""}}",2024-01-10T18:14:39
778,Forecast 778,"{""forecast_id"": ""FCAST-778"", ""series"": [{""x"": [""2025-01"", ""2025-02"", ""2025-03"", ""2025-04"", ""2025-05"", ""2025-06""], ""y"": [48414.09, 40808.48, 21977.26, 17282.44, 7670.14, 42699.64]}], ""meta"": {""created_by"": ""Kelly Buchanan"", ""notes"": ""Live beyond speech nice while.""}}",2024-10-25T17:19:52
779,Forecast 779,"{""forecast_id"": ""FCAST-779"", ""series"": [{""x"": [""2025-01"", ""2025-02"", ""2025-03"", ""2025-04"", ""2025-05"", ""2025-06""], ""y"": [44242.01, 3100.87, 40279.45, 19252.68, 12249.1, 32719.66]}], ""meta"": {""created_by"": ""Catherine Middleton"", ""notes"": ""Ball last owner medical.""}}",2024-03-03T10:00:07
780,Forecast 780,"{""forecast_id"": ""FCAST-780"", ""series"": [{""x"": [""2025-01"", ""2025-02"", ""2025-03"", ""2025-04"", ""2025-05"", ""2025-06""], ""y"": [12372.39, 47964.6, 7425.27, 43991.21, 44271.12, 41526.73]}], ""meta"": {""created_by"": ""Sarah Dorsey"", ""notes"": ""Usually cold project shoulder win mouth.""}}",2024-07-03T08:40:30
781,Forecast 781,"{""forecast_id"": ""FCAST-781"", ""series"": [{""x"": [""2025-01"", ""2025-02"", ""2025-03"", ""2025-04"", ""2025-05"", ""2025-06""], ""y"": [40166.29, 43555.77, 4392.89, 1272.92, 17656.56, 2655.68]}], ""meta"": {""created_by"": ""Lindsey Schultz"", ""notes"": ""Environment budget suggest reveal table.""}}",2024-10-27T08:00:06
782,Forecast 782,"{""forecast_id"": ""FCAST-782"", ""series"": [{""x"": [""2025-01"", ""2025-02"", ""2025-03"", ""2025-04"", ""2025-05"", ""2025-06""], ""y"": [11000.47, 32017.25, 28221.76, 9925.3, 5918.1, 15859.86]}], ""meta"": {""created_by"": ""Jason Clark"", ""notes"": ""Toward strong city another garden security.""}}",2025-01-19T03:28:16
783,Forecast 783,"{""forecast_id"": ""FCAST-783"", ""series"": [{""x"": [""2025-01"", ""2025-02"", ""2025-03"", ""2025-04"", ""2025-05"", ""2025-06""], ""y"": [42704.98, 26714.8, 19770.31, 29735.24, 49759.92, 25040.84]}], ""meta"": {""created_by"": ""Angel Beck"", ""notes"": ""Actually law off their my oil answer.""}}",2025-01-29T18:06:52
784,Forecast 784,"{""forecast_id"": ""FCAST-784"", ""series"": [{""x"": [""2025-01"", ""2025-02"", ""2025-03"", ""2025-04"", ""2025-05"", ""2025-06""], ""y"": [25479.64, 42666.76, 49532.69, 11882.19, 23001.21, 32228.77]}], ""meta"": {""created_by"": ""Jessica Stewart"", ""notes"": ""Share assume away color matter state.""}}",2025-01-28T04:43:06
785,Forecast 785,"{""forecast_id"": ""FCAST-785"", ""series"": [{""x"": [""2025-01"", ""2025-02"", ""2025-03"", ""2025-04"", ""2025-05"", ""2025-06""], ""y"": [22612.13, 47523.42, 32514.13, 8335.53, 1311.9, 18948.41]}], ""meta"": {""created_by"": ""Brittany Daniel"", ""notes"": ""Guess class affect be.""}}",2023-11-20T08:36:27
786,Forecast 786,"{""forecast_id"": ""FCAST-786"", ""series"": [{""x"": [""2025-01"", ""2025-02"", ""2025-03"", ""2025-04"", ""2025-05"", ""2025-06""], ""y"": [26250.39, 37198.67, 9217.74, 19072.88, 11248.39, 47975.89]}], ""meta"": {""created_by"": ""Tommy Miller MD"", ""notes"": ""Identify shake education recent.""}}",2024-04-10T21:46:22
787,Forecast 787,"{""forecast_id"": ""FCAST-787"", ""series"": [{""x"": [""2025-01"", ""2025-02"", ""2025-03"", ""2025-04"", ""2025-05"", ""2025-06""], ""y"": [26765.56, 40463.85, 9470.82, 27624.87, 41001.45, 37115.26]}], ""meta"": {""created_by"": ""Joshua Gordon"", ""notes"": ""Customer medical buy.""}}",2025-05-26T21:43:00
788,Forecast 788,"{""forecast_id"": ""FCAST-788"", ""series"": [{""x"": [""2025-01"", ""2025-02"", ""2025-03"", ""2025-04"", ""2025-05"", ""2025-06""], ""y"": [10330.76, 4082.86, 10808.87, 8017.42, 42217.19, 1347.13]}], ""meta"": {""created_by"": ""Robert Martinez"", ""notes"": ""Wish bad matter tree music education certain.""}}",2024-01-26T04:10:46
789,Forecast 789,"{""forecast_id"": ""FCAST-789"", ""series"": [{""x"": [""2025-01"", ""2025-02"", ""2025-03"", ""2025-04"", ""2025-05"", ""2025-06""], ""y"": [15938.6, 5537.6, 19480.66, 1397.63, 5402.7, 12992.68]}], ""meta"": {""created_by"": ""Kimberly Kline"", ""notes"": ""Affect natural week general.""}}",2025-04-13T14:22:17
790,Forecast 790,"{""forecast_id"": ""FCAST-790"", ""series"": [{""x"": [""2025-01"", ""2025-02"", ""2025-03"", ""2025-04"", ""2025-05"", ""2025-06""], ""y"": [13857.13, 8847.39, 36159.68, 23696.12, 2187.04, 9087.9]}], ""meta"": {""created_by"": ""Michael Lee"", ""notes"": ""Run thank total TV take.""}}",2024-01-09T02:47:24
791,Forecast 791,"{""forecast_id"": ""FCAST-791"", ""series"": [{""x"": [""2025-01"", ""2025-02"", ""2025-03"", ""2025-04"", ""2025-05"", ""2025-06""], ""y"": [24111.38, 26415.38, 5267.5, 23345.35, 39559.22, 45092.73]}], ""meta"": {""created_by"": ""Yvonne Miller"", ""notes"": ""Situation hard fill cost center both.""}}",2025-08-28T10:15:04
792,Forecast 792,"{""forecast_id"": ""FCAST-792"", ""series"": [{""x"": [""2025-01"", ""2025-02"", ""2025-03"", ""2025-04"", ""2025-05"", ""2025-06""], ""y"": [24523.9, 16721.59, 37594.5, 18796.18, 31758.99, 24707.83]}], ""meta"": {""created_by"": ""Joseph Hardy"", ""notes"": ""Think cut through not practice health art.""}}",2024-01-12T10:52:06
793,Forecast 793,"{""forecast_id"": ""FCAST-793"", ""series"": [{""x"": [""2025-01"", ""2025-02"", ""2025-03"", ""2025-04"", ""2025-05"", ""2025-06""], ""y"": [19566.57, 43274.15, 47164.75, 16946.28, 31311.96, 26035.48]}], ""meta"": {""created_by"": ""Austin Ramirez"", ""notes"": ""Center how fire rock page matter wear.""}}",2025-05-26T16:46:21
794,Forecast 794,"{""forecast_id"": ""FCAST-794"", ""series"": [{""x"": [""2025-01"", ""2025-02"", ""2025-03"", ""2025-04"", ""2025-05"", ""2025-06""], ""y"": [39000.38, 33819.43, 23225.09, 45082.92, 28136.19, 36748.26]}], ""meta"": {""created_by"": ""Omar Atkinson"", ""notes"": ""Present go growth across everybody through others.""}}",2025-09-08T06:57:29
795,Forecast 795,"{""forecast_id"": ""FCAST-795"", ""series"": [{""x"": [""2025-01"", ""2025-02"", ""2025-03"", ""2025-04"", ""2025-05"", ""2025-06""], ""y"": [20232.28, 27919.33, 9900.97, 22537.29, 6925.56, 23969.85]}], ""meta"": {""created_by"": ""Mrs. Jamie Sullivan"", ""notes"": ""Window fill above herself.""}}",2024-08-21T16:48:00
796,Forecast 796,"{""forecast_id"": ""FCAST-796"", ""series"": [{""x"": [""2025-01"", ""2025-02"", ""2025-03"", ""2025-04"", ""2025-05"", ""2025-06""], ""y"": [4102.77, 34686.66, 10717.74, 39573.37, 36686.87, 46363.95]}], ""meta"": {""created_by"": ""Christian Adams"", ""notes"": ""Call save late both brother right.""}}",2024-03-31T20:39:39
797,Forecast 797,"{""forecast_id"": ""FCAST-797"", ""series"": [{""x"": [""2025-01"", ""2025-02"", ""2025-03"", ""2025-04"", ""2025-05"", ""2025-06""], ""y"": [33114.41, 48364.39, 47877.86, 46378.27, 16965.31, 9454.65]}], ""meta"": {""created_by"": ""Oscar Galloway"", ""notes"": ""See language physical various total true Republican.""}}",2025-06-02T15:45:11
798,Forecast 798,"{""forecast_id"": ""FCAST-798"", ""series"": [{""x"": [""2025-01"", ""2025-02"", ""2025-03"", ""2025-04"", ""2025-05"", ""2025-06""], ""y"": [29255.76, 28776.86, 31125.65, 37308.73, 44196.38, 47811.76]}], ""meta"": {""created_by"": ""Michael Smith"", ""notes"": ""Part physical but must they.""}}",2024-09-29T14:35:50
799,Forecast 799,"{""forecast_id"": ""FCAST-799"", ""series"": [{""x"": [""2025-01"", ""2025-02"", ""2025-03"", ""2025-04"", ""2025-05"", ""2025-06""], ""y"": [36907.45, 40170.75, 33205.11, 29673.66, 32377.52, 12577.33]}], ""meta"": {""created_by"": ""Jason King"", ""notes"": ""Fight bar not speech cut model.""}}",2025-09-06T06:16:51
800,Forecast 800,"{""forecast_id"": ""FCAST-800"", ""series"": [{""x"": [""2025-01"", ""2025-02"", ""2025-03"", ""2025-04"", ""2025-05"", ""2025-06""], ""y"": [27982.29, 12586.28, 9161.63, 33012.66, 35421.04, 12981.54]}], ""meta"": {""created_by"": ""Linda Maldonado"", ""notes"": ""Enjoy run executive.""}}",2023-12-16T18:19:18
801,Forecast 801,"{""forecast_id"": ""FCAST-801"", ""series"": [{""x"": [""2025-01"", ""2025-02"", ""2025-03"", ""2025-04"", ""2025-05"", ""2025-06""], ""y"": [29302.65, 44831.56, 10956.14, 28241.26, 16095.01, 21475.89]}], ""meta"": {""created_by"": ""Alisha Stevens"", ""notes"": ""Station moment spend design become reason world.""}}",2024-04-21T10:36:53
802,Forecast 802,"{""forecast_id"": ""FCAST-802"", ""series"": [{""x"": [""2025-01"", ""2025-02"", ""2025-03"", ""2025-04"", ""2025-05"", ""2025-06""], ""y"": [24966.06, 32585.72, 37118.63, 44242.81, 11724.44, 40603.85]}], ""meta"": {""created_by"": ""Mason Sims"", ""notes"": ""Writer manager sea able tell remember well.""}}",2024-11-09T09:20:03
803,Forecast 803,"{""forecast_id"": ""FCAST-803"", ""series"": [{""x"": [""2025-01"", ""2025-02"", ""2025-03"", ""2025-04"", ""2025-05"", ""2025-06""], ""y"": [15202.3, 47153.02, 28981.14, 13790.86, 13440.92, 40727.41]}], ""meta"": {""created_by"": ""Gregory Baker"", ""notes"": ""Focus trial improve he area.""}}",2025-10-03T03:52:03
804,Forecast 804,"{""forecast_id"": ""FCAST-804"", ""series"": [{""x"": [""2025-01"", ""2025-02"", ""2025-03"", ""2025-04"", ""2025-05"", ""2025-06""], ""y"": [38971.62, 30949.43, 36526.46, 9842.56, 22894.51, 41418.58]}], ""meta"": {""created_by"": ""Alex Diaz"", ""notes"": ""Economy ready weight couple create shoulder provide everything.""}}",2025-06-07T23:59:07
805,Forecast 805,"{""forecast_id"": ""FCAST-805"", ""series"": [{""x"": [""2025-01"", ""2025-02"", ""2025-03"", ""2025-04"", ""2025-05"", ""2025-06""], ""y"": [43170.1, 22501.0, 10152.94, 9542.2, 4424.24, 3716.44]}], ""meta"": {""created_by"": ""Lauren Morris"", ""notes"": ""Democrat majority nature learn source attack.""}}",2025-03-07T15:33:38
806,Forecast 806,"{""forecast_id"": ""FCAST-806"", ""series"": [{""x"": [""2025-01"", ""2025-02"", ""2025-03"", ""2025-04"", ""2025-05"", ""2025-06""], ""y"": [13077.98, 45152.56, 23957.04, 26823.0, 25387.34, 6513.14]}], ""meta"": {""created_by"": ""Kristina Beck"", ""notes"": ""Discuss ball size nor run guy.""}}",2024-01-19T17:04:10
807,Forecast 807,"{""forecast_id"": ""FCAST-807"", ""series"": [{""x"": [""2025-01"", ""2025-02"", ""2025-03"", ""2025-04"", ""2025-05"", ""2025-06""], ""y"": [25026.05, 44873.75, 17016.96, 29399.35, 28357.3, 45834.06]}], ""meta"": {""created_by"": ""Jeff Garcia"", ""notes"": ""Newspaper hit who future.""}}",2023-12-30T23:45:59
808,Forecast 808,"{""forecast_id"": ""FCAST-808"", ""series"": [{""x"": [""2025-01"", ""2025-02"", ""2025-03"", ""2025-04"", ""2025-05"", ""2025-06""], ""y"": [12908.33, 8312.74, 40803.72, 37884.7, 5829.26, 39868.45]}], ""meta"": {""created_by"": ""Jason Brown"", ""notes"": ""Recently art hold hospital couple everybody call smile.""}}",2024-02-18T18:51:36
809,Forecast 809,"{""forecast_id"": ""FCAST-809"", ""series"": [{""x"": [""2025-01"", ""2025-02"", ""2025-03"", ""2025-04"", ""2025-05"", ""2025-06""], ""y"": [20459.45, 39738.7, 43285.93, 27850.99, 9490.05, 44285.2]}], ""meta"": {""created_by"": ""Robert Schmidt"", ""notes"": ""Out begin off picture start themselves government join.""}}",2023-11-13T15:28:13
810,Forecast 810,"{""forecast_id"": ""FCAST-810"", ""series"": [{""x"": [""2025-01"", ""2025-02"", ""2025-03"", ""2025-04"", ""2025-05"", ""2025-06""], ""y"": [14000.27, 28156.29, 30722.42, 47046.62, 44356.45, 26412.58]}], ""meta"": {""created_by"": ""Stacey Smith"", ""notes"": ""Right adult paper young speak.""}}",2024-01-03T19:17:35
811,Forecast 811,"{""forecast_id"": ""FCAST-811"", ""series"": [{""x"": [""2025-01"", ""2025-02"", ""2025-03"", ""2025-04"", ""2025-05"", ""2025-06""], ""y"": [25789.85, 28877.14, 18116.33, 11318.7, 37259.07, 35542.69]}], ""meta"": {""created_by"": ""Tyler Bennett"", ""notes"": ""We stock one type dog fine.""}}",2025-09-18T02:40:41
812,Forecast 812,"{""forecast_id"": ""FCAST-812"", ""series"": [{""x"": [""2025-01"", ""2025-02"", ""2025-03"", ""2025-04"", ""2025-05"", ""2025-06""], ""y"": [19237.45, 26202.39, 10048.15, 32233.93, 20322.94, 3983.17]}], ""meta"": {""created_by"": ""Joshua Nicholson"", ""notes"": ""Conference high enough prevent.""}}",2024-01-28T01:03:39
813,Forecast 813,"{""forecast_id"": ""FCAST-813"", ""series"": [{""x"": [""2025-01"", ""2025-02"", ""2025-03"", ""2025-04"", ""2025-05"", ""2025-06""], ""y"": [42054.87, 37779.74, 49879.74, 38659.87, 10897.76, 14628.38]}], ""meta"": {""created_by"": ""Brett Harris"", ""notes"": ""Whatever involve friend range media.""}}",2024-01-26T19:44:54
814,Forecast 814,"{""forecast_id"": ""FCAST-814"", ""series"": [{""x"": [""2025-01"", ""2025-02"", ""2025-03"", ""2025-04"", ""2025-05"", ""2025-06""], ""y"": [15803.07, 46204.69, 32624.94, 40918.96, 42904.1, 29118.76]}], ""meta"": {""created_by"": ""Maria Walker"", ""notes"": ""Relate here few near others spend.""}}",2024-10-08T19:39:58
815,Forecast 815,"{""forecast_id"": ""FCAST-815"", ""series"": [{""x"": [""2025-01"", ""2025-02"", ""2025-03"", ""2025-04"", ""2025-05"", ""2025-06""], ""y"": [6364.56, 4254.01, 41924.02, 8987.23, 11292.52, 36669.93]}], ""meta"": {""created_by"": ""Christine Johnson"", ""notes"": ""Factor way the dinner agent.""}}",2024-05-13T22:09:30
816,Forecast 816,"{""forecast_id"": ""FCAST-816"", ""series"": [{""x"": [""2025-01"", ""2025-02"", ""2025-03"", ""2025-04"", ""2025-05"", ""2025-06""], ""y"": [45028.45, 43512.03, 2119.19, 8311.55, 29282.23, 39181.81]}], ""meta"": {""created_by"": ""Antonio Roberts"", ""notes"": ""Owner space security.""}}",2025-07-31T04:11:55
817,Forecast 817,"{""forecast_id"": ""FCAST-817"", ""series"": [{""x"": [""2025-01"", ""2025-02"", ""2025-03"", ""2025-04"", ""2025-05"", ""2025-06""], ""y"": [36758.58, 29757.1, 18064.13, 2177.47, 15836.74, 24420.47]}], ""meta"": {""created_by"": ""Gavin Fox"", ""notes"": ""Enter feel front work dark.""}}",2025-02-27T05:43:40
818,Forecast 818,"{""forecast_id"": ""FCAST-818"", ""series"": [{""x"": [""2025-01"", ""2025-02"", ""2025-03"", ""2025-04"", ""2025-05"", ""2025-06""], ""y"": [33033.98, 37011.18, 10449.71, 30991.93, 10620.3, 1240.71]}], ""meta"": {""created_by"": ""Gregory Cohen"", ""notes"": ""Movie may media east resource effect right none.""}}",2024-08-18T11:36:54
819,Forecast 819,"{""forecast_id"": ""FCAST-819"", ""series"": [{""x"": [""2025-01"", ""2025-02"", ""2025-03"", ""2025-04"", ""2025-05"", ""2025-06""], ""y"": [21363.64, 24034.73, 11310.44, 30080.76, 5553.53, 48403.32]}], ""meta"": {""created_by"": ""Lisa Petersen"", ""notes"": ""Camera TV every number writer available often.""}}",2023-11-11T05:30:05
820,Forecast 820,"{""forecast_id"": ""FCAST-820"", ""series"": [{""x"": [""2025-01"", ""2025-02"", ""2025-03"", ""2025-04"", ""2025-05"", ""2025-06""], ""y"": [8114.02, 3372.41, 8395.65, 8437.58, 11155.04, 6785.88]}], ""meta"": {""created_by"": ""Katie Garcia"", ""notes"": ""Send father pretty approach.""}}",2024-11-06T18:46:42
821,Forecast 821,"{""forecast_id"": ""FCAST-821"", ""series"": [{""x"": [""2025-01"", ""2025-02"", ""2025-03"", ""2025-04"", ""2025-05"", ""2025-06""], ""y"": [34652.51, 35319.7, 23556.89, 23861.09, 33348.96, 3621.67]}], ""meta"": {""created_by"": ""Gary Hutchinson"", ""notes"": ""Kid can open score dream affect.""}}",2023-11-11T05:05:11
822,Forecast 822,"{""forecast_id"": ""FCAST-822"", ""series"": [{""x"": [""2025-01"", ""2025-02"", ""2025-03"", ""2025-04"", ""2025-05"", ""2025-06""], ""y"": [30686.03, 37555.03, 5372.59, 6522.77, 20732.12, 7345.62]}], ""meta"": {""created_by"": ""Ronald Clark"", ""notes"": ""Forward song offer face those forward challenge.""}}",2024-07-11T07:35:33
823,Forecast 823,"{""forecast_id"": ""FCAST-823"", ""series"": [{""x"": [""2025-01"", ""2025-02"", ""2025-03"", ""2025-04"", ""2025-05"", ""2025-06""], ""y"": [9854.64, 6926.88, 36361.86, 22878.06, 36426.97, 33424.17]}], ""meta"": {""created_by"": ""Randy Barton"", ""notes"": ""Science learn smile contain return.""}}",2024-02-03T05:49:18
824,Forecast 824,"{""forecast_id"": ""FCAST-824"", ""series"": [{""x"": [""2025-01"", ""2025-02"", ""2025-03"", ""2025-04"", ""2025-05"", ""2025-06""], ""y"": [46351.0, 38237.65, 46687.72, 10699.62, 31525.73, 36754.37]}], ""meta"": {""created_by"": ""Nancy Osborn"", ""notes"": ""Issue grow realize yeah interest.""}}",2024-04-12T04:20:37
825,Forecast 825,"{""forecast_id"": ""FCAST-825"", ""series"": [{""x"": [""2025-01"", ""2025-02"", ""2025-03"", ""2025-04"", ""2025-05"", ""2025-06""], ""y"": [2814.13, 29022.31, 22140.98, 17528.35, 27271.27, 33356.52]}], ""meta"": {""created_by"": ""Jason Calderon"", ""notes"": ""Standard idea get analysis actually already.""}}",2024-02-19T15:45:31
826,Forecast 826,"{""forecast_id"": ""FCAST-826"", ""series"": [{""x"": [""2025-01"", ""2025-02"", ""2025-03"", ""2025-04"", ""2025-05"", ""2025-06""], ""y"": [23311.82, 43966.75, 40751.7, 39055.79, 6077.85, 38453.64]}], ""meta"": {""created_by"": ""Deanna Valencia"", ""notes"": ""Somebody pass agency loss state degree.""}}",2025-04-05T16:01:36
827,Forecast 827,"{""forecast_id"": ""FCAST-827"", ""series"": [{""x"": [""2025-01"", ""2025-02"", ""2025-03"", ""2025-04"", ""2025-05"", ""2025-06""], ""y"": [14820.2, 5922.48, 14938.07, 39702.01, 34469.04, 31642.07]}], ""meta"": {""created_by"": ""Vanessa Kelley"", ""notes"": ""All cost sure top.""}}",2024-11-08T00:58:24
828,Forecast 828,"{""forecast_id"": ""FCAST-828"", ""series"": [{""x"": [""2025-01"", ""2025-02"", ""2025-03"", ""2025-04"", ""2025-05"", ""2025-06""], ""y"": [7889.95, 17520.63, 1428.37, 33581.25, 49117.21, 8356.28]}], ""meta"": {""created_by"": ""Ann Robinson MD"", ""notes"": ""Movement story almost military there though.""}}",2024-03-24T07:41:43
829,Forecast 829,"{""forecast_id"": ""FCAST-829"", ""series"": [{""x"": [""2025-01"", ""2025-02"", ""2025-03"", ""2025-04"", ""2025-05"", ""2025-06""], ""y"": [15048.94, 7311.56, 42159.58, 29978.66, 35330.66, 18969.63]}], ""meta"": {""created_by"": ""George Wilson"", ""notes"": ""Young operation class position just smile discover.""}}",2024-11-24T07:26:47
830,Forecast 830,"{""forecast_id"": ""FCAST-830"", ""series"": [{""x"": [""2025-01"", ""2025-02"", ""2025-03"", ""2025-04"", ""2025-05"", ""2025-06""], ""y"": [48416.14, 36357.14, 42142.66, 4234.86, 37363.49, 33102.66]}], ""meta"": {""created_by"": ""Joseph Mahoney"", ""notes"": ""Huge safe own class.""}}",2025-09-30T14:56:22
831,Forecast 831,"{""forecast_id"": ""FCAST-831"", ""series"": [{""x"": [""2025-01"", ""2025-02"", ""2025-03"", ""2025-04"", ""2025-05"", ""2025-06""], ""y"": [40462.75, 11516.29, 33680.58, 30213.93, 7281.96, 35033.47]}], ""meta"": {""created_by"": ""Stacy Romero"", ""notes"": ""Fire moment now light operation.""}}",2025-08-20T22:19:01
832,Forecast 832,"{""forecast_id"": ""FCAST-832"", ""series"": [{""x"": [""2025-01"", ""2025-02"", ""2025-03"", ""2025-04"", ""2025-05"", ""2025-06""], ""y"": [25331.35, 1837.34, 5761.23, 48475.39, 6813.87, 14497.63]}], ""meta"": {""created_by"": ""Dean West"", ""notes"": ""History compare their.""}}",2025-09-16T21:57:33
833,Forecast 833,"{""forecast_id"": ""FCAST-833"", ""series"": [{""x"": [""2025-01"", ""2025-02"", ""2025-03"", ""2025-04"", ""2025-05"", ""2025-06""], ""y"": [21769.24, 18591.79, 17005.31, 18967.84, 16040.31, 46276.98]}], ""meta"": {""created_by"": ""Lindsay Graham"", ""notes"": ""Edge plan probably challenge.""}}",2023-11-10T11:24:34
834,Forecast 834,"{""forecast_id"": ""FCAST-834"", ""series"": [{""x"": [""2025-01"", ""2025-02"", ""2025-03"", ""2025-04"", ""2025-05"", ""2025-06""], ""y"": [11388.62, 2325.07, 47134.12, 44517.01, 39147.53, 2256.63]}], ""meta"": {""created_by"": ""Lance Taylor"", ""notes"": ""Argue prove beautiful may.""}}",2025-06-07T20:29:30
835,Forecast 835,"{""forecast_id"": ""FCAST-835"", ""series"": [{""x"": [""2025-01"", ""2025-02"", ""2025-03"", ""2025-04"", ""2025-05"", ""2025-06""], ""y"": [49514.9, 46579.08, 21700.53, 18729.31, 8935.74, 12309.53]}], ""meta"": {""created_by"": ""Yvonne Martinez"", ""notes"": ""Throughout election fire close hundred dark.""}}",2025-02-19T14:57:06
836,Forecast 836,"{""forecast_id"": ""FCAST-836"", ""series"": [{""x"": [""2025-01"", ""2025-02"", ""2025-03"", ""2025-04"", ""2025-05"", ""2025-06""], ""y"": [25248.0, 3955.14, 30354.27, 4014.41, 36223.21, 48235.71]}], ""meta"": {""created_by"": ""Jacqueline Johnson"", ""notes"": ""Show blood itself goal we.""}}",2025-07-16T14:00:29
837,Forecast 837,"{""forecast_id"": ""FCAST-837"", ""series"": [{""x"": [""2025-01"", ""2025-02"", ""2025-03"", ""2025-04"", ""2025-05"", ""2025-06""], ""y"": [22129.87, 43236.25, 2096.64, 12181.86, 7197.66, 14788.54]}], ""meta"": {""created_by"": ""Nicholas Hayes"", ""notes"": ""Third campaign event business affect beat check.""}}",2025-04-19T06:06:43
838,Forecast 838,"{""forecast_id"": ""FCAST-838"", ""series"": [{""x"": [""2025-01"", ""2025-02"", ""2025-03"", ""2025-04"", ""2025-05"", ""2025-06""], ""y"": [32854.62, 45154.88, 17777.13, 13792.03, 43338.7, 41560.61]}], ""meta"": {""created_by"": ""Bradley Zimmerman"", ""notes"": ""Until table dog wait view.""}}",2024-12-07T20:54:27
839,Forecast 839,"{""forecast_id"": ""FCAST-839"", ""series"": [{""x"": [""2025-01"", ""2025-02"", ""2025-03"", ""2025-04"", ""2025-05"", ""2025-06""], ""y"": [34537.99, 32460.01, 11870.01, 35806.25, 14987.33, 13235.17]}], ""meta"": {""created_by"": ""Jill Patton"", ""notes"": ""History agency laugh reason.""}}",2024-06-18T15:14:41
840,Forecast 840,"{""forecast_id"": ""FCAST-840"", ""series"": [{""x"": [""2025-01"", ""2025-02"", ""2025-03"", ""2025-04"", ""2025-05"", ""2025-06""], ""y"": [7110.04, 31190.72, 45491.04, 20871.46, 25322.96, 45796.12]}], ""meta"": {""created_by"": ""Nathan Rodriguez"", ""notes"": ""Force physical western benefit.""}}",2025-10-05T04:51:35
841,Forecast 841,"{""forecast_id"": ""FCAST-841"", ""series"": [{""x"": [""2025-01"", ""2025-02"", ""2025-03"", ""2025-04"", ""2025-05"", ""2025-06""], ""y"": [32352.1, 19059.74, 44759.08, 16104.71, 4179.24, 22697.8]}], ""meta"": {""created_by"": ""Carolyn Lewis"", ""notes"": ""Property receive war add teacher political.""}}",2024-08-01T21:26:05
842,Forecast 842,"{""forecast_id"": ""FCAST-842"", ""series"": [{""x"": [""2025-01"", ""2025-02"", ""2025-03"", ""2025-04"", ""2025-05"", ""2025-06""], ""y"": [34176.36, 49903.94, 19226.52, 21833.34, 9451.64, 13058.78]}], ""meta"": {""created_by"": ""Susan Hanson"", ""notes"": ""Oil manager measure crime century.""}}",2023-12-14T15:25:13
843,Forecast 843,"{""forecast_id"": ""FCAST-843"", ""series"": [{""x"": [""2025-01"", ""2025-02"", ""2025-03"", ""2025-04"", ""2025-05"", ""2025-06""], ""y"": [24499.0, 6214.83, 42001.74, 13303.88, 22275.06, 6417.45]}], ""meta"": {""created_by"": ""Brandon Meyers"", ""notes"": ""Live pretty recent us food process.""}}",2025-10-24T03:25:24
844,Forecast 844,"{""forecast_id"": ""FCAST-844"", ""series"": [{""x"": [""2025-01"", ""2025-02"", ""2025-03"", ""2025-04"", ""2025-05"", ""2025-06""], ""y"": [28192.13, 38688.69, 40065.69, 26194.97, 2897.79, 2305.63]}], ""meta"": {""created_by"": ""Nicholas Wallace"", ""notes"": ""Table experience arm.""}}",2024-04-02T22:35:00
845,Forecast 845,"{""forecast_id"": ""FCAST-845"", ""series"": [{""x"": [""2025-01"", ""2025-02"", ""2025-03"", ""2025-04"", ""2025-05"", ""2025-06""], ""y"": [45661.93, 39833.97, 28138.32, 5918.48, 20533.28, 38408.77]}], ""meta"": {""created_by"": ""Kathleen Snow"", ""notes"": ""Similar approach since long despite.""}}",2025-06-04T13:14:59
846,Forecast 846,"{""forecast_id"": ""FCAST-846"", ""series"": [{""x"": [""2025-01"", ""2025-02"", ""2025-03"", ""2025-04"", ""2025-05"", ""2025-06""], ""y"": [5409.05, 8931.84, 26297.72, 27674.26, 26325.74, 40804.47]}], ""meta"": {""created_by"": ""Roger Padilla"", ""notes"": ""Process western others debate attack itself important agent.""}}",2024-04-29T03:42:06
847,Forecast 847,"{""forecast_id"": ""FCAST-847"", ""series"": [{""x"": [""2025-01"", ""2025-02"", ""2025-03"", ""2025-04"", ""2025-05"", ""2025-06""], ""y"": [33839.53, 22940.3, 8258.47, 2493.62, 36269.84, 48735.86]}], ""meta"": {""created_by"": ""Carrie Smith"", ""notes"": ""Market stock across property.""}}",2024-12-27T20:29:34
848,Forecast 848,"{""forecast_id"": ""FCAST-848"", ""series"": [{""x"": [""2025-01"", ""2025-02"", ""2025-03"", ""2025-04"", ""2025-05"", ""2025-06""], ""y"": [35510.88, 23709.31, 10578.8, 3080.08, 23195.19, 13078.65]}], ""meta"": {""created_by"": ""Jared Parker"", ""notes"": ""Perform religious everybody save section shake.""}}",2024-12-18T13:09:40
849,Forecast 849,"{""forecast_id"": ""FCAST-849"", ""series"": [{""x"": [""2025-01"", ""2025-02"", ""2025-03"", ""2025-04"", ""2025-05"", ""2025-06""], ""y"": [23635.36, 12230.26, 4905.67, 3342.12, 43641.23, 18694.94]}], ""meta"": {""created_by"": ""Keith Humphrey"", ""notes"": ""Test blood back idea.""}}",2025-09-12T09:00:36
850,Forecast 850,"{""forecast_id"": ""FCAST-850"", ""series"": [{""x"": [""2025-01"", ""2025-02"", ""2025-03"", ""2025-04"", ""2025-05"", ""2025-06""], ""y"": [27004.01, 14501.84, 15711.59, 40250.31, 9574.05, 35499.17]}], ""meta"": {""created_by"": ""Michelle Wilson"", ""notes"": ""Whom station another week meeting discuss.""}}",2023-11-23T23:33:28
851,Forecast 851,"{""forecast_id"": ""FCAST-851"", ""series"": [{""x"": [""2025-01"", ""2025-02"", ""2025-03"", ""2025-04"", ""2025-05"", ""2025-06""], ""y"": [2214.72, 28691.43, 9904.57, 27052.89, 26877.99, 18411.34]}], ""meta"": {""created_by"": ""Christopher Hunt"", ""notes"": ""Sea lose field right affect run.""}}",2024-08-03T01:34:14
852,Forecast 852,"{""forecast_id"": ""FCAST-852"", ""series"": [{""x"": [""2025-01"", ""2025-02"", ""2025-03"", ""2025-04"", ""2025-05"", ""2025-06""], ""y"": [21869.51, 22044.76, 13434.27, 2454.52, 6904.32, 1267.87]}], ""meta"": {""created_by"": ""Heather Glover"", ""notes"": ""Produce single none cost design.""}}",2024-05-06T21:19:32
853,Forecast 853,"{""forecast_id"": ""FCAST-853"", ""series"": [{""x"": [""2025-01"", ""2025-02"", ""2025-03"", ""2025-04"", ""2025-05"", ""2025-06""], ""y"": [10749.28, 33881.49, 43736.24, 10817.92, 20726.41, 41306.69]}], ""meta"": {""created_by"": ""Alicia Travis"", ""notes"": ""Head by tree Mr.""}}",2023-12-01T02:58:45
854,Forecast 854,"{""forecast_id"": ""FCAST-854"", ""series"": [{""x"": [""2025-01"", ""2025-02"", ""2025-03"", ""2025-04"", ""2025-05"", ""2025-06""], ""y"": [46053.35, 22534.34, 13456.84, 22436.27, 20287.58, 41336.46]}], ""meta"": {""created_by"": ""Shelly Meyer"", ""notes"": ""Question worker for note.""}}",2024-06-14T16:40:47
855,Forecast 855,"{""forecast_id"": ""FCAST-855"", ""series"": [{""x"": [""2025-01"", ""2025-02"", ""2025-03"", ""2025-04"", ""2025-05"", ""2025-06""], ""y"": [4867.74, 29672.21, 26706.18, 41703.96, 35274.39, 24275.17]}], ""meta"": {""created_by"": ""Lisa Ramsey"", ""notes"": ""Table generation avoid pass stage financial.""}}",2024-04-19T05:15:46
856,Forecast 856,"{""forecast_id"": ""FCAST-856"", ""series"": [{""x"": [""2025-01"", ""2025-02"", ""2025-03"", ""2025-04"", ""2025-05"", ""2025-06""], ""y"": [2572.15, 49011.32, 20746.23, 21852.61, 16219.46, 17186.26]}], ""meta"": {""created_by"": ""Grace Knapp"", ""notes"": ""Political seven couple she there oil admit.""}}",2024-05-29T09:49:06
857,Forecast 857,"{""forecast_id"": ""FCAST-857"", ""series"": [{""x"": [""2025-01"", ""2025-02"", ""2025-03"", ""2025-04"", ""2025-05"", ""2025-06""], ""y"": [29876.4, 37999.71, 39960.07, 3478.3, 29837.2, 33660.29]}], ""meta"": {""created_by"": ""David Reynolds"", ""notes"": ""Necessary person manager fall fear describe price.""}}",2025-08-28T21:15:02
858,Forecast 858,"{""forecast_id"": ""FCAST-858"", ""series"": [{""x"": [""2025-01"", ""2025-02"", ""2025-03"", ""2025-04"", ""2025-05"", ""2025-06""], ""y"": [7091.85, 13363.51, 1962.75, 33100.06, 29692.67, 27650.02]}], ""meta"": {""created_by"": ""Joel Whitaker"", ""notes"": ""Just unit describe last.""}}",2024-07-26T16:15:41
859,Forecast 859,"{""forecast_id"": ""FCAST-859"", ""series"": [{""x"": [""2025-01"", ""2025-02"", ""2025-03"", ""2025-04"", ""2025-05"", ""2025-06""], ""y"": [47132.35, 4329.29, 36030.24, 38107.07, 43038.1, 31922.65]}], ""meta"": {""created_by"": ""Ms. Elizabeth White"", ""notes"": ""Indeed network explain organization.""}}",2024-12-19T03:48:46
860,Forecast 860,"{""forecast_id"": ""FCAST-860"", ""series"": [{""x"": [""2025-01"", ""2025-02"", ""2025-03"", ""2025-04"", ""2025-05"", ""2025-06""], ""y"": [14208.26, 1148.32, 13215.24, 49876.77, 4223.16, 39438.43]}], ""meta"": {""created_by"": ""Sarah Fry"", ""notes"": ""Power world leg lay property four performance.""}}",2024-03-18T00:56:33
861,Forecast 861,"{""forecast_id"": ""FCAST-861"", ""series"": [{""x"": [""2025-01"", ""2025-02"", ""2025-03"", ""2025-04"", ""2025-05"", ""2025-06""], ""y"": [3072.55, 30917.36, 25589.97, 40583.77, 15583.81, 41676.42]}], ""meta"": {""created_by"": ""Scott Thomas"", ""notes"": ""On budget owner.""}}",2025-10-03T21:14:07
862,Forecast 862,"{""forecast_id"": ""FCAST-862"", ""series"": [{""x"": [""2025-01"", ""2025-02"", ""2025-03"", ""2025-04"", ""2025-05"", ""2025-06""], ""y"": [41263.87, 46533.79, 20355.01, 30699.35, 49495.2, 32305.2]}], ""meta"": {""created_by"": ""Matthew Ryan"", ""notes"": ""Focus second enough responsibility coach capital account.""}}",2025-03-15T05:22:24
863,Forecast 863,"{""forecast_id"": ""FCAST-863"", ""series"": [{""x"": [""2025-01"", ""2025-02"", ""2025-03"", ""2025-04"", ""2025-05"", ""2025-06""], ""y"": [32753.32, 10734.53, 29925.54, 34572.63, 40869.6, 19728.84]}], ""meta"": {""created_by"": ""Deanna Davis"", ""notes"": ""Reason interview hear leg employee pretty though.""}}",2024-11-04T10:21:22
864,Forecast 864,"{""forecast_id"": ""FCAST-864"", ""series"": [{""x"": [""2025-01"", ""2025-02"", ""2025-03"", ""2025-04"", ""2025-05"", ""2025-06""], ""y"": [28270.56, 15338.18, 21133.47, 19718.2, 5879.26, 11597.9]}], ""meta"": {""created_by"": ""Keith Walton"", ""notes"": ""Evidence local rich part computer fall.""}}",2024-10-01T06:07:50
865,Forecast 865,"{""forecast_id"": ""FCAST-865"", ""series"": [{""x"": [""2025-01"", ""2025-02"", ""2025-03"", ""2025-04"", ""2025-05"", ""2025-06""], ""y"": [15046.1, 3406.1, 24514.7, 14042.53, 12431.65, 9535.58]}], ""meta"": {""created_by"": ""Dr. Harold Blake"", ""notes"": ""Others night you many recent agency might.""}}",2025-08-01T20:49:26
866,Forecast 866,"{""forecast_id"": ""FCAST-866"", ""series"": [{""x"": [""2025-01"", ""2025-02"", ""2025-03"", ""2025-04"", ""2025-05"", ""2025-06""], ""y"": [16793.66, 9967.75, 37111.43, 48385.0, 33816.84, 30160.95]}], ""meta"": {""created_by"": ""Timothy Rodriguez"", ""notes"": ""Pick allow place decade ask win.""}}",2024-04-28T22:23:54
867,Forecast 867,"{""forecast_id"": ""FCAST-867"", ""series"": [{""x"": [""2025-01"", ""2025-02"", ""2025-03"", ""2025-04"", ""2025-05"", ""2025-06""], ""y"": [29560.33, 45686.51, 49787.86, 22857.33, 1718.36, 35862.86]}], ""meta"": {""created_by"": ""Christopher Allen"", ""notes"": ""Remember free set region.""}}",2024-01-29T13:02:30
868,Forecast 868,"{""forecast_id"": ""FCAST-868"", ""series"": [{""x"": [""2025-01"", ""2025-02"", ""2025-03"", ""2025-04"", ""2025-05"", ""2025-06""], ""y"": [45642.47, 9091.99, 22108.56, 49414.21, 33355.79, 2289.04]}], ""meta"": {""created_by"": ""Justin Simpson"", ""notes"": ""Produce its situation police what fear.""}}",2024-01-13T08:08:18
869,Forecast 869,"{""forecast_id"": ""FCAST-869"", ""series"": [{""x"": [""2025-01"", ""2025-02"", ""2025-03"", ""2025-04"", ""2025-05"", ""2025-06""], ""y"": [23896.16, 26262.99, 41170.87, 27486.97, 9404.88, 5362.12]}], ""meta"": {""created_by"": ""Karen Smith DVM"", ""notes"": ""Into democratic strategy increase across may purpose wife.""}}",2025-08-20T13:45:55
870,Forecast 870,"{""forecast_id"": ""FCAST-870"", ""series"": [{""x"": [""2025-01"", ""2025-02"", ""2025-03"", ""2025-04"", ""2025-05"", ""2025-06""], ""y"": [3691.2, 8759.57, 33602.54, 2344.04, 40359.23, 31760.73]}], ""meta"": {""created_by"": ""Steven Ford"", ""notes"": ""Down financial perform happy.""}}",2025-09-26T11:21:26
871,Forecast 871,"{""forecast_id"": ""FCAST-871"", ""series"": [{""x"": [""2025-01"", ""2025-02"", ""2025-03"", ""2025-04"", ""2025-05"", ""2025-06""], ""y"": [5658.82, 46613.55, 46889.12, 47241.99, 40160.11, 12525.33]}], ""meta"": {""created_by"": ""Jennifer Mcmahon"", ""notes"": ""Three significant kind cost.""}}",2024-04-21T05:25:23
872,Forecast 872,"{""forecast_id"": ""FCAST-872"", ""series"": [{""x"": [""2025-01"", ""2025-02"", ""2025-03"", ""2025-04"", ""2025-05"", ""2025-06""], ""y"": [34532.96, 37795.36, 29006.56, 30178.22, 44362.6, 39221.93]}], ""meta"": {""created_by"": ""Linda Terry"", ""notes"": ""Word model author wear team whole.""}}",2023-11-25T13:47:53
873,Forecast 873,"{""forecast_id"": ""FCAST-873"", ""series"": [{""x"": [""2025-01"", ""2025-02"", ""2025-03"", ""2025-04"", ""2025-05"", ""2025-06""], ""y"": [22980.43, 8183.69, 6485.88, 48824.55, 48163.44, 36816.88]}], ""meta"": {""created_by"": ""Robert Parker"", ""notes"": ""Skin soldier news nearly positive.""}}",2024-02-01T00:57:12
874,Forecast 874,"{""forecast_id"": ""FCAST-874"", ""series"": [{""x"": [""2025-01"", ""2025-02"", ""2025-03"", ""2025-04"", ""2025-05"", ""2025-06""], ""y"": [27337.59, 31672.07, 48264.53, 46462.37, 25902.66, 40950.62]}], ""meta"": {""created_by"": ""Jessica Medina MD"", ""notes"": ""Positive financial quality if until true.""}}",2025-06-08T00:44:18
875,Forecast 875,"{""forecast_id"": ""FCAST-875"", ""series"": [{""x"": [""2025-01"", ""2025-02"", ""2025-03"", ""2025-04"", ""2025-05"", ""2025-06""], ""y"": [42718.63, 48554.9, 46475.71, 44814.02, 15901.59, 7773.79]}], ""meta"": {""created_by"": ""Claudia Hernandez"", ""notes"": ""Occur later cold late yeah.""}}",2023-11-13T00:54:07
876,Forecast 876,"{""forecast_id"": ""FCAST-876"", ""series"": [{""x"": [""2025-01"", ""2025-02"", ""2025-03"", ""2025-04"", ""2025-05"", ""2025-06""], ""y"": [38133.8, 23113.28, 44128.69, 18446.49, 26144.12, 46428.01]}], ""meta"": {""created_by"": ""Michelle King"", ""notes"": ""Among month various example consumer music various.""}}",2024-03-23T18:53:50
877,Forecast 877,"{""forecast_id"": ""FCAST-877"", ""series"": [{""x"": [""2025-01"", ""2025-02"", ""2025-03"", ""2025-04"", ""2025-05"", ""2025-06""], ""y"": [28983.29, 22577.33, 25835.55, 22445.72, 1565.17, 9456.18]}], ""meta"": {""created_by"": ""David Green"", ""notes"": ""Economic consumer safe deep focus himself room but.""}}",2025-05-09T12:53:42
878,Forecast 878,"{""forecast_id"": ""FCAST-878"", ""series"": [{""x"": [""2025-01"", ""2025-02"", ""2025-03"", ""2025-04"", ""2025-05"", ""2025-06""], ""y"": [40781.64, 13715.53, 3294.29, 24241.07, 24190.49, 5591.16]}], ""meta"": {""created_by"": ""Steven White"", ""notes"": ""Also write race nation.""}}",2023-11-08T10:22:31
879,Forecast 879,"{""forecast_id"": ""FCAST-879"", ""series"": [{""x"": [""2025-01"", ""2025-02"", ""2025-03"", ""2025-04"", ""2025-05"", ""2025-06""], ""y"": [42287.04, 42263.82, 19632.25, 5171.27, 30188.34, 5483.68]}], ""meta"": {""created_by"": ""Mariah Hughes"", ""notes"": ""Part instead once direction.""}}",2025-06-10T16:45:53
880,Forecast 880,"{""forecast_id"": ""FCAST-880"", ""series"": [{""x"": [""2025-01"", ""2025-02"", ""2025-03"", ""2025-04"", ""2025-05"", ""2025-06""], ""y"": [32749.65, 5117.59, 8733.72, 44658.51, 34042.68, 29931.07]}], ""meta"": {""created_by"": ""James Torres"", ""notes"": ""Class media future whether.""}}",2025-02-21T04:17:10
881,Forecast 881,"{""forecast_id"": ""FCAST-881"", ""series"": [{""x"": [""2025-01"", ""2025-02"", ""2025-03"", ""2025-04"", ""2025-05"", ""2025-06""], ""y"": [39781.7, 30395.18, 21750.25, 45286.77, 8371.41, 36584.07]}], ""meta"": {""created_by"": ""Anthony Martin"", ""notes"": ""Right space very win.""}}",2024-09-06T21:48:46
882,Forecast 882,"{""forecast_id"": ""FCAST-882"", ""series"": [{""x"": [""2025-01"", ""2025-02"", ""2025-03"", ""2025-04"", ""2025-05"", ""2025-06""], ""y"": [20213.12, 47220.24, 33843.53, 42548.69, 33564.59, 3451.24]}], ""meta"": {""created_by"": ""Michael Nguyen DVM"", ""notes"": ""Case morning key tree meet how.""}}",2024-03-05T17:19:32
883,Forecast 883,"{""forecast_id"": ""FCAST-883"", ""series"": [{""x"": [""2025-01"", ""2025-02"", ""2025-03"", ""2025-04"", ""2025-05"", ""2025-06""], ""y"": [3113.6, 18377.42, 35955.72, 13673.92, 39733.07, 39715.71]}], ""meta"": {""created_by"": ""Stacey Silva"", ""notes"": ""Likely house analysis it.""}}",2024-07-06T08:31:48
884,Forecast 884,"{""forecast_id"": ""FCAST-884"", ""series"": [{""x"": [""2025-01"", ""2025-02"", ""2025-03"", ""2025-04"", ""2025-05"", ""2025-06""], ""y"": [21752.62, 18375.89, 3157.04, 45079.76, 32474.01, 9674.43]}], ""meta"": {""created_by"": ""Deanna Johnson"", ""notes"": ""Box standard daughter other.""}}",2024-02-08T18:26:51
885,Forecast 885,"{""forecast_id"": ""FCAST-885"", ""series"": [{""x"": [""2025-01"", ""2025-02"", ""2025-03"", ""2025-04"", ""2025-05"", ""2025-06""], ""y"": [14921.76, 44794.38, 34855.59, 28351.19, 17332.04, 19491.96]}], ""meta"": {""created_by"": ""Jason Martinez"", ""notes"": ""Buy smile data bring that water cold price.""}}",2025-10-27T07:43:43
886,Forecast 886,"{""forecast_id"": ""FCAST-886"", ""series"": [{""x"": [""2025-01"", ""2025-02"", ""2025-03"", ""2025-04"", ""2025-05"", ""2025-06""], ""y"": [6243.44, 46619.5, 29470.65, 43090.67, 33272.93, 32417.67]}], ""meta"": {""created_by"": ""Gabriel Johnson"", ""notes"": ""Able environmental seat simple.""}}",2025-08-10T15:38:33
887,Forecast 887,"{""forecast_id"": ""FCAST-887"", ""series"": [{""x"": [""2025-01"", ""2025-02"", ""2025-03"", ""2025-04"", ""2025-05"", ""2025-06""], ""y"": [9904.54, 32359.93, 44353.61, 46385.13, 35398.54, 14868.96]}], ""meta"": {""created_by"": ""Patrick Guerrero"", ""notes"": ""Anything feeling month she.""}}",2024-08-01T22:32:07
888,Forecast 888,"{""forecast_id"": ""FCAST-888"", ""series"": [{""x"": [""2025-01"", ""2025-02"", ""2025-03"", ""2025-04"", ""2025-05"", ""2025-06""], ""y"": [30881.42, 19802.8, 13184.09, 13976.74, 30978.39, 2255.43]}], ""meta"": {""created_by"": ""Ronald Thomas"", ""notes"": ""Last professor theory building firm man buy receive.""}}",2024-08-07T20:42:24
889,Forecast 889,"{""forecast_id"": ""FCAST-889"", ""series"": [{""x"": [""2025-01"", ""2025-02"", ""2025-03"", ""2025-04"", ""2025-05"", ""2025-06""], ""y"": [23199.93, 16307.29, 4173.24, 1569.15, 28480.82, 6008.27]}], ""meta"": {""created_by"": ""Jonathan Reed"", ""notes"": ""Guy event nice garden.""}}",2024-04-18T21:36:01
890,Forecast 890,"{""forecast_id"": ""FCAST-890"", ""series"": [{""x"": [""2025-01"", ""2025-02"", ""2025-03"", ""2025-04"", ""2025-05"", ""2025-06""], ""y"": [7974.64, 49080.09, 18423.0, 38242.41, 41450.47, 20924.92]}], ""meta"": {""created_by"": ""Bryan Mccoy"", ""notes"": ""Bill enjoy partner property thank indeed.""}}",2024-05-27T18:02:12
891,Forecast 891,"{""forecast_id"": ""FCAST-891"", ""series"": [{""x"": [""2025-01"", ""2025-02"", ""2025-03"", ""2025-04"", ""2025-05"", ""2025-06""], ""y"": [27588.36, 7127.83, 25624.11, 29119.65, 39677.86, 11878.13]}], ""meta"": {""created_by"": ""Donald Whitehead"", ""notes"": ""Pay identify side capital response author gun describe.""}}",2025-07-28T01:59:44
892,Forecast 892,"{""forecast_id"": ""FCAST-892"", ""series"": [{""x"": [""2025-01"", ""2025-02"", ""2025-03"", ""2025-04"", ""2025-05"", ""2025-06""], ""y"": [27196.48, 27102.47, 25588.63, 31089.93, 44136.38, 7735.51]}], ""meta"": {""created_by"": ""Lori Hicks"", ""notes"": ""View question move civil change.""}}",2023-12-29T20:41:25
893,Forecast 893,"{""forecast_id"": ""FCAST-893"", ""series"": [{""x"": [""2025-01"", ""2025-02"", ""2025-03"", ""2025-04"", ""2025-05"", ""2025-06""], ""y"": [13668.05, 24496.66, 49539.16, 37891.87, 22813.54, 29211.76]}], ""meta"": {""created_by"": ""Katherine Johnson"", ""notes"": ""What dog but ok home cup receive.""}}",2024-05-27T23:28:49
894,Forecast 894,"{""forecast_id"": ""FCAST-894"", ""series"": [{""x"": [""2025-01"", ""2025-02"", ""2025-03"", ""2025-04"", ""2025-05"", ""2025-06""], ""y"": [21820.81, 31538.71, 4107.09, 15695.08, 11508.14, 41655.12]}], ""meta"": {""created_by"": ""Mark Oliver"", ""notes"": ""Tonight somebody care daughter film seat.""}}",2024-01-04T13:58:49
895,Forecast 895,"{""forecast_id"": ""FCAST-895"", ""series"": [{""x"": [""2025-01"", ""2025-02"", ""2025-03"", ""2025-04"", ""2025-05"", ""2025-06""], ""y"": [29738.4, 38077.74, 36513.77, 18529.61, 38019.06, 30384.81]}], ""meta"": {""created_by"": ""Deanna Sims"", ""notes"": ""Production control at energy.""}}",2024-03-05T01:46:01
896,Forecast 896,"{""forecast_id"": ""FCAST-896"", ""series"": [{""x"": [""2025-01"", ""2025-02"", ""2025-03"", ""2025-04"", ""2025-05"", ""2025-06""], ""y"": [40928.31, 49930.37, 43783.51, 36022.0, 6290.06, 11453.85]}], ""meta"": {""created_by"": ""Xavier Parker"", ""notes"": ""Stop ability clearly bring bill.""}}",2023-12-20T17:52:50
897,Forecast 897,"{""forecast_id"": ""FCAST-897"", ""series"": [{""x"": [""2025-01"", ""2025-02"", ""2025-03"", ""2025-04"", ""2025-05"", ""2025-06""], ""y"": [36266.01, 44827.68, 17744.72, 49069.62, 3145.75, 13471.11]}], ""meta"": {""created_by"": ""Ashley Martinez"", ""notes"": ""Reach gun allow add.""}}",2025-10-10T19:31:12
898,Forecast 898,"{""forecast_id"": ""FCAST-898"", ""series"": [{""x"": [""2025-01"", ""2025-02"", ""2025-03"", ""2025-04"", ""2025-05"", ""2025-06""], ""y"": [28258.39, 5625.38, 17290.09, 41672.88, 2074.61, 9113.09]}], ""meta"": {""created_by"": ""Karl Reed"", ""notes"": ""Represent fly stage run current everybody.""}}",2024-11-03T23:02:27
899,Forecast 899,"{""forecast_id"": ""FCAST-899"", ""series"": [{""x"": [""2025-01"", ""2025-02"", ""2025-03"", ""2025-04"", ""2025-05"", ""2025-06""], ""y"": [45415.03, 14642.42, 15802.32, 8087.58, 7103.9, 5770.71]}], ""meta"": {""created_by"": ""Valerie Greene"", ""notes"": ""Building world look key however consider assume.""}}",2023-11-27T09:07:43
900,Forecast 900,"{""forecast_id"": ""FCAST-900"", ""series"": [{""x"": [""2025-01"", ""2025-02"", ""2025-03"", ""2025-04"", ""2025-05"", ""2025-06""], ""y"": [16576.3, 2546.72, 10469.18, 15168.46, 2384.49, 28793.75]}], ""meta"": {""created_by"": ""Joanna Benitez"", ""notes"": ""Cup including could hundred avoid moment.""}}",2024-07-01T16:37:14
901,Forecast 901,"{""forecast_id"": ""FCAST-901"", ""series"": [{""x"": [""2025-01"", ""2025-02"", ""2025-03"", ""2025-04"", ""2025-05"", ""2025-06""], ""y"": [20701.17, 4095.8, 38024.67, 24727.74, 45666.15, 37628.57]}], ""meta"": {""created_by"": ""Sarah White"", ""notes"": ""Political operation result year leg floor fast.""}}",2024-02-25T02:44:08
902,Forecast 902,"{""forecast_id"": ""FCAST-902"", ""series"": [{""x"": [""2025-01"", ""2025-02"", ""2025-03"", ""2025-04"", ""2025-05"", ""2025-06""], ""y"": [38847.59, 7212.09, 13675.9, 27373.77, 37897.4, 31893.86]}], ""meta"": {""created_by"": ""Leslie Atkins"", ""notes"": ""Concern professor score first what my hundred.""}}",2024-12-21T12:53:54
903,Forecast 903,"{""forecast_id"": ""FCAST-903"", ""series"": [{""x"": [""2025-01"", ""2025-02"", ""2025-03"", ""2025-04"", ""2025-05"", ""2025-06""], ""y"": [27788.51, 47864.88, 36744.8, 43448.64, 23624.53, 28006.49]}], ""meta"": {""created_by"": ""Kevin Sanchez"", ""notes"": ""My strong certainly.""}}",2024-01-17T08:44:10
904,Forecast 904,"{""forecast_id"": ""FCAST-904"", ""series"": [{""x"": [""2025-01"", ""2025-02"", ""2025-03"", ""2025-04"", ""2025-05"", ""2025-06""], ""y"": [5748.01, 4901.35, 14272.63, 26331.61, 49768.54, 39576.57]}], ""meta"": {""created_by"": ""Tom Taylor"", ""notes"": ""Discussion its return service.""}}",2023-12-02T00:41:04
905,Forecast 905,"{""forecast_id"": ""FCAST-905"", ""series"": [{""x"": [""2025-01"", ""2025-02"", ""2025-03"", ""2025-04"", ""2025-05"", ""2025-06""], ""y"": [42147.0, 31504.83, 46036.72, 31702.91, 47412.06, 27749.84]}], ""meta"": {""created_by"": ""Michael Chavez"", ""notes"": ""Doctor sort to news head check few.""}}",2025-07-26T23:15:21
906,Forecast 906,"{""forecast_id"": ""FCAST-906"", ""series"": [{""x"": [""2025-01"", ""2025-02"", ""2025-03"", ""2025-04"", ""2025-05"", ""2025-06""], ""y"": [31206.94, 27381.78, 40433.55, 13199.81, 48787.53, 20395.55]}], ""meta"": {""created_by"": ""Vincent Evans"", ""notes"": ""Maintain around make subject response guess term.""}}",2023-11-17T05:12:19
907,Forecast 907,"{""forecast_id"": ""FCAST-907"", ""series"": [{""x"": [""2025-01"", ""2025-02"", ""2025-03"", ""2025-04"", ""2025-05"", ""2025-06""], ""y"": [31308.71, 22576.98, 46585.18, 19676.96, 16305.17, 44733.64]}], ""meta"": {""created_by"": ""Nicole Spencer"", ""notes"": ""Area image side outside executive idea.""}}",2024-11-24T19:11:27
908,Forecast 908,"{""forecast_id"": ""FCAST-908"", ""series"": [{""x"": [""2025-01"", ""2025-02"", ""2025-03"", ""2025-04"", ""2025-05"", ""2025-06""], ""y"": [5424.5, 17673.96, 13799.72, 16364.23, 33335.42, 6421.65]}], ""meta"": {""created_by"": ""Melissa Ross"", ""notes"": ""Daughter team series surface.""}}",2024-06-05T12:32:40
909,Forecast 909,"{""forecast_id"": ""FCAST-909"", ""series"": [{""x"": [""2025-01"", ""2025-02"", ""2025-03"", ""2025-04"", ""2025-05"", ""2025-06""], ""y"": [31071.16, 36396.7, 34296.63, 3870.82, 34685.18, 24410.08]}], ""meta"": {""created_by"": ""Suzanne Li"", ""notes"": ""Three else form defense daughter economic.""}}",2024-11-25T14:11:43
910,Forecast 910,"{""forecast_id"": ""FCAST-910"", ""series"": [{""x"": [""2025-01"", ""2025-02"", ""2025-03"", ""2025-04"", ""2025-05"", ""2025-06""], ""y"": [18704.49, 35152.55, 19693.01, 35043.57, 18211.79, 4448.8]}], ""meta"": {""created_by"": ""Anna Hall"", ""notes"": ""Everyone there happy knowledge morning compare important.""}}",2024-10-26T02:38:43
911,Forecast 911,"{""forecast_id"": ""FCAST-911"", ""series"": [{""x"": [""2025-01"", ""2025-02"", ""2025-03"", ""2025-04"", ""2025-05"", ""2025-06""], ""y"": [4851.71, 34455.54, 4031.49, 41793.68, 27353.06, 38793.33]}], ""meta"": {""created_by"": ""Elizabeth Rose"", ""notes"": ""Heavy tend third see end week.""}}",2025-08-20T07:58:28
912,Forecast 912,"{""forecast_id"": ""FCAST-912"", ""series"": [{""x"": [""2025-01"", ""2025-02"", ""2025-03"", ""2025-04"", ""2025-05"", ""2025-06""], ""y"": [40567.69, 11149.94, 16405.01, 21128.69, 35758.47, 7162.39]}], ""meta"": {""created_by"": ""Destiny Mcconnell"", ""notes"": ""Drop Mr choose who investment attack ability city.""}}",2024-06-13T03:23:37
913,Forecast 913,"{""forecast_id"": ""FCAST-913"", ""series"": [{""x"": [""2025-01"", ""2025-02"", ""2025-03"", ""2025-04"", ""2025-05"", ""2025-06""], ""y"": [26218.72, 13735.36, 19247.03, 3734.76, 24789.9, 3408.43]}], ""meta"": {""created_by"": ""Jacob Parker"", ""notes"": ""Throughout person generation charge remember.""}}",2025-02-01T15:09:26
914,Forecast 914,"{""forecast_id"": ""FCAST-914"", ""series"": [{""x"": [""2025-01"", ""2025-02"", ""2025-03"", ""2025-04"", ""2025-05"", ""2025-06""], ""y"": [30111.75, 32915.04, 15755.51, 7658.45, 26987.29, 29437.83]}], ""meta"": {""created_by"": ""Jennifer Baker"", ""notes"": ""Easy size matter book travel as parent.""}}",2024-05-14T18:52:12
915,Forecast 915,"{""forecast_id"": ""FCAST-915"", ""series"": [{""x"": [""2025-01"", ""2025-02"", ""2025-03"", ""2025-04"", ""2025-05"", ""2025-06""], ""y"": [9767.45, 15372.55, 19440.44, 19377.19, 43394.01, 39490.34]}], ""meta"": {""created_by"": ""Juan Reilly"", ""notes"": ""Get music mean lead also walk.""}}",2023-12-29T16:18:21
916,Forecast 916,"{""forecast_id"": ""FCAST-916"", ""series"": [{""x"": [""2025-01"", ""2025-02"", ""2025-03"", ""2025-04"", ""2025-05"", ""2025-06""], ""y"": [37287.44, 28280.87, 22310.49, 25377.67, 3450.11, 39669.72]}], ""meta"": {""created_by"": ""Jose Edwards"", ""notes"": ""Arrive size provide sure evening.""}}",2025-09-04T12:05:35
917,Forecast 917,"{""forecast_id"": ""FCAST-917"", ""series"": [{""x"": [""2025-01"", ""2025-02"", ""2025-03"", ""2025-04"", ""2025-05"", ""2025-06""], ""y"": [13844.41, 1703.4, 39734.65, 16226.36, 21755.94, 18845.19]}], ""meta"": {""created_by"": ""Ebony Coleman"", ""notes"": ""Attorney cut word economic present school stuff talk.""}}",2024-09-08T04:39:53
918,Forecast 918,"{""forecast_id"": ""FCAST-918"", ""series"": [{""x"": [""2025-01"", ""2025-02"", ""2025-03"", ""2025-04"", ""2025-05"", ""2025-06""], ""y"": [38057.05, 17655.92, 44730.72, 28989.3, 39343.33, 16117.55]}], ""meta"": {""created_by"": ""Jeremy Gray"", ""notes"": ""Hold such save pass.""}}",2025-10-25T04:25:16
919,Forecast 919,"{""forecast_id"": ""FCAST-919"", ""series"": [{""x"": [""2025-01"", ""2025-02"", ""2025-03"", ""2025-04"", ""2025-05"", ""2025-06""], ""y"": [16627.68, 11815.9, 39281.72, 40457.97, 2415.68, 7411.94]}], ""meta"": {""created_by"": ""Margaret Sanders"", ""notes"": ""Beautiful mean of music who begin.""}}",2024-10-10T02:10:14
920,Forecast 920,"{""forecast_id"": ""FCAST-920"", ""series"": [{""x"": [""2025-01"", ""2025-02"", ""2025-03"", ""2025-04"", ""2025-05"", ""2025-06""], ""y"": [42994.83, 19106.95, 40147.57, 43918.4, 39380.68, 42860.12]}], ""meta"": {""created_by"": ""Ashley Douglas"", ""notes"": ""Theory culture off impact mean.""}}",2024-03-21T02:58:40
921,Forecast 921,"{""forecast_id"": ""FCAST-921"", ""series"": [{""x"": [""2025-01"", ""2025-02"", ""2025-03"", ""2025-04"", ""2025-05"", ""2025-06""], ""y"": [10031.94, 21517.96, 35329.32, 3655.43, 20428.03, 17366.1]}], ""meta"": {""created_by"": ""Matthew Weaver"", ""notes"": ""Account agency Republican also bank support similar.""}}",2024-05-13T01:11:52
922,Forecast 922,"{""forecast_id"": ""FCAST-922"", ""series"": [{""x"": [""2025-01"", ""2025-02"", ""2025-03"", ""2025-04"", ""2025-05"", ""2025-06""], ""y"": [30803.77, 12216.2, 3631.25, 35044.84, 34088.11, 8852.94]}], ""meta"": {""created_by"": ""Jessica Singleton"", ""notes"": ""Half she place.""}}",2025-01-21T02:41:24
923,Forecast 923,"{""forecast_id"": ""FCAST-923"", ""series"": [{""x"": [""2025-01"", ""2025-02"", ""2025-03"", ""2025-04"", ""2025-05"", ""2025-06""], ""y"": [10150.16, 9570.49, 15411.5, 48200.67, 40111.4, 21980.92]}], ""meta"": {""created_by"": ""Kristi Ward"", ""notes"": ""People debate color.""}}",2025-09-22T23:31:45
924,Forecast 924,"{""forecast_id"": ""FCAST-924"", ""series"": [{""x"": [""2025-01"", ""2025-02"", ""2025-03"", ""2025-04"", ""2025-05"", ""2025-06""], ""y"": [44186.36, 35003.53, 24223.47, 20660.57, 38426.64, 31050.38]}], ""meta"": {""created_by"": ""Joseph Henderson"", ""notes"": ""Big smile true two cold thousand.""}}",2025-04-13T15:16:52
925,Forecast 925,"{""forecast_id"": ""FCAST-925"", ""series"": [{""x"": [""2025-01"", ""2025-02"", ""2025-03"", ""2025-04"", ""2025-05"", ""2025-06""], ""y"": [20117.03, 6079.16, 9667.0, 35747.91, 5895.82, 19252.95]}], ""meta"": {""created_by"": ""Sylvia Morris"", ""notes"": ""West can list suddenly reason likely she believe.""}}",2025-07-08T14:47:49
926,Forecast 926,"{""forecast_id"": ""FCAST-926"", ""series"": [{""x"": [""2025-01"", ""2025-02"", ""2025-03"", ""2025-04"", ""2025-05"", ""2025-06""], ""y"": [48648.2, 25664.66, 47870.72, 27137.04, 26336.41, 20024.0]}], ""meta"": {""created_by"": ""Mark Giles"", ""notes"": ""Concern degree among truth.""}}",2025-02-05T12:01:47
927,Forecast 927,"{""forecast_id"": ""FCAST-927"", ""series"": [{""x"": [""2025-01"", ""2025-02"", ""2025-03"", ""2025-04"", ""2025-05"", ""2025-06""], ""y"": [3938.46, 38264.15, 48992.01, 1735.69, 24254.68, 26297.25]}], ""meta"": {""created_by"": ""Jack Mann"", ""notes"": ""Ability something maintain sound talk activity stay.""}}",2024-08-04T09:18:54
928,Forecast 928,"{""forecast_id"": ""FCAST-928"", ""series"": [{""x"": [""2025-01"", ""2025-02"", ""2025-03"", ""2025-04"", ""2025-05"", ""2025-06""], ""y"": [20407.97, 35837.39, 49590.21, 7264.76, 43856.32, 9471.57]}], ""meta"": {""created_by"": ""Erica Garcia"", ""notes"": ""Short for line research Democrat civil possible.""}}",2025-05-15T22:13:54
929,Forecast 929,"{""forecast_id"": ""FCAST-929"", ""series"": [{""x"": [""2025-01"", ""2025-02"", ""2025-03"", ""2025-04"", ""2025-05"", ""2025-06""], ""y"": [30180.7, 47146.66, 22760.33, 39494.08, 1667.38, 40293.79]}], ""meta"": {""created_by"": ""Joseph Taylor"", ""notes"": ""Group own expect inside hope tax truth old.""}}",2025-05-31T23:36:13
930,Forecast 930,"{""forecast_id"": ""FCAST-930"", ""series"": [{""x"": [""2025-01"", ""2025-02"", ""2025-03"", ""2025-04"", ""2025-05"", ""2025-06""], ""y"": [22859.65, 49716.59, 21018.89, 13892.99, 9041.39, 40787.46]}], ""meta"": {""created_by"": ""Shirley Mcintyre"", ""notes"": ""Second free as head specific win key.""}}",2024-10-19T03:04:04
931,Forecast 931,"{""forecast_id"": ""FCAST-931"", ""series"": [{""x"": [""2025-01"", ""2025-02"", ""2025-03"", ""2025-04"", ""2025-05"", ""2025-06""], ""y"": [4730.84, 36791.9, 46056.57, 3620.09, 26909.33, 12211.57]}], ""meta"": {""created_by"": ""James Carr"", ""notes"": ""At step media parent authority water without.""}}",2024-04-23T10:22:43
932,Forecast 932,"{""forecast_id"": ""FCAST-932"", ""series"": [{""x"": [""2025-01"", ""2025-02"", ""2025-03"", ""2025-04"", ""2025-05"", ""2025-06""], ""y"": [38226.39, 24457.37, 12170.82, 17940.24, 29848.37, 19907.6]}], ""meta"": {""created_by"": ""Daniel Powell"", ""notes"": ""Me customer point cultural option him do.""}}",2023-11-09T09:12:09
933,Forecast 933,"{""forecast_id"": ""FCAST-933"", ""series"": [{""x"": [""2025-01"", ""2025-02"", ""2025-03"", ""2025-04"", ""2025-05"", ""2025-06""], ""y"": [37875.39, 3356.59, 28151.27, 48711.44, 32142.34, 19056.29]}], ""meta"": {""created_by"": ""Dawn Neal"", ""notes"": ""Have writer help marriage.""}}",2023-12-17T20:23:21
934,Forecast 934,"{""forecast_id"": ""FCAST-934"", ""series"": [{""x"": [""2025-01"", ""2025-02"", ""2025-03"", ""2025-04"", ""2025-05"", ""2025-06""], ""y"": [13971.63, 26188.75, 16178.38, 7046.89, 28317.11, 37807.75]}], ""meta"": {""created_by"": ""Jonathan Moore"", ""notes"": ""Matter behind glass most notice.""}}",2024-09-28T11:44:16
935,Forecast 935,"{""forecast_id"": ""FCAST-935"", ""series"": [{""x"": [""2025-01"", ""2025-02"", ""2025-03"", ""2025-04"", ""2025-05"", ""2025-06""], ""y"": [25669.67, 44053.85, 18739.43, 37868.65, 47551.16, 3310.3]}], ""meta"": {""created_by"": ""Jose Alvarez"", ""notes"": ""Help role compare four full.""}}",2025-07-06T16:39:05
936,Forecast 936,"{""forecast_id"": ""FCAST-936"", ""series"": [{""x"": [""2025-01"", ""2025-02"", ""2025-03"", ""2025-04"", ""2025-05"", ""2025-06""], ""y"": [34115.21, 22032.63, 15969.65, 19003.93, 32958.14, 17588.42]}], ""meta"": {""created_by"": ""Samantha Fisher"", ""notes"": ""Some participant hold boy.""}}",2024-03-30T02:36:58
937,Forecast 937,"{""forecast_id"": ""FCAST-937"", ""series"": [{""x"": [""2025-01"", ""2025-02"", ""2025-03"", ""2025-04"", ""2025-05"", ""2025-06""], ""y"": [8136.46, 10643.66, 44122.67, 6458.78, 47278.75, 8554.03]}], ""meta"": {""created_by"": ""Billy Sampson"", ""notes"": ""Growth buy something more answer PM.""}}",2025-04-17T21:17:27
938,Forecast 938,"{""forecast_id"": ""FCAST-938"", ""series"": [{""x"": [""2025-01"", ""2025-02"", ""2025-03"", ""2025-04"", ""2025-05"", ""2025-06""], ""y"": [35933.34, 22925.02, 38717.8, 31124.05, 37087.47, 48880.38]}], ""meta"": {""created_by"": ""Candace Moore"", ""notes"": ""Surface light event garden.""}}",2024-03-17T23:44:48
939,Forecast 939,"{""forecast_id"": ""FCAST-939"", ""series"": [{""x"": [""2025-01"", ""2025-02"", ""2025-03"", ""2025-04"", ""2025-05"", ""2025-06""], ""y"": [34426.43, 31418.71, 40964.35, 5158.47, 22481.03, 38904.13]}], ""meta"": {""created_by"": ""Jeffery Robbins"", ""notes"": ""After education book wide brother career exactly.""}}",2024-01-16T10:09:55
940,Forecast 940,"{""forecast_id"": ""FCAST-940"", ""series"": [{""x"": [""2025-01"", ""2025-02"", ""2025-03"", ""2025-04"", ""2025-05"", ""2025-06""], ""y"": [38443.71, 12901.91, 15380.02, 32434.27, 37370.81, 24974.98]}], ""meta"": {""created_by"": ""Nathan Daniel"", ""notes"": ""Live staff information day former one.""}}",2024-09-12T22:33:23
941,Forecast 941,"{""forecast_id"": ""FCAST-941"", ""series"": [{""x"": [""2025-01"", ""2025-02"", ""2025-03"", ""2025-04"", ""2025-05"", ""2025-06""], ""y"": [2504.55, 43512.88, 28199.35, 19595.84, 9316.08, 4566.02]}], ""meta"": {""created_by"": ""Nathaniel Roberts"", ""notes"": ""Close move ready building.""}}",2025-09-30T03:06:43
942,Forecast 942,"{""forecast_id"": ""FCAST-942"", ""series"": [{""x"": [""2025-01"", ""2025-02"", ""2025-03"", ""2025-04"", ""2025-05"", ""2025-06""], ""y"": [24261.91, 35996.62, 33097.69, 3978.13, 42492.95, 30730.29]}], ""meta"": {""created_by"": ""Anna Liu"", ""notes"": ""Score leave young herself kind star per parent.""}}",2024-08-02T07:00:49
943,Forecast 943,"{""forecast_id"": ""FCAST-943"", ""series"": [{""x"": [""2025-01"", ""2025-02"", ""2025-03"", ""2025-04"", ""2025-05"", ""2025-06""], ""y"": [19964.22, 13099.96, 3043.42, 17118.61, 32131.74, 2626.81]}], ""meta"": {""created_by"": ""Judith Watkins"", ""notes"": ""With cultural glass argue.""}}",2024-11-01T12:57:36
944,Forecast 944,"{""forecast_id"": ""FCAST-944"", ""series"": [{""x"": [""2025-01"", ""2025-02"", ""2025-03"", ""2025-04"", ""2025-05"", ""2025-06""], ""y"": [30835.16, 39848.48, 12247.68, 36240.14, 25649.02, 8096.49]}], ""meta"": {""created_by"": ""Jennifer Jennings"", ""notes"": ""Cover yes go audience.""}}",2025-05-11T16:50:53
945,Forecast 945,"{""forecast_id"": ""FCAST-945"", ""series"": [{""x"": [""2025-01"", ""2025-02"", ""2025-03"", ""2025-04"", ""2025-05"", ""2025-06""], ""y"": [31582.32, 12242.43, 42540.75, 44173.73, 1578.95, 43034.09]}], ""meta"": {""created_by"": ""Jeremy Kennedy"", ""notes"": ""Author watch campaign outside main another assume.""}}",2024-11-05T21:17:23
946,Forecast 946,"{""forecast_id"": ""FCAST-946"", ""series"": [{""x"": [""2025-01"", ""2025-02"", ""2025-03"", ""2025-04"", ""2025-05"", ""2025-06""], ""y"": [43297.92, 39604.12, 37275.01, 26220.41, 36042.61, 20420.61]}], ""meta"": {""created_by"": ""Jason Shelton"", ""notes"": ""Current feel type cut room word agreement bank.""}}",2024-12-30T22:28:42
947,Forecast 947,"{""forecast_id"": ""FCAST-947"", ""series"": [{""x"": [""2025-01"", ""2025-02"", ""2025-03"", ""2025-04"", ""2025-05"", ""2025-06""], ""y"": [24234.36, 15043.68, 45345.15, 42285.45, 17921.68, 9440.25]}], ""meta"": {""created_by"": ""Brian Rogers"", ""notes"": ""Third himself door avoid free form.""}}",2024-02-10T18:36:15
948,Forecast 948,"{""forecast_id"": ""FCAST-948"", ""series"": [{""x"": [""2025-01"", ""2025-02"", ""2025-03"", ""2025-04"", ""2025-05"", ""2025-06""], ""y"": [13451.03, 45922.7, 47820.06, 13820.99, 21947.38, 41466.74]}], ""meta"": {""created_by"": ""Dylan Trujillo"", ""notes"": ""Social recognize event music cold instead attention.""}}",2025-08-02T04:50:36
949,Forecast 949,"{""forecast_id"": ""FCAST-949"", ""series"": [{""x"": [""2025-01"", ""2025-02"", ""2025-03"", ""2025-04"", ""2025-05"", ""2025-06""], ""y"": [11303.03, 27218.93, 18719.96, 4231.91, 30535.6, 11654.69]}], ""meta"": {""created_by"": ""Scott Smith"", ""notes"": ""Because gun leave computer model.""}}",2025-09-23T02:37:04
950,Forecast 950,"{""forecast_id"": ""FCAST-950"", ""series"": [{""x"": [""2025-01"", ""2025-02"", ""2025-03"", ""2025-04"", ""2025-05"", ""2025-06""], ""y"": [35524.26, 28071.08, 1762.91, 34625.78, 38026.94, 40222.2]}], ""meta"": {""created_by"": ""Gina Carter"", ""notes"": ""Kid security cell say ten say student.""}}",2025-07-23T13:59:06
951,Forecast 951,"{""forecast_id"": ""FCAST-951"", ""series"": [{""x"": [""2025-01"", ""2025-02"", ""2025-03"", ""2025-04"", ""2025-05"", ""2025-06""], ""y"": [33806.39, 12805.25, 30192.06, 8207.09, 23368.17, 25614.62]}], ""meta"": {""created_by"": ""Donna Steele"", ""notes"": ""Marriage treat bag.""}}",2024-05-12T14:42:22
952,Forecast 952,"{""forecast_id"": ""FCAST-952"", ""series"": [{""x"": [""2025-01"", ""2025-02"", ""2025-03"", ""2025-04"", ""2025-05"", ""2025-06""], ""y"": [33392.45, 43832.54, 37031.72, 40391.35, 28827.03, 21853.66]}], ""meta"": {""created_by"": ""Devon Martinez"", ""notes"": ""Himself determine perhaps.""}}",2024-04-30T04:19:37
953,Forecast 953,"{""forecast_id"": ""FCAST-953"", ""series"": [{""x"": [""2025-01"", ""2025-02"", ""2025-03"", ""2025-04"", ""2025-05"", ""2025-06""], ""y"": [29729.97, 26210.13, 8595.17, 44449.52, 34839.4, 3985.12]}], ""meta"": {""created_by"": ""Erika Burke"", ""notes"": ""If apply dream much eye majority also subject.""}}",2024-07-03T06:20:07
954,Forecast 954,"{""forecast_id"": ""FCAST-954"", ""series"": [{""x"": [""2025-01"", ""2025-02"", ""2025-03"", ""2025-04"", ""2025-05"", ""2025-06""], ""y"": [49667.18, 16410.6, 29359.98, 7509.4, 24487.72, 14437.8]}], ""meta"": {""created_by"": ""Zachary Williamson"", ""notes"": ""During goal it gas answer western great impact.""}}",2024-01-07T03:31:51
955,Forecast 955,"{""forecast_id"": ""FCAST-955"", ""series"": [{""x"": [""2025-01"", ""2025-02"", ""2025-03"", ""2025-04"", ""2025-05"", ""2025-06""], ""y"": [23021.29, 7738.98, 19465.27, 2785.03, 5387.54, 36716.07]}], ""meta"": {""created_by"": ""Shawn Ramirez"", ""notes"": ""Deep especially design public father consider special.""}}",2024-12-27T14:20:38
956,Forecast 956,"{""forecast_id"": ""FCAST-956"", ""series"": [{""x"": [""2025-01"", ""2025-02"", ""2025-03"", ""2025-04"", ""2025-05"", ""2025-06""], ""y"": [30312.65, 37637.25, 19685.59, 13379.03, 14122.18, 45323.37]}], ""meta"": {""created_by"": ""Sandra Fitzgerald"", ""notes"": ""The this add affect.""}}",2023-11-10T22:11:15
957,Forecast 957,"{""forecast_id"": ""FCAST-957"", ""series"": [{""x"": [""2025-01"", ""2025-02"", ""2025-03"", ""2025-04"", ""2025-05"", ""2025-06""], ""y"": [41750.44, 32786.18, 30027.25, 8973.97, 12537.83, 28832.65]}], ""meta"": {""created_by"": ""Elizabeth Lewis"", ""notes"": ""Bad event tax spring meet official direction.""}}",2025-08-15T23:15:02
958,Forecast 958,"{""forecast_id"": ""FCAST-958"", ""series"": [{""x"": [""2025-01"", ""2025-02"", ""2025-03"", ""2025-04"", ""2025-05"", ""2025-06""], ""y"": [6056.96, 48813.51, 49281.2, 33317.02, 25498.49, 20202.96]}], ""meta"": {""created_by"": ""Jim Davis"", ""notes"": ""Event baby Republican.""}}",2024-09-05T18:41:27
959,Forecast 959,"{""forecast_id"": ""FCAST-959"", ""series"": [{""x"": [""2025-01"", ""2025-02"", ""2025-03"", ""2025-04"", ""2025-05"", ""2025-06""], ""y"": [41028.66, 47241.37, 28762.48, 49186.87, 26336.97, 26219.51]}], ""meta"": {""created_by"": ""Susan Martin"", ""notes"": ""Throw could participant difference assume soon.""}}",2023-11-09T06:10:31
960,Forecast 960,"{""forecast_id"": ""FCAST-960"", ""series"": [{""x"": [""2025-01"", ""2025-02"", ""2025-03"", ""2025-04"", ""2025-05"", ""2025-06""], ""y"": [3419.43, 29325.63, 46282.03, 9221.38, 6935.2, 40994.5]}], ""meta"": {""created_by"": ""Julie Soto"", ""notes"": ""Degree class effort herself subject glass.""}}",2025-08-07T02:07:20
961,Forecast 961,"{""forecast_id"": ""FCAST-961"", ""series"": [{""x"": [""2025-01"", ""2025-02"", ""2025-03"", ""2025-04"", ""2025-05"", ""2025-06""], ""y"": [1730.24, 12270.95, 44559.22, 1797.59, 34891.58, 19911.05]}], ""meta"": {""created_by"": ""Jermaine Dickson"", ""notes"": ""Mention establish part idea group research.""}}",2023-12-22T02:40:27
962,Forecast 962,"{""forecast_id"": ""FCAST-962"", ""series"": [{""x"": [""2025-01"", ""2025-02"", ""2025-03"", ""2025-04"", ""2025-05"", ""2025-06""], ""y"": [22264.56, 6616.1, 45592.0, 25888.24, 31937.58, 33902.18]}], ""meta"": {""created_by"": ""Stephanie Thomas"", ""notes"": ""Fire rather institution.""}}",2024-03-06T02:49:19
963,Forecast 963,"{""forecast_id"": ""FCAST-963"", ""series"": [{""x"": [""2025-01"", ""2025-02"", ""2025-03"", ""2025-04"", ""2025-05"", ""2025-06""], ""y"": [28347.31, 40299.87, 24561.48, 19925.46, 1549.0, 5096.96]}], ""meta"": {""created_by"": ""Sheryl Morrow"", ""notes"": ""Series organization paper by building agency start.""}}",2025-06-23T05:38:56
964,Forecast 964,"{""forecast_id"": ""FCAST-964"", ""series"": [{""x"": [""2025-01"", ""2025-02"", ""2025-03"", ""2025-04"", ""2025-05"", ""2025-06""], ""y"": [15478.11, 19260.9, 40046.12, 15149.43, 45946.19, 12526.36]}], ""meta"": {""created_by"": ""Jenna Schwartz"", ""notes"": ""Section medical price oil.""}}",2023-11-21T01:00:27
965,Forecast 965,"{""forecast_id"": ""FCAST-965"", ""series"": [{""x"": [""2025-01"", ""2025-02"", ""2025-03"", ""2025-04"", ""2025-05"", ""2025-06""], ""y"": [28098.59, 46499.25, 32843.91, 32416.51, 5167.57, 26006.4]}], ""meta"": {""created_by"": ""Bryan Berry"", ""notes"": ""Benefit leave group realize turn list.""}}",2023-11-25T11:53:46
966,Forecast 966,"{""forecast_id"": ""FCAST-966"", ""series"": [{""x"": [""2025-01"", ""2025-02"", ""2025-03"", ""2025-04"", ""2025-05"", ""2025-06""], ""y"": [3320.87, 24646.8, 21635.87, 37802.68, 42954.51, 32434.21]}], ""meta"": {""created_by"": ""Bradley Moore"", ""notes"": ""Purpose performance prevent blue recognize.""}}",2025-08-22T20:04:11
967,Forecast 967,"{""forecast_id"": ""FCAST-967"", ""series"": [{""x"": [""2025-01"", ""2025-02"", ""2025-03"", ""2025-04"", ""2025-05"", ""2025-06""], ""y"": [10554.38, 16157.17, 43451.37, 29846.38, 41770.82, 39715.17]}], ""meta"": {""created_by"": ""Raymond Fleming"", ""notes"": ""Carry set tell production attorney left.""}}",2024-11-06T07:28:36
968,Forecast 968,"{""forecast_id"": ""FCAST-968"", ""series"": [{""x"": [""2025-01"", ""2025-02"", ""2025-03"", ""2025-04"", ""2025-05"", ""2025-06""], ""y"": [2708.59, 10729.23, 38881.64, 1828.18, 41929.75, 20809.61]}], ""meta"": {""created_by"": ""Alison Cannon"", ""notes"": ""Simply medical page organization wife dog stay.""}}",2025-01-10T04:55:50
969,Forecast 969,"{""forecast_id"": ""FCAST-969"", ""series"": [{""x"": [""2025-01"", ""2025-02"", ""2025-03"", ""2025-04"", ""2025-05"", ""2025-06""], ""y"": [9936.59, 19132.86, 40963.44, 47229.46, 47672.35, 29827.99]}], ""meta"": {""created_by"": ""Susan Contreras"", ""notes"": ""Policy population itself second operation.""}}",2025-09-20T23:51:18
970,Forecast 970,"{""forecast_id"": ""FCAST-970"", ""series"": [{""x"": [""2025-01"", ""2025-02"", ""2025-03"", ""2025-04"", ""2025-05"", ""2025-06""], ""y"": [22439.21, 4652.11, 1957.71, 34762.55, 22359.67, 48649.76]}], ""meta"": {""created_by"": ""Andrea Acosta"", ""notes"": ""Especially trip dinner until leg call large explain.""}}",2024-02-23T08:13:36
971,Forecast 971,"{""forecast_id"": ""FCAST-971"", ""series"": [{""x"": [""2025-01"", ""2025-02"", ""2025-03"", ""2025-04"", ""2025-05"", ""2025-06""], ""y"": [33753.66, 21682.01, 5509.35, 1639.05, 32717.94, 45890.85]}], ""meta"": {""created_by"": ""Jeremy Pham"", ""notes"": ""Them after floor collection possible unit effort.""}}",2025-05-07T05:04:52
972,Forecast 972,"{""forecast_id"": ""FCAST-972"", ""series"": [{""x"": [""2025-01"", ""2025-02"", ""2025-03"", ""2025-04"", ""2025-05"", ""2025-06""], ""y"": [15655.45, 5240.55, 5424.52, 42195.45, 49662.76, 12014.98]}], ""meta"": {""created_by"": ""Robin Buchanan"", ""notes"": ""Shake first level yard actually book president whose.""}}",2025-10-26T13:21:51
973,Forecast 973,"{""forecast_id"": ""FCAST-973"", ""series"": [{""x"": [""2025-01"", ""2025-02"", ""2025-03"", ""2025-04"", ""2025-05"", ""2025-06""], ""y"": [14827.43, 40580.38, 27541.04, 5928.01, 31091.81, 46197.35]}], ""meta"": {""created_by"": ""Brittany Stephens"", ""notes"": ""Same expert PM over accept today safe.""}}",2025-07-07T15:37:57
974,Forecast 974,"{""forecast_id"": ""FCAST-974"", ""series"": [{""x"": [""2025-01"", ""2025-02"", ""2025-03"", ""2025-04"", ""2025-05"", ""2025-06""], ""y"": [29982.58, 38848.87, 24002.26, 26616.84, 1737.18, 38877.27]}], ""meta"": {""created_by"": ""Sarah Hill"", ""notes"": ""Start research source vote yeah.""}}",2024-03-23T06:59:27
975,Forecast 975,"{""forecast_id"": ""FCAST-975"", ""series"": [{""x"": [""2025-01"", ""2025-02"", ""2025-03"", ""2025-04"", ""2025-05"", ""2025-06""], ""y"": [38250.23, 22064.93, 27863.5, 15415.85, 7900.51, 27180.5]}], ""meta"": {""created_by"": ""Kevin Richardson"", ""notes"": ""Person defense back include smile manage.""}}",2025-10-13T04:33:36
976,Forecast 976,"{""forecast_id"": ""FCAST-976"", ""series"": [{""x"": [""2025-01"", ""2025-02"", ""2025-03"", ""2025-04"", ""2025-05"", ""2025-06""], ""y"": [28805.93, 31469.67, 8805.98, 30739.73, 39460.67, 26869.77]}], ""meta"": {""created_by"": ""Derek Ellison"", ""notes"": ""Free stuff base respond.""}}",2025-05-26T09:18:50
977,Forecast 977,"{""forecast_id"": ""FCAST-977"", ""series"": [{""x"": [""2025-01"", ""2025-02"", ""2025-03"", ""2025-04"", ""2025-05"", ""2025-06""], ""y"": [27456.85, 28343.47, 26481.91, 32128.67, 6797.35, 26927.79]}], ""meta"": {""created_by"": ""Jennifer Gallegos"", ""notes"": ""Education alone difference nearly both.""}}",2024-10-17T04:32:40
978,Forecast 978,"{""forecast_id"": ""FCAST-978"", ""series"": [{""x"": [""2025-01"", ""2025-02"", ""2025-03"", ""2025-04"", ""2025-05"", ""2025-06""], ""y"": [34424.28, 32401.1, 39297.87, 4559.74, 2501.11, 40339.69]}], ""meta"": {""created_by"": ""Samantha Green"", ""notes"": ""Pay then reason job toward ball sport.""}}",2025-10-20T04:12:39
979,Forecast 979,"{""forecast_id"": ""FCAST-979"", ""series"": [{""x"": [""2025-01"", ""2025-02"", ""2025-03"", ""2025-04"", ""2025-05"", ""2025-06""], ""y"": [22008.96, 18788.05, 42350.75, 28898.14, 44942.82, 2145.31]}], ""meta"": {""created_by"": ""Kimberly Knapp"", ""notes"": ""Summer sign officer ability eat.""}}",2023-11-10T15:11:43
980,Forecast 980,"{""forecast_id"": ""FCAST-980"", ""series"": [{""x"": [""2025-01"", ""2025-02"", ""2025-03"", ""2025-04"", ""2025-05"", ""2025-06""], ""y"": [30140.38, 7198.71, 47220.13, 7502.35, 44177.8, 38436.03]}], ""meta"": {""created_by"": ""Haley Miller"", ""notes"": ""Simple hair nation usually child activity police.""}}",2024-11-12T00:26:57
981,Forecast 981,"{""forecast_id"": ""FCAST-981"", ""series"": [{""x"": [""2025-01"", ""2025-02"", ""2025-03"", ""2025-04"", ""2025-05"", ""2025-06""], ""y"": [18566.83, 42614.24, 31921.93, 29288.3, 41720.81, 10151.83]}], ""meta"": {""created_by"": ""Monique Hodges"", ""notes"": ""Author care manage alone.""}}",2024-03-03T12:08:05
982,Forecast 982,"{""forecast_id"": ""FCAST-982"", ""series"": [{""x"": [""2025-01"", ""2025-02"", ""2025-03"", ""2025-04"", ""2025-05"", ""2025-06""], ""y"": [1719.93, 48911.12, 28111.51, 1286.37, 47236.8, 44968.79]}], ""meta"": {""created_by"": ""Hector Smith"", ""notes"": ""Law product important military.""}}",2024-10-10T06:50:43
983,Forecast 983,"{""forecast_id"": ""FCAST-983"", ""series"": [{""x"": [""2025-01"", ""2025-02"", ""2025-03"", ""2025-04"", ""2025-05"", ""2025-06""], ""y"": [19058.64, 7820.81, 4569.14, 23588.29, 17445.11, 16403.37]}], ""meta"": {""created_by"": ""Shelly Guzman"", ""notes"": ""Phone house whole street of skin education.""}}",2024-12-26T09:23:42
984,Forecast 984,"{""forecast_id"": ""FCAST-984"", ""series"": [{""x"": [""2025-01"", ""2025-02"", ""2025-03"", ""2025-04"", ""2025-05"", ""2025-06""], ""y"": [47909.51, 23567.96, 23388.99, 35597.25, 33877.25, 7760.52]}], ""meta"": {""created_by"": ""Jason Schmidt"", ""notes"": ""Our certainly none baby.""}}",2024-03-16T14:01:42
985,Forecast 985,"{""forecast_id"": ""FCAST-985"", ""series"": [{""x"": [""2025-01"", ""2025-02"", ""2025-03"", ""2025-04"", ""2025-05"", ""2025-06""], ""y"": [15543.1, 30504.04, 39418.86, 5732.03, 33975.74, 41904.5]}], ""meta"": {""created_by"": ""William Sullivan"", ""notes"": ""Perform group whatever our.""}}",2024-11-14T08:23:44
986,Forecast 986,"{""forecast_id"": ""FCAST-986"", ""series"": [{""x"": [""2025-01"", ""2025-02"", ""2025-03"", ""2025-04"", ""2025-05"", ""2025-06""], ""y"": [28019.86, 14736.21, 30819.03, 30018.81, 47058.3, 22351.38]}], ""meta"": {""created_by"": ""Jenna Clark"", ""notes"": ""Role security knowledge.""}}",2024-04-10T03:48:06
987,Forecast 987,"{""forecast_id"": ""FCAST-987"", ""series"": [{""x"": [""2025-01"", ""2025-02"", ""2025-03"", ""2025-04"", ""2025-05"", ""2025-06""], ""y"": [9674.28, 7904.75, 47208.23, 17379.1, 29794.11, 23014.68]}], ""meta"": {""created_by"": ""Laura Wilson"", ""notes"": ""Middle school different view field poor mind.""}}",2025-03-21T02:24:56
988,Forecast 988,"{""forecast_id"": ""FCAST-988"", ""series"": [{""x"": [""2025-01"", ""2025-02"", ""2025-03"", ""2025-04"", ""2025-05"", ""2025-06""], ""y"": [40746.98, 44200.43, 45757.23, 13952.36, 36839.15, 14053.65]}], ""meta"": {""created_by"": ""Jeffrey Tran"", ""notes"": ""Attention meet condition road on.""}}",2025-09-12T09:37:07
989,Forecast 989,"{""forecast_id"": ""FCAST-989"", ""series"": [{""x"": [""2025-01"", ""2025-02"", ""2025-03"", ""2025-04"", ""2025-05"", ""2025-06""], ""y"": [7462.63, 41342.07, 17983.96, 15388.78, 24819.22, 41915.41]}], ""meta"": {""created_by"": ""Melissa Smith"", ""notes"": ""Themselves allow star turn system.""}}",2024-06-27T13:48:12
990,Forecast 990,"{""forecast_id"": ""FCAST-990"", ""series"": [{""x"": [""2025-01"", ""2025-02"", ""2025-03"", ""2025-04"", ""2025-05"", ""2025-06""], ""y"": [16629.06, 39195.61, 7194.53, 42401.17, 7935.26, 42383.64]}], ""meta"": {""created_by"": ""Mr. Jeffrey Bishop"", ""notes"": ""Network who space two commercial site.""}}",2024-08-31T23:18:31
991,Forecast 991,"{""forecast_id"": ""FCAST-991"", ""series"": [{""x"": [""2025-01"", ""2025-02"", ""2025-03"", ""2025-04"", ""2025-05"", ""2025-06""], ""y"": [18991.27, 41694.72, 35805.02, 1885.03, 36981.55, 4105.1]}], ""meta"": {""created_by"": ""Katherine Fletcher"", ""notes"": ""Thank never skin finally such.""}}",2025-05-07T01:43:13
992,Forecast 992,"{""forecast_id"": ""FCAST-992"", ""series"": [{""x"": [""2025-01"", ""2025-02"", ""2025-03"", ""2025-04"", ""2025-05"", ""2025-06""], ""y"": [20565.62, 46341.7, 45025.34, 21090.43, 47581.32, 23508.55]}], ""meta"": {""created_by"": ""Denise Roach"", ""notes"": ""Enough coach challenge south Democrat.""}}",2025-02-03T06:32:12
993,Forecast 993,"{""forecast_id"": ""FCAST-993"", ""series"": [{""x"": [""2025-01"", ""2025-02"", ""2025-03"", ""2025-04"", ""2025-05"", ""2025-06""], ""y"": [11352.33, 7664.61, 42533.3, 24030.13, 9703.64, 8984.8]}], ""meta"": {""created_by"": ""Shaun Brown"", ""notes"": ""Crime number education.""}}",2025-05-14T04:58:16
994,Forecast 994,"{""forecast_id"": ""FCAST-994"", ""series"": [{""x"": [""2025-01"", ""2025-02"", ""2025-03"", ""2025-04"", ""2025-05"", ""2025-06""], ""y"": [28439.51, 17076.82, 36334.86, 39589.83, 1247.79, 5359.01]}], ""meta"": {""created_by"": ""Anthony Johnson"", ""notes"": ""Close base impact event show price away.""}}",2025-10-31T23:54:51
995,Forecast 995,"{""forecast_id"": ""FCAST-995"", ""series"": [{""x"": [""2025-01"", ""2025-02"", ""2025-03"", ""2025-04"", ""2025-05"", ""2025-06""], ""y"": [26488.36, 47320.67, 41024.53, 9955.64, 34753.52, 36136.76]}], ""meta"": {""created_by"": ""Jason Shields"", ""notes"": ""Side material raise involve.""}}",2024-09-24T00:45:34
996,Forecast 996,"{""forecast_id"": ""FCAST-996"", ""series"": [{""x"": [""2025-01"", ""2025-02"", ""2025-03"", ""2025-04"", ""2025-05"", ""2025-06""], ""y"": [12778.15, 7676.24, 21564.58, 20084.82, 46764.06, 46285.6]}], ""meta"": {""created_by"": ""Andre Robinson"", ""notes"": ""Throw great sit reach plant.""}}",2024-01-19T21:54:55
997,Forecast 997,"{""forecast_id"": ""FCAST-997"", ""series"": [{""x"": [""2025-01"", ""2025-02"", ""2025-03"", ""2025-04"", ""2025-05"", ""2025-06""], ""y"": [39947.22, 19283.94, 24592.05, 3886.96, 18220.18, 28560.46]}], ""meta"": {""created_by"": ""Katherine Parsons"", ""notes"": ""Bag meet place sign soon cell all.""}}",2025-02-11T22:43:59
998,Forecast 998,"{""forecast_id"": ""FCAST-998"", ""series"": [{""x"": [""2025-01"", ""2025-02"", ""2025-03"", ""2025-04"", ""2025-05"", ""2025-06""], ""y"": [35202.73, 47490.78, 5481.87, 29143.69, 48761.5, 30910.5]}], ""meta"": {""created_by"": ""Christopher Higgins"", ""notes"": ""Keep fight check down.""}}",2025-03-30T06:34:42
999,Forecast 999,"{""forecast_id"": ""FCAST-999"", ""series"": [{""x"": [""2025-01"", ""2025-02"", ""2025-03"", ""2025-04"", ""2025-05"", ""2025-06""], ""y"": [42348.18, 44409.52, 6351.16, 40997.8, 5222.51, 10110.56]}], ""meta"": {""created_by"": ""Jackie Gallegos"", ""notes"": ""College of traditional along generation defense arm adult.""}}",2024-07-26T23:29:53
1000,Forecast 1000,"{""forecast_id"": ""FCAST-1000"", ""series"": [{""x"": [""2025-01"", ""2025-02"", ""2025-03"", ""2025-04"", ""2025-05"", ""2025-06""], ""y"": [4962.67, 44125.49, 37449.54, 12143.23, 41030.08, 39903.31]}], ""meta"": {""created_by"": ""Jennifer Chambers"", ""notes"": ""Country should together service.""}}",2025-03-29T08:40:45
1001,Forecast 1001,"{""forecast_id"": ""FCAST-1001"", ""series"": [{""x"": [""2025-01"", ""2025-02"", ""2025-03"", ""2025-04"", ""2025-05"", ""2025-06""], ""y"": [3608.77, 28906.08, 10780.87, 2608.57, 4473.13, 22079.21]}], ""meta"": {""created_by"": ""Kevin Salas"", ""notes"": ""Audience reduce four.""}}",2025-10-03T04:03:53
1002,Forecast 1002,"{""forecast_id"": ""FCAST-1002"", ""series"": [{""x"": [""2025-01"", ""2025-02"", ""2025-03"", ""2025-04"", ""2025-05"", ""2025-06""], ""y"": [16381.59, 1720.59, 47892.07, 13564.86, 35332.39, 49410.74]}], ""meta"": {""created_by"": ""Jessica Douglas"", ""notes"": ""Movement any century finish company bed kitchen.""}}",2024-10-09T19:04:00
1003,Forecast 1003,"{""forecast_id"": ""FCAST-1003"", ""series"": [{""x"": [""2025-01"", ""2025-02"", ""2025-03"", ""2025-04"", ""2025-05"", ""2025-06""], ""y"": [5244.56, 25704.82, 39475.17, 28526.94, 17034.21, 15358.74]}], ""meta"": {""created_by"": ""Christopher Thomas"", ""notes"": ""Describe management already.""}}",2024-02-24T21:00:04
1004,Forecast 1004,"{""forecast_id"": ""FCAST-1004"", ""series"": [{""x"": [""2025-01"", ""2025-02"", ""2025-03"", ""2025-04"", ""2025-05"", ""2025-06""], ""y"": [40725.68, 7901.61, 28806.86, 23947.94, 30061.81, 29081.13]}], ""meta"": {""created_by"": ""Ann Chase"", ""notes"": ""Project kid will week go happen let.""}}",2024-07-02T07:45:17
1005,Forecast 1005,"{""forecast_id"": ""FCAST-1005"", ""series"": [{""x"": [""2025-01"", ""2025-02"", ""2025-03"", ""2025-04"", ""2025-05"", ""2025-06""], ""y"": [43395.02, 21194.13, 7443.75, 13597.45, 47870.94, 38533.56]}], ""meta"": {""created_by"": ""Daisy Jackson"", ""notes"": ""Place course town economic knowledge public.""}}",2023-12-24T15:43:40
1006,Forecast 1006,"{""forecast_id"": ""FCAST-1006"", ""series"": [{""x"": [""2025-01"", ""2025-02"", ""2025-03"", ""2025-04"", ""2025-05"", ""2025-06""], ""y"": [21257.56, 36902.42, 48007.47, 39858.55, 26218.85, 7921.28]}], ""meta"": {""created_by"": ""Scott Kline"", ""notes"": ""Hold successful always those.""}}",2024-08-21T01:09:30
1007,Forecast 1007,"{""forecast_id"": ""FCAST-1007"", ""series"": [{""x"": [""2025-01"", ""2025-02"", ""2025-03"", ""2025-04"", ""2025-05"", ""2025-06""], ""y"": [24232.61, 40433.9, 40735.9, 5049.48, 45183.13, 36542.29]}], ""meta"": {""created_by"": ""Sarah Wilson"", ""notes"": ""Point maybe prevent without.""}}",2024-07-01T11:41:06
1008,Forecast 1008,"{""forecast_id"": ""FCAST-1008"", ""series"": [{""x"": [""2025-01"", ""2025-02"", ""2025-03"", ""2025-04"", ""2025-05"", ""2025-06""], ""y"": [4465.44, 13633.03, 3224.79, 18237.96, 28512.54, 30927.92]}], ""meta"": {""created_by"": ""Mary Barrett"", ""notes"": ""Save enter go central present.""}}",2025-06-27T02:12:07
1009,Forecast 1009,"{""forecast_id"": ""FCAST-1009"", ""series"": [{""x"": [""2025-01"", ""2025-02"", ""2025-03"", ""2025-04"", ""2025-05"", ""2025-06""], ""y"": [11867.17, 9975.62, 23945.33, 15541.73, 48570.19, 39399.91]}], ""meta"": {""created_by"": ""Martha Lee"", ""notes"": ""Involve figure trip never blood opportunity budget glass.""}}",2024-01-26T03:39:28
1010,Forecast 1010,"{""forecast_id"": ""FCAST-1010"", ""series"": [{""x"": [""2025-01"", ""2025-02"", ""2025-03"", ""2025-04"", ""2025-05"", ""2025-06""], ""y"": [36690.23, 22454.67, 26676.88, 44184.14, 12855.87, 43696.5]}], ""meta"": {""created_by"": ""Spencer Lang"", ""notes"": ""Give few see enjoy and charge.""}}",2024-04-12T18:39:09
1011,Forecast 1011,"{""forecast_id"": ""FCAST-1011"", ""series"": [{""x"": [""2025-01"", ""2025-02"", ""2025-03"", ""2025-04"", ""2025-05"", ""2025-06""], ""y"": [8417.81, 26967.04, 20875.95, 14377.42, 27737.83, 2906.97]}], ""meta"": {""created_by"": ""Bruce Perez"", ""notes"": ""Region require want may.""}}",2025-01-26T22:34:26
1012,Forecast 1012,"{""forecast_id"": ""FCAST-1012"", ""series"": [{""x"": [""2025-01"", ""2025-02"", ""2025-03"", ""2025-04"", ""2025-05"", ""2025-06""], ""y"": [22034.08, 10494.05, 27849.73, 49496.6, 49826.34, 44658.79]}], ""meta"": {""created_by"": ""Cindy Cameron"", ""notes"": ""Land eye fast.""}}",2025-06-28T02:53:20
1013,Forecast 1013,"{""forecast_id"": ""FCAST-1013"", ""series"": [{""x"": [""2025-01"", ""2025-02"", ""2025-03"", ""2025-04"", ""2025-05"", ""2025-06""], ""y"": [46616.5, 25665.61, 27810.96, 48415.98, 16578.06, 12164.72]}], ""meta"": {""created_by"": ""Joyce Long"", ""notes"": ""Them against eight mouth information performance scientist.""}}",2024-05-21T00:23:40
1014,Forecast 1014,"{""forecast_id"": ""FCAST-1014"", ""series"": [{""x"": [""2025-01"", ""2025-02"", ""2025-03"", ""2025-04"", ""2025-05"", ""2025-06""], ""y"": [46135.73, 40091.89, 31900.48, 42640.67, 20888.72, 7757.09]}], ""meta"": {""created_by"": ""Shannon Brown"", ""notes"": ""Agreement support teacher deal especially upon.""}}",2024-01-09T19:06:16
1015,Forecast 1015,"{""forecast_id"": ""FCAST-1015"", ""series"": [{""x"": [""2025-01"", ""2025-02"", ""2025-03"", ""2025-04"", ""2025-05"", ""2025-06""], ""y"": [3324.21, 17365.63, 22830.29, 22772.34, 14558.31, 3455.93]}], ""meta"": {""created_by"": ""Cheryl King"", ""notes"": ""Myself throw everything.""}}",2025-01-11T01:41:17
1016,Forecast 1016,"{""forecast_id"": ""FCAST-1016"", ""series"": [{""x"": [""2025-01"", ""2025-02"", ""2025-03"", ""2025-04"", ""2025-05"", ""2025-06""], ""y"": [18645.2, 31373.86, 18269.52, 18846.88, 20456.23, 11093.51]}], ""meta"": {""created_by"": ""Wendy Carroll"", ""notes"": ""Never eight large sister entire office itself.""}}",2024-10-18T12:09:44
1017,Forecast 1017,"{""forecast_id"": ""FCAST-1017"", ""series"": [{""x"": [""2025-01"", ""2025-02"", ""2025-03"", ""2025-04"", ""2025-05"", ""2025-06""], ""y"": [9955.84, 41407.95, 30109.26, 27501.27, 17332.02, 38517.33]}], ""meta"": {""created_by"": ""William White"", ""notes"": ""Moment stock national.""}}",2024-05-22T21:42:39
1018,Forecast 1018,"{""forecast_id"": ""FCAST-1018"", ""series"": [{""x"": [""2025-01"", ""2025-02"", ""2025-03"", ""2025-04"", ""2025-05"", ""2025-06""], ""y"": [6249.87, 25175.84, 35292.02, 36800.37, 33638.04, 30404.33]}], ""meta"": {""created_by"": ""Willie Ward"", ""notes"": ""Rise method determine college.""}}",2024-01-11T09:11:49
1019,Forecast 1019,"{""forecast_id"": ""FCAST-1019"", ""series"": [{""x"": [""2025-01"", ""2025-02"", ""2025-03"", ""2025-04"", ""2025-05"", ""2025-06""], ""y"": [44584.68, 5886.76, 5083.4, 5905.74, 39166.55, 47128.79]}], ""meta"": {""created_by"": ""Richard Brooks"", ""notes"": ""Myself movie television style six center none.""}}",2025-08-04T21:30:35
1020,Forecast 1020,"{""forecast_id"": ""FCAST-1020"", ""series"": [{""x"": [""2025-01"", ""2025-02"", ""2025-03"", ""2025-04"", ""2025-05"", ""2025-06""], ""y"": [5642.98, 49327.73, 1935.73, 17098.16, 15451.66, 47179.04]}], ""meta"": {""created_by"": ""Michael Reed"", ""notes"": ""Produce maintain imagine wear raise notice.""}}",2024-12-27T16:40:31
1021,Forecast 1021,"{""forecast_id"": ""FCAST-1021"", ""series"": [{""x"": [""2025-01"", ""2025-02"", ""2025-03"", ""2025-04"", ""2025-05"", ""2025-06""], ""y"": [34416.88, 3645.19, 35432.16, 9241.31, 2165.86, 36137.25]}], ""meta"": {""created_by"": ""Michael White"", ""notes"": ""Address book run deep while field.""}}",2025-02-22T20:23:01
1022,Forecast 1022,"{""forecast_id"": ""FCAST-1022"", ""series"": [{""x"": [""2025-01"", ""2025-02"", ""2025-03"", ""2025-04"", ""2025-05"", ""2025-06""], ""y"": [19176.5, 12456.58, 41061.06, 46676.21, 35233.0, 5074.73]}], ""meta"": {""created_by"": ""Christina Nixon"", ""notes"": ""Exist prepare ahead arm.""}}",2023-11-26T17:05:00
1023,Forecast 1023,"{""forecast_id"": ""FCAST-1023"", ""series"": [{""x"": [""2025-01"", ""2025-02"", ""2025-03"", ""2025-04"", ""2025-05"", ""2025-06""], ""y"": [9679.2, 1031.85, 5051.96, 7626.43, 22449.13, 16373.6]}], ""meta"": {""created_by"": ""Diane King"", ""notes"": ""Add art black road.""}}",2024-02-12T20:29:56
1024,Forecast 1024,"{""forecast_id"": ""FCAST-1024"", ""series"": [{""x"": [""2025-01"", ""2025-02"", ""2025-03"", ""2025-04"", ""2025-05"", ""2025-06""], ""y"": [39900.43, 28728.63, 43724.22, 3916.53, 8737.53, 21466.36]}], ""meta"": {""created_by"": ""Katie Francis"", ""notes"": ""Suggest claim beyond parent simply understand able.""}}",2025-09-13T03:52:31
1025,Forecast 1025,"{""forecast_id"": ""FCAST-1025"", ""series"": [{""x"": [""2025-01"", ""2025-02"", ""2025-03"", ""2025-04"", ""2025-05"", ""2025-06""], ""y"": [40810.35, 46029.67, 4868.06, 6438.7, 11515.34, 36254.24]}], ""meta"": {""created_by"": ""Karen Williams"", ""notes"": ""Dream similar during share nothing amount.""}}",2024-03-29T20:02:18
1026,Forecast 1026,"{""forecast_id"": ""FCAST-1026"", ""series"": [{""x"": [""2025-01"", ""2025-02"", ""2025-03"", ""2025-04"", ""2025-05"", ""2025-06""], ""y"": [9971.55, 44046.88, 48364.01, 33079.14, 34633.29, 13721.85]}], ""meta"": {""created_by"": ""Elizabeth Wilson"", ""notes"": ""Citizen off summer education.""}}",2025-07-31T22:02:52
1027,Forecast 1027,"{""forecast_id"": ""FCAST-1027"", ""series"": [{""x"": [""2025-01"", ""2025-02"", ""2025-03"", ""2025-04"", ""2025-05"", ""2025-06""], ""y"": [32052.11, 31264.13, 2567.54, 14843.46, 47837.22, 25123.32]}], ""meta"": {""created_by"": ""Shane Pearson"", ""notes"": ""Wonder movement director support.""}}",2025-09-15T08:46:26
1028,Forecast 1028,"{""forecast_id"": ""FCAST-1028"", ""series"": [{""x"": [""2025-01"", ""2025-02"", ""2025-03"", ""2025-04"", ""2025-05"", ""2025-06""], ""y"": [38484.26, 35505.04, 42381.72, 23721.08, 27986.48, 46606.77]}], ""meta"": {""created_by"": ""Donna Miller"", ""notes"": ""Use impact nature training something.""}}",2024-04-04T05:11:54
1029,Forecast 1029,"{""forecast_id"": ""FCAST-1029"", ""series"": [{""x"": [""2025-01"", ""2025-02"", ""2025-03"", ""2025-04"", ""2025-05"", ""2025-06""], ""y"": [35706.55, 29904.47, 18941.72, 2374.47, 12299.38, 37798.81]}], ""meta"": {""created_by"": ""Ashley Williams"", ""notes"": ""Difference worry why must property area door.""}}",2024-04-09T05:53:15
1030,Forecast 1030,"{""forecast_id"": ""FCAST-1030"", ""series"": [{""x"": [""2025-01"", ""2025-02"", ""2025-03"", ""2025-04"", ""2025-05"", ""2025-06""], ""y"": [4222.38, 1476.41, 20240.85, 47912.24, 31479.99, 48521.9]}], ""meta"": {""created_by"": ""Julia Mcknight"", ""notes"": ""Site bed child discover full early.""}}",2025-07-15T06:58:40
1031,Forecast 1031,"{""forecast_id"": ""FCAST-1031"", ""series"": [{""x"": [""2025-01"", ""2025-02"", ""2025-03"", ""2025-04"", ""2025-05"", ""2025-06""], ""y"": [38870.21, 1598.04, 34811.44, 29369.93, 1147.21, 18062.28]}], ""meta"": {""created_by"": ""Brittney Clark"", ""notes"": ""West person management then PM mother can remember.""}}",2025-08-22T10:24:07
1032,Forecast 1032,"{""forecast_id"": ""FCAST-1032"", ""series"": [{""x"": [""2025-01"", ""2025-02"", ""2025-03"", ""2025-04"", ""2025-05"", ""2025-06""], ""y"": [46946.7, 44036.06, 21992.0, 25817.63, 35237.75, 38255.54]}], ""meta"": {""created_by"": ""Amanda Foley"", ""notes"": ""Head firm interest month.""}}",2024-10-25T03:02:46
1033,Forecast 1033,"{""forecast_id"": ""FCAST-1033"", ""series"": [{""x"": [""2025-01"", ""2025-02"", ""2025-03"", ""2025-04"", ""2025-05"", ""2025-06""], ""y"": [4156.06, 27595.29, 31716.19, 45583.01, 47815.18, 49533.8]}], ""meta"": {""created_by"": ""Lindsay Davis"", ""notes"": ""Class throughout might agree single skill source.""}}",2024-05-17T04:00:34
1034,Forecast 1034,"{""forecast_id"": ""FCAST-1034"", ""series"": [{""x"": [""2025-01"", ""2025-02"", ""2025-03"", ""2025-04"", ""2025-05"", ""2025-06""], ""y"": [17503.73, 31153.31, 44703.44, 48032.37, 18599.53, 38238.29]}], ""meta"": {""created_by"": ""Kevin Bond"", ""notes"": ""Happy century check young job stop figure.""}}",2024-01-04T11:43:09
1035,Forecast 1035,"{""forecast_id"": ""FCAST-1035"", ""series"": [{""x"": [""2025-01"", ""2025-02"", ""2025-03"", ""2025-04"", ""2025-05"", ""2025-06""], ""y"": [12937.92, 19316.19, 28787.03, 8178.89, 18705.95, 4462.42]}], ""meta"": {""created_by"": ""Scott Woods"", ""notes"": ""Relationship product bill war authority.""}}",2023-11-23T11:28:20
1036,Forecast 1036,"{""forecast_id"": ""FCAST-1036"", ""series"": [{""x"": [""2025-01"", ""2025-02"", ""2025-03"", ""2025-04"", ""2025-05"", ""2025-06""], ""y"": [3906.92, 48223.95, 28900.33, 29302.84, 32562.14, 20491.39]}], ""meta"": {""created_by"": ""Jeremy Smith"", ""notes"": ""Political without hand clearly some animal happen.""}}",2025-09-06T02:51:58
1037,Forecast 1037,"{""forecast_id"": ""FCAST-1037"", ""series"": [{""x"": [""2025-01"", ""2025-02"", ""2025-03"", ""2025-04"", ""2025-05"", ""2025-06""], ""y"": [21995.19, 45786.35, 41388.14, 3880.7, 27790.03, 36139.31]}], ""meta"": {""created_by"": ""Tammy Black"", ""notes"": ""Measure health customer television various.""}}",2024-11-10T02:06:41
1038,Forecast 1038,"{""forecast_id"": ""FCAST-1038"", ""series"": [{""x"": [""2025-01"", ""2025-02"", ""2025-03"", ""2025-04"", ""2025-05"", ""2025-06""], ""y"": [24397.53, 3160.35, 35077.14, 12840.16, 24470.12, 14085.74]}], ""meta"": {""created_by"": ""Aaron Richardson"", ""notes"": ""How college hold nice.""}}",2024-07-01T09:29:12
1039,Forecast 1039,"{""forecast_id"": ""FCAST-1039"", ""series"": [{""x"": [""2025-01"", ""2025-02"", ""2025-03"", ""2025-04"", ""2025-05"", ""2025-06""], ""y"": [34330.69, 36116.17, 47864.42, 33448.41, 28943.52, 15159.83]}], ""meta"": {""created_by"": ""Kristopher Thomas"", ""notes"": ""Director argue live partner.""}}",2025-02-20T02:24:17
1040,Forecast 1040,"{""forecast_id"": ""FCAST-1040"", ""series"": [{""x"": [""2025-01"", ""2025-02"", ""2025-03"", ""2025-04"", ""2025-05"", ""2025-06""], ""y"": [29471.61, 48195.83, 19373.46, 12026.39, 1136.18, 25048.05]}], ""meta"": {""created_by"": ""Karen Anderson"", ""notes"": ""Place person cultural stop democratic visit civil.""}}",2025-05-28T16:40:04
1041,Forecast 1041,"{""forecast_id"": ""FCAST-1041"", ""series"": [{""x"": [""2025-01"", ""2025-02"", ""2025-03"", ""2025-04"", ""2025-05"", ""2025-06""], ""y"": [19471.87, 42555.25, 8701.6, 17076.49, 11680.34, 32011.27]}], ""meta"": {""created_by"": ""John Ortiz"", ""notes"": ""Ever head chance next hold box meet listen.""}}",2024-09-12T02:12:46
1042,Forecast 1042,"{""forecast_id"": ""FCAST-1042"", ""series"": [{""x"": [""2025-01"", ""2025-02"", ""2025-03"", ""2025-04"", ""2025-05"", ""2025-06""], ""y"": [41593.67, 4571.05, 11413.31, 19594.66, 13500.09, 45043.35]}], ""meta"": {""created_by"": ""Christopher Anderson MD"", ""notes"": ""Exist necessary about matter go sense report.""}}",2024-08-11T20:10:57
1043,Forecast 1043,"{""forecast_id"": ""FCAST-1043"", ""series"": [{""x"": [""2025-01"", ""2025-02"", ""2025-03"", ""2025-04"", ""2025-05"", ""2025-06""], ""y"": [9998.6, 6182.63, 27324.71, 10004.74, 3996.27, 10151.74]}], ""meta"": {""created_by"": ""Christopher Martinez"", ""notes"": ""Audience interesting enjoy that music age ahead.""}}",2024-12-19T13:16:02
1044,Forecast 1044,"{""forecast_id"": ""FCAST-1044"", ""series"": [{""x"": [""2025-01"", ""2025-02"", ""2025-03"", ""2025-04"", ""2025-05"", ""2025-06""], ""y"": [47404.22, 35420.37, 8323.13, 39674.56, 16078.05, 42944.56]}], ""meta"": {""created_by"": ""Joshua Kidd"", ""notes"": ""If best meeting peace time.""}}",2024-01-18T12:26:50
1045,Forecast 1045,"{""forecast_id"": ""FCAST-1045"", ""series"": [{""x"": [""2025-01"", ""2025-02"", ""2025-03"", ""2025-04"", ""2025-05"", ""2025-06""], ""y"": [4417.46, 37124.21, 2565.47, 2951.86, 44856.48, 21665.99]}], ""meta"": {""created_by"": ""Gregory Watson"", ""notes"": ""Policy nearly develop view.""}}",2025-03-29T08:57:56
1046,Forecast 1046,"{""forecast_id"": ""FCAST-1046"", ""series"": [{""x"": [""2025-01"", ""2025-02"", ""2025-03"", ""2025-04"", ""2025-05"", ""2025-06""], ""y"": [34161.58, 18452.31, 1275.31, 38450.97, 27509.68, 45762.7]}], ""meta"": {""created_by"": ""Judy Ortiz"", ""notes"": ""Particularly program wife significant room cut score.""}}",2024-11-02T11:34:28
1047,Forecast 1047,"{""forecast_id"": ""FCAST-1047"", ""series"": [{""x"": [""2025-01"", ""2025-02"", ""2025-03"", ""2025-04"", ""2025-05"", ""2025-06""], ""y"": [26011.4, 12905.81, 8421.87, 45239.79, 5330.93, 20236.52]}], ""meta"": {""created_by"": ""Hunter Cobb"", ""notes"": ""Nothing bar understand stage left.""}}",2024-02-28T23:52:46
1048,Forecast 1048,"{""forecast_id"": ""FCAST-1048"", ""series"": [{""x"": [""2025-01"", ""2025-02"", ""2025-03"", ""2025-04"", ""2025-05"", ""2025-06""], ""y"": [11777.26, 7667.97, 46448.4, 14797.9, 34238.58, 47926.7]}], ""meta"": {""created_by"": ""Andrea Flores"", ""notes"": ""Individual adult property wait sit.""}}",2024-05-27T02:24:34
1049,Forecast 1049,"{""forecast_id"": ""FCAST-1049"", ""series"": [{""x"": [""2025-01"", ""2025-02"", ""2025-03"", ""2025-04"", ""2025-05"", ""2025-06""], ""y"": [46252.95, 23370.39, 37957.62, 49805.1, 28267.69, 49119.06]}], ""meta"": {""created_by"": ""Teresa May"", ""notes"": ""Develop turn note.""}}",2023-12-28T18:45:57
1050,Forecast 1050,"{""forecast_id"": ""FCAST-1050"", ""series"": [{""x"": [""2025-01"", ""2025-02"", ""2025-03"", ""2025-04"", ""2025-05"", ""2025-06""], ""y"": [23106.23, 43003.28, 43174.48, 5298.62, 30077.54, 30086.24]}], ""meta"": {""created_by"": ""Emily Greene"", ""notes"": ""Also agent shoulder tree religious next skin.""}}",2024-02-06T07:04:08
1051,Forecast 1051,"{""forecast_id"": ""FCAST-1051"", ""series"": [{""x"": [""2025-01"", ""2025-02"", ""2025-03"", ""2025-04"", ""2025-05"", ""2025-06""], ""y"": [21751.39, 9206.87, 3274.88, 47709.31, 12773.2, 33880.79]}], ""meta"": {""created_by"": ""Timothy Campbell"", ""notes"": ""Worry little remember great remain statement head matter.""}}",2025-01-13T14:11:37
1052,Forecast 1052,"{""forecast_id"": ""FCAST-1052"", ""series"": [{""x"": [""2025-01"", ""2025-02"", ""2025-03"", ""2025-04"", ""2025-05"", ""2025-06""], ""y"": [44232.96, 40069.64, 44352.47, 7931.8, 19132.16, 26512.38]}], ""meta"": {""created_by"": ""Norma Thompson"", ""notes"": ""Foreign produce sure control recent human.""}}",2025-03-15T14:31:19
1053,Forecast 1053,"{""forecast_id"": ""FCAST-1053"", ""series"": [{""x"": [""2025-01"", ""2025-02"", ""2025-03"", ""2025-04"", ""2025-05"", ""2025-06""], ""y"": [4809.15, 23635.24, 23705.0, 2208.54, 30196.05, 1053.77]}], ""meta"": {""created_by"": ""Michelle Briggs"", ""notes"": ""Light nation the but avoid candidate PM.""}}",2025-02-12T12:09:24
1054,Forecast 1054,"{""forecast_id"": ""FCAST-1054"", ""series"": [{""x"": [""2025-01"", ""2025-02"", ""2025-03"", ""2025-04"", ""2025-05"", ""2025-06""], ""y"": [22800.97, 5450.87, 17868.36, 8943.03, 35971.02, 27985.81]}], ""meta"": {""created_by"": ""Maria Curtis"", ""notes"": ""Billion give measure wait church political situation.""}}",2024-04-28T02:12:10
1055,Forecast 1055,"{""forecast_id"": ""FCAST-1055"", ""series"": [{""x"": [""2025-01"", ""2025-02"", ""2025-03"", ""2025-04"", ""2025-05"", ""2025-06""], ""y"": [9865.69, 22141.01, 47914.33, 5849.76, 39967.82, 36552.3]}], ""meta"": {""created_by"": ""Leslie Blair"", ""notes"": ""Process suggest area wear experience face.""}}",2024-05-17T05:50:00
1056,Forecast 1056,"{""forecast_id"": ""FCAST-1056"", ""series"": [{""x"": [""2025-01"", ""2025-02"", ""2025-03"", ""2025-04"", ""2025-05"", ""2025-06""], ""y"": [9374.92, 18276.01, 45608.9, 39498.14, 26590.44, 45583.18]}], ""meta"": {""created_by"": ""Richard Frank"", ""notes"": ""Successful interview somebody.""}}",2023-12-16T10:13:44
1057,Forecast 1057,"{""forecast_id"": ""FCAST-1057"", ""series"": [{""x"": [""2025-01"", ""2025-02"", ""2025-03"", ""2025-04"", ""2025-05"", ""2025-06""], ""y"": [36416.68, 34633.38, 28711.63, 22253.01, 38867.33, 25653.51]}], ""meta"": {""created_by"": ""Paul Benson"", ""notes"": ""Focus movie people reach lead third.""}}",2024-11-14T21:09:10
1058,Forecast 1058,"{""forecast_id"": ""FCAST-1058"", ""series"": [{""x"": [""2025-01"", ""2025-02"", ""2025-03"", ""2025-04"", ""2025-05"", ""2025-06""], ""y"": [11360.36, 19199.99, 27961.67, 4996.1, 29838.52, 16334.42]}], ""meta"": {""created_by"": ""Gabriel Bryant"", ""notes"": ""Baby address hear possible always feel young.""}}",2024-03-09T05:14:38
1059,Forecast 1059,"{""forecast_id"": ""FCAST-1059"", ""series"": [{""x"": [""2025-01"", ""2025-02"", ""2025-03"", ""2025-04"", ""2025-05"", ""2025-06""], ""y"": [37731.61, 34823.1, 24051.81, 35494.91, 5615.62, 28244.64]}], ""meta"": {""created_by"": ""Dillon Riley"", ""notes"": ""Make goal tree foot.""}}",2024-10-19T22:40:33
1060,Forecast 1060,"{""forecast_id"": ""FCAST-1060"", ""series"": [{""x"": [""2025-01"", ""2025-02"", ""2025-03"", ""2025-04"", ""2025-05"", ""2025-06""], ""y"": [3178.4, 3466.85, 49628.35, 17643.8, 12580.33, 27213.92]}], ""meta"": {""created_by"": ""Michelle Webb"", ""notes"": ""Only Republican indicate lot.""}}",2025-10-24T01:20:46
1061,Forecast 1061,"{""forecast_id"": ""FCAST-1061"", ""series"": [{""x"": [""2025-01"", ""2025-02"", ""2025-03"", ""2025-04"", ""2025-05"", ""2025-06""], ""y"": [40606.5, 30589.82, 11581.41, 27826.96, 19396.45, 47187.64]}], ""meta"": {""created_by"": ""Kim Moon DVM"", ""notes"": ""Where wish itself part who.""}}",2024-07-29T13:01:35
1062,Forecast 1062,"{""forecast_id"": ""FCAST-1062"", ""series"": [{""x"": [""2025-01"", ""2025-02"", ""2025-03"", ""2025-04"", ""2025-05"", ""2025-06""], ""y"": [25917.5, 29512.34, 45061.52, 40381.59, 14529.44, 48110.8]}], ""meta"": {""created_by"": ""Jacob Smith"", ""notes"": ""Security throw design age at customer system those.""}}",2023-12-05T00:33:16
1063,Forecast 1063,"{""forecast_id"": ""FCAST-1063"", ""series"": [{""x"": [""2025-01"", ""2025-02"", ""2025-03"", ""2025-04"", ""2025-05"", ""2025-06""], ""y"": [16238.6, 3617.6, 5702.75, 26181.77, 9237.95, 37945.64]}], ""meta"": {""created_by"": ""George Galloway"", ""notes"": ""Available nice couple exist.""}}",2023-11-18T18:34:51
1064,Forecast 1064,"{""forecast_id"": ""FCAST-1064"", ""series"": [{""x"": [""2025-01"", ""2025-02"", ""2025-03"", ""2025-04"", ""2025-05"", ""2025-06""], ""y"": [8963.17, 3644.74, 28008.79, 31137.05, 27296.07, 31638.33]}], ""meta"": {""created_by"": ""Bonnie Nelson"", ""notes"": ""Act difference worker model strategy.""}}",2025-03-11T14:27:25
1065,Forecast 1065,"{""forecast_id"": ""FCAST-1065"", ""series"": [{""x"": [""2025-01"", ""2025-02"", ""2025-03"", ""2025-04"", ""2025-05"", ""2025-06""], ""y"": [42095.45, 12203.28, 33461.78, 8618.87, 13346.14, 14593.79]}], ""meta"": {""created_by"": ""Mariah Mcintosh"", ""notes"": ""American cell begin nothing cell up step support.""}}",2024-01-04T00:00:42
1066,Forecast 1066,"{""forecast_id"": ""FCAST-1066"", ""series"": [{""x"": [""2025-01"", ""2025-02"", ""2025-03"", ""2025-04"", ""2025-05"", ""2025-06""], ""y"": [24876.46, 14659.3, 11359.7, 7452.28, 37716.0, 26720.13]}], ""meta"": {""created_by"": ""James Miller"", ""notes"": ""Case it president local system successful than.""}}",2025-06-09T17:06:07
1067,Forecast 1067,"{""forecast_id"": ""FCAST-1067"", ""series"": [{""x"": [""2025-01"", ""2025-02"", ""2025-03"", ""2025-04"", ""2025-05"", ""2025-06""], ""y"": [6375.61, 21651.55, 47720.83, 18635.18, 30519.73, 10617.87]}], ""meta"": {""created_by"": ""Stephanie Singh"", ""notes"": ""Place fact music great speak.""}}",2024-01-19T23:01:05
1068,Forecast 1068,"{""forecast_id"": ""FCAST-1068"", ""series"": [{""x"": [""2025-01"", ""2025-02"", ""2025-03"", ""2025-04"", ""2025-05"", ""2025-06""], ""y"": [1500.19, 7200.12, 31737.84, 1639.24, 2769.67, 11185.02]}], ""meta"": {""created_by"": ""Misty Burton"", ""notes"": ""Develop possible life real north might she.""}}",2024-11-30T04:34:13
1069,Forecast 1069,"{""forecast_id"": ""FCAST-1069"", ""series"": [{""x"": [""2025-01"", ""2025-02"", ""2025-03"", ""2025-04"", ""2025-05"", ""2025-06""], ""y"": [3484.68, 46918.13, 35098.05, 11731.86, 7428.83, 36130.04]}], ""meta"": {""created_by"": ""Ms. Chelsea Graham"", ""notes"": ""Result important defense let around all create.""}}",2025-04-27T18:28:41
1070,Forecast 1070,"{""forecast_id"": ""FCAST-1070"", ""series"": [{""x"": [""2025-01"", ""2025-02"", ""2025-03"", ""2025-04"", ""2025-05"", ""2025-06""], ""y"": [25403.32, 42673.84, 7232.41, 43914.72, 12941.26, 36174.76]}], ""meta"": {""created_by"": ""Steven Anderson"", ""notes"": ""Across thousand radio final letter world.""}}",2025-10-10T23:01:13
1071,Forecast 1071,"{""forecast_id"": ""FCAST-1071"", ""series"": [{""x"": [""2025-01"", ""2025-02"", ""2025-03"", ""2025-04"", ""2025-05"", ""2025-06""], ""y"": [3030.01, 39065.46, 7401.5, 5583.32, 17437.79, 3304.71]}], ""meta"": {""created_by"": ""Vincent Bell"", ""notes"": ""Place might sign order area tree weight.""}}",2025-08-14T23:18:10
1072,Forecast 1072,"{""forecast_id"": ""FCAST-1072"", ""series"": [{""x"": [""2025-01"", ""2025-02"", ""2025-03"", ""2025-04"", ""2025-05"", ""2025-06""], ""y"": [13419.82, 10655.03, 34426.91, 41419.04, 17877.28, 39859.31]}], ""meta"": {""created_by"": ""Lisa Horn"", ""notes"": ""Medical note physical arrive leave she.""}}",2025-02-07T10:20:54
1073,Forecast 1073,"{""forecast_id"": ""FCAST-1073"", ""series"": [{""x"": [""2025-01"", ""2025-02"", ""2025-03"", ""2025-04"", ""2025-05"", ""2025-06""], ""y"": [12309.65, 41580.66, 23388.98, 18437.09, 45251.57, 5701.74]}], ""meta"": {""created_by"": ""Sierra Greene"", ""notes"": ""Shake ground money design.""}}",2024-05-18T08:39:27
1074,Forecast 1074,"{""forecast_id"": ""FCAST-1074"", ""series"": [{""x"": [""2025-01"", ""2025-02"", ""2025-03"", ""2025-04"", ""2025-05"", ""2025-06""], ""y"": [27326.18, 7468.94, 4480.85, 2122.97, 8933.06, 30312.53]}], ""meta"": {""created_by"": ""David Edwards"", ""notes"": ""Let main than begin most soldier.""}}",2025-02-03T04:28:51
1075,Forecast 1075,"{""forecast_id"": ""FCAST-1075"", ""series"": [{""x"": [""2025-01"", ""2025-02"", ""2025-03"", ""2025-04"", ""2025-05"", ""2025-06""], ""y"": [21369.82, 44289.56, 34603.6, 37372.52, 24014.15, 19527.89]}], ""meta"": {""created_by"": ""Wayne Lewis"", ""notes"": ""Political compare when past including society standard.""}}",2024-01-16T18:57:52
1076,Forecast 1076,"{""forecast_id"": ""FCAST-1076"", ""series"": [{""x"": [""2025-01"", ""2025-02"", ""2025-03"", ""2025-04"", ""2025-05"", ""2025-06""], ""y"": [30797.8, 43169.43, 8796.95, 37704.63, 27013.41, 6847.25]}], ""meta"": {""created_by"": ""Leslie Rodriguez"", ""notes"": ""Too break career.""}}",2025-01-08T19:25:24
1077,Forecast 1077,"{""forecast_id"": ""FCAST-1077"", ""series"": [{""x"": [""2025-01"", ""2025-02"", ""2025-03"", ""2025-04"", ""2025-05"", ""2025-06""], ""y"": [39472.75, 13919.86, 42265.2, 37351.83, 41237.72, 4277.16]}], ""meta"": {""created_by"": ""Rebecca Morgan"", ""notes"": ""Run push design support usually what agent nearly.""}}",2025-08-05T08:15:40
1078,Forecast 1078,"{""forecast_id"": ""FCAST-1078"", ""series"": [{""x"": [""2025-01"", ""2025-02"", ""2025-03"", ""2025-04"", ""2025-05"", ""2025-06""], ""y"": [19967.87, 8947.92, 28806.97, 40271.46, 10948.18, 6807.26]}], ""meta"": {""created_by"": ""Christopher Miller"", ""notes"": ""Research yourself including issue one.""}}",2025-10-11T14:05:22
1079,Forecast 1079,"{""forecast_id"": ""FCAST-1079"", ""series"": [{""x"": [""2025-01"", ""2025-02"", ""2025-03"", ""2025-04"", ""2025-05"", ""2025-06""], ""y"": [24855.55, 25553.27, 18977.73, 28301.82, 19060.15, 42220.69]}], ""meta"": {""created_by"": ""Eric Good"", ""notes"": ""Standard perhaps reason point win business party.""}}",2025-03-09T12:54:49
1080,Forecast 1080,"{""forecast_id"": ""FCAST-1080"", ""series"": [{""x"": [""2025-01"", ""2025-02"", ""2025-03"", ""2025-04"", ""2025-05"", ""2025-06""], ""y"": [42230.3, 45463.15, 23564.72, 37904.0, 44655.31, 19775.07]}], ""meta"": {""created_by"": ""Lindsey Vasquez"", ""notes"": ""Ball right how sell newspaper lead decade.""}}",2024-08-08T02:07:40
1081,Forecast 1081,"{""forecast_id"": ""FCAST-1081"", ""series"": [{""x"": [""2025-01"", ""2025-02"", ""2025-03"", ""2025-04"", ""2025-05"", ""2025-06""], ""y"": [35320.88, 46563.22, 5121.52, 26095.1, 20292.1, 18721.85]}], ""meta"": {""created_by"": ""Judy Huff"", ""notes"": ""Region community box road forward on play.""}}",2025-05-23T01:23:02
1082,Forecast 1082,"{""forecast_id"": ""FCAST-1082"", ""series"": [{""x"": [""2025-01"", ""2025-02"", ""2025-03"", ""2025-04"", ""2025-05"", ""2025-06""], ""y"": [15856.64, 15060.05, 38390.29, 13482.05, 33145.33, 22607.79]}], ""meta"": {""created_by"": ""Jason Stafford"", ""notes"": ""Measure design easy Congress figure land soon.""}}",2025-05-12T13:04:51
1083,Forecast 1083,"{""forecast_id"": ""FCAST-1083"", ""series"": [{""x"": [""2025-01"", ""2025-02"", ""2025-03"", ""2025-04"", ""2025-05"", ""2025-06""], ""y"": [22142.77, 49005.13, 34558.03, 30628.3, 10239.66, 12011.27]}], ""meta"": {""created_by"": ""Kaitlin White"", ""notes"": ""Should story move.""}}",2025-10-22T11:41:29
1084,Forecast 1084,"{""forecast_id"": ""FCAST-1084"", ""series"": [{""x"": [""2025-01"", ""2025-02"", ""2025-03"", ""2025-04"", ""2025-05"", ""2025-06""], ""y"": [21424.78, 1418.27, 32713.94, 19469.51, 23227.15, 7344.31]}], ""meta"": {""created_by"": ""William Ford"", ""notes"": ""Face country speech president sit we loss.""}}",2024-05-13T08:40:15
1085,Forecast 1085,"{""forecast_id"": ""FCAST-1085"", ""series"": [{""x"": [""2025-01"", ""2025-02"", ""2025-03"", ""2025-04"", ""2025-05"", ""2025-06""], ""y"": [9278.22, 7599.79, 44221.15, 6756.09, 15480.37, 8196.04]}], ""meta"": {""created_by"": ""Megan Potts"", ""notes"": ""Message night call section become spring about.""}}",2025-01-14T23:19:02
1086,Forecast 1086,"{""forecast_id"": ""FCAST-1086"", ""series"": [{""x"": [""2025-01"", ""2025-02"", ""2025-03"", ""2025-04"", ""2025-05"", ""2025-06""], ""y"": [11605.67, 21135.85, 7734.83, 41608.68, 17832.61, 33072.76]}], ""meta"": {""created_by"": ""Angel Ramos"", ""notes"": ""Million black prepare baby quickly.""}}",2024-07-09T04:58:19
1087,Forecast 1087,"{""forecast_id"": ""FCAST-1087"", ""series"": [{""x"": [""2025-01"", ""2025-02"", ""2025-03"", ""2025-04"", ""2025-05"", ""2025-06""], ""y"": [35075.89, 14061.2, 8413.97, 34279.71, 42657.37, 32175.38]}], ""meta"": {""created_by"": ""Jeffrey Bryant"", ""notes"": ""Easy show teacher here past sport would.""}}",2023-11-05T01:18:13
1088,Forecast 1088,"{""forecast_id"": ""FCAST-1088"", ""series"": [{""x"": [""2025-01"", ""2025-02"", ""2025-03"", ""2025-04"", ""2025-05"", ""2025-06""], ""y"": [47793.03, 27156.25, 25156.62, 49330.11, 47568.18, 31267.26]}], ""meta"": {""created_by"": ""Kenneth Jones"", ""notes"": ""Way what become college.""}}",2025-09-01T05:00:03
1089,Forecast 1089,"{""forecast_id"": ""FCAST-1089"", ""series"": [{""x"": [""2025-01"", ""2025-02"", ""2025-03"", ""2025-04"", ""2025-05"", ""2025-06""], ""y"": [37255.36, 46584.95, 8228.43, 12765.0, 16245.61, 41212.37]}], ""meta"": {""created_by"": ""Jonathan Hudson"", ""notes"": ""Improve kind building I.""}}",2024-02-23T12:34:09
1090,Forecast 1090,"{""forecast_id"": ""FCAST-1090"", ""series"": [{""x"": [""2025-01"", ""2025-02"", ""2025-03"", ""2025-04"", ""2025-05"", ""2025-06""], ""y"": [5147.13, 30438.47, 34452.22, 13919.82, 10849.65, 17602.94]}], ""meta"": {""created_by"": ""Adam Blake"", ""notes"": ""Today exist network policy usually.""}}",2024-09-02T15:10:52
1091,Forecast 1091,"{""forecast_id"": ""FCAST-1091"", ""series"": [{""x"": [""2025-01"", ""2025-02"", ""2025-03"", ""2025-04"", ""2025-05"", ""2025-06""], ""y"": [12731.68, 7564.92, 48318.99, 49476.87, 47414.5, 48731.31]}], ""meta"": {""created_by"": ""Anne Smith"", ""notes"": ""Operation at during make light career.""}}",2025-05-14T06:27:42
1092,Forecast 1092,"{""forecast_id"": ""FCAST-1092"", ""series"": [{""x"": [""2025-01"", ""2025-02"", ""2025-03"", ""2025-04"", ""2025-05"", ""2025-06""], ""y"": [10146.29, 18916.03, 3822.56, 27049.81, 12020.73, 13776.36]}], ""meta"": {""created_by"": ""Jesse Stone"", ""notes"": ""Generation step source above especially news.""}}",2024-10-24T20:43:45
1093,Forecast 1093,"{""forecast_id"": ""FCAST-1093"", ""series"": [{""x"": [""2025-01"", ""2025-02"", ""2025-03"", ""2025-04"", ""2025-05"", ""2025-06""], ""y"": [10913.04, 40946.59, 40636.92, 12803.4, 4855.59, 41888.24]}], ""meta"": {""created_by"": ""Sharon Ross"", ""notes"": ""Response analysis series market including art pattern since.""}}",2025-04-21T21:29:41
1094,Forecast 1094,"{""forecast_id"": ""FCAST-1094"", ""series"": [{""x"": [""2025-01"", ""2025-02"", ""2025-03"", ""2025-04"", ""2025-05"", ""2025-06""], ""y"": [42568.63, 26921.1, 20877.72, 19319.24, 36219.63, 19119.95]}], ""meta"": {""created_by"": ""Adam Arnold"", ""notes"": ""Country save once challenge forward.""}}",2025-04-12T17:09:54
1095,Forecast 1095,"{""forecast_id"": ""FCAST-1095"", ""series"": [{""x"": [""2025-01"", ""2025-02"", ""2025-03"", ""2025-04"", ""2025-05"", ""2025-06""], ""y"": [23878.32, 36660.45, 45890.74, 28622.06, 14159.59, 17210.43]}], ""meta"": {""created_by"": ""Andrew Santos"", ""notes"": ""Final beyond cause action end.""}}",2024-12-25T17:07:55
1096,Forecast 1096,"{""forecast_id"": ""FCAST-1096"", ""series"": [{""x"": [""2025-01"", ""2025-02"", ""2025-03"", ""2025-04"", ""2025-05"", ""2025-06""], ""y"": [23223.04, 29754.5, 44850.81, 40076.89, 14144.31, 38832.35]}], ""meta"": {""created_by"": ""Crystal Wyatt"", ""notes"": ""Full marriage reveal popular history window allow money.""}}",2024-08-14T08:48:42
1097,Forecast 1097,"{""forecast_id"": ""FCAST-1097"", ""series"": [{""x"": [""2025-01"", ""2025-02"", ""2025-03"", ""2025-04"", ""2025-05"", ""2025-06""], ""y"": [45172.9, 32150.66, 47402.48, 18664.14, 12756.53, 19165.22]}], ""meta"": {""created_by"": ""Steven Finley"", ""notes"": ""Name energy general news call if.""}}",2025-04-07T12:44:19
1098,Forecast 1098,"{""forecast_id"": ""FCAST-1098"", ""series"": [{""x"": [""2025-01"", ""2025-02"", ""2025-03"", ""2025-04"", ""2025-05"", ""2025-06""], ""y"": [24137.22, 43005.07, 20258.35, 46628.47, 30137.71, 25636.7]}], ""meta"": {""created_by"": ""Erika Williams"", ""notes"": ""Capital capital according nothing open decision senior.""}}",2024-12-23T13:18:23
1099,Forecast 1099,"{""forecast_id"": ""FCAST-1099"", ""series"": [{""x"": [""2025-01"", ""2025-02"", ""2025-03"", ""2025-04"", ""2025-05"", ""2025-06""], ""y"": [48151.48, 4115.52, 11222.47, 14737.5, 4874.85, 17819.62]}], ""meta"": {""created_by"": ""Isaac Hammond"", ""notes"": ""Present believe rate space should area street.""}}",2025-01-22T03:50:54
1100,Forecast 1100,"{""forecast_id"": ""FCAST-1100"", ""series"": [{""x"": [""2025-01"", ""2025-02"", ""2025-03"", ""2025-04"", ""2025-05"", ""2025-06""], ""y"": [19127.02, 27238.83, 45504.68, 29061.64, 46339.36, 46905.48]}], ""meta"": {""created_by"": ""April Hall"", ""notes"": ""Thousand western measure seven federal radio.""}}",2024-05-26T23:18:10
1101,Forecast 1101,"{""forecast_id"": ""FCAST-1101"", ""series"": [{""x"": [""2025-01"", ""2025-02"", ""2025-03"", ""2025-04"", ""2025-05"", ""2025-06""], ""y"": [45936.19, 16011.13, 5289.38, 17742.83, 38260.47, 30201.28]}], ""meta"": {""created_by"": ""Sean Solis"", ""notes"": ""Thing sing produce protect involve.""}}",2024-01-11T16:48:21
1102,Forecast 1102,"{""forecast_id"": ""FCAST-1102"", ""series"": [{""x"": [""2025-01"", ""2025-02"", ""2025-03"", ""2025-04"", ""2025-05"", ""2025-06""], ""y"": [16831.73, 47057.62, 29210.11, 20456.67, 42367.74, 9904.47]}], ""meta"": {""created_by"": ""Elizabeth Rivera"", ""notes"": ""Magazine thousand drop least office glass.""}}",2024-02-21T06:47:11
1103,Forecast 1103,"{""forecast_id"": ""FCAST-1103"", ""series"": [{""x"": [""2025-01"", ""2025-02"", ""2025-03"", ""2025-04"", ""2025-05"", ""2025-06""], ""y"": [42818.98, 12736.93, 23206.82, 49061.03, 7698.73, 19029.19]}], ""meta"": {""created_by"": ""Matthew Alexander"", ""notes"": ""Final start forward open another article beat perhaps.""}}",2024-03-13T18:56:22
1104,Forecast 1104,"{""forecast_id"": ""FCAST-1104"", ""series"": [{""x"": [""2025-01"", ""2025-02"", ""2025-03"", ""2025-04"", ""2025-05"", ""2025-06""], ""y"": [36152.82, 49377.66, 14019.06, 19855.49, 46723.13, 15009.85]}], ""meta"": {""created_by"": ""Brenda Schaefer"", ""notes"": ""Room chair feel.""}}",2024-01-20T09:19:11
1105,Forecast 1105,"{""forecast_id"": ""FCAST-1105"", ""series"": [{""x"": [""2025-01"", ""2025-02"", ""2025-03"", ""2025-04"", ""2025-05"", ""2025-06""], ""y"": [49887.12, 47729.19, 32882.59, 29592.54, 13142.81, 44965.77]}], ""meta"": {""created_by"": ""Jon Yates"", ""notes"": ""Remember here tell stage agency.""}}",2025-01-05T06:24:10
1106,Forecast 1106,"{""forecast_id"": ""FCAST-1106"", ""series"": [{""x"": [""2025-01"", ""2025-02"", ""2025-03"", ""2025-04"", ""2025-05"", ""2025-06""], ""y"": [47106.97, 41012.32, 15748.87, 16520.01, 16138.37, 36201.32]}], ""meta"": {""created_by"": ""Dominique Williams"", ""notes"": ""Specific per edge line star.""}}",2024-10-27T17:37:46
1107,Forecast 1107,"{""forecast_id"": ""FCAST-1107"", ""series"": [{""x"": [""2025-01"", ""2025-02"", ""2025-03"", ""2025-04"", ""2025-05"", ""2025-06""], ""y"": [3735.99, 28761.99, 11780.53, 38745.67, 12074.27, 48091.48]}], ""meta"": {""created_by"": ""Jacob Boone"", ""notes"": ""South huge skin character close.""}}",2025-01-19T05:11:08
1108,Forecast 1108,"{""forecast_id"": ""FCAST-1108"", ""series"": [{""x"": [""2025-01"", ""2025-02"", ""2025-03"", ""2025-04"", ""2025-05"", ""2025-06""], ""y"": [34352.81, 1885.53, 27173.74, 34626.66, 6977.11, 47067.19]}], ""meta"": {""created_by"": ""Julie Lee"", ""notes"": ""Subject worker lose determine.""}}",2024-09-13T10:44:26
1109,Forecast 1109,"{""forecast_id"": ""FCAST-1109"", ""series"": [{""x"": [""2025-01"", ""2025-02"", ""2025-03"", ""2025-04"", ""2025-05"", ""2025-06""], ""y"": [41275.63, 46067.87, 7962.35, 6892.12, 19049.66, 27900.16]}], ""meta"": {""created_by"": ""Matthew Warren"", ""notes"": ""Weight common near under people.""}}",2025-10-21T06:50:16
1110,Forecast 1110,"{""forecast_id"": ""FCAST-1110"", ""series"": [{""x"": [""2025-01"", ""2025-02"", ""2025-03"", ""2025-04"", ""2025-05"", ""2025-06""], ""y"": [5526.53, 46694.07, 14761.71, 8664.5, 18774.66, 48503.59]}], ""meta"": {""created_by"": ""Mr. Peter Mcclain"", ""notes"": ""Wonder arm option Democrat remain family.""}}",2025-02-12T11:34:24
1111,Forecast 1111,"{""forecast_id"": ""FCAST-1111"", ""series"": [{""x"": [""2025-01"", ""2025-02"", ""2025-03"", ""2025-04"", ""2025-05"", ""2025-06""], ""y"": [14688.65, 44916.8, 22214.33, 45386.33, 40078.01, 13728.32]}], ""meta"": {""created_by"": ""Alejandra Krause"", ""notes"": ""Truth resource result ability care wind smile.""}}",2023-12-26T18:53:03
1112,Forecast 1112,"{""forecast_id"": ""FCAST-1112"", ""series"": [{""x"": [""2025-01"", ""2025-02"", ""2025-03"", ""2025-04"", ""2025-05"", ""2025-06""], ""y"": [42362.94, 32873.86, 34256.92, 3381.86, 25363.78, 32497.97]}], ""meta"": {""created_by"": ""Renee Nixon"", ""notes"": ""Visit south company laugh poor suddenly.""}}",2024-03-13T02:31:35
1113,Forecast 1113,"{""forecast_id"": ""FCAST-1113"", ""series"": [{""x"": [""2025-01"", ""2025-02"", ""2025-03"", ""2025-04"", ""2025-05"", ""2025-06""], ""y"": [9016.43, 32757.13, 40977.53, 2240.44, 26922.8, 40035.0]}], ""meta"": {""created_by"": ""Michele Salas"", ""notes"": ""Alone whose if while hospital interview Republican.""}}",2024-02-05T05:12:50
1114,Forecast 1114,"{""forecast_id"": ""FCAST-1114"", ""series"": [{""x"": [""2025-01"", ""2025-02"", ""2025-03"", ""2025-04"", ""2025-05"", ""2025-06""], ""y"": [43890.29, 41197.43, 11905.66, 22790.77, 23195.35, 29287.93]}], ""meta"": {""created_by"": ""Troy Hall"", ""notes"": ""Back imagine ground audience huge agent trial.""}}",2024-08-25T11:42:21
1115,Forecast 1115,"{""forecast_id"": ""FCAST-1115"", ""series"": [{""x"": [""2025-01"", ""2025-02"", ""2025-03"", ""2025-04"", ""2025-05"", ""2025-06""], ""y"": [20614.95, 16871.78, 10226.71, 23933.5, 6462.28, 45640.31]}], ""meta"": {""created_by"": ""Kaitlin Rivera"", ""notes"": ""Important worker not American.""}}",2024-06-25T19:55:12
1116,Forecast 1116,"{""forecast_id"": ""FCAST-1116"", ""series"": [{""x"": [""2025-01"", ""2025-02"", ""2025-03"", ""2025-04"", ""2025-05"", ""2025-06""], ""y"": [32639.57, 3285.43, 38396.41, 35313.03, 40949.26, 40869.9]}], ""meta"": {""created_by"": ""Wendy Freeman"", ""notes"": ""Fast everyone board occur sport majority.""}}",2025-07-10T01:07:15
1117,Forecast 1117,"{""forecast_id"": ""FCAST-1117"", ""series"": [{""x"": [""2025-01"", ""2025-02"", ""2025-03"", ""2025-04"", ""2025-05"", ""2025-06""], ""y"": [46689.02, 4081.21, 46451.01, 19006.89, 32804.78, 33255.98]}], ""meta"": {""created_by"": ""David Harrell"", ""notes"": ""Turn kitchen dinner democratic different if ok.""}}",2024-01-15T03:02:26
1118,Forecast 1118,"{""forecast_id"": ""FCAST-1118"", ""series"": [{""x"": [""2025-01"", ""2025-02"", ""2025-03"", ""2025-04"", ""2025-05"", ""2025-06""], ""y"": [3235.88, 2240.54, 8447.17, 42960.41, 9730.89, 7273.15]}], ""meta"": {""created_by"": ""Amber Garcia"", ""notes"": ""Character important hear want other sense benefit.""}}",2024-02-17T14:27:06
1119,Forecast 1119,"{""forecast_id"": ""FCAST-1119"", ""series"": [{""x"": [""2025-01"", ""2025-02"", ""2025-03"", ""2025-04"", ""2025-05"", ""2025-06""], ""y"": [16150.25, 16669.64, 33465.84, 47322.79, 6875.84, 2297.02]}], ""meta"": {""created_by"": ""Anthony Mcneil"", ""notes"": ""Day party surface shoulder herself.""}}",2024-10-08T03:07:34
1120,Forecast 1120,"{""forecast_id"": ""FCAST-1120"", ""series"": [{""x"": [""2025-01"", ""2025-02"", ""2025-03"", ""2025-04"", ""2025-05"", ""2025-06""], ""y"": [15755.07, 48415.32, 34922.69, 7047.48, 46005.18, 38390.13]}], ""meta"": {""created_by"": ""Jason Preston"", ""notes"": ""Might cause pressure mention discuss step my.""}}",2024-09-24T12:23:59
1121,Forecast 1121,"{""forecast_id"": ""FCAST-1121"", ""series"": [{""x"": [""2025-01"", ""2025-02"", ""2025-03"", ""2025-04"", ""2025-05"", ""2025-06""], ""y"": [26925.24, 31749.78, 5255.39, 49679.28, 45513.22, 10724.51]}], ""meta"": {""created_by"": ""Heather Tran DVM"", ""notes"": ""Reality vote stand almost tend.""}}",2024-02-12T16:21:30
1122,Forecast 1122,"{""forecast_id"": ""FCAST-1122"", ""series"": [{""x"": [""2025-01"", ""2025-02"", ""2025-03"", ""2025-04"", ""2025-05"", ""2025-06""], ""y"": [10707.66, 31499.28, 18202.16, 8554.56, 39002.71, 9624.5]}], ""meta"": {""created_by"": ""Jesse Welch"", ""notes"": ""Outside nature no better order that hold.""}}",2024-05-07T01:35:21
1123,Forecast 1123,"{""forecast_id"": ""FCAST-1123"", ""series"": [{""x"": [""2025-01"", ""2025-02"", ""2025-03"", ""2025-04"", ""2025-05"", ""2025-06""], ""y"": [36321.45, 30445.72, 10137.86, 36586.46, 42941.31, 39420.56]}], ""meta"": {""created_by"": ""Bradley Watson"", ""notes"": ""Study happy camera statement main I.""}}",2025-03-05T10:05:52
1124,Forecast 1124,"{""forecast_id"": ""FCAST-1124"", ""series"": [{""x"": [""2025-01"", ""2025-02"", ""2025-03"", ""2025-04"", ""2025-05"", ""2025-06""], ""y"": [17854.5, 36237.69, 48351.65, 18260.2, 44769.31, 33304.42]}], ""meta"": {""created_by"": ""Laura Jones"", ""notes"": ""Authority history would write idea fact machine.""}}",2024-01-15T14:26:51
1125,Forecast 1125,"{""forecast_id"": ""FCAST-1125"", ""series"": [{""x"": [""2025-01"", ""2025-02"", ""2025-03"", ""2025-04"", ""2025-05"", ""2025-06""], ""y"": [11447.22, 12496.93, 9279.82, 32356.89, 38772.03, 22692.0]}], ""meta"": {""created_by"": ""Fred Pham"", ""notes"": ""Position heart learn father glass.""}}",2024-10-20T13:48:30
1126,Forecast 1126,"{""forecast_id"": ""FCAST-1126"", ""series"": [{""x"": [""2025-01"", ""2025-02"", ""2025-03"", ""2025-04"", ""2025-05"", ""2025-06""], ""y"": [35266.22, 10315.1, 26588.41, 30788.26, 1069.78, 18815.94]}], ""meta"": {""created_by"": ""Luis Bradley"", ""notes"": ""Charge technology difficult owner visit sure.""}}",2025-05-30T19:01:58
1127,Forecast 1127,"{""forecast_id"": ""FCAST-1127"", ""series"": [{""x"": [""2025-01"", ""2025-02"", ""2025-03"", ""2025-04"", ""2025-05"", ""2025-06""], ""y"": [24210.39, 34981.14, 44825.7, 41748.24, 39311.08, 12049.59]}], ""meta"": {""created_by"": ""Billy Mcdaniel"", ""notes"": ""Bed control spend indeed beautiful candidate.""}}",2025-02-18T15:44:42
1128,Forecast 1128,"{""forecast_id"": ""FCAST-1128"", ""series"": [{""x"": [""2025-01"", ""2025-02"", ""2025-03"", ""2025-04"", ""2025-05"", ""2025-06""], ""y"": [12105.22, 21914.25, 25856.52, 48627.65, 24007.58, 5490.26]}], ""meta"": {""created_by"": ""David Ford"", ""notes"": ""Similar coach power trial parent.""}}",2023-12-06T08:22:38
1129,Forecast 1129,"{""forecast_id"": ""FCAST-1129"", ""series"": [{""x"": [""2025-01"", ""2025-02"", ""2025-03"", ""2025-04"", ""2025-05"", ""2025-06""], ""y"": [3398.79, 48830.04, 3232.52, 10184.44, 30749.58, 39607.7]}], ""meta"": {""created_by"": ""Janice Dean"", ""notes"": ""Technology happen culture seem president.""}}",2024-06-21T14:26:21
1130,Forecast 1130,"{""forecast_id"": ""FCAST-1130"", ""series"": [{""x"": [""2025-01"", ""2025-02"", ""2025-03"", ""2025-04"", ""2025-05"", ""2025-06""], ""y"": [6918.87, 25777.65, 8761.35, 42823.47, 19675.52, 5834.84]}], ""meta"": {""created_by"": ""Daniel Boone"", ""notes"": ""Significant group brother add hotel authority.""}}",2024-05-05T15:04:24
1131,Forecast 1131,"{""forecast_id"": ""FCAST-1131"", ""series"": [{""x"": [""2025-01"", ""2025-02"", ""2025-03"", ""2025-04"", ""2025-05"", ""2025-06""], ""y"": [25078.22, 8642.58, 5889.06, 32595.5, 47655.36, 49043.72]}], ""meta"": {""created_by"": ""Wendy Morrow"", ""notes"": ""Official space final early ability.""}}",2024-03-19T12:29:13
1132,Forecast 1132,"{""forecast_id"": ""FCAST-1132"", ""series"": [{""x"": [""2025-01"", ""2025-02"", ""2025-03"", ""2025-04"", ""2025-05"", ""2025-06""], ""y"": [11890.81, 48174.55, 34210.77, 31973.88, 9961.37, 5392.39]}], ""meta"": {""created_by"": ""Lance Harris"", ""notes"": ""Thousand where interesting control.""}}",2025-01-09T03:15:33
1133,Forecast 1133,"{""forecast_id"": ""FCAST-1133"", ""series"": [{""x"": [""2025-01"", ""2025-02"", ""2025-03"", ""2025-04"", ""2025-05"", ""2025-06""], ""y"": [43092.48, 33644.81, 42248.91, 22302.35, 35665.12, 13844.78]}], ""meta"": {""created_by"": ""Kelsey Martin"", ""notes"": ""Defense remain take relationship hour as.""}}",2024-03-27T15:20:18
1134,Forecast 1134,"{""forecast_id"": ""FCAST-1134"", ""series"": [{""x"": [""2025-01"", ""2025-02"", ""2025-03"", ""2025-04"", ""2025-05"", ""2025-06""], ""y"": [43116.94, 39188.18, 24445.34, 16891.28, 37933.83, 7420.18]}], ""meta"": {""created_by"": ""Gabriel Riley"", ""notes"": ""Huge less view product late them.""}}",2025-10-26T14:59:15
1135,Forecast 1135,"{""forecast_id"": ""FCAST-1135"", ""series"": [{""x"": [""2025-01"", ""2025-02"", ""2025-03"", ""2025-04"", ""2025-05"", ""2025-06""], ""y"": [11281.19, 48523.36, 11617.86, 34851.73, 8485.55, 47661.92]}], ""meta"": {""created_by"": ""Gregory Meyer"", ""notes"": ""International again figure difference pull before.""}}",2024-02-24T23:43:01
1136,Forecast 1136,"{""forecast_id"": ""FCAST-1136"", ""series"": [{""x"": [""2025-01"", ""2025-02"", ""2025-03"", ""2025-04"", ""2025-05"", ""2025-06""], ""y"": [46062.49, 25909.56, 32102.28, 37964.68, 15309.81, 49859.78]}], ""meta"": {""created_by"": ""Charles Lopez"", ""notes"": ""Soon prove drug machine work.""}}",2023-11-13T15:08:35
1137,Forecast 1137,"{""forecast_id"": ""FCAST-1137"", ""series"": [{""x"": [""2025-01"", ""2025-02"", ""2025-03"", ""2025-04"", ""2025-05"", ""2025-06""], ""y"": [17959.2, 49529.09, 43045.15, 28737.6, 36150.39, 33585.2]}], ""meta"": {""created_by"": ""William Sweeney"", ""notes"": ""Doctor enter economic.""}}",2025-10-17T04:28:27
1138,Forecast 1138,"{""forecast_id"": ""FCAST-1138"", ""series"": [{""x"": [""2025-01"", ""2025-02"", ""2025-03"", ""2025-04"", ""2025-05"", ""2025-06""], ""y"": [34581.08, 43151.39, 9753.27, 47959.36, 20846.34, 19474.32]}], ""meta"": {""created_by"": ""Crystal Bauer"", ""notes"": ""Energy young receive likely.""}}",2025-01-07T20:21:53
1139,Forecast 1139,"{""forecast_id"": ""FCAST-1139"", ""series"": [{""x"": [""2025-01"", ""2025-02"", ""2025-03"", ""2025-04"", ""2025-05"", ""2025-06""], ""y"": [41231.59, 31278.69, 49659.85, 11342.11, 33148.4, 45110.69]}], ""meta"": {""created_by"": ""Thomas Vargas"", ""notes"": ""About however mention cell strong nation glass.""}}",2024-02-14T12:39:53
1140,Forecast 1140,"{""forecast_id"": ""FCAST-1140"", ""series"": [{""x"": [""2025-01"", ""2025-02"", ""2025-03"", ""2025-04"", ""2025-05"", ""2025-06""], ""y"": [12869.92, 44957.35, 39727.43, 24460.63, 40138.16, 4266.79]}], ""meta"": {""created_by"": ""Diana Berry"", ""notes"": ""Strategy type computer bank data company.""}}",2025-01-03T14:15:56
1141,Forecast 1141,"{""forecast_id"": ""FCAST-1141"", ""series"": [{""x"": [""2025-01"", ""2025-02"", ""2025-03"", ""2025-04"", ""2025-05"", ""2025-06""], ""y"": [32739.96, 27047.06, 14306.25, 34500.04, 25097.04, 6122.53]}], ""meta"": {""created_by"": ""Fred Hernandez"", ""notes"": ""Sense after strong song real method tell music.""}}",2024-11-08T00:46:01
1142,Forecast 1142,"{""forecast_id"": ""FCAST-1142"", ""series"": [{""x"": [""2025-01"", ""2025-02"", ""2025-03"", ""2025-04"", ""2025-05"", ""2025-06""], ""y"": [12579.42, 24792.77, 16447.51, 42981.82, 47539.12, 38836.34]}], ""meta"": {""created_by"": ""Paul Patterson"", ""notes"": ""Industry themselves sell finally.""}}",2025-04-29T14:07:49
1143,Forecast 1143,"{""forecast_id"": ""FCAST-1143"", ""series"": [{""x"": [""2025-01"", ""2025-02"", ""2025-03"", ""2025-04"", ""2025-05"", ""2025-06""], ""y"": [33006.86, 16873.98, 1664.05, 33339.58, 11767.83, 19882.97]}], ""meta"": {""created_by"": ""Mark Valdez"", ""notes"": ""Set ever without remember any.""}}",2025-03-20T04:11:19
1144,Forecast 1144,"{""forecast_id"": ""FCAST-1144"", ""series"": [{""x"": [""2025-01"", ""2025-02"", ""2025-03"", ""2025-04"", ""2025-05"", ""2025-06""], ""y"": [20663.34, 3809.26, 39442.71, 33534.54, 12232.69, 41580.42]}], ""meta"": {""created_by"": ""Stephanie Baker"", ""notes"": ""Hour half tend they.""}}",2025-02-19T22:31:39
1145,Forecast 1145,"{""forecast_id"": ""FCAST-1145"", ""series"": [{""x"": [""2025-01"", ""2025-02"", ""2025-03"", ""2025-04"", ""2025-05"", ""2025-06""], ""y"": [24202.8, 18903.38, 4099.62, 36794.38, 39746.95, 3206.61]}], ""meta"": {""created_by"": ""Daniel Vargas"", ""notes"": ""Very natural another lay style.""}}",2025-06-09T19:20:14
1146,Forecast 1146,"{""forecast_id"": ""FCAST-1146"", ""series"": [{""x"": [""2025-01"", ""2025-02"", ""2025-03"", ""2025-04"", ""2025-05"", ""2025-06""], ""y"": [16602.6, 28865.17, 40164.83, 46902.39, 33324.72, 19046.08]}], ""meta"": {""created_by"": ""Alexander Wolfe"", ""notes"": ""Management modern education myself.""}}",2024-05-09T17:05:26
1147,Forecast 1147,"{""forecast_id"": ""FCAST-1147"", ""series"": [{""x"": [""2025-01"", ""2025-02"", ""2025-03"", ""2025-04"", ""2025-05"", ""2025-06""], ""y"": [21977.83, 36298.61, 4529.02, 28745.1, 45997.29, 17768.82]}], ""meta"": {""created_by"": ""Jesus Schwartz"", ""notes"": ""Practice near in face why performance.""}}",2024-09-10T20:24:04
1148,Forecast 1148,"{""forecast_id"": ""FCAST-1148"", ""series"": [{""x"": [""2025-01"", ""2025-02"", ""2025-03"", ""2025-04"", ""2025-05"", ""2025-06""], ""y"": [21985.0, 1828.44, 46733.92, 5474.88, 36323.93, 30028.83]}], ""meta"": {""created_by"": ""Daniel Henderson"", ""notes"": ""Matter drug husband response.""}}",2024-08-01T07:26:56
1149,Forecast 1149,"{""forecast_id"": ""FCAST-1149"", ""series"": [{""x"": [""2025-01"", ""2025-02"", ""2025-03"", ""2025-04"", ""2025-05"", ""2025-06""], ""y"": [11364.48, 16730.99, 27808.97, 18529.88, 10058.28, 24380.86]}], ""meta"": {""created_by"": ""Marilyn Barry"", ""notes"": ""Believe government system partner very.""}}",2023-11-23T18:10:09
1150,Forecast 1150,"{""forecast_id"": ""FCAST-1150"", ""series"": [{""x"": [""2025-01"", ""2025-02"", ""2025-03"", ""2025-04"", ""2025-05"", ""2025-06""], ""y"": [1025.87, 7717.31, 13427.43, 22295.24, 8756.49, 1730.54]}], ""meta"": {""created_by"": ""Richard Cruz"", ""notes"": ""Sport treatment week.""}}",2025-06-26T03:56:26
1151,Forecast 1151,"{""forecast_id"": ""FCAST-1151"", ""series"": [{""x"": [""2025-01"", ""2025-02"", ""2025-03"", ""2025-04"", ""2025-05"", ""2025-06""], ""y"": [31514.72, 32949.42, 5708.61, 36719.24, 5400.46, 16066.57]}], ""meta"": {""created_by"": ""Julia Romero"", ""notes"": ""Population to any example view ten senior later.""}}",2023-12-27T14:17:54
1152,Forecast 1152,"{""forecast_id"": ""FCAST-1152"", ""series"": [{""x"": [""2025-01"", ""2025-02"", ""2025-03"", ""2025-04"", ""2025-05"", ""2025-06""], ""y"": [47099.24, 29007.11, 37842.99, 22069.83, 47385.11, 20773.15]}], ""meta"": {""created_by"": ""Linda Mccarthy"", ""notes"": ""Door enter learn not finally often.""}}",2024-02-22T14:08:30
1153,Forecast 1153,"{""forecast_id"": ""FCAST-1153"", ""series"": [{""x"": [""2025-01"", ""2025-02"", ""2025-03"", ""2025-04"", ""2025-05"", ""2025-06""], ""y"": [27067.03, 32716.05, 20893.19, 28753.34, 26637.77, 11565.35]}], ""meta"": {""created_by"": ""Zachary Crawford"", ""notes"": ""Study design theory policy concern purpose.""}}",2025-07-09T14:14:58
1154,Forecast 1154,"{""forecast_id"": ""FCAST-1154"", ""series"": [{""x"": [""2025-01"", ""2025-02"", ""2025-03"", ""2025-04"", ""2025-05"", ""2025-06""], ""y"": [9083.71, 25036.93, 24709.76, 4915.24, 30495.16, 38754.07]}], ""meta"": {""created_by"": ""Eric Martin"", ""notes"": ""Economy spend energy imagine yourself.""}}",2024-09-20T19:34:38
1155,Forecast 1155,"{""forecast_id"": ""FCAST-1155"", ""series"": [{""x"": [""2025-01"", ""2025-02"", ""2025-03"", ""2025-04"", ""2025-05"", ""2025-06""], ""y"": [7460.73, 32949.68, 34072.55, 2387.6, 47998.05, 35077.19]}], ""meta"": {""created_by"": ""Suzanne Russell"", ""notes"": ""Wall so first action let close.""}}",2025-02-16T20:08:01
1156,Forecast 1156,"{""forecast_id"": ""FCAST-1156"", ""series"": [{""x"": [""2025-01"", ""2025-02"", ""2025-03"", ""2025-04"", ""2025-05"", ""2025-06""], ""y"": [48227.9, 27203.49, 24282.56, 27690.13, 18268.43, 42192.34]}], ""meta"": {""created_by"": ""Aaron Williams"", ""notes"": ""Focus win own.""}}",2025-10-04T06:41:05
1157,Forecast 1157,"{""forecast_id"": ""FCAST-1157"", ""series"": [{""x"": [""2025-01"", ""2025-02"", ""2025-03"", ""2025-04"", ""2025-05"", ""2025-06""], ""y"": [46862.5, 47094.53, 34561.95, 45105.35, 35215.9, 16129.6]}], ""meta"": {""created_by"": ""Brian Rodriguez"", ""notes"": ""Like room election difficult career wind.""}}",2024-02-06T00:33:59
1158,Forecast 1158,"{""forecast_id"": ""FCAST-1158"", ""series"": [{""x"": [""2025-01"", ""2025-02"", ""2025-03"", ""2025-04"", ""2025-05"", ""2025-06""], ""y"": [6649.12, 5493.08, 38728.21, 17111.97, 10230.43, 47736.83]}], ""meta"": {""created_by"": ""Priscilla Acosta"", ""notes"": ""Poor child cover assume director east.""}}",2023-11-14T02:07:01
1159,Forecast 1159,"{""forecast_id"": ""FCAST-1159"", ""series"": [{""x"": [""2025-01"", ""2025-02"", ""2025-03"", ""2025-04"", ""2025-05"", ""2025-06""], ""y"": [33933.56, 39496.25, 32209.78, 9902.76, 7109.77, 3238.35]}], ""meta"": {""created_by"": ""Tony Torres"", ""notes"": ""Everything bill born old.""}}",2025-03-07T14:27:13
1160,Forecast 1160,"{""forecast_id"": ""FCAST-1160"", ""series"": [{""x"": [""2025-01"", ""2025-02"", ""2025-03"", ""2025-04"", ""2025-05"", ""2025-06""], ""y"": [6931.52, 4393.4, 42266.08, 38955.19, 24828.21, 19528.66]}], ""meta"": {""created_by"": ""Matthew Klein"", ""notes"": ""Only result have hard series black war spring.""}}",2025-06-21T12:36:23
1161,Forecast 1161,"{""forecast_id"": ""FCAST-1161"", ""series"": [{""x"": [""2025-01"", ""2025-02"", ""2025-03"", ""2025-04"", ""2025-05"", ""2025-06""], ""y"": [49666.18, 28588.98, 23348.65, 46161.38, 24516.96, 35837.36]}], ""meta"": {""created_by"": ""Alan Lee"", ""notes"": ""Newspaper event scientist argue learn candidate.""}}",2025-03-01T20:12:25
1162,Forecast 1162,"{""forecast_id"": ""FCAST-1162"", ""series"": [{""x"": [""2025-01"", ""2025-02"", ""2025-03"", ""2025-04"", ""2025-05"", ""2025-06""], ""y"": [1058.34, 21622.38, 28501.86, 20386.52, 16150.15, 33603.68]}], ""meta"": {""created_by"": ""Matthew Jones"", ""notes"": ""Sing shake identify sport lot public.""}}",2024-02-19T20:43:05
1163,Forecast 1163,"{""forecast_id"": ""FCAST-1163"", ""series"": [{""x"": [""2025-01"", ""2025-02"", ""2025-03"", ""2025-04"", ""2025-05"", ""2025-06""], ""y"": [22327.66, 20644.77, 29047.4, 30061.21, 46244.5, 44355.86]}], ""meta"": {""created_by"": ""Michele Harris"", ""notes"": ""International myself happen put.""}}",2024-09-09T20:18:55
1164,Forecast 1164,"{""forecast_id"": ""FCAST-1164"", ""series"": [{""x"": [""2025-01"", ""2025-02"", ""2025-03"", ""2025-04"", ""2025-05"", ""2025-06""], ""y"": [5362.32, 40994.57, 19897.19, 18030.38, 34840.68, 2654.96]}], ""meta"": {""created_by"": ""John Richardson"", ""notes"": ""Career local personal box simple deep agree method.""}}",2025-05-03T08:55:28
1165,Forecast 1165,"{""forecast_id"": ""FCAST-1165"", ""series"": [{""x"": [""2025-01"", ""2025-02"", ""2025-03"", ""2025-04"", ""2025-05"", ""2025-06""], ""y"": [43037.15, 2618.29, 20928.6, 18297.16, 35252.55, 24042.73]}], ""meta"": {""created_by"": ""Jennifer Alvarez"", ""notes"": ""Itself he for card all.""}}",2024-12-07T21:41:54
1166,Forecast 1166,"{""forecast_id"": ""FCAST-1166"", ""series"": [{""x"": [""2025-01"", ""2025-02"", ""2025-03"", ""2025-04"", ""2025-05"", ""2025-06""], ""y"": [2844.12, 37216.62, 48777.52, 28687.27, 31206.48, 48181.42]}], ""meta"": {""created_by"": ""Troy Ortega"", ""notes"": ""Environment north evening dog field least.""}}",2025-08-09T08:38:14
1167,Forecast 1167,"{""forecast_id"": ""FCAST-1167"", ""series"": [{""x"": [""2025-01"", ""2025-02"", ""2025-03"", ""2025-04"", ""2025-05"", ""2025-06""], ""y"": [22627.59, 6385.59, 32114.5, 32853.62, 7730.31, 35101.33]}], ""meta"": {""created_by"": ""Nicole Banks"", ""notes"": ""Subject audience whatever.""}}",2025-05-17T04:50:22
1168,Forecast 1168,"{""forecast_id"": ""FCAST-1168"", ""series"": [{""x"": [""2025-01"", ""2025-02"", ""2025-03"", ""2025-04"", ""2025-05"", ""2025-06""], ""y"": [11914.27, 11088.54, 35041.35, 30084.66, 36231.78, 9783.07]}], ""meta"": {""created_by"": ""Valerie Jones"", ""notes"": ""Bill student baby treatment tree change deal.""}}",2024-12-21T15:56:56
1169,Forecast 1169,"{""forecast_id"": ""FCAST-1169"", ""series"": [{""x"": [""2025-01"", ""2025-02"", ""2025-03"", ""2025-04"", ""2025-05"", ""2025-06""], ""y"": [18138.46, 8914.09, 8894.01, 21262.75, 11112.13, 15685.77]}], ""meta"": {""created_by"": ""Andrew Ramsey"", ""notes"": ""Choice arm attorney result apply.""}}",2023-11-20T20:29:01
1170,Forecast 1170,"{""forecast_id"": ""FCAST-1170"", ""series"": [{""x"": [""2025-01"", ""2025-02"", ""2025-03"", ""2025-04"", ""2025-05"", ""2025-06""], ""y"": [49384.96, 42812.94, 31089.99, 45892.09, 31417.48, 28419.96]}], ""meta"": {""created_by"": ""Ricardo Lynch"", ""notes"": ""Management some dog fill together.""}}",2024-08-24T09:17:07
1171,Forecast 1171,"{""forecast_id"": ""FCAST-1171"", ""series"": [{""x"": [""2025-01"", ""2025-02"", ""2025-03"", ""2025-04"", ""2025-05"", ""2025-06""], ""y"": [28925.92, 17434.56, 20280.08, 46207.56, 21283.43, 22296.6]}], ""meta"": {""created_by"": ""Eric Harding"", ""notes"": ""Member may leader different fine lawyer point.""}}",2024-04-08T17:25:45
1172,Forecast 1172,"{""forecast_id"": ""FCAST-1172"", ""series"": [{""x"": [""2025-01"", ""2025-02"", ""2025-03"", ""2025-04"", ""2025-05"", ""2025-06""], ""y"": [15628.32, 17189.97, 13824.54, 45155.2, 46243.94, 37521.12]}], ""meta"": {""created_by"": ""Vicki Mullins"", ""notes"": ""Compare attorney teach unit pass.""}}",2024-06-24T00:25:28
1173,Forecast 1173,"{""forecast_id"": ""FCAST-1173"", ""series"": [{""x"": [""2025-01"", ""2025-02"", ""2025-03"", ""2025-04"", ""2025-05"", ""2025-06""], ""y"": [16062.19, 13612.5, 4576.7, 44937.7, 30987.35, 20380.57]}], ""meta"": {""created_by"": ""Felicia Sanchez"", ""notes"": ""Likely likely lead around often side treat.""}}",2025-04-21T23:56:38
1174,Forecast 1174,"{""forecast_id"": ""FCAST-1174"", ""series"": [{""x"": [""2025-01"", ""2025-02"", ""2025-03"", ""2025-04"", ""2025-05"", ""2025-06""], ""y"": [46472.15, 29865.32, 37896.09, 12880.44, 35578.67, 43028.52]}], ""meta"": {""created_by"": ""Alexandra King"", ""notes"": ""Bit without such main cold important discover.""}}",2025-10-03T18:41:54
1175,Forecast 1175,"{""forecast_id"": ""FCAST-1175"", ""series"": [{""x"": [""2025-01"", ""2025-02"", ""2025-03"", ""2025-04"", ""2025-05"", ""2025-06""], ""y"": [14513.61, 23093.63, 12094.33, 44164.96, 43976.6, 13925.92]}], ""meta"": {""created_by"": ""Timothy Evans"", ""notes"": ""Machine build free wonder.""}}",2024-12-27T00:02:06
1176,Forecast 1176,"{""forecast_id"": ""FCAST-1176"", ""series"": [{""x"": [""2025-01"", ""2025-02"", ""2025-03"", ""2025-04"", ""2025-05"", ""2025-06""], ""y"": [26765.4, 34125.06, 33211.75, 28506.5, 8159.1, 3339.47]}], ""meta"": {""created_by"": ""Jonathan Foster"", ""notes"": ""Between whether go.""}}",2025-10-10T06:54:24
1177,Forecast 1177,"{""forecast_id"": ""FCAST-1177"", ""series"": [{""x"": [""2025-01"", ""2025-02"", ""2025-03"", ""2025-04"", ""2025-05"", ""2025-06""], ""y"": [17081.21, 21586.28, 30666.5, 24374.37, 46823.78, 49428.03]}], ""meta"": {""created_by"": ""Jack Lamb"", ""notes"": ""Usually shake member finish born physical.""}}",2024-03-30T23:13:56
1178,Forecast 1178,"{""forecast_id"": ""FCAST-1178"", ""series"": [{""x"": [""2025-01"", ""2025-02"", ""2025-03"", ""2025-04"", ""2025-05"", ""2025-06""], ""y"": [33781.39, 27125.75, 38756.31, 26596.86, 43048.55, 14210.83]}], ""meta"": {""created_by"": ""James Parrish"", ""notes"": ""Property right if during way region kitchen.""}}",2024-01-25T10:33:05
1179,Forecast 1179,"{""forecast_id"": ""FCAST-1179"", ""series"": [{""x"": [""2025-01"", ""2025-02"", ""2025-03"", ""2025-04"", ""2025-05"", ""2025-06""], ""y"": [13209.68, 6076.96, 1390.83, 44816.59, 28979.34, 7325.35]}], ""meta"": {""created_by"": ""Felicia Ferguson"", ""notes"": ""Congress west social add never its late house.""}}",2024-02-07T00:25:54
1180,Forecast 1180,"{""forecast_id"": ""FCAST-1180"", ""series"": [{""x"": [""2025-01"", ""2025-02"", ""2025-03"", ""2025-04"", ""2025-05"", ""2025-06""], ""y"": [34872.33, 6642.03, 24458.12, 3124.23, 17014.35, 45062.65]}], ""meta"": {""created_by"": ""Debbie Riley"", ""notes"": ""Democrat prevent visit six base.""}}",2024-02-28T08:41:28
1181,Forecast 1181,"{""forecast_id"": ""FCAST-1181"", ""series"": [{""x"": [""2025-01"", ""2025-02"", ""2025-03"", ""2025-04"", ""2025-05"", ""2025-06""], ""y"": [26410.03, 10443.1, 31884.57, 39434.08, 19156.66, 24158.26]}], ""meta"": {""created_by"": ""Timothy Garcia"", ""notes"": ""Out because party central learn me.""}}",2025-01-30T18:37:52
1182,Forecast 1182,"{""forecast_id"": ""FCAST-1182"", ""series"": [{""x"": [""2025-01"", ""2025-02"", ""2025-03"", ""2025-04"", ""2025-05"", ""2025-06""], ""y"": [29694.65, 43098.03, 7157.39, 12977.26, 3102.63, 14628.75]}], ""meta"": {""created_by"": ""Jared York"", ""notes"": ""College think religious project.""}}",2025-10-24T09:56:40
1183,Forecast 1183,"{""forecast_id"": ""FCAST-1183"", ""series"": [{""x"": [""2025-01"", ""2025-02"", ""2025-03"", ""2025-04"", ""2025-05"", ""2025-06""], ""y"": [22209.03, 15914.95, 46516.12, 8270.7, 30935.98, 28762.1]}], ""meta"": {""created_by"": ""Nicole Rodriguez"", ""notes"": ""Newspaper big bar test wonder would power tree.""}}",2024-06-08T01:34:32
1184,Forecast 1184,"{""forecast_id"": ""FCAST-1184"", ""series"": [{""x"": [""2025-01"", ""2025-02"", ""2025-03"", ""2025-04"", ""2025-05"", ""2025-06""], ""y"": [41325.07, 7930.32, 37127.54, 18432.8, 7681.66, 6625.14]}], ""meta"": {""created_by"": ""Jennifer Wilson"", ""notes"": ""Off avoid although any.""}}",2024-07-08T09:37:00
1185,Forecast 1185,"{""forecast_id"": ""FCAST-1185"", ""series"": [{""x"": [""2025-01"", ""2025-02"", ""2025-03"", ""2025-04"", ""2025-05"", ""2025-06""], ""y"": [36958.1, 23612.08, 43065.11, 43351.64, 26909.49, 30150.37]}], ""meta"": {""created_by"": ""Katie Davis"", ""notes"": ""Policy send popular law rest born.""}}",2024-02-16T12:27:30
1186,Forecast 1186,"{""forecast_id"": ""FCAST-1186"", ""series"": [{""x"": [""2025-01"", ""2025-02"", ""2025-03"", ""2025-04"", ""2025-05"", ""2025-06""], ""y"": [10325.41, 29535.16, 31772.22, 42139.56, 48228.28, 28213.48]}], ""meta"": {""created_by"": ""Christine Hernandez"", ""notes"": ""Response it party consumer through.""}}",2024-06-21T16:10:23
1187,Forecast 1187,"{""forecast_id"": ""FCAST-1187"", ""series"": [{""x"": [""2025-01"", ""2025-02"", ""2025-03"", ""2025-04"", ""2025-05"", ""2025-06""], ""y"": [22081.96, 40502.06, 46212.2, 30864.71, 47274.71, 13793.48]}], ""meta"": {""created_by"": ""Kurt Green"", ""notes"": ""Long company item woman.""}}",2024-03-02T19:10:17
1188,Forecast 1188,"{""forecast_id"": ""FCAST-1188"", ""series"": [{""x"": [""2025-01"", ""2025-02"", ""2025-03"", ""2025-04"", ""2025-05"", ""2025-06""], ""y"": [18664.31, 15618.89, 13709.37, 17035.55, 20006.43, 5147.46]}], ""meta"": {""created_by"": ""Kevin Jones"", ""notes"": ""Order you forget.""}}",2025-02-11T19:13:43
1189,Forecast 1189,"{""forecast_id"": ""FCAST-1189"", ""series"": [{""x"": [""2025-01"", ""2025-02"", ""2025-03"", ""2025-04"", ""2025-05"", ""2025-06""], ""y"": [11918.29, 27559.95, 19178.34, 44365.88, 15534.55, 9994.79]}], ""meta"": {""created_by"": ""James Aguilar"", ""notes"": ""Society identify blood worker outside hot paper itself.""}}",2024-06-28T12:08:01
1190,Forecast 1190,"{""forecast_id"": ""FCAST-1190"", ""series"": [{""x"": [""2025-01"", ""2025-02"", ""2025-03"", ""2025-04"", ""2025-05"", ""2025-06""], ""y"": [41611.86, 8721.0, 33866.68, 7650.86, 43040.79, 10550.24]}], ""meta"": {""created_by"": ""Duane Bradley"", ""notes"": ""Car girl property detail.""}}",2025-09-15T02:55:33
1191,Forecast 1191,"{""forecast_id"": ""FCAST-1191"", ""series"": [{""x"": [""2025-01"", ""2025-02"", ""2025-03"", ""2025-04"", ""2025-05"", ""2025-06""], ""y"": [23418.45, 9972.47, 20922.3, 33145.14, 1917.11, 12367.54]}], ""meta"": {""created_by"": ""Mr. Justin Cummings"", ""notes"": ""Different yes hospital these activity measure.""}}",2025-08-03T20:50:43
1192,Forecast 1192,"{""forecast_id"": ""FCAST-1192"", ""series"": [{""x"": [""2025-01"", ""2025-02"", ""2025-03"", ""2025-04"", ""2025-05"", ""2025-06""], ""y"": [23087.35, 29392.83, 25717.3, 34964.18, 40248.82, 20416.01]}], ""meta"": {""created_by"": ""Alexis Miranda"", ""notes"": ""Seek guess alone natural people plant.""}}",2023-12-16T17:09:36
1193,Forecast 1193,"{""forecast_id"": ""FCAST-1193"", ""series"": [{""x"": [""2025-01"", ""2025-02"", ""2025-03"", ""2025-04"", ""2025-05"", ""2025-06""], ""y"": [41256.17, 41728.56, 2600.81, 39782.02, 49440.25, 32905.13]}], ""meta"": {""created_by"": ""Ethan Gregory"", ""notes"": ""Single type perhaps individual despite present soon soon.""}}",2024-12-15T10:58:36
1194,Forecast 1194,"{""forecast_id"": ""FCAST-1194"", ""series"": [{""x"": [""2025-01"", ""2025-02"", ""2025-03"", ""2025-04"", ""2025-05"", ""2025-06""], ""y"": [35827.03, 44962.13, 28884.96, 14748.41, 37909.9, 48003.9]}], ""meta"": {""created_by"": ""Christopher Mitchell"", ""notes"": ""Too worker admit to teach thank care.""}}",2025-08-20T17:28:18
1195,Forecast 1195,"{""forecast_id"": ""FCAST-1195"", ""series"": [{""x"": [""2025-01"", ""2025-02"", ""2025-03"", ""2025-04"", ""2025-05"", ""2025-06""], ""y"": [8496.54, 40431.17, 5393.86, 33470.54, 24877.48, 44574.16]}], ""meta"": {""created_by"": ""Theresa Aguilar"", ""notes"": ""About daughter start.""}}",2025-07-10T13:01:22
1196,Forecast 1196,"{""forecast_id"": ""FCAST-1196"", ""series"": [{""x"": [""2025-01"", ""2025-02"", ""2025-03"", ""2025-04"", ""2025-05"", ""2025-06""], ""y"": [4156.15, 13911.3, 49683.8, 15802.81, 42232.15, 3863.82]}], ""meta"": {""created_by"": ""Joel Jordan"", ""notes"": ""Baby third major prepare.""}}",2025-04-26T14:32:27
1197,Forecast 1197,"{""forecast_id"": ""FCAST-1197"", ""series"": [{""x"": [""2025-01"", ""2025-02"", ""2025-03"", ""2025-04"", ""2025-05"", ""2025-06""], ""y"": [12190.66, 39903.02, 41901.04, 47415.21, 9005.11, 40938.27]}], ""meta"": {""created_by"": ""Ryan Ingram"", ""notes"": ""Although machine among usually others.""}}",2025-03-18T10:01:55
1198,Forecast 1198,"{""forecast_id"": ""FCAST-1198"", ""series"": [{""x"": [""2025-01"", ""2025-02"", ""2025-03"", ""2025-04"", ""2025-05"", ""2025-06""], ""y"": [30865.6, 14736.22, 20151.33, 9877.53, 37828.72, 36761.8]}], ""meta"": {""created_by"": ""Isaac Ruiz"", ""notes"": ""Fish resource sister citizen much alone.""}}",2025-04-13T14:33:19
1199,Forecast 1199,"{""forecast_id"": ""FCAST-1199"", ""series"": [{""x"": [""2025-01"", ""2025-02"", ""2025-03"", ""2025-04"", ""2025-05"", ""2025-06""], ""y"": [37940.69, 38180.02, 10749.55, 7540.35, 49706.8, 31556.82]}], ""meta"": {""created_by"": ""Bryan Robinson"", ""notes"": ""Section have loss back ever.""}}",2023-11-26T17:57:18
1200,Forecast 1200,"{""forecast_id"": ""FCAST-1200"", ""series"": [{""x"": [""2025-01"", ""2025-02"", ""2025-03"", ""2025-04"", ""2025-05"", ""2025-06""], ""y"": [12454.88, 7678.32, 7587.66, 20662.36, 49583.82, 11560.79]}], ""meta"": {""created_by"": ""Nicole Ryan"", ""notes"": ""Space prevent send occur.""}}",2024-02-16T23:02:53
1201,Forecast 1201,"{""forecast_id"": ""FCAST-1201"", ""series"": [{""x"": [""2025-01"", ""2025-02"", ""2025-03"", ""2025-04"", ""2025-05"", ""2025-06""], ""y"": [44012.92, 12256.37, 11753.52, 13428.31, 23953.86, 4318.32]}], ""meta"": {""created_by"": ""Blake Coleman"", ""notes"": ""Seat land summer television eight oil.""}}",2023-12-19T10:00:30
1202,Forecast 1202,"{""forecast_id"": ""FCAST-1202"", ""series"": [{""x"": [""2025-01"", ""2025-02"", ""2025-03"", ""2025-04"", ""2025-05"", ""2025-06""], ""y"": [34920.64, 33846.05, 21961.04, 23358.42, 46707.92, 1524.6]}], ""meta"": {""created_by"": ""Ricky Carter"", ""notes"": ""Should firm guess just possible development.""}}",2024-11-05T23:37:08
1203,Forecast 1203,"{""forecast_id"": ""FCAST-1203"", ""series"": [{""x"": [""2025-01"", ""2025-02"", ""2025-03"", ""2025-04"", ""2025-05"", ""2025-06""], ""y"": [42939.24, 7957.73, 24441.02, 30888.1, 37794.28, 16444.25]}], ""meta"": {""created_by"": ""Paul Thompson"", ""notes"": ""Support ever game member ability herself field here.""}}",2024-11-14T14:16:49
1204,Forecast 1204,"{""forecast_id"": ""FCAST-1204"", ""series"": [{""x"": [""2025-01"", ""2025-02"", ""2025-03"", ""2025-04"", ""2025-05"", ""2025-06""], ""y"": [45033.61, 3776.61, 14621.71, 19139.56, 3746.45, 47136.54]}], ""meta"": {""created_by"": ""Elizabeth Key"", ""notes"": ""Beat news instead million under too piece.""}}",2024-07-27T10:19:58
1205,Forecast 1205,"{""forecast_id"": ""FCAST-1205"", ""series"": [{""x"": [""2025-01"", ""2025-02"", ""2025-03"", ""2025-04"", ""2025-05"", ""2025-06""], ""y"": [9479.04, 12310.69, 29504.34, 38709.54, 40987.17, 9360.74]}], ""meta"": {""created_by"": ""Lindsay Rogers"", ""notes"": ""Scientist so set follow radio continue history.""}}",2024-01-21T05:06:44
1206,Forecast 1206,"{""forecast_id"": ""FCAST-1206"", ""series"": [{""x"": [""2025-01"", ""2025-02"", ""2025-03"", ""2025-04"", ""2025-05"", ""2025-06""], ""y"": [2423.13, 14271.81, 45977.09, 39827.78, 3286.67, 27469.0]}], ""meta"": {""created_by"": ""Meghan Thomas"", ""notes"": ""Spend job important such Mr someone employee.""}}",2025-05-27T20:40:17
1207,Forecast 1207,"{""forecast_id"": ""FCAST-1207"", ""series"": [{""x"": [""2025-01"", ""2025-02"", ""2025-03"", ""2025-04"", ""2025-05"", ""2025-06""], ""y"": [23464.18, 47380.85, 40178.19, 40665.47, 40061.0, 45946.3]}], ""meta"": {""created_by"": ""Megan Fowler"", ""notes"": ""Magazine campaign likely world safe.""}}",2024-01-09T09:23:37
1208,Forecast 1208,"{""forecast_id"": ""FCAST-1208"", ""series"": [{""x"": [""2025-01"", ""2025-02"", ""2025-03"", ""2025-04"", ""2025-05"", ""2025-06""], ""y"": [1802.89, 23256.73, 8989.17, 9006.92, 40056.37, 15341.03]}], ""meta"": {""created_by"": ""David Price"", ""notes"": ""Summer change former teach section page popular.""}}",2024-12-27T08:22:35
1209,Forecast 1209,"{""forecast_id"": ""FCAST-1209"", ""series"": [{""x"": [""2025-01"", ""2025-02"", ""2025-03"", ""2025-04"", ""2025-05"", ""2025-06""], ""y"": [44172.92, 3865.99, 40901.89, 36388.4, 45898.3, 13688.23]}], ""meta"": {""created_by"": ""Sherri Hull"", ""notes"": ""Professional daughter now remain nation identify argue.""}}",2024-05-05T22:43:16
1210,Forecast 1210,"{""forecast_id"": ""FCAST-1210"", ""series"": [{""x"": [""2025-01"", ""2025-02"", ""2025-03"", ""2025-04"", ""2025-05"", ""2025-06""], ""y"": [44271.79, 23665.93, 39033.21, 5977.92, 45949.87, 32467.46]}], ""meta"": {""created_by"": ""Sean Perkins"", ""notes"": ""Measure answer show wish throughout.""}}",2025-05-31T22:54:39
1211,Forecast 1211,"{""forecast_id"": ""FCAST-1211"", ""series"": [{""x"": [""2025-01"", ""2025-02"", ""2025-03"", ""2025-04"", ""2025-05"", ""2025-06""], ""y"": [34858.21, 16734.63, 13762.06, 6187.67, 39546.33, 30435.29]}], ""meta"": {""created_by"": ""Tracy Oliver"", ""notes"": ""Continue once history nor trial same.""}}",2024-12-15T05:50:31
1212,Forecast 1212,"{""forecast_id"": ""FCAST-1212"", ""series"": [{""x"": [""2025-01"", ""2025-02"", ""2025-03"", ""2025-04"", ""2025-05"", ""2025-06""], ""y"": [43251.01, 46357.31, 3452.28, 18628.28, 27539.58, 27304.32]}], ""meta"": {""created_by"": ""Ashley Hernandez"", ""notes"": ""Direction realize talk manage huge.""}}",2024-11-09T07:27:01
1213,Forecast 1213,"{""forecast_id"": ""FCAST-1213"", ""series"": [{""x"": [""2025-01"", ""2025-02"", ""2025-03"", ""2025-04"", ""2025-05"", ""2025-06""], ""y"": [46104.41, 8550.22, 34204.27, 31817.19, 17634.44, 43738.28]}], ""meta"": {""created_by"": ""Mark Jackson"", ""notes"": ""East leave mother example probably.""}}",2025-06-10T18:51:39
1214,Forecast 1214,"{""forecast_id"": ""FCAST-1214"", ""series"": [{""x"": [""2025-01"", ""2025-02"", ""2025-03"", ""2025-04"", ""2025-05"", ""2025-06""], ""y"": [4140.36, 8622.04, 30341.06, 40330.56, 29661.73, 34716.54]}], ""meta"": {""created_by"": ""Kimberly White"", ""notes"": ""Fear morning serious.""}}",2025-05-03T02:15:29
1215,Forecast 1215,"{""forecast_id"": ""FCAST-1215"", ""series"": [{""x"": [""2025-01"", ""2025-02"", ""2025-03"", ""2025-04"", ""2025-05"", ""2025-06""], ""y"": [19878.59, 38154.22, 14805.62, 13481.4, 25849.53, 37235.38]}], ""meta"": {""created_by"": ""Willie Davenport"", ""notes"": ""Easy defense to technology.""}}",2025-02-09T14:22:39
1216,Forecast 1216,"{""forecast_id"": ""FCAST-1216"", ""series"": [{""x"": [""2025-01"", ""2025-02"", ""2025-03"", ""2025-04"", ""2025-05"", ""2025-06""], ""y"": [47410.56, 24787.92, 31732.85, 23117.11, 38701.63, 4739.15]}], ""meta"": {""created_by"": ""Erin Burke"", ""notes"": ""Include know water our always true concern.""}}",2023-11-26T21:16:42
1217,Forecast 1217,"{""forecast_id"": ""FCAST-1217"", ""series"": [{""x"": [""2025-01"", ""2025-02"", ""2025-03"", ""2025-04"", ""2025-05"", ""2025-06""], ""y"": [10129.04, 7369.55, 5211.68, 3310.17, 27014.88, 48334.5]}], ""meta"": {""created_by"": ""Jason Ross"", ""notes"": ""Already tonight stuff.""}}",2025-01-22T03:40:22
1218,Forecast 1218,"{""forecast_id"": ""FCAST-1218"", ""series"": [{""x"": [""2025-01"", ""2025-02"", ""2025-03"", ""2025-04"", ""2025-05"", ""2025-06""], ""y"": [3056.22, 35147.56, 49143.49, 28087.15, 40559.78, 37394.62]}], ""meta"": {""created_by"": ""Julie Stevens"", ""notes"": ""Reach ground simple way nice.""}}",2025-03-16T08:58:03
1219,Forecast 1219,"{""forecast_id"": ""FCAST-1219"", ""series"": [{""x"": [""2025-01"", ""2025-02"", ""2025-03"", ""2025-04"", ""2025-05"", ""2025-06""], ""y"": [3449.83, 45900.21, 48823.9, 4622.76, 42897.83, 43284.74]}], ""meta"": {""created_by"": ""Melissa Stephens"", ""notes"": ""Participant maybe miss argue of term know pay.""}}",2024-10-06T13:16:51
1220,Forecast 1220,"{""forecast_id"": ""FCAST-1220"", ""series"": [{""x"": [""2025-01"", ""2025-02"", ""2025-03"", ""2025-04"", ""2025-05"", ""2025-06""], ""y"": [24751.83, 34985.71, 40098.95, 46694.09, 30314.95, 18273.57]}], ""meta"": {""created_by"": ""Debra Shannon"", ""notes"": ""Present employee identify threat something it.""}}",2024-05-18T20:45:14
1221,Forecast 1221,"{""forecast_id"": ""FCAST-1221"", ""series"": [{""x"": [""2025-01"", ""2025-02"", ""2025-03"", ""2025-04"", ""2025-05"", ""2025-06""], ""y"": [29800.09, 31351.89, 13339.14, 18393.02, 30310.7, 37025.71]}], ""meta"": {""created_by"": ""Sharon Nicholson"", ""notes"": ""Senior with heart increase thing.""}}",2025-07-12T12:27:13
1222,Forecast 1222,"{""forecast_id"": ""FCAST-1222"", ""series"": [{""x"": [""2025-01"", ""2025-02"", ""2025-03"", ""2025-04"", ""2025-05"", ""2025-06""], ""y"": [44972.59, 6360.21, 5999.16, 9599.64, 45360.49, 47321.98]}], ""meta"": {""created_by"": ""Michelle Brown"", ""notes"": ""Window stand view firm treat leave east.""}}",2025-01-30T02:45:54
1223,Forecast 1223,"{""forecast_id"": ""FCAST-1223"", ""series"": [{""x"": [""2025-01"", ""2025-02"", ""2025-03"", ""2025-04"", ""2025-05"", ""2025-06""], ""y"": [37673.48, 13238.89, 28320.26, 9907.61, 2051.74, 43000.6]}], ""meta"": {""created_by"": ""Michael Brown"", ""notes"": ""Skill necessary probably Mrs agent debate.""}}",2024-11-23T03:47:45
1224,Forecast 1224,"{""forecast_id"": ""FCAST-1224"", ""series"": [{""x"": [""2025-01"", ""2025-02"", ""2025-03"", ""2025-04"", ""2025-05"", ""2025-06""], ""y"": [8333.02, 6536.36, 9631.23, 34277.23, 34569.86, 13772.98]}], ""meta"": {""created_by"": ""Jennifer Hall"", ""notes"": ""High operation affect garden lawyer job far.""}}",2024-04-29T14:02:59
1225,Forecast 1225,"{""forecast_id"": ""FCAST-1225"", ""series"": [{""x"": [""2025-01"", ""2025-02"", ""2025-03"", ""2025-04"", ""2025-05"", ""2025-06""], ""y"": [44074.43, 19742.51, 47947.59, 45529.81, 37261.86, 1073.88]}], ""meta"": {""created_by"": ""Natalie Jones"", ""notes"": ""This someone doctor join interesting.""}}",2025-01-15T07:14:01
1226,Forecast 1226,"{""forecast_id"": ""FCAST-1226"", ""series"": [{""x"": [""2025-01"", ""2025-02"", ""2025-03"", ""2025-04"", ""2025-05"", ""2025-06""], ""y"": [27439.34, 10579.6, 48831.94, 15426.95, 22698.11, 45337.33]}], ""meta"": {""created_by"": ""Laurie Patterson"", ""notes"": ""Care cause course lot class raise out.""}}",2025-01-09T00:46:32
1227,Forecast 1227,"{""forecast_id"": ""FCAST-1227"", ""series"": [{""x"": [""2025-01"", ""2025-02"", ""2025-03"", ""2025-04"", ""2025-05"", ""2025-06""], ""y"": [1907.56, 25607.96, 26409.68, 25920.15, 29425.42, 17199.09]}], ""meta"": {""created_by"": ""Brad Banks"", ""notes"": ""Follow adult drug weight.""}}",2024-12-06T01:47:19
1228,Forecast 1228,"{""forecast_id"": ""FCAST-1228"", ""series"": [{""x"": [""2025-01"", ""2025-02"", ""2025-03"", ""2025-04"", ""2025-05"", ""2025-06""], ""y"": [14277.14, 2019.67, 9144.3, 43148.89, 31078.63, 19498.63]}], ""meta"": {""created_by"": ""Michael Orozco"", ""notes"": ""Television dream edge almost everyone site talk.""}}",2024-03-12T17:06:11
1229,Forecast 1229,"{""forecast_id"": ""FCAST-1229"", ""series"": [{""x"": [""2025-01"", ""2025-02"", ""2025-03"", ""2025-04"", ""2025-05"", ""2025-06""], ""y"": [25866.86, 18118.68, 30991.79, 43872.84, 10283.86, 34411.68]}], ""meta"": {""created_by"": ""Erin Burns"", ""notes"": ""Value if bed knowledge age popular southern.""}}",2025-03-30T03:53:53
1230,Forecast 1230,"{""forecast_id"": ""FCAST-1230"", ""series"": [{""x"": [""2025-01"", ""2025-02"", ""2025-03"", ""2025-04"", ""2025-05"", ""2025-06""], ""y"": [25344.92, 31571.79, 45284.91, 20465.79, 32098.38, 11250.95]}], ""meta"": {""created_by"": ""Mary Cohen"", ""notes"": ""Attention Mr new agree fine blood.""}}",2024-05-05T17:02:04
1231,Forecast 1231,"{""forecast_id"": ""FCAST-1231"", ""series"": [{""x"": [""2025-01"", ""2025-02"", ""2025-03"", ""2025-04"", ""2025-05"", ""2025-06""], ""y"": [47433.8, 30288.9, 16510.09, 12425.4, 10064.34, 46142.81]}], ""meta"": {""created_by"": ""Christina Gilmore"", ""notes"": ""Anything end resource former around production especially.""}}",2024-07-23T06:26:46
1232,Forecast 1232,"{""forecast_id"": ""FCAST-1232"", ""series"": [{""x"": [""2025-01"", ""2025-02"", ""2025-03"", ""2025-04"", ""2025-05"", ""2025-06""], ""y"": [24234.1, 39944.73, 8840.88, 18575.94, 8526.94, 21499.68]}], ""meta"": {""created_by"": ""Kevin Hernandez"", ""notes"": ""Often hit rest one quite everything.""}}",2025-02-10T09:23:48
1233,Forecast 1233,"{""forecast_id"": ""FCAST-1233"", ""series"": [{""x"": [""2025-01"", ""2025-02"", ""2025-03"", ""2025-04"", ""2025-05"", ""2025-06""], ""y"": [44405.29, 18115.19, 5102.03, 40666.54, 7557.24, 33051.87]}], ""meta"": {""created_by"": ""Melinda Anderson"", ""notes"": ""She old travel watch.""}}",2024-05-25T18:21:23
1234,Forecast 1234,"{""forecast_id"": ""FCAST-1234"", ""series"": [{""x"": [""2025-01"", ""2025-02"", ""2025-03"", ""2025-04"", ""2025-05"", ""2025-06""], ""y"": [29062.53, 46444.88, 8394.56, 15006.04, 4495.46, 46278.97]}], ""meta"": {""created_by"": ""Shannon Green"", ""notes"": ""First reason although require happen financial.""}}",2025-08-02T21:53:12
1235,Forecast 1235,"{""forecast_id"": ""FCAST-1235"", ""series"": [{""x"": [""2025-01"", ""2025-02"", ""2025-03"", ""2025-04"", ""2025-05"", ""2025-06""], ""y"": [47797.46, 38661.64, 11699.95, 8430.1, 16569.56, 38115.09]}], ""meta"": {""created_by"": ""Robert Harrison"", ""notes"": ""Similar on remember finish hospital girl couple common.""}}",2024-12-18T09:19:28
1236,Forecast 1236,"{""forecast_id"": ""FCAST-1236"", ""series"": [{""x"": [""2025-01"", ""2025-02"", ""2025-03"", ""2025-04"", ""2025-05"", ""2025-06""], ""y"": [35355.44, 20708.94, 22358.69, 23700.35, 36289.88, 8554.3]}], ""meta"": {""created_by"": ""Brandon Love"", ""notes"": ""Right benefit decision hair could American.""}}",2024-12-28T16:20:07
1237,Forecast 1237,"{""forecast_id"": ""FCAST-1237"", ""series"": [{""x"": [""2025-01"", ""2025-02"", ""2025-03"", ""2025-04"", ""2025-05"", ""2025-06""], ""y"": [21021.67, 41506.74, 36413.27, 33539.93, 47743.81, 3094.52]}], ""meta"": {""created_by"": ""Ricky Kennedy"", ""notes"": ""Every player official compare high government energy.""}}",2024-07-13T01:07:54
1238,Forecast 1238,"{""forecast_id"": ""FCAST-1238"", ""series"": [{""x"": [""2025-01"", ""2025-02"", ""2025-03"", ""2025-04"", ""2025-05"", ""2025-06""], ""y"": [19472.18, 17426.0, 13701.24, 26204.23, 32669.05, 28010.02]}], ""meta"": {""created_by"": ""Jonathan Kent"", ""notes"": ""Region commercial region article.""}}",2024-07-25T17:38:23
1239,Forecast 1239,"{""forecast_id"": ""FCAST-1239"", ""series"": [{""x"": [""2025-01"", ""2025-02"", ""2025-03"", ""2025-04"", ""2025-05"", ""2025-06""], ""y"": [5757.71, 11033.37, 6241.49, 33080.36, 38253.87, 2981.93]}], ""meta"": {""created_by"": ""Antonio Martin MD"", ""notes"": ""Page make foreign indeed.""}}",2025-08-10T05:04:28
1240,Forecast 1240,"{""forecast_id"": ""FCAST-1240"", ""series"": [{""x"": [""2025-01"", ""2025-02"", ""2025-03"", ""2025-04"", ""2025-05"", ""2025-06""], ""y"": [14357.96, 27187.2, 42698.58, 35514.25, 8694.66, 41127.18]}], ""meta"": {""created_by"": ""Daniel Chavez"", ""notes"": ""Visit me figure mission when.""}}",2024-03-17T02:04:36
1241,Forecast 1241,"{""forecast_id"": ""FCAST-1241"", ""series"": [{""x"": [""2025-01"", ""2025-02"", ""2025-03"", ""2025-04"", ""2025-05"", ""2025-06""], ""y"": [5101.69, 42674.68, 5623.7, 41612.95, 39323.44, 19233.55]}], ""meta"": {""created_by"": ""Nancy Ramos"", ""notes"": ""True mean after serious.""}}",2024-07-26T10:56:18
1242,Forecast 1242,"{""forecast_id"": ""FCAST-1242"", ""series"": [{""x"": [""2025-01"", ""2025-02"", ""2025-03"", ""2025-04"", ""2025-05"", ""2025-06""], ""y"": [15507.55, 33474.57, 44288.35, 35850.21, 27377.99, 43616.78]}], ""meta"": {""created_by"": ""Christian Anderson"", ""notes"": ""Church own action line training establish both.""}}",2025-03-29T16:57:58
1243,Forecast 1243,"{""forecast_id"": ""FCAST-1243"", ""series"": [{""x"": [""2025-01"", ""2025-02"", ""2025-03"", ""2025-04"", ""2025-05"", ""2025-06""], ""y"": [27628.55, 27253.49, 49580.26, 15599.76, 1413.37, 38415.22]}], ""meta"": {""created_by"": ""Tammy Parsons"", ""notes"": ""Someone author treat grow customer school.""}}",2024-12-24T21:35:52
1244,Forecast 1244,"{""forecast_id"": ""FCAST-1244"", ""series"": [{""x"": [""2025-01"", ""2025-02"", ""2025-03"", ""2025-04"", ""2025-05"", ""2025-06""], ""y"": [6377.03, 17009.11, 28257.33, 3865.89, 16155.89, 15974.14]}], ""meta"": {""created_by"": ""Jessica Tucker"", ""notes"": ""Floor maybe threat seem.""}}",2025-08-16T09:23:44
1245,Forecast 1245,"{""forecast_id"": ""FCAST-1245"", ""series"": [{""x"": [""2025-01"", ""2025-02"", ""2025-03"", ""2025-04"", ""2025-05"", ""2025-06""], ""y"": [7544.7, 42004.19, 1047.04, 39936.01, 9705.41, 46475.36]}], ""meta"": {""created_by"": ""Denise Williams"", ""notes"": ""Example century staff before measure enough.""}}",2024-01-27T13:36:20
1246,Forecast 1246,"{""forecast_id"": ""FCAST-1246"", ""series"": [{""x"": [""2025-01"", ""2025-02"", ""2025-03"", ""2025-04"", ""2025-05"", ""2025-06""], ""y"": [45862.75, 25393.57, 32275.77, 24541.64, 41763.51, 26518.27]}], ""meta"": {""created_by"": ""William Wright"", ""notes"": ""Together difficult month any alone wish a.""}}",2025-07-23T11:04:32
1247,Forecast 1247,"{""forecast_id"": ""FCAST-1247"", ""series"": [{""x"": [""2025-01"", ""2025-02"", ""2025-03"", ""2025-04"", ""2025-05"", ""2025-06""], ""y"": [39020.98, 48028.37, 32252.49, 14806.68, 43640.6, 37697.78]}], ""meta"": {""created_by"": ""Benjamin Nelson"", ""notes"": ""Let ok heart everything message level.""}}",2025-02-26T11:23:19
1248,Forecast 1248,"{""forecast_id"": ""FCAST-1248"", ""series"": [{""x"": [""2025-01"", ""2025-02"", ""2025-03"", ""2025-04"", ""2025-05"", ""2025-06""], ""y"": [38978.47, 6818.85, 22331.88, 7335.76, 15513.52, 9834.34]}], ""meta"": {""created_by"": ""Lisa Green"", ""notes"": ""All seat sell five.""}}",2024-10-04T14:58:42
1249,Forecast 1249,"{""forecast_id"": ""FCAST-1249"", ""series"": [{""x"": [""2025-01"", ""2025-02"", ""2025-03"", ""2025-04"", ""2025-05"", ""2025-06""], ""y"": [30915.24, 36028.09, 22369.82, 8096.7, 4680.08, 9968.06]}], ""meta"": {""created_by"": ""Robert Merritt"", ""notes"": ""Former marriage week now.""}}",2025-09-25T12:11:48
1250,Forecast 1250,"{""forecast_id"": ""FCAST-1250"", ""series"": [{""x"": [""2025-01"", ""2025-02"", ""2025-03"", ""2025-04"", ""2025-05"", ""2025-06""], ""y"": [15976.28, 4134.23, 14931.78, 30974.98, 27062.98, 39996.05]}], ""meta"": {""created_by"": ""Amy Brandt"", ""notes"": ""Especially fact factor method.""}}",2024-02-24T10:14:43
1251,Forecast 1251,"{""forecast_id"": ""FCAST-1251"", ""series"": [{""x"": [""2025-01"", ""2025-02"", ""2025-03"", ""2025-04"", ""2025-05"", ""2025-06""], ""y"": [6525.63, 36904.21, 46945.38, 45934.79, 28849.25, 43231.74]}], ""meta"": {""created_by"": ""Warren Stevens"", ""notes"": ""Environment big all officer tonight.""}}",2024-07-24T20:03:35
1252,Forecast 1252,"{""forecast_id"": ""FCAST-1252"", ""series"": [{""x"": [""2025-01"", ""2025-02"", ""2025-03"", ""2025-04"", ""2025-05"", ""2025-06""], ""y"": [43426.21, 5412.33, 43272.34, 22879.16, 41443.74, 20906.31]}], ""meta"": {""created_by"": ""Brittany Hayes"", ""notes"": ""Subject edge low we.""}}",2025-05-24T12:32:00
1253,Forecast 1253,"{""forecast_id"": ""FCAST-1253"", ""series"": [{""x"": [""2025-01"", ""2025-02"", ""2025-03"", ""2025-04"", ""2025-05"", ""2025-06""], ""y"": [30861.11, 48861.45, 14606.57, 34842.08, 5730.22, 8883.3]}], ""meta"": {""created_by"": ""Linda Miller"", ""notes"": ""Attack push purpose way matter spring history.""}}",2024-04-27T17:17:05
1254,Forecast 1254,"{""forecast_id"": ""FCAST-1254"", ""series"": [{""x"": [""2025-01"", ""2025-02"", ""2025-03"", ""2025-04"", ""2025-05"", ""2025-06""], ""y"": [35217.14, 6433.79, 27928.08, 3793.64, 43883.99, 21690.17]}], ""meta"": {""created_by"": ""Amanda Smith"", ""notes"": ""Sport defense prepare.""}}",2025-08-23T07:49:00
1255,Forecast 1255,"{""forecast_id"": ""FCAST-1255"", ""series"": [{""x"": [""2025-01"", ""2025-02"", ""2025-03"", ""2025-04"", ""2025-05"", ""2025-06""], ""y"": [2025.9, 34721.26, 9236.48, 1104.42, 1263.75, 46876.06]}], ""meta"": {""created_by"": ""Leslie Smith"", ""notes"": ""Seven woman health machine some discussion.""}}",2025-07-13T06:08:00
1256,Forecast 1256,"{""forecast_id"": ""FCAST-1256"", ""series"": [{""x"": [""2025-01"", ""2025-02"", ""2025-03"", ""2025-04"", ""2025-05"", ""2025-06""], ""y"": [37651.79, 27422.83, 10476.2, 20405.45, 43775.44, 1188.59]}], ""meta"": {""created_by"": ""Oscar Boyer"", ""notes"": ""Quickly pattern body source firm.""}}",2025-01-26T07:12:13
1257,Forecast 1257,"{""forecast_id"": ""FCAST-1257"", ""series"": [{""x"": [""2025-01"", ""2025-02"", ""2025-03"", ""2025-04"", ""2025-05"", ""2025-06""], ""y"": [31958.61, 17005.24, 9793.56, 12969.32, 26943.55, 12512.22]}], ""meta"": {""created_by"": ""Joanna Miller"", ""notes"": ""Various alone no simply almost image.""}}",2025-07-28T17:23:37
1258,Forecast 1258,"{""forecast_id"": ""FCAST-1258"", ""series"": [{""x"": [""2025-01"", ""2025-02"", ""2025-03"", ""2025-04"", ""2025-05"", ""2025-06""], ""y"": [35779.43, 46830.56, 28104.39, 8930.1, 21478.56, 40705.52]}], ""meta"": {""created_by"": ""Lisa Owen"", ""notes"": ""Most just how society walk maybe second.""}}",2025-04-01T22:47:16
1259,Forecast 1259,"{""forecast_id"": ""FCAST-1259"", ""series"": [{""x"": [""2025-01"", ""2025-02"", ""2025-03"", ""2025-04"", ""2025-05"", ""2025-06""], ""y"": [9374.89, 39139.32, 38598.01, 4059.94, 23103.99, 27165.11]}], ""meta"": {""created_by"": ""April Zuniga"", ""notes"": ""Let century article trade party front economy try.""}}",2025-07-18T03:25:28
1260,Forecast 1260,"{""forecast_id"": ""FCAST-1260"", ""series"": [{""x"": [""2025-01"", ""2025-02"", ""2025-03"", ""2025-04"", ""2025-05"", ""2025-06""], ""y"": [22177.58, 41309.11, 38058.04, 46744.56, 43031.93, 9688.21]}], ""meta"": {""created_by"": ""Matthew Davis"", ""notes"": ""Whatever your six last stay.""}}",2024-03-23T19:21:04
1261,Forecast 1261,"{""forecast_id"": ""FCAST-1261"", ""series"": [{""x"": [""2025-01"", ""2025-02"", ""2025-03"", ""2025-04"", ""2025-05"", ""2025-06""], ""y"": [28234.69, 44587.23, 44218.69, 25578.48, 44754.88, 33985.57]}], ""meta"": {""created_by"": ""Jeffrey Oliver"", ""notes"": ""Significant skin example ten plant will out.""}}",2025-06-17T17:58:23
1262,Forecast 1262,"{""forecast_id"": ""FCAST-1262"", ""series"": [{""x"": [""2025-01"", ""2025-02"", ""2025-03"", ""2025-04"", ""2025-05"", ""2025-06""], ""y"": [44255.43, 10988.49, 40913.31, 20967.94, 37602.21, 25777.25]}], ""meta"": {""created_by"": ""Michael Berg"", ""notes"": ""Thank investment ground near learn exist.""}}",2025-09-05T19:53:27
1263,Forecast 1263,"{""forecast_id"": ""FCAST-1263"", ""series"": [{""x"": [""2025-01"", ""2025-02"", ""2025-03"", ""2025-04"", ""2025-05"", ""2025-06""], ""y"": [32114.99, 44280.37, 48210.28, 45739.5, 37752.08, 38630.22]}], ""meta"": {""created_by"": ""Robert Warner"", ""notes"": ""Skin show notice more.""}}",2024-07-26T19:49:29
1264,Forecast 1264,"{""forecast_id"": ""FCAST-1264"", ""series"": [{""x"": [""2025-01"", ""2025-02"", ""2025-03"", ""2025-04"", ""2025-05"", ""2025-06""], ""y"": [9674.62, 23288.91, 13143.78, 28055.35, 48291.48, 6324.35]}], ""meta"": {""created_by"": ""Kevin Miles"", ""notes"": ""Music south establish discover brother.""}}",2025-10-28T21:35:59
1265,Forecast 1265,"{""forecast_id"": ""FCAST-1265"", ""series"": [{""x"": [""2025-01"", ""2025-02"", ""2025-03"", ""2025-04"", ""2025-05"", ""2025-06""], ""y"": [48684.23, 10303.72, 33527.38, 39764.0, 10855.13, 12054.83]}], ""meta"": {""created_by"": ""Luis Mitchell"", ""notes"": ""Year everyone it behind rest for.""}}",2025-03-13T00:24:37
1266,Forecast 1266,"{""forecast_id"": ""FCAST-1266"", ""series"": [{""x"": [""2025-01"", ""2025-02"", ""2025-03"", ""2025-04"", ""2025-05"", ""2025-06""], ""y"": [30829.92, 5858.32, 27487.65, 25896.99, 48570.01, 18117.05]}], ""meta"": {""created_by"": ""Bryan Daniels"", ""notes"": ""Again health mention risk central operation career.""}}",2024-09-19T03:52:32
1267,Forecast 1267,"{""forecast_id"": ""FCAST-1267"", ""series"": [{""x"": [""2025-01"", ""2025-02"", ""2025-03"", ""2025-04"", ""2025-05"", ""2025-06""], ""y"": [10154.91, 37121.48, 36687.82, 4101.73, 24366.67, 35704.11]}], ""meta"": {""created_by"": ""Thomas Mcknight"", ""notes"": ""Study management maintain throw behind yet far.""}}",2024-01-09T17:23:53
1268,Forecast 1268,"{""forecast_id"": ""FCAST-1268"", ""series"": [{""x"": [""2025-01"", ""2025-02"", ""2025-03"", ""2025-04"", ""2025-05"", ""2025-06""], ""y"": [38448.44, 47107.75, 1969.46, 47680.71, 24631.65, 19896.49]}], ""meta"": {""created_by"": ""Mr. Luis Baxter"", ""notes"": ""Design describe ten no big.""}}",2025-06-24T18:03:26
1269,Forecast 1269,"{""forecast_id"": ""FCAST-1269"", ""series"": [{""x"": [""2025-01"", ""2025-02"", ""2025-03"", ""2025-04"", ""2025-05"", ""2025-06""], ""y"": [32881.49, 21702.1, 31828.33, 19141.47, 29518.06, 1307.42]}], ""meta"": {""created_by"": ""Michael Merritt"", ""notes"": ""Coach step exactly gun Republican wait stop.""}}",2025-08-22T07:58:37
1270,Forecast 1270,"{""forecast_id"": ""FCAST-1270"", ""series"": [{""x"": [""2025-01"", ""2025-02"", ""2025-03"", ""2025-04"", ""2025-05"", ""2025-06""], ""y"": [45043.84, 27373.09, 5922.11, 33055.27, 14053.65, 38745.9]}], ""meta"": {""created_by"": ""Derrick Allen"", ""notes"": ""But network whatever college beyond.""}}",2024-09-02T10:28:19
1271,Forecast 1271,"{""forecast_id"": ""FCAST-1271"", ""series"": [{""x"": [""2025-01"", ""2025-02"", ""2025-03"", ""2025-04"", ""2025-05"", ""2025-06""], ""y"": [31437.33, 23887.36, 22785.14, 21077.83, 23571.57, 25655.23]}], ""meta"": {""created_by"": ""Felicia Soto"", ""notes"": ""Technology chair seven.""}}",2025-04-24T03:05:22
1272,Forecast 1272,"{""forecast_id"": ""FCAST-1272"", ""series"": [{""x"": [""2025-01"", ""2025-02"", ""2025-03"", ""2025-04"", ""2025-05"", ""2025-06""], ""y"": [6422.78, 48526.91, 21530.96, 42808.21, 32519.32, 27509.87]}], ""meta"": {""created_by"": ""Cassandra Zhang"", ""notes"": ""Left indicate sure.""}}",2024-04-10T12:28:06
1273,Forecast 1273,"{""forecast_id"": ""FCAST-1273"", ""series"": [{""x"": [""2025-01"", ""2025-02"", ""2025-03"", ""2025-04"", ""2025-05"", ""2025-06""], ""y"": [15646.52, 33376.32, 9731.56, 34102.29, 49543.11, 41273.52]}], ""meta"": {""created_by"": ""Joann Bradley"", ""notes"": ""Scene heavy collection follow.""}}",2025-01-31T03:11:59
1274,Forecast 1274,"{""forecast_id"": ""FCAST-1274"", ""series"": [{""x"": [""2025-01"", ""2025-02"", ""2025-03"", ""2025-04"", ""2025-05"", ""2025-06""], ""y"": [8383.09, 20148.67, 19063.33, 47713.71, 20563.43, 19839.14]}], ""meta"": {""created_by"": ""Christine Garcia MD"", ""notes"": ""None among week.""}}",2025-05-12T09:33:13
1275,Forecast 1275,"{""forecast_id"": ""FCAST-1275"", ""series"": [{""x"": [""2025-01"", ""2025-02"", ""2025-03"", ""2025-04"", ""2025-05"", ""2025-06""], ""y"": [9369.93, 43624.0, 29162.56, 5615.84, 16859.97, 11002.86]}], ""meta"": {""created_by"": ""Wendy Kelley"", ""notes"": ""Push property heart.""}}",2024-05-03T02:49:25
1276,Forecast 1276,"{""forecast_id"": ""FCAST-1276"", ""series"": [{""x"": [""2025-01"", ""2025-02"", ""2025-03"", ""2025-04"", ""2025-05"", ""2025-06""], ""y"": [31220.39, 30065.65, 44664.35, 8962.87, 16981.36, 30514.85]}], ""meta"": {""created_by"": ""Melanie James"", ""notes"": ""Owner situation size why.""}}",2025-02-24T19:32:33
1277,Forecast 1277,"{""forecast_id"": ""FCAST-1277"", ""series"": [{""x"": [""2025-01"", ""2025-02"", ""2025-03"", ""2025-04"", ""2025-05"", ""2025-06""], ""y"": [33886.96, 31785.45, 1442.59, 22772.54, 15595.21, 7688.68]}], ""meta"": {""created_by"": ""Jeff Rice"", ""notes"": ""Hit field somebody region listen forget whom.""}}",2025-04-22T12:40:50
1278,Forecast 1278,"{""forecast_id"": ""FCAST-1278"", ""series"": [{""x"": [""2025-01"", ""2025-02"", ""2025-03"", ""2025-04"", ""2025-05"", ""2025-06""], ""y"": [43221.01, 2101.27, 14137.74, 24283.8, 38476.78, 21188.28]}], ""meta"": {""created_by"": ""Walter Bowers"", ""notes"": ""Realize forget fall game situation population all.""}}",2024-04-12T11:12:41
1279,Forecast 1279,"{""forecast_id"": ""FCAST-1279"", ""series"": [{""x"": [""2025-01"", ""2025-02"", ""2025-03"", ""2025-04"", ""2025-05"", ""2025-06""], ""y"": [29923.02, 49853.78, 4083.53, 22455.77, 31318.06, 24737.13]}], ""meta"": {""created_by"": ""Justin Gonzales"", ""notes"": ""Each hit though on market happen win.""}}",2024-04-16T19:09:36
1280,Forecast 1280,"{""forecast_id"": ""FCAST-1280"", ""series"": [{""x"": [""2025-01"", ""2025-02"", ""2025-03"", ""2025-04"", ""2025-05"", ""2025-06""], ""y"": [28559.36, 28109.04, 30169.16, 16042.68, 34306.07, 13490.59]}], ""meta"": {""created_by"": ""Alex Pollard"", ""notes"": ""Cup administration others.""}}",2024-12-02T20:41:08
1281,Forecast 1281,"{""forecast_id"": ""FCAST-1281"", ""series"": [{""x"": [""2025-01"", ""2025-02"", ""2025-03"", ""2025-04"", ""2025-05"", ""2025-06""], ""y"": [18245.22, 31272.54, 28977.95, 20875.78, 4688.13, 25943.89]}], ""meta"": {""created_by"": ""Elizabeth Dennis"", ""notes"": ""Present energy keep ball like meeting least standard.""}}",2024-04-13T15:55:54
1282,Forecast 1282,"{""forecast_id"": ""FCAST-1282"", ""series"": [{""x"": [""2025-01"", ""2025-02"", ""2025-03"", ""2025-04"", ""2025-05"", ""2025-06""], ""y"": [40333.66, 40297.15, 42502.01, 6514.68, 23640.12, 15159.79]}], ""meta"": {""created_by"": ""Gregory Lindsey"", ""notes"": ""Director avoid project remain.""}}",2024-08-18T16:39:41
1283,Forecast 1283,"{""forecast_id"": ""FCAST-1283"", ""series"": [{""x"": [""2025-01"", ""2025-02"", ""2025-03"", ""2025-04"", ""2025-05"", ""2025-06""], ""y"": [23458.44, 47242.47, 17824.77, 20534.73, 29494.72, 40612.94]}], ""meta"": {""created_by"": ""Melissa Long"", ""notes"": ""Gun program safe black rule result Democrat send.""}}",2025-08-16T11:40:35
1284,Forecast 1284,"{""forecast_id"": ""FCAST-1284"", ""series"": [{""x"": [""2025-01"", ""2025-02"", ""2025-03"", ""2025-04"", ""2025-05"", ""2025-06""], ""y"": [6234.07, 19660.21, 39043.88, 27151.51, 13995.83, 16485.82]}], ""meta"": {""created_by"": ""Nicholas Gilmore"", ""notes"": ""Painting never force quickly industry.""}}",2024-12-05T14:43:30
1285,Forecast 1285,"{""forecast_id"": ""FCAST-1285"", ""series"": [{""x"": [""2025-01"", ""2025-02"", ""2025-03"", ""2025-04"", ""2025-05"", ""2025-06""], ""y"": [39824.43, 9166.6, 32360.48, 40503.97, 43916.08, 17006.68]}], ""meta"": {""created_by"": ""Austin Hall"", ""notes"": ""Middle it individual artist.""}}",2024-03-02T05:12:46
1286,Forecast 1286,"{""forecast_id"": ""FCAST-1286"", ""series"": [{""x"": [""2025-01"", ""2025-02"", ""2025-03"", ""2025-04"", ""2025-05"", ""2025-06""], ""y"": [9374.17, 41949.02, 49342.67, 9037.29, 7837.51, 23475.37]}], ""meta"": {""created_by"": ""Nicole Manning"", ""notes"": ""Size source rock.""}}",2025-06-15T00:15:58
1287,Forecast 1287,"{""forecast_id"": ""FCAST-1287"", ""series"": [{""x"": [""2025-01"", ""2025-02"", ""2025-03"", ""2025-04"", ""2025-05"", ""2025-06""], ""y"": [20438.67, 15204.02, 30489.64, 3999.12, 42153.5, 9777.93]}], ""meta"": {""created_by"": ""Chad Salazar"", ""notes"": ""Former understand relationship purpose present free.""}}",2024-09-06T01:28:58
1288,Forecast 1288,"{""forecast_id"": ""FCAST-1288"", ""series"": [{""x"": [""2025-01"", ""2025-02"", ""2025-03"", ""2025-04"", ""2025-05"", ""2025-06""], ""y"": [27197.42, 13380.47, 26484.09, 38738.45, 1026.69, 43985.73]}], ""meta"": {""created_by"": ""Rebecca Munoz"", ""notes"": ""Writer war stand wonder think during power.""}}",2025-09-29T11:07:36
1289,Forecast 1289,"{""forecast_id"": ""FCAST-1289"", ""series"": [{""x"": [""2025-01"", ""2025-02"", ""2025-03"", ""2025-04"", ""2025-05"", ""2025-06""], ""y"": [29083.59, 10307.74, 33620.54, 3016.3, 24640.91, 33671.11]}], ""meta"": {""created_by"": ""Christine Hansen"", ""notes"": ""Five figure assume standard body.""}}",2024-10-20T22:36:11
1290,Forecast 1290,"{""forecast_id"": ""FCAST-1290"", ""series"": [{""x"": [""2025-01"", ""2025-02"", ""2025-03"", ""2025-04"", ""2025-05"", ""2025-06""], ""y"": [27502.0, 12611.1, 30155.22, 24212.61, 41836.97, 37432.13]}], ""meta"": {""created_by"": ""Laura Nunez"", ""notes"": ""Building so ability physical.""}}",2023-11-28T03:04:21
1291,Forecast 1291,"{""forecast_id"": ""FCAST-1291"", ""series"": [{""x"": [""2025-01"", ""2025-02"", ""2025-03"", ""2025-04"", ""2025-05"", ""2025-06""], ""y"": [6193.33, 18034.02, 49228.15, 12591.56, 8319.49, 48046.44]}], ""meta"": {""created_by"": ""Michelle Williams"", ""notes"": ""Letter easy against kitchen bag.""}}",2025-10-27T21:09:38
1292,Forecast 1292,"{""forecast_id"": ""FCAST-1292"", ""series"": [{""x"": [""2025-01"", ""2025-02"", ""2025-03"", ""2025-04"", ""2025-05"", ""2025-06""], ""y"": [39626.84, 45844.73, 3314.92, 11429.85, 34303.2, 36289.99]}], ""meta"": {""created_by"": ""Clayton Valdez"", ""notes"": ""Decision pull exactly rock half item east.""}}",2024-07-11T02:55:43
1293,Forecast 1293,"{""forecast_id"": ""FCAST-1293"", ""series"": [{""x"": [""2025-01"", ""2025-02"", ""2025-03"", ""2025-04"", ""2025-05"", ""2025-06""], ""y"": [38228.84, 20761.56, 30016.52, 43602.5, 30225.57, 32607.42]}], ""meta"": {""created_by"": ""Ms. Sabrina Martin"", ""notes"": ""Country dream enter development price.""}}",2024-06-18T07:44:41
1294,Forecast 1294,"{""forecast_id"": ""FCAST-1294"", ""series"": [{""x"": [""2025-01"", ""2025-02"", ""2025-03"", ""2025-04"", ""2025-05"", ""2025-06""], ""y"": [1847.08, 48443.81, 18514.38, 15346.41, 28339.95, 38595.45]}], ""meta"": {""created_by"": ""Andrew Wade"", ""notes"": ""Hard possible central.""}}",2025-04-28T20:31:13
1295,Forecast 1295,"{""forecast_id"": ""FCAST-1295"", ""series"": [{""x"": [""2025-01"", ""2025-02"", ""2025-03"", ""2025-04"", ""2025-05"", ""2025-06""], ""y"": [10387.51, 22475.47, 27526.75, 42388.87, 49535.84, 22167.67]}], ""meta"": {""created_by"": ""Daniel Griffin"", ""notes"": ""May agree compare factor.""}}",2025-10-09T20:31:14
1296,Forecast 1296,"{""forecast_id"": ""FCAST-1296"", ""series"": [{""x"": [""2025-01"", ""2025-02"", ""2025-03"", ""2025-04"", ""2025-05"", ""2025-06""], ""y"": [28904.63, 25630.03, 24512.77, 36329.66, 1955.78, 6797.44]}], ""meta"": {""created_by"": ""Kristina Johnston"", ""notes"": ""Main air speech something many.""}}",2024-05-28T23:05:57
1297,Forecast 1297,"{""forecast_id"": ""FCAST-1297"", ""series"": [{""x"": [""2025-01"", ""2025-02"", ""2025-03"", ""2025-04"", ""2025-05"", ""2025-06""], ""y"": [24133.1, 21307.82, 32494.21, 2711.05, 6536.93, 37755.89]}], ""meta"": {""created_by"": ""Todd Mahoney"", ""notes"": ""Every face allow cup lay argue truth.""}}",2025-06-10T01:09:43
1298,Forecast 1298,"{""forecast_id"": ""FCAST-1298"", ""series"": [{""x"": [""2025-01"", ""2025-02"", ""2025-03"", ""2025-04"", ""2025-05"", ""2025-06""], ""y"": [21958.61, 44539.22, 7020.89, 12315.38, 46027.77, 15847.79]}], ""meta"": {""created_by"": ""Jonathan Durham"", ""notes"": ""Physical lawyer bank shoulder much at.""}}",2025-09-03T02:17:21
1299,Forecast 1299,"{""forecast_id"": ""FCAST-1299"", ""series"": [{""x"": [""2025-01"", ""2025-02"", ""2025-03"", ""2025-04"", ""2025-05"", ""2025-06""], ""y"": [48477.52, 7444.81, 30169.99, 3120.03, 24713.45, 33597.99]}], ""meta"": {""created_by"": ""Isaiah Cameron"", ""notes"": ""Step more bag staff increase trouble.""}}",2024-07-18T03:31:10
1300,Forecast 1300,"{""forecast_id"": ""FCAST-1300"", ""series"": [{""x"": [""2025-01"", ""2025-02"", ""2025-03"", ""2025-04"", ""2025-05"", ""2025-06""], ""y"": [47779.92, 28372.68, 46527.16, 41106.51, 19337.04, 15743.29]}], ""meta"": {""created_by"": ""Sierra Montgomery"", ""notes"": ""Machine mother air field.""}}",2024-04-30T07:33:49
1301,Forecast 1301,"{""forecast_id"": ""FCAST-1301"", ""series"": [{""x"": [""2025-01"", ""2025-02"", ""2025-03"", ""2025-04"", ""2025-05"", ""2025-06""], ""y"": [2892.35, 7946.41, 39127.82, 6724.63, 45597.9, 30952.81]}], ""meta"": {""created_by"": ""Lisa Cook"", ""notes"": ""Resource improve special close.""}}",2024-11-14T18:53:15
1302,Forecast 1302,"{""forecast_id"": ""FCAST-1302"", ""series"": [{""x"": [""2025-01"", ""2025-02"", ""2025-03"", ""2025-04"", ""2025-05"", ""2025-06""], ""y"": [22373.21, 24406.65, 16455.89, 21848.04, 9734.76, 47008.09]}], ""meta"": {""created_by"": ""David Singh"", ""notes"": ""Possible food future lawyer tell ground mother.""}}",2024-10-26T03:02:20
1303,Forecast 1303,"{""forecast_id"": ""FCAST-1303"", ""series"": [{""x"": [""2025-01"", ""2025-02"", ""2025-03"", ""2025-04"", ""2025-05"", ""2025-06""], ""y"": [9859.2, 30840.43, 17257.48, 11557.29, 32124.91, 33335.42]}], ""meta"": {""created_by"": ""Julie Pope"", ""notes"": ""Stop write data.""}}",2024-01-19T14:16:26
1304,Forecast 1304,"{""forecast_id"": ""FCAST-1304"", ""series"": [{""x"": [""2025-01"", ""2025-02"", ""2025-03"", ""2025-04"", ""2025-05"", ""2025-06""], ""y"": [22539.26, 2440.58, 25446.29, 24539.62, 20051.08, 27518.01]}], ""meta"": {""created_by"": ""Oscar White"", ""notes"": ""Early meet wish spend dream organization fund.""}}",2025-07-09T20:31:23
1305,Forecast 1305,"{""forecast_id"": ""FCAST-1305"", ""series"": [{""x"": [""2025-01"", ""2025-02"", ""2025-03"", ""2025-04"", ""2025-05"", ""2025-06""], ""y"": [34551.98, 16958.33, 30267.1, 30438.33, 16986.62, 5723.06]}], ""meta"": {""created_by"": ""Joseph Robinson"", ""notes"": ""Should bar finish material window authority.""}}",2025-05-27T07:57:14
1306,Forecast 1306,"{""forecast_id"": ""FCAST-1306"", ""series"": [{""x"": [""2025-01"", ""2025-02"", ""2025-03"", ""2025-04"", ""2025-05"", ""2025-06""], ""y"": [41380.38, 12356.25, 12035.98, 1299.23, 41691.4, 48503.01]}], ""meta"": {""created_by"": ""Doris Harris"", ""notes"": ""Election today even grow.""}}",2025-04-03T04:00:54
1307,Forecast 1307,"{""forecast_id"": ""FCAST-1307"", ""series"": [{""x"": [""2025-01"", ""2025-02"", ""2025-03"", ""2025-04"", ""2025-05"", ""2025-06""], ""y"": [15086.02, 36704.05, 11689.91, 9144.98, 41616.07, 45074.07]}], ""meta"": {""created_by"": ""Charles Perez"", ""notes"": ""Practice get effect amount.""}}",2025-04-07T08:24:55
1308,Forecast 1308,"{""forecast_id"": ""FCAST-1308"", ""series"": [{""x"": [""2025-01"", ""2025-02"", ""2025-03"", ""2025-04"", ""2025-05"", ""2025-06""], ""y"": [3761.47, 37310.09, 20324.94, 33262.19, 47378.74, 46595.4]}], ""meta"": {""created_by"": ""Michael Holland"", ""notes"": ""Anyone feel one world quickly type either.""}}",2024-02-25T14:52:27
1309,Forecast 1309,"{""forecast_id"": ""FCAST-1309"", ""series"": [{""x"": [""2025-01"", ""2025-02"", ""2025-03"", ""2025-04"", ""2025-05"", ""2025-06""], ""y"": [4331.48, 36139.43, 24142.77, 46233.65, 32364.53, 32032.06]}], ""meta"": {""created_by"": ""Hannah Holland"", ""notes"": ""Most fire concern cut drive central forward.""}}",2025-10-30T05:42:56
1310,Forecast 1310,"{""forecast_id"": ""FCAST-1310"", ""series"": [{""x"": [""2025-01"", ""2025-02"", ""2025-03"", ""2025-04"", ""2025-05"", ""2025-06""], ""y"": [23702.41, 8695.59, 38847.64, 27267.51, 27733.31, 13072.66]}], ""meta"": {""created_by"": ""Chelsey Anderson"", ""notes"": ""Fish time analysis others.""}}",2024-05-20T11:43:49
1311,Forecast 1311,"{""forecast_id"": ""FCAST-1311"", ""series"": [{""x"": [""2025-01"", ""2025-02"", ""2025-03"", ""2025-04"", ""2025-05"", ""2025-06""], ""y"": [17978.75, 16728.27, 34080.23, 28153.05, 9377.49, 29638.34]}], ""meta"": {""created_by"": ""Raymond Duncan"", ""notes"": ""Important build economic major.""}}",2025-01-26T13:24:09
1312,Forecast 1312,"{""forecast_id"": ""FCAST-1312"", ""series"": [{""x"": [""2025-01"", ""2025-02"", ""2025-03"", ""2025-04"", ""2025-05"", ""2025-06""], ""y"": [15958.42, 34382.12, 17967.49, 35927.33, 16318.76, 20897.93]}], ""meta"": {""created_by"": ""April Kim"", ""notes"": ""Eight again understand approach.""}}",2024-05-18T16:12:27
1313,Forecast 1313,"{""forecast_id"": ""FCAST-1313"", ""series"": [{""x"": [""2025-01"", ""2025-02"", ""2025-03"", ""2025-04"", ""2025-05"", ""2025-06""], ""y"": [48897.42, 17056.9, 19043.93, 5117.64, 4261.45, 17463.42]}], ""meta"": {""created_by"": ""Michael Griffin"", ""notes"": ""Daughter recent daughter two.""}}",2024-08-30T11:11:19
1314,Forecast 1314,"{""forecast_id"": ""FCAST-1314"", ""series"": [{""x"": [""2025-01"", ""2025-02"", ""2025-03"", ""2025-04"", ""2025-05"", ""2025-06""], ""y"": [3559.05, 42732.29, 3311.02, 16117.18, 5544.56, 22963.61]}], ""meta"": {""created_by"": ""Amanda Brown"", ""notes"": ""Young small arm send another.""}}",2024-06-10T13:48:33
1315,Forecast 1315,"{""forecast_id"": ""FCAST-1315"", ""series"": [{""x"": [""2025-01"", ""2025-02"", ""2025-03"", ""2025-04"", ""2025-05"", ""2025-06""], ""y"": [16055.56, 24109.18, 38469.6, 32292.8, 18474.48, 7916.16]}], ""meta"": {""created_by"": ""Mrs. Jacqueline Shea MD"", ""notes"": ""Tax song position join become floor politics.""}}",2024-05-01T13:35:22
1316,Forecast 1316,"{""forecast_id"": ""FCAST-1316"", ""series"": [{""x"": [""2025-01"", ""2025-02"", ""2025-03"", ""2025-04"", ""2025-05"", ""2025-06""], ""y"": [22479.66, 26917.3, 37424.15, 36880.19, 6494.61, 39684.07]}], ""meta"": {""created_by"": ""Steven Brown"", ""notes"": ""Build position wonder.""}}",2025-05-04T00:32:03
1317,Forecast 1317,"{""forecast_id"": ""FCAST-1317"", ""series"": [{""x"": [""2025-01"", ""2025-02"", ""2025-03"", ""2025-04"", ""2025-05"", ""2025-06""], ""y"": [23600.96, 18463.95, 15713.73, 40483.11, 28982.73, 10772.5]}], ""meta"": {""created_by"": ""Daniel Stevenson"", ""notes"": ""Say change center plan head general relationship part.""}}",2025-07-12T15:40:08
1318,Forecast 1318,"{""forecast_id"": ""FCAST-1318"", ""series"": [{""x"": [""2025-01"", ""2025-02"", ""2025-03"", ""2025-04"", ""2025-05"", ""2025-06""], ""y"": [15179.86, 45163.8, 10955.55, 17335.13, 24928.19, 27181.46]}], ""meta"": {""created_by"": ""Parker Campbell"", ""notes"": ""Different control although.""}}",2025-02-18T00:49:49
1319,Forecast 1319,"{""forecast_id"": ""FCAST-1319"", ""series"": [{""x"": [""2025-01"", ""2025-02"", ""2025-03"", ""2025-04"", ""2025-05"", ""2025-06""], ""y"": [11890.03, 7115.78, 11670.89, 5074.15, 39588.25, 34730.66]}], ""meta"": {""created_by"": ""Michael Moore"", ""notes"": ""Cost lead sing.""}}",2024-01-09T22:42:55
1320,Forecast 1320,"{""forecast_id"": ""FCAST-1320"", ""series"": [{""x"": [""2025-01"", ""2025-02"", ""2025-03"", ""2025-04"", ""2025-05"", ""2025-06""], ""y"": [12742.65, 32571.18, 46003.76, 49039.75, 21929.08, 2834.29]}], ""meta"": {""created_by"": ""Dr. Veronica Rodriguez MD"", ""notes"": ""Social character goal commercial.""}}",2024-07-23T12:25:57
1321,Forecast 1321,"{""forecast_id"": ""FCAST-1321"", ""series"": [{""x"": [""2025-01"", ""2025-02"", ""2025-03"", ""2025-04"", ""2025-05"", ""2025-06""], ""y"": [24247.28, 27212.45, 9579.05, 45766.83, 4347.55, 39925.79]}], ""meta"": {""created_by"": ""Rebecca Davis"", ""notes"": ""Million represent describe event future even sense easy.""}}",2024-01-23T06:56:26
1322,Forecast 1322,"{""forecast_id"": ""FCAST-1322"", ""series"": [{""x"": [""2025-01"", ""2025-02"", ""2025-03"", ""2025-04"", ""2025-05"", ""2025-06""], ""y"": [24516.03, 24285.67, 1472.49, 41533.29, 22304.95, 16482.52]}], ""meta"": {""created_by"": ""Theresa Odom"", ""notes"": ""History show walk yes.""}}",2024-11-09T22:29:45
1323,Forecast 1323,"{""forecast_id"": ""FCAST-1323"", ""series"": [{""x"": [""2025-01"", ""2025-02"", ""2025-03"", ""2025-04"", ""2025-05"", ""2025-06""], ""y"": [4067.15, 9895.42, 22813.35, 15980.75, 17009.02, 33383.8]}], ""meta"": {""created_by"": ""Melanie Garrett"", ""notes"": ""Employee do next middle form.""}}",2024-08-11T15:57:12
1324,Forecast 1324,"{""forecast_id"": ""FCAST-1324"", ""series"": [{""x"": [""2025-01"", ""2025-02"", ""2025-03"", ""2025-04"", ""2025-05"", ""2025-06""], ""y"": [46402.53, 36717.99, 24648.92, 40483.07, 26081.04, 5974.83]}], ""meta"": {""created_by"": ""Mary Lopez"", ""notes"": ""From night something painting.""}}",2024-09-13T15:34:42
1325,Forecast 1325,"{""forecast_id"": ""FCAST-1325"", ""series"": [{""x"": [""2025-01"", ""2025-02"", ""2025-03"", ""2025-04"", ""2025-05"", ""2025-06""], ""y"": [28661.73, 6261.62, 21817.93, 24439.94, 15334.33, 43598.47]}], ""meta"": {""created_by"": ""Robert Meyer"", ""notes"": ""Control letter management.""}}",2025-04-29T09:11:06
1326,Forecast 1326,"{""forecast_id"": ""FCAST-1326"", ""series"": [{""x"": [""2025-01"", ""2025-02"", ""2025-03"", ""2025-04"", ""2025-05"", ""2025-06""], ""y"": [25331.64, 37025.81, 22691.96, 19566.1, 8966.68, 40644.54]}], ""meta"": {""created_by"": ""Courtney Bailey"", ""notes"": ""Economy go nor administration explain.""}}",2024-08-19T15:54:12
1327,Forecast 1327,"{""forecast_id"": ""FCAST-1327"", ""series"": [{""x"": [""2025-01"", ""2025-02"", ""2025-03"", ""2025-04"", ""2025-05"", ""2025-06""], ""y"": [29853.67, 4199.92, 16209.19, 11285.11, 20406.64, 29795.38]}], ""meta"": {""created_by"": ""Gabriel Garcia"", ""notes"": ""Executive else concern whatever expect.""}}",2023-11-18T12:08:12
1328,Forecast 1328,"{""forecast_id"": ""FCAST-1328"", ""series"": [{""x"": [""2025-01"", ""2025-02"", ""2025-03"", ""2025-04"", ""2025-05"", ""2025-06""], ""y"": [29204.0, 44544.28, 31826.14, 22070.57, 48611.77, 17731.3]}], ""meta"": {""created_by"": ""Molly Smith"", ""notes"": ""Pick set finally participant.""}}",2024-09-03T10:55:53
1329,Forecast 1329,"{""forecast_id"": ""FCAST-1329"", ""series"": [{""x"": [""2025-01"", ""2025-02"", ""2025-03"", ""2025-04"", ""2025-05"", ""2025-06""], ""y"": [30869.98, 29180.66, 39724.53, 34785.19, 6496.11, 27081.03]}], ""meta"": {""created_by"": ""Charles Bailey"", ""notes"": ""Necessary make risk writer system prevent.""}}",2025-04-20T02:28:49
1330,Forecast 1330,"{""forecast_id"": ""FCAST-1330"", ""series"": [{""x"": [""2025-01"", ""2025-02"", ""2025-03"", ""2025-04"", ""2025-05"", ""2025-06""], ""y"": [28151.08, 24504.84, 29294.53, 27033.29, 12463.67, 46625.06]}], ""meta"": {""created_by"": ""Duane Johnson"", ""notes"": ""Keep ok physical once may.""}}",2025-09-01T20:24:21
1331,Forecast 1331,"{""forecast_id"": ""FCAST-1331"", ""series"": [{""x"": [""2025-01"", ""2025-02"", ""2025-03"", ""2025-04"", ""2025-05"", ""2025-06""], ""y"": [35734.64, 9022.57, 35509.32, 27474.83, 21070.34, 26581.29]}], ""meta"": {""created_by"": ""Brandi Murphy"", ""notes"": ""Moment there spend yeah design.""}}",2024-07-04T17:57:51
1332,Forecast 1332,"{""forecast_id"": ""FCAST-1332"", ""series"": [{""x"": [""2025-01"", ""2025-02"", ""2025-03"", ""2025-04"", ""2025-05"", ""2025-06""], ""y"": [45325.5, 9339.86, 15445.64, 14569.83, 46956.27, 39047.47]}], ""meta"": {""created_by"": ""Michael Chavez"", ""notes"": ""Major one activity night.""}}",2025-03-30T05:04:43
1333,Forecast 1333,"{""forecast_id"": ""FCAST-1333"", ""series"": [{""x"": [""2025-01"", ""2025-02"", ""2025-03"", ""2025-04"", ""2025-05"", ""2025-06""], ""y"": [15579.5, 37803.05, 45146.26, 33829.61, 36485.66, 29559.11]}], ""meta"": {""created_by"": ""Kenneth Wilson"", ""notes"": ""Sure campaign his drive live meet.""}}",2024-03-24T15:55:03
1334,Forecast 1334,"{""forecast_id"": ""FCAST-1334"", ""series"": [{""x"": [""2025-01"", ""2025-02"", ""2025-03"", ""2025-04"", ""2025-05"", ""2025-06""], ""y"": [22463.98, 28490.96, 43965.24, 41370.38, 44601.81, 17101.08]}], ""meta"": {""created_by"": ""Amanda Lowe"", ""notes"": ""Begin official adult since short safe including study.""}}",2024-07-13T20:40:56
1335,Forecast 1335,"{""forecast_id"": ""FCAST-1335"", ""series"": [{""x"": [""2025-01"", ""2025-02"", ""2025-03"", ""2025-04"", ""2025-05"", ""2025-06""], ""y"": [35788.96, 18077.94, 26475.07, 47326.95, 37352.97, 42286.76]}], ""meta"": {""created_by"": ""Douglas Herrera"", ""notes"": ""Customer order picture put end increase probably.""}}",2025-04-18T13:43:12
1336,Forecast 1336,"{""forecast_id"": ""FCAST-1336"", ""series"": [{""x"": [""2025-01"", ""2025-02"", ""2025-03"", ""2025-04"", ""2025-05"", ""2025-06""], ""y"": [3515.76, 8029.5, 22614.26, 29606.54, 36825.28, 30850.93]}], ""meta"": {""created_by"": ""Kevin Nelson"", ""notes"": ""Responsibility owner professional treatment almost experience those sure.""}}",2025-02-12T21:46:06
1337,Forecast 1337,"{""forecast_id"": ""FCAST-1337"", ""series"": [{""x"": [""2025-01"", ""2025-02"", ""2025-03"", ""2025-04"", ""2025-05"", ""2025-06""], ""y"": [44962.51, 42440.69, 42090.99, 41180.08, 15662.75, 27481.95]}], ""meta"": {""created_by"": ""Tammy Flowers"", ""notes"": ""Father discussion either test peace impact.""}}",2025-03-11T08:08:52
1338,Forecast 1338,"{""forecast_id"": ""FCAST-1338"", ""series"": [{""x"": [""2025-01"", ""2025-02"", ""2025-03"", ""2025-04"", ""2025-05"", ""2025-06""], ""y"": [32325.59, 45457.89, 23140.81, 5015.52, 1705.05, 17080.14]}], ""meta"": {""created_by"": ""Stephanie Cox"", ""notes"": ""Rest industry play sister book.""}}",2025-09-25T22:02:31
1339,Forecast 1339,"{""forecast_id"": ""FCAST-1339"", ""series"": [{""x"": [""2025-01"", ""2025-02"", ""2025-03"", ""2025-04"", ""2025-05"", ""2025-06""], ""y"": [29449.38, 15663.19, 48308.83, 46346.59, 40733.37, 39705.47]}], ""meta"": {""created_by"": ""Adam Woods Jr."", ""notes"": ""Better consumer entire feeling indicate four officer.""}}",2024-03-21T12:33:43
1340,Forecast 1340,"{""forecast_id"": ""FCAST-1340"", ""series"": [{""x"": [""2025-01"", ""2025-02"", ""2025-03"", ""2025-04"", ""2025-05"", ""2025-06""], ""y"": [39945.45, 11099.42, 25320.65, 43818.58, 26630.54, 20169.71]}], ""meta"": {""created_by"": ""Joshua Pollard"", ""notes"": ""Lawyer law so let line minute exactly book.""}}",2024-03-01T00:51:41
1341,Forecast 1341,"{""forecast_id"": ""FCAST-1341"", ""series"": [{""x"": [""2025-01"", ""2025-02"", ""2025-03"", ""2025-04"", ""2025-05"", ""2025-06""], ""y"": [26645.13, 5067.01, 36579.85, 32271.57, 11286.08, 25636.1]}], ""meta"": {""created_by"": ""Ashley Dodson"", ""notes"": ""Black pass where different evidence move.""}}",2024-09-07T22:44:01
1342,Forecast 1342,"{""forecast_id"": ""FCAST-1342"", ""series"": [{""x"": [""2025-01"", ""2025-02"", ""2025-03"", ""2025-04"", ""2025-05"", ""2025-06""], ""y"": [37847.29, 42597.14, 6589.77, 5013.89, 13042.32, 49317.5]}], ""meta"": {""created_by"": ""Jerry Morse"", ""notes"": ""Even energy including.""}}",2025-06-18T01:02:36
1343,Forecast 1343,"{""forecast_id"": ""FCAST-1343"", ""series"": [{""x"": [""2025-01"", ""2025-02"", ""2025-03"", ""2025-04"", ""2025-05"", ""2025-06""], ""y"": [25092.52, 27399.76, 14480.01, 45905.34, 29245.45, 44487.89]}], ""meta"": {""created_by"": ""Sandy Davis"", ""notes"": ""Mother way yes address your theory whatever himself.""}}",2024-07-01T18:31:14
1344,Forecast 1344,"{""forecast_id"": ""FCAST-1344"", ""series"": [{""x"": [""2025-01"", ""2025-02"", ""2025-03"", ""2025-04"", ""2025-05"", ""2025-06""], ""y"": [2110.53, 39951.41, 33177.87, 43456.85, 42341.79, 29070.07]}], ""meta"": {""created_by"": ""Kevin Jackson"", ""notes"": ""Onto big develop pay.""}}",2025-10-30T05:15:59
1345,Forecast 1345,"{""forecast_id"": ""FCAST-1345"", ""series"": [{""x"": [""2025-01"", ""2025-02"", ""2025-03"", ""2025-04"", ""2025-05"", ""2025-06""], ""y"": [42450.23, 41836.33, 22819.45, 29277.52, 19149.92, 8242.54]}], ""meta"": {""created_by"": ""Melissa Hughes"", ""notes"": ""Eight may want anything somebody a.""}}",2025-03-14T13:23:21
1346,Forecast 1346,"{""forecast_id"": ""FCAST-1346"", ""series"": [{""x"": [""2025-01"", ""2025-02"", ""2025-03"", ""2025-04"", ""2025-05"", ""2025-06""], ""y"": [43210.71, 46305.97, 29674.85, 11829.55, 39676.61, 5382.08]}], ""meta"": {""created_by"": ""Jennifer Hess"", ""notes"": ""Detail process record office.""}}",2025-04-04T02:56:40
1347,Forecast 1347,"{""forecast_id"": ""FCAST-1347"", ""series"": [{""x"": [""2025-01"", ""2025-02"", ""2025-03"", ""2025-04"", ""2025-05"", ""2025-06""], ""y"": [41623.89, 16340.97, 25725.04, 37792.04, 37972.66, 23769.29]}], ""meta"": {""created_by"": ""Elizabeth Herman"", ""notes"": ""Certainly we trip shake back everything.""}}",2025-08-10T02:38:30
1348,Forecast 1348,"{""forecast_id"": ""FCAST-1348"", ""series"": [{""x"": [""2025-01"", ""2025-02"", ""2025-03"", ""2025-04"", ""2025-05"", ""2025-06""], ""y"": [37701.11, 38671.31, 33777.86, 10562.78, 33993.39, 1978.78]}], ""meta"": {""created_by"": ""Dylan Robertson"", ""notes"": ""Out foot key however in son.""}}",2024-03-08T08:51:47
1349,Forecast 1349,"{""forecast_id"": ""FCAST-1349"", ""series"": [{""x"": [""2025-01"", ""2025-02"", ""2025-03"", ""2025-04"", ""2025-05"", ""2025-06""], ""y"": [37476.25, 6971.17, 12815.42, 29640.16, 1511.33, 47967.77]}], ""meta"": {""created_by"": ""James Frazier"", ""notes"": ""Same edge oil social very.""}}",2025-05-17T07:59:37
1350,Forecast 1350,"{""forecast_id"": ""FCAST-1350"", ""series"": [{""x"": [""2025-01"", ""2025-02"", ""2025-03"", ""2025-04"", ""2025-05"", ""2025-06""], ""y"": [27099.27, 42788.73, 49253.18, 16061.31, 32669.6, 16442.31]}], ""meta"": {""created_by"": ""Mark Pacheco"", ""notes"": ""Direction change agreement great.""}}",2025-05-20T12:33:46
1351,Forecast 1351,"{""forecast_id"": ""FCAST-1351"", ""series"": [{""x"": [""2025-01"", ""2025-02"", ""2025-03"", ""2025-04"", ""2025-05"", ""2025-06""], ""y"": [6941.87, 36451.84, 3070.86, 3894.47, 27024.82, 41491.24]}], ""meta"": {""created_by"": ""Theodore Cunningham"", ""notes"": ""Garden record leader else before fear American.""}}",2024-12-07T21:09:26
1352,Forecast 1352,"{""forecast_id"": ""FCAST-1352"", ""series"": [{""x"": [""2025-01"", ""2025-02"", ""2025-03"", ""2025-04"", ""2025-05"", ""2025-06""], ""y"": [40082.45, 42923.68, 36141.76, 3093.11, 17059.27, 44086.66]}], ""meta"": {""created_by"": ""Charles Little"", ""notes"": ""Realize move set team inside successful behavior.""}}",2024-04-30T02:05:07
1353,Forecast 1353,"{""forecast_id"": ""FCAST-1353"", ""series"": [{""x"": [""2025-01"", ""2025-02"", ""2025-03"", ""2025-04"", ""2025-05"", ""2025-06""], ""y"": [15667.51, 36017.05, 11122.62, 4414.26, 17819.3, 35160.84]}], ""meta"": {""created_by"": ""Kelly Tran"", ""notes"": ""Despite wait third impact section.""}}",2023-12-18T18:38:02
1354,Forecast 1354,"{""forecast_id"": ""FCAST-1354"", ""series"": [{""x"": [""2025-01"", ""2025-02"", ""2025-03"", ""2025-04"", ""2025-05"", ""2025-06""], ""y"": [39563.87, 25313.28, 19576.62, 20700.79, 45835.62, 4864.43]}], ""meta"": {""created_by"": ""John Duffy"", ""notes"": ""Two scene look religious.""}}",2025-08-06T00:21:04
1355,Forecast 1355,"{""forecast_id"": ""FCAST-1355"", ""series"": [{""x"": [""2025-01"", ""2025-02"", ""2025-03"", ""2025-04"", ""2025-05"", ""2025-06""], ""y"": [34820.15, 25973.19, 30379.61, 28849.15, 11240.3, 12857.73]}], ""meta"": {""created_by"": ""Sharon Velasquez"", ""notes"": ""Movement moment cut compare.""}}",2025-01-18T06:09:07
1356,Forecast 1356,"{""forecast_id"": ""FCAST-1356"", ""series"": [{""x"": [""2025-01"", ""2025-02"", ""2025-03"", ""2025-04"", ""2025-05"", ""2025-06""], ""y"": [31315.42, 35511.41, 31704.94, 27683.08, 48795.96, 48852.04]}], ""meta"": {""created_by"": ""Daniel Smith"", ""notes"": ""Speak happy before bed participant born because smile.""}}",2025-02-11T17:22:44
1357,Forecast 1357,"{""forecast_id"": ""FCAST-1357"", ""series"": [{""x"": [""2025-01"", ""2025-02"", ""2025-03"", ""2025-04"", ""2025-05"", ""2025-06""], ""y"": [42236.15, 22079.89, 18969.18, 47825.69, 23067.78, 13069.2]}], ""meta"": {""created_by"": ""Ashley Wilson"", ""notes"": ""Board plan affect thing listen.""}}",2025-01-17T02:57:55
1358,Forecast 1358,"{""forecast_id"": ""FCAST-1358"", ""series"": [{""x"": [""2025-01"", ""2025-02"", ""2025-03"", ""2025-04"", ""2025-05"", ""2025-06""], ""y"": [32882.41, 43177.93, 41200.16, 12731.03, 24879.83, 10110.93]}], ""meta"": {""created_by"": ""Michael Johnson"", ""notes"": ""Its receive ball question listen include culture.""}}",2024-09-03T05:13:01
1359,Forecast 1359,"{""forecast_id"": ""FCAST-1359"", ""series"": [{""x"": [""2025-01"", ""2025-02"", ""2025-03"", ""2025-04"", ""2025-05"", ""2025-06""], ""y"": [17989.15, 43983.82, 5961.84, 15218.69, 20251.48, 34263.29]}], ""meta"": {""created_by"": ""Laura Brown"", ""notes"": ""After material staff field painting way.""}}",2025-08-11T01:27:52
1360,Forecast 1360,"{""forecast_id"": ""FCAST-1360"", ""series"": [{""x"": [""2025-01"", ""2025-02"", ""2025-03"", ""2025-04"", ""2025-05"", ""2025-06""], ""y"": [3086.78, 7567.17, 25894.85, 12759.23, 24821.79, 23389.85]}], ""meta"": {""created_by"": ""Kevin Davis"", ""notes"": ""Behavior fish her campaign entire feeling.""}}",2025-01-25T14:15:52
1361,Forecast 1361,"{""forecast_id"": ""FCAST-1361"", ""series"": [{""x"": [""2025-01"", ""2025-02"", ""2025-03"", ""2025-04"", ""2025-05"", ""2025-06""], ""y"": [42907.76, 27690.41, 21669.39, 38519.76, 19532.31, 1229.61]}], ""meta"": {""created_by"": ""Mark Hawkins"", ""notes"": ""First member yeah against.""}}",2024-01-23T13:14:19
1362,Forecast 1362,"{""forecast_id"": ""FCAST-1362"", ""series"": [{""x"": [""2025-01"", ""2025-02"", ""2025-03"", ""2025-04"", ""2025-05"", ""2025-06""], ""y"": [45791.52, 15454.28, 26540.76, 19507.84, 13489.48, 4365.71]}], ""meta"": {""created_by"": ""Jonathon Vargas"", ""notes"": ""Carry without actually letter.""}}",2024-06-20T21:52:12
1363,Forecast 1363,"{""forecast_id"": ""FCAST-1363"", ""series"": [{""x"": [""2025-01"", ""2025-02"", ""2025-03"", ""2025-04"", ""2025-05"", ""2025-06""], ""y"": [35534.97, 21198.22, 2713.13, 6137.31, 49959.62, 23629.53]}], ""meta"": {""created_by"": ""Jacob Williams"", ""notes"": ""Arm forward project garden beat pay player.""}}",2024-05-19T06:25:15
1364,Forecast 1364,"{""forecast_id"": ""FCAST-1364"", ""series"": [{""x"": [""2025-01"", ""2025-02"", ""2025-03"", ""2025-04"", ""2025-05"", ""2025-06""], ""y"": [47490.69, 32095.69, 11032.15, 27235.25, 41088.63, 46033.26]}], ""meta"": {""created_by"": ""Steven Serrano IV"", ""notes"": ""Heavy without determine look traditional carry three.""}}",2024-07-07T21:33:24
1365,Forecast 1365,"{""forecast_id"": ""FCAST-1365"", ""series"": [{""x"": [""2025-01"", ""2025-02"", ""2025-03"", ""2025-04"", ""2025-05"", ""2025-06""], ""y"": [21070.14, 14014.45, 48790.33, 48203.39, 2836.2, 33794.66]}], ""meta"": {""created_by"": ""Rachel Pearson"", ""notes"": ""Laugh drive always experience down wide from.""}}",2024-01-30T20:27:40
1366,Forecast 1366,"{""forecast_id"": ""FCAST-1366"", ""series"": [{""x"": [""2025-01"", ""2025-02"", ""2025-03"", ""2025-04"", ""2025-05"", ""2025-06""], ""y"": [27796.28, 7633.08, 49026.33, 1405.36, 7992.79, 21565.22]}], ""meta"": {""created_by"": ""Brian Holland"", ""notes"": ""Body raise move describe phone.""}}",2025-08-29T00:58:30
1367,Forecast 1367,"{""forecast_id"": ""FCAST-1367"", ""series"": [{""x"": [""2025-01"", ""2025-02"", ""2025-03"", ""2025-04"", ""2025-05"", ""2025-06""], ""y"": [21688.81, 46747.72, 25946.4, 6019.98, 32054.24, 34145.18]}], ""meta"": {""created_by"": ""Beth Russo DDS"", ""notes"": ""Window focus bag difference rest sense.""}}",2024-03-31T06:54:19
1368,Forecast 1368,"{""forecast_id"": ""FCAST-1368"", ""series"": [{""x"": [""2025-01"", ""2025-02"", ""2025-03"", ""2025-04"", ""2025-05"", ""2025-06""], ""y"": [23211.09, 26914.56, 29371.57, 30006.91, 39918.1, 46401.69]}], ""meta"": {""created_by"": ""Nathan Crawford"", ""notes"": ""Near they number pull.""}}",2025-05-22T07:43:14
1369,Forecast 1369,"{""forecast_id"": ""FCAST-1369"", ""series"": [{""x"": [""2025-01"", ""2025-02"", ""2025-03"", ""2025-04"", ""2025-05"", ""2025-06""], ""y"": [29191.88, 29181.5, 3200.28, 25269.56, 13746.26, 38052.4]}], ""meta"": {""created_by"": ""Bradley Fuller"", ""notes"": ""Radio station yet style night today interesting.""}}",2024-03-07T03:33:16
1370,Forecast 1370,"{""forecast_id"": ""FCAST-1370"", ""series"": [{""x"": [""2025-01"", ""2025-02"", ""2025-03"", ""2025-04"", ""2025-05"", ""2025-06""], ""y"": [45954.69, 43153.09, 31708.11, 34910.72, 1176.1, 9511.32]}], ""meta"": {""created_by"": ""Austin Cole"", ""notes"": ""Activity that modern quality least foreign will major.""}}",2025-08-01T18:25:49
1371,Forecast 1371,"{""forecast_id"": ""FCAST-1371"", ""series"": [{""x"": [""2025-01"", ""2025-02"", ""2025-03"", ""2025-04"", ""2025-05"", ""2025-06""], ""y"": [25777.16, 38413.04, 14632.76, 31069.64, 23262.89, 14211.5]}], ""meta"": {""created_by"": ""Katherine Marshall"", ""notes"": ""Hit power his positive and.""}}",2024-01-04T12:30:59
1372,Forecast 1372,"{""forecast_id"": ""FCAST-1372"", ""series"": [{""x"": [""2025-01"", ""2025-02"", ""2025-03"", ""2025-04"", ""2025-05"", ""2025-06""], ""y"": [16675.15, 48084.9, 6482.41, 35638.68, 41726.75, 38579.04]}], ""meta"": {""created_by"": ""Anthony Leblanc"", ""notes"": ""Window myself he off religious for project character.""}}",2024-02-20T13:04:39
1373,Forecast 1373,"{""forecast_id"": ""FCAST-1373"", ""series"": [{""x"": [""2025-01"", ""2025-02"", ""2025-03"", ""2025-04"", ""2025-05"", ""2025-06""], ""y"": [27344.24, 44745.08, 7653.45, 25057.04, 23222.12, 44525.03]}], ""meta"": {""created_by"": ""Matthew Delgado"", ""notes"": ""Fill establish young most room.""}}",2023-12-10T05:09:19
1374,Forecast 1374,"{""forecast_id"": ""FCAST-1374"", ""series"": [{""x"": [""2025-01"", ""2025-02"", ""2025-03"", ""2025-04"", ""2025-05"", ""2025-06""], ""y"": [2042.38, 48423.93, 40496.16, 48032.92, 49270.85, 39652.97]}], ""meta"": {""created_by"": ""Alexandra Stevens"", ""notes"": ""Under hard author place management.""}}",2024-03-14T00:56:01
1375,Forecast 1375,"{""forecast_id"": ""FCAST-1375"", ""series"": [{""x"": [""2025-01"", ""2025-02"", ""2025-03"", ""2025-04"", ""2025-05"", ""2025-06""], ""y"": [38120.39, 42118.04, 41217.29, 39007.32, 38517.66, 2720.62]}], ""meta"": {""created_by"": ""Jill Kent"", ""notes"": ""Appear stay approach girl.""}}",2024-06-08T05:25:21
1376,Forecast 1376,"{""forecast_id"": ""FCAST-1376"", ""series"": [{""x"": [""2025-01"", ""2025-02"", ""2025-03"", ""2025-04"", ""2025-05"", ""2025-06""], ""y"": [15948.28, 11204.96, 25689.96, 26613.16, 4185.28, 25177.47]}], ""meta"": {""created_by"": ""Michael Pierce"", ""notes"": ""Sense law myself computer guess debate official.""}}",2024-09-06T13:10:20
1377,Forecast 1377,"{""forecast_id"": ""FCAST-1377"", ""series"": [{""x"": [""2025-01"", ""2025-02"", ""2025-03"", ""2025-04"", ""2025-05"", ""2025-06""], ""y"": [27870.46, 22716.19, 37623.23, 48128.23, 11899.79, 12467.78]}], ""meta"": {""created_by"": ""Jamie Dunn"", ""notes"": ""Success key region amount according.""}}",2024-11-06T06:30:03
1378,Forecast 1378,"{""forecast_id"": ""FCAST-1378"", ""series"": [{""x"": [""2025-01"", ""2025-02"", ""2025-03"", ""2025-04"", ""2025-05"", ""2025-06""], ""y"": [20830.45, 38288.07, 23025.85, 41640.6, 5620.36, 36155.55]}], ""meta"": {""created_by"": ""Dustin Parsons"", ""notes"": ""Model material seat threat others pick.""}}",2024-07-18T16:17:59
1379,Forecast 1379,"{""forecast_id"": ""FCAST-1379"", ""series"": [{""x"": [""2025-01"", ""2025-02"", ""2025-03"", ""2025-04"", ""2025-05"", ""2025-06""], ""y"": [30647.1, 31511.74, 6523.14, 47624.18, 10457.07, 41469.33]}], ""meta"": {""created_by"": ""Evan Harris"", ""notes"": ""Carry her attack whom parent.""}}",2024-08-10T01:10:49
1380,Forecast 1380,"{""forecast_id"": ""FCAST-1380"", ""series"": [{""x"": [""2025-01"", ""2025-02"", ""2025-03"", ""2025-04"", ""2025-05"", ""2025-06""], ""y"": [43794.04, 48496.91, 10128.2, 7258.1, 7528.77, 13960.86]}], ""meta"": {""created_by"": ""Rachel Maldonado"", ""notes"": ""Happen down nature.""}}",2025-03-29T16:01:52
1381,Forecast 1381,"{""forecast_id"": ""FCAST-1381"", ""series"": [{""x"": [""2025-01"", ""2025-02"", ""2025-03"", ""2025-04"", ""2025-05"", ""2025-06""], ""y"": [9176.08, 2936.44, 13836.34, 33105.23, 9348.9, 43624.65]}], ""meta"": {""created_by"": ""Tammy Hayes"", ""notes"": ""Look performance office which.""}}",2025-08-28T16:14:26
1382,Forecast 1382,"{""forecast_id"": ""FCAST-1382"", ""series"": [{""x"": [""2025-01"", ""2025-02"", ""2025-03"", ""2025-04"", ""2025-05"", ""2025-06""], ""y"": [44827.5, 30949.44, 36483.9, 18448.87, 23629.44, 1358.82]}], ""meta"": {""created_by"": ""Tamara Acosta"", ""notes"": ""Last soon open face church.""}}",2024-04-14T14:38:18
1383,Forecast 1383,"{""forecast_id"": ""FCAST-1383"", ""series"": [{""x"": [""2025-01"", ""2025-02"", ""2025-03"", ""2025-04"", ""2025-05"", ""2025-06""], ""y"": [38140.13, 4247.95, 3773.26, 34816.92, 34783.89, 42104.42]}], ""meta"": {""created_by"": ""Jason Ward"", ""notes"": ""Find determine carry himself prepare large seek peace.""}}",2024-08-22T00:11:40
1384,Forecast 1384,"{""forecast_id"": ""FCAST-1384"", ""series"": [{""x"": [""2025-01"", ""2025-02"", ""2025-03"", ""2025-04"", ""2025-05"", ""2025-06""], ""y"": [14333.46, 28686.28, 8818.49, 19190.34, 39258.37, 42169.25]}], ""meta"": {""created_by"": ""Mandy King"", ""notes"": ""Value exist skill it film worker without lead.""}}",2025-03-21T20:34:09
1385,Forecast 1385,"{""forecast_id"": ""FCAST-1385"", ""series"": [{""x"": [""2025-01"", ""2025-02"", ""2025-03"", ""2025-04"", ""2025-05"", ""2025-06""], ""y"": [32519.08, 3915.36, 24653.34, 31190.16, 5840.74, 32080.3]}], ""meta"": {""created_by"": ""Mr. Brian Bell"", ""notes"": ""Develop continue social four lay political market.""}}",2025-07-20T08:16:36
1386,Forecast 1386,"{""forecast_id"": ""FCAST-1386"", ""series"": [{""x"": [""2025-01"", ""2025-02"", ""2025-03"", ""2025-04"", ""2025-05"", ""2025-06""], ""y"": [8077.7, 37781.99, 27655.32, 23815.19, 29781.7, 37033.56]}], ""meta"": {""created_by"": ""Robin Hancock"", ""notes"": ""Painting wish positive class become.""}}",2025-02-15T05:08:44
1387,Forecast 1387,"{""forecast_id"": ""FCAST-1387"", ""series"": [{""x"": [""2025-01"", ""2025-02"", ""2025-03"", ""2025-04"", ""2025-05"", ""2025-06""], ""y"": [24258.8, 37476.03, 49165.22, 43411.96, 29142.48, 11029.62]}], ""meta"": {""created_by"": ""Leslie Kelley"", ""notes"": ""Summer media drop.""}}",2025-03-10T17:39:10
1388,Forecast 1388,"{""forecast_id"": ""FCAST-1388"", ""series"": [{""x"": [""2025-01"", ""2025-02"", ""2025-03"", ""2025-04"", ""2025-05"", ""2025-06""], ""y"": [9695.35, 4828.3, 25304.44, 15628.82, 8063.5, 15191.02]}], ""meta"": {""created_by"": ""Wendy Barker"", ""notes"": ""Simply condition American include cold back.""}}",2025-01-10T14:43:19
1389,Forecast 1389,"{""forecast_id"": ""FCAST-1389"", ""series"": [{""x"": [""2025-01"", ""2025-02"", ""2025-03"", ""2025-04"", ""2025-05"", ""2025-06""], ""y"": [13985.72, 44613.62, 32638.62, 11485.26, 21541.58, 6286.23]}], ""meta"": {""created_by"": ""Matthew Price"", ""notes"": ""Analysis animal environmental floor.""}}",2025-10-07T18:26:27
1390,Forecast 1390,"{""forecast_id"": ""FCAST-1390"", ""series"": [{""x"": [""2025-01"", ""2025-02"", ""2025-03"", ""2025-04"", ""2025-05"", ""2025-06""], ""y"": [41593.42, 3529.27, 10428.53, 19746.02, 22149.44, 34689.57]}], ""meta"": {""created_by"": ""Megan Cox"", ""notes"": ""Send every painting us.""}}",2024-02-11T19:43:04
1391,Forecast 1391,"{""forecast_id"": ""FCAST-1391"", ""series"": [{""x"": [""2025-01"", ""2025-02"", ""2025-03"", ""2025-04"", ""2025-05"", ""2025-06""], ""y"": [11540.5, 24269.67, 8316.16, 20568.46, 35028.47, 9321.93]}], ""meta"": {""created_by"": ""Kylie Rhodes"", ""notes"": ""Establish hand medical very.""}}",2024-01-31T14:49:56
1392,Forecast 1392,"{""forecast_id"": ""FCAST-1392"", ""series"": [{""x"": [""2025-01"", ""2025-02"", ""2025-03"", ""2025-04"", ""2025-05"", ""2025-06""], ""y"": [46778.26, 8420.88, 2722.25, 30133.28, 39192.21, 12585.84]}], ""meta"": {""created_by"": ""Christina Lowe"", ""notes"": ""Various thing property technology now.""}}",2025-10-09T00:02:54
1393,Forecast 1393,"{""forecast_id"": ""FCAST-1393"", ""series"": [{""x"": [""2025-01"", ""2025-02"", ""2025-03"", ""2025-04"", ""2025-05"", ""2025-06""], ""y"": [44769.86, 21291.12, 7641.56, 28990.82, 10633.1, 47963.37]}], ""meta"": {""created_by"": ""Kayla Reed"", ""notes"": ""Various away general age some happen.""}}",2024-12-24T21:48:13
1394,Forecast 1394,"{""forecast_id"": ""FCAST-1394"", ""series"": [{""x"": [""2025-01"", ""2025-02"", ""2025-03"", ""2025-04"", ""2025-05"", ""2025-06""], ""y"": [29586.23, 1488.84, 23777.47, 30640.84, 2471.23, 5693.2]}], ""meta"": {""created_by"": ""Frank Torres"", ""notes"": ""Capital cause turn trip.""}}",2025-03-27T17:33:48
1395,Forecast 1395,"{""forecast_id"": ""FCAST-1395"", ""series"": [{""x"": [""2025-01"", ""2025-02"", ""2025-03"", ""2025-04"", ""2025-05"", ""2025-06""], ""y"": [12926.36, 17343.38, 40099.13, 48319.15, 2273.85, 23608.35]}], ""meta"": {""created_by"": ""Megan Lindsey"", ""notes"": ""Should beyond commercial growth leader author.""}}",2025-11-01T21:09:46
1396,Forecast 1396,"{""forecast_id"": ""FCAST-1396"", ""series"": [{""x"": [""2025-01"", ""2025-02"", ""2025-03"", ""2025-04"", ""2025-05"", ""2025-06""], ""y"": [31151.46, 5384.29, 37879.13, 2695.76, 23122.08, 8852.14]}], ""meta"": {""created_by"": ""Lindsay Williams"", ""notes"": ""Trip agreement continue stand third smile PM.""}}",2024-02-14T22:13:56
1397,Forecast 1397,"{""forecast_id"": ""FCAST-1397"", ""series"": [{""x"": [""2025-01"", ""2025-02"", ""2025-03"", ""2025-04"", ""2025-05"", ""2025-06""], ""y"": [6348.7, 27486.26, 19653.06, 3021.57, 25956.49, 44345.38]}], ""meta"": {""created_by"": ""Carol Hicks"", ""notes"": ""Two area both upon.""}}",2024-05-12T10:26:02
1398,Forecast 1398,"{""forecast_id"": ""FCAST-1398"", ""series"": [{""x"": [""2025-01"", ""2025-02"", ""2025-03"", ""2025-04"", ""2025-05"", ""2025-06""], ""y"": [33099.21, 25285.1, 10096.26, 2222.63, 41357.74, 16494.45]}], ""meta"": {""created_by"": ""Brandy Alvarez"", ""notes"": ""Watch his then herself structure well.""}}",2024-04-14T02:09:35
1399,Forecast 1399,"{""forecast_id"": ""FCAST-1399"", ""series"": [{""x"": [""2025-01"", ""2025-02"", ""2025-03"", ""2025-04"", ""2025-05"", ""2025-06""], ""y"": [46180.42, 38900.23, 37430.59, 39825.01, 49940.89, 6437.01]}], ""meta"": {""created_by"": ""Seth Johnson"", ""notes"": ""Last business break official sense employee employee even.""}}",2024-12-27T00:09:45
1400,Forecast 1400,"{""forecast_id"": ""FCAST-1400"", ""series"": [{""x"": [""2025-01"", ""2025-02"", ""2025-03"", ""2025-04"", ""2025-05"", ""2025-06""], ""y"": [9192.01, 40579.41, 48256.24, 24224.09, 1308.14, 13584.93]}], ""meta"": {""created_by"": ""Ryan Maldonado"", ""notes"": ""Security at watch inside big.""}}",2025-05-17T03:00:29
1401,Forecast 1401,"{""forecast_id"": ""FCAST-1401"", ""series"": [{""x"": [""2025-01"", ""2025-02"", ""2025-03"", ""2025-04"", ""2025-05"", ""2025-06""], ""y"": [12999.04, 3635.89, 48940.17, 41427.58, 38219.24, 15363.65]}], ""meta"": {""created_by"": ""Corey Rice"", ""notes"": ""Health employee research determine list.""}}",2024-10-28T06:19:02
1402,Forecast 1402,"{""forecast_id"": ""FCAST-1402"", ""series"": [{""x"": [""2025-01"", ""2025-02"", ""2025-03"", ""2025-04"", ""2025-05"", ""2025-06""], ""y"": [39539.41, 45217.18, 9999.69, 8067.01, 32749.34, 1754.44]}], ""meta"": {""created_by"": ""Willie Ware"", ""notes"": ""Four story car character another interest evening.""}}",2025-01-08T07:37:30
1403,Forecast 1403,"{""forecast_id"": ""FCAST-1403"", ""series"": [{""x"": [""2025-01"", ""2025-02"", ""2025-03"", ""2025-04"", ""2025-05"", ""2025-06""], ""y"": [17773.74, 11519.02, 29797.94, 38011.11, 7953.89, 36895.85]}], ""meta"": {""created_by"": ""Connie Brown"", ""notes"": ""Because short impact these.""}}",2025-01-16T01:45:27
1404,Forecast 1404,"{""forecast_id"": ""FCAST-1404"", ""series"": [{""x"": [""2025-01"", ""2025-02"", ""2025-03"", ""2025-04"", ""2025-05"", ""2025-06""], ""y"": [46889.44, 36790.84, 29583.71, 15949.45, 41341.35, 40093.98]}], ""meta"": {""created_by"": ""Lauren Moreno"", ""notes"": ""Term four minute machine do.""}}",2024-10-16T05:26:29
1405,Forecast 1405,"{""forecast_id"": ""FCAST-1405"", ""series"": [{""x"": [""2025-01"", ""2025-02"", ""2025-03"", ""2025-04"", ""2025-05"", ""2025-06""], ""y"": [24248.56, 9834.43, 31234.18, 11203.96, 9948.95, 32436.09]}], ""meta"": {""created_by"": ""Maria Salazar"", ""notes"": ""Allow spring may class.""}}",2025-07-09T06:58:40
1406,Forecast 1406,"{""forecast_id"": ""FCAST-1406"", ""series"": [{""x"": [""2025-01"", ""2025-02"", ""2025-03"", ""2025-04"", ""2025-05"", ""2025-06""], ""y"": [18302.99, 5624.3, 46224.51, 24045.91, 4866.24, 23815.32]}], ""meta"": {""created_by"": ""Larry Hicks"", ""notes"": ""Person yes agency want.""}}",2025-08-27T18:34:27
1407,Forecast 1407,"{""forecast_id"": ""FCAST-1407"", ""series"": [{""x"": [""2025-01"", ""2025-02"", ""2025-03"", ""2025-04"", ""2025-05"", ""2025-06""], ""y"": [41098.72, 36289.8, 2181.22, 48563.05, 7562.89, 47452.91]}], ""meta"": {""created_by"": ""Shannon Frey"", ""notes"": ""Technology often oil long visit drop.""}}",2024-09-21T14:14:33
1408,Forecast 1408,"{""forecast_id"": ""FCAST-1408"", ""series"": [{""x"": [""2025-01"", ""2025-02"", ""2025-03"", ""2025-04"", ""2025-05"", ""2025-06""], ""y"": [41530.9, 18595.42, 27462.45, 6485.39, 2815.71, 6182.67]}], ""meta"": {""created_by"": ""Shirley Klein"", ""notes"": ""Suggest color say necessary myself left.""}}",2025-04-06T10:53:48
1409,Forecast 1409,"{""forecast_id"": ""FCAST-1409"", ""series"": [{""x"": [""2025-01"", ""2025-02"", ""2025-03"", ""2025-04"", ""2025-05"", ""2025-06""], ""y"": [29173.65, 6411.57, 47799.05, 27314.18, 46187.18, 5455.02]}], ""meta"": {""created_by"": ""Shari Blake"", ""notes"": ""Relate risk usually significant.""}}",2024-06-16T20:24:43
1410,Forecast 1410,"{""forecast_id"": ""FCAST-1410"", ""series"": [{""x"": [""2025-01"", ""2025-02"", ""2025-03"", ""2025-04"", ""2025-05"", ""2025-06""], ""y"": [40465.74, 27484.14, 20825.57, 38114.95, 14991.25, 30725.87]}], ""meta"": {""created_by"": ""Laura Johnson MD"", ""notes"": ""Deal small difference drug age number.""}}",2025-02-24T23:47:42
1411,Forecast 1411,"{""forecast_id"": ""FCAST-1411"", ""series"": [{""x"": [""2025-01"", ""2025-02"", ""2025-03"", ""2025-04"", ""2025-05"", ""2025-06""], ""y"": [27257.17, 21267.57, 24469.51, 21970.03, 44061.6, 49052.57]}], ""meta"": {""created_by"": ""Jeffrey Turner"", ""notes"": ""Second let produce here stock half.""}}",2025-05-14T19:37:32
1412,Forecast 1412,"{""forecast_id"": ""FCAST-1412"", ""series"": [{""x"": [""2025-01"", ""2025-02"", ""2025-03"", ""2025-04"", ""2025-05"", ""2025-06""], ""y"": [34048.76, 7218.18, 23716.84, 49957.24, 45484.88, 25509.79]}], ""meta"": {""created_by"": ""Jeffrey Pearson"", ""notes"": ""Quality everybody these both.""}}",2024-02-16T00:42:55
1413,Forecast 1413,"{""forecast_id"": ""FCAST-1413"", ""series"": [{""x"": [""2025-01"", ""2025-02"", ""2025-03"", ""2025-04"", ""2025-05"", ""2025-06""], ""y"": [14192.48, 23353.14, 2158.14, 37710.87, 22477.78, 33210.11]}], ""meta"": {""created_by"": ""Danielle Stone"", ""notes"": ""Company friend practice.""}}",2024-11-13T09:27:02
1414,Forecast 1414,"{""forecast_id"": ""FCAST-1414"", ""series"": [{""x"": [""2025-01"", ""2025-02"", ""2025-03"", ""2025-04"", ""2025-05"", ""2025-06""], ""y"": [48844.66, 48859.31, 6367.24, 2593.92, 15287.22, 42472.17]}], ""meta"": {""created_by"": ""Anthony Mcgrath"", ""notes"": ""Care free system full.""}}",2025-05-20T14:59:32
1415,Forecast 1415,"{""forecast_id"": ""FCAST-1415"", ""series"": [{""x"": [""2025-01"", ""2025-02"", ""2025-03"", ""2025-04"", ""2025-05"", ""2025-06""], ""y"": [7400.85, 22421.98, 3136.99, 20779.53, 37111.88, 38440.47]}], ""meta"": {""created_by"": ""Richard Adams MD"", ""notes"": ""Raise per help.""}}",2025-07-08T10:07:42
1416,Forecast 1416,"{""forecast_id"": ""FCAST-1416"", ""series"": [{""x"": [""2025-01"", ""2025-02"", ""2025-03"", ""2025-04"", ""2025-05"", ""2025-06""], ""y"": [46731.21, 38658.21, 47177.0, 10878.4, 30788.54, 36787.75]}], ""meta"": {""created_by"": ""Tara Levine"", ""notes"": ""Although season catch significant various travel four.""}}",2024-10-24T10:59:41
1417,Forecast 1417,"{""forecast_id"": ""FCAST-1417"", ""series"": [{""x"": [""2025-01"", ""2025-02"", ""2025-03"", ""2025-04"", ""2025-05"", ""2025-06""], ""y"": [7265.02, 10671.64, 16975.73, 12292.6, 27476.29, 25983.21]}], ""meta"": {""created_by"": ""Sarah Lozano"", ""notes"": ""A foot fine human special fish old meeting.""}}",2025-03-28T20:35:05
1418,Forecast 1418,"{""forecast_id"": ""FCAST-1418"", ""series"": [{""x"": [""2025-01"", ""2025-02"", ""2025-03"", ""2025-04"", ""2025-05"", ""2025-06""], ""y"": [14250.53, 47282.9, 2914.56, 8728.3, 11976.07, 48307.75]}], ""meta"": {""created_by"": ""Kathleen Drake"", ""notes"": ""Student success news maintain significant director.""}}",2024-04-01T07:54:37
1419,Forecast 1419,"{""forecast_id"": ""FCAST-1419"", ""series"": [{""x"": [""2025-01"", ""2025-02"", ""2025-03"", ""2025-04"", ""2025-05"", ""2025-06""], ""y"": [21100.7, 14441.73, 10187.09, 36006.38, 1476.69, 4229.99]}], ""meta"": {""created_by"": ""Jason Frazier"", ""notes"": ""Off us mention everything get happen.""}}",2025-07-09T13:44:19
1420,Forecast 1420,"{""forecast_id"": ""FCAST-1420"", ""series"": [{""x"": [""2025-01"", ""2025-02"", ""2025-03"", ""2025-04"", ""2025-05"", ""2025-06""], ""y"": [9158.49, 37430.54, 25091.73, 47001.22, 8270.84, 1712.7]}], ""meta"": {""created_by"": ""David Shelton"", ""notes"": ""Stand step station structure direction social.""}}",2024-07-04T04:52:17
1421,Forecast 1421,"{""forecast_id"": ""FCAST-1421"", ""series"": [{""x"": [""2025-01"", ""2025-02"", ""2025-03"", ""2025-04"", ""2025-05"", ""2025-06""], ""y"": [45230.46, 1073.01, 11198.73, 11672.4, 3987.02, 1890.51]}], ""meta"": {""created_by"": ""Charles Brown"", ""notes"": ""If reason wide stock tonight compare.""}}",2024-02-22T21:12:51
1422,Forecast 1422,"{""forecast_id"": ""FCAST-1422"", ""series"": [{""x"": [""2025-01"", ""2025-02"", ""2025-03"", ""2025-04"", ""2025-05"", ""2025-06""], ""y"": [26430.86, 13184.67, 15292.85, 36001.55, 20762.0, 12724.36]}], ""meta"": {""created_by"": ""Dr. Daniel Thompson"", ""notes"": ""Certain suddenly suggest.""}}",2023-11-23T19:39:48
1423,Forecast 1423,"{""forecast_id"": ""FCAST-1423"", ""series"": [{""x"": [""2025-01"", ""2025-02"", ""2025-03"", ""2025-04"", ""2025-05"", ""2025-06""], ""y"": [6450.26, 1236.63, 26291.74, 29015.13, 39129.1, 49964.34]}], ""meta"": {""created_by"": ""Robert Gutierrez"", ""notes"": ""Woman gas national along perhaps why.""}}",2024-07-15T13:45:37
1424,Forecast 1424,"{""forecast_id"": ""FCAST-1424"", ""series"": [{""x"": [""2025-01"", ""2025-02"", ""2025-03"", ""2025-04"", ""2025-05"", ""2025-06""], ""y"": [6944.59, 6836.44, 40117.74, 2133.99, 47792.3, 42669.34]}], ""meta"": {""created_by"": ""Melissa Gonzales"", ""notes"": ""Too address then.""}}",2024-04-09T07:27:51
1425,Forecast 1425,"{""forecast_id"": ""FCAST-1425"", ""series"": [{""x"": [""2025-01"", ""2025-02"", ""2025-03"", ""2025-04"", ""2025-05"", ""2025-06""], ""y"": [19839.67, 37895.46, 31761.0, 41199.6, 7804.32, 25229.13]}], ""meta"": {""created_by"": ""Morgan Miller"", ""notes"": ""Challenge generation without he place.""}}",2024-08-10T17:48:36
1426,Forecast 1426,"{""forecast_id"": ""FCAST-1426"", ""series"": [{""x"": [""2025-01"", ""2025-02"", ""2025-03"", ""2025-04"", ""2025-05"", ""2025-06""], ""y"": [46757.12, 37366.06, 29516.64, 27064.69, 38893.38, 36611.03]}], ""meta"": {""created_by"": ""Steven Harmon"", ""notes"": ""Site drop thus.""}}",2024-04-27T14:29:37
1427,Forecast 1427,"{""forecast_id"": ""FCAST-1427"", ""series"": [{""x"": [""2025-01"", ""2025-02"", ""2025-03"", ""2025-04"", ""2025-05"", ""2025-06""], ""y"": [37260.62, 31271.02, 20022.02, 27547.07, 36919.71, 15709.88]}], ""meta"": {""created_by"": ""Mr. Thomas Adams"", ""notes"": ""One thought doctor.""}}",2024-09-20T04:12:26
1428,Forecast 1428,"{""forecast_id"": ""FCAST-1428"", ""series"": [{""x"": [""2025-01"", ""2025-02"", ""2025-03"", ""2025-04"", ""2025-05"", ""2025-06""], ""y"": [49460.61, 47596.79, 47197.33, 43463.44, 27833.05, 24521.42]}], ""meta"": {""created_by"": ""Jessica Mcclain"", ""notes"": ""Quickly expect fly woman manage street issue.""}}",2024-06-26T19:41:29
1429,Forecast 1429,"{""forecast_id"": ""FCAST-1429"", ""series"": [{""x"": [""2025-01"", ""2025-02"", ""2025-03"", ""2025-04"", ""2025-05"", ""2025-06""], ""y"": [13642.65, 13002.25, 3482.45, 46146.61, 40980.85, 48649.6]}], ""meta"": {""created_by"": ""Robert Kelley"", ""notes"": ""Prevent some blue phone plant away nature.""}}",2024-01-03T09:18:13
1430,Forecast 1430,"{""forecast_id"": ""FCAST-1430"", ""series"": [{""x"": [""2025-01"", ""2025-02"", ""2025-03"", ""2025-04"", ""2025-05"", ""2025-06""], ""y"": [26237.45, 34530.55, 13203.02, 6818.29, 5742.27, 41916.6]}], ""meta"": {""created_by"": ""Kyle Farley"", ""notes"": ""Herself exactly stay guess.""}}",2025-03-27T11:35:17
1431,Forecast 1431,"{""forecast_id"": ""FCAST-1431"", ""series"": [{""x"": [""2025-01"", ""2025-02"", ""2025-03"", ""2025-04"", ""2025-05"", ""2025-06""], ""y"": [47701.52, 5041.61, 5709.94, 44236.64, 16598.7, 33445.49]}], ""meta"": {""created_by"": ""Brent Pittman"", ""notes"": ""Executive cell close represent today.""}}",2025-10-26T13:47:02
1432,Forecast 1432,"{""forecast_id"": ""FCAST-1432"", ""series"": [{""x"": [""2025-01"", ""2025-02"", ""2025-03"", ""2025-04"", ""2025-05"", ""2025-06""], ""y"": [28209.5, 19099.62, 13697.76, 25561.18, 38202.25, 48179.78]}], ""meta"": {""created_by"": ""Melody Burton"", ""notes"": ""Weight later general I recent old other.""}}",2024-04-20T19:42:47
1433,Forecast 1433,"{""forecast_id"": ""FCAST-1433"", ""series"": [{""x"": [""2025-01"", ""2025-02"", ""2025-03"", ""2025-04"", ""2025-05"", ""2025-06""], ""y"": [16143.25, 48666.14, 10266.52, 13728.94, 42545.36, 1589.88]}], ""meta"": {""created_by"": ""Joann Davis"", ""notes"": ""Skill morning challenge effect author answer.""}}",2023-11-30T16:17:03
1434,Forecast 1434,"{""forecast_id"": ""FCAST-1434"", ""series"": [{""x"": [""2025-01"", ""2025-02"", ""2025-03"", ""2025-04"", ""2025-05"", ""2025-06""], ""y"": [18787.92, 16873.15, 12719.5, 21230.77, 2468.6, 16760.93]}], ""meta"": {""created_by"": ""Molly Clark"", ""notes"": ""Address along create culture.""}}",2025-01-09T13:53:02
1435,Forecast 1435,"{""forecast_id"": ""FCAST-1435"", ""series"": [{""x"": [""2025-01"", ""2025-02"", ""2025-03"", ""2025-04"", ""2025-05"", ""2025-06""], ""y"": [47229.03, 30753.27, 13268.76, 29518.23, 35498.63, 43298.28]}], ""meta"": {""created_by"": ""Kimberly Gates"", ""notes"": ""Statement among majority opportunity.""}}",2023-12-14T22:23:25
1436,Forecast 1436,"{""forecast_id"": ""FCAST-1436"", ""series"": [{""x"": [""2025-01"", ""2025-02"", ""2025-03"", ""2025-04"", ""2025-05"", ""2025-06""], ""y"": [22165.18, 8265.22, 3629.76, 3869.45, 7759.46, 44180.49]}], ""meta"": {""created_by"": ""Shawn Rubio"", ""notes"": ""Take hear type watch exactly cause admit generation.""}}",2025-04-04T12:27:20
1437,Forecast 1437,"{""forecast_id"": ""FCAST-1437"", ""series"": [{""x"": [""2025-01"", ""2025-02"", ""2025-03"", ""2025-04"", ""2025-05"", ""2025-06""], ""y"": [36329.87, 40695.55, 35610.66, 27414.67, 5488.51, 25842.79]}], ""meta"": {""created_by"": ""Joshua Mccoy"", ""notes"": ""Value before great business research.""}}",2024-06-18T16:38:13
1438,Forecast 1438,"{""forecast_id"": ""FCAST-1438"", ""series"": [{""x"": [""2025-01"", ""2025-02"", ""2025-03"", ""2025-04"", ""2025-05"", ""2025-06""], ""y"": [46111.88, 32978.29, 26153.61, 30226.71, 38585.84, 48439.15]}], ""meta"": {""created_by"": ""Mr. Derek Wright DVM"", ""notes"": ""Market will agreement would stuff.""}}",2025-09-06T20:06:01
1439,Forecast 1439,"{""forecast_id"": ""FCAST-1439"", ""series"": [{""x"": [""2025-01"", ""2025-02"", ""2025-03"", ""2025-04"", ""2025-05"", ""2025-06""], ""y"": [8315.3, 44643.46, 7896.18, 27013.04, 25539.06, 4431.36]}], ""meta"": {""created_by"": ""Terry Brewer"", ""notes"": ""Financial message money candidate.""}}",2024-03-15T18:45:55
1440,Forecast 1440,"{""forecast_id"": ""FCAST-1440"", ""series"": [{""x"": [""2025-01"", ""2025-02"", ""2025-03"", ""2025-04"", ""2025-05"", ""2025-06""], ""y"": [13841.92, 16913.32, 7661.22, 12142.67, 45724.39, 32221.5]}], ""meta"": {""created_by"": ""Rebecca Stevens"", ""notes"": ""Two character seat development may common threat.""}}",2025-02-27T06:33:16
1441,Forecast 1441,"{""forecast_id"": ""FCAST-1441"", ""series"": [{""x"": [""2025-01"", ""2025-02"", ""2025-03"", ""2025-04"", ""2025-05"", ""2025-06""], ""y"": [10440.02, 16267.08, 47600.71, 11891.19, 49791.54, 1852.45]}], ""meta"": {""created_by"": ""Michael Chambers"", ""notes"": ""Machine perhaps leg well.""}}",2024-03-10T10:46:39
1442,Forecast 1442,"{""forecast_id"": ""FCAST-1442"", ""series"": [{""x"": [""2025-01"", ""2025-02"", ""2025-03"", ""2025-04"", ""2025-05"", ""2025-06""], ""y"": [15438.3, 8814.05, 5640.36, 38807.89, 47570.47, 28031.36]}], ""meta"": {""created_by"": ""Michelle Stein"", ""notes"": ""Price option star nice.""}}",2024-05-25T05:13:42
1443,Forecast 1443,"{""forecast_id"": ""FCAST-1443"", ""series"": [{""x"": [""2025-01"", ""2025-02"", ""2025-03"", ""2025-04"", ""2025-05"", ""2025-06""], ""y"": [17268.76, 27898.65, 34644.31, 46975.14, 31788.75, 39528.79]}], ""meta"": {""created_by"": ""Theresa Smith"", ""notes"": ""Head sign state do inside.""}}",2024-01-30T20:37:54
1444,Forecast 1444,"{""forecast_id"": ""FCAST-1444"", ""series"": [{""x"": [""2025-01"", ""2025-02"", ""2025-03"", ""2025-04"", ""2025-05"", ""2025-06""], ""y"": [48753.09, 17951.63, 1877.05, 33612.37, 44720.46, 6606.69]}], ""meta"": {""created_by"": ""Michelle Simpson"", ""notes"": ""Explain movement right need crime show writer.""}}",2024-06-19T15:41:38
1445,Forecast 1445,"{""forecast_id"": ""FCAST-1445"", ""series"": [{""x"": [""2025-01"", ""2025-02"", ""2025-03"", ""2025-04"", ""2025-05"", ""2025-06""], ""y"": [2553.65, 23767.77, 9471.76, 3713.69, 21897.06, 2153.05]}], ""meta"": {""created_by"": ""Duane Smith"", ""notes"": ""Fight edge trouble cold.""}}",2025-04-21T21:00:42
1446,Forecast 1446,"{""forecast_id"": ""FCAST-1446"", ""series"": [{""x"": [""2025-01"", ""2025-02"", ""2025-03"", ""2025-04"", ""2025-05"", ""2025-06""], ""y"": [5177.4, 28516.32, 26596.21, 23455.78, 2451.61, 36446.91]}], ""meta"": {""created_by"": ""Julie Price"", ""notes"": ""Charge ask significant wait audience.""}}",2025-07-30T17:50:11
1447,Forecast 1447,"{""forecast_id"": ""FCAST-1447"", ""series"": [{""x"": [""2025-01"", ""2025-02"", ""2025-03"", ""2025-04"", ""2025-05"", ""2025-06""], ""y"": [37536.24, 9613.27, 49196.85, 7230.46, 37015.4, 46336.28]}], ""meta"": {""created_by"": ""Maria Holland"", ""notes"": ""Notice court system current look.""}}",2025-07-27T03:35:11
1448,Forecast 1448,"{""forecast_id"": ""FCAST-1448"", ""series"": [{""x"": [""2025-01"", ""2025-02"", ""2025-03"", ""2025-04"", ""2025-05"", ""2025-06""], ""y"": [21933.57, 18191.53, 7129.58, 33088.33, 13960.11, 27085.23]}], ""meta"": {""created_by"": ""Deborah Flowers"", ""notes"": ""Lot use morning side sit.""}}",2024-11-29T22:41:10
1449,Forecast 1449,"{""forecast_id"": ""FCAST-1449"", ""series"": [{""x"": [""2025-01"", ""2025-02"", ""2025-03"", ""2025-04"", ""2025-05"", ""2025-06""], ""y"": [19338.8, 25390.17, 22039.78, 37820.07, 11995.03, 40929.94]}], ""meta"": {""created_by"": ""Robert Andersen"", ""notes"": ""Only in pay rich a might scientist door.""}}",2025-07-28T09:54:12
1450,Forecast 1450,"{""forecast_id"": ""FCAST-1450"", ""series"": [{""x"": [""2025-01"", ""2025-02"", ""2025-03"", ""2025-04"", ""2025-05"", ""2025-06""], ""y"": [44669.07, 45758.87, 37942.05, 16290.77, 36544.9, 48561.61]}], ""meta"": {""created_by"": ""Thomas Garcia"", ""notes"": ""Interesting southern more edge.""}}",2024-08-14T09:43:23
1451,Forecast 1451,"{""forecast_id"": ""FCAST-1451"", ""series"": [{""x"": [""2025-01"", ""2025-02"", ""2025-03"", ""2025-04"", ""2025-05"", ""2025-06""], ""y"": [15967.61, 9707.51, 8072.0, 22550.49, 49391.21, 42754.38]}], ""meta"": {""created_by"": ""James Watson"", ""notes"": ""Reduce form lawyer must foreign should.""}}",2024-06-19T19:27:14
1452,Forecast 1452,"{""forecast_id"": ""FCAST-1452"", ""series"": [{""x"": [""2025-01"", ""2025-02"", ""2025-03"", ""2025-04"", ""2025-05"", ""2025-06""], ""y"": [15692.44, 41435.65, 2232.51, 31479.92, 17311.92, 1335.34]}], ""meta"": {""created_by"": ""Edwin Ruiz"", ""notes"": ""More animal usually check southern task popular.""}}",2024-07-21T17:07:34
1453,Forecast 1453,"{""forecast_id"": ""FCAST-1453"", ""series"": [{""x"": [""2025-01"", ""2025-02"", ""2025-03"", ""2025-04"", ""2025-05"", ""2025-06""], ""y"": [25461.81, 37432.56, 31670.15, 11042.93, 36862.56, 25099.09]}], ""meta"": {""created_by"": ""Anna Ruiz"", ""notes"": ""Hold production eight seem move industry stuff.""}}",2024-11-18T21:09:27
1454,Forecast 1454,"{""forecast_id"": ""FCAST-1454"", ""series"": [{""x"": [""2025-01"", ""2025-02"", ""2025-03"", ""2025-04"", ""2025-05"", ""2025-06""], ""y"": [8296.14, 12509.04, 28358.38, 21670.93, 25067.28, 21081.78]}], ""meta"": {""created_by"": ""Mr. Craig Gonzalez"", ""notes"": ""Degree public then.""}}",2024-09-02T01:02:05
1455,Forecast 1455,"{""forecast_id"": ""FCAST-1455"", ""series"": [{""x"": [""2025-01"", ""2025-02"", ""2025-03"", ""2025-04"", ""2025-05"", ""2025-06""], ""y"": [9284.77, 47069.86, 38086.25, 37723.21, 7184.66, 23483.52]}], ""meta"": {""created_by"": ""Richard Jensen"", ""notes"": ""Between fast strategy everything join light effect arrive.""}}",2025-07-05T02:02:24
1456,Forecast 1456,"{""forecast_id"": ""FCAST-1456"", ""series"": [{""x"": [""2025-01"", ""2025-02"", ""2025-03"", ""2025-04"", ""2025-05"", ""2025-06""], ""y"": [47682.99, 20317.81, 49356.42, 25960.01, 42517.9, 35476.03]}], ""meta"": {""created_by"": ""Jason Sullivan"", ""notes"": ""Expert family moment action public physical left.""}}",2024-12-05T20:05:37
1457,Forecast 1457,"{""forecast_id"": ""FCAST-1457"", ""series"": [{""x"": [""2025-01"", ""2025-02"", ""2025-03"", ""2025-04"", ""2025-05"", ""2025-06""], ""y"": [19983.92, 18203.04, 35240.71, 20609.28, 8479.5, 7371.08]}], ""meta"": {""created_by"": ""Rebecca Moreno"", ""notes"": ""Choice call travel present.""}}",2025-03-09T01:19:10
1458,Forecast 1458,"{""forecast_id"": ""FCAST-1458"", ""series"": [{""x"": [""2025-01"", ""2025-02"", ""2025-03"", ""2025-04"", ""2025-05"", ""2025-06""], ""y"": [49194.69, 47863.24, 31448.66, 22654.56, 49891.7, 42762.76]}], ""meta"": {""created_by"": ""Mark Mayer"", ""notes"": ""Born end coach day thus happen agreement goal.""}}",2023-12-04T16:25:12
1459,Forecast 1459,"{""forecast_id"": ""FCAST-1459"", ""series"": [{""x"": [""2025-01"", ""2025-02"", ""2025-03"", ""2025-04"", ""2025-05"", ""2025-06""], ""y"": [22657.89, 42956.7, 14208.56, 31553.72, 24191.94, 41663.6]}], ""meta"": {""created_by"": ""Cynthia Johnson"", ""notes"": ""Every I create.""}}",2024-07-28T18:54:28
1460,Forecast 1460,"{""forecast_id"": ""FCAST-1460"", ""series"": [{""x"": [""2025-01"", ""2025-02"", ""2025-03"", ""2025-04"", ""2025-05"", ""2025-06""], ""y"": [33457.18, 29330.87, 32316.49, 18718.68, 2788.47, 48773.39]}], ""meta"": {""created_by"": ""Mr. Eric Berry"", ""notes"": ""Eye hundred ok right up society.""}}",2024-05-25T03:12:04
1461,Forecast 1461,"{""forecast_id"": ""FCAST-1461"", ""series"": [{""x"": [""2025-01"", ""2025-02"", ""2025-03"", ""2025-04"", ""2025-05"", ""2025-06""], ""y"": [6333.8, 26002.73, 25529.33, 24685.26, 15765.52, 8133.15]}], ""meta"": {""created_by"": ""Mr. Keith Wilson II"", ""notes"": ""Ok idea important activity current could.""}}",2024-01-25T02:24:03
1462,Forecast 1462,"{""forecast_id"": ""FCAST-1462"", ""series"": [{""x"": [""2025-01"", ""2025-02"", ""2025-03"", ""2025-04"", ""2025-05"", ""2025-06""], ""y"": [12529.38, 43340.63, 40773.06, 16072.38, 16054.69, 21544.53]}], ""meta"": {""created_by"": ""James Morton"", ""notes"": ""Deep knowledge manage someone.""}}",2025-05-18T23:51:22
1463,Forecast 1463,"{""forecast_id"": ""FCAST-1463"", ""series"": [{""x"": [""2025-01"", ""2025-02"", ""2025-03"", ""2025-04"", ""2025-05"", ""2025-06""], ""y"": [37207.11, 19541.78, 8465.66, 6412.68, 5257.15, 39740.87]}], ""meta"": {""created_by"": ""Robert Ayers"", ""notes"": ""Cell walk point year rule once wear.""}}",2025-09-24T21:13:56
1464,Forecast 1464,"{""forecast_id"": ""FCAST-1464"", ""series"": [{""x"": [""2025-01"", ""2025-02"", ""2025-03"", ""2025-04"", ""2025-05"", ""2025-06""], ""y"": [22208.36, 13386.11, 37174.48, 18457.74, 18488.94, 29166.77]}], ""meta"": {""created_by"": ""Mitchell French"", ""notes"": ""Mission compare into tax if.""}}",2025-04-06T22:54:20
1465,Forecast 1465,"{""forecast_id"": ""FCAST-1465"", ""series"": [{""x"": [""2025-01"", ""2025-02"", ""2025-03"", ""2025-04"", ""2025-05"", ""2025-06""], ""y"": [9431.31, 48524.93, 33336.32, 14544.2, 14869.69, 41099.66]}], ""meta"": {""created_by"": ""Shannon Mitchell"", ""notes"": ""Technology firm culture.""}}",2024-12-16T23:24:10
1466,Forecast 1466,"{""forecast_id"": ""FCAST-1466"", ""series"": [{""x"": [""2025-01"", ""2025-02"", ""2025-03"", ""2025-04"", ""2025-05"", ""2025-06""], ""y"": [38554.33, 5952.69, 35802.62, 25159.82, 10582.67, 27971.13]}], ""meta"": {""created_by"": ""Patrick Diaz"", ""notes"": ""Contain pull report light.""}}",2024-02-12T11:18:27
1467,Forecast 1467,"{""forecast_id"": ""FCAST-1467"", ""series"": [{""x"": [""2025-01"", ""2025-02"", ""2025-03"", ""2025-04"", ""2025-05"", ""2025-06""], ""y"": [27028.62, 23716.37, 1123.55, 33765.82, 12441.58, 12042.02]}], ""meta"": {""created_by"": ""Danny Harris"", ""notes"": ""Front notice fire defense exactly chair cover.""}}",2025-05-06T11:44:24
1468,Forecast 1468,"{""forecast_id"": ""FCAST-1468"", ""series"": [{""x"": [""2025-01"", ""2025-02"", ""2025-03"", ""2025-04"", ""2025-05"", ""2025-06""], ""y"": [34181.24, 39658.8, 25521.7, 43336.0, 40508.29, 36476.77]}], ""meta"": {""created_by"": ""Susan Skinner"", ""notes"": ""Term animal last community at.""}}",2024-06-01T05:48:34
1469,Forecast 1469,"{""forecast_id"": ""FCAST-1469"", ""series"": [{""x"": [""2025-01"", ""2025-02"", ""2025-03"", ""2025-04"", ""2025-05"", ""2025-06""], ""y"": [26883.52, 14584.14, 40267.17, 27305.18, 49660.55, 20852.43]}], ""meta"": {""created_by"": ""Billy Jordan"", ""notes"": ""Home general speech during hotel through position.""}}",2024-12-15T07:56:57
1470,Forecast 1470,"{""forecast_id"": ""FCAST-1470"", ""series"": [{""x"": [""2025-01"", ""2025-02"", ""2025-03"", ""2025-04"", ""2025-05"", ""2025-06""], ""y"": [43442.4, 1896.04, 42490.37, 41011.38, 49655.2, 9905.5]}], ""meta"": {""created_by"": ""Tammy Clarke"", ""notes"": ""Business home director push strategy check method.""}}",2024-12-10T08:24:13
1471,Forecast 1471,"{""forecast_id"": ""FCAST-1471"", ""series"": [{""x"": [""2025-01"", ""2025-02"", ""2025-03"", ""2025-04"", ""2025-05"", ""2025-06""], ""y"": [8888.9, 44029.97, 16239.1, 33169.06, 14669.33, 40305.21]}], ""meta"": {""created_by"": ""Steven Watson"", ""notes"": ""Become list however.""}}",2024-10-19T06:21:07
1472,Forecast 1472,"{""forecast_id"": ""FCAST-1472"", ""series"": [{""x"": [""2025-01"", ""2025-02"", ""2025-03"", ""2025-04"", ""2025-05"", ""2025-06""], ""y"": [10137.92, 43296.3, 6804.73, 20670.98, 16236.81, 37454.73]}], ""meta"": {""created_by"": ""Christopher Mcdonald"", ""notes"": ""The before security realize drug.""}}",2024-06-28T11:45:55
1473,Forecast 1473,"{""forecast_id"": ""FCAST-1473"", ""series"": [{""x"": [""2025-01"", ""2025-02"", ""2025-03"", ""2025-04"", ""2025-05"", ""2025-06""], ""y"": [26866.74, 1205.37, 47352.44, 25336.89, 5923.53, 36769.06]}], ""meta"": {""created_by"": ""Lisa Ross"", ""notes"": ""Situation dinner score reflect.""}}",2024-06-06T16:24:34
1474,Forecast 1474,"{""forecast_id"": ""FCAST-1474"", ""series"": [{""x"": [""2025-01"", ""2025-02"", ""2025-03"", ""2025-04"", ""2025-05"", ""2025-06""], ""y"": [43742.46, 19867.48, 49385.26, 10929.15, 4061.62, 35244.5]}], ""meta"": {""created_by"": ""Marcus Watson"", ""notes"": ""Speech look safe interview quality space.""}}",2025-08-08T03:26:01
1475,Forecast 1475,"{""forecast_id"": ""FCAST-1475"", ""series"": [{""x"": [""2025-01"", ""2025-02"", ""2025-03"", ""2025-04"", ""2025-05"", ""2025-06""], ""y"": [6146.69, 22889.37, 41575.53, 31521.98, 45708.54, 3425.43]}], ""meta"": {""created_by"": ""Toni Brown"", ""notes"": ""Process hear college bill.""}}",2025-01-26T03:53:22
1476,Forecast 1476,"{""forecast_id"": ""FCAST-1476"", ""series"": [{""x"": [""2025-01"", ""2025-02"", ""2025-03"", ""2025-04"", ""2025-05"", ""2025-06""], ""y"": [5383.81, 14525.1, 46979.56, 11282.97, 46030.2, 24267.35]}], ""meta"": {""created_by"": ""David Goodwin DVM"", ""notes"": ""Policy seem here night yet arm meet.""}}",2025-03-01T06:18:17
1477,Forecast 1477,"{""forecast_id"": ""FCAST-1477"", ""series"": [{""x"": [""2025-01"", ""2025-02"", ""2025-03"", ""2025-04"", ""2025-05"", ""2025-06""], ""y"": [6722.05, 6239.95, 34803.08, 37629.39, 29895.01, 23865.1]}], ""meta"": {""created_by"": ""Brian Robertson"", ""notes"": ""Adult among sure operation station between apply realize.""}}",2024-06-04T18:11:35
1478,Forecast 1478,"{""forecast_id"": ""FCAST-1478"", ""series"": [{""x"": [""2025-01"", ""2025-02"", ""2025-03"", ""2025-04"", ""2025-05"", ""2025-06""], ""y"": [32959.35, 21332.1, 39253.04, 6143.15, 31886.71, 20009.73]}], ""meta"": {""created_by"": ""Emily King"", ""notes"": ""Small affect charge yard.""}}",2025-08-07T19:26:08
1479,Forecast 1479,"{""forecast_id"": ""FCAST-1479"", ""series"": [{""x"": [""2025-01"", ""2025-02"", ""2025-03"", ""2025-04"", ""2025-05"", ""2025-06""], ""y"": [46438.33, 38267.42, 47055.43, 34503.4, 31225.11, 37811.54]}], ""meta"": {""created_by"": ""Adrienne Nunez"", ""notes"": ""Agreement issue college help.""}}",2024-09-18T06:53:38
1480,Forecast 1480,"{""forecast_id"": ""FCAST-1480"", ""series"": [{""x"": [""2025-01"", ""2025-02"", ""2025-03"", ""2025-04"", ""2025-05"", ""2025-06""], ""y"": [3495.5, 25859.01, 5827.59, 32752.69, 42424.65, 32170.49]}], ""meta"": {""created_by"": ""Brenda Cooper"", ""notes"": ""Now move certain shoulder across.""}}",2024-12-14T22:50:30
1481,Forecast 1481,"{""forecast_id"": ""FCAST-1481"", ""series"": [{""x"": [""2025-01"", ""2025-02"", ""2025-03"", ""2025-04"", ""2025-05"", ""2025-06""], ""y"": [41252.3, 17104.18, 18868.27, 1461.85, 6903.54, 11095.62]}], ""meta"": {""created_by"": ""David Clarke"", ""notes"": ""Season amount thousand possible customer.""}}",2025-10-24T22:03:39
1482,Forecast 1482,"{""forecast_id"": ""FCAST-1482"", ""series"": [{""x"": [""2025-01"", ""2025-02"", ""2025-03"", ""2025-04"", ""2025-05"", ""2025-06""], ""y"": [22439.93, 11949.39, 26975.35, 35602.27, 2109.06, 46208.57]}], ""meta"": {""created_by"": ""Diana Perez"", ""notes"": ""Scientist dream few job window.""}}",2024-02-21T14:12:30
1483,Forecast 1483,"{""forecast_id"": ""FCAST-1483"", ""series"": [{""x"": [""2025-01"", ""2025-02"", ""2025-03"", ""2025-04"", ""2025-05"", ""2025-06""], ""y"": [28347.47, 34123.79, 42018.93, 26606.73, 1169.69, 7742.49]}], ""meta"": {""created_by"": ""William Ross"", ""notes"": ""Score poor his at age.""}}",2025-10-11T07:33:26
1484,Forecast 1484,"{""forecast_id"": ""FCAST-1484"", ""series"": [{""x"": [""2025-01"", ""2025-02"", ""2025-03"", ""2025-04"", ""2025-05"", ""2025-06""], ""y"": [23931.12, 38262.19, 36037.88, 23929.46, 47329.18, 6183.4]}], ""meta"": {""created_by"": ""Jimmy Lynn MD"", ""notes"": ""Data seem particular.""}}",2025-10-26T11:08:02
1485,Forecast 1485,"{""forecast_id"": ""FCAST-1485"", ""series"": [{""x"": [""2025-01"", ""2025-02"", ""2025-03"", ""2025-04"", ""2025-05"", ""2025-06""], ""y"": [2347.03, 34822.71, 6442.34, 31162.9, 48821.45, 8576.81]}], ""meta"": {""created_by"": ""Elijah Moore"", ""notes"": ""Long property social spring choice.""}}",2025-07-11T14:48:33
1486,Forecast 1486,"{""forecast_id"": ""FCAST-1486"", ""series"": [{""x"": [""2025-01"", ""2025-02"", ""2025-03"", ""2025-04"", ""2025-05"", ""2025-06""], ""y"": [44794.11, 34165.46, 44076.65, 29815.85, 49404.36, 13314.4]}], ""meta"": {""created_by"": ""Bethany Barrett"", ""notes"": ""Better value choice.""}}",2025-03-02T01:50:53
1487,Forecast 1487,"{""forecast_id"": ""FCAST-1487"", ""series"": [{""x"": [""2025-01"", ""2025-02"", ""2025-03"", ""2025-04"", ""2025-05"", ""2025-06""], ""y"": [25030.09, 6910.11, 10700.31, 17603.55, 12107.57, 22923.03]}], ""meta"": {""created_by"": ""Julie Ferguson"", ""notes"": ""Week news road start case Republican.""}}",2025-07-18T08:29:50
1488,Forecast 1488,"{""forecast_id"": ""FCAST-1488"", ""series"": [{""x"": [""2025-01"", ""2025-02"", ""2025-03"", ""2025-04"", ""2025-05"", ""2025-06""], ""y"": [21542.04, 43301.27, 45083.84, 1341.73, 40115.18, 27804.46]}], ""meta"": {""created_by"": ""Sandra Hill"", ""notes"": ""Like house matter but identify strong either short.""}}",2024-08-20T04:15:54
1489,Forecast 1489,"{""forecast_id"": ""FCAST-1489"", ""series"": [{""x"": [""2025-01"", ""2025-02"", ""2025-03"", ""2025-04"", ""2025-05"", ""2025-06""], ""y"": [34013.08, 36099.58, 18950.48, 18243.0, 43489.45, 25524.56]}], ""meta"": {""created_by"": ""Michelle French"", ""notes"": ""Boy how card color himself.""}}",2024-05-20T08:33:05
1490,Forecast 1490,"{""forecast_id"": ""FCAST-1490"", ""series"": [{""x"": [""2025-01"", ""2025-02"", ""2025-03"", ""2025-04"", ""2025-05"", ""2025-06""], ""y"": [1721.79, 32915.26, 33787.35, 15364.85, 40121.73, 7612.72]}], ""meta"": {""created_by"": ""Troy Stevenson"", ""notes"": ""Yes blue tell toward.""}}",2024-12-26T09:28:12
1491,Forecast 1491,"{""forecast_id"": ""FCAST-1491"", ""series"": [{""x"": [""2025-01"", ""2025-02"", ""2025-03"", ""2025-04"", ""2025-05"", ""2025-06""], ""y"": [43940.61, 48236.43, 8951.19, 41387.78, 20144.45, 2864.52]}], ""meta"": {""created_by"": ""Brian Duke"", ""notes"": ""Think blue address long discover always.""}}",2024-02-02T23:22:03
1492,Forecast 1492,"{""forecast_id"": ""FCAST-1492"", ""series"": [{""x"": [""2025-01"", ""2025-02"", ""2025-03"", ""2025-04"", ""2025-05"", ""2025-06""], ""y"": [49672.4, 30520.78, 38407.5, 28022.82, 42498.88, 13719.5]}], ""meta"": {""created_by"": ""Kevin Kent"", ""notes"": ""Mention indicate attack mouth only not large.""}}",2025-07-02T06:42:49
1493,Forecast 1493,"{""forecast_id"": ""FCAST-1493"", ""series"": [{""x"": [""2025-01"", ""2025-02"", ""2025-03"", ""2025-04"", ""2025-05"", ""2025-06""], ""y"": [33652.71, 1976.23, 40241.5, 34429.77, 18468.86, 22409.6]}], ""meta"": {""created_by"": ""Cassidy Scott"", ""notes"": ""Challenge financial character remain.""}}",2024-10-20T22:20:08
1494,Forecast 1494,"{""forecast_id"": ""FCAST-1494"", ""series"": [{""x"": [""2025-01"", ""2025-02"", ""2025-03"", ""2025-04"", ""2025-05"", ""2025-06""], ""y"": [34814.58, 13049.48, 42635.52, 45805.14, 18869.18, 37679.82]}], ""meta"": {""created_by"": ""Joseph Hutchinson"", ""notes"": ""Friend standard view.""}}",2023-12-03T05:35:33
1495,Forecast 1495,"{""forecast_id"": ""FCAST-1495"", ""series"": [{""x"": [""2025-01"", ""2025-02"", ""2025-03"", ""2025-04"", ""2025-05"", ""2025-06""], ""y"": [43996.12, 7959.84, 16770.85, 37054.19, 42097.75, 44837.81]}], ""meta"": {""created_by"": ""Debra Blackwell"", ""notes"": ""Series record husband us us tonight.""}}",2025-02-19T01:18:49
1496,Forecast 1496,"{""forecast_id"": ""FCAST-1496"", ""series"": [{""x"": [""2025-01"", ""2025-02"", ""2025-03"", ""2025-04"", ""2025-05"", ""2025-06""], ""y"": [41349.12, 20031.36, 1216.18, 46459.44, 11661.7, 18834.96]}], ""meta"": {""created_by"": ""Bradley Glenn"", ""notes"": ""Loss add attention look list anything indicate main.""}}",2025-07-11T13:36:43
1497,Forecast 1497,"{""forecast_id"": ""FCAST-1497"", ""series"": [{""x"": [""2025-01"", ""2025-02"", ""2025-03"", ""2025-04"", ""2025-05"", ""2025-06""], ""y"": [48982.03, 47794.57, 32790.11, 38575.34, 44746.61, 8670.5]}], ""meta"": {""created_by"": ""Peter Tran"", ""notes"": ""Worker challenge government treat.""}}",2024-01-11T00:39:39
1498,Forecast 1498,"{""forecast_id"": ""FCAST-1498"", ""series"": [{""x"": [""2025-01"", ""2025-02"", ""2025-03"", ""2025-04"", ""2025-05"", ""2025-06""], ""y"": [42578.2, 35438.0, 35047.07, 31380.14, 43419.42, 29316.48]}], ""meta"": {""created_by"": ""Jesus Garcia"", ""notes"": ""Want hold kitchen here ever.""}}",2025-07-17T05:50:40
1499,Forecast 1499,"{""forecast_id"": ""FCAST-1499"", ""series"": [{""x"": [""2025-01"", ""2025-02"", ""2025-03"", ""2025-04"", ""2025-05"", ""2025-06""], ""y"": [15139.36, 42908.69, 25666.07, 11799.14, 1500.73, 45730.86]}], ""meta"": {""created_by"": ""Steven Peters"", ""notes"": ""Hand great large item.""}}",2025-10-02T03:44:00
1500,Forecast 1500,"{""forecast_id"": ""FCAST-1500"", ""series"": [{""x"": [""2025-01"", ""2025-02"", ""2025-03"", ""2025-04"", ""2025-05"", ""2025-06""], ""y"": [37190.92, 30433.66, 40664.99, 40888.32, 16503.25, 12203.02]}], ""meta"": {""created_by"": ""Brett Garcia"", ""notes"": ""Into admit window head where outside technology ten.""}}",2024-01-15T19:51:22
1501,Forecast 1501,"{""forecast_id"": ""FCAST-1501"", ""series"": [{""x"": [""2025-01"", ""2025-02"", ""2025-03"", ""2025-04"", ""2025-05"", ""2025-06""], ""y"": [8220.65, 19046.75, 4492.14, 24337.29, 18871.69, 40569.59]}], ""meta"": {""created_by"": ""Maureen Riggs"", ""notes"": ""Rest energy how always enough buy staff.""}}",2024-08-30T12:23:44
1502,Forecast 1502,"{""forecast_id"": ""FCAST-1502"", ""series"": [{""x"": [""2025-01"", ""2025-02"", ""2025-03"", ""2025-04"", ""2025-05"", ""2025-06""], ""y"": [27952.43, 20018.6, 15249.28, 35932.84, 13008.33, 33719.58]}], ""meta"": {""created_by"": ""Elizabeth Gutierrez"", ""notes"": ""Be manage both through each why carry worry.""}}",2024-06-26T04:54:04
1503,Forecast 1503,"{""forecast_id"": ""FCAST-1503"", ""series"": [{""x"": [""2025-01"", ""2025-02"", ""2025-03"", ""2025-04"", ""2025-05"", ""2025-06""], ""y"": [46850.19, 43262.59, 12400.95, 27947.58, 5580.15, 16966.73]}], ""meta"": {""created_by"": ""Dana Clayton"", ""notes"": ""Season administration security really.""}}",2024-08-02T08:29:09
1504,Forecast 1504,"{""forecast_id"": ""FCAST-1504"", ""series"": [{""x"": [""2025-01"", ""2025-02"", ""2025-03"", ""2025-04"", ""2025-05"", ""2025-06""], ""y"": [41189.08, 44142.76, 14530.73, 25434.78, 13719.26, 49687.63]}], ""meta"": {""created_by"": ""Jessica Baker"", ""notes"": ""Can service few how.""}}",2024-06-22T03:37:22
1505,Forecast 1505,"{""forecast_id"": ""FCAST-1505"", ""series"": [{""x"": [""2025-01"", ""2025-02"", ""2025-03"", ""2025-04"", ""2025-05"", ""2025-06""], ""y"": [25038.61, 41192.88, 29675.18, 21799.83, 47998.65, 16682.81]}], ""meta"": {""created_by"": ""Darlene Chaney"", ""notes"": ""Race yard care late good almost case.""}}",2025-01-24T04:38:57
1506,Forecast 1506,"{""forecast_id"": ""FCAST-1506"", ""series"": [{""x"": [""2025-01"", ""2025-02"", ""2025-03"", ""2025-04"", ""2025-05"", ""2025-06""], ""y"": [13092.31, 17511.04, 37478.54, 45805.31, 6447.19, 27754.42]}], ""meta"": {""created_by"": ""Jeanne Torres"", ""notes"": ""Level act bill field together several stop spring.""}}",2025-07-10T02:26:21
1507,Forecast 1507,"{""forecast_id"": ""FCAST-1507"", ""series"": [{""x"": [""2025-01"", ""2025-02"", ""2025-03"", ""2025-04"", ""2025-05"", ""2025-06""], ""y"": [4741.64, 23002.97, 25141.29, 40551.82, 7565.33, 30021.49]}], ""meta"": {""created_by"": ""Nicholas Jackson"", ""notes"": ""Organization seat future trouble employee notice lead.""}}",2024-03-19T18:06:48
1508,Forecast 1508,"{""forecast_id"": ""FCAST-1508"", ""series"": [{""x"": [""2025-01"", ""2025-02"", ""2025-03"", ""2025-04"", ""2025-05"", ""2025-06""], ""y"": [38488.77, 25389.78, 5824.66, 18751.75, 8583.46, 42850.01]}], ""meta"": {""created_by"": ""Sharon White"", ""notes"": ""Should but task size fly around save also.""}}",2025-08-16T07:58:07
1509,Forecast 1509,"{""forecast_id"": ""FCAST-1509"", ""series"": [{""x"": [""2025-01"", ""2025-02"", ""2025-03"", ""2025-04"", ""2025-05"", ""2025-06""], ""y"": [32335.1, 38358.93, 40792.81, 23631.13, 12127.05, 19784.27]}], ""meta"": {""created_by"": ""Lindsay Pope"", ""notes"": ""Use picture item involve age choice event.""}}",2025-07-10T23:19:53
1510,Forecast 1510,"{""forecast_id"": ""FCAST-1510"", ""series"": [{""x"": [""2025-01"", ""2025-02"", ""2025-03"", ""2025-04"", ""2025-05"", ""2025-06""], ""y"": [8521.91, 39551.63, 22321.45, 37169.14, 49547.99, 38813.39]}], ""meta"": {""created_by"": ""Anthony Henderson"", ""notes"": ""Hope exactly administration.""}}",2024-03-04T00:01:38
1511,Forecast 1511,"{""forecast_id"": ""FCAST-1511"", ""series"": [{""x"": [""2025-01"", ""2025-02"", ""2025-03"", ""2025-04"", ""2025-05"", ""2025-06""], ""y"": [21719.72, 23666.22, 7925.97, 18547.05, 22635.6, 2338.51]}], ""meta"": {""created_by"": ""Mariah Sellers"", ""notes"": ""Human example deep executive he hold true.""}}",2025-09-08T11:03:06
1512,Forecast 1512,"{""forecast_id"": ""FCAST-1512"", ""series"": [{""x"": [""2025-01"", ""2025-02"", ""2025-03"", ""2025-04"", ""2025-05"", ""2025-06""], ""y"": [10975.14, 41518.59, 23728.42, 18721.04, 40469.94, 37980.24]}], ""meta"": {""created_by"": ""Breanna Foster"", ""notes"": ""Western development field.""}}",2024-01-14T13:47:41
1513,Forecast 1513,"{""forecast_id"": ""FCAST-1513"", ""series"": [{""x"": [""2025-01"", ""2025-02"", ""2025-03"", ""2025-04"", ""2025-05"", ""2025-06""], ""y"": [24553.53, 49750.49, 37879.29, 24576.57, 36410.34, 11609.14]}], ""meta"": {""created_by"": ""Sara Owens"", ""notes"": ""Million old film describe.""}}",2024-08-10T02:49:32
1514,Forecast 1514,"{""forecast_id"": ""FCAST-1514"", ""series"": [{""x"": [""2025-01"", ""2025-02"", ""2025-03"", ""2025-04"", ""2025-05"", ""2025-06""], ""y"": [24847.12, 16037.89, 12185.27, 1781.34, 10099.91, 22672.72]}], ""meta"": {""created_by"": ""Lori Russell"", ""notes"": ""Allow young heavy between.""}}",2025-05-05T12:03:32
1515,Forecast 1515,"{""forecast_id"": ""FCAST-1515"", ""series"": [{""x"": [""2025-01"", ""2025-02"", ""2025-03"", ""2025-04"", ""2025-05"", ""2025-06""], ""y"": [41245.56, 42186.29, 25659.49, 16891.56, 23491.92, 9872.33]}], ""meta"": {""created_by"": ""Michael Hunt"", ""notes"": ""Seven those general production student involve green.""}}",2025-08-19T10:51:41
1516,Forecast 1516,"{""forecast_id"": ""FCAST-1516"", ""series"": [{""x"": [""2025-01"", ""2025-02"", ""2025-03"", ""2025-04"", ""2025-05"", ""2025-06""], ""y"": [3440.72, 28568.5, 17284.21, 38758.31, 20326.93, 26875.79]}], ""meta"": {""created_by"": ""Christopher Chapman"", ""notes"": ""President ok decide cause sometimes something.""}}",2024-11-16T21:41:06
1517,Forecast 1517,"{""forecast_id"": ""FCAST-1517"", ""series"": [{""x"": [""2025-01"", ""2025-02"", ""2025-03"", ""2025-04"", ""2025-05"", ""2025-06""], ""y"": [49081.99, 44781.64, 10110.89, 26293.53, 15712.61, 3238.97]}], ""meta"": {""created_by"": ""William Smith"", ""notes"": ""Operation strong ability owner.""}}",2024-05-26T20:22:40
1518,Forecast 1518,"{""forecast_id"": ""FCAST-1518"", ""series"": [{""x"": [""2025-01"", ""2025-02"", ""2025-03"", ""2025-04"", ""2025-05"", ""2025-06""], ""y"": [21414.35, 13282.91, 1503.99, 32982.43, 19485.1, 11136.85]}], ""meta"": {""created_by"": ""Todd Carter"", ""notes"": ""Left support day garden perform nation.""}}",2024-04-06T19:30:10
1519,Forecast 1519,"{""forecast_id"": ""FCAST-1519"", ""series"": [{""x"": [""2025-01"", ""2025-02"", ""2025-03"", ""2025-04"", ""2025-05"", ""2025-06""], ""y"": [24433.51, 4312.29, 41906.91, 11119.83, 17574.61, 36604.83]}], ""meta"": {""created_by"": ""Andres Patel"", ""notes"": ""Need cover follow hand.""}}",2025-06-22T21:13:17
1520,Forecast 1520,"{""forecast_id"": ""FCAST-1520"", ""series"": [{""x"": [""2025-01"", ""2025-02"", ""2025-03"", ""2025-04"", ""2025-05"", ""2025-06""], ""y"": [48377.86, 20643.45, 21460.88, 7779.79, 30583.36, 11676.52]}], ""meta"": {""created_by"": ""Denise Torres"", ""notes"": ""Special military usually always.""}}",2025-04-30T19:26:54
1521,Forecast 1521,"{""forecast_id"": ""FCAST-1521"", ""series"": [{""x"": [""2025-01"", ""2025-02"", ""2025-03"", ""2025-04"", ""2025-05"", ""2025-06""], ""y"": [26921.68, 36379.74, 41958.88, 30761.69, 20915.41, 33919.27]}], ""meta"": {""created_by"": ""Scott Wright"", ""notes"": ""Until role upon commercial beat.""}}",2025-03-21T15:05:22
1522,Forecast 1522,"{""forecast_id"": ""FCAST-1522"", ""series"": [{""x"": [""2025-01"", ""2025-02"", ""2025-03"", ""2025-04"", ""2025-05"", ""2025-06""], ""y"": [2480.27, 13899.07, 46007.6, 26642.46, 20275.83, 34291.75]}], ""meta"": {""created_by"": ""Robert Farmer"", ""notes"": ""Decision tree early bed.""}}",2024-10-21T22:57:15
1523,Forecast 1523,"{""forecast_id"": ""FCAST-1523"", ""series"": [{""x"": [""2025-01"", ""2025-02"", ""2025-03"", ""2025-04"", ""2025-05"", ""2025-06""], ""y"": [9641.88, 35002.16, 39228.43, 39093.62, 13725.7, 17995.8]}], ""meta"": {""created_by"": ""Manuel Reed"", ""notes"": ""Be direction star help.""}}",2023-12-14T00:32:38
1524,Forecast 1524,"{""forecast_id"": ""FCAST-1524"", ""series"": [{""x"": [""2025-01"", ""2025-02"", ""2025-03"", ""2025-04"", ""2025-05"", ""2025-06""], ""y"": [2244.57, 26716.49, 41877.95, 38828.14, 24239.0, 29307.81]}], ""meta"": {""created_by"": ""Michelle Smith"", ""notes"": ""Relate by attorney bag tonight list Democrat.""}}",2024-02-08T14:17:17
1525,Forecast 1525,"{""forecast_id"": ""FCAST-1525"", ""series"": [{""x"": [""2025-01"", ""2025-02"", ""2025-03"", ""2025-04"", ""2025-05"", ""2025-06""], ""y"": [37367.98, 47892.66, 17041.22, 42833.97, 22024.15, 13611.25]}], ""meta"": {""created_by"": ""Jeffrey Walker"", ""notes"": ""Spend scientist president star room.""}}",2025-02-20T21:20:39
1526,Forecast 1526,"{""forecast_id"": ""FCAST-1526"", ""series"": [{""x"": [""2025-01"", ""2025-02"", ""2025-03"", ""2025-04"", ""2025-05"", ""2025-06""], ""y"": [1432.89, 10400.75, 33155.64, 16761.78, 23061.36, 37100.52]}], ""meta"": {""created_by"": ""Matthew Simmons"", ""notes"": ""Thousand data window well bag develop.""}}",2025-08-23T16:42:01
1527,Forecast 1527,"{""forecast_id"": ""FCAST-1527"", ""series"": [{""x"": [""2025-01"", ""2025-02"", ""2025-03"", ""2025-04"", ""2025-05"", ""2025-06""], ""y"": [25509.39, 44209.96, 25490.76, 17611.05, 13479.86, 22380.38]}], ""meta"": {""created_by"": ""Patrick Gutierrez"", ""notes"": ""Another among such create.""}}",2024-11-24T16:38:29
1528,Forecast 1528,"{""forecast_id"": ""FCAST-1528"", ""series"": [{""x"": [""2025-01"", ""2025-02"", ""2025-03"", ""2025-04"", ""2025-05"", ""2025-06""], ""y"": [4771.75, 35518.72, 2353.44, 41727.5, 26821.47, 8210.97]}], ""meta"": {""created_by"": ""Nathaniel Martinez"", ""notes"": ""Yourself act peace.""}}",2025-03-12T16:55:05
1529,Forecast 1529,"{""forecast_id"": ""FCAST-1529"", ""series"": [{""x"": [""2025-01"", ""2025-02"", ""2025-03"", ""2025-04"", ""2025-05"", ""2025-06""], ""y"": [9865.46, 11292.84, 20719.62, 42027.37, 23316.64, 11105.86]}], ""meta"": {""created_by"": ""Douglas Aguirre"", ""notes"": ""Professional low reflect dog.""}}",2024-08-19T15:49:42
1530,Forecast 1530,"{""forecast_id"": ""FCAST-1530"", ""series"": [{""x"": [""2025-01"", ""2025-02"", ""2025-03"", ""2025-04"", ""2025-05"", ""2025-06""], ""y"": [3922.18, 9627.12, 47240.95, 8214.03, 6061.08, 38317.26]}], ""meta"": {""created_by"": ""Cassandra Johns"", ""notes"": ""Operation statement old economy a no.""}}",2025-08-07T22:47:41
1531,Forecast 1531,"{""forecast_id"": ""FCAST-1531"", ""series"": [{""x"": [""2025-01"", ""2025-02"", ""2025-03"", ""2025-04"", ""2025-05"", ""2025-06""], ""y"": [41959.91, 41676.48, 32911.19, 25014.69, 30730.62, 48466.89]}], ""meta"": {""created_by"": ""David Reid"", ""notes"": ""Interest need worry girl use affect.""}}",2025-09-15T23:03:04
1532,Forecast 1532,"{""forecast_id"": ""FCAST-1532"", ""series"": [{""x"": [""2025-01"", ""2025-02"", ""2025-03"", ""2025-04"", ""2025-05"", ""2025-06""], ""y"": [6223.79, 9054.7, 39192.45, 8723.12, 44269.0, 19225.5]}], ""meta"": {""created_by"": ""Jonathan Shields"", ""notes"": ""Against every coach center.""}}",2024-07-22T05:27:55
1533,Forecast 1533,"{""forecast_id"": ""FCAST-1533"", ""series"": [{""x"": [""2025-01"", ""2025-02"", ""2025-03"", ""2025-04"", ""2025-05"", ""2025-06""], ""y"": [15158.56, 42020.34, 20803.27, 28119.49, 2586.72, 9610.35]}], ""meta"": {""created_by"": ""Patricia Jenkins"", ""notes"": ""Economy former table civil partner.""}}",2024-08-20T20:49:07
1534,Forecast 1534,"{""forecast_id"": ""FCAST-1534"", ""series"": [{""x"": [""2025-01"", ""2025-02"", ""2025-03"", ""2025-04"", ""2025-05"", ""2025-06""], ""y"": [6074.7, 21816.73, 29350.66, 11159.19, 42967.42, 9779.39]}], ""meta"": {""created_by"": ""Marcus Quinn"", ""notes"": ""Center protect term billion southern.""}}",2024-05-21T20:14:23
1535,Forecast 1535,"{""forecast_id"": ""FCAST-1535"", ""series"": [{""x"": [""2025-01"", ""2025-02"", ""2025-03"", ""2025-04"", ""2025-05"", ""2025-06""], ""y"": [2449.81, 9828.96, 21247.22, 48092.97, 28863.31, 27930.06]}], ""meta"": {""created_by"": ""Krystal Wilson"", ""notes"": ""Quite bit second fear daughter organization.""}}",2025-03-24T23:30:55
1536,Forecast 1536,"{""forecast_id"": ""FCAST-1536"", ""series"": [{""x"": [""2025-01"", ""2025-02"", ""2025-03"", ""2025-04"", ""2025-05"", ""2025-06""], ""y"": [5687.11, 48985.62, 14040.91, 34251.8, 14163.24, 41612.44]}], ""meta"": {""created_by"": ""David Barnett"", ""notes"": ""Expect degree specific west democratic.""}}",2024-12-04T06:48:13
1537,Forecast 1537,"{""forecast_id"": ""FCAST-1537"", ""series"": [{""x"": [""2025-01"", ""2025-02"", ""2025-03"", ""2025-04"", ""2025-05"", ""2025-06""], ""y"": [3966.95, 27771.99, 43549.23, 23078.27, 44293.37, 38214.19]}], ""meta"": {""created_by"": ""Christina Phillips"", ""notes"": ""Course begin know letter even yourself.""}}",2025-01-20T15:09:14
1538,Forecast 1538,"{""forecast_id"": ""FCAST-1538"", ""series"": [{""x"": [""2025-01"", ""2025-02"", ""2025-03"", ""2025-04"", ""2025-05"", ""2025-06""], ""y"": [46157.97, 40504.95, 4938.87, 46268.69, 22836.76, 39148.09]}], ""meta"": {""created_by"": ""Erika Hart"", ""notes"": ""Others determine wife least deep official.""}}",2023-11-04T23:41:06
1539,Forecast 1539,"{""forecast_id"": ""FCAST-1539"", ""series"": [{""x"": [""2025-01"", ""2025-02"", ""2025-03"", ""2025-04"", ""2025-05"", ""2025-06""], ""y"": [44520.44, 34577.29, 47126.75, 15269.06, 10715.94, 10052.73]}], ""meta"": {""created_by"": ""James Wright"", ""notes"": ""Between realize if president box.""}}",2024-04-14T13:20:15
1540,Forecast 1540,"{""forecast_id"": ""FCAST-1540"", ""series"": [{""x"": [""2025-01"", ""2025-02"", ""2025-03"", ""2025-04"", ""2025-05"", ""2025-06""], ""y"": [41921.41, 9993.45, 45924.2, 19460.02, 11969.96, 6543.49]}], ""meta"": {""created_by"": ""Matthew Armstrong"", ""notes"": ""Unit agent hotel available participant another seat.""}}",2025-07-01T01:21:38
1541,Forecast 1541,"{""forecast_id"": ""FCAST-1541"", ""series"": [{""x"": [""2025-01"", ""2025-02"", ""2025-03"", ""2025-04"", ""2025-05"", ""2025-06""], ""y"": [40608.66, 8835.57, 14653.22, 22736.46, 48965.51, 45878.11]}], ""meta"": {""created_by"": ""Chad Butler"", ""notes"": ""Nation television itself feel traditional method ground education.""}}",2025-07-28T13:08:57
1542,Forecast 1542,"{""forecast_id"": ""FCAST-1542"", ""series"": [{""x"": [""2025-01"", ""2025-02"", ""2025-03"", ""2025-04"", ""2025-05"", ""2025-06""], ""y"": [1261.14, 11892.33, 28578.26, 37330.21, 38055.37, 16929.72]}], ""meta"": {""created_by"": ""Barry Bryant"", ""notes"": ""Throughout miss goal hit sell group.""}}",2024-11-15T11:26:08
1543,Forecast 1543,"{""forecast_id"": ""FCAST-1543"", ""series"": [{""x"": [""2025-01"", ""2025-02"", ""2025-03"", ""2025-04"", ""2025-05"", ""2025-06""], ""y"": [3982.41, 44167.84, 31173.33, 31024.66, 49345.39, 16927.45]}], ""meta"": {""created_by"": ""Paul Hall"", ""notes"": ""He argue arrive spend.""}}",2024-01-28T13:35:38
1544,Forecast 1544,"{""forecast_id"": ""FCAST-1544"", ""series"": [{""x"": [""2025-01"", ""2025-02"", ""2025-03"", ""2025-04"", ""2025-05"", ""2025-06""], ""y"": [35245.16, 11730.21, 30630.85, 7233.81, 35335.0, 49574.02]}], ""meta"": {""created_by"": ""Paul Jones"", ""notes"": ""Five computer Mr dog.""}}",2024-09-19T23:23:46
1545,Forecast 1545,"{""forecast_id"": ""FCAST-1545"", ""series"": [{""x"": [""2025-01"", ""2025-02"", ""2025-03"", ""2025-04"", ""2025-05"", ""2025-06""], ""y"": [25169.56, 27504.99, 5263.33, 44845.58, 6775.77, 19993.22]}], ""meta"": {""created_by"": ""Tanya Perez"", ""notes"": ""Send sell determine before phone security but.""}}",2024-06-15T13:19:55
1546,Forecast 1546,"{""forecast_id"": ""FCAST-1546"", ""series"": [{""x"": [""2025-01"", ""2025-02"", ""2025-03"", ""2025-04"", ""2025-05"", ""2025-06""], ""y"": [18055.02, 3340.14, 48772.07, 28597.4, 22032.66, 7146.49]}], ""meta"": {""created_by"": ""Craig Gordon"", ""notes"": ""Begin account suggest eye suddenly rise democratic.""}}",2024-08-27T22:05:28
1547,Forecast 1547,"{""forecast_id"": ""FCAST-1547"", ""series"": [{""x"": [""2025-01"", ""2025-02"", ""2025-03"", ""2025-04"", ""2025-05"", ""2025-06""], ""y"": [22091.91, 21569.28, 20361.51, 17225.26, 9410.63, 43287.62]}], ""meta"": {""created_by"": ""Robert Jones"", ""notes"": ""Price owner coach common also.""}}",2025-09-24T15:14:44
1548,Forecast 1548,"{""forecast_id"": ""FCAST-1548"", ""series"": [{""x"": [""2025-01"", ""2025-02"", ""2025-03"", ""2025-04"", ""2025-05"", ""2025-06""], ""y"": [28095.27, 15882.4, 48884.29, 29817.49, 13973.97, 37697.01]}], ""meta"": {""created_by"": ""John Ellis"", ""notes"": ""Family sense voice beat.""}}",2023-12-11T23:31:09
1549,Forecast 1549,"{""forecast_id"": ""FCAST-1549"", ""series"": [{""x"": [""2025-01"", ""2025-02"", ""2025-03"", ""2025-04"", ""2025-05"", ""2025-06""], ""y"": [29732.82, 2146.35, 36416.51, 25777.61, 27760.45, 15766.28]}], ""meta"": {""created_by"": ""Susan Manning"", ""notes"": ""Sister feeling instead mention assume election size.""}}",2025-06-15T10:05:53
1550,Forecast 1550,"{""forecast_id"": ""FCAST-1550"", ""series"": [{""x"": [""2025-01"", ""2025-02"", ""2025-03"", ""2025-04"", ""2025-05"", ""2025-06""], ""y"": [1136.67, 37661.0, 49692.15, 37923.33, 42477.89, 2063.32]}], ""meta"": {""created_by"": ""Amy Dickson"", ""notes"": ""Contain suffer simply program throw now.""}}",2025-08-26T22:33:28
1551,Forecast 1551,"{""forecast_id"": ""FCAST-1551"", ""series"": [{""x"": [""2025-01"", ""2025-02"", ""2025-03"", ""2025-04"", ""2025-05"", ""2025-06""], ""y"": [3185.15, 1501.25, 36028.55, 6060.85, 48031.7, 42377.68]}], ""meta"": {""created_by"": ""Michelle Cervantes"", ""notes"": ""Goal military movement most phone.""}}",2025-07-22T14:38:25
1552,Forecast 1552,"{""forecast_id"": ""FCAST-1552"", ""series"": [{""x"": [""2025-01"", ""2025-02"", ""2025-03"", ""2025-04"", ""2025-05"", ""2025-06""], ""y"": [30156.07, 9129.29, 38810.71, 45301.8, 39054.85, 47280.33]}], ""meta"": {""created_by"": ""Robert Ellis"", ""notes"": ""Marriage born soldier letter size.""}}",2025-04-26T10:38:00
1553,Forecast 1553,"{""forecast_id"": ""FCAST-1553"", ""series"": [{""x"": [""2025-01"", ""2025-02"", ""2025-03"", ""2025-04"", ""2025-05"", ""2025-06""], ""y"": [44223.72, 12671.63, 2596.15, 13693.36, 29048.69, 2695.14]}], ""meta"": {""created_by"": ""Eileen Williams"", ""notes"": ""Police some baby save there short message.""}}",2024-11-17T22:04:10
1554,Forecast 1554,"{""forecast_id"": ""FCAST-1554"", ""series"": [{""x"": [""2025-01"", ""2025-02"", ""2025-03"", ""2025-04"", ""2025-05"", ""2025-06""], ""y"": [12033.36, 45038.86, 18076.3, 10429.0, 11108.21, 1321.47]}], ""meta"": {""created_by"": ""Jaclyn Edwards"", ""notes"": ""Civil race contain just candidate cup.""}}",2024-03-12T13:32:50
1555,Forecast 1555,"{""forecast_id"": ""FCAST-1555"", ""series"": [{""x"": [""2025-01"", ""2025-02"", ""2025-03"", ""2025-04"", ""2025-05"", ""2025-06""], ""y"": [9220.86, 18518.52, 2996.11, 40669.79, 45387.54, 40462.67]}], ""meta"": {""created_by"": ""Mark Mahoney"", ""notes"": ""Any operation husband interview.""}}",2023-11-06T22:34:44
1556,Forecast 1556,"{""forecast_id"": ""FCAST-1556"", ""series"": [{""x"": [""2025-01"", ""2025-02"", ""2025-03"", ""2025-04"", ""2025-05"", ""2025-06""], ""y"": [17858.57, 48697.85, 6562.58, 44352.08, 12085.86, 17544.59]}], ""meta"": {""created_by"": ""Tracy Frank DDS"", ""notes"": ""Successful again couple.""}}",2023-11-14T23:29:25
1557,Forecast 1557,"{""forecast_id"": ""FCAST-1557"", ""series"": [{""x"": [""2025-01"", ""2025-02"", ""2025-03"", ""2025-04"", ""2025-05"", ""2025-06""], ""y"": [17099.48, 36177.76, 44975.64, 12075.78, 20836.19, 25710.39]}], ""meta"": {""created_by"": ""Seth Mccall"", ""notes"": ""Activity quality far movie.""}}",2024-08-06T11:11:50
1558,Forecast 1558,"{""forecast_id"": ""FCAST-1558"", ""series"": [{""x"": [""2025-01"", ""2025-02"", ""2025-03"", ""2025-04"", ""2025-05"", ""2025-06""], ""y"": [28164.82, 28452.84, 35061.99, 11199.41, 10488.41, 39012.48]}], ""meta"": {""created_by"": ""Betty Black"", ""notes"": ""Next large important visit.""}}",2024-03-13T02:16:32
1559,Forecast 1559,"{""forecast_id"": ""FCAST-1559"", ""series"": [{""x"": [""2025-01"", ""2025-02"", ""2025-03"", ""2025-04"", ""2025-05"", ""2025-06""], ""y"": [10444.66, 8947.86, 42640.29, 20311.6, 8997.36, 21910.98]}], ""meta"": {""created_by"": ""Michael Chavez"", ""notes"": ""Even thus another station view rock.""}}",2024-03-28T14:03:24
1560,Forecast 1560,"{""forecast_id"": ""FCAST-1560"", ""series"": [{""x"": [""2025-01"", ""2025-02"", ""2025-03"", ""2025-04"", ""2025-05"", ""2025-06""], ""y"": [1354.88, 27332.78, 17994.16, 37584.43, 27379.93, 32610.36]}], ""meta"": {""created_by"": ""Erik Walker"", ""notes"": ""Politics the feel be walk wish size.""}}",2025-10-06T01:26:59
1561,Forecast 1561,"{""forecast_id"": ""FCAST-1561"", ""series"": [{""x"": [""2025-01"", ""2025-02"", ""2025-03"", ""2025-04"", ""2025-05"", ""2025-06""], ""y"": [6999.99, 41751.01, 39644.35, 37880.27, 5432.83, 44105.49]}], ""meta"": {""created_by"": ""Jacob Allen"", ""notes"": ""Hard reveal turn.""}}",2024-04-20T16:23:35
1562,Forecast 1562,"{""forecast_id"": ""FCAST-1562"", ""series"": [{""x"": [""2025-01"", ""2025-02"", ""2025-03"", ""2025-04"", ""2025-05"", ""2025-06""], ""y"": [3819.08, 39223.71, 37816.49, 20248.27, 45476.0, 30974.7]}], ""meta"": {""created_by"": ""Dylan Green"", ""notes"": ""Thousand under huge require economy tend book.""}}",2025-09-27T19:19:57
1563,Forecast 1563,"{""forecast_id"": ""FCAST-1563"", ""series"": [{""x"": [""2025-01"", ""2025-02"", ""2025-03"", ""2025-04"", ""2025-05"", ""2025-06""], ""y"": [31124.62, 47617.56, 6777.32, 12893.62, 25324.24, 10706.31]}], ""meta"": {""created_by"": ""Brandon Sullivan"", ""notes"": ""Into group and still mouth environment part.""}}",2024-11-18T23:18:00
1564,Forecast 1564,"{""forecast_id"": ""FCAST-1564"", ""series"": [{""x"": [""2025-01"", ""2025-02"", ""2025-03"", ""2025-04"", ""2025-05"", ""2025-06""], ""y"": [24574.98, 16140.51, 19213.07, 8842.6, 45414.31, 19812.61]}], ""meta"": {""created_by"": ""John Nelson"", ""notes"": ""Race figure surface campaign.""}}",2025-04-01T18:58:17
1565,Forecast 1565,"{""forecast_id"": ""FCAST-1565"", ""series"": [{""x"": [""2025-01"", ""2025-02"", ""2025-03"", ""2025-04"", ""2025-05"", ""2025-06""], ""y"": [30169.58, 43481.25, 32404.94, 28751.5, 45182.67, 17752.99]}], ""meta"": {""created_by"": ""David Lawrence"", ""notes"": ""Peace citizen cold daughter.""}}",2023-11-17T01:33:55
1566,Forecast 1566,"{""forecast_id"": ""FCAST-1566"", ""series"": [{""x"": [""2025-01"", ""2025-02"", ""2025-03"", ""2025-04"", ""2025-05"", ""2025-06""], ""y"": [49313.2, 5791.66, 7489.52, 20380.64, 4724.66, 12224.92]}], ""meta"": {""created_by"": ""Sharon Wright"", ""notes"": ""Station federal sound least white lot.""}}",2025-02-17T01:36:30
1567,Forecast 1567,"{""forecast_id"": ""FCAST-1567"", ""series"": [{""x"": [""2025-01"", ""2025-02"", ""2025-03"", ""2025-04"", ""2025-05"", ""2025-06""], ""y"": [24599.26, 12373.84, 20638.33, 47263.55, 42893.57, 14429.4]}], ""meta"": {""created_by"": ""Heather Wiley"", ""notes"": ""Step population yes make.""}}",2025-08-26T20:36:53
1568,Forecast 1568,"{""forecast_id"": ""FCAST-1568"", ""series"": [{""x"": [""2025-01"", ""2025-02"", ""2025-03"", ""2025-04"", ""2025-05"", ""2025-06""], ""y"": [16606.59, 33721.21, 25926.1, 45972.67, 13341.85, 6041.4]}], ""meta"": {""created_by"": ""Stephen Wilson"", ""notes"": ""Return short worker baby.""}}",2025-09-10T14:09:02
1569,Forecast 1569,"{""forecast_id"": ""FCAST-1569"", ""series"": [{""x"": [""2025-01"", ""2025-02"", ""2025-03"", ""2025-04"", ""2025-05"", ""2025-06""], ""y"": [45379.61, 35359.76, 44627.46, 21860.45, 22979.87, 38556.17]}], ""meta"": {""created_by"": ""Monica Ingram"", ""notes"": ""Case find technology article out.""}}",2024-11-13T01:12:28
1570,Forecast 1570,"{""forecast_id"": ""FCAST-1570"", ""series"": [{""x"": [""2025-01"", ""2025-02"", ""2025-03"", ""2025-04"", ""2025-05"", ""2025-06""], ""y"": [2296.04, 28983.01, 8758.62, 37349.51, 27119.26, 14160.41]}], ""meta"": {""created_by"": ""Lori Anderson"", ""notes"": ""Quickly foot matter smile.""}}",2024-06-20T02:01:44
1571,Forecast 1571,"{""forecast_id"": ""FCAST-1571"", ""series"": [{""x"": [""2025-01"", ""2025-02"", ""2025-03"", ""2025-04"", ""2025-05"", ""2025-06""], ""y"": [43853.44, 14253.62, 10361.54, 35552.38, 4076.94, 34863.08]}], ""meta"": {""created_by"": ""Juan Morris"", ""notes"": ""Serious black goal high capital glass.""}}",2024-04-29T14:03:38
1572,Forecast 1572,"{""forecast_id"": ""FCAST-1572"", ""series"": [{""x"": [""2025-01"", ""2025-02"", ""2025-03"", ""2025-04"", ""2025-05"", ""2025-06""], ""y"": [43142.93, 18376.66, 16571.96, 14274.38, 36269.97, 7839.13]}], ""meta"": {""created_by"": ""David Koch"", ""notes"": ""Voice various hundred voice.""}}",2025-05-08T04:01:37
1573,Forecast 1573,"{""forecast_id"": ""FCAST-1573"", ""series"": [{""x"": [""2025-01"", ""2025-02"", ""2025-03"", ""2025-04"", ""2025-05"", ""2025-06""], ""y"": [29512.45, 6148.31, 12650.38, 42224.49, 26353.81, 22639.21]}], ""meta"": {""created_by"": ""John Cardenas"", ""notes"": ""Nor compare while economy home them.""}}",2025-10-27T05:34:28
1574,Forecast 1574,"{""forecast_id"": ""FCAST-1574"", ""series"": [{""x"": [""2025-01"", ""2025-02"", ""2025-03"", ""2025-04"", ""2025-05"", ""2025-06""], ""y"": [45948.94, 23588.78, 7843.22, 23840.75, 48717.41, 19343.73]}], ""meta"": {""created_by"": ""Carol Stout"", ""notes"": ""Thought class fire Democrat.""}}",2024-12-21T08:11:43
1575,Forecast 1575,"{""forecast_id"": ""FCAST-1575"", ""series"": [{""x"": [""2025-01"", ""2025-02"", ""2025-03"", ""2025-04"", ""2025-05"", ""2025-06""], ""y"": [37321.2, 43138.51, 8512.95, 5577.79, 27717.55, 35701.6]}], ""meta"": {""created_by"": ""Christina Waters"", ""notes"": ""Commercial program risk under garden yes politics hospital.""}}",2025-06-16T09:12:52
1576,Forecast 1576,"{""forecast_id"": ""FCAST-1576"", ""series"": [{""x"": [""2025-01"", ""2025-02"", ""2025-03"", ""2025-04"", ""2025-05"", ""2025-06""], ""y"": [13464.24, 40096.86, 16745.47, 46656.77, 39769.63, 29944.34]}], ""meta"": {""created_by"": ""Laurie Olson"", ""notes"": ""Design student heavy imagine soldier city community.""}}",2024-07-31T19:33:25
1577,Forecast 1577,"{""forecast_id"": ""FCAST-1577"", ""series"": [{""x"": [""2025-01"", ""2025-02"", ""2025-03"", ""2025-04"", ""2025-05"", ""2025-06""], ""y"": [37061.73, 48487.23, 15823.04, 27593.85, 25139.27, 22139.68]}], ""meta"": {""created_by"": ""Kelly Russell"", ""notes"": ""Establish modern science.""}}",2024-10-22T01:20:52
1578,Forecast 1578,"{""forecast_id"": ""FCAST-1578"", ""series"": [{""x"": [""2025-01"", ""2025-02"", ""2025-03"", ""2025-04"", ""2025-05"", ""2025-06""], ""y"": [32068.32, 41646.23, 10715.44, 11239.51, 12489.43, 9337.62]}], ""meta"": {""created_by"": ""Diamond Smith"", ""notes"": ""May discuss garden ten sport own others.""}}",2024-03-19T11:46:20
1579,Forecast 1579,"{""forecast_id"": ""FCAST-1579"", ""series"": [{""x"": [""2025-01"", ""2025-02"", ""2025-03"", ""2025-04"", ""2025-05"", ""2025-06""], ""y"": [29888.82, 28351.31, 18360.22, 18540.45, 31258.05, 3800.83]}], ""meta"": {""created_by"": ""Erin Herring"", ""notes"": ""Star image manager once certainly stop record one.""}}",2023-11-16T15:11:41
1580,Forecast 1580,"{""forecast_id"": ""FCAST-1580"", ""series"": [{""x"": [""2025-01"", ""2025-02"", ""2025-03"", ""2025-04"", ""2025-05"", ""2025-06""], ""y"": [17674.37, 36104.17, 33610.1, 48041.72, 14471.92, 44287.6]}], ""meta"": {""created_by"": ""Valerie Mayo"", ""notes"": ""Above anything respond type too half.""}}",2024-10-16T03:57:10
1581,Forecast 1581,"{""forecast_id"": ""FCAST-1581"", ""series"": [{""x"": [""2025-01"", ""2025-02"", ""2025-03"", ""2025-04"", ""2025-05"", ""2025-06""], ""y"": [17343.63, 25669.35, 39435.01, 37026.8, 26989.84, 41647.57]}], ""meta"": {""created_by"": ""Cody Cantu"", ""notes"": ""Present box name onto cause citizen.""}}",2024-11-24T15:58:31
1582,Forecast 1582,"{""forecast_id"": ""FCAST-1582"", ""series"": [{""x"": [""2025-01"", ""2025-02"", ""2025-03"", ""2025-04"", ""2025-05"", ""2025-06""], ""y"": [27532.81, 48660.37, 16711.31, 22424.91, 39893.0, 7613.81]}], ""meta"": {""created_by"": ""Kevin Walton"", ""notes"": ""Local ok consider race spend local piece.""}}",2024-11-17T19:31:11
1583,Forecast 1583,"{""forecast_id"": ""FCAST-1583"", ""series"": [{""x"": [""2025-01"", ""2025-02"", ""2025-03"", ""2025-04"", ""2025-05"", ""2025-06""], ""y"": [39638.27, 1881.48, 25887.85, 20497.03, 7141.14, 29640.55]}], ""meta"": {""created_by"": ""Jo Lutz"", ""notes"": ""Site we available.""}}",2024-05-15T16:23:54
1584,Forecast 1584,"{""forecast_id"": ""FCAST-1584"", ""series"": [{""x"": [""2025-01"", ""2025-02"", ""2025-03"", ""2025-04"", ""2025-05"", ""2025-06""], ""y"": [9245.81, 15952.03, 11618.62, 39226.83, 43869.9, 37118.58]}], ""meta"": {""created_by"": ""Richard Perez"", ""notes"": ""Whose possible worry from start film.""}}",2025-09-03T14:53:58
1585,Forecast 1585,"{""forecast_id"": ""FCAST-1585"", ""series"": [{""x"": [""2025-01"", ""2025-02"", ""2025-03"", ""2025-04"", ""2025-05"", ""2025-06""], ""y"": [4927.5, 29694.51, 9269.88, 8792.17, 9994.78, 18167.79]}], ""meta"": {""created_by"": ""Eric Rosario"", ""notes"": ""Share politics attack just.""}}",2025-03-25T20:07:56
1586,Forecast 1586,"{""forecast_id"": ""FCAST-1586"", ""series"": [{""x"": [""2025-01"", ""2025-02"", ""2025-03"", ""2025-04"", ""2025-05"", ""2025-06""], ""y"": [37994.12, 27130.9, 18280.77, 39994.91, 46757.48, 20881.02]}], ""meta"": {""created_by"": ""Stephanie Lawrence"", ""notes"": ""Spring industry stand food reduce.""}}",2024-03-20T23:08:17
1587,Forecast 1587,"{""forecast_id"": ""FCAST-1587"", ""series"": [{""x"": [""2025-01"", ""2025-02"", ""2025-03"", ""2025-04"", ""2025-05"", ""2025-06""], ""y"": [38089.71, 49454.0, 22913.88, 28071.06, 10246.44, 38263.47]}], ""meta"": {""created_by"": ""Anna Gutierrez"", ""notes"": ""Father five second history.""}}",2024-11-02T20:30:35
1588,Forecast 1588,"{""forecast_id"": ""FCAST-1588"", ""series"": [{""x"": [""2025-01"", ""2025-02"", ""2025-03"", ""2025-04"", ""2025-05"", ""2025-06""], ""y"": [44159.78, 32659.83, 5441.34, 47342.44, 39853.03, 13038.51]}], ""meta"": {""created_by"": ""James Taylor"", ""notes"": ""Truth heart interesting finish conference different.""}}",2024-04-16T18:48:40
1589,Forecast 1589,"{""forecast_id"": ""FCAST-1589"", ""series"": [{""x"": [""2025-01"", ""2025-02"", ""2025-03"", ""2025-04"", ""2025-05"", ""2025-06""], ""y"": [14402.82, 15086.2, 29096.49, 30107.06, 39614.99, 30668.74]}], ""meta"": {""created_by"": ""Christopher Gonzalez"", ""notes"": ""Move political seven especially idea.""}}",2025-02-02T22:30:40
1590,Forecast 1590,"{""forecast_id"": ""FCAST-1590"", ""series"": [{""x"": [""2025-01"", ""2025-02"", ""2025-03"", ""2025-04"", ""2025-05"", ""2025-06""], ""y"": [33101.09, 20326.53, 41742.29, 22725.82, 7584.56, 20526.59]}], ""meta"": {""created_by"": ""Melissa King"", ""notes"": ""Ground middle send production per everything rest.""}}",2025-07-14T01:22:49
1591,Forecast 1591,"{""forecast_id"": ""FCAST-1591"", ""series"": [{""x"": [""2025-01"", ""2025-02"", ""2025-03"", ""2025-04"", ""2025-05"", ""2025-06""], ""y"": [13851.53, 41721.16, 17791.87, 42118.03, 48180.78, 18704.02]}], ""meta"": {""created_by"": ""Crystal Walls"", ""notes"": ""Environmental exist account training cut.""}}",2024-09-29T20:52:45
1592,Forecast 1592,"{""forecast_id"": ""FCAST-1592"", ""series"": [{""x"": [""2025-01"", ""2025-02"", ""2025-03"", ""2025-04"", ""2025-05"", ""2025-06""], ""y"": [10516.06, 4270.91, 41961.74, 32703.78, 1919.39, 12348.37]}], ""meta"": {""created_by"": ""Kimberly Cervantes"", ""notes"": ""Weight throw business wind thought hair garden.""}}",2025-08-06T05:58:06
1593,Forecast 1593,"{""forecast_id"": ""FCAST-1593"", ""series"": [{""x"": [""2025-01"", ""2025-02"", ""2025-03"", ""2025-04"", ""2025-05"", ""2025-06""], ""y"": [4668.69, 37128.87, 5135.71, 11760.7, 19166.04, 10838.82]}], ""meta"": {""created_by"": ""Daniel Collins"", ""notes"": ""Choice have toward scene a tell.""}}",2024-04-01T16:50:11
1594,Forecast 1594,"{""forecast_id"": ""FCAST-1594"", ""series"": [{""x"": [""2025-01"", ""2025-02"", ""2025-03"", ""2025-04"", ""2025-05"", ""2025-06""], ""y"": [31340.16, 7588.97, 15596.05, 23720.34, 5255.33, 30002.43]}], ""meta"": {""created_by"": ""Elizabeth James"", ""notes"": ""Recently to family heart yard avoid save.""}}",2025-08-26T02:26:16
1595,Forecast 1595,"{""forecast_id"": ""FCAST-1595"", ""series"": [{""x"": [""2025-01"", ""2025-02"", ""2025-03"", ""2025-04"", ""2025-05"", ""2025-06""], ""y"": [19733.75, 1283.66, 3292.07, 48289.44, 46656.45, 8034.74]}], ""meta"": {""created_by"": ""Lori Lozano"", ""notes"": ""View of doctor event race.""}}",2025-07-01T16:36:43
1596,Forecast 1596,"{""forecast_id"": ""FCAST-1596"", ""series"": [{""x"": [""2025-01"", ""2025-02"", ""2025-03"", ""2025-04"", ""2025-05"", ""2025-06""], ""y"": [24806.82, 2826.32, 20598.74, 20611.43, 46249.98, 37669.75]}], ""meta"": {""created_by"": ""Taylor Lee V"", ""notes"": ""Accept future wear east.""}}",2024-03-27T17:10:16
1597,Forecast 1597,"{""forecast_id"": ""FCAST-1597"", ""series"": [{""x"": [""2025-01"", ""2025-02"", ""2025-03"", ""2025-04"", ""2025-05"", ""2025-06""], ""y"": [41716.72, 3689.75, 48805.21, 43645.11, 20155.19, 11701.04]}], ""meta"": {""created_by"": ""Christopher Armstrong"", ""notes"": ""Whether smile it quite open expert strategy near.""}}",2024-06-07T22:33:14
1598,Forecast 1598,"{""forecast_id"": ""FCAST-1598"", ""series"": [{""x"": [""2025-01"", ""2025-02"", ""2025-03"", ""2025-04"", ""2025-05"", ""2025-06""], ""y"": [26760.36, 47030.25, 1505.85, 29049.7, 12185.19, 9499.74]}], ""meta"": {""created_by"": ""Tracey Peterson"", ""notes"": ""Black again consumer run direction.""}}",2025-04-19T14:18:41
1599,Forecast 1599,"{""forecast_id"": ""FCAST-1599"", ""series"": [{""x"": [""2025-01"", ""2025-02"", ""2025-03"", ""2025-04"", ""2025-05"", ""2025-06""], ""y"": [14297.47, 5416.45, 41481.96, 33292.7, 43012.09, 33991.54]}], ""meta"": {""created_by"": ""Jennifer Foster"", ""notes"": ""National economic middle standard.""}}",2025-05-21T04:20:56
1600,Forecast 1600,"{""forecast_id"": ""FCAST-1600"", ""series"": [{""x"": [""2025-01"", ""2025-02"", ""2025-03"", ""2025-04"", ""2025-05"", ""2025-06""], ""y"": [11073.71, 43499.99, 10713.14, 21107.96, 1609.11, 46905.97]}], ""meta"": {""created_by"": ""Donald Harper"", ""notes"": ""Resource exactly finally want.""}}",2024-06-13T02:01:39
1601,Forecast 1601,"{""forecast_id"": ""FCAST-1601"", ""series"": [{""x"": [""2025-01"", ""2025-02"", ""2025-03"", ""2025-04"", ""2025-05"", ""2025-06""], ""y"": [31243.69, 14872.6, 5564.52, 22328.37, 7723.63, 10802.43]}], ""meta"": {""created_by"": ""Anita Stone"", ""notes"": ""Unit wish issue easy point improve.""}}",2025-08-18T23:26:55
1602,Forecast 1602,"{""forecast_id"": ""FCAST-1602"", ""series"": [{""x"": [""2025-01"", ""2025-02"", ""2025-03"", ""2025-04"", ""2025-05"", ""2025-06""], ""y"": [5857.95, 18099.34, 45096.48, 15097.57, 45854.27, 10634.74]}], ""meta"": {""created_by"": ""Marie White"", ""notes"": ""In chance assume want man.""}}",2025-10-30T03:21:24
1603,Forecast 1603,"{""forecast_id"": ""FCAST-1603"", ""series"": [{""x"": [""2025-01"", ""2025-02"", ""2025-03"", ""2025-04"", ""2025-05"", ""2025-06""], ""y"": [9755.18, 24023.55, 44843.22, 26644.59, 24353.83, 21590.94]}], ""meta"": {""created_by"": ""Samuel Robinson"", ""notes"": ""Light lay we place whether.""}}",2025-05-08T23:39:02
1604,Forecast 1604,"{""forecast_id"": ""FCAST-1604"", ""series"": [{""x"": [""2025-01"", ""2025-02"", ""2025-03"", ""2025-04"", ""2025-05"", ""2025-06""], ""y"": [46010.73, 2550.66, 43074.0, 11212.98, 13299.39, 15323.56]}], ""meta"": {""created_by"": ""Stephanie Cabrera"", ""notes"": ""Chair religious need difference well cultural represent just.""}}",2024-02-15T05:17:32
1605,Forecast 1605,"{""forecast_id"": ""FCAST-1605"", ""series"": [{""x"": [""2025-01"", ""2025-02"", ""2025-03"", ""2025-04"", ""2025-05"", ""2025-06""], ""y"": [31560.11, 3205.14, 14594.72, 21999.78, 4403.61, 17061.9]}], ""meta"": {""created_by"": ""Teresa Perez"", ""notes"": ""Scene design laugh.""}}",2024-12-30T19:02:41
1606,Forecast 1606,"{""forecast_id"": ""FCAST-1606"", ""series"": [{""x"": [""2025-01"", ""2025-02"", ""2025-03"", ""2025-04"", ""2025-05"", ""2025-06""], ""y"": [17668.86, 26068.26, 22627.63, 49902.26, 41958.78, 25226.3]}], ""meta"": {""created_by"": ""Kristie Martinez"", ""notes"": ""Ground executive cut stand.""}}",2025-08-02T23:10:40
1607,Forecast 1607,"{""forecast_id"": ""FCAST-1607"", ""series"": [{""x"": [""2025-01"", ""2025-02"", ""2025-03"", ""2025-04"", ""2025-05"", ""2025-06""], ""y"": [31159.29, 10250.5, 15689.21, 9954.85, 44228.04, 15064.53]}], ""meta"": {""created_by"": ""William Hammond"", ""notes"": ""Bag phone whatever foot.""}}",2025-08-10T05:38:55
1608,Forecast 1608,"{""forecast_id"": ""FCAST-1608"", ""series"": [{""x"": [""2025-01"", ""2025-02"", ""2025-03"", ""2025-04"", ""2025-05"", ""2025-06""], ""y"": [11740.44, 16074.97, 38803.29, 4810.7, 25314.3, 11732.19]}], ""meta"": {""created_by"": ""Christopher Davis"", ""notes"": ""Better few property tell general three.""}}",2025-06-27T06:12:52
1609,Forecast 1609,"{""forecast_id"": ""FCAST-1609"", ""series"": [{""x"": [""2025-01"", ""2025-02"", ""2025-03"", ""2025-04"", ""2025-05"", ""2025-06""], ""y"": [17922.17, 39264.33, 40010.4, 25548.17, 20047.34, 13520.89]}], ""meta"": {""created_by"": ""Amy Tanner"", ""notes"": ""Director impact individual marriage air movie improve now.""}}",2025-03-26T04:29:21
1610,Forecast 1610,"{""forecast_id"": ""FCAST-1610"", ""series"": [{""x"": [""2025-01"", ""2025-02"", ""2025-03"", ""2025-04"", ""2025-05"", ""2025-06""], ""y"": [28943.36, 49874.23, 9109.88, 43833.18, 38862.83, 19116.43]}], ""meta"": {""created_by"": ""Andrew Daniels"", ""notes"": ""Catch mention might before.""}}",2024-07-14T06:10:30
1611,Forecast 1611,"{""forecast_id"": ""FCAST-1611"", ""series"": [{""x"": [""2025-01"", ""2025-02"", ""2025-03"", ""2025-04"", ""2025-05"", ""2025-06""], ""y"": [12044.33, 42261.27, 7703.96, 28411.18, 3031.66, 34722.51]}], ""meta"": {""created_by"": ""Daniel Gross"", ""notes"": ""Friend easy cover each serious you.""}}",2025-06-21T02:11:03
1612,Forecast 1612,"{""forecast_id"": ""FCAST-1612"", ""series"": [{""x"": [""2025-01"", ""2025-02"", ""2025-03"", ""2025-04"", ""2025-05"", ""2025-06""], ""y"": [9474.87, 26270.17, 36963.17, 14044.8, 32989.01, 48983.39]}], ""meta"": {""created_by"": ""Jason Garza"", ""notes"": ""Present style produce group cost.""}}",2023-11-19T14:24:46
1613,Forecast 1613,"{""forecast_id"": ""FCAST-1613"", ""series"": [{""x"": [""2025-01"", ""2025-02"", ""2025-03"", ""2025-04"", ""2025-05"", ""2025-06""], ""y"": [1157.43, 17606.27, 25542.13, 17523.59, 44396.18, 24603.73]}], ""meta"": {""created_by"": ""Kelly Barajas"", ""notes"": ""Peace experience approach kid write ability himself.""}}",2025-07-19T07:52:58
1614,Forecast 1614,"{""forecast_id"": ""FCAST-1614"", ""series"": [{""x"": [""2025-01"", ""2025-02"", ""2025-03"", ""2025-04"", ""2025-05"", ""2025-06""], ""y"": [47236.72, 9544.67, 20149.93, 14647.83, 16743.07, 29908.35]}], ""meta"": {""created_by"": ""Phillip West"", ""notes"": ""Form range a say success anything son.""}}",2024-01-01T23:02:44
1615,Forecast 1615,"{""forecast_id"": ""FCAST-1615"", ""series"": [{""x"": [""2025-01"", ""2025-02"", ""2025-03"", ""2025-04"", ""2025-05"", ""2025-06""], ""y"": [1784.17, 40106.08, 29496.0, 11798.35, 27147.9, 13830.66]}], ""meta"": {""created_by"": ""William Burns"", ""notes"": ""Player through look soon field tend cover.""}}",2025-02-19T03:18:51
1616,Forecast 1616,"{""forecast_id"": ""FCAST-1616"", ""series"": [{""x"": [""2025-01"", ""2025-02"", ""2025-03"", ""2025-04"", ""2025-05"", ""2025-06""], ""y"": [21939.71, 15931.51, 42475.07, 32119.46, 37114.92, 15386.4]}], ""meta"": {""created_by"": ""Luis Murray"", ""notes"": ""Page price hair you determine.""}}",2024-12-02T02:53:07
1617,Forecast 1617,"{""forecast_id"": ""FCAST-1617"", ""series"": [{""x"": [""2025-01"", ""2025-02"", ""2025-03"", ""2025-04"", ""2025-05"", ""2025-06""], ""y"": [23324.92, 47853.07, 26604.96, 14514.56, 23394.78, 20412.79]}], ""meta"": {""created_by"": ""Diana May"", ""notes"": ""Explain vote course most concern.""}}",2025-05-05T22:42:04
1618,Forecast 1618,"{""forecast_id"": ""FCAST-1618"", ""series"": [{""x"": [""2025-01"", ""2025-02"", ""2025-03"", ""2025-04"", ""2025-05"", ""2025-06""], ""y"": [19383.65, 27569.38, 23117.24, 32939.43, 42950.82, 44045.04]}], ""meta"": {""created_by"": ""Sharon Becker"", ""notes"": ""Town old fly.""}}",2024-10-07T03:04:58
1619,Forecast 1619,"{""forecast_id"": ""FCAST-1619"", ""series"": [{""x"": [""2025-01"", ""2025-02"", ""2025-03"", ""2025-04"", ""2025-05"", ""2025-06""], ""y"": [13563.95, 21290.6, 23900.34, 34292.39, 19997.27, 12458.16]}], ""meta"": {""created_by"": ""Shannon Cruz"", ""notes"": ""Behind public something either new.""}}",2024-09-30T09:25:56
1620,Forecast 1620,"{""forecast_id"": ""FCAST-1620"", ""series"": [{""x"": [""2025-01"", ""2025-02"", ""2025-03"", ""2025-04"", ""2025-05"", ""2025-06""], ""y"": [28119.18, 40647.62, 48269.11, 4290.03, 33296.96, 44231.13]}], ""meta"": {""created_by"": ""Shaun Williams"", ""notes"": ""Tough itself through short.""}}",2025-02-02T18:26:43
1621,Forecast 1621,"{""forecast_id"": ""FCAST-1621"", ""series"": [{""x"": [""2025-01"", ""2025-02"", ""2025-03"", ""2025-04"", ""2025-05"", ""2025-06""], ""y"": [5269.27, 19265.58, 26358.93, 30837.51, 2644.35, 3930.71]}], ""meta"": {""created_by"": ""Steven Weber"", ""notes"": ""Beautiful field create collection open truth.""}}",2024-11-19T01:45:15
1622,Forecast 1622,"{""forecast_id"": ""FCAST-1622"", ""series"": [{""x"": [""2025-01"", ""2025-02"", ""2025-03"", ""2025-04"", ""2025-05"", ""2025-06""], ""y"": [23187.76, 46300.64, 9179.92, 42313.04, 1543.56, 26334.14]}], ""meta"": {""created_by"": ""Amanda Kim"", ""notes"": ""Sport win cover happy production chair.""}}",2024-06-16T06:35:59
1623,Forecast 1623,"{""forecast_id"": ""FCAST-1623"", ""series"": [{""x"": [""2025-01"", ""2025-02"", ""2025-03"", ""2025-04"", ""2025-05"", ""2025-06""], ""y"": [17391.55, 35177.71, 32840.79, 42043.77, 19867.88, 15212.74]}], ""meta"": {""created_by"": ""Joseph Clark"", ""notes"": ""Wait official week approach now but season.""}}",2024-09-12T00:57:02
1624,Forecast 1624,"{""forecast_id"": ""FCAST-1624"", ""series"": [{""x"": [""2025-01"", ""2025-02"", ""2025-03"", ""2025-04"", ""2025-05"", ""2025-06""], ""y"": [12573.21, 21182.97, 44232.82, 2630.04, 45071.84, 12166.79]}], ""meta"": {""created_by"": ""Brian Phillips"", ""notes"": ""Activity people husband enjoy behind.""}}",2024-10-19T18:59:24
1625,Forecast 1625,"{""forecast_id"": ""FCAST-1625"", ""series"": [{""x"": [""2025-01"", ""2025-02"", ""2025-03"", ""2025-04"", ""2025-05"", ""2025-06""], ""y"": [13150.95, 14083.44, 21815.48, 25950.61, 11352.43, 20421.54]}], ""meta"": {""created_by"": ""Michael Williams"", ""notes"": ""Manage own he wear support president read.""}}",2023-11-25T17:37:26
1626,Forecast 1626,"{""forecast_id"": ""FCAST-1626"", ""series"": [{""x"": [""2025-01"", ""2025-02"", ""2025-03"", ""2025-04"", ""2025-05"", ""2025-06""], ""y"": [32585.99, 33627.72, 2090.41, 20823.02, 35341.31, 44495.54]}], ""meta"": {""created_by"": ""Howard Suarez"", ""notes"": ""Agency line apply break church interesting third west.""}}",2024-06-23T21:25:53
1627,Forecast 1627,"{""forecast_id"": ""FCAST-1627"", ""series"": [{""x"": [""2025-01"", ""2025-02"", ""2025-03"", ""2025-04"", ""2025-05"", ""2025-06""], ""y"": [6891.9, 46717.78, 9968.78, 9987.09, 21105.32, 43023.46]}], ""meta"": {""created_by"": ""Taylor Moore"", ""notes"": ""Station TV common which including drug.""}}",2024-09-22T19:02:30
1628,Forecast 1628,"{""forecast_id"": ""FCAST-1628"", ""series"": [{""x"": [""2025-01"", ""2025-02"", ""2025-03"", ""2025-04"", ""2025-05"", ""2025-06""], ""y"": [45650.0, 32476.28, 39028.97, 31101.11, 38783.77, 23153.98]}], ""meta"": {""created_by"": ""Jonathan Hunter"", ""notes"": ""Number himself commercial these after thank win.""}}",2024-09-27T18:19:18
1629,Forecast 1629,"{""forecast_id"": ""FCAST-1629"", ""series"": [{""x"": [""2025-01"", ""2025-02"", ""2025-03"", ""2025-04"", ""2025-05"", ""2025-06""], ""y"": [32705.09, 22114.49, 11683.47, 38236.45, 34136.39, 40608.57]}], ""meta"": {""created_by"": ""Jessica Barber"", ""notes"": ""How late follow I.""}}",2025-01-20T06:07:28
1630,Forecast 1630,"{""forecast_id"": ""FCAST-1630"", ""series"": [{""x"": [""2025-01"", ""2025-02"", ""2025-03"", ""2025-04"", ""2025-05"", ""2025-06""], ""y"": [3287.85, 24065.68, 11057.06, 21320.79, 15929.32, 40847.12]}], ""meta"": {""created_by"": ""Kelly Barnes"", ""notes"": ""Husband why lawyer financial country.""}}",2025-08-17T07:34:59
1631,Forecast 1631,"{""forecast_id"": ""FCAST-1631"", ""series"": [{""x"": [""2025-01"", ""2025-02"", ""2025-03"", ""2025-04"", ""2025-05"", ""2025-06""], ""y"": [35122.4, 34986.38, 43554.44, 25682.04, 24597.32, 20590.44]}], ""meta"": {""created_by"": ""Matthew Banks"", ""notes"": ""Star include line forget small.""}}",2025-10-06T10:06:22
1632,Forecast 1632,"{""forecast_id"": ""FCAST-1632"", ""series"": [{""x"": [""2025-01"", ""2025-02"", ""2025-03"", ""2025-04"", ""2025-05"", ""2025-06""], ""y"": [37352.66, 16430.72, 49718.59, 16809.99, 2073.46, 33866.54]}], ""meta"": {""created_by"": ""Scott Thompson"", ""notes"": ""Happen possible war white pass service soldier.""}}",2024-07-04T18:26:39
1633,Forecast 1633,"{""forecast_id"": ""FCAST-1633"", ""series"": [{""x"": [""2025-01"", ""2025-02"", ""2025-03"", ""2025-04"", ""2025-05"", ""2025-06""], ""y"": [15831.48, 7764.47, 41593.36, 35029.0, 3875.45, 32747.67]}], ""meta"": {""created_by"": ""Julie Hamilton"", ""notes"": ""Owner season discussion approach special.""}}",2025-03-27T14:01:57
1634,Forecast 1634,"{""forecast_id"": ""FCAST-1634"", ""series"": [{""x"": [""2025-01"", ""2025-02"", ""2025-03"", ""2025-04"", ""2025-05"", ""2025-06""], ""y"": [28490.69, 38484.72, 38477.27, 27708.19, 20672.16, 36441.14]}], ""meta"": {""created_by"": ""Monica Burns"", ""notes"": ""Policy such language set leader add.""}}",2024-10-14T22:18:38
1635,Forecast 1635,"{""forecast_id"": ""FCAST-1635"", ""series"": [{""x"": [""2025-01"", ""2025-02"", ""2025-03"", ""2025-04"", ""2025-05"", ""2025-06""], ""y"": [2457.24, 20146.95, 10154.13, 3998.42, 4416.68, 38387.29]}], ""meta"": {""created_by"": ""Lori Swanson"", ""notes"": ""Name author may water job campaign we why.""}}",2024-07-24T16:02:44
1636,Forecast 1636,"{""forecast_id"": ""FCAST-1636"", ""series"": [{""x"": [""2025-01"", ""2025-02"", ""2025-03"", ""2025-04"", ""2025-05"", ""2025-06""], ""y"": [29316.14, 48145.71, 44919.36, 1726.67, 10391.23, 40669.64]}], ""meta"": {""created_by"": ""Kathryn Perry"", ""notes"": ""Perform member next produce decide prove determine.""}}",2024-10-15T13:30:35
1637,Forecast 1637,"{""forecast_id"": ""FCAST-1637"", ""series"": [{""x"": [""2025-01"", ""2025-02"", ""2025-03"", ""2025-04"", ""2025-05"", ""2025-06""], ""y"": [29486.36, 38570.15, 25939.54, 31169.77, 33972.29, 28765.87]}], ""meta"": {""created_by"": ""Paul Garrett"", ""notes"": ""Moment phone question under.""}}",2025-04-03T11:29:09
1638,Forecast 1638,"{""forecast_id"": ""FCAST-1638"", ""series"": [{""x"": [""2025-01"", ""2025-02"", ""2025-03"", ""2025-04"", ""2025-05"", ""2025-06""], ""y"": [27288.88, 8827.17, 6879.9, 8542.0, 35418.97, 48323.0]}], ""meta"": {""created_by"": ""William Bernard"", ""notes"": ""Firm stand develop meet.""}}",2025-06-10T03:50:40
1639,Forecast 1639,"{""forecast_id"": ""FCAST-1639"", ""series"": [{""x"": [""2025-01"", ""2025-02"", ""2025-03"", ""2025-04"", ""2025-05"", ""2025-06""], ""y"": [38703.76, 38858.14, 12435.64, 5431.41, 37139.35, 46180.69]}], ""meta"": {""created_by"": ""Jacqueline Bonilla"", ""notes"": ""Different either impact today plan opportunity.""}}",2023-11-28T20:12:59
1640,Forecast 1640,"{""forecast_id"": ""FCAST-1640"", ""series"": [{""x"": [""2025-01"", ""2025-02"", ""2025-03"", ""2025-04"", ""2025-05"", ""2025-06""], ""y"": [27160.78, 41295.57, 16090.09, 13858.31, 20856.03, 15304.9]}], ""meta"": {""created_by"": ""David Solis"", ""notes"": ""Front thousand world green.""}}",2025-01-26T21:35:10
1641,Forecast 1641,"{""forecast_id"": ""FCAST-1641"", ""series"": [{""x"": [""2025-01"", ""2025-02"", ""2025-03"", ""2025-04"", ""2025-05"", ""2025-06""], ""y"": [2480.14, 36180.2, 29976.56, 34661.2, 33578.56, 48651.33]}], ""meta"": {""created_by"": ""Matthew Chen"", ""notes"": ""This voice how join.""}}",2025-02-02T16:02:55
1642,Forecast 1642,"{""forecast_id"": ""FCAST-1642"", ""series"": [{""x"": [""2025-01"", ""2025-02"", ""2025-03"", ""2025-04"", ""2025-05"", ""2025-06""], ""y"": [5267.8, 38783.05, 47924.42, 15821.86, 49488.79, 30473.7]}], ""meta"": {""created_by"": ""Jonathan Alexander"", ""notes"": ""Trouble glass pick their own peace relationship.""}}",2024-06-25T14:39:10
1643,Forecast 1643,"{""forecast_id"": ""FCAST-1643"", ""series"": [{""x"": [""2025-01"", ""2025-02"", ""2025-03"", ""2025-04"", ""2025-05"", ""2025-06""], ""y"": [1944.61, 14831.57, 38979.28, 30914.29, 21508.79, 2312.42]}], ""meta"": {""created_by"": ""Robert Bryant"", ""notes"": ""Election data evening military.""}}",2024-06-14T12:36:08
1644,Forecast 1644,"{""forecast_id"": ""FCAST-1644"", ""series"": [{""x"": [""2025-01"", ""2025-02"", ""2025-03"", ""2025-04"", ""2025-05"", ""2025-06""], ""y"": [19638.69, 9801.98, 31229.58, 41156.78, 22520.27, 1097.6]}], ""meta"": {""created_by"": ""Nicole Hall"", ""notes"": ""Agent read soldier main measure choose protect whatever.""}}",2025-10-31T01:14:46
1645,Forecast 1645,"{""forecast_id"": ""FCAST-1645"", ""series"": [{""x"": [""2025-01"", ""2025-02"", ""2025-03"", ""2025-04"", ""2025-05"", ""2025-06""], ""y"": [13664.71, 30755.65, 8957.9, 49967.62, 12368.01, 45710.68]}], ""meta"": {""created_by"": ""Steven Kelley"", ""notes"": ""Face off performance than available family sport detail.""}}",2025-10-18T17:40:48
1646,Forecast 1646,"{""forecast_id"": ""FCAST-1646"", ""series"": [{""x"": [""2025-01"", ""2025-02"", ""2025-03"", ""2025-04"", ""2025-05"", ""2025-06""], ""y"": [37382.46, 14618.87, 39531.13, 40774.43, 35171.36, 39357.69]}], ""meta"": {""created_by"": ""Chelsea Salazar"", ""notes"": ""Central paper story method consider hand less.""}}",2024-12-06T20:27:23
1647,Forecast 1647,"{""forecast_id"": ""FCAST-1647"", ""series"": [{""x"": [""2025-01"", ""2025-02"", ""2025-03"", ""2025-04"", ""2025-05"", ""2025-06""], ""y"": [34993.15, 41279.28, 4691.89, 36509.28, 6470.66, 24102.32]}], ""meta"": {""created_by"": ""Logan Khan"", ""notes"": ""Treatment which paper.""}}",2024-07-18T04:26:43
1648,Forecast 1648,"{""forecast_id"": ""FCAST-1648"", ""series"": [{""x"": [""2025-01"", ""2025-02"", ""2025-03"", ""2025-04"", ""2025-05"", ""2025-06""], ""y"": [43141.59, 1273.44, 32066.87, 47738.56, 14282.89, 11867.91]}], ""meta"": {""created_by"": ""Dana Jordan"", ""notes"": ""Story fall soldier strategy head room country different.""}}",2025-04-12T18:05:25
1649,Forecast 1649,"{""forecast_id"": ""FCAST-1649"", ""series"": [{""x"": [""2025-01"", ""2025-02"", ""2025-03"", ""2025-04"", ""2025-05"", ""2025-06""], ""y"": [6580.99, 44268.38, 26857.49, 43321.17, 38172.55, 46135.79]}], ""meta"": {""created_by"": ""Susan Lopez"", ""notes"": ""Necessary action leave thus.""}}",2024-03-28T00:04:25
1650,Forecast 1650,"{""forecast_id"": ""FCAST-1650"", ""series"": [{""x"": [""2025-01"", ""2025-02"", ""2025-03"", ""2025-04"", ""2025-05"", ""2025-06""], ""y"": [6044.85, 32874.08, 13377.29, 38847.54, 46129.4, 33250.32]}], ""meta"": {""created_by"": ""Eric Miles"", ""notes"": ""Nor myself set interest opportunity seat anyone money.""}}",2024-02-07T21:56:02
1651,Forecast 1651,"{""forecast_id"": ""FCAST-1651"", ""series"": [{""x"": [""2025-01"", ""2025-02"", ""2025-03"", ""2025-04"", ""2025-05"", ""2025-06""], ""y"": [45161.37, 33048.4, 5564.53, 1072.16, 47034.64, 38960.82]}], ""meta"": {""created_by"": ""David Proctor"", ""notes"": ""Yeah environment against wish economic billion reason tend.""}}",2025-02-17T05:10:53
1652,Forecast 1652,"{""forecast_id"": ""FCAST-1652"", ""series"": [{""x"": [""2025-01"", ""2025-02"", ""2025-03"", ""2025-04"", ""2025-05"", ""2025-06""], ""y"": [6607.44, 3665.56, 30354.78, 8647.72, 31909.73, 3084.03]}], ""meta"": {""created_by"": ""Briana Brown"", ""notes"": ""Seven admit watch.""}}",2025-03-11T06:57:46
1653,Forecast 1653,"{""forecast_id"": ""FCAST-1653"", ""series"": [{""x"": [""2025-01"", ""2025-02"", ""2025-03"", ""2025-04"", ""2025-05"", ""2025-06""], ""y"": [44111.94, 10975.77, 26145.7, 27431.64, 26361.49, 45014.46]}], ""meta"": {""created_by"": ""Kara Reed"", ""notes"": ""Trade ahead role current popular water sense.""}}",2024-10-25T14:16:28
1654,Forecast 1654,"{""forecast_id"": ""FCAST-1654"", ""series"": [{""x"": [""2025-01"", ""2025-02"", ""2025-03"", ""2025-04"", ""2025-05"", ""2025-06""], ""y"": [48086.05, 4213.91, 8807.37, 8360.91, 9114.62, 47347.59]}], ""meta"": {""created_by"": ""Anthony Mueller"", ""notes"": ""Top interesting probably wonder light.""}}",2025-07-02T23:52:06
1655,Forecast 1655,"{""forecast_id"": ""FCAST-1655"", ""series"": [{""x"": [""2025-01"", ""2025-02"", ""2025-03"", ""2025-04"", ""2025-05"", ""2025-06""], ""y"": [27963.12, 32912.82, 38749.32, 41813.26, 42279.92, 16986.2]}], ""meta"": {""created_by"": ""Deborah Norman"", ""notes"": ""Answer keep interest information plan eight.""}}",2024-10-24T17:17:06
1656,Forecast 1656,"{""forecast_id"": ""FCAST-1656"", ""series"": [{""x"": [""2025-01"", ""2025-02"", ""2025-03"", ""2025-04"", ""2025-05"", ""2025-06""], ""y"": [47379.79, 33365.16, 1942.79, 8217.95, 25874.48, 29393.23]}], ""meta"": {""created_by"": ""Charles Cameron"", ""notes"": ""Standard strategy physical speak theory.""}}",2024-01-11T10:18:31
1657,Forecast 1657,"{""forecast_id"": ""FCAST-1657"", ""series"": [{""x"": [""2025-01"", ""2025-02"", ""2025-03"", ""2025-04"", ""2025-05"", ""2025-06""], ""y"": [17605.07, 28682.4, 32437.71, 23879.41, 14504.89, 4687.84]}], ""meta"": {""created_by"": ""Kyle Davis"", ""notes"": ""Discuss director realize find test lose.""}}",2025-09-22T04:19:42
1658,Forecast 1658,"{""forecast_id"": ""FCAST-1658"", ""series"": [{""x"": [""2025-01"", ""2025-02"", ""2025-03"", ""2025-04"", ""2025-05"", ""2025-06""], ""y"": [27452.01, 21726.14, 30024.48, 6504.33, 30392.2, 44822.97]}], ""meta"": {""created_by"": ""Trevor Hoffman"", ""notes"": ""Bed practice vote entire beautiful.""}}",2025-01-09T10:21:55
1659,Forecast 1659,"{""forecast_id"": ""FCAST-1659"", ""series"": [{""x"": [""2025-01"", ""2025-02"", ""2025-03"", ""2025-04"", ""2025-05"", ""2025-06""], ""y"": [43070.4, 9403.03, 24140.14, 20203.74, 1762.24, 2621.59]}], ""meta"": {""created_by"": ""Catherine Mills"", ""notes"": ""Start likely drug community month large focus.""}}",2024-03-06T06:47:06
1660,Forecast 1660,"{""forecast_id"": ""FCAST-1660"", ""series"": [{""x"": [""2025-01"", ""2025-02"", ""2025-03"", ""2025-04"", ""2025-05"", ""2025-06""], ""y"": [7539.98, 1820.41, 31620.12, 23358.18, 32144.53, 40418.77]}], ""meta"": {""created_by"": ""Richard Williams"", ""notes"": ""Book leave bed race lose two.""}}",2024-12-23T08:27:42
1661,Forecast 1661,"{""forecast_id"": ""FCAST-1661"", ""series"": [{""x"": [""2025-01"", ""2025-02"", ""2025-03"", ""2025-04"", ""2025-05"", ""2025-06""], ""y"": [49719.0, 21642.68, 33953.37, 44235.79, 14749.94, 11698.76]}], ""meta"": {""created_by"": ""Holly Johnson"", ""notes"": ""Couple order carry floor still citizen.""}}",2025-05-27T19:31:02
1662,Forecast 1662,"{""forecast_id"": ""FCAST-1662"", ""series"": [{""x"": [""2025-01"", ""2025-02"", ""2025-03"", ""2025-04"", ""2025-05"", ""2025-06""], ""y"": [40350.36, 19692.77, 32897.08, 32454.33, 17366.39, 26574.11]}], ""meta"": {""created_by"": ""Julie Cruz"", ""notes"": ""Experience free piece wall record ground.""}}",2024-04-09T23:08:46
1663,Forecast 1663,"{""forecast_id"": ""FCAST-1663"", ""series"": [{""x"": [""2025-01"", ""2025-02"", ""2025-03"", ""2025-04"", ""2025-05"", ""2025-06""], ""y"": [41244.69, 24743.1, 1287.61, 9753.49, 37053.45, 15466.52]}], ""meta"": {""created_by"": ""Brandon Gonzalez"", ""notes"": ""Cell step million employee.""}}",2024-03-04T11:11:04
1664,Forecast 1664,"{""forecast_id"": ""FCAST-1664"", ""series"": [{""x"": [""2025-01"", ""2025-02"", ""2025-03"", ""2025-04"", ""2025-05"", ""2025-06""], ""y"": [33434.27, 33229.73, 15614.57, 33223.84, 19322.81, 20983.27]}], ""meta"": {""created_by"": ""Nicole Washington"", ""notes"": ""System health plan form matter meet.""}}",2024-06-29T18:00:36
1665,Forecast 1665,"{""forecast_id"": ""FCAST-1665"", ""series"": [{""x"": [""2025-01"", ""2025-02"", ""2025-03"", ""2025-04"", ""2025-05"", ""2025-06""], ""y"": [1909.8, 5411.21, 46375.64, 47884.4, 23467.94, 13183.56]}], ""meta"": {""created_by"": ""Michelle Townsend"", ""notes"": ""Case rather make instead Republican you low.""}}",2025-08-01T11:56:15
1666,Forecast 1666,"{""forecast_id"": ""FCAST-1666"", ""series"": [{""x"": [""2025-01"", ""2025-02"", ""2025-03"", ""2025-04"", ""2025-05"", ""2025-06""], ""y"": [9949.34, 45564.16, 28923.93, 20848.38, 41001.76, 35506.58]}], ""meta"": {""created_by"": ""Anita Romero"", ""notes"": ""Power why continue local.""}}",2023-12-22T20:02:40
1667,Forecast 1667,"{""forecast_id"": ""FCAST-1667"", ""series"": [{""x"": [""2025-01"", ""2025-02"", ""2025-03"", ""2025-04"", ""2025-05"", ""2025-06""], ""y"": [13246.35, 19459.4, 38291.21, 1037.69, 45996.25, 15388.55]}], ""meta"": {""created_by"": ""Anthony Logan"", ""notes"": ""Second big herself concern measure product author.""}}",2025-07-30T17:52:26
1668,Forecast 1668,"{""forecast_id"": ""FCAST-1668"", ""series"": [{""x"": [""2025-01"", ""2025-02"", ""2025-03"", ""2025-04"", ""2025-05"", ""2025-06""], ""y"": [19396.2, 7514.92, 38477.9, 34795.58, 3059.4, 18388.13]}], ""meta"": {""created_by"": ""Kristen Byrd"", ""notes"": ""Since small tell bit score candidate movie.""}}",2025-04-16T23:54:07
1669,Forecast 1669,"{""forecast_id"": ""FCAST-1669"", ""series"": [{""x"": [""2025-01"", ""2025-02"", ""2025-03"", ""2025-04"", ""2025-05"", ""2025-06""], ""y"": [35221.66, 21820.8, 25560.38, 4878.8, 27106.63, 22541.16]}], ""meta"": {""created_by"": ""Austin Martin"", ""notes"": ""Push sense part four thing remember.""}}",2025-06-30T01:43:10
1670,Forecast 1670,"{""forecast_id"": ""FCAST-1670"", ""series"": [{""x"": [""2025-01"", ""2025-02"", ""2025-03"", ""2025-04"", ""2025-05"", ""2025-06""], ""y"": [18993.62, 47139.89, 34303.81, 48573.97, 43811.49, 41526.38]}], ""meta"": {""created_by"": ""Seth Mcpherson"", ""notes"": ""Lawyer rock marriage protect.""}}",2025-08-01T11:58:50
1671,Forecast 1671,"{""forecast_id"": ""FCAST-1671"", ""series"": [{""x"": [""2025-01"", ""2025-02"", ""2025-03"", ""2025-04"", ""2025-05"", ""2025-06""], ""y"": [14326.89, 43981.87, 25991.02, 8196.64, 18261.63, 36125.63]}], ""meta"": {""created_by"": ""Glen Smith"", ""notes"": ""Lead she kid popular.""}}",2025-10-04T23:21:19
1672,Forecast 1672,"{""forecast_id"": ""FCAST-1672"", ""series"": [{""x"": [""2025-01"", ""2025-02"", ""2025-03"", ""2025-04"", ""2025-05"", ""2025-06""], ""y"": [23136.7, 25422.24, 26370.77, 14545.82, 35902.71, 21144.58]}], ""meta"": {""created_by"": ""Eileen Carr"", ""notes"": ""Same character land treat whose end.""}}",2025-04-28T19:55:27
1673,Forecast 1673,"{""forecast_id"": ""FCAST-1673"", ""series"": [{""x"": [""2025-01"", ""2025-02"", ""2025-03"", ""2025-04"", ""2025-05"", ""2025-06""], ""y"": [49954.07, 48075.78, 12310.23, 2883.58, 20758.38, 23716.04]}], ""meta"": {""created_by"": ""Jordan Johnson"", ""notes"": ""Watch director glass take contain lot occur.""}}",2025-10-20T09:36:46
1674,Forecast 1674,"{""forecast_id"": ""FCAST-1674"", ""series"": [{""x"": [""2025-01"", ""2025-02"", ""2025-03"", ""2025-04"", ""2025-05"", ""2025-06""], ""y"": [38997.68, 48537.64, 20979.88, 29680.05, 7338.04, 29492.36]}], ""meta"": {""created_by"": ""Kelly Rubio"", ""notes"": ""Fact who challenge range great.""}}",2025-08-01T16:08:39
1675,Forecast 1675,"{""forecast_id"": ""FCAST-1675"", ""series"": [{""x"": [""2025-01"", ""2025-02"", ""2025-03"", ""2025-04"", ""2025-05"", ""2025-06""], ""y"": [28780.43, 24745.49, 45657.18, 44485.8, 45348.89, 7609.53]}], ""meta"": {""created_by"": ""Christine Hamilton"", ""notes"": ""Movie executive again true smile thus.""}}",2025-05-12T04:33:08
1676,Forecast 1676,"{""forecast_id"": ""FCAST-1676"", ""series"": [{""x"": [""2025-01"", ""2025-02"", ""2025-03"", ""2025-04"", ""2025-05"", ""2025-06""], ""y"": [3474.39, 13572.04, 30636.78, 19960.63, 9123.49, 21125.72]}], ""meta"": {""created_by"": ""John Allen"", ""notes"": ""Source cover mission skin base audience have.""}}",2025-02-12T18:25:46
1677,Forecast 1677,"{""forecast_id"": ""FCAST-1677"", ""series"": [{""x"": [""2025-01"", ""2025-02"", ""2025-03"", ""2025-04"", ""2025-05"", ""2025-06""], ""y"": [31374.25, 1542.9, 21430.69, 4560.9, 23231.54, 46639.39]}], ""meta"": {""created_by"": ""Greg Turner"", ""notes"": ""Side everything admit send structure.""}}",2025-04-08T02:14:52
1678,Forecast 1678,"{""forecast_id"": ""FCAST-1678"", ""series"": [{""x"": [""2025-01"", ""2025-02"", ""2025-03"", ""2025-04"", ""2025-05"", ""2025-06""], ""y"": [29586.94, 9669.11, 44734.48, 19470.81, 49278.07, 45525.38]}], ""meta"": {""created_by"": ""Corey Nguyen Jr."", ""notes"": ""Chance field yes draw agent trouble.""}}",2024-09-17T06:34:02
1679,Forecast 1679,"{""forecast_id"": ""FCAST-1679"", ""series"": [{""x"": [""2025-01"", ""2025-02"", ""2025-03"", ""2025-04"", ""2025-05"", ""2025-06""], ""y"": [47451.17, 33207.91, 8561.68, 45825.84, 30556.92, 47616.11]}], ""meta"": {""created_by"": ""Kristen Downs"", ""notes"": ""Impact wide than chair.""}}",2025-01-04T15:07:09
1680,Forecast 1680,"{""forecast_id"": ""FCAST-1680"", ""series"": [{""x"": [""2025-01"", ""2025-02"", ""2025-03"", ""2025-04"", ""2025-05"", ""2025-06""], ""y"": [27859.92, 11551.48, 37823.29, 37005.39, 43392.9, 20591.05]}], ""meta"": {""created_by"": ""Anthony Stevens"", ""notes"": ""Level continue property affect nearly himself.""}}",2025-04-13T21:27:43
1681,Forecast 1681,"{""forecast_id"": ""FCAST-1681"", ""series"": [{""x"": [""2025-01"", ""2025-02"", ""2025-03"", ""2025-04"", ""2025-05"", ""2025-06""], ""y"": [26223.63, 35795.66, 23096.05, 10177.26, 45901.86, 22257.59]}], ""meta"": {""created_by"": ""Michael Randolph"", ""notes"": ""Same practice never.""}}",2024-11-01T04:27:42
1682,Forecast 1682,"{""forecast_id"": ""FCAST-1682"", ""series"": [{""x"": [""2025-01"", ""2025-02"", ""2025-03"", ""2025-04"", ""2025-05"", ""2025-06""], ""y"": [15754.29, 13105.89, 26734.4, 3393.93, 47428.83, 40566.49]}], ""meta"": {""created_by"": ""Charles Montes"", ""notes"": ""Fine both computer behind goal control ball.""}}",2024-09-01T07:18:46
1683,Forecast 1683,"{""forecast_id"": ""FCAST-1683"", ""series"": [{""x"": [""2025-01"", ""2025-02"", ""2025-03"", ""2025-04"", ""2025-05"", ""2025-06""], ""y"": [44865.43, 40841.83, 5686.64, 10806.96, 26866.13, 10290.37]}], ""meta"": {""created_by"": ""Jacob White"", ""notes"": ""City organization various adult assume chair.""}}",2025-01-05T02:24:10
1684,Forecast 1684,"{""forecast_id"": ""FCAST-1684"", ""series"": [{""x"": [""2025-01"", ""2025-02"", ""2025-03"", ""2025-04"", ""2025-05"", ""2025-06""], ""y"": [38457.36, 5147.25, 49561.06, 20720.1, 2437.22, 44943.44]}], ""meta"": {""created_by"": ""Terry Walters"", ""notes"": ""Candidate affect since meet section without effect bed.""}}",2025-09-22T02:22:46
1685,Forecast 1685,"{""forecast_id"": ""FCAST-1685"", ""series"": [{""x"": [""2025-01"", ""2025-02"", ""2025-03"", ""2025-04"", ""2025-05"", ""2025-06""], ""y"": [15190.05, 3433.85, 48965.55, 35221.36, 46567.37, 8192.91]}], ""meta"": {""created_by"": ""Kenneth Sanchez"", ""notes"": ""Everything few set culture box.""}}",2024-11-27T18:04:24
1686,Forecast 1686,"{""forecast_id"": ""FCAST-1686"", ""series"": [{""x"": [""2025-01"", ""2025-02"", ""2025-03"", ""2025-04"", ""2025-05"", ""2025-06""], ""y"": [31230.05, 37602.66, 4299.6, 39828.06, 37318.37, 33405.41]}], ""meta"": {""created_by"": ""Patrick Fisher"", ""notes"": ""Material economic even concern apply nice.""}}",2024-07-04T15:23:52
1687,Forecast 1687,"{""forecast_id"": ""FCAST-1687"", ""series"": [{""x"": [""2025-01"", ""2025-02"", ""2025-03"", ""2025-04"", ""2025-05"", ""2025-06""], ""y"": [42792.45, 43665.04, 36823.37, 28637.13, 11668.63, 6792.23]}], ""meta"": {""created_by"": ""David Pennington"", ""notes"": ""Fine human manage popular.""}}",2024-04-09T18:11:34
1688,Forecast 1688,"{""forecast_id"": ""FCAST-1688"", ""series"": [{""x"": [""2025-01"", ""2025-02"", ""2025-03"", ""2025-04"", ""2025-05"", ""2025-06""], ""y"": [11002.14, 40764.84, 25289.6, 8462.98, 32142.82, 27634.64]}], ""meta"": {""created_by"": ""Natalie Wood"", ""notes"": ""Resource reach magazine.""}}",2025-06-02T03:27:09
1689,Forecast 1689,"{""forecast_id"": ""FCAST-1689"", ""series"": [{""x"": [""2025-01"", ""2025-02"", ""2025-03"", ""2025-04"", ""2025-05"", ""2025-06""], ""y"": [7487.37, 29980.4, 27467.16, 32576.94, 41808.34, 19803.48]}], ""meta"": {""created_by"": ""Marcus Scott"", ""notes"": ""Item language change sure carry.""}}",2024-03-18T06:58:14
1690,Forecast 1690,"{""forecast_id"": ""FCAST-1690"", ""series"": [{""x"": [""2025-01"", ""2025-02"", ""2025-03"", ""2025-04"", ""2025-05"", ""2025-06""], ""y"": [8828.68, 39509.31, 47051.26, 7636.18, 45520.94, 17145.82]}], ""meta"": {""created_by"": ""Roger Gilbert"", ""notes"": ""They time degree worry popular rise general.""}}",2023-11-16T12:11:01
1691,Forecast 1691,"{""forecast_id"": ""FCAST-1691"", ""series"": [{""x"": [""2025-01"", ""2025-02"", ""2025-03"", ""2025-04"", ""2025-05"", ""2025-06""], ""y"": [48511.43, 32799.26, 3724.95, 9949.92, 17504.85, 12374.25]}], ""meta"": {""created_by"": ""Jeremy Wong"", ""notes"": ""Any bar sport whatever cultural culture factor who.""}}",2025-01-14T14:14:21
1692,Forecast 1692,"{""forecast_id"": ""FCAST-1692"", ""series"": [{""x"": [""2025-01"", ""2025-02"", ""2025-03"", ""2025-04"", ""2025-05"", ""2025-06""], ""y"": [28941.16, 24739.48, 21904.68, 30822.93, 40219.58, 31496.88]}], ""meta"": {""created_by"": ""David Robinson"", ""notes"": ""Contain prepare according.""}}",2024-10-17T03:03:33
1693,Forecast 1693,"{""forecast_id"": ""FCAST-1693"", ""series"": [{""x"": [""2025-01"", ""2025-02"", ""2025-03"", ""2025-04"", ""2025-05"", ""2025-06""], ""y"": [13789.92, 45381.46, 20633.26, 45853.31, 28850.87, 48861.48]}], ""meta"": {""created_by"": ""April Baker"", ""notes"": ""Place those peace interesting house course Republican.""}}",2024-12-20T16:36:09
1694,Forecast 1694,"{""forecast_id"": ""FCAST-1694"", ""series"": [{""x"": [""2025-01"", ""2025-02"", ""2025-03"", ""2025-04"", ""2025-05"", ""2025-06""], ""y"": [39062.61, 46139.63, 48970.85, 2663.81, 49399.13, 19131.06]}], ""meta"": {""created_by"": ""Jeffrey Strickland Jr."", ""notes"": ""Create sing degree happy finally since future.""}}",2023-12-23T22:01:50
1695,Forecast 1695,"{""forecast_id"": ""FCAST-1695"", ""series"": [{""x"": [""2025-01"", ""2025-02"", ""2025-03"", ""2025-04"", ""2025-05"", ""2025-06""], ""y"": [27163.46, 44087.99, 5173.58, 33285.21, 13054.24, 46826.89]}], ""meta"": {""created_by"": ""Debbie Hines"", ""notes"": ""Network born authority wrong security.""}}",2024-06-06T10:45:48
1696,Forecast 1696,"{""forecast_id"": ""FCAST-1696"", ""series"": [{""x"": [""2025-01"", ""2025-02"", ""2025-03"", ""2025-04"", ""2025-05"", ""2025-06""], ""y"": [22979.93, 21016.07, 5924.7, 26783.42, 29021.68, 48930.37]}], ""meta"": {""created_by"": ""Perry Davis"", ""notes"": ""Money red prepare later modern those program feel.""}}",2024-10-16T04:53:57
1697,Forecast 1697,"{""forecast_id"": ""FCAST-1697"", ""series"": [{""x"": [""2025-01"", ""2025-02"", ""2025-03"", ""2025-04"", ""2025-05"", ""2025-06""], ""y"": [8493.82, 38459.58, 45852.24, 32455.81, 38790.96, 42629.13]}], ""meta"": {""created_by"": ""Pamela Collins"", ""notes"": ""Thank loss tax.""}}",2025-08-30T23:50:17
1698,Forecast 1698,"{""forecast_id"": ""FCAST-1698"", ""series"": [{""x"": [""2025-01"", ""2025-02"", ""2025-03"", ""2025-04"", ""2025-05"", ""2025-06""], ""y"": [1329.65, 13147.53, 47029.45, 25046.87, 6905.28, 9004.97]}], ""meta"": {""created_by"": ""Kara Hall"", ""notes"": ""Pretty hour let note new prepare.""}}",2024-02-03T10:22:32
1699,Forecast 1699,"{""forecast_id"": ""FCAST-1699"", ""series"": [{""x"": [""2025-01"", ""2025-02"", ""2025-03"", ""2025-04"", ""2025-05"", ""2025-06""], ""y"": [12051.38, 4554.59, 10514.39, 33363.33, 16471.68, 20830.51]}], ""meta"": {""created_by"": ""Randall Barnes"", ""notes"": ""Sure out watch check team perform.""}}",2025-07-19T02:33:24
1700,Forecast 1700,"{""forecast_id"": ""FCAST-1700"", ""series"": [{""x"": [""2025-01"", ""2025-02"", ""2025-03"", ""2025-04"", ""2025-05"", ""2025-06""], ""y"": [1623.9, 25313.83, 25297.54, 32475.82, 4590.45, 49538.39]}], ""meta"": {""created_by"": ""Wanda Mcintosh"", ""notes"": ""Modern late write.""}}",2024-10-07T02:42:59
1701,Forecast 1701,"{""forecast_id"": ""FCAST-1701"", ""series"": [{""x"": [""2025-01"", ""2025-02"", ""2025-03"", ""2025-04"", ""2025-05"", ""2025-06""], ""y"": [18130.98, 12062.03, 5221.89, 29204.34, 33498.8, 48333.91]}], ""meta"": {""created_by"": ""Gina Barnett"", ""notes"": ""Measure include participant minute smile.""}}",2024-12-07T06:36:05
1702,Forecast 1702,"{""forecast_id"": ""FCAST-1702"", ""series"": [{""x"": [""2025-01"", ""2025-02"", ""2025-03"", ""2025-04"", ""2025-05"", ""2025-06""], ""y"": [8184.02, 17342.77, 31478.67, 41955.43, 30283.39, 4478.15]}], ""meta"": {""created_by"": ""William Dunn"", ""notes"": ""Him own fact over.""}}",2025-04-24T16:53:39
1703,Forecast 1703,"{""forecast_id"": ""FCAST-1703"", ""series"": [{""x"": [""2025-01"", ""2025-02"", ""2025-03"", ""2025-04"", ""2025-05"", ""2025-06""], ""y"": [10715.52, 24729.68, 11288.39, 2975.42, 15615.23, 10008.58]}], ""meta"": {""created_by"": ""Kevin Miller"", ""notes"": ""Research alone deal pick man floor structure kitchen.""}}",2025-02-26T02:46:42
1704,Forecast 1704,"{""forecast_id"": ""FCAST-1704"", ""series"": [{""x"": [""2025-01"", ""2025-02"", ""2025-03"", ""2025-04"", ""2025-05"", ""2025-06""], ""y"": [15402.24, 49819.02, 14478.02, 22979.14, 27947.56, 1004.19]}], ""meta"": {""created_by"": ""Shelby Perez"", ""notes"": ""Share hospital whether meet society after professional.""}}",2025-02-04T20:46:43
1705,Forecast 1705,"{""forecast_id"": ""FCAST-1705"", ""series"": [{""x"": [""2025-01"", ""2025-02"", ""2025-03"", ""2025-04"", ""2025-05"", ""2025-06""], ""y"": [14275.75, 22131.34, 22752.64, 47979.68, 21383.16, 7304.87]}], ""meta"": {""created_by"": ""Ian Thompson"", ""notes"": ""Billion article trip bank really young.""}}",2024-11-01T19:15:26
1706,Forecast 1706,"{""forecast_id"": ""FCAST-1706"", ""series"": [{""x"": [""2025-01"", ""2025-02"", ""2025-03"", ""2025-04"", ""2025-05"", ""2025-06""], ""y"": [12049.14, 49335.81, 46227.24, 44357.89, 34899.58, 24051.37]}], ""meta"": {""created_by"": ""Heather Lewis"", ""notes"": ""Dark measure official role old discover power.""}}",2024-03-18T00:35:45
1707,Forecast 1707,"{""forecast_id"": ""FCAST-1707"", ""series"": [{""x"": [""2025-01"", ""2025-02"", ""2025-03"", ""2025-04"", ""2025-05"", ""2025-06""], ""y"": [16746.29, 39092.22, 30806.74, 39534.95, 31863.87, 48895.4]}], ""meta"": {""created_by"": ""Ryan Clarke Jr."", ""notes"": ""Market meet plant really.""}}",2025-03-28T04:14:02
1708,Forecast 1708,"{""forecast_id"": ""FCAST-1708"", ""series"": [{""x"": [""2025-01"", ""2025-02"", ""2025-03"", ""2025-04"", ""2025-05"", ""2025-06""], ""y"": [34715.0, 42813.27, 48774.42, 5401.59, 35058.75, 48089.67]}], ""meta"": {""created_by"": ""Gregory Thompson"", ""notes"": ""That yet thought which plan training control.""}}",2025-02-19T17:58:33
1709,Forecast 1709,"{""forecast_id"": ""FCAST-1709"", ""series"": [{""x"": [""2025-01"", ""2025-02"", ""2025-03"", ""2025-04"", ""2025-05"", ""2025-06""], ""y"": [9156.48, 27372.43, 18008.55, 14131.24, 19792.81, 48608.43]}], ""meta"": {""created_by"": ""Craig Andrews"", ""notes"": ""Board follow amount authority leader ago.""}}",2024-09-14T17:03:51
1710,Forecast 1710,"{""forecast_id"": ""FCAST-1710"", ""series"": [{""x"": [""2025-01"", ""2025-02"", ""2025-03"", ""2025-04"", ""2025-05"", ""2025-06""], ""y"": [2814.93, 40883.21, 28358.88, 18346.87, 1071.33, 17969.52]}], ""meta"": {""created_by"": ""Joseph Ashley"", ""notes"": ""Prepare left billion treat music music task.""}}",2025-07-04T02:57:15
1711,Forecast 1711,"{""forecast_id"": ""FCAST-1711"", ""series"": [{""x"": [""2025-01"", ""2025-02"", ""2025-03"", ""2025-04"", ""2025-05"", ""2025-06""], ""y"": [37357.39, 36717.07, 40580.26, 16727.09, 41923.22, 13768.03]}], ""meta"": {""created_by"": ""Jessica Henderson"", ""notes"": ""They writer risk guess also fine.""}}",2025-09-21T23:23:43
1712,Forecast 1712,"{""forecast_id"": ""FCAST-1712"", ""series"": [{""x"": [""2025-01"", ""2025-02"", ""2025-03"", ""2025-04"", ""2025-05"", ""2025-06""], ""y"": [36197.35, 31338.57, 33784.77, 13194.94, 33653.87, 46169.45]}], ""meta"": {""created_by"": ""Paul Davis"", ""notes"": ""It management ready plan hit pull oil.""}}",2025-01-31T03:33:04
1713,Forecast 1713,"{""forecast_id"": ""FCAST-1713"", ""series"": [{""x"": [""2025-01"", ""2025-02"", ""2025-03"", ""2025-04"", ""2025-05"", ""2025-06""], ""y"": [3297.66, 25102.95, 24166.95, 3478.34, 1554.09, 13045.67]}], ""meta"": {""created_by"": ""Colleen Chandler"", ""notes"": ""Man yard least most point step especially.""}}",2024-06-19T00:55:30
1714,Forecast 1714,"{""forecast_id"": ""FCAST-1714"", ""series"": [{""x"": [""2025-01"", ""2025-02"", ""2025-03"", ""2025-04"", ""2025-05"", ""2025-06""], ""y"": [41614.86, 1617.47, 16262.64, 44746.63, 6744.25, 14538.28]}], ""meta"": {""created_by"": ""Mary Smith"", ""notes"": ""Bag music energy four ten impact surface.""}}",2025-08-05T04:03:48
1715,Forecast 1715,"{""forecast_id"": ""FCAST-1715"", ""series"": [{""x"": [""2025-01"", ""2025-02"", ""2025-03"", ""2025-04"", ""2025-05"", ""2025-06""], ""y"": [1900.37, 38295.84, 30606.14, 39634.64, 27750.65, 9732.34]}], ""meta"": {""created_by"": ""Victoria Wall"", ""notes"": ""Including before audience western shoulder Democrat particularly.""}}",2024-06-02T08:37:19
1716,Forecast 1716,"{""forecast_id"": ""FCAST-1716"", ""series"": [{""x"": [""2025-01"", ""2025-02"", ""2025-03"", ""2025-04"", ""2025-05"", ""2025-06""], ""y"": [40409.32, 2182.55, 11241.3, 19748.33, 38678.33, 38591.83]}], ""meta"": {""created_by"": ""Katherine Sullivan"", ""notes"": ""Ground well successful watch.""}}",2025-09-22T02:04:56
1717,Forecast 1717,"{""forecast_id"": ""FCAST-1717"", ""series"": [{""x"": [""2025-01"", ""2025-02"", ""2025-03"", ""2025-04"", ""2025-05"", ""2025-06""], ""y"": [37182.37, 2955.37, 26173.33, 45851.59, 27655.42, 20567.67]}], ""meta"": {""created_by"": ""Sara Lopez"", ""notes"": ""Traditional message everybody likely chance help dark.""}}",2024-05-01T03:04:37
1718,Forecast 1718,"{""forecast_id"": ""FCAST-1718"", ""series"": [{""x"": [""2025-01"", ""2025-02"", ""2025-03"", ""2025-04"", ""2025-05"", ""2025-06""], ""y"": [47477.46, 31788.76, 34975.29, 2031.05, 22795.99, 27483.76]}], ""meta"": {""created_by"": ""John Morton"", ""notes"": ""Lot their before politics business.""}}",2024-01-16T10:55:52
1719,Forecast 1719,"{""forecast_id"": ""FCAST-1719"", ""series"": [{""x"": [""2025-01"", ""2025-02"", ""2025-03"", ""2025-04"", ""2025-05"", ""2025-06""], ""y"": [8426.04, 16763.1, 30795.94, 17559.36, 48570.48, 19724.69]}], ""meta"": {""created_by"": ""James Bell"", ""notes"": ""Believe report result artist executive.""}}",2024-03-23T07:44:13
1720,Forecast 1720,"{""forecast_id"": ""FCAST-1720"", ""series"": [{""x"": [""2025-01"", ""2025-02"", ""2025-03"", ""2025-04"", ""2025-05"", ""2025-06""], ""y"": [34910.41, 35755.41, 11125.68, 10982.46, 12599.77, 36320.82]}], ""meta"": {""created_by"": ""Kristy Gill"", ""notes"": ""Long movie able despite.""}}",2024-12-05T13:45:27
1721,Forecast 1721,"{""forecast_id"": ""FCAST-1721"", ""series"": [{""x"": [""2025-01"", ""2025-02"", ""2025-03"", ""2025-04"", ""2025-05"", ""2025-06""], ""y"": [7475.41, 3719.19, 10303.8, 49287.23, 15699.07, 42650.21]}], ""meta"": {""created_by"": ""Lawrence Norton"", ""notes"": ""Interesting name explain.""}}",2025-07-25T18:19:42
1722,Forecast 1722,"{""forecast_id"": ""FCAST-1722"", ""series"": [{""x"": [""2025-01"", ""2025-02"", ""2025-03"", ""2025-04"", ""2025-05"", ""2025-06""], ""y"": [25653.74, 25854.21, 3617.67, 38662.47, 22168.12, 3086.0]}], ""meta"": {""created_by"": ""Angel Wallace"", ""notes"": ""Land smile almost operation.""}}",2024-11-13T18:55:31
1723,Forecast 1723,"{""forecast_id"": ""FCAST-1723"", ""series"": [{""x"": [""2025-01"", ""2025-02"", ""2025-03"", ""2025-04"", ""2025-05"", ""2025-06""], ""y"": [36271.88, 30650.84, 24665.43, 48472.24, 30232.46, 3010.29]}], ""meta"": {""created_by"": ""Lynn Gomez"", ""notes"": ""American experience tonight arm piece part.""}}",2025-07-01T00:17:59
1724,Forecast 1724,"{""forecast_id"": ""FCAST-1724"", ""series"": [{""x"": [""2025-01"", ""2025-02"", ""2025-03"", ""2025-04"", ""2025-05"", ""2025-06""], ""y"": [34295.45, 6756.74, 35265.28, 5540.16, 42115.69, 41293.91]}], ""meta"": {""created_by"": ""Andrew Barber"", ""notes"": ""Car same doctor stand.""}}",2024-08-13T23:30:37
1725,Forecast 1725,"{""forecast_id"": ""FCAST-1725"", ""series"": [{""x"": [""2025-01"", ""2025-02"", ""2025-03"", ""2025-04"", ""2025-05"", ""2025-06""], ""y"": [31830.87, 48975.0, 43416.98, 4864.18, 10784.92, 42951.78]}], ""meta"": {""created_by"": ""Mr. Justin Miller"", ""notes"": ""Significant cold stuff score draw live role.""}}",2024-03-23T19:12:14
1726,Forecast 1726,"{""forecast_id"": ""FCAST-1726"", ""series"": [{""x"": [""2025-01"", ""2025-02"", ""2025-03"", ""2025-04"", ""2025-05"", ""2025-06""], ""y"": [8117.71, 20100.08, 5912.74, 17429.0, 14508.18, 17586.66]}], ""meta"": {""created_by"": ""Judith Watson"", ""notes"": ""Baby produce international federal rule there real.""}}",2023-11-10T21:20:51
1727,Forecast 1727,"{""forecast_id"": ""FCAST-1727"", ""series"": [{""x"": [""2025-01"", ""2025-02"", ""2025-03"", ""2025-04"", ""2025-05"", ""2025-06""], ""y"": [3305.24, 8987.46, 20567.69, 10137.07, 6845.94, 30105.98]}], ""meta"": {""created_by"": ""Nicole Cantu"", ""notes"": ""Stuff reality radio claim Congress.""}}",2024-11-03T19:52:01
1728,Forecast 1728,"{""forecast_id"": ""FCAST-1728"", ""series"": [{""x"": [""2025-01"", ""2025-02"", ""2025-03"", ""2025-04"", ""2025-05"", ""2025-06""], ""y"": [20760.62, 15468.16, 23286.27, 34503.46, 49401.64, 8190.26]}], ""meta"": {""created_by"": ""Jessica Smith"", ""notes"": ""Condition avoid behind lot relate.""}}",2024-05-29T19:05:54
1729,Forecast 1729,"{""forecast_id"": ""FCAST-1729"", ""series"": [{""x"": [""2025-01"", ""2025-02"", ""2025-03"", ""2025-04"", ""2025-05"", ""2025-06""], ""y"": [16363.43, 30430.37, 24048.8, 1343.51, 24392.95, 14359.2]}], ""meta"": {""created_by"": ""Lorraine Pearson"", ""notes"": ""Word evening painting accept billion collection attack yourself.""}}",2023-12-10T01:19:47
1730,Forecast 1730,"{""forecast_id"": ""FCAST-1730"", ""series"": [{""x"": [""2025-01"", ""2025-02"", ""2025-03"", ""2025-04"", ""2025-05"", ""2025-06""], ""y"": [35847.24, 15517.03, 36594.07, 47970.42, 3778.55, 27059.31]}], ""meta"": {""created_by"": ""Jeremy Nelson"", ""notes"": ""According really truth now.""}}",2025-09-08T14:30:04
1731,Forecast 1731,"{""forecast_id"": ""FCAST-1731"", ""series"": [{""x"": [""2025-01"", ""2025-02"", ""2025-03"", ""2025-04"", ""2025-05"", ""2025-06""], ""y"": [44693.91, 38856.2, 46008.16, 44874.6, 4916.48, 37785.04]}], ""meta"": {""created_by"": ""Alexis Davenport"", ""notes"": ""To later change left PM hit.""}}",2023-11-23T16:36:43
1732,Forecast 1732,"{""forecast_id"": ""FCAST-1732"", ""series"": [{""x"": [""2025-01"", ""2025-02"", ""2025-03"", ""2025-04"", ""2025-05"", ""2025-06""], ""y"": [15174.5, 37548.99, 41320.84, 29042.45, 36730.54, 29252.38]}], ""meta"": {""created_by"": ""Andrew Brown"", ""notes"": ""Interest price approach listen enough voice.""}}",2024-06-06T15:35:35
1733,Forecast 1733,"{""forecast_id"": ""FCAST-1733"", ""series"": [{""x"": [""2025-01"", ""2025-02"", ""2025-03"", ""2025-04"", ""2025-05"", ""2025-06""], ""y"": [21640.0, 39840.94, 40391.42, 49892.31, 7481.26, 20964.81]}], ""meta"": {""created_by"": ""Samuel Hood"", ""notes"": ""Management certainly under short involve report seven.""}}",2025-01-12T09:16:07
1734,Forecast 1734,"{""forecast_id"": ""FCAST-1734"", ""series"": [{""x"": [""2025-01"", ""2025-02"", ""2025-03"", ""2025-04"", ""2025-05"", ""2025-06""], ""y"": [13161.66, 35453.03, 29234.68, 46219.61, 18801.8, 48834.93]}], ""meta"": {""created_by"": ""Stephen King"", ""notes"": ""Role doctor soon here mother.""}}",2025-09-03T01:27:22
1735,Forecast 1735,"{""forecast_id"": ""FCAST-1735"", ""series"": [{""x"": [""2025-01"", ""2025-02"", ""2025-03"", ""2025-04"", ""2025-05"", ""2025-06""], ""y"": [7755.53, 19834.0, 37253.29, 15759.14, 7357.25, 24821.93]}], ""meta"": {""created_by"": ""Susan Hanson"", ""notes"": ""Company eight take yard.""}}",2024-06-17T04:41:23
1736,Forecast 1736,"{""forecast_id"": ""FCAST-1736"", ""series"": [{""x"": [""2025-01"", ""2025-02"", ""2025-03"", ""2025-04"", ""2025-05"", ""2025-06""], ""y"": [28220.68, 22972.79, 11588.01, 20024.82, 20662.95, 17201.56]}], ""meta"": {""created_by"": ""Jacob Douglas"", ""notes"": ""Let turn rock law doctor.""}}",2024-06-12T23:51:03
1737,Forecast 1737,"{""forecast_id"": ""FCAST-1737"", ""series"": [{""x"": [""2025-01"", ""2025-02"", ""2025-03"", ""2025-04"", ""2025-05"", ""2025-06""], ""y"": [40817.44, 20275.17, 3034.97, 20394.68, 22264.66, 1409.82]}], ""meta"": {""created_by"": ""Douglas Frazier"", ""notes"": ""Many possible interest watch thus wind student.""}}",2024-08-22T02:20:40
1738,Forecast 1738,"{""forecast_id"": ""FCAST-1738"", ""series"": [{""x"": [""2025-01"", ""2025-02"", ""2025-03"", ""2025-04"", ""2025-05"", ""2025-06""], ""y"": [3156.82, 36815.77, 44467.87, 5298.77, 32031.08, 14033.11]}], ""meta"": {""created_by"": ""Jason Pierce"", ""notes"": ""Career information trade field standard film.""}}",2023-12-22T18:30:47
1739,Forecast 1739,"{""forecast_id"": ""FCAST-1739"", ""series"": [{""x"": [""2025-01"", ""2025-02"", ""2025-03"", ""2025-04"", ""2025-05"", ""2025-06""], ""y"": [1392.7, 27705.91, 6913.47, 43119.47, 29745.44, 30025.89]}], ""meta"": {""created_by"": ""Debbie Griffin"", ""notes"": ""Water get open modern worker add.""}}",2024-02-27T22:40:43
1740,Forecast 1740,"{""forecast_id"": ""FCAST-1740"", ""series"": [{""x"": [""2025-01"", ""2025-02"", ""2025-03"", ""2025-04"", ""2025-05"", ""2025-06""], ""y"": [49433.39, 3876.41, 37298.22, 32315.63, 8014.96, 7627.53]}], ""meta"": {""created_by"": ""Nicholas Ho"", ""notes"": ""Exactly daughter maintain receive.""}}",2025-06-27T18:49:13
1741,Forecast 1741,"{""forecast_id"": ""FCAST-1741"", ""series"": [{""x"": [""2025-01"", ""2025-02"", ""2025-03"", ""2025-04"", ""2025-05"", ""2025-06""], ""y"": [30807.19, 17609.35, 34739.42, 38602.24, 23543.33, 19180.34]}], ""meta"": {""created_by"": ""Aaron Ross"", ""notes"": ""Per miss customer certain home.""}}",2024-05-29T21:09:25
1742,Forecast 1742,"{""forecast_id"": ""FCAST-1742"", ""series"": [{""x"": [""2025-01"", ""2025-02"", ""2025-03"", ""2025-04"", ""2025-05"", ""2025-06""], ""y"": [23907.05, 30275.33, 12332.0, 6493.58, 32814.1, 10146.97]}], ""meta"": {""created_by"": ""Stacie Diaz"", ""notes"": ""Home realize measure purpose total.""}}",2024-02-15T11:02:07
1743,Forecast 1743,"{""forecast_id"": ""FCAST-1743"", ""series"": [{""x"": [""2025-01"", ""2025-02"", ""2025-03"", ""2025-04"", ""2025-05"", ""2025-06""], ""y"": [20228.73, 3427.41, 36113.78, 22088.77, 7519.35, 48383.4]}], ""meta"": {""created_by"": ""Olivia Potter"", ""notes"": ""Save form into.""}}",2023-12-30T14:48:26
1744,Forecast 1744,"{""forecast_id"": ""FCAST-1744"", ""series"": [{""x"": [""2025-01"", ""2025-02"", ""2025-03"", ""2025-04"", ""2025-05"", ""2025-06""], ""y"": [18092.03, 40921.65, 25156.84, 15468.51, 16762.36, 40754.69]}], ""meta"": {""created_by"": ""Dale Avila"", ""notes"": ""Like worker sound fish coach particular idea to.""}}",2025-02-28T04:40:54
1745,Forecast 1745,"{""forecast_id"": ""FCAST-1745"", ""series"": [{""x"": [""2025-01"", ""2025-02"", ""2025-03"", ""2025-04"", ""2025-05"", ""2025-06""], ""y"": [49092.64, 29936.26, 7716.05, 16632.12, 37611.16, 48169.57]}], ""meta"": {""created_by"": ""Megan Bird"", ""notes"": ""For while suddenly less.""}}",2025-07-25T06:59:39
1746,Forecast 1746,"{""forecast_id"": ""FCAST-1746"", ""series"": [{""x"": [""2025-01"", ""2025-02"", ""2025-03"", ""2025-04"", ""2025-05"", ""2025-06""], ""y"": [14794.28, 14980.35, 17139.51, 26175.94, 7093.43, 1798.21]}], ""meta"": {""created_by"": ""Andre Glass"", ""notes"": ""Happen audience hard other design set soldier campaign.""}}",2024-12-14T00:28:59
1747,Forecast 1747,"{""forecast_id"": ""FCAST-1747"", ""series"": [{""x"": [""2025-01"", ""2025-02"", ""2025-03"", ""2025-04"", ""2025-05"", ""2025-06""], ""y"": [28491.93, 36199.95, 30166.91, 18045.18, 18169.16, 11356.71]}], ""meta"": {""created_by"": ""Corey Ferguson"", ""notes"": ""Form everyone thousand.""}}",2024-06-05T15:09:04
1748,Forecast 1748,"{""forecast_id"": ""FCAST-1748"", ""series"": [{""x"": [""2025-01"", ""2025-02"", ""2025-03"", ""2025-04"", ""2025-05"", ""2025-06""], ""y"": [44429.44, 42418.14, 38342.36, 20508.71, 20901.08, 43480.84]}], ""meta"": {""created_by"": ""Jeffrey Bell"", ""notes"": ""Join second look foreign home official.""}}",2025-05-08T22:05:45
1749,Forecast 1749,"{""forecast_id"": ""FCAST-1749"", ""series"": [{""x"": [""2025-01"", ""2025-02"", ""2025-03"", ""2025-04"", ""2025-05"", ""2025-06""], ""y"": [30258.78, 34605.61, 8320.99, 25172.85, 25257.04, 16429.97]}], ""meta"": {""created_by"": ""Angela Nichols"", ""notes"": ""Risk style look lot hold.""}}",2024-10-23T22:13:01
1750,Forecast 1750,"{""forecast_id"": ""FCAST-1750"", ""series"": [{""x"": [""2025-01"", ""2025-02"", ""2025-03"", ""2025-04"", ""2025-05"", ""2025-06""], ""y"": [20962.66, 1591.51, 48505.87, 21011.05, 40732.14, 42177.47]}], ""meta"": {""created_by"": ""Erica Shepherd"", ""notes"": ""Response claim owner around responsibility.""}}",2024-11-15T03:38:58
1751,Forecast 1751,"{""forecast_id"": ""FCAST-1751"", ""series"": [{""x"": [""2025-01"", ""2025-02"", ""2025-03"", ""2025-04"", ""2025-05"", ""2025-06""], ""y"": [16170.25, 21729.8, 22934.6, 15520.3, 43320.94, 8558.91]}], ""meta"": {""created_by"": ""Alyssa Wilkerson"", ""notes"": ""Democrat college their happy culture face hand.""}}",2025-02-16T14:52:10
1752,Forecast 1752,"{""forecast_id"": ""FCAST-1752"", ""series"": [{""x"": [""2025-01"", ""2025-02"", ""2025-03"", ""2025-04"", ""2025-05"", ""2025-06""], ""y"": [21658.37, 46153.77, 1785.74, 10640.28, 40189.07, 4081.5]}], ""meta"": {""created_by"": ""Christopher Burns"", ""notes"": ""Themselves growth summer eat reach traditional way.""}}",2024-03-12T17:08:38
1753,Forecast 1753,"{""forecast_id"": ""FCAST-1753"", ""series"": [{""x"": [""2025-01"", ""2025-02"", ""2025-03"", ""2025-04"", ""2025-05"", ""2025-06""], ""y"": [25694.43, 2331.48, 19348.48, 10753.34, 1214.03, 22619.73]}], ""meta"": {""created_by"": ""Sean Nelson"", ""notes"": ""Only through likely necessary sort should.""}}",2024-08-21T01:23:16
1754,Forecast 1754,"{""forecast_id"": ""FCAST-1754"", ""series"": [{""x"": [""2025-01"", ""2025-02"", ""2025-03"", ""2025-04"", ""2025-05"", ""2025-06""], ""y"": [34290.15, 32105.61, 5418.14, 25355.47, 5600.58, 21739.09]}], ""meta"": {""created_by"": ""Joanna Williams"", ""notes"": ""Suffer hard third sound wonder.""}}",2024-02-15T03:06:50
1755,Forecast 1755,"{""forecast_id"": ""FCAST-1755"", ""series"": [{""x"": [""2025-01"", ""2025-02"", ""2025-03"", ""2025-04"", ""2025-05"", ""2025-06""], ""y"": [17996.19, 22561.85, 4030.08, 7318.48, 13527.34, 4677.61]}], ""meta"": {""created_by"": ""Richard Schaefer"", ""notes"": ""Open edge charge step leg nature bar.""}}",2024-10-31T20:47:54
1756,Forecast 1756,"{""forecast_id"": ""FCAST-1756"", ""series"": [{""x"": [""2025-01"", ""2025-02"", ""2025-03"", ""2025-04"", ""2025-05"", ""2025-06""], ""y"": [13019.45, 16993.47, 22674.54, 14002.07, 35773.1, 48462.83]}], ""meta"": {""created_by"": ""Michael Jones"", ""notes"": ""Despite process official south.""}}",2023-11-08T04:47:58
1757,Forecast 1757,"{""forecast_id"": ""FCAST-1757"", ""series"": [{""x"": [""2025-01"", ""2025-02"", ""2025-03"", ""2025-04"", ""2025-05"", ""2025-06""], ""y"": [36864.22, 18902.98, 5756.62, 40770.87, 35025.43, 49388.18]}], ""meta"": {""created_by"": ""Denise Kramer"", ""notes"": ""Physical once forget true art generation southern role.""}}",2024-09-03T15:13:51
1758,Forecast 1758,"{""forecast_id"": ""FCAST-1758"", ""series"": [{""x"": [""2025-01"", ""2025-02"", ""2025-03"", ""2025-04"", ""2025-05"", ""2025-06""], ""y"": [23909.37, 3666.3, 36411.41, 7032.3, 46745.22, 4917.64]}], ""meta"": {""created_by"": ""Jeremy Henry"", ""notes"": ""Avoid story policy teach.""}}",2025-01-25T04:08:23
1759,Forecast 1759,"{""forecast_id"": ""FCAST-1759"", ""series"": [{""x"": [""2025-01"", ""2025-02"", ""2025-03"", ""2025-04"", ""2025-05"", ""2025-06""], ""y"": [32506.3, 26710.93, 29203.36, 20495.12, 48256.77, 46899.74]}], ""meta"": {""created_by"": ""Jody Brown"", ""notes"": ""Anything mention collection black public but.""}}",2024-07-09T07:01:08
1760,Forecast 1760,"{""forecast_id"": ""FCAST-1760"", ""series"": [{""x"": [""2025-01"", ""2025-02"", ""2025-03"", ""2025-04"", ""2025-05"", ""2025-06""], ""y"": [42533.01, 20826.17, 11525.6, 17174.79, 44373.56, 28132.72]}], ""meta"": {""created_by"": ""Jonathan Thomas"", ""notes"": ""Room star return answer range.""}}",2025-06-15T10:12:37
1761,Forecast 1761,"{""forecast_id"": ""FCAST-1761"", ""series"": [{""x"": [""2025-01"", ""2025-02"", ""2025-03"", ""2025-04"", ""2025-05"", ""2025-06""], ""y"": [10545.61, 16791.19, 30756.39, 13928.31, 33857.08, 23540.3]}], ""meta"": {""created_by"": ""Danielle Wilkinson"", ""notes"": ""Member soon over cold little follow dark loss.""}}",2024-07-23T01:40:15
1762,Forecast 1762,"{""forecast_id"": ""FCAST-1762"", ""series"": [{""x"": [""2025-01"", ""2025-02"", ""2025-03"", ""2025-04"", ""2025-05"", ""2025-06""], ""y"": [27799.99, 1338.86, 34646.57, 3409.63, 10101.04, 12901.48]}], ""meta"": {""created_by"": ""Jeffrey Anderson"", ""notes"": ""Economic he fine five table federal.""}}",2024-12-04T02:24:49
1763,Forecast 1763,"{""forecast_id"": ""FCAST-1763"", ""series"": [{""x"": [""2025-01"", ""2025-02"", ""2025-03"", ""2025-04"", ""2025-05"", ""2025-06""], ""y"": [37558.51, 24435.17, 24228.34, 36820.79, 27560.98, 12973.67]}], ""meta"": {""created_by"": ""Jordan Myers"", ""notes"": ""General wall dark whose fear traditional believe.""}}",2024-07-25T16:55:37
1764,Forecast 1764,"{""forecast_id"": ""FCAST-1764"", ""series"": [{""x"": [""2025-01"", ""2025-02"", ""2025-03"", ""2025-04"", ""2025-05"", ""2025-06""], ""y"": [1292.98, 32477.06, 28619.44, 9033.18, 30570.03, 22191.85]}], ""meta"": {""created_by"": ""Luke Garcia DDS"", ""notes"": ""Key after public thank power.""}}",2024-03-16T21:53:59
1765,Forecast 1765,"{""forecast_id"": ""FCAST-1765"", ""series"": [{""x"": [""2025-01"", ""2025-02"", ""2025-03"", ""2025-04"", ""2025-05"", ""2025-06""], ""y"": [12852.88, 10293.03, 41051.61, 34819.96, 30581.52, 24473.84]}], ""meta"": {""created_by"": ""Tammy Hudson"", ""notes"": ""Successful wonder from above food none site.""}}",2025-08-14T12:47:01
1766,Forecast 1766,"{""forecast_id"": ""FCAST-1766"", ""series"": [{""x"": [""2025-01"", ""2025-02"", ""2025-03"", ""2025-04"", ""2025-05"", ""2025-06""], ""y"": [39520.57, 7529.81, 28710.6, 43169.94, 15165.7, 2955.99]}], ""meta"": {""created_by"": ""Melissa Sutton"", ""notes"": ""Financial night enough focus material room never relate.""}}",2024-06-18T01:08:21
1767,Forecast 1767,"{""forecast_id"": ""FCAST-1767"", ""series"": [{""x"": [""2025-01"", ""2025-02"", ""2025-03"", ""2025-04"", ""2025-05"", ""2025-06""], ""y"": [43560.28, 46156.41, 16785.84, 38391.24, 40958.38, 46803.79]}], ""meta"": {""created_by"": ""William Macdonald"", ""notes"": ""Ground election behind into energy.""}}",2024-12-23T01:38:04
1768,Forecast 1768,"{""forecast_id"": ""FCAST-1768"", ""series"": [{""x"": [""2025-01"", ""2025-02"", ""2025-03"", ""2025-04"", ""2025-05"", ""2025-06""], ""y"": [44892.71, 23549.28, 31248.26, 30093.23, 10154.75, 9101.56]}], ""meta"": {""created_by"": ""Michael Collier"", ""notes"": ""Hold determine range raise.""}}",2024-09-10T18:31:19
1769,Forecast 1769,"{""forecast_id"": ""FCAST-1769"", ""series"": [{""x"": [""2025-01"", ""2025-02"", ""2025-03"", ""2025-04"", ""2025-05"", ""2025-06""], ""y"": [24196.49, 12601.1, 46719.55, 8813.23, 36325.57, 43505.84]}], ""meta"": {""created_by"": ""Robert Morgan"", ""notes"": ""Current break several about before budget.""}}",2024-02-05T23:54:52
1770,Forecast 1770,"{""forecast_id"": ""FCAST-1770"", ""series"": [{""x"": [""2025-01"", ""2025-02"", ""2025-03"", ""2025-04"", ""2025-05"", ""2025-06""], ""y"": [32933.57, 3289.97, 12676.63, 9935.68, 29186.35, 13316.75]}], ""meta"": {""created_by"": ""Sandra Wagner"", ""notes"": ""Person spend race avoid.""}}",2025-02-11T17:55:49
1771,Forecast 1771,"{""forecast_id"": ""FCAST-1771"", ""series"": [{""x"": [""2025-01"", ""2025-02"", ""2025-03"", ""2025-04"", ""2025-05"", ""2025-06""], ""y"": [49587.19, 4197.67, 31225.52, 12169.71, 40120.44, 26297.02]}], ""meta"": {""created_by"": ""Scott Flores"", ""notes"": ""Measure if car drug catch party not yet.""}}",2025-07-10T17:02:03
1772,Forecast 1772,"{""forecast_id"": ""FCAST-1772"", ""series"": [{""x"": [""2025-01"", ""2025-02"", ""2025-03"", ""2025-04"", ""2025-05"", ""2025-06""], ""y"": [15373.42, 11408.47, 15549.2, 33332.3, 30627.85, 26738.29]}], ""meta"": {""created_by"": ""Gregory Caldwell"", ""notes"": ""Relate knowledge blue upon lead blood appear two.""}}",2025-07-12T10:58:06
1773,Forecast 1773,"{""forecast_id"": ""FCAST-1773"", ""series"": [{""x"": [""2025-01"", ""2025-02"", ""2025-03"", ""2025-04"", ""2025-05"", ""2025-06""], ""y"": [44583.44, 1445.55, 33960.72, 17238.57, 16733.02, 5121.08]}], ""meta"": {""created_by"": ""Douglas Garcia"", ""notes"": ""To leg popular from the.""}}",2024-09-22T16:24:09
1774,Forecast 1774,"{""forecast_id"": ""FCAST-1774"", ""series"": [{""x"": [""2025-01"", ""2025-02"", ""2025-03"", ""2025-04"", ""2025-05"", ""2025-06""], ""y"": [42294.32, 34812.13, 7215.05, 20061.2, 45827.1, 22685.71]}], ""meta"": {""created_by"": ""Ann Lewis"", ""notes"": ""Over discover discussion summer.""}}",2024-03-14T23:07:28
1775,Forecast 1775,"{""forecast_id"": ""FCAST-1775"", ""series"": [{""x"": [""2025-01"", ""2025-02"", ""2025-03"", ""2025-04"", ""2025-05"", ""2025-06""], ""y"": [22384.46, 34796.58, 31494.45, 10885.24, 48010.52, 7091.54]}], ""meta"": {""created_by"": ""Samantha Welch"", ""notes"": ""Exist physical end serve.""}}",2024-10-22T18:15:44
1776,Forecast 1776,"{""forecast_id"": ""FCAST-1776"", ""series"": [{""x"": [""2025-01"", ""2025-02"", ""2025-03"", ""2025-04"", ""2025-05"", ""2025-06""], ""y"": [1185.23, 41784.58, 39641.52, 49249.38, 11458.76, 8581.55]}], ""meta"": {""created_by"": ""Timothy Norman"", ""notes"": ""Dinner brother brother skin bed commercial be.""}}",2025-03-19T03:15:48
1777,Forecast 1777,"{""forecast_id"": ""FCAST-1777"", ""series"": [{""x"": [""2025-01"", ""2025-02"", ""2025-03"", ""2025-04"", ""2025-05"", ""2025-06""], ""y"": [38899.38, 22192.3, 31645.42, 39175.05, 45766.94, 25145.39]}], ""meta"": {""created_by"": ""Mary Larson"", ""notes"": ""Meeting people security well painting quality option.""}}",2024-12-29T03:06:21
1778,Forecast 1778,"{""forecast_id"": ""FCAST-1778"", ""series"": [{""x"": [""2025-01"", ""2025-02"", ""2025-03"", ""2025-04"", ""2025-05"", ""2025-06""], ""y"": [23904.53, 11698.85, 47022.44, 21294.21, 36572.85, 35292.33]}], ""meta"": {""created_by"": ""Nathaniel Evans"", ""notes"": ""Country power that yeah.""}}",2025-07-03T21:27:56
1779,Forecast 1779,"{""forecast_id"": ""FCAST-1779"", ""series"": [{""x"": [""2025-01"", ""2025-02"", ""2025-03"", ""2025-04"", ""2025-05"", ""2025-06""], ""y"": [2654.73, 20522.86, 46500.41, 36775.55, 2385.58, 40330.1]}], ""meta"": {""created_by"": ""Jimmy Nguyen"", ""notes"": ""Recently so choose.""}}",2024-01-11T20:44:24
1780,Forecast 1780,"{""forecast_id"": ""FCAST-1780"", ""series"": [{""x"": [""2025-01"", ""2025-02"", ""2025-03"", ""2025-04"", ""2025-05"", ""2025-06""], ""y"": [1169.0, 28367.07, 3565.64, 19544.16, 2693.11, 31103.77]}], ""meta"": {""created_by"": ""Vincent Raymond"", ""notes"": ""Probably decade example eight tough.""}}",2025-04-13T03:19:16
1781,Forecast 1781,"{""forecast_id"": ""FCAST-1781"", ""series"": [{""x"": [""2025-01"", ""2025-02"", ""2025-03"", ""2025-04"", ""2025-05"", ""2025-06""], ""y"": [9303.82, 25667.74, 15907.54, 31878.55, 5155.9, 41380.49]}], ""meta"": {""created_by"": ""Rachel Williamson"", ""notes"": ""Black eight us society fill many prepare.""}}",2025-02-11T10:38:31
1782,Forecast 1782,"{""forecast_id"": ""FCAST-1782"", ""series"": [{""x"": [""2025-01"", ""2025-02"", ""2025-03"", ""2025-04"", ""2025-05"", ""2025-06""], ""y"": [32375.35, 39763.18, 15578.05, 3628.64, 44992.54, 14242.18]}], ""meta"": {""created_by"": ""John Brown"", ""notes"": ""More Mrs work there assume simple against.""}}",2024-05-08T08:46:48
1783,Forecast 1783,"{""forecast_id"": ""FCAST-1783"", ""series"": [{""x"": [""2025-01"", ""2025-02"", ""2025-03"", ""2025-04"", ""2025-05"", ""2025-06""], ""y"": [34094.48, 43558.57, 24188.9, 38171.93, 25810.64, 21973.35]}], ""meta"": {""created_by"": ""Kevin Sanders"", ""notes"": ""Standard church former whether per ready person television.""}}",2024-03-15T00:46:59
1784,Forecast 1784,"{""forecast_id"": ""FCAST-1784"", ""series"": [{""x"": [""2025-01"", ""2025-02"", ""2025-03"", ""2025-04"", ""2025-05"", ""2025-06""], ""y"": [21592.15, 19191.26, 46374.18, 42251.01, 22055.3, 8835.15]}], ""meta"": {""created_by"": ""Jennifer Ferguson"", ""notes"": ""Hear wall side car drug of gas teacher.""}}",2023-12-24T16:34:21
1785,Forecast 1785,"{""forecast_id"": ""FCAST-1785"", ""series"": [{""x"": [""2025-01"", ""2025-02"", ""2025-03"", ""2025-04"", ""2025-05"", ""2025-06""], ""y"": [42295.71, 13010.4, 20837.06, 40437.66, 33455.63, 18484.68]}], ""meta"": {""created_by"": ""Matthew Carter"", ""notes"": ""Rock consumer check rest.""}}",2024-12-09T21:26:01
1786,Forecast 1786,"{""forecast_id"": ""FCAST-1786"", ""series"": [{""x"": [""2025-01"", ""2025-02"", ""2025-03"", ""2025-04"", ""2025-05"", ""2025-06""], ""y"": [42500.53, 40669.06, 20773.46, 47804.78, 13856.24, 21169.53]}], ""meta"": {""created_by"": ""William Bradford"", ""notes"": ""Phone fall college student mention face cold.""}}",2024-09-27T06:48:05
1787,Forecast 1787,"{""forecast_id"": ""FCAST-1787"", ""series"": [{""x"": [""2025-01"", ""2025-02"", ""2025-03"", ""2025-04"", ""2025-05"", ""2025-06""], ""y"": [4477.71, 29110.15, 14096.02, 30155.62, 32638.75, 11234.42]}], ""meta"": {""created_by"": ""Douglas Martin"", ""notes"": ""Beautiful loss environment wind here drug.""}}",2024-12-10T15:12:50
1788,Forecast 1788,"{""forecast_id"": ""FCAST-1788"", ""series"": [{""x"": [""2025-01"", ""2025-02"", ""2025-03"", ""2025-04"", ""2025-05"", ""2025-06""], ""y"": [26613.21, 11661.88, 29766.65, 38733.66, 34290.17, 37679.52]}], ""meta"": {""created_by"": ""Sharon Baker"", ""notes"": ""Forget image media nice number.""}}",2024-07-23T22:52:49
1789,Forecast 1789,"{""forecast_id"": ""FCAST-1789"", ""series"": [{""x"": [""2025-01"", ""2025-02"", ""2025-03"", ""2025-04"", ""2025-05"", ""2025-06""], ""y"": [42093.5, 35695.31, 42263.56, 30309.69, 4791.95, 30338.36]}], ""meta"": {""created_by"": ""Roberto Walker"", ""notes"": ""Consider full compare term tell.""}}",2023-12-25T19:51:21
1790,Forecast 1790,"{""forecast_id"": ""FCAST-1790"", ""series"": [{""x"": [""2025-01"", ""2025-02"", ""2025-03"", ""2025-04"", ""2025-05"", ""2025-06""], ""y"": [35597.22, 21935.22, 29874.59, 31390.82, 16434.71, 16365.55]}], ""meta"": {""created_by"": ""Mr. William Smith"", ""notes"": ""Feeling able deep trip.""}}",2025-01-25T22:35:25
1791,Forecast 1791,"{""forecast_id"": ""FCAST-1791"", ""series"": [{""x"": [""2025-01"", ""2025-02"", ""2025-03"", ""2025-04"", ""2025-05"", ""2025-06""], ""y"": [43472.0, 30263.55, 40221.35, 11169.32, 41353.76, 38978.8]}], ""meta"": {""created_by"": ""Mrs. Kylie Arias MD"", ""notes"": ""Next walk yard some goal matter like.""}}",2024-05-28T17:59:04
1792,Forecast 1792,"{""forecast_id"": ""FCAST-1792"", ""series"": [{""x"": [""2025-01"", ""2025-02"", ""2025-03"", ""2025-04"", ""2025-05"", ""2025-06""], ""y"": [22389.41, 11607.43, 7457.62, 11899.15, 29933.4, 44766.23]}], ""meta"": {""created_by"": ""Mark Mccarty"", ""notes"": ""Rule age rate tell natural best little peace.""}}",2025-04-25T05:57:03
1793,Forecast 1793,"{""forecast_id"": ""FCAST-1793"", ""series"": [{""x"": [""2025-01"", ""2025-02"", ""2025-03"", ""2025-04"", ""2025-05"", ""2025-06""], ""y"": [5970.03, 5941.37, 36211.45, 29700.47, 46793.46, 27149.71]}], ""meta"": {""created_by"": ""Anthony Stephenson"", ""notes"": ""Cell daughter meet shoulder all story building.""}}",2025-02-17T15:11:53
1794,Forecast 1794,"{""forecast_id"": ""FCAST-1794"", ""series"": [{""x"": [""2025-01"", ""2025-02"", ""2025-03"", ""2025-04"", ""2025-05"", ""2025-06""], ""y"": [32894.91, 33366.11, 45601.25, 17147.67, 15127.52, 46706.5]}], ""meta"": {""created_by"": ""Kathryn Wilson"", ""notes"": ""Different election there glass point school beat.""}}",2025-09-09T00:29:10
1795,Forecast 1795,"{""forecast_id"": ""FCAST-1795"", ""series"": [{""x"": [""2025-01"", ""2025-02"", ""2025-03"", ""2025-04"", ""2025-05"", ""2025-06""], ""y"": [12170.94, 1797.9, 35290.36, 9940.17, 23071.07, 37324.31]}], ""meta"": {""created_by"": ""Steven Miranda"", ""notes"": ""Military strong buy moment with.""}}",2025-04-14T04:48:58
1796,Forecast 1796,"{""forecast_id"": ""FCAST-1796"", ""series"": [{""x"": [""2025-01"", ""2025-02"", ""2025-03"", ""2025-04"", ""2025-05"", ""2025-06""], ""y"": [49397.8, 43908.21, 7736.06, 10462.32, 29987.34, 27021.67]}], ""meta"": {""created_by"": ""Christopher Hunter"", ""notes"": ""Front seat production teacher capital.""}}",2024-09-06T10:52:28
1797,Forecast 1797,"{""forecast_id"": ""FCAST-1797"", ""series"": [{""x"": [""2025-01"", ""2025-02"", ""2025-03"", ""2025-04"", ""2025-05"", ""2025-06""], ""y"": [45855.59, 47013.29, 15708.39, 41508.83, 46528.05, 8919.15]}], ""meta"": {""created_by"": ""Kristi Johnson"", ""notes"": ""Mrs ability fund here how.""}}",2024-08-28T02:56:32
1798,Forecast 1798,"{""forecast_id"": ""FCAST-1798"", ""series"": [{""x"": [""2025-01"", ""2025-02"", ""2025-03"", ""2025-04"", ""2025-05"", ""2025-06""], ""y"": [20486.89, 23593.66, 25696.77, 25093.06, 42514.99, 38943.21]}], ""meta"": {""created_by"": ""Christopher Parker"", ""notes"": ""Return question rise since crime section first.""}}",2025-09-13T02:34:40
1799,Forecast 1799,"{""forecast_id"": ""FCAST-1799"", ""series"": [{""x"": [""2025-01"", ""2025-02"", ""2025-03"", ""2025-04"", ""2025-05"", ""2025-06""], ""y"": [26791.42, 45540.68, 7309.63, 23062.31, 32505.04, 32797.65]}], ""meta"": {""created_by"": ""Jennifer Butler"", ""notes"": ""Culture exist wish behind foot.""}}",2025-09-05T22:32:04
1800,Forecast 1800,"{""forecast_id"": ""FCAST-1800"", ""series"": [{""x"": [""2025-01"", ""2025-02"", ""2025-03"", ""2025-04"", ""2025-05"", ""2025-06""], ""y"": [3832.62, 33205.96, 48654.03, 15216.03, 20008.71, 3424.32]}], ""meta"": {""created_by"": ""Lindsay Hughes"", ""notes"": ""Heart quickly exactly discover likely send indicate.""}}",2024-12-21T11:54:44
1801,Forecast 1801,"{""forecast_id"": ""FCAST-1801"", ""series"": [{""x"": [""2025-01"", ""2025-02"", ""2025-03"", ""2025-04"", ""2025-05"", ""2025-06""], ""y"": [35178.89, 49385.03, 10796.5, 36443.5, 29201.19, 19133.82]}], ""meta"": {""created_by"": ""Theresa Carroll"", ""notes"": ""Majority yes since way always.""}}",2025-08-06T12:29:29
1802,Forecast 1802,"{""forecast_id"": ""FCAST-1802"", ""series"": [{""x"": [""2025-01"", ""2025-02"", ""2025-03"", ""2025-04"", ""2025-05"", ""2025-06""], ""y"": [15991.42, 37632.08, 29172.77, 27287.53, 43622.18, 14279.91]}], ""meta"": {""created_by"": ""Rachel James"", ""notes"": ""Pass speak man language traditional beat.""}}",2024-03-18T21:15:39
1803,Forecast 1803,"{""forecast_id"": ""FCAST-1803"", ""series"": [{""x"": [""2025-01"", ""2025-02"", ""2025-03"", ""2025-04"", ""2025-05"", ""2025-06""], ""y"": [2200.57, 34292.96, 26250.38, 34648.23, 31553.07, 28801.08]}], ""meta"": {""created_by"": ""Bethany Munoz"", ""notes"": ""Computer test or member wait.""}}",2024-05-03T03:45:00
1804,Forecast 1804,"{""forecast_id"": ""FCAST-1804"", ""series"": [{""x"": [""2025-01"", ""2025-02"", ""2025-03"", ""2025-04"", ""2025-05"", ""2025-06""], ""y"": [40042.21, 10447.09, 34235.27, 12830.65, 1181.66, 31423.88]}], ""meta"": {""created_by"": ""Jonathan Figueroa"", ""notes"": ""Generation hand own clear customer.""}}",2025-07-25T20:10:09
1805,Forecast 1805,"{""forecast_id"": ""FCAST-1805"", ""series"": [{""x"": [""2025-01"", ""2025-02"", ""2025-03"", ""2025-04"", ""2025-05"", ""2025-06""], ""y"": [45998.11, 8554.1, 20353.6, 6847.18, 42131.12, 3908.34]}], ""meta"": {""created_by"": ""Dana Glass"", ""notes"": ""Between side fact station field.""}}",2025-01-25T20:28:13
1806,Forecast 1806,"{""forecast_id"": ""FCAST-1806"", ""series"": [{""x"": [""2025-01"", ""2025-02"", ""2025-03"", ""2025-04"", ""2025-05"", ""2025-06""], ""y"": [44122.79, 21441.86, 19825.36, 7488.02, 5848.87, 16809.92]}], ""meta"": {""created_by"": ""Carol Logan"", ""notes"": ""Alone strong director.""}}",2024-08-04T08:41:29
1807,Forecast 1807,"{""forecast_id"": ""FCAST-1807"", ""series"": [{""x"": [""2025-01"", ""2025-02"", ""2025-03"", ""2025-04"", ""2025-05"", ""2025-06""], ""y"": [45142.55, 36890.29, 34534.81, 20911.25, 14611.37, 25463.85]}], ""meta"": {""created_by"": ""Mr. Mark Walker"", ""notes"": ""Popular deep would citizen investment nature.""}}",2024-07-10T15:58:42
1808,Forecast 1808,"{""forecast_id"": ""FCAST-1808"", ""series"": [{""x"": [""2025-01"", ""2025-02"", ""2025-03"", ""2025-04"", ""2025-05"", ""2025-06""], ""y"": [46412.66, 47404.07, 16801.21, 37828.79, 18565.22, 25183.09]}], ""meta"": {""created_by"": ""Courtney Munoz"", ""notes"": ""Talk side because crime chair.""}}",2024-10-06T06:11:12
1809,Forecast 1809,"{""forecast_id"": ""FCAST-1809"", ""series"": [{""x"": [""2025-01"", ""2025-02"", ""2025-03"", ""2025-04"", ""2025-05"", ""2025-06""], ""y"": [5893.93, 48337.07, 13483.52, 22116.72, 1280.32, 3562.85]}], ""meta"": {""created_by"": ""Matthew Campbell"", ""notes"": ""Figure theory best away quickly government world.""}}",2024-09-09T04:38:34
1810,Forecast 1810,"{""forecast_id"": ""FCAST-1810"", ""series"": [{""x"": [""2025-01"", ""2025-02"", ""2025-03"", ""2025-04"", ""2025-05"", ""2025-06""], ""y"": [26664.97, 17541.35, 39557.93, 21331.32, 27016.77, 7506.83]}], ""meta"": {""created_by"": ""Erin Harris"", ""notes"": ""Pressure but rule field own.""}}",2024-10-12T20:45:14
1811,Forecast 1811,"{""forecast_id"": ""FCAST-1811"", ""series"": [{""x"": [""2025-01"", ""2025-02"", ""2025-03"", ""2025-04"", ""2025-05"", ""2025-06""], ""y"": [34481.37, 18513.25, 21321.44, 18292.11, 16929.71, 8541.41]}], ""meta"": {""created_by"": ""Toni Mendez"", ""notes"": ""Here item whether amount score send.""}}",2024-11-08T04:51:20
1812,Forecast 1812,"{""forecast_id"": ""FCAST-1812"", ""series"": [{""x"": [""2025-01"", ""2025-02"", ""2025-03"", ""2025-04"", ""2025-05"", ""2025-06""], ""y"": [44696.93, 43217.17, 13740.59, 38722.17, 29847.69, 24143.16]}], ""meta"": {""created_by"": ""Bradley Erickson"", ""notes"": ""Not again country these mean century cup.""}}",2024-12-30T21:04:32
1813,Forecast 1813,"{""forecast_id"": ""FCAST-1813"", ""series"": [{""x"": [""2025-01"", ""2025-02"", ""2025-03"", ""2025-04"", ""2025-05"", ""2025-06""], ""y"": [15509.2, 8042.29, 42553.47, 10884.11, 26934.9, 45695.32]}], ""meta"": {""created_by"": ""Rebecca Yu"", ""notes"": ""Than arrive at.""}}",2025-04-25T18:26:49
1814,Forecast 1814,"{""forecast_id"": ""FCAST-1814"", ""series"": [{""x"": [""2025-01"", ""2025-02"", ""2025-03"", ""2025-04"", ""2025-05"", ""2025-06""], ""y"": [49907.47, 1832.44, 39001.04, 41988.37, 41208.53, 43495.89]}], ""meta"": {""created_by"": ""Larry Blankenship"", ""notes"": ""Conference attack just structure it foot join.""}}",2024-06-05T01:48:01
1815,Forecast 1815,"{""forecast_id"": ""FCAST-1815"", ""series"": [{""x"": [""2025-01"", ""2025-02"", ""2025-03"", ""2025-04"", ""2025-05"", ""2025-06""], ""y"": [36779.3, 23179.13, 47958.24, 21002.25, 3233.51, 31488.34]}], ""meta"": {""created_by"": ""Dawn Webb"", ""notes"": ""Country option agency hope he rock include improve.""}}",2024-05-20T22:04:46
1816,Forecast 1816,"{""forecast_id"": ""FCAST-1816"", ""series"": [{""x"": [""2025-01"", ""2025-02"", ""2025-03"", ""2025-04"", ""2025-05"", ""2025-06""], ""y"": [40684.63, 14121.28, 45899.04, 26122.03, 21149.4, 9494.57]}], ""meta"": {""created_by"": ""Wendy Rodriguez"", ""notes"": ""Democratic good player others far too.""}}",2024-11-05T18:11:41
1817,Forecast 1817,"{""forecast_id"": ""FCAST-1817"", ""series"": [{""x"": [""2025-01"", ""2025-02"", ""2025-03"", ""2025-04"", ""2025-05"", ""2025-06""], ""y"": [40068.37, 17306.44, 3377.06, 30961.71, 27199.03, 2489.44]}], ""meta"": {""created_by"": ""Ashley Torres"", ""notes"": ""Safe ask media this just time.""}}",2025-02-11T07:33:20
1818,Forecast 1818,"{""forecast_id"": ""FCAST-1818"", ""series"": [{""x"": [""2025-01"", ""2025-02"", ""2025-03"", ""2025-04"", ""2025-05"", ""2025-06""], ""y"": [30826.95, 43759.87, 37588.67, 11416.97, 33730.7, 1593.68]}], ""meta"": {""created_by"": ""Michael Castillo"", ""notes"": ""Or herself dream become.""}}",2024-11-22T19:57:27
1819,Forecast 1819,"{""forecast_id"": ""FCAST-1819"", ""series"": [{""x"": [""2025-01"", ""2025-02"", ""2025-03"", ""2025-04"", ""2025-05"", ""2025-06""], ""y"": [38737.74, 32260.53, 41359.95, 24305.89, 24754.76, 42387.05]}], ""meta"": {""created_by"": ""Randy Velasquez"", ""notes"": ""Tv food treatment choice.""}}",2024-03-15T19:07:48
1820,Forecast 1820,"{""forecast_id"": ""FCAST-1820"", ""series"": [{""x"": [""2025-01"", ""2025-02"", ""2025-03"", ""2025-04"", ""2025-05"", ""2025-06""], ""y"": [41242.19, 29216.96, 24861.95, 42194.28, 17495.13, 8489.97]}], ""meta"": {""created_by"": ""Andrew Carter"", ""notes"": ""Yourself so loss character memory more put they.""}}",2024-10-11T14:46:49
1821,Forecast 1821,"{""forecast_id"": ""FCAST-1821"", ""series"": [{""x"": [""2025-01"", ""2025-02"", ""2025-03"", ""2025-04"", ""2025-05"", ""2025-06""], ""y"": [14167.58, 11277.5, 20072.79, 14244.79, 1645.94, 16570.89]}], ""meta"": {""created_by"": ""Debra Edwards"", ""notes"": ""Fine choice concern if culture in.""}}",2023-12-10T19:22:18
1822,Forecast 1822,"{""forecast_id"": ""FCAST-1822"", ""series"": [{""x"": [""2025-01"", ""2025-02"", ""2025-03"", ""2025-04"", ""2025-05"", ""2025-06""], ""y"": [3069.63, 11027.55, 37922.04, 19504.4, 34873.78, 15658.6]}], ""meta"": {""created_by"": ""Katherine Rivera"", ""notes"": ""Each mission along analysis.""}}",2024-07-06T05:18:46
1823,Forecast 1823,"{""forecast_id"": ""FCAST-1823"", ""series"": [{""x"": [""2025-01"", ""2025-02"", ""2025-03"", ""2025-04"", ""2025-05"", ""2025-06""], ""y"": [25962.53, 49199.82, 29078.81, 25415.0, 32318.76, 11915.83]}], ""meta"": {""created_by"": ""Wendy Mccann"", ""notes"": ""Newspaper will represent by by.""}}",2025-05-28T19:05:20
1824,Forecast 1824,"{""forecast_id"": ""FCAST-1824"", ""series"": [{""x"": [""2025-01"", ""2025-02"", ""2025-03"", ""2025-04"", ""2025-05"", ""2025-06""], ""y"": [13309.52, 1923.09, 17502.34, 41590.96, 38302.15, 3212.71]}], ""meta"": {""created_by"": ""Ryan Carter"", ""notes"": ""Activity write population everything provide.""}}",2025-02-28T06:39:48
1825,Forecast 1825,"{""forecast_id"": ""FCAST-1825"", ""series"": [{""x"": [""2025-01"", ""2025-02"", ""2025-03"", ""2025-04"", ""2025-05"", ""2025-06""], ""y"": [33235.19, 22177.62, 9260.7, 31232.57, 14242.98, 32883.01]}], ""meta"": {""created_by"": ""Amy Sanders"", ""notes"": ""Program seat beautiful against.""}}",2025-02-26T12:04:36
1826,Forecast 1826,"{""forecast_id"": ""FCAST-1826"", ""series"": [{""x"": [""2025-01"", ""2025-02"", ""2025-03"", ""2025-04"", ""2025-05"", ""2025-06""], ""y"": [40628.37, 3170.46, 12430.15, 5411.14, 45656.03, 30422.77]}], ""meta"": {""created_by"": ""Robert Thompson"", ""notes"": ""Soon wide agreement trial.""}}",2025-07-26T18:27:31
1827,Forecast 1827,"{""forecast_id"": ""FCAST-1827"", ""series"": [{""x"": [""2025-01"", ""2025-02"", ""2025-03"", ""2025-04"", ""2025-05"", ""2025-06""], ""y"": [38372.61, 17274.05, 14737.97, 42235.05, 1860.55, 10369.28]}], ""meta"": {""created_by"": ""Jessica Peterson"", ""notes"": ""Will truth wish tough.""}}",2024-02-17T01:34:02
1828,Forecast 1828,"{""forecast_id"": ""FCAST-1828"", ""series"": [{""x"": [""2025-01"", ""2025-02"", ""2025-03"", ""2025-04"", ""2025-05"", ""2025-06""], ""y"": [16296.77, 3002.58, 5722.08, 37460.99, 33584.41, 24087.08]}], ""meta"": {""created_by"": ""Jimmy Chandler"", ""notes"": ""Recent foot financial film.""}}",2023-12-22T00:31:53
1829,Forecast 1829,"{""forecast_id"": ""FCAST-1829"", ""series"": [{""x"": [""2025-01"", ""2025-02"", ""2025-03"", ""2025-04"", ""2025-05"", ""2025-06""], ""y"": [27096.93, 23553.52, 30873.46, 47827.71, 6570.26, 16129.37]}], ""meta"": {""created_by"": ""Melissa Smith"", ""notes"": ""Early paper site process check.""}}",2024-11-24T05:31:03
1830,Forecast 1830,"{""forecast_id"": ""FCAST-1830"", ""series"": [{""x"": [""2025-01"", ""2025-02"", ""2025-03"", ""2025-04"", ""2025-05"", ""2025-06""], ""y"": [26160.78, 21842.68, 14097.94, 45543.62, 26611.36, 8789.38]}], ""meta"": {""created_by"": ""Kaylee Wilson"", ""notes"": ""Buy finish white chance.""}}",2024-07-28T10:31:41
1831,Forecast 1831,"{""forecast_id"": ""FCAST-1831"", ""series"": [{""x"": [""2025-01"", ""2025-02"", ""2025-03"", ""2025-04"", ""2025-05"", ""2025-06""], ""y"": [1180.98, 26577.13, 36471.53, 42115.85, 16680.0, 32428.0]}], ""meta"": {""created_by"": ""Kevin Roy"", ""notes"": ""Than majority gun kind for land glass community.""}}",2024-02-17T01:48:13
1832,Forecast 1832,"{""forecast_id"": ""FCAST-1832"", ""series"": [{""x"": [""2025-01"", ""2025-02"", ""2025-03"", ""2025-04"", ""2025-05"", ""2025-06""], ""y"": [43815.81, 35120.24, 40493.06, 14546.23, 28957.03, 8799.5]}], ""meta"": {""created_by"": ""Michael Robinson"", ""notes"": ""All particularly foot also.""}}",2025-10-20T15:06:04
1833,Forecast 1833,"{""forecast_id"": ""FCAST-1833"", ""series"": [{""x"": [""2025-01"", ""2025-02"", ""2025-03"", ""2025-04"", ""2025-05"", ""2025-06""], ""y"": [32688.44, 11769.37, 48582.63, 22038.78, 37104.6, 18669.13]}], ""meta"": {""created_by"": ""Melissa Carr"", ""notes"": ""Maybe other finish kid.""}}",2024-04-07T16:41:07
1834,Forecast 1834,"{""forecast_id"": ""FCAST-1834"", ""series"": [{""x"": [""2025-01"", ""2025-02"", ""2025-03"", ""2025-04"", ""2025-05"", ""2025-06""], ""y"": [27883.17, 36105.14, 38080.46, 9121.57, 21579.51, 24547.71]}], ""meta"": {""created_by"": ""Matthew Garcia"", ""notes"": ""Policy court region them.""}}",2024-01-30T14:57:22
1835,Forecast 1835,"{""forecast_id"": ""FCAST-1835"", ""series"": [{""x"": [""2025-01"", ""2025-02"", ""2025-03"", ""2025-04"", ""2025-05"", ""2025-06""], ""y"": [46476.5, 11279.56, 42616.02, 22729.18, 35289.9, 19813.5]}], ""meta"": {""created_by"": ""James Johnson"", ""notes"": ""Beat TV cup indicate likely.""}}",2025-04-07T11:04:13
1836,Forecast 1836,"{""forecast_id"": ""FCAST-1836"", ""series"": [{""x"": [""2025-01"", ""2025-02"", ""2025-03"", ""2025-04"", ""2025-05"", ""2025-06""], ""y"": [9907.87, 29927.42, 33202.96, 32469.84, 34387.73, 19204.99]}], ""meta"": {""created_by"": ""Catherine Washington"", ""notes"": ""Democratic way suggest be practice.""}}",2024-02-07T20:05:17
1837,Forecast 1837,"{""forecast_id"": ""FCAST-1837"", ""series"": [{""x"": [""2025-01"", ""2025-02"", ""2025-03"", ""2025-04"", ""2025-05"", ""2025-06""], ""y"": [49104.57, 26951.92, 44782.6, 38453.46, 23968.21, 25531.98]}], ""meta"": {""created_by"": ""Allison Coleman"", ""notes"": ""Finally suddenly everybody poor difficult.""}}",2024-01-16T05:54:23
1838,Forecast 1838,"{""forecast_id"": ""FCAST-1838"", ""series"": [{""x"": [""2025-01"", ""2025-02"", ""2025-03"", ""2025-04"", ""2025-05"", ""2025-06""], ""y"": [15450.15, 8187.39, 19692.76, 18728.88, 17654.4, 16308.05]}], ""meta"": {""created_by"": ""Jose Marshall DVM"", ""notes"": ""Apply exactly center power behind science yourself performance.""}}",2025-01-09T23:15:16
1839,Forecast 1839,"{""forecast_id"": ""FCAST-1839"", ""series"": [{""x"": [""2025-01"", ""2025-02"", ""2025-03"", ""2025-04"", ""2025-05"", ""2025-06""], ""y"": [31520.02, 30092.27, 2146.78, 21600.02, 8485.36, 7542.36]}], ""meta"": {""created_by"": ""Justin Esparza"", ""notes"": ""Relationship type stage.""}}",2023-11-03T15:08:56
1840,Forecast 1840,"{""forecast_id"": ""FCAST-1840"", ""series"": [{""x"": [""2025-01"", ""2025-02"", ""2025-03"", ""2025-04"", ""2025-05"", ""2025-06""], ""y"": [36521.7, 11783.12, 24214.1, 23065.19, 25626.76, 29384.3]}], ""meta"": {""created_by"": ""Sabrina Combs"", ""notes"": ""Moment sound body.""}}",2024-04-01T00:12:05
1841,Forecast 1841,"{""forecast_id"": ""FCAST-1841"", ""series"": [{""x"": [""2025-01"", ""2025-02"", ""2025-03"", ""2025-04"", ""2025-05"", ""2025-06""], ""y"": [49054.11, 44311.27, 12171.95, 34286.17, 29087.23, 2759.67]}], ""meta"": {""created_by"": ""Jamie Williams"", ""notes"": ""Thousand six theory century against whose always old.""}}",2024-02-05T21:20:42
1842,Forecast 1842,"{""forecast_id"": ""FCAST-1842"", ""series"": [{""x"": [""2025-01"", ""2025-02"", ""2025-03"", ""2025-04"", ""2025-05"", ""2025-06""], ""y"": [40815.02, 38382.6, 21992.25, 41372.18, 43773.13, 36008.9]}], ""meta"": {""created_by"": ""Luke Wheeler"", ""notes"": ""Like heavy five improve manage my.""}}",2024-07-29T08:58:15
1843,Forecast 1843,"{""forecast_id"": ""FCAST-1843"", ""series"": [{""x"": [""2025-01"", ""2025-02"", ""2025-03"", ""2025-04"", ""2025-05"", ""2025-06""], ""y"": [31756.68, 22953.03, 33883.84, 28057.27, 40686.07, 49237.11]}], ""meta"": {""created_by"": ""Mindy Cook"", ""notes"": ""Hold they church back affect process heart.""}}",2024-05-02T08:45:09
1844,Forecast 1844,"{""forecast_id"": ""FCAST-1844"", ""series"": [{""x"": [""2025-01"", ""2025-02"", ""2025-03"", ""2025-04"", ""2025-05"", ""2025-06""], ""y"": [29465.32, 35460.08, 4459.46, 39762.02, 21615.24, 16384.05]}], ""meta"": {""created_by"": ""Tyler Campbell"", ""notes"": ""Ever four energy build arrive.""}}",2024-03-19T08:12:50
1845,Forecast 1845,"{""forecast_id"": ""FCAST-1845"", ""series"": [{""x"": [""2025-01"", ""2025-02"", ""2025-03"", ""2025-04"", ""2025-05"", ""2025-06""], ""y"": [10923.73, 26716.73, 49452.81, 44047.86, 27687.66, 31591.45]}], ""meta"": {""created_by"": ""Christina Norman"", ""notes"": ""Young Democrat gun purpose north.""}}",2024-10-02T17:17:08
1846,Forecast 1846,"{""forecast_id"": ""FCAST-1846"", ""series"": [{""x"": [""2025-01"", ""2025-02"", ""2025-03"", ""2025-04"", ""2025-05"", ""2025-06""], ""y"": [2949.79, 23169.22, 11296.42, 26195.23, 18284.38, 4175.3]}], ""meta"": {""created_by"": ""Cynthia Ortega"", ""notes"": ""Real analysis fire member bank growth.""}}",2025-10-16T22:20:41
1847,Forecast 1847,"{""forecast_id"": ""FCAST-1847"", ""series"": [{""x"": [""2025-01"", ""2025-02"", ""2025-03"", ""2025-04"", ""2025-05"", ""2025-06""], ""y"": [25211.51, 3845.83, 29470.51, 19110.1, 49390.74, 38343.17]}], ""meta"": {""created_by"": ""Elizabeth Bailey"", ""notes"": ""Knowledge bank arm family staff law Mr.""}}",2024-07-20T04:54:54
1848,Forecast 1848,"{""forecast_id"": ""FCAST-1848"", ""series"": [{""x"": [""2025-01"", ""2025-02"", ""2025-03"", ""2025-04"", ""2025-05"", ""2025-06""], ""y"": [31732.19, 9214.77, 41511.94, 11294.8, 13915.15, 26074.6]}], ""meta"": {""created_by"": ""Maria White"", ""notes"": ""Gun cultural nor myself now so.""}}",2025-03-23T02:44:06
1849,Forecast 1849,"{""forecast_id"": ""FCAST-1849"", ""series"": [{""x"": [""2025-01"", ""2025-02"", ""2025-03"", ""2025-04"", ""2025-05"", ""2025-06""], ""y"": [21140.22, 26731.06, 43200.98, 48014.76, 34577.14, 20531.09]}], ""meta"": {""created_by"": ""Janice Zimmerman"", ""notes"": ""Side buy forget.""}}",2023-12-28T09:39:11
1850,Forecast 1850,"{""forecast_id"": ""FCAST-1850"", ""series"": [{""x"": [""2025-01"", ""2025-02"", ""2025-03"", ""2025-04"", ""2025-05"", ""2025-06""], ""y"": [8395.95, 30090.21, 34381.68, 9839.93, 46847.05, 39531.21]}], ""meta"": {""created_by"": ""Alexandra Baxter"", ""notes"": ""Have establish floor full rule.""}}",2024-12-21T13:43:41
1851,Forecast 1851,"{""forecast_id"": ""FCAST-1851"", ""series"": [{""x"": [""2025-01"", ""2025-02"", ""2025-03"", ""2025-04"", ""2025-05"", ""2025-06""], ""y"": [30528.73, 31969.71, 17353.24, 5322.57, 44046.2, 27794.32]}], ""meta"": {""created_by"": ""Janice Boyer"", ""notes"": ""Meet option yeah number cover only project.""}}",2023-12-07T20:35:17
1852,Forecast 1852,"{""forecast_id"": ""FCAST-1852"", ""series"": [{""x"": [""2025-01"", ""2025-02"", ""2025-03"", ""2025-04"", ""2025-05"", ""2025-06""], ""y"": [8579.63, 28786.55, 39666.47, 26626.74, 19961.36, 33127.5]}], ""meta"": {""created_by"": ""Samantha Thomas"", ""notes"": ""Republican field country off floor always college Mrs.""}}",2025-01-24T21:17:36
1853,Forecast 1853,"{""forecast_id"": ""FCAST-1853"", ""series"": [{""x"": [""2025-01"", ""2025-02"", ""2025-03"", ""2025-04"", ""2025-05"", ""2025-06""], ""y"": [38358.48, 26026.43, 7556.94, 40612.65, 32793.94, 24934.26]}], ""meta"": {""created_by"": ""Brandon Barnes"", ""notes"": ""Human southern just those of.""}}",2024-07-31T21:52:16
1854,Forecast 1854,"{""forecast_id"": ""FCAST-1854"", ""series"": [{""x"": [""2025-01"", ""2025-02"", ""2025-03"", ""2025-04"", ""2025-05"", ""2025-06""], ""y"": [45855.01, 20013.17, 38260.83, 48320.48, 2795.75, 6802.66]}], ""meta"": {""created_by"": ""Kimberly Wright"", ""notes"": ""Affect pay across place threat sister others.""}}",2024-03-16T07:23:03
1855,Forecast 1855,"{""forecast_id"": ""FCAST-1855"", ""series"": [{""x"": [""2025-01"", ""2025-02"", ""2025-03"", ""2025-04"", ""2025-05"", ""2025-06""], ""y"": [23279.4, 7465.8, 24571.33, 8189.99, 28187.01, 19993.49]}], ""meta"": {""created_by"": ""Christopher Warren"", ""notes"": ""Television pressure operation though mission.""}}",2024-05-12T07:41:29
1856,Forecast 1856,"{""forecast_id"": ""FCAST-1856"", ""series"": [{""x"": [""2025-01"", ""2025-02"", ""2025-03"", ""2025-04"", ""2025-05"", ""2025-06""], ""y"": [30728.07, 12317.42, 14470.15, 35615.57, 33474.93, 42627.33]}], ""meta"": {""created_by"": ""Kevin Berry"", ""notes"": ""Collection above material check.""}}",2024-10-06T14:05:01
1857,Forecast 1857,"{""forecast_id"": ""FCAST-1857"", ""series"": [{""x"": [""2025-01"", ""2025-02"", ""2025-03"", ""2025-04"", ""2025-05"", ""2025-06""], ""y"": [33406.29, 30766.13, 23251.95, 3264.79, 35978.56, 3167.7]}], ""meta"": {""created_by"": ""Jonathon Chandler"", ""notes"": ""And relationship their civil financial court yet.""}}",2024-10-05T05:31:56
1858,Forecast 1858,"{""forecast_id"": ""FCAST-1858"", ""series"": [{""x"": [""2025-01"", ""2025-02"", ""2025-03"", ""2025-04"", ""2025-05"", ""2025-06""], ""y"": [25050.66, 23551.84, 31094.99, 43250.36, 39364.09, 43386.53]}], ""meta"": {""created_by"": ""Brenda Hill"", ""notes"": ""Also opportunity stay middle different.""}}",2024-02-08T10:47:11
1859,Forecast 1859,"{""forecast_id"": ""FCAST-1859"", ""series"": [{""x"": [""2025-01"", ""2025-02"", ""2025-03"", ""2025-04"", ""2025-05"", ""2025-06""], ""y"": [49830.64, 10359.44, 18361.35, 22858.46, 40217.93, 22670.7]}], ""meta"": {""created_by"": ""Michael Murray"", ""notes"": ""Military standard conference strong difficult very.""}}",2024-01-16T02:04:41
1860,Forecast 1860,"{""forecast_id"": ""FCAST-1860"", ""series"": [{""x"": [""2025-01"", ""2025-02"", ""2025-03"", ""2025-04"", ""2025-05"", ""2025-06""], ""y"": [37247.02, 38531.17, 42153.35, 33251.81, 44112.77, 5907.35]}], ""meta"": {""created_by"": ""David Ward"", ""notes"": ""Them baby no camera rate interest.""}}",2025-09-23T03:55:46
1861,Forecast 1861,"{""forecast_id"": ""FCAST-1861"", ""series"": [{""x"": [""2025-01"", ""2025-02"", ""2025-03"", ""2025-04"", ""2025-05"", ""2025-06""], ""y"": [17134.21, 31974.16, 34385.93, 38613.96, 22558.94, 45348.35]}], ""meta"": {""created_by"": ""Mr. Steven Fry Jr."", ""notes"": ""Arm could fine magazine wrong maintain.""}}",2024-12-16T01:06:44
1862,Forecast 1862,"{""forecast_id"": ""FCAST-1862"", ""series"": [{""x"": [""2025-01"", ""2025-02"", ""2025-03"", ""2025-04"", ""2025-05"", ""2025-06""], ""y"": [18516.34, 32541.67, 26715.08, 31275.5, 34099.59, 37218.38]}], ""meta"": {""created_by"": ""Kevin Scott"", ""notes"": ""Power out trade respond man our.""}}",2025-02-23T15:24:12
1863,Forecast 1863,"{""forecast_id"": ""FCAST-1863"", ""series"": [{""x"": [""2025-01"", ""2025-02"", ""2025-03"", ""2025-04"", ""2025-05"", ""2025-06""], ""y"": [26312.34, 35834.51, 14727.68, 3190.91, 19014.58, 25945.94]}], ""meta"": {""created_by"": ""Brianna Schmidt"", ""notes"": ""Coach increase style.""}}",2024-02-09T13:44:25
1864,Forecast 1864,"{""forecast_id"": ""FCAST-1864"", ""series"": [{""x"": [""2025-01"", ""2025-02"", ""2025-03"", ""2025-04"", ""2025-05"", ""2025-06""], ""y"": [11252.59, 48621.07, 16256.8, 16119.87, 24686.47, 3518.91]}], ""meta"": {""created_by"": ""Robert Sanders"", ""notes"": ""Water push strategy speak.""}}",2024-12-14T04:42:52
1865,Forecast 1865,"{""forecast_id"": ""FCAST-1865"", ""series"": [{""x"": [""2025-01"", ""2025-02"", ""2025-03"", ""2025-04"", ""2025-05"", ""2025-06""], ""y"": [46067.57, 6017.73, 8466.83, 12114.26, 32760.65, 16812.5]}], ""meta"": {""created_by"": ""Jonathan Park"", ""notes"": ""Us whether employee I.""}}",2024-11-29T14:13:19
1866,Forecast 1866,"{""forecast_id"": ""FCAST-1866"", ""series"": [{""x"": [""2025-01"", ""2025-02"", ""2025-03"", ""2025-04"", ""2025-05"", ""2025-06""], ""y"": [3411.76, 20629.22, 49533.53, 6577.71, 31761.48, 20283.65]}], ""meta"": {""created_by"": ""Nicholas Nelson"", ""notes"": ""Scene easy identify color owner as whole.""}}",2024-03-31T07:08:39
1867,Forecast 1867,"{""forecast_id"": ""FCAST-1867"", ""series"": [{""x"": [""2025-01"", ""2025-02"", ""2025-03"", ""2025-04"", ""2025-05"", ""2025-06""], ""y"": [46785.3, 27156.94, 4657.74, 2836.25, 32304.64, 44038.73]}], ""meta"": {""created_by"": ""Eric Lee"", ""notes"": ""Summer develop should stock learn final drive.""}}",2025-01-22T09:38:05
1868,Forecast 1868,"{""forecast_id"": ""FCAST-1868"", ""series"": [{""x"": [""2025-01"", ""2025-02"", ""2025-03"", ""2025-04"", ""2025-05"", ""2025-06""], ""y"": [23066.38, 22874.03, 3618.4, 44241.53, 12373.92, 48702.61]}], ""meta"": {""created_by"": ""John Burton"", ""notes"": ""Generation study result course Democrat.""}}",2024-10-06T10:55:52
1869,Forecast 1869,"{""forecast_id"": ""FCAST-1869"", ""series"": [{""x"": [""2025-01"", ""2025-02"", ""2025-03"", ""2025-04"", ""2025-05"", ""2025-06""], ""y"": [40410.53, 31750.59, 18500.86, 26106.53, 13906.82, 48840.01]}], ""meta"": {""created_by"": ""Nancy Ayers"", ""notes"": ""Also decade about above week bar always hotel.""}}",2023-12-29T08:02:03
1870,Forecast 1870,"{""forecast_id"": ""FCAST-1870"", ""series"": [{""x"": [""2025-01"", ""2025-02"", ""2025-03"", ""2025-04"", ""2025-05"", ""2025-06""], ""y"": [29150.74, 15378.78, 45833.99, 49494.11, 41150.74, 21739.66]}], ""meta"": {""created_by"": ""Joseph Solomon"", ""notes"": ""Four behind occur learn reveal item increase level.""}}",2023-12-08T23:32:02
1871,Forecast 1871,"{""forecast_id"": ""FCAST-1871"", ""series"": [{""x"": [""2025-01"", ""2025-02"", ""2025-03"", ""2025-04"", ""2025-05"", ""2025-06""], ""y"": [42955.01, 47735.16, 40905.77, 4253.29, 11678.53, 7600.92]}], ""meta"": {""created_by"": ""Angela Landry"", ""notes"": ""See well begin section.""}}",2024-12-09T01:36:41
1872,Forecast 1872,"{""forecast_id"": ""FCAST-1872"", ""series"": [{""x"": [""2025-01"", ""2025-02"", ""2025-03"", ""2025-04"", ""2025-05"", ""2025-06""], ""y"": [16645.6, 11712.86, 25431.85, 33433.35, 43561.6, 18398.29]}], ""meta"": {""created_by"": ""Elizabeth Harris"", ""notes"": ""Myself car country bit.""}}",2024-11-27T17:41:05
1873,Forecast 1873,"{""forecast_id"": ""FCAST-1873"", ""series"": [{""x"": [""2025-01"", ""2025-02"", ""2025-03"", ""2025-04"", ""2025-05"", ""2025-06""], ""y"": [47300.26, 18936.52, 35614.51, 8848.18, 45590.59, 33798.64]}], ""meta"": {""created_by"": ""Ethan James"", ""notes"": ""World whether example sister sister with by.""}}",2024-08-23T05:05:53
1874,Forecast 1874,"{""forecast_id"": ""FCAST-1874"", ""series"": [{""x"": [""2025-01"", ""2025-02"", ""2025-03"", ""2025-04"", ""2025-05"", ""2025-06""], ""y"": [33464.77, 12442.55, 25943.15, 48124.86, 38927.14, 11210.49]}], ""meta"": {""created_by"": ""John Steele"", ""notes"": ""Talk able yes sound.""}}",2024-10-14T21:13:34
1875,Forecast 1875,"{""forecast_id"": ""FCAST-1875"", ""series"": [{""x"": [""2025-01"", ""2025-02"", ""2025-03"", ""2025-04"", ""2025-05"", ""2025-06""], ""y"": [2849.55, 28681.81, 5347.68, 28401.32, 46166.57, 33432.55]}], ""meta"": {""created_by"": ""Christopher Mcdonald"", ""notes"": ""Send prepare stage change.""}}",2025-04-29T17:54:26
1876,Forecast 1876,"{""forecast_id"": ""FCAST-1876"", ""series"": [{""x"": [""2025-01"", ""2025-02"", ""2025-03"", ""2025-04"", ""2025-05"", ""2025-06""], ""y"": [32484.12, 49800.56, 12111.66, 9577.47, 5433.04, 42872.29]}], ""meta"": {""created_by"": ""Diane Cain"", ""notes"": ""Attention edge never central meeting air group.""}}",2024-04-06T10:08:35
1877,Forecast 1877,"{""forecast_id"": ""FCAST-1877"", ""series"": [{""x"": [""2025-01"", ""2025-02"", ""2025-03"", ""2025-04"", ""2025-05"", ""2025-06""], ""y"": [37083.01, 4379.66, 18001.01, 37204.44, 27339.66, 29570.82]}], ""meta"": {""created_by"": ""Joshua Richardson"", ""notes"": ""Your decision job rule mouth nothing.""}}",2024-08-23T12:06:21
1878,Forecast 1878,"{""forecast_id"": ""FCAST-1878"", ""series"": [{""x"": [""2025-01"", ""2025-02"", ""2025-03"", ""2025-04"", ""2025-05"", ""2025-06""], ""y"": [40057.75, 2174.33, 23861.62, 11157.89, 15290.21, 19830.73]}], ""meta"": {""created_by"": ""Taylor Hernandez"", ""notes"": ""Air TV buy claim fall value party join.""}}",2024-05-01T06:33:00
1879,Forecast 1879,"{""forecast_id"": ""FCAST-1879"", ""series"": [{""x"": [""2025-01"", ""2025-02"", ""2025-03"", ""2025-04"", ""2025-05"", ""2025-06""], ""y"": [24076.19, 13475.8, 9657.61, 6994.25, 37407.51, 29042.79]}], ""meta"": {""created_by"": ""Jennifer Smith"", ""notes"": ""Experience defense set probably.""}}",2024-12-26T12:12:12
1880,Forecast 1880,"{""forecast_id"": ""FCAST-1880"", ""series"": [{""x"": [""2025-01"", ""2025-02"", ""2025-03"", ""2025-04"", ""2025-05"", ""2025-06""], ""y"": [27693.7, 32864.79, 46157.33, 24865.75, 37295.46, 46244.08]}], ""meta"": {""created_by"": ""Joseph Howell"", ""notes"": ""Fund unit everything almost off growth rule.""}}",2025-07-06T13:37:45
1881,Forecast 1881,"{""forecast_id"": ""FCAST-1881"", ""series"": [{""x"": [""2025-01"", ""2025-02"", ""2025-03"", ""2025-04"", ""2025-05"", ""2025-06""], ""y"": [30878.21, 21810.04, 22655.72, 17496.84, 47466.92, 44980.43]}], ""meta"": {""created_by"": ""Jeremy Cook"", ""notes"": ""Grow woman enough soldier base American.""}}",2024-05-28T18:10:52
1882,Forecast 1882,"{""forecast_id"": ""FCAST-1882"", ""series"": [{""x"": [""2025-01"", ""2025-02"", ""2025-03"", ""2025-04"", ""2025-05"", ""2025-06""], ""y"": [4769.21, 33555.81, 20819.99, 28038.76, 32630.99, 47196.8]}], ""meta"": {""created_by"": ""Gwendolyn Glenn"", ""notes"": ""True certainly war far brother.""}}",2024-03-12T01:32:33
1883,Forecast 1883,"{""forecast_id"": ""FCAST-1883"", ""series"": [{""x"": [""2025-01"", ""2025-02"", ""2025-03"", ""2025-04"", ""2025-05"", ""2025-06""], ""y"": [44670.78, 5845.21, 39599.05, 15692.74, 14399.41, 24496.12]}], ""meta"": {""created_by"": ""Jacqueline Gomez"", ""notes"": ""Stock dinner else run pattern.""}}",2024-10-15T12:28:20
1884,Forecast 1884,"{""forecast_id"": ""FCAST-1884"", ""series"": [{""x"": [""2025-01"", ""2025-02"", ""2025-03"", ""2025-04"", ""2025-05"", ""2025-06""], ""y"": [35253.47, 3870.11, 29949.14, 41047.62, 10966.39, 24855.82]}], ""meta"": {""created_by"": ""Justin Webb"", ""notes"": ""Particular guess eye along happy now partner ground.""}}",2025-06-11T10:48:21
1885,Forecast 1885,"{""forecast_id"": ""FCAST-1885"", ""series"": [{""x"": [""2025-01"", ""2025-02"", ""2025-03"", ""2025-04"", ""2025-05"", ""2025-06""], ""y"": [23037.68, 2265.69, 49814.97, 29983.08, 36229.31, 7143.37]}], ""meta"": {""created_by"": ""Christopher Murphy"", ""notes"": ""President so fund.""}}",2024-02-29T13:38:17
1886,Forecast 1886,"{""forecast_id"": ""FCAST-1886"", ""series"": [{""x"": [""2025-01"", ""2025-02"", ""2025-03"", ""2025-04"", ""2025-05"", ""2025-06""], ""y"": [20848.34, 33557.46, 49849.11, 48583.58, 38761.88, 2404.92]}], ""meta"": {""created_by"": ""William Phillips"", ""notes"": ""Start week room center ability owner inside for.""}}",2025-08-15T17:54:04
1887,Forecast 1887,"{""forecast_id"": ""FCAST-1887"", ""series"": [{""x"": [""2025-01"", ""2025-02"", ""2025-03"", ""2025-04"", ""2025-05"", ""2025-06""], ""y"": [8426.57, 48125.42, 32086.33, 48492.98, 37705.96, 29181.76]}], ""meta"": {""created_by"": ""Yvonne Singh"", ""notes"": ""Travel clear thank debate player because.""}}",2024-08-14T03:07:47
1888,Forecast 1888,"{""forecast_id"": ""FCAST-1888"", ""series"": [{""x"": [""2025-01"", ""2025-02"", ""2025-03"", ""2025-04"", ""2025-05"", ""2025-06""], ""y"": [32644.67, 19839.07, 41139.33, 6712.18, 44643.89, 21365.19]}], ""meta"": {""created_by"": ""Kristie Morales"", ""notes"": ""Keep job attack send information huge.""}}",2025-03-29T00:41:41
1889,Forecast 1889,"{""forecast_id"": ""FCAST-1889"", ""series"": [{""x"": [""2025-01"", ""2025-02"", ""2025-03"", ""2025-04"", ""2025-05"", ""2025-06""], ""y"": [23168.57, 7032.6, 37566.49, 49507.44, 21279.28, 47674.78]}], ""meta"": {""created_by"": ""Dr. Casey Hicks DDS"", ""notes"": ""Government figure product situation.""}}",2024-03-29T06:29:47
1890,Forecast 1890,"{""forecast_id"": ""FCAST-1890"", ""series"": [{""x"": [""2025-01"", ""2025-02"", ""2025-03"", ""2025-04"", ""2025-05"", ""2025-06""], ""y"": [1073.29, 49871.71, 37583.67, 45848.26, 14616.36, 40754.08]}], ""meta"": {""created_by"": ""Walter Huff"", ""notes"": ""Claim official owner try.""}}",2024-10-22T08:46:16
1891,Forecast 1891,"{""forecast_id"": ""FCAST-1891"", ""series"": [{""x"": [""2025-01"", ""2025-02"", ""2025-03"", ""2025-04"", ""2025-05"", ""2025-06""], ""y"": [46164.25, 7586.94, 42602.45, 7272.29, 34322.42, 48963.57]}], ""meta"": {""created_by"": ""Sean Johnson"", ""notes"": ""Threat material population tend window.""}}",2025-05-20T07:43:07
1892,Forecast 1892,"{""forecast_id"": ""FCAST-1892"", ""series"": [{""x"": [""2025-01"", ""2025-02"", ""2025-03"", ""2025-04"", ""2025-05"", ""2025-06""], ""y"": [14164.58, 29830.77, 2941.27, 45082.57, 11229.08, 22448.19]}], ""meta"": {""created_by"": ""Kenneth Mccoy"", ""notes"": ""Tv organization nearly better various.""}}",2024-08-14T18:34:31
1893,Forecast 1893,"{""forecast_id"": ""FCAST-1893"", ""series"": [{""x"": [""2025-01"", ""2025-02"", ""2025-03"", ""2025-04"", ""2025-05"", ""2025-06""], ""y"": [21745.46, 11814.65, 21627.83, 18546.09, 37278.1, 5595.58]}], ""meta"": {""created_by"": ""Patrick Douglas"", ""notes"": ""Live mother early hit pressure name lot central.""}}",2024-06-10T15:50:34
1894,Forecast 1894,"{""forecast_id"": ""FCAST-1894"", ""series"": [{""x"": [""2025-01"", ""2025-02"", ""2025-03"", ""2025-04"", ""2025-05"", ""2025-06""], ""y"": [43347.97, 31099.14, 17042.49, 32147.57, 14527.83, 20776.66]}], ""meta"": {""created_by"": ""Jessica Robinson"", ""notes"": ""Finish plan our collection us stop throw.""}}",2024-01-12T15:33:48
1895,Forecast 1895,"{""forecast_id"": ""FCAST-1895"", ""series"": [{""x"": [""2025-01"", ""2025-02"", ""2025-03"", ""2025-04"", ""2025-05"", ""2025-06""], ""y"": [14443.04, 2318.19, 9046.02, 13020.35, 43058.99, 4070.69]}], ""meta"": {""created_by"": ""Bruce Willis"", ""notes"": ""Remain although already group.""}}",2025-04-17T06:25:46
1896,Forecast 1896,"{""forecast_id"": ""FCAST-1896"", ""series"": [{""x"": [""2025-01"", ""2025-02"", ""2025-03"", ""2025-04"", ""2025-05"", ""2025-06""], ""y"": [15898.23, 20377.19, 18664.33, 44202.42, 7865.51, 40641.19]}], ""meta"": {""created_by"": ""Mrs. Julia Golden PhD"", ""notes"": ""Worry yeah long memory ready great administration.""}}",2024-10-23T00:07:46
1897,Forecast 1897,"{""forecast_id"": ""FCAST-1897"", ""series"": [{""x"": [""2025-01"", ""2025-02"", ""2025-03"", ""2025-04"", ""2025-05"", ""2025-06""], ""y"": [40864.25, 6392.14, 19802.77, 24991.2, 7283.79, 11691.08]}], ""meta"": {""created_by"": ""Ebony West"", ""notes"": ""Sign kind possible course spend experience.""}}",2025-05-13T09:09:34
1898,Forecast 1898,"{""forecast_id"": ""FCAST-1898"", ""series"": [{""x"": [""2025-01"", ""2025-02"", ""2025-03"", ""2025-04"", ""2025-05"", ""2025-06""], ""y"": [28812.97, 39332.44, 18478.51, 45325.2, 19688.22, 31004.69]}], ""meta"": {""created_by"": ""Ronald Callahan"", ""notes"": ""Public shake try building huge.""}}",2025-09-17T14:02:46
1899,Forecast 1899,"{""forecast_id"": ""FCAST-1899"", ""series"": [{""x"": [""2025-01"", ""2025-02"", ""2025-03"", ""2025-04"", ""2025-05"", ""2025-06""], ""y"": [17407.9, 29549.74, 8739.59, 9952.68, 34580.15, 19405.83]}], ""meta"": {""created_by"": ""Scott Carr III"", ""notes"": ""Name develop occur partner benefit determine.""}}",2024-01-16T00:13:35
1900,Forecast 1900,"{""forecast_id"": ""FCAST-1900"", ""series"": [{""x"": [""2025-01"", ""2025-02"", ""2025-03"", ""2025-04"", ""2025-05"", ""2025-06""], ""y"": [44159.13, 40782.75, 15632.9, 3204.08, 11600.26, 43057.43]}], ""meta"": {""created_by"": ""Julie Gonzalez"", ""notes"": ""Across city join though contain scientist couple.""}}",2024-10-16T09:16:17
1901,Forecast 1901,"{""forecast_id"": ""FCAST-1901"", ""series"": [{""x"": [""2025-01"", ""2025-02"", ""2025-03"", ""2025-04"", ""2025-05"", ""2025-06""], ""y"": [39847.83, 40903.31, 16845.44, 48667.33, 37404.6, 17391.61]}], ""meta"": {""created_by"": ""Victor Gonzales"", ""notes"": ""Two treatment particular worker it power soon.""}}",2024-09-23T18:49:35
1902,Forecast 1902,"{""forecast_id"": ""FCAST-1902"", ""series"": [{""x"": [""2025-01"", ""2025-02"", ""2025-03"", ""2025-04"", ""2025-05"", ""2025-06""], ""y"": [4113.75, 36378.31, 11206.03, 46902.77, 48458.65, 39194.89]}], ""meta"": {""created_by"": ""Johnny Payne"", ""notes"": ""Wait main market.""}}",2024-02-11T05:58:14
1903,Forecast 1903,"{""forecast_id"": ""FCAST-1903"", ""series"": [{""x"": [""2025-01"", ""2025-02"", ""2025-03"", ""2025-04"", ""2025-05"", ""2025-06""], ""y"": [46342.62, 13535.08, 27917.0, 24574.45, 9847.83, 45619.64]}], ""meta"": {""created_by"": ""Erin Underwood"", ""notes"": ""Each people he series will which.""}}",2024-12-24T10:26:04
1904,Forecast 1904,"{""forecast_id"": ""FCAST-1904"", ""series"": [{""x"": [""2025-01"", ""2025-02"", ""2025-03"", ""2025-04"", ""2025-05"", ""2025-06""], ""y"": [12206.0, 1038.89, 23972.28, 12818.82, 12437.83, 13381.86]}], ""meta"": {""created_by"": ""Alexander Williams"", ""notes"": ""Road seat page here across.""}}",2024-09-06T09:50:08
1905,Forecast 1905,"{""forecast_id"": ""FCAST-1905"", ""series"": [{""x"": [""2025-01"", ""2025-02"", ""2025-03"", ""2025-04"", ""2025-05"", ""2025-06""], ""y"": [18698.66, 19520.56, 37207.92, 5100.91, 34645.25, 15328.12]}], ""meta"": {""created_by"": ""Stephen Anderson"", ""notes"": ""Chance seem if goal better.""}}",2024-12-31T10:03:38
1906,Forecast 1906,"{""forecast_id"": ""FCAST-1906"", ""series"": [{""x"": [""2025-01"", ""2025-02"", ""2025-03"", ""2025-04"", ""2025-05"", ""2025-06""], ""y"": [41643.47, 8292.03, 5546.95, 13775.0, 39301.72, 23441.43]}], ""meta"": {""created_by"": ""Rhonda Madden"", ""notes"": ""Role share interesting green.""}}",2025-05-11T07:43:36
1907,Forecast 1907,"{""forecast_id"": ""FCAST-1907"", ""series"": [{""x"": [""2025-01"", ""2025-02"", ""2025-03"", ""2025-04"", ""2025-05"", ""2025-06""], ""y"": [26335.87, 29892.63, 16523.94, 4112.86, 43867.58, 1395.78]}], ""meta"": {""created_by"": ""Kevin Johnson"", ""notes"": ""We ground wall gas black pick western single.""}}",2025-04-06T04:26:42
1908,Forecast 1908,"{""forecast_id"": ""FCAST-1908"", ""series"": [{""x"": [""2025-01"", ""2025-02"", ""2025-03"", ""2025-04"", ""2025-05"", ""2025-06""], ""y"": [1684.24, 16789.3, 12949.15, 25281.81, 22336.89, 5643.17]}], ""meta"": {""created_by"": ""Adrian Green"", ""notes"": ""Early lose first sure.""}}",2025-04-13T22:01:29
1909,Forecast 1909,"{""forecast_id"": ""FCAST-1909"", ""series"": [{""x"": [""2025-01"", ""2025-02"", ""2025-03"", ""2025-04"", ""2025-05"", ""2025-06""], ""y"": [10521.64, 35219.89, 40415.17, 25600.37, 3928.95, 36431.25]}], ""meta"": {""created_by"": ""Tiffany Rich"", ""notes"": ""Paper yeah cultural they.""}}",2025-02-27T01:41:09
1910,Forecast 1910,"{""forecast_id"": ""FCAST-1910"", ""series"": [{""x"": [""2025-01"", ""2025-02"", ""2025-03"", ""2025-04"", ""2025-05"", ""2025-06""], ""y"": [27259.76, 48286.43, 5202.93, 11100.39, 5131.08, 5512.86]}], ""meta"": {""created_by"": ""Casey Garcia"", ""notes"": ""Information finally unit.""}}",2024-10-01T18:51:16
1911,Forecast 1911,"{""forecast_id"": ""FCAST-1911"", ""series"": [{""x"": [""2025-01"", ""2025-02"", ""2025-03"", ""2025-04"", ""2025-05"", ""2025-06""], ""y"": [4181.22, 12213.16, 24587.67, 21215.09, 31934.06, 47319.14]}], ""meta"": {""created_by"": ""Benjamin Huffman"", ""notes"": ""Something or laugh must.""}}",2024-08-13T07:08:05
1912,Forecast 1912,"{""forecast_id"": ""FCAST-1912"", ""series"": [{""x"": [""2025-01"", ""2025-02"", ""2025-03"", ""2025-04"", ""2025-05"", ""2025-06""], ""y"": [1724.32, 40123.16, 4803.2, 23349.27, 3221.53, 33898.01]}], ""meta"": {""created_by"": ""Amber Leblanc"", ""notes"": ""Under yeah entire sell notice.""}}",2024-07-14T09:37:13
1913,Forecast 1913,"{""forecast_id"": ""FCAST-1913"", ""series"": [{""x"": [""2025-01"", ""2025-02"", ""2025-03"", ""2025-04"", ""2025-05"", ""2025-06""], ""y"": [31912.23, 16684.09, 15758.42, 17202.76, 23252.93, 3591.07]}], ""meta"": {""created_by"": ""Gerald Rose"", ""notes"": ""Food increase even note through any.""}}",2025-10-22T03:37:02
1914,Forecast 1914,"{""forecast_id"": ""FCAST-1914"", ""series"": [{""x"": [""2025-01"", ""2025-02"", ""2025-03"", ""2025-04"", ""2025-05"", ""2025-06""], ""y"": [32473.43, 32933.19, 1112.68, 43322.52, 41276.44, 33170.74]}], ""meta"": {""created_by"": ""Veronica Wilson"", ""notes"": ""Item laugh speech baby suffer lose.""}}",2025-06-26T14:30:03
1915,Forecast 1915,"{""forecast_id"": ""FCAST-1915"", ""series"": [{""x"": [""2025-01"", ""2025-02"", ""2025-03"", ""2025-04"", ""2025-05"", ""2025-06""], ""y"": [12975.16, 40623.14, 4533.0, 47161.22, 9781.09, 37409.25]}], ""meta"": {""created_by"": ""Melissa Bush"", ""notes"": ""Camera within American cold relationship generation.""}}",2024-04-10T21:59:55
1916,Forecast 1916,"{""forecast_id"": ""FCAST-1916"", ""series"": [{""x"": [""2025-01"", ""2025-02"", ""2025-03"", ""2025-04"", ""2025-05"", ""2025-06""], ""y"": [1599.63, 2628.78, 10049.62, 3657.26, 47987.94, 22155.12]}], ""meta"": {""created_by"": ""Brian Scott"", ""notes"": ""Compare four though popular others wind back.""}}",2024-09-22T12:26:00
1917,Forecast 1917,"{""forecast_id"": ""FCAST-1917"", ""series"": [{""x"": [""2025-01"", ""2025-02"", ""2025-03"", ""2025-04"", ""2025-05"", ""2025-06""], ""y"": [17426.79, 32704.56, 47176.66, 45587.73, 1924.48, 16995.61]}], ""meta"": {""created_by"": ""Mary Hughes"", ""notes"": ""That way trouble common hear side crime.""}}",2024-12-09T03:00:33
1918,Forecast 1918,"{""forecast_id"": ""FCAST-1918"", ""series"": [{""x"": [""2025-01"", ""2025-02"", ""2025-03"", ""2025-04"", ""2025-05"", ""2025-06""], ""y"": [41716.18, 9241.78, 37304.12, 5696.04, 39624.81, 2338.12]}], ""meta"": {""created_by"": ""Andrew Hughes"", ""notes"": ""While truth treat be view strategy.""}}",2024-07-29T04:41:08
1919,Forecast 1919,"{""forecast_id"": ""FCAST-1919"", ""series"": [{""x"": [""2025-01"", ""2025-02"", ""2025-03"", ""2025-04"", ""2025-05"", ""2025-06""], ""y"": [21034.03, 2796.74, 16436.82, 13548.63, 37188.23, 28753.1]}], ""meta"": {""created_by"": ""Daniel Smith"", ""notes"": ""Matter they couple shoulder marriage.""}}",2025-07-30T14:46:52
1920,Forecast 1920,"{""forecast_id"": ""FCAST-1920"", ""series"": [{""x"": [""2025-01"", ""2025-02"", ""2025-03"", ""2025-04"", ""2025-05"", ""2025-06""], ""y"": [1935.57, 49172.09, 20687.97, 44748.99, 11084.53, 37269.24]}], ""meta"": {""created_by"": ""Brian Christensen"", ""notes"": ""Else only point mouth worry never.""}}",2025-10-20T23:06:51
1921,Forecast 1921,"{""forecast_id"": ""FCAST-1921"", ""series"": [{""x"": [""2025-01"", ""2025-02"", ""2025-03"", ""2025-04"", ""2025-05"", ""2025-06""], ""y"": [7891.83, 7648.49, 7694.87, 2830.55, 49569.48, 12373.25]}], ""meta"": {""created_by"": ""Gary West"", ""notes"": ""Worker country figure money.""}}",2025-10-15T16:14:02
1922,Forecast 1922,"{""forecast_id"": ""FCAST-1922"", ""series"": [{""x"": [""2025-01"", ""2025-02"", ""2025-03"", ""2025-04"", ""2025-05"", ""2025-06""], ""y"": [48888.44, 7394.09, 33577.12, 3312.39, 19511.26, 33095.74]}], ""meta"": {""created_by"": ""Elizabeth Watson"", ""notes"": ""Short watch shake against painting artist commercial.""}}",2025-07-11T06:33:42
1923,Forecast 1923,"{""forecast_id"": ""FCAST-1923"", ""series"": [{""x"": [""2025-01"", ""2025-02"", ""2025-03"", ""2025-04"", ""2025-05"", ""2025-06""], ""y"": [5684.68, 33499.49, 31083.51, 3271.5, 4700.76, 38150.07]}], ""meta"": {""created_by"": ""Melissa Carter"", ""notes"": ""Mouth year require foreign.""}}",2024-09-06T08:04:13
1924,Forecast 1924,"{""forecast_id"": ""FCAST-1924"", ""series"": [{""x"": [""2025-01"", ""2025-02"", ""2025-03"", ""2025-04"", ""2025-05"", ""2025-06""], ""y"": [13545.27, 16030.62, 11957.73, 5950.41, 12163.42, 9541.16]}], ""meta"": {""created_by"": ""Gregory Yates"", ""notes"": ""Wall plant true around with.""}}",2025-09-23T19:03:13
1925,Forecast 1925,"{""forecast_id"": ""FCAST-1925"", ""series"": [{""x"": [""2025-01"", ""2025-02"", ""2025-03"", ""2025-04"", ""2025-05"", ""2025-06""], ""y"": [9895.24, 19562.79, 48670.02, 40033.75, 8757.87, 36913.93]}], ""meta"": {""created_by"": ""Nicole Johnson"", ""notes"": ""Specific father coach tend kitchen.""}}",2024-01-12T23:08:04
1926,Forecast 1926,"{""forecast_id"": ""FCAST-1926"", ""series"": [{""x"": [""2025-01"", ""2025-02"", ""2025-03"", ""2025-04"", ""2025-05"", ""2025-06""], ""y"": [13453.99, 41787.79, 21174.3, 14882.1, 7185.78, 15909.68]}], ""meta"": {""created_by"": ""Kelsey Riley DVM"", ""notes"": ""Nor kid oil officer.""}}",2024-01-16T12:33:10
1927,Forecast 1927,"{""forecast_id"": ""FCAST-1927"", ""series"": [{""x"": [""2025-01"", ""2025-02"", ""2025-03"", ""2025-04"", ""2025-05"", ""2025-06""], ""y"": [25529.27, 15621.65, 40403.7, 30861.18, 21981.64, 1243.85]}], ""meta"": {""created_by"": ""Amber Green"", ""notes"": ""Hope yourself fly last design.""}}",2024-03-05T15:16:21
1928,Forecast 1928,"{""forecast_id"": ""FCAST-1928"", ""series"": [{""x"": [""2025-01"", ""2025-02"", ""2025-03"", ""2025-04"", ""2025-05"", ""2025-06""], ""y"": [13921.74, 26087.94, 22040.54, 14113.51, 37525.73, 36754.44]}], ""meta"": {""created_by"": ""Megan Eaton"", ""notes"": ""Mean total task lead.""}}",2024-02-07T13:23:00
1929,Forecast 1929,"{""forecast_id"": ""FCAST-1929"", ""series"": [{""x"": [""2025-01"", ""2025-02"", ""2025-03"", ""2025-04"", ""2025-05"", ""2025-06""], ""y"": [29583.82, 18473.85, 22426.01, 23237.04, 33831.03, 31630.02]}], ""meta"": {""created_by"": ""Edward Berry"", ""notes"": ""Boy suggest treat answer fine entire perhaps.""}}",2024-04-18T06:42:52
1930,Forecast 1930,"{""forecast_id"": ""FCAST-1930"", ""series"": [{""x"": [""2025-01"", ""2025-02"", ""2025-03"", ""2025-04"", ""2025-05"", ""2025-06""], ""y"": [43481.51, 12882.65, 33431.68, 27957.18, 31629.24, 9690.0]}], ""meta"": {""created_by"": ""Austin Davis"", ""notes"": ""Minute seem election similar on away article.""}}",2025-03-01T23:03:55
1931,Forecast 1931,"{""forecast_id"": ""FCAST-1931"", ""series"": [{""x"": [""2025-01"", ""2025-02"", ""2025-03"", ""2025-04"", ""2025-05"", ""2025-06""], ""y"": [24122.99, 12370.61, 20833.53, 38945.45, 17395.81, 9700.62]}], ""meta"": {""created_by"": ""Taylor Paul"", ""notes"": ""Few common year program look.""}}",2024-01-30T07:04:13
1932,Forecast 1932,"{""forecast_id"": ""FCAST-1932"", ""series"": [{""x"": [""2025-01"", ""2025-02"", ""2025-03"", ""2025-04"", ""2025-05"", ""2025-06""], ""y"": [19798.77, 48030.99, 19175.39, 17293.27, 42506.07, 14108.04]}], ""meta"": {""created_by"": ""Cheyenne Boyle"", ""notes"": ""Minute entire claim response.""}}",2025-04-12T04:53:21
1933,Forecast 1933,"{""forecast_id"": ""FCAST-1933"", ""series"": [{""x"": [""2025-01"", ""2025-02"", ""2025-03"", ""2025-04"", ""2025-05"", ""2025-06""], ""y"": [38437.5, 20114.25, 8727.6, 39589.18, 43744.53, 26033.95]}], ""meta"": {""created_by"": ""Danielle Brown"", ""notes"": ""One ground person.""}}",2025-02-14T05:59:18
1934,Forecast 1934,"{""forecast_id"": ""FCAST-1934"", ""series"": [{""x"": [""2025-01"", ""2025-02"", ""2025-03"", ""2025-04"", ""2025-05"", ""2025-06""], ""y"": [31359.84, 21411.23, 15707.17, 14063.45, 39355.06, 19104.22]}], ""meta"": {""created_by"": ""Allison Powell"", ""notes"": ""Test like draw new.""}}",2024-04-13T11:07:39
1935,Forecast 1935,"{""forecast_id"": ""FCAST-1935"", ""series"": [{""x"": [""2025-01"", ""2025-02"", ""2025-03"", ""2025-04"", ""2025-05"", ""2025-06""], ""y"": [13211.47, 42600.8, 35200.49, 8803.44, 44029.69, 39095.28]}], ""meta"": {""created_by"": ""Natalie Phillips"", ""notes"": ""Vote enter half stuff ago claim.""}}",2025-05-26T06:03:45
1936,Forecast 1936,"{""forecast_id"": ""FCAST-1936"", ""series"": [{""x"": [""2025-01"", ""2025-02"", ""2025-03"", ""2025-04"", ""2025-05"", ""2025-06""], ""y"": [47499.64, 46266.39, 20296.53, 36264.28, 33679.24, 17565.13]}], ""meta"": {""created_by"": ""Andrea Navarro"", ""notes"": ""Believe will heavy.""}}",2023-12-24T10:05:11
1937,Forecast 1937,"{""forecast_id"": ""FCAST-1937"", ""series"": [{""x"": [""2025-01"", ""2025-02"", ""2025-03"", ""2025-04"", ""2025-05"", ""2025-06""], ""y"": [28498.46, 35238.36, 35285.78, 20978.38, 38332.58, 44154.11]}], ""meta"": {""created_by"": ""Isaac Dominguez"", ""notes"": ""Only assume from picture science expert.""}}",2023-11-04T21:35:52
1938,Forecast 1938,"{""forecast_id"": ""FCAST-1938"", ""series"": [{""x"": [""2025-01"", ""2025-02"", ""2025-03"", ""2025-04"", ""2025-05"", ""2025-06""], ""y"": [29252.75, 44523.1, 37648.95, 8550.7, 10924.85, 45628.38]}], ""meta"": {""created_by"": ""Robert Lopez"", ""notes"": ""Huge level now we art claim ever.""}}",2024-02-16T05:27:54
1939,Forecast 1939,"{""forecast_id"": ""FCAST-1939"", ""series"": [{""x"": [""2025-01"", ""2025-02"", ""2025-03"", ""2025-04"", ""2025-05"", ""2025-06""], ""y"": [37993.93, 20024.61, 46265.17, 8385.99, 6059.63, 24266.23]}], ""meta"": {""created_by"": ""David Jackson"", ""notes"": ""Director back people picture either coach natural.""}}",2025-05-31T05:13:57
1940,Forecast 1940,"{""forecast_id"": ""FCAST-1940"", ""series"": [{""x"": [""2025-01"", ""2025-02"", ""2025-03"", ""2025-04"", ""2025-05"", ""2025-06""], ""y"": [8676.06, 23425.66, 32598.2, 46766.58, 47594.2, 37502.39]}], ""meta"": {""created_by"": ""Michelle Thompson"", ""notes"": ""Help scientist surface yard.""}}",2024-06-28T04:24:43
1941,Forecast 1941,"{""forecast_id"": ""FCAST-1941"", ""series"": [{""x"": [""2025-01"", ""2025-02"", ""2025-03"", ""2025-04"", ""2025-05"", ""2025-06""], ""y"": [27805.56, 12005.67, 14301.22, 47069.12, 15044.34, 27877.91]}], ""meta"": {""created_by"": ""Steven Pacheco"", ""notes"": ""Table model budget style.""}}",2024-08-24T15:41:43
1942,Forecast 1942,"{""forecast_id"": ""FCAST-1942"", ""series"": [{""x"": [""2025-01"", ""2025-02"", ""2025-03"", ""2025-04"", ""2025-05"", ""2025-06""], ""y"": [25510.35, 22029.13, 33769.04, 2280.58, 39454.82, 20271.52]}], ""meta"": {""created_by"": ""Jill Phillips"", ""notes"": ""Stop tough summer page effect above hotel.""}}",2025-01-05T09:11:17
1943,Forecast 1943,"{""forecast_id"": ""FCAST-1943"", ""series"": [{""x"": [""2025-01"", ""2025-02"", ""2025-03"", ""2025-04"", ""2025-05"", ""2025-06""], ""y"": [27381.6, 15505.72, 24049.06, 32306.86, 31179.64, 37850.49]}], ""meta"": {""created_by"": ""Angel Burke"", ""notes"": ""Most stand history heart join present.""}}",2025-09-21T06:55:39
1944,Forecast 1944,"{""forecast_id"": ""FCAST-1944"", ""series"": [{""x"": [""2025-01"", ""2025-02"", ""2025-03"", ""2025-04"", ""2025-05"", ""2025-06""], ""y"": [38186.93, 39579.06, 4781.03, 5712.89, 43161.76, 34016.73]}], ""meta"": {""created_by"": ""James Edwards"", ""notes"": ""Wrong I she activity hand claim.""}}",2025-08-14T13:36:17
1945,Forecast 1945,"{""forecast_id"": ""FCAST-1945"", ""series"": [{""x"": [""2025-01"", ""2025-02"", ""2025-03"", ""2025-04"", ""2025-05"", ""2025-06""], ""y"": [25504.56, 5973.8, 44949.92, 26248.18, 10639.98, 23633.33]}], ""meta"": {""created_by"": ""Jonathan Gray"", ""notes"": ""Firm office wrong national himself.""}}",2024-08-31T18:18:57
1946,Forecast 1946,"{""forecast_id"": ""FCAST-1946"", ""series"": [{""x"": [""2025-01"", ""2025-02"", ""2025-03"", ""2025-04"", ""2025-05"", ""2025-06""], ""y"": [2432.12, 2132.95, 40513.75, 24225.21, 19597.44, 24104.99]}], ""meta"": {""created_by"": ""Mary Andrews"", ""notes"": ""Worry outside heavy before think agency.""}}",2024-01-13T22:27:27
1947,Forecast 1947,"{""forecast_id"": ""FCAST-1947"", ""series"": [{""x"": [""2025-01"", ""2025-02"", ""2025-03"", ""2025-04"", ""2025-05"", ""2025-06""], ""y"": [9136.26, 41674.78, 1199.28, 5675.52, 27278.97, 21757.0]}], ""meta"": {""created_by"": ""Calvin Smith"", ""notes"": ""Represent above candidate something free similar.""}}",2024-08-02T02:26:41
1948,Forecast 1948,"{""forecast_id"": ""FCAST-1948"", ""series"": [{""x"": [""2025-01"", ""2025-02"", ""2025-03"", ""2025-04"", ""2025-05"", ""2025-06""], ""y"": [24616.7, 28140.63, 35867.35, 28240.67, 7856.96, 36863.86]}], ""meta"": {""created_by"": ""Mckenzie Walker"", ""notes"": ""Financial town organization.""}}",2025-09-14T01:36:12
1949,Forecast 1949,"{""forecast_id"": ""FCAST-1949"", ""series"": [{""x"": [""2025-01"", ""2025-02"", ""2025-03"", ""2025-04"", ""2025-05"", ""2025-06""], ""y"": [29118.2, 6773.41, 48981.4, 48973.24, 20513.36, 10626.51]}], ""meta"": {""created_by"": ""Michael Caldwell"", ""notes"": ""Seat especially forget hospital.""}}",2024-02-14T12:32:40
1950,Forecast 1950,"{""forecast_id"": ""FCAST-1950"", ""series"": [{""x"": [""2025-01"", ""2025-02"", ""2025-03"", ""2025-04"", ""2025-05"", ""2025-06""], ""y"": [38642.47, 39366.86, 22659.06, 10013.23, 32479.77, 42078.1]}], ""meta"": {""created_by"": ""Anthony Carlson"", ""notes"": ""Fight similar home bar seem.""}}",2025-04-09T02:42:01
1951,Forecast 1951,"{""forecast_id"": ""FCAST-1951"", ""series"": [{""x"": [""2025-01"", ""2025-02"", ""2025-03"", ""2025-04"", ""2025-05"", ""2025-06""], ""y"": [37684.6, 49583.26, 32008.9, 20041.42, 35424.03, 17879.16]}], ""meta"": {""created_by"": ""Sandra Anderson"", ""notes"": ""Common image pretty whatever beat law full.""}}",2025-03-11T15:39:20
1952,Forecast 1952,"{""forecast_id"": ""FCAST-1952"", ""series"": [{""x"": [""2025-01"", ""2025-02"", ""2025-03"", ""2025-04"", ""2025-05"", ""2025-06""], ""y"": [20867.51, 45940.89, 10371.49, 6335.35, 7796.04, 46606.64]}], ""meta"": {""created_by"": ""Stephanie Delgado"", ""notes"": ""Turn movie stage.""}}",2023-11-13T05:38:16
1953,Forecast 1953,"{""forecast_id"": ""FCAST-1953"", ""series"": [{""x"": [""2025-01"", ""2025-02"", ""2025-03"", ""2025-04"", ""2025-05"", ""2025-06""], ""y"": [43168.15, 29842.93, 45064.64, 1556.06, 20375.17, 29060.21]}], ""meta"": {""created_by"": ""Amanda Cook"", ""notes"": ""Personal receive pay.""}}",2024-04-10T02:07:34
1954,Forecast 1954,"{""forecast_id"": ""FCAST-1954"", ""series"": [{""x"": [""2025-01"", ""2025-02"", ""2025-03"", ""2025-04"", ""2025-05"", ""2025-06""], ""y"": [25775.73, 33582.25, 49680.32, 6382.03, 32459.53, 35423.28]}], ""meta"": {""created_by"": ""Colton Lopez"", ""notes"": ""Threat law tree himself green another.""}}",2025-01-13T10:44:18
1955,Forecast 1955,"{""forecast_id"": ""FCAST-1955"", ""series"": [{""x"": [""2025-01"", ""2025-02"", ""2025-03"", ""2025-04"", ""2025-05"", ""2025-06""], ""y"": [19780.12, 15314.45, 23548.06, 31400.67, 23123.39, 33939.51]}], ""meta"": {""created_by"": ""Elizabeth Caldwell"", ""notes"": ""Site possible participant financial page pressure produce fine.""}}",2025-03-14T18:13:38
1956,Forecast 1956,"{""forecast_id"": ""FCAST-1956"", ""series"": [{""x"": [""2025-01"", ""2025-02"", ""2025-03"", ""2025-04"", ""2025-05"", ""2025-06""], ""y"": [21173.0, 44561.33, 11985.62, 17103.19, 30404.03, 2610.21]}], ""meta"": {""created_by"": ""Crystal Kline"", ""notes"": ""Anyone develop behavior power step.""}}",2024-03-17T02:32:17
1957,Forecast 1957,"{""forecast_id"": ""FCAST-1957"", ""series"": [{""x"": [""2025-01"", ""2025-02"", ""2025-03"", ""2025-04"", ""2025-05"", ""2025-06""], ""y"": [47840.7, 6264.37, 18145.31, 38894.51, 2349.45, 20666.25]}], ""meta"": {""created_by"": ""Tommy Garcia"", ""notes"": ""Test enjoy do policy shake candidate.""}}",2024-06-04T17:35:09
1958,Forecast 1958,"{""forecast_id"": ""FCAST-1958"", ""series"": [{""x"": [""2025-01"", ""2025-02"", ""2025-03"", ""2025-04"", ""2025-05"", ""2025-06""], ""y"": [36202.35, 28816.64, 14333.32, 29669.96, 38309.51, 4983.89]}], ""meta"": {""created_by"": ""Cassandra Orr"", ""notes"": ""Example through agree wish.""}}",2024-12-29T04:59:19
1959,Forecast 1959,"{""forecast_id"": ""FCAST-1959"", ""series"": [{""x"": [""2025-01"", ""2025-02"", ""2025-03"", ""2025-04"", ""2025-05"", ""2025-06""], ""y"": [12094.65, 14336.59, 14322.95, 24335.66, 33628.29, 41828.31]}], ""meta"": {""created_by"": ""Randy Shields"", ""notes"": ""Capital hold feel Democrat trouble particular truth financial.""}}",2025-07-20T03:06:41
1960,Forecast 1960,"{""forecast_id"": ""FCAST-1960"", ""series"": [{""x"": [""2025-01"", ""2025-02"", ""2025-03"", ""2025-04"", ""2025-05"", ""2025-06""], ""y"": [33182.78, 11050.81, 34596.91, 27140.48, 5919.15, 3233.93]}], ""meta"": {""created_by"": ""Robin Brock"", ""notes"": ""Media religious stop affect either those draw.""}}",2025-05-01T16:36:19
1961,Forecast 1961,"{""forecast_id"": ""FCAST-1961"", ""series"": [{""x"": [""2025-01"", ""2025-02"", ""2025-03"", ""2025-04"", ""2025-05"", ""2025-06""], ""y"": [28604.24, 40059.98, 13999.81, 36690.15, 47795.66, 43383.79]}], ""meta"": {""created_by"": ""Jose Lutz"", ""notes"": ""Often room key.""}}",2023-12-30T15:07:53
1962,Forecast 1962,"{""forecast_id"": ""FCAST-1962"", ""series"": [{""x"": [""2025-01"", ""2025-02"", ""2025-03"", ""2025-04"", ""2025-05"", ""2025-06""], ""y"": [25187.57, 11609.0, 4621.76, 13301.22, 27675.79, 6082.74]}], ""meta"": {""created_by"": ""Robert Wilson"", ""notes"": ""Magazine north final home particular.""}}",2023-11-29T17:25:28
1963,Forecast 1963,"{""forecast_id"": ""FCAST-1963"", ""series"": [{""x"": [""2025-01"", ""2025-02"", ""2025-03"", ""2025-04"", ""2025-05"", ""2025-06""], ""y"": [1510.67, 14863.36, 33068.19, 29925.43, 33227.03, 38811.29]}], ""meta"": {""created_by"": ""Benjamin Haley"", ""notes"": ""Better sing choice standard peace need.""}}",2025-01-28T04:19:48
1964,Forecast 1964,"{""forecast_id"": ""FCAST-1964"", ""series"": [{""x"": [""2025-01"", ""2025-02"", ""2025-03"", ""2025-04"", ""2025-05"", ""2025-06""], ""y"": [3330.47, 16265.98, 45048.97, 8915.93, 45680.72, 8375.58]}], ""meta"": {""created_by"": ""Tina Morales"", ""notes"": ""Ok soldier rather high appear.""}}",2024-06-22T01:11:11
1965,Forecast 1965,"{""forecast_id"": ""FCAST-1965"", ""series"": [{""x"": [""2025-01"", ""2025-02"", ""2025-03"", ""2025-04"", ""2025-05"", ""2025-06""], ""y"": [28529.24, 44203.31, 42807.57, 46365.65, 20805.72, 27670.27]}], ""meta"": {""created_by"": ""William Newman"", ""notes"": ""Occur public fall likely suffer chair.""}}",2024-12-29T18:32:18
1966,Forecast 1966,"{""forecast_id"": ""FCAST-1966"", ""series"": [{""x"": [""2025-01"", ""2025-02"", ""2025-03"", ""2025-04"", ""2025-05"", ""2025-06""], ""y"": [2616.04, 48276.0, 43932.38, 30508.87, 13075.94, 8074.59]}], ""meta"": {""created_by"": ""Henry Banks"", ""notes"": ""Anything environment whole.""}}",2025-03-23T16:03:54
1967,Forecast 1967,"{""forecast_id"": ""FCAST-1967"", ""series"": [{""x"": [""2025-01"", ""2025-02"", ""2025-03"", ""2025-04"", ""2025-05"", ""2025-06""], ""y"": [47783.88, 38715.71, 13633.03, 44870.62, 46792.21, 15815.81]}], ""meta"": {""created_by"": ""Jeffrey Fuller"", ""notes"": ""Movement officer level his admit.""}}",2024-12-10T11:30:32
1968,Forecast 1968,"{""forecast_id"": ""FCAST-1968"", ""series"": [{""x"": [""2025-01"", ""2025-02"", ""2025-03"", ""2025-04"", ""2025-05"", ""2025-06""], ""y"": [13795.52, 8640.88, 3935.77, 16643.32, 4659.67, 4007.79]}], ""meta"": {""created_by"": ""Melissa Brown"", ""notes"": ""Per great serve federal.""}}",2025-10-26T05:56:19
1969,Forecast 1969,"{""forecast_id"": ""FCAST-1969"", ""series"": [{""x"": [""2025-01"", ""2025-02"", ""2025-03"", ""2025-04"", ""2025-05"", ""2025-06""], ""y"": [24424.71, 49234.12, 5712.25, 42029.34, 46478.99, 5884.78]}], ""meta"": {""created_by"": ""Amanda Delgado"", ""notes"": ""Once challenge newspaper face join name.""}}",2024-02-26T18:00:44
1970,Forecast 1970,"{""forecast_id"": ""FCAST-1970"", ""series"": [{""x"": [""2025-01"", ""2025-02"", ""2025-03"", ""2025-04"", ""2025-05"", ""2025-06""], ""y"": [46118.25, 19725.72, 4912.04, 39573.02, 5845.22, 35392.61]}], ""meta"": {""created_by"": ""Maria Lewis"", ""notes"": ""Weight present sure win cost director expect.""}}",2024-04-22T14:50:53
1971,Forecast 1971,"{""forecast_id"": ""FCAST-1971"", ""series"": [{""x"": [""2025-01"", ""2025-02"", ""2025-03"", ""2025-04"", ""2025-05"", ""2025-06""], ""y"": [5234.11, 25280.11, 10960.63, 7626.35, 35565.84, 29565.37]}], ""meta"": {""created_by"": ""Kari Erickson"", ""notes"": ""He summer already yourself each account.""}}",2023-11-04T22:19:51
1972,Forecast 1972,"{""forecast_id"": ""FCAST-1972"", ""series"": [{""x"": [""2025-01"", ""2025-02"", ""2025-03"", ""2025-04"", ""2025-05"", ""2025-06""], ""y"": [16162.42, 42532.2, 1794.97, 7632.58, 45404.4, 33781.34]}], ""meta"": {""created_by"": ""Hannah Fox"", ""notes"": ""Moment day make body.""}}",2024-05-28T01:44:34
1973,Forecast 1973,"{""forecast_id"": ""FCAST-1973"", ""series"": [{""x"": [""2025-01"", ""2025-02"", ""2025-03"", ""2025-04"", ""2025-05"", ""2025-06""], ""y"": [1211.1, 48561.82, 26516.97, 40347.21, 5324.98, 5508.77]}], ""meta"": {""created_by"": ""Duane Jones"", ""notes"": ""Range mean all so.""}}",2025-09-06T08:15:52
1974,Forecast 1974,"{""forecast_id"": ""FCAST-1974"", ""series"": [{""x"": [""2025-01"", ""2025-02"", ""2025-03"", ""2025-04"", ""2025-05"", ""2025-06""], ""y"": [7493.48, 27147.27, 42703.14, 15654.62, 7699.15, 24744.36]}], ""meta"": {""created_by"": ""Miranda Fox"", ""notes"": ""Executive building PM talk.""}}",2024-02-07T01:04:55
1975,Forecast 1975,"{""forecast_id"": ""FCAST-1975"", ""series"": [{""x"": [""2025-01"", ""2025-02"", ""2025-03"", ""2025-04"", ""2025-05"", ""2025-06""], ""y"": [35162.82, 38857.75, 30771.03, 48517.89, 24345.41, 25993.74]}], ""meta"": {""created_by"": ""Timothy Dawson"", ""notes"": ""Effect security research agent successful.""}}",2024-10-04T17:57:05
1976,Forecast 1976,"{""forecast_id"": ""FCAST-1976"", ""series"": [{""x"": [""2025-01"", ""2025-02"", ""2025-03"", ""2025-04"", ""2025-05"", ""2025-06""], ""y"": [25052.12, 15433.64, 22006.46, 30654.62, 12703.26, 39642.28]}], ""meta"": {""created_by"": ""David Tate"", ""notes"": ""Chair show three successful year language phone.""}}",2024-11-05T04:47:50
1977,Forecast 1977,"{""forecast_id"": ""FCAST-1977"", ""series"": [{""x"": [""2025-01"", ""2025-02"", ""2025-03"", ""2025-04"", ""2025-05"", ""2025-06""], ""y"": [4904.86, 45980.56, 25466.53, 31118.64, 6448.74, 49307.8]}], ""meta"": {""created_by"": ""Sydney Vargas"", ""notes"": ""Vote offer across.""}}",2025-06-30T17:45:48
1978,Forecast 1978,"{""forecast_id"": ""FCAST-1978"", ""series"": [{""x"": [""2025-01"", ""2025-02"", ""2025-03"", ""2025-04"", ""2025-05"", ""2025-06""], ""y"": [6983.6, 29302.17, 15027.13, 13225.68, 8435.84, 18069.2]}], ""meta"": {""created_by"": ""Vincent Carroll"", ""notes"": ""Gas risk would hotel.""}}",2024-10-04T18:23:28
1979,Forecast 1979,"{""forecast_id"": ""FCAST-1979"", ""series"": [{""x"": [""2025-01"", ""2025-02"", ""2025-03"", ""2025-04"", ""2025-05"", ""2025-06""], ""y"": [43971.95, 4730.62, 12635.96, 46083.98, 11671.95, 3518.56]}], ""meta"": {""created_by"": ""Daniel Villarreal"", ""notes"": ""Own serious any.""}}",2023-11-17T16:16:55
1980,Forecast 1980,"{""forecast_id"": ""FCAST-1980"", ""series"": [{""x"": [""2025-01"", ""2025-02"", ""2025-03"", ""2025-04"", ""2025-05"", ""2025-06""], ""y"": [30243.79, 22233.78, 33432.59, 20038.27, 20919.48, 13410.27]}], ""meta"": {""created_by"": ""Jeremy Lawrence"", ""notes"": ""House will recognize stage.""}}",2024-11-11T09:28:04
1981,Forecast 1981,"{""forecast_id"": ""FCAST-1981"", ""series"": [{""x"": [""2025-01"", ""2025-02"", ""2025-03"", ""2025-04"", ""2025-05"", ""2025-06""], ""y"": [17875.31, 9193.81, 16835.57, 38125.34, 25345.56, 16282.51]}], ""meta"": {""created_by"": ""Joshua Schaefer"", ""notes"": ""Lead parent prove still try shoulder.""}}",2024-10-08T21:20:48
1982,Forecast 1982,"{""forecast_id"": ""FCAST-1982"", ""series"": [{""x"": [""2025-01"", ""2025-02"", ""2025-03"", ""2025-04"", ""2025-05"", ""2025-06""], ""y"": [4677.54, 7807.6, 18800.92, 24841.38, 40627.58, 46777.62]}], ""meta"": {""created_by"": ""Kara French"", ""notes"": ""Physical reduce hour season.""}}",2024-05-09T00:59:44
1983,Forecast 1983,"{""forecast_id"": ""FCAST-1983"", ""series"": [{""x"": [""2025-01"", ""2025-02"", ""2025-03"", ""2025-04"", ""2025-05"", ""2025-06""], ""y"": [23860.69, 27597.37, 35534.55, 14519.94, 26759.88, 45581.27]}], ""meta"": {""created_by"": ""Danielle Perez"", ""notes"": ""Baby music continue parent far.""}}",2024-06-18T15:28:36
1984,Forecast 1984,"{""forecast_id"": ""FCAST-1984"", ""series"": [{""x"": [""2025-01"", ""2025-02"", ""2025-03"", ""2025-04"", ""2025-05"", ""2025-06""], ""y"": [21870.02, 30620.94, 25827.49, 49116.77, 30296.33, 49076.92]}], ""meta"": {""created_by"": ""Maria Hughes"", ""notes"": ""Moment magazine behavior several approach against kind firm.""}}",2024-01-19T01:49:49
1985,Forecast 1985,"{""forecast_id"": ""FCAST-1985"", ""series"": [{""x"": [""2025-01"", ""2025-02"", ""2025-03"", ""2025-04"", ""2025-05"", ""2025-06""], ""y"": [2500.65, 6192.38, 49530.03, 35337.05, 17695.92, 23119.47]}], ""meta"": {""created_by"": ""Mary Daniels"", ""notes"": ""Design move have place eight store range.""}}",2025-03-20T09:25:06
1986,Forecast 1986,"{""forecast_id"": ""FCAST-1986"", ""series"": [{""x"": [""2025-01"", ""2025-02"", ""2025-03"", ""2025-04"", ""2025-05"", ""2025-06""], ""y"": [47014.92, 45933.71, 11202.15, 18839.02, 25738.42, 44439.12]}], ""meta"": {""created_by"": ""Virginia Holmes"", ""notes"": ""Bit no technology score now free.""}}",2025-09-25T23:47:43
1987,Forecast 1987,"{""forecast_id"": ""FCAST-1987"", ""series"": [{""x"": [""2025-01"", ""2025-02"", ""2025-03"", ""2025-04"", ""2025-05"", ""2025-06""], ""y"": [42735.15, 10027.34, 32269.43, 5234.68, 8647.05, 20806.16]}], ""meta"": {""created_by"": ""Holly Garcia"", ""notes"": ""A so food door.""}}",2025-01-03T19:48:51
1988,Forecast 1988,"{""forecast_id"": ""FCAST-1988"", ""series"": [{""x"": [""2025-01"", ""2025-02"", ""2025-03"", ""2025-04"", ""2025-05"", ""2025-06""], ""y"": [38260.66, 18719.64, 18980.96, 13690.54, 43824.27, 24344.14]}], ""meta"": {""created_by"": ""Jeremy Davis"", ""notes"": ""Drug store exactly part.""}}",2024-09-12T19:43:09
1989,Forecast 1989,"{""forecast_id"": ""FCAST-1989"", ""series"": [{""x"": [""2025-01"", ""2025-02"", ""2025-03"", ""2025-04"", ""2025-05"", ""2025-06""], ""y"": [33503.5, 5067.15, 43092.05, 33041.57, 14448.26, 42102.78]}], ""meta"": {""created_by"": ""Miss Tamara Smith"", ""notes"": ""Action mouth check ago.""}}",2024-07-23T14:30:18
1990,Forecast 1990,"{""forecast_id"": ""FCAST-1990"", ""series"": [{""x"": [""2025-01"", ""2025-02"", ""2025-03"", ""2025-04"", ""2025-05"", ""2025-06""], ""y"": [1249.59, 41102.18, 25952.96, 47830.32, 21627.99, 9821.6]}], ""meta"": {""created_by"": ""April Morgan"", ""notes"": ""Word herself late deal list far central huge.""}}",2025-05-10T11:46:28
1991,Forecast 1991,"{""forecast_id"": ""FCAST-1991"", ""series"": [{""x"": [""2025-01"", ""2025-02"", ""2025-03"", ""2025-04"", ""2025-05"", ""2025-06""], ""y"": [2985.74, 35321.25, 22808.91, 40593.31, 43970.49, 1168.09]}], ""meta"": {""created_by"": ""Patricia Miller"", ""notes"": ""Indeed beat mean discussion assume pretty pick.""}}",2024-06-17T10:31:08
1992,Forecast 1992,"{""forecast_id"": ""FCAST-1992"", ""series"": [{""x"": [""2025-01"", ""2025-02"", ""2025-03"", ""2025-04"", ""2025-05"", ""2025-06""], ""y"": [32270.4, 40823.81, 21049.73, 30375.75, 33943.47, 49425.5]}], ""meta"": {""created_by"": ""Heather Ortiz"", ""notes"": ""Result responsibility color here continue.""}}",2025-10-03T08:53:26
1993,Forecast 1993,"{""forecast_id"": ""FCAST-1993"", ""series"": [{""x"": [""2025-01"", ""2025-02"", ""2025-03"", ""2025-04"", ""2025-05"", ""2025-06""], ""y"": [40406.14, 5914.24, 7643.2, 7895.21, 24113.91, 9256.53]}], ""meta"": {""created_by"": ""Stacey Wiley"", ""notes"": ""Gun free those good ok speak.""}}",2025-02-04T10:46:57
1994,Forecast 1994,"{""forecast_id"": ""FCAST-1994"", ""series"": [{""x"": [""2025-01"", ""2025-02"", ""2025-03"", ""2025-04"", ""2025-05"", ""2025-06""], ""y"": [25573.61, 6454.71, 18207.54, 39844.44, 8905.55, 12239.06]}], ""meta"": {""created_by"": ""Jordan Martin"", ""notes"": ""Coach receive fast Mr back.""}}",2025-06-28T06:30:51
1995,Forecast 1995,"{""forecast_id"": ""FCAST-1995"", ""series"": [{""x"": [""2025-01"", ""2025-02"", ""2025-03"", ""2025-04"", ""2025-05"", ""2025-06""], ""y"": [28058.5, 9868.08, 28247.25, 14911.52, 27266.45, 24081.08]}], ""meta"": {""created_by"": ""Timothy Combs"", ""notes"": ""Soon although whose by foot only.""}}",2025-08-03T00:49:34
1996,Forecast 1996,"{""forecast_id"": ""FCAST-1996"", ""series"": [{""x"": [""2025-01"", ""2025-02"", ""2025-03"", ""2025-04"", ""2025-05"", ""2025-06""], ""y"": [43450.08, 26774.43, 18537.88, 30693.79, 30179.28, 2565.54]}], ""meta"": {""created_by"": ""Kristen Barber"", ""notes"": ""Somebody president single sure any reveal travel much.""}}",2025-02-26T04:01:27
1997,Forecast 1997,"{""forecast_id"": ""FCAST-1997"", ""series"": [{""x"": [""2025-01"", ""2025-02"", ""2025-03"", ""2025-04"", ""2025-05"", ""2025-06""], ""y"": [14373.06, 2911.67, 37814.16, 14130.85, 30661.64, 6675.28]}], ""meta"": {""created_by"": ""Erica Lopez"", ""notes"": ""Situation college find woman miss second.""}}",2025-04-26T18:13:26
1998,Forecast 1998,"{""forecast_id"": ""FCAST-1998"", ""series"": [{""x"": [""2025-01"", ""2025-02"", ""2025-03"", ""2025-04"", ""2025-05"", ""2025-06""], ""y"": [19278.26, 39306.01, 35522.02, 46864.61, 18004.43, 2455.36]}], ""meta"": {""created_by"": ""John Liu"", ""notes"": ""Buy effort wish.""}}",2025-03-15T20:01:02
1999,Forecast 1999,"{""forecast_id"": ""FCAST-1999"", ""series"": [{""x"": [""2025-01"", ""2025-02"", ""2025-03"", ""2025-04"", ""2025-05"", ""2025-06""], ""y"": [42796.7, 38940.86, 10517.76, 48391.92, 47240.28, 46454.63]}], ""meta"": {""created_by"": ""Gregory Williams"", ""notes"": ""Head television war management.""}}",2024-06-20T02:16:38
2000,Forecast 2000,"{""forecast_id"": ""FCAST-2000"", ""series"": [{""x"": [""2025-01"", ""2025-02"", ""2025-03"", ""2025-04"", ""2025-05"", ""2025-06""], ""y"": [9071.87, 32513.3, 30010.39, 46253.25, 1375.13, 46544.57]}], ""meta"": {""created_by"": ""Mary Smith"", ""notes"": ""Operation institution nice practice left.""}}",2024-04-19T19:40:13
