id,shipment_id,date,carrier,destination,status,created_at
1,SHP-1001,2024-12-07,DHL,"West Elizabethstad, French Southern Territories",Pending,2025-03-14T14:47:26
2,SHP-1002,2024-11-21,Maersk,"Harrellfurt, Tajikistan",Cancelled,2023-02-16T13:19:27
3,SHP-1003,2023-06-19,Local Carrier,"Summerschester, Spain",Pending,2025-03-26T10:16:07
4,SHP-1004,2024-07-28,DHL,"Scottstad, Hong Kong",Cancelled,2025-01-14T04:19:47
5,SHP-1005,2022-01-05,Local Carrier,"Watkinschester, Mauritius",Pending,2025-10-29T22:39:41
6,SHP-1006,2021-03-19,FedEx,"Port Josephbury, South Africa",Pending,2024-12-16T07:58:51
7,SHP-1007,2022-12-18,Local Carrier,"Harrisside, Bolivia",Delivered,2023-06-19T11:34:08
8,SHP-1008,2021-04-28,FedEx,"Lake Tanya, San Marino",In Transit,2025-08-15T16:23:22
9,SHP-1009,2021-05-08,Local Carrier,"North Jasmine, Norfolk Island",Delivered,2024-12-22T16:07:18
10,SHP-1010,2024-09-30,DHL,"Justinchester, El Salvador",Cancelled,2024-03-25T21:58:43
11,SHP-1011,2021-07-05,DHL,"South Dustin, Heard Island and McDonald Islands",Delivered,2024-03-12T11:35:35
12,SHP-1012,2023-06-04,Local Carrier,"Sheppardport, Uganda",In Transit,2021-03-07T03:27:49
13,SHP-1013,2023-03-08,DHL,"Walshtown, Tunisia",In Transit,2023-04-01T14:41:43
14,SHP-1014,2023-09-22,UPS,"Danielhaven, British Indian Ocean Territory (Chagos Archipelago)",Cancelled,2023-12-09T18:12:16
15,SHP-1015,2023-04-06,DHL,"Wilsonborough, Saint Pierre and Miquelon",Delivered,2024-04-22T02:06:20
16,SHP-1016,2024-07-26,Maersk,"Nealside, Burkina Faso",Cancelled,2024-03-10T14:50:15
17,SHP-1017,2025-05-30,FedEx,"Debrastad, Uganda",In Transit,2022-06-25T05:31:57
18,SHP-1018,2022-04-20,Local Carrier,"New Peter, Djibouti",Cancelled,2025-01-19T20:14:40
19,SHP-1019,2021-05-24,Local Carrier,"West John, Slovakia (Slovak Republic)",In Transit,2024-05-20T00:30:00
20,SHP-1020,2022-07-09,DHL,"Maureenfurt, Ethiopia",Pending,2022-06-23T13:49:12
21,SHP-1021,2021-08-24,Maersk,"Vincentfort, Armenia",Pending,2024-12-07T16:37:02
22,SHP-1022,2023-06-16,Local Carrier,"Maryborough, Saint Barthelemy",Cancelled,2023-09-21T23:51:07
23,SHP-1023,2025-05-26,Local Carrier,"North Markburgh, French Southern Territories",Delivered,2021-02-14T13:30:02
24,SHP-1024,2024-06-26,FedEx,"Port Cynthia, Benin",Delivered,2021-05-25T04:41:53
25,SHP-1025,2025-01-02,FedEx,"Lucasmouth, Somalia",Cancelled,2023-03-06T17:45:34
26,SHP-1026,2023-07-08,DHL,"West Jacobside, Mali",In Transit,2025-02-17T05:45:36
27,SHP-1027,2021-09-02,Local Carrier,"Samuelview, Falkland Islands (Malvinas)",In Transit,2022-10-14T18:41:07
28,SHP-1028,2021-06-07,UPS,"New Brandon, Bahamas",In Transit,2023-08-28T20:26:26
29,SHP-1029,2021-10-25,DHL,"West Joseph, Mali",Cancelled,2022-09-12T18:55:23
30,SHP-1030,2025-05-08,DHL,"Donaldview, United States of America",Pending,2024-11-07T17:24:26
31,SHP-1031,2021-12-04,DHL,"Edwardmouth, American Samoa",Cancelled,2021-07-27T02:55:04
32,SHP-1032,2021-06-12,FedEx,"Holderborough, Guatemala",Delivered,2023-03-23T20:14:08
33,SHP-1033,2025-06-12,FedEx,"Hickmanhaven, Japan",Delivered,2021-07-27T19:11:18
34,SHP-1034,2023-01-07,UPS,"New Paulshire, Niger",Delivered,2023-11-30T10:06:07
35,SHP-1035,2021-03-21,DHL,"Jonborough, Reunion",Cancelled,2023-03-25T05:36:31
36,SHP-1036,2023-06-14,UPS,"North Destinyborough, Grenada",Cancelled,2023-12-13T05:22:40
37,SHP-1037,2025-05-28,UPS,"Martinezstad, Christmas Island",Pending,2025-10-30T11:56:50
38,SHP-1038,2022-03-15,Maersk,"Lopezland, Sao Tome and Principe",Delivered,2024-01-12T18:07:00
39,SHP-1039,2023-01-25,Maersk,"Huntmouth, Nicaragua",Delivered,2024-07-08T13:44:10
40,SHP-1040,2022-07-20,FedEx,"South Shawnchester, Bulgaria",Cancelled,2024-11-26T19:56:33
41,SHP-1041,2021-02-19,UPS,"Port Greg, Qatar",In Transit,2021-02-14T13:17:11
42,SHP-1042,2024-01-10,Maersk,"Mooreside, Dominican Republic",Cancelled,2022-09-08T22:10:07
43,SHP-1043,2025-06-01,FedEx,"Port Marcoville, South Africa",Delivered,2022-02-10T02:40:38
44,SHP-1044,2022-11-14,Maersk,"Joshuaberg, Turkmenistan",Pending,2024-07-01T17:50:06
45,SHP-1045,2022-12-09,Maersk,"North Angelahaven, Ukraine",Delivered,2022-04-14T01:35:51
46,SHP-1046,2023-08-28,UPS,"Port Gloriaborough, Algeria",Pending,2024-11-02T00:47:02
47,SHP-1047,2023-07-16,UPS,"Lake Kennethmouth, Cook Islands",Pending,2021-08-04T03:48:12
48,SHP-1048,2021-09-03,UPS,"Lewisview, United Arab Emirates",In Transit,2024-10-13T06:21:56
49,SHP-1049,2021-09-30,FedEx,"Amandaberg, Romania",In Transit,2024-07-05T00:14:35
50,SHP-1050,2024-07-14,Maersk,"Lake Ashleyton, Antarctica (the territory South of 60 deg S)",Cancelled,2022-05-24T14:56:11
51,SHP-1051,2022-11-04,DHL,"Harrisside, Guam",Delivered,2024-10-18T01:45:56
52,SHP-1052,2025-05-22,UPS,"East Gabriellaton, Singapore",Delivered,2021-08-19T11:26:57
53,SHP-1053,2022-05-10,FedEx,"East Kylebury, New Caledonia",Cancelled,2025-06-26T15:49:19
54,SHP-1054,2025-03-05,Local Carrier,"Amandaborough, Kazakhstan",Delivered,2025-04-12T07:01:27
55,SHP-1055,2022-03-07,Maersk,"South Alexa, Yemen",Cancelled,2021-11-18T11:21:12
56,SHP-1056,2024-02-10,FedEx,"New Sarahchester, Burkina Faso",Cancelled,2021-07-21T20:55:02
57,SHP-1057,2021-08-11,Maersk,"West Crystalfort, Sao Tome and Principe",Delivered,2023-05-14T08:19:03
58,SHP-1058,2022-08-04,FedEx,"West Mollyhaven, Romania",Delivered,2025-02-04T19:33:36
59,SHP-1059,2021-05-22,Maersk,"Port Joshuaborough, Iran",In Transit,2023-08-14T17:55:27
60,SHP-1060,2021-10-10,DHL,"New Carlosfurt, Iceland",Pending,2024-11-02T20:44:14
61,SHP-1061,2021-09-17,FedEx,"Saratown, Egypt",Cancelled,2024-06-24T03:07:25
62,SHP-1062,2023-05-22,UPS,"Port Nicholasburgh, Finland",Cancelled,2024-08-02T11:31:16
63,SHP-1063,2020-12-13,UPS,"South Kristi, Rwanda",Pending,2024-05-29T05:56:59
64,SHP-1064,2025-03-24,Local Carrier,"North Jamesview, Vanuatu",Cancelled,2025-09-29T06:56:15
65,SHP-1065,2022-12-29,UPS,"Millsstad, Vanuatu",Cancelled,2024-05-03T08:07:06
66,SHP-1066,2024-10-25,Local Carrier,"North Joshuaberg, Central African Republic",Pending,2024-01-09T03:07:10
67,SHP-1067,2025-05-23,DHL,"South Deanna, Malta",Cancelled,2022-10-14T11:04:38
68,SHP-1068,2021-08-28,FedEx,"Jamesburgh, Barbados",Cancelled,2025-01-01T15:49:52
69,SHP-1069,2025-07-03,DHL,"North Mark, Guinea-Bissau",Delivered,2025-03-14T19:59:58
70,SHP-1070,2024-11-27,DHL,"Hansenland, Ecuador",Cancelled,2022-06-18T04:16:07
71,SHP-1071,2025-04-11,FedEx,"East Nicholas, Botswana",In Transit,2024-05-31T00:38:47
72,SHP-1072,2023-08-23,Local Carrier,"Robinsonberg, Comoros",Pending,2023-12-18T21:30:45
73,SHP-1073,2021-06-24,UPS,"West Robertview, Equatorial Guinea",Delivered,2025-01-20T01:27:17
74,SHP-1074,2023-03-01,Maersk,"Juarezfurt, Benin",Cancelled,2022-12-21T23:38:05
75,SHP-1075,2021-02-11,Local Carrier,"Lake Arthur, Tokelau",Cancelled,2023-07-28T10:39:30
76,SHP-1076,2024-07-30,DHL,"New Willie, Egypt",In Transit,2023-05-02T23:46:26
77,SHP-1077,2023-04-19,UPS,"South Sharon, Rwanda",Pending,2021-07-15T15:24:08
78,SHP-1078,2025-07-06,Maersk,"Scottchester, Latvia",Pending,2024-09-11T22:15:43
79,SHP-1079,2024-10-26,DHL,"Kennethfort, Canada",In Transit,2025-05-23T10:21:46
80,SHP-1080,2025-05-14,DHL,"Amyton, Eritrea",Pending,2024-12-23T03:05:41
81,SHP-1081,2023-05-10,UPS,"Wilsonberg, Georgia",In Transit,2025-06-22T20:36:04
82,SHP-1082,2022-06-13,UPS,"Rachelport, Turks and Caicos Islands",Cancelled,2023-10-11T14:10:02
83,SHP-1083,2022-03-19,FedEx,"North Brendaborough, Greece",In Transit,2024-12-13T11:10:32
84,SHP-1084,2025-03-10,UPS,"East Chaseton, Ireland",Delivered,2025-05-09T02:54:56
85,SHP-1085,2022-02-01,Local Carrier,"North Shane, Yemen",In Transit,2025-03-09T17:00:32
86,SHP-1086,2023-05-11,DHL,"Katherineberg, Bahrain",Cancelled,2023-12-23T04:08:21
87,SHP-1087,2022-07-02,Maersk,"Lorimouth, Cyprus",Cancelled,2023-01-06T00:41:07
88,SHP-1088,2023-10-12,DHL,"West Natalie, Montserrat",In Transit,2024-03-29T16:50:15
89,SHP-1089,2022-07-26,UPS,"West Markland, United States Minor Outlying Islands",Cancelled,2021-01-19T23:43:31
90,SHP-1090,2022-06-22,DHL,"Wheelerchester, China",Delivered,2023-04-12T02:58:12
91,SHP-1091,2024-05-08,Local Carrier,"Pughmouth, Sudan",In Transit,2025-11-02T12:28:42
92,SHP-1092,2021-03-23,DHL,"Rachelview, French Polynesia",Delivered,2023-10-24T19:22:24
93,SHP-1093,2024-07-18,Local Carrier,"New Jeffrey, Egypt",In Transit,2025-04-09T08:26:13
94,SHP-1094,2020-11-12,UPS,"Irwinshire, Ghana",Pending,2021-09-04T16:41:39
95,SHP-1095,2022-01-03,UPS,"Port Michael, Saint Pierre and Miquelon",Pending,2023-02-08T03:05:59
96,SHP-1096,2025-10-02,Local Carrier,"Mccormickton, Iceland",Pending,2022-11-18T11:34:26
97,SHP-1097,2023-06-09,UPS,"Novakborough, Netherlands",Delivered,2025-09-27T00:30:57
98,SHP-1098,2025-03-29,Local Carrier,"New Reginaberg, Slovenia",Delivered,2020-11-26T13:51:28
99,SHP-1099,2025-10-30,Local Carrier,"West Aprilshire, Bermuda",Pending,2024-11-30T10:06:58
100,SHP-1100,2022-08-15,FedEx,"Port Monicaborough, Iran",Cancelled,2023-08-15T03:03:52
101,SHP-1101,2021-04-16,Local Carrier,"West Albert, France",In Transit,2025-09-02T11:57:44
102,SHP-1102,2024-02-05,UPS,"New Michael, Macao",In Transit,2024-07-05T15:36:14
103,SHP-1103,2024-05-15,FedEx,"Michaeltown, United States Virgin Islands",Pending,2024-09-16T15:31:13
104,SHP-1104,2022-08-28,UPS,"Coopermouth, Jamaica",Pending,2021-01-17T11:23:23
105,SHP-1105,2022-09-19,UPS,"Port Jill, Equatorial Guinea",Pending,2023-09-11T20:13:05
106,SHP-1106,2024-03-11,Maersk,"Sheastad, Congo",Pending,2022-12-06T21:28:16
107,SHP-1107,2021-08-01,Local Carrier,"Lake Brendaberg, Nauru",Cancelled,2022-03-26T13:14:42
108,SHP-1108,2025-06-01,DHL,"Kimberlyberg, Armenia",In Transit,2025-08-08T13:22:37
109,SHP-1109,2021-09-15,FedEx,"North John, Thailand",In Transit,2023-11-08T19:51:01
110,SHP-1110,2022-08-21,DHL,"Murphyside, Martinique",In Transit,2025-09-10T21:12:08
111,SHP-1111,2020-11-12,Maersk,"Nathanberg, Bermuda",Cancelled,2020-12-02T00:40:11
112,SHP-1112,2021-11-13,FedEx,"Christophermouth, Nepal",Delivered,2021-01-23T00:43:08
113,SHP-1113,2025-02-01,Local Carrier,"Miguelstad, Saint Vincent and the Grenadines",Delivered,2020-12-16T05:39:51
114,SHP-1114,2024-10-22,FedEx,"Port Neilfort, Cuba",Cancelled,2025-01-06T22:14:11
115,SHP-1115,2021-05-29,Maersk,"East Charles, Timor-Leste",Cancelled,2020-11-27T05:54:50
116,SHP-1116,2022-10-20,UPS,"Sanchezchester, Northern Mariana Islands",Delivered,2021-10-31T02:10:55
117,SHP-1117,2021-02-05,DHL,"Lisabury, Senegal",Cancelled,2023-03-20T06:01:45
118,SHP-1118,2021-06-20,FedEx,"Haydenchester, Libyan Arab Jamahiriya",Cancelled,2023-08-28T07:43:13
119,SHP-1119,2023-11-17,Maersk,"South Jeremy, Croatia",Delivered,2022-01-29T16:18:29
120,SHP-1120,2022-09-23,Maersk,"Hardinside, Ghana",Pending,2024-06-29T13:59:46
121,SHP-1121,2024-06-22,DHL,"South Jenny, Lithuania",Pending,2021-02-13T00:31:47
122,SHP-1122,2023-12-01,Local Carrier,"New Derrickview, Spain",In Transit,2024-11-13T23:20:47
123,SHP-1123,2024-02-24,Maersk,"East Jason, Guatemala",Delivered,2021-01-06T00:27:55
124,SHP-1124,2024-05-09,UPS,"Edwardhaven, American Samoa",In Transit,2025-06-03T19:44:39
125,SHP-1125,2023-12-29,Maersk,"North Patrick, Slovakia (Slovak Republic)",In Transit,2024-08-13T14:55:27
126,SHP-1126,2022-05-22,Local Carrier,"Sherrybury, Ecuador",Pending,2022-11-04T17:09:02
127,SHP-1127,2025-07-27,DHL,"Port Lisahaven, Australia",In Transit,2025-05-02T12:41:50
128,SHP-1128,2022-11-05,DHL,"Rebekahfort, Saint Lucia",Delivered,2021-04-20T12:20:07
129,SHP-1129,2022-08-29,Local Carrier,"North Thomasside, United States of America",Pending,2023-11-02T00:58:51
130,SHP-1130,2021-12-23,DHL,"East Wayneview, Bhutan",Delivered,2024-11-19T12:48:20
131,SHP-1131,2022-08-13,UPS,"Peggyside, Burkina Faso",Pending,2020-11-22T22:04:16
132,SHP-1132,2022-02-21,Maersk,"Stephenstown, Niue",Pending,2025-08-16T21:09:54
133,SHP-1133,2024-07-22,FedEx,"East Emily, Serbia",Cancelled,2024-09-25T10:38:19
134,SHP-1134,2025-02-02,Local Carrier,"Richardsonmouth, Taiwan",In Transit,2025-01-01T22:21:27
135,SHP-1135,2022-01-21,DHL,"West Dakota, Norway",Cancelled,2023-09-11T00:43:04
136,SHP-1136,2024-02-12,FedEx,"Hartmanport, Iraq",Cancelled,2024-07-11T06:15:41
137,SHP-1137,2023-01-14,Maersk,"Smithfort, Tunisia",Pending,2021-01-03T21:23:58
138,SHP-1138,2024-02-11,Maersk,"North Joanna, Dominica",Pending,2024-02-23T23:46:44
139,SHP-1139,2021-01-29,DHL,"Lindseyland, Rwanda",Pending,2021-11-04T01:47:37
140,SHP-1140,2021-01-13,FedEx,"North Samantha, Kiribati",Pending,2023-06-21T07:44:16
141,SHP-1141,2025-04-06,UPS,"Christinafort, Svalbard & Jan Mayen Islands",Pending,2023-12-09T08:01:33
142,SHP-1142,2023-05-11,Maersk,"West Colinborough, Afghanistan",Cancelled,2022-09-28T12:54:38
143,SHP-1143,2022-11-29,Local Carrier,"Jillmouth, Bahrain",Pending,2021-07-09T11:06:51
144,SHP-1144,2023-05-12,UPS,"Kimberlymouth, Albania",Delivered,2022-11-15T23:16:44
145,SHP-1145,2022-07-03,DHL,"Dianaburgh, French Southern Territories",Cancelled,2023-03-26T13:41:49
146,SHP-1146,2025-04-11,UPS,"Philliptown, American Samoa",Cancelled,2021-06-06T07:15:12
147,SHP-1147,2023-04-30,FedEx,"New Kendramouth, Saint Lucia",Cancelled,2025-07-06T05:51:17
148,SHP-1148,2025-01-08,UPS,"West Scottshire, Taiwan",Delivered,2021-07-09T09:44:16
149,SHP-1149,2021-11-10,Maersk,"North Christy, Malta",In Transit,2022-12-18T03:23:18
150,SHP-1150,2021-04-15,DHL,"South Kari, Taiwan",In Transit,2021-12-16T12:20:54
151,SHP-1151,2022-01-26,Local Carrier,"Lake Joanna, Qatar",In Transit,2021-11-02T08:26:43
152,SHP-1152,2022-11-30,Local Carrier,"Scottburgh, South Georgia and the South Sandwich Islands",Delivered,2023-03-31T18:34:10
153,SHP-1153,2024-05-26,UPS,"Whitakermouth, Liechtenstein",Pending,2023-11-29T04:15:09
154,SHP-1154,2022-08-12,Local Carrier,"West Warrenton, Fiji",Pending,2021-11-18T10:12:52
155,SHP-1155,2023-03-26,UPS,"Bensonfort, Bahamas",Delivered,2021-09-19T09:26:01
156,SHP-1156,2020-11-17,FedEx,"Lake Davidton, Tonga",Pending,2022-11-20T16:08:01
157,SHP-1157,2023-11-17,DHL,"New Matthewfort, Mauritania",Cancelled,2024-10-31T17:23:16
158,SHP-1158,2023-12-02,FedEx,"West Jamesville, Gambia",Delivered,2025-08-09T04:12:38
159,SHP-1159,2025-03-17,FedEx,"Ronnieburgh, Liechtenstein",Cancelled,2024-05-22T08:43:01
160,SHP-1160,2021-05-11,UPS,"Port Vanessaberg, Argentina",Cancelled,2024-02-21T15:15:08
161,SHP-1161,2023-10-23,DHL,"New Jerry, Kenya",In Transit,2022-04-29T06:03:49
162,SHP-1162,2023-06-27,DHL,"West Sara, Pakistan",In Transit,2024-05-12T22:26:47
163,SHP-1163,2022-06-02,Local Carrier,"Ericside, Kuwait",In Transit,2023-06-21T09:17:23
164,SHP-1164,2024-11-04,Local Carrier,"Tannerstad, Iceland",In Transit,2024-07-13T00:32:00
165,SHP-1165,2025-05-13,FedEx,"West Robertland, Sierra Leone",Pending,2024-08-24T12:45:10
166,SHP-1166,2020-11-23,UPS,"Angelamouth, French Southern Territories",Cancelled,2022-08-29T13:25:02
167,SHP-1167,2023-12-14,Local Carrier,"North Jeanstad, Malta",In Transit,2024-12-01T14:48:10
168,SHP-1168,2021-10-15,FedEx,"Andersonmouth, Ukraine",In Transit,2022-03-12T20:56:51
169,SHP-1169,2020-11-19,UPS,"Ericstad, Mayotte",Pending,2023-03-12T20:42:31
170,SHP-1170,2023-12-07,Maersk,"North Stacey, French Polynesia",Pending,2025-10-27T23:00:25
171,SHP-1171,2024-11-27,DHL,"Snyderberg, Ukraine",Pending,2024-05-28T12:23:14
172,SHP-1172,2022-07-20,FedEx,"Port Tina, Tonga",Delivered,2021-07-19T09:53:14
173,SHP-1173,2025-09-12,UPS,"Smithbury, Greece",Pending,2023-02-15T10:10:02
174,SHP-1174,2021-07-16,FedEx,"Wileyberg, Lao People's Democratic Republic",Delivered,2022-06-08T14:38:35
175,SHP-1175,2021-10-13,FedEx,"West Katelynside, Angola",Cancelled,2022-10-04T04:58:29
176,SHP-1176,2023-01-16,FedEx,"North Andreastad, Saudi Arabia",Cancelled,2022-04-07T11:03:51
177,SHP-1177,2025-09-17,UPS,"Richardsport, Guadeloupe",Cancelled,2023-12-23T08:04:44
178,SHP-1178,2021-04-09,Local Carrier,"Steeleside, Uruguay",In Transit,2025-05-04T17:32:13
179,SHP-1179,2022-12-02,FedEx,"Connerborough, Algeria",In Transit,2025-08-07T02:00:59
180,SHP-1180,2023-07-14,FedEx,"North Yeseniafort, United States Minor Outlying Islands",Cancelled,2025-03-25T03:13:06
181,SHP-1181,2020-11-02,UPS,"Nancyville, Falkland Islands (Malvinas)",Cancelled,2023-09-15T18:07:11
182,SHP-1182,2023-06-05,UPS,"Michaelstad, Argentina",Cancelled,2021-08-02T05:49:19
183,SHP-1183,2024-10-05,Local Carrier,"East Nathanbury, Martinique",In Transit,2025-08-10T13:00:35
184,SHP-1184,2023-08-29,DHL,"Garciaburgh, Aruba",Pending,2022-09-10T10:42:43
185,SHP-1185,2024-09-02,Maersk,"Leemouth, Zimbabwe",Delivered,2021-02-15T15:32:59
186,SHP-1186,2022-11-30,DHL,"Lawsonchester, Cote d'Ivoire",Cancelled,2023-01-12T14:31:14
187,SHP-1187,2024-07-25,DHL,"South Diamond, Fiji",Pending,2022-05-14T19:39:37
188,SHP-1188,2025-10-27,DHL,"Alexanderchester, Sao Tome and Principe",In Transit,2025-05-31T11:22:11
189,SHP-1189,2021-01-04,Local Carrier,"Beanfurt, Nicaragua",In Transit,2025-04-05T16:31:09
190,SHP-1190,2025-07-15,DHL,"Port Brandytown, Mauritius",Cancelled,2025-06-18T16:27:10
191,SHP-1191,2023-06-10,DHL,"Danielstad, Croatia",In Transit,2024-08-18T02:33:31
192,SHP-1192,2023-02-04,UPS,"North Michellemouth, Indonesia",Cancelled,2023-11-28T01:29:07
193,SHP-1193,2025-08-09,UPS,"West Darren, Oman",Pending,2024-04-27T15:33:52
194,SHP-1194,2022-09-03,Local Carrier,"Emilyshire, Slovakia (Slovak Republic)",In Transit,2021-10-27T17:25:47
195,SHP-1195,2022-01-25,DHL,"New Angelafort, Isle of Man",Delivered,2023-03-02T12:44:11
196,SHP-1196,2021-07-25,DHL,"West Donna, Bouvet Island (Bouvetoya)",Cancelled,2023-10-15T23:30:34
197,SHP-1197,2021-08-08,UPS,"Sandrahaven, Bangladesh",Pending,2021-09-30T06:58:34
198,SHP-1198,2023-04-13,FedEx,"Port Kevin, Vietnam",Pending,2025-05-27T21:12:29
199,SHP-1199,2023-04-17,Local Carrier,"Zacharyside, Saudi Arabia",Delivered,2025-05-01T05:25:18
200,SHP-1200,2024-06-10,Maersk,"Harriston, Czech Republic",Pending,2024-09-01T19:54:00
201,SHP-1201,2022-04-22,FedEx,"North Amanda, Algeria",Delivered,2022-12-02T06:52:29
202,SHP-1202,2022-03-02,Local Carrier,"Port James, Peru",Cancelled,2025-01-05T16:52:38
203,SHP-1203,2021-05-31,UPS,"Dylanside, Kazakhstan",Cancelled,2024-08-17T02:03:45
204,SHP-1204,2023-04-22,Local Carrier,"South Jasonshire, Albania",In Transit,2022-01-28T23:28:27
205,SHP-1205,2024-10-05,DHL,"New Barbara, Grenada",Cancelled,2023-12-31T01:12:52
206,SHP-1206,2025-02-18,Maersk,"Josephland, Burkina Faso",In Transit,2021-06-14T07:56:21
207,SHP-1207,2021-03-24,FedEx,"South Dianachester, Malaysia",Pending,2025-02-02T12:51:41
208,SHP-1208,2024-02-23,FedEx,"Robinfort, Togo",Delivered,2022-11-09T18:36:26
209,SHP-1209,2025-08-20,UPS,"New Tonyaport, Svalbard & Jan Mayen Islands",In Transit,2023-07-25T11:29:49
210,SHP-1210,2024-07-15,FedEx,"Shannonmouth, Samoa",In Transit,2023-02-08T05:44:54
211,SHP-1211,2022-12-13,Maersk,"North William, Norway",In Transit,2024-06-15T13:44:43
212,SHP-1212,2021-01-14,Maersk,"Nancyborough, Cape Verde",Delivered,2023-06-25T02:04:20
213,SHP-1213,2023-08-26,FedEx,"Lake Randall, Equatorial Guinea",Cancelled,2025-05-10T04:03:54
214,SHP-1214,2020-11-06,Local Carrier,"Juanbury, Guinea",In Transit,2021-07-27T14:06:02
215,SHP-1215,2023-08-22,Maersk,"North Rachaelville, South Africa",Cancelled,2022-07-18T20:59:48
216,SHP-1216,2022-03-27,Local Carrier,"Chenberg, Mauritania",Cancelled,2022-05-18T19:19:07
217,SHP-1217,2023-11-17,DHL,"East Michaelfort, China",Delivered,2025-05-06T13:04:58
218,SHP-1218,2022-07-15,Maersk,"West Tyler, Sri Lanka",Cancelled,2023-02-12T03:25:34
219,SHP-1219,2022-05-24,UPS,"Amandaville, Guernsey",Delivered,2021-09-06T20:19:19
220,SHP-1220,2024-06-23,Maersk,"South Charlesside, Cyprus",Delivered,2025-08-25T12:31:53
221,SHP-1221,2024-11-03,Maersk,"West Gregoryside, Sierra Leone",Pending,2020-12-10T01:12:00
222,SHP-1222,2023-07-18,Local Carrier,"Gonzalezfurt, Cape Verde",In Transit,2024-06-01T11:16:38
223,SHP-1223,2023-08-07,Local Carrier,"Mariashire, Brunei Darussalam",Pending,2022-10-25T05:19:36
224,SHP-1224,2025-02-19,Local Carrier,"East Samuelton, French Guiana",Delivered,2025-04-23T12:29:08
225,SHP-1225,2023-05-03,DHL,"Nancyfort, Mayotte",In Transit,2025-09-08T05:32:25
226,SHP-1226,2023-11-19,DHL,"Edwardberg, Romania",Delivered,2023-10-24T14:37:51
227,SHP-1227,2024-02-02,Local Carrier,"Port Michelleside, Armenia",In Transit,2024-11-12T03:54:24
228,SHP-1228,2025-10-15,Maersk,"Taylorchester, Paraguay",In Transit,2025-03-05T03:06:40
229,SHP-1229,2025-08-27,Local Carrier,"Katherineport, Sri Lanka",In Transit,2025-01-04T07:53:22
230,SHP-1230,2023-04-12,FedEx,"Lopezshire, Argentina",Cancelled,2025-05-18T03:57:21
231,SHP-1231,2021-12-02,Maersk,"North Daniel, Kenya",In Transit,2021-04-30T17:59:18
232,SHP-1232,2022-03-18,Maersk,"Hayesmouth, Jordan",Cancelled,2021-10-23T01:36:08
233,SHP-1233,2021-05-09,Local Carrier,"South Mathew, Canada",Delivered,2021-02-11T17:10:55
234,SHP-1234,2023-04-08,FedEx,"East Amber, Venezuela",In Transit,2025-01-29T08:05:37
235,SHP-1235,2025-10-09,Local Carrier,"Lake Jenniferville, Tuvalu",In Transit,2024-12-05T03:24:33
236,SHP-1236,2024-10-03,Maersk,"New Nicoleport, Belize",Delivered,2022-11-27T10:37:17
237,SHP-1237,2025-09-03,UPS,"Richardhaven, Iraq",Pending,2024-10-01T01:31:41
238,SHP-1238,2023-10-20,Maersk,"South Isaiah, Angola",Delivered,2025-04-06T17:54:05
239,SHP-1239,2025-02-05,Local Carrier,"Johnsonstad, Senegal",Cancelled,2024-05-13T08:51:57
240,SHP-1240,2021-08-13,UPS,"Williamsmouth, Myanmar",Cancelled,2021-10-04T05:52:29
241,SHP-1241,2024-12-30,Local Carrier,"West Ebony, Slovenia",Delivered,2024-02-18T17:23:31
242,SHP-1242,2021-12-11,Maersk,"New Jennifer, Portugal",Cancelled,2025-10-20T09:18:00
243,SHP-1243,2023-05-17,UPS,"Port Gabrielle, Mexico",In Transit,2023-03-06T10:44:14
244,SHP-1244,2021-04-23,Local Carrier,"Danielfurt, Uruguay",Pending,2025-06-08T22:17:44
245,SHP-1245,2023-06-21,UPS,"West Erica, Luxembourg",Pending,2024-03-02T17:28:44
246,SHP-1246,2024-05-03,Local Carrier,"New Katelyn, Pakistan",Pending,2025-07-23T03:17:04
247,SHP-1247,2024-10-29,Local Carrier,"West Davidfurt, Cape Verde",Delivered,2024-06-04T09:46:49
248,SHP-1248,2024-01-28,Local Carrier,"Port Ryanchester, Finland",Cancelled,2022-07-12T11:49:58
249,SHP-1249,2021-02-09,Local Carrier,"Port Mauriceberg, Czech Republic",Pending,2022-09-09T19:38:07
250,SHP-1250,2022-07-20,UPS,"Jarvisstad, Egypt",In Transit,2024-10-02T19:02:01
251,SHP-1251,2024-12-14,Maersk,"West Nicolechester, Saint Martin",Delivered,2022-04-26T02:11:57
252,SHP-1252,2025-10-30,Maersk,"Port Toddborough, Albania",In Transit,2023-10-30T02:43:41
253,SHP-1253,2022-05-28,Local Carrier,"North Roy, Uruguay",Pending,2025-07-03T22:45:06
254,SHP-1254,2025-10-05,Local Carrier,"Rhondaberg, South Africa",Cancelled,2024-08-31T09:48:07
255,SHP-1255,2024-10-03,Maersk,"Paulmouth, Falkland Islands (Malvinas)",Pending,2024-06-02T08:02:03
256,SHP-1256,2024-03-24,DHL,"Albertport, Congo",In Transit,2021-12-16T13:03:40
257,SHP-1257,2022-08-22,FedEx,"Fitzpatrickburgh, Equatorial Guinea",Pending,2023-12-17T16:44:11
258,SHP-1258,2024-09-13,UPS,"Brandyshire, Burkina Faso",Delivered,2020-11-23T20:36:25
259,SHP-1259,2021-12-24,FedEx,"Rodriguezview, Philippines",In Transit,2025-05-03T03:37:53
260,SHP-1260,2021-09-04,FedEx,"Charleston, Djibouti",Cancelled,2024-07-20T17:59:58
261,SHP-1261,2023-11-04,FedEx,"Debbieberg, United Arab Emirates",Cancelled,2021-07-23T10:03:38
262,SHP-1262,2024-12-26,Maersk,"Tristanton, Aruba",Delivered,2023-03-25T00:04:22
263,SHP-1263,2024-05-22,DHL,"West Danielle, Dominica",Delivered,2022-06-02T11:16:33
264,SHP-1264,2025-10-15,FedEx,"Gordonfort, Saint Kitts and Nevis",Cancelled,2025-09-12T15:20:23
265,SHP-1265,2022-06-06,UPS,"East Stevenshire, Myanmar",Pending,2025-04-07T00:50:42
266,SHP-1266,2022-12-10,FedEx,"South Dan, Jamaica",Pending,2024-10-04T06:58:14
267,SHP-1267,2022-09-20,Local Carrier,"Castroside, Jordan",Delivered,2021-09-15T03:37:44
268,SHP-1268,2023-09-24,FedEx,"North Kimberlyville, Martinique",In Transit,2021-12-15T17:09:29
269,SHP-1269,2023-07-05,Maersk,"Millerhaven, Brunei Darussalam",In Transit,2023-11-16T06:06:42
270,SHP-1270,2023-08-13,Local Carrier,"Calebville, Rwanda",Pending,2024-03-18T18:44:50
271,SHP-1271,2021-05-05,DHL,"Fordmouth, Bolivia",Cancelled,2024-08-10T13:14:48
272,SHP-1272,2023-12-19,FedEx,"Nathanfurt, Nicaragua",Pending,2025-01-13T06:23:39
273,SHP-1273,2024-08-08,DHL,"Johnsonbury, Mexico",Cancelled,2022-03-23T18:35:35
274,SHP-1274,2021-04-24,Maersk,"North Jody, Bhutan",Pending,2025-07-18T05:24:10
275,SHP-1275,2022-01-17,FedEx,"Johnview, Guatemala",Delivered,2025-08-01T14:52:04
276,SHP-1276,2025-09-07,UPS,"Nicolefort, Paraguay",Cancelled,2024-12-01T06:51:38
277,SHP-1277,2025-05-29,Local Carrier,"South Adrian, Cocos (Keeling) Islands",Cancelled,2023-10-01T11:02:05
278,SHP-1278,2024-01-11,UPS,"North Dawnfurt, Peru",In Transit,2022-03-09T13:13:01
279,SHP-1279,2020-11-03,FedEx,"North Josephfurt, Hungary",Pending,2022-08-16T07:12:53
280,SHP-1280,2024-10-02,Maersk,"Port Emilystad, American Samoa",Delivered,2023-09-12T15:40:14
281,SHP-1281,2023-06-09,Local Carrier,"South Sarahfurt, Turkmenistan",In Transit,2025-02-09T16:00:49
282,SHP-1282,2023-05-13,DHL,"North Jefferyfort, Monaco",Pending,2025-05-23T16:10:50
283,SHP-1283,2021-02-23,FedEx,"West Bruceton, Finland",Cancelled,2025-02-02T03:45:16
284,SHP-1284,2024-04-11,Local Carrier,"Annburgh, Antarctica (the territory South of 60 deg S)",Delivered,2022-03-17T18:16:58
285,SHP-1285,2024-08-24,FedEx,"Dustinmouth, Lithuania",Delivered,2025-04-25T10:30:17
286,SHP-1286,2021-02-25,Local Carrier,"North Ashleyhaven, Myanmar",Cancelled,2024-03-17T16:44:54
287,SHP-1287,2023-07-31,FedEx,"Chandlerberg, Belarus",Delivered,2021-12-04T17:34:29
288,SHP-1288,2021-02-01,UPS,"Danafort, Uruguay",Delivered,2022-06-27T16:37:45
289,SHP-1289,2024-08-04,FedEx,"New Benjaminshire, Italy",Pending,2021-11-22T16:27:06
290,SHP-1290,2025-05-25,Local Carrier,"New Danielleshire, Cyprus",Delivered,2024-08-13T09:19:22
291,SHP-1291,2020-12-10,Maersk,"Robertbury, Malaysia",Delivered,2024-10-10T21:11:42
292,SHP-1292,2022-10-20,Local Carrier,"Greenport, Mauritius",Delivered,2021-07-05T00:14:39
293,SHP-1293,2024-08-27,FedEx,"South Tracymouth, Grenada",Cancelled,2022-09-05T09:05:52
294,SHP-1294,2025-04-26,FedEx,"West Gwendolyn, Niger",Delivered,2025-06-30T13:44:44
295,SHP-1295,2022-09-10,UPS,"Lake Anthonychester, French Southern Territories",Delivered,2020-11-07T19:40:17
296,SHP-1296,2021-04-30,DHL,"New Travis, Brunei Darussalam",In Transit,2024-08-13T13:21:17
297,SHP-1297,2024-09-15,FedEx,"North Jessicaburgh, Mozambique",Delivered,2024-10-26T23:05:36
298,SHP-1298,2024-01-28,Local Carrier,"South Juliaport, Thailand",In Transit,2024-06-24T09:42:47
299,SHP-1299,2022-11-10,DHL,"Michaelborough, Mali",Pending,2023-01-03T02:07:47
300,SHP-1300,2022-06-03,FedEx,"Taylorshire, Jamaica",Delivered,2023-11-17T06:05:55
301,SHP-1301,2022-03-14,UPS,"Leblancmouth, Turkey",In Transit,2025-05-15T20:14:44
302,SHP-1302,2021-10-14,FedEx,"East Amy, Turkey",Cancelled,2025-01-25T08:43:20
303,SHP-1303,2023-12-11,DHL,"Perryburgh, South Georgia and the South Sandwich Islands",Pending,2021-10-04T14:23:44
304,SHP-1304,2023-01-07,FedEx,"Sloanton, Fiji",Delivered,2023-09-07T21:50:45
305,SHP-1305,2021-03-03,FedEx,"Santiagofurt, Jamaica",Delivered,2022-08-30T22:23:17
306,SHP-1306,2024-06-08,DHL,"Reedville, Moldova",Delivered,2024-07-17T22:56:28
307,SHP-1307,2022-09-01,Maersk,"New Thomasbury, Oman",Pending,2020-12-20T13:47:03
308,SHP-1308,2021-11-13,UPS,"New Ricardo, Dominica",Cancelled,2024-12-26T10:17:17
309,SHP-1309,2023-02-01,DHL,"Jamesfort, Italy",Delivered,2024-06-30T09:35:40
310,SHP-1310,2022-02-20,UPS,"Lawsonhaven, Netherlands Antilles",Cancelled,2024-07-05T08:59:31
311,SHP-1311,2024-08-30,Maersk,"East Christine, Germany",In Transit,2021-01-07T20:01:37
312,SHP-1312,2023-03-02,UPS,"Angelaside, Saint Barthelemy",Cancelled,2024-02-02T21:43:01
313,SHP-1313,2024-02-07,FedEx,"West Jo, Christmas Island",Cancelled,2021-05-18T02:23:57
314,SHP-1314,2022-06-28,DHL,"Brandonstad, Estonia",Pending,2023-05-14T16:07:31
315,SHP-1315,2023-10-20,DHL,"Michaelland, Georgia",Cancelled,2021-02-05T01:49:38
316,SHP-1316,2025-04-15,Local Carrier,"Port Ryan, Mauritania",Cancelled,2023-03-29T15:33:35
317,SHP-1317,2022-06-23,Maersk,"Martinezside, Moldova",In Transit,2021-11-20T10:24:59
318,SHP-1318,2021-06-29,Local Carrier,"Barryshire, Egypt",Pending,2023-08-04T19:30:24
319,SHP-1319,2021-01-29,UPS,"West Vicki, Benin",Pending,2023-01-12T18:14:32
320,SHP-1320,2024-10-09,UPS,"Robinsonport, Belgium",Pending,2025-10-08T21:09:46
321,SHP-1321,2021-03-07,FedEx,"South Elizabeth, Cayman Islands",In Transit,2025-05-24T09:34:12
322,SHP-1322,2021-02-19,UPS,"Joseberg, South Africa",Cancelled,2020-11-23T10:11:42
323,SHP-1323,2024-07-01,Maersk,"West Erin, Brunei Darussalam",Delivered,2021-10-17T07:58:54
324,SHP-1324,2023-02-13,Local Carrier,"North Vickiton, Niue",Delivered,2023-01-16T23:20:11
325,SHP-1325,2022-11-08,Local Carrier,"East Amy, Lithuania",Pending,2023-10-01T08:31:55
326,SHP-1326,2022-08-28,DHL,"New Jenniferfurt, Malta",Pending,2025-10-19T05:53:54
327,SHP-1327,2023-08-30,FedEx,"Jonesstad, French Southern Territories",Delivered,2025-07-27T16:33:08
328,SHP-1328,2021-06-22,Local Carrier,"West Robert, Cayman Islands",Delivered,2025-07-11T21:26:11
329,SHP-1329,2020-11-04,Maersk,"Lake Carlview, Canada",Cancelled,2023-09-01T05:01:26
330,SHP-1330,2021-10-30,Maersk,"Jamieberg, Ethiopia",Pending,2023-03-14T15:05:53
331,SHP-1331,2022-03-29,Maersk,"Samuelberg, Haiti",Delivered,2024-03-31T16:07:10
332,SHP-1332,2021-12-22,UPS,"Hansonside, Liechtenstein",Delivered,2020-11-09T12:27:42
333,SHP-1333,2021-08-05,Maersk,"New Kyleport, Malawi",Delivered,2022-03-22T17:31:37
334,SHP-1334,2021-03-10,Maersk,"Port Cynthia, South Africa",In Transit,2020-11-26T21:30:43
335,SHP-1335,2023-03-31,FedEx,"West Elizabeth, Reunion",Cancelled,2021-07-18T11:50:54
336,SHP-1336,2022-07-06,Maersk,"Selenastad, Congo",Cancelled,2024-03-21T20:28:40
337,SHP-1337,2024-10-17,Maersk,"Amandaberg, Sierra Leone",Delivered,2022-08-26T12:11:54
338,SHP-1338,2024-10-25,FedEx,"Port Matthew, Tunisia",In Transit,2024-01-23T00:49:49
339,SHP-1339,2021-10-25,UPS,"Brendanland, Kuwait",In Transit,2025-05-17T01:35:34
340,SHP-1340,2022-04-16,FedEx,"Michelleburgh, Jamaica",Delivered,2023-08-08T12:56:39
341,SHP-1341,2021-08-15,DHL,"West Jacqueline, Norfolk Island",Pending,2021-04-06T06:09:43
342,SHP-1342,2023-03-23,Maersk,"Higginsport, Argentina",Cancelled,2025-04-08T22:53:56
343,SHP-1343,2022-08-25,UPS,"New Elizabethland, Pitcairn Islands",Pending,2021-07-08T12:20:58
344,SHP-1344,2022-07-15,DHL,"West Jennifer, Tuvalu",In Transit,2021-11-23T15:40:26
345,SHP-1345,2021-09-23,FedEx,"Ashleyburgh, Philippines",Pending,2021-11-04T09:14:51
346,SHP-1346,2024-08-06,DHL,"Matthewport, Bulgaria",Cancelled,2021-01-15T09:10:59
347,SHP-1347,2023-09-23,Local Carrier,"Lake Heidichester, Serbia",Cancelled,2025-06-14T18:03:46
348,SHP-1348,2023-05-01,Maersk,"South Franklinchester, Cuba",Cancelled,2023-10-31T22:08:39
349,SHP-1349,2024-01-15,DHL,"Lake Williamchester, Bermuda",Cancelled,2021-11-10T09:43:14
350,SHP-1350,2025-05-07,Local Carrier,"South Chelseaberg, Spain",Delivered,2021-10-04T02:12:17
351,SHP-1351,2020-11-10,UPS,"West Mariachester, French Southern Territories",Cancelled,2023-03-16T19:41:51
352,SHP-1352,2021-03-10,Local Carrier,"North Renee, New Zealand",Cancelled,2023-03-10T21:05:51
353,SHP-1353,2024-01-12,DHL,"Lyonsfurt, Nigeria",Pending,2025-04-12T15:28:15
354,SHP-1354,2024-03-05,Maersk,"North Janiceton, Ethiopia",Cancelled,2020-11-10T07:31:10
355,SHP-1355,2025-02-03,FedEx,"West Chrismouth, Guyana",Delivered,2023-03-21T22:24:15
356,SHP-1356,2023-01-17,Maersk,"East Jacob, Northern Mariana Islands",Pending,2021-08-27T05:05:36
357,SHP-1357,2023-01-07,Maersk,"East Justin, Suriname",In Transit,2020-12-21T04:57:20
358,SHP-1358,2024-11-25,DHL,"West David, Micronesia",Delivered,2023-03-14T23:07:12
359,SHP-1359,2021-05-22,Maersk,"Katherinestad, Congo",Pending,2021-01-11T10:01:22
360,SHP-1360,2024-11-28,FedEx,"North Maria, Cyprus",Pending,2021-09-11T04:32:20
361,SHP-1361,2024-01-08,FedEx,"Vargasland, Suriname",Cancelled,2020-11-21T06:44:02
362,SHP-1362,2022-08-06,Local Carrier,"Jonesside, China",Delivered,2023-02-17T22:18:47
363,SHP-1363,2022-09-17,FedEx,"Hamiltonport, Norway",In Transit,2021-11-08T07:13:42
364,SHP-1364,2022-06-17,UPS,"Port Jessicachester, Bahrain",Pending,2021-08-29T07:59:01
365,SHP-1365,2024-09-06,Maersk,"Port Joe, Bermuda",Cancelled,2023-03-02T01:22:31
366,SHP-1366,2024-02-10,FedEx,"Port Teresaville, Somalia",Cancelled,2024-01-06T08:23:20
367,SHP-1367,2025-01-24,UPS,"Ashleyview, Brazil",Delivered,2024-10-17T07:35:44
368,SHP-1368,2024-06-06,Maersk,"Port Lisachester, Haiti",Cancelled,2023-03-28T06:56:02
369,SHP-1369,2020-11-13,FedEx,"Alexanderland, Guam",Pending,2023-06-30T07:09:11
370,SHP-1370,2023-01-04,Maersk,"East Melanie, Congo",Pending,2025-10-04T14:40:38
371,SHP-1371,2022-04-10,Maersk,"East Erin, Senegal",Pending,2021-08-10T01:09:16
372,SHP-1372,2024-07-26,DHL,"Kathrynfort, Guernsey",Delivered,2022-05-11T14:43:26
373,SHP-1373,2023-03-29,Maersk,"South Brandonside, Cameroon",Pending,2024-09-21T09:29:33
374,SHP-1374,2024-07-05,UPS,"Port Valeriestad, Senegal",Pending,2023-02-04T08:43:17
375,SHP-1375,2020-12-05,Local Carrier,"South Michaelmouth, Nauru",Pending,2021-10-10T05:43:11
376,SHP-1376,2022-03-22,Local Carrier,"West Andrew, Pitcairn Islands",Pending,2023-06-11T17:02:33
377,SHP-1377,2023-02-26,FedEx,"Johnsonview, French Southern Territories",In Transit,2022-01-02T02:56:19
378,SHP-1378,2025-10-06,Local Carrier,"Huffmanstad, Marshall Islands",In Transit,2021-05-08T12:38:41
379,SHP-1379,2025-06-19,Maersk,"Troyhaven, Christmas Island",Cancelled,2024-05-22T03:31:23
380,SHP-1380,2025-02-25,FedEx,"Andersonburgh, Montenegro",In Transit,2023-11-05T19:35:45
381,SHP-1381,2025-06-04,DHL,"East Danielbury, New Zealand",Delivered,2023-09-24T04:29:03
382,SHP-1382,2025-08-22,DHL,"North Kennethhaven, Sri Lanka",In Transit,2024-09-01T05:30:41
383,SHP-1383,2024-01-31,FedEx,"Drewborough, French Polynesia",Cancelled,2024-08-24T20:17:05
384,SHP-1384,2023-11-23,FedEx,"Jenniferfort, Norway",Cancelled,2022-05-04T20:57:34
385,SHP-1385,2022-10-18,Local Carrier,"Port Joelville, Reunion",Delivered,2025-05-28T12:27:13
386,SHP-1386,2021-02-06,FedEx,"South Russell, Turkey",Pending,2025-03-07T20:58:45
387,SHP-1387,2024-08-12,Local Carrier,"New Micheleport, India",Cancelled,2024-05-07T07:35:28
388,SHP-1388,2023-02-19,FedEx,"Estradafort, Svalbard & Jan Mayen Islands",Delivered,2021-11-07T04:47:37
389,SHP-1389,2022-07-20,FedEx,"Port Sherryland, Belize",Delivered,2023-05-11T09:02:13
390,SHP-1390,2025-03-28,UPS,"Port Johnville, New Zealand",Cancelled,2022-04-28T21:06:34
391,SHP-1391,2024-01-13,UPS,"East Timothyberg, San Marino",Delivered,2025-01-02T03:39:54
392,SHP-1392,2023-12-26,Maersk,"Barkerhaven, Cyprus",In Transit,2025-10-12T09:05:44
393,SHP-1393,2021-08-19,Local Carrier,"Mathisbury, Central African Republic",Cancelled,2024-12-06T10:27:00
394,SHP-1394,2024-12-27,DHL,"Andersonburgh, Guinea-Bissau",In Transit,2023-03-24T20:31:47
395,SHP-1395,2024-10-06,Maersk,"Port Kimberlyville, Qatar",In Transit,2021-03-18T08:13:13
396,SHP-1396,2024-05-21,DHL,"Matthewborough, Slovenia",In Transit,2020-12-19T05:46:04
397,SHP-1397,2023-05-13,UPS,"Kellerfort, Algeria",Cancelled,2024-07-23T15:06:37
398,SHP-1398,2024-07-18,Local Carrier,"Kaufmanmouth, Maldives",In Transit,2022-11-22T03:59:31
399,SHP-1399,2022-11-05,Local Carrier,"North John, Kazakhstan",Delivered,2023-12-05T14:21:32
400,SHP-1400,2022-09-10,FedEx,"Michaelberg, Greece",Cancelled,2023-09-08T03:28:03
401,SHP-1401,2024-08-08,UPS,"Marytown, Nepal",Pending,2022-12-12T20:25:35
402,SHP-1402,2024-03-22,Local Carrier,"South Heidi, Philippines",Delivered,2023-02-25T14:02:07
403,SHP-1403,2020-11-30,Local Carrier,"East Michaelland, Wallis and Futuna",Pending,2023-05-29T12:48:11
404,SHP-1404,2022-10-29,Maersk,"New John, Bahrain",Pending,2021-08-06T18:16:28
405,SHP-1405,2021-03-14,UPS,"West Juliefort, British Virgin Islands",In Transit,2021-02-08T23:34:49
406,SHP-1406,2022-08-05,Local Carrier,"North Adamton, British Virgin Islands",Cancelled,2025-02-19T08:26:02
407,SHP-1407,2021-04-18,DHL,"Jamesberg, Greenland",In Transit,2021-02-24T20:07:00
408,SHP-1408,2025-05-05,Maersk,"West Melissaville, Bulgaria",Delivered,2021-02-10T19:30:12
409,SHP-1409,2025-05-09,Local Carrier,"New Anthonyfort, Kazakhstan",In Transit,2024-03-15T02:54:46
410,SHP-1410,2021-04-08,Local Carrier,"New Michael, Heard Island and McDonald Islands",Pending,2023-12-26T03:55:37
411,SHP-1411,2023-11-11,UPS,"New Christopherhaven, Iceland",In Transit,2022-01-02T02:36:13
412,SHP-1412,2022-04-22,DHL,"East Brittany, Venezuela",Pending,2023-05-06T18:03:42
413,SHP-1413,2024-06-17,UPS,"Sullivanhaven, Lao People's Democratic Republic",Cancelled,2023-05-28T16:29:36
414,SHP-1414,2025-10-22,FedEx,"Mataland, Guinea",Pending,2022-12-27T19:50:31
415,SHP-1415,2021-01-30,Local Carrier,"Trevorborough, Lesotho",Cancelled,2023-05-31T13:42:23
416,SHP-1416,2025-07-07,Maersk,"Jaredland, Christmas Island",Pending,2020-12-16T02:30:59
417,SHP-1417,2025-03-21,UPS,"Lake Jamesview, Malaysia",Cancelled,2022-10-14T02:53:34
418,SHP-1418,2022-12-03,FedEx,"New Gabriella, New Caledonia",Delivered,2022-06-08T21:14:55
419,SHP-1419,2021-07-04,Maersk,"Tylerland, Dominica",Cancelled,2024-08-07T03:15:29
420,SHP-1420,2023-04-17,Maersk,"North Isabellabury, Gambia",In Transit,2022-03-23T17:05:24
421,SHP-1421,2022-03-26,UPS,"New Jillian, Maldives",Delivered,2024-05-12T00:06:32
422,SHP-1422,2020-11-18,Maersk,"Port Davidland, Uzbekistan",In Transit,2024-04-27T02:12:10
423,SHP-1423,2021-03-27,UPS,"East Alexanderhaven, Seychelles",Cancelled,2024-11-02T08:15:25
424,SHP-1424,2023-03-22,Local Carrier,"Lake Laura, Brazil",Pending,2025-03-19T17:12:13
425,SHP-1425,2022-10-05,DHL,"Hornfurt, Kyrgyz Republic",Delivered,2021-12-04T22:44:09
426,SHP-1426,2023-12-09,Local Carrier,"Pamelaside, Belgium",Pending,2023-06-01T22:14:38
427,SHP-1427,2025-08-05,Local Carrier,"North Benjaminburgh, Namibia",Cancelled,2025-06-13T19:21:37
428,SHP-1428,2021-09-16,DHL,"Kelseyhaven, Argentina",Delivered,2022-05-05T15:35:44
429,SHP-1429,2025-10-31,Local Carrier,"West Davidport, Guyana",Pending,2024-01-16T16:34:14
430,SHP-1430,2022-03-07,FedEx,"New Ginamouth, Iceland",Pending,2022-01-15T03:39:32
431,SHP-1431,2023-04-09,UPS,"Lake Kent, Angola",In Transit,2023-03-16T06:57:59
432,SHP-1432,2023-10-10,Maersk,"West Theresa, Tuvalu",Cancelled,2024-05-14T15:39:32
433,SHP-1433,2021-09-29,Maersk,"Port Ericfort, United States of America",Pending,2025-02-18T12:04:11
434,SHP-1434,2025-09-05,Maersk,"Phillipstad, Denmark",Delivered,2025-07-12T05:00:15
435,SHP-1435,2023-08-11,Maersk,"New Jessicaberg, Maldives",In Transit,2021-04-20T17:42:02
436,SHP-1436,2025-08-02,Local Carrier,"Port Ryantown, Costa Rica",Delivered,2023-06-11T17:38:23
437,SHP-1437,2024-07-29,UPS,"Nataliechester, Finland",In Transit,2022-06-04T02:51:53
438,SHP-1438,2025-10-01,FedEx,"East Marvinstad, Mozambique",Delivered,2024-07-31T11:21:30
439,SHP-1439,2022-11-18,DHL,"Ambertown, Congo",Cancelled,2022-05-05T19:30:36
440,SHP-1440,2021-07-11,UPS,"Taylorstad, Saint Pierre and Miquelon",Cancelled,2025-09-22T10:15:41
441,SHP-1441,2025-01-02,Maersk,"Barbaraborough, Rwanda",Delivered,2022-07-18T13:31:29
442,SHP-1442,2021-01-30,UPS,"West Hector, Mongolia",Delivered,2021-06-06T17:43:29
443,SHP-1443,2020-12-21,UPS,"South Joshua, Mali",Delivered,2024-11-26T04:02:14
444,SHP-1444,2021-09-18,UPS,"Port Elizabethhaven, Saint Kitts and Nevis",Pending,2023-11-27T00:28:18
445,SHP-1445,2024-04-23,Maersk,"Lake Richardport, Zambia",Cancelled,2024-02-19T00:32:38
446,SHP-1446,2024-03-31,Maersk,"Harrishaven, Mauritania",Pending,2021-11-14T07:02:14
447,SHP-1447,2021-07-12,FedEx,"South Julie, Christmas Island",In Transit,2021-11-30T02:38:38
448,SHP-1448,2020-11-23,FedEx,"Maxwellview, Guernsey",In Transit,2022-07-27T05:18:09
449,SHP-1449,2022-01-15,UPS,"Josephville, Wallis and Futuna",Cancelled,2021-03-14T21:20:49
450,SHP-1450,2025-02-13,DHL,"Morrisstad, Kiribati",Delivered,2023-02-22T22:01:37
451,SHP-1451,2022-12-02,Maersk,"North Anna, Antigua and Barbuda",Cancelled,2024-06-18T07:43:44
452,SHP-1452,2021-01-06,DHL,"South Davidbury, Taiwan",In Transit,2025-04-02T19:48:39
453,SHP-1453,2021-01-13,Maersk,"Davishaven, Faroe Islands",In Transit,2024-08-13T00:35:31
454,SHP-1454,2021-11-08,FedEx,"South Brandonstad, Gambia",Pending,2022-05-05T09:52:34
455,SHP-1455,2022-09-30,UPS,"East Kelseymouth, Poland",Cancelled,2023-02-05T16:18:00
456,SHP-1456,2022-09-20,Maersk,"South Matthew, Singapore",Pending,2022-09-24T01:09:10
457,SHP-1457,2021-08-21,Local Carrier,"Rodriguezland, Guernsey",Cancelled,2022-08-20T05:42:31
458,SHP-1458,2024-09-05,DHL,"West Lisafort, Zimbabwe",Pending,2023-04-06T14:17:59
459,SHP-1459,2022-01-31,Maersk,"Johnsonfurt, Guadeloupe",In Transit,2023-08-03T17:19:20
460,SHP-1460,2021-09-08,FedEx,"Lake Andreamouth, French Guiana",Cancelled,2024-12-19T03:40:27
461,SHP-1461,2021-07-25,Local Carrier,"Lisashire, Greenland",Pending,2022-02-12T07:38:22
462,SHP-1462,2024-05-04,Local Carrier,"Annabury, Saint Helena",Pending,2022-09-27T00:37:36
463,SHP-1463,2021-08-14,Local Carrier,"Reyesfort, Papua New Guinea",Cancelled,2023-05-25T16:05:55
464,SHP-1464,2021-05-23,Maersk,"Christinaberg, French Southern Territories",In Transit,2024-05-04T09:47:43
465,SHP-1465,2023-04-25,DHL,"Brownville, Cambodia",Cancelled,2022-08-15T11:20:35
466,SHP-1466,2022-12-09,DHL,"Hurstchester, Christmas Island",Delivered,2021-02-25T12:29:02
467,SHP-1467,2021-08-03,FedEx,"Hudsonhaven, Australia",In Transit,2021-09-16T16:28:43
468,SHP-1468,2022-08-30,UPS,"West Lisa, Turkey",In Transit,2024-03-11T01:39:49
469,SHP-1469,2025-02-02,FedEx,"Gutierrezmouth, United Arab Emirates",Cancelled,2022-12-24T14:46:45
470,SHP-1470,2025-04-11,UPS,"North Alicia, Suriname",Pending,2025-03-21T23:01:49
471,SHP-1471,2022-10-22,Maersk,"West Jeffreyville, Lao People's Democratic Republic",Cancelled,2025-04-10T14:52:33
472,SHP-1472,2024-07-04,Maersk,"North Ronald, Honduras",In Transit,2021-10-05T19:23:17
473,SHP-1473,2022-04-05,Maersk,"Petersville, Somalia",In Transit,2021-07-17T20:46:55
474,SHP-1474,2022-06-30,DHL,"Ayersmouth, Dominica",Pending,2021-11-01T18:57:38
475,SHP-1475,2024-08-15,DHL,"Lake James, Singapore",Pending,2023-09-27T06:47:18
476,SHP-1476,2021-02-23,Maersk,"Lake Travis, El Salvador",Delivered,2024-09-03T01:37:38
477,SHP-1477,2024-07-18,FedEx,"Courtneytown, Bosnia and Herzegovina",Delivered,2023-03-25T23:34:02
478,SHP-1478,2025-07-17,UPS,"Michaelburgh, Brazil",Delivered,2024-07-16T12:44:11
479,SHP-1479,2024-07-05,Maersk,"East Tinaburgh, Croatia",Cancelled,2021-11-26T01:55:58
480,SHP-1480,2024-04-28,Local Carrier,"Petersfurt, Poland",In Transit,2021-12-13T15:32:41
481,SHP-1481,2022-02-16,DHL,"South Davidland, Costa Rica",Delivered,2021-08-06T00:13:23
482,SHP-1482,2024-06-04,Maersk,"Saraburgh, Antigua and Barbuda",Pending,2024-05-29T04:09:08
483,SHP-1483,2021-06-24,UPS,"Garciatown, Jordan",In Transit,2022-07-29T13:00:48
484,SHP-1484,2021-03-24,DHL,"Katietown, Liechtenstein",Delivered,2024-05-04T16:02:22
485,SHP-1485,2022-10-05,Maersk,"Angelicaside, New Caledonia",Pending,2025-08-07T06:10:25
486,SHP-1486,2022-12-03,Local Carrier,"East Kenneth, Papua New Guinea",Delivered,2025-07-31T14:26:38
487,SHP-1487,2024-08-08,Maersk,"Andreport, Cuba",In Transit,2023-10-21T02:32:19
488,SHP-1488,2024-11-15,DHL,"West Aaronfort, Djibouti",In Transit,2021-10-22T00:50:20
489,SHP-1489,2021-02-04,DHL,"Lewisview, Solomon Islands",Delivered,2021-09-05T23:15:31
490,SHP-1490,2023-05-28,UPS,"Munozberg, Puerto Rico",Pending,2021-12-14T16:30:56
491,SHP-1491,2023-01-03,Local Carrier,"Jennatown, Bhutan",In Transit,2024-03-02T22:52:29
492,SHP-1492,2024-11-12,Maersk,"Sarahville, China",In Transit,2021-12-27T02:20:13
493,SHP-1493,2023-02-19,UPS,"Ramirezbury, Nauru",In Transit,2023-01-19T06:29:40
494,SHP-1494,2021-12-19,Local Carrier,"Christopherport, Cyprus",In Transit,2022-03-07T09:49:49
495,SHP-1495,2021-04-16,Maersk,"Taylorborough, Falkland Islands (Malvinas)",Pending,2023-10-20T05:37:42
496,SHP-1496,2023-08-04,Maersk,"Harrisside, Kiribati",In Transit,2023-04-06T11:57:21
497,SHP-1497,2021-12-10,FedEx,"South Kaylaton, Armenia",Cancelled,2023-10-19T13:37:11
498,SHP-1498,2024-05-31,UPS,"Mortonfort, Bulgaria",In Transit,2023-06-25T23:57:09
499,SHP-1499,2025-07-29,UPS,"South Karenborough, New Zealand",Pending,2022-12-07T04:05:04
500,SHP-1500,2025-01-09,DHL,"Padillastad, Iraq",In Transit,2023-06-14T09:09:04
501,SHP-1501,2021-06-12,Maersk,"North Evan, Ecuador",Delivered,2025-03-05T16:14:44
502,SHP-1502,2024-08-19,Maersk,"Port Cherylhaven, Kuwait",Cancelled,2020-11-28T09:28:58
503,SHP-1503,2022-06-30,Maersk,"Karenhaven, Pitcairn Islands",Cancelled,2022-08-09T10:42:30
504,SHP-1504,2024-11-12,DHL,"North Kaylafurt, Suriname",Cancelled,2023-08-27T01:27:35
505,SHP-1505,2023-04-16,Local Carrier,"East Jessicamouth, Saint Kitts and Nevis",In Transit,2022-11-18T12:44:39
506,SHP-1506,2021-04-04,Local Carrier,"East Richard, Sudan",In Transit,2021-08-24T05:07:25
507,SHP-1507,2023-05-27,Maersk,"Lynchshire, French Polynesia",In Transit,2023-09-15T05:14:14
508,SHP-1508,2023-10-02,UPS,"Veronicaview, Antigua and Barbuda",Delivered,2025-03-07T01:13:55
509,SHP-1509,2023-03-18,Maersk,"New Christopherfort, Afghanistan",Delivered,2020-12-31T21:38:11
510,SHP-1510,2021-10-05,FedEx,"North Ian, Iran",Pending,2021-04-22T08:25:45
511,SHP-1511,2024-11-19,DHL,"West Jordan, Saint Vincent and the Grenadines",Cancelled,2022-11-22T09:47:38
512,SHP-1512,2021-11-19,DHL,"North Christopher, South Georgia and the South Sandwich Islands",Cancelled,2024-02-01T05:01:46
513,SHP-1513,2025-03-29,DHL,"Shawside, Uzbekistan",Delivered,2023-07-04T19:47:40
514,SHP-1514,2021-02-05,Maersk,"West Annaland, Jordan",Delivered,2020-12-11T20:14:30
515,SHP-1515,2024-06-26,FedEx,"South Alan, Kenya",Delivered,2024-09-27T02:16:58
516,SHP-1516,2024-10-30,DHL,"Lake Felicia, Mexico",Delivered,2022-04-14T16:21:58
517,SHP-1517,2022-04-15,UPS,"Lake Kylefort, Anguilla",Pending,2023-04-25T03:14:40
518,SHP-1518,2023-10-15,FedEx,"Danaport, Eritrea",Delivered,2021-03-24T21:54:57
519,SHP-1519,2025-05-12,DHL,"Amandamouth, Liberia",Pending,2025-08-05T12:27:31
520,SHP-1520,2022-04-05,DHL,"Lopezmouth, Tuvalu",In Transit,2022-10-21T05:45:24
521,SHP-1521,2021-08-06,FedEx,"Andersonview, Antarctica (the territory South of 60 deg S)",Cancelled,2024-07-31T16:17:42
522,SHP-1522,2022-11-07,DHL,"Richardton, Iraq",Cancelled,2023-11-06T13:24:49
523,SHP-1523,2025-09-11,Local Carrier,"Jacksonhaven, Madagascar",Pending,2023-09-28T23:12:06
524,SHP-1524,2024-09-18,Maersk,"New Robert, Costa Rica",Pending,2023-01-15T21:24:04
525,SHP-1525,2023-11-17,Local Carrier,"Allisonmouth, Zimbabwe",Delivered,2022-04-24T02:33:15
526,SHP-1526,2021-05-21,Local Carrier,"West Edward, Libyan Arab Jamahiriya",Pending,2024-10-24T11:06:49
527,SHP-1527,2021-01-16,Maersk,"East Kimberlyside, Aruba",In Transit,2021-03-10T17:18:23
528,SHP-1528,2021-07-10,Local Carrier,"Lambertberg, Venezuela",Cancelled,2023-09-22T07:52:58
529,SHP-1529,2022-07-05,DHL,"Jasonborough, Vanuatu",In Transit,2023-12-04T22:39:43
530,SHP-1530,2023-02-01,FedEx,"Cynthiashire, North Macedonia",Cancelled,2023-05-20T20:21:22
531,SHP-1531,2025-10-07,FedEx,"Gabrielleport, Bulgaria",In Transit,2022-03-07T13:31:14
532,SHP-1532,2023-07-24,FedEx,"Saundersberg, Jordan",In Transit,2023-07-13T17:49:47
533,SHP-1533,2023-01-22,Local Carrier,"Port Laurachester, Australia",Pending,2025-06-13T08:08:35
534,SHP-1534,2023-05-08,DHL,"West Darren, Mauritania",Cancelled,2025-07-18T00:45:33
535,SHP-1535,2020-12-25,UPS,"Allisonberg, Comoros",Cancelled,2025-06-13T16:34:30
536,SHP-1536,2023-05-04,DHL,"North Sara, Cocos (Keeling) Islands",Delivered,2021-07-06T03:34:15
537,SHP-1537,2024-05-10,DHL,"New Evanstad, Russian Federation",In Transit,2024-05-19T12:41:24
538,SHP-1538,2025-08-12,Maersk,"Port Jaredville, Netherlands",Cancelled,2021-01-16T00:16:28
539,SHP-1539,2024-04-01,DHL,"North Steven, Madagascar",In Transit,2020-12-05T10:11:48
540,SHP-1540,2023-10-28,Maersk,"Johnsonberg, Paraguay",In Transit,2024-12-20T20:08:01
541,SHP-1541,2020-11-06,DHL,"South Susanshire, Iraq",Delivered,2023-01-15T10:44:10
542,SHP-1542,2021-06-08,FedEx,"North Amy, Brazil",Delivered,2023-05-05T22:37:20
543,SHP-1543,2021-03-12,FedEx,"Phamtown, Bermuda",In Transit,2023-12-28T19:24:26
544,SHP-1544,2021-02-10,FedEx,"Port William, Dominican Republic",Pending,2023-10-17T22:01:50
545,SHP-1545,2024-09-14,UPS,"North Alexmouth, Macao",Cancelled,2024-11-27T21:57:16
546,SHP-1546,2022-02-08,Maersk,"Lake Shawn, Micronesia",Delivered,2025-06-11T21:59:32
547,SHP-1547,2024-10-30,DHL,"West Gabriela, Togo",Cancelled,2025-10-16T14:12:08
548,SHP-1548,2024-11-02,FedEx,"Nelsonborough, Liechtenstein",Delivered,2025-09-12T03:49:38
549,SHP-1549,2021-10-03,DHL,"Annatown, Peru",Pending,2022-04-03T03:45:22
550,SHP-1550,2024-11-11,UPS,"Port Jacob, Samoa",Cancelled,2022-02-27T12:08:04
551,SHP-1551,2022-12-01,Maersk,"Phillipbury, Saint Lucia",In Transit,2020-11-12T07:47:14
552,SHP-1552,2025-05-23,DHL,"New Debra, Barbados",Cancelled,2022-12-26T16:37:44
553,SHP-1553,2022-03-19,DHL,"North Amyville, Saint Martin",Cancelled,2024-04-03T16:38:50
554,SHP-1554,2023-06-23,Maersk,"Palmerfurt, Andorra",In Transit,2023-02-24T14:24:08
555,SHP-1555,2023-11-23,UPS,"Jaymouth, Dominican Republic",Pending,2020-12-13T08:47:01
556,SHP-1556,2022-03-16,DHL,"Jamieview, Cocos (Keeling) Islands",Pending,2025-10-22T04:28:20
557,SHP-1557,2023-07-19,FedEx,"South Lucasfort, Suriname",In Transit,2023-05-29T07:14:37
558,SHP-1558,2023-12-10,DHL,"Johnbury, Thailand",Delivered,2022-11-27T10:55:47
559,SHP-1559,2020-11-05,DHL,"Goodmanfort, Oman",Delivered,2022-07-08T08:26:54
560,SHP-1560,2021-10-22,Local Carrier,"Davidview, Nepal",In Transit,2021-04-12T00:53:05
561,SHP-1561,2023-04-01,Maersk,"West Charlene, Liechtenstein",In Transit,2023-04-10T07:53:24
562,SHP-1562,2022-11-17,Local Carrier,"South Tinaton, Martinique",Pending,2024-08-13T02:21:38
563,SHP-1563,2021-11-23,DHL,"Pamelaport, Tajikistan",In Transit,2022-10-18T01:06:02
564,SHP-1564,2025-05-25,UPS,"New Lawrence, Oman",Pending,2021-01-23T05:13:33
565,SHP-1565,2021-04-17,Local Carrier,"Jonesmouth, Bangladesh",In Transit,2024-05-03T09:16:08
566,SHP-1566,2023-04-23,Maersk,"Davidhaven, Congo",In Transit,2023-09-20T22:31:05
567,SHP-1567,2025-08-28,Maersk,"New Melissafort, Syrian Arab Republic",Cancelled,2025-03-26T07:27:27
568,SHP-1568,2023-12-20,DHL,"East Charleston, Netherlands",Pending,2021-03-11T21:34:49
569,SHP-1569,2025-09-19,DHL,"New Dennis, Uruguay",Delivered,2023-06-16T08:49:36
570,SHP-1570,2024-03-20,UPS,"West Alex, Aruba",Cancelled,2021-04-23T16:18:03
571,SHP-1571,2024-02-06,Maersk,"New Kevinborough, United Kingdom",Pending,2024-06-04T00:08:23
572,SHP-1572,2022-07-26,UPS,"West David, Vietnam",Pending,2025-07-17T14:51:57
573,SHP-1573,2020-11-08,Maersk,"Elizabethside, Canada",Pending,2022-06-27T22:56:33
574,SHP-1574,2025-01-12,DHL,"West Mary, Chile",Cancelled,2024-12-08T05:44:47
575,SHP-1575,2024-10-18,DHL,"Huertafort, Austria",Pending,2025-01-27T17:26:41
576,SHP-1576,2024-02-09,Maersk,"Kennedyport, Chad",In Transit,2024-07-20T02:36:09
577,SHP-1577,2025-03-21,Local Carrier,"Rachelfort, British Indian Ocean Territory (Chagos Archipelago)",Delivered,2023-01-06T22:37:18
578,SHP-1578,2025-07-16,Local Carrier,"Johnsonport, Saudi Arabia",Pending,2025-02-16T03:32:00
579,SHP-1579,2025-06-19,UPS,"Eduardoview, Yemen",Cancelled,2021-09-13T04:27:16
580,SHP-1580,2023-06-14,Local Carrier,"Lake Jaredland, Denmark",Delivered,2023-05-27T07:32:43
581,SHP-1581,2023-11-27,Maersk,"Lake April, Macao",Pending,2025-08-24T02:29:25
582,SHP-1582,2025-10-24,Maersk,"West Rebeccamouth, Sweden",In Transit,2022-10-26T04:23:41
583,SHP-1583,2022-11-04,Local Carrier,"Bryantfort, Ethiopia",Pending,2024-09-11T10:42:30
584,SHP-1584,2024-06-13,FedEx,"Englishmouth, Czech Republic",Pending,2023-10-13T01:40:04
585,SHP-1585,2021-11-08,DHL,"South Loriland, Peru",Pending,2025-07-07T03:56:37
586,SHP-1586,2023-01-31,FedEx,"Lake Erinmouth, Chad",In Transit,2023-07-25T00:46:29
587,SHP-1587,2024-07-04,UPS,"Lake Melissaburgh, Sri Lanka",Pending,2023-01-13T20:58:24
588,SHP-1588,2023-03-15,Local Carrier,"Landryland, Turks and Caicos Islands",Cancelled,2023-06-20T13:38:41
589,SHP-1589,2024-06-28,Local Carrier,"Julieburgh, Tajikistan",Delivered,2021-11-06T07:25:28
590,SHP-1590,2022-04-28,UPS,"Port Kristiville, Panama",Delivered,2024-07-15T16:36:03
591,SHP-1591,2025-05-23,Maersk,"Deniseborough, Cameroon",Pending,2022-12-27T14:05:01
592,SHP-1592,2022-01-31,Local Carrier,"Grantshire, Samoa",Cancelled,2021-11-03T17:11:24
593,SHP-1593,2024-02-04,Local Carrier,"East Tammy, Timor-Leste",In Transit,2023-07-19T02:22:06
594,SHP-1594,2024-01-05,Maersk,"South Mary, Sudan",Pending,2022-10-04T08:15:05
595,SHP-1595,2022-11-28,FedEx,"Kingberg, Belgium",In Transit,2022-11-24T10:34:55
596,SHP-1596,2021-09-30,DHL,"Bellfort, Bahamas",Cancelled,2025-08-18T04:20:29
597,SHP-1597,2022-11-13,UPS,"New Thomaschester, Heard Island and McDonald Islands",Cancelled,2022-02-28T04:58:06
598,SHP-1598,2024-05-24,FedEx,"Mitchellchester, Armenia",Cancelled,2021-04-10T17:19:29
599,SHP-1599,2021-05-19,DHL,"Jaclynfurt, Equatorial Guinea",Cancelled,2024-06-18T11:30:02
600,SHP-1600,2023-09-18,UPS,"West Cindyshire, Madagascar",Cancelled,2023-07-13T04:33:22
601,SHP-1601,2020-12-30,Maersk,"Lake Jared, Turkmenistan",Pending,2025-07-24T11:02:53
602,SHP-1602,2023-07-20,Maersk,"Port Luisview, Fiji",In Transit,2022-04-21T05:32:09
603,SHP-1603,2025-08-02,FedEx,"Nielsenberg, Algeria",Cancelled,2025-01-19T07:28:30
604,SHP-1604,2024-06-29,FedEx,"East Bryceborough, United States of America",Cancelled,2021-10-05T11:09:05
605,SHP-1605,2022-09-14,Local Carrier,"Michaelfort, Cyprus",In Transit,2021-09-06T10:12:53
606,SHP-1606,2024-01-17,DHL,"South Justinside, Antarctica (the territory South of 60 deg S)",Cancelled,2022-10-23T15:02:35
607,SHP-1607,2024-06-04,Local Carrier,"Williamtown, Gibraltar",Delivered,2024-02-04T06:54:11
608,SHP-1608,2023-01-04,Maersk,"Robertberg, Malaysia",Cancelled,2024-05-15T07:26:21
609,SHP-1609,2025-07-15,Local Carrier,"Port Alexanderport, Yemen",In Transit,2020-11-21T02:27:21
610,SHP-1610,2025-06-26,FedEx,"Solomonstad, Egypt",Pending,2025-06-05T23:47:45
611,SHP-1611,2025-05-05,Maersk,"Lake Melissaberg, India",Delivered,2022-01-11T08:01:56
612,SHP-1612,2025-07-27,UPS,"Baileyfurt, Burkina Faso",Cancelled,2022-04-21T22:52:12
613,SHP-1613,2025-10-29,Maersk,"Alexanderfurt, Vietnam",Cancelled,2024-07-30T18:08:41
614,SHP-1614,2025-03-14,Local Carrier,"Meganville, Philippines",In Transit,2022-02-16T08:40:23
615,SHP-1615,2024-05-27,DHL,"East Sarahshire, Iraq",Cancelled,2021-07-05T05:18:21
616,SHP-1616,2022-08-07,UPS,"Waltonberg, Sudan",Cancelled,2021-09-29T10:36:34
617,SHP-1617,2021-07-28,FedEx,"Jenningsburgh, Mayotte",Cancelled,2021-10-24T17:59:02
618,SHP-1618,2025-04-29,Local Carrier,"North Josefort, Dominican Republic",Pending,2025-02-21T21:46:01
619,SHP-1619,2023-05-07,DHL,"Port Jeremiah, Chad",Delivered,2024-07-12T01:02:56
620,SHP-1620,2022-09-04,DHL,"North Michael, French Guiana",Pending,2021-02-27T04:08:44
621,SHP-1621,2024-04-22,Local Carrier,"Ashleyview, Malawi",Delivered,2021-06-09T06:00:23
622,SHP-1622,2024-07-15,FedEx,"West Keithview, Thailand",In Transit,2021-01-02T09:29:46
623,SHP-1623,2023-07-21,FedEx,"Banksmouth, United States Virgin Islands",Pending,2024-07-24T17:33:01
624,SHP-1624,2025-02-22,FedEx,"East Douglas, Bouvet Island (Bouvetoya)",Pending,2021-06-12T11:53:42
625,SHP-1625,2021-11-24,FedEx,"Oconnellburgh, New Zealand",Delivered,2023-04-23T11:22:01
626,SHP-1626,2023-05-30,UPS,"South Ryan, Armenia",Delivered,2024-06-11T09:46:40
627,SHP-1627,2024-06-16,UPS,"Kingside, Belarus",Cancelled,2023-09-16T14:15:26
628,SHP-1628,2024-02-15,DHL,"Joshuaton, Cote d'Ivoire",In Transit,2024-07-25T16:58:07
629,SHP-1629,2023-02-03,Maersk,"New Eugene, New Caledonia",Pending,2023-08-03T21:30:10
630,SHP-1630,2021-09-08,Maersk,"Thomasburgh, Latvia",Pending,2023-02-22T01:48:36
631,SHP-1631,2022-09-07,Maersk,"Port Richard, Bhutan",Cancelled,2025-05-19T21:00:05
632,SHP-1632,2024-01-04,DHL,"Lake Robin, Uruguay",Cancelled,2022-07-21T15:33:51
633,SHP-1633,2023-04-16,FedEx,"Mathewfurt, Botswana",In Transit,2025-04-01T01:27:33
634,SHP-1634,2022-03-12,UPS,"South Alextown, Luxembourg",In Transit,2023-06-17T10:30:06
635,SHP-1635,2025-02-26,UPS,"Grossfort, Swaziland",Delivered,2021-04-21T09:43:38
636,SHP-1636,2022-01-06,DHL,"Owensburgh, Belarus",Pending,2023-07-06T05:53:46
637,SHP-1637,2024-01-17,FedEx,"Port Christinemouth, Portugal",Pending,2021-07-08T06:34:01
638,SHP-1638,2021-04-07,FedEx,"Lindseyfort, Monaco",In Transit,2020-11-25T11:14:01
639,SHP-1639,2023-06-15,FedEx,"South Kennethtown, San Marino",In Transit,2024-04-30T15:57:15
640,SHP-1640,2025-01-06,Maersk,"Juliehaven, Swaziland",Pending,2024-11-18T19:23:36
641,SHP-1641,2022-07-25,UPS,"Sloanton, Slovenia",Cancelled,2025-09-25T00:47:57
642,SHP-1642,2023-08-31,DHL,"West Aprilbury, Saint Kitts and Nevis",Pending,2025-02-19T09:03:25
643,SHP-1643,2022-09-13,Maersk,"East Johnathan, Vanuatu",Delivered,2024-11-02T04:39:58
644,SHP-1644,2022-08-23,UPS,"Ortizside, Colombia",Delivered,2021-12-16T02:42:17
645,SHP-1645,2025-01-16,FedEx,"Fisherfurt, Wallis and Futuna",Delivered,2024-12-05T20:56:08
646,SHP-1646,2024-11-04,FedEx,"Jacobstown, Cambodia",In Transit,2025-05-13T22:14:12
647,SHP-1647,2023-10-06,DHL,"East Martin, British Virgin Islands",In Transit,2022-06-13T10:02:54
648,SHP-1648,2025-08-26,FedEx,"Kevintown, Bosnia and Herzegovina",Pending,2021-04-09T16:54:34
649,SHP-1649,2024-08-12,UPS,"West Alejandromouth, Barbados",Delivered,2024-08-11T01:41:44
650,SHP-1650,2024-11-03,DHL,"New Courtneyland, Tajikistan",Pending,2025-03-30T05:30:01
651,SHP-1651,2022-01-03,DHL,"Ryanmouth, Vanuatu",Pending,2021-04-04T17:16:31
652,SHP-1652,2025-05-21,DHL,"Maxwellmouth, Mauritania",Cancelled,2022-04-21T23:56:21
653,SHP-1653,2022-01-11,Maersk,"Velezburgh, American Samoa",Delivered,2022-10-30T02:12:43
654,SHP-1654,2021-04-02,UPS,"Lake Jessica, Rwanda",Delivered,2022-11-03T03:31:18
655,SHP-1655,2022-08-08,Local Carrier,"Jilltown, Saint Kitts and Nevis",Cancelled,2024-07-29T16:18:34
656,SHP-1656,2024-08-08,Maersk,"Coxfort, French Polynesia",Delivered,2021-05-20T20:50:32
657,SHP-1657,2021-05-16,UPS,"East Aaron, Kyrgyz Republic",In Transit,2024-07-26T09:22:13
658,SHP-1658,2025-07-01,FedEx,"Pughmouth, India",In Transit,2022-09-07T10:03:23
659,SHP-1659,2022-05-20,DHL,"Meganton, Thailand",Cancelled,2024-04-23T15:46:30
660,SHP-1660,2025-06-24,Maersk,"Port William, Australia",Delivered,2023-01-06T10:56:08
661,SHP-1661,2021-07-07,FedEx,"Melissafort, Trinidad and Tobago",In Transit,2022-01-17T13:49:24
662,SHP-1662,2023-02-02,FedEx,"Amandahaven, Antarctica (the territory South of 60 deg S)",Cancelled,2022-03-05T15:19:23
663,SHP-1663,2024-12-19,Maersk,"Belindaland, Slovakia (Slovak Republic)",In Transit,2023-01-07T02:17:17
664,SHP-1664,2022-12-08,Maersk,"South Paulport, South Africa",In Transit,2025-09-01T09:16:07
665,SHP-1665,2022-07-18,DHL,"Georgeland, Ghana",In Transit,2023-10-26T05:56:32
666,SHP-1666,2021-06-22,Maersk,"Port Darleneberg, Montenegro",Cancelled,2024-01-10T21:35:02
667,SHP-1667,2024-06-21,FedEx,"Bentonberg, Marshall Islands",Pending,2022-06-13T06:51:53
668,SHP-1668,2024-12-24,FedEx,"Austinchester, Gabon",Cancelled,2021-07-15T18:23:26
669,SHP-1669,2024-09-19,UPS,"Port Philiphaven, Serbia",Cancelled,2021-03-16T17:58:59
670,SHP-1670,2022-03-03,Maersk,"Grantburgh, Mayotte",Cancelled,2021-03-23T19:22:05
671,SHP-1671,2022-11-19,FedEx,"Davismouth, Mozambique",Pending,2024-11-15T11:37:18
672,SHP-1672,2021-04-15,UPS,"North Roberttown, South Africa",Cancelled,2024-06-11T05:06:49
673,SHP-1673,2025-05-13,Local Carrier,"Larryside, Sao Tome and Principe",Pending,2024-04-22T05:20:09
674,SHP-1674,2024-09-24,UPS,"East Donnafort, Mongolia",Delivered,2022-04-06T01:45:47
675,SHP-1675,2025-01-28,Local Carrier,"West Jeremyfort, Tunisia",Delivered,2021-09-12T00:12:11
676,SHP-1676,2024-03-19,UPS,"East Lisa, Uzbekistan",Delivered,2023-03-31T15:55:06
677,SHP-1677,2024-08-27,FedEx,"North Billy, Dominican Republic",Cancelled,2025-05-07T17:45:44
678,SHP-1678,2022-12-07,FedEx,"Edwardburgh, Anguilla",Pending,2025-03-01T02:48:01
679,SHP-1679,2024-05-28,UPS,"East Loretta, Honduras",Pending,2024-12-01T07:50:48
680,SHP-1680,2021-05-18,FedEx,"Hayesshire, Argentina",Delivered,2022-09-14T14:38:54
681,SHP-1681,2024-01-21,UPS,"Blackfurt, Antarctica (the territory South of 60 deg S)",Delivered,2025-09-25T21:22:23
682,SHP-1682,2023-11-08,UPS,"New Tylerside, Cocos (Keeling) Islands",In Transit,2022-01-19T05:51:07
683,SHP-1683,2023-11-13,DHL,"Jasonfurt, Congo",Cancelled,2022-02-26T22:23:24
684,SHP-1684,2025-06-11,Maersk,"Lawrenceshire, Cook Islands",Delivered,2025-10-30T08:22:04
685,SHP-1685,2023-05-03,Maersk,"Tracietown, Saudi Arabia",In Transit,2021-11-12T11:19:32
686,SHP-1686,2022-03-25,UPS,"Perkinstown, Sao Tome and Principe",In Transit,2023-10-27T07:53:50
687,SHP-1687,2023-05-23,FedEx,"Brianborough, Jordan",Pending,2021-10-07T18:49:30
688,SHP-1688,2023-02-17,UPS,"Ruizmouth, French Guiana",Pending,2023-08-13T18:30:35
689,SHP-1689,2024-10-02,FedEx,"West Johnshire, Grenada",Delivered,2023-07-09T00:58:53
690,SHP-1690,2025-02-15,Maersk,"Lake Vanessa, Cameroon",Cancelled,2025-10-02T20:17:10
691,SHP-1691,2021-04-25,FedEx,"Youngfort, Cape Verde",In Transit,2021-12-04T21:04:01
692,SHP-1692,2025-07-13,UPS,"Port Emilyfurt, Wallis and Futuna",Cancelled,2025-08-28T19:20:28
693,SHP-1693,2022-01-26,Local Carrier,"Lake Lisa, Dominican Republic",Cancelled,2021-10-31T01:13:58
694,SHP-1694,2021-02-27,Local Carrier,"West Renee, Guernsey",Cancelled,2023-10-04T20:18:44
695,SHP-1695,2021-10-22,Local Carrier,"East Julia, Andorra",In Transit,2024-04-14T04:37:47
696,SHP-1696,2023-12-29,Maersk,"Port Danielland, Belize",Delivered,2021-01-06T00:37:14
697,SHP-1697,2022-07-21,Maersk,"Port Adriana, Martinique",Cancelled,2022-04-20T23:21:28
698,SHP-1698,2025-06-01,UPS,"East Lori, Rwanda",Pending,2024-08-02T04:12:29
699,SHP-1699,2023-08-10,Maersk,"East Kenneth, Benin",Cancelled,2022-06-23T08:16:08
700,SHP-1700,2022-04-09,DHL,"South Davidbury, India",Delivered,2022-06-06T21:13:58
701,SHP-1701,2023-02-11,DHL,"Christinehaven, Austria",Cancelled,2021-10-07T16:52:33
702,SHP-1702,2020-12-26,UPS,"South Jessica, Sudan",Delivered,2023-03-17T21:37:14
703,SHP-1703,2021-06-22,DHL,"Knappview, Korea",Delivered,2023-11-15T03:39:37
704,SHP-1704,2021-07-27,Local Carrier,"Garciaburgh, Kiribati",Pending,2025-07-18T07:58:57
705,SHP-1705,2023-07-21,Maersk,"Michaelborough, Brunei Darussalam",Delivered,2023-06-10T09:57:38
706,SHP-1706,2025-04-24,DHL,"Mariahside, Fiji",Pending,2023-10-04T05:17:54
707,SHP-1707,2022-08-08,FedEx,"East Lisatown, Gibraltar",Cancelled,2025-03-22T19:40:53
708,SHP-1708,2020-12-15,FedEx,"South Kennethton, Solomon Islands",In Transit,2022-01-09T13:43:58
709,SHP-1709,2021-03-22,DHL,"Smithland, Argentina",Cancelled,2025-08-08T19:54:13
710,SHP-1710,2025-09-23,UPS,"North Alecbury, Tokelau",In Transit,2023-04-06T20:44:14
711,SHP-1711,2023-09-13,UPS,"West Morganport, Russian Federation",Pending,2022-04-12T10:00:38
712,SHP-1712,2023-09-30,FedEx,"East Veronica, Greenland",In Transit,2023-12-27T19:14:07
713,SHP-1713,2023-11-13,DHL,"Hopkinsburgh, Finland",In Transit,2023-06-19T10:06:38
714,SHP-1714,2021-01-18,Local Carrier,"Cookhaven, Saint Pierre and Miquelon",In Transit,2023-04-27T07:12:05
715,SHP-1715,2023-05-31,UPS,"Morenoburgh, Bolivia",Pending,2022-09-25T11:17:03
716,SHP-1716,2025-01-25,UPS,"East Carrietown, China",Delivered,2023-03-09T02:48:30
717,SHP-1717,2025-08-12,Maersk,"North David, Bosnia and Herzegovina",Cancelled,2024-05-13T12:02:48
718,SHP-1718,2021-05-10,UPS,"West Terrytown, Tonga",Pending,2023-02-14T13:02:07
719,SHP-1719,2025-08-23,Local Carrier,"Hallchester, Monaco",Pending,2023-06-23T08:03:49
720,SHP-1720,2021-08-18,UPS,"Carlshire, Reunion",Delivered,2021-07-28T17:28:54
721,SHP-1721,2023-07-07,FedEx,"Port Kevinfurt, Moldova",In Transit,2025-07-26T05:48:43
722,SHP-1722,2022-09-07,Maersk,"Pricebury, Gabon",Cancelled,2023-06-21T06:42:58
723,SHP-1723,2024-08-09,DHL,"Port Oscar, Dominican Republic",In Transit,2021-07-13T01:00:21
724,SHP-1724,2025-02-18,UPS,"West Jasonview, Sierra Leone",Delivered,2024-10-18T02:16:43
725,SHP-1725,2022-09-20,FedEx,"Masonland, Iraq",Delivered,2023-12-13T20:18:41
726,SHP-1726,2024-07-26,UPS,"South Cynthia, Palau",Cancelled,2021-08-09T19:46:20
727,SHP-1727,2021-11-20,FedEx,"Brittanychester, French Southern Territories",Cancelled,2025-03-21T23:33:04
728,SHP-1728,2024-10-04,Maersk,"Hudsonchester, Kenya",Cancelled,2022-11-18T03:51:50
729,SHP-1729,2023-12-19,DHL,"Davisberg, Mali",In Transit,2023-07-26T19:27:27
730,SHP-1730,2025-05-12,DHL,"North Jasonbury, El Salvador",In Transit,2021-09-06T19:05:34
731,SHP-1731,2025-08-08,FedEx,"South Ericton, Estonia",Pending,2022-08-19T19:50:37
732,SHP-1732,2021-02-12,FedEx,"Port Autumnmouth, Georgia",Pending,2025-04-30T04:17:24
733,SHP-1733,2022-10-05,UPS,"Port Maureen, Isle of Man",Cancelled,2024-03-29T03:31:56
734,SHP-1734,2021-09-23,UPS,"South Nathan, Honduras",Pending,2023-11-21T22:37:23
735,SHP-1735,2023-07-07,Maersk,"East Brian, Bahrain",Cancelled,2024-02-28T15:46:00
736,SHP-1736,2025-10-22,DHL,"West Matthew, Indonesia",In Transit,2023-01-22T15:05:36
737,SHP-1737,2025-03-24,Local Carrier,"Wellsmouth, Bulgaria",Cancelled,2022-12-10T02:20:08
738,SHP-1738,2025-03-17,DHL,"Mossfurt, Cambodia",Delivered,2023-12-17T15:54:45
739,SHP-1739,2023-03-29,DHL,"Deborahburgh, United States Virgin Islands",Pending,2025-09-17T23:25:07
740,SHP-1740,2025-01-02,Maersk,"North Lindaside, Wallis and Futuna",Delivered,2023-12-30T13:19:28
741,SHP-1741,2023-07-26,Local Carrier,"Port Amanda, Bolivia",Pending,2021-12-24T16:13:16
742,SHP-1742,2024-09-12,FedEx,"Lopezbury, Peru",Cancelled,2024-12-06T19:08:13
743,SHP-1743,2025-09-16,Local Carrier,"Brentside, New Caledonia",Delivered,2025-05-20T11:52:40
744,SHP-1744,2021-12-15,Maersk,"West Donald, Solomon Islands",Delivered,2025-07-13T08:20:54
745,SHP-1745,2020-12-06,Local Carrier,"Erinland, Nepal",Pending,2022-08-06T23:10:07
746,SHP-1746,2025-03-17,Maersk,"Garrettshire, French Polynesia",In Transit,2024-02-21T17:56:53
747,SHP-1747,2024-06-29,FedEx,"New Sarah, Oman",Delivered,2023-07-21T23:26:34
748,SHP-1748,2025-08-16,DHL,"West Mary, Bulgaria",Delivered,2022-11-19T04:21:57
749,SHP-1749,2022-08-08,FedEx,"Dawsonfort, Kenya",Delivered,2022-01-26T05:30:49
750,SHP-1750,2024-02-04,FedEx,"New Timothy, India",Pending,2023-10-15T10:21:03
751,SHP-1751,2025-05-23,UPS,"Lake Tammy, Congo",In Transit,2025-01-17T02:47:43
752,SHP-1752,2023-07-05,Local Carrier,"Tracyton, Kuwait",In Transit,2023-01-03T05:52:32
753,SHP-1753,2022-02-22,UPS,"Gavinshire, Gibraltar",Cancelled,2024-08-26T22:00:10
754,SHP-1754,2024-10-14,FedEx,"Patriciaville, Burkina Faso",In Transit,2022-01-14T21:46:41
755,SHP-1755,2023-01-14,UPS,"East Jennifershire, Portugal",Delivered,2023-03-15T07:19:02
756,SHP-1756,2021-12-28,Local Carrier,"Danielmouth, Sri Lanka",Cancelled,2021-08-07T01:23:13
757,SHP-1757,2021-07-19,UPS,"Andrewbury, Armenia",Cancelled,2020-11-09T05:09:05
758,SHP-1758,2021-03-18,Local Carrier,"Danielfort, Thailand",Cancelled,2025-10-24T16:46:52
759,SHP-1759,2022-10-15,UPS,"Tinaberg, Algeria",In Transit,2021-10-13T16:01:55
760,SHP-1760,2021-12-26,Local Carrier,"Lake Hayley, Thailand",In Transit,2024-10-21T08:59:27
761,SHP-1761,2025-02-03,FedEx,"Kyliehaven, Nicaragua",Cancelled,2023-11-27T15:08:51
762,SHP-1762,2022-01-16,Local Carrier,"Solisburgh, Paraguay",Cancelled,2022-05-28T16:32:23
763,SHP-1763,2021-03-18,UPS,"Port Michael, Andorra",Cancelled,2023-06-02T02:52:36
764,SHP-1764,2020-12-20,DHL,"West Beverlyburgh, Colombia",In Transit,2024-03-15T17:50:08
765,SHP-1765,2024-08-29,Local Carrier,"South Shaneberg, Antarctica (the territory South of 60 deg S)",Cancelled,2021-08-04T14:43:33
766,SHP-1766,2022-03-29,FedEx,"Christinafurt, Guinea",Delivered,2021-11-05T14:58:32
767,SHP-1767,2025-05-07,Maersk,"Lake Margaret, Norfolk Island",Delivered,2024-11-03T18:58:26
768,SHP-1768,2022-07-01,DHL,"Allisonborough, Mozambique",Delivered,2024-12-07T16:24:00
769,SHP-1769,2023-12-31,Maersk,"North Scottborough, Tokelau",Delivered,2025-05-11T13:14:55
770,SHP-1770,2021-01-28,DHL,"Thomasborough, Netherlands Antilles",Delivered,2023-03-04T17:28:49
771,SHP-1771,2024-07-18,Maersk,"Solisstad, Brunei Darussalam",Cancelled,2024-02-29T13:35:14
772,SHP-1772,2021-06-11,Maersk,"East Michael, British Virgin Islands",Delivered,2025-05-02T15:53:28
773,SHP-1773,2022-11-09,Local Carrier,"Cainhaven, Niger",Pending,2021-01-25T17:05:02
774,SHP-1774,2023-01-08,Local Carrier,"Hernandezton, Japan",Delivered,2021-10-29T15:31:12
775,SHP-1775,2022-08-15,Local Carrier,"Port Ethan, Armenia",Pending,2022-12-25T16:15:35
776,SHP-1776,2020-12-06,FedEx,"South Charlesport, Malawi",Delivered,2024-04-12T11:20:17
777,SHP-1777,2021-06-15,FedEx,"Annettefort, Congo",In Transit,2024-09-23T15:10:59
778,SHP-1778,2021-01-07,UPS,"Colemanburgh, Nepal",Pending,2022-04-16T17:53:18
779,SHP-1779,2025-05-07,Maersk,"Wilsontown, Togo",Cancelled,2023-12-25T05:28:18
780,SHP-1780,2022-06-02,Maersk,"Williamsfurt, Zimbabwe",Delivered,2021-05-25T01:47:12
781,SHP-1781,2021-03-06,DHL,"Thomasberg, Italy",Cancelled,2025-07-16T21:50:50
782,SHP-1782,2023-08-28,Local Carrier,"West David, Spain",Cancelled,2022-07-19T03:21:12
783,SHP-1783,2022-03-01,DHL,"Wellsstad, Portugal",Pending,2024-04-10T11:33:20
784,SHP-1784,2024-04-11,Maersk,"South Timothy, Saint Pierre and Miquelon",Pending,2021-11-05T18:12:57
785,SHP-1785,2023-01-26,FedEx,"Jenningsport, Samoa",In Transit,2022-08-02T03:33:22
786,SHP-1786,2025-09-25,FedEx,"West Deborahfurt, Isle of Man",Delivered,2022-10-28T10:03:13
787,SHP-1787,2022-10-27,UPS,"Riosborough, Aruba",Pending,2025-08-29T00:15:49
788,SHP-1788,2023-10-30,FedEx,"North Shannon, Japan",Pending,2022-10-31T06:28:12
789,SHP-1789,2022-05-06,Maersk,"West Michelleport, Benin",Pending,2024-01-20T00:23:16
790,SHP-1790,2023-02-26,Maersk,"New Taramouth, United Kingdom",In Transit,2025-08-28T20:48:26
791,SHP-1791,2025-02-26,DHL,"Lake Randyshire, Saint Vincent and the Grenadines",Pending,2025-08-18T00:01:55
792,SHP-1792,2023-01-23,Local Carrier,"Brownfurt, American Samoa",Pending,2023-05-10T20:39:08
793,SHP-1793,2020-12-12,DHL,"North Nathan, Syrian Arab Republic",Delivered,2022-09-14T02:28:50
794,SHP-1794,2021-04-05,UPS,"Haydenbury, Thailand",Delivered,2025-01-24T10:15:14
795,SHP-1795,2024-04-01,DHL,"Perryside, Senegal",In Transit,2023-12-30T20:28:52
796,SHP-1796,2023-09-22,Local Carrier,"North Ronnieland, Netherlands",Delivered,2024-03-24T12:32:49
797,SHP-1797,2024-02-25,Local Carrier,"Brownburgh, Nauru",In Transit,2020-12-06T22:56:51
798,SHP-1798,2024-07-14,Local Carrier,"New Shawn, Taiwan",In Transit,2023-05-14T01:08:28
799,SHP-1799,2024-12-07,UPS,"South Mary, Anguilla",Delivered,2022-12-19T21:53:40
800,SHP-1800,2024-11-14,Local Carrier,"Williamchester, French Southern Territories",Pending,2022-12-04T07:19:45
801,SHP-1801,2021-11-09,Maersk,"Lake Ashleyton, Dominica",In Transit,2022-04-21T08:56:55
802,SHP-1802,2022-11-25,DHL,"Santiagobury, Czech Republic",Cancelled,2024-09-09T16:05:33
803,SHP-1803,2021-03-14,UPS,"West Debraborough, Colombia",Pending,2024-05-05T04:34:20
804,SHP-1804,2022-02-27,UPS,"Levinetown, Isle of Man",Pending,2022-03-04T03:47:53
805,SHP-1805,2023-05-29,Maersk,"Loganland, Iran",Pending,2023-01-22T23:00:30
806,SHP-1806,2023-12-11,FedEx,"North Michelleshire, Cayman Islands",In Transit,2022-01-07T03:15:37
807,SHP-1807,2025-01-03,Maersk,"North Nicoleborough, Zimbabwe",Delivered,2024-12-16T05:27:53
808,SHP-1808,2024-11-14,Local Carrier,"Lake Kellymouth, Turkmenistan",Delivered,2023-06-05T16:48:47
809,SHP-1809,2022-12-06,DHL,"Powerschester, Poland",Delivered,2022-01-26T11:02:41
810,SHP-1810,2024-03-16,Local Carrier,"Reginaland, Ghana",Delivered,2022-03-25T21:25:15
811,SHP-1811,2023-09-08,Local Carrier,"South Annette, Angola",Pending,2022-08-18T10:33:51
812,SHP-1812,2021-04-13,Maersk,"North Lorrainehaven, Ethiopia",Cancelled,2023-02-22T02:31:46
813,SHP-1813,2023-03-18,FedEx,"Evelynberg, Cameroon",Cancelled,2023-03-18T13:13:02
814,SHP-1814,2021-11-11,Local Carrier,"Lisabury, Nauru",Cancelled,2023-08-11T20:36:20
815,SHP-1815,2023-01-20,Local Carrier,"West Markland, Liberia",Cancelled,2025-02-23T17:40:48
816,SHP-1816,2025-04-15,Local Carrier,"Kimberlyburgh, Bolivia",Cancelled,2021-12-17T19:33:32
817,SHP-1817,2022-08-05,UPS,"New Jon, Mayotte",Delivered,2025-03-20T06:17:33
818,SHP-1818,2023-06-11,UPS,"Ramirezville, Barbados",Cancelled,2021-02-05T14:18:57
819,SHP-1819,2021-09-03,DHL,"Barkerbury, Maldives",Delivered,2021-02-02T11:43:23
820,SHP-1820,2021-06-09,UPS,"Stephanieberg, Tajikistan",In Transit,2022-06-11T08:18:04
821,SHP-1821,2024-11-01,Local Carrier,"Jamesburgh, Comoros",Pending,2022-11-29T11:49:29
822,SHP-1822,2021-02-06,Maersk,"Hammondview, Korea",In Transit,2022-03-21T23:37:14
823,SHP-1823,2021-10-30,Maersk,"Tinaton, Isle of Man",Pending,2021-09-04T21:00:50
824,SHP-1824,2024-11-10,FedEx,"Thomasfurt, Uganda",In Transit,2023-08-15T20:33:47
825,SHP-1825,2022-07-29,Maersk,"New Kayla, Argentina",Pending,2025-05-12T13:18:27
826,SHP-1826,2025-04-12,FedEx,"New Jason, Algeria",Cancelled,2022-11-22T16:10:06
827,SHP-1827,2024-04-29,Local Carrier,"Rodriguezbury, Oman",Delivered,2024-03-07T20:26:25
828,SHP-1828,2025-10-17,FedEx,"New Kimberly, Malaysia",Delivered,2022-12-11T07:48:29
829,SHP-1829,2024-11-10,Maersk,"Wesleyborough, Romania",In Transit,2024-12-05T12:46:30
830,SHP-1830,2025-07-12,Local Carrier,"New Jeffreyborough, Gabon",Cancelled,2022-03-07T14:05:42
831,SHP-1831,2022-04-03,DHL,"West Andrewview, Slovenia",Pending,2024-06-27T07:50:29
832,SHP-1832,2021-04-24,DHL,"Lake Stevenchester, Bulgaria",In Transit,2024-09-19T21:56:56
833,SHP-1833,2025-01-13,DHL,"Brooksmouth, Angola",In Transit,2022-05-25T23:46:06
834,SHP-1834,2023-03-23,DHL,"North Stephanie, Cape Verde",Delivered,2022-02-03T12:54:34
835,SHP-1835,2022-06-08,Maersk,"Port Daniel, Gibraltar",In Transit,2022-06-25T17:00:01
836,SHP-1836,2022-07-13,UPS,"Michaelport, Nicaragua",Pending,2022-12-15T22:25:00
837,SHP-1837,2023-08-05,Maersk,"Saundersfort, Korea",In Transit,2024-03-30T15:34:00
838,SHP-1838,2022-09-02,UPS,"Sarahville, Serbia",Pending,2024-03-26T20:22:21
839,SHP-1839,2025-09-06,FedEx,"Ramseyton, Qatar",Delivered,2022-09-03T18:34:46
840,SHP-1840,2021-04-30,Local Carrier,"Gregtown, Lebanon",Pending,2022-06-29T20:06:57
841,SHP-1841,2023-12-10,Local Carrier,"New Jessica, El Salvador",Delivered,2021-11-11T20:06:40
842,SHP-1842,2024-07-15,DHL,"New Lauren, Sweden",Pending,2023-09-28T08:03:15
843,SHP-1843,2023-02-21,Maersk,"West Jennifer, Uganda",In Transit,2022-04-06T20:10:09
844,SHP-1844,2024-10-30,DHL,"Stephaniebury, Brazil",In Transit,2020-12-23T07:48:45
845,SHP-1845,2024-03-08,Maersk,"New Thomas, Martinique",Cancelled,2021-09-03T09:27:32
846,SHP-1846,2025-03-20,DHL,"Alexishaven, Andorra",Cancelled,2022-01-11T22:14:08
847,SHP-1847,2021-04-08,UPS,"West Jenniferstad, Lithuania",Cancelled,2022-06-24T18:25:14
848,SHP-1848,2021-12-09,Maersk,"Lisaview, Singapore",In Transit,2025-04-24T09:02:52
849,SHP-1849,2021-09-07,UPS,"New Sandramouth, Uruguay",In Transit,2024-02-19T09:31:26
850,SHP-1850,2024-10-27,UPS,"Wallacehaven, Honduras",Cancelled,2023-12-04T00:54:54
851,SHP-1851,2021-05-15,FedEx,"Julieland, Iran",In Transit,2021-09-26T09:32:52
852,SHP-1852,2024-05-02,Local Carrier,"Port Laurie, Netherlands Antilles",Cancelled,2023-02-09T19:18:11
853,SHP-1853,2021-03-19,Maersk,"Jamesshire, Malta",Cancelled,2024-03-17T12:10:08
854,SHP-1854,2024-11-21,Local Carrier,"Torresside, Kenya",Delivered,2024-01-10T14:48:24
855,SHP-1855,2024-04-12,Local Carrier,"Port Danielchester, Gambia",Cancelled,2021-02-19T06:02:33
856,SHP-1856,2021-09-28,FedEx,"Browningchester, Burkina Faso",In Transit,2023-12-31T06:15:45
857,SHP-1857,2020-11-29,Maersk,"North Kathleen, Georgia",Cancelled,2025-07-17T09:31:49
858,SHP-1858,2024-04-27,DHL,"North Briannaton, Aruba",In Transit,2022-12-23T06:12:36
859,SHP-1859,2024-10-07,FedEx,"South Matthewmouth, Mali",Delivered,2021-05-09T22:35:56
860,SHP-1860,2024-04-13,Local Carrier,"North Nathanbury, Philippines",Delivered,2025-02-08T06:48:05
861,SHP-1861,2023-09-24,Local Carrier,"Paulhaven, Estonia",Pending,2022-10-27T07:22:51
862,SHP-1862,2025-07-23,FedEx,"North Kristentown, United States Virgin Islands",Delivered,2020-11-14T16:47:45
863,SHP-1863,2023-12-28,DHL,"West Katelyn, Swaziland",Pending,2021-10-05T15:19:33
864,SHP-1864,2021-04-27,Maersk,"Hufffurt, Saint Barthelemy",Cancelled,2024-06-24T00:57:19
865,SHP-1865,2024-08-07,Maersk,"Kimberlyhaven, Lao People's Democratic Republic",Cancelled,2025-01-10T12:06:20
866,SHP-1866,2025-10-22,FedEx,"Alejandrastad, Tuvalu",Pending,2022-11-21T00:56:17
867,SHP-1867,2020-12-19,UPS,"Yuton, Saudi Arabia",Cancelled,2025-10-08T18:08:56
868,SHP-1868,2025-01-10,DHL,"Port Gene, Austria",Pending,2025-02-27T08:53:31
869,SHP-1869,2023-03-31,UPS,"Port Bradley, Switzerland",Cancelled,2022-03-07T09:20:12
870,SHP-1870,2024-03-09,Maersk,"West Heatherborough, Mali",Delivered,2020-11-14T20:23:14
871,SHP-1871,2024-06-30,FedEx,"New Daleview, Rwanda",Cancelled,2022-08-30T15:50:39
872,SHP-1872,2024-07-20,Local Carrier,"North Douglas, Timor-Leste",In Transit,2025-06-11T07:06:28
873,SHP-1873,2025-06-19,DHL,"Holmesbury, Benin",In Transit,2024-07-20T02:02:44
874,SHP-1874,2024-07-10,UPS,"West Jasmine, Nigeria",Pending,2021-01-09T07:46:29
875,SHP-1875,2024-11-06,Maersk,"Port Rachel, Haiti",In Transit,2025-09-06T11:39:41
876,SHP-1876,2022-05-14,Local Carrier,"Heatherview, Cape Verde",Cancelled,2025-01-25T11:05:21
877,SHP-1877,2020-11-25,FedEx,"Singhchester, Papua New Guinea",Delivered,2025-03-01T00:54:46
878,SHP-1878,2025-10-31,Local Carrier,"East Jacob, Luxembourg",In Transit,2022-08-21T20:56:03
879,SHP-1879,2021-08-05,Maersk,"South Joy, Bhutan",Cancelled,2023-12-10T11:48:57
880,SHP-1880,2024-02-01,Maersk,"Thomasborough, Faroe Islands",Pending,2022-12-02T22:04:47
881,SHP-1881,2021-07-12,Local Carrier,"South Christopherborough, Uruguay",Cancelled,2025-04-07T22:00:14
882,SHP-1882,2022-11-12,DHL,"Leestad, Antigua and Barbuda",In Transit,2023-06-23T20:08:11
883,SHP-1883,2023-08-11,Maersk,"South Theresa, Northern Mariana Islands",Pending,2025-04-14T18:14:11
884,SHP-1884,2022-03-27,Maersk,"New Savannah, Cuba",Cancelled,2024-08-19T05:59:37
885,SHP-1885,2025-03-11,FedEx,"Jesusport, Vanuatu",Pending,2025-03-03T18:38:21
886,SHP-1886,2024-08-23,Maersk,"Dawsonfurt, Congo",Cancelled,2023-05-29T02:54:39
887,SHP-1887,2024-06-24,Local Carrier,"Lake Vernonton, Saint Martin",Pending,2023-06-06T19:40:53
888,SHP-1888,2021-05-05,FedEx,"Toddfort, United Arab Emirates",Delivered,2021-02-04T11:57:47
889,SHP-1889,2025-01-03,Local Carrier,"Port Cole, Ireland",Pending,2022-01-10T19:51:41
890,SHP-1890,2022-03-21,UPS,"Herrerahaven, Pakistan",Cancelled,2022-09-09T12:11:27
891,SHP-1891,2022-10-25,DHL,"South Keith, Peru",Delivered,2021-04-09T11:48:31
892,SHP-1892,2021-10-21,Local Carrier,"South Andrea, Lithuania",Delivered,2021-04-25T14:56:21
893,SHP-1893,2022-10-27,FedEx,"Lake Glen, Wallis and Futuna",Cancelled,2023-08-20T08:14:37
894,SHP-1894,2024-07-01,Local Carrier,"North Madisonmouth, French Southern Territories",Cancelled,2020-12-22T01:35:25
895,SHP-1895,2024-01-10,Local Carrier,"West Christinemouth, Palau",Pending,2021-08-10T05:54:38
896,SHP-1896,2025-05-03,Maersk,"Amandamouth, Puerto Rico",Cancelled,2024-11-04T07:42:25
897,SHP-1897,2023-12-22,UPS,"West Kayla, Senegal",Pending,2024-10-12T19:36:14
898,SHP-1898,2024-10-09,Maersk,"Chadport, Congo",Cancelled,2024-08-30T15:02:19
899,SHP-1899,2023-01-24,Local Carrier,"West Karibury, Liechtenstein",Cancelled,2023-09-08T21:51:26
900,SHP-1900,2023-12-31,Maersk,"West Dianabury, Russian Federation",Pending,2024-09-28T08:19:10
901,SHP-1901,2025-08-22,Maersk,"Webershire, Ghana",Pending,2025-10-15T11:04:26
902,SHP-1902,2025-02-22,Local Carrier,"Carrietown, Netherlands Antilles",In Transit,2022-11-11T18:06:45
903,SHP-1903,2020-11-04,UPS,"East Jennifermouth, Guinea",Pending,2020-12-10T01:49:14
904,SHP-1904,2021-12-28,FedEx,"Geoffreytown, Sudan",Pending,2022-05-16T15:46:31
905,SHP-1905,2021-12-21,Local Carrier,"Donnaton, British Indian Ocean Territory (Chagos Archipelago)",Pending,2023-03-10T07:15:35
906,SHP-1906,2025-09-06,UPS,"Stewartmouth, United States of America",In Transit,2022-10-05T11:10:07
907,SHP-1907,2024-04-28,FedEx,"Brianbury, Qatar",Pending,2025-07-15T04:20:28
908,SHP-1908,2025-07-03,DHL,"Zacharybury, United Arab Emirates",Pending,2025-02-17T05:11:06
909,SHP-1909,2024-11-09,FedEx,"East Zacharymouth, French Guiana",Cancelled,2021-08-09T02:13:47
910,SHP-1910,2022-11-20,Local Carrier,"Rebeccaborough, Puerto Rico",Delivered,2023-07-27T06:33:53
911,SHP-1911,2021-03-28,Maersk,"Wilsonton, Somalia",In Transit,2025-01-23T05:01:36
912,SHP-1912,2023-06-26,Maersk,"Hopkinsmouth, Armenia",Pending,2022-06-05T23:48:12
913,SHP-1913,2023-04-14,Maersk,"West Johnbury, Botswana",Cancelled,2023-11-21T18:27:28
914,SHP-1914,2023-04-09,UPS,"Deanbury, Senegal",Delivered,2024-04-29T16:46:54
915,SHP-1915,2023-05-09,Maersk,"East Jameschester, Cook Islands",Pending,2023-10-12T18:34:54
916,SHP-1916,2021-12-05,UPS,"South Matthew, Svalbard & Jan Mayen Islands",In Transit,2024-06-08T10:52:03
917,SHP-1917,2025-10-29,FedEx,"Allisonshire, Falkland Islands (Malvinas)",Cancelled,2022-06-04T08:07:28
918,SHP-1918,2023-06-08,UPS,"Thomasfort, Denmark",Pending,2021-12-05T16:01:54
919,SHP-1919,2025-01-04,Maersk,"Patriciahaven, Canada",In Transit,2023-09-06T16:43:10
920,SHP-1920,2021-11-13,Local Carrier,"Pennybury, El Salvador",In Transit,2021-09-10T02:10:31
921,SHP-1921,2024-01-26,UPS,"East Robin, Somalia",Delivered,2021-01-04T09:31:58
922,SHP-1922,2021-07-09,Maersk,"South Alexis, Holy See (Vatican City State)",Delivered,2021-04-28T02:10:17
923,SHP-1923,2024-01-08,FedEx,"West Stephen, Qatar",Pending,2024-06-18T17:19:22
924,SHP-1924,2025-08-21,Local Carrier,"Gordonmouth, Romania",Delivered,2022-04-15T01:27:00
925,SHP-1925,2024-12-08,FedEx,"Scottside, Gabon",In Transit,2025-02-12T10:08:15
926,SHP-1926,2025-01-29,FedEx,"Mckenzieland, Barbados",Cancelled,2022-02-26T22:46:07
927,SHP-1927,2025-09-27,Maersk,"Oliverport, Cote d'Ivoire",Cancelled,2022-04-14T16:54:19
928,SHP-1928,2023-12-11,UPS,"Amyport, Georgia",In Transit,2020-12-05T21:40:51
929,SHP-1929,2023-06-28,UPS,"South Brian, Saint Helena",In Transit,2022-08-31T12:56:15
930,SHP-1930,2023-04-27,Local Carrier,"Zacharyhaven, Luxembourg",Delivered,2021-07-20T14:00:33
931,SHP-1931,2024-12-07,Local Carrier,"Smithfort, New Zealand",Delivered,2025-09-03T18:41:42
932,SHP-1932,2022-06-16,DHL,"Danview, Bermuda",Pending,2022-07-10T10:04:42
933,SHP-1933,2021-08-12,DHL,"Leonardland, Benin",Pending,2025-03-03T22:10:11
934,SHP-1934,2023-08-26,DHL,"Heatherport, Palestinian Territory",Cancelled,2024-03-22T23:40:41
935,SHP-1935,2022-10-20,FedEx,"New Corey, Tunisia",Delivered,2024-01-31T04:28:33
936,SHP-1936,2022-08-28,UPS,"Taylorbury, Algeria",In Transit,2023-09-30T08:43:45
937,SHP-1937,2023-12-03,UPS,"Hicksfurt, Colombia",In Transit,2025-08-16T23:12:59
938,SHP-1938,2024-12-15,DHL,"Catherinemouth, Montenegro",Delivered,2024-05-30T06:56:52
939,SHP-1939,2021-07-30,Local Carrier,"North Megan, Ireland",Pending,2022-05-23T09:36:30
940,SHP-1940,2021-08-30,Maersk,"Robinfort, Grenada",Delivered,2025-01-14T16:00:37
941,SHP-1941,2023-05-01,Maersk,"West Wendy, Hungary",Cancelled,2021-03-03T14:18:47
942,SHP-1942,2022-12-16,Maersk,"Nguyenville, Falkland Islands (Malvinas)",Cancelled,2022-03-23T23:41:28
943,SHP-1943,2021-04-29,FedEx,"Crystalchester, Timor-Leste",Delivered,2025-01-15T03:52:19
944,SHP-1944,2022-08-31,UPS,"Jacobchester, France",Cancelled,2022-08-01T22:21:53
945,SHP-1945,2021-08-02,Local Carrier,"Samuelhaven, Sao Tome and Principe",Pending,2021-03-18T16:13:56
946,SHP-1946,2022-10-19,Local Carrier,"Watsonside, Equatorial Guinea",Pending,2023-04-10T02:18:08
947,SHP-1947,2025-03-30,Local Carrier,"Isabellastad, Monaco",Cancelled,2025-06-21T05:54:36
948,SHP-1948,2023-09-19,DHL,"Lake Thomasville, Bulgaria",Delivered,2022-09-11T04:27:51
949,SHP-1949,2024-05-12,FedEx,"Port Barbarastad, Timor-Leste",Delivered,2025-03-03T00:31:23
950,SHP-1950,2021-08-12,Local Carrier,"Lake Sonia, Serbia",Delivered,2022-11-24T19:31:34
951,SHP-1951,2023-02-03,Maersk,"East David, Nicaragua",Cancelled,2021-03-13T02:32:00
952,SHP-1952,2024-06-25,UPS,"New Adamland, Nepal",In Transit,2024-04-27T04:28:16
953,SHP-1953,2023-06-21,UPS,"Jessicachester, Saint Pierre and Miquelon",Delivered,2022-12-14T01:17:22
954,SHP-1954,2025-03-03,DHL,"East Daniel, Solomon Islands",Pending,2022-10-02T22:16:34
955,SHP-1955,2024-05-07,DHL,"North Ashleyside, Togo",In Transit,2021-02-13T16:56:37
956,SHP-1956,2021-04-18,DHL,"Rebeccaville, Sao Tome and Principe",In Transit,2023-05-20T17:55:19
957,SHP-1957,2025-09-18,FedEx,"Port Timothyfort, Saint Martin",Cancelled,2025-06-09T16:04:26
958,SHP-1958,2024-01-23,Local Carrier,"Port Jamesshire, Niger",In Transit,2025-08-08T10:15:29
959,SHP-1959,2022-06-24,Local Carrier,"South Tiffany, Barbados",In Transit,2022-11-24T06:42:38
960,SHP-1960,2024-05-22,Maersk,"Franklinmouth, Angola",Pending,2025-04-03T19:38:56
961,SHP-1961,2022-10-22,DHL,"Port Sheryl, Finland",Cancelled,2022-08-01T15:39:35
962,SHP-1962,2021-07-10,UPS,"South Markbury, Samoa",Pending,2025-08-17T10:03:34
963,SHP-1963,2023-08-29,Maersk,"Harmonmouth, Falkland Islands (Malvinas)",Cancelled,2025-08-08T08:14:22
964,SHP-1964,2024-08-08,Local Carrier,"Martinhaven, Greenland",Cancelled,2025-03-20T11:54:19
965,SHP-1965,2022-04-15,FedEx,"Jenniferhaven, Palau",Delivered,2022-05-26T11:51:08
966,SHP-1966,2022-08-28,FedEx,"Coleville, Fiji",In Transit,2025-09-11T10:17:18
967,SHP-1967,2021-01-10,Local Carrier,"North Kayla, Croatia",In Transit,2025-06-28T23:39:20
968,SHP-1968,2022-01-29,UPS,"Rhodesburgh, Gambia",Pending,2021-12-18T04:08:38
969,SHP-1969,2021-09-07,FedEx,"Ingrammouth, Togo",Pending,2023-11-25T09:13:17
970,SHP-1970,2021-05-27,Local Carrier,"South Michelleburgh, Sierra Leone",Pending,2025-05-29T22:15:16
971,SHP-1971,2021-03-11,UPS,"New Debbiefurt, Lesotho",Cancelled,2023-06-26T10:25:28
972,SHP-1972,2021-03-31,Maersk,"Edwardport, Palau",Delivered,2022-06-13T16:48:38
973,SHP-1973,2021-09-02,UPS,"West Shawn, South Africa",In Transit,2023-12-16T14:42:47
974,SHP-1974,2023-09-25,UPS,"East Dawnburgh, British Virgin Islands",Delivered,2021-01-30T12:07:10
975,SHP-1975,2021-05-06,Local Carrier,"Port Williamtown, Lithuania",In Transit,2023-03-10T16:17:33
976,SHP-1976,2023-05-15,FedEx,"South Sophiafurt, United Kingdom",Cancelled,2021-12-16T07:14:16
977,SHP-1977,2021-11-21,DHL,"Oneillstad, Bouvet Island (Bouvetoya)",Cancelled,2025-01-05T18:38:59
978,SHP-1978,2023-04-26,Maersk,"Wagnerport, Latvia",Cancelled,2023-12-24T06:37:29
979,SHP-1979,2021-08-11,UPS,"Housefort, Dominican Republic",Cancelled,2023-10-14T22:17:12
980,SHP-1980,2022-03-23,Local Carrier,"West Douglas, Mauritania",In Transit,2025-10-29T06:59:44
981,SHP-1981,2021-10-21,Local Carrier,"West Charles, Slovenia",In Transit,2022-06-10T10:38:22
982,SHP-1982,2022-08-19,Maersk,"North Michaelmouth, Sri Lanka",In Transit,2021-06-20T07:05:24
983,SHP-1983,2024-03-01,FedEx,"Davidberg, Kenya",Delivered,2022-12-03T03:10:28
984,SHP-1984,2022-06-26,FedEx,"West Omar, Mayotte",Cancelled,2020-12-28T01:41:15
985,SHP-1985,2022-08-09,DHL,"Williamsonburgh, Montserrat",Delivered,2022-04-18T16:51:12
986,SHP-1986,2025-10-24,Maersk,"South Mitchellmouth, Norfolk Island",In Transit,2021-07-01T17:57:13
987,SHP-1987,2020-11-10,FedEx,"Newtonchester, Togo",Delivered,2021-06-23T03:15:32
988,SHP-1988,2023-10-15,Local Carrier,"Ashleyland, Ukraine",Cancelled,2024-12-12T22:12:37
989,SHP-1989,2023-03-28,UPS,"Warrenport, Bahamas",Pending,2023-08-04T23:37:05
990,SHP-1990,2022-03-18,Maersk,"Greenton, Gibraltar",Pending,2023-11-01T07:00:26
991,SHP-1991,2022-04-05,DHL,"Meganborough, Vanuatu",Delivered,2021-06-02T09:52:01
992,SHP-1992,2021-04-07,FedEx,"Edwardsland, Qatar",Cancelled,2024-12-05T19:47:52
993,SHP-1993,2021-12-09,Local Carrier,"Erinberg, Moldova",Cancelled,2022-08-27T06:50:29
994,SHP-1994,2024-06-13,DHL,"Brittneychester, United States of America",Pending,2023-09-27T05:35:59
995,SHP-1995,2022-04-21,Maersk,"Emilytown, Djibouti",In Transit,2023-03-04T14:20:46
996,SHP-1996,2024-12-17,Local Carrier,"South Leslie, Djibouti",In Transit,2024-03-24T11:09:56
997,SHP-1997,2025-02-03,DHL,"Lake Thomas, Afghanistan",Cancelled,2023-11-29T13:21:00
998,SHP-1998,2021-11-24,UPS,"Davidhaven, Cameroon",In Transit,2025-05-04T11:14:45
999,SHP-1999,2021-02-19,DHL,"North Luisberg, Oman",Cancelled,2023-05-16T20:05:55
1000,SHP-2000,2021-06-18,UPS,"Mcdonaldport, Israel",In Transit,2023-01-04T02:21:45
1001,SHP-2001,2021-10-04,Local Carrier,"New Timothyland, Denmark",In Transit,2023-05-24T02:17:26
1002,SHP-2002,2023-05-19,Local Carrier,"West Daniel, Saint Lucia",Delivered,2025-06-25T07:19:33
1003,SHP-2003,2022-10-09,Maersk,"Kimberlyfort, Brunei Darussalam",Pending,2021-01-26T23:00:08
1004,SHP-2004,2020-11-06,Local Carrier,"Lake Ericburgh, Cayman Islands",Pending,2023-04-30T12:45:55
1005,SHP-2005,2021-01-12,Maersk,"Coltonview, Taiwan",Delivered,2024-09-19T03:39:31
1006,SHP-2006,2024-01-13,DHL,"Geraldton, Ecuador",Delivered,2024-10-31T02:57:28
1007,SHP-2007,2022-03-15,UPS,"West Kevin, Lithuania",Pending,2025-09-03T01:40:40
1008,SHP-2008,2023-08-17,Local Carrier,"Cynthiaville, Kenya",Delivered,2023-11-21T00:52:39
1009,SHP-2009,2024-04-20,Local Carrier,"Boydmouth, Solomon Islands",Pending,2025-01-03T10:05:35
1010,SHP-2010,2025-09-17,UPS,"East Cherylville, British Indian Ocean Territory (Chagos Archipelago)",In Transit,2023-08-11T22:35:31
1011,SHP-2011,2025-06-26,UPS,"West Derrick, Romania",Pending,2021-09-24T22:41:34
1012,SHP-2012,2022-03-06,Maersk,"New Michelle, Gibraltar",Delivered,2021-02-02T02:45:32
1013,SHP-2013,2023-09-04,Local Carrier,"East Mariestad, Czech Republic",Delivered,2024-07-29T09:39:16
1014,SHP-2014,2022-04-07,Maersk,"Kennethhaven, Congo",In Transit,2022-07-27T06:53:12
1015,SHP-2015,2022-10-22,Maersk,"Santosview, Liechtenstein",In Transit,2022-02-09T09:43:14
1016,SHP-2016,2023-11-27,FedEx,"Wilsonside, Belarus",In Transit,2024-02-06T16:26:20
1017,SHP-2017,2022-09-24,Local Carrier,"Rodriguezborough, Faroe Islands",Delivered,2023-10-21T04:25:45
1018,SHP-2018,2023-01-10,Local Carrier,"Allisonfort, Uzbekistan",Pending,2022-06-30T18:04:28
1019,SHP-2019,2021-02-15,FedEx,"North Justinmouth, Iran",In Transit,2023-11-02T21:32:10
1020,SHP-2020,2024-12-08,Local Carrier,"West Paulabury, Somalia",Cancelled,2023-11-01T13:30:40
1021,SHP-2021,2024-03-13,Maersk,"Lake David, Gibraltar",Pending,2021-12-27T00:09:47
1022,SHP-2022,2023-12-31,Maersk,"North Williamland, Zambia",Pending,2024-03-24T05:46:08
1023,SHP-2023,2023-12-31,UPS,"North Angelabury, Samoa",Pending,2024-08-09T16:46:44
1024,SHP-2024,2023-08-01,DHL,"Benjaminfort, Fiji",Pending,2022-12-15T14:26:34
1025,SHP-2025,2022-09-20,Maersk,"Port Katherineton, Thailand",Delivered,2022-07-08T16:50:28
1026,SHP-2026,2024-05-31,DHL,"New Christineville, Guernsey",Delivered,2023-09-11T04:51:40
1027,SHP-2027,2025-05-14,FedEx,"East Annahaven, New Caledonia",In Transit,2023-08-31T03:32:59
1028,SHP-2028,2025-04-04,Local Carrier,"Duncanstad, Morocco",Pending,2025-01-27T09:36:19
1029,SHP-2029,2020-12-30,Local Carrier,"Matthewfurt, Austria",In Transit,2024-11-10T22:22:48
1030,SHP-2030,2023-09-10,UPS,"Lake Leonton, Brazil",Delivered,2023-12-13T22:12:10
1031,SHP-2031,2021-12-19,Local Carrier,"East Christopher, Saint Kitts and Nevis",In Transit,2024-06-20T14:51:31
1032,SHP-2032,2020-11-17,DHL,"New Carlberg, Uruguay",Pending,2025-05-08T19:08:02
1033,SHP-2033,2023-07-10,FedEx,"Lake Bradleytown, American Samoa",Delivered,2024-09-06T08:56:46
1034,SHP-2034,2023-04-05,DHL,"Rogerschester, Sudan",Delivered,2025-03-04T00:38:06
1035,SHP-2035,2022-09-16,Maersk,"South Mary, Tuvalu",Cancelled,2020-12-13T20:07:57
1036,SHP-2036,2020-11-24,Local Carrier,"Sextonstad, Lesotho",Delivered,2023-11-17T17:24:54
1037,SHP-2037,2020-11-23,FedEx,"Watkinschester, Mali",In Transit,2023-10-16T02:50:55
1038,SHP-2038,2024-02-24,Maersk,"Deanborough, India",Delivered,2024-09-04T15:22:54
1039,SHP-2039,2023-09-12,FedEx,"Caseymouth, Saint Helena",Pending,2021-03-30T11:07:42
1040,SHP-2040,2024-03-15,Local Carrier,"North Russellland, Kuwait",Pending,2022-09-12T03:25:11
1041,SHP-2041,2024-05-13,UPS,"Lake Jamie, Turkmenistan",In Transit,2022-08-08T00:21:11
1042,SHP-2042,2023-12-02,FedEx,"New Adrianberg, Hong Kong",In Transit,2024-06-19T07:34:53
1043,SHP-2043,2021-02-21,Local Carrier,"New Katelyn, Palau",In Transit,2024-04-12T20:39:56
1044,SHP-2044,2024-04-20,UPS,"New Jennifer, Fiji",Pending,2024-05-11T10:09:08
1045,SHP-2045,2024-07-23,DHL,"Lake Williamton, Papua New Guinea",Delivered,2022-04-06T09:20:23
1046,SHP-2046,2025-09-21,Local Carrier,"Crawfordchester, Canada",Delivered,2021-12-27T18:46:37
1047,SHP-2047,2024-01-24,FedEx,"West Tracy, Saint Lucia",In Transit,2022-03-22T05:56:31
1048,SHP-2048,2024-05-24,DHL,"Deannaville, Switzerland",Delivered,2024-05-23T03:41:29
1049,SHP-2049,2023-11-03,Maersk,"Morganton, Cyprus",Pending,2023-05-27T10:54:34
1050,SHP-2050,2023-06-01,FedEx,"Amyville, Niger",In Transit,2021-08-12T17:59:42
1051,SHP-2051,2023-10-28,Maersk,"North Kristen, Kuwait",Pending,2023-07-18T23:17:14
1052,SHP-2052,2025-09-27,DHL,"Smithshire, Guinea-Bissau",In Transit,2023-06-06T07:48:53
1053,SHP-2053,2024-07-03,UPS,"Sonyafurt, American Samoa",Delivered,2022-05-26T10:31:38
1054,SHP-2054,2022-09-18,FedEx,"Lake Deanna, Peru",In Transit,2023-09-07T06:27:48
1055,SHP-2055,2021-01-02,Maersk,"Nguyenmouth, Senegal",Delivered,2024-04-22T02:51:20
1056,SHP-2056,2021-07-18,DHL,"Albertchester, Cambodia",Cancelled,2023-11-29T20:06:24
1057,SHP-2057,2023-08-11,Maersk,"Cooperhaven, Chile",Delivered,2025-02-14T14:08:17
1058,SHP-2058,2021-01-27,DHL,"West Markside, Madagascar",Pending,2022-04-30T02:30:16
1059,SHP-2059,2025-10-21,Maersk,"South Phillipchester, Chad",In Transit,2023-01-04T16:11:03
1060,SHP-2060,2020-11-27,DHL,"New Deborahfort, Liberia",Delivered,2020-12-16T23:39:13
1061,SHP-2061,2022-03-08,DHL,"Keithview, Lithuania",Pending,2021-12-28T10:07:27
1062,SHP-2062,2025-10-12,UPS,"Marshallbury, Korea",Pending,2023-01-11T13:46:11
1063,SHP-2063,2021-09-11,Local Carrier,"South Glennchester, New Caledonia",Delivered,2020-12-02T13:37:34
1064,SHP-2064,2023-02-23,Maersk,"Smithborough, Guam",Pending,2022-12-30T09:53:24
1065,SHP-2065,2024-06-04,Local Carrier,"Freemanland, Costa Rica",Cancelled,2025-10-14T15:14:33
1066,SHP-2066,2021-10-19,Maersk,"West Kristinabury, Australia",Cancelled,2025-06-06T03:45:41
1067,SHP-2067,2023-08-12,FedEx,"North Lauriefurt, Nigeria",Delivered,2021-10-09T10:48:19
1068,SHP-2068,2024-09-08,UPS,"East Adamville, Lesotho",Pending,2025-04-06T11:55:22
1069,SHP-2069,2025-06-19,UPS,"Taylortown, Lithuania",Delivered,2022-10-29T10:24:29
1070,SHP-2070,2022-08-11,Maersk,"South Deborahchester, Eritrea",In Transit,2021-09-27T03:48:45
1071,SHP-2071,2023-10-24,UPS,"Williamsborough, Antarctica (the territory South of 60 deg S)",In Transit,2024-05-22T16:38:14
1072,SHP-2072,2024-05-04,Maersk,"Foxmouth, Russian Federation",Delivered,2024-12-19T23:09:17
1073,SHP-2073,2025-01-15,Local Carrier,"New Fernandoville, Japan",Delivered,2022-05-03T01:12:48
1074,SHP-2074,2023-07-22,FedEx,"Sandovalshire, Taiwan",Delivered,2022-05-19T15:22:11
1075,SHP-2075,2024-10-13,Local Carrier,"West Heather, Korea",Pending,2022-04-07T10:04:45
1076,SHP-2076,2025-10-01,FedEx,"East Richard, Turkmenistan",Pending,2021-03-01T13:11:34
1077,SHP-2077,2025-04-18,DHL,"Michaelstad, Saint Martin",Pending,2023-02-21T05:38:00
1078,SHP-2078,2022-06-16,FedEx,"Lake Anthony, Zimbabwe",Pending,2023-09-15T11:04:21
1079,SHP-2079,2023-05-08,UPS,"Castilloborough, Mauritania",Cancelled,2024-09-03T16:09:51
1080,SHP-2080,2020-11-11,Local Carrier,"Mcgrathside, Malaysia",In Transit,2022-03-06T17:16:12
1081,SHP-2081,2025-03-21,UPS,"Courtneyfurt, Zimbabwe",Pending,2023-02-25T04:26:05
1082,SHP-2082,2023-05-04,Maersk,"East Codymouth, Israel",In Transit,2022-08-08T09:17:52
1083,SHP-2083,2025-10-08,FedEx,"Mathewston, Sri Lanka",In Transit,2022-07-29T05:44:45
1084,SHP-2084,2024-07-12,Maersk,"North Jennifer, Liberia",In Transit,2023-06-21T16:39:26
1085,SHP-2085,2022-03-28,Maersk,"Benjaminmouth, Seychelles",Cancelled,2021-08-23T09:47:09
1086,SHP-2086,2021-12-18,Maersk,"Lake Phyllis, Palestinian Territory",Pending,2024-07-20T08:42:34
1087,SHP-2087,2024-12-09,UPS,"East Susan, Benin",Pending,2023-05-02T04:40:25
1088,SHP-2088,2024-01-02,Maersk,"Port Davidland, Seychelles",Cancelled,2023-02-22T13:48:27
1089,SHP-2089,2022-05-09,Local Carrier,"Tracychester, Montenegro",In Transit,2022-10-08T13:03:10
1090,SHP-2090,2020-12-17,UPS,"Montgomeryton, Lebanon",In Transit,2022-09-28T04:05:42
1091,SHP-2091,2025-08-27,UPS,"Lake Nicole, Netherlands Antilles",Pending,2024-11-21T08:36:08
1092,SHP-2092,2022-03-14,Maersk,"Port Scott, American Samoa",In Transit,2020-12-18T06:51:50
1093,SHP-2093,2025-07-28,UPS,"Turnermouth, Chad",In Transit,2024-03-21T15:23:56
1094,SHP-2094,2021-05-23,Maersk,"Alexandershire, Saudi Arabia",Delivered,2025-10-22T15:39:02
1095,SHP-2095,2021-03-08,UPS,"Isabelberg, Haiti",Pending,2025-08-22T08:41:43
1096,SHP-2096,2024-09-18,Local Carrier,"Luisport, Czech Republic",Pending,2024-11-19T02:34:43
1097,SHP-2097,2023-04-12,DHL,"Myersside, Uganda",Delivered,2024-06-10T15:02:31
1098,SHP-2098,2022-11-17,UPS,"East Melissatown, Norfolk Island",In Transit,2023-02-05T12:49:11
1099,SHP-2099,2025-05-08,Local Carrier,"Acevedochester, Thailand",Cancelled,2025-02-22T01:16:02
1100,SHP-2100,2025-01-19,Maersk,"Joshuabury, Dominica",Pending,2020-11-11T20:26:56
1101,SHP-2101,2022-07-12,UPS,"Paulview, Seychelles",Pending,2023-03-24T03:20:44
1102,SHP-2102,2021-07-09,Maersk,"South Davidbury, Austria",Delivered,2024-05-30T00:15:11
1103,SHP-2103,2024-11-28,UPS,"Veronicaberg, Benin",Pending,2025-05-18T01:18:58
1104,SHP-2104,2023-03-08,Maersk,"New Dawn, Nauru",In Transit,2024-10-10T07:17:38
1105,SHP-2105,2020-12-22,DHL,"West Krista, Switzerland",Delivered,2024-02-17T19:59:23
1106,SHP-2106,2021-02-14,FedEx,"East Nathanport, Russian Federation",Cancelled,2024-01-06T08:56:20
1107,SHP-2107,2022-05-05,Local Carrier,"Christinamouth, Mongolia",Pending,2022-09-14T16:44:09
1108,SHP-2108,2021-04-20,UPS,"East Stephaniefurt, Egypt",Cancelled,2025-03-11T10:44:14
1109,SHP-2109,2021-02-07,Local Carrier,"New Derek, Palestinian Territory",Cancelled,2025-01-14T11:10:54
1110,SHP-2110,2024-12-17,Local Carrier,"Joneston, Bulgaria",Pending,2024-07-08T12:58:01
1111,SHP-2111,2021-01-25,UPS,"Catherinefurt, Tajikistan",Delivered,2023-01-23T09:44:53
1112,SHP-2112,2023-02-22,UPS,"Ariasfurt, Puerto Rico",Pending,2023-09-13T00:35:58
1113,SHP-2113,2022-12-03,DHL,"Garciaside, Kyrgyz Republic",Delivered,2023-03-15T23:06:11
1114,SHP-2114,2022-05-01,FedEx,"Justinmouth, Zimbabwe",Cancelled,2023-08-23T21:42:48
1115,SHP-2115,2025-02-05,FedEx,"Seanfurt, Nigeria",Pending,2023-03-07T04:30:37
1116,SHP-2116,2023-07-24,Maersk,"Port William, Cameroon",Delivered,2021-06-23T03:38:49
1117,SHP-2117,2021-04-11,Local Carrier,"Rebekahshire, Egypt",Cancelled,2021-10-17T11:35:15
1118,SHP-2118,2024-05-11,Maersk,"Staffordland, Bahrain",In Transit,2021-10-04T11:14:29
1119,SHP-2119,2021-02-02,DHL,"New Dennis, Haiti",Cancelled,2025-02-02T23:18:16
1120,SHP-2120,2024-06-21,DHL,"Lindafurt, Wallis and Futuna",Pending,2025-03-16T17:17:04
1121,SHP-2121,2021-04-02,UPS,"Port Joeland, Grenada",Pending,2021-09-22T16:13:44
1122,SHP-2122,2021-05-15,Maersk,"North Tamaraville, Thailand",Pending,2024-08-27T14:07:38
1123,SHP-2123,2023-08-22,Maersk,"Paulchester, Cote d'Ivoire",Pending,2025-09-21T14:18:27
1124,SHP-2124,2024-09-13,Maersk,"East Jorgeside, Kiribati",Cancelled,2023-09-18T06:53:28
1125,SHP-2125,2025-06-08,Local Carrier,"Terryshire, United States of America",Pending,2022-02-16T11:51:52
1126,SHP-2126,2024-08-01,DHL,"New Sandraview, Gambia",Cancelled,2021-04-28T20:58:55
1127,SHP-2127,2021-04-04,Local Carrier,"New Ericland, South Africa",Delivered,2021-08-13T18:15:24
1128,SHP-2128,2024-05-05,FedEx,"Loriside, Eritrea",Pending,2021-08-09T17:47:06
1129,SHP-2129,2023-02-25,Local Carrier,"South Timothyfort, Comoros",Cancelled,2025-07-23T18:06:48
1130,SHP-2130,2023-11-21,DHL,"New Gregory, Hong Kong",Delivered,2021-02-04T18:17:49
1131,SHP-2131,2023-10-04,UPS,"Pinedaville, Andorra",Pending,2025-10-18T14:56:31
1132,SHP-2132,2024-10-26,Maersk,"Loriberg, Netherlands",Delivered,2021-10-07T19:47:15
1133,SHP-2133,2022-03-18,UPS,"South Susan, Falkland Islands (Malvinas)",In Transit,2023-08-10T08:53:47
1134,SHP-2134,2020-11-02,FedEx,"Davismouth, Turks and Caicos Islands",Cancelled,2025-06-09T23:52:07
1135,SHP-2135,2025-07-03,Local Carrier,"Port Brandonfurt, Jordan",Cancelled,2025-10-23T10:43:10
1136,SHP-2136,2021-08-01,UPS,"Hendrixton, Andorra",In Transit,2024-07-06T01:56:24
1137,SHP-2137,2022-03-21,Local Carrier,"Port Michelle, Senegal",Pending,2021-11-04T21:30:07
1138,SHP-2138,2024-09-29,DHL,"Changshire, Georgia",Delivered,2023-07-21T14:05:33
1139,SHP-2139,2021-01-19,FedEx,"South Gloria, Sudan",Cancelled,2025-06-04T12:43:50
1140,SHP-2140,2025-03-17,FedEx,"West Monica, Chad",Cancelled,2025-09-07T23:19:28
1141,SHP-2141,2022-01-14,Local Carrier,"Knoxville, Cuba",Pending,2022-09-14T06:33:23
1142,SHP-2142,2023-07-28,FedEx,"Lopezport, Burkina Faso",In Transit,2025-08-05T12:37:48
1143,SHP-2143,2023-10-21,UPS,"North Danielville, Faroe Islands",Pending,2024-12-05T20:29:04
1144,SHP-2144,2024-10-19,DHL,"Thompsonside, Niger",Delivered,2022-09-02T17:50:44
1145,SHP-2145,2025-06-28,UPS,"Lake Toniborough, Armenia",In Transit,2025-02-16T07:02:01
1146,SHP-2146,2022-11-26,Local Carrier,"New Peter, Burkina Faso",In Transit,2021-06-08T14:24:43
1147,SHP-2147,2022-12-30,DHL,"Lake Robert, Northern Mariana Islands",Pending,2022-10-05T06:51:14
1148,SHP-2148,2025-10-20,UPS,"Davidmouth, Guadeloupe",Pending,2024-02-13T15:12:36
1149,SHP-2149,2022-06-15,UPS,"East Derrickport, Dominican Republic",Delivered,2023-01-12T19:26:59
1150,SHP-2150,2024-08-28,UPS,"Port Dianaburgh, Mauritania",Pending,2024-07-03T14:52:28
1151,SHP-2151,2022-01-11,UPS,"Daleland, United Arab Emirates",Pending,2023-02-15T17:23:18
1152,SHP-2152,2021-07-23,UPS,"Lake Amybury, Isle of Man",Cancelled,2022-03-17T17:43:24
1153,SHP-2153,2025-05-08,FedEx,"North Nicolaston, Australia",In Transit,2024-12-07T06:19:38
1154,SHP-2154,2024-03-15,Local Carrier,"Charlesborough, Jersey",Delivered,2025-08-24T09:16:34
1155,SHP-2155,2023-04-27,FedEx,"Michealmouth, Bahamas",Pending,2021-05-28T17:30:56
1156,SHP-2156,2023-03-04,Local Carrier,"Ryantown, Nicaragua",Cancelled,2022-01-16T18:00:57
1157,SHP-2157,2023-07-11,Local Carrier,"Heatherport, Jamaica",In Transit,2021-11-06T07:53:37
1158,SHP-2158,2025-05-14,Maersk,"New Christine, United Arab Emirates",Pending,2020-11-14T16:17:29
1159,SHP-2159,2021-03-09,DHL,"Walshside, Germany",Pending,2023-11-11T15:54:53
1160,SHP-2160,2022-09-29,Maersk,"Alexanderborough, Guatemala",In Transit,2024-10-21T07:38:56
1161,SHP-2161,2025-01-23,DHL,"Andrewmouth, Myanmar",Cancelled,2022-10-08T09:47:44
1162,SHP-2162,2023-12-14,DHL,"Hawkinshaven, Belize",Pending,2022-10-04T08:55:10
1163,SHP-2163,2023-04-27,FedEx,"Cathyberg, Italy",In Transit,2023-09-03T14:15:46
1164,SHP-2164,2021-12-30,Local Carrier,"Port Justin, Niger",In Transit,2022-05-25T07:05:56
1165,SHP-2165,2023-12-16,UPS,"Jonborough, British Virgin Islands",Pending,2024-11-18T09:42:46
1166,SHP-2166,2023-07-23,Local Carrier,"New Jacobville, Cambodia",Pending,2024-07-12T07:25:26
1167,SHP-2167,2022-04-05,FedEx,"North Colleen, Hungary",In Transit,2021-04-06T10:22:46
1168,SHP-2168,2024-03-10,Maersk,"Port Jonathan, Svalbard & Jan Mayen Islands",Cancelled,2024-08-13T20:29:41
1169,SHP-2169,2025-08-19,Maersk,"New Davidmouth, Tanzania",Delivered,2021-10-02T02:30:53
1170,SHP-2170,2023-12-12,FedEx,"Desireeside, North Macedonia",Cancelled,2022-05-07T23:54:54
1171,SHP-2171,2025-04-21,Maersk,"Port Lukestad, Lesotho",Cancelled,2021-12-18T00:30:52
1172,SHP-2172,2020-11-17,DHL,"Chenside, San Marino",Delivered,2021-05-09T12:52:10
1173,SHP-2173,2024-11-19,DHL,"New Paul, Bangladesh",Cancelled,2023-07-04T12:30:29
1174,SHP-2174,2022-04-13,DHL,"Tylerburgh, Maldives",Pending,2023-11-27T17:54:58
1175,SHP-2175,2021-06-13,DHL,"New Kim, Rwanda",In Transit,2023-02-03T14:07:23
1176,SHP-2176,2021-03-16,DHL,"Port Christopherport, Isle of Man",Pending,2024-08-15T07:31:45
1177,SHP-2177,2021-07-03,UPS,"Meganport, Poland",Delivered,2022-10-14T19:26:14
1178,SHP-2178,2023-02-08,Maersk,"West Linda, Argentina",In Transit,2021-05-17T10:27:33
1179,SHP-2179,2023-10-15,DHL,"New Nicholas, Myanmar",In Transit,2024-09-24T15:31:59
1180,SHP-2180,2025-05-19,UPS,"New Meghanbury, Sierra Leone",Delivered,2022-11-20T14:04:39
1181,SHP-2181,2022-05-12,FedEx,"Allenland, Paraguay",In Transit,2021-04-23T16:09:04
1182,SHP-2182,2021-01-19,FedEx,"New Tylerview, Togo",Cancelled,2021-05-04T20:37:35
1183,SHP-2183,2021-09-28,UPS,"Randyhaven, Serbia",In Transit,2022-09-09T10:01:48
1184,SHP-2184,2023-10-29,DHL,"South John, Western Sahara",Delivered,2025-03-20T06:50:01
1185,SHP-2185,2025-07-27,FedEx,"Cruzbury, Cayman Islands",Delivered,2021-01-28T11:41:51
1186,SHP-2186,2023-07-18,Maersk,"South William, Grenada",Cancelled,2025-08-31T05:22:12
1187,SHP-2187,2022-05-23,FedEx,"Mcdonaldville, Dominica",Cancelled,2021-03-25T02:07:14
1188,SHP-2188,2023-12-09,Maersk,"Turnerfort, Grenada",In Transit,2024-06-28T17:12:30
1189,SHP-2189,2024-08-04,FedEx,"North Seanville, Guyana",In Transit,2022-04-03T22:19:42
1190,SHP-2190,2025-05-26,FedEx,"Port Krystal, Cayman Islands",Cancelled,2020-11-09T09:55:49
1191,SHP-2191,2023-06-01,Maersk,"West Aprilland, Uganda",Delivered,2024-10-04T10:23:49
1192,SHP-2192,2023-09-24,DHL,"Kirkton, Niger",Delivered,2021-08-26T13:43:36
1193,SHP-2193,2025-05-03,Maersk,"Scottchester, Ecuador",Pending,2021-09-19T16:36:31
1194,SHP-2194,2022-03-29,UPS,"Andrewfurt, Samoa",Cancelled,2022-03-02T01:36:31
1195,SHP-2195,2023-02-02,Maersk,"New Olivia, Cameroon",In Transit,2022-05-10T05:09:53
1196,SHP-2196,2025-09-07,Local Carrier,"Livingstonside, Thailand",Cancelled,2022-05-17T18:24:22
1197,SHP-2197,2023-09-29,Local Carrier,"East Tammy, Oman",Cancelled,2024-06-24T01:29:24
1198,SHP-2198,2024-04-23,FedEx,"Joshuaton, Solomon Islands",Pending,2023-02-16T17:05:23
1199,SHP-2199,2025-03-12,FedEx,"Kelliport, Palestinian Territory",In Transit,2025-06-11T19:52:36
1200,SHP-2200,2022-06-09,Maersk,"Jefferymouth, French Southern Territories",Delivered,2020-12-24T19:16:24
1201,SHP-2201,2024-08-03,UPS,"Lake Jayton, Montenegro",In Transit,2023-02-09T11:55:56
1202,SHP-2202,2021-06-02,FedEx,"South Paulburgh, Congo",Pending,2022-05-27T22:58:13
1203,SHP-2203,2021-05-07,FedEx,"New Gailside, Argentina",Cancelled,2025-01-16T11:35:12
1204,SHP-2204,2023-07-05,Local Carrier,"West Sierrafort, Palestinian Territory",Pending,2024-11-14T07:22:07
1205,SHP-2205,2024-07-16,Local Carrier,"Lake Matthewton, Thailand",Pending,2020-11-18T05:38:45
1206,SHP-2206,2023-03-31,FedEx,"Millerfort, Jersey",Cancelled,2024-01-21T03:37:50
1207,SHP-2207,2025-03-05,UPS,"Amandaview, South Georgia and the South Sandwich Islands",Pending,2022-04-10T19:53:58
1208,SHP-2208,2023-10-11,DHL,"Julieside, Mozambique",Pending,2022-06-16T20:53:38
1209,SHP-2209,2021-10-21,Local Carrier,"North William, United States Virgin Islands",Delivered,2023-02-15T02:13:32
1210,SHP-2210,2021-10-01,FedEx,"Stephensborough, Croatia",Cancelled,2024-07-25T02:54:30
1211,SHP-2211,2020-12-23,Maersk,"Fisherville, Belize",Cancelled,2023-09-28T07:28:17
1212,SHP-2212,2023-06-13,Local Carrier,"East Jeremyside, Cuba",Delivered,2025-05-30T20:47:13
1213,SHP-2213,2021-07-09,Local Carrier,"Alexandriaport, Sierra Leone",Pending,2024-11-03T10:14:39
1214,SHP-2214,2020-12-11,Maersk,"East Amberview, Spain",In Transit,2025-08-05T09:37:46
1215,SHP-2215,2024-07-28,Maersk,"Bryanthaven, Saint Lucia",Cancelled,2021-08-04T00:31:07
1216,SHP-2216,2022-04-02,Local Carrier,"North Jeffreyport, Cote d'Ivoire",Pending,2024-10-24T16:59:55
1217,SHP-2217,2024-08-19,UPS,"Port Markview, Bosnia and Herzegovina",Delivered,2021-05-22T03:27:20
1218,SHP-2218,2021-01-31,UPS,"Cherylfurt, Korea",Cancelled,2024-11-18T23:49:25
1219,SHP-2219,2022-03-02,Maersk,"Lake Ivanborough, Poland",Cancelled,2024-05-20T14:31:55
1220,SHP-2220,2022-04-25,DHL,"West Gregory, Isle of Man",Pending,2024-11-03T02:43:52
1221,SHP-2221,2023-03-22,UPS,"East Heidishire, Romania",Cancelled,2024-10-28T00:44:23
1222,SHP-2222,2025-08-10,Maersk,"East Hannah, Malaysia",Delivered,2024-10-10T10:24:42
1223,SHP-2223,2024-05-19,Maersk,"Lake Brianburgh, Syrian Arab Republic",Pending,2024-08-15T00:41:39
1224,SHP-2224,2023-08-09,FedEx,"Bethview, Iraq",In Transit,2024-12-19T02:27:56
1225,SHP-2225,2022-05-22,UPS,"Welchmouth, Turks and Caicos Islands",Pending,2021-03-07T00:27:52
1226,SHP-2226,2025-08-12,Local Carrier,"Tracyfort, Equatorial Guinea",Cancelled,2024-09-07T05:41:51
1227,SHP-2227,2025-07-21,UPS,"South Thomasshire, Guernsey",Delivered,2023-03-19T17:48:53
1228,SHP-2228,2023-12-02,FedEx,"West Christopher, Nigeria",Pending,2020-12-24T22:05:16
1229,SHP-2229,2024-02-03,DHL,"Walterport, Bhutan",Delivered,2025-06-04T05:44:43
1230,SHP-2230,2021-09-14,Local Carrier,"Mcknightborough, Palau",In Transit,2022-12-21T01:40:00
1231,SHP-2231,2021-11-29,Maersk,"Lake Barbara, Tunisia",Cancelled,2023-04-26T09:34:23
1232,SHP-2232,2023-12-13,UPS,"East Renee, Uzbekistan",Cancelled,2022-05-03T13:03:38
1233,SHP-2233,2025-05-25,Local Carrier,"Jonesfurt, Angola",Cancelled,2023-11-21T23:57:30
1234,SHP-2234,2022-04-01,Maersk,"West Melissa, Taiwan",In Transit,2025-10-07T05:10:55
1235,SHP-2235,2021-11-09,DHL,"Lake Brandonchester, Tunisia",Delivered,2021-06-15T20:55:53
1236,SHP-2236,2024-10-06,FedEx,"Lake Rebeccafurt, Guatemala",Delivered,2022-08-05T11:36:31
1237,SHP-2237,2023-05-10,FedEx,"Lake Drewport, Tanzania",Delivered,2021-12-15T14:20:47
1238,SHP-2238,2021-06-02,UPS,"Lynchstad, Puerto Rico",Cancelled,2023-10-06T11:03:27
1239,SHP-2239,2022-02-06,Maersk,"Ivanburgh, Bangladesh",Cancelled,2025-02-26T12:13:26
1240,SHP-2240,2021-12-19,FedEx,"North Adam, Saint Vincent and the Grenadines",Delivered,2024-02-04T15:36:00
1241,SHP-2241,2025-08-11,DHL,"New Amanda, Singapore",Delivered,2023-10-29T14:06:27
1242,SHP-2242,2021-08-05,Local Carrier,"Lake Kyle, Western Sahara",Delivered,2024-03-25T04:16:50
1243,SHP-2243,2023-12-11,FedEx,"East Timothyshire, Bolivia",Cancelled,2024-08-19T18:25:22
1244,SHP-2244,2024-07-21,Maersk,"Thompsonside, Guinea-Bissau",Pending,2024-05-31T15:33:52
1245,SHP-2245,2021-06-20,DHL,"East Dawn, Guatemala",Cancelled,2021-02-05T22:38:27
1246,SHP-2246,2021-11-22,DHL,"Calvinhaven, New Caledonia",Delivered,2025-05-01T08:55:49
1247,SHP-2247,2021-08-19,Maersk,"Higginsburgh, Philippines",Cancelled,2021-06-30T12:00:46
1248,SHP-2248,2024-11-06,Local Carrier,"New Cherylhaven, Egypt",Pending,2025-04-19T08:53:55
1249,SHP-2249,2022-02-03,Maersk,"South Joseph, Denmark",Pending,2022-06-19T17:12:59
1250,SHP-2250,2022-06-26,Local Carrier,"South Alexandermouth, Colombia",Delivered,2021-03-18T19:24:44
1251,SHP-2251,2023-01-01,DHL,"Hayesburgh, British Virgin Islands",Pending,2024-07-19T23:53:26
1252,SHP-2252,2022-12-02,UPS,"North Dustinhaven, Guinea-Bissau",Pending,2024-12-15T04:16:46
1253,SHP-2253,2022-07-06,Maersk,"Patrickport, Denmark",Cancelled,2021-08-31T10:08:38
1254,SHP-2254,2022-12-28,UPS,"Lake Angelachester, Ecuador",Cancelled,2021-09-21T01:50:11
1255,SHP-2255,2025-01-29,Local Carrier,"East Daniel, Colombia",Pending,2025-08-03T16:18:22
1256,SHP-2256,2025-02-13,Local Carrier,"Burtonbury, Niger",Cancelled,2022-01-05T16:56:06
1257,SHP-2257,2024-08-04,Maersk,"West Ericchester, Kenya",In Transit,2025-09-22T21:19:18
1258,SHP-2258,2022-03-28,DHL,"Wendyfort, Mayotte",Pending,2024-10-31T03:51:30
1259,SHP-2259,2023-06-07,UPS,"West Brendabury, Svalbard & Jan Mayen Islands",In Transit,2025-10-23T08:52:18
1260,SHP-2260,2020-11-27,FedEx,"Judyberg, Angola",Cancelled,2024-01-23T10:04:33
1261,SHP-2261,2021-03-28,Local Carrier,"North Jenniferview, United Kingdom",Cancelled,2025-08-16T17:55:29
1262,SHP-2262,2022-08-16,UPS,"Kyleshire, Niue",Pending,2022-06-21T21:19:44
1263,SHP-2263,2024-06-11,Maersk,"Lake Richard, Belarus",Pending,2024-08-24T20:22:20
1264,SHP-2264,2021-04-20,FedEx,"Port Donna, Dominica",Cancelled,2021-05-26T23:29:55
1265,SHP-2265,2024-05-23,FedEx,"New Kevinton, Egypt",Delivered,2023-01-05T03:50:20
1266,SHP-2266,2023-11-04,Local Carrier,"Baileychester, Sao Tome and Principe",In Transit,2023-03-07T17:25:45
1267,SHP-2267,2023-05-20,UPS,"Katherineshire, Montserrat",Cancelled,2023-09-27T13:46:07
1268,SHP-2268,2025-04-30,DHL,"West Whitney, Angola",Pending,2023-12-10T09:51:48
1269,SHP-2269,2024-09-28,Local Carrier,"Lanetown, Cameroon",Pending,2021-05-11T19:42:54
1270,SHP-2270,2022-01-26,FedEx,"East Kevin, Isle of Man",Pending,2025-07-28T04:56:16
1271,SHP-2271,2023-02-21,UPS,"Port Lisa, Chile",Delivered,2021-02-03T03:47:47
1272,SHP-2272,2024-03-02,DHL,"Meredithmouth, Afghanistan",In Transit,2021-09-15T05:38:45
1273,SHP-2273,2021-07-08,UPS,"Lake Juliaville, Tonga",Delivered,2024-04-26T23:53:29
1274,SHP-2274,2023-07-25,DHL,"Laurieton, Norfolk Island",Cancelled,2024-10-01T11:46:11
1275,SHP-2275,2023-03-21,Local Carrier,"Paulhaven, Turkey",Pending,2021-07-24T22:14:45
1276,SHP-2276,2024-07-05,Local Carrier,"South Erica, Northern Mariana Islands",In Transit,2022-09-07T15:27:58
1277,SHP-2277,2022-03-10,UPS,"Patrickland, Nauru",Delivered,2025-02-14T09:24:03
1278,SHP-2278,2025-05-04,DHL,"Rachelside, Belarus",Delivered,2022-02-08T11:48:24
1279,SHP-2279,2020-12-14,UPS,"Grahammouth, Monaco",In Transit,2023-06-12T17:28:39
1280,SHP-2280,2023-11-01,Maersk,"Martinville, Kazakhstan",In Transit,2023-04-25T14:32:54
1281,SHP-2281,2025-04-14,Maersk,"New Nicholasberg, Libyan Arab Jamahiriya",Pending,2021-01-29T04:44:18
1282,SHP-2282,2023-10-14,DHL,"Sandersshire, Liechtenstein",Pending,2021-05-26T08:18:04
1283,SHP-2283,2022-04-06,Local Carrier,"Perryfurt, Mayotte",Pending,2023-12-23T12:32:32
1284,SHP-2284,2021-11-16,DHL,"Lake Scottfort, United Arab Emirates",Delivered,2024-10-31T22:24:48
1285,SHP-2285,2024-08-14,FedEx,"Valenciatown, Svalbard & Jan Mayen Islands",Pending,2024-08-08T04:34:07
1286,SHP-2286,2025-05-23,Maersk,"West Christopherstad, Libyan Arab Jamahiriya",Pending,2022-04-24T19:45:19
1287,SHP-2287,2022-07-19,DHL,"Benjaminberg, Grenada",In Transit,2025-04-27T01:55:14
1288,SHP-2288,2024-09-16,UPS,"Leblancfort, Cameroon",Delivered,2023-01-12T13:06:00
1289,SHP-2289,2024-12-28,FedEx,"Tranmouth, Namibia",Delivered,2022-07-19T04:52:07
1290,SHP-2290,2025-03-25,Maersk,"New Daniel, San Marino",Cancelled,2024-10-08T00:58:11
1291,SHP-2291,2024-08-13,Local Carrier,"Port Kim, Norway",Cancelled,2021-06-05T15:52:26
1292,SHP-2292,2023-03-13,FedEx,"Parsonsfurt, Thailand",Delivered,2024-06-18T02:06:13
1293,SHP-2293,2021-03-21,Local Carrier,"West Ashley, Azerbaijan",In Transit,2021-03-28T16:56:05
1294,SHP-2294,2021-11-16,UPS,"Tammymouth, Mozambique",Delivered,2022-01-13T11:47:45
1295,SHP-2295,2024-08-29,FedEx,"East Nathaniel, Palau",Delivered,2025-01-13T06:18:23
1296,SHP-2296,2024-05-20,Maersk,"Port James, Sri Lanka",In Transit,2021-07-21T14:43:23
1297,SHP-2297,2024-03-14,DHL,"West Danieltown, Egypt",Cancelled,2024-05-21T10:23:34
1298,SHP-2298,2024-11-01,DHL,"South Samanthaton, Slovakia (Slovak Republic)",In Transit,2021-12-08T06:03:23
1299,SHP-2299,2025-10-19,Local Carrier,"Lake Christina, Guatemala",In Transit,2022-07-27T04:54:32
1300,SHP-2300,2022-08-08,DHL,"West David, Congo",Pending,2021-06-19T02:15:11
1301,SHP-2301,2022-12-07,FedEx,"Wardton, Ethiopia",Delivered,2023-08-23T08:28:41
1302,SHP-2302,2021-04-06,Maersk,"West Sarahchester, Malaysia",In Transit,2022-05-05T12:31:14
1303,SHP-2303,2025-08-23,Maersk,"Donaldsonchester, Saint Lucia",Pending,2021-10-07T14:24:25
1304,SHP-2304,2021-08-23,UPS,"Christopherberg, Ukraine",Cancelled,2021-09-11T06:41:02
1305,SHP-2305,2021-01-23,UPS,"Lake Sheritown, Malaysia",Cancelled,2025-02-01T22:36:01
1306,SHP-2306,2022-02-03,UPS,"North Lindsayfort, Reunion",In Transit,2022-10-11T19:55:24
1307,SHP-2307,2022-09-18,UPS,"Port Ricardoshire, Monaco",Delivered,2023-02-07T00:58:47
1308,SHP-2308,2024-01-22,Local Carrier,"Lake Ginaview, Bolivia",In Transit,2025-03-02T20:56:02
1309,SHP-2309,2023-01-21,FedEx,"Shelbyside, Netherlands",Pending,2023-04-03T23:50:31
1310,SHP-2310,2025-06-03,Maersk,"Lake Jasmin, Cayman Islands",Cancelled,2024-06-26T08:29:21
1311,SHP-2311,2020-12-23,DHL,"East Matthew, Spain",In Transit,2023-07-18T17:02:35
1312,SHP-2312,2024-01-06,UPS,"Jenniferville, Cambodia",Delivered,2024-01-24T09:12:42
1313,SHP-2313,2021-02-26,UPS,"Port Brandon, United States Virgin Islands",Delivered,2021-01-14T20:37:06
1314,SHP-2314,2024-05-14,DHL,"Donnabury, Afghanistan",Pending,2021-07-06T21:00:40
1315,SHP-2315,2025-02-08,DHL,"Jamesport, Estonia",Cancelled,2022-03-06T09:56:18
1316,SHP-2316,2023-03-20,Local Carrier,"North Nathaniel, United States of America",Pending,2022-12-07T07:52:06
1317,SHP-2317,2022-06-16,DHL,"Melissaberg, Serbia",Delivered,2024-07-29T23:31:58
1318,SHP-2318,2023-12-19,DHL,"Brooksshire, Belarus",Cancelled,2025-06-26T12:25:43
1319,SHP-2319,2023-12-24,DHL,"Ramosbury, Syrian Arab Republic",In Transit,2024-04-27T13:44:33
1320,SHP-2320,2021-04-03,Maersk,"Lake Jenniferville, Cote d'Ivoire",Delivered,2025-06-22T14:16:49
1321,SHP-2321,2023-10-06,FedEx,"Melindamouth, Malaysia",In Transit,2025-06-16T11:11:06
1322,SHP-2322,2022-09-30,Local Carrier,"Middletonview, Sri Lanka",Cancelled,2023-10-01T14:10:01
1323,SHP-2323,2024-05-29,UPS,"Ashleymouth, Uganda",Pending,2025-01-10T10:47:57
1324,SHP-2324,2024-12-05,FedEx,"Stewartmouth, Bulgaria",Cancelled,2023-01-10T14:15:08
1325,SHP-2325,2022-09-29,DHL,"Jessicachester, Liechtenstein",Pending,2025-09-14T15:49:43
1326,SHP-2326,2024-07-25,Local Carrier,"West Christianbury, South Georgia and the South Sandwich Islands",Delivered,2025-04-27T19:53:25
1327,SHP-2327,2024-02-08,FedEx,"Horneville, Sierra Leone",In Transit,2022-04-25T19:25:48
1328,SHP-2328,2023-07-11,UPS,"Bowersborough, French Guiana",Delivered,2025-03-26T10:52:57
1329,SHP-2329,2024-02-01,DHL,"Jonesport, Luxembourg",Delivered,2022-09-22T00:43:52
1330,SHP-2330,2025-02-25,Local Carrier,"West Thomasmouth, Chad",Pending,2023-08-20T08:52:19
1331,SHP-2331,2023-06-28,FedEx,"Johnborough, Myanmar",In Transit,2025-05-22T06:44:03
1332,SHP-2332,2025-08-27,FedEx,"New Michaelberg, Swaziland",Cancelled,2023-08-19T19:52:55
1333,SHP-2333,2025-01-14,Local Carrier,"Walterberg, Cambodia",Cancelled,2025-02-08T17:58:27
1334,SHP-2334,2022-05-10,UPS,"New Deannahaven, Romania",Cancelled,2022-02-09T19:32:44
1335,SHP-2335,2022-01-09,DHL,"North Victoria, Rwanda",Delivered,2023-03-07T12:38:46
1336,SHP-2336,2022-01-29,FedEx,"North Tammymouth, Puerto Rico",Delivered,2025-06-12T04:59:49
1337,SHP-2337,2022-06-12,Local Carrier,"West Jerryborough, Sudan",In Transit,2023-06-26T00:47:10
1338,SHP-2338,2024-05-29,Local Carrier,"Jonesside, Egypt",Pending,2021-08-15T03:54:34
1339,SHP-2339,2023-03-06,UPS,"Murphyfort, Tonga",In Transit,2025-02-25T06:26:13
1340,SHP-2340,2023-09-12,Local Carrier,"East Saraland, Cyprus",Delivered,2025-10-05T13:19:09
1341,SHP-2341,2025-03-15,UPS,"Andrewville, Barbados",Cancelled,2025-08-31T03:47:35
1342,SHP-2342,2024-11-03,UPS,"Garciaside, Somalia",Pending,2021-04-24T04:23:03
1343,SHP-2343,2021-01-22,UPS,"Chambersberg, Brazil",Delivered,2022-01-11T05:36:49
1344,SHP-2344,2021-01-07,Local Carrier,"East Johnton, Haiti",Cancelled,2023-10-23T19:09:33
1345,SHP-2345,2021-01-30,FedEx,"Williamsfurt, Gibraltar",In Transit,2024-05-31T15:36:53
1346,SHP-2346,2021-05-23,FedEx,"South Brent, Haiti",Cancelled,2025-03-22T18:26:24
1347,SHP-2347,2023-04-09,Local Carrier,"West Jennifermouth, Gambia",In Transit,2025-08-02T06:54:52
1348,SHP-2348,2025-04-25,FedEx,"Port Ashley, Philippines",Cancelled,2022-07-04T10:00:16
1349,SHP-2349,2022-05-08,UPS,"Shelleyfurt, Nauru",In Transit,2025-07-09T19:04:56
1350,SHP-2350,2023-02-23,DHL,"West Anthonychester, Nauru",In Transit,2023-04-22T10:19:51
1351,SHP-2351,2023-05-29,UPS,"West Elizabeth, Kyrgyz Republic",Cancelled,2022-08-02T16:47:29
1352,SHP-2352,2023-07-12,Maersk,"Mathisville, Hungary",Cancelled,2025-08-05T08:44:45
1353,SHP-2353,2025-09-15,DHL,"Patrickfort, Andorra",Cancelled,2025-03-29T18:07:57
1354,SHP-2354,2021-12-28,Maersk,"East Alexander, Vanuatu",In Transit,2023-07-23T08:11:24
1355,SHP-2355,2021-01-28,UPS,"Samuelfurt, Saint Lucia",Cancelled,2021-03-24T04:29:47
1356,SHP-2356,2023-11-06,DHL,"Stewartberg, Lithuania",In Transit,2024-02-01T23:10:21
1357,SHP-2357,2024-12-01,FedEx,"New Davidburgh, Romania",In Transit,2021-06-14T04:17:44
1358,SHP-2358,2021-06-01,Maersk,"Tanyafort, Uzbekistan",In Transit,2022-11-12T04:22:19
1359,SHP-2359,2021-11-30,Local Carrier,"Jennifershire, Kazakhstan",Cancelled,2023-06-15T21:47:50
1360,SHP-2360,2023-09-22,Maersk,"West Michaelberg, Norfolk Island",Delivered,2024-01-24T02:55:12
1361,SHP-2361,2023-07-24,FedEx,"East Brittanyborough, Cuba",Delivered,2021-12-17T20:46:54
1362,SHP-2362,2024-04-07,UPS,"Susanmouth, Taiwan",Delivered,2024-01-07T07:04:26
1363,SHP-2363,2025-08-02,Maersk,"Cindyton, Faroe Islands",Delivered,2023-06-21T14:32:02
1364,SHP-2364,2023-02-12,FedEx,"Lake Ritamouth, Sierra Leone",In Transit,2022-05-24T21:41:33
1365,SHP-2365,2023-07-12,UPS,"Frenchview, Yemen",Pending,2023-09-09T16:12:59
1366,SHP-2366,2024-12-28,Maersk,"Port Lauraside, Heard Island and McDonald Islands",Pending,2022-08-05T19:26:16
1367,SHP-2367,2022-06-07,Maersk,"North Amandaside, Tuvalu",Pending,2023-12-01T09:25:51
1368,SHP-2368,2025-09-17,DHL,"Amberhaven, Morocco",Cancelled,2024-01-10T12:24:19
1369,SHP-2369,2025-10-19,UPS,"Tammyburgh, Uzbekistan",Cancelled,2022-08-18T09:27:56
1370,SHP-2370,2021-02-24,DHL,"New Karenside, Hungary",Cancelled,2024-12-15T17:21:44
1371,SHP-2371,2024-05-03,Maersk,"Harveyton, Cape Verde",Pending,2024-11-21T14:27:41
1372,SHP-2372,2023-03-11,FedEx,"Allenfurt, Guinea-Bissau",Delivered,2021-02-06T07:09:45
1373,SHP-2373,2022-09-09,DHL,"Port James, Guatemala",Delivered,2021-06-04T23:36:36
1374,SHP-2374,2023-04-01,DHL,"Sarahland, Tuvalu",Delivered,2022-12-03T19:59:17
1375,SHP-2375,2024-11-27,UPS,"West Keithfurt, Malta",Delivered,2022-12-25T23:06:47
1376,SHP-2376,2020-11-18,Local Carrier,"South William, Mexico",Pending,2021-07-10T02:01:38
1377,SHP-2377,2022-01-28,Local Carrier,"Schroederview, Mongolia",Pending,2020-12-23T15:03:32
1378,SHP-2378,2024-03-08,UPS,"Smithland, Qatar",In Transit,2025-01-14T15:36:10
1379,SHP-2379,2023-09-15,Maersk,"Port Jesse, Reunion",In Transit,2023-04-03T02:51:22
1380,SHP-2380,2022-03-12,FedEx,"Webbmouth, Portugal",In Transit,2022-11-18T11:12:15
1381,SHP-2381,2022-08-24,UPS,"Knightberg, Egypt",In Transit,2021-11-27T15:40:09
1382,SHP-2382,2023-08-12,DHL,"Port Frankstad, Sierra Leone",Pending,2023-01-02T13:34:02
1383,SHP-2383,2023-12-28,UPS,"Gabrielhaven, Sierra Leone",In Transit,2022-01-13T18:40:42
1384,SHP-2384,2024-10-12,UPS,"North Danielle, Lithuania",In Transit,2021-11-30T16:13:46
1385,SHP-2385,2022-08-07,DHL,"Port Christinamouth, Suriname",Delivered,2023-04-27T19:26:49
1386,SHP-2386,2025-10-26,FedEx,"Carpentertown, New Caledonia",Pending,2022-11-08T19:12:50
1387,SHP-2387,2021-04-26,Local Carrier,"Lake Jacobton, Saint Vincent and the Grenadines",Pending,2025-10-17T01:49:27
1388,SHP-2388,2025-08-19,FedEx,"Ochoaview, Morocco",Delivered,2021-03-05T04:14:28
1389,SHP-2389,2021-03-01,Local Carrier,"South Joshuaborough, San Marino",Delivered,2020-11-28T17:58:25
1390,SHP-2390,2025-09-04,FedEx,"West Kelly, Taiwan",In Transit,2022-11-30T18:35:33
1391,SHP-2391,2024-07-13,UPS,"East John, Paraguay",Cancelled,2023-08-14T10:04:13
1392,SHP-2392,2025-03-15,UPS,"North Thomasside, Uzbekistan",Pending,2021-08-04T11:03:35
1393,SHP-2393,2022-08-22,FedEx,"New Daniel, Kiribati",Cancelled,2021-10-10T07:47:18
1394,SHP-2394,2025-06-07,DHL,"Rodriguezshire, Syrian Arab Republic",In Transit,2024-04-10T03:10:40
1395,SHP-2395,2022-06-28,Maersk,"Glennhaven, Haiti",Pending,2021-08-14T03:28:32
1396,SHP-2396,2024-06-02,DHL,"East Laurafurt, Netherlands Antilles",Cancelled,2025-10-13T13:44:14
1397,SHP-2397,2025-08-02,UPS,"Allenmouth, Korea",Delivered,2024-06-27T22:35:07
1398,SHP-2398,2025-09-14,Local Carrier,"Dominguezborough, Suriname",Cancelled,2024-08-13T19:01:10
1399,SHP-2399,2023-09-26,DHL,"West Billy, Iceland",Delivered,2025-07-10T11:19:00
1400,SHP-2400,2021-11-12,DHL,"Scottport, Malta",Cancelled,2021-11-04T06:06:36
1401,SHP-2401,2025-01-22,DHL,"North Michael, Ghana",Pending,2021-12-05T12:58:30
1402,SHP-2402,2023-09-07,Local Carrier,"North Angela, Pitcairn Islands",In Transit,2023-12-06T04:13:50
1403,SHP-2403,2022-06-11,DHL,"North Pamelaland, Burkina Faso",Delivered,2021-09-06T01:09:53
1404,SHP-2404,2022-06-24,UPS,"Hansontown, Norfolk Island",Delivered,2023-05-05T23:55:52
1405,SHP-2405,2025-01-30,Maersk,"Martinland, Ukraine",Delivered,2020-12-25T08:23:06
1406,SHP-2406,2025-10-10,FedEx,"Cassandrachester, Guinea-Bissau",Cancelled,2024-06-08T20:54:05
1407,SHP-2407,2024-11-29,DHL,"East Jamesstad, Spain",Cancelled,2024-07-30T20:22:13
1408,SHP-2408,2023-10-13,Maersk,"Michelefurt, Burkina Faso",Pending,2021-10-05T21:15:48
1409,SHP-2409,2024-04-02,Local Carrier,"West Joseph, Martinique",In Transit,2022-10-31T19:04:22
1410,SHP-2410,2023-08-09,Local Carrier,"Lake Kennethton, Saint Kitts and Nevis",Cancelled,2023-03-09T12:24:17
1411,SHP-2411,2023-06-25,Maersk,"Amandaton, Cambodia",Cancelled,2022-08-19T07:40:36
1412,SHP-2412,2022-09-15,UPS,"Guzmanview, Bermuda",In Transit,2022-07-14T05:28:04
1413,SHP-2413,2021-04-10,UPS,"West Katherinemouth, Malawi",In Transit,2025-01-23T08:39:13
1414,SHP-2414,2024-10-27,Local Carrier,"Reillyland, Singapore",Delivered,2023-05-21T01:36:35
1415,SHP-2415,2025-10-23,Maersk,"Jonesmouth, Barbados",Delivered,2024-05-14T14:01:03
1416,SHP-2416,2022-06-29,DHL,"Lake Kristyland, Germany",In Transit,2023-07-22T00:48:03
1417,SHP-2417,2023-11-21,DHL,"North Ashley, Gabon",Pending,2024-02-06T12:08:21
1418,SHP-2418,2025-08-13,UPS,"North Keithton, Ethiopia",In Transit,2021-12-29T03:51:30
1419,SHP-2419,2022-12-26,Local Carrier,"Port Dianeton, Sao Tome and Principe",Delivered,2021-01-04T04:18:42
1420,SHP-2420,2024-11-16,FedEx,"Gomezton, Zambia",In Transit,2022-07-29T10:11:05
1421,SHP-2421,2023-05-12,Local Carrier,"Markfurt, Tonga",Delivered,2023-12-15T02:33:37
1422,SHP-2422,2023-10-29,Local Carrier,"Port Robertmouth, Grenada",Pending,2024-03-27T23:51:24
1423,SHP-2423,2022-01-30,Local Carrier,"Connorstad, Guernsey",In Transit,2024-08-17T01:37:21
1424,SHP-2424,2024-08-22,Maersk,"Butlerfurt, Togo",Pending,2025-03-05T01:33:11
1425,SHP-2425,2023-10-11,UPS,"Andrewhaven, Saint Martin",In Transit,2023-01-15T11:56:20
1426,SHP-2426,2025-07-16,Local Carrier,"West Garrettton, Ukraine",Pending,2023-05-06T02:42:29
1427,SHP-2427,2024-06-14,UPS,"Davidside, Argentina",Pending,2024-12-22T00:29:44
1428,SHP-2428,2024-10-10,FedEx,"West Brian, Tajikistan",Pending,2023-06-03T20:08:21
1429,SHP-2429,2023-09-26,Maersk,"Bowmanbury, Guinea-Bissau",Delivered,2021-05-31T19:33:04
1430,SHP-2430,2021-08-08,UPS,"Debrafurt, American Samoa",Cancelled,2020-12-23T02:44:37
1431,SHP-2431,2021-05-01,DHL,"South Henry, British Indian Ocean Territory (Chagos Archipelago)",Cancelled,2022-07-07T01:42:59
1432,SHP-2432,2021-01-04,Local Carrier,"Lake Jennifer, Fiji",Pending,2021-06-18T21:25:10
1433,SHP-2433,2023-01-15,DHL,"Lake Richardburgh, Bahrain",Pending,2021-07-21T16:52:50
1434,SHP-2434,2022-04-10,Local Carrier,"Watsonton, New Caledonia",Delivered,2021-01-12T03:23:45
1435,SHP-2435,2023-09-12,DHL,"Carterfurt, Algeria",Cancelled,2024-09-08T01:26:39
1436,SHP-2436,2021-01-03,Maersk,"South Ethanmouth, Liechtenstein",Pending,2021-10-02T11:40:48
1437,SHP-2437,2025-01-29,Local Carrier,"West Jacob, San Marino",Delivered,2025-07-18T04:16:33
1438,SHP-2438,2021-07-21,FedEx,"Lake Martha, Kazakhstan",Cancelled,2023-01-05T23:40:51
1439,SHP-2439,2020-12-14,DHL,"Levyside, Morocco",Delivered,2021-08-24T11:24:28
1440,SHP-2440,2022-07-28,Local Carrier,"New Johnborough, Finland",In Transit,2021-10-15T22:51:14
1441,SHP-2441,2022-06-23,FedEx,"South Phyllis, Suriname",Cancelled,2023-12-15T08:58:24
1442,SHP-2442,2021-12-01,DHL,"Port Sharonmouth, Pakistan",In Transit,2021-01-24T04:19:10
1443,SHP-2443,2021-05-02,Maersk,"Simsbury, Malawi",Cancelled,2024-10-25T17:51:00
1444,SHP-2444,2023-06-29,Maersk,"Tylerton, Vanuatu",In Transit,2024-10-28T11:41:02
1445,SHP-2445,2023-01-10,DHL,"Byrdberg, Saint Vincent and the Grenadines",In Transit,2022-10-03T17:12:03
1446,SHP-2446,2024-07-22,Maersk,"Hudsonmouth, Italy",Delivered,2024-06-26T18:58:17
1447,SHP-2447,2024-11-23,Local Carrier,"South Jeffrey, Iceland",In Transit,2024-01-26T10:29:57
1448,SHP-2448,2022-09-08,Maersk,"North Kayla, Chile",In Transit,2024-08-24T06:10:03
1449,SHP-2449,2025-01-01,Maersk,"West Sean, Mauritania",Pending,2023-02-07T09:01:23
1450,SHP-2450,2021-08-30,Maersk,"South Jack, Liechtenstein",In Transit,2024-06-18T21:57:01
1451,SHP-2451,2021-08-04,Maersk,"Bankston, India",In Transit,2023-07-24T21:36:01
1452,SHP-2452,2024-01-20,Local Carrier,"Woodardport, Mexico",In Transit,2023-02-08T23:08:00
1453,SHP-2453,2023-10-29,DHL,"North Scottbury, Guatemala",Delivered,2025-01-08T22:55:13
1454,SHP-2454,2024-06-06,FedEx,"Port Debbiemouth, Equatorial Guinea",Cancelled,2025-04-19T23:14:28
1455,SHP-2455,2025-09-30,Local Carrier,"North Austinbury, Iraq",Delivered,2025-08-01T21:48:37
1456,SHP-2456,2020-12-25,Maersk,"Grantchester, Bulgaria",In Transit,2025-10-30T03:18:32
1457,SHP-2457,2024-12-29,UPS,"Davismouth, Kazakhstan",Cancelled,2023-04-22T11:14:20
1458,SHP-2458,2022-09-17,Local Carrier,"Robertport, Bermuda",Cancelled,2021-03-17T19:54:52
1459,SHP-2459,2020-12-11,Local Carrier,"Gabrielville, Armenia",In Transit,2023-05-31T18:46:08
1460,SHP-2460,2023-09-30,DHL,"South Michellefort, Vanuatu",Pending,2023-01-04T20:29:09
1461,SHP-2461,2023-09-06,Maersk,"South Joshua, Nicaragua",Cancelled,2023-03-16T07:48:52
1462,SHP-2462,2023-11-29,FedEx,"Thompsonburgh, Latvia",Cancelled,2023-10-28T23:07:41
1463,SHP-2463,2025-04-09,Maersk,"Lake Adam, French Guiana",Delivered,2021-10-20T02:59:14
1464,SHP-2464,2021-01-04,DHL,"Port Elizabethbury, Sweden",In Transit,2023-08-18T07:53:37
1465,SHP-2465,2022-03-21,Maersk,"Kevinberg, Saint Kitts and Nevis",Pending,2024-12-11T00:18:03
1466,SHP-2466,2022-10-14,Local Carrier,"Martinezstad, Sri Lanka",Cancelled,2022-02-06T00:29:31
1467,SHP-2467,2025-08-07,UPS,"South Kenneth, Holy See (Vatican City State)",Cancelled,2021-11-05T14:13:16
1468,SHP-2468,2025-01-23,DHL,"Barberport, Bhutan",Cancelled,2024-10-20T04:52:18
1469,SHP-2469,2020-12-16,Local Carrier,"Port Christopher, Peru",Delivered,2024-01-21T08:34:58
1470,SHP-2470,2023-09-15,UPS,"Jennifermouth, Congo",Pending,2023-03-23T22:50:37
1471,SHP-2471,2023-10-31,Local Carrier,"Jenniferside, Ukraine",In Transit,2023-09-06T17:20:21
1472,SHP-2472,2022-07-13,Maersk,"Port Phillip, Yemen",Delivered,2022-06-19T12:19:36
1473,SHP-2473,2023-01-05,FedEx,"New Kellytown, Isle of Man",In Transit,2024-05-02T12:23:29
1474,SHP-2474,2022-07-27,UPS,"Biancaview, Mauritania",In Transit,2023-10-12T19:33:47
1475,SHP-2475,2021-07-14,FedEx,"Lewistown, Faroe Islands",Pending,2021-01-19T15:46:22
1476,SHP-2476,2024-08-26,Local Carrier,"South Heathershire, Dominican Republic",Delivered,2024-05-17T20:00:08
1477,SHP-2477,2025-08-31,Maersk,"Frankview, Cambodia",Cancelled,2023-06-07T07:11:37
1478,SHP-2478,2021-08-22,UPS,"East Danielland, North Macedonia",Delivered,2023-11-08T08:45:40
1479,SHP-2479,2022-05-22,UPS,"South Garrett, Spain",In Transit,2023-09-28T18:36:36
1480,SHP-2480,2020-12-28,DHL,"Kennedymouth, Holy See (Vatican City State)",Cancelled,2021-04-14T19:51:08
1481,SHP-2481,2022-07-30,UPS,"West Richard, United States of America",In Transit,2022-12-31T15:52:28
1482,SHP-2482,2025-04-03,Local Carrier,"New Jamiemouth, Burkina Faso",Cancelled,2024-03-03T14:17:10
1483,SHP-2483,2025-01-21,UPS,"Lake Alantown, Jersey",Cancelled,2020-11-17T16:17:51
1484,SHP-2484,2022-01-04,Local Carrier,"Port Claytonside, Papua New Guinea",Delivered,2025-04-30T21:25:21
1485,SHP-2485,2022-02-18,UPS,"East Sarahfort, Venezuela",In Transit,2023-06-14T08:11:48
1486,SHP-2486,2023-01-26,Maersk,"Lake Michelleside, Solomon Islands",Delivered,2022-05-10T16:34:17
1487,SHP-2487,2021-08-16,DHL,"Patriciaburgh, Solomon Islands",Cancelled,2025-01-25T00:10:46
1488,SHP-2488,2022-01-25,Local Carrier,"Donaldbury, French Guiana",Pending,2024-06-04T04:14:36
1489,SHP-2489,2025-01-10,Maersk,"Lake Joel, Sudan",Cancelled,2023-03-27T16:13:34
1490,SHP-2490,2023-07-29,UPS,"Loritown, Ghana",Cancelled,2025-02-22T13:53:00
1491,SHP-2491,2022-04-06,Local Carrier,"West Christopher, Lithuania",Delivered,2024-07-18T08:10:26
1492,SHP-2492,2023-03-12,UPS,"Dustinport, Saudi Arabia",Pending,2022-12-28T06:29:19
1493,SHP-2493,2023-08-20,Maersk,"Brianatown, Congo",Pending,2023-07-10T09:18:19
1494,SHP-2494,2025-05-21,FedEx,"Wrightstad, Austria",Delivered,2024-02-19T11:16:24
1495,SHP-2495,2022-01-18,UPS,"Ortizfurt, Norfolk Island",Cancelled,2022-07-26T19:25:59
1496,SHP-2496,2025-04-22,Maersk,"Lake Paul, Brazil",Cancelled,2024-10-10T21:11:00
1497,SHP-2497,2021-12-09,DHL,"North Tyler, Pitcairn Islands",Delivered,2024-01-29T15:34:33
1498,SHP-2498,2022-11-28,UPS,"North Jesuston, Bahrain",Delivered,2021-10-29T13:18:55
1499,SHP-2499,2022-01-01,DHL,"Williamsburgh, China",In Transit,2021-02-20T04:02:20
1500,SHP-2500,2024-03-22,Maersk,"New Morgan, Saint Vincent and the Grenadines",Delivered,2022-09-12T11:09:34
1501,SHP-2501,2024-12-23,DHL,"North Michael, Israel",Cancelled,2023-05-16T12:07:38
1502,SHP-2502,2025-01-27,UPS,"Brittanyburgh, Congo",Cancelled,2021-09-02T01:31:42
1503,SHP-2503,2024-06-11,Maersk,"North Daniellechester, Yemen",In Transit,2025-07-06T21:22:59
1504,SHP-2504,2020-12-17,FedEx,"East Jacobstad, Netherlands",Cancelled,2022-04-20T12:23:17
1505,SHP-2505,2024-05-22,Local Carrier,"West Rebeccaville, Czech Republic",In Transit,2024-11-24T13:13:36
1506,SHP-2506,2022-10-25,Maersk,"Port Steventon, Bangladesh",In Transit,2023-07-08T08:43:41
1507,SHP-2507,2024-10-10,Maersk,"Cervantesside, Saint Martin",Cancelled,2022-04-24T11:11:23
1508,SHP-2508,2024-11-08,Maersk,"North Andre, Serbia",Delivered,2023-06-14T14:27:04
1509,SHP-2509,2025-09-20,FedEx,"North Amanda, Malta",Pending,2024-06-27T13:04:39
1510,SHP-2510,2021-06-11,FedEx,"Catherineland, Korea",In Transit,2021-06-28T16:26:18
1511,SHP-2511,2024-12-31,FedEx,"Michaelhaven, Belize",In Transit,2024-07-01T05:17:03
1512,SHP-2512,2023-06-04,FedEx,"West Ann, Moldova",Cancelled,2021-09-07T11:24:03
1513,SHP-2513,2021-10-18,Maersk,"Floreshaven, Aruba",Delivered,2022-05-21T05:40:36
1514,SHP-2514,2024-09-08,DHL,"Valerieview, Ireland",Pending,2025-07-01T12:14:12
1515,SHP-2515,2025-06-14,Local Carrier,"North Heather, Greece",Delivered,2025-10-10T08:14:24
1516,SHP-2516,2021-05-11,Maersk,"Dukeborough, Romania",Cancelled,2022-04-23T15:47:16
1517,SHP-2517,2025-09-07,UPS,"Jeromeview, Niger",Delivered,2024-06-09T06:19:15
1518,SHP-2518,2023-09-21,FedEx,"West Alyssaborough, Korea",Pending,2022-01-12T17:24:17
1519,SHP-2519,2024-08-01,UPS,"East Georgemouth, South Africa",Delivered,2021-08-12T02:59:18
1520,SHP-2520,2023-01-03,Local Carrier,"Colemouth, Latvia",Delivered,2021-11-04T14:11:45
1521,SHP-2521,2021-05-01,DHL,"South Luke, Barbados",Delivered,2024-05-28T07:17:29
1522,SHP-2522,2024-07-08,Maersk,"New Jesseside, Swaziland",Pending,2021-04-08T11:06:33
1523,SHP-2523,2024-09-09,Maersk,"South Jonathan, Italy",Cancelled,2021-09-04T16:38:03
1524,SHP-2524,2022-05-06,UPS,"South Tammymouth, Mongolia",Cancelled,2024-09-01T19:07:49
1525,SHP-2525,2023-10-31,Maersk,"Jessicaview, Malawi",In Transit,2020-11-17T06:59:02
1526,SHP-2526,2022-02-14,DHL,"Lake Annachester, Falkland Islands (Malvinas)",Delivered,2023-12-01T14:09:35
1527,SHP-2527,2024-05-27,Maersk,"Justinmouth, Cambodia",Delivered,2024-05-16T07:26:34
1528,SHP-2528,2025-02-03,Local Carrier,"Port Lisa, Afghanistan",Delivered,2022-02-16T22:01:45
1529,SHP-2529,2021-08-24,UPS,"Allentown, Morocco",Pending,2025-10-26T01:39:06
1530,SHP-2530,2021-01-28,DHL,"Wardfort, Hong Kong",Cancelled,2022-02-13T13:58:25
1531,SHP-2531,2022-03-13,FedEx,"Jaredport, Kyrgyz Republic",Delivered,2024-02-07T15:50:33
1532,SHP-2532,2024-07-19,FedEx,"Smithfurt, Guadeloupe",Delivered,2025-10-26T11:12:04
1533,SHP-2533,2024-11-30,Maersk,"Amybury, Guatemala",Delivered,2025-03-30T22:20:07
1534,SHP-2534,2024-07-10,DHL,"Olsonshire, Luxembourg",Cancelled,2022-12-11T22:01:34
1535,SHP-2535,2020-11-22,Local Carrier,"Robertsville, Kyrgyz Republic",Cancelled,2021-10-26T13:55:42
1536,SHP-2536,2022-12-28,UPS,"Benjaminland, Maldives",In Transit,2023-07-28T20:16:23
1537,SHP-2537,2023-03-09,FedEx,"Lake Laurenmouth, Tajikistan",Pending,2023-05-10T22:22:07
1538,SHP-2538,2024-07-13,Local Carrier,"North Jessicahaven, Mauritius",Pending,2022-10-03T22:45:38
1539,SHP-2539,2022-03-18,DHL,"Lake Steven, Equatorial Guinea",Pending,2023-05-12T15:14:05
1540,SHP-2540,2025-04-23,UPS,"Brentmouth, Mali",Cancelled,2024-04-24T10:47:37
1541,SHP-2541,2023-07-26,Local Carrier,"Deannastad, Cuba",Cancelled,2022-04-27T04:45:46
1542,SHP-2542,2024-12-27,Maersk,"West Angela, Serbia",In Transit,2025-09-09T01:42:53
1543,SHP-2543,2023-11-23,Local Carrier,"Abbottberg, Anguilla",Pending,2023-03-12T10:11:47
1544,SHP-2544,2023-11-26,FedEx,"East Laurie, Central African Republic",In Transit,2024-11-09T10:41:29
1545,SHP-2545,2024-10-03,FedEx,"Williammouth, Montenegro",Pending,2025-02-04T15:40:13
1546,SHP-2546,2023-03-03,FedEx,"Eugenechester, Iraq",Pending,2023-03-13T03:39:35
1547,SHP-2547,2022-03-10,UPS,"Dennisview, United Arab Emirates",Delivered,2023-11-23T21:08:34
1548,SHP-2548,2023-03-08,UPS,"East Marisaview, Monaco",Delivered,2025-09-19T08:53:28
1549,SHP-2549,2024-02-11,Maersk,"New Courtney, Dominica",In Transit,2024-04-26T07:42:39
1550,SHP-2550,2021-08-26,DHL,"South Johnmouth, Papua New Guinea",Pending,2025-03-20T01:13:36
1551,SHP-2551,2025-01-04,Local Carrier,"Lake Amy, Cyprus",Pending,2025-06-10T02:50:27
1552,SHP-2552,2022-01-26,DHL,"Angelaburgh, Hong Kong",Delivered,2021-09-23T02:39:37
1553,SHP-2553,2024-05-12,Local Carrier,"Wiseview, United States Virgin Islands",Delivered,2025-03-27T02:46:36
1554,SHP-2554,2025-10-07,DHL,"Wardmouth, Tokelau",Pending,2022-11-04T09:40:17
1555,SHP-2555,2021-10-13,Maersk,"Port James, Micronesia",In Transit,2023-03-24T01:38:49
1556,SHP-2556,2022-11-30,FedEx,"Crawfordport, Mongolia",Cancelled,2023-04-04T05:29:35
1557,SHP-2557,2021-02-06,Maersk,"Roseport, Netherlands Antilles",Pending,2022-04-16T11:30:03
1558,SHP-2558,2021-05-19,Local Carrier,"North Denisefort, Israel",Pending,2022-11-06T21:50:00
1559,SHP-2559,2022-10-27,Local Carrier,"South Stephanie, Switzerland",Delivered,2025-05-29T01:20:20
1560,SHP-2560,2023-12-13,Maersk,"West Troy, Vanuatu",Pending,2025-07-17T01:09:48
1561,SHP-2561,2025-03-31,FedEx,"West Rebecca, Yemen",Delivered,2025-07-27T23:45:44
1562,SHP-2562,2024-09-09,Maersk,"Port Nathanfort, Netherlands Antilles",In Transit,2022-10-30T16:52:39
1563,SHP-2563,2021-02-12,Local Carrier,"Moraleston, Palestinian Territory",Cancelled,2021-12-29T00:02:23
1564,SHP-2564,2025-08-19,Local Carrier,"Christinaberg, Northern Mariana Islands",In Transit,2024-10-08T00:53:58
1565,SHP-2565,2023-09-30,Maersk,"Port Douglasville, Saint Kitts and Nevis",Pending,2024-07-12T13:20:14
1566,SHP-2566,2021-06-24,UPS,"Port Paulton, Peru",In Transit,2024-11-21T05:22:45
1567,SHP-2567,2021-07-20,Local Carrier,"Brendaport, Vietnam",Pending,2021-06-26T19:56:39
1568,SHP-2568,2022-03-21,FedEx,"Robertmouth, Ireland",Pending,2025-01-19T22:35:38
1569,SHP-2569,2022-02-01,UPS,"East Jackstad, Solomon Islands",In Transit,2024-04-28T13:48:28
1570,SHP-2570,2024-08-17,DHL,"North Robynfurt, Reunion",In Transit,2021-11-30T17:27:41
1571,SHP-2571,2023-03-07,DHL,"South Haley, Ireland",Pending,2021-03-14T17:20:12
1572,SHP-2572,2023-09-02,FedEx,"East Erinport, Jersey",Cancelled,2022-08-19T09:44:58
1573,SHP-2573,2022-11-01,Maersk,"Fosterfort, Netherlands Antilles",Cancelled,2023-02-08T18:42:08
1574,SHP-2574,2024-01-05,UPS,"Floresbury, Jamaica",Delivered,2021-03-01T03:17:31
1575,SHP-2575,2023-06-19,UPS,"South Jamesfort, Brunei Darussalam",Pending,2023-10-05T06:59:11
1576,SHP-2576,2023-06-03,Maersk,"Lake Christopherburgh, United Arab Emirates",Delivered,2023-07-26T02:01:52
1577,SHP-2577,2023-11-01,DHL,"South Christopher, Czech Republic",In Transit,2021-09-29T22:08:21
1578,SHP-2578,2025-02-12,DHL,"South Jaclyn, Jamaica",In Transit,2024-04-25T08:23:43
1579,SHP-2579,2025-06-05,Maersk,"West Evan, Mauritius",Cancelled,2022-11-26T12:50:08
1580,SHP-2580,2024-04-28,Maersk,"South Amybury, Swaziland",In Transit,2022-09-17T04:18:03
1581,SHP-2581,2023-04-26,FedEx,"Angelaland, Holy See (Vatican City State)",Delivered,2024-02-24T11:12:23
1582,SHP-2582,2025-06-09,Maersk,"Reevestown, Guinea-Bissau",Delivered,2025-04-15T03:12:34
1583,SHP-2583,2024-01-10,UPS,"Johnville, British Indian Ocean Territory (Chagos Archipelago)",Cancelled,2024-10-27T03:17:41
1584,SHP-2584,2024-02-29,UPS,"Walkerfort, Bahrain",Delivered,2022-08-18T21:41:40
1585,SHP-2585,2021-02-24,Maersk,"Laurastad, Bhutan",Pending,2021-04-01T04:20:26
1586,SHP-2586,2023-04-25,Maersk,"North Stephanie, Tuvalu",In Transit,2024-02-19T06:08:20
1587,SHP-2587,2021-11-28,DHL,"New Stephen, Sao Tome and Principe",In Transit,2020-12-06T14:04:46
1588,SHP-2588,2025-06-16,UPS,"Lake Waynestad, Malaysia",Cancelled,2022-07-22T03:29:06
1589,SHP-2589,2023-10-08,DHL,"Lake Karinafort, French Polynesia",Delivered,2021-11-18T06:34:36
1590,SHP-2590,2023-10-18,UPS,"South Toddside, Cape Verde",Cancelled,2024-07-26T15:02:53
1591,SHP-2591,2025-09-13,UPS,"Martinezborough, Maldives",Cancelled,2022-01-11T20:11:56
1592,SHP-2592,2021-10-04,DHL,"Port Tracy, United States Virgin Islands",In Transit,2025-08-21T03:18:30
1593,SHP-2593,2023-06-04,Local Carrier,"Cummingsborough, Guinea",Pending,2022-02-22T10:42:50
1594,SHP-2594,2023-08-18,FedEx,"Josephton, Morocco",Cancelled,2022-05-13T06:40:02
1595,SHP-2595,2024-07-19,FedEx,"Thomaston, Luxembourg",Pending,2023-06-04T03:18:14
1596,SHP-2596,2025-03-06,UPS,"East Meredith, Thailand",Pending,2024-11-12T04:22:00
1597,SHP-2597,2022-12-08,UPS,"South Rachael, Costa Rica",Cancelled,2025-03-07T04:15:08
1598,SHP-2598,2024-12-08,FedEx,"East Jamesfurt, Germany",In Transit,2025-09-09T13:22:29
1599,SHP-2599,2022-09-14,FedEx,"Hestershire, Guyana",In Transit,2021-05-29T22:50:22
1600,SHP-2600,2025-09-01,FedEx,"West Tonya, El Salvador",Pending,2023-11-27T13:50:11
1601,SHP-2601,2023-07-14,UPS,"Farmerbury, Bulgaria",Cancelled,2025-07-17T07:24:39
1602,SHP-2602,2023-10-07,Maersk,"Craigborough, Mongolia",Delivered,2025-03-26T09:41:58
1603,SHP-2603,2023-03-31,FedEx,"Port Richardchester, Cayman Islands",Delivered,2021-05-08T05:37:28
1604,SHP-2604,2021-08-29,Maersk,"South Michael, Tunisia",Pending,2021-03-17T01:46:37
1605,SHP-2605,2023-07-04,DHL,"Stephentown, Cuba",Cancelled,2025-02-26T02:30:21
1606,SHP-2606,2025-01-15,DHL,"Jasonmouth, Korea",Cancelled,2020-11-14T22:14:57
1607,SHP-2607,2024-03-30,FedEx,"Port Josetown, Tuvalu",Pending,2023-01-16T17:49:09
1608,SHP-2608,2024-04-13,FedEx,"East Christopherland, Norway",Pending,2021-08-16T22:18:38
1609,SHP-2609,2023-09-12,Local Carrier,"East Matthewville, New Zealand",Cancelled,2021-06-10T01:12:57
1610,SHP-2610,2023-04-23,DHL,"Salinasport, Cocos (Keeling) Islands",Pending,2021-11-01T15:00:44
1611,SHP-2611,2022-12-18,UPS,"Buchananland, New Zealand",Cancelled,2024-05-09T16:49:12
1612,SHP-2612,2023-02-06,DHL,"Victoriaton, Pitcairn Islands",In Transit,2023-07-23T16:46:02
1613,SHP-2613,2023-01-19,Local Carrier,"Harrischester, Saudi Arabia",In Transit,2023-12-09T03:55:19
1614,SHP-2614,2022-07-08,FedEx,"West Noahburgh, Slovakia (Slovak Republic)",In Transit,2022-10-22T02:31:24
1615,SHP-2615,2023-05-29,DHL,"Port Erica, Hong Kong",Cancelled,2024-04-06T12:23:30
1616,SHP-2616,2024-04-30,Maersk,"Lunashire, South Georgia and the South Sandwich Islands",Pending,2023-11-10T03:34:56
1617,SHP-2617,2021-11-28,DHL,"East Marychester, Bolivia",Cancelled,2022-04-06T04:51:48
1618,SHP-2618,2023-09-19,FedEx,"Oscarfurt, Botswana",Pending,2023-07-01T05:39:19
1619,SHP-2619,2024-03-31,FedEx,"Kellyburgh, Reunion",In Transit,2022-07-05T02:55:16
1620,SHP-2620,2023-10-31,UPS,"Johnmouth, Palestinian Territory",In Transit,2024-04-10T20:56:46
1621,SHP-2621,2023-07-06,FedEx,"Brianhaven, Saint Kitts and Nevis",In Transit,2023-08-27T21:13:30
1622,SHP-2622,2021-07-31,FedEx,"Lesliestad, Ireland",Delivered,2023-12-28T04:12:15
1623,SHP-2623,2022-03-19,UPS,"Lake Lindaton, Mauritania",In Transit,2023-02-17T01:56:52
1624,SHP-2624,2024-03-04,Local Carrier,"Hahnville, Saint Kitts and Nevis",Pending,2022-10-18T23:06:48
1625,SHP-2625,2025-07-09,Local Carrier,"New Courtneyhaven, Chile",In Transit,2022-09-21T10:46:26
1626,SHP-2626,2025-06-24,Local Carrier,"Lake Teresa, Palestinian Territory",In Transit,2023-04-03T23:02:47
1627,SHP-2627,2021-02-16,Maersk,"Sandersland, Christmas Island",Pending,2023-05-20T20:57:58
1628,SHP-2628,2023-05-03,Local Carrier,"Lake John, Costa Rica",Pending,2021-07-17T02:34:33
1629,SHP-2629,2025-08-06,DHL,"South Judy, Bahrain",Pending,2024-10-28T04:00:58
1630,SHP-2630,2023-01-22,UPS,"West Amanda, Guyana",In Transit,2024-09-07T08:35:55
1631,SHP-2631,2025-01-24,FedEx,"Michaelmouth, Congo",Delivered,2025-06-21T03:50:19
1632,SHP-2632,2021-10-09,FedEx,"Stephaniefort, Saint Lucia",Cancelled,2024-03-18T19:35:00
1633,SHP-2633,2025-09-14,Local Carrier,"Port Sheilaville, Swaziland",Pending,2021-07-10T00:48:07
1634,SHP-2634,2023-10-09,DHL,"Jensenfurt, Suriname",Delivered,2022-02-18T03:51:35
1635,SHP-2635,2022-09-16,Maersk,"Brianbury, Martinique",Pending,2021-05-05T15:30:49
1636,SHP-2636,2022-10-22,Maersk,"Lake Victoriahaven, Ireland",In Transit,2022-04-27T20:05:34
1637,SHP-2637,2023-06-14,UPS,"Brandyburgh, Mauritius",Cancelled,2023-05-24T22:29:42
1638,SHP-2638,2024-08-11,UPS,"Lake Kaitlyn, Djibouti",In Transit,2023-03-22T11:50:25
1639,SHP-2639,2023-05-17,Local Carrier,"Jonestown, Liechtenstein",In Transit,2025-05-20T06:31:31
1640,SHP-2640,2024-04-29,UPS,"Garnerburgh, Hong Kong",Cancelled,2024-12-05T20:36:19
1641,SHP-2641,2021-02-03,Maersk,"Watsonton, Panama",Delivered,2021-10-24T03:30:05
1642,SHP-2642,2021-01-12,Maersk,"Kennethland, Saint Kitts and Nevis",In Transit,2020-12-06T17:03:22
1643,SHP-2643,2023-04-16,UPS,"East Beckyview, Iceland",Delivered,2021-03-22T10:56:26
1644,SHP-2644,2023-07-22,UPS,"Lopezshire, Falkland Islands (Malvinas)",Delivered,2020-12-09T13:33:19
1645,SHP-2645,2020-11-12,FedEx,"East Reginamouth, Ethiopia",In Transit,2022-10-01T02:18:41
1646,SHP-2646,2025-02-13,Maersk,"Coxtown, South Georgia and the South Sandwich Islands",In Transit,2025-01-03T09:23:42
1647,SHP-2647,2023-10-10,DHL,"New Taylorview, Cook Islands",Pending,2022-04-27T16:52:53
1648,SHP-2648,2024-06-22,FedEx,"Emilyview, South Georgia and the South Sandwich Islands",Pending,2022-10-18T10:47:56
1649,SHP-2649,2024-09-23,Maersk,"Nancytown, Saint Helena",In Transit,2021-01-18T17:15:18
1650,SHP-2650,2023-12-31,UPS,"Marciamouth, Tuvalu",In Transit,2021-12-25T20:58:18
1651,SHP-2651,2024-12-08,UPS,"Patrickport, Tonga",In Transit,2021-08-23T04:40:08
1652,SHP-2652,2022-05-26,DHL,"Jasontown, Yemen",Delivered,2023-03-12T01:44:48
1653,SHP-2653,2024-07-13,Maersk,"Williamsville, Colombia",Pending,2024-10-15T11:51:29
1654,SHP-2654,2023-08-14,Local Carrier,"Chenview, Saint Pierre and Miquelon",Delivered,2022-07-27T20:16:41
1655,SHP-2655,2021-09-17,Maersk,"North Hannahburgh, Mauritania",In Transit,2025-04-17T02:14:59
1656,SHP-2656,2022-10-02,UPS,"Joanntown, Nicaragua",Delivered,2022-04-01T07:06:05
1657,SHP-2657,2025-09-24,Local Carrier,"Rogersmouth, Pakistan",Pending,2024-04-14T18:40:53
1658,SHP-2658,2021-07-20,FedEx,"Port James, Cape Verde",In Transit,2022-12-19T04:20:08
1659,SHP-2659,2025-07-01,DHL,"Flowersfurt, Jersey",Delivered,2025-04-14T23:08:43
1660,SHP-2660,2021-05-28,DHL,"Williamsfort, Zimbabwe",In Transit,2023-03-18T00:28:39
1661,SHP-2661,2021-03-25,Local Carrier,"Ramoschester, Dominican Republic",Pending,2022-12-19T22:35:31
1662,SHP-2662,2024-10-12,DHL,"South Rhondafurt, Jamaica",Delivered,2022-01-10T12:27:23
1663,SHP-2663,2023-09-13,DHL,"South Williamfurt, Northern Mariana Islands",Pending,2022-03-19T22:37:49
1664,SHP-2664,2022-01-14,UPS,"North Kara, Western Sahara",Cancelled,2024-05-12T00:38:34
1665,SHP-2665,2022-07-24,Maersk,"Wardburgh, Belize",Cancelled,2024-12-11T02:34:17
1666,SHP-2666,2024-03-23,Local Carrier,"South Michaelside, Saint Kitts and Nevis",Pending,2023-12-10T16:59:29
1667,SHP-2667,2022-12-18,Maersk,"North Carlos, Indonesia",Pending,2024-04-19T17:41:44
1668,SHP-2668,2021-03-19,Maersk,"West Jasonmouth, Sierra Leone",In Transit,2023-12-02T04:20:51
1669,SHP-2669,2024-12-12,Maersk,"Lake Jacobville, Antarctica (the territory South of 60 deg S)",Delivered,2021-03-20T17:37:09
1670,SHP-2670,2021-11-05,Local Carrier,"Greenbury, Yemen",Delivered,2022-12-12T22:09:34
1671,SHP-2671,2021-07-24,Maersk,"South Eileenfurt, Sudan",In Transit,2021-11-10T07:51:47
1672,SHP-2672,2025-04-16,FedEx,"Kimberlyborough, British Indian Ocean Territory (Chagos Archipelago)",Cancelled,2025-05-30T23:32:04
1673,SHP-2673,2021-07-20,Local Carrier,"Port Billychester, Seychelles",Pending,2023-12-01T17:47:46
1674,SHP-2674,2024-03-07,Maersk,"Hernandezland, Guyana",In Transit,2022-09-13T11:28:06
1675,SHP-2675,2024-01-08,Local Carrier,"Meghanberg, Germany",Pending,2023-12-05T02:42:40
1676,SHP-2676,2022-05-28,UPS,"South Deniseborough, Japan",In Transit,2021-07-20T12:56:04
1677,SHP-2677,2022-10-23,UPS,"South Rachel, Vietnam",Delivered,2023-01-12T21:19:14
1678,SHP-2678,2022-10-11,FedEx,"East Stevenberg, Switzerland",In Transit,2023-12-06T18:43:09
1679,SHP-2679,2023-05-04,Maersk,"South Kristenside, San Marino",In Transit,2023-05-12T20:24:56
1680,SHP-2680,2022-02-13,DHL,"West Michelleton, Singapore",In Transit,2024-09-26T20:26:43
1681,SHP-2681,2025-09-04,FedEx,"Georgestad, Western Sahara",In Transit,2025-10-04T11:21:04
1682,SHP-2682,2025-08-01,Maersk,"Nguyenville, Paraguay",Pending,2025-01-02T03:57:15
1683,SHP-2683,2025-04-12,FedEx,"Randyland, Fiji",Delivered,2025-05-27T08:41:46
1684,SHP-2684,2023-09-20,DHL,"Alexafurt, Mongolia",Pending,2022-01-27T23:49:55
1685,SHP-2685,2021-06-10,Local Carrier,"Port Tammy, Gibraltar",Delivered,2022-05-03T09:03:00
1686,SHP-2686,2020-12-15,FedEx,"Ellenhaven, Tonga",Pending,2023-10-01T10:27:57
1687,SHP-2687,2022-11-13,FedEx,"New Richardfort, Congo",Pending,2022-04-05T03:45:53
1688,SHP-2688,2025-07-20,DHL,"Maureenville, Latvia",Delivered,2024-06-17T06:47:28
1689,SHP-2689,2023-10-08,FedEx,"Port Gregory, Saint Pierre and Miquelon",Pending,2022-06-27T17:01:52
1690,SHP-2690,2023-09-02,Local Carrier,"North Jeffrey, Chile",Delivered,2021-08-30T23:43:32
1691,SHP-2691,2020-12-03,Local Carrier,"Reidside, Martinique",Cancelled,2021-02-23T07:39:01
1692,SHP-2692,2021-02-22,DHL,"Port Sarahtown, Saint Kitts and Nevis",Delivered,2021-08-28T13:55:44
1693,SHP-2693,2024-12-19,FedEx,"West Brandonborough, Guinea-Bissau",In Transit,2024-10-06T15:32:23
1694,SHP-2694,2024-08-06,FedEx,"Weaverville, Armenia",Pending,2024-02-26T09:48:11
1695,SHP-2695,2020-12-30,FedEx,"Gregoryfurt, Kyrgyz Republic",Pending,2024-04-07T12:37:57
1696,SHP-2696,2021-06-10,FedEx,"Jonesborough, Vanuatu",Delivered,2023-05-24T12:25:21
1697,SHP-2697,2020-11-09,Maersk,"East Sarahburgh, Egypt",Cancelled,2023-06-02T09:25:16
1698,SHP-2698,2021-12-16,Local Carrier,"Erinbury, Burundi",In Transit,2022-03-26T03:40:00
1699,SHP-2699,2023-01-09,Local Carrier,"Amybury, Timor-Leste",Cancelled,2025-06-12T07:53:01
1700,SHP-2700,2024-09-18,Local Carrier,"Gileschester, Singapore",In Transit,2023-05-18T10:02:11
1701,SHP-2701,2023-12-05,UPS,"Johnsonland, Germany",Delivered,2025-02-22T22:47:58
1702,SHP-2702,2025-03-23,Maersk,"Port Leslie, Qatar",Delivered,2022-09-08T06:54:49
1703,SHP-2703,2020-12-27,Maersk,"Martinezport, Iran",Cancelled,2021-10-20T20:51:30
1704,SHP-2704,2023-05-16,Local Carrier,"East Joseph, Liechtenstein",Cancelled,2023-06-07T13:49:30
1705,SHP-2705,2024-06-28,Local Carrier,"East Danielton, Western Sahara",Pending,2025-10-14T10:00:44
1706,SHP-2706,2024-11-05,DHL,"Fisherton, Korea",Cancelled,2024-10-29T00:03:56
1707,SHP-2707,2023-07-04,Local Carrier,"Bruceside, Niue",Delivered,2022-03-06T04:02:08
1708,SHP-2708,2021-05-30,DHL,"North Michaelborough, Colombia",In Transit,2024-10-19T09:18:28
1709,SHP-2709,2023-04-05,Local Carrier,"Matthewville, Lithuania",Pending,2024-09-09T22:29:58
1710,SHP-2710,2022-01-17,FedEx,"Adammouth, Japan",Pending,2025-01-30T12:47:59
1711,SHP-2711,2024-05-09,DHL,"Jonestown, Holy See (Vatican City State)",In Transit,2024-03-01T08:56:13
1712,SHP-2712,2022-10-31,FedEx,"Tomshire, Cape Verde",Delivered,2021-02-02T16:52:28
1713,SHP-2713,2024-03-07,DHL,"Lake Kevin, Marshall Islands",Pending,2021-03-01T14:10:47
1714,SHP-2714,2025-09-07,DHL,"Stewartbury, Norway",In Transit,2021-06-05T20:05:21
1715,SHP-2715,2023-03-06,Maersk,"South Michael, Korea",Cancelled,2024-03-22T06:47:43
1716,SHP-2716,2023-07-10,FedEx,"North Nicholas, Puerto Rico",Pending,2021-03-29T02:14:47
1717,SHP-2717,2024-03-12,Local Carrier,"Lake Margaret, Hungary",Delivered,2024-11-01T23:44:29
1718,SHP-2718,2025-05-22,UPS,"East Toddport, Oman",Pending,2023-03-11T03:05:22
1719,SHP-2719,2022-06-21,FedEx,"South Maxberg, Italy",Cancelled,2021-11-02T00:55:11
1720,SHP-2720,2022-09-02,UPS,"Lake Michaelfurt, Jamaica",Pending,2024-04-18T01:42:33
1721,SHP-2721,2023-10-11,DHL,"Smithhaven, Indonesia",Cancelled,2021-08-28T23:46:08
1722,SHP-2722,2021-02-03,Maersk,"Taraburgh, Azerbaijan",Delivered,2022-05-02T13:12:03
1723,SHP-2723,2024-10-14,Maersk,"Jimfort, Pitcairn Islands",Delivered,2021-10-12T02:49:58
1724,SHP-2724,2024-10-24,Local Carrier,"South Daniel, Gibraltar",Cancelled,2021-07-05T20:23:44
1725,SHP-2725,2021-12-08,FedEx,"Kristinaland, Reunion",Pending,2021-04-21T13:39:40
1726,SHP-2726,2023-12-20,FedEx,"New Shanemouth, Falkland Islands (Malvinas)",Delivered,2021-06-19T11:56:12
1727,SHP-2727,2025-09-15,Maersk,"Johnsonmouth, Papua New Guinea",In Transit,2022-10-03T14:58:26
1728,SHP-2728,2022-01-13,Maersk,"West Deniseside, China",Delivered,2022-04-17T07:50:50
1729,SHP-2729,2025-06-19,Maersk,"West Brianna, Uganda",Delivered,2023-05-15T21:45:46
1730,SHP-2730,2025-10-28,Local Carrier,"Booneview, Nepal",Delivered,2020-11-05T01:23:08
1731,SHP-2731,2023-04-04,FedEx,"Port Zacharymouth, Iceland",Cancelled,2025-05-14T03:41:31
1732,SHP-2732,2021-06-25,Maersk,"Mckinneyberg, Austria",Cancelled,2025-01-04T09:57:06
1733,SHP-2733,2025-01-19,Maersk,"New Wendyburgh, Sierra Leone",In Transit,2021-04-11T00:14:24
1734,SHP-2734,2022-04-16,Local Carrier,"Diazview, Sierra Leone",In Transit,2025-04-19T03:43:10
1735,SHP-2735,2025-01-09,UPS,"South Rodney, Faroe Islands",Delivered,2025-08-10T09:40:54
1736,SHP-2736,2024-07-04,FedEx,"Beniteztown, Bhutan",Pending,2024-06-23T22:30:04
1737,SHP-2737,2021-07-09,Local Carrier,"East Jeffreystad, Zimbabwe",Delivered,2025-09-14T08:47:35
1738,SHP-2738,2022-07-25,DHL,"Nicholsland, Iceland",Pending,2025-09-13T03:12:20
1739,SHP-2739,2024-05-24,Maersk,"Kelleyberg, Afghanistan",Delivered,2022-05-14T07:09:12
1740,SHP-2740,2021-07-13,DHL,"Port Kevinchester, Saint Helena",In Transit,2023-01-02T07:58:29
1741,SHP-2741,2021-10-11,Local Carrier,"South John, Guinea-Bissau",Delivered,2023-02-13T06:50:30
1742,SHP-2742,2023-01-03,DHL,"South Christopher, Turkmenistan",Delivered,2023-06-11T10:35:21
1743,SHP-2743,2020-12-28,UPS,"Brewerton, Palestinian Territory",Delivered,2024-12-31T23:22:45
1744,SHP-2744,2023-09-21,UPS,"North Lauren, Lithuania",Cancelled,2021-01-20T22:00:43
1745,SHP-2745,2025-07-26,DHL,"Petersonside, Iran",Pending,2022-07-31T17:03:24
1746,SHP-2746,2022-01-11,DHL,"Hesschester, Somalia",Cancelled,2024-04-18T09:25:58
1747,SHP-2747,2024-07-09,DHL,"New Diane, Seychelles",Cancelled,2022-01-19T04:10:14
1748,SHP-2748,2020-11-30,Local Carrier,"Patrickstad, Chile",Pending,2025-05-20T22:25:19
1749,SHP-2749,2024-04-07,DHL,"Lake Cindy, Sweden",Pending,2022-04-26T01:33:47
1750,SHP-2750,2021-12-06,Maersk,"East Sonyaborough, Dominican Republic",Pending,2021-09-21T07:35:16
1751,SHP-2751,2021-10-20,Maersk,"Perkinschester, Germany",Cancelled,2023-03-08T00:50:55
1752,SHP-2752,2023-11-12,FedEx,"Espinozaton, Gibraltar",Pending,2023-11-08T08:22:20
1753,SHP-2753,2024-03-30,Local Carrier,"East Sethville, Venezuela",Cancelled,2023-03-10T06:14:49
1754,SHP-2754,2025-05-06,Maersk,"North Trevorborough, El Salvador",Cancelled,2024-06-19T15:29:43
1755,SHP-2755,2024-12-06,Local Carrier,"Brandthaven, Papua New Guinea",Delivered,2022-05-14T06:14:59
1756,SHP-2756,2025-03-11,DHL,"Laurieland, Guam",Delivered,2024-01-23T14:30:00
1757,SHP-2757,2023-11-10,Maersk,"Gonzalezside, Pitcairn Islands",In Transit,2024-03-25T09:02:35
1758,SHP-2758,2024-09-12,UPS,"Allenborough, Niue",Pending,2023-11-05T08:58:38
1759,SHP-2759,2021-12-20,DHL,"West Lisa, Faroe Islands",Pending,2024-05-07T16:20:47
1760,SHP-2760,2025-10-08,Maersk,"Proctormouth, Cocos (Keeling) Islands",Pending,2024-12-04T15:30:43
1761,SHP-2761,2025-01-27,UPS,"Port John, Turkmenistan",Pending,2023-03-17T06:25:11
1762,SHP-2762,2024-12-18,FedEx,"Seanborough, Norfolk Island",Delivered,2020-11-13T12:25:18
1763,SHP-2763,2024-03-04,UPS,"Tracychester, Nepal",Pending,2022-03-11T11:11:52
1764,SHP-2764,2021-06-23,UPS,"Beckstad, India",In Transit,2024-09-01T16:39:42
1765,SHP-2765,2023-10-20,FedEx,"East Dawnbury, Russian Federation",Delivered,2024-04-08T18:03:33
1766,SHP-2766,2021-12-02,DHL,"Michelefort, American Samoa",Pending,2024-08-31T18:45:44
1767,SHP-2767,2025-07-17,Maersk,"Ianview, Djibouti",In Transit,2022-07-21T03:24:06
1768,SHP-2768,2025-05-12,UPS,"West Jasonstad, Italy",Pending,2021-10-25T23:03:55
1769,SHP-2769,2021-05-19,DHL,"North Tiffany, Bulgaria",Cancelled,2023-08-05T08:35:33
1770,SHP-2770,2021-06-22,FedEx,"Meganport, Tanzania",Pending,2022-03-16T02:45:11
1771,SHP-2771,2021-05-02,DHL,"East Christopherstad, Portugal",In Transit,2024-06-02T09:17:02
1772,SHP-2772,2024-07-30,DHL,"West Bobby, Macao",Cancelled,2024-08-18T16:24:27
1773,SHP-2773,2022-12-08,Local Carrier,"East Vincentmouth, Vanuatu",Pending,2022-03-06T01:22:47
1774,SHP-2774,2025-06-29,UPS,"Avilaberg, Chile",In Transit,2025-07-01T00:49:24
1775,SHP-2775,2022-11-29,FedEx,"North Christina, Japan",Cancelled,2024-04-27T12:43:04
1776,SHP-2776,2024-07-13,FedEx,"New Justin, Thailand",Cancelled,2025-01-20T09:22:11
1777,SHP-2777,2023-01-26,UPS,"East Amanda, Comoros",In Transit,2020-12-29T20:36:32
1778,SHP-2778,2022-02-19,UPS,"Sarahchester, Costa Rica",In Transit,2022-03-08T03:29:21
1779,SHP-2779,2024-09-26,UPS,"Lake Robin, Ireland",In Transit,2022-04-27T18:50:21
1780,SHP-2780,2024-03-07,Local Carrier,"West Amberport, Sudan",Delivered,2023-02-03T19:48:56
1781,SHP-2781,2020-12-12,Local Carrier,"Webbview, Niger",Delivered,2021-09-05T09:31:47
1782,SHP-2782,2021-07-09,FedEx,"Kiddburgh, Argentina",Delivered,2023-02-07T19:47:36
1783,SHP-2783,2024-06-24,UPS,"West Erica, Lesotho",Delivered,2023-08-17T23:44:45
1784,SHP-2784,2021-03-27,Local Carrier,"South Summerville, China",Cancelled,2023-08-23T03:45:01
1785,SHP-2785,2023-11-05,Maersk,"Port Melissaton, Eritrea",Cancelled,2025-10-30T05:59:49
1786,SHP-2786,2023-12-22,DHL,"Parkerton, Azerbaijan",Delivered,2023-12-09T19:40:30
1787,SHP-2787,2021-03-19,FedEx,"Cannonton, Brunei Darussalam",Delivered,2021-02-08T23:59:49
1788,SHP-2788,2022-04-11,Maersk,"Lake Larry, Cameroon",In Transit,2023-05-14T11:21:29
1789,SHP-2789,2022-08-23,FedEx,"New Fred, Liberia",In Transit,2022-04-05T12:00:09
1790,SHP-2790,2021-01-18,Local Carrier,"Mooreville, Turkey",In Transit,2025-07-30T17:27:27
1791,SHP-2791,2024-03-04,Maersk,"Port John, Yemen",Delivered,2021-06-05T15:05:17
1792,SHP-2792,2022-03-22,UPS,"New Melinda, Falkland Islands (Malvinas)",Pending,2025-06-14T17:29:58
1793,SHP-2793,2021-11-22,Local Carrier,"Anthonyville, Mongolia",Pending,2021-09-24T01:12:39
1794,SHP-2794,2023-11-29,FedEx,"West Chloefurt, Senegal",In Transit,2021-01-27T04:15:49
1795,SHP-2795,2021-05-30,DHL,"Briannabury, Greenland",Delivered,2024-12-06T06:40:04
1796,SHP-2796,2024-01-19,Local Carrier,"Johnstad, Jersey",Pending,2021-11-18T03:52:21
1797,SHP-2797,2025-06-14,Maersk,"South Susanmouth, Turkey",Cancelled,2022-06-12T19:05:11
1798,SHP-2798,2022-11-28,FedEx,"South Joannaton, Ireland",Cancelled,2024-12-19T05:46:01
1799,SHP-2799,2020-12-08,FedEx,"Flynnport, Bahrain",In Transit,2022-02-23T11:00:44
1800,SHP-2800,2022-05-07,DHL,"North Jacob, French Guiana",Pending,2024-07-02T15:45:23
1801,SHP-2801,2021-04-08,Maersk,"Grayborough, Seychelles",Delivered,2023-01-29T14:28:54
1802,SHP-2802,2023-11-03,FedEx,"Rachelside, Kiribati",In Transit,2022-02-17T17:41:11
1803,SHP-2803,2020-11-06,DHL,"North Jamesmouth, Brunei Darussalam",Cancelled,2023-06-04T19:21:16
1804,SHP-2804,2023-04-10,FedEx,"South Gailfurt, Finland",Delivered,2024-07-04T19:08:54
1805,SHP-2805,2025-07-24,DHL,"Port Nicholas, Cape Verde",Cancelled,2025-06-16T05:08:55
1806,SHP-2806,2021-03-06,UPS,"Lake Luisfurt, El Salvador",Pending,2024-04-05T19:00:55
1807,SHP-2807,2021-07-27,DHL,"Dianafort, Gibraltar",In Transit,2023-07-09T04:44:24
1808,SHP-2808,2025-04-01,FedEx,"Martinside, Denmark",In Transit,2024-12-01T04:20:11
1809,SHP-2809,2025-03-03,Maersk,"Port Catherine, Palau",In Transit,2021-04-04T03:26:16
1810,SHP-2810,2025-03-28,FedEx,"Robertsside, Guadeloupe",Cancelled,2021-04-21T02:26:01
1811,SHP-2811,2021-01-02,UPS,"South Heather, British Indian Ocean Territory (Chagos Archipelago)",Pending,2022-09-12T02:52:09
1812,SHP-2812,2021-04-18,DHL,"Wilsonfurt, Philippines",In Transit,2021-10-04T13:42:58
1813,SHP-2813,2023-07-05,DHL,"East Erika, Ireland",Delivered,2023-01-02T00:10:29
1814,SHP-2814,2022-09-21,DHL,"Taylorshire, Finland",Delivered,2025-08-06T23:42:25
1815,SHP-2815,2023-06-03,UPS,"Lake Courtneyborough, Serbia",In Transit,2023-01-09T22:58:41
1816,SHP-2816,2020-11-27,UPS,"East Emily, Samoa",In Transit,2022-02-20T04:56:37
1817,SHP-2817,2022-12-27,Maersk,"South Mark, Saint Helena",In Transit,2024-02-17T01:47:23
1818,SHP-2818,2021-08-08,Local Carrier,"Port Morgan, Romania",In Transit,2024-11-11T05:33:09
1819,SHP-2819,2023-10-31,FedEx,"Lake Connie, Guadeloupe",Pending,2021-09-24T17:17:12
1820,SHP-2820,2025-01-30,Local Carrier,"New Raymondstad, Estonia",In Transit,2023-05-04T21:58:53
1821,SHP-2821,2023-09-15,Local Carrier,"North Jonathan, Saint Helena",Cancelled,2022-01-15T14:20:51
1822,SHP-2822,2021-06-12,Maersk,"Phillipmouth, Niger",Cancelled,2025-01-29T07:18:28
1823,SHP-2823,2023-11-21,FedEx,"North Edwinville, Cook Islands",Delivered,2021-07-11T22:22:29
1824,SHP-2824,2024-01-06,DHL,"Haysville, Guinea",Pending,2021-03-13T21:27:55
1825,SHP-2825,2021-05-13,Maersk,"West Josephstad, Holy See (Vatican City State)",Cancelled,2024-08-30T17:09:57
1826,SHP-2826,2022-02-16,DHL,"Tammyville, Haiti",Delivered,2025-06-29T09:02:25
1827,SHP-2827,2025-09-17,FedEx,"Port Thomas, Benin",In Transit,2022-06-02T04:15:29
1828,SHP-2828,2023-11-09,UPS,"Taylorchester, Mali",Delivered,2021-01-05T23:06:51
1829,SHP-2829,2023-06-24,UPS,"North Natashaton, Benin",Cancelled,2024-09-14T00:08:10
1830,SHP-2830,2023-11-25,UPS,"Port Daniel, Somalia",Delivered,2021-03-13T23:41:48
1831,SHP-2831,2024-01-03,FedEx,"Port Janetstad, Brazil",Pending,2024-06-19T07:31:32
1832,SHP-2832,2021-01-30,UPS,"Port Joelstad, Christmas Island",Delivered,2021-12-19T02:16:38
1833,SHP-2833,2025-04-22,DHL,"West Andrea, Syrian Arab Republic",In Transit,2024-07-02T07:25:34
1834,SHP-2834,2022-05-11,Local Carrier,"Lake Pattyton, Isle of Man",Pending,2024-10-29T03:42:15
1835,SHP-2835,2021-12-01,DHL,"West Veronicachester, Honduras",In Transit,2022-05-19T00:19:28
1836,SHP-2836,2025-03-21,DHL,"Millerton, Palau",Pending,2022-06-07T00:20:08
1837,SHP-2837,2025-09-05,Local Carrier,"Lake Elizabeth, Kyrgyz Republic",In Transit,2025-10-15T10:02:39
1838,SHP-2838,2021-05-16,DHL,"New Kevin, Maldives",In Transit,2023-09-01T23:01:07
1839,SHP-2839,2024-11-16,UPS,"West Sarahmouth, Faroe Islands",In Transit,2024-12-31T07:28:59
1840,SHP-2840,2022-04-12,FedEx,"Port Brittany, Turkmenistan",In Transit,2021-12-01T17:28:54
1841,SHP-2841,2024-02-19,FedEx,"Joneschester, Slovakia (Slovak Republic)",Pending,2024-10-24T21:53:26
1842,SHP-2842,2025-10-31,UPS,"Port Colinshire, Puerto Rico",Pending,2022-03-18T05:01:48
1843,SHP-2843,2022-04-03,Local Carrier,"Mckaymouth, Cote d'Ivoire",Pending,2022-10-14T07:52:49
1844,SHP-2844,2022-03-18,FedEx,"Johnsside, Holy See (Vatican City State)",In Transit,2020-11-16T21:24:27
1845,SHP-2845,2022-05-18,Local Carrier,"South Steven, United States Virgin Islands",Delivered,2023-01-05T01:35:25
1846,SHP-2846,2025-04-17,FedEx,"Danielview, United States Virgin Islands",Delivered,2022-08-02T10:01:59
1847,SHP-2847,2022-09-12,Maersk,"Courtneystad, Brunei Darussalam",Pending,2022-06-17T20:54:54
1848,SHP-2848,2022-06-17,Local Carrier,"North Christopherfurt, British Virgin Islands",Cancelled,2021-03-05T16:51:14
1849,SHP-2849,2024-05-07,FedEx,"Toddbury, Sudan",In Transit,2022-10-23T07:15:21
1850,SHP-2850,2024-09-27,Local Carrier,"Port Johnmouth, Greenland",Cancelled,2021-02-27T00:53:30
1851,SHP-2851,2022-04-14,DHL,"New Brenda, Kyrgyz Republic",Cancelled,2025-07-12T21:53:10
1852,SHP-2852,2022-03-19,Maersk,"Rebeccaland, Marshall Islands",Cancelled,2023-01-30T23:21:54
1853,SHP-2853,2021-10-13,Local Carrier,"Alexisfurt, Estonia",Cancelled,2025-02-15T20:12:21
1854,SHP-2854,2022-12-08,Local Carrier,"Lake Ryan, Bolivia",Cancelled,2024-07-23T05:10:26
1855,SHP-2855,2021-02-01,UPS,"Cruzburgh, Guam",In Transit,2025-03-17T08:54:30
1856,SHP-2856,2022-09-30,FedEx,"West William, Brunei Darussalam",Cancelled,2023-01-25T03:47:52
1857,SHP-2857,2021-10-15,Local Carrier,"Amandaland, Azerbaijan",In Transit,2022-10-13T12:53:53
1858,SHP-2858,2021-08-10,FedEx,"Port Jacqueline, Peru",Delivered,2023-11-09T14:00:57
1859,SHP-2859,2022-11-22,Maersk,"Port Johnnyfurt, Fiji",In Transit,2023-12-21T18:49:28
1860,SHP-2860,2023-07-03,Maersk,"New Travis, Vanuatu",Delivered,2022-09-09T21:32:29
1861,SHP-2861,2025-08-05,Maersk,"Nicholasstad, Sri Lanka",Cancelled,2025-10-04T01:11:01
1862,SHP-2862,2024-11-10,FedEx,"South Timothybury, Seychelles",In Transit,2023-02-15T17:40:56
1863,SHP-2863,2024-12-13,UPS,"Tracyport, Vanuatu",Cancelled,2023-08-04T00:54:57
1864,SHP-2864,2022-09-12,FedEx,"Kaylaburgh, Dominican Republic",In Transit,2023-03-29T18:44:17
1865,SHP-2865,2023-09-26,UPS,"North Joseph, Belgium",Pending,2022-09-13T10:51:41
1866,SHP-2866,2024-06-01,DHL,"New David, Hong Kong",Pending,2024-05-28T07:22:26
1867,SHP-2867,2021-06-30,UPS,"East Amandafort, Burkina Faso",Pending,2022-07-28T03:14:59
1868,SHP-2868,2021-11-19,Maersk,"Cummingsland, Switzerland",Cancelled,2025-05-29T20:08:33
1869,SHP-2869,2025-03-04,Maersk,"New Moniqueborough, Turkey",In Transit,2024-08-10T05:15:48
1870,SHP-2870,2023-06-23,Local Carrier,"North Pamelaview, American Samoa",Delivered,2022-07-24T17:57:06
1871,SHP-2871,2021-03-03,UPS,"North Patrick, Afghanistan",In Transit,2024-04-04T14:25:16
1872,SHP-2872,2024-03-11,Maersk,"East Vanessafort, Libyan Arab Jamahiriya",In Transit,2020-12-08T23:25:54
1873,SHP-2873,2023-06-28,Local Carrier,"Danielborough, Turks and Caicos Islands",Cancelled,2021-01-01T22:41:40
1874,SHP-2874,2022-10-25,UPS,"Poncechester, Liberia",In Transit,2024-11-25T04:32:21
1875,SHP-2875,2024-08-04,FedEx,"North Daniel, Guam",In Transit,2020-11-19T16:50:20
1876,SHP-2876,2022-08-09,UPS,"Henryshire, Ecuador",Cancelled,2021-08-30T04:36:28
1877,SHP-2877,2024-03-30,UPS,"Alexanderstad, Cuba",Pending,2024-07-24T12:03:56
1878,SHP-2878,2023-11-17,Maersk,"Johnsonhaven, Estonia",Delivered,2023-07-14T07:08:22
1879,SHP-2879,2021-11-03,Maersk,"Davisland, Sierra Leone",In Transit,2022-06-10T09:37:08
1880,SHP-2880,2024-09-26,Maersk,"West Carolyn, China",Pending,2024-01-15T22:47:51
1881,SHP-2881,2023-09-02,FedEx,"West Jennifer, San Marino",Cancelled,2025-08-14T23:54:35
1882,SHP-2882,2021-05-30,FedEx,"Darlenefurt, Belgium",In Transit,2021-02-25T18:10:52
1883,SHP-2883,2024-07-27,UPS,"Kimberlyland, Moldova",Pending,2023-11-27T09:58:16
1884,SHP-2884,2023-12-30,UPS,"Wesleyport, Jamaica",Delivered,2022-06-17T18:42:24
1885,SHP-2885,2024-09-16,FedEx,"Samanthaview, North Macedonia",Delivered,2023-07-03T23:19:02
1886,SHP-2886,2023-12-16,Local Carrier,"Nguyenland, Samoa",In Transit,2024-10-18T21:53:16
1887,SHP-2887,2023-09-04,Maersk,"Scottland, Guatemala",Pending,2025-10-12T06:45:51
1888,SHP-2888,2021-04-30,UPS,"North Kendrashire, Nicaragua",In Transit,2022-01-12T23:08:45
1889,SHP-2889,2021-06-24,Local Carrier,"Thompsonside, Algeria",Delivered,2024-05-25T07:22:28
1890,SHP-2890,2021-10-23,Maersk,"Lisaside, New Caledonia",Pending,2025-03-28T19:37:19
1891,SHP-2891,2020-11-12,Local Carrier,"East Adriennemouth, Congo",Cancelled,2020-12-04T14:00:53
1892,SHP-2892,2022-08-05,DHL,"Daniellemouth, Portugal",Delivered,2022-09-14T08:01:58
1893,SHP-2893,2024-09-21,DHL,"New Elizabethville, Chad",Cancelled,2022-11-08T23:48:35
1894,SHP-2894,2024-03-10,DHL,"West William, Ukraine",Pending,2024-08-25T20:24:51
1895,SHP-2895,2022-07-29,FedEx,"Erikastad, Zimbabwe",Cancelled,2023-11-17T14:01:11
1896,SHP-2896,2024-02-19,Maersk,"Peterfort, Palau",Pending,2023-05-11T04:10:54
1897,SHP-2897,2022-03-12,FedEx,"East Curtis, Nicaragua",In Transit,2021-05-28T04:16:38
1898,SHP-2898,2023-11-21,UPS,"North Jasonfort, Pakistan",Pending,2025-08-17T15:44:16
1899,SHP-2899,2022-08-12,UPS,"Brittanyberg, Uruguay",Pending,2021-11-23T22:07:41
1900,SHP-2900,2022-07-15,FedEx,"Allenbury, Cayman Islands",Pending,2025-05-31T03:05:04
1901,SHP-2901,2022-06-11,UPS,"South Nicolehaven, Haiti",Pending,2024-06-18T09:40:59
1902,SHP-2902,2025-04-03,DHL,"Lake Michael, Lesotho",Cancelled,2021-05-01T20:34:21
1903,SHP-2903,2021-11-13,Maersk,"Rebeccastad, Palau",Cancelled,2025-02-27T06:32:52
1904,SHP-2904,2023-03-19,Local Carrier,"East Stevenchester, Saint Barthelemy",Cancelled,2023-09-28T03:43:42
1905,SHP-2905,2023-05-01,Maersk,"Campbellshire, Papua New Guinea",Delivered,2024-03-14T12:38:03
1906,SHP-2906,2023-10-03,FedEx,"Orozcoville, Iceland",In Transit,2025-06-15T22:18:39
1907,SHP-2907,2022-03-14,DHL,"Lake Lisamouth, Senegal",In Transit,2023-03-03T12:49:04
1908,SHP-2908,2022-08-28,Local Carrier,"Lestertown, Haiti",Delivered,2025-04-24T15:07:13
1909,SHP-2909,2025-06-28,DHL,"North Chelseatown, Paraguay",Pending,2021-10-28T03:09:10
1910,SHP-2910,2022-06-08,DHL,"Pereztown, Ireland",Pending,2023-07-02T12:03:10
1911,SHP-2911,2021-06-19,Local Carrier,"West Wendy, Niue",In Transit,2025-07-15T14:21:26
1912,SHP-2912,2023-10-18,DHL,"Lake Todd, Spain",Delivered,2022-04-02T23:01:32
1913,SHP-2913,2023-02-26,UPS,"New Michael, British Virgin Islands",Cancelled,2021-09-16T21:43:06
1914,SHP-2914,2025-01-08,DHL,"North Darleneville, Cocos (Keeling) Islands",Cancelled,2022-10-16T13:21:34
1915,SHP-2915,2024-03-05,UPS,"South Jeffreytown, Jordan",Cancelled,2024-03-06T11:33:56
1916,SHP-2916,2021-09-08,Maersk,"Hendersonville, Slovakia (Slovak Republic)",In Transit,2025-07-31T04:22:00
1917,SHP-2917,2022-04-24,UPS,"West Gwendolynton, Ukraine",In Transit,2023-02-12T01:14:34
1918,SHP-2918,2025-02-20,DHL,"New Karen, Haiti",Pending,2023-03-12T09:48:21
1919,SHP-2919,2023-12-26,Maersk,"Yvonnefurt, Sweden",Cancelled,2022-11-21T06:19:28
1920,SHP-2920,2021-12-14,Local Carrier,"Port Sara, Eritrea",Cancelled,2024-12-20T12:16:27
1921,SHP-2921,2024-01-14,DHL,"Amberview, Grenada",Cancelled,2023-09-07T05:58:19
1922,SHP-2922,2025-03-20,UPS,"South Erinchester, Thailand",Pending,2022-07-27T17:19:27
1923,SHP-2923,2025-01-30,FedEx,"Younghaven, Sri Lanka",Cancelled,2024-08-26T17:30:11
1924,SHP-2924,2023-10-14,FedEx,"East Linda, Suriname",Pending,2021-02-06T14:31:23
1925,SHP-2925,2021-07-01,UPS,"Cookville, Trinidad and Tobago",Cancelled,2021-05-22T14:12:39
1926,SHP-2926,2023-11-04,DHL,"Samueltown, Brunei Darussalam",Pending,2021-05-29T21:12:42
1927,SHP-2927,2023-04-17,Maersk,"South Jasmineberg, Saint Pierre and Miquelon",Cancelled,2023-10-25T10:35:06
1928,SHP-2928,2025-08-12,Local Carrier,"Jasonside, Russian Federation",In Transit,2024-08-08T22:06:07
1929,SHP-2929,2023-04-07,DHL,"Nicholasmouth, Pitcairn Islands",In Transit,2025-04-19T23:57:27
1930,SHP-2930,2020-11-18,DHL,"Fordbury, Croatia",Cancelled,2022-01-14T15:13:03
1931,SHP-2931,2021-06-17,Local Carrier,"West Steveport, Falkland Islands (Malvinas)",In Transit,2021-04-14T22:26:35
1932,SHP-2932,2022-07-01,FedEx,"North Amber, New Zealand",Delivered,2022-01-09T20:00:23
1933,SHP-2933,2021-10-16,FedEx,"West Bailey, Bulgaria",Pending,2025-02-14T22:46:32
1934,SHP-2934,2025-01-25,Local Carrier,"Port Michaelchester, Dominican Republic",In Transit,2021-06-05T00:49:24
1935,SHP-2935,2021-09-11,UPS,"Ferrellside, Wallis and Futuna",Pending,2025-09-14T09:50:01
1936,SHP-2936,2025-01-22,FedEx,"New Markville, Swaziland",In Transit,2022-05-18T13:42:48
1937,SHP-2937,2023-06-29,Local Carrier,"Rosariofort, Saint Lucia",Delivered,2021-03-02T10:48:29
1938,SHP-2938,2025-03-30,FedEx,"North Jessicaland, Gambia",Pending,2024-03-26T21:14:37
1939,SHP-2939,2023-01-14,Local Carrier,"West Alexander, Algeria",Cancelled,2021-04-18T14:26:03
1940,SHP-2940,2023-10-23,Maersk,"North Alexton, North Macedonia",Cancelled,2021-01-06T13:20:13
1941,SHP-2941,2021-05-14,UPS,"Johnport, Saint Vincent and the Grenadines",In Transit,2025-07-31T04:56:24
1942,SHP-2942,2022-10-26,FedEx,"Claytonborough, Turks and Caicos Islands",In Transit,2025-08-24T21:25:05
1943,SHP-2943,2022-01-12,UPS,"New Erik, Bolivia",Delivered,2024-07-15T08:40:37
1944,SHP-2944,2025-09-07,Maersk,"Lake Michael, Poland",In Transit,2024-12-19T08:45:53
1945,SHP-2945,2023-10-14,Local Carrier,"Fischertown, Saint Lucia",Cancelled,2022-05-22T10:11:17
1946,SHP-2946,2023-02-20,Maersk,"New Monique, Christmas Island",Delivered,2022-10-16T22:11:34
1947,SHP-2947,2021-02-11,UPS,"East Kenneth, Palestinian Territory",Cancelled,2024-12-11T04:09:20
1948,SHP-2948,2024-02-20,Maersk,"Katrinaberg, Central African Republic",Delivered,2024-01-19T12:36:26
1949,SHP-2949,2022-08-09,UPS,"New Jesse, China",Cancelled,2021-04-11T07:07:15
1950,SHP-2950,2025-08-02,DHL,"Lewisborough, Kiribati",Pending,2024-10-17T05:29:05
1951,SHP-2951,2025-06-17,Maersk,"Lake Lukemouth, Bulgaria",In Transit,2023-09-26T23:32:30
1952,SHP-2952,2024-03-26,DHL,"West Colinstad, Kazakhstan",Delivered,2024-01-16T18:50:00
1953,SHP-2953,2021-07-02,DHL,"East Carolberg, New Caledonia",In Transit,2023-12-16T22:02:32
1954,SHP-2954,2023-09-14,Maersk,"Rubioshire, Barbados",Cancelled,2024-11-28T00:25:17
1955,SHP-2955,2021-02-22,UPS,"Lake Michael, Niger",Delivered,2025-02-05T00:49:13
1956,SHP-2956,2021-10-14,FedEx,"Jacquelinefurt, Micronesia",Delivered,2025-08-24T16:54:18
1957,SHP-2957,2024-12-13,DHL,"Flowersside, Saint Lucia",Pending,2022-01-02T13:37:41
1958,SHP-2958,2023-06-11,UPS,"Aaronbury, Costa Rica",Cancelled,2024-10-31T17:13:24
1959,SHP-2959,2021-09-24,UPS,"Valerieview, Kyrgyz Republic",In Transit,2021-09-01T10:11:45
1960,SHP-2960,2022-08-27,Maersk,"South Andreamouth, Guinea-Bissau",In Transit,2022-03-12T00:14:58
1961,SHP-2961,2025-03-12,FedEx,"Shermanchester, Ghana",Cancelled,2021-12-01T04:30:42
1962,SHP-2962,2023-03-21,UPS,"West Cynthia, Russian Federation",In Transit,2022-04-06T14:33:27
1963,SHP-2963,2022-10-27,Local Carrier,"New Laura, South Africa",In Transit,2025-05-29T02:18:03
1964,SHP-2964,2021-07-04,DHL,"Seanburgh, Burkina Faso",Delivered,2022-04-22T22:35:49
1965,SHP-2965,2024-04-05,UPS,"Port Wendy, Belarus",Delivered,2024-08-22T05:04:14
1966,SHP-2966,2025-02-22,Local Carrier,"Piercehaven, Peru",Pending,2024-03-26T22:26:57
1967,SHP-2967,2021-05-08,FedEx,"Kennethport, Nauru",Delivered,2024-10-17T06:58:04
1968,SHP-2968,2023-12-20,UPS,"Matthewborough, Wallis and Futuna",Cancelled,2021-01-27T12:31:41
1969,SHP-2969,2024-08-10,Local Carrier,"Bridgetburgh, Slovakia (Slovak Republic)",Pending,2024-10-17T10:58:37
1970,SHP-2970,2024-08-10,DHL,"Angelatown, New Zealand",Pending,2021-06-29T06:41:04
1971,SHP-2971,2025-04-25,FedEx,"New Danielside, Yemen",Cancelled,2021-11-30T06:01:44
1972,SHP-2972,2021-11-10,FedEx,"Joshuastad, British Virgin Islands",Pending,2021-08-03T10:28:33
1973,SHP-2973,2023-01-13,DHL,"Lake Kerrybury, Uzbekistan",Delivered,2023-10-09T18:43:53
1974,SHP-2974,2024-12-25,FedEx,"New Jane, Lebanon",In Transit,2023-08-09T15:52:34
1975,SHP-2975,2024-08-15,DHL,"South Donaldview, Swaziland",Pending,2024-02-26T18:48:16
1976,SHP-2976,2025-05-26,UPS,"West Gabriellemouth, Holy See (Vatican City State)",In Transit,2025-04-23T12:08:16
1977,SHP-2977,2021-11-28,DHL,"New Gabriel, Antigua and Barbuda",In Transit,2020-12-24T02:45:09
1978,SHP-2978,2023-08-30,Maersk,"Dennischester, Kyrgyz Republic",In Transit,2021-05-05T04:31:44
1979,SHP-2979,2021-09-18,FedEx,"Weissshire, Congo",In Transit,2025-10-16T06:15:08
1980,SHP-2980,2021-08-02,Local Carrier,"Jenniferton, Gabon",In Transit,2025-08-04T13:45:32
1981,SHP-2981,2025-07-26,Local Carrier,"Carriebury, Nigeria",In Transit,2023-01-02T01:51:19
1982,SHP-2982,2025-09-03,FedEx,"Sheltonfort, Palau",Cancelled,2023-09-12T11:44:52
1983,SHP-2983,2024-06-27,Maersk,"Stevenchester, Tanzania",Delivered,2023-01-24T19:43:44
1984,SHP-2984,2022-01-07,DHL,"Port Jessica, Slovakia (Slovak Republic)",In Transit,2022-05-23T06:26:17
1985,SHP-2985,2021-02-25,UPS,"East Gregorybury, San Marino",Delivered,2025-01-31T08:04:59
1986,SHP-2986,2022-12-12,FedEx,"Perryton, Senegal",In Transit,2023-05-30T11:48:53
1987,SHP-2987,2025-04-03,UPS,"Jillton, Solomon Islands",Pending,2024-02-10T17:10:31
1988,SHP-2988,2025-02-04,FedEx,"Port Josephhaven, Palestinian Territory",Cancelled,2021-04-20T23:47:22
1989,SHP-2989,2023-11-06,Local Carrier,"North Robertbury, Ecuador",Delivered,2021-04-02T23:50:52
1990,SHP-2990,2025-08-31,UPS,"North Carmenbury, Comoros",Delivered,2022-11-04T23:46:40
1991,SHP-2991,2025-06-23,Maersk,"Port Jenniferside, Venezuela",Pending,2021-03-08T21:44:30
1992,SHP-2992,2023-08-13,FedEx,"West Patrick, Martinique",Pending,2021-08-16T02:38:58
1993,SHP-2993,2022-11-10,Local Carrier,"West Anthonybury, Israel",In Transit,2022-07-15T14:24:46
1994,SHP-2994,2022-07-23,DHL,"Timothymouth, Venezuela",Cancelled,2025-08-18T12:36:24
1995,SHP-2995,2024-05-02,DHL,"Mosesport, Azerbaijan",Pending,2021-07-10T06:49:16
1996,SHP-2996,2024-05-03,Maersk,"Edwardsview, Congo",Pending,2022-08-29T13:49:40
1997,SHP-2997,2024-12-25,UPS,"Williamsmouth, Faroe Islands",Delivered,2024-11-05T16:42:47
1998,SHP-2998,2022-10-21,Local Carrier,"Jonathanton, France",In Transit,2025-07-03T06:58:33
1999,SHP-2999,2024-10-25,Maersk,"Thompsonstad, Palau",Pending,2023-11-30T19:48:35
2000,SHP-3000,2022-02-13,UPS,"Justinmouth, Malta",Pending,2021-01-05T22:08:28
