id,name,contact_person,email,phone,status,created_at
1,Gutierrez-Mayer,Kyle Bass,crystalreilly@hardin.org,+1-966-990-7212x0929,Active,2023-10-29T04:46:54
2,"Nolan, Baird and Mcdaniel",Lisa Griffith,douglas94@graham.com,836-489-0784x4803,Active,2022-05-05T05:51:52
3,Avery Ltd,Tina Porter,dana58@walker-dunn.org,001-816-203-6441x63071,Active,2020-11-09T07:00:39
4,Coleman Ltd,Marcus Ware,derek41@coleman.org,465-237-0033x101,Inactive,2022-12-07T06:13:40
5,"Fuller, Sherman and Torres",David Gardner,troy30@buchanan-mccarty.info,583-819-4843,Inactive,2024-07-27T07:25:36
6,Garza-Callahan,Brooke Daniels,brooke21@butler.com,+1-449-322-0473x772,Inactive,2021-02-13T16:42:34
7,Snyder-Miller,Michael Chan,hannah71@contreras.com,001-341-551-4114,Inactive,2021-03-24T09:47:06
8,Werner-Cole,Christine Aguirre,acevedokevin@casey.org,001-844-491-1937x422,Active,2022-03-01T19:17:02
9,"Evans, Carroll and Williams",Natasha Bishop,deborah16@gomez.com,9215345160,Inactive,2021-06-12T18:59:40
10,Gentry-Brock,Joseph Sanchez,michellelopez@herrera.org,285.513.9103,Active,2023-11-03T06:20:15
11,"Gonzalez, Daniels and Fernandez",Philip Quinn,tina63@marshall.com,298.662.1297x7066,Inactive,2025-04-14T15:11:14
12,Clark and Sons,Jeffrey Mills,smithbrent@turner-harris.net,(656)728-9191x85893,Active,2022-09-18T10:17:31
13,Barrett-Woods,Samantha Myers,rachel29@hartman.org,833-918-3359x5899,Inactive,2022-10-05T12:15:45
14,"Neal, Alvarez and Kelly",Sandra Vance,sarah65@stephens.com,664.947.1400x0553,Inactive,2022-12-18T00:19:33
15,Collins Group,Joan Gregory,pattersonrobert@burke.info,5159717552,Active,2022-03-29T03:15:55
16,Kirk Inc,Martin Young,mpennington@robinson-blake.biz,+1-548-318-8536x67758,Inactive,2021-01-04T16:35:00
17,"Chapman, Cole and Pittman",Mark Knapp,curtiscastro@anderson.biz,876-425-6661,Active,2023-08-09T21:28:12
18,Maldonado Ltd,Jacob Reynolds,madison97@gaines.com,229.879.5986,Active,2024-11-27T12:29:04
19,Joyce-Short,Jeff Grimes,egreen@washington.com,+1-321-209-8306,Inactive,2024-01-16T02:48:03
20,Schwartz-Campbell,Kathleen Moore,ortizjoan@james.biz,001-318-779-8640,Inactive,2025-01-03T22:57:40
21,"Spencer, Smith and Jones",Charlotte Gallagher,harveyjoshua@walter-solis.biz,403.522.0468,Active,2023-12-19T04:58:24
22,Olson Inc,Seth Harrison,melissadelacruz@jackson.biz,476.266.4352x738,Inactive,2024-11-21T03:28:05
23,"Summers, Gibson and Wilson",Kevin Brown,courtneycochran@cole.org,238-410-0732,Active,2023-04-24T06:14:35
24,Fleming and Sons,Melissa Jennings,dustingordon@english.com,(955)325-9567,Inactive,2024-11-30T07:08:55
25,Downs-Sparks,Karen Robinson,nelsonalyssa@anderson.com,+1-304-393-4081x1391,Active,2024-06-01T04:46:36
26,Fitzpatrick-Powell,Lauren Berry,alexknox@cardenas-ward.com,001-407-593-7609x428,Active,2023-01-07T05:29:55
27,Contreras-Bradley,Paula Day,jonathan64@walters.biz,511-684-2753x95392,Inactive,2021-09-18T22:15:22
28,"Nguyen, Holmes and Jackson",Jason Henderson DDS,kellyreese@bishop.com,604.507.1399x69061,Active,2022-01-16T09:19:20
29,Dixon Inc,Michael Jefferson,imartinez@hanson.com,507-529-4519x9704,Active,2021-05-13T23:49:34
30,"Smith, Conner and Smith",Kaitlyn Brandt,ymontgomery@williams.net,801.810.5536x2368,Active,2022-09-28T19:01:40
31,Reyes Inc,David Maddox,carlgray@blair.biz,001-378-281-5975x86213,Inactive,2025-07-20T20:23:20
32,Smith Inc,Samantha Gardner,jessicagarcia@watson.com,001-392-980-1740x9738,Active,2021-08-09T16:59:07
33,Browning-Rodriguez,Theresa Ward,qray@lewis-becker.biz,(692)491-8430x3020,Inactive,2021-05-15T01:31:23
34,Maynard Inc,Michael Richardson,kaitlynwilkins@campbell.info,(716)460-5454x74487,Active,2022-09-08T15:24:14
35,Hamilton-Nash,Matthew Padilla,frank93@greene.com,(260)531-5387x6732,Inactive,2024-09-25T22:56:12
36,Bautista Group,Tracy Morrison,kevin43@nash.com,4797694269,Active,2022-05-09T13:45:30
37,Atkins and Sons,Penny Lane,mariagonzalez@davis.info,225-487-5382x74431,Active,2024-11-24T21:15:25
38,Ross Inc,Amy Williams,james44@martin-duran.com,001-477-855-2925x9433,Inactive,2021-09-15T17:21:17
39,Kramer PLC,Lisa Hampton,john17@marshall.com,(496)959-8208x6334,Inactive,2022-05-07T06:22:36
40,West-Jefferson,Michael Ford,parkerchristina@baker.com,284.638.3995,Inactive,2024-07-12T21:27:19
41,Erickson-Robinson,Taylor Cannon,heatherevans@brown.net,445-352-1509x85641,Active,2024-07-10T04:23:21
42,Lopez Group,Kathryn Chang,ivan40@floyd-leblanc.org,+1-896-495-6722x39090,Inactive,2022-11-12T15:49:06
43,Lopez-Fox,Tamara Brooks,steve95@cook-allison.net,798-395-5212x76259,Inactive,2021-03-02T05:48:02
44,"Hall, Diaz and Colon",Mark Williams,holmesrobert@rice.com,507.993.7921,Inactive,2022-07-21T23:46:18
45,Bennett and Sons,Raymond Rowland,ucarpenter@davis.com,(688)620-1905x37833,Inactive,2021-12-20T04:23:39
46,Walsh Ltd,Kimberly Nichols,robert31@banks.com,993-266-0827,Active,2022-09-11T16:24:23
47,Wolfe-Thompson,Jennifer Joyce,wyattcolin@ward.biz,+1-472-241-8650x227,Active,2021-03-29T14:44:19
48,Peterson and Sons,William Thomas,bethflores@gibson.com,(305)301-9783x772,Active,2021-12-14T15:42:45
49,Anderson Inc,Jonathon Lewis,hawkinsrebecca@martinez.biz,+1-527-815-4896,Inactive,2024-09-01T10:36:22
50,Barnes PLC,Michael Walton,brownrobin@griffin.com,001-296-766-2527x079,Inactive,2023-04-22T04:51:25
51,Lucero-Ray,Marissa Johnson,ohamilton@harris.com,270.609.8524,Inactive,2021-10-10T14:41:36
52,"Barnes, Walton and Ochoa",Jay Anderson,lambertmichael@flores-coleman.com,757-828-2412x53979,Active,2020-12-01T19:59:36
53,Hall Inc,Nancy Robles,enorris@allen.com,001-552-418-2735,Inactive,2021-04-08T21:55:07
54,Williams and Sons,Scott Clarke MD,andreajordan@aguirre.com,428-901-5764x09987,Inactive,2024-01-21T15:46:02
55,Smith Ltd,Jesse Leon,joan35@berry.com,6028307931,Active,2024-09-10T12:17:09
56,"Oconnor, Jennings and Strickland",James Nelson,colechelsea@small.com,(675)750-2853x40828,Active,2021-05-15T13:33:29
57,"Ryan, Wilson and Knapp",John Drake,robinsonbrandon@ferguson.biz,(445)651-8629x299,Active,2024-08-16T05:25:07
58,Gray-Campbell,Candace White,kimberly79@white.info,690-843-1511x0568,Active,2020-12-28T08:22:53
59,Martinez Inc,Joel Hughes,rebecca42@brown-murphy.net,001-569-459-2973,Inactive,2023-12-07T22:40:19
60,Clark-Patterson,Marie Johnston,juliesilva@gonzalez.com,737.482.2657x047,Inactive,2024-10-21T23:40:08
61,"Wise, Soto and Woods",Sheri Harmon,ann60@carr.com,8259868564,Active,2024-06-23T21:40:56
62,"Smith, Finley and Figueroa",Frank Lawson,brandirosales@price-wells.com,(975)723-5400x134,Active,2021-07-02T21:41:53
63,Anderson-Thomas,Mrs. Allison Mercado,justin19@wheeler-collins.biz,284-766-5654,Inactive,2025-02-22T12:00:26
64,"Jones, Lamb and Mitchell",Walter Edwards,lkline@cunningham-davila.com,677-663-3869x6651,Inactive,2021-08-31T02:46:07
65,"Rhodes, Horn and Anderson",Miranda Morris,imartinez@simon.com,8605479159,Active,2025-10-23T00:36:31
66,Hernandez Ltd,Kimberly Martin,kristin02@sloan.com,838-641-3638,Inactive,2024-05-24T05:32:25
67,Hanson LLC,Dennis Martinez,rachelthompson@adams-roberts.net,(429)749-8472,Active,2021-01-24T19:36:36
68,"Snyder, Murphy and Russell",Mr. Michael Fernandez,josephpatrick@jordan.org,(584)658-2342,Inactive,2021-07-18T17:27:48
69,Benson Inc,Ronald Kent,bishopjohn@hernandez.com,521-930-8516,Inactive,2025-01-03T01:46:47
70,"Harrison, Hoffman and Decker",Alan Wheeler,alyssa09@greer.info,(598)354-0392,Inactive,2025-08-20T22:57:45
71,Jackson-Hernandez,Bianca King,hector65@hamilton.net,813.909.2126x82932,Active,2025-10-02T09:35:46
72,Lopez PLC,Ruth Marsh,james29@scott.com,(831)560-4003x77162,Inactive,2022-08-29T00:12:35
73,"Walker, Phillips and Fuller",Kyle Williams,jamessims@becker-powers.com,(689)888-0631,Active,2024-11-08T14:09:13
74,Mcbride Inc,Veronica Kelley,robinalexander@bailey-johnson.com,001-700-352-0535x666,Active,2023-01-09T03:55:45
75,"Cohen, Davis and Baker",Shawn Herrera,wmcgrath@reyes.com,358.565.6517x782,Active,2023-11-15T03:04:18
76,"Harrington, Williams and Cunningham",Rebecca Burns,ivillegas@kelly-hamilton.com,(227)818-1275,Inactive,2025-02-25T10:48:32
77,Anderson-Weaver,Brian Vazquez,doylebrett@lewis.net,(353)362-0258,Inactive,2022-08-23T01:49:34
78,Kim-Delgado,Amber Kennedy,beckbrandon@ware.com,868-771-4004x80909,Inactive,2023-02-28T18:26:20
79,"Davis, Anderson and Shelton",Morgan Stokes,anthony23@hansen.com,(810)621-6185x63374,Inactive,2024-02-05T12:04:13
80,"Roman, Richards and Lopez",Michael Young,tammy53@hughes.com,(537)360-2016,Inactive,2024-12-26T17:10:15
81,"Davis, Orr and Bradley",Caitlyn Roberts,summerswilliam@lambert-fischer.com,770-309-6743x788,Active,2024-01-25T08:12:56
82,Padilla PLC,Robert Lewis,glennapril@sexton.net,(506)316-5774x92544,Inactive,2021-03-17T18:37:38
83,Roberts-Gray,Brandon Cox,frederickpenny@blake.com,503-678-0099,Inactive,2022-06-27T17:58:13
84,Floyd Group,Dustin Harrison,nelsonchristina@leon.net,(653)395-7008,Inactive,2021-09-14T19:30:41
85,Bolton-Taylor,Travis Valdez,walkerstephanie@carter-morris.com,823-910-7879,Active,2025-08-06T10:07:08
86,Gonzalez LLC,Kevin Guzman Jr.,jaime46@gross-mcknight.biz,+1-469-694-1835x9864,Active,2025-10-25T08:22:43
87,"Thomas, Brown and Faulkner",Denise Velez,vwilkins@romero-peters.com,+1-761-463-4261x847,Active,2022-07-16T15:51:27
88,Smith LLC,Richard Larsen,ashleybradley@smith.com,2729491463,Active,2024-05-27T17:47:45
89,Robbins-Edwards,Alan Hall,ajohnson@powell-wallace.com,269.238.2530,Active,2022-07-16T18:45:28
90,Trevino-Allen,Andrew Li,petersantos@stout.com,(980)511-8061x932,Active,2023-11-18T08:44:47
91,"Reed, Gonzalez and Stevens",Rachel Snyder,elizabethwall@brooks.com,001-353-293-7959,Active,2025-05-20T15:24:42
92,Fuller-Odonnell,Jeffrey Gonzalez,jonesrobert@sullivan.com,206.382.8456x6211,Active,2021-01-06T14:37:42
93,"Friedman, Scott and Leblanc",Justin Levine,powelljose@taylor.info,906-796-3756,Inactive,2022-12-26T20:05:43
94,Moody-Phillips,Cheryl Lewis,brett10@hall.biz,+1-809-634-9294x54116,Inactive,2024-08-14T02:01:17
95,"Gutierrez, Jackson and Weiss",Denise Richardson,uanderson@taylor.info,3015272641,Inactive,2025-07-26T17:10:12
96,Bennett Group,Maria Atkinson,mrich@edwards-barber.info,001-227-201-2845x68197,Active,2024-05-08T00:09:41
97,Caldwell and Sons,Anthony Jones,waredavid@alexander-morgan.com,415-685-3701,Active,2021-02-08T11:16:11
98,Boone Group,Steven Lopez,kclark@romero.com,8692887886,Inactive,2023-03-18T18:57:24
99,Castro and Sons,Steven Thomas,christopher04@wilson.com,550-451-5240,Inactive,2025-03-04T08:54:13
100,Booker-Pena,Karen Wagner,jason92@mullins-butler.com,+1-806-704-9981x40442,Inactive,2024-09-26T01:53:47
101,Alvarado-Briggs,Jason Cantu,david63@gomez.net,(299)314-5761x809,Active,2022-05-25T09:57:14
102,"Solomon, Foster and Perez",Mr. James Harris,ghuang@chavez-davis.biz,001-277-632-4681x644,Active,2023-04-16T03:03:33
103,"Vargas, Knight and Alvarez",Patrick Schneider,jamesnash@reese-dickerson.biz,931-847-3494,Inactive,2022-08-12T02:42:42
104,Glenn Inc,William Johnston,jrowland@hale.biz,(363)932-3642x171,Active,2021-10-29T18:51:40
105,Haney-Collins,Kristie Patterson,josephrobinson@boyd-avila.biz,001-987-712-9708x5289,Inactive,2022-09-05T22:14:43
106,Rosario LLC,Elizabeth Carr,webbjamie@gray.com,+1-370-297-2232,Active,2023-12-24T00:54:28
107,Elliott-Woods,Timothy Smith,morganmitchell@chambers-schmidt.com,2745767709,Active,2022-12-17T06:39:14
108,"Spears, Byrd and Oliver",Shawn Martinez,thompsonkatherine@owens-newman.com,940-889-4400,Active,2022-07-15T13:09:58
109,Le Group,Kathryn Jones,emilywatson@blair.biz,(640)998-9432x518,Active,2024-01-06T00:32:34
110,Butler and Sons,Megan Hill,hhamilton@guerra-mccann.info,942.532.7714x04811,Inactive,2023-08-29T15:22:19
111,"Bishop, Harris and Eaton",Mr. Christopher Johnson,timothy91@baldwin.com,(283)737-5009x24223,Active,2023-01-01T11:58:23
112,Kennedy Inc,Elizabeth Charles,erinbrown@mullins-hernandez.com,646-359-3120x054,Active,2023-10-25T05:21:45
113,"Miller, Lee and Stephenson",Devon Bennett,figueroawesley@thomas.org,+1-326-869-3663,Active,2022-12-20T07:48:13
114,"King, Jimenez and Taylor",Tony Johnson,fschneider@hawkins.info,(376)419-1995,Inactive,2021-07-22T01:15:35
115,Brown-Lopez,Julian Larson,brandoncooke@wilson.com,204-617-5465x597,Inactive,2021-05-21T06:29:24
116,Smith PLC,Sydney Leon,larrythompson@hicks.com,9205829293,Active,2024-01-31T19:52:27
117,Pena-Adams,Andrew Hendricks,myersalicia@webb.org,340-994-9395x22168,Active,2022-12-25T17:11:29
118,"Robertson, Cuevas and Mueller",David Hebert,jeffreygonzalez@strickland-green.info,7208004733,Active,2022-09-04T11:43:53
119,Cobb-Barnett,Rhonda Bass,ulevy@hansen.com,001-693-969-5848,Active,2023-06-15T00:03:34
120,Harrison PLC,Lisa Curtis,briannaparker@graham.biz,(319)437-3978,Inactive,2020-11-12T15:19:14
121,Joseph Group,Anthony Hancock,emorton@white-curtis.com,418-940-6139x2875,Active,2021-10-16T11:45:27
122,Barry-Jacobson,Rebecca Perry,jonessamantha@evans.com,(593)733-5993x40924,Active,2021-02-26T11:54:05
123,Hardin PLC,Mrs. Amy Ruiz MD,guerrerosharon@allen-powell.org,(622)986-6353x79309,Active,2025-01-08T10:44:27
124,"Williams, Crawford and Vaughn",Mitchell Rodriguez,lori24@lee.org,679.954.7629x76557,Inactive,2021-09-21T12:27:41
125,"Franklin, Aguilar and Harrison",Ryan Morrison,pjones@harris-ware.com,001-775-228-7212,Inactive,2023-08-23T17:02:13
126,"Bailey, Hopkins and Clarke",Sarah Poole,zmcpherson@miller.com,510-233-0341,Active,2024-12-22T00:25:32
127,"Black, Gilmore and Wagner",Amy Richardson,susan30@johnson.com,001-843-375-5373,Inactive,2023-06-02T05:09:28
128,Torres LLC,Steven Stanley,hayesalexandra@gonzalez.com,775.936.2326x708,Inactive,2021-01-25T19:09:00
129,Schmidt-Mason,Michael Reynolds,vhernandez@jones.com,+1-233-620-7380,Active,2023-12-17T03:33:32
130,Russell-Hernandez,Brian Clay,robinross@doyle.com,(759)619-3592x047,Active,2025-01-17T20:35:00
131,Williams Group,Dustin Mathis,showard@reyes.info,+1-601-925-3188,Inactive,2022-05-19T03:10:33
132,"Jenkins, Brown and King",Megan Long,irivera@freeman.com,+1-596-340-5685x59749,Inactive,2023-10-25T02:56:59
133,"Williams, Carter and Phillips",Alicia Wells,hgonzalez@johnson-berger.net,899-288-6104x728,Active,2020-11-22T14:48:56
134,"Aguilar, Hart and Oconnell",Marie Baldwin,awalker@gonzalez.com,(605)425-1223x697,Inactive,2024-04-05T14:09:07
135,"Black, Weber and Maddox",Cheryl Williams,maycourtney@parks.biz,001-689-221-6688x49130,Active,2023-07-12T02:08:31
136,"Peterson, Gonzales and Hall",Miguel Franklin,seth29@flynn-thomas.org,(925)975-4851,Inactive,2021-08-14T06:00:32
137,Simmons-Mcmillan,Terri Williams,wilsonjames@morrow-liu.com,449.400.3545x479,Active,2022-12-01T00:22:11
138,Jackson-Christian,James Cox,jameslee@walker-zavala.com,(891)998-1543x933,Active,2024-06-02T23:14:29
139,Williams PLC,Michael Brown,nicholas95@green.biz,001-406-981-6638,Active,2022-01-22T14:43:42
140,"Miller, Wilson and Hall",Jay Jackson,tallen@barrett.com,(749)999-8813,Active,2023-05-26T20:52:59
141,Murillo LLC,Christopher Benton,bcohen@thomas-cooper.org,466-983-0690x4868,Inactive,2025-07-09T14:03:30
142,"Cooper, Holder and Olsen",Jason Mccarthy,hilldavid@calhoun-sullivan.info,290-408-2787x0606,Active,2022-07-08T23:02:41
143,Mccann LLC,Sheila Duncan,amanda64@morrison.com,(515)389-2553x06982,Active,2023-03-23T02:35:54
144,Hughes-Logan,Janice Davis,christinecarter@jensen.com,001-878-633-6605x8702,Inactive,2024-05-30T19:05:30
145,Hamilton-Peters,Nicholas Young,tprice@hall.com,+1-928-284-0342x08221,Active,2025-01-02T02:50:40
146,Boyd and Sons,Roger Snow,walshcourtney@webster-smith.info,001-745-712-0337x332,Inactive,2022-07-20T14:23:45
147,"Taylor, Fisher and Dean",Marc Dixon,zunigaandres@jones.com,(574)984-6623x432,Active,2022-04-24T06:04:17
148,"Evans, Collier and Elliott",Troy Gregory,sthomas@brown-white.com,9672712308,Active,2023-01-25T06:45:34
149,Guerrero-Moss,Amber Weeks,stanleywilliams@richardson.net,503-922-3186x8643,Active,2021-07-24T06:39:05
150,Duran Ltd,Bryan Thomas,brett93@green-alvarado.com,886-666-0780,Active,2023-02-03T20:17:08
151,"Chan, Ortiz and Skinner",Patrick Schmidt,bellkelsey@fisher-garcia.com,944.579.1113x97427,Active,2024-09-26T20:39:45
152,Arnold Ltd,Xavier Garza,dominiquelittle@scott.com,298.948.4794x7503,Active,2021-12-23T03:33:07
153,"Phelps, West and Compton",Erika Odom,ericksonmichael@schultz.com,+1-946-859-4705x19838,Active,2021-06-24T07:47:23
154,"Robertson, Wilson and Huynh",Ronald Walters,tracie99@rodriguez.info,+1-768-484-2072x891,Active,2023-02-21T05:04:24
155,Gates LLC,Carl Wright,olsonandrew@garrett-cook.net,417-523-5798,Inactive,2024-06-20T19:12:09
156,"Wagner, Gutierrez and Hodges",Kimberly Long,kimberlywilliams@barnes.com,202.662.0646x0177,Active,2024-11-08T22:26:47
157,"Holmes, Hoffman and Nguyen",Elizabeth Kemp,richardsteresa@joseph.com,650.437.6448x3761,Active,2024-03-06T13:48:37
158,"Shaw, Smith and Glover",Mr. Jacob Smith,collinsemily@wagner-lucero.com,(336)405-4916x906,Active,2022-08-27T11:12:04
159,Thompson PLC,Sheila Mitchell,david40@thomas.com,001-697-687-5896,Active,2024-12-22T12:06:24
160,Rodriguez-Mcguire,Jennifer Chavez,michellehicks@harrison.com,001-950-777-6675x017,Active,2022-04-17T19:05:31
161,Johnson and Sons,Paul Fox,juliewalter@luna.com,782.644.9742,Active,2024-10-28T13:38:46
162,Duncan Ltd,Brandi Garrett,harperkelsey@wright.info,(643)527-6315x307,Active,2021-06-22T10:42:04
163,"Barron, Andrews and Cox",Desiree Boyd,timothypruitt@hayes.info,953.468.4356x0868,Inactive,2021-05-21T20:30:40
164,Rivera LLC,Martha Ortiz,levyheather@sanford.com,(973)264-4517x209,Active,2025-02-22T13:11:48
165,"Johnson, Hernandez and Daniel",Todd Goodman,kinglori@keller.info,807-634-2864,Inactive,2024-12-20T10:48:31
166,Daniels Ltd,Angie Levy DVM,brianna95@campbell.com,8368907746,Inactive,2025-05-16T08:17:58
167,Warren Inc,Jean Roberts,egonzalez@webb.com,001-930-812-8750,Active,2022-06-25T03:39:54
168,Lynch Group,Rachel Harvey,kayla86@bernard.com,+1-936-783-3443x6345,Active,2022-10-26T18:53:17
169,Miranda PLC,David Ellis,clarktammy@clark.org,001-429-316-9466,Active,2025-04-03T08:14:21
170,"Henderson, Hill and Baker",Larry Norman,nicolecasey@ortiz.info,(956)787-8692,Active,2022-08-30T19:21:12
171,Jenkins Inc,Erica Flores,tmontoya@thomas-cunningham.com,765.822.4384,Active,2025-02-06T02:40:16
172,Gomez Ltd,Matthew Macias,jrodgers@moore.com,(940)297-8370x990,Inactive,2021-12-24T16:29:45
173,"Williams, Haney and Brown",Vanessa Thompson,jonathan83@bass.com,611.793.7689x060,Inactive,2024-06-20T18:35:43
174,Gonzalez-Clark,Sarah Morris,drodgers@harper.com,461-360-7575x89945,Inactive,2021-05-24T14:19:42
175,Taylor-Downs,Angela Smith,pbrown@sims.com,4019851208,Active,2025-07-06T06:51:22
176,Torres-Miller,James Jones,johnathan95@cruz-williams.com,672-887-5942,Active,2023-10-28T02:17:58
177,Watts-Smith,Sarah Marks,foleydana@smith.org,001-893-311-9307x66571,Inactive,2020-12-10T15:49:03
178,Lopez-Wilson,Felicia Evans,adamsbryan@tran-mcdonald.com,+1-406-947-9733,Active,2024-10-14T21:59:30
179,"Martinez, Vaughn and Moore",Sydney Garcia,michele96@white.com,001-966-309-4676x3929,Active,2021-08-23T02:59:44
180,"Farrell, Thomas and Wells",Lucas Mcdonald,michellestone@cook-frey.com,338-507-0115x06558,Active,2021-05-28T11:42:26
181,Pierce-Humphrey,Sarah Joyce,ssalas@stanley.com,+1-345-416-8392,Active,2024-03-08T15:27:34
182,"Murray, Parker and Simmons",William Aguirre,rachel35@smith.com,(902)797-6105x7349,Inactive,2023-08-31T02:41:37
183,Smith and Sons,Melissa Gray,dalton56@bird.info,790-487-0879x290,Active,2025-09-08T03:23:23
184,Williams LLC,Diamond Higgins MD,jonathan29@washington-spencer.com,+1-732-276-9409x3304,Inactive,2023-09-10T00:42:55
185,"Price, Alexander and Clark",Charles Underwood,patriciajohnson@york.com,+1-543-754-5386x042,Active,2022-06-01T21:37:45
186,Dean-Estrada,Margaret Pena,crystal40@mayo.net,001-779-581-0482,Inactive,2023-04-23T04:13:29
187,Thomas PLC,Glen Jackson,fnichols@taylor.org,(553)706-5338x66608,Active,2023-10-05T16:53:03
188,Rice-Brown,Terry Adams,gonzalezanthony@lopez-mcgee.biz,(376)617-8128x487,Active,2022-05-05T22:50:07
189,Aguilar-Lee,Deborah Larson,stephen52@frye.com,001-731-525-9989x96639,Active,2023-08-24T11:55:12
190,Henderson-Green,Michael Johns,hammondlaurie@moore.info,332-794-4611,Inactive,2024-05-21T19:26:15
191,Rodriguez Inc,Ronnie Prince,robertsoto@ruiz.org,(706)744-7132x446,Active,2025-06-09T15:43:50
192,Martin-Alvarez,Dr. Frank Ford MD,jeffreywells@singleton.com,735-674-0154x94016,Inactive,2022-12-22T01:16:04
193,Woods and Sons,Joseph Valencia,palmerjonathon@hall.com,336.427.0263,Active,2023-06-16T10:05:10
194,Logan-Thomas,Maurice Roberts,gary01@moore-davis.com,677-247-7509x04883,Active,2023-03-11T09:05:28
195,Ward-Reed,Kimberly West,ngibson@conner-chung.org,(725)351-3333,Active,2025-02-04T10:17:00
196,Brown Inc,Katelyn Molina,emiller@villa.com,984-231-9984x688,Inactive,2021-10-05T01:10:25
197,Bishop Inc,Andrew Miller,thorntonjohn@kim.biz,734-752-1817x90382,Active,2023-05-15T03:08:13
198,Williams and Sons,Timothy Briggs,tina97@davis.net,001-493-365-9306,Active,2021-08-05T07:33:17
199,Williams-Alvarez,Eric Baxter,freylinda@estrada.net,880-980-1870x6821,Active,2023-09-28T14:25:15
200,"Fisher, Little and Howell",Erin Anderson,nmckay@moore.com,(832)254-4500,Active,2025-05-02T12:14:40
201,Zuniga-Jennings,Carl Pierce,melissareyes@anderson-bennett.com,956-863-3516,Inactive,2021-06-16T00:10:07
202,"Johnson, Williams and Walker",Lori Brown,michaelrivera@perez-morris.biz,246.212.6203x43839,Inactive,2021-06-28T13:39:00
203,Henderson and Sons,Samantha Young,pagekenneth@bauer-kaiser.net,612-475-2503,Active,2023-02-05T00:19:52
204,"Turner, Rogers and Terry",Christopher Moore,mwells@maldonado-marshall.com,+1-794-581-9311x2573,Active,2024-05-27T12:30:16
205,"Smith, Martinez and Scott",Jose Lloyd,smithtimothy@kim.com,+1-607-652-0765x286,Inactive,2022-11-15T02:57:55
206,Yates Inc,Michelle Ewing,karenreed@lopez-bowman.biz,915-821-4638x230,Inactive,2022-02-19T21:00:18
207,Kemp PLC,Mark Hayes,brian06@neal-ford.com,326-732-0997x2522,Active,2022-04-04T09:41:10
208,"Guerrero, Jones and Foster",Jill Page,amorris@morrison.org,7025844023,Active,2023-03-15T16:45:30
209,Wilson-Gutierrez,William King,wnguyen@brown.org,889.532.2411x794,Active,2021-12-28T01:53:45
210,Kennedy Inc,Olivia Hart,spencer79@lloyd.info,(409)985-4402,Inactive,2024-03-23T19:36:27
211,Mccullough-Mitchell,Kimberly Bishop,christopherhorn@mcdaniel.net,783.606.9481x5818,Active,2023-05-29T19:07:53
212,"Campbell, Johnson and Burns",Jamie Davis,rmoore@stewart.org,(498)571-3957x510,Active,2022-08-28T09:13:58
213,Knight-Wilson,Virginia Craig,brendavargas@barnes.com,(205)308-3311,Inactive,2023-12-28T14:48:42
214,"Drake, Daniel and Hess",Kevin Turner Jr.,ghenderson@anderson-watts.info,669-383-8710,Active,2024-11-05T17:39:45
215,"Lloyd, Anthony and Dougherty",Michael Chavez,blackwellaustin@khan.com,(449)448-0894x2402,Inactive,2021-07-03T01:22:21
216,"Phillips, Holland and Williamson",Brian Carter,bgomez@mills.com,6037648601,Active,2021-12-27T13:41:13
217,Johnson PLC,John Contreras,fallen@graham.com,001-827-243-4505x3967,Inactive,2023-03-24T09:06:53
218,Barajas-Butler,Marie Daugherty,jcurtis@good.com,(499)529-3598x321,Active,2021-09-09T12:58:52
219,"Williams, Anderson and Johnson",Amanda Barnes,kristineacosta@rich.com,(839)447-3789,Active,2022-11-28T05:56:15
220,"Mcclain, Fox and Bond",Stephanie Lambert,lunamichael@martinez.com,965-832-6225x2193,Active,2025-06-26T09:02:59
221,Thompson-Gross,Michael Brown,angelapittman@sexton.com,+1-748-259-4205,Inactive,2021-05-06T16:36:23
222,Lee-Shannon,Robin Carter,sheryl87@bond-roberson.org,991-900-5453,Inactive,2024-11-18T13:45:28
223,Weeks Inc,Kelly Barnes,heather68@harrell.biz,+1-471-433-9718x148,Active,2024-09-21T22:52:11
224,Novak-Brown,Bryan Frost,markshannah@cooley-sanchez.biz,876.222.5554x307,Inactive,2024-12-16T18:40:32
225,Smith-Howard,Valerie Guerra,heather28@marshall-gibbs.com,001-586-479-9189,Active,2025-07-14T16:02:47
226,Melendez-Jacobs,Cynthia Schroeder,kellygregory@smith.com,557-881-3073,Inactive,2021-12-23T13:56:53
227,Stanton LLC,Richard Cross,sarahherrera@peterson.com,001-954-317-0780x3861,Inactive,2022-04-03T23:32:01
228,Webb PLC,John Johnson,brucestewart@gonzalez.com,(853)833-7003x3726,Active,2025-01-30T01:04:37
229,Frederick-Mcintosh,Michael Long,andreaoliver@lucas.info,(835)922-1394x631,Inactive,2024-06-07T23:16:00
230,Jackson Inc,Lance Nguyen,smithtyler@vance-brady.com,2627640224,Inactive,2025-02-05T23:45:32
231,Rogers PLC,Sarah Robbins,gilbertandrew@hammond-santos.biz,(679)778-4060x914,Inactive,2023-10-25T16:30:27
232,"Elliott, Griffin and Rogers",William Hogan,kenneth59@wright-martin.com,001-564-668-7826,Active,2023-04-17T08:38:48
233,Fuller-Rogers,Kevin Nelson,tyler19@hurst.info,(579)247-5110,Active,2022-04-15T03:07:32
234,"Brown, Williams and Webb",Andrew Murphy,laura59@anderson.org,+1-550-420-4130x55775,Inactive,2023-02-16T01:20:49
235,"Patel, Jones and Kelley",Hannah Ho,dwayne88@brown.com,+1-448-996-6088x22288,Active,2022-09-15T05:57:36
236,"Smith, Garcia and Hinton",Victor Alexander,emilyfriedman@bradley-skinner.net,230.990.9363x4178,Inactive,2022-04-21T20:35:51
237,Arnold-Poole,Miss Abigail Beard,ginanicholson@howard.com,313.733.3499x7274,Active,2022-04-01T19:45:15
238,Fields Inc,Claire Blankenship,nelsonderrick@aguilar.com,528-371-4111,Inactive,2025-03-30T08:49:08
239,Medina-Hernandez,Kristie Townsend,bmorgan@torres.com,(986)319-9859,Active,2024-01-09T00:42:22
240,Cantrell Inc,Mr. Anthony Rowland,smills@davis.com,340.326.1734x403,Active,2021-12-18T02:28:40
241,Heath and Sons,Travis Spencer,jody18@lloyd.net,666-629-1509x26710,Inactive,2025-07-10T15:33:58
242,Strong-Powers,Eileen Lopez,steven23@fitzgerald.com,(981)508-4439x83623,Inactive,2022-10-02T05:08:00
243,"Lucas, Vasquez and Boyle",Manuel Kelly,carlsonjohn@lowe.com,(736)571-3850x5742,Active,2025-04-26T06:12:00
244,Perry-Watson,Philip Wilson,melissa06@richardson.com,810-294-4773x8239,Inactive,2021-08-04T01:32:19
245,"Allen, Martin and Cooper",Melissa Cunningham,lrobinson@long.com,(333)823-6215,Active,2024-04-26T05:11:09
246,"Barnes, Wise and Martin",Ronald Walls,hahnjennifer@gutierrez-velez.com,370.812.3868,Inactive,2024-08-19T18:00:02
247,Shaffer Inc,Justin Rivera,jared50@walker.net,595.660.7152,Inactive,2021-03-22T02:24:11
248,"Wade, Harrell and Odonnell",Melinda Martin,hreed@huang.com,857-518-1040x2746,Active,2022-03-13T09:51:10
249,Novak and Sons,Susan Mcgrath,kbrooks@walters.com,+1-409-208-2734x782,Inactive,2021-05-07T14:02:43
250,Young-Floyd,Nicole Fuller,singhmark@stone.com,528-414-1710,Active,2021-03-10T18:58:26
251,"Rubio, Lutz and Brown",Erika Ray,millsbethany@le.com,+1-720-467-1713x621,Active,2023-06-12T20:54:11
252,"Diaz, Lambert and Lang",Jared Roberson,robyn83@smith-montes.com,(596)657-1701x4577,Active,2023-06-14T11:25:59
253,Mercado-Lowe,Tammie Bryan,djones@joyce.info,001-509-994-2485x48992,Inactive,2023-01-01T01:50:42
254,Lewis-Tate,Patricia Flores,ygilbert@waters-weber.info,(419)919-4117x6167,Inactive,2022-10-03T05:05:40
255,"Jones, Brown and Patterson",Daniel Roberts,millersara@stewart-wilson.com,284-537-6073,Inactive,2021-01-16T14:54:03
256,"Hawkins, Cuevas and Thompson",Madison Winters,nicholas60@foster.net,+1-783-258-8828x77003,Active,2021-12-27T08:00:51
257,Williamson-Thomas,Carlos Martinez,wileyrobert@smith.com,001-354-523-9467x132,Active,2024-06-29T01:02:45
258,"Moore, Shepherd and Robinson",Carl Thomas,amandawilliams@cox.biz,525.897.4052,Inactive,2021-07-19T13:35:24
259,"Pope, Ayers and Rogers",Veronica Townsend,amandageorge@rios.info,001-526-516-9061x49922,Active,2025-05-07T17:05:24
260,Mitchell-Willis,Jerry Grant,mnelson@simmons.com,975.449.6361x59480,Inactive,2022-01-28T16:05:18
261,Schmidt-Knight,Emma Good,timothyross@grant.org,001-525-495-3355x58758,Inactive,2025-10-20T23:16:11
262,Frazier-Barron,Julie Williamson,morrismichael@wood-grant.com,953-722-9418,Active,2025-08-07T02:31:30
263,Mccormick-Parsons,Stephanie Osborne,tommy99@welch.com,592.445.7560x13156,Inactive,2022-06-30T18:22:56
264,"Bradley, Martinez and Jones",Megan Garcia,jacquelinerussell@shepard-weaver.net,+1-370-887-3699x59534,Inactive,2023-07-28T04:42:16
265,"Daniel, Meadows and Perez",Rebecca Garrison,taylorjason@boyer-green.com,230.270.7372,Active,2022-03-25T15:59:55
266,Price PLC,Shane Henry,joneskenneth@chandler-thomas.com,001-460-440-6576x2610,Inactive,2024-11-04T07:22:53
267,Brown-Anderson,Travis Robinson,jill14@kelley.com,832.252.4718x4944,Inactive,2025-07-05T13:56:39
268,"Vasquez, Pierce and Rosales",William Hutchinson,jennifer73@mcbride.com,200.753.6424,Active,2022-12-23T23:50:35
269,Skinner LLC,Jennifer Schneider,bryanrobin@rubio.net,001-529-426-6298x242,Active,2022-07-13T19:05:47
270,Young LLC,Nathan Rice,howellevan@velazquez.com,7214186373,Inactive,2022-08-12T17:01:57
271,Mays Group,Earl Trevino,farmeramanda@nguyen-jones.org,+1-677-796-9569x4142,Inactive,2022-03-03T07:03:17
272,"Brooks, Parsons and Moore",John Johnson,zhensley@myers.org,(625)458-9387,Inactive,2021-01-07T12:51:26
273,Hernandez-Willis,Emma Jimenez,torresrachel@smith-carter.org,+1-897-318-0612x82277,Inactive,2024-02-17T14:12:06
274,Schultz PLC,Jeff White,williamsalinas@fisher-chapman.info,428-673-0002x5167,Active,2021-04-09T22:13:59
275,"Johnson, Mitchell and Donaldson",Aimee Morales,ysullivan@barnes.info,001-958-582-4135,Inactive,2021-06-01T18:07:35
276,"Jordan, Rojas and Davidson",Samantha Lopez,qclark@reed.com,286-212-7511,Active,2024-04-18T02:14:07
277,Collins Group,Brad Medina,nelsondestiny@harris-guerra.com,001-466-351-3591,Inactive,2023-04-11T21:56:00
278,"Nichols, Scott and Silva",Alejandro Ramirez,maryrodriguez@smith.net,9404613809,Inactive,2024-01-15T20:37:31
279,Clark-Black,Ruth Butler,chasegary@harper.net,708-896-8223,Inactive,2023-10-09T13:31:05
280,Black-Andrews,Travis Colon,myersnicholas@roberts-reynolds.org,548-456-2253x19037,Inactive,2021-08-05T06:44:26
281,"Hardy, Martin and Cunningham",Kari Williams,middletonanthony@barajas.com,6328930894,Inactive,2023-04-21T18:29:19
282,Carrillo Inc,Chelsea Moreno,amy16@jensen.com,+1-841-641-9170x71850,Inactive,2024-11-22T18:35:56
283,Gray-Copeland,Michael Tate,amber87@harrison.com,+1-274-473-9905x08964,Active,2021-11-20T19:18:40
284,Martinez-Cooper,Angelica Delgado,daviddavis@austin-ray.com,568-668-0591,Inactive,2025-01-10T13:02:55
285,Roberson Ltd,Jacqueline Mason,jramirez@bonilla.com,+1-536-584-4852x32415,Active,2023-07-23T05:10:06
286,Woodward-Mcpherson,John Meyer,burgessbilly@taylor.org,398.326.1562x38870,Active,2021-11-20T22:09:30
287,Parker-Novak,Nathan Wilson,ramirezluis@floyd.info,(350)887-4321,Inactive,2022-11-19T10:08:08
288,Shaffer-Hess,Alexandra Sanchez,wheelerrandy@clark-lee.info,(438)319-5382x41589,Active,2025-03-22T02:28:07
289,Kim-Jordan,Collin Krause,breannaanderson@rivera.com,912-818-6620,Active,2023-07-18T15:41:18
290,Bradley LLC,Bryan Scott,timothy14@hensley.info,816-990-9732x851,Inactive,2023-07-21T09:01:38
291,Dominguez LLC,Michael Carroll,fordscott@williams-sanchez.com,(986)711-9655x828,Active,2021-03-17T19:26:14
292,Rivera Ltd,James Gonzales,fhebert@henderson.com,2385997861,Active,2021-04-10T21:24:11
293,"Martinez, Morgan and Houston",Kimberly Wells,wilsonjennifer@gray.com,919-369-9851x98493,Active,2025-04-02T17:56:55
294,"Brock, Davis and Middleton",Andrew Thompson,shelley96@rodriguez.com,788.842.3074x249,Active,2021-04-12T10:13:24
295,"Willis, Bullock and Hall",Amanda Brown,kimjohn@nichols.info,001-506-530-8130x849,Inactive,2021-04-22T11:10:55
296,Mcgrath LLC,Jacob Jones,charles76@velazquez.biz,452.446.6165x5225,Active,2025-04-23T00:00:33
297,Leblanc LLC,Nicole Brown,rkennedy@kaufman.com,001-344-331-4213x62869,Inactive,2021-06-13T02:45:21
298,"Hammond, Mccullough and Carlson",Nancy Hill,millerlisa@schmidt-wilcox.org,001-849-277-3412,Active,2024-05-27T03:45:44
299,Smith LLC,Anthony Mendez,vjackson@jones.net,252.611.8739x1050,Inactive,2022-01-22T18:32:14
300,"Adams, Gordon and Duncan",Emily Mata,morserandy@morgan.net,+1-729-621-9590x53400,Active,2021-07-28T11:07:31
301,Juarez-Colon,Melissa Reyes,wesleymyers@gilbert-dodson.info,(560)861-0867x520,Active,2024-03-09T10:10:13
302,Morrison-Vasquez,Daniel Garcia,cooksarah@jones.com,001-839-788-6783x674,Inactive,2025-02-08T15:20:08
303,"Tran, Page and Wang",Elijah Conner,schultzscott@wilson.info,417.760.7077,Inactive,2024-05-29T13:29:59
304,Cox and Sons,Terry Dixon,turnerjean@horton-peters.com,+1-355-712-6704,Active,2023-03-16T09:29:00
305,Lopez Ltd,Bonnie Rodriguez,katie31@davis.com,+1-819-784-2469x12150,Active,2020-11-19T02:45:18
306,Perkins Inc,Robert Davis,fdavidson@rodriguez.com,647.428.3016x91664,Inactive,2025-07-20T13:35:50
307,"Bush, Michael and Smith",Zachary Carr,moorealex@lewis-harris.com,(441)406-5981,Inactive,2023-12-25T07:02:53
308,West Ltd,Craig Harris,onelson@price-mcpherson.com,001-587-987-4596x55498,Active,2022-04-19T19:56:59
309,"Key, Chambers and Johnson",Christian Ramos,jessicanguyen@brooks.com,+1-440-380-3252x4835,Inactive,2024-07-07T17:01:16
310,Fitzgerald Group,Ms. Taylor Holloway,leetyler@zimmerman.com,(429)272-4753,Active,2022-12-05T19:10:20
311,"Jackson, Cervantes and Miller",Paul Harris,faith91@guzman-yoder.org,001-442-793-6355,Active,2025-10-18T02:29:28
312,Gilbert Ltd,Calvin Meadows,fjensen@powell-watkins.com,786-568-2221x65269,Inactive,2025-06-10T02:36:55
313,"Little, Lopez and Williams",Joseph Mcdowell MD,wolfmelinda@williams.com,+1-776-645-6810x9935,Active,2022-11-16T04:46:46
314,"Huber, Gomez and Murphy",Jesse Horn,greenjohn@williams-martin.com,775.437.3533x1452,Inactive,2025-08-01T14:24:05
315,Simpson-Lamb,Dustin Adams,tricia41@rodriguez.org,4805381035,Inactive,2025-09-21T18:44:59
316,Harrison-Smith,Rebecca Johnston,galvanmanuel@bailey.com,(741)414-1827x10641,Inactive,2024-02-15T19:59:30
317,Johnson-Welch,Eric Perez,trice@bowman.com,(364)506-5978x80689,Inactive,2022-11-07T08:44:34
318,Alvarado-Evans,Samantha Perry,woodcheryl@carter.com,+1-427-291-6788x077,Active,2022-08-16T03:05:02
319,Morris Ltd,Alejandro Pena,millsdawn@warren.com,988-525-5632,Inactive,2022-09-12T10:51:07
320,Randolph Inc,Luis Ryan,wlozano@munoz.org,(713)650-7985,Inactive,2021-07-21T09:08:46
321,"Johnson, Kane and Willis",Mark Mitchell,josephmorris@garcia.com,805-446-7903,Active,2021-09-21T08:53:46
322,Cline LLC,Matthew Burgess,uedwards@rodriguez.com,(883)201-4106x518,Inactive,2021-06-02T12:08:06
323,"Schultz, Esparza and Conrad",James Wong,kimberly94@taylor.info,(946)719-9247x75094,Inactive,2022-07-23T06:25:11
324,Nguyen PLC,Brian Hartman,aholden@nolan.com,5715565888,Inactive,2023-06-29T14:52:12
325,Ramsey and Sons,Julie Mills,danielparker@miles.com,+1-555-799-3801x51577,Active,2025-07-11T09:26:07
326,Young PLC,Sharon Cole,andreasmith@mcdonald-adams.biz,(703)600-1107x3812,Inactive,2023-12-26T01:21:10
327,Davis Ltd,Michael Jackson,wjensen@smith.com,234-662-6886,Inactive,2022-08-10T18:31:21
328,Ellis LLC,Julie Wood,jamesjimenez@moyer.com,(954)612-1200x2081,Inactive,2023-10-28T13:32:02
329,Juarez-Powell,Scott House,seth92@williams.biz,(981)611-7001x58724,Active,2023-04-30T14:32:33
330,Price-Macdonald,Alexa Anderson,jason04@murillo-silva.com,247-282-1763x4514,Inactive,2021-05-26T06:43:22
331,"Smith, Riddle and Barrera",Karl Snyder,rmartin@morgan.com,847-657-5612,Inactive,2022-06-15T01:33:05
332,Smith Ltd,Sarah Thompson,linda41@stanton-cervantes.com,+1-665-391-6222,Active,2022-04-23T03:25:41
333,"Johnson, Valdez and Robinson",Abigail Mccarthy,zacharyclarke@lee.com,2786921311,Inactive,2022-02-09T19:42:23
334,Hall-Patterson,Michelle Perez,aprilmaynard@martin.com,(584)296-8511x022,Active,2023-01-02T04:22:34
335,Owens Group,Kenneth Rodriguez,latasha59@rodriguez.info,+1-425-702-0749x97747,Inactive,2021-10-11T23:16:20
336,Byrd LLC,Timothy Carpenter,christian61@keller.com,+1-666-280-0508x839,Active,2023-06-15T11:02:41
337,Gibson PLC,Cynthia Romero,galvarez@mendoza.com,001-358-475-6001,Active,2021-12-16T08:08:48
338,"Jones, Bender and Mitchell",Shannon Baker,johnsonjulie@andrews.biz,6808658492,Active,2021-06-12T08:59:39
339,Davis-Luna,John Romero,molinalisa@miller.org,001-841-499-0305x34613,Active,2025-06-23T03:23:47
340,"Petersen, Bradshaw and Navarro",Melissa Ramos,adamscynthia@thomas-murphy.com,(779)413-0320x2372,Active,2022-11-28T14:57:13
341,Cohen Ltd,Jason Velazquez,harveydavid@vasquez.com,001-801-891-0159x652,Inactive,2021-02-08T02:12:34
342,Lopez Ltd,Adam Lee,salexander@dominguez.com,345.965.3881x142,Inactive,2021-01-11T11:48:09
343,Taylor-Wilson,Mary Brady,parksamber@mcintyre.org,895-610-6409x97596,Active,2023-11-05T05:49:02
344,Carpenter-Dennis,Andrew Rodriguez,taylorstacie@butler.org,+1-950-266-6141x65321,Inactive,2023-06-25T03:38:15
345,"Bell, Mata and Foster",John Wilson,qmartin@haynes.org,001-491-597-0320x783,Inactive,2021-12-30T23:52:49
346,Coleman-Yates,Anthony Melton,georgescott@peters.com,(729)237-6738x6635,Active,2023-09-18T08:50:29
347,"Gutierrez, Pittman and Jarvis",George Brown,princemichele@coleman.com,001-814-635-1628x802,Active,2024-05-21T16:09:33
348,Wright Ltd,Micheal Morales,trobinson@webb-cruz.info,001-409-484-7846x05916,Inactive,2025-06-04T22:47:10
349,Greene PLC,Robert Snyder,xkelly@banks-patel.biz,(618)805-8711,Inactive,2023-07-19T02:31:20
350,Ryan-Maddox,Laura Yates,spearsdon@henry.info,307-654-8950x26165,Inactive,2024-05-19T18:07:13
351,"Fitzgerald, Shaw and Garrett",Jamie Gregory,nfrancis@brewer-bradley.net,2184757368,Inactive,2021-04-25T22:22:57
352,"Herring, Sullivan and Hudson",Kelly Collins,joel72@evans-brown.com,(836)363-1904x4676,Active,2025-08-31T01:21:04
353,Crawford-Garcia,Yvette Cobb,ereed@campbell.com,431-289-0120,Active,2022-07-01T11:41:58
354,Cardenas-Arias,Dean Walker,jamesmorales@payne.com,(845)811-3971x742,Inactive,2023-05-07T21:28:45
355,Castillo-Santana,Kristen Gutierrez,clarkevelyn@daniel.net,001-931-843-0169x840,Inactive,2023-05-16T20:15:56
356,Gordon Ltd,Rebecca Miller,crystal84@smith.com,001-407-812-1458x2622,Active,2023-02-16T19:44:56
357,"Smith, Cisneros and Snyder",Patricia Butler,amberhernandez@patel.net,+1-319-274-2045x962,Inactive,2023-07-29T11:56:37
358,"Holder, Harris and Fernandez",Christine Osborne,perkinsallison@jackson.com,5003920899,Active,2022-04-30T04:49:46
359,Brown LLC,Edward Thompson,michaelfrye@blake.org,(668)420-7755x873,Active,2022-01-07T20:37:13
360,"Bullock, Adkins and Simon",Julie Abbott,craigmichael@foley.com,354-695-7211,Active,2022-10-10T06:21:28
361,"Snow, Campbell and Lee",Jordan Mathis,achavez@ward-hicks.biz,962.314.7720,Active,2025-01-24T14:47:49
362,"Davila, Bass and Martinez",Tina Sanford,alyssa30@ruiz-rivas.biz,358.717.9972x2523,Active,2022-12-15T04:33:03
363,Johnson PLC,Steven Mason,amy99@green-perez.com,+1-330-835-1427,Active,2025-05-23T07:48:31
364,Burke-Roberts,John Evans,powellemily@harrison.com,(669)220-7127x4741,Active,2024-02-24T08:28:42
365,Hicks and Sons,Edward Roy,george43@henry.org,(401)265-8596x0242,Inactive,2022-10-06T03:43:21
366,Smith-Bowen,Ethan Clark,steven15@brown.com,(499)852-0040,Inactive,2021-10-09T10:13:10
367,Williams PLC,Cory Perkins,wjohnson@mitchell.biz,540.773.6780x89089,Active,2025-01-31T06:36:31
368,Thompson LLC,Jacob Cantrell,mchandler@goodman-myers.com,(239)283-8559,Inactive,2024-11-29T17:19:56
369,"Hale, Powers and Smith",Kayla Morris,arthur86@gordon-pittman.biz,001-408-918-1181x86271,Inactive,2022-10-20T10:35:02
370,Snyder LLC,Sarah Johnson,jenniferpetty@mullen.com,(515)492-2734x3242,Active,2024-09-08T15:25:41
371,"Patrick, Myers and Carpenter",Joshua Scott,hartjennifer@boyd.biz,343-330-9547x255,Active,2024-08-03T21:59:59
372,Massey Inc,Mr. John Ford,justinkemp@williams-kelly.org,(757)790-8078,Active,2022-11-17T17:06:12
373,"Landry, Park and Carrillo",Stephen Barrett,tvasquez@padilla.com,(853)254-1131x302,Active,2022-02-13T23:57:11
374,"Jordan, Franco and Smith",Jeffery Little,timothywilliams@myers.com,838.786.9461x4277,Inactive,2024-12-07T17:15:25
375,Norman Group,Heather Evans MD,davidgonzalez@davis.com,936-884-2125x26580,Inactive,2022-08-08T15:54:09
376,Ortega-Jackson,Kenneth Hughes,lauren13@perez.com,(454)429-0762,Active,2024-04-22T22:30:14
377,Allen and Sons,Dr. Kendra Jones,rachel91@warner-jackson.net,359-862-6159,Inactive,2023-03-06T02:56:47
378,Rice-Harrison,Dylan Owens,michael03@joseph.info,(806)881-6461,Inactive,2023-05-22T04:22:16
379,Mccarthy-Blair,Michael Lewis,ugutierrez@ward-bauer.org,+1-655-435-0332x76633,Active,2025-06-23T16:31:53
380,Smith Ltd,Luis Bryant,echandler@wilkinson-crawford.com,+1-947-939-1232,Active,2025-01-30T04:52:37
381,Goodwin and Sons,Nicolas Santos,isantiago@todd-durham.biz,850-558-5448x9947,Active,2024-06-08T05:16:39
382,Cooper PLC,Wyatt Gill,vanessapetersen@baker-stewart.com,(419)922-5078,Inactive,2021-04-09T00:50:25
383,Gomez-Lyons,Stacy Smith,michaeljohnson@decker-miller.net,001-542-469-2769x2587,Active,2024-03-13T11:36:28
384,"Ferguson, Gamble and Schultz",Matthew Baker,williamsjesus@thomas.com,(712)323-7894,Inactive,2023-01-07T00:08:09
385,"Roberts, Parrish and Wagner",Kevin Mcgee,robert16@kelly-romero.com,+1-297-667-7591x99506,Active,2024-02-21T14:56:07
386,Barr and Sons,Yvonne Sosa,fisherbriana@vasquez.net,305-653-7552,Inactive,2025-03-27T13:34:54
387,Jackson-Dominguez,Tyler Pennington,torresashley@nelson.com,+1-369-740-9292x91218,Inactive,2023-07-27T20:49:10
388,Smith-Martin,Brian Harrison,bmueller@johnson-campbell.info,001-806-883-1729x30001,Inactive,2023-12-31T06:48:06
389,"Bishop, Pierce and Turner",Ryan Contreras,nicolewright@anderson.info,602-971-4283x925,Inactive,2025-07-30T05:55:34
390,"Martinez, Evans and Carson",Jonathan Adkins,ivillegas@smith.com,001-634-200-4668x30370,Active,2025-07-18T12:15:01
391,Farley LLC,William Simmons,mduran@murillo-thomas.net,7598536509,Inactive,2024-04-26T20:03:18
392,Lewis-Charles,Diana Mccoy,mwilliams@dorsey-frank.com,410-518-2462x6391,Active,2022-04-30T05:44:57
393,"Gonzalez, Branch and Vargas",Jade Watson,jenniferjones@romero-howard.com,963-810-7696x48248,Inactive,2025-06-30T00:16:02
394,"Reed, Schmidt and Smith",Lisa Brown,shannonjennifer@martinez.info,711-399-6093x69227,Active,2022-08-04T18:58:19
395,Reed-Yu,Kelli Dean,michellemercado@ortiz.com,+1-477-899-6651x843,Active,2023-11-18T06:21:21
396,"Williams, Pope and Murray",Craig Washington,osanders@kelley.net,855.307.5162,Inactive,2021-08-03T16:23:14
397,House-Adams,Nicole Clark,huntaaron@morales-hernandez.com,8464226908,Inactive,2024-10-11T03:52:19
398,Lee LLC,Amanda Allen,danielsummers@page.com,(234)600-9692x563,Active,2023-07-18T06:10:13
399,Gilbert Group,Paul Savage,victorrichardson@arnold.info,453-973-3746x90009,Inactive,2022-04-17T02:09:09
400,"Lozano, Richardson and Wright",Justin Greer,ptaylor@armstrong.net,966.657.0864x4976,Active,2023-10-17T21:22:43
401,Hart-Johnson,Mrs. Alyssa Calhoun,diana47@wheeler.com,001-452-850-4791x0871,Inactive,2025-06-19T05:23:19
402,"Alvarez, Larsen and Baker",Terri King,jessicagonzales@smith.net,346.331.3963x60574,Inactive,2024-01-25T10:13:07
403,Sherman PLC,Heather Green,antoniogarcia@fitzpatrick-castro.com,319.417.4956x57696,Active,2020-11-19T05:01:29
404,"Davis, Johnson and Becker",William Paul,kimberly79@gibson.com,367-433-0994x0384,Inactive,2023-07-12T02:23:33
405,Rosales Ltd,Bryan Patel,julie59@foster-moore.org,674-477-2259x3679,Active,2024-06-29T06:00:49
406,Campbell-Bradley,Kerry Gonzales,morgan58@armstrong.com,9192416755,Inactive,2022-08-26T20:18:06
407,Erickson Ltd,Michael Livingston,mcdonaldfrank@golden.info,783.675.0267x799,Active,2021-02-11T11:53:24
408,Green Group,Jo Downs,gary35@scott-gardner.org,001-350-232-9419x99601,Active,2024-04-21T08:18:24
409,"Mcclain, Rush and Daniels",Kevin Ferguson,harrylyons@maxwell.info,4013969907,Active,2023-03-14T16:50:13
410,West Ltd,Julia Dillon,eduardo50@mahoney.net,+1-620-273-9410x38916,Inactive,2020-11-15T05:30:35
411,Wilson Group,Edward Flores,buchanancassandra@farley-jones.com,(640)484-7429,Active,2023-06-02T14:55:07
412,Martinez-Mullen,Jonathan Knapp,haleyspencer@santiago-barry.com,001-892-447-3669x76518,Inactive,2024-07-20T11:04:24
413,Young Ltd,Michael Gomez,michaelperez@cummings.org,3257019018,Active,2025-07-10T07:45:16
414,"Bradshaw, Hinton and Parker",Mark Randall MD,diane03@garcia.info,336.341.7524,Inactive,2025-09-21T20:53:56
415,"Ballard, Cole and Knight",Elizabeth Price,watsonmargaret@oneill-campbell.com,809.699.7256x15186,Inactive,2021-02-18T18:42:23
416,"Lester, Wells and Brooks",Elizabeth Jackson,ryan91@mora-herrera.com,+1-289-281-5220x6400,Active,2023-11-07T04:57:21
417,Bishop and Sons,Dr. Justin Jordan DDS,russellamanda@smith.biz,(964)804-0438,Active,2022-05-06T19:34:27
418,Anderson-Cook,Jane Jackson,pbarnes@jones.com,873-629-5755x0851,Inactive,2024-11-07T00:37:27
419,Andrews LLC,William Lee,ayersdaniel@thompson.biz,001-302-742-6710x89107,Inactive,2024-10-11T11:06:27
420,Collins-Byrd,Stefanie Cook,wendy71@baker-mejia.info,361-254-9032x1313,Active,2021-01-14T14:48:18
421,Watson-Brown,Teresa Walker,rmoore@gallegos.net,999.693.0876x659,Active,2022-04-02T12:20:40
422,"Clark, Wong and Reyes",Shane Ward,hsingleton@miller-mcdonald.org,(478)777-9277x433,Active,2021-01-17T06:20:52
423,Holmes-Dorsey,Isaiah Sanchez,lauren29@liu.biz,524-905-4598,Inactive,2023-02-13T07:05:15
424,Wells-Vang,Susan Stewart,mariahahn@burnett-phillips.org,001-944-487-5772x33445,Active,2023-05-07T13:23:20
425,Martinez LLC,Brittany Rivera,stephanieclements@olson-lopez.com,438.847.4726,Active,2021-05-16T11:22:58
426,Cummings Ltd,Sheila Dickson,palexander@reyes.com,585.905.3055,Active,2024-12-24T13:39:29
427,"West, Brady and Rivera",Nicole Acevedo,tgreen@jacobson.com,613.244.6086,Active,2023-09-05T17:09:46
428,"Thompson, Torres and Coleman",Charles Smith,haleyyoung@webster-riley.net,453-832-8140,Active,2024-06-09T02:25:13
429,Lane and Sons,Elizabeth Cox,julia32@ward-garcia.com,471.387.1909,Inactive,2023-11-21T10:06:27
430,Kelly-Vazquez,Michael Elliott,yangsylvia@cannon.net,001-229-876-0445,Active,2021-12-21T10:59:30
431,"Garrett, Banks and Trevino",Jacqueline Daniel,emartin@harris.com,(359)339-9581x9397,Inactive,2023-12-12T22:40:11
432,Cochran-Black,Lauren White,sarahschneider@faulkner.com,(393)404-3350x85624,Inactive,2025-07-06T11:07:56
433,Miller-Morgan,David Hudson,perezkathleen@beard-ruiz.org,(642)806-3477x5550,Inactive,2021-12-08T20:05:22
434,Tate-Barnett,Tiffany Gay,imorgan@jones.com,(749)392-3276x992,Active,2024-08-22T07:08:27
435,Arnold Group,Barry Ford,cbrady@gordon-rogers.org,001-647-501-7814x0618,Inactive,2022-04-19T02:45:20
436,Howard-Olsen,Jill Thompson,lance64@neal-smith.com,+1-365-969-0964x52491,Inactive,2022-08-22T21:52:05
437,Thomas-Miller,Stephen Jordan,rachel35@roberts.com,001-923-835-2598x9051,Inactive,2021-11-19T16:00:41
438,Rodriguez-Gregory,Robert Roberts,samantha85@stone.com,(363)547-0760x279,Active,2025-08-09T17:02:11
439,"Schwartz, Gill and Smith",Levi Reed,charles69@ponce.info,001-772-641-3097,Active,2021-05-16T10:16:02
440,"Santos, Carlson and Hale",Patricia Mathis,navarrobrenda@chen.org,(710)711-2745,Active,2024-08-30T14:11:37
441,"Cortez, Campbell and Young",Daniel Bennett,gallaghercatherine@schultz-bartlett.org,398-962-7605,Active,2021-09-17T19:16:44
442,Turner-Nguyen,Matthew Kline,gardnercynthia@alexander-garcia.biz,+1-747-652-9533x269,Active,2021-02-16T13:48:18
443,Moore-Rojas,Timothy Lee,jeanperry@alvarado.info,001-814-738-3062,Inactive,2025-02-01T06:20:53
444,"Gregory, Davis and Murray",Janice Johnson,cgould@welch.com,001-823-606-7749x494,Inactive,2024-11-29T20:51:44
445,"Watkins, Turner and Richards",Sara Aguirre,michael18@johnson.net,387.218.6915x952,Inactive,2023-05-26T05:21:38
446,Smith Group,Cassandra Wilcox,fsnyder@adams-fleming.biz,001-738-810-5202x49940,Inactive,2024-12-16T16:51:19
447,Moore Ltd,William Jones,smithgabrielle@ward-smith.com,(266)450-9014,Active,2022-04-26T23:07:39
448,Hunter PLC,Nathaniel Prince,derek35@jones-clarke.com,659-352-8670,Inactive,2021-09-12T16:06:57
449,Gibson-Glenn,Timothy Vasquez,walkerjoshua@king.org,001-334-680-8764x9558,Inactive,2024-06-06T18:15:42
450,Hood-Parker,Kevin Dixon,anna79@bell.com,552.506.3628x0867,Inactive,2023-02-18T13:09:52
451,Cole-Pope,Valerie Acevedo,ryanhale@ewing-green.org,(392)397-6811,Active,2023-01-03T14:24:07
452,"Obrien, Jackson and Green",Nancy Jackson,theresacervantes@romero-preston.com,+1-263-600-3518x5175,Active,2025-10-10T20:52:52
453,"Casey, Gross and Johnson",Kristin Gibson,helen18@duncan.com,543.698.9374x5662,Inactive,2024-04-24T07:08:45
454,Bell-Mathis,Corey Sanders,daniellemartinez@smith-thomas.biz,001-272-376-6114x606,Active,2021-04-03T12:17:17
455,Humphrey and Sons,Christopher Fox,jennifer32@harris-allen.org,001-587-961-1614x0266,Inactive,2024-03-11T10:03:19
456,Knapp-Russell,Michael Harrison,whitakerryan@anderson-lindsey.com,001-516-679-2035x7271,Active,2022-03-30T18:36:06
457,Harvey-Shea,Joshua Smith,middletonmark@jensen.org,532-555-7399,Active,2024-05-27T05:05:55
458,Delgado PLC,Erica Meyer,brandongreer@martin.com,830.818.9982,Inactive,2021-12-19T16:26:20
459,"Wilson, Velasquez and Cunningham",Gary Russo,rmendez@mcclure.com,+1-486-713-2498,Inactive,2024-03-29T05:21:37
460,"White, Lambert and Nelson",Michael Rogers,christopher77@garcia.net,305-213-8644,Active,2025-01-18T02:06:57
461,Alvarez Inc,Bridget Henson,daniellemcmahon@bell.com,001-867-370-9399x5847,Active,2022-04-02T02:54:18
462,Copeland-Hall,Andrew Greene,xcherry@joseph-dalton.com,001-861-322-4187x35470,Inactive,2024-05-30T17:58:30
463,"Mcclain, Allen and Tucker",Kenneth Gonzalez,btaylor@meyers-krause.com,001-732-925-1575x5546,Active,2023-08-20T06:51:06
464,Sellers-Mcpherson,Joseph Thompson,usanford@gilbert.com,366-650-7048,Active,2025-10-01T22:07:19
465,"Hall, Liu and Martin",Mark Carrillo,smithnicole@wells.biz,(645)700-9464,Active,2022-11-19T20:51:03
466,Nelson-Rodriguez,Linda Kennedy,vhamilton@jackson.info,(578)332-5715,Active,2023-07-20T11:09:13
467,Bishop Ltd,Kimberly Alexander,christopheranderson@perkins.com,695-820-8615x257,Active,2023-10-08T14:11:27
468,Small Inc,Pamela Cooper,hgray@thomas.info,2443092662,Active,2022-07-01T11:55:30
469,Alvarado-Zamora,Mr. Gary Nguyen,matthew48@may.com,422-367-1260x369,Active,2024-08-18T11:24:46
470,Leach Ltd,Savannah Lopez,morganjeffrey@williams.com,318.901.0528,Inactive,2022-12-24T19:09:52
471,"Ayers, Alvarado and Thomas",Jacob Bowers,renee61@floyd-carpenter.com,833-337-5070x7096,Active,2022-01-28T04:58:34
472,"Nunez, Avery and Murray",Dan Ferguson,timwright@williams-johnson.com,643.302.2416x87862,Inactive,2022-07-04T02:28:59
473,Hogan-Jackson,Gary Hale,jason57@harper.com,852.872.1261x91322,Active,2025-09-03T17:05:29
474,"Hooper, Taylor and Gonzalez",Shawn Whitney,rrodriguez@berger-dunn.biz,917-347-4665,Active,2023-08-23T00:18:52
475,"Cruz, Barton and Young",Mark Rhodes,victoria87@hernandez.info,+1-889-308-0806,Inactive,2025-07-16T14:52:48
476,"Hall, Bell and Rodriguez",Alison Dixon,kennethanderson@clark.biz,001-726-473-7841,Inactive,2021-07-19T07:18:41
477,Williams-Ward,Debra Wright,fordmelissa@romero.com,450.347.4967x5274,Inactive,2023-05-08T04:03:24
478,Hodges-Moore,Christy Alexander,jacqueline16@smith-kelly.org,001-328-621-9933x54889,Inactive,2024-10-31T08:02:33
479,Ramirez and Sons,Megan Wilson,monicagomez@villa.com,+1-609-747-8708,Inactive,2023-08-30T21:45:55
480,Durham-Williams,Matthew Pruitt,joshuaking@jones-swanson.com,366-673-7745x9754,Inactive,2022-02-27T06:48:37
481,"Mcguire, Wilson and Johnson",Ronald Smith,ehudson@fisher-morgan.net,459-454-5151x5675,Inactive,2022-08-16T07:15:49
482,"Davidson, Obrien and Garcia",Ryan Conley,sandra00@montgomery.net,599-909-5858,Active,2020-11-17T22:53:43
483,"Sanchez, Evans and Ingram",Bradley Drake,cfritz@rivers.com,486-666-3667x394,Inactive,2025-04-25T15:53:54
484,Jones-Freeman,Jamie Scott,wallacekaren@thomas.org,(624)305-8075,Inactive,2024-08-18T06:29:29
485,Moore PLC,Christine Berry,jeffrey51@alvarez-evans.com,418-329-1859x5794,Active,2023-04-23T20:27:00
486,Medina Group,Jordan Williams,schneiderjerome@martin-perez.org,+1-723-904-6170x841,Inactive,2022-11-27T04:18:51
487,"Kaiser, Fuentes and Holmes",Jorge Reid,aimee63@johnson.com,899-653-9283,Active,2025-08-21T01:57:15
488,"Mullins, Rodriguez and Lopez",Christopher Evans,ilamb@larsen-mercado.com,929-638-0136,Active,2021-05-03T20:02:35
489,Leonard-Mercer,Jennifer Rasmussen,anthony54@roberts.org,874-409-2566x48258,Inactive,2023-12-10T11:53:04
490,Baker-Gilbert,Amanda Fischer,deandavid@contreras.com,590.798.4321,Inactive,2023-06-03T08:26:56
491,Berg and Sons,Kimberly Bautista,rwagner@wilson-garcia.com,(968)985-2258,Active,2022-08-02T22:48:37
492,"Morton, Williamson and Franklin",Michael Rodriguez,zdavis@ramirez-williams.com,685.324.1658,Inactive,2025-04-26T12:52:34
493,Johnson-Willis,Nathan Chapman,fgibbs@johnson.info,(767)974-8942,Inactive,2023-08-31T17:50:15
494,"Riley, Gutierrez and Perry",Angela Dixon,william76@douglas-zavala.org,733.430.4444x005,Inactive,2021-01-01T06:33:48
495,Gregory-Wright,Kirsten Cole,awright@stewart.com,206-352-3381x3599,Inactive,2021-06-20T07:39:45
496,"Morrison, Miller and Brooks",Sara Coleman,equinn@lawson.biz,685.934.1818,Active,2021-11-11T09:06:13
497,Mitchell Inc,Cody Nguyen,dana39@holden.com,001-363-553-4849x538,Active,2023-08-29T18:15:59
498,Chen Group,Dawn Torres,duranlauren@curry-nash.com,001-217-772-5878x52444,Active,2022-07-28T00:57:01
499,"Avila, Jackson and Moore",Lisa Johnson MD,jennifersanford@hunter-smith.info,+1-781-591-6303x187,Inactive,2021-07-09T23:18:27
500,Thompson and Sons,Holly Cantu,rburton@perez.info,961-363-7128x146,Active,2022-05-02T02:49:24
501,"Decker, Meyers and Day",Brandon Lynn,jordansamantha@turner-cross.com,793-230-3109x5373,Active,2022-03-15T17:42:07
502,"Parks, Wright and Castillo",Ashley Johnson,gstephens@williams.com,357-628-8262,Active,2022-05-24T22:26:20
503,Anderson-Gomez,David Davis,jmoore@thomas.org,(999)891-3630x17608,Active,2025-03-01T03:24:16
504,"Thomas, Mitchell and Patrick",Sandra Crawford,katherine33@garcia.info,(240)708-2685,Inactive,2022-03-22T22:20:18
505,Cox-Rivera,Eileen Wells,griffinjames@hayes.net,4693035707,Active,2024-10-20T17:30:19
506,"Case, Mclean and Moss",Bradley Contreras Jr.,nsmith@duke.biz,(891)883-9675x3118,Active,2024-01-16T17:28:13
507,Holland-Anderson,Andrew Nelson,kelly22@olson.com,001-677-282-8226,Active,2023-09-14T14:09:27
508,"Cook, Gonzalez and Vang",Austin Merritt,manningshannon@sharp-love.com,(354)801-4478x14323,Inactive,2021-08-28T12:50:59
509,"Wilkerson, Steele and Owens",Kara Hester,lalexander@rivas-lucas.com,515.461.3504x31838,Inactive,2023-05-21T19:38:15
510,"Mcdaniel, Jones and Peterson",Brian Hernandez,christopher94@bender-oconnor.com,778.360.5652,Active,2025-07-22T09:54:43
511,"Miller, Avery and Shaw",Timothy Scott,adamsmith@harris.com,288.253.6964,Active,2021-09-02T01:22:44
512,Orr-Greene,Christopher Hall,fholland@ramos-barr.org,(811)908-5243x39467,Active,2025-02-10T14:18:04
513,Stout Group,Kimberly Martin,teresa21@baird-hensley.com,437-767-8739x074,Inactive,2025-04-03T22:11:19
514,"Wilson, Wood and Spencer",Andrew Moran,williamcooke@cordova-manning.com,001-353-983-4075x1382,Inactive,2025-08-17T16:29:22
515,Ross-Estrada,Katherine Payne,greengerald@myers-williams.org,(602)799-0176,Active,2021-09-18T00:33:34
516,"Patrick, Alvarado and Hayes",Miss Michele Cox,sean84@williams-ferguson.com,(354)207-0850x72099,Inactive,2021-11-15T10:00:26
517,"Marsh, Dudley and Ford",Alexandria Gonzalez,erinstewart@rodriguez-martin.org,732.419.8492x13412,Inactive,2021-07-07T07:01:09
518,"Randolph, Faulkner and Hudson",Laura Fowler,silvascott@hernandez-hernandez.com,507.773.3964x76252,Inactive,2025-08-13T20:39:08
519,Estrada-Davila,Susan Sanchez,zbrown@anderson-ramirez.net,234.398.5873,Active,2023-01-25T10:26:11
520,"Williams, Jackson and Kirk",Edward White,nancygraham@carson.com,(367)769-5779,Active,2023-09-15T14:32:12
521,West LLC,Lisa Thompson,matthew58@miller.com,(925)503-3764,Inactive,2022-09-05T17:15:14
522,Frazier LLC,Kathy Shepard,brandon61@vasquez.com,001-791-345-4248x9127,Inactive,2022-05-16T22:50:24
523,Edwards-Shelton,Cynthia Rodriguez,perryeileen@perez.net,(940)887-4791x8650,Active,2023-01-14T09:29:50
524,Byrd-Ortiz,Kim Moore,bakerlauren@ferguson.info,707.937.9737x87699,Inactive,2022-12-04T18:26:34
525,Vang Group,Sharon Oneill,ian30@davis-allen.org,+1-743-869-0595x77291,Active,2025-01-20T10:16:06
526,White-Reeves,Karla Blake,murphycynthia@moreno.info,+1-271-535-9515x861,Inactive,2024-09-16T22:07:24
527,Patterson LLC,Joseph Bell,urobinson@fitzpatrick.com,528.956.0649x606,Active,2022-01-07T11:47:21
528,Turner Ltd,Jacqueline Jones,garciajason@johnson.com,001-951-231-0563,Active,2021-07-07T23:41:45
529,"Schultz, Davenport and Jones",Thomas White,jason70@perry.org,+1-578-887-1474x943,Inactive,2023-10-06T22:10:12
530,"Hicks, Nelson and Woods",Ryan Vargas,veronica34@smith.com,373.594.4213,Inactive,2023-01-15T07:33:32
531,Forbes Inc,Anna Long,kevin34@sanchez-alvarez.com,379-320-5029,Active,2021-08-02T07:15:48
532,Haynes-Davis,Patrick Gutierrez,regina53@barrett.net,+1-645-895-8427x96106,Inactive,2024-12-11T07:31:22
533,Gibbs LLC,Erica Jacobs,mrivera@coleman.net,+1-241-756-1980,Inactive,2023-08-17T07:51:21
534,Vazquez PLC,Leslie Clark,tyronesmith@morton-johnston.net,+1-921-601-2245x62738,Inactive,2021-07-28T20:56:57
535,Day-Silva,Bryan Curry,johnsonchristopher@bowman.com,640.835.2640x99176,Active,2024-06-01T05:16:37
536,Cooper-Jacobs,Claudia Brooks,shernandez@bond.info,(493)719-2918,Active,2021-06-21T01:23:46
537,Sanchez-Collins,Mr. John Marshall,brittany56@erickson-glover.info,316-338-9838x58110,Inactive,2025-03-03T15:04:46
538,"Robinson, Lee and Davis",Brian Brennan,amandawilson@hernandez-huynh.com,4435469591,Active,2023-04-11T07:13:28
539,Rogers Group,Tina Collins,margaretmalone@carter.net,(685)898-5317x023,Inactive,2023-04-27T21:49:29
540,"Thomas, Anderson and Gray",Phillip Johnson,langchristine@king.com,277.611.1867x28405,Inactive,2023-01-28T13:19:23
541,"Miller, Avila and Gonzales",Charles Brown,browncynthia@green.info,796.916.9208x796,Active,2021-12-01T00:31:57
542,Solomon LLC,Kenneth Cordova,brewerdonald@richards.com,964-672-3051,Active,2022-02-11T22:45:03
543,"Patrick, Ritter and Moore",Lori Henry,ichung@porter.biz,(988)320-5727x14000,Inactive,2022-06-14T12:45:53
544,Ramirez Inc,Anna Williams,johnrichardson@brown.net,+1-615-268-9231x7618,Inactive,2023-10-28T11:17:11
545,Thompson Inc,Gordon Butler,houstonkenneth@erickson.info,845-899-4401x7170,Inactive,2023-08-05T22:30:30
546,Maddox-Reeves,Christie Crawford,thomasgonzalez@larsen.com,001-548-459-6244x3863,Active,2023-06-27T19:41:48
547,"Andrade, Ward and Hopkins",Jamie Foster,mia82@klein.com,924.255.6320x86345,Inactive,2023-04-05T13:32:41
548,"Evans, Lloyd and Harvey",Donna Ochoa,fergusonanthony@ellis.com,620.681.2858x0172,Active,2025-08-09T05:50:15
549,Smith LLC,David Goodwin,staceysellers@schroeder-thompson.net,+1-451-562-0948x91182,Active,2022-05-20T01:02:06
550,Salazar and Sons,Lori Perez,cmerritt@nolan-lozano.com,001-766-363-9078,Inactive,2025-08-05T07:30:02
551,Walton LLC,Jose Raymond,kelly99@koch.org,+1-567-789-7412x628,Inactive,2024-10-29T16:23:44
552,"Parker, Vincent and Duarte",Alexander Sanchez,hallelizabeth@brown.biz,224.535.0947x46073,Active,2022-06-13T02:56:05
553,"Poole, English and Elliott",Jacob Nguyen,joseph76@hickman.com,(692)622-8626x2764,Active,2021-01-31T13:17:23
554,Atkins-Bowman,Daniel Ortiz,maria06@riley.biz,308-858-9774,Inactive,2023-08-12T02:25:30
555,Larsen-Parks,Jenna Chapman,monroekeith@stevens.com,+1-779-477-3100x041,Inactive,2024-03-21T07:23:44
556,"Smith, Edwards and Sanchez",Sean Cook,lisasilva@cummings-lewis.com,(768)323-5260,Active,2022-05-15T04:30:27
557,Brown-Malone,Jacqueline Burns,badkins@brown.com,+1-866-676-9373,Inactive,2025-08-13T03:39:32
558,Fuller-Ibarra,Caleb Chambers,thomas86@pittman.org,5447272373,Inactive,2023-04-03T13:00:29
559,Thomas LLC,Cheyenne French,xcochran@holden.info,(493)648-0472x2329,Inactive,2025-08-24T12:56:00
560,"Burns, Harris and Thompson",Nicholas Kramer,frederick86@nunez.com,001-648-561-2254,Inactive,2025-05-07T10:30:53
561,"Nguyen, Meyers and Wilson",Brooke Beck,johnstonkristin@cooke-bates.com,(542)245-9373,Active,2020-11-22T03:26:55
562,"Wood, Hogan and Hawkins",William Jones,mariah06@harris-ryan.com,386.533.6002,Inactive,2022-02-06T18:14:25
563,Davies-Richardson,Veronica Joseph,hwest@brennan.com,(327)213-6918,Inactive,2022-08-08T04:41:58
564,Robinson-Bush,Melanie Potter,tjimenez@henry-carpenter.com,001-428-300-8595x1472,Active,2021-05-24T04:00:04
565,Villegas-Stein,Christina Parker,ndaniel@dominguez.net,713.497.1548,Active,2025-04-17T08:52:37
566,Phillips LLC,Jonathan Sanders,patricktheresa@mahoney-perez.com,8583654018,Active,2021-01-30T02:46:32
567,Roberts-Manning,Lisa Kelly,marshallelizabeth@duke-edwards.com,327.531.9984,Inactive,2025-02-04T06:54:17
568,"Walker, Hamilton and Webb",Cameron Fry,nicole11@escobar-durham.com,(865)938-6743x784,Active,2022-03-18T08:01:57
569,Riley Inc,Richard French,mary49@johnston-huang.info,803.357.2067x5616,Active,2024-07-06T08:00:44
570,"Patton, Morris and Gross",Brett Chen,herreralisa@clayton-vance.org,957-498-1671x1461,Active,2021-05-23T01:50:31
571,Ross Inc,Kelly Brown,fmartinez@wright.info,480.905.5357x4065,Active,2024-09-23T10:47:09
572,"Barnes, Oconnor and Garcia",Vincent Carter,joshualawrence@vega-hughes.com,(796)262-6466,Inactive,2025-01-19T21:19:32
573,Cardenas-Smith,Jamie Burton,luisrogers@mills.net,7984137285,Active,2021-11-06T06:36:36
574,"Cardenas, Shelton and Whitney",Kelly Patel,thomasclaudia@keller.info,767.362.4853x84558,Inactive,2022-03-15T18:28:55
575,Maynard Group,Melissa Gilmore,pclark@melendez.com,(290)376-5561,Inactive,2021-08-28T03:58:00
576,Gilbert Inc,Emily Russo,margaret09@green.com,(963)859-4252x2620,Inactive,2023-02-27T10:25:42
577,"Murray, Bell and Williams",Robert Mckinney,anthonyruiz@bolton-bennett.com,584-870-3678,Active,2025-05-30T17:00:57
578,Jensen Group,Cindy Wong,burnettrobin@wilson-moses.com,(752)857-8973,Inactive,2022-08-28T03:03:57
579,"Crawford, Lowery and Gardner",Rachel Martin,alice36@jackson-garcia.net,001-697-219-1745x4329,Active,2025-08-29T23:11:50
580,"Watson, Diaz and Montes",Anthony Burke,daisywoods@sanchez.com,870.562.7853x66363,Active,2025-07-05T20:52:45
581,"Taylor, Bowman and Gomez",Richard Hensley,darlenecohen@jimenez.org,(601)764-7472x752,Active,2022-09-13T11:55:01
582,"Hanna, Carroll and Fox",Mr. Timothy Mueller,williamsshannon@moore.biz,+1-625-439-0915x82758,Active,2024-11-08T21:05:58
583,Hurley PLC,Jaime Carter,james82@herrera.biz,4927785092,Inactive,2021-04-11T14:38:50
584,Estrada LLC,Lauren Jackson,qshaw@mccormick-lopez.biz,994-787-2938x2186,Active,2020-11-10T23:32:37
585,"Duncan, Ferguson and Harris",Cindy Wallace,lauren60@taylor.org,(814)439-2123,Inactive,2025-05-03T18:10:59
586,Cardenas Inc,Brian Arellano,juanwilliams@lewis-hawkins.com,+1-896-931-0980x018,Active,2021-06-21T17:59:48
587,Perkins Ltd,Sarah Cobb,joshua50@durham.com,610.797.7031,Active,2025-07-30T12:25:28
588,Greer PLC,Michael Hernandez,mejiavalerie@hicks.com,(237)993-5365x65577,Inactive,2021-02-08T18:12:15
589,Hansen-Huffman,John Mckee,tammy00@kemp.com,797.607.0982,Inactive,2021-03-16T12:10:32
590,Hudson Group,Douglas Thornton,reidgerald@spencer-michael.info,786.649.7090,Inactive,2020-12-31T04:39:58
591,Miller-Allen,Shannon James,ihickman@jacobson-perez.com,(782)914-1443,Active,2025-01-02T03:11:59
592,Brown-Green,Luke Greene,xwhite@mckee.com,9817811809,Active,2022-01-06T22:14:35
593,Lewis-Collins,Randy Barnes,philip34@lopez-fields.com,827.954.2119x54931,Inactive,2022-08-13T05:14:53
594,Thomas Ltd,Samantha Doyle,wesley87@murphy.org,7272491586,Inactive,2021-04-03T16:53:02
595,Mitchell-Cooper,Curtis Anderson DDS,mathew61@frost-glenn.com,344-706-0932,Inactive,2023-01-22T04:59:56
596,Knight PLC,Michael Golden,carol20@page.com,575-355-4879x17020,Inactive,2024-12-06T13:26:37
597,"Collins, Hammond and Thomas",Brenda Gallegos,akelly@schultz-davis.com,001-652-630-3011,Active,2022-10-10T04:16:44
598,Guerrero-Leach,Felicia Ramsey,whitethomas@bautista.info,(865)858-2681,Active,2024-10-27T16:04:03
599,Martinez Group,Emily Smith,cynthiagonzalez@johnson.net,588.356.6203x195,Active,2024-08-14T20:25:35
600,Rogers Group,Lisa Cooper,johnsoncheryl@hamilton.com,001-957-511-9225x5413,Active,2021-04-05T07:14:58
601,Stone-Cole,Bryan Peterson,ywebb@robbins.org,+1-510-734-5996x24888,Active,2023-07-20T14:43:47
602,"Hensley, Fletcher and Bradley",Kristin Booth,davidmyers@garcia.biz,4156115202,Inactive,2024-02-14T10:10:56
603,Barnes Ltd,Mr. Adam Thompson,janicecole@cochran.com,001-916-797-0027,Active,2025-10-13T22:24:32
604,Wilson-Jones,Maria Mcintosh,bfisher@berger.com,(454)452-9137,Inactive,2024-03-28T06:25:17
605,Wright and Sons,Tyler Powell,craig66@orozco.com,(926)547-7594x20350,Inactive,2021-06-10T13:03:09
606,Johnson Group,Theodore Barnett,marcus68@ortiz-sharp.com,(383)968-3178,Active,2025-01-17T00:12:21
607,Benitez LLC,Michael Jackson,barrynicole@butler-walker.net,3904449622,Active,2021-05-06T15:34:46
608,"Reese, Lutz and Underwood",Sherry Martinez,oharrison@navarro-ferguson.org,001-231-833-5774x6724,Active,2020-12-02T20:51:10
609,"Stephens, Hanson and Mullins",James Blair,melody29@pena.com,001-934-903-4627x6649,Inactive,2025-10-11T08:44:10
610,"Salazar, Johnson and Burgess",Cynthia Jenkins,sarahdoyle@castillo.net,962.940.2165,Inactive,2025-04-07T11:58:11
611,Melendez-Bradley,Timothy Mcknight,robert96@stephens.biz,001-609-744-3433x4310,Active,2021-02-15T18:49:52
612,Thompson Ltd,Joshua Campbell,robertoallen@vang-phillips.net,001-282-454-7867x156,Active,2023-03-23T21:45:49
613,"Hopkins, Griffith and Lee",Austin Rodriguez,gstone@barton.org,+1-219-508-5368x44839,Inactive,2020-12-31T01:49:24
614,Hunt Inc,Ashley Warren,harveyjeffrey@roberts-williams.net,755.529.4513,Inactive,2022-02-08T23:29:08
615,"Oconnor, Thomas and Vazquez",Amy Pacheco,zsaunders@roberts.com,300.740.8483x683,Active,2025-06-24T19:35:00
616,Hodges-Petty,Lisa Thompson,christian32@ross-barton.org,(407)360-7419,Active,2021-11-28T21:11:49
617,"Riley, Perez and Cochran",Brad Shaw,jesusharrington@dean-hubbard.info,(927)653-1349x966,Inactive,2022-07-28T20:23:30
618,"Roth, Cameron and Mcdonald",Cynthia Boone,jcastillo@rowland.biz,5858563392,Active,2023-02-17T06:29:35
619,"Morrison, Alvarado and King",Veronica Mullins,christina94@smith.net,(244)642-3363x24410,Active,2022-02-24T06:43:39
620,Clark-Holt,Tabitha Lewis,elizabethstanley@coleman.com,2564368002,Inactive,2024-10-07T22:40:06
621,"Bradshaw, Lawson and Rodriguez",Dr. Vincent Hart PhD,cynthia51@cain.biz,+1-978-990-3806x647,Inactive,2025-01-28T20:33:04
622,Martin-Silva,Tina Galvan,perryanthony@smith.info,001-850-317-3502x2679,Inactive,2024-06-05T06:00:03
623,York Group,Frederick Campbell,keithbrown@walker.com,+1-675-552-0621x6377,Inactive,2023-07-20T01:41:41
624,Miller LLC,Ms. Regina Acosta,brandi34@jenkins.net,569.842.3323x0939,Inactive,2025-06-08T13:57:48
625,Mendoza-Stone,Michael Howard,ericksonleslie@salazar-cunningham.com,(324)572-3612x7937,Inactive,2024-04-23T23:34:51
626,West-Prince,Michele Newton,sierra44@allen-jones.biz,001-850-551-7988x993,Inactive,2022-05-07T16:57:47
627,Price PLC,Mary Dudley,ellismarcus@barry.com,6707130786,Inactive,2025-04-18T13:52:22
628,"Jones, Meyers and Olson",Henry Walker,amyguzman@quinn.info,450-948-6164x546,Inactive,2023-06-06T17:49:57
629,Rodriguez Group,Vanessa Brown,linda68@baker.net,332.885.9874x685,Active,2023-10-18T23:08:30
630,Carson-David,Victoria Haney,edwardnguyen@jacobs.org,521-420-7025x08940,Inactive,2023-02-19T14:08:13
631,Taylor Ltd,Maria Kramer,jsnyder@bender.com,8574854630,Active,2025-07-09T17:44:38
632,Whitaker-Henderson,George Henderson,nclark@hughes.com,543.385.3340x5360,Active,2023-12-25T23:32:50
633,"Villa, Solis and Blanchard",Kimberly Carlson,christopher17@carter.com,8507017954,Active,2024-03-10T18:41:20
634,"Bolton, Jackson and Adams",John Bartlett,hicksemily@stephens.com,816-966-2374,Active,2021-06-04T11:35:30
635,Mack-Garcia,Crystal Holloway,sanchezdeanna@rodriguez-carr.org,678-364-3135,Inactive,2021-04-08T03:08:58
636,Ortega Group,Kathleen Ritter,jeffreylove@davis-kennedy.biz,956.454.1348x2283,Inactive,2021-08-17T06:45:30
637,Castillo Group,Lauren Jackson,lklein@wilson.info,742.212.8893x30177,Inactive,2021-07-11T21:28:43
638,"Cameron, Hernandez and Nelson",Anthony Wood,fraziermichael@dalton-jackson.com,001-901-399-5093x4694,Active,2024-06-12T08:52:21
639,Fischer-Moore,Michael Scott,alan25@clayton-young.com,+1-465-566-6678x4523,Inactive,2024-07-14T03:12:28
640,"Garcia, Oliver and Wilkerson",Stacy Brown,dmiller@nguyen.biz,(282)348-0089x50644,Inactive,2022-07-17T17:20:18
641,Holland-Grimes,Willie Smith,caseybecky@mccarty.com,001-601-425-2683x15405,Inactive,2021-08-07T13:00:02
642,Stanley Ltd,Gabriel Barton,samuel23@miller.net,(723)887-7731,Inactive,2024-09-29T08:39:35
643,Brown Ltd,Taylor Schultz,gmeyer@johnson-baker.com,551.732.3283,Inactive,2024-01-30T14:13:42
644,"Cook, Morrison and Lang",Sally Pierce,crossrandall@howard-harris.com,290.879.6548,Active,2025-08-20T12:10:40
645,Meyer Ltd,Makayla Velazquez,jennifer86@dominguez.com,(940)361-8802,Active,2025-08-10T08:29:10
646,Villanueva-Odonnell,Edward Stephens,iduran@dixon.com,5444219647,Active,2021-12-02T04:30:36
647,Montgomery-Stuart,Gary Walker,richardhughes@frey-johnson.com,001-480-584-3411x1593,Active,2023-12-11T12:56:16
648,Cole-Watkins,Joshua Hernandez,elizabeth52@preston-miller.com,412.862.1358,Inactive,2023-06-06T17:41:41
649,Hill Inc,Amy Jackson,aguilarjoshua@ramos.biz,575.241.0477x3964,Inactive,2023-05-12T08:26:45
650,"Anderson, Gould and Hall",Emily Mitchell,spencererin@cook.com,242.784.0037,Inactive,2024-09-15T06:39:37
651,Morrow-Davis,Mary Allen,murphylori@key-roberts.com,(388)954-1880x312,Inactive,2021-09-23T15:34:13
652,Mccann-Osborne,David Barker,meganlee@cruz-smith.info,844.742.5496x7049,Active,2022-01-14T01:01:31
653,Greer Group,Lisa Johnson,elizabethgeorge@baker.com,(508)494-0981x8261,Inactive,2025-07-21T00:07:55
654,Tate-Brown,Luis Walker,sgonzalez@allen-holmes.biz,643-764-3290,Inactive,2024-05-02T14:23:17
655,Odonnell Inc,Benjamin Williamson,murphyryan@cohen-bates.com,(555)733-0257,Inactive,2022-08-03T04:29:51
656,"Wood, Baldwin and Roberts",Nicole Hunter,floreswilliam@maldonado.com,2156374751,Active,2023-08-13T15:16:25
657,Perez and Sons,Dalton Andrews,emilywatts@abbott-smith.com,4364752652,Active,2021-09-10T21:59:28
658,"Griffin, Hodges and Allen",John Brown,joshuacooper@parsons.org,001-877-901-3936,Active,2025-01-06T02:38:14
659,Mejia-Bright,Sherry Edwards,roychristine@ibarra.biz,001-773-513-9616,Active,2021-09-23T21:43:50
660,Turner-Sanchez,Jason Woods,cantrellcarolyn@melendez.com,895.987.5689x270,Active,2025-06-10T18:22:29
661,Mayo-Pena,Janet Griffith,richard28@white.com,+1-336-962-1405x03542,Active,2024-07-30T12:36:53
662,"Jones, Lynn and Ramirez",Marissa Wilson,ryan20@king.com,+1-905-943-4375x2476,Inactive,2020-12-29T12:57:18
663,"Stewart, Serrano and White",Jill Randolph,steven26@arnold.info,6889809440,Active,2024-05-04T14:27:37
664,Allen PLC,Alyssa Mccarty,latoyacruz@gomez.com,836.786.1518,Active,2023-02-08T20:07:42
665,Webster-Gray,Curtis Norris,gregory09@sutton.com,(703)944-4068x624,Active,2022-11-30T17:48:39
666,Miranda-Woods,Michael Myers,eallen@warren.com,652.265.7254,Active,2023-08-18T15:40:16
667,Fuentes PLC,Dale Harrington,brookskevin@rodriguez.biz,320-880-0513x3045,Inactive,2024-06-15T02:37:44
668,Reese Inc,Joe Sullivan,nbrown@lee.com,999.586.6935,Inactive,2023-09-25T19:46:31
669,"Santana, Hill and Miller",Catherine Watson,anthonyroberts@taylor.com,278.945.2336,Inactive,2022-10-18T20:58:27
670,Richardson-Casey,Mr. David Long MD,castanedaadam@green.net,6437288297,Active,2024-08-16T01:45:42
671,"Moss, Robbins and Harmon",Robert Lopez,thomas45@hatfield.com,+1-371-938-2801x138,Active,2024-10-04T13:32:09
672,Mccoy Inc,Bruce Garner,smithkristin@gutierrez.com,(286)309-4640,Active,2024-08-13T09:55:52
673,Rodriguez-Macdonald,Andrew Anderson,qfriedman@lee-hill.com,+1-636-394-7896x610,Inactive,2023-02-04T13:36:25
674,Johnson LLC,Thomas Sullivan,angelanguyen@oconnor-martinez.com,001-422-207-8642,Active,2022-03-11T12:05:51
675,"Rodriguez, Solis and Williams",Rhonda Brady,russell59@larson.info,(424)386-9126x14771,Active,2021-07-21T16:04:47
676,Rogers-Patton,Sharon Hernandez,elizabethbrown@hamilton.org,001-577-238-3498x68225,Active,2024-04-03T04:35:21
677,Scott Inc,Jodi Hernandez,ybarker@reyes-parker.com,+1-391-569-3970x0337,Inactive,2025-04-13T20:32:24
678,Schmidt and Sons,Jessica James,michellepierce@garcia-villegas.org,681-639-4000x7564,Active,2023-07-18T20:27:38
679,"Campbell, Gonzalez and Rangel",Vanessa Gutierrez,david24@rojas-jensen.com,225-909-1529,Active,2024-07-06T02:45:01
680,Taylor-Knight,Regina Jones,marvin09@johnson-jensen.com,242-305-1016,Active,2022-04-09T04:25:35
681,Bryant and Sons,Valerie Long,pprice@lewis.com,001-340-284-9963x4884,Inactive,2022-11-01T22:48:49
682,Harris Group,Nancy Nelson,shafferaustin@adams.com,(777)713-4095x10421,Inactive,2022-05-07T05:11:30
683,Andrews-Cross,Crystal Hayes,pbentley@smith-smith.biz,+1-913-288-1636x5039,Inactive,2022-01-11T12:53:00
684,Mendoza-Watson,Megan Lynn,kimberlyfrazier@carrillo.biz,+1-289-285-8036x2588,Inactive,2021-08-28T17:05:52
685,"Klein, Mata and Sanders",Barbara Chung,owest@simpson.com,379-895-6077x30846,Active,2024-08-06T13:06:27
686,Rodriguez LLC,Michelle Baxter,michael68@king.org,001-740-911-6704x92628,Inactive,2025-07-18T17:22:23
687,Hall-Robinson,Rachael Garcia,hwatkins@gamble.com,(739)275-2778,Active,2024-08-13T11:36:17
688,Callahan-Hernandez,Heather Orozco,darius25@beasley.org,001-920-820-1402x7453,Inactive,2025-02-25T18:37:56
689,Gordon-Harper,Michael Bruce,amandacook@roberts-king.com,803.639.1489x840,Inactive,2025-04-10T08:22:11
690,Malone Inc,Steven Burgess,charlesbaker@robinson.info,001-891-434-4359,Inactive,2021-12-26T11:24:43
691,Weiss PLC,Jennifer Brown,elizabethmurphy@hall.biz,359-280-1128,Inactive,2021-01-27T02:11:57
692,Cole Group,Cynthia Chase,carrolldaniel@morrow.com,365-857-3075x441,Inactive,2023-04-02T06:01:29
693,Anderson Inc,Christine Aguilar,tonygarcia@jones-gilmore.com,298.926.5784x30832,Inactive,2023-04-29T10:34:33
694,"Bauer, Avila and Lopez",Brooke Howe,dphillips@robertson-hill.info,001-511-283-1393x9286,Active,2024-05-26T23:04:18
695,"Hansen, Patterson and Davidson",Rebecca Howard,jefferyallen@ramirez.com,(856)502-5059x7139,Active,2025-01-13T23:51:29
696,Jones Inc,Richard Ford,debra83@duncan-cooper.net,001-535-603-2134x133,Inactive,2023-02-08T05:40:20
697,"Garner, Taylor and Williams",Luis Campbell,jessesmith@holt.com,209.593.5577x77153,Inactive,2022-06-01T12:02:22
698,"Andrews, Williams and Ross",Angelica Bennett,melaniebaxter@brown.com,001-289-516-0886x50825,Inactive,2022-10-28T22:22:42
699,Cohen LLC,Dr. Franklin Gillespie,timothy03@santiago.biz,(676)921-5134,Active,2021-06-04T08:28:44
700,Griffin and Sons,Diane Dean,devin57@miranda.info,234.955.3421x167,Inactive,2025-07-14T07:34:52
701,Smith-Simmons,Cynthia Calhoun,zfleming@summers.com,(322)902-9264x3524,Inactive,2024-07-30T06:38:51
702,Bryan-Parker,Caitlin Clark,allison70@ward-moreno.com,450-883-7536x4939,Inactive,2025-02-20T02:54:58
703,Hicks Inc,Joseph Graham,wmoore@schroeder.com,785-599-2791x84237,Inactive,2021-01-29T21:51:16
704,Smith Group,Emily Mcgee,tonya69@david.com,+1-984-783-1950x1667,Inactive,2025-05-05T08:26:34
705,"Rogers, Castillo and Cooke",Crystal Jackson,jenkinskirsten@mcdonald-smith.net,3364565108,Inactive,2025-03-02T02:37:04
706,May-Brown,Wesley Oneill,kaitlingray@wright.info,(227)245-2601,Active,2024-04-15T05:58:32
707,Watkins-Orr,John Burns,brendanshepherd@castro-mccarty.org,735-698-7802x09015,Inactive,2022-07-25T12:12:15
708,Kirk-White,Brandon Browning,booneheather@anderson.com,277-307-3506x8811,Inactive,2021-05-29T18:35:19
709,Duncan-Shields,Benjamin Perez,beltranmatthew@lindsey.net,350-450-0592x928,Active,2024-07-29T04:12:54
710,"Smith, Allen and Scott",Anna Schneider,taylor11@khan.net,655-215-1310x4495,Inactive,2023-03-31T03:34:25
711,Harrison-Ramos,Jill Everett,dominguezelizabeth@villarreal.org,346.359.4469,Active,2023-05-19T11:41:18
712,Clark Ltd,Robert Robbins,victoria79@allison.info,001-691-377-3051x1384,Active,2023-07-11T12:21:07
713,Perry-Crawford,Thomas Martinez,kenneth43@garrett.com,001-225-283-1530x7672,Active,2023-06-21T13:40:37
714,"Miller, Moore and Osborne",Kelli Hodges,christianmegan@gonzalez.info,(672)499-1200x374,Inactive,2022-07-30T16:06:26
715,Williams Inc,Sean Welch,obrown@flores.biz,247-364-3677x514,Inactive,2023-07-28T18:42:47
716,Webster-Williams,Matthew Long,jay73@collins-moore.net,001-317-973-7468x248,Active,2024-02-12T13:31:47
717,"Wallace, Stanley and Lewis",Laura Doyle,carolyn85@graham.info,001-973-793-2264x776,Inactive,2024-11-05T20:55:25
718,Garcia and Sons,Christina Hill,brittanyellis@tran.com,(428)836-3794,Active,2025-01-06T20:55:23
719,Jones-Thomas,Barbara Camacho,mcculloughveronica@long-padilla.com,827.402.3719x4413,Inactive,2024-09-23T14:15:04
720,Donovan-Garcia,Denise Russell,spencejennifer@taylor-nguyen.info,001-226-289-5457,Inactive,2022-03-14T17:56:10
721,Vargas-Murphy,Samantha Bauer,mcdowellrachel@hall.org,457.645.9402,Inactive,2023-12-26T10:56:48
722,"Smith, Jefferson and Hernandez",Mary Mitchell,dshelton@simpson.com,001-458-663-1929,Inactive,2025-02-04T00:09:22
723,"Smith, Heath and Whitaker",Jason Smith,walvarado@estrada-douglas.net,(278)373-9148x55298,Active,2024-06-17T00:07:16
724,Pope-Reyes,Richard White,gjones@randolph.org,362.622.2244,Active,2025-06-02T11:49:31
725,"Murphy, Hernandez and Benjamin",Shelly Lopez,zjohnson@carrillo-pennington.org,001-284-821-9307,Inactive,2022-10-04T17:21:31
726,"Mclaughlin, Moreno and Boyd",Jeffrey Lewis,josephgiles@gordon.com,654.300.7119,Active,2025-02-05T02:24:02
727,Ross-Long,Andre Vasquez,aguilarvirginia@pace.biz,001-719-505-7764x861,Active,2022-03-09T06:52:44
728,Chandler Group,Allen Juarez,oosborn@chase.com,777-321-0129,Inactive,2021-08-27T13:09:46
729,Holder-Randolph,Jason Mcdowell,veronicaperez@sutton.com,861.744.1365x8592,Inactive,2025-06-13T18:34:20
730,Collins-Swanson,Sara Escobar,jennifer78@anderson.com,(334)804-1043,Active,2021-11-06T14:34:14
731,Larson-Taylor,Joseph Coleman,connie34@johnson-williams.com,9764474078,Active,2024-03-20T02:13:42
732,"Clark, Patrick and Moore",Michael Williams,austin04@curtis.com,+1-465-391-4790x7966,Inactive,2022-09-06T14:41:58
733,Hammond-Manning,Haley Cunningham,valerie75@montgomery-hill.com,718.817.7910x1444,Active,2024-08-23T16:55:57
734,Jackson Ltd,Linda White,tparker@smith-schneider.com,6475756655,Inactive,2022-07-24T16:22:10
735,Cook-Galloway,Carolyn Dunn,mark83@nguyen-lopez.info,001-414-219-5579x955,Inactive,2022-04-26T14:55:55
736,Lloyd-Wong,Shawn Rodriguez,willisdiane@gentry-lara.com,974-222-1964x17475,Inactive,2025-01-15T07:40:16
737,Baldwin-Martin,Barbara Taylor,yrobles@patrick-howell.com,+1-239-795-8590x238,Inactive,2023-04-06T01:05:32
738,"Burns, Graham and Hernandez",Matthew Richards,sgarcia@morales.com,4312262842,Active,2025-05-10T16:00:38
739,Johnson-Barnes,Richard Pham,michaelmcguire@strong.com,(509)225-3533,Active,2021-09-11T18:09:53
740,Wilkins-Adkins,Diana Graham,nathan65@wallace-johnson.com,001-475-258-1827x948,Active,2023-08-04T13:02:51
741,Garrett and Sons,Brittney Johnson,nicholsonshelby@chen-anderson.com,+1-841-447-0589x810,Active,2023-02-02T20:30:30
742,Buck PLC,Christopher Butler,taylorperez@miller.com,414.946.1578,Inactive,2022-06-04T00:15:08
743,"Walker, Camacho and Lopez",Stacy Mack,brian38@lester.com,740-486-3578x998,Active,2023-08-28T18:37:23
744,"Lawrence, Rodriguez and Olsen",Jonathan White DVM,michael92@hale.com,688.764.3155x122,Active,2024-05-05T15:25:57
745,"Ward, Anderson and Chandler",William Sanford,justin47@turner.info,319.362.3002x7534,Inactive,2025-09-03T00:45:17
746,Williams-Reynolds,Nathan Cooley,perezkelsey@smith.net,+1-481-908-1554x5419,Active,2023-10-07T18:47:02
747,Gill Inc,Stacy Fowler,arthur67@jennings.com,2098197736,Active,2023-10-06T15:50:42
748,Lowery-Hernandez,Jill Roberson,tanya58@stewart.com,848.856.8591,Inactive,2023-03-28T17:58:03
749,"Wright, Greene and Lindsey",Amber Chapman,ejohnson@moody.net,906.652.0652,Active,2024-02-12T06:12:09
750,Ward Group,Jerry Briggs,anthonyjones@williams.org,783-588-6650,Inactive,2024-04-25T13:18:38
751,King and Sons,Heather Brown,benjaminturner@orozco.net,+1-401-635-8654x77764,Active,2022-02-25T04:51:22
752,"Turner, Shelton and George",Melissa Miller,anthony71@tapia-lee.com,729-356-0508x819,Active,2024-10-04T22:51:54
753,"Rasmussen, Adams and Schwartz",Bruce Allen,williamwebster@maldonado.biz,234-462-8911x26014,Inactive,2024-10-30T22:34:31
754,Williams Group,Aaron Mitchell,janderson@jackson-johnson.biz,723-342-9471x2289,Inactive,2024-05-21T22:08:56
755,Bates and Sons,Samantha Murray,michelleevans@lopez.com,(329)765-6884x00926,Inactive,2024-06-01T16:11:41
756,Taylor-Barnett,Jay Patton,ashleymendoza@smith.biz,614-998-5410,Inactive,2025-07-13T21:15:10
757,Mcdowell Group,Francisco Zhang,evanslaura@martinez-blankenship.info,(392)269-3302x5891,Inactive,2023-10-13T10:29:52
758,"Roberts, Cross and Morrison",Wayne Durham,jonathan99@zamora.com,701-540-4374x964,Active,2024-11-09T13:29:21
759,Rosario-Hill,Cheyenne Downs,phall@myers.biz,750-813-8790x2198,Active,2021-07-26T03:32:24
760,Medina-Turner,Alicia Roberson,kim31@thompson.info,(955)676-5918x1792,Active,2021-07-11T15:52:21
761,Smith-Cruz,James Moss,deniseclark@summers.com,451-205-7223,Active,2022-10-01T08:45:20
762,Anderson LLC,Michael Gonzalez,katherine01@lee.com,688.703.1160,Inactive,2022-03-30T10:13:58
763,Chaney-Clark,John Morse,clarktiffany@lozano.com,485.860.1330x4695,Inactive,2022-04-30T08:21:02
764,"Gilbert, Harrison and Smith",Destiny Allison,whitetraci@warren.com,+1-869-879-0539x64426,Active,2023-01-20T10:44:53
765,Randolph LLC,Lisa Rogers,gbrown@miller-wood.net,(875)672-4386x85541,Inactive,2025-01-09T09:57:16
766,Rose Ltd,Charles Grant,bmcdonald@dickerson.com,916-987-6334,Inactive,2021-10-16T16:53:16
767,"White, Wheeler and Medina",Nathan Whitney,kenneth03@taylor.com,+1-540-898-2286,Active,2022-07-01T09:18:48
768,"Gibson, Gray and Bray",Linda Brown,christopher89@valenzuela.org,5383455095,Inactive,2021-06-21T06:16:54
769,"Jackson, Lee and Barron",Patrick Martinez,fhunt@lopez-perkins.net,625-899-8721,Active,2023-06-09T13:26:54
770,Baker and Sons,Katrina Ali,amber46@montoya.biz,287-590-2991,Inactive,2021-02-13T19:21:27
771,Osborne Ltd,Tracy Everett,xgomez@franklin.com,866.306.5701x28853,Inactive,2024-07-01T08:54:26
772,Haas and Sons,Nichole Lynch,lisalucero@ramirez-oconnell.biz,530-794-8906,Inactive,2022-07-10T15:04:32
773,"Mills, Vasquez and Esparza",Gregory Lopez,paynemichael@farrell.org,(440)840-6359,Active,2023-02-28T15:41:16
774,May Group,Anthony Chapman,andrewjones@kelly-clements.biz,+1-975-813-6186x2171,Active,2022-05-07T20:01:27
775,"Russell, Rodriguez and Fleming",Catherine Harrison,eddie07@nielsen.com,(232)630-8987,Active,2023-03-13T17:39:39
776,Wheeler PLC,Samantha Sanchez,kathleenmorrison@delgado.info,+1-554-551-8249x8639,Active,2024-04-02T04:19:24
777,Lowe-Mcneil,Alexis Knight,amanda34@palmer.com,355-671-5542,Inactive,2022-11-10T06:15:48
778,White-White,Michele Webb,gregory47@avila-thomas.com,(832)497-6728,Inactive,2021-08-26T22:09:18
779,"Wiggins, Duarte and Howard",Pamela Miller,xmcdaniel@ward.org,(533)518-8936,Inactive,2024-06-26T22:42:53
780,Smith-Thomas,Kristopher Mitchell,atkinsbrenda@kelley.com,001-431-217-4547,Active,2022-03-27T11:06:45
781,"Gallagher, Flores and Pierce",Jon Murphy,fwhite@thomas.com,+1-753-745-3975x52843,Active,2022-02-20T02:22:46
782,Fisher-Mclaughlin,Brandon Mayo,christopherstafford@rice.com,351.323.7390x973,Inactive,2024-03-17T17:03:45
783,Estes-Martin,Steven Brown,jbentley@richard.com,(473)427-5173,Active,2021-08-06T22:31:33
784,Graham-Norris,Ricardo Armstrong,smithcameron@jackson.org,(699)781-2787x189,Inactive,2025-04-23T08:46:59
785,Young-Perkins,Denise Gray,wshort@jordan.org,710.234.4134x130,Active,2020-12-27T05:43:17
786,"Sanders, Griffith and Williams",Heidi Mitchell,shannontorres@brown.com,418-648-8108x5515,Inactive,2024-12-19T15:46:11
787,"Mack, Smith and Dunn",Michael Vargas,michaelwarren@wells-cox.com,269.898.6666x03063,Inactive,2022-11-10T07:12:26
788,"Estrada, Lynch and Moore",Melissa Salas,nathan78@jones.com,+1-998-640-3657x4379,Active,2021-04-30T07:19:23
789,"Mendoza, Lee and Castillo",Veronica Green,ismith@robles.org,(388)952-9220x42652,Active,2025-08-22T06:09:38
790,West Ltd,Monique Franco,annette87@bowman.com,4885687895,Active,2024-09-22T17:44:03
791,Gonzales and Sons,Manuel Kim,tanyathompson@davis.biz,+1-520-963-3619x926,Inactive,2021-03-08T19:55:20
792,Morgan-Reed,Lauren Brown,wolfekristy@adams.info,669.984.8865x154,Active,2024-05-30T11:19:24
793,Howard-Lee,Monica Ortiz,tharrington@salinas-sherman.biz,711.603.3787,Inactive,2025-02-25T08:52:11
794,"Carr, Hill and Johnson",Marcus Walters,robertlopez@whitaker-mejia.com,355.722.7808,Active,2023-01-12T11:38:18
795,"Wright, Hoffman and Wilson",Larry Green,jeffreyhicks@flynn.org,+1-436-849-5186,Inactive,2025-04-13T15:07:06
796,"Gay, Howard and Mendoza",Valerie Mcgrath,kellyburnett@stephens.net,7368386161,Active,2023-06-22T19:55:16
797,Martinez-Sanchez,Timothy Morris,csimmons@ward.com,5785471087,Active,2021-11-01T00:07:58
798,Jones-Rivas,John Petersen,michaeltaylor@wheeler.com,001-608-643-6661x4763,Inactive,2024-10-12T07:07:09
799,Barnes-Butler,Katie Ellison MD,stewartjeffrey@torres.com,+1-680-725-6923x09946,Active,2025-03-01T09:19:29
800,Combs Inc,Emily Lewis,stephanienorris@howard.com,308-644-9145x312,Active,2022-06-06T11:10:52
801,"Hill, Smith and Holden",Shannon James,alejandro37@allen-mcmahon.com,(566)782-6810,Active,2025-03-24T06:57:29
802,Johnson-Larsen,Leonard Curry,wkhan@bowman.com,+1-961-469-8226x64956,Inactive,2021-08-21T21:24:12
803,Mcgee-Lynch,Alexandria Reynolds,rbaker@sandoval-duncan.com,7316115866,Active,2024-02-22T08:06:15
804,"Frank, Myers and Holmes",Shannon Clarke,donnaturner@leblanc.com,811-413-3319x70001,Inactive,2024-07-27T06:57:17
805,Ryan-Phillips,Timothy Parrish MD,ericksonkatherine@long-woods.info,367-991-8504,Active,2024-09-17T16:44:53
806,Farley Ltd,Veronica Schneider,ashleyskinner@rios.com,824.685.6886x4613,Inactive,2025-01-03T20:18:39
807,Murphy Inc,Amanda Jackson,meredith44@schultz-lewis.com,+1-265-613-6588x72467,Active,2023-10-07T18:50:05
808,Patel-Davis,Derrick Wilson,cannonandrew@morris-alvarado.org,774.651.7044x84445,Inactive,2021-12-31T09:41:35
809,Howell Ltd,Jaime Hubbard,erinmorris@lopez.com,381.770.7655,Inactive,2023-12-03T19:01:46
810,"Vega, Blankenship and Green",Kerry Beltran,terrance39@jones-holloway.com,944.491.9682,Inactive,2024-01-21T05:29:05
811,Henderson-Perez,Diana Aguilar,nwright@bailey.com,+1-217-289-8904x220,Inactive,2025-07-15T03:47:12
812,Ellis Inc,Caroline Reed,fjimenez@gonzalez.org,+1-488-806-6189x8721,Inactive,2021-04-08T07:09:16
813,"Smith, Jones and Brown",Michael Clay,jared08@harvey-chase.com,+1-363-607-9443x59356,Active,2023-04-16T22:21:12
814,"Kim, Rubio and Francis",Karen Smith,vjackson@bruce.net,+1-374-606-0772x69978,Active,2025-08-24T19:17:01
815,"Sanchez, Erickson and Delacruz",Dustin Sutton,kimberlysmith@berry.info,(505)807-9809x884,Inactive,2024-02-04T04:37:21
816,Wheeler Inc,Jennifer Wang,belldonna@blake-thomas.com,720.496.0338x1693,Inactive,2021-02-10T04:07:26
817,Young PLC,David Reynolds,lindsay40@kelly.com,+1-201-748-5703x270,Active,2025-08-15T02:52:35
818,"Willis, Jackson and Porter",Christopher Craig,melissaortega@white-barrera.org,653-461-9719,Inactive,2020-11-16T08:07:18
819,"Sullivan, Rivera and Buchanan",Juan Schmidt DDS,lindacoleman@ross.net,001-815-593-7600x14275,Active,2024-09-09T01:18:14
820,Moore LLC,David Humphrey,andrew81@sellers.com,9046441376,Active,2022-05-29T23:34:36
821,Orozco Inc,Steven Franklin,weberdebra@cruz-montgomery.biz,727-962-4501x19811,Active,2022-06-21T07:15:23
822,"Wu, Preston and Blackwell",Gerald Brown,yjones@hall.com,(826)907-4515,Inactive,2021-12-24T09:48:12
823,Brooks LLC,Richard Anderson,lauren19@fry.com,271-993-0808x082,Inactive,2022-09-24T13:11:20
824,Chang LLC,Robert Kelly,sfranklin@lewis.com,+1-561-739-5982x97555,Inactive,2024-01-14T00:07:54
825,Griffin-Wilson,Troy Shah,stacycooper@martinez.com,433-760-9551x411,Active,2023-08-03T01:51:29
826,"Terry, Butler and Gomez",Mario Fernandez,tiffanydean@clayton.com,3815117611,Inactive,2022-08-16T18:50:54
827,"Simmons, Miller and Williams",Autumn Harmon,lesliejohnson@green.org,388.852.0885,Active,2024-01-31T19:28:34
828,Hutchinson PLC,Michele Pierce,georgeobrien@tate-jones.com,(279)668-8578x893,Inactive,2023-02-18T11:45:04
829,Greene Inc,Susan Thomas,gdavis@tate-patton.com,7916973923,Inactive,2021-04-07T14:56:39
830,Gibson Ltd,Michael Cunningham,nicole50@warren.net,+1-420-884-0253x7950,Active,2025-01-04T12:09:48
831,Brown and Sons,Erin Vaughn,qclark@diaz.com,633.219.4591x8609,Inactive,2022-04-06T18:12:39
832,Brown-Collins,Chloe Williams,paul11@richards.net,+1-733-313-0909x2146,Active,2023-05-25T15:15:15
833,Cruz Inc,Jasmine Hernandez,careykelsey@ryan.org,001-669-499-8284x3088,Active,2023-02-17T12:34:51
834,"Alexander, Sutton and Chavez",Sharon Hernandez,amandacarr@baker.org,001-574-914-1588x516,Inactive,2024-12-23T05:35:18
835,Juarez LLC,Julie Peters,cynthiaburns@bell.com,288-213-0613,Inactive,2022-08-16T05:38:52
836,"Fischer, Wilson and Mosley",Shari Green,patriciarobinson@hebert-munoz.biz,(331)869-7540x3198,Active,2024-08-21T20:06:27
837,"Fisher, Price and Baker",David Jones,michellepotts@mckinney-nelson.com,505-993-0283x23104,Active,2024-05-19T12:41:37
838,"Moran, Landry and Estrada",Maria Brown,mgarrett@johnson-guzman.com,(589)225-6292x319,Inactive,2025-02-22T00:27:37
839,Guerrero Ltd,Pamela Villegas,msanchez@morse.org,+1-679-379-8344x86356,Active,2023-09-01T08:03:09
840,Spencer-Smith,Ashley Lopez,allen87@chavez.org,594.959.8777x52021,Active,2023-08-14T06:13:58
841,"Gallagher, Brown and Carroll",Andrew Rosales,along@robinson.info,(674)546-4475x16225,Inactive,2022-11-12T02:49:34
842,Nichols Ltd,William Baker,juan50@lamb.org,+1-864-769-1855x6269,Active,2023-10-29T11:44:43
843,"Hodge, Jackson and Holloway",Sheryl Welch,davidjohnson@woods-smith.biz,(952)407-5021x40626,Active,2024-07-13T17:13:12
844,Mcmillan-Deleon,Jason Richard,gainesmatthew@long.net,+1-395-206-8646x09872,Active,2024-08-29T01:23:52
845,Hicks Ltd,Timothy Martin,ryanmiller@gonzales.org,(257)610-8414x54384,Active,2021-10-01T08:45:48
846,"Taylor, Brown and Tucker",Stephanie Ross,evansjoanne@ford-parks.com,391-858-1597x976,Active,2021-02-20T06:55:45
847,Simmons and Sons,Jeffrey Jackson,kthomas@garcia-leonard.com,(979)212-2950x7537,Active,2024-11-26T12:05:45
848,Robinson Ltd,Jennifer Mcgrath,zachary11@cortez-elliott.biz,598-416-6361,Active,2025-02-23T16:17:21
849,Johnson-Roberts,Kelsey Smith,yprice@mora.info,607.359.7415x1815,Active,2021-09-16T14:46:04
850,"Duffy, Snyder and Morris",Roger Cole,elizabethhawkins@frank.com,822.870.6864x7048,Inactive,2021-02-28T02:59:46
851,Hill Ltd,Richard Jones,ballison@williams-kim.com,+1-842-975-1395x0911,Inactive,2023-04-27T17:27:25
852,"Osborne, Thomas and Smith",Dorothy Huynh,walshkimberly@lindsey.com,+1-793-452-9592x6029,Active,2021-06-25T08:36:08
853,"Butler, Sweeney and Montes",Claudia Johnson,crystal81@morgan.com,991-840-6939x8922,Active,2022-03-03T08:22:22
854,Johnson-Sutton,Kyle Silva,olsentony@anthony.com,+1-226-314-8791x47575,Inactive,2024-08-19T02:30:56
855,Smith-Booth,Joy Weiss,nataliekennedy@mckee.com,001-654-813-0739x9515,Inactive,2020-11-12T10:32:02
856,"Stone, Henry and Brown",Sandra Morris,longannette@rivas.net,001-567-233-7087,Active,2022-01-09T20:02:30
857,Daniels-Anderson,Ariel Harrington,blanchardscott@hall.net,(798)406-1552x39003,Active,2025-04-11T01:45:58
858,Aguirre and Sons,Michael Richardson,gregory52@allen-miller.com,518-466-8977,Inactive,2022-12-07T04:12:18
859,Bradley-Morales,Nancy Stout,brent89@hanson.com,501-997-1935,Active,2023-01-15T09:48:36
860,"Spencer, Collins and Swanson",Kristen Ramos,nmurray@sanders.info,988-976-6114x518,Inactive,2024-12-07T18:19:16
861,"Mcclain, Wright and Kim",Jennifer Gardner,jjordan@vaughan.com,540.493.3819x1668,Active,2020-12-22T21:20:34
862,"Diaz, Mitchell and Patton",Natasha Erickson,donald38@perez.com,+1-488-470-5074x859,Active,2025-01-29T13:49:21
863,"White, Gonzales and Peterson",Diana Jackson,aaron41@huber.com,(701)786-6106,Active,2023-05-25T10:16:23
864,Walker-Brown,Jeffrey Mitchell,christina05@thompson.com,001-338-866-4979x767,Inactive,2025-09-18T17:48:04
865,Valentine Inc,Ricky Casey,brandon10@williams-ramirez.com,+1-731-305-5024x42074,Inactive,2022-09-25T03:31:58
866,Meyer PLC,Kelly Freeman,christophersoto@cook.com,001-922-423-0717x152,Active,2025-03-25T18:15:14
867,"Ray, Robinson and Rodriguez",Rebecca Romero,raymond91@gutierrez.net,858-492-0649,Active,2023-08-26T14:18:07
868,Cummings PLC,Heather Sanders,wendysteele@miller-young.com,(412)892-9497x3915,Inactive,2021-02-28T18:34:34
869,Turner PLC,Keith West,angela12@jones-brown.net,001-222-726-1784x1440,Inactive,2024-05-07T02:59:10
870,Combs and Sons,Victoria Green,lisacole@glover-valenzuela.com,(749)883-4694x7565,Inactive,2024-07-04T04:26:23
871,Santana Ltd,David Olsen,sbennett@jensen.org,+1-545-501-1191x23909,Active,2022-11-10T12:47:19
872,"Miller, Garcia and Lee",Laura Harper,tommyfoster@parker.net,226.412.7476x16378,Inactive,2025-01-21T23:31:32
873,"Nelson, Wilson and Robinson",Kyle Howe,lbrown@soto-reese.com,+1-528-612-0128x744,Inactive,2021-06-21T21:46:57
874,"Hayes, Pham and Travis",Stephen Rodriguez,kathleenwilkins@white.com,001-725-574-8660x44299,Active,2022-01-03T18:07:14
875,Hardin-Shea,Amanda Smith,lynn49@riley-delgado.com,001-870-700-4121x4599,Inactive,2022-06-28T15:58:49
876,"Jackson, King and Sanders",Jessica Rios,huangmartin@marquez.com,+1-830-619-0710x79913,Inactive,2021-09-03T07:11:24
877,Hamilton-Smith,Jason Daniel,greed@white-guerrero.net,+1-487-871-5212x83271,Active,2023-03-22T18:19:03
878,"Gray, Johnson and Chase",Warren Jenkins,ymay@leon.com,337.418.2527x7993,Active,2022-06-24T03:07:07
879,Roberts-Smith,Thomas Holt,edwardsoscar@sharp.info,395-927-1580,Active,2021-01-09T06:49:43
880,"Reyes, Raymond and Nichols",Dale Diaz,yjohnson@thompson.net,+1-617-843-4438x4003,Inactive,2022-06-02T02:21:39
881,Harrison and Sons,Stephanie Mitchell,khatfield@williams.net,254-204-7090x57037,Inactive,2024-10-08T02:23:56
882,"Dominguez, Jenkins and Phillips",Amanda Tran,johnsontravis@hammond.info,(644)396-7825x30877,Inactive,2022-05-04T04:57:28
883,Stokes-Gutierrez,Terry Moore,samuelcohen@conley.biz,3846023104,Active,2021-12-03T17:39:02
884,Pruitt Ltd,Kathleen Davis,ashleystewart@williams-romero.info,001-628-795-2353x706,Active,2022-10-16T04:32:51
885,Wilson-Brown,Brian White,lewisedward@gross.com,8219062594,Active,2022-08-11T11:04:05
886,Burke-Farrell,Scott Mendoza,scarr@keith.com,304.620.3739x8689,Active,2025-04-16T19:08:28
887,Parrish PLC,Amanda Blackwell,sandraharvey@crawford-martin.biz,695.413.5967x75287,Inactive,2020-12-24T18:48:46
888,Mcdaniel-Santos,Danielle Miller,heathercruz@goodwin.com,001-812-295-2355x5776,Active,2024-10-24T01:35:25
889,"Wyatt, Drake and Rice",Ms. Alisha Collins,glendadennis@gallagher.com,001-903-908-2443x889,Active,2025-02-23T04:28:55
890,"Jones, Smith and Pollard",Alexandra Crosby,hoffmanphilip@young.com,+1-644-521-9617x65892,Inactive,2024-02-28T00:07:52
891,Ramos Ltd,Felicia Turner,gilbertkevin@boone.com,001-576-601-5021,Active,2021-11-14T05:32:01
892,Price and Sons,Melissa Martin,marylawrence@edwards.info,233-492-1233,Active,2025-05-14T03:40:51
893,"Bradley, Russell and Bowman",Robert Morris,chelsea72@hayes-johnson.com,3819027027,Active,2025-08-08T22:35:50
894,Ellis-Smith,Brandy Reed,mendezvernon@hartman-pearson.com,4922133210,Active,2023-02-20T08:04:12
895,"Peck, Wilkerson and Porter",Beth Jackson,lcrawford@pearson.com,(695)600-7682,Active,2020-11-30T18:29:19
896,"Smith, Peterson and Lambert",Gabriella Gonzalez,michelle20@barker.biz,615.635.9561x222,Inactive,2021-10-27T18:10:21
897,"Mckinney, Hebert and Benson",Larry Guzman,pagejacqueline@whitehead.com,(292)649-3076,Inactive,2023-11-02T06:02:21
898,Newman-Hudson,John Douglas,leblancwarren@malone.com,+1-343-313-5209x6265,Inactive,2021-09-14T21:05:30
899,"Mitchell, Taylor and Dougherty",Paul Wu,debbiegutierrez@medina.com,564-335-1028x1164,Active,2025-07-28T05:20:24
900,"Peterson, Larson and Taylor",Trevor Lutz,millschristine@mcdonald-atkinson.com,516.582.1096,Inactive,2024-07-01T04:53:47
901,Dalton-Newman,Paula Anderson,crawfordbailey@ortiz.net,6388442541,Inactive,2021-08-23T19:08:24
902,Jones-Ball,Thomas Hines,jamesmathews@navarro.com,001-364-536-9418,Active,2022-04-04T14:51:34
903,Fletcher-Allen,Ariel Hernandez,sabrinadonaldson@singh-foley.com,(760)489-5686x64280,Inactive,2021-07-08T16:13:32
904,Wolf-Ryan,Dan Payne,zblair@allen.com,(816)362-5501,Inactive,2024-04-06T05:02:25
905,"Brown, Campbell and Douglas",Kenneth Harris,lopezjessica@scott-finley.com,229-273-4569,Active,2024-07-05T13:26:58
906,"Todd, Dixon and Stone",Mary Walker,rsanchez@lewis.org,848-289-7068,Inactive,2025-04-29T14:24:05
907,Aguirre-Lane,Dr. Melissa Francis,kayla33@diaz-arnold.com,001-277-691-4257x141,Active,2023-01-26T12:17:47
908,"Casey, Brown and Smith",Rachel Young,rgray@johnson.info,571-450-0836x451,Active,2025-10-28T15:27:15
909,Ewing LLC,Kenneth Anderson,vicki98@franklin.org,704-810-8398x4867,Active,2025-06-30T23:08:27
910,Turner and Sons,Matthew Benson,clarkalan@carr.com,5029125246,Active,2024-09-10T07:22:01
911,Lee LLC,Alexander Powell,lawrence88@gallagher.com,421-529-3646x70229,Active,2022-05-14T11:22:26
912,"Smith, Wade and Smith",Devin Mitchell,tellis@todd.com,6006819494,Inactive,2021-05-05T17:08:51
913,"Kent, Henderson and Garcia",Robert Nelson,vguerra@turner.com,746.442.5021x277,Active,2023-12-23T15:29:44
914,Young-Gutierrez,Edgar Ayala DDS,troysmith@dudley.net,732-495-3074,Inactive,2023-08-03T20:51:15
915,Brown-Lin,Jerry Williams MD,jacob21@castro.info,226-963-4718x0182,Active,2022-11-23T00:51:04
916,"Norton, Greene and Holmes",William Allison,perryrichard@kelly.com,(266)452-1495,Active,2020-12-16T12:25:41
917,Alvarado-Hart,Marissa Cohen,jerry99@patterson.com,5948792012,Inactive,2020-12-05T13:46:44
918,Rogers PLC,Aaron Parker,richardsongregory@acevedo.com,(617)326-8035x72801,Active,2024-02-15T01:43:48
919,Taylor-Gonzalez,Jasmine Norman,beckyschwartz@gomez.com,(583)439-5446,Inactive,2023-12-12T05:43:38
920,Weber and Sons,Lee Bell,michelle67@patrick-soto.biz,(482)892-0932,Inactive,2024-09-23T14:33:55
921,"Shea, Dunn and Stafford",Amber Howard,shawnaschmidt@dean.com,001-384-465-8153x95001,Inactive,2024-09-09T18:43:03
922,White-Ramirez,Ashley Johnson,dcook@anderson.com,+1-552-422-3591x528,Active,2023-08-03T10:17:25
923,Schmidt LLC,Erin Copeland,mccallarthur@carter.com,001-213-262-7875,Active,2025-06-15T20:49:11
924,Bryant-Yang,Maureen Alvarez,turnerrobert@greene-maynard.com,+1-702-736-0783x5502,Active,2024-08-31T02:20:33
925,Lopez PLC,Jill Miles,lrojas@goodman.net,(528)945-9980x34884,Active,2025-04-30T22:44:40
926,"Mcclain, Baldwin and Garrett",Cristian Young,lisanovak@white.biz,001-482-409-8463x00512,Active,2022-03-12T20:03:10
927,Carey-Taylor,Hannah Burgess,orodgers@davis-keller.biz,(242)804-5312,Active,2024-08-17T12:08:26
928,Sullivan Group,John Villarreal,steelejasmine@klein.com,724-594-9110,Inactive,2024-12-22T15:51:28
929,"Lara, Walsh and Olsen",Amber Torres,randall56@todd.com,850-985-9643x91100,Inactive,2021-05-28T18:53:06
930,Eaton and Sons,Kimberly Ellis,jfarrell@chase-larson.org,+1-585-424-1536x9196,Active,2024-02-15T05:52:14
931,"Smith, Duffy and Wu",Andrew Wilkinson,baileyjessica@garza.com,+1-723-672-6891x025,Active,2023-12-07T19:08:21
932,"Henderson, Humphrey and Grimes",Rachel Zhang,lkoch@clay-robertson.com,+1-379-631-1559x257,Active,2024-06-03T17:23:14
933,Allen-Chan,Joshua Bowen,zjordan@baldwin-thomas.com,+1-564-602-7853x36374,Active,2021-02-06T00:24:24
934,Stewart-Copeland,Melissa Bridges,tyler97@thomas.org,416-708-4955,Inactive,2024-02-12T19:23:41
935,Wright Inc,Rachel Young,eclark@collins.biz,8634634313,Inactive,2022-12-03T01:33:28
936,Jacobs LLC,Phillip Thomas,frank62@lewis.com,+1-913-777-2661x304,Inactive,2024-06-29T15:06:57
937,Cohen-Stanley,Dr. Jay Montoya,parrishmichael@carey.biz,+1-538-412-2576x1776,Inactive,2021-08-30T02:35:14
938,Cooper-Smith,Benjamin Tucker,annefarmer@nolan-williams.com,(950)402-9938x512,Active,2025-07-11T21:46:04
939,Perez Ltd,Daniel Medina,justinkane@adams.com,497.426.2696x764,Inactive,2022-08-04T23:36:37
940,"Hendricks, Johnson and Brock",Christopher Mcclure,uchavez@schultz.com,(255)481-1643x16078,Inactive,2025-01-17T13:10:52
941,Fox Inc,Charles Thompson,karenlogan@reeves-rodriguez.org,695-690-8559,Inactive,2023-06-20T10:02:38
942,"Wilson, Mitchell and Gibson",Nathaniel Hernandez,abbottdouglas@jones-white.com,647.423.4644,Inactive,2025-01-27T13:42:30
943,Dickson-Young,Jeremy Lee,thomastravis@acevedo-clark.biz,001-931-202-9836x29330,Inactive,2021-06-14T10:16:23
944,Yates Inc,Kaitlyn Rodriguez,thomaspowers@gates-dunn.com,4756187324,Inactive,2025-10-28T14:29:28
945,"Valencia, Caldwell and Day",Earl Campbell,heather52@douglas.com,(314)966-1866x08844,Inactive,2025-01-10T06:24:33
946,"Douglas, Ware and Briggs",Taylor Powell DDS,dmooney@johnson-brennan.com,827-662-4909,Inactive,2022-12-31T20:45:11
947,"Thomas, Wright and Hardy",Paul Hall,christopher85@smith.net,+1-814-814-8120x11436,Active,2021-11-07T18:16:53
948,"Dillon, Burke and Yang",Patricia Stein,tylercarl@smith.net,(876)661-4618x88645,Inactive,2022-05-27T06:46:14
949,Suarez-Thompson,Jessica Aguilar,alisonwilson@hoover-hill.com,(497)761-0832,Active,2025-05-17T23:33:57
950,"Dennis, Blair and Parker",Ronnie Andersen,james21@ward-hernandez.com,(714)521-0070,Inactive,2022-12-18T20:05:27
951,Sampson Inc,Steven Davis PhD,pdavila@robinson.com,320.235.8875x8950,Active,2022-02-16T01:25:17
952,"Sullivan, Ortiz and Perez",Michael Patton,gabrieljackson@walsh-luna.net,(241)696-0513x2726,Inactive,2022-09-02T17:26:31
953,"Perry, Patton and Hamilton",Kristi Nguyen,imacias@ryan.com,832-421-2451x022,Active,2025-03-20T09:57:43
954,Henry-Logan,Samantha Lynch,wayneowens@shah-huber.org,553.392.8200,Active,2022-11-18T16:41:32
955,Taylor Group,Jordan Sheppard,petersjustin@graham-thomas.net,9098791746,Active,2023-01-10T01:18:38
956,"Miller, Wallace and Carney",Ryan Dominguez,edward90@orozco.com,734-287-2006x19456,Active,2023-12-09T12:05:38
957,"Oneal, Miller and Evans",Aaron Kramer,shepherdcaitlin@wiley.com,(412)389-4457,Inactive,2022-05-16T14:36:19
958,Collins and Sons,Tyler Scott,heatherhorn@wilson.org,362.527.1711x298,Active,2021-02-05T06:00:49
959,"Clark, Barnes and Gentry",Sean Henderson,victoria45@scott-king.com,+1-445-593-2333x57979,Active,2021-01-24T13:32:55
960,Martinez-Wiley,Nathan Conley,zzhang@lawrence-butler.com,412.294.6280,Inactive,2024-04-06T18:07:08
961,Rowland Ltd,Amanda Holmes,ecarter@watson.biz,238-843-9518,Inactive,2021-07-31T14:18:07
962,"Bird, Spears and Martinez",Jeremy Bowers,jennifer68@russell-vance.com,492.637.8109,Inactive,2020-11-11T22:12:14
963,Johnson LLC,Christopher Reynolds,rosekatrina@reyes.com,+1-626-888-6713x932,Inactive,2023-03-01T11:30:24
964,"Cobb, Lee and David",Bridget Rocha,laura97@wright.org,246.912.0365,Active,2022-11-17T08:23:29
965,"Bailey, Glover and Green",Mark Hill,stevenrodriguez@brady.com,001-412-414-3654x321,Inactive,2024-10-10T02:15:41
966,Becker-Greene,Dawn Reyes,spencervalerie@norman.biz,(622)335-1053,Inactive,2024-03-18T07:57:45
967,"Mitchell, Chavez and Sanchez",Jeffery Davis,jenkinsmichael@gibbs.com,(981)701-3035,Active,2022-04-27T03:29:25
968,"Moore, Sandoval and Martin",Mariah Hood,changtina@ramirez.com,+1-670-359-3267,Active,2025-01-04T17:22:09
969,"Marshall, Murphy and Cook",Marie Collier,hensleycraig@hunter.com,+1-506-676-5205,Active,2022-12-09T04:06:01
970,"Archer, Harper and Johnson",Amber Sanchez,thompsonangela@dunn-coleman.net,(514)958-0172x137,Active,2021-04-05T22:32:50
971,Bauer-Higgins,David Wiggins,marshalltimothy@miller.com,3873459499,Active,2022-07-17T01:11:51
972,Owens LLC,Danielle Elliott,alexandragay@young.com,424.317.0267x34519,Inactive,2021-02-13T08:40:03
973,Simpson Inc,Veronica Sanford,juliamartin@carter.com,418-786-9333,Inactive,2025-03-17T04:35:20
974,Martinez PLC,Lisa Ross,rgay@ibarra-love.com,241.368.3036x7521,Active,2024-09-20T05:35:50
975,Finley and Sons,Hannah Landry,feliciamason@mooney.com,971-972-8898x5616,Active,2022-12-07T09:44:53
976,"Hess, Cobb and Gutierrez",Ryan Coleman,xgibbs@perez.com,+1-246-211-8118x7685,Active,2023-02-17T22:07:41
977,Mendez PLC,Vincent Koch,grace57@woodward.com,+1-879-846-1949x0965,Inactive,2022-09-13T06:55:07
978,"Johnson, George and Carpenter",Jamie Kim,jordananthony@murphy.com,5789915622,Inactive,2022-10-04T11:44:07
979,"Davis, Montgomery and Mullins",David Evans,cbriggs@savage-rodriguez.org,001-331-483-1983x11168,Inactive,2022-07-18T08:59:00
980,Walls-Wilson,Linda Pollard,xthomas@johns-lee.org,854-375-8304x295,Inactive,2025-01-07T19:51:18
981,Wyatt-Wall,Denise Taylor,eric94@rodriguez.com,001-244-647-4092x76252,Inactive,2022-05-17T07:41:28
982,Austin-Hampton,Theresa Chapman,jgibson@wilson-jordan.info,+1-241-471-3223x15943,Inactive,2020-11-17T14:36:28
983,"Hood, Smith and Anderson",David Stevens,wjones@smith.com,+1-844-566-8725x53681,Inactive,2022-11-13T07:22:07
984,"Maxwell, Cline and Hunter",Michael Lewis,harringtondave@lyons-page.com,213.627.7754x6730,Inactive,2023-01-13T13:22:34
985,Marshall PLC,Ashley Lopez,shawnmartinez@graves-clark.com,(632)277-8355x7223,Active,2021-10-06T23:15:07
986,Johnson-Leblanc,Joseph Davis,todd75@collins.net,001-312-458-8957x7477,Inactive,2023-03-21T23:12:17
987,Perez Inc,Charles Mccarty,marissahartman@barnes.com,(952)267-9679,Inactive,2023-04-16T17:46:16
988,Le Ltd,Connie Sanchez,suzanne65@kelley.com,(343)728-0412x0135,Active,2024-10-23T01:33:16
989,Dawson Inc,Rachel Mcgee,lindsey91@valdez.com,(356)619-2369,Inactive,2023-11-23T17:48:01
990,"Mathis, Clarke and Smith",Tiffany Mitchell,jessica32@neal.biz,(418)941-2922,Active,2024-01-29T11:27:49
991,Nelson-Mack,Rebecca Moran,awhite@schmidt.com,(758)276-2833,Inactive,2023-08-24T02:32:30
992,Chen-Garrett,Teresa Olson,rgreene@rodriguez.org,7862971512,Active,2022-08-23T01:01:15
993,"Lewis, Carroll and Oneal",Brittany Schneider,dayers@lopez.com,928-678-4904x407,Active,2022-12-03T09:03:38
994,"Preston, Robinson and Barrera",Kevin Thomas,daniellesmith@romero-sharp.info,(826)201-3729x474,Active,2025-09-27T20:18:59
995,"Johnson, Munoz and Hooper",Maria Cox,garciachristopher@peterson-russell.com,660-577-9157x0814,Active,2024-11-03T16:13:53
996,Allen Ltd,Elizabeth Benton,john03@evans.com,001-257-347-0549x51927,Active,2024-06-17T16:25:49
997,Rose-Mack,Nancy King,karen43@morgan.com,918.993.9484x3181,Inactive,2025-09-01T16:13:03
998,"Hernandez, Walker and Lowe",Ryan Fry,kristenpreston@davis.org,756.746.0081x666,Inactive,2023-09-30T07:43:25
999,Knight-Wood,Paul Phillips,wjohnson@taylor-stone.com,+1-823-574-6558x26917,Active,2025-05-17T07:57:59
1000,"Daugherty, Perez and Thomas",Bridget Davis,diana37@pitts.com,(685)913-8691,Inactive,2024-10-23T16:24:24
1001,Sanders Group,Michael Garcia,petersonjames@carlson.com,728-313-8040x197,Inactive,2025-02-25T10:36:03
1002,Wilson PLC,Michelle Miles,dhall@arnold-white.com,(901)664-5707x43615,Active,2025-07-31T19:47:45
1003,"Hunter, Smith and Washington",Elizabeth Clements,chadmalone@alvarez.com,(837)797-6485x940,Active,2025-08-19T17:17:53
1004,"Sellers, Combs and Ramsey",Charles Olson,aramirez@hinton.com,989.471.8501x743,Active,2024-03-26T20:28:21
1005,Melendez-Sawyer,Norma Morgan,walkerjohn@clayton.com,(612)842-0694x68245,Inactive,2024-01-21T09:15:15
1006,Velazquez-Ortega,Daniel Stout,klinejohn@harris.com,+1-981-454-3809x81436,Inactive,2020-11-08T18:20:02
1007,Pierce Ltd,Robert Jenkins,michele41@maldonado.org,(574)693-0919x2490,Active,2023-01-04T11:46:32
1008,"Stewart, Wright and Horton",Amy Carr,morgannicole@walker.biz,(908)580-7416x01766,Active,2023-03-28T20:46:42
1009,Chavez-King,Maria Jackson,xriley@dunlap.com,239.277.2897x4684,Active,2023-10-13T03:19:22
1010,Scott-Griffin,Crystal Curry,candicehenry@johnson.info,800.726.4337x24052,Inactive,2021-10-21T03:17:55
1011,Lyons-Jones,Matthew Thomas,gcarlson@garcia.com,492.500.0835x66450,Active,2022-05-28T10:55:04
1012,Miller Inc,Kimberly Martin,sandovalchristopher@ford.com,847.756.3413x5579,Active,2023-11-13T11:24:43
1013,Burke LLC,Anthony King,brandon69@tucker-campbell.com,+1-281-707-2064x93878,Active,2022-10-26T02:20:50
1014,Pierce PLC,Juan Tucker,mariataylor@ramirez-smith.com,001-428-345-9147x7608,Inactive,2022-12-09T04:19:25
1015,"Flores, Hayes and Ware",Angela Myers MD,walshdawn@taylor.biz,514-954-5097,Active,2022-12-26T04:48:00
1016,"Bishop, Herrera and Lopez",Mr. Charles Anderson,ucampbell@wu-parks.com,735.808.1976,Active,2025-09-27T06:51:26
1017,Hicks-Ward,Tyrone Valencia,troyhickman@day-owens.net,+1-402-648-1298,Active,2022-10-29T23:33:50
1018,"Pacheco, Evans and Mann",Susan Blevins,uevans@hernandez.org,001-206-249-0326x154,Active,2025-04-18T18:11:20
1019,Johnson LLC,Crystal Stewart,matthewmyers@clark-nelson.info,(588)997-1521x0353,Active,2023-01-01T01:24:21
1020,Humphrey-Johnson,Kirk Garza,robert68@monroe-jackson.com,(644)443-9654,Active,2024-05-25T07:36:04
1021,Rodriguez-Carter,Raymond Lamb,juanzimmerman@holmes.com,383.896.5078,Active,2025-10-25T19:54:35
1022,"Grant, Gonzalez and Evans",Pamela Shields,singhpaul@smith.com,(845)712-7771x4401,Inactive,2020-11-22T05:56:32
1023,Lane-Lopez,Johnny Phillips,eric38@stone.com,412-995-4904x55576,Active,2023-01-24T10:29:38
1024,Hall Ltd,Roy Thompson,hlang@green.com,7249089522,Active,2022-01-15T08:49:03
1025,"Monroe, Wilson and Patterson",David Peters,hilldaisy@thompson-king.info,543-334-8209x651,Active,2020-12-24T16:43:23
1026,Martinez-Herrera,Thomas Bradley,ginamoore@hartman.info,500-257-5253,Inactive,2023-01-17T01:57:58
1027,"Johnson, Moore and Pierce",Jason Brown,duanemaynard@smith.biz,998-712-5002,Active,2022-04-03T01:32:42
1028,Oconnor PLC,Eric Day,williamramirez@pena.net,559.296.0976x669,Inactive,2022-03-15T00:03:44
1029,Estes-Rivera,Billy Hicks,amber05@phillips-mitchell.com,944.304.8734x4643,Inactive,2021-03-12T12:34:01
1030,"Matthews, Holt and Caldwell",Danny Simon,ihartman@harvey-contreras.com,8329084005,Inactive,2024-01-15T07:39:38
1031,"Lucas, Rose and Arnold",Stephanie Griffith,lisa69@scott.info,4562151273,Inactive,2025-03-05T17:19:36
1032,Mckee-Trujillo,Dylan Robles,bateswendy@morrison.com,3437541098,Active,2022-12-23T13:21:25
1033,Flores PLC,Anthony Mcconnell,harry79@gregory.com,962-766-7848x12939,Active,2023-03-21T07:53:46
1034,Clark Group,Courtney Knight,holtdesiree@nichols.biz,+1-805-611-3528x924,Inactive,2025-05-28T19:32:11
1035,"Ramirez, King and Collins",Crystal King,osimpson@thomas-herring.com,300.201.3727,Active,2023-01-11T06:48:08
1036,Wilson-Jones,Katherine Rose,richardsmith@black.biz,001-575-566-6564x6002,Inactive,2025-06-26T18:10:16
1037,"Jones, Garcia and Turner",Jamie Wilson,jodinelson@cline.com,876.695.8740,Inactive,2021-08-27T18:42:49
1038,Landry-Grimes,Collin Bond,matthew77@pearson.com,001-526-277-6491x8893,Inactive,2023-01-30T11:38:44
1039,Morton Ltd,Heather Hayes,aaron41@johnson.com,322-853-7110x714,Active,2022-10-30T11:52:08
1040,Henry PLC,Crystal Robertson,qdeleon@cohen-cherry.com,(644)668-5506x68322,Inactive,2021-01-04T05:56:29
1041,Davis LLC,Robert Hayes,kelly30@baker-buckley.com,827-729-6130,Inactive,2023-04-19T01:20:57
1042,"Schultz, Carter and Williams",Kevin Cook,kroberts@brock.net,702.719.4306,Inactive,2024-06-14T05:10:36
1043,Welch-Martinez,Brittany Gray,ryanjoshua@phillips.com,(362)410-0938x6678,Active,2024-11-29T09:04:22
1044,Vazquez Group,Linda Young,leechristina@hall.biz,001-531-875-3564x03961,Active,2021-09-03T02:19:04
1045,Lane-Jones,Paige Booker,mariamalone@boyd-harrison.com,598-315-1343,Inactive,2023-02-25T17:37:59
1046,Garcia-Garrett,Jennifer Weber,johnsonkatherine@martinez-andrade.com,(282)671-9319x056,Active,2024-05-02T00:40:54
1047,"Oconnell, Harrington and Thompson",Emily Rodriguez,ydavis@montes-jackson.com,(240)893-0120x741,Active,2024-10-23T17:41:17
1048,Nunez PLC,Patrick Barton,lauramiles@kane.com,339.648.4106x9508,Active,2025-01-23T17:46:00
1049,Carlson-Stokes,Renee Madden,julia65@fernandez.com,384.531.7221x192,Active,2022-06-19T22:24:43
1050,Cruz PLC,Nicole Guzman,elizabeth58@garner.info,9975186364,Inactive,2025-07-23T22:09:35
1051,"Clark, Montoya and Mendoza",Jessica Morse,cynthia75@montgomery.net,451.973.2092,Active,2021-08-12T07:51:40
1052,Wright Group,Christina Carey,eturner@keller-moore.com,(587)821-5092,Active,2023-08-17T08:26:44
1053,"King, Dickson and Holden",Jack Pineda,newmanaaron@scott-matthews.com,454-626-2929,Inactive,2021-02-16T08:04:13
1054,"Nelson, Edwards and Rice",Denise Holder,apitts@chang-munoz.org,(384)408-4621x9109,Active,2023-05-19T02:43:40
1055,Hill-Bennett,Nicole Alexander,garzajames@thompson.com,001-302-229-7661,Active,2025-06-08T01:37:43
1056,Garrett LLC,Brittany Jacobson,stacy77@browning-duke.com,900.330.3468x017,Active,2023-12-29T15:50:19
1057,Long-Allison,Brandon Porter,lisagreen@underwood.org,(323)473-1423x9739,Inactive,2024-04-12T19:45:02
1058,Sheppard Group,Sydney Savage,iannelson@williams-smith.com,001-543-424-9622x852,Inactive,2024-08-21T05:21:42
1059,Ortiz-Woods,Susan Rodriguez,ahowell@pena.net,561-622-9221x533,Active,2024-07-24T07:35:39
1060,Gonzalez-Hogan,Craig Clark,nicholasguzman@glover.com,+1-723-815-8406x7183,Active,2025-10-02T03:10:36
1061,"Moses, Hill and Brown",Wayne Cochran,fmoore@harrell.com,+1-351-938-4471x9611,Inactive,2024-01-15T14:11:30
1062,Fields Inc,Steven Collins,nbaldwin@parker-crawford.net,6942233603,Inactive,2023-06-19T21:54:40
1063,Graham-Wright,Corey Leblanc,hollowaymartin@thomas-barnes.com,418-797-3476x2422,Inactive,2023-11-20T09:49:52
1064,"Moore, Buckley and Greene",Ryan Miranda,jesus05@alvarez.com,+1-447-620-0509,Active,2024-06-04T16:37:07
1065,"Bishop, Lopez and Wise",Patrick Gonzalez,smithmary@schroeder.com,3035938891,Active,2020-11-11T07:30:53
1066,"Smith, Flores and Hill",Micheal James,jgarza@larson-lopez.net,(709)378-7393,Active,2023-09-25T17:42:55
1067,Rollins-Williams,Eric Shelton,qsmith@riley-myers.com,639.799.1900,Active,2021-02-16T00:01:01
1068,Smith-Young,Alvin Johnson,saraholsen@lopez.org,2535227234,Active,2024-03-18T06:31:18
1069,"Raymond, Thompson and Oconnell",Max Cabrera Jr.,wmiller@cameron.com,242-764-6326x06571,Active,2024-06-14T05:30:03
1070,Stone and Sons,Joshua Richardson,robinsontroy@jensen.com,(769)732-9457,Inactive,2021-07-15T08:48:56
1071,Thomas Group,Jacqueline James,sotolaura@grimes.com,(228)874-3472x900,Inactive,2020-12-10T21:51:35
1072,Robinson-Palmer,Patrick Hooper,katherine08@smith.biz,351-918-3398x708,Active,2023-09-07T13:01:37
1073,Stewart Ltd,Bernard Cruz PhD,strongelizabeth@miller-jennings.com,001-629-427-4639,Active,2024-12-25T01:26:24
1074,"Johnson, Walton and Williams",Rachel Anderson,mkim@mccann-thompson.net,001-795-946-6396,Active,2025-01-11T21:11:12
1075,Wade-Valencia,Deanna Coleman,jesse21@woods.com,377-519-0218x71019,Active,2023-02-03T17:09:41
1076,"Knight, Rodriguez and Graham",Mark Castro,bstephens@morales.com,001-392-243-2081,Inactive,2023-05-30T22:40:23
1077,Jackson Inc,Alyssa Higgins,richard65@moss-williams.org,(319)784-3543,Active,2022-06-18T19:43:25
1078,Williams-Mendez,Kristina Barton,brownregina@tran.biz,001-893-656-5741,Active,2023-07-28T06:25:20
1079,Reynolds and Sons,Crystal Glover,matthew46@atkinson.biz,001-262-841-0746x317,Inactive,2022-12-05T03:48:32
1080,Robinson-Blackwell,Robert Simmons,robinsonmichael@steele-reynolds.org,001-958-654-8169,Inactive,2025-08-25T00:15:00
1081,Clayton Group,Amy Sanchez,michaelmacdonald@brown.com,670.613.1525x247,Inactive,2025-06-03T22:36:07
1082,Martin-Brooks,Scott Zuniga,qdean@garrett.com,932-454-7009x24830,Active,2021-03-20T10:04:21
1083,Edwards-Gray,Ashley Taylor,cherylroach@velasquez-guerrero.biz,872.629.0702x4167,Active,2023-10-10T01:34:03
1084,Shaffer Group,Phillip Alvarez,elliottchristine@howell-cox.com,640.826.3539x9385,Inactive,2022-04-27T14:00:50
1085,Johnson PLC,Crystal Hayes,phillipskelly@herrera.com,(783)602-8258x94523,Active,2025-10-25T18:27:50
1086,Reeves-Rodriguez,Emily Torres,adrienne17@martin.net,001-786-340-4426,Inactive,2023-04-14T08:42:44
1087,Rivas PLC,Jacqueline Roman,ilara@jacobson.org,5996493663,Inactive,2022-04-12T09:23:02
1088,Jones-Robinson,Michelle Preston,jamie97@little-taylor.org,392-766-0487,Inactive,2023-11-04T01:10:37
1089,"Downs, Lyons and Whitaker",Amanda Brown,edwardstodd@orr.com,7912810383,Inactive,2022-11-11T05:11:56
1090,Berger-Mccoy,Shirley Webb,stevefox@torres-mitchell.info,999-393-9817,Inactive,2021-04-07T06:43:04
1091,Frey-Villanueva,John Patton Jr.,kellypaul@orozco.com,(878)529-3258x6973,Active,2023-02-11T08:50:47
1092,Williamson and Sons,Christina Hernandez,sullivanjennifer@aguilar.biz,492-847-1732x5590,Active,2025-07-06T02:11:50
1093,"Morrison, Johnson and Cochran",Debbie Hunter,zcurry@burton.org,001-227-513-1688x682,Inactive,2025-08-18T16:18:36
1094,"Marquez, Proctor and Woods",Jill Dalton,jerry73@hardy-atkinson.com,789.912.5279,Inactive,2024-07-08T04:59:49
1095,Davis Group,Jennifer Lewis,piercekenneth@brooks.com,+1-737-677-7579,Inactive,2021-08-18T10:33:37
1096,Harris-Wilson,Ryan Wallace,shelbyhicks@french.biz,(828)346-4198x38942,Active,2022-07-14T15:51:24
1097,Lewis-Hernandez,Hannah Parsons,barnesrichard@mcclain.info,(844)712-9959x054,Inactive,2024-06-18T18:24:46
1098,Larsen-Cole,Caleb Keller,heather55@walker-tucker.com,815-737-4760x5683,Active,2023-04-28T18:15:14
1099,"Johnson, Nelson and Andrews",Ryan May,danielle74@lester-adams.com,(384)440-0935,Active,2023-06-29T14:59:06
1100,Lowe-Edwards,Aaron Brady,smcdonald@key-martin.com,(518)332-4304x494,Active,2021-10-10T20:27:10
1101,"Phillips, Cooper and Jordan",Evan White,laura93@hall.biz,338-506-7718x353,Active,2022-12-29T23:33:04
1102,"Watson, Sanchez and Valencia",Mary Espinoza,michael43@alexander-mooney.biz,+1-629-507-2726,Inactive,2025-06-23T20:31:49
1103,Anderson-Giles,Jennifer Franklin,tleon@smith.com,421.517.6896,Inactive,2025-02-20T09:16:21
1104,"James, Cooper and Hines",Curtis Delgado,christopher61@gonzalez.com,502-483-7363x47163,Active,2023-12-01T17:39:14
1105,Harrison-Braun,Jamie Jackson,joelbaker@clark-miller.com,802-963-8712x71766,Active,2021-03-07T05:10:53
1106,Marsh PLC,Timothy Mann,xjones@conrad.info,001-668-303-4360,Active,2021-12-27T22:10:06
1107,Potts Ltd,Jennifer Cox,aherrera@ruiz.com,291.267.7874,Active,2023-10-01T20:17:22
1108,James Group,Julian Proctor,rmccoy@clark.net,(311)502-5557x51244,Inactive,2025-04-14T08:33:32
1109,Young Ltd,Tracy Mack,kelsey42@arnold.com,601.463.5239x6662,Active,2024-04-26T13:47:53
1110,Clark-Patel,William Walters,zoe63@jennings.com,3666471833,Active,2021-05-12T19:59:56
1111,Wagner-Anderson,Rachel Abbott,petersbrandon@todd-bryant.com,+1-488-413-9139x4008,Inactive,2022-12-11T18:44:45
1112,Wood-Jackson,Maria Wallace,harperterri@edwards-lee.com,001-792-634-8332,Active,2021-09-22T13:15:31
1113,Ayers-Miles,Carla Morris,robert56@brown-martinez.com,+1-900-322-5540x47499,Active,2021-04-11T19:32:19
1114,"Valencia, Goodman and Nguyen",Jessica White,taylorbethany@taylor.com,233-814-9683,Active,2023-03-15T03:53:53
1115,Mcgrath LLC,Brian Sullivan,katie96@richard-campbell.com,678-944-8195,Inactive,2024-05-04T00:13:50
1116,Robinson-May,John Valenzuela,gyoder@lee.biz,001-837-454-3520x872,Inactive,2025-03-05T12:47:38
1117,Garcia and Sons,Melinda Hopkins,xmitchell@ward-bridges.org,+1-882-404-0913x780,Active,2023-10-14T06:21:34
1118,"Duran, Jones and Perez",Misty Gonzalez,mary12@diaz-castillo.info,(346)436-0658,Active,2025-04-15T04:48:54
1119,"Bowman, Taylor and Green",Barbara Hughes,martinezryan@williams-cox.com,+1-819-977-5152x58704,Active,2025-02-27T03:00:27
1120,"Vargas, Wilcox and Chandler",Raymond Roberts,briantucker@leonard-jennings.com,962.251.6309x72916,Inactive,2023-10-09T21:29:02
1121,"Smith, Marsh and Rodriguez",Lauren Davis,cbarnes@rios.com,408-347-1763,Active,2022-09-09T19:49:47
1122,"Cortez, Bennett and Hardy",Laurie Green,reynoldswilliam@campbell.org,+1-891-336-9996x22564,Active,2022-10-18T08:59:53
1123,Miller-Melton,Cathy Horn,fdaniels@brown.info,679.482.4385x4990,Active,2025-05-07T05:35:40
1124,"Weber, Grant and Edwards",Joel Hammond,ssmith@hebert-sosa.org,(809)749-2822x282,Active,2021-03-12T05:41:25
1125,Wright-Bishop,Anna Lucas,kevin55@ross.com,519.465.8698x105,Active,2023-09-18T22:17:29
1126,Michael and Sons,Miranda Reed,patricia22@sweeney.com,497.471.6588x590,Inactive,2024-06-08T13:30:33
1127,Davis-Bonilla,Kara Wright,yuvictoria@johnson-smith.net,+1-655-501-0949x5244,Inactive,2025-03-27T15:24:33
1128,"Potter, Yates and Dixon",Mrs. Deanna Callahan DVM,kellypatel@pittman.com,(261)810-1965x089,Active,2020-11-08T01:24:10
1129,"Meyer, Kirby and Tucker",Amanda Roberts,bruceearl@johnson-vaughn.com,+1-402-299-9234x324,Active,2025-04-23T02:20:46
1130,Wilson and Sons,Jose Hill,owensryan@strickland.com,614-848-9417x384,Active,2021-04-19T05:33:13
1131,Pope-Williams,Patricia Patel,michael25@thompson.org,934-668-6016x00988,Inactive,2023-03-19T19:15:24
1132,"Bell, Johnson and Thompson",Cindy Carr,davisrebecca@nielsen-colon.com,257-376-2003x46024,Active,2022-01-03T00:58:51
1133,Harrell-Farley,Jason Allen,greeremma@baker-brown.com,+1-338-937-0410x90977,Inactive,2021-08-09T16:24:07
1134,Johnson Ltd,Jeffrey Sanchez,edwardpowell@luna-rodriguez.com,218.406.7074,Active,2023-09-11T18:09:18
1135,"Martinez, Martinez and Scott",Wesley Lopez,cyoung@elliott.com,+1-932-282-7545x066,Active,2024-07-24T04:12:05
1136,"Carey, Taylor and Davis",Annette Pena,ndavis@sawyer-rodriguez.net,705-633-1894x418,Active,2021-10-15T03:43:25
1137,Sparks Inc,Stephanie Bradford,danielmartinez@wall-cox.com,001-671-960-0284x7612,Inactive,2024-07-06T00:28:43
1138,Garcia LLC,Janice Paul,khamilton@king.com,001-465-617-9539x11911,Active,2022-05-10T18:45:23
1139,"Blevins, Ford and Johnson",Anne Erickson,michaelnichols@rivas.com,670-300-9587,Active,2025-09-04T21:17:02
1140,"Coffey, Craig and Cunningham",Darius Trujillo,scott13@heath.biz,788-383-4894x46753,Active,2023-10-17T19:29:05
1141,Garcia-Flynn,Michael Marshall,dvalenzuela@davis.biz,001-591-760-5303,Active,2025-03-09T04:03:58
1142,Wheeler and Sons,Dr. Katelyn Rodriguez,joshuaanderson@johnson-richmond.com,001-674-362-5628x6709,Active,2023-12-11T09:17:51
1143,"Navarro, Hahn and Ramsey",Joseph Snow,jcook@andrews.biz,2498148824,Active,2021-01-27T03:06:58
1144,Fowler Ltd,Michael Moore,amanda05@gould.org,3323726926,Active,2022-04-15T20:32:20
1145,Smith PLC,Julian White,melindalandry@morgan.biz,893.771.1341x20231,Active,2022-05-01T01:17:19
1146,"Gonzalez, Wolfe and Kennedy",Donna Edwards,frankmoore@myers-drake.com,400.441.5087,Inactive,2023-03-22T01:06:48
1147,Gomez Group,Kimberly Hubbard,thomascooper@lloyd-harris.info,(826)743-9844x914,Active,2021-05-14T17:38:34
1148,Raymond Inc,Brian Burke,jose24@elliott.biz,001-660-285-5829x9967,Active,2024-02-21T01:19:25
1149,"Willis, Horton and Hurley",William Hernandez,caitlin21@fuller.org,936.463.4309,Inactive,2020-12-20T10:19:22
1150,Anderson Inc,Steve Hartman,vberry@robinson.biz,850.591.3688x9212,Active,2025-01-22T00:35:38
1151,Barker Ltd,Erika Washington,brooke58@bailey.com,4468363081,Inactive,2022-08-18T22:59:07
1152,"Jackson, Brown and Johnson",Jeremy Gordon,hamptondiane@joyce-snyder.com,(809)788-1980x4885,Inactive,2025-02-07T09:00:25
1153,Tapia-Downs,Michael Griffin,jacobstammy@ellis-lozano.com,+1-471-459-6658x275,Inactive,2025-03-19T23:10:45
1154,"Webster, Forbes and Barnes",Joyce Rodriguez,brobinson@rodriguez-williams.com,+1-791-828-2128x8860,Active,2025-10-02T11:11:20
1155,Porter-Williams,Joshua Byrd,awalker@mercer.com,+1-319-263-0020x86822,Inactive,2025-10-05T12:49:00
1156,Dickerson Group,Brittany Sherman,brandibartlett@phillips-smith.com,(784)884-1596,Active,2024-05-28T17:37:14
1157,Cunningham Ltd,Mary Murphy,michaelfoster@wise.info,(237)478-5063x48336,Active,2024-10-09T08:44:59
1158,"Stone, Wheeler and Le",Rodney Kim,emorales@price.com,+1-823-471-6590x8419,Inactive,2025-09-29T02:27:13
1159,"Shaw, Beck and Munoz",Aaron Allen,brentfry@rodriguez-martinez.com,(210)576-8154,Inactive,2020-12-27T17:21:43
1160,Garza Ltd,Carlos Dixon,timsantos@mckee.net,617-445-0537x6349,Inactive,2022-04-16T07:16:15
1161,Collins Group,Kimberly Rice,gonzalezmelissa@howe.com,563.718.6222x146,Inactive,2021-03-04T00:36:36
1162,Cook-Friedman,Maria Parker,zacharyhubbard@mcdonald.com,+1-673-360-5073x944,Active,2021-08-09T09:15:11
1163,Williams LLC,Jason Nielsen,ssantiago@mason.net,790-887-8224,Active,2023-06-19T23:05:40
1164,Williams LLC,Amanda Rollins,sreyes@jones-rivera.com,2937977213,Active,2021-06-10T12:48:11
1165,Hill Group,Frederick Gallagher,harriskevin@contreras.com,+1-463-568-2864x715,Active,2021-09-11T20:52:41
1166,Mccann Group,Grant Brown,youngkathy@frye-harper.net,304-248-4636x984,Inactive,2022-05-14T01:45:16
1167,Freeman Group,Robert West,huntervicki@miranda.com,001-464-600-1718,Inactive,2024-05-06T01:18:35
1168,Nguyen-Herrera,Anthony Brooks,rharris@peterson.com,(284)571-0714x47650,Active,2021-01-25T07:32:09
1169,Boyd-Garcia,Karen Wheeler,kirsten32@wagner.biz,412-686-9760x4498,Active,2020-12-31T11:47:07
1170,Park-Reynolds,Dennis Short,sarahaguilar@wu-dean.com,+1-352-790-7780x387,Inactive,2025-02-10T18:44:52
1171,"Chavez, Ortiz and Thomas",Emily Lynn,smithmichael@allison.info,001-291-415-2553x51253,Active,2023-01-26T12:03:49
1172,Atkins-Floyd,Diane Shaw,xbraun@brown.com,837.251.6211x37662,Active,2024-10-23T11:27:00
1173,Watkins LLC,Adam Lee,tbarrett@zavala-norton.com,001-652-552-1736x5487,Active,2022-01-11T03:57:47
1174,Krause Inc,Jason Sharp,deborahacosta@flores-sullivan.com,214-248-6339x491,Inactive,2025-04-06T09:10:46
1175,Miles Inc,Melissa Newman,millernicholas@foley.biz,680.352.1458,Inactive,2025-02-05T21:08:53
1176,Stewart Group,Matthew Ross,ahodge@brown-reynolds.org,226.584.7364,Active,2024-12-02T04:09:56
1177,"Chavez, Boone and Smith",Sandra Robinson,clarkstephanie@ross-graham.biz,600.640.2062x048,Active,2021-07-02T13:51:53
1178,"Bautista, Henderson and Rogers",Lori Garner,gonzaleshenry@ramos.net,(585)634-3449x258,Inactive,2024-08-19T22:09:05
1179,Anderson-Juarez,Cole Smith,hsloan@paul.org,+1-716-858-2148x4955,Active,2024-01-12T00:24:14
1180,"Colon, Perry and Coleman",Sarah Howard DVM,barbara86@francis-smith.com,001-302-947-4593,Inactive,2022-12-02T08:29:50
1181,Middleton Ltd,Kristina Hamilton,nherring@vincent.com,6227548284,Inactive,2021-05-01T02:39:32
1182,"King, Logan and Humphrey",Joseph Carlson,andrewdavis@rubio.com,5964620006,Active,2025-10-01T00:18:08
1183,"Proctor, Garcia and Davis",Angela Dunn MD,wblack@williams.com,001-386-402-8068x6078,Inactive,2024-08-12T14:46:13
1184,Johnson-Harris,Richard Duncan,danalopez@farmer-brown.com,(373)836-1706,Active,2020-12-06T00:04:06
1185,Smith PLC,Laura Sanchez,qmcclure@cole.org,+1-725-532-7022,Inactive,2022-03-22T17:37:20
1186,Erickson-Torres,Kimberly Jennings,cynthiakirby@haas.com,773.812.0743,Inactive,2022-01-18T07:18:04
1187,"Bailey, Stevens and Wolf",Willie Bauer DVM,jennifer64@crawford.com,816-816-6561x30120,Active,2023-05-09T20:17:33
1188,Sheppard-Malone,Darren Raymond,amanda37@black.com,001-731-906-6929x9954,Active,2024-09-15T17:23:31
1189,Martinez PLC,Gabriela Cain,calvin60@harris.com,579.770.7061,Active,2024-05-09T06:15:00
1190,"Hamilton, Adams and Benitez",James Patrick,jamesmiddleton@singh.com,558-701-5222,Active,2023-09-26T22:54:22
1191,"Durham, Ellis and Phillips",Natalie Robinson,josephroberson@boone-blackburn.info,6109629084,Inactive,2024-07-16T03:02:15
1192,Murray and Sons,Dustin Wright,yorkrebecca@allison.com,+1-229-368-8220x02441,Inactive,2023-06-06T03:51:09
1193,Jensen-Kaufman,Jill Patterson,victor17@miller-miller.com,+1-721-212-2811x2835,Active,2025-10-12T09:54:34
1194,"Bean, Kelly and Nunez",Travis Moore,martinkeith@sanders.net,(253)444-5992x4272,Inactive,2022-01-01T00:02:00
1195,Evans Group,Jeffrey Andrade,moorecarrie@wheeler-white.com,001-697-593-5746,Inactive,2023-07-15T19:23:34
1196,Schneider Ltd,Erica Carey,mthompson@hall.com,2908589017,Inactive,2022-06-13T08:53:41
1197,Gray Inc,Vincent Johnson,davidgarcia@anderson-moore.com,845-444-3482,Active,2025-03-24T19:48:35
1198,Richmond Inc,Glenn Wright,janet28@moore.com,(396)585-1601,Active,2021-08-14T19:09:33
1199,Acevedo PLC,Kristina Diaz,ischroeder@mack.org,4879108018,Inactive,2023-01-28T02:01:50
1200,Mullen-Hoffman,Amanda Lee,nicholas51@arroyo-barnes.net,(277)721-9911x103,Inactive,2024-05-29T04:47:50
1201,Moore-Yu,Ronnie Brown,wellsmary@rice.info,6146805356,Active,2023-11-02T06:14:05
1202,Campbell LLC,Loretta Joyce,cooperrobert@graves.biz,001-843-608-7763x9642,Inactive,2021-05-12T01:24:31
1203,"Solis, Hunt and Morris",Raymond Hatfield,johnsonmatthew@wilson.com,+1-958-554-4028x084,Active,2024-04-20T00:08:43
1204,Gutierrez PLC,Angel Turner,ugreen@choi.biz,+1-270-722-7530,Active,2021-11-02T16:11:12
1205,"Orozco, Santiago and Edwards",Christopher Price,teresafarmer@rios.com,(747)422-7135x960,Inactive,2021-09-28T12:01:17
1206,Morgan-Collins,Alexandra Salazar,erin26@stokes.org,3462741714,Active,2024-01-13T08:34:47
1207,Hampton LLC,Heather Santos,lflores@reyes.com,+1-901-713-5632x77665,Inactive,2021-06-09T22:10:21
1208,Johnson-Dunn,Christopher Monroe,arobinson@martinez.net,(340)862-2564x24237,Inactive,2022-01-21T09:33:46
1209,Wilcox-Robinson,Chad Huang,vhenderson@vasquez-ramirez.com,+1-355-508-0092x00488,Inactive,2024-07-07T08:48:08
1210,Moore Group,Susan Meyer,jeffreyramirez@fisher.net,+1-599-211-1676x887,Active,2023-11-12T16:23:06
1211,"Smith, Roy and Fitzgerald",William Washington,elizabethmendez@henry.info,982.957.8308,Active,2024-06-17T00:39:36
1212,Clark-Hutchinson,Thomas Mitchell,anthony79@fernandez-allen.com,877-392-6122x80034,Inactive,2021-11-10T09:44:01
1213,Silva-Morgan,Mercedes Evans,mkelly@deleon.org,343.673.9433x4586,Active,2023-01-04T17:41:30
1214,Sanchez-James,Kelli Hale,ijones@salazar.net,(363)421-0467x31491,Inactive,2022-03-22T08:41:01
1215,Green-Chang,David Miller,melaniechavez@harrison.net,+1-355-589-7127x0982,Active,2020-11-04T04:05:08
1216,West-Wheeler,Logan Morales MD,marciabridges@nguyen.org,444.858.0345x38052,Active,2021-03-19T06:53:36
1217,Miller PLC,Randy Bailey,clarkkatie@quinn-powell.com,968-695-8951,Inactive,2022-06-08T19:16:36
1218,"Macdonald, Brown and Watkins",Leslie Carney,johnsonvalerie@sullivan.com,001-615-433-9216x1506,Inactive,2021-02-16T13:01:35
1219,Schroeder-Bell,Tanya Mercer,hoffmanrichard@rodriguez.com,980.969.6024x3721,Inactive,2024-07-16T10:32:02
1220,"Clark, Diaz and Cole",Micheal Jones,stevenwilkins@smith.com,+1-576-269-7723x0973,Inactive,2021-10-24T11:10:58
1221,Mitchell LLC,Jonathan Fletcher,scottrichmond@carter.net,+1-864-781-2563x8839,Active,2025-10-16T10:48:42
1222,Henderson PLC,Alec Mendoza,edwardclark@lopez.net,964-955-0281x21443,Inactive,2024-12-08T19:39:48
1223,"Williams, Murphy and Stanton",Hannah Jordan,hannahallen@goodman.com,674-490-2754x95803,Active,2022-05-31T06:53:50
1224,Parrish LLC,Wayne Patterson,eric13@heath.com,894-808-4058x8159,Active,2025-04-17T22:27:19
1225,Harmon PLC,William Smith,edwardhammond@wheeler-jackson.com,(701)566-5948x1431,Inactive,2023-05-01T20:06:03
1226,Kennedy Ltd,Matthew Brown MD,marychoi@burton.net,2917455579,Active,2021-08-04T20:33:44
1227,Kennedy Inc,Caitlin Kelly,jilljoseph@jacobson.com,+1-459-930-1139x7241,Active,2021-11-24T00:00:31
1228,Reeves-Brown,Alexandra Grant,romerolarry@wolf.com,217.744.5462x211,Active,2025-05-23T21:29:52
1229,"Wilcox, Wright and Rocha",Dana Lin,jason09@bennett.info,343-255-5651x3408,Active,2024-06-20T21:36:06
1230,"Walker, Hunter and Stevens",Tony French,christopher94@jones.net,392.568.7123,Active,2024-04-03T21:09:43
1231,Contreras-Santana,James Bruce,pthompson@franco.com,922.933.6554,Active,2021-10-15T09:02:30
1232,Keith PLC,Anthony Rasmussen,douglasbaker@michael.biz,+1-263-438-5723x89458,Inactive,2024-08-14T15:49:58
1233,Gray-Williams,Carolyn Rogers,richard30@fields.com,969-971-8332x7380,Inactive,2022-06-26T19:58:17
1234,"Sims, Tucker and Garrison",Kevin Lamb,alex37@jackson.com,(423)917-6020x503,Active,2022-08-25T10:07:05
1235,"Stafford, Miller and Mcdonald",Linda Gonzales,xwilson@tucker.com,813-938-5647x710,Active,2024-04-25T16:22:09
1236,"Goodwin, Davis and Richard",John Hernandez,davidwilson@woods.com,5898518785,Active,2022-06-07T11:29:48
1237,Johnson-Elliott,Charles Hudson,kristenhernandez@wong.com,(360)456-6804,Active,2021-12-06T09:08:23
1238,Monroe-Johnson,Tommy Martin,adam32@turner.net,(563)801-3694x76884,Inactive,2021-08-31T07:56:24
1239,Garcia Ltd,Zachary Williams,umaldonado@wright.net,+1-409-878-6938x78592,Inactive,2025-02-23T17:10:52
1240,Barrera-Santos,Jonathan Jones,austinbrown@garza-larson.com,207.871.4320x661,Active,2021-03-15T21:29:06
1241,Moore and Sons,Amy Johnson,savannah58@wyatt.net,7262734242,Active,2021-11-01T10:43:04
1242,Rocha-Larsen,Patrick Horton,novakmarcus@schultz.com,+1-403-500-1472x386,Inactive,2021-12-02T08:21:00
1243,"Stark, Gilbert and Larson",James Landry,keith20@fuller.org,659-815-3908x273,Active,2024-12-23T09:16:13
1244,Rodriguez-Pratt,Peter Young,tsmith@mcgee-bennett.org,(497)460-8768,Active,2022-06-25T18:33:15
1245,"Foley, Blevins and Schwartz",Jennifer Rogers,davidking@brady.com,387.985.4161x221,Active,2025-07-27T03:12:39
1246,Rios-Richards,Adam Guerra,douglas40@murphy.info,001-984-515-7100,Inactive,2023-08-22T10:43:30
1247,Kelly Group,Michelle Lopez,cameronfreeman@arnold-green.com,560-720-6205x9636,Active,2025-10-28T05:28:23
1248,Hammond Group,Michael Hartman,whitebrooke@thomas.com,+1-851-784-3437x176,Active,2022-01-07T20:30:54
1249,"Smith, Taylor and Cohen",Brandon Knapp,cynthia10@freeman.com,+1-276-419-0503x2686,Inactive,2023-12-18T10:26:44
1250,Thomas Inc,Amanda Hanson,jeffreydavis@nelson.net,340-735-5275,Inactive,2023-03-21T01:35:12
1251,Davis PLC,James Hopkins,wwarren@castaneda-rodriguez.com,970-877-1115x8727,Active,2025-06-03T17:36:27
1252,Miller-Cooper,Dawn Fritz DDS,clarkamanda@mccoy.info,526.673.6323x240,Active,2021-07-28T01:18:47
1253,Morrison and Sons,Jasmine Chen,tristangonzalez@perez.com,845-856-1238x2918,Active,2021-11-03T07:45:05
1254,"Johnson, Richards and Reeves",Lisa Frey,markgross@johnson-juarez.com,001-921-844-1417x505,Inactive,2022-12-09T20:27:56
1255,Robbins LLC,Mr. Bryan Vega,christine21@meyer-carrillo.biz,736.701.7304,Inactive,2021-01-01T03:32:35
1256,Travis-Jones,Nicholas Warner,hollandjason@martin.com,4807450734,Active,2024-09-06T17:52:28
1257,Stokes Group,Todd Ashley,alexis70@jimenez.biz,001-766-633-7903x56851,Active,2022-01-04T05:06:29
1258,Harmon Inc,Ronnie Kemp,levi98@payne.com,+1-392-538-3311x2993,Active,2024-08-13T14:14:52
1259,Lambert-Garcia,Kurt Hill,james96@carey-clark.biz,+1-728-255-4748x20467,Inactive,2023-01-30T07:27:47
1260,Robinson-Anderson,Jamie Johnson,keithtaylor@turner-patel.biz,+1-265-938-6809,Inactive,2025-02-04T23:44:01
1261,Sanders Ltd,Ronald Zamora,charlespeterson@rangel.com,3464791650,Inactive,2024-03-28T22:54:55
1262,Garcia Group,Michele Kirk,tadams@johnson.com,001-993-631-8821,Inactive,2022-09-28T22:54:09
1263,Walton LLC,Joshua Mann,milleramy@williams-fuentes.biz,741.642.2573x7903,Inactive,2021-01-26T06:22:01
1264,"Bishop, Hernandez and Guerra",Erica Murphy,skennedy@wright.com,+1-443-698-7068x434,Inactive,2021-07-25T00:23:54
1265,Foster-Haynes,James Mcknight PhD,victorialambert@montoya.biz,554.374.4813x110,Inactive,2024-11-05T04:32:50
1266,Zuniga PLC,Mr. Trevor Freeman,lsteele@maynard.com,2036111661,Active,2025-05-24T10:18:59
1267,Quinn-Smith,Carolyn Graham PhD,nielsenleslie@randall-bell.com,727-830-0675x63668,Inactive,2025-05-18T08:30:23
1268,"Kelley, Parker and Solomon",Sarah Campbell,mariaramirez@barnett.com,438-446-2767x1150,Active,2022-06-04T04:32:50
1269,Wilson PLC,Leslie Thompson,williamselizabeth@grant-dominguez.com,600.948.9609x2092,Active,2021-07-19T22:44:46
1270,Johnson Ltd,Connor Mcgrath,trobinson@medina.com,001-637-737-6288x783,Inactive,2025-05-02T04:02:34
1271,"Ramirez, Maynard and Young",Danielle Simpson,ncohen@hurst.com,+1-527-255-9470x473,Active,2025-02-07T07:42:49
1272,"Webb, Lee and Bartlett",Traci Jackson,evansbrett@rivera-mccarthy.info,(467)991-5918x2201,Inactive,2023-05-19T07:47:56
1273,Blake and Sons,Jacqueline Pierce,david61@hudson.com,203-490-8295x43261,Inactive,2023-07-08T09:37:00
1274,"Gordon, Williams and Johnson",Elizabeth Crane,bakervalerie@olsen.com,834-746-2200,Active,2021-10-17T06:03:18
1275,Smith-Davis,Rebecca Rogers,heatherjones@solis-smith.org,+1-745-291-2763x088,Inactive,2021-12-28T10:19:32
1276,"Franklin, Robbins and Freeman",Kelsey Shaffer,jameshughes@bruce-howard.com,860-572-7487x97387,Active,2021-03-04T08:46:33
1277,"Herrera, Hughes and Nielsen",Thomas Valdez,moneill@williams.net,3336475979,Active,2024-11-24T17:28:07
1278,Dixon LLC,Benjamin Williams,johncuevas@morgan.biz,(289)489-5797x3432,Active,2025-07-05T21:36:51
1279,Richardson LLC,Barbara Smith,hpratt@newton-johnson.com,648-968-7932x2176,Inactive,2024-02-06T10:13:09
1280,Patel Group,Steven Lutz,stokeslarry@mcmahon.biz,273.886.8307x40661,Active,2020-12-04T05:50:26
1281,Hawkins-Solis,Patricia Barr,fwilliams@morris-miranda.com,750-840-7631,Active,2023-09-08T06:47:24
1282,"Kelley, Bates and Ellis",Jessica Conway,jeffrey05@hughes.com,(425)886-8423x70825,Active,2024-06-12T15:33:59
1283,Perez-Crawford,Megan Russell,edwardkennedy@ward.info,8993609552,Active,2022-03-19T08:03:53
1284,Thompson Ltd,Alicia Ball,melody59@ashley-boyer.com,682.301.2013x738,Active,2023-07-20T13:48:29
1285,Green-Miles,Robert Davis,elizabeth50@gomez.com,8182919612,Inactive,2022-09-19T00:07:28
1286,Fisher-Smith,Douglas White,mahoneytina@shepherd.com,(992)628-5964x7381,Inactive,2025-09-12T21:53:39
1287,"Schaefer, Davenport and Martinez",Robyn Torres,yorkshelby@miller.com,(305)305-2111x8634,Inactive,2022-03-04T02:32:23
1288,"Taylor, May and Jefferson",Jennifer Phelps,chadandrade@walker-watson.org,987.883.0092,Inactive,2024-09-11T07:45:50
1289,Jones-Rogers,Jane White,adrianrice@sanders.com,7477759803,Inactive,2024-06-03T06:14:32
1290,"Ball, Nichols and Molina",Matthew Mcbride,lisa95@rollins.com,+1-588-622-9071x800,Active,2022-05-25T16:11:32
1291,"Parker, Harris and Green",Jason Cardenas,adam08@johnson-miller.com,(627)221-5891,Active,2024-11-30T05:07:17
1292,"White, Howard and Wang",Jordan Black,srodriguez@mckinney.biz,+1-761-306-7498x82068,Inactive,2023-12-05T16:07:33
1293,Chambers Inc,Barbara Francis,johnstonpatrick@sanders-fowler.com,+1-295-527-8786x90722,Inactive,2022-06-18T21:59:29
1294,"Thompson, Collins and Hall",Jordan Anderson,angelaho@hughes-lowery.info,+1-828-367-1398x2126,Inactive,2024-07-27T09:55:35
1295,"King, Monroe and Parker",Cory Johnston,lleon@rodriguez.com,001-694-707-8634,Inactive,2021-09-02T01:33:29
1296,Williams Group,Melissa Beasley,michael16@morgan.org,(538)289-0864,Active,2024-01-19T17:59:58
1297,"Nguyen, Johnson and Boyd",Miss Brittany Johnson,xmorgan@rogers-hanson.com,001-484-422-2849x96379,Active,2024-11-22T22:54:21
1298,Richard-Campbell,Stephen Hawkins,vlynch@miller-flowers.com,(258)463-5224x290,Inactive,2023-01-10T14:50:41
1299,Brewer Ltd,Rebecca Lopez,patrick45@spence.com,(688)979-7488,Inactive,2021-11-24T00:52:34
1300,"Hayes, Miranda and Turner",Miss Cindy Bradshaw DVM,kflores@craig-smith.com,001-482-806-7271x61810,Inactive,2023-04-02T07:45:56
1301,Riggs PLC,Keith Sandoval,lhall@wilson.com,3526636784,Active,2024-04-09T02:02:21
1302,Cohen-Hamilton,Julie Blackwell,amy71@lowe.org,422.645.6358x03086,Active,2023-11-14T17:41:52
1303,Mccormick Ltd,Colleen Hickman,robertduncan@harrington.net,001-222-499-2638x79509,Inactive,2022-01-05T09:51:42
1304,"Duncan, Jackson and Sanders",Colleen Henderson,george06@moreno.info,+1-333-465-6481x33803,Inactive,2023-11-05T15:29:08
1305,"Anderson, Ortega and Smith",Shannon Green,myerslarry@wyatt.com,(441)830-2924x13108,Inactive,2025-09-08T19:35:10
1306,Brown-Hamilton,Karen Jones,rwerner@wright.com,350-690-1279x7445,Inactive,2024-05-27T18:17:12
1307,Curry Inc,Angela Shannon,judith74@miller.com,8843347944,Inactive,2024-10-21T02:52:05
1308,"Larsen, Berger and Cook",Deanna Evans,qwilliams@farrell.info,635-641-2485,Inactive,2022-12-19T03:54:12
1309,Todd-Bender,Ruth Stewart,qblake@baker-johnson.com,001-512-714-8405x480,Inactive,2025-07-15T11:26:49
1310,"Lewis, Shaffer and Diaz",Scott Zimmerman,johnclark@jones.com,7567359851,Inactive,2023-02-23T01:10:48
1311,Shelton Inc,John Young,emmawood@jackson.com,+1-393-563-7533x387,Inactive,2023-07-02T22:07:53
1312,Munoz-Bell,James Williams,ryan67@thompson.com,824-576-4951,Active,2023-02-20T21:33:08
1313,"Gardner, Morris and Williams",Brad Vega,trevorjoseph@stark.com,2408223109,Inactive,2024-01-14T14:23:34
1314,Moreno-Ross,Raymond Howard,stephanie12@smith.com,3472812714,Inactive,2023-04-01T02:36:57
1315,Bishop-Moss,Ashley Moss,christine31@cohen.com,203.444.3283x69234,Active,2022-02-09T11:28:02
1316,Forbes-Nichols,Joshua Oliver,elizabeth21@brady.net,279.775.1178,Active,2025-04-19T15:42:33
1317,Smith Group,Elizabeth Fisher,kelly35@wright-garza.com,271.367.8500,Active,2022-10-03T02:36:45
1318,Taylor-Mckee,Jennifer Brown,garrettgrant@robbins-taylor.net,001-841-775-6843x0307,Inactive,2021-03-10T03:20:35
1319,"Johnston, Garcia and Cherry",Paula Ramirez,donald63@johnson.org,(447)316-0719x90398,Inactive,2021-03-16T09:10:39
1320,"Jones, Reyes and Rodriguez",Nicholas Sanchez,bryansmith@wyatt.com,336-778-6452,Inactive,2025-03-06T06:45:53
1321,Fox-Macias,Monica Rhodes,felicia94@copeland-baker.com,(521)731-2750x683,Inactive,2022-09-02T15:41:32
1322,"White, Obrien and Clark",Don Rogers,laura28@crosby.com,+1-831-673-9728x691,Inactive,2024-05-04T04:57:13
1323,Wade-Mcclain,Christina Parsons,richardmeyers@bennett.com,(574)336-3948,Active,2025-05-25T21:43:40
1324,Sanders LLC,Kristine Howard,christianfrederick@edwards-lopez.com,530.843.0757x99958,Inactive,2022-08-16T23:23:55
1325,Brooks Group,James Vasquez DDS,jeffdavis@powell.com,001-260-861-0758x11348,Inactive,2023-10-26T14:07:02
1326,Weaver PLC,Jonathan Chase,elizabeth38@payne.com,(377)602-9017x979,Inactive,2022-08-31T17:46:28
1327,Murphy-Robinson,Juan Perkins,erinkaufman@wilcox.com,+1-770-978-6294,Inactive,2025-10-31T15:09:44
1328,Johnson and Sons,Amanda Skinner,englishpatrick@chen.com,763.702.1641,Inactive,2023-02-12T13:46:02
1329,Reese Group,Robert Riley,grantsonya@gates.com,961-736-8810,Active,2020-11-30T22:23:42
1330,Jones PLC,Ashlee Johnson,allensmith@brady-banks.info,001-293-978-7722,Inactive,2024-02-24T07:06:03
1331,Meyer-Buck,William Willis,williamsadam@swanson-webb.com,001-475-257-9949,Inactive,2022-05-28T11:24:33
1332,"Ross, Velazquez and Johnson",Karen Lucas,katherinejones@phillips.biz,+1-471-446-1172x441,Inactive,2024-03-09T06:07:27
1333,Medina-Sanders,Jonathan Welch,christopherwilliams@peterson.com,001-673-468-0969x97731,Active,2024-04-12T03:54:54
1334,"Martin, Simmons and Newman",Yvonne Fuller,cdaniels@gregory-prince.com,(930)397-1739x01145,Active,2022-06-15T12:38:02
1335,"Miller, Dennis and Saunders",Lynn Jones,ggray@lopez.com,(353)229-5074,Active,2023-10-23T20:57:36
1336,Faulkner Inc,Angela Jefferson,losborn@reese-reynolds.com,+1-790-966-2726x02034,Active,2021-01-07T06:55:21
1337,"Johnson, Wang and Willis",Daniel Miller,staceyellis@craig-rogers.com,564-924-4091,Active,2025-09-13T15:06:05
1338,"Ochoa, Jones and Bell",Edgar Floyd,michael48@meadows.com,+1-644-299-3232,Inactive,2023-06-09T23:10:42
1339,Thompson PLC,Joshua Woods,cquinn@taylor.org,001-398-278-3115,Inactive,2022-07-18T09:34:16
1340,Reyes LLC,Deborah Garza,xday@massey.org,256-919-7831,Active,2024-07-12T23:23:52
1341,Baxter-Herring,Maria Tran,jacksonchad@johnson.com,868-761-7879x703,Inactive,2023-07-26T15:47:12
1342,Daniel Group,Janice Mccarty,thompsonlori@david.com,001-477-581-9274,Active,2024-02-26T03:26:54
1343,Hill Inc,Steven Schmidt,elizabethgraham@todd.net,754-558-2281,Active,2022-08-22T22:04:15
1344,Ramirez-Mccoy,Judy Ferguson,robert46@jenkins.org,(513)882-9077x30373,Active,2022-05-07T12:49:11
1345,"Kerr, Graham and Hernandez",Carol Dunlap,jeff74@briggs.com,001-532-916-5990,Inactive,2021-04-09T04:23:05
1346,White Inc,Christopher Woods,stevenwilliams@rodriguez.org,804-400-9673x38309,Active,2020-11-22T15:24:25
1347,Bryant-Moore,Andrew Hancock,usantos@meyer.com,001-346-267-3670,Inactive,2021-01-17T14:02:10
1348,Chavez Inc,Stephen Salazar,vmorrison@fisher.com,881.310.0322x19748,Active,2022-03-23T17:12:36
1349,Woodward Group,Veronica Austin,hmurphy@williams-nelson.com,395.694.2639x459,Active,2022-03-15T20:35:46
1350,Rodriguez Inc,Adrienne Porter,smithalexandria@jones.net,001-287-706-6277,Inactive,2025-03-15T01:37:43
1351,Thomas Inc,Raymond Henderson,briannasmith@smith.com,+1-566-508-8411x50423,Inactive,2024-07-22T20:14:23
1352,Berg-Rich,Mike Wheeler,mullinstravis@kennedy.com,768.257.9865x7532,Inactive,2022-12-23T20:25:22
1353,"Cherry, Mullen and Cantrell",Thomas Reeves,hlopez@little.com,612-466-8894,Active,2021-08-18T21:24:22
1354,"Torres, Turner and Ayers",Tiffany Rodriguez,sean88@estrada.org,(590)549-8373x676,Inactive,2021-06-26T09:33:11
1355,Pierce Group,Gabriel Vincent,blairjessica@harper.com,230-691-4357,Active,2022-10-13T20:45:22
1356,Diaz-Jones,Danielle Ford,lesliejenkins@santos-ferrell.info,+1-220-755-9173x9652,Active,2022-06-08T09:44:51
1357,"Vaughan, Ellis and Perez",Jeremy Olson,mjohnson@kramer.com,477-479-4804x1018,Inactive,2022-09-26T20:13:46
1358,Jones-Faulkner,Amy Guerrero,haley54@walker.com,(857)641-9592x5818,Active,2023-12-20T20:34:30
1359,"Brown, Taylor and Reynolds",Cindy Murphy,denisebranch@hanna.com,+1-964-539-0625x129,Inactive,2022-02-12T17:46:05
1360,"Holland, Howell and Wagner",Kimberly Beltran,kathrynconley@marshall-hall.net,385.884.6939x7584,Inactive,2025-05-26T03:58:51
1361,"Peterson, Barrera and Ford",Wendy Weaver,dmartin@mason-price.com,001-964-670-1861x91892,Active,2022-04-23T10:47:01
1362,Thompson Ltd,Christine Neal,rodriguezlindsey@guerrero.com,(351)513-5451x3429,Inactive,2021-07-20T10:59:54
1363,Hughes-Wright,Ethan Hall,michellehernandez@ramirez.com,209-429-0245x6704,Inactive,2021-01-06T09:37:23
1364,Bell-Richardson,Kyle Robertson,andrewsharp@gonzalez.net,227-622-6809x639,Inactive,2020-12-11T12:26:15
1365,"Hernandez, Zhang and Sellers",Maria Conley,melissagalvan@anderson-holmes.com,730.418.9788,Active,2022-02-11T11:27:26
1366,Miller-Owens,Anthony Norton MD,kimberly87@hoffman.com,001-816-872-1442,Active,2021-09-04T14:31:42
1367,"Lewis, Ibarra and Smith",Jason Steele,rhenry@craig.com,622-653-3475,Active,2025-07-21T12:47:44
1368,"James, Hansen and Horton",Sherry Tran,johnanderson@hogan.net,5137165877,Active,2025-02-11T07:12:48
1369,Wagner-Kelly,Denise Chavez,denise13@turner-parrish.org,(902)796-5975,Active,2023-01-28T16:17:44
1370,"Steele, Johnson and Walsh",James Stewart,sean02@freeman.net,+1-431-765-0188,Active,2024-11-26T16:09:44
1371,"Ramirez, Pineda and Gibson",Paige Gilbert,wgarcia@glenn.biz,211.406.7391,Active,2024-04-05T08:27:04
1372,"Fuller, Potter and Brown",Stephanie Green,vrichardson@quinn-walker.net,8874599579,Inactive,2022-12-07T06:14:49
1373,"Johnston, Mcconnell and Mendez",Phyllis Cook,lewisnicholas@brooks-anderson.info,+1-966-928-7131,Active,2023-08-23T01:31:00
1374,"Hunt, Rivers and Hall",Cheyenne Ross,william11@colon.com,236-395-0162,Active,2024-11-09T00:12:43
1375,"Moreno, Patel and Stanley",Doris Wright,robinsonlaura@brooks.com,001-342-679-5915x7028,Active,2022-10-04T16:36:49
1376,Randolph and Sons,Frank Davis,lgallagher@guerra-stevens.net,(921)499-6743x7603,Inactive,2023-05-14T22:59:13
1377,"Acosta, Houston and Brown",Bryan Estrada,fbond@lewis.net,725.353.5818x462,Inactive,2022-11-29T16:23:55
1378,Salazar-Hopkins,Mary Reed,davemcmahon@scott.org,565.902.8660,Active,2021-10-11T12:01:20
1379,"Mora, Garcia and Hamilton",Stephen Weiss,smithdeborah@smith-duffy.biz,874.831.8777,Active,2021-11-25T16:04:39
1380,"Gaines, Rivera and Morgan",Susan Young,millerrachel@hickman-avila.com,001-526-841-8191x915,Active,2024-09-21T06:59:58
1381,House-Moore,Kevin Turner,richardward@garcia.com,+1-589-946-8605x1974,Active,2022-08-09T10:10:34
1382,Bates Ltd,Tina Mcclain,mnelson@morgan-garcia.com,+1-312-997-1709,Active,2023-12-07T13:58:52
1383,"Rocha, Hardin and Walker",Rebecca Huff,robertconner@rowland.info,756.760.5084,Inactive,2021-07-26T19:31:02
1384,Shaw-Martin,Richard Frost,yshields@townsend-price.com,001-372-873-7705x66239,Active,2022-08-31T07:31:42
1385,"Woods, Williams and Obrien",Samantha Hale,heather92@higgins.biz,(548)869-7629,Active,2024-07-25T14:12:13
1386,"Foster, Parks and Hernandez",Anita Watkins,michaelkelley@newman.biz,+1-611-705-7829x9398,Active,2024-09-27T11:52:29
1387,"Hill, Williams and Cunningham",Michael Moran,sherri82@taylor.info,466.624.5641,Inactive,2022-02-24T06:57:39
1388,Howard Inc,Anthony Allen,melissa14@howard.com,(247)932-5687x7692,Active,2021-01-15T08:43:50
1389,Marshall Inc,Benjamin Thompson,qhicks@nelson.biz,522.332.6194x57085,Inactive,2023-05-27T12:04:15
1390,"Ward, Vega and King",John Cox,jimmyblake@sandoval.com,001-391-616-3618x02807,Inactive,2023-04-25T21:09:46
1391,Martinez-Williams,Mary Orozco,vmartinez@garcia.net,+1-231-939-3364x2716,Inactive,2021-01-11T18:17:41
1392,"Brooks, Ryan and Barnes",Gabrielle Everett,gabriellekirby@hernandez.com,001-551-462-1276,Active,2021-12-27T11:28:33
1393,"Rivas, Collier and Elliott",Elizabeth Watts,croberts@gomez.com,(921)383-2085x4598,Inactive,2023-12-14T18:19:08
1394,"Grant, Chandler and Miller",Cindy Collins,swansonbreanna@morris.com,455-247-6054,Active,2024-01-03T19:05:27
1395,"Nunez, Patton and Stone",Betty Nixon,uavery@atkinson.com,001-687-262-2905x9511,Inactive,2021-01-12T13:33:43
1396,Taylor Ltd,Jason Gonzalez,rebeccahodge@le-rodriguez.net,001-346-400-5541x816,Active,2023-12-13T16:59:07
1397,Jenkins PLC,Tammy Parker,wkelly@clarke-sanders.com,7404842301,Active,2024-02-12T10:42:56
1398,Butler-Wallace,Deborah Foster,bryantwilliam@rose-sanchez.net,2859857538,Active,2022-04-19T21:42:32
1399,Jones-Williams,Debbie Campbell,tara00@gomez.org,001-706-425-0640x1448,Inactive,2025-03-09T22:34:57
1400,"Morales, Smith and Oliver",Joseph Jones,dawn53@martin-benjamin.com,911-553-9847x769,Active,2021-08-19T04:38:51
1401,"Fuentes, Randall and Patton",Troy Ray,robertmills@hurst.com,378-432-5054,Active,2022-12-27T09:14:13
1402,Joseph LLC,Richard Marshall,brandon74@rasmussen-booker.com,444-623-1746x882,Inactive,2021-10-23T13:52:48
1403,"Lee, Yates and Nguyen",Matthew Johnson,david06@jones.net,671.434.6534,Inactive,2022-03-20T18:58:25
1404,"Irwin, Campbell and Shields",Holly Perez,dreynolds@juarez-serrano.com,915.397.4404,Inactive,2024-12-03T21:07:53
1405,"Owens, Miller and Mitchell",Jessica Schultz,ythompson@spencer.net,(897)334-4648x379,Active,2025-10-22T02:39:44
1406,"Payne, Barr and Clarke",Raven Chen,jamiegentry@harrington.com,001-804-753-7524,Inactive,2024-10-04T17:31:01
1407,Morris and Sons,William Kim,kathryn50@gonzalez.net,377.620.0897,Inactive,2022-09-26T05:36:11
1408,"Ramirez, Lawson and Frank",Scott Henry,james52@parker.biz,(779)292-6390x5483,Inactive,2021-03-21T02:01:26
1409,"Randolph, Smith and Douglas",Sarah Reilly,roseelizabeth@singh.info,001-982-377-8971x566,Inactive,2023-03-04T08:31:00
1410,"Smith, Simmons and Contreras",Donna Briggs,carol49@curry.info,001-420-845-6858,Inactive,2022-01-26T22:49:55
1411,Richardson Inc,Craig Baker,bakerkyle@moore-brown.com,287-287-2162x203,Inactive,2022-11-04T03:37:39
1412,"Pitts, Warren and Bond",Tina Reed,thomasdavid@solis.com,(597)548-3054,Active,2021-05-02T15:27:23
1413,Sharp Ltd,Robert Hoffman,fmartinez@irwin-hughes.info,472.669.7742x5764,Active,2022-12-05T17:51:15
1414,Floyd-Fritz,Maxwell Ford,msantiago@gordon.info,(561)930-2678x335,Inactive,2023-07-07T05:37:56
1415,Johnson and Sons,Nicholas Cox,brian07@johnson.org,827.246.1473,Inactive,2023-08-10T04:22:29
1416,Barnes Inc,Kelly Mullins,jessica90@diaz-turner.biz,978-531-8869,Active,2023-09-25T06:15:52
1417,Adams-Shepherd,Tara Robinson,npruitt@burton-clark.info,+1-601-558-0388x781,Inactive,2021-08-12T14:51:47
1418,Ward LLC,Laurie Robinson,cwilson@fields-molina.com,362.382.8336,Inactive,2022-10-27T21:10:16
1419,Stevens-Hickman,Nathan Howard,hailey97@porter.biz,385.451.6434x60586,Active,2024-03-28T09:50:18
1420,Hebert-Holmes,Amy Pierce,wcervantes@wolfe.com,385-304-7259x063,Active,2025-03-08T11:39:12
1421,"Thomas, Thompson and Wright",Joseph Collins,whitetyler@long.com,(384)618-4929x9882,Inactive,2024-04-24T19:46:46
1422,"Armstrong, Mcdonald and Perez",Raymond Perez MD,tyler52@thomas.com,901-986-2796,Inactive,2022-01-08T08:01:15
1423,Conley-Reese,Terri Townsend,ronald52@gonzalez.com,(883)298-4464,Inactive,2022-10-21T06:41:24
1424,Wolf-Hughes,Paul Olsen,qkent@matthews.info,349.631.1784x51181,Inactive,2023-08-12T20:49:56
1425,Casey Ltd,Evan Thomas,erobles@foster.net,805-579-9715x2167,Active,2022-07-31T03:46:14
1426,Smith and Sons,Tina Wiggins,millsfelicia@bell.biz,(827)620-8915,Inactive,2024-10-06T00:50:45
1427,Franklin PLC,Jessica Ramos,trujillojoseph@kent.com,001-671-842-8865x4430,Active,2022-03-24T03:00:36
1428,"Hernandez, Schwartz and Anderson",Brenda Santos,summerlove@brown.com,+1-846-843-1771x1017,Inactive,2022-06-02T15:50:47
1429,Hall-Smith,Carrie Butler,thess@hampton-harris.com,267-335-0486,Active,2022-10-04T23:18:01
1430,Nolan Ltd,Michaela Jones,uramirez@miller.net,001-527-780-1912,Active,2022-09-13T08:14:31
1431,Johnson Ltd,Patricia Riddle,pamelalloyd@lin.com,+1-488-777-6456x5657,Inactive,2022-11-19T11:45:42
1432,Landry-Gibson,Kathleen Watts,gwilliams@hood-rodriguez.com,379-267-7955x957,Active,2025-09-21T20:55:01
1433,Yang PLC,Wayne Howard,tinalee@garcia.com,(776)765-2681,Inactive,2024-12-16T20:55:22
1434,"Schaefer, Cohen and Johnson",Elaine Silva,briannasmith@sullivan.net,001-937-990-0152,Active,2022-06-23T18:45:39
1435,Goodwin Ltd,Nicole Davis,hmason@hill.com,457.232.6754x1217,Active,2025-08-24T06:57:37
1436,"Castaneda, Williams and Knight",Laura Jimenez,torresjerry@roth.biz,(960)550-9382,Inactive,2020-11-05T19:14:53
1437,Velazquez-Brown,Calvin Murphy,heatherellis@wiley.com,2604216986,Inactive,2025-02-27T10:12:04
1438,Malone Group,Dr. Courtney White DVM,jeremyvazquez@henry-abbott.com,(759)389-9159x0858,Inactive,2025-03-08T18:32:47
1439,Jones-Stafford,Jordan Hall,michaeldaniels@smith.com,989.412.2618,Active,2024-02-05T14:17:11
1440,Haynes and Sons,Sandra Nguyen,teresabutler@spence.net,+1-290-639-5444x9091,Active,2022-01-28T22:44:51
1441,Kim-Williams,Willie Lam,glenroberson@lam-stone.info,262.404.3984x2953,Active,2022-05-03T11:57:45
1442,Ryan-Garcia,Darius Brown,hailey76@rogers.com,307.591.5772,Inactive,2022-01-25T06:10:34
1443,Carlson PLC,Jonathan Huerta,jennifer42@odonnell.info,+1-549-549-0687x92768,Inactive,2024-02-07T17:14:39
1444,Doyle-Simmons,Andrew Turner,leelarry@cooper.com,997-887-2116,Inactive,2021-09-27T16:55:00
1445,"Parker, Mitchell and Bauer",Brian Valdez,kyle96@carter.com,001-764-214-1849,Active,2021-09-24T18:12:30
1446,Yates and Sons,Timothy Harris,lpham@russo.com,353.228.0348x088,Inactive,2020-12-09T12:16:39
1447,"Delgado, Garcia and Smith",Amanda Wang,monicajohnson@rodriguez-pittman.com,(316)557-4541,Active,2021-12-20T03:10:13
1448,Moran-Torres,Anthony Garcia,reginald06@horton-park.com,001-678-326-2379,Inactive,2022-01-09T11:24:04
1449,Carroll Inc,Patricia French,rmoss@watson.com,(979)779-8351x245,Inactive,2025-07-25T18:34:04
1450,Sloan PLC,Kristen Gonzalez,davidsmith@ballard.com,771.660.7960x681,Inactive,2023-06-28T10:49:04
1451,Schroeder-Huerta,Kevin Mccarthy,jonesjacob@david.biz,213.671.3687,Active,2024-05-19T06:55:53
1452,James-Hawkins,Jennifer Chandler,stevensnicholas@harris.biz,001-551-233-0185x0363,Active,2024-08-01T17:04:52
1453,Wise-Harper,Meghan Walters,odaniels@fowler.com,+1-237-228-9254x7711,Active,2022-12-04T14:20:45
1454,Jones-Hill,Madison Brown,grayjesse@myers.com,970-450-3843x6469,Active,2021-08-23T13:31:35
1455,Ellis-Mcdaniel,John Guzman,melissabryant@velasquez.net,8778970671,Active,2021-02-19T03:44:16
1456,Ball LLC,Michael Anderson,jilliantaylor@harrington-alvarado.net,(654)353-4329,Inactive,2021-01-30T10:49:08
1457,Guzman-Smith,Mr. Charles Davidson,michaelwilliams@russell-hawkins.com,571-825-6867x95209,Inactive,2023-05-15T09:03:06
1458,Davies-Robinson,Evan Mack,sandra21@lopez.com,(235)259-5893x8119,Active,2020-11-16T10:35:48
1459,Forbes Inc,Laura Brown,george90@mcpherson.com,(595)927-2722x766,Active,2021-06-21T21:35:06
1460,Williams Group,Abigail Wilson,hannahgarcia@phillips.com,749.785.2056x9325,Inactive,2022-01-30T14:21:11
1461,Gonzales and Sons,Kimberly Powell,anthony43@forbes.com,+1-649-994-9041x022,Active,2021-06-21T15:28:01
1462,"Guerrero, Williams and Lane",Michelle Christian,woodsjeffrey@small-clark.com,571.782.4194x52628,Inactive,2025-04-03T09:54:11
1463,Barnes PLC,Tracy Jackson,peterjohnson@taylor-watkins.com,579-356-9612x25739,Active,2021-02-18T23:08:50
1464,"Cherry, Choi and Lewis",Sabrina Martinez,obuchanan@hart.com,(385)337-4924x06829,Active,2024-11-25T04:55:29
1465,"Warren, Kirby and Garcia",Diane Garcia,scottwallace@cohen-simpson.com,001-222-933-4499,Active,2022-03-05T11:10:37
1466,Hunt and Sons,Robert Dixon,thomasmccann@king-baker.net,490.869.9324x96838,Inactive,2022-02-17T13:40:13
1467,Mcgee LLC,Joshua Dawson,cookrobert@mack.com,559-485-3575x18291,Inactive,2021-10-16T08:59:18
1468,"Wise, Vance and Lee",Kevin Thomas,hball@patel.info,(666)960-3756x5425,Active,2023-09-23T11:16:10
1469,"Harrison, Lawrence and Miller",Courtney Williams,herringdan@lopez.org,001-701-898-9523x8111,Active,2025-10-21T22:50:53
1470,Williamson PLC,Benjamin Martin,heather68@wilson.info,651.461.2244x483,Active,2024-03-24T11:45:55
1471,Lewis-Baldwin,Tammy Grant,hannah97@barrett-cohen.info,(826)402-0366,Inactive,2025-07-21T20:19:58
1472,Murphy PLC,Michael Fuller,rodriguezbryan@butler.com,666.697.2089x226,Active,2024-01-03T18:12:54
1473,Ware PLC,Cheyenne Walter,teresamitchell@moore-mathews.com,001-700-975-1636x38985,Inactive,2023-04-24T00:12:09
1474,"Hodge, Smith and Holmes",Keith Ingram,christopher08@hudson.com,(313)817-4966,Active,2024-03-09T18:40:13
1475,Murphy-Short,Jesus Perez,denise07@andrews-green.biz,001-262-550-8789x1491,Inactive,2021-04-11T11:28:23
1476,Rollins PLC,Chad Anderson,walkerrachel@brooks.biz,+1-492-558-1789x5481,Active,2024-06-01T02:11:14
1477,Hamilton-Glover,Karen Wilson,aaronreeves@williams-williams.net,598.612.0632x96796,Inactive,2022-08-23T04:44:52
1478,Allen-Huber,Christopher Alvarez,mauricemerritt@zimmerman.com,+1-252-288-5618x157,Inactive,2020-12-02T04:39:13
1479,"Smith, Walker and Dixon",Brenda Howard,sarah10@valencia.com,001-790-549-1681x13184,Active,2025-08-11T18:08:40
1480,Hernandez-Smith,Tracy Fields,albertfowler@alexander.com,855.893.5216x713,Active,2023-10-02T12:52:21
1481,"Duran, Wise and Nichols",Wendy Dean,jameschristopher@mcconnell-owen.biz,7053613910,Active,2024-10-15T11:25:10
1482,Washington-Kelley,Evan Davidson,dakotayang@shah.org,462.998.5363x0396,Inactive,2023-04-19T12:23:09
1483,Underwood-Murphy,Andrea Moore,alanrodriguez@chapman-bennett.biz,(808)687-6708,Inactive,2021-04-19T14:51:26
1484,Mitchell-Ross,Michael Love,molly22@baker.biz,896.376.9718x4546,Inactive,2025-04-11T21:06:12
1485,"Gibbs, Rogers and Thompson",Miranda Marsh,lerobin@doyle.com,+1-778-831-3680x792,Active,2021-10-20T22:08:51
1486,"Anderson, Leonard and Brady",Kimberly Ray,elizabeth90@huber-fuentes.com,001-856-315-8001x8210,Inactive,2021-05-22T13:54:51
1487,"Schneider, Weaver and Gilbert",Christopher Owens,stevenchavez@kane.com,353-944-4387,Active,2024-04-21T00:14:56
1488,Perez and Sons,Jeffrey Erickson,marshjacob@olsen.com,5707895974,Inactive,2022-07-19T17:48:32
1489,"Sandoval, Harding and Gilbert",Shawn Potter,oacosta@mckenzie-fowler.com,001-769-813-1882x0769,Inactive,2024-04-04T17:03:47
1490,"Wright, Spears and Jenkins",Joseph Choi,nichole59@kelley-goodwin.biz,(810)847-6074,Inactive,2025-08-18T07:58:17
1491,Clark-Duncan,Glenn Curry,fbarnes@stewart.com,333-556-4018x11103,Active,2021-05-11T12:48:16
1492,Robbins-Jackson,Latasha Williams,tinamiddleton@mitchell-webb.com,436-725-2007,Active,2020-12-13T10:45:29
1493,"Braun, Flores and Jones",Randall Wilson,stacy62@powers.org,5634548893,Inactive,2022-08-20T22:18:56
1494,Martin PLC,Sarah Lee,oliverjeffrey@collins.com,(523)591-6350,Inactive,2024-09-29T04:10:38
1495,Goodman LLC,Erin Burnett,erickline@salazar-carlson.com,548-548-6398x302,Active,2021-05-27T22:20:37
1496,Krueger Group,Anthony Hudson,heatherandrews@brooks.com,+1-209-435-7014,Active,2023-10-18T19:45:48
1497,Moody-Calderon,Nancy Young,williamsbarbara@mitchell-mclean.com,(784)668-4451,Inactive,2022-09-17T22:05:38
1498,Shea Inc,Regina Walker,heatherdavis@gonzalez-johnson.com,366.735.7761,Active,2021-05-02T16:10:14
1499,Perez-Huff,Mikayla Aguirre,sanchezkatherine@wilcox.info,723-576-7682,Inactive,2021-03-31T17:30:14
1500,Gray-Ibarra,Rachel Jones MD,nhernandez@miller.com,9958563689,Inactive,2020-11-17T03:22:54
1501,Garcia-Mooney,Jessica Rogers,angela98@rodriguez-soto.com,(395)539-4220x092,Active,2021-12-01T00:53:26
1502,Sherman Inc,Amber Myers,kathleen31@stewart.biz,523.208.1907x518,Inactive,2023-07-02T22:02:36
1503,"Cruz, Klein and Fritz",Samantha Green,cruzjohn@sanchez.com,858.636.7823,Active,2021-02-27T03:40:12
1504,"Sanchez, Griffin and Reese",Edward Velazquez,guzmantracey@gillespie-lewis.com,8478950286,Inactive,2025-08-22T17:33:37
1505,Raymond Inc,Dr. Elizabeth Hammond,brownashley@simmons-bradshaw.org,(995)505-8783,Active,2021-03-11T04:08:19
1506,Hinton-Martinez,Aaron Montes,adam14@fuentes.net,(722)538-9253x91180,Active,2022-03-11T03:34:04
1507,Mcfarland Group,Brandon Sosa,justinanderson@yang-perez.biz,(205)278-3172,Inactive,2025-03-25T12:12:49
1508,"Hogan, Kennedy and Patton",Christopher Peterson,moralesgabriel@coleman.com,+1-956-697-2147x91750,Active,2025-08-04T02:27:45
1509,Diaz-Ayers,Melissa Briggs,wsmith@villa-brown.net,652.583.3317x4002,Inactive,2021-06-25T12:06:22
1510,Mitchell Ltd,Andrew Cantu,stevenatkinson@ross-alvarado.info,(373)573-3747x7721,Active,2024-03-04T11:28:19
1511,Jenkins-Baker,Michelle Rodriguez,lejoshua@solomon.com,376-435-2706x562,Active,2025-07-31T22:52:39
1512,"Campbell, Johnson and Ritter",Stephen King,hmartinez@murray.net,001-773-709-4812x881,Inactive,2024-01-17T09:38:28
1513,Lucero LLC,Steve Weaver,richardreed@hess-nelson.biz,211.455.1742,Inactive,2025-06-16T02:52:18
1514,Love LLC,David Jones,thomasbecky@carpenter.info,001-729-820-2289,Inactive,2025-04-26T16:32:47
1515,"Brown, Benitez and Parrish",Eric Briggs,jefferylewis@zimmerman.com,722-447-7185x889,Inactive,2024-06-05T06:11:37
1516,Wall Group,Karina Soto,reedcourtney@tapia.info,+1-496-791-7693x174,Inactive,2023-08-30T04:21:07
1517,Manning LLC,Amber Mitchell,avilabrian@stevens.com,(520)707-4806x10330,Active,2022-05-16T05:36:39
1518,Yates-Baker,Katherine Beck,keithcraig@phillips.com,855.765.3370x85449,Inactive,2023-08-25T04:48:05
1519,Parker and Sons,Sandy Wright,taylorerin@jackson-taylor.com,520-529-4101,Inactive,2022-01-05T05:36:58
1520,Terrell-Dillon,April Shah,walkerjoshua@hoffman.com,(217)612-9781x000,Active,2021-11-28T02:38:08
1521,"Smith, Ruiz and Mcdonald",Johnathan Anderson,hernandeztaylor@hansen.com,001-634-277-4535x0520,Active,2022-07-25T00:55:27
1522,Williams-Peterson,Melody Burns,samantha97@mitchell.org,001-635-669-8798x892,Inactive,2025-01-31T06:10:32
1523,Patterson-Perez,Travis Davis MD,cpeterson@bentley-luna.com,902.617.8445x1935,Inactive,2024-12-24T07:14:40
1524,Green-Thompson,Jennifer Griffith,tiffanyray@morgan.com,(762)475-8909x0901,Active,2021-09-05T07:19:08
1525,"Jordan, Martin and Smith",Michelle Marsh,ortizchloe@stanley.biz,335.690.9144,Active,2024-04-30T02:47:26
1526,Hernandez-Roberts,Cassandra Collins,thickman@miller.com,001-302-810-4051x217,Inactive,2023-10-08T13:37:11
1527,Hall-Henderson,Donna Reyes,dylan62@johnson.com,820.976.5474,Active,2024-05-03T13:11:39
1528,"Carlson, Nelson and Delgado",Shawn Perkins,qsmith@edwards.biz,(691)281-8693,Inactive,2021-07-26T01:11:38
1529,Nunez-Taylor,Russell Horne,daniel38@knapp.com,763-422-2007x3262,Active,2025-05-06T14:19:33
1530,Charles-Jones,Marvin Brown,dustinford@green.com,001-286-899-7752x03138,Active,2021-07-09T22:27:18
1531,Reid and Sons,Ricardo Lowe,gregoryjensen@watson.com,589.862.4031,Inactive,2022-04-28T13:34:57
1532,Richardson and Sons,Robert Lee,josephmyers@ray.info,675.311.2048x940,Active,2025-01-05T12:41:47
1533,Bowman PLC,Christina Garza,georgewilliams@klein-dunn.com,001-643-447-0675x07040,Inactive,2025-08-06T17:06:56
1534,Allen-Garcia,Johnny Howard,martin37@larson-lopez.com,435.344.9257,Active,2021-06-14T03:10:14
1535,"Butler, Kim and Wilkerson",James Smith,vmartinez@williams.info,222.495.1121x5350,Active,2021-07-19T14:13:39
1536,Macias Ltd,Terry Lewis,daniel21@fuentes.info,7077883399,Active,2021-05-04T08:48:54
1537,Randolph LLC,Bonnie Thompson,connie35@brown.com,(249)300-0968,Active,2021-08-02T09:36:28
1538,Parks-Sanford,Mark Murray,cynthia16@perez.biz,351-452-9982x197,Active,2021-09-12T06:36:53
1539,Williams-Wood,Hannah Sanchez,rsnyder@lyons.net,3396459440,Inactive,2021-07-30T19:07:58
1540,Smith-Casey,Adrian Martin,phillip47@lee-young.info,8954112438,Active,2021-02-06T21:44:06
1541,"Davis, Alvarado and Robles",Hannah Black,howen@sellers.com,990.793.8071,Inactive,2024-10-17T22:20:17
1542,"Klein, Ray and Trujillo",Brittany Stewart,plee@griffin-weber.net,(232)838-3511x516,Inactive,2020-11-13T12:00:59
1543,Bush PLC,Matthew Adams,thomasatkins@davis.com,748.275.1513x9496,Active,2024-08-25T10:22:32
1544,Patterson and Sons,Terrance Ball,jonesscott@perez.com,234.787.6775x6128,Active,2024-01-22T22:59:49
1545,Hayes-Oconnell,Brett Lopez,nathanielreed@merritt.com,001-753-576-4282x58968,Inactive,2025-01-19T11:47:38
1546,Cobb LLC,Jennifer Lam,lmercado@simpson-ray.biz,+1-395-404-7345x63292,Active,2021-11-02T10:51:07
1547,Coleman-Stuart,Nathaniel Sutton,russellcharles@miller.biz,001-883-874-6147x30954,Active,2024-12-20T17:30:59
1548,Turner and Sons,Paul Castillo,twilson@garcia-cook.net,846-448-8079x682,Active,2024-01-16T12:09:21
1549,Petersen-Holland,Brandon Nelson,barnettrenee@wise-lawrence.com,764.338.2657x64983,Inactive,2025-04-08T12:48:37
1550,Williams Group,Jeffrey Thomas,joseph37@owens.com,+1-783-717-6020x605,Inactive,2024-06-18T02:02:06
1551,Morton and Sons,Kenneth Fitzpatrick,phillipsmichelle@foster.com,(664)911-8792x51893,Inactive,2023-05-05T23:18:43
1552,Austin PLC,Daniel Martinez,erin76@tran.com,639-347-4468x95701,Inactive,2024-07-26T03:21:50
1553,"Adams, King and Taylor",Jennifer Davis,christinaevans@lee-jones.org,+1-474-631-0360x809,Inactive,2021-08-24T01:30:28
1554,Martinez-Hill,Carly Arroyo,george80@watson.net,865-263-2322x8258,Active,2024-08-04T02:52:38
1555,Harris-Mitchell,Ronald West,robertbailey@reeves.com,(769)664-3628x23783,Inactive,2025-03-29T04:38:23
1556,Graham-Griffin,Karen Campbell,johnwilliams@cox.info,870.563.0765,Inactive,2023-02-23T22:13:18
1557,Leblanc Group,Eric Brown,wscott@smith-aguilar.com,001-778-562-5834x011,Inactive,2025-08-06T23:45:20
1558,"Ingram, Smith and Sanford",Juan Simmons,susanbaird@ramirez.org,241.558.2217x5561,Inactive,2025-06-04T10:39:04
1559,"Mitchell, Gardner and Stuart",David Wilson,marcpatel@anderson.net,5499605913,Active,2023-05-08T14:30:03
1560,Allen PLC,James Roth,yhouston@strickland.biz,001-818-872-4410,Inactive,2022-12-09T14:10:42
1561,Ferguson-Torres,Ronnie Hardy,palmerjennifer@dyer.org,950.731.6746x19072,Active,2022-10-29T03:19:51
1562,Donaldson-Morales,Brianna Herrera,bparker@barnett.com,222-239-7888x3666,Inactive,2021-12-01T14:20:46
1563,Porter LLC,Robert Harrison,carsonbrian@ruiz.net,001-595-985-3099x918,Active,2024-09-20T03:20:34
1564,Thompson-Harvey,Evan Wilson,carrie17@mills.org,(346)987-5664x49527,Inactive,2023-10-31T03:09:32
1565,"Lam, Chavez and Williams",Patrick Reese,vdickson@gibbs.com,342-281-7620x0215,Active,2021-04-19T03:39:17
1566,Bailey and Sons,Amanda David,grantandrew@smith.com,+1-841-711-7352x43626,Inactive,2022-04-06T07:59:46
1567,Stevenson-Thompson,Kim Powers,rebecca24@molina.com,225-410-4392,Inactive,2021-03-12T17:20:13
1568,Gaines Inc,Jasmin Johnson,mark14@padilla-thompson.com,001-357-872-3581,Inactive,2020-11-23T03:05:28
1569,Roberson PLC,Darren Campbell,davenportkiara@garcia.com,538.916.7750x5253,Inactive,2023-01-01T15:42:41
1570,Harrison-Simpson,Robin Spencer,nharris@townsend.biz,(948)647-5573,Active,2021-06-15T10:07:29
1571,Sharp LLC,Sonya Saunders,charles11@campbell.com,958-484-1619,Inactive,2022-04-17T10:28:09
1572,Wright LLC,Amanda Young,cheryl14@young.net,5065352005,Inactive,2021-07-07T03:18:52
1573,Juarez-Velasquez,Kimberly Torres,jessicahampton@kennedy-walker.info,306.950.4025x13671,Active,2024-04-21T09:34:12
1574,Rivera-Rich,Kimberly Hernandez,joe09@lucas-daniels.com,384-399-1965,Inactive,2025-07-14T15:31:27
1575,"Perry, Weber and Wilson",Cynthia Edwards,ryanperez@hess-serrano.com,001-577-967-3393,Active,2021-12-17T03:18:50
1576,"Robinson, Hoover and Brewer",Peter Rojas,alvaradonancy@ward-paul.com,(344)662-0193,Inactive,2022-06-19T01:43:27
1577,Gonzalez Inc,Shawn Long,bushandrew@gonzalez.com,+1-819-573-5416,Active,2023-04-30T18:31:47
1578,"Walls, Welch and Thomas",Amanda Robinson,reedmary@moyer.com,(377)564-1852x24537,Active,2025-09-24T20:34:51
1579,Galloway Ltd,Lisa White MD,fjennings@cole-taylor.com,001-639-600-9002x3238,Active,2022-07-12T06:48:14
1580,Holden-Ross,Mrs. Ann Palmer,debra01@tran.com,+1-459-655-2477x2110,Inactive,2025-05-27T21:35:46
1581,Dean Group,Michael Flores,josephsmith@ward.info,5537448695,Inactive,2023-02-17T00:19:22
1582,"King, Owens and Cunningham",Jason Reese,popeaaron@adams.com,(722)786-7726x21198,Active,2025-07-06T05:11:06
1583,"Colon, Hart and Miles",Lindsay Weaver,reevesbrandon@nguyen.net,773-648-9820x51993,Inactive,2022-12-25T12:57:54
1584,Sullivan-Preston,Jermaine Price,zacharyweeks@stevens-goodman.biz,(824)807-9602x05813,Active,2022-05-08T01:41:28
1585,"Ponce, Velasquez and Hughes",Ashley Jackson,xortiz@taylor-ho.com,+1-632-708-2661x931,Active,2023-02-15T17:29:55
1586,Harmon Inc,Nicholas King,robertfry@wilson-galloway.com,+1-751-348-7759x14702,Active,2021-02-21T10:09:27
1587,"Meyer, Flores and Adams",Mary Barnes PhD,nreynolds@spencer-moreno.com,233.663.5528x1204,Active,2025-01-20T00:15:21
1588,Gomez Group,Laura Davis,crystalhill@mahoney.com,634.441.2751x986,Inactive,2023-11-07T06:52:20
1589,Allen PLC,Andrew Walker,ihuerta@lee.biz,+1-784-657-4484x10474,Inactive,2025-07-09T22:32:19
1590,Morales-Thomas,Toni Cooke,susanphillips@taylor-mendez.biz,8406569556,Active,2022-12-27T06:53:34
1591,Jones-Lewis,Kimberly Dyer,nathan24@diaz-charles.com,753-964-2796,Inactive,2021-03-13T22:13:04
1592,Dudley PLC,Kimberly Cruz,mccormickjanet@pierce.com,+1-914-234-7464x412,Inactive,2025-08-02T00:09:29
1593,"Ward, Keller and Hawkins",Cheryl Munoz,jasonreed@kelley-white.biz,001-644-713-1904x497,Active,2024-05-01T17:59:03
1594,"Davis, Jones and Robinson",Brandy Huff,chavezbrittany@jackson.biz,392.912.1075x8687,Inactive,2024-05-16T07:47:41
1595,"Hardin, Yates and Hutchinson",Jared Murphy,tonyagarner@brown.com,001-410-643-2678x81205,Inactive,2024-07-09T18:32:30
1596,"Martin, Chapman and Washington",Emily Rodriguez,ryan91@francis-myers.com,663-335-4813,Inactive,2024-12-24T06:20:07
1597,"Mcclure, Manning and Jordan",Gabriela Sawyer,ryanbrianna@stevenson.com,+1-744-548-7638x54205,Inactive,2022-12-02T02:57:57
1598,"Franklin, Rollins and Edwards",Annette Gonzalez,krista45@anderson-frazier.info,(463)992-7931x7822,Inactive,2023-12-03T02:50:19
1599,"Lopez, Morgan and Myers",Ashley Riddle,wilsontheresa@hicks.info,831-785-3058,Active,2024-12-13T05:56:41
1600,Taylor-White,Alex Chapman,fcampbell@carrillo-hughes.org,(415)887-0969x4267,Active,2022-02-26T15:56:24
1601,Jordan-Liu,Robert Russo,nholloway@gray.com,9543570349,Active,2021-06-07T21:08:13
1602,"Smith, Sanchez and Phillips",Darren Patterson,catherine28@villanueva.com,314.962.2479x124,Active,2022-05-31T03:45:36
1603,Myers-Mclaughlin,Jessica Bray,sandra53@greene.com,466.457.1162x1609,Active,2025-08-23T12:31:04
1604,Lambert-Christian,Timothy Gonzalez,brucemiller@watts-ford.com,+1-919-986-6728x0167,Inactive,2020-12-01T14:12:09
1605,Alvarado LLC,Jennifer Coleman,jared49@owens.org,370.427.4367x64198,Inactive,2025-03-28T06:27:35
1606,"Suarez, Fox and Silva",Kristy Lee,whitecaitlin@dennis.com,708.359.8071,Inactive,2021-06-24T18:45:57
1607,Burns Ltd,Richard Hanson,shannonreilly@barker-smith.org,581.426.3066x37293,Inactive,2021-08-15T02:24:44
1608,Bowers PLC,Brandi Mckenzie,nquinn@powell.info,295-619-6426,Inactive,2024-06-23T12:59:20
1609,Sullivan-Hull,Michael Adams,kingsandra@hopkins.org,568.325.2729x03142,Active,2020-12-24T03:30:10
1610,"Mccall, Bennett and Davis",Marc Hanna,nelsonlaura@henderson.info,(564)639-9582,Inactive,2021-03-26T16:47:22
1611,Morales-Bryant,Johnny Maldonado,wrightwilliam@alvarez.com,5554187411,Inactive,2025-07-09T06:30:39
1612,Hall PLC,Michael Hamilton,franklin79@aguilar-wagner.com,9019567359,Active,2022-12-23T22:45:15
1613,Mccullough PLC,Bradley Chambers,rebecca12@sherman.com,(539)396-6880x266,Active,2021-05-01T11:02:20
1614,"Miller, Patrick and Vasquez",Michael Brown,bellfrank@wang-wong.com,776.622.4705,Inactive,2025-03-23T18:55:22
1615,Howard-Stephens,Brian Brown,kenneth01@diaz-brennan.com,645.407.8674x4982,Inactive,2023-02-24T17:19:41
1616,"Richardson, Harris and Velazquez",Jesse Fernandez,irogers@mejia-burton.info,001-715-510-6611,Inactive,2025-04-26T04:31:21
1617,Fields-Coffey,Shannon Rios,acurtis@turner-martin.com,879.540.4432x0824,Active,2022-06-14T14:56:36
1618,Boyd Ltd,Sarah Green,matthewsmelissa@johnson.com,844-250-3783x55328,Active,2021-07-26T18:29:56
1619,"Green, Mcdonald and Scott",Robert Smith,bwarren@allen.info,(784)961-7130x646,Inactive,2021-12-29T05:16:41
1620,Johnson PLC,Travis Lopez,megan50@hernandez.biz,260.427.5760x32348,Inactive,2023-05-12T08:42:03
1621,Hill-Hammond,Aaron White,nathan10@wright-freeman.com,001-390-554-0962x8314,Inactive,2022-12-24T09:20:16
1622,Rosales PLC,Julie Curry,sarahwilliams@franco-smith.com,+1-291-735-5409x4135,Active,2024-10-24T17:38:54
1623,"Alexander, Davis and White",Elizabeth Riley,trevor97@roberts.com,653-522-3480x7423,Inactive,2024-04-21T19:27:01
1624,Baker Group,Sean Santiago,howardlance@watson-haynes.info,400.792.0946x98478,Inactive,2020-12-05T04:17:29
1625,"Flores, Grimes and Torres",Robert Shelton,lbarnett@mcfarland-smith.com,(980)210-7447,Inactive,2023-04-05T14:15:46
1626,Woodward Group,Gregory Harris,barkermegan@turner.com,3619335109,Active,2024-04-02T00:49:48
1627,Eaton-Newton,Kenneth Hernandez,acannon@frazier.org,9382599858,Active,2022-04-02T03:17:16
1628,Lam-Duffy,James Brown,melanielynch@wilson.com,(640)261-9835x790,Inactive,2025-04-11T03:37:47
1629,Wells-Gutierrez,Shannon Walker,pricechristopher@rhodes.biz,762.930.4625,Active,2024-12-06T01:34:15
1630,"Woods, Dillon and Johnson",Connor Jones,bassmichael@williams.com,9152874105,Inactive,2025-01-07T16:19:01
1631,"Orozco, Cummings and Carter",Brian Hansen,ifleming@flores-martin.com,526.685.1530x37944,Active,2023-10-01T13:14:57
1632,Collins-Diaz,Jonathan Andrews,davidsimmons@sherman.biz,879-794-7947,Active,2021-04-07T11:35:30
1633,Gould-Griffin,Edward Skinner,harmondwayne@curtis-roberts.com,403.785.0103x4239,Active,2025-06-17T01:06:53
1634,Cunningham Group,Kristina Shah,daniel08@smith-gibson.com,855.938.6740x869,Inactive,2020-12-26T04:05:11
1635,Watson-Martinez,Rachel Johnson,karenbrown@charles.com,001-685-999-3955x1668,Active,2023-10-10T12:52:27
1636,"Thompson, Ramirez and Frye",Carla Wright,jessica23@schmidt.net,3265682748,Inactive,2022-05-05T01:59:26
1637,Bowman PLC,Paul Carr,deborahcarter@hays.org,+1-288-317-2805x0400,Active,2025-09-19T23:22:34
1638,Wells-Walker,Alexandra Mclaughlin,meyernicholas@sharp.com,+1-358-413-5819x47758,Active,2022-06-07T14:43:13
1639,Huerta-Lowe,Mr. Nicholas Harrison DDS,olsontodd@lawson-avila.info,916.351.3679x61298,Inactive,2025-07-23T17:01:08
1640,Watson-Benton,Jonathan Reed,ahernandez@duke.com,456.517.1108x62349,Inactive,2020-11-29T20:54:38
1641,Austin-Shepherd,Julia Davidson,williamsrobert@rice.com,(744)250-4125,Inactive,2024-08-26T04:41:35
1642,"Williams, Jones and Young",Angela Miles,zknight@garcia.org,723.828.1184x35630,Inactive,2021-06-09T12:39:46
1643,"Durham, Bailey and Fox",Anna Chase,thompsonjames@chandler-martin.com,262.235.7169,Inactive,2020-11-13T08:14:31
1644,Mendoza-Lewis,Jason Vincent,clane@butler.com,351.910.0280x804,Inactive,2024-03-13T09:44:11
1645,Holmes PLC,Scott Mccarthy,meghan36@roberts-whitaker.com,001-601-311-3011x5711,Active,2025-08-17T05:16:33
1646,"Campbell, Lee and Thompson",William Simpson,marissa74@cuevas.net,+1-771-759-4853,Active,2021-05-27T23:36:45
1647,Peterson-Dunn,Jean Bridges,llong@sanchez-horne.net,545-457-3332,Inactive,2024-06-19T09:01:07
1648,Brown-Bell,John Wiggins,charleshayes@wood.com,343.362.9425,Active,2022-11-12T08:05:52
1649,Brown-Burke,Renee Henderson,robert37@miller.org,+1-891-678-6404x4412,Inactive,2024-12-30T00:54:06
1650,Tapia LLC,Steven Rivera,wallacekenneth@miranda.com,701.298.9312,Active,2024-07-29T13:39:44
1651,Jones-Brown,Benjamin Phelps,crystalrobinson@white.biz,+1-558-228-9768x5120,Inactive,2024-06-22T02:12:18
1652,Williams Group,Jason Barrett,wsullivan@gonzalez-steele.com,830.776.3257x51124,Inactive,2020-12-12T10:39:06
1653,"Smith, Hensley and Hunt",David Brennan,meyerjason@webb.com,(236)615-7224,Inactive,2022-08-14T12:13:11
1654,"Hughes, Bowman and Webb",Caitlin Cooper,josephross@adams.com,515-627-4147x025,Active,2022-06-13T17:10:55
1655,"Young, English and Vazquez",Angela Mitchell,kennethbailey@sullivan.net,5297399557,Inactive,2021-09-28T15:05:31
1656,Johnson-Beard,Charles Jacobson,sheilaholloway@williams.com,(354)426-9286x041,Active,2025-08-27T04:09:33
1657,"Miller, Nguyen and Casey",Taylor Mccullough,stephen47@thompson.com,2002641037,Active,2022-10-06T03:41:29
1658,"Ibarra, Shea and Horne",Alan Rose,burtonstephanie@owens.com,(584)366-5753x632,Active,2023-08-13T08:15:31
1659,Cobb-Lewis,Justin Beasley,mendozacynthia@pacheco.com,310.936.3479,Inactive,2022-01-30T17:43:52
1660,Sawyer PLC,Jordan Merritt,steven80@hart.net,881.724.8582x97172,Active,2024-08-16T22:14:42
1661,Adams Inc,Jennifer Armstrong,nfletcher@moore-huynh.org,(218)937-5435x362,Active,2023-03-19T23:57:25
1662,"Snyder, King and Thompson",Cassandra Evans,twilliams@lee-perkins.info,508.657.3837,Inactive,2022-06-10T17:32:13
1663,"Doyle, Rice and Monroe",Amber Warren,rjoseph@kim.org,577.220.8939,Active,2021-11-29T18:40:30
1664,"Woods, Cox and Lewis",Jennifer Merritt,ericgibbs@li.biz,001-769-250-8764,Inactive,2025-01-26T09:27:33
1665,Jones Ltd,Julie Mayer,matthewtaylor@singh-parker.net,575-574-9033x72248,Active,2024-01-08T07:23:44
1666,"Williamson, Hampton and Scott",Faith Mitchell,thomaskim@gonzalez.com,001-725-659-1224x192,Active,2022-01-21T12:05:13
1667,"Fleming, Torres and Campos",Rachel Adams,sanchezclayton@smith-williams.com,+1-888-806-0484x39334,Active,2024-12-28T09:31:45
1668,"Taylor, Lloyd and Klein",Cassidy Mullins,rnguyen@johnston-adams.com,(561)975-3342,Active,2024-05-18T05:55:32
1669,"Thomas, Patterson and Harris",Lydia Munoz,hailey17@rivas.com,+1-926-866-8594,Active,2021-11-24T05:03:11
1670,Mcclure-Cook,Justin Hammond,coreycannon@buchanan.net,001-620-704-5477x514,Active,2023-08-17T16:03:08
1671,"Howard, Moreno and Glenn",Lisa Roman,rickywhite@brown.com,785.450.2092x216,Inactive,2023-10-20T04:31:34
1672,"Marshall, Raymond and Kemp",Daniel Drake,hugheskevin@morse-gardner.biz,001-975-539-6378x65804,Inactive,2024-12-03T02:09:27
1673,Nunez-Cox,Todd Bryant,ifowler@wells.com,9814496167,Active,2024-07-31T13:27:57
1674,Woods and Sons,Jeffery Barrett,huffmanrobert@ballard.com,295-305-5663,Active,2024-04-25T23:35:24
1675,Moss-Mcgee,Olivia Daniels,eric66@best.org,+1-481-620-1710x32449,Inactive,2024-04-09T12:09:55
1676,Arroyo-Shaw,Joseph Young,fgarcia@white.com,001-810-734-3895x1784,Active,2024-04-24T17:42:38
1677,"Black, Jones and Jenkins",Kelli Ross,ssmith@greene.com,821.959.0172,Inactive,2024-05-15T06:45:13
1678,"Harrington, Lane and Dickerson",Austin Williams,huynhkaren@knight.com,(494)210-5074,Active,2024-09-28T14:47:07
1679,Compton Group,Derrick James,brittany88@taylor.com,965.850.1682x727,Active,2022-11-17T05:33:36
1680,Townsend-Garrison,Nicole Garcia,anna65@marquez.com,(371)252-7139,Active,2024-09-18T01:08:44
1681,"Dennis, Thomas and Jordan",Karen Roberts,floresstephanie@garza-morrow.info,001-565-355-9709,Inactive,2022-12-23T01:56:36
1682,"Newton, Houston and Ferrell",Jessica Garcia,michellerobinson@clark.com,(328)465-0079,Inactive,2021-02-21T11:19:10
1683,"Rodriguez, Dominguez and Sellers",David Moore,clarkkathryn@nguyen.com,001-790-352-3969x481,Inactive,2022-11-09T23:31:46
1684,"Flowers, Ruiz and Johnson",Amanda Douglas,christopherbell@leonard.com,+1-350-660-2266x3046,Active,2022-05-08T11:34:30
1685,Lopez-Barajas,Amber Patel,danarobinson@garcia.com,(431)307-8557,Inactive,2025-05-25T07:09:51
1686,"Jenkins, Obrien and Brown",Patricia Vance,olivercameron@smith.info,337.907.7924,Active,2023-10-21T13:17:23
1687,Walker-Mcmahon,Linda Newton,arnoldlori@page.info,599.528.6418,Active,2021-02-23T09:17:14
1688,"Smith, Hanson and White",Virginia Weaver,scott04@day.biz,(315)466-7170,Inactive,2022-06-04T13:54:09
1689,Gentry LLC,Heather Wilson,joseph50@boyle.net,811.846.5284x414,Active,2023-03-08T08:21:31
1690,Rios-Levy,Christopher Torres,maureen04@richardson.com,001-952-296-2788x0144,Active,2025-03-21T08:01:43
1691,Miller-Smith,Kim Kane,kathryncoleman@johnson.com,432-881-1798x27248,Active,2023-04-02T22:43:30
1692,"Berg, Hinton and Malone",Anthony Francis,christina86@cook.com,6786016056,Inactive,2021-04-03T22:07:21
1693,"Cervantes, Smith and Nolan",William Lozano,nhill@hinton-hunt.biz,284-883-3979,Active,2023-07-17T00:40:08
1694,Williams-Torres,Deborah Harmon,kimberly75@lee.info,8247479095,Active,2025-03-01T00:04:20
1695,Jones and Sons,Elizabeth Davis,unolan@young-stewart.com,(799)698-2698,Active,2024-05-15T13:48:41
1696,Barnes Inc,Amber Cabrera,cbrown@rich-cooper.com,(355)689-0477x1264,Active,2024-08-24T13:25:38
1697,Strong and Sons,Christopher Chen,tammyruiz@campbell-rodriguez.net,966.250.0217,Active,2024-06-05T22:11:24
1698,"Fitzpatrick, Mcdaniel and Myers",Jeffrey Austin,vjohnson@davis.com,888-938-4020x92134,Active,2025-01-19T22:02:54
1699,Cunningham-Johnston,Heather Taylor,imadden@byrd.org,2453107209,Inactive,2023-06-04T02:49:19
1700,"Robinson, Schaefer and Higgins",Sherri Fischer,taylorelizabeth@martin.com,986-544-4553x0763,Active,2025-05-15T00:42:14
1701,Stewart-Hester,Heather Johnson,luis10@richardson.org,461-576-2044,Active,2022-04-02T12:19:37
1702,Morse-Jacobs,Tammy Lawrence,laurie91@anderson.biz,529.872.8596,Active,2022-12-05T16:54:59
1703,Davis-Stone,Keith Bates DVM,sherrymcintosh@west.net,437.718.7643x9714,Active,2025-01-16T08:44:23
1704,Morales-Mendoza,Brandon Choi,sarah12@ayala.com,721-271-6249x6054,Inactive,2023-07-31T01:21:09
1705,"Johnston, Clark and Williams",Rebecca Hall,ccarey@rodgers-scott.biz,6559122022,Inactive,2024-11-25T11:05:17
1706,"Jordan, Smith and Hood",Trevor Martinez,hgray@rice.com,001-302-693-2646,Inactive,2021-10-15T09:25:29
1707,Howell-Taylor,Pam Miller,martinwilliam@tate.com,+1-821-685-1212x1635,Inactive,2025-08-19T16:55:12
1708,Dixon and Sons,Meghan Barron,johnsonsandra@maynard.com,+1-926-208-0805,Active,2023-09-23T21:54:27
1709,Smith Ltd,Kevin Smith,kevin21@leon.com,5214900691,Inactive,2022-07-04T23:36:19
1710,Murray PLC,Sharon Howell,hugheschristine@stein.net,001-869-576-3741x65935,Active,2023-11-30T12:23:00
1711,Byrd-Benson,Douglas Zuniga,maxlopez@thornton-chase.com,001-248-738-4795,Active,2024-06-19T07:07:30
1712,Fields PLC,Adrian Hart,felicia60@spencer.com,608-544-4013,Active,2025-07-31T17:21:16
1713,Miller-Olsen,Frank Martinez,nancy30@reese.com,(624)296-9689,Active,2023-08-14T06:20:21
1714,Hansen-Wilson,Christopher Brown,smithrobert@bender-gibson.com,2777288101,Inactive,2025-08-01T00:26:49
1715,"Smith, Porter and Garcia",Zachary Smith,robert09@brown-tran.com,335.780.0386,Active,2023-01-15T07:21:14
1716,Frazier-Santos,Mary White,michaelross@roy-shepard.com,(226)942-8771x948,Inactive,2024-10-16T10:09:59
1717,Hickman Group,Stacy Walker,epennington@vance.com,840-974-8582x08472,Active,2023-12-19T08:30:06
1718,"Hall, Rodriguez and Cortez",Alan Quinn,donna37@jordan-potts.net,3044377772,Inactive,2023-04-26T03:28:30
1719,Lucas-Patterson,Johnny Moran,ellisadam@rangel-henderson.info,001-850-539-9037x631,Inactive,2021-11-07T22:02:39
1720,"Cohen, Marshall and Morrison",Dakota Owens,rwatson@walsh.com,001-360-354-3147x6741,Active,2020-12-29T15:58:22
1721,Jones-Sloan,Ariel Johnson,narnold@rodriguez.net,001-855-495-9452x5083,Active,2024-04-12T23:38:28
1722,Grant-Allen,Timothy Scott,nicholassteele@cochran-ellis.com,818-347-3513x3349,Inactive,2024-03-28T21:29:41
1723,Smith-Clark,Noah Collins,sfarley@dawson.org,001-434-767-0350x2851,Inactive,2022-05-19T19:26:33
1724,Smith-Mcdaniel,Keith Burgess,doylegabriela@martin.com,(208)876-0927x3426,Active,2025-09-10T08:19:52
1725,"Stokes, Mann and Hill",Angela Cunningham,michael24@baird.net,8557882302,Active,2025-06-01T19:01:30
1726,Horn-Johnston,Elizabeth Bright,zlarson@robinson.biz,+1-609-493-1063x131,Active,2023-03-28T00:40:44
1727,Luna Ltd,Eric Martin,cody89@allen.com,+1-314-415-2973x56665,Inactive,2021-09-30T00:36:43
1728,Adams Group,Daniel Smith,vthompson@goodman-leonard.com,(498)311-0998,Inactive,2020-12-08T15:16:42
1729,Thomas Inc,Gary Spencer,qgraham@davis-vang.biz,+1-740-495-6401,Active,2024-08-22T18:22:11
1730,"Campbell, Kennedy and Burns",Tina Crawford,williamcarpenter@mckinney-romero.com,001-392-226-8592,Active,2024-12-15T13:28:04
1731,"Cook, Smith and Greene",Ricky Sanders,cgonzales@smith-blackwell.biz,(549)313-5814x7329,Active,2024-05-16T06:38:08
1732,Miller Ltd,Rhonda Joseph,wrightdanielle@vega-watkins.biz,+1-280-870-2951x16457,Inactive,2024-06-14T22:10:55
1733,Cole PLC,Richard Ingram,kevincampbell@davenport-alvarez.com,592.740.1757x6012,Inactive,2020-11-18T00:39:54
1734,"Kidd, Garrison and Hoover",Christopher Dunlap,troysantos@jones-collins.com,001-409-304-5202x868,Active,2023-02-17T14:34:17
1735,White-Harris,Gina Joseph,ahansen@hayes.com,001-975-434-8985x07492,Inactive,2024-11-15T12:04:26
1736,"Sanders, Graham and Salinas",Monica Schroeder,karinalee@lopez-jones.info,(699)585-1225,Inactive,2024-07-03T04:39:50
1737,"Ruiz, Hill and Long",Gregory Willis,kyle71@douglas.com,921.229.3638x012,Inactive,2020-12-21T01:14:04
1738,King-Travis,Christina Cochran,thomaschristopher@mathews.com,(496)423-6158,Inactive,2024-02-13T14:59:03
1739,"Williams, Bradley and Rice",Teresa Robinson,ericberry@perez.com,7695923619,Active,2020-11-26T12:45:42
1740,Ortiz-Mcdaniel,Ashley Hicks,iroberson@winters-sanchez.info,(218)588-3964x184,Inactive,2023-11-02T04:39:31
1741,"Porter, Stewart and Miller",Barbara Miller,wgilmore@little.com,(702)255-4121x5515,Active,2021-02-19T21:01:27
1742,"Gray, King and Perry",Ryan Anderson,ihayes@vaughan.com,(575)299-9652,Active,2020-11-05T08:30:04
1743,Castro-Ray,Taylor Newton,jasmine94@glover.com,001-905-313-0924x2109,Active,2025-09-24T08:07:15
1744,"Howard, Rodgers and Adams",Jill Roy,lewisdanny@baker.com,001-483-667-5666x7102,Active,2024-11-10T02:32:34
1745,Warner-Fitzgerald,Shaun Aguilar,andrea02@lowe-moore.com,587.882.7856,Active,2024-10-16T19:48:36
1746,"Rodgers, Robinson and Martinez",Lindsey Soto,steven97@long.com,745-790-3578,Active,2025-04-25T22:38:09
1747,Maynard-Parker,Joy Santos,michael44@moran-flynn.com,(914)461-5865x2442,Inactive,2023-06-21T10:47:06
1748,Young-Hill,Denise Carpenter,katie64@ramirez.com,664-527-0970x994,Active,2025-10-02T18:50:15
1749,Jones-Rivera,Rhonda Johnson,barnettrebecca@stevens-miller.net,001-324-727-3499x1517,Inactive,2025-10-13T18:01:46
1750,"Hardy, Collins and Peck",Ronnie Benjamin,bfitzpatrick@jackson.com,001-350-482-9768x98743,Active,2021-08-05T05:06:05
1751,"Moore, Mack and Brooks",Anna Stuart,branchtracy@buckley.com,001-601-550-8494x4140,Active,2022-05-22T09:30:03
1752,Donaldson Group,Maria Malone,xbrown@ballard.com,(832)473-5891x7967,Active,2021-08-14T17:41:42
1753,Davis-Lopez,Joshua Jackson,bmiller@barber.com,001-483-493-5194x132,Inactive,2024-07-18T11:13:20
1754,Miller Ltd,Mary Odom,hubbardmelissa@simpson.com,616.359.9067x58875,Active,2025-07-27T06:11:22
1755,Ramirez Group,Heather Russell,stevensbryan@carlson.com,001-756-867-9159,Active,2023-01-07T02:28:58
1756,Bruce and Sons,Jason Ramos,josephjohnson@miller.com,001-570-688-4503,Active,2020-12-13T19:18:47
1757,Harrington LLC,Damon Ward,meredithhawkins@kim.net,686-280-9654x8070,Inactive,2022-08-04T22:19:40
1758,"Garner, Davidson and Fischer",Natalie Crawford,vlewis@lynch.com,001-232-357-4302x206,Active,2021-01-20T23:00:34
1759,Bradley-Marsh,Phyllis White,nicholechan@french.biz,001-918-482-9025x68545,Active,2025-06-08T19:25:29
1760,"Gonzalez, Lee and Ray",Kayla Lopez,ymeyers@christensen.com,816.720.3674x261,Active,2025-06-07T09:55:33
1761,Padilla-Carpenter,Jessica Hunt,heatherhill@watkins.com,(305)325-7667,Inactive,2024-03-28T06:11:30
1762,Allen-Watkins,Alison Hall,keithhill@friedman.com,426.430.5003x54511,Active,2022-06-25T10:44:01
1763,Gordon-Ward,Madeline Taylor,anthony79@garcia.com,452-942-4815x1303,Inactive,2023-11-14T08:17:28
1764,Cline-Ortiz,Connie Wu,robinsonmandy@coffey.biz,(762)216-7220,Active,2021-04-02T23:49:03
1765,Pruitt Group,Megan Roberts,matthewroberts@brown.com,(536)320-4701x623,Active,2025-09-04T21:29:42
1766,Bryant-Rivera,Denise Parker,terry18@shepard-howard.com,001-478-986-3649,Active,2022-04-25T20:00:36
1767,Bass-Jackson,Shirley Horn,millerbeverly@wong.com,001-553-700-5168,Inactive,2024-10-11T10:03:27
1768,"Tran, Kennedy and Knight",James Walker,elin@rose.com,4635423475,Inactive,2023-07-07T03:46:02
1769,Avila PLC,Mrs. Rebecca Bryant,walter01@baker.com,(818)656-4150x544,Active,2023-03-29T05:39:43
1770,Nichols-Wilson,Thomas Kramer,andrew48@ward.com,3319443844,Inactive,2025-09-10T15:24:23
1771,Summers Group,James Mueller,hcaldwell@white.com,(376)485-6913,Inactive,2024-01-04T04:43:51
1772,Snow Group,Isabel Jordan,mackenziestewart@davis-pittman.net,+1-999-432-9297x620,Active,2021-11-04T14:16:00
1773,Carter PLC,Justin Ellis,brownstephen@kerr.org,001-693-251-2590x0985,Active,2024-01-11T17:30:15
1774,Livingston-Dalton,David Hess,adavis@andrews.info,217-446-9029x6215,Active,2022-01-21T02:16:01
1775,Pearson LLC,Jacob Williams,hwood@conley-sandoval.info,001-351-570-0265x7567,Inactive,2022-08-05T03:57:41
1776,Francis Inc,Frederick Franklin,knappashley@gomez.net,001-612-926-5228,Inactive,2025-01-20T04:20:30
1777,"Walker, Bean and Castro",Kathleen Robinson MD,robert25@adams.net,822.602.1752x577,Inactive,2024-05-30T06:20:27
1778,"Torres, Olson and Tran",Adrian Taylor,brownjodi@turner-davis.com,532-558-1501x61099,Active,2021-08-01T21:19:19
1779,Roth-Fisher,Kathy Mclaughlin,deannamccoy@cole.com,+1-966-634-8581,Inactive,2022-09-04T08:27:17
1780,Willis and Sons,Tracey Strong,carolyn00@scott.com,514-350-2243x513,Inactive,2024-01-15T07:56:19
1781,Phillips-Hamilton,Richard Adams,raymondcruz@potts-johnson.com,9193679908,Inactive,2022-03-24T13:40:36
1782,Morris Inc,Elizabeth Holder,jeffrey89@reid.biz,(571)697-3453,Inactive,2022-05-16T07:26:14
1783,Brown-Morris,Daniel Perez,truiz@arroyo.com,001-917-235-3163,Active,2021-11-03T21:17:12
1784,Bennett and Sons,Sabrina Santos,washingtonteresa@hernandez-lamb.com,685.378.8781x84172,Inactive,2023-07-29T19:32:55
1785,"Coleman, Curry and Preston",Frank Greene,dsmith@moreno.org,357.892.3917x351,Active,2022-04-03T13:01:59
1786,"Li, Holloway and Boyd",Barbara Price,blake21@patton.com,(970)566-4824x012,Active,2022-10-20T00:50:33
1787,"Summers, Gilbert and Gutierrez",Carl Hurst,holly10@salazar.biz,+1-699-780-1068,Active,2023-01-17T18:25:53
1788,Cooper Inc,Jennifer King,whiterobert@casey.info,860.577.5523x7440,Inactive,2023-12-24T08:56:37
1789,"Sanchez, Barnes and Barnes",Mary Ray,abbottshawn@leblanc.net,6405461153,Inactive,2023-10-22T07:29:51
1790,"Morales, Patterson and Barnett",Vanessa Smith,atkinsonamanda@bennett-coffey.net,6739961747,Active,2024-10-26T07:48:15
1791,Mccall-Santos,Kelly Taylor,kimberly72@thompson-daniel.com,001-752-329-8939,Inactive,2024-07-03T20:54:08
1792,Cole-Rich,Michael Scott,kdawson@smith.com,(407)488-5713,Active,2024-11-12T19:36:31
1793,"Webster, Wilson and Camacho",Michelle Greene,christine78@rogers.org,001-289-292-5809x5582,Inactive,2023-03-08T07:32:06
1794,"Ryan, Miller and Watson",Lucas Allen,hedwards@kelley.info,756.969.6518x87071,Active,2025-03-17T18:49:32
1795,"Schmidt, Ferguson and Hull",Carol Wilson,elizabethhayes@cole.com,(760)890-2978,Inactive,2022-12-28T19:16:48
1796,Campbell Inc,Paul Lee MD,danaalexander@robertson-adams.com,874.551.9495,Inactive,2023-08-20T23:36:26
1797,Taylor-Walker,Chris Thomas,petersonhannah@ramsey.com,423.804.8583x403,Inactive,2024-04-16T00:46:48
1798,"Smith, Riley and Manning",Jeffrey Horton,anthonygarcia@johnson.biz,(279)532-1570,Active,2022-06-18T12:32:14
1799,Joyce and Sons,Donna Thomas,staceybeck@anderson.com,+1-700-881-4403x50008,Inactive,2021-11-07T23:40:02
1800,"Underwood, Walker and Sanders",Sarah Page,adamswendy@thomas-blair.org,+1-335-391-8789x0341,Inactive,2021-01-07T00:31:10
1801,"Schwartz, Hart and Cooper",Rachel Gilmore,eshelton@weaver.com,001-286-372-2971x10905,Active,2023-04-17T02:25:22
1802,Vaughan LLC,Melanie Nguyen,kevin98@washington-jennings.biz,360-293-0688,Active,2021-02-05T11:49:30
1803,Clark Inc,Miguel Powell,tanya14@hunt.info,+1-250-661-3422,Inactive,2021-08-26T16:09:45
1804,"Gomez, Knight and Hess",Raven Sanders,keypamela@gonzalez.net,(963)313-9362x05808,Active,2022-09-14T12:24:12
1805,"Cannon, Arnold and Bernard",Tyler Giles,michelle08@davis.com,524-710-7227,Active,2025-08-14T09:52:51
1806,Miranda and Sons,Ryan Ford,edward67@rogers.com,5298002017,Inactive,2024-09-21T15:47:38
1807,Rodriguez Ltd,Olivia Cain,anthonywalsh@morrison.info,(370)520-7393x6002,Active,2021-10-01T15:23:55
1808,"Wells, Romero and Phelps",Jennifer Edwards,katiebaxter@taylor.net,7097917388,Inactive,2024-08-05T03:09:35
1809,"Gordon, Smith and Keller",David Rogers,juliabaker@soto.com,001-297-734-0919x40924,Active,2022-07-26T06:16:35
1810,Edwards PLC,Gregory Newman,mikegonzales@patton-murphy.org,+1-569-212-7368x616,Active,2023-02-25T20:32:56
1811,Shaw Ltd,Carl Barrera,flemingcorey@miller-mills.com,502.924.1840x35045,Inactive,2022-08-07T14:05:24
1812,Carter-Harris,Kimberly Zhang,johnsondaniel@reyes-coleman.com,263-814-8626,Active,2023-10-20T10:48:22
1813,"Smith, Monroe and Schmitt",Crystal Stevens,amy01@kennedy-dawson.org,2046281520,Active,2021-04-26T19:33:27
1814,Ortega PLC,Ashley Dunn,jodydaniel@hurst.biz,631.981.3771x0478,Active,2023-03-03T00:23:36
1815,"Downs, Vazquez and Castro",Brian Anderson,rick56@robertson.com,324-345-2110,Active,2021-01-06T06:37:24
1816,Beasley-Johnson,Cathy Lopez,aliciasmith@kirk-green.net,(209)763-5145x38435,Inactive,2025-08-18T06:40:29
1817,Howard PLC,Jeff Stewart,christophershields@byrd.com,831-639-4612x956,Inactive,2022-12-05T07:59:38
1818,"Johnson, Sanders and Craig",Kelsey Moss,iwallace@hayes.com,001-240-970-3421x228,Active,2021-05-01T10:05:47
1819,Howard PLC,Lisa Perry,jessica15@rojas-wood.com,+1-590-217-1787,Active,2024-01-16T07:04:23
1820,Wright-Nguyen,Tiffany Smith,simpsonjennifer@rodriguez-brown.com,702-256-2824,Inactive,2024-03-17T09:11:12
1821,Ryan-Waller,Connie Meza,nicholasmccoy@johnson-young.org,455-430-7062,Inactive,2024-04-17T20:41:08
1822,Williams Group,Ana Rice,kimberlytyler@cunningham.com,330.688.7218,Inactive,2025-09-24T10:38:29
1823,"Munoz, Ramos and Estrada",Shane Schwartz,abarnett@hubbard-nelson.com,623-460-4503x70015,Inactive,2023-10-29T17:30:32
1824,Owen Inc,Dawn Patterson,mooredebbie@lang-evans.org,(303)568-9557,Active,2022-11-06T21:35:41
1825,Wood-Roberts,Taylor Ritter,austinderek@davis-owens.com,(758)829-4449x81716,Inactive,2024-08-05T13:05:41
1826,Lawrence LLC,Mrs. Michelle Carr DDS,stephaniebaker@martin.org,420.580.5766x701,Inactive,2021-06-04T13:28:13
1827,Barr Ltd,Michael Lopez,qcraig@sutton.info,001-515-711-3698,Active,2021-04-04T03:22:25
1828,"Torres, Cook and James",Alex Glass,tannersanders@medina-peterson.com,+1-353-530-9096x64753,Active,2020-12-07T17:51:36
1829,Frye Inc,Mackenzie Smith,heidi34@rivera.biz,+1-228-509-2075x41632,Inactive,2024-07-31T03:34:53
1830,Bradford PLC,Andrew Carter,huntkimberly@bennett.com,708.953.3726x090,Inactive,2025-07-14T22:40:36
1831,"Mathis, Reynolds and Green",David Boone,bryan74@stone-russell.com,001-425-725-5383x858,Active,2025-09-30T11:27:57
1832,Williams and Sons,Elizabeth George,julia40@rodriguez.com,958-249-0330x69150,Active,2023-09-04T13:34:32
1833,Bell-Brown,Sandra Bentley,tasha63@scott.net,442-237-8896x839,Active,2021-01-21T22:05:49
1834,Martin-Herrera,Derrick Palmer,ballomar@davis.com,(884)550-7036x785,Active,2023-11-12T22:12:46
1835,"Levine, Mcdowell and Moran",Laura Roberts,olivia91@taylor-faulkner.com,223-633-8445,Active,2024-03-09T14:40:05
1836,Lewis PLC,Vincent Hansen,abigailfrazier@callahan-richardson.info,+1-946-967-0473x403,Active,2025-07-09T14:47:57
1837,Salinas-Rivera,Jorge Barry,uramirez@evans-stark.com,9565996048,Inactive,2025-05-07T16:07:48
1838,"Cooper, Freeman and Ward",Debra Wallace,shannon57@cunningham.com,+1-721-843-3719x36169,Active,2022-04-20T13:09:07
1839,Guerrero-Brewer,Angelica Lopez,loriadams@mason.info,(824)268-0071x600,Inactive,2024-06-12T15:33:47
1840,Hernandez-Griffith,Kimberly Rogers,austin24@miller-moreno.com,(397)504-3715x62679,Inactive,2024-10-19T14:34:28
1841,Smith Group,Jason Rogers,bmorris@ball.com,7728493732,Inactive,2025-06-11T17:56:00
1842,Burns PLC,Kelly Erickson,hsoto@rogers.com,+1-390-622-8920x3088,Inactive,2023-11-19T16:32:01
1843,"Gutierrez, Woods and Mora",Daniel Freeman,hector38@reeves.com,001-669-653-1334x063,Inactive,2023-10-02T17:47:37
1844,"Brown, Conway and Gonzalez",Laura Mccarty,sydneygrant@roberts-morris.org,846-899-3698x086,Inactive,2021-02-06T11:59:18
1845,Williams-Harris,Kara Ross,frodriguez@navarro.net,001-413-719-9013,Active,2022-09-19T13:39:43
1846,"Carter, Downs and Stone",Christine Burns,beverly17@ellis.com,001-839-359-6984x93464,Inactive,2023-07-28T01:49:28
1847,White-Powell,Maria Gray,stephenandrews@thompson-hanson.com,977.641.9607x2550,Inactive,2021-07-14T22:08:59
1848,"Gallegos, Roberts and Taylor",Daniel Jackson,jacksonpatrick@reed.com,+1-853-487-4868x76481,Inactive,2025-09-11T07:31:55
1849,Brown-Krause,Ryan Allen,lindacarney@hubbard-martin.com,429.814.0683,Active,2025-03-22T14:59:07
1850,Herring-Sheppard,Diana Garcia,jillhansen@coffey.com,+1-829-889-7853x7430,Active,2025-04-25T23:26:26
1851,Leon-Cook,Michelle White,dmedina@delgado.biz,389.435.5430x5286,Active,2023-10-14T05:06:11
1852,Cox and Sons,Kristin Gibson,qherman@burgess.com,782.231.1889x5980,Inactive,2022-06-08T01:45:53
1853,Hampton-Shaw,Courtney Lindsey,wcooper@johnson.com,8462052163,Active,2025-05-20T00:04:04
1854,"Anderson, Young and Park",Latoya Keith,stevecunningham@barnett-case.com,625.603.1739,Active,2023-03-25T01:00:23
1855,Torres Group,Kathy Sanders,jallen@moore.com,702.454.5426x417,Inactive,2020-11-10T09:57:51
1856,"Brown, Hicks and Miller",Barbara Williamson,ystevens@morales-terry.net,+1-414-315-3267,Inactive,2021-12-29T14:31:43
1857,Miller-Smith,Peter Strickland,jillmarshall@thornton-hernandez.com,687.207.6398,Active,2023-11-26T02:22:33
1858,Williams Ltd,Mark Hunt,lauragood@baker.org,(842)314-7192x5042,Inactive,2022-01-13T05:35:48
1859,Hall-Williams,Denise Morris,sboyd@randolph.biz,(609)591-6359x15998,Inactive,2024-05-22T06:42:32
1860,Smith-Davis,Renee Martin,owatson@duncan.com,+1-830-928-3116x58707,Inactive,2023-04-15T08:49:08
1861,"Howell, Miller and Walker",Beth Campbell,zmccarthy@grant-williams.biz,936.638.6796,Active,2023-11-16T17:24:18
1862,Lambert Inc,Andrew Hurst,isabellaperez@simpson.info,+1-260-531-0603x487,Inactive,2023-04-24T04:20:36
1863,Hernandez LLC,Terry Hunt,louisdickerson@ramirez.com,(937)612-0925x0799,Active,2022-12-23T13:59:57
1864,Johnson-Mann,Renee Davis,angelica70@miles.com,896-687-3631x73420,Inactive,2021-01-29T16:10:53
1865,"Acosta, Lowe and Mendez",Dylan Jackson,nicholasrobinson@dougherty.com,872.491.1010,Active,2021-08-17T21:36:48
1866,Odom-Lee,Amanda Gallegos,scottbennett@walters.com,672.990.6529,Inactive,2025-03-16T17:24:46
1867,Hampton-Moreno,Betty Griffin,bryantmichael@maddox.com,001-208-562-5004x90947,Active,2024-05-07T12:07:40
1868,Poole Inc,Jill Evans,lhopkins@woodward.org,001-467-303-9328,Inactive,2024-07-06T10:33:18
1869,Watson-Wang,Kathryn Smith,martinezashley@kim.info,7068193887,Active,2022-03-14T06:05:31
1870,"Bentley, Myers and Barnes",Michael Riley,sarah39@brown.biz,980-767-0706,Inactive,2023-05-07T16:46:11
1871,Barron LLC,Cassie Gonzalez,tsanders@evans.com,554.441.3508x20737,Active,2022-04-23T03:53:44
1872,Perez LLC,Sara Richardson,lopezcourtney@collins-richardson.com,920-218-2196x0155,Active,2021-09-18T10:10:21
1873,Adams-Luna,Timothy George,jeffreyjohnson@lane-orr.biz,281.589.2380x9716,Active,2024-06-10T12:22:40
1874,"Ortiz, Harris and Holmes",Shannon Huffman,nealtimothy@french.com,307-395-8537x212,Active,2022-07-22T15:42:35
1875,Hamilton-Stevens,Gregory Hodges,gregorykarla@ellis.com,9784968580,Inactive,2024-08-26T16:54:14
1876,Perry PLC,Diane Cross,browngerald@massey.com,+1-676-855-8672x23207,Active,2024-03-24T09:26:07
1877,Williams LLC,John Welch,molinatimothy@fleming.com,(398)543-2213,Active,2024-03-07T21:26:39
1878,Moore-Perkins,April Nelson,fishergloria@young.com,594-258-6327,Active,2025-01-21T09:51:25
1879,Miranda-Obrien,Austin Montoya,wrice@brown.com,001-620-774-1931x4124,Active,2022-05-21T14:22:07
1880,Lawson-Butler,Amy Reyes,robertwillis@hart.com,347-437-0146,Active,2022-03-06T10:31:04
1881,Humphrey-Watson,Jacqueline Davis,burkecynthia@graves.com,+1-534-422-3813x975,Active,2023-01-07T07:19:12
1882,"Pacheco, Davis and Stevens",Edwin Harding,jasonmedina@wright.com,496.832.4194x236,Inactive,2024-04-23T13:08:10
1883,"Pollard, Mendoza and Black",Denise Taylor,emily91@doyle-bryan.com,+1-615-474-9616x5923,Inactive,2025-04-27T17:03:41
1884,"Walters, Salazar and Green",Ashley Christensen,braunsavannah@pineda.org,482-576-6289x004,Active,2022-09-01T18:00:47
1885,"Stanley, Charles and Ross",Stacy Jennings,stacey22@white.com,845-610-0871x16561,Active,2023-06-29T04:57:53
1886,Cooper-Wong,Dr. Gabriel Webb Jr.,gina85@lopez-morris.com,(476)851-1051x985,Active,2021-10-07T13:18:49
1887,Perez-White,Kathleen Russell,umorgan@james.net,862.408.0950x904,Active,2024-01-26T17:28:20
1888,Oconnell-Miller,Brenda Peck,jonesjoseph@solomon.info,613-270-8539,Active,2024-05-28T20:49:50
1889,Montoya Inc,Kyle Johnson,gutierrezjessica@alexander-short.com,(853)547-3054,Active,2023-06-09T06:38:06
1890,"Smith, White and Hernandez",Megan Allen,thomaskyle@diaz-page.biz,4053676071,Inactive,2025-08-11T21:50:58
1891,Bradley Ltd,Matthew Vaughn,alexandrarosales@washington-nelson.com,+1-537-520-2414,Active,2021-04-24T21:04:41
1892,Fox Ltd,Kathryn Smith,fishermary@velez-brady.info,715-961-7473,Inactive,2025-02-24T12:47:51
1893,Norris Group,Jacob Mason,zhodges@sheppard.com,461-739-7222x4538,Inactive,2022-11-29T05:11:43
1894,Palmer-Zuniga,Justin Dodson,jennifer97@scott-davis.net,+1-370-995-1861x438,Active,2021-11-21T08:40:00
1895,"Flores, Jones and Allen",Micheal Hicks,tim24@stewart.org,+1-963-643-1231x129,Active,2023-08-18T07:52:39
1896,"Zavala, Gibson and White",Michael Phillips,hineskara@thomas.info,(381)689-7885x604,Active,2021-10-24T08:48:19
1897,Edwards Group,Laura Brown,jeffreydalton@kennedy.com,901-461-1719x14064,Active,2024-10-02T12:56:21
1898,Carpenter LLC,Amanda Velasquez,mreynolds@reilly-henderson.net,278-703-3729x12352,Active,2022-07-11T03:20:20
1899,Myers-Daniels,Michele Harmon,nicoleclark@howard-wilson.com,234.593.0309x1742,Inactive,2023-12-17T14:57:38
1900,Schmitt Inc,Curtis Phelps,russell23@young.com,702.879.8892,Inactive,2022-11-11T19:53:47
1901,Hernandez LLC,Marvin Walton,terryshannon@schneider.org,595-901-8172,Active,2024-01-07T13:16:07
1902,Murray-Obrien,Jessica Evans,smithnatalie@hall.com,+1-913-512-6109x6179,Inactive,2021-01-27T08:59:48
1903,"Cooley, Wilson and Nguyen",Erin Robinson,jamesaustin@oliver-jensen.biz,907.701.8570x6978,Inactive,2022-11-07T07:44:14
1904,"Herrera, Vazquez and Lynn",Jesse Gilbert,zortiz@cruz.net,323.408.1888x439,Inactive,2024-10-12T21:35:30
1905,"Walters, Collins and Farmer",Ryan Dean,xhill@smith-jackson.biz,+1-644-572-7166x5651,Active,2021-06-21T05:06:23
1906,"White, Warner and Sharp",Michael Barnett,madison82@brown.net,354-329-2916x31609,Inactive,2022-07-05T14:44:30
1907,Garcia and Sons,Carl Frye,bjones@cross-white.info,414-362-9812,Inactive,2023-03-01T01:48:48
1908,Thomas PLC,Cathy Walter,melissa50@bennett-smith.com,+1-651-899-1486,Active,2021-02-06T03:47:46
1909,Smith-Cummings,Monica Hall,anthony94@gomez-baker.com,911-841-9700,Inactive,2024-08-04T04:03:58
1910,"Thompson, Fernandez and Trujillo",Paul Raymond,trogers@mosley.biz,788-380-9936x843,Inactive,2023-09-23T21:32:39
1911,"Noble, Vasquez and Humphrey",Patrick Davenport,justinnash@young-barton.com,886-201-6957,Inactive,2022-11-27T19:06:38
1912,Bates LLC,Christine Carpenter,grahamkathleen@morris.com,985-543-3502x3373,Active,2025-10-31T18:07:58
1913,Maxwell-Morris,Juan Boyd,bpennington@byrd.com,278-948-6243x649,Inactive,2024-05-25T03:32:17
1914,Tanner and Sons,Leslie Mcgee,michaelgonzalez@pennington-mueller.com,644.854.0327x648,Inactive,2021-01-07T20:17:52
1915,Pennington Inc,Karen Beltran,joshuaflores@valencia.biz,001-557-921-9306,Active,2025-10-27T09:53:51
1916,Boyd-Jones,Jason White,harrisonrenee@erickson.com,001-921-316-3794x0527,Active,2020-11-15T04:37:38
1917,"Thompson, Oliver and Garcia",Carmen Garcia,danielwong@jones-olson.com,(284)704-8848x1324,Active,2024-11-16T23:01:09
1918,Holmes PLC,Nicole Wade,ppotts@alexander.org,6922733592,Active,2024-12-16T01:09:06
1919,"Sharp, Wright and Johnson",Alexander Watkins,alicia49@knight-rogers.biz,5982319275,Active,2024-03-16T05:35:52
1920,"Rodriguez, Daniel and Stewart",Daniel Roberts,proctorheather@martin.com,001-907-248-9355x5871,Inactive,2022-09-11T06:21:32
1921,Horton-Howard,Mrs. Andrea Miller,lynnwilliam@vasquez.com,889-346-2518,Active,2024-08-20T19:27:17
1922,Morgan-Barker,Terrence Blake,bcasey@clark-armstrong.com,683-912-2110,Inactive,2020-11-11T00:50:50
1923,"Smith, Fischer and Chase",Brianna Ramirez,oriddle@stephenson-reyes.com,001-954-370-9624x454,Active,2024-07-30T18:34:39
1924,"Mccarthy, Hernandez and Reed",Madison Lee,christophersmith@mcgee.com,(954)933-7478,Inactive,2023-03-25T17:59:51
1925,Sanders-Walton,Laura Cox,bakermike@schneider-butler.com,(657)545-9356x376,Inactive,2022-11-07T01:14:13
1926,Long-Ford,Andrew Wise,russelldavid@lopez.com,(208)930-4516x392,Inactive,2022-04-15T23:51:50
1927,Hanson-Bender,Bobby Wilkinson,qwade@peterson-harris.com,001-768-386-2277x267,Active,2024-04-23T03:20:48
1928,"Miller, Schneider and Perez",Harry Harrison,tmitchell@douglas.net,952.516.7149x87414,Active,2021-05-20T02:50:30
1929,Simmons PLC,Brooke Robinson,ilopez@andrews-vasquez.org,+1-315-735-1436,Inactive,2024-10-08T07:54:10
1930,"Smith, Jordan and Dean",Joe Powell,smithsusan@becker.com,583-566-2228,Active,2025-09-26T12:42:25
1931,Martin-Levine,Madison Blake,michellemartinez@lucas-massey.net,735-650-0421,Active,2024-01-14T02:00:21
1932,"Warren, Nelson and Woods",Tiffany Gray,timothy35@nash-stokes.com,983.258.0814,Inactive,2021-10-16T14:51:43
1933,"Marshall, Rivera and Snyder",Christy Grimes,cynthiahunt@martinez.biz,(491)985-3065,Inactive,2024-10-10T09:42:44
1934,Hernandez-Werner,Daniel Orozco,justin07@campbell-smith.com,479-440-2931x90074,Active,2022-12-26T22:17:27
1935,Turner and Sons,Jon Johnston,changsuzanne@davenport-rice.com,517.805.8097x78787,Active,2023-05-21T11:32:16
1936,Moore and Sons,Mary Harris,monicabolton@sandoval.org,732-859-7174x2911,Inactive,2022-08-22T15:38:31
1937,Lynch-Rodriguez,Tonya Miles,martinstacey@davis.info,+1-534-999-1625x026,Active,2023-02-19T19:09:58
1938,Anderson-Charles,Darrell Miller,parkermegan@miller.com,+1-843-799-5003,Inactive,2021-05-06T13:26:18
1939,"Brown, Davis and Stein",Jordan Estes,mariahartman@smith.com,963-439-7557x480,Active,2023-08-16T22:55:36
1940,"Nichols, Powell and Little",Isaac Carroll,jennifermayer@humphrey.org,(466)785-9938x14806,Inactive,2021-08-29T16:48:13
1941,"Contreras, Rodriguez and Blevins",Cody Neal,sanchezbenjamin@park.org,363.962.0007x30647,Inactive,2022-05-22T12:09:41
1942,Miller-Garcia,Amber Meyer,juliadixon@kelley.com,2642143236,Inactive,2021-08-15T20:01:48
1943,Flynn LLC,Sarah Castillo,bdavis@myers-koch.com,776.916.0899,Inactive,2025-02-08T08:00:59
1944,"Williams, Washington and Sanchez",Nicholas Perkins,navarroroger@stout.com,992.374.1032x328,Inactive,2021-03-28T06:21:53
1945,Brooks-Walker,Caitlin Brown,rmiller@aguilar-west.info,+1-639-389-3121x36101,Inactive,2021-04-16T16:22:27
1946,"Salas, Evans and Cook",Henry Copeland,melinda31@barr-gould.com,(648)691-1442,Inactive,2024-05-06T05:24:30
1947,"Miller, Reyes and Johnson",Austin Reed,wardkristy@lam.com,516-223-3153,Inactive,2021-11-05T15:01:25
1948,Turner-Mccormick,Sarah Galvan,christinagomez@goodman.com,714-455-1231,Active,2023-08-05T05:25:10
1949,"Stanley, Brown and Drake",Dwayne Contreras,staffordlonnie@taylor.com,9506459257,Active,2025-10-25T12:16:05
1950,"Turner, Johnson and Anderson",Joshua Cochran,terryrandall@lewis.biz,281-787-0406x650,Active,2023-11-21T18:37:19
1951,"Townsend, Shaw and Byrd",Angela Trujillo,kimberly24@roberts.com,834.461.2030x865,Active,2021-05-14T14:12:25
1952,Lee-Robinson,Jermaine Beard,molinaethan@simpson.com,504-428-1639x398,Active,2025-04-21T02:31:53
1953,Joseph-Osborne,Ryan Burns,hicksjaime@martinez-vaughn.com,792-988-3620x6908,Inactive,2024-11-21T19:44:06
1954,Ortiz-Davis,Jennifer Burke,john90@thomas-horne.org,(829)721-3296,Inactive,2022-08-01T16:57:31
1955,"Jones, Dalton and Hancock",Misty Hopkins,jasmine76@morris.biz,557-895-3008,Inactive,2025-05-31T21:13:29
1956,"Castro, Kelly and Thompson",Jordan Mcdaniel,cranekaren@sherman.info,(918)522-1840x40773,Inactive,2023-05-17T15:20:50
1957,"Rodriguez, Grant and Watson",Stephanie Johnson,laura49@small-smith.com,697.360.6009x59155,Active,2023-03-19T03:08:05
1958,Morrow Inc,Theresa Walsh,hbailey@mccarthy-romero.com,+1-337-907-3671x5436,Inactive,2023-07-31T11:53:23
1959,"Mccoy, Brown and Greene",Michael Jenkins,cynthiarodriguez@rodriguez-lee.com,+1-782-975-1597x454,Inactive,2022-03-16T16:32:40
1960,Evans-Goodman,Gary Cabrera,ewilson@tapia.info,(991)899-0974x9886,Inactive,2025-06-26T00:08:13
1961,"Jacobs, Lambert and Wilson",Michael Bowman,welchmichelle@pratt.com,(821)443-8321x7937,Active,2021-07-26T15:26:04
1962,Ward-Myers,Cody Chang,xcastro@baker-williams.com,9448583113,Inactive,2025-07-16T14:06:22
1963,Frey-Trujillo,Belinda Daniel,marymcguire@fitzgerald.com,3976637090,Active,2022-09-03T04:18:39
1964,Wilson Group,Gina Cardenas,jamespoole@reynolds-trevino.net,(857)238-6876x27309,Active,2021-04-08T06:22:03
1965,Hernandez and Sons,Randy Holt,ewoods@reed.biz,281.758.3616x4463,Inactive,2020-11-23T13:30:19
1966,"James, Wilson and Fuentes",Monica Oliver,glenda27@noble.net,611-782-5913x786,Inactive,2025-04-21T08:30:48
1967,Harris-Parks,Hailey Yates,donald89@smith.com,230.356.2677x40766,Active,2022-05-07T22:28:56
1968,"Hill, Frazier and Combs",Michael Barber,beverly03@lambert.com,(358)208-0787,Active,2024-06-05T09:00:09
1969,"Williams, Edwards and Ibarra",Samuel Mclaughlin,jeffreyaguilar@ramirez.com,001-500-670-8669x61526,Inactive,2025-02-03T08:58:51
1970,"Cisneros, Camacho and Hodge",Eric Boyd,tonyasellers@bates.com,001-678-660-8747x426,Inactive,2024-02-01T02:57:31
1971,Nash Inc,Jocelyn Jennings,holmeshector@serrano.com,+1-240-281-1091x6268,Active,2025-10-14T06:11:18
1972,Navarro-Williams,Tiffany Johnson,katherineconner@scott.com,001-388-554-8690x2038,Inactive,2021-01-21T09:59:40
1973,Williams-Clark,Matthew Ruiz,careytiffany@garza.com,9964002352,Inactive,2024-10-11T11:31:45
1974,Cook-Cooper,James Shaw,monicaaguilar@smith.biz,001-594-628-3018x0069,Inactive,2021-02-13T16:49:39
1975,Ross-Kelley,Adam Phillips,rrussell@fields.com,627.903.8102x38302,Inactive,2024-06-12T01:02:48
1976,"Hall, Armstrong and Hayes",Jennifer Daniels,drewpowers@duffy.net,747.324.7080x6423,Inactive,2024-01-16T22:41:45
1977,"Crawford, Drake and Ballard",Kyle Walters,zacharybrown@brown-page.com,345-983-7935x86957,Active,2024-05-20T00:55:00
1978,Sanchez-Cole,Oscar Davis,jacob25@hall-pham.com,2213470469,Active,2020-12-25T13:35:35
1979,Bailey PLC,Craig Davis,hsmith@cook.net,+1-756-353-9429x30618,Inactive,2021-10-28T12:27:15
1980,Jordan-Nelson,Sara Dixon,edward09@blair.com,(723)784-6685,Inactive,2023-04-11T19:41:19
1981,"Nguyen, Oliver and Bishop",Ashley Carpenter,barnesmichael@robertson.biz,(237)888-2061x568,Inactive,2023-02-06T13:52:58
1982,Johnson-Ferguson,Brenda Martin,stevenpeterson@curtis.com,(227)577-4041x67751,Inactive,2023-08-21T13:25:45
1983,West and Sons,Linda King,hwilliamson@davis.com,+1-598-347-6965x2226,Active,2022-11-07T19:20:50
1984,Cooper Group,Monica Thompson,garzakimberly@castro.biz,938-468-2397,Inactive,2021-12-05T21:17:17
1985,Winters-Diaz,Cristina Henry,justinblake@turner.com,(393)249-8019x56558,Active,2022-02-12T22:15:56
1986,Barrett Ltd,Teresa Smith,mccormickmelanie@jackson-ward.org,5038892962,Inactive,2025-08-11T12:35:44
1987,"Brown, Parker and Medina",Michael Summers,wendygreen@morton.com,+1-628-425-9667x49088,Inactive,2023-06-27T00:15:21
1988,Costa-Mays,Shawn Jackson,leslievincent@gill.com,(652)916-8986,Inactive,2021-05-18T16:15:50
1989,Davis-Burton,Nathan Knight,matthew19@hernandez.com,410-646-8885x893,Active,2025-06-24T09:53:35
1990,Pearson-Navarro,Christopher Henderson,beverly39@evans-barnes.org,(827)412-3308,Active,2024-12-16T09:39:21
1991,Johnson-Johnson,Amy White,jamiemiddleton@ray.com,510-954-3417x934,Active,2024-05-02T22:06:47
1992,Wood-Craig,Dawn Waters,patriciaatkins@johnson.com,(644)258-1309x928,Inactive,2021-03-07T22:48:47
1993,Miller-Willis,Valerie Martinez,kingtara@miller-bryant.biz,001-643-485-3180,Active,2023-07-03T03:10:08
1994,Yang Ltd,Brenda Esparza,wongdavid@taylor-smith.com,541-250-7323x08077,Active,2024-01-12T08:21:29
1995,Sanchez Inc,Andrew Mendoza,xnguyen@meyer.com,001-922-934-9480,Active,2025-03-05T20:56:45
1996,"Prince, Page and Sheppard",James Moses,roger17@schneider.org,+1-819-424-6926,Active,2022-05-18T22:18:48
1997,Archer-Vaughn,Joel Guerrero,hernandezbridget@davis.com,435.810.3134,Active,2022-05-15T18:56:53
1998,"Rodriguez, Brown and Fitzpatrick",Sue Hines,grasmussen@murphy.com,608.657.2301x5657,Active,2024-08-02T01:04:18
1999,"Carter, West and Montgomery",Eric Little,dennisholloway@glass.com,(340)271-9272,Active,2022-06-25T04:45:07
2000,Bailey and Sons,Jill Moody,igreen@roberts.com,+1-863-612-4616,Inactive,2024-08-06T02:43:20
