id,username,email,password_hash,full_name,group_id,group_name,role,is_active,last_login,created_at,updated_at
1,admin,admin@example.com,scrypt:32768:8:1$l9rKuSbUSPbuJp6j$549b6fa6323456d4efaa982f8ca51c711014ce97ac6712c6af1fe4f71a00a587f0bff6c5e77850556ac3d4612464dbdd50d0e1e7fa3f2407f0ffdbe5c12301fb,Christina Curtis,8,managers,admin,True,2025-01-21T12:51:28,2024-03-31T23:06:41,2023-11-16T17:27:03
2,user2,elizabeth08@example.net,scrypt:32768:8:1$tpK7hRYreJHkgs2f$6dfd8796c0c6f1a5a76bd64b73496fe6b73787ebc57af1bfeedd8be1acd7774e7a1bfc273ccd6125309e303d988a9ed67347a760973288fb064973a2afce8401,Scott Jackson,8,finance,manager,True,2025-03-02T14:46:02,2022-01-03T20:57:22,2024-03-19T09:37:37
3,user3,shepherdstacey@example.org,scrypt:32768:8:1$YnEyDDHwHNVuRoll$a56f0e7509933bc378b2e4a653d7137474559c1d3426425bc2d57a44b320ce68f40f485716d92c3bcd3be1e89120078baaf1a22881fefebd816fc091994958e5,Anna Hill,4,staff,manager,True,2025-09-24T11:00:17,2022-03-30T07:28:02,2025-01-17T11:24:34
4,user4,jeremylee@example.com,scrypt:32768:8:1$q320jVH6arpKr8s6$9a1bee3e3f1e2e3d4ec386cff73889c29164dc65c94dd6ab5c264133c05848dbaf5ea6be07b138488dcd9d6af445eb3954d2f4526f5a92350ef21a0134218414,Christopher Tucker,5,managers,user,True,2025-02-11T17:38:08,2023-08-18T18:00:15,2025-03-10T18:32:52
5,user5,hkline@example.net,scrypt:32768:8:1$JyndtfkNK4CcP6jP$0d4478064cb5a537ff68a925a680af42daa39138c9424a2dac0ae27c2d60564503a4993710377fd0c15a72812e54ee4290f8d95c1db7429381de8e4f0e4307df,Sarah Anderson,10,finance,manager,True,2025-07-19T01:09:36,2022-01-29T12:57:03,2025-05-31T07:22:29
6,user6,hillrichard@example.com,scrypt:32768:8:1$hyxEdBrdzzujYY0F$7e1daf731e6fcf1cbd8f441cf04d2d67ba849375575c660959bca1f79f7d9d173fbb856257634a706c302f5ef3bc04496a440786dc0cfa2d40a8f48445dc966c,Allison Ball,7,finance,user,False,2024-11-21T03:51:38,2024-07-15T01:24:51,2025-07-07T04:15:55
7,user7,amber02@example.net,scrypt:32768:8:1$fYpiRtkQum9w4MrN$b35ebe00f65dceca268828ddd17901e79998dd246c790bcb391d72c8a5245f72ec6b48f0df09ae5d1a3eff9c7bf0278ed44e04b0a67017a632292941616ade12,Brian French,2,admin,admin,True,2025-06-28T09:46:07,2025-10-03T10:26:41,2025-07-14T06:39:50
8,user8,brenda38@example.com,scrypt:32768:8:1$vOlnO8YK8NJZllg5$dcdc4cca04d9447e095898c57b2e91f19567695a48a92c819b447e1601aa68fdc5eda5aa8b259d68f3a2d0476dba0f83c81c91ae25d594c18980c86e8ce17612,Lori Campos,2,staff,user,True,2025-01-17T18:49:33,2023-11-10T19:41:46,2024-10-18T00:22:18
9,user9,iyoung@example.org,scrypt:32768:8:1$0YAvX66tvhtVbD4f$88a1eacc3acd25f7c2ded4b5d397ca8c1331265a399368ea9b9346eb0c1ca2402221f0baa7d72be16a19064299db64a0696155b9a6ca4bcbf3ecd06c48571235,Robert Kelley,8,admin,admin,True,2025-08-24T22:33:58,2021-07-11T19:59:41,2024-02-27T21:04:21
10,user10,ideleon@example.net,scrypt:32768:8:1$nHCSBMEhqs6TxxVJ$a003bec3be2bd1194a6e122b3e1f09dadb9d82fddb7500e99834cca6c9029b06521dab2127a4efbc7735c2e48669ccbaf7302fb490522eac9e897197fc483909,Teresa Johnson,3,finance,manager,True,2025-07-21T05:08:33,2021-01-13T19:15:12,2024-04-18T09:34:21
11,user11,edwardswhitney@example.org,scrypt:32768:8:1$QdTzpHoaHyNreOBg$50c831c5d02ce1c80bb8a84ae95b192e2f2226a4419f9291d0d6eb47eb74fabd426320cbf950825604463a74d5dab1844d71ca1d3434e8e06268596b963d4e5a,Heather Carlson,6,staff,user,False,2025-01-08T06:30:25,2025-07-29T16:58:02,2025-06-28T08:58:31
12,user12,rosejessica@example.org,scrypt:32768:8:1$cutZ1YFOPoewJ0xz$eb1739cab43e683fe0c4684613e36847bc64ab28f8f5cccf6f690bf08e22701d76c7652cc136a73e25d3f8ea89e9d2140c41a6a263c92e94ac33b7b5de2c7dfe,Yolanda Robles,2,staff,admin,True,2025-08-27T02:19:16,2022-01-07T18:58:52,2025-10-11T22:46:29
13,user13,johnsonalyssa@example.org,scrypt:32768:8:1$67odLXkc0CufHJ1T$88438089b17543201b1464d45d4d0b99de4ee09009ab24d6fb6d90cec47fc9edd93f0543342a4a69afbf42183de117ecbf08a36c822e03be39e6828364d6c51f,Mackenzie Brown,9,admin,admin,False,2025-05-06T13:02:49,2023-01-19T12:01:30,2025-07-07T07:19:27
14,user14,simmonsbrittany@example.org,scrypt:32768:8:1$9bUD8OsBLcbhdXE4$43ba17210ecda407a546af836987b6ab89f27682a2d1df5f300c85a482a026eb36e52e663805fc342b70bc5a7c38199e08ef97ce652babdc96abe2152aecde34,Crystal Brown,8,managers,user,True,2025-05-11T14:53:42,2025-09-25T09:15:49,2024-07-03T23:45:48
15,user15,hannah62@example.org,scrypt:32768:8:1$WXiGDRrjHUneJtB8$7e7be726f89480c79af21b9503f299c724c508d270aa429c6b90d269abeb6e83921a831a0a63f8facc1b45d82ca6a5030b30abb47ac445ef5fd611e0427faa23,Daniel Hoffman,7,finance,manager,False,2024-11-12T14:04:13,2024-01-15T16:08:35,2024-11-21T00:09:13
16,user16,gswanson@example.com,scrypt:32768:8:1$SANRaGuQ5WlYR4VJ$7f02511422104559efff2f3470623fcaea3ba474fec58b05102e78e0c3d5c33a54ab20cd647ec1cbf5dccc51a0e5102aa3327d3194b34aa64f79ec8d45dd5ac9,Allen Burns,9,staff,manager,False,2024-11-30T07:39:14,2022-10-09T09:56:02,2025-01-20T19:15:09
17,user17,nina78@example.com,scrypt:32768:8:1$dybZD1NoMXe7ycxd$a7d0aa517fe426e69c9b51ef6889e70d3ce71962ecd64d8ded9a4ccce08b27442f63eabe0cb6ded36912641d0c0d87b7d9f32f7573efde45527888aae2d15923,Lucas Sanchez,9,managers,admin,False,2025-08-19T22:44:25,2021-08-27T17:22:05,2024-08-14T06:46:14
18,user18,maria72@example.org,scrypt:32768:8:1$wd3AOYroRwR3adUn$688313da0ee8a8f7e42d30c6526b6c41e0f151ae0b26115488577675f581cf9a6aabfd9ba14d2370a28c51e2f7e1950e6575df8590fa845a57bb1285b0254765,Veronica Gonzalez,3,managers,manager,False,2025-01-16T15:43:50,2025-07-14T00:13:58,2025-07-19T18:09:23
19,user19,lisa98@example.org,scrypt:32768:8:1$70WwQixyDS5vfF45$63eba279a7ea5e1e4243dc49d9bdabb275b44c5a6c56b14fb95238b3fa8bccfa728ed098c769d889671dc28aff222809676438b4c4b627c92cbf4ee1cd25ea8a,Crystal Stevens,8,admin,user,True,2025-07-08T01:38:09,2020-11-19T23:50:22,2025-04-01T10:28:20
20,user20,qbarr@example.net,scrypt:32768:8:1$c81NLkDJMZaBChuK$e4a94f248f8f2ac233942e196219f54716b89e82642f1c8fe559d67320685a2622f0cdc21cf214c58a81743fc720f2c4d6bffe43e05b65ed52fbfe3deeb3871f,Jason King,5,finance,manager,True,2025-05-04T00:51:14,2021-10-04T00:40:35,2025-07-26T11:21:38
21,user21,fjones@example.com,scrypt:32768:8:1$eEGspZ2j5eARQPGX$039e297c4d66c8fb4b23183ed54ee9cc7eb9cfe69452d689850b7926bae2934f50fa509ab18e550852bb4968eef7af92dbd177fb74724894eabd8b9074bc3ae8,Veronica White,8,staff,admin,False,2025-01-05T11:05:40,2024-10-27T00:53:55,2025-08-06T18:17:45
22,user22,amanda91@example.net,scrypt:32768:8:1$RZ94DB5zChUp8aDa$f94c2354902c9abc799043b7199667c776b2e8367389ba1010aa82e8fb656b0a6705c3c601b83f325a9bc0d8b3d029707462fe1c07f7ad650009377267d85902,Kellie Wang,2,staff,manager,True,2025-02-04T03:55:06,2023-01-04T11:20:37,2025-08-13T00:49:57
23,user23,swest@example.org,scrypt:32768:8:1$Z6AujZYKE0eNaDZo$5001e16ec2803eefeb94af9a3c36a136a4773dcc22795cc1547bb6e5abb89965b6a65c52555a54da739c570a9b22453c05b24607255a441b29aeda31182c62a2,Chad Nichols,1,admin,admin,False,2025-03-25T09:38:15,2025-01-03T05:41:30,2025-02-17T12:47:04
24,user24,jordanjohn@example.net,scrypt:32768:8:1$UFxlcPhTIkDYVYsM$29d2899d070b4acf3a11ee9f459915642d31ee1bce396947ee79afc12912dba8f11a88c4eedbc2d0576c441f23fc5d5756176754809cc4e505f44de7f21a56e2,Tiffany Baker,5,staff,user,True,2025-09-24T02:06:30,2023-02-03T12:25:02,2023-11-19T17:55:07
25,user25,youngkelly@example.com,scrypt:32768:8:1$9g4Vg5kvfY3FdDxN$967d1687abc2645af6d3ea415ca445667c57e16daab2b829dbe78b3038eb929e9e087566e3fd0493e08f0529d1307fab2e967d373385580163f92f06480c3988,John Myers,8,managers,admin,True,2025-01-09T04:36:06,2024-02-08T23:25:35,2025-01-20T06:29:08
26,user26,philip16@example.org,scrypt:32768:8:1$2kxoL58fMZwxs2zz$4cbc02ece03af75ed451a890b316e2432724b18cdc7f520961a6eb4eaed624118d396c34e2cd0b91e5ea06a9f02d5a1a1775868b6c0fdd12adae398143686bda,Daniel Johnson,8,admin,manager,False,2025-06-13T09:11:42,2023-10-19T11:04:20,2024-01-20T20:12:20
27,user27,patrickbauer@example.com,scrypt:32768:8:1$btPl00eZRrtrbCDc$03980572eebad9901a9d133c725cdbbca56e6542c728cf4251891b27458f0e48e17fb28b3cd4c1bedbf991f6e646980f8d2da0352d005251c02a7c83e6bdf2dd,Lauren Foster,9,managers,manager,False,2025-06-24T04:30:15,2022-10-27T16:48:53,2024-11-01T07:44:21
28,user28,jacob96@example.net,scrypt:32768:8:1$wSPJLOCwzWI4sDq4$1a8d64913c8a4ef9f56637a49ad09bd1716019adec151312b517fd960865719ae08767f50e568b66b5e65dd07de244680e42bff67735bdf3bcce5d37622b5380,Perry Allen,9,finance,user,True,2025-09-15T07:09:29,2023-12-21T12:03:15,2025-06-10T17:18:29
29,user29,sandycarpenter@example.com,scrypt:32768:8:1$mmMP8Pm97SnfE0FE$9797e33c6302335ef662bc7ae2481bbd92b32513b5b0ee2ca31673b396525b42dbdd3a5c130cfa0f7b3bed5f06d13b7dea1cc73e1d8bce32d3509f4160f7975a,Joan Lopez,5,finance,manager,False,2025-09-07T20:50:44,2022-01-15T22:01:49,2025-10-19T10:18:56
30,user30,adamchavez@example.com,scrypt:32768:8:1$MplPn6nVz0QRnBY6$e8e158e2b46bffe57617641024fede84501bee70862a605ce0158f784245df333365a206f4350ce5d1d53306aa8449e515dc87e1c545e8d8fa0404b136047410,Alyssa Cox,2,finance,manager,True,2025-10-26T00:35:37,2022-04-22T20:43:34,2025-06-15T08:38:58
31,user31,hphillips@example.org,scrypt:32768:8:1$WFsOUjNj7EdPpIe7$2639d64ec1b2a47f8c884f3854d4be9b174027be03b1db1a4d032d5d4c1ccf197331c5fca975c30fc51e5c615c7276702183b2e90691ef1f80fc8d7196f2bdb0,Dominique Gibson,6,staff,user,True,2025-08-16T03:31:05,2024-11-22T19:35:03,2024-05-11T08:35:57
32,user32,elliskristin@example.com,scrypt:32768:8:1$rYsMsUrulWRDaozu$6caf04bdcbb4036ab0137de60e0ae71cc26abacd09d13146817ab6054c98a263a4d988034f18006ba71376130e1bec8fa0573d1b469834f6b381c6b891477ea4,David Smith,3,finance,manager,False,2025-01-02T20:04:48,2023-04-06T00:12:51,2025-07-15T19:40:02
33,user33,jeffrey41@example.org,scrypt:32768:8:1$C46G3GAG2TLII2YV$343a29e7fd3ef68ea3bcb942c2108a9d859bf7d0be1115d06cce2af770bee151e12f8511918bfd158ff775c40e9f72bf97cf31f37f3f8d5902bd7980ca3d9e62,Phillip Brooks,4,staff,admin,True,2025-07-12T21:18:36,2025-08-19T23:21:27,2024-03-30T13:19:37
34,user34,thomasdesiree@example.net,scrypt:32768:8:1$EpTvr4Ad6HAaaYv7$c22c581330f3be2cf01421c8101b832a2ca4a5cdbea8ae706bd45d87a8a0d158bbeafd96713ecbb6d0840029f69ad30c82bafc5950478e4ac077ade042e05d47,Taylor Walters,9,staff,admin,True,2025-05-10T12:42:46,2025-05-18T03:15:16,2024-09-17T01:46:19
35,user35,ssmith@example.com,scrypt:32768:8:1$4Egyky2az9lvKV6Q$a786d70e70316c08aa50c42dd341a090e639434394672043f39d7750081b6ca06489f720d534ef7752aa87cfa8cb91aafcd39313c72ba7d4616792167568486f,Daniel Riley,5,admin,admin,True,2025-09-24T03:13:50,2022-11-23T10:25:15,2024-11-02T20:27:22
36,user36,pam39@example.net,scrypt:32768:8:1$5buM5bTbs9yM5rNL$cbe1ff02d773e4ea53d4a2fa5c4ccd36ef987b8537cd7721754354f676d22241ef9e85347699dc2c031d8a32624e30e5720456f30b54d86b0cdaf948c9d3a702,Gregory Ruiz,3,staff,manager,True,2025-08-28T01:07:01,2022-06-09T06:24:33,2024-08-22T07:28:09
37,user37,tiffanylee@example.net,scrypt:32768:8:1$vBRe9yBlH6WSK9d9$4c11e69899a27f66dfa672c38a9ed5653767613c1435393f2fdd595f7f4857e0b233281de7041def02b19efb39fcd7520d068cb28621733d6d9bffd929b9ff66,Mrs. Teresa Alexander,2,finance,user,True,2025-08-28T13:46:16,2021-04-25T07:35:20,2025-06-09T08:31:03
38,user38,medinatimothy@example.org,scrypt:32768:8:1$VwcD7s58qy3gOcL4$e3bf4deb98a34b9c104d1ec70da0e550a15b3fba363caba351ab751168e5bae988f53eb7d196f03aaf81c94599b00bda7731813808f17122b03311ad0474a3b7,Eric Knight,6,staff,manager,True,2025-04-28T12:07:25,2023-03-28T23:06:55,2025-09-05T11:20:00
39,user39,parsonsdavid@example.org,scrypt:32768:8:1$4RWYQ5AJz10Tk0Fw$53cbefa6b22f0a22ff3f4f888dcc117e6e75d9300dac97b6b95e68c782e7064db29fcdf59bbcd8ede7c07369c672cf2b72fe06da0736cda916ae8cc2c9fd1154,Elizabeth Greene,9,managers,manager,True,2025-03-01T07:26:15,2025-03-30T09:33:14,2025-05-07T14:00:14
40,user40,melissascott@example.com,scrypt:32768:8:1$oF7u7wgt8RUEJCcP$5f5a8872547911497d041000d9f11aa95d4ff8eed95510886cb6d04b8e04b73f519294cc424508f65b074792cc8c70c92555f24be2861eb1b60c1fdb4e68985c,Erin Coleman,4,staff,manager,True,2025-07-16T23:01:53,2022-11-09T13:59:08,2024-02-01T02:16:28
41,user41,gbrown@example.org,scrypt:32768:8:1$ZteMLa1HFxjwVxDU$d4e16eb0b7413994af73dd2bc293e54bae939ccc525a3887758945440694b9e9a84859ed168380d593a0d21eed1cbedf02c8bcbc2796bf8a554daefe1a6acd03,Jonathan Russell,8,staff,user,True,2025-05-26T22:05:03,2023-05-07T03:23:46,2023-12-23T00:52:50
42,user42,alexandria39@example.org,scrypt:32768:8:1$Mvvf0ir4yfpcB3d1$92eb4513f1cb7156efb989c88792d594f540bfc215e6d7d90e2233fc3e17d3709a11349228bf3eb60808af55369a763d7a88730e30ed2e35e8216cd9dddf8d9a,Dana Baker,10,finance,user,True,2024-12-16T10:47:31,2021-12-03T10:08:28,2024-07-27T22:33:09
43,user43,wwilliams@example.com,scrypt:32768:8:1$pBvPtkh5PgtaMmjN$30b991140e15905a7ba434e1e9ecc88e1e5dc7f008a23fd9882b13c9f09968da94ca6a6999c3f449017e6a0d1b23189fbddef72edcbd0184ac21a74de6c1aa36,Destiny Ford,9,admin,admin,True,2025-07-15T10:33:34,2023-05-19T12:41:45,2024-04-11T02:54:18
44,user44,huntdustin@example.net,scrypt:32768:8:1$EwiagwZTfcLlM1fL$8cd2876a8dc94e3764cea2f4402ff7ba7829cddb686eb9d8452002c578f0e3c21ddf546bbd16b223f82b57449f3b7d7d8fee8a7a703851241bc24ee978ff80ef,Amber Hurley,1,finance,admin,True,2024-11-18T04:45:37,2021-08-25T14:47:13,2025-10-09T21:12:52
45,user45,acevedorichard@example.org,scrypt:32768:8:1$r4uiHKKsF2yrb1HA$8155487cd06de37e5200448c75d672f2b123c138a544b66c7ac54fe1ecd58467667638c8b43298e8cf7745a9d5e905c7bd5736f8ab10c547ef37256a8b22375d,Jared Garza,2,finance,admin,True,2025-04-13T20:44:44,2023-09-01T18:56:57,2025-01-18T14:57:08
46,user46,james38@example.net,scrypt:32768:8:1$BKGHYiijjpaZ7vLa$0f72d7426569c3014ddb5d853da31581138fad5c8c8dcdb160349e6ff267019cef7f27124b8682d243c18d561dcda9f97cb5ae989d79b4ece7fd20c45e81e797,Lisa Jones,3,admin,manager,True,2025-09-06T10:15:41,2023-07-12T10:12:02,2025-09-19T11:05:42
47,user47,kristinwagner@example.org,scrypt:32768:8:1$8U2nVwz6kUNZX48s$13636ebc6fb5a1ded56203d5ded059d713c5ce4e93a77581c4c7f7fbccd0219dfda8ecccf7fbefc9a390cf343aefc174f513537f12a3e17155399b9e076d8667,Mark Irwin,4,finance,manager,False,2025-07-18T12:06:23,2022-11-09T02:45:05,2024-08-15T17:09:28
48,user48,nicoleflowers@example.org,scrypt:32768:8:1$74CoGlIKUVWvW0KT$759f07fd9dbfd815b698d411718118b729ebbad6d26f9bdd47f36e26214e4db18fd9f160663cc4205df642a34f01dfa288a437e1a1c19ce43a108ba33a5d7808,Angel Taylor,9,finance,manager,False,2025-03-17T02:26:08,2023-10-16T10:00:11,2024-12-30T16:48:42
49,user49,clinerobert@example.org,scrypt:32768:8:1$wT2HRIk8Jdv5iElR$de3a6da613d189bbe84aefe443e60d141643bc2844d46fc32a0cbaccae7733cc5a140364a32d46b2bb4557fb129d1bd10b55c92b16f8a14d05cdb13d5e6a7b04,Jacqueline Welch,3,managers,user,False,2025-08-09T00:35:03,2025-05-10T20:44:10,2024-12-12T04:07:28
50,user50,shannon48@example.com,scrypt:32768:8:1$cQO1r8gEnuCQVBhL$3b60d3c0a2ab3cfb82bd50ca36d664948ace2224a7cf42cf32d20b9e9c06922ac73c89478b89d93a15008a79c5d7ff3b73120c7c8ee303380ac416d5c738d4bb,Michael Beck,3,managers,manager,True,2025-07-20T02:18:17,2024-05-25T20:27:48,2025-02-07T14:37:14
51,user51,jwelch@example.org,scrypt:32768:8:1$AkVSaCoSRbT27ILI$748c3b37a8b2c823b5346f9b0dbaabe215b6eb35daf7de18a8fcb69118313c2a2f54bea7bff6e26eb8d6d646997c64ca443d5683e724d19c400220e63ee92e36,Adam Vasquez,7,finance,admin,True,2025-05-19T01:19:12,2021-06-11T03:37:32,2025-02-13T17:25:01
52,user52,sanderssharon@example.com,scrypt:32768:8:1$3oFxyoFTNYi62z3o$aee095a988bd590bece7968565f2746eb46d2f14a9324bf289fa09ee46fbcd76cdc92f129bebfbedd7204e78fc972527edcf54c9335724a01f3c46875f57ad46,Nancy Bell,4,managers,admin,True,2024-12-03T02:09:21,2021-09-01T04:55:34,2024-01-25T05:25:06
53,user53,whitemarissa@example.net,scrypt:32768:8:1$OXaiEDMANIm0tjPe$baa0c0e69b32e72e7ab8d92a5544f8115362ac9b386543343c027e220ed38344821ccd910d78105a11dfa52ea6d263a69be3f2de65b841b9dbdaa5c71a0aa498,Megan Short,8,staff,user,False,2025-03-14T00:27:09,2023-10-07T13:30:10,2024-04-26T14:37:05
54,user54,billybennett@example.net,scrypt:32768:8:1$rm5mRigXpoj2NJmv$d348ca3b5511ff713e203463f4da76894859106bec88827a8e752cbe62e2c35edc97f33dcf36bc1dbe80793618615ce4ecd937e19193fe34aa9bb43c2bf8f5fb,Nicole Davis,4,admin,admin,False,2025-04-12T13:22:22,2025-09-22T09:28:20,2025-06-14T12:16:12
55,user55,travisarmstrong@example.com,scrypt:32768:8:1$Z47mP3ZGvjjIKkEq$95f8776cabc048358685308b0b32ff6c83e03230a778b6c297ad79bbc1acaf7f1faafd432bfa32257813dfe046997824e1edcdb92f74c70c09609bef6963066f,Natalie Flowers,2,admin,manager,True,2025-08-24T22:51:22,2023-03-24T19:39:56,2025-04-22T00:29:28
56,user56,william06@example.net,scrypt:32768:8:1$GeY75XtKy69jMqGm$a044dbabb30959bf79093a4a682445e4cac36c4feaeadfca785e841035938627a568983a9adbbdf735cf33c7afb1569975118490d1dcd34f55bfd3654bdbd6fc,George Smith,9,managers,user,True,2025-01-03T19:14:17,2025-06-28T14:44:49,2024-09-17T12:44:26
57,user57,joseph62@example.net,scrypt:32768:8:1$IAaONZS6VAH645n7$9b78e8b18d8f0ed4f473042c17f3c37e5984e5c5725d13e60b24d46324a8e48f99ba7e1069582b1c782b1659de9e64da310cb364569e6cac9c0646abafaa02ca,Martha Hudson,8,staff,manager,True,2024-11-20T09:01:56,2025-02-10T06:43:27,2025-08-22T18:19:41
58,user58,james35@example.org,scrypt:32768:8:1$algKxxDNTArTYdbz$4bf2444052470affb2214b196a83e2cc407520b3ef459ec872ab8c26ba65d82b1912295e483e01a1245f16ff83dcdca1c9ba7675c290d278a86d5af89065a91d,Arthur Fitzgerald,4,managers,user,True,2025-03-22T15:19:20,2025-01-13T20:49:33,2024-08-29T06:38:33
59,user59,cwilliams@example.com,scrypt:32768:8:1$r9QC4xsLWNKgfsQQ$a737695b1b1b727c38a9c5cf26a88a2d964d48676b9176bf6fd159337a3a2017430cb48815f3e84d0304b4e7eaaecffcfe05cd92fb63ba26a8a6b56909738591,Adam Coleman,8,finance,user,True,2025-07-21T19:11:59,2022-01-25T00:34:32,2023-11-16T21:04:27
60,user60,gallagherbrian@example.net,scrypt:32768:8:1$fQVdAkI8YhHY56vQ$200943e24f7726bec71f622c61651fbbd11ab05403ee770840307fe733078934e70ccc07a04ddfd211f2679d6409d0d559e08a363eeeb87e91d9b1aa612b76f4,Amanda Carlson,9,finance,user,False,2025-04-01T03:56:36,2022-11-15T13:26:33,2025-04-11T10:13:06
61,user61,jennifer32@example.org,scrypt:32768:8:1$0X5Fh8KTCLBSst5F$56c7a682de4e0efe6a0d78cf33038b5303585c0ddb17f280061b468a8920040a3190adc15b942dd57bd155d14e2d8dcb48b7fc50750c6c9624605b25330ef376,Miss Barbara Lee,4,managers,admin,False,2024-12-14T09:34:53,2023-02-21T15:44:01,2025-03-28T18:29:24
62,user62,bethanywilliams@example.org,scrypt:32768:8:1$xAATV6uS1nomy0I0$828cf4904a00e23069906a4bd5a603d1d6e29eb1199044cceff68457b14756e443ac111a59489f5ce4054b966f906624f1022ab2d2d5c26191d432cd1c69ba49,Jasmine Harper,9,managers,manager,True,2025-01-08T06:06:40,2023-03-08T13:48:22,2024-03-28T22:11:57
63,user63,kaitlynalvarez@example.com,scrypt:32768:8:1$PIyug3SmUv1NLbO4$07d5363b3dc646fab1c4f7a70eed8427be2ed427307184fbabfe2138a709974d911bffcbe4f423045181c959bb6fff092580b011a77ac4faf3fe58b0e5d63577,Traci Baker,10,finance,admin,True,2025-02-12T08:55:28,2022-06-30T20:55:43,2024-10-20T01:44:10
64,user64,rspencer@example.com,scrypt:32768:8:1$0bWzDmz3CrR8DPYQ$46153744ab470a5ec290640624d35618e546e99bc688590733336e15e34435061437bb422c72027173a96b04dad7781cc89bc8597acfdad140f72fd35fcb2541,David Green,4,managers,user,True,2025-09-28T22:47:56,2021-12-29T04:32:54,2025-09-16T04:20:23
65,user65,gilmoreluke@example.com,scrypt:32768:8:1$jCFn6JxLbMIcb19Y$256956d292a339814a553a2b6d162949f69441ac5a6e2456e6f22c19cdb9c1aca1f2ee84150c51885fbcdf686f990f31382dbe9a259f8aaab4fe3e434847d829,Peggy Cummings,3,admin,manager,True,2025-06-22T08:48:44,2021-10-10T08:47:29,2024-12-17T19:36:13
66,user66,michael64@example.org,scrypt:32768:8:1$rUt3ZmeQSuqOL4J9$ce8cd116dc362568a5a92900c6a09a4666fab022517dac91e924e872a4c99ce5ab66f680466c5da745804a94b9a1c2695513b8520174521e9b4d2384abf0ee44,Brian Miranda,7,admin,manager,False,2025-06-06T19:48:49,2023-09-13T15:12:46,2025-09-11T13:33:16
67,user67,wilkinstracy@example.org,scrypt:32768:8:1$PDpL6famaaqa8PAa$3ac787d38785081161718c8acc1e537359c28af9d38ababfc84dd5a2ffb72c590109e83ea5394158b4d1f6935f8eecedc15cef64a0a7812b5015bf4104fe3654,Keith Williams,9,admin,admin,True,2025-10-18T01:45:01,2023-07-14T06:08:47,2024-11-19T06:54:24
68,user68,alvarezdavid@example.com,scrypt:32768:8:1$qL5E9zLCbHgyZYsk$07e686e2f0d7c328c570e3bb05567a6f1c0728e97782090b50cc28fe8050ad8c44a958da52de1733f7e8c29e1c2c34b3acf4cd8a5423b2901db9e6e4f66fcfc0,Justin Cooper,2,admin,admin,False,2025-07-13T18:45:42,2025-10-02T09:19:55,2025-07-05T17:52:56
69,user69,taylorchristopher@example.com,scrypt:32768:8:1$y3SsyeIFkMoshNga$8bb0090b3fb380c03f0a56108d26c6aaace6922323d66994358c9289c480669c9376e73dbb06873f319b8b5912a3ac226ed8ad333717ec956355c7eb06011877,Peggy Stark,2,staff,user,True,2025-03-13T08:24:48,2023-12-19T22:53:08,2025-06-17T18:13:37
70,user70,williamssusan@example.com,scrypt:32768:8:1$B7mmAgRwrzAgtORY$edc01196c9ed0b820c8eefcefff582f01c2c55849b767a98c24ccc185f61518bd568324900450c8d310d42830e595670aa5283628ff67651259403d6851b2974,Tanya Robinson,4,admin,manager,True,2024-11-22T04:34:47,2021-05-30T18:29:42,2025-05-02T15:15:27
71,user71,srivera@example.com,scrypt:32768:8:1$iHHHoO3VmGZEOZez$ac519a27b5c497beb7c2a45dda2275ca9205cafa90e49d11e7d3b2738d09684a39073446d3efd439372b88135f7f66c97006cfe1b2f9bc87ba779d417f23d5c0,Jamie Brooks,4,staff,user,True,2025-04-18T05:10:49,2023-11-16T00:30:41,2025-06-27T10:30:41
72,user72,moralestara@example.org,scrypt:32768:8:1$RQRWr1ARxhtOWcIS$03db378ab2642e0173ed09dd394be8b7e92a084e7b3a1f474058136e4276d99233d74fdcb82786e72eaceced9b7de1eb9e12075798c41caa40798954818f0a12,Anthony Crawford,10,finance,manager,False,2025-07-28T22:32:52,2022-01-07T20:09:41,2023-12-06T04:51:58
73,user73,sharon22@example.org,scrypt:32768:8:1$BMEEzF9AwUulEQLj$d4b064921e9008b30b63096986324f8f0b255c2ab7f01bfddf5c5322bab689469c87bef7e2c0e8497ae1d7ce23403e5e8a5702df83b7bb8117b9ee23997c72c1,Denise Thomas,5,managers,admin,True,2025-03-18T03:15:16,2023-07-16T18:52:51,2024-09-11T10:44:56
74,user74,vthomas@example.org,scrypt:32768:8:1$jjQtmYOukxE04KkD$3478e7a935ac15608b29cd57a633751cc45715154c3df14c57a0738e0435ef677aeb391a7450926c6cc0a9b449cd0a5cf3012051aa1a22b42aa89ae3357280a1,Michelle Burch,8,finance,manager,False,2025-09-05T05:04:02,2023-02-17T11:18:42,2025-01-23T21:07:27
75,user75,bhaley@example.net,scrypt:32768:8:1$VyhXfrSXqrN94gvd$c7e3950ebcd78789b6a6ed50e3d9ce6b1ad5eca00afeba69f83cf4a7e44f74515a5c25561c2775153b9e9ba8c877ba5cc439631e98ee411454ff2deec51c9184,Terri Gonzalez,7,admin,manager,True,2025-10-21T17:50:02,2024-01-22T05:37:22,2025-05-10T08:08:32
76,user76,susan12@example.net,scrypt:32768:8:1$YYCeY9C6IY4lHANJ$95cb5520893f2342f4825ac9ee05c1b4d6c0ab44e9496d29f5747d91bc219e2e4692bc40ffa8e3226b6949ce584bca6f8f4d62c1ff504e5c98b7c7350ed1f631,Katherine Holt,3,admin,user,False,2025-04-08T08:53:00,2024-08-04T02:01:40,2025-04-13T00:26:48
77,user77,vperez@example.net,scrypt:32768:8:1$M3wMyHB6JRoUAoS9$e5063cee7e2c088c3cb145c220852303ac4960ea263465918e514b2bdf99bc75001c00d9a73ac0d1f994c1ef55fb43c5fe1f8c39d93f075e78fdb184aa25c65e,Maria Smith,7,finance,user,False,2024-11-09T15:13:11,2021-08-15T13:04:09,2025-07-20T11:12:15
78,user78,kpotter@example.com,scrypt:32768:8:1$EmUBvrEuvF6WqIaf$5737ad98dc1b6f5513fa9c58cd1af4e73a5b3503bb68ca7b6731ace6a0c160bb853af71a6050560d54829b2c15fe43ec05f9ef7b0c8089c03e18404cfe759c9e,Austin Gonzalez,9,admin,user,True,2025-10-28T00:00:46,2024-03-16T00:58:00,2023-12-05T03:25:07
79,user79,egibbs@example.net,scrypt:32768:8:1$inHLLFxKdy79Rcy8$08e4b8a334501593c07fc8e666205f28ab2144cd39ff8d39d58826c2783ff44d8fa06d7e93812469c30e797800a583105f93b9501ab5dbd92ec77d272212ebee,Laura Smith,1,finance,admin,False,2025-10-29T03:08:44,2023-02-25T11:09:40,2025-06-14T10:04:18
80,user80,wattsamanda@example.net,scrypt:32768:8:1$bS8ND1UfR8rJjnkp$a6387e0eb95d9cc1c492bff6df880522c785ee292e8d4ef0f05182a1d96d8732d5edf132beabdfaababa2c18c934986006d240f1043299d923bcc49ee9ef01c7,Kevin Ali,2,admin,manager,True,2025-02-08T04:09:10,2021-10-16T23:01:57,2024-07-04T09:17:25
81,user81,jennifer86@example.com,scrypt:32768:8:1$pI8TnRzDsisSSnvM$67357ac06764f55fc276e40e0e2fff16cfe9e49200ad4f616ed66e4e7a475e93de2ebe8c9201c91b0d24d35e5836b7843ce6d46840251ffbe3f4ab86a32bc748,William Herring,8,finance,manager,True,2024-11-26T23:28:38,2024-01-15T16:54:57,2025-09-13T19:06:15
82,user82,qkerr@example.org,scrypt:32768:8:1$2NJ5uoywxUR8FDWA$7245143aeb0be7477c9e481fcacfc6f845913a044638fdab167a363da4177d1e0e865629e1b8283c3e7692630af0cc2e3a20ebe48303e07e4ea296f40ec73bac,Tammy Hicks,4,admin,manager,True,2025-07-19T04:35:14,2025-03-24T07:31:19,2023-11-28T16:47:27
83,user83,fwilson@example.net,scrypt:32768:8:1$sQyM2s7c3oE2rbJV$8b0b8c275ca2b5f0fb7b7d7deda9080876263ca3796198eb0933cdbc51e02fce62089164abe98421ffc8b2c5614c9677fb60a9d7615bfb6ee443e478c7fecedf,Karen Wang,7,managers,manager,True,2025-01-26T07:06:01,2022-02-05T11:16:14,2023-12-13T16:32:30
84,user84,rebeccatorres@example.net,scrypt:32768:8:1$kZnq60C9h2cnTBIA$d87979defd58f22cbe0c58b5f384e2bc88e5ada0171d977db13213c53f6a0cca48b97a2617b02e065b15482d2a3d92f5f570beccf572db6a1dd208181011baa4,Elizabeth Walker,5,admin,admin,True,2025-07-05T18:34:51,2021-09-15T20:07:46,2024-09-28T07:08:54
85,user85,wrightsamuel@example.net,scrypt:32768:8:1$6YOzN35UDjRjRWeP$b68884bfba59f03e74e27a1a300f002f0a30458da796d913955a341d063bbc68f71ec6a9caf601738df02ec3717e81ef7e3d94309e08fbf6dfa2d376952b8d50,Bethany Clark,10,managers,admin,True,2024-11-28T23:03:28,2022-08-12T18:31:09,2024-08-18T07:41:05
86,user86,ashley54@example.org,scrypt:32768:8:1$ueaujlRyd94ys2lD$04386da48de69a7a907c014a0e8c30488013fbf280f934d44de2a41fbbb4b53787c78639251e241fa332ceb4a426ba069d8632f39827b41b99c288c9d865de67,Kevin Shaffer,7,finance,user,True,2025-08-14T20:53:49,2024-11-10T14:39:59,2023-12-03T16:00:07
87,user87,bshannon@example.net,scrypt:32768:8:1$6lqy3V3OcpIJFVpJ$cd49675565cbb077bdd0bf5eaf0bdbeae5fb222cede1ff2dd99b93f7c7d6c1386d2daec8eb75a9f2a90adb6972bccd9d122070db18747c698aabb306d6f403c7,Danielle Watkins,10,finance,manager,True,2025-01-20T15:32:12,2023-10-14T12:49:51,2023-12-08T02:20:21
88,user88,cbell@example.org,scrypt:32768:8:1$iMIRgH2ATQzVH91r$9f044e732bf578e03156d00cfc5013f5b1c31cdcc5f6900c172802498385e5d2c061beb588d48741ddc31d26bc1c8ec9ea977b6b53d89cc78ab67864072f6598,Brooke Price,1,admin,manager,False,2024-11-15T01:03:12,2024-11-05T03:24:31,2024-01-26T08:08:44
89,user89,matthewpham@example.net,scrypt:32768:8:1$0QwmwYzwOPNCReXu$9a49f07295a44d735007fedc200d294d7f4d2cfd6f3f7299a952e5241ef9fd0861d19f2286b5029351cb776846bc71c007581d6849b2614de43bfe28840cd337,Charles Brewer,9,admin,manager,True,2025-08-12T17:54:01,2025-08-26T17:19:33,2024-03-24T04:46:35
90,user90,patriciajohnson@example.org,scrypt:32768:8:1$Pg4w70hbsU5tyWuZ$314c67c8decaa939df795dd2c7233ad3c8799a24c452421af0cf4ec340d955566fa42145237e0b6a732269134c23194ce82b4e2cf03e9f8b78b2a644c16a7a7d,Donald Hughes,5,managers,manager,True,2025-09-12T06:54:53,2022-09-05T05:54:36,2025-03-23T09:46:13
91,user91,anthonycollins@example.net,scrypt:32768:8:1$xY3zriv66dbcIfuu$f587e2ce93f4bbad0c906df03ae4c89b35f11b6003a2028471150372689af20ecb895f7374c27b81a334fed811b5d4b5f80ec45a0b212baf07a2d7d15fdb70b4,Michael Benitez,10,managers,admin,True,2025-04-29T16:19:00,2025-07-20T05:53:33,2025-02-04T09:17:47
92,user92,nelsonlisa@example.net,scrypt:32768:8:1$dAobwILrthss3QHK$d0fd1079287822427f6c5e80c4e6ee1c4e0e910acbaa29cf031fd396e07ec034b4a92a10857ebb318ca29f217fa16c88a154eb28695042c25bc7b09ac58b818e,Jessica Cook,2,managers,manager,True,2025-07-18T18:50:05,2021-07-07T15:48:25,2023-12-25T05:44:53
93,user93,wmay@example.net,scrypt:32768:8:1$puJxxpOT85RB0dFG$53753df0eb3e92811ee8c587021ae216ba961b8f875491c2ffb145e00782967f3bf51c10af2fb99bb055edbbdb988a4824c9711de491c04ed8b78fde03e215a9,Paige Smith,7,admin,user,True,2024-11-10T17:17:27,2022-11-09T10:22:38,2025-04-25T04:18:03
94,user94,huntcarla@example.net,scrypt:32768:8:1$39ZD86gaXmwURbJx$7f0bff63183814b8b255958687462a6aca80a63e2b172305eaad2a849768a1548c7e050f32a4afa749ce6ef77d7dc5f48278cc22d95a126635315554e9844575,Jeremy Alexander,3,managers,manager,True,2025-02-04T20:37:04,2024-06-06T23:00:48,2025-08-11T07:15:46
95,user95,jacqueline35@example.net,scrypt:32768:8:1$MeDAns2RdIW3t8AI$c86b3420e3d0709b7cc6a148b5bf344374f60d5354f906631372305aa5869decd6e182733e00b4d2b9ce10e75dce9fe3be2f039192e841211aa36b813cf1bbdf,Amber Tyler,9,admin,user,True,2025-07-27T14:42:26,2022-06-27T04:56:56,2025-01-14T15:06:04
96,user96,schaeferlisa@example.net,scrypt:32768:8:1$XgxHL2EpHtOs7RaV$dbc3f294df1b98472de09c51b9d547b549a92258d51201e9c5187a619abae3bc674274f162146af57cc059f3e9ad8ac035509bc9eaf59c42de8d5d4d46d981d1,Amy Moore,5,staff,user,True,2024-12-06T04:45:28,2025-01-27T00:05:07,2025-06-06T18:16:22
97,user97,william82@example.org,scrypt:32768:8:1$HhbNhUnEniqy33sD$785d25fd389d5dced423b4cfdd3d89b113ef5338c7cebef7ac35c28e27279e15feff74deffc64e3d9cb2706a12fddc669edb07871cb7f7fd7447927eb0c520e9,Ashley Marquez,9,staff,admin,True,2025-05-27T14:56:06,2022-04-22T17:38:21,2024-09-02T22:46:48
98,user98,gary10@example.net,scrypt:32768:8:1$gbOTr5RaH1cqD3KX$00d4102549bb98761afacac5960e58f262923bf9a179d7b3b8c916702964c3928c0e1a9c649e689e03401845f7ef2947a8bd878567ef4710b40efcf2c392893f,Janet Keller,5,staff,manager,False,2025-02-01T08:38:29,2022-08-18T12:02:16,2025-05-09T07:17:18
99,user99,pateledwin@example.com,scrypt:32768:8:1$6RUUwyJT0jt4hM7L$3bf42d207fff1ea2d603b3df19d301b09b08baf3bcd98bd9ac7ecffd60b00c8135486915f86ebbfa5e1a015367fbe8f356f429eceecea24371f3b258c259ff5c,Sharon Torres,4,staff,user,True,2025-09-10T01:25:32,2024-01-05T04:51:10,2024-09-27T17:59:58
100,user100,christopheryoder@example.org,scrypt:32768:8:1$NcYcPB1KJkYMB38V$663a6f0d17a0fa44056e92b51bc8a96aebdeee78270e0e3bc15db0bd2e0d165c9e6703591587c29afd7dcf91064bb54d71e4ccf0a377a7422fd2e46c7fbeec39,Erin Wagner,2,admin,manager,True,2025-09-20T17:49:00,2023-01-01T07:10:18,2024-08-02T09:33:26
101,user101,steven54@example.org,scrypt:32768:8:1$i5FbGHPniCsLgnZZ$c3509bcf48e6c1e3d013143ffe5545ee1d44eedc03bc888be572116e0c71c9ab4ae8247a97b8e695dbd363116f91e616fcbffad737e630ac2cc73a336e3d92fe,Lisa Mann,7,staff,manager,False,2025-03-17T21:54:25,2024-02-01T15:18:23,2024-12-16T14:14:48
102,user102,lisaadams@example.net,scrypt:32768:8:1$krFlJt0kafMHGRUm$cdad741519a5733111183c84c3c8b6cfc797f6d3d9d69ce97d822a0ccd9774cf642b4f1252d19cef00bcde078b488ecbbb9e045f184acb3c3eebfb7d68a059be,Melissa Reyes,4,managers,manager,True,2025-04-02T19:58:24,2021-02-22T12:08:21,2025-01-13T00:17:01
103,user103,dawnavery@example.net,scrypt:32768:8:1$GpOs7zBMJp0rdREW$8fd723acc77110b482909eab8f82cafcdfafa30af28cc8b9fb89a14f66509bc2a75e44d75214082dfc87367710fcac8868155557d9076613627f63e7564e5d30,Robert James,7,managers,manager,True,2024-11-22T02:07:51,2022-06-30T03:35:37,2025-04-24T01:25:56
104,user104,twhite@example.com,scrypt:32768:8:1$xZ12RoGKG8yM2ohg$2870d022b87125f2cdf47be0487052124e41152d58411d57905aa30d480d15e6b39ba4c1595afaf4910e2563dafc988a8600a6e08c717129537210e3c0ef111f,Laura Johns,6,managers,admin,True,2024-11-14T14:01:34,2025-04-04T22:05:36,2024-02-11T04:30:08
105,user105,benjamin22@example.com,scrypt:32768:8:1$whTxRyPwpBr4LH2b$08b5ee61d3f2b177371ec95641bafb4d9b73f816eaba052ada6ebea8e3b20ce4331c77a36829c99333cdb69a6acf6bf979f58b49813ca72ba0ba76de1a04e581,Cynthia Graham,2,finance,user,False,2025-09-19T10:16:46,2022-03-04T14:01:51,2024-03-04T03:52:18
106,user106,aaron67@example.org,scrypt:32768:8:1$sjGyyPBhMZvgTH9p$10a60c2e973a48a8ce034d6e6357f33a3c247bd655755bc7472add694a7e2fa657e0609aa30044de0bbd2013ebc807f98b313f547690409c17e9fea4d09ebe9f,David Petersen,9,managers,user,False,2024-12-18T13:13:38,2022-12-06T14:54:39,2025-02-21T04:59:00
107,user107,pwade@example.org,scrypt:32768:8:1$RWnYHi3Kf2EaYFEd$1ecaf553d1ca41dba8c71620b8cb621360814b05a1c7631c9ca377c9ea0b580e74c3abd9690e95d735ed4fa72d243de0877a2fd0f89706e6e57f43ada7d5c272,Laura Taylor,5,managers,manager,False,2025-05-19T19:55:24,2022-08-29T03:39:57,2024-09-25T19:55:12
108,user108,shawnhall@example.net,scrypt:32768:8:1$KXJzXektohnXFTiP$f3136f76963d291fea2e43c9cec30e883ebcabf807b520b06200efc27cc48ed1c55bab4229df3795e1f102698c6e677462fe564aa7fcb20c961b1d1e460ac50e,Marie Nelson,4,finance,admin,True,2024-11-19T02:06:46,2022-09-13T20:46:29,2024-02-05T22:57:59
109,user109,matthew03@example.com,scrypt:32768:8:1$zBFj50ZaxESFHpzj$aa3be6ea0fd83f5489ca1525a90be0af27ace803b8932d6566dc2c71af8c7ac17c3bc9677e25482064ca9f7b1c0ffd42764237aa7293181f9a9b6693c7e819a9,Nicole Woods,5,admin,manager,False,2025-02-13T12:24:11,2021-08-14T12:23:40,2025-07-15T00:34:54
110,user110,chad80@example.com,scrypt:32768:8:1$RGoe6pRJzyq4zCdX$b488859011040047c911e4cf27a4cf05baa590681767b68a37b30cfacde713ccad65c3e5074c1ff54b25b984c1234921111e1c15dd39cec621baf5adbd0a5d9f,Laura Brown,5,staff,user,True,2025-10-16T13:58:16,2022-12-05T00:49:20,2024-09-07T14:10:07
111,user111,kellyleach@example.org,scrypt:32768:8:1$DsIXlIf5cFIw9DSn$fc6cf9e0240420093fed726f864160ddfd36b770ba0e7366d2d3f880245c4f744d2e46e2f4bb59498fa26fbee4cadee997221456aa531f1374233fe6f390e2af,Troy Cooper,1,staff,manager,True,2025-08-26T07:51:07,2022-07-02T23:06:57,2024-08-12T08:03:50
112,user112,heidigreen@example.net,scrypt:32768:8:1$3Ul9fL7ex8QdPLy0$56195d3b03106c18f5a2734b49e5dae3652a6b2a13a1fbf53d5d7de2587991bdde087f6cbef5242abbc15f175b660703bebcded83eb224eaed8c35160546ba29,Cindy Adams,10,staff,user,True,2025-10-01T07:29:57,2020-12-29T15:31:21,2023-11-23T02:15:50
113,user113,smithtommy@example.org,scrypt:32768:8:1$Oi09AkYl5KgBHAgt$00fe2aa03a3373dca3fb3022b3fe9caf4d44e14838fdad1a20adc23326066efd34fe7084cda89e42e3031906fc3b8746a82fcd3fe87649872306e0bec8bb1082,Ethan Lewis,2,staff,admin,False,2025-05-19T09:13:50,2025-08-12T13:37:09,2023-12-17T18:18:13
114,user114,cory08@example.net,scrypt:32768:8:1$wAJ9pptNNL70h75D$66528e3ab35d763c4d2e6b095b6736dac7ac79bd0f42f5b88322157134f9a1be5e52ed6e73d5ba1a3d300c88b9354133c7467a4216e5959dd080c331942dd611,Carlos Lowe,4,finance,admin,True,2025-09-21T17:23:42,2025-05-07T07:12:07,2024-05-13T01:11:12
115,user115,aliciaorozco@example.net,scrypt:32768:8:1$06pRbAA3vprDklQi$36007d31ce8dda0a1508bf19877f5f541b7d9d696ba4fbf5511e6b461dcd7c9735730eac27a93690a53c18d54bd253de447d081cdf4e893349001c932067907e,Christopher Bond MD,3,staff,admin,True,2025-01-31T21:13:35,2025-09-17T11:23:15,2025-07-14T04:40:23
116,user116,juliesmith@example.org,scrypt:32768:8:1$Ns3NGEylgWobOMEG$268a43161a45057cb29f65abc73f371b44def4c2d6c404c2cf6f578e395c51f0cffee4c2fb8d08c03e2a20ef4247ec55c761736686cb537910f4f7e7726e93e0,Marie Ho,1,admin,user,True,2024-12-25T04:32:54,2024-01-06T09:46:58,2024-04-14T17:57:24
117,user117,michaelwilliams@example.com,scrypt:32768:8:1$vJi4utj59lruTL9U$9b465d2a2ba47e35f125e6efca4a12cd51a4e6033e915277949b49591c88faae84b804d8c3f3d2853deef039763871cb9136f57ea99e4723545bb4024f574be8,Elizabeth Todd,2,admin,manager,True,2024-12-25T15:18:48,2023-03-19T19:12:40,2024-05-08T21:36:27
118,user118,justinflowers@example.org,scrypt:32768:8:1$a9jFSAQJRLLEbWYu$769f9eea9848589697b4f12c4696fc914eecb1b4dca5ab075d9366d31cc45dae4617b0e8c7c9b4745a21c7cef440b09d1efae3f08860c2cbf7c53ff3065c178f,Heather Hampton,3,managers,admin,True,2025-06-03T16:34:33,2024-12-18T22:44:31,2024-10-24T14:20:30
119,user119,donna50@example.org,scrypt:32768:8:1$CPlgGGfUMBZ6y8lF$178b807d64c5714d4c09ef096b00c2ba73563d1602f3547b3ab6dcedeffa656c5a3725518a470881b90fd057cf2324dabc940feec3b921dc8a221cad7c68181f,Amber Barrett,1,admin,manager,True,2025-06-03T07:34:20,2021-11-23T23:57:55,2024-05-23T02:10:55
120,user120,fishermargaret@example.net,scrypt:32768:8:1$YpD2SpAyqOA0VXJv$aa27496073afed6e3ea8059679cc2bb76d1bed997d9739dfacc921c03f35792396d6c9513a616f204f177c0ef2d659398efd915ab4152f0f0e48fcad43b0e912,Stephanie Wheeler,4,managers,user,True,2025-02-05T01:35:30,2024-12-01T21:02:36,2023-12-25T02:58:16
121,user121,anthony57@example.com,scrypt:32768:8:1$NlBjMACkT9OEiQo9$e31eb533c4d50f2ff8e99a7264f59d79c620892e75ef0dbf8dc0ad68d0d248070f2ef1d0839614bbb16e6474500669bfe7c8e7667d904990aae1d843ac3dcd2f,Evan Gomez,4,admin,manager,True,2024-12-07T07:11:58,2022-12-16T13:51:41,2025-06-07T00:54:48
122,user122,jocelynvelasquez@example.com,scrypt:32768:8:1$RMt1zU0WMp4QWGkJ$109620580cdbd1a208d6f68fb59b9791ff690c5d24fcbd438d3f03e4980de8315915a992567a53ccff419399c0f9ea7fd0462d1311442fe92f840f825e946e84,Matthew Kennedy,6,finance,manager,False,2025-10-03T03:32:39,2022-09-21T14:23:46,2024-01-19T17:04:46
123,user123,bobby92@example.org,scrypt:32768:8:1$biiAi7lShSQGOAwM$cc350c893d64610bbc7cac7fe3333674307d7b8dba122e43953fac2cc319b8c8540a6dddfd36daab29bba5163637f91dd605008d0cc13a4ecdbacd0bfb0bf0b7,John Greene,8,finance,manager,True,2025-02-07T21:32:32,2023-09-18T19:24:23,2025-05-19T20:27:59
124,user124,ohill@example.com,scrypt:32768:8:1$lvGJ7HMakfKApg1f$50629c84e253f5b6855110fedf887617cbcd649505e624e59fb8c257643cda02921d16fb6b878961b662ef3e2c64ea8a1f81fc70721af023d98ae9a4737dcc17,Kathryn Figueroa,1,admin,user,True,2025-03-17T03:55:33,2025-09-10T18:32:30,2024-08-27T08:52:18
125,user125,thomas58@example.org,scrypt:32768:8:1$rXaRjGZ7KNId8SRk$790cfa5e2db6f685a8a7dd3bad4e7d25075dbbd3f6f8260d3d9b6c222123376c2cca90adc2136b2402a118cfe074368ea033057cc793561c4d4f7f3c97922dc8,Anne Hendricks,10,finance,user,True,2024-12-21T00:48:44,2024-12-12T16:25:29,2023-11-11T02:40:50
126,user126,louis98@example.com,scrypt:32768:8:1$Zio8b8pgKijebBo3$6bcad294abe88832ed765c38c6a00e16a1497cb33d50a5f3f59e108c701c45f74429e41a9a650df2562f45d94d58c8b02201e881b33f7f436b4438a499d6be78,Robin Henderson,1,staff,user,True,2025-03-07T09:17:27,2023-05-26T16:49:38,2025-03-10T22:58:24
127,user127,cory87@example.org,scrypt:32768:8:1$0iZpWKUBPMtRukq4$7efddceb3f158222ed3e2cb2920b830b6b60c69155ccac042839cbcad134b1b49b1cf7384dd9ebc7989983f0e1d9330c05d9b1907f2a1fbe50ab9cf75acaf7f5,Mrs. Faith Charles,7,admin,admin,True,2025-01-10T07:34:29,2025-02-10T15:46:00,2024-10-20T20:19:29
128,user128,cmiller@example.net,scrypt:32768:8:1$m9tYpoMU7qwUv7WF$76837c80e75a7dd9f629f1665ba0dda643ca043e4cb7b17a2693a436f13a6a271f6d364c78990f4a6b642e1d154b42580ad2081346a5145f7df05efec72a05cd,Margaret Davis,5,staff,manager,True,2025-03-02T15:28:15,2022-12-12T00:53:55,2024-08-27T17:18:51
129,user129,agrimes@example.org,scrypt:32768:8:1$dcFiKXljlwDLAlMi$6dd36d27024daa61811f8218d031196f3834fa6b80a49adba9e730fb0aae0e8443050a5a9d3367c1550d5f3616759d9d993c76933f9555fbf9dd9fce848181d5,Corey Ramos,1,finance,admin,True,2025-02-22T05:57:28,2025-07-23T06:43:42,2025-07-12T21:30:54
130,user130,christian12@example.com,scrypt:32768:8:1$mxF7EbQr2OE8dkLK$aca04a5e74746746605377667e3b656bbc16cf052346a488743694d95e9ebd20f66c79febdc71bae6f59c86765e55a4d1bd40819a37c4ca3fedffdaf62358f59,Jane Williamson,3,admin,manager,True,2025-10-17T02:50:49,2025-06-23T06:34:58,2025-06-25T19:49:22
131,user131,brianleonard@example.com,scrypt:32768:8:1$sQaJ6s8B2avJVOIs$670079e40147e17ac18bc75ef4084896f9d9e90da9cec1de31db566fe8dbe6b0341d896fa33de06b5a5a23acfa66483ee02c349be288c2a26d635b674883799f,Lisa Smith,6,finance,user,True,2025-08-20T01:57:37,2024-08-14T19:18:30,2024-05-27T07:42:35
132,user132,saundersdaniel@example.org,scrypt:32768:8:1$crsU9tp1vcnHNOGG$89f95923701cbcf5c785f168a094280cc7c50b3f140bf211e62e8101023766adf98035cbe56881c7685656bfd52d86bf87e51270c486bbdb49f9ab0ed116e485,Isabel Wang,10,staff,admin,True,2025-07-20T01:30:40,2024-03-16T19:33:42,2024-02-12T13:21:15
133,user133,chelseaevans@example.com,scrypt:32768:8:1$8t5sxN0kGKiFoYxy$9c61a9dbf5717d131758329487903b79bddd2e84a25d75e55d388ec7f74386e1b874e0e35cc39495fda389f21c182e885fa978430045322306b011f925ca27fe,Tyler Mitchell,1,admin,manager,True,2025-06-30T23:17:23,2023-12-21T23:30:29,2025-04-05T17:35:02
134,user134,jlawson@example.org,scrypt:32768:8:1$2Xntx78u02unlJLy$90ee74611722b17386ec1e6e173494d19dd04b4832c674009f374d5bc7dfd8cb8fcbb95f0b589dead27ed423fe6b7019a45e5947e6ec83929383ba79c2e6acaa,Mary Adams,7,managers,user,True,2025-07-13T13:45:21,2023-03-07T12:02:37,2024-10-02T16:15:19
135,user135,johnsonkim@example.com,scrypt:32768:8:1$lPWkooVIv5zPI7Nm$0c52522a79c1fede3cf0a68f580909e3811f0233f9ca7821dfa1dc2441eb57e30c7d4f7669c5ab0d3ba56a69fa1c34c6090c14668cc4bd0fb4cbab5e3f15d076,Gregory Cook,3,finance,user,True,2025-03-13T20:06:01,2022-10-01T11:46:06,2024-02-17T20:28:11
136,user136,deanwilliams@example.org,scrypt:32768:8:1$eV9nEvGj8Bf6DKwr$24154fe608e3ff49e594b1eacbe4de28553c3cf8ef4e17ea9c65598bb8881e194da33d13377315990d03770205336255ed50984d5fbee87fa08f8e923a99fade,Paul Chaney,3,finance,admin,True,2024-11-22T07:55:36,2023-06-13T15:35:08,2024-10-11T12:34:29
137,user137,cynthiaromero@example.com,scrypt:32768:8:1$uuUEMzEhI72Pc3KN$538a7789050f05092daca05121b0cb9c206c55b7dbe948ab4b366180279cb408f5a3a5150a69da2e8a7ba1cde70adbbaecc46ee5a014fb49e1e289327a297a8d,David Freeman,2,admin,manager,False,2025-04-04T08:03:03,2024-10-25T13:40:00,2025-03-14T20:49:24
138,user138,scarter@example.net,scrypt:32768:8:1$Tp4BEN6g65kf77ru$e8765bbcde53f6fefc03b4493250eafee815a0615d3bd48ff33cc84947b48e34269d582d688ee742c31d0859e89b5adefafe25c05a4573f560b402a0c1bba8ae,Sharon Abbott,8,finance,admin,True,2024-11-21T19:17:20,2021-12-09T01:39:36,2024-10-07T11:21:24
139,user139,ugalloway@example.org,scrypt:32768:8:1$S6czFOpaQXTcIW9A$2327b393b15c6259d174fa64ab9503fe7b3b7119922f92a44a4b10db8bd30bf25dacbf20d4e428d4365551777c230c7ecdc51432f241290efa0eea61dfb1f057,Adam Wood,5,managers,admin,False,2025-04-05T19:54:01,2025-07-20T11:37:21,2024-12-26T19:33:58
140,user140,tparker@example.org,scrypt:32768:8:1$OFDcUgQo58RywfDz$c76c9adf7523ea44e39c43ea68e8f4fce5a4a5242c00c73c25fb0b776d4737fccc6c821de77821f7470eb7d3f8f3a00dc09e1abb43287eedd8a3537b79d33f5a,Amanda Stevens,7,finance,user,True,2025-09-10T08:42:25,2022-07-09T13:05:28,2024-09-19T04:49:44
141,user141,kayla69@example.com,scrypt:32768:8:1$rufqbYQFDqnjP2XK$b5d8a9ea05847c340b8ae9e3b993562dbfcc7ea8d40a393397e337b0771e793cb8ec6da6b001bc4ee05755d7c673a4e5f3ddaf6c16c40ce98db3bb76a990917a,Danielle Brown,3,managers,admin,True,2025-01-04T12:54:50,2021-11-11T03:42:21,2024-09-15T02:41:40
142,user142,novakolivia@example.net,scrypt:32768:8:1$wh0dxoCzpZFjm5oS$01bdd28584df68af47917ae4ce7218ef99a2796764375b16d4090c1b229cb1d502179a31938b09b268ceebd76509ec38d6b1d74245aa508045f1b04c5f406969,Joseph Campos,3,staff,manager,True,2025-09-12T04:26:43,2025-05-29T05:24:43,2024-06-14T07:59:40
143,user143,lstewart@example.org,scrypt:32768:8:1$iMrCbEXAFVGbfh8s$9a69ea81fc28af1e14aff3ce9b6e64e7cfb7abfaefd3a5e4c3ea79e67cc2d9a833be1276d4bf6983918bede0f7b6ddcdb29a05c8c86b9882373239a12c2cef95,Katherine Byrd,3,managers,manager,True,2025-01-31T09:08:18,2023-07-14T03:28:49,2023-11-17T02:10:01
144,user144,abigail34@example.com,scrypt:32768:8:1$bbldkXh1ZnxwStRu$d48bfc39107da1f3a36a7c4cea650e10f2c0d7187a96c323aaac16de48aaf0d2641369b8cda4057796f25667d91c5d3929481344592b5c1bfeaf8cbc58a11657,Michelle Allen,8,finance,user,True,2025-07-31T10:48:48,2024-10-09T15:54:13,2024-01-07T23:46:05
145,user145,cheryl58@example.com,scrypt:32768:8:1$bQ3uOmPH2vsNAkYw$9cf04ff77dc1fac6174f66959b59d45ec92cd354ee3bef01b3ce884202323a63f3eb59b3d1c5b8786edce0aa920fd65a9beb34ab79cbd93efc1eff4a16d27a82,Brandon Gomez,10,admin,admin,True,2025-06-06T15:09:10,2023-03-19T19:01:08,2025-03-09T08:22:46
146,user146,ellisgreg@example.net,scrypt:32768:8:1$1ESqHirj0Wo1PyLl$43db0c9fdaec0854bd98016e02571c671ad121daa1be7387e7c257e858bbd1622ed9a0aaa9ee9b3b75ffa0a45add87f9f34b14a4e8b1833d3ea1d34759820e6e,Debra Goodwin DDS,7,managers,user,False,2024-11-30T08:40:25,2023-10-18T18:12:00,2024-04-02T23:21:29
147,user147,ryan67@example.net,scrypt:32768:8:1$SF4V8KQQPcrlQKHa$c7a06a2b7264fb2fdedbd39091b3952c1751d2d5122284afd9f861a7544784aa199de85db104f4a0fdcb32611212be2a935371d36360698cb49f2e781e5e1cb2,Jeremy Friedman,7,staff,user,True,2025-01-11T15:50:10,2024-02-07T06:35:13,2024-03-19T09:01:43
148,user148,yfranco@example.net,scrypt:32768:8:1$7QdFxGrkKTD6QI1U$8c9dca80f95f27bcd66d5c7188e428cd9ae9678d3adea9845d52a23f15703152ec821b3a03203f8223356c709d2f65329574d1ac0065798f25416926a5b8eac7,Bryan Mcfarland,2,admin,user,False,2025-10-13T05:41:08,2020-11-11T23:29:47,2024-03-26T06:48:21
149,user149,laura37@example.com,scrypt:32768:8:1$nHo1etCULgJi1D51$ef103ae7b4c4ec5e31c6bdbf57b3f200362650148dd01169df0354d344d1c4b37e88618cd02578479e9f05b3f705b9e2047c1c54f3cde516f3ff8912d767a50c,Jon Nguyen,10,admin,manager,True,2025-02-13T09:51:48,2022-11-15T23:32:17,2024-09-19T13:32:25
150,user150,vjohnson@example.org,scrypt:32768:8:1$fBN3kE1KdtngyON9$72e727b591dc108316500a603bf84850cbce931575bc65fb313441cfea0b23eb709872619a46ec3ac1e6ad43568a7aadb6f333839541269345b565bccc7b23f3,Emily Edwards,5,staff,user,True,2025-01-08T06:29:08,2023-03-11T18:28:04,2025-03-20T00:31:14
151,user151,larry78@example.org,scrypt:32768:8:1$Z5mObyoFCwQh9EfY$cdaae79b1e2210638db73bf1122d1a962b8eea8c7c6471192b9225d222a228831c6674304d725f5294a49f71239de5635aff40c3a1e40d814776f21d4e66ae51,John Byrd,10,admin,manager,True,2025-02-22T04:02:17,2020-11-03T00:31:41,2025-02-22T00:19:33
152,user152,mercerelizabeth@example.com,scrypt:32768:8:1$dIdFddAScCCDr3ed$fa0b5b59185cb0f184c8010367529749fcf089648d742c94eba41fe34609a74f5dca8d278e729d6909398b5618f43bd293f38cd1f3a02346e6d07bb1f40dacb8,John Green,9,finance,admin,False,2024-12-26T23:14:29,2023-08-29T01:24:28,2023-12-07T07:41:49
153,user153,ryanbaker@example.org,scrypt:32768:8:1$06McJzYRzRWfPN9k$0a4971227e3f84440db9dd3118876f0c8f9b3005e4a83b37e780cf2e1f3773958ae17c7bf59f63572bed04fac280f3680e05c948143c5e03e4e19856577a66a6,Jeffery Molina,5,managers,user,True,2025-01-09T23:31:47,2021-07-04T07:14:38,2024-03-21T15:35:25
154,user154,ramirezjoanne@example.com,scrypt:32768:8:1$7HyICsxmt2ZFXPX7$a2832c1707a9361a30c81b36dec4bc36e2c12d711be65b623085b503903c22251be4fc08c5c28f2f0cbf161234c3d391808fd5393be0ec882a90f57af5bcf27f,Philip Nunez,5,staff,admin,True,2025-02-24T22:16:02,2023-12-29T03:58:03,2024-01-23T04:26:28
155,user155,dbooth@example.org,scrypt:32768:8:1$QQTF8cc5b08Z8IqU$e70183c422397090ee66932a2d1bc1c82c2a32715a12f137c9f54f1ccc1b695a3dbd632dbb594bd899b60c89caa1099092e0805ffda7362874bfba461efffaed,Robert Anderson,9,managers,user,True,2025-01-03T23:12:26,2023-01-17T21:28:15,2023-12-25T08:44:03
156,user156,xmartin@example.com,scrypt:32768:8:1$B76BuBqX2L6Gr6sL$966a82a46233697b3feb8ed7a5d934511b4807a4360a76fd28027a53797b5bb7c4b3cbffaf70963a6d2808a09a0adeca70829f272831724ea21fecb3bd8ceb36,Christopher Wright,4,managers,manager,True,2025-04-27T17:13:50,2023-02-02T22:00:29,2024-05-16T21:17:08
157,user157,rossderek@example.com,scrypt:32768:8:1$fszRkGiLbIlgvfuX$10e9745e6fec0e56e8779b02dba0ef84b5e241ff8fc46481efef987d3b62bb25bf247d72e2b4ec9b38685e905d869fbc3b11770fef60ac91023cd80640d3cbb0,Noah Davenport,2,managers,manager,True,2025-10-21T09:30:12,2023-08-02T07:27:31,2024-04-27T06:21:08
158,user158,qanderson@example.net,scrypt:32768:8:1$9mLjmR1M6rFxJ9lC$bccf542193f381b5e2b39fb5919ee788b1f900462bd465d176459d087eb3592ada76a5f62636b15c853ca40c34f68433e2173ec90edf143efc80f33731fc84d9,Brandon Rice,8,staff,user,True,2025-04-27T01:20:04,2023-09-23T23:50:14,2024-12-10T03:01:44
159,user159,lindsay67@example.org,scrypt:32768:8:1$iLUZpKzP8xiwCh57$979c4b136f01535ef5ab27fdfea77690a3162872675997e9dabb7217d577164d62a052cc4eff8668869bd6dbc51c55dbea19da79eb31cb8eae3bf8257b06f16a,Jesse Cole,6,admin,manager,True,2025-05-17T03:49:50,2025-03-03T20:29:20,2025-08-09T03:19:28
160,user160,stokesemma@example.net,scrypt:32768:8:1$cqyTqqxQ3RRLaNjX$d4c94936b6a2295ea0a4f714ac3f94fa59fcffb3567cf4afa9400267b1087b0ab4f9e8b768147cd8e9ae7216496f2b50adbb31361528eb34446e412c165986a3,Tristan Martinez,10,admin,user,True,2024-11-08T08:26:32,2024-09-02T00:30:24,2023-11-11T02:48:58
161,user161,lgarcia@example.com,scrypt:32768:8:1$PZ6JVOwWTpgrbWWE$fbdaf6c3d64b674b5de71e22aebf636efde59f14e37660c287ea90003e323cddfccd4afa2086a5b2d76630cb0676fa14c5e5da3f5ea59c13a7e0db89d6179d53,Stacy Maxwell,5,finance,user,True,2025-07-22T17:56:22,2023-08-02T17:31:28,2025-04-26T10:16:53
162,user162,alexandra45@example.org,scrypt:32768:8:1$meymscXZjaAeZvLh$1fab957b747263b27f67be65692ee45801c9303aaf8106aa38cd31615f6d99625534bb5c3b7b7a4db0c034972fde38a7065d7be1502445c64340ec748ed8aeee,Justin Lam,3,staff,user,True,2025-06-02T16:01:12,2024-08-31T00:56:35,2025-05-15T10:35:39
163,user163,rsmith@example.net,scrypt:32768:8:1$yxT7q6EnoXJTJ56C$7156d218dbc99b726d674fcf5dc6ecd80a93693d51bdb0518b649eb60032773698c23d2cde392b5094ac7f10a24fb817f153cc11171fe83df220f2a03142e3bb,Sandra Wells,10,managers,admin,True,2025-09-24T22:18:31,2023-11-25T23:50:28,2023-11-04T00:43:53
164,user164,phillip57@example.net,scrypt:32768:8:1$eDLyCXU5RjyBX7G8$15f3e86b8f733dbad2b653980b87a6228db67c2a0f66ef5394786e85941a7509c8050ef33dfe19058d0be4245829ced68060e7949e55cc2828ddac5db7e9471a,Marc Ewing,2,staff,admin,True,2025-04-02T00:08:30,2023-11-23T00:44:05,2025-02-16T07:58:14
165,user165,kevin64@example.net,scrypt:32768:8:1$kO8dMYRug6SiXpmD$f0ef380062bf1c51ffd50b18581a76580d529e7849ae667a228b8408edd74c4227236ae025c4995611b72a7d1cf7ab3c776dc270fd9e543111577714015b9dc5,Kelly Baker,4,finance,user,True,2025-06-14T15:56:40,2023-07-26T15:56:15,2025-09-12T15:52:11
166,user166,boliver@example.org,scrypt:32768:8:1$57tenWcnl7rNpQAK$19eee0c06585435b43e909395ed946532d436e8aca3a319dcee606b719f9802e41fbb84489ddd78eeed571ff9cf4c23e22e27710042b3ef10f9745bd8c012dbd,Laura Hayden,10,staff,manager,True,2025-10-16T20:10:03,2021-01-14T21:31:18,2024-03-17T04:59:42
167,user167,lewisshannon@example.org,scrypt:32768:8:1$GuT0AC8f2G0rufE9$0db42bec9923c05cfaadb914c03298b24202a49210884cf7b7381cb09fc5cc42453fcfbac3d961e957c8f29ae24d04fc88fc38ea469db1cfdfb49a2f85a1dd9e,Kelly Johnson,1,finance,manager,False,2025-04-25T15:10:16,2022-03-20T19:44:22,2025-10-04T12:05:58
168,user168,epope@example.com,scrypt:32768:8:1$ddycIkaY7ZgrBj9p$808733c6ea382e13e6236e671981882f82102c7c9c67c0da9a3f12bdaba94a6e571386b61a628ea7eb458cd31aec86250894b5bd86dca17d86654148e90fe17d,Richard Williams,3,admin,admin,True,2025-09-25T12:02:28,2025-10-19T17:43:53,2024-06-20T17:29:56
169,user169,amandadixon@example.com,scrypt:32768:8:1$VgAIRNyBJWHWXCHL$1c811f806e4746425e7dfa5a1cd808008c6870fdcd02aff3594c88bda61a67c955d5ff8841c9f94cc275853f6d53860901f71eca49d0d88f73afd4d16179e49c,Kathy Hill,6,finance,admin,True,2024-11-21T15:51:24,2025-05-05T21:25:47,2024-06-18T19:07:27
170,user170,rphillips@example.net,scrypt:32768:8:1$KOkYd79x2uyfxzwd$56ee0ceb7adb20a292f12179c3d58972fc5f274f9c51a42214fdc8a2ccec7fe13ede6bcc066ee274982477b1bc96978ca4916341791db80ae725953692d1c276,Nicholas Sanders,3,admin,manager,True,2025-10-09T17:26:21,2021-02-24T08:17:56,2024-06-20T16:44:16
171,user171,vickie50@example.net,scrypt:32768:8:1$RBMv7jdW5nXVaO6T$c97c7ebf5b565bd9c98a41b3f83648ae84314ffcac987e1520316e212ec97e82b6742f0403cff8d4b4fc6c101f216de28e613937f3a0b87310568304db2984dd,Glenn Jensen,2,finance,admin,True,2025-05-31T19:31:34,2024-09-04T19:21:24,2024-01-14T20:07:43
172,user172,cynthia67@example.net,scrypt:32768:8:1$lSbUXXpvgnVOvIBr$5e74a07b8fdc70662f7d8603f1a234ccc5b942a17228ec8741312a022473843aa7a88088c077a927ecc7abac40e6b4b0c1e593a752175310045e865d3c336b2d,Teresa Nolan,4,staff,user,True,2025-08-06T07:58:01,2024-12-18T05:01:03,2024-03-28T10:18:21
173,user173,crystal47@example.org,scrypt:32768:8:1$qrvZcYrxNY1HSOAz$38d8bfed9e66b8e6c4e96961e12d92a8cc2cfb6d1eed83258c22a34ba1c38fbc3f260a34fb5d210d15ef16aff1b6c7a85fb7d37d377ca01b4b077a67768b84cf,John Mcpherson,3,staff,admin,False,2024-11-13T20:51:39,2021-02-01T11:04:47,2025-02-07T11:08:12
174,user174,jpark@example.net,scrypt:32768:8:1$oJDowJZW1971SNuU$742be71071ac517da8ec4708e5cdcca3ef2d9b3d6b23c0558f69c9499e2cab4668abddfbf2d19ee17fa07a018f66ff91a3e57e63ba033ebe371956a6731d8e1b,Richard Davis,4,admin,manager,False,2025-01-21T09:36:02,2023-06-15T07:00:26,2024-12-28T10:07:46
175,user175,michaelhernandez@example.net,scrypt:32768:8:1$RNfMtedfmIQPaLhp$071840b6534078709d257f6303a28e361b80d7778a5ee5b0ad11fab303e1546872cc580da5db369c58f59009070089dd9686d4a564fb3b2646e6da62dc881476,Chad Jackson,8,admin,manager,True,2025-08-26T21:48:18,2021-10-04T22:09:18,2025-06-24T00:50:21
176,user176,wilsonkenneth@example.net,scrypt:32768:8:1$CXIfXyrST0WNKyR7$a56e10c74cec5b1641781e7fad61b8284a96c6d2659bda9e39a986bb155d514828ca3094c261adf18fd69c5c2acb45a4e3d355bad1a35bcd02b78161663227b8,Seth Hill,9,managers,manager,True,2024-11-09T02:43:35,2024-04-04T13:12:09,2024-05-13T23:17:01
177,user177,bharris@example.com,scrypt:32768:8:1$cWJxl0ly7zxmx436$6afd81678fb2c2676f780ff791ef082882dee4de64cc8ef3da29387308112df0fb7a5ac6a6dc53458a99204c43dd3948604f6bb60ebc032d2a682553a6c69336,Michael Patterson,3,finance,admin,False,2025-06-28T09:30:10,2022-12-23T17:37:46,2024-06-06T13:57:01
178,user178,cabreratimothy@example.net,scrypt:32768:8:1$bO5uyfQAKJGKCPVX$329a119ba0b81a6c4697d95a5dde3561fceafc2e0581c984f3e9388860ea5779b9d9b9edf65692c72a64cf286bad429c1d96da9851553c16a5741a8c0452b3a1,James Romero,5,staff,user,False,2025-07-28T00:54:15,2021-01-14T16:41:23,2025-09-26T16:18:58
179,user179,heathercabrera@example.org,scrypt:32768:8:1$yA8OJYUDGeQcHZyi$d65d44f891f36057044d1462ec5f145d781df9947b6368b035f96473727027b28857b2eaa2faf9218f8de13b8e30c5492718c408d82df7c1fd5af5806aa269a5,Kristen Stewart,7,admin,user,True,2025-04-01T16:51:14,2022-09-09T01:59:16,2025-03-03T01:36:02
180,user180,taylormonique@example.org,scrypt:32768:8:1$pejvz4kI0AbHkTd4$e3b7db4ec310b482906a6863d583da78144e53d378345ab3725ddaa5ef6d2b228760b7feffe942a1fa466f10c42a810d4b9eb4233201ee540b12f9b9abf2abeb,Andrea Johnson,10,finance,manager,True,2025-07-26T01:18:50,2021-10-17T10:57:59,2025-08-20T14:01:43
181,user181,douglasjames@example.net,scrypt:32768:8:1$AwpUhGb2xkLojzGJ$0c6e0a70618e8b354931ba4bfad2a00be1806bcee706f7200b1e1df7cab5203f18f9f8320c5087b3f840b996bc9def88be8812b6b6466fead9a9a00fa2bc32e8,Derek Jones,3,admin,user,True,2025-05-26T14:59:41,2023-04-07T05:50:08,2024-02-29T14:59:09
182,user182,jessica55@example.net,scrypt:32768:8:1$03knNfJ4CQSZ18Dq$5fd37ad6fd017321937eedfa9758b02566a1ea08a4d6d66f9558fff5d80cd2c77334cb05ee245b140e00fa5fccb85fb6c5de3f4fe4c9f0983c965b5a9cada074,Jessica Richards,2,finance,admin,False,2025-09-21T07:11:59,2024-03-30T09:30:16,2024-06-10T10:19:28
183,user183,gmcgee@example.net,scrypt:32768:8:1$wMIbPwPgtcL0qTEv$35776401928514220644229afd100a38a93153aab039e9e9cedb0392c532f921c0e9dc48b56e392fd9c439d4cfc2c3e60252846c719ec24352595391ac5231ad,Deanna Morse,4,finance,manager,True,2025-09-28T01:56:58,2021-06-29T04:56:27,2024-08-14T13:29:05
184,user184,jose73@example.net,scrypt:32768:8:1$PmMwUkxB6u1ksPas$07f0a88284831b930b10b3dcb1f7cee1012fae381a5dc0a42ca0369efbdc5037ba3a02a4b9fb5e8747dd0cc19972328865b07c0c8bfe349cebbf40a78476dc38,Ethan Cooke,10,admin,user,True,2025-01-24T02:02:02,2024-03-21T20:05:42,2024-04-15T20:29:25
185,user185,christinegarrett@example.org,scrypt:32768:8:1$8LUts2blAYtD5Fwf$b1b831751bae7fe2c0b26d158b0259b7ea94c2014c9df861dd7406046ed536df7cec520f246b1b8fa80d97d322ce7ffdcaefad81b1e970d65ecb6b513eca835c,Michele Wood,5,finance,manager,True,2025-10-20T21:04:28,2024-10-06T12:23:50,2025-03-24T08:14:57
186,user186,joneslori@example.com,scrypt:32768:8:1$q7O7hgBDWbD0wfDU$874994c61413f8dc1b2bdeb305bac491e0939e13a10f7d0aaaa920e1f2822443ac9fff746466c72c507d413f14fed0056b7b6d09321880dea334acb8261a76a5,Robert Hernandez,8,managers,manager,True,2025-01-03T16:12:36,2025-01-12T12:06:03,2024-07-10T03:06:23
187,user187,ajohnson@example.org,scrypt:32768:8:1$NCLsizupBCj783Tc$53aac7e54d02554db386a4b25ea95e4a36da9ab201dd8335608a0c841c4604a0805bcc7a2ff656f35c374336797e805b31737a361c64098b1c9cbfd9ccc73cdf,Daniel Carter,8,managers,manager,False,2025-08-16T21:54:50,2025-07-09T17:53:48,2023-12-06T06:06:04
188,user188,ricepatrick@example.net,scrypt:32768:8:1$vxxkfs7ZisIqhkdE$76a6e59a906a5f0d6ef9573e53df7201b3e8715128befcf876f8c32b5ca0ebfd9d19ca3ac73121a4ed96d04dcf9a3caf56db5e6d631bcf82464211e5981fd627,Karen Kim,9,staff,admin,False,2025-08-01T23:05:07,2025-03-03T14:12:01,2024-01-10T03:09:01
189,user189,candiceryan@example.net,scrypt:32768:8:1$qr08GyxLxwlkWMlk$cb8bf38c938d43d020921e74e55e9588a4d8c1060aeb8cf9ee8f9d5dc37638c8cd0da3451a8f6a1de9f53f110c243bb0e362c59d54291ad08c074ec1b4121861,Elizabeth Jackson,9,finance,admin,True,2025-01-25T04:00:42,2021-11-13T20:53:16,2023-12-18T09:53:44
190,user190,jacquelinemorgan@example.org,scrypt:32768:8:1$UO48uyx2VUVSlCcL$b7c051f53f4fd62e29f5a4b704cccbb1014d179d8ab37aa144dbf25baf14d9e41e4a583e674cbce47a354b4a81cfc980b56a41f938b3af9d6fb53d0aa4e5a193,Crystal Gonzalez,10,finance,manager,True,2025-06-03T08:01:16,2022-09-20T19:25:46,2024-02-26T09:07:00
191,user191,kaiserjill@example.org,scrypt:32768:8:1$4MooOI9jOXQ4ThGn$342312080eb732d6c75163de455f2f6917a73e15d052514138acaa1d9d65c3d2f6f79874770c8a3a5c51775ea942116e242bf94dc4f9a26b9378e95133d879f2,Jennifer Chavez,1,finance,admin,False,2025-07-16T12:41:58,2021-10-22T23:55:05,2025-10-30T18:28:09
192,user192,nmills@example.org,scrypt:32768:8:1$0pi5hSRbdlPxdquV$129c231e0c9062ac5eb68a4b2c281b8a78598b36aba3a4352232a0ca96120556a2def42376c69a62a0475cd6436289db1890790796185a6baf811c7a4280adce,Julie Hicks,7,admin,manager,False,2025-08-22T23:21:25,2021-02-24T03:43:22,2024-04-05T10:19:32
193,user193,lgarner@example.com,scrypt:32768:8:1$vQNKJAh3lLSGlGfG$d477dcd41c49cdd2e65442f5d9d829fdbb55af468c8322b628f3aa3b4b4922125ddb770f28d5e4e825829ff6b9c0c581bd844f4e07dd4e79bbbd8b90dca912a8,Kaitlin Parker,3,admin,user,True,2024-12-21T05:29:43,2022-10-29T04:59:50,2025-01-18T16:53:19
194,user194,jon93@example.com,scrypt:32768:8:1$a9DHPRZzbvcTAsig$cc43e9b828228a2411a6760bd618378ff19a489f78947e2653402190df95c3e35a0fc24a3cf58bd4c71bb04e263b0ab6168f5581f95ceafb2fa7368f9aeb094d,Jessica Good,2,staff,manager,True,2025-02-02T13:06:24,2022-10-10T10:18:51,2024-07-21T09:54:37
195,user195,igeorge@example.net,scrypt:32768:8:1$NogIKX3aySUgMZYv$9ab5b2f16bf96cb0e5f0aa0868094744351b19b9b8a0ec23b022d8ce5a9c6e2d4dcb400410b28904d9283a29769ba52aff93dee5b4259c4e01f667e9564f42fe,Larry Leonard,8,managers,manager,True,2025-06-24T16:09:21,2025-05-26T10:30:10,2025-02-27T04:23:51
196,user196,pvargas@example.org,scrypt:32768:8:1$CHf7xaLVheLLEYM8$6ee85f363d9532eed77affb961a887d0be06f3b5d94915e03b699e2362e99757c3a0d4aaa336ad140591cd3e35f3a96e1866f24cf28079e3b9e130d9bb78d32d,Jason Lopez,5,managers,admin,False,2025-09-27T00:59:00,2024-06-12T13:50:39,2023-12-08T18:28:52
197,user197,joan81@example.com,scrypt:32768:8:1$maBGFVWaumhrTP6Z$61c756901c221fbd8a2d913e930e2492909bc2932c23a076e5d4d0f8e39b1bebc49c1811f97a6adf0df4688a4003d5e77f1f708589872f99c03217238626cc4b,Ian Harrison,1,admin,admin,False,2025-10-29T16:50:32,2023-06-01T06:02:25,2025-04-27T05:12:10
198,user198,rwhite@example.com,scrypt:32768:8:1$efeAT0sfnNA7jJBN$5e235a91529a8a4426512d5fe66da465cba57baa94078fe606ecdf496b65b50b9c62352a7f1a890609936bf5f93e849344c69778613c2e83bc61fe950605cb14,Ashley Fox,3,admin,manager,True,2024-11-08T19:37:45,2022-07-29T06:24:02,2025-05-12T19:33:02
199,user199,vholt@example.net,scrypt:32768:8:1$i6tqVgfMxaUTfgCY$3dd09de0ce147dcc7559a259f5eb40f5927739ddc39eff5f2fc6260518ee2bf96853c32071cf58ae74cb082226196dc5d68c2ca92316d57d06fc8359e1a705bd,Heather Miller,3,managers,admin,True,2025-06-01T02:14:16,2021-10-26T01:57:28,2024-06-19T11:49:16
200,user200,michaelsantos@example.org,scrypt:32768:8:1$aRtSGqVauyBcT2Xg$524cc19bd2657c499138c88b5c4d90414b80449f272cfd16612d3503d0a6f7532be15a79988e8da305d9da9147b39f1260c25eb8755745b983182a2ed8df90a3,Rebecca Hodges,8,staff,admin,True,2025-08-28T04:09:57,2023-02-07T23:21:23,2024-01-13T11:42:25
201,user201,kelleyricardo@example.net,scrypt:32768:8:1$J0p1vvpTCNRINJmZ$e46b377a49a6d7c3f4d631bc81999cb18f471db8af2b3883ba6bdf63a94b765330c272851480e81c4786979add9ec81a49ae8e3d36773e91287084c6d7922b1c,Susan Anderson,7,admin,user,True,2025-10-02T23:15:36,2023-06-09T08:58:41,2024-11-28T13:49:13
202,user202,stevenphillips@example.org,scrypt:32768:8:1$muCSSwgFu7qsiLjh$de9e266624fa5c70e0e59ebe1483c9da843e86b261fc7da2ecc2754981aee52ff066a482fdaa1b13462bdf9aafd3e266e3195cc21a49d89dd12fa19d4e75458f,Emily Wang,2,managers,manager,False,2024-11-16T21:14:27,2022-04-23T06:08:28,2025-05-28T13:22:58
203,user203,xpacheco@example.net,scrypt:32768:8:1$iIrfBgGhe4byGLQ1$8398b6fa38f257fb4539947d70825747df951a1db67ae616ded65c084100d2f8877947ffb281d5daf07645ed9785718afc8b109bde10ce01b88f592e808afb83,Darlene Miller,8,managers,admin,True,2025-03-16T10:25:55,2023-05-31T05:19:31,2025-10-18T10:49:18
204,user204,david15@example.net,scrypt:32768:8:1$Ezzw1WcRzUazL6Y1$604dfe80d7350ebe83a121d3711c095e3b072713ab8cb7ca602f47bc3ba6dec164e3d225326e6f9b3530eb7e641e13146db2dcfea3c80f78cd0809f9b740656f,Mark Adams,3,admin,admin,True,2025-10-06T06:25:06,2022-07-05T21:47:51,2025-10-08T19:46:46
205,user205,johnhaynes@example.net,scrypt:32768:8:1$YkKtQIbsHkdum75P$cd63d5cb47148faca5a517323eab4c2046794b38b5f37ee3ff73f809fee1e5e906dda1ddc1d9b7e6f675a4baf7ccc4407b99d91eb83a42233c524e313e7482e9,Amber Cortez,7,staff,manager,True,2025-06-30T07:33:05,2022-08-14T08:59:12,2025-06-14T05:38:34
206,user206,rodrigueztammy@example.org,scrypt:32768:8:1$7pQIiAmj2bpCU2Gg$c28ac6b49d8115c204b1c04a7da164f01474ed64babd3fffa30ef39f4f407522a8143557c3e559f9ffce203855cb6c8ab124a6a00b051defbe663fbedacc2bec,Michele Burton,5,admin,admin,True,2025-07-08T17:09:12,2020-11-10T03:51:50,2025-04-13T05:58:01
207,user207,deborah93@example.net,scrypt:32768:8:1$CjSk867HTfNvxAbj$1eeb3ee553dad0b4ae5678102cfbcc6907da4e0bb19180e82131a029e3071e75e70928c0d038c6d42fa77ca8b0ccaede6f454ec8d3183a1c605b39cc5981e514,Melissa Reynolds,7,admin,manager,True,2025-01-08T12:56:10,2024-12-13T03:43:30,2025-03-30T22:11:15
208,user208,ppayne@example.net,scrypt:32768:8:1$fOsU5RkW96RlhJVu$d4bd8bd1632b926e7473faac62c63f0ee20b04d9eae1c2d4592b04a8c880eb10ea29b9215514dd5a7a927b35a919c0041debec0b74bf208cf917b5d7da9d42bb,Mary Fox,2,finance,manager,False,2025-10-21T16:30:07,2024-06-05T15:35:50,2024-04-29T16:58:06
209,user209,abell@example.org,scrypt:32768:8:1$xFqahowVXcazMtPG$8c9636e8a9f8bc3cd8cd51d31dd846d3355aaa241e79116e92267b427448621f1444fb40ccb4360ffb8a715aa444d9f8aa7f3bd926cc16a07d64d7f27712d828,Brandon Carrillo,5,finance,admin,True,2025-02-24T15:25:45,2021-11-16T19:19:13,2025-08-28T08:48:00
210,user210,nroach@example.net,scrypt:32768:8:1$mW7MzICxRfgzYDgI$43790a39bc5dce3ae130e741a4c6e0e7f720ed748cb82d716337df435cc7793ce41bbe5323de8469e45d878688b3d4e74c9df2d2330258c06b85f1a24955ff2a,Anthony Duncan,9,admin,manager,False,2025-03-05T12:50:49,2024-10-26T23:19:47,2024-06-23T01:06:14
211,user211,smithwilliam@example.net,scrypt:32768:8:1$DwmESanZlKYOHtoj$a83112ff8238e09d26847df9b5a2a1a2c3d640a07ca608e54b48ede8985d0fc40c99a335ad78191bec4a45aa9f46aa1592fe2e32a7f35b5182d0a30d7a7d6517,Sherry Johnson,1,managers,manager,True,2025-11-01T16:02:28,2024-06-04T02:20:27,2024-12-04T22:50:20
212,user212,vpena@example.com,scrypt:32768:8:1$GpOI0JOhp8SNLw12$9e490ebdae1072306fc5805838d94298f3f5434e713d18321c9341b01fd284bb04de4abd784114fd2ab83b0ba65d55c6993a0bee5256b1b38d77be64426d96c4,Lauren Nelson,2,admin,user,True,2025-04-04T14:57:25,2024-04-19T02:18:06,2025-06-28T02:12:26
213,user213,lloydjames@example.org,scrypt:32768:8:1$J2gOgvXyMlmvy9bZ$f4c705b5f827edf9b38851364d45764614909e232d52e815eed297ee4fe750c94affd1e264ce316c94002e0562fa3e10af774e8b03791d0805ad2b76e846d2e6,Eric Dunn,9,staff,admin,True,2025-02-13T04:04:41,2021-01-05T20:03:15,2025-06-27T20:51:51
214,user214,munoztonya@example.net,scrypt:32768:8:1$Djwg8akYp93f8B1S$d5e2b8fd9368634adca0ad465d40ca0a50b7ac3b34f978518770409097c292d1bdb9b4d82b600aeacdf4d6e45f0c3383005cc484405886728508d5249a343608,Ryan Garza,1,finance,user,False,2025-10-10T07:01:05,2025-03-22T06:41:19,2025-02-27T22:57:16
215,user215,jessica65@example.org,scrypt:32768:8:1$YFAlaX1LChF04CyQ$4320354c95644764cc859db3fc0935a1221567126fe8c9c30afbcf8ea8736544450d2cf5c36c14295d376af1ce353e014ec93adde8b5abf5454b9b573330be83,Nicholas Andrews,10,finance,user,True,2024-11-15T16:36:05,2022-06-12T10:34:22,2025-04-17T07:58:01
216,user216,jessicamcdonald@example.net,scrypt:32768:8:1$7phvtvxE5NgYnGxo$da457e89a8dfee23fe7f4e3a87b08704528f9a823cfa8f3249d5f0a049e344b737fb1f33a538007162fbdc92f2cdb58581281ac3a3e4f700d691218dc6f60b53,David Gutierrez,5,staff,admin,True,2025-08-09T00:23:50,2022-01-28T18:37:33,2025-01-20T08:29:11
217,user217,michaelayala@example.com,scrypt:32768:8:1$NDsURVIRZlCdKN0z$c6f40dedea15ccc6f4a40f0d026268069ee40ae125953e85c696914dbcb8ccb3533ede50cbbe7690cc9957a922c404f54b2aa070b15bf3b4a529d1e36f1a4223,Emily Moreno,9,admin,admin,False,2025-08-27T22:57:38,2022-04-12T18:04:18,2024-04-28T05:33:44
218,user218,brandonperez@example.org,scrypt:32768:8:1$2AkRicDuEbsDjuv9$33f0a49c8cfc4fc51d658cd0ae7481b23dbeb5dca82a6a3bd57e42112867460f6e64b57e732993f6b677ccbab89a202c85ffd83aa466cc598209414a9bce7516,Richard Williams,10,admin,manager,True,2025-08-22T05:11:00,2022-07-10T13:07:12,2024-04-18T05:09:40
219,user219,williamjones@example.org,scrypt:32768:8:1$8i37BCAnub9TyP6y$e01cda167f4f631f0393673bce9d56947f17aa91a646a73e2ea6df5f109f33f703550529bb16584bf69840ce1cdd174a1515c8d22bf807c151f5a7842df476a4,Kevin Ramirez,3,finance,manager,True,2025-03-15T12:10:06,2021-11-02T06:53:40,2024-05-18T10:20:29
220,user220,kimberlychaney@example.com,scrypt:32768:8:1$TUh3Z2F3XxYlMT3x$6492882141d64214eb05a3524a07f34fe615c4707e708556ece22fe41c2f4e8f80caa1b7fd46c0197f49c8beb03da848cb37b9b27a42da5a32772a8e42199d92,Misty George,1,staff,admin,True,2025-08-06T16:35:25,2024-01-01T04:40:36,2025-10-23T05:17:25
221,user221,phillipsangela@example.org,scrypt:32768:8:1$kajPjEzdpNC2vkyp$9711df469fd93d6a5c12b55bcc1279d835820e224bcacedd68c19bae08375dc336a36c530ed327266ede7b7ab07c359a29b6e1d98885ca1a65c4af84886f83e0,Rebecca James,3,admin,manager,True,2025-04-02T01:14:27,2024-10-21T18:06:59,2024-08-22T00:42:48
222,user222,jacob49@example.org,scrypt:32768:8:1$uTTDHf5pgAMnwlqy$c1e1aa708b19adad5bdefa44821e01048f76edbc2452cde0cef98c387145bb20a9c0272ac93585c361dbf025436003eb0f4efd0cc6305a9dfdd4e67dc0e29f17,Dalton Smith,9,managers,admin,True,2025-03-03T08:43:11,2021-05-24T10:28:56,2024-07-17T01:59:46
223,user223,carl36@example.org,scrypt:32768:8:1$7dCe0xUqRYdkWNqV$2568350eae223785fc9ab5bcb5962a9d01314be1fb5011af38e38afcef7811a392ab6316becb959b103c5f74b7fc05516da653ba97df508cca1fd9a60ff3edd2,William Morgan,3,finance,admin,False,2025-04-06T05:36:16,2023-08-22T02:39:51,2025-05-07T21:04:41
224,user224,amberdiaz@example.net,scrypt:32768:8:1$l164Iqgt2OTJysUZ$c7c5dbb9b41fc583bd1c0a357793c09d7a4926d9e0058f27d79aa8d1aead422757bc53ce5bbee84947afb1a17f8224e527b38b88a2af4ba82b8e3e126442a388,John Adams,8,staff,admin,True,2025-01-01T16:20:00,2022-07-26T14:47:49,2024-02-19T15:10:39
225,user225,derrick35@example.org,scrypt:32768:8:1$5ug564YKKhagooWE$b08ba6c15d401ad836902705ca6e56a313b75f59c0a26343e75f6ecdce98d90f0b012ff33525def4f8cc53955e168483ec4a7298079aca7cc4334ba7ccb11cb2,Cameron Patel,1,admin,admin,True,2025-09-16T04:32:37,2021-06-02T21:32:29,2023-12-31T03:53:23
226,user226,amanda60@example.com,scrypt:32768:8:1$QpADgBYF9jiM5ojP$21603ecae659c7be20dd31ee5ca41aa876bf7a20a22e892e28534b1f108e2f2ab31ff7c83ae7dd20c29e37a78dc63f2de5db49c9475d8fdd921e1788000e8c85,Lisa Estrada,9,staff,manager,False,2025-09-09T13:58:06,2021-09-01T22:22:13,2023-11-17T09:21:32
227,user227,kelsey38@example.org,scrypt:32768:8:1$6xzM1LZy8U4T07sc$00e40862b8bdd7d590fef2a8ce3395ebfd616fe40bdf548f6fb428584395514a7f467ae7cda8778b25e81c1d80152f4a3235d4d72351586d48573907d90d63be,Devin Jones,3,managers,manager,False,2025-08-31T10:13:15,2025-08-16T17:13:54,2024-05-24T03:52:46
228,user228,welchbeth@example.org,scrypt:32768:8:1$OdQOjtFqxWdrLO81$f5df05cf5143342dbb8d29a6a84021fac74cdffc7c8e785fb193302a6ac5fa819f049400675d0550ee3304a669c5e86da49273ffc90873907568d774f17ec963,Jennifer Brewer,7,finance,manager,True,2024-11-09T07:57:50,2024-09-14T16:00:00,2025-03-16T13:07:05
229,user229,dpearson@example.org,scrypt:32768:8:1$vkEYY3nqrk2MgUnt$d433cdf9ff6fc670cb214e52b616db5b7b93e526b6b53cc2f57a1012bbe97f97b466ec2ed78f9be5c57ed102f187f9d5e92bc109fdf83f765f421c4405ffbd3e,Brian Douglas,10,staff,admin,True,2025-03-17T23:26:49,2022-08-01T04:31:19,2023-12-07T15:08:51
230,user230,hectorwilliams@example.org,scrypt:32768:8:1$eXLvcidXyJ6j8FS4$88a31b44032b2ff12af86983cbca075cf80a849cc297e0a3154a46773734697fbb314ddd951a11f3f4c3287967814453bdf9beb5d2dbcda1ff9bd3380b85cbfe,Jennifer Cooper,5,finance,admin,False,2024-12-10T20:24:34,2023-09-21T04:45:23,2024-10-05T10:02:00
231,user231,holderfrances@example.com,scrypt:32768:8:1$Qt8rO7zZswcQjJFt$fca86c837df854e7d55c63720021447da16edc535674fd43f4e890463d1749b24f564e70c0dd86313818082c07dc62914f6889318079176072ec12a8979937ca,Laura Rodriguez,5,managers,admin,True,2024-12-21T05:49:37,2024-09-12T21:52:34,2024-11-03T02:44:28
232,user232,kristen15@example.org,scrypt:32768:8:1$IrlbRsdoDGwbjJOt$a4e1856cc9ab52333cce98743128ae33b7db6bb0f0d580fa5b1e56177975cc427aeba05f394d7b7f67cf38b16c196a67e038dafb29fac39c9a06e37e69beab6e,Robert Bolton,1,staff,manager,True,2025-07-07T20:19:27,2023-07-31T12:52:38,2025-02-13T22:09:05
233,user233,christopher64@example.com,scrypt:32768:8:1$EVfGL6fL3F96ODvf$666fb9cf23734c50abb6c38975169dd38e8f054032ee84f1184759f36ec256743a9128b681d2299865188fb5c654445d593ee234e22e9277a5515b586614677a,Jordan Moore,10,managers,admin,True,2025-09-21T23:08:34,2024-08-12T06:05:38,2023-11-07T19:28:55
234,user234,james96@example.org,scrypt:32768:8:1$7Y45FuKOyHnz8fSI$b0783e9ff5e080fe0db714a2b2f8528c66780f5f356f02e420b447ba083f06be558f471e2eb144623818202239ae5f33532a8895b51dde6400bb2f5b6232f4ea,Christina Mcdaniel,6,managers,admin,False,2024-11-20T18:47:41,2024-01-29T22:26:56,2024-08-07T03:10:03
235,user235,sharonclayton@example.com,scrypt:32768:8:1$BRu4voO9tEs7xWj4$3c2934fe349a0c391a5dc32be374fc88c425574f6d214aeb3e7e04aeb8bfdfca49e415d99ef6b296a2cd012f804404f3e1d268172e343cc923d8e843bd896014,Taylor Brown MD,3,admin,user,True,2024-12-14T09:59:06,2021-05-29T22:30:44,2024-08-14T04:52:45
236,user236,colemanwesley@example.org,scrypt:32768:8:1$pZknLsMFHg14kPjq$55ed889f1ba9fdb13ff4ae86368bddecd995d619581038134c7ae8dda949836899103968b1f28b4051e8ab4b405f3a9b4b27ba4c1a8cb7f582f80585b40f1a6f,Ashley Jones,8,staff,admin,True,2025-06-05T19:53:47,2022-05-19T00:54:42,2024-08-20T06:25:18
237,user237,virginiajackson@example.com,scrypt:32768:8:1$a61bR20pC46uDSLq$f04889ef9c7f9fdc17d98b8c9be0d249c157d1f10d6262cd26faf0e65a589cd2335fc9de16c584d65d03cea241aa20c818788b0c31352e25afe7f32becf0d18e,Jose Johnson,2,finance,admin,True,2025-03-11T13:04:45,2020-11-28T03:44:54,2024-07-18T19:19:11
238,user238,tanyalewis@example.com,scrypt:32768:8:1$C9RO4cBzQG2bxHp0$24b711ebd51a58a00a69ff67497a31276d3df958e02eb7e6d1c6b7aa330345f18a89b40700cd6cd87c6e64b4b42401e8a66936a1c6d2eb448989ab13235450b0,James Hayden,6,finance,user,False,2025-09-18T10:23:21,2023-09-22T10:23:59,2024-12-21T12:00:59
239,user239,justin02@example.com,scrypt:32768:8:1$xfK7GNvu2wBaczZb$3c5528d7dbf65a969006f214859a2cf4ee26fca8771524b8ea7a0786674a235d513e421c15685359a359c1a7a23ea95b78057aba2c65e84a173fe6b9926497da,Alexis Paul,2,finance,user,True,2025-01-17T08:04:30,2022-11-13T13:27:46,2025-06-23T04:34:37
240,user240,pacevedo@example.net,scrypt:32768:8:1$PItjq0z8y9lxeE15$1605fab82b66fe29a39a547cda3bfd8a579f781d0055105e643d6ae09f1b1cbddd9e405f0fc9a374bd6ac4602c2caa0ecd7f4e5b5c00355dbcf5710d2b874c9d,Paige Wright,10,finance,user,False,2024-11-27T07:30:47,2024-10-12T18:02:18,2024-11-03T13:10:44
241,user241,ymartin@example.org,scrypt:32768:8:1$vb6okuUyI2opFpYq$29fe71b8c3c161c55391253947f9b02df1a7e234a0ce6a3c34b47aaa30065ee804c6c7ef4f3522e2f411252e26f3c87247a27b097fa4510c0e939544851840a8,Michael Reed MD,3,staff,user,True,2025-09-08T13:12:27,2021-11-02T11:57:52,2025-03-23T01:59:05
242,user242,ryan98@example.org,scrypt:32768:8:1$sxFcyCOeNvW5MEBH$f377398baf39688bf38b6e3155338644b4b7dba370914fe1d479d9ca2fc2e600759eb7b47b6be6be162259900b9936ce35843fa262f93a0e74516ca5cb3a5674,Mary Bailey,6,managers,manager,True,2025-06-15T13:52:46,2022-02-28T22:33:29,2024-04-23T14:11:13
243,user243,christopherrodriguez@example.org,scrypt:32768:8:1$x3uaiJKIwTkQBtOP$aba76c5318c12a2f1fe6ab57c5092cc2ef7efb2ddadd2a59adecacf0450ff9fe9add9b82645add1a2b2bd1165345a180bc874dfb7017bce727cd97dc22ee090a,Jeremy Kent,7,finance,user,False,2025-02-01T06:46:57,2023-08-07T23:57:53,2024-03-30T13:45:39
244,user244,samantha01@example.com,scrypt:32768:8:1$cP0DG8WbCocq5TsS$9734cd4b639c62b25d986259ca5414d0caefd7447379c2b7ad63c21144cab80ba6dbe59272fbd00830a55af2fb3748b8106aed995afe9dc6eea6d3fcde75f1ff,Christopher Mcdowell,2,managers,user,True,2025-08-15T14:49:37,2023-07-11T06:35:31,2024-05-13T14:20:08
245,user245,stephen36@example.net,scrypt:32768:8:1$x0po3f6uKp1M2CxX$8174a9ae37c419a7d922599a88d01c654955c73aa91abaca491200f76b0ebaf3028037442b7f5d306fa1c30671c4393c0d825e45e025a2b3b40159ca4174db55,Antonio Long,5,admin,manager,True,2025-02-01T23:24:25,2021-02-24T20:56:32,2025-07-06T06:29:40
246,user246,floreskevin@example.org,scrypt:32768:8:1$H1USfdgoO7IvsnTA$f070597514cb7c83b8187e5dba7e76beb5455105467619485fd6859bd3db898f40b84ce0cff132266edbe931764522130f8bf4f5efe5bdcb53a3250370f86f79,Barbara Wilcox,2,finance,admin,False,2025-05-11T18:55:43,2022-01-17T22:26:26,2025-05-03T16:47:59
247,user247,whammond@example.org,scrypt:32768:8:1$SPBAb7zosEALUOkt$3ab2cd7e793923db75ae57c2098f01472be69fc9ce5172dd946c66775feb8a425d08c844a572c612354fb09dc3c4533b5faaf0d80220778e0eb9369ba99989e2,Ryan Robinson,3,admin,user,False,2024-12-19T21:47:06,2021-05-18T07:16:10,2025-03-22T11:50:53
248,user248,benjaminheather@example.org,scrypt:32768:8:1$nwqWJvlSYJnRSMCp$22923fabeb84d51f3be6d184b81b3dcfbdd9b8360007aab9ec13a12b0c1680b5dffef4ad20eb40326c027e2a8ddd04aa82e4f7be375e2f8234d84ce29f55b9a3,Cory Walls,2,admin,manager,False,2024-12-09T21:57:09,2022-09-21T10:59:37,2025-09-24T19:28:13
249,user249,william64@example.com,scrypt:32768:8:1$EYUnRYsZJtkj2iGA$581d40d0961ca87898873a7996b0fd60dcfb3175abe2acf52e825c6dab176816fff991de7b232de5062fabb3027b58da66b0b952ba581993205aafa1961020ae,Jeffrey Lee,10,managers,admin,False,2025-03-12T02:13:20,2025-04-20T05:47:30,2024-01-14T10:14:50
250,user250,lawrencemendoza@example.net,scrypt:32768:8:1$vd0KwLGjOXtdD1nL$5ae8f984fb14e7c56a8b6222d6f1f941af729262a6dbfe36a15535a9d60dd4cbdd8e0f8f06e09cb41ecb8edcb3bcf7a403b72f01a8af64a2b433d6f31157984a,Amy Mercado,6,managers,user,False,2025-02-14T08:19:47,2024-11-09T23:38:58,2024-12-30T15:24:27
251,user251,lharris@example.com,scrypt:32768:8:1$3FBmBN8cqacvJyUs$1dc16556d5438550bac3c9630dfd0575e2cda323f72d3d9e9f990f26651ac6338c211f7500fd07d1c0d44699916a3e800c6decf69bf0c4ac3e264ee827088261,Casey Love,4,finance,user,True,2025-04-23T10:03:27,2021-06-28T10:00:04,2024-02-13T22:33:25
252,user252,bwilson@example.com,scrypt:32768:8:1$pbJMrshvBZZAlTQg$5d2ea1eef4bf998270e3c210606c35cdf0e2ddf11d1e4d3eaf1c928c6a74a157a373a01ffa62d8091cc6126b56875abfaadf673dacdfce351cd3ab2d235e3abb,Mr. Robert Crawford,5,admin,manager,True,2024-12-17T08:19:58,2022-10-02T00:56:51,2025-01-17T04:50:22
253,user253,parkerjackson@example.net,scrypt:32768:8:1$SJbFj0b5qnHGfEZ2$3257932a34a4c18d1fb1c6451ab8c7bc5da84003a9af82708f5d45838e6f138765d1f81d14bd4951e76af37b82c040321fdc5f6f976b168f8ed75cb87b2b39e1,Brooke Faulkner,9,admin,user,True,2025-04-10T09:43:51,2023-11-12T13:14:11,2024-01-26T21:29:25
254,user254,david05@example.org,scrypt:32768:8:1$f2wcVr3e38gy2jlh$ba3a78a91d75dc4cde49985927d32c79a4932accbc80f50e7631010c6618972080d0d753ca1746f925b168503d508bda3fec38bb4663cbd1fec9dd6e94b4324c,Chelsea Harrison,6,finance,admin,True,2025-09-12T21:29:59,2021-06-20T21:34:02,2025-04-26T17:38:35
255,user255,petersonrichard@example.net,scrypt:32768:8:1$he7pVMLDIblt0yyF$bf405ddf2ba24bdeea206042ccca70053a858fdc597c3a3d117dc18bde495e2c3e8b09a3837f904475201f5161ba7906aa2396cc948363e3381d0ca3c9eda2ce,Megan Castillo,7,finance,manager,True,2025-05-20T17:48:41,2024-09-10T08:55:06,2023-12-01T07:56:07
256,user256,bernarddiana@example.net,scrypt:32768:8:1$JqmqET7ntD4VVV4n$99bda529903a6059ea8aa961d776a37cd9a859fe52e9276881c14d2cfd220429d2fa8a1847307657cd3e9d707c0dd168443fe4192c169e46dbb4d55158f66dfb,David Smith II,8,finance,manager,True,2025-06-25T17:40:33,2024-05-24T10:03:06,2024-08-18T12:31:47
257,user257,katherine34@example.com,scrypt:32768:8:1$bAecSp0MZ4zVvqEJ$ca3ecbbb24bbdde32b06a8fc10f1ef2e63a06d13fc5ff5ebfb96b7b6287c693832f9db7506372f6f92e4e3647366b50397aa5bec985beb9205cf1f836e0be7ef,Thomas Meyers,9,finance,admin,True,2025-08-17T07:44:03,2024-07-17T00:06:38,2025-02-12T21:15:42
258,user258,karlharris@example.org,scrypt:32768:8:1$qeEmMpNZQX2GE4hm$6064be670c4cc2db9c127aba5c4151b6fe75f4112ea6afd34168d5b0a319d4f847f4b5d35807d29b927e3d770fbfd79d6810605dd7d7509924283e74e88f05fd,Mrs. Judith Hill DVM,6,managers,user,False,2025-08-08T19:36:08,2024-03-23T08:27:53,2025-10-18T21:00:12
259,user259,zacharyhumphrey@example.net,scrypt:32768:8:1$Gtm0GJqYURa1tzZp$346ad54c6c05d877fc91b4a70626891657cc6898483afc619357d85609e1ee51fe996824686ffaba2877624451221fb73570d61f3942e4cf813886070e0c70b6,David Hansen,4,managers,manager,True,2025-01-07T18:50:55,2023-05-28T04:00:33,2023-11-28T12:44:35
260,user260,daniellemora@example.net,scrypt:32768:8:1$9F1bI8CScrbZlywl$53c50cf9783bd06dceb81cf870d6cbc68a061bdb3b14fbf8b213c69f5310d208a807377fe1d17cdfebfab0279e0378ed8f2dcf5ef10f738e8626466d3e92f626,Jacqueline Cochran,9,staff,admin,True,2025-03-02T05:37:03,2023-10-12T15:18:26,2024-03-06T23:31:04
261,user261,shannonchang@example.org,scrypt:32768:8:1$phb27Pw7M7oQ9zEF$df608343e356c2546f8bbe0db17fe36fedbc123beb64dda11e80d24648798890ef2842e744f2b7533b19513091701fd45619fa258b6671ff0d48db91ca7bd68f,Jennifer Nichols,9,managers,manager,True,2024-12-19T05:00:16,2021-03-29T10:20:48,2024-08-28T12:18:39
262,user262,wmyers@example.com,scrypt:32768:8:1$fSU7lWs6P4hfnwII$49132047e7480df8c449d40e67b7bcadda01d9c9b9b742f852a55bb45afdb3de52a11c78730efe61a827e0f4e99ad06a31731ea875cc7f90416495f77e6297c8,Ashley Hawkins,8,finance,manager,False,2025-08-05T06:22:41,2023-04-06T21:14:54,2025-10-09T10:49:24
263,user263,hansenchristy@example.com,scrypt:32768:8:1$BKm0nTSZn2XWKsdi$eb596cc963da812f9aa17a0083e4a0d6051d6abc1f0459879a01efd2c91f571591401deaaf3c39bab776aabacc4799de48416f8d6405f002eccc1a8a0e27f8e1,Gregory Le,3,finance,user,False,2025-10-08T19:30:59,2022-02-04T19:12:55,2024-08-29T17:35:23
264,user264,lucasnatalie@example.com,scrypt:32768:8:1$hoayA6ivLXoHqTyN$6bee731fa12d9eed62e8d37d3923856b4c3c9fcc4d2683df01762eca790d695a660e5f6280d3f8a74f319e7b98ea99dc56255d75563aaf9db5bfe4c623e2e2e4,James Terry,3,managers,manager,False,2024-11-08T09:47:38,2021-05-24T03:09:27,2025-07-21T12:29:16
265,user265,fmartin@example.net,scrypt:32768:8:1$wUvmkyZrVexWQQap$2408be566231ad92aff4019be0cd4c4a28bd56310bc0ec8006937d2802f3b02036244f364e29023fa28656c30bc51f0e03ee3b4bb3aa8261bf456edf9a8b9989,James Welch II,4,managers,manager,True,2025-04-30T03:53:58,2025-02-13T21:53:10,2024-03-24T14:56:37
266,user266,allendiane@example.com,scrypt:32768:8:1$yjGVEmRLJZAqAtP0$1a8bb9d6bfc7f83ec9103497fffc14993efc3a042c582bf1eeab096de4c543b7f8f75c7508f920e6528f3133f69d7e0e5624628a58091a306b92c0bc65c762c3,Frank Moreno,3,staff,admin,True,2025-08-16T15:21:32,2022-07-12T14:20:27,2024-11-27T06:02:09
267,user267,omurphy@example.org,scrypt:32768:8:1$QNn3UFUaHsTPHrbM$5645939ec06be0f85c884fb67b8f211351afb09304912e0a83386cdd523640139b4300df887d5c82768eea7e0bd4129626c42f668e3cfc55c12aededa47b1a81,Rickey Allen,4,finance,admin,True,2025-06-03T07:17:04,2022-12-03T05:07:48,2025-10-26T02:31:48
268,user268,nterrell@example.com,scrypt:32768:8:1$4qVZSVK0nEvh0Cwm$a896cfcb458446924f858d2342272dc6d4c3d51b7a5edbeeee72bc9068a2afe2205bda5f6d13047cffc95c52b75499244d6fa6a18a3e5c79628872dee97dd2fa,Jane Hernandez,7,staff,admin,True,2025-04-04T10:34:43,2021-07-12T05:16:45,2024-04-06T00:16:43
269,user269,pricebrandon@example.com,scrypt:32768:8:1$Xh6NeOeTP6npVHBv$7765cf0216fb15ffd291fd794b2e470216428f91656609e4967a5fe95f7557a39ceeb748ae218ec960db9e51cac8167a0aec18054d545977ed465f49852cd2c0,Jesse Smith,3,finance,manager,True,2024-11-18T23:45:27,2022-02-08T04:36:18,2025-06-11T06:07:45
270,user270,dana71@example.org,scrypt:32768:8:1$l2Uj1oHO57aDEuPN$23920ddaa655e7a1e8dcad2a3cf8ff4df0c3b1af73d4c8f65ea089e4314726490b691e6772838b2245f2202e3b8cc7fb32ba6172a7356afeed643e8e1b8e833f,Corey Carter,4,finance,admin,True,2024-12-23T08:31:09,2024-08-14T11:26:21,2025-08-05T20:54:05
271,user271,lcook@example.com,scrypt:32768:8:1$LxhpYSUh4muEVEf5$8d66e3dd6a9c3ac607ace149d1bbe5d878d64eb8d8cb9fa14a46e9839dd5c625d3feda01def2d7b1e1460bfd4d89079e0e15f604dc99b511c688fe4ee4686f52,Christopher Wade,5,staff,manager,True,2025-08-08T19:22:01,2025-02-03T16:05:57,2024-02-07T14:55:19
272,user272,pam95@example.org,scrypt:32768:8:1$BPbC18xGigZpPNYY$dbfde4edccf6fb183774e63b97b652462d00a4084208bb7f6bb859a4e49e2cd17ea4918fa7e287a60975f7b12af6ac136673a9b6af8b3d5924f125ea18359967,John Carter,10,managers,manager,True,2025-03-07T07:57:07,2023-02-09T22:47:27,2024-02-21T04:56:45
273,user273,michelle92@example.net,scrypt:32768:8:1$rTIQds8nBDSiVdMo$6a135c099f0572a15846722e7ba95794f12358e54165e72bdcbc3e48820b185c55c5da66669aa8cbba7b5e841e95febc6fd28e72222b9e9a798504629ebb3c97,Hannah Chandler,3,admin,manager,True,2025-06-05T15:47:18,2024-09-17T09:07:52,2024-08-15T01:35:10
274,user274,martinezjohn@example.org,scrypt:32768:8:1$eg7RtzITszyQdUiD$89c05f240f3eaec43ca19d271409aa2197ff7fcd396c98d37ce97b4fc7213de03649ab65a827b73720f23d5788c527a80fe6d6aa12138469be4dc826a4a3f76e,Ralph Wolfe,5,finance,user,True,2025-10-07T05:41:31,2022-06-09T09:26:59,2024-03-14T08:26:00
275,user275,rpatel@example.net,scrypt:32768:8:1$iTZ9wtGGVw9ARksr$55daf40dc5b5d60d05db933a3b4e513917fc714bc5687b860886c167605b72df5c5e7149ce1c931441b9b094ea2bb11113cc9258ddb4da346363c7c1cd696ee3,Tiffany Marquez,5,admin,user,True,2025-03-06T06:28:50,2022-06-11T15:46:38,2025-04-15T13:07:55
276,user276,anthony76@example.org,scrypt:32768:8:1$lXfXEMBda0F3wIc4$06aae40914468b5a8df794f63b349bd889426f22527bf5b567fdfe7ee3d39e1792e675d2c270be37fd02fd7b1117eecf2b882241636c732cf0f3ad31a5a565b4,Daniel Meyer,7,managers,manager,True,2025-08-03T23:33:53,2023-12-01T08:07:34,2025-09-21T11:32:40
277,user277,cherrynicholas@example.net,scrypt:32768:8:1$FdlFgaAeqfnx6u7y$451ea8ed175fbc75b0915aba653bc4b5cdaa5c09994b32a35c88e6ea76a5926a4d3cb33f3f06867eeccd259de33e4e857682528d44a7bc20305ed7b2bd0d5aa4,Gerald Chase,9,admin,user,False,2025-09-25T15:07:07,2024-11-25T17:31:43,2024-06-11T00:27:22
278,user278,laurenholmes@example.com,scrypt:32768:8:1$2eFcPmalTOb8TyA0$e322131059a27eb01afbaf0a4643b6a8b0ac8ba2dc9a53a72f619335ff04f45a3dec41dc3face7d18ff33f471af2228436681b2e85e172a9304503c071cc7eee,Paul Cole,5,managers,manager,True,2025-06-17T16:41:34,2023-11-11T17:10:43,2023-12-16T08:56:09
279,user279,ncarter@example.net,scrypt:32768:8:1$23NoA6UlQWuPFo3D$ffe179fa87a2de9f0e8d184ef3cced42dde2bd7abee7a2fb27dbfc62ad6a976fca07fdf5938bec090aab3a9e07deb1ad55dfeb2f237b1d12bf9f7f114dfd84b3,Jennifer Brown,6,finance,admin,True,2025-01-25T16:44:03,2024-03-31T15:55:51,2025-02-21T09:36:37
280,user280,mdavies@example.net,scrypt:32768:8:1$2MGtZpPGchx3tu69$ba712b6f0f3eaf1c4485cc8d5ab6bb92f8941b229653f8700626766fde22bab0b322a326e5e0b77d36a46614ae889162d0d117aa0e3c576fc31f75e3e6b3f63f,Lindsey Adams,10,admin,manager,True,2024-11-05T04:55:22,2022-06-26T23:39:46,2024-02-14T07:18:06
281,user281,qblankenship@example.net,scrypt:32768:8:1$1MRqY3fynRufzMQb$53f12513b3a8ae54da908bc196d63d6055bea90f000e8e478d72513d9b701e518a45711000f0b4a804bc6167eced1c353ed76c36019ffc96c0f3a24df1d5fda5,Donna Foster,2,admin,user,False,2025-04-29T13:19:48,2024-01-15T18:08:04,2024-01-31T06:51:41
282,user282,wilsonryan@example.net,scrypt:32768:8:1$7cS91sUO6tjAtOR3$d1dc87e03c38369ff952e3dfef7b4d94f2d8a137cd487855f8afceea8065a903b857a64d0f523ab397447962f05e4f6e54b64b2d84b163f23514e56cce1be74d,Kristina Marshall,2,finance,user,True,2025-05-27T00:15:30,2021-03-20T03:37:16,2023-11-17T04:46:20
283,user283,hmartin@example.net,scrypt:32768:8:1$lACmxZEuEx8rNnzg$968722944dbee1c221ca389b287a8a91bc95f4066bd7c32dc2c2f15a40eec27c9ac1b46fc9483ed083a1af0565c3b10085ce068e8290e28d485a59cc01a64dc4,Angela Norton,1,staff,user,True,2025-09-21T18:13:40,2023-11-02T10:26:46,2025-04-01T20:08:25
284,user284,jenna62@example.org,scrypt:32768:8:1$kyBILnTYHqDMWvFF$42e4fe56b0bfa68bcafb3dee73af409d44e951826cbb785b3f94b4e5111c0e04e4c09b8d7c79111534f895b579dd969674afc21c3991e399a3b0e901d0bf0ff5,Bryan Wheeler,10,admin,admin,True,2025-01-24T05:06:13,2025-08-29T11:19:36,2025-10-09T23:40:47
285,user285,christinesnyder@example.org,scrypt:32768:8:1$mw4an9yuvNh5tFfJ$dbf23400417ab1fbba3eadf8abe0637d491d90dcaeeb8c1491e2483402116fb1def9a99c910a71af7a6a04aab30fcb62333b8ed8d7ff12442157e28d9e842c65,Kathy Liu,9,admin,user,True,2025-06-10T19:51:45,2024-10-26T22:30:35,2025-06-16T15:46:49
286,user286,jessica46@example.net,scrypt:32768:8:1$DfTgjAQ9M9jXpis9$c0abad10c18900fefe4784d1332aeb4d9d4ad38338150822220f5209b5e50343581fe2f6d721e0bc21fa288afcfc717d9b9fbf36856c543abd99d15e10ba5584,Daniel Ryan,10,managers,admin,False,2025-07-08T03:22:56,2021-05-24T01:27:34,2024-07-29T18:35:25
287,user287,vharris@example.com,scrypt:32768:8:1$JHMNrd9NDl9zaniO$b8fb76075e9effd7008f5d189c2fffcec272ccd1b7f374b204a21f894b6c622d7c6ec2e8ebaec18bb042dcddd8d0e9b6518a99b4a8e40a5c1188b3a5e309f39f,Debbie Murillo,8,managers,user,False,2024-12-07T13:45:31,2022-05-29T16:03:41,2025-11-01T21:26:16
288,user288,david10@example.net,scrypt:32768:8:1$FPX6O3Yukr8vw6aC$96c78fe5a7b3eb9f495666ab905a8c0ca559f9b9488b856e32f6377837b959f0e6edc4196b9be6e48a0705eb893a21feb429a61a8cc87840e6d9b40388fea7c8,Mrs. Terri Gibbs,6,staff,admin,False,2025-01-18T23:47:09,2020-11-03T23:02:34,2025-07-23T00:19:02
289,user289,mendozajonathan@example.net,scrypt:32768:8:1$4hwfckVq9MAgj1jK$07111b1994e3a77e9b46ae349c6c5458e21386ac5e80e56a37e8fe65f3863155e1607585d4a6b0ba414aac40970c731550697606a34d3304b5b7796b918fce9f,Kimberly Pineda,2,admin,manager,True,2025-04-29T05:01:55,2025-03-24T19:30:12,2024-06-15T05:14:42
290,user290,hickspaul@example.net,scrypt:32768:8:1$hYtYVbyeYjjREzYK$e94ba9deb6de5e0d4e65989c52481fc73ac493de821702021091281ef55fedcbb39fed2397200a30631850629e01e808660479d80dca2c52d2fd8432154a540c,Patrick Miller,5,finance,user,True,2024-12-15T17:53:40,2025-08-02T02:06:11,2023-12-12T07:51:46
291,user291,blewis@example.net,scrypt:32768:8:1$8T2ki8pUPgc3p65w$cb4382f8d854c9a9b6891def2374bf8df6accbfcc440adc3d31732a49bd82a107fa6e4a2b091df7a5a79d98437803692e8c0d60a0990f095854f65eac45382bf,Renee Waters,2,staff,admin,False,2025-08-07T20:06:49,2024-05-23T04:37:13,2025-03-08T23:02:16
292,user292,kirsten49@example.com,scrypt:32768:8:1$Ari61ZQWncO7cKYc$d5a3e4ef59d7e3aff3d6b7ae588948727ed7350ffc98b3ee15aa7c5716ccece1b32256d086f6914f8618bc7187cafcf315ac0b59ec34c76301314511308ec975,Monica Malone,4,finance,manager,True,2025-05-12T21:42:43,2025-05-11T14:03:41,2025-07-24T00:01:12
293,user293,collin81@example.com,scrypt:32768:8:1$Sv7sbrQrf9oqkNPy$a0bbb3400eb2599078878a4195fda8bd90ca228df342386493c09b85980bdf4c2316f4cd456ea79b3d937d3448b3d7d3512cc0b15f9b9481d100de68cc4206f9,Kimberly Woods,6,staff,admin,False,2025-05-23T23:06:58,2024-08-23T17:02:17,2025-04-08T04:37:04
294,user294,micheal63@example.net,scrypt:32768:8:1$HCQWuouRfhKNrsDH$4856e0f999754ff37268a97adcfb119c07da968dedcb180a601d3bdcc1f54f402080014ce636638f04a5aa635894c42096f682d0915da82b323a564962b22507,Jennifer Crawford,7,staff,admin,False,2025-01-08T20:31:23,2025-10-03T01:06:48,2024-09-23T03:37:04
295,user295,grace93@example.net,scrypt:32768:8:1$OvYHrALSYCHY9ljq$e6ab19c9458067c6f72625a73a4be8c883977c2b96086e333ffec9e449c29a999b0a778e4ee77019eb6b63cc76f6f7f33e7164979e5105664dd6b5af5601db17,Susan Howard,2,staff,admin,False,2025-09-24T08:13:02,2022-04-04T14:29:29,2024-04-04T11:41:36
296,user296,austinlarsen@example.com,scrypt:32768:8:1$qjrstG8zBj5Kh0Er$eed2eadbb4820b813db628227bebe8df27459017dd416ed4cbb90656aa81756683b7f2da694b612d831f9a3ac1f20a75837474b403cdee62ee64315a8182ec76,Jorge Francis,7,finance,manager,True,2024-12-06T07:47:16,2023-03-08T06:33:36,2024-10-19T15:29:47
297,user297,blarson@example.net,scrypt:32768:8:1$YehVolxLp6VNYwbm$5eed5661d1654b0a128be49a3bb3cd319446f7d0d8e8fed69c2b77629895d37a3670579b19b2dc4b27cb587cdc5b932199d07e384cc33928f3b3f36a47af8d12,Ian Parker,10,staff,user,True,2025-09-30T05:06:38,2021-01-24T17:01:37,2023-11-09T19:36:34
298,user298,william95@example.org,scrypt:32768:8:1$aWu8fsgU20lX7zwQ$38491d788ff6961d313b956dc0f2530050cc18e3d3819b800c3febc45dd617d8083696e8f28597453f9ad0c70c5c30d1dafd57a95fb5827c76c6db6d1a911616,Devin Brown,10,admin,manager,False,2024-12-14T10:48:28,2025-07-27T17:27:26,2025-10-27T01:54:38
299,user299,bryanmark@example.org,scrypt:32768:8:1$AaJiqT5sD5BjjnY4$09af504a75661bdc9ec28505dddd4024f2b326d6d2aff0900d4e25ef24831d0263aed8f611a9bb5dabcdf0642eb52295cc6aa36f83f6a798abcc221e219ffb4d,Thomas Gomez,4,managers,user,False,2025-03-30T03:58:08,2021-11-04T18:45:31,2024-04-03T15:03:52
300,user300,jeffrey54@example.org,scrypt:32768:8:1$EJkBC3kiTblHy7kk$14121c0eeb9e67cc4807f6fd0913d0b42a8c67de5ca975eb55ccd632762bdafd1e9d645e0dcb50a7787a051b5bd1715f7b97a81c6261af502d3191ef08b22b74,Terri Nunez,4,finance,admin,True,2025-08-23T22:13:41,2022-12-28T22:23:41,2024-01-27T23:27:28
301,user301,veronica64@example.com,scrypt:32768:8:1$9ik8Vy9AveV49sv0$a1a93f53746156ad1ff5ba989ed5efdd81d689191bcbce09f4577c1f7580d4926cfc843d984925e239acb306b68c52a1f9440cda5790c4d4112df469ebb8fce1,Stephen Farrell,2,admin,user,True,2025-01-28T12:19:01,2023-09-27T23:33:08,2024-08-03T07:48:14
302,user302,sarabond@example.org,scrypt:32768:8:1$jiO4zpjUE4mHUdYt$a7c56452526c6502c4c87558fd195d278fa5c062706d9f9b784397dbf6debcf3a51a33af487668bfedb7f06b89a973d27f7af7d0e8aef62434c8fc422b3798f6,Michael Williams,6,staff,admin,False,2025-05-16T13:29:34,2025-05-06T10:18:41,2024-11-16T05:16:02
303,user303,nancyjones@example.org,scrypt:32768:8:1$1OhzkZM72jXmkyvh$80676b1677b97def58e6b9549a66184ae16afe6971944faaabb83b58811a254a8b04db12fb3474729d791262c87f421f41fb677b6fc87a68c99ac81110fc6759,David Barnes,5,managers,user,True,2025-06-23T23:08:19,2021-07-23T12:21:36,2025-05-26T11:13:47
304,user304,michaeljohnson@example.net,scrypt:32768:8:1$3oNbVQb9oT5GHcSv$dd02ed41eb4c3f37781ba0487e3f4feeeff566d03c05dc424ae3f538cb43301557595f86a1a3ee9d5db874a7cac42d5b8e4521fe283e92e04f0252f4d54776fc,Christine Yu,4,admin,admin,True,2024-12-26T09:06:16,2021-04-07T05:52:33,2025-02-13T14:33:05
305,user305,sosamaureen@example.org,scrypt:32768:8:1$l4U4KoFIGOCZMOij$0f268e65b9479061aa958fc66bf12ba944678524c50eabb75ae1bdfef95ed6d9e5afb491a977081db9dad35fb21f3938d3395ed5968586688f8ed7007b11b5e3,Brian Bennett,10,staff,manager,True,2025-06-21T02:32:23,2022-03-17T04:42:11,2025-05-18T14:43:45
306,user306,dbarton@example.net,scrypt:32768:8:1$up66YGImIisYrwje$c67c76b684f3cfa072252880e962fa39bba690f82f194aff44caa51f364d2f5dd845eb2bd49aa3c47db6e44146cc330e193869258da1520ecff9836722ba4647,Kelly Higgins,8,staff,manager,True,2024-11-12T11:57:42,2021-02-14T07:02:35,2024-10-01T17:56:49
307,user307,parkercarrie@example.net,scrypt:32768:8:1$6szeSzeYch57amJ7$c9358d9cd76978c11762416d88738c1235d217c4ee188aaba3af13f0306a3e8f16357cc21f653510d20feaa544292177577fdfb389de7d7e22f0d04908acf25b,Terry Li,7,managers,manager,True,2025-02-15T01:06:55,2024-08-18T09:54:47,2024-08-23T14:48:54
308,user308,stephen83@example.com,scrypt:32768:8:1$OB6FnncKPNDYBaKl$a246704b7fa6f6234653d3482e869a75eac14718d9f02e9d8fc8be6e089c7dc53b042e629300fe7493fa92b6553def21fc3624813e97c9a17ad8de2ad04c2620,Caroline Anderson,1,finance,user,True,2025-02-07T23:57:46,2024-12-23T09:10:34,2024-08-14T15:18:27
309,user309,hmcconnell@example.org,scrypt:32768:8:1$p4HGSm6oASImUlj1$96cf41b69ae4aa2369236cfbfd3e07882e4fa0eb7c117d34acd11b1b5a4be96be582114dc8c60a68554ef81eea98435b546f75d25288371dc11816ebbaff0e54,Theodore Flynn,6,managers,admin,False,2025-04-25T12:50:13,2025-09-14T10:23:06,2025-04-19T11:52:51
310,user310,ehernandez@example.net,scrypt:32768:8:1$aUNdwSQzD2Vfkb1N$1a1615bf287baffdeda092b5c1beec0f46b3d2ea1d43402eada45c448b89fb3075013fa625b72cc82f200cd7fdc289c46e71524482c0408650118542bb49e6d5,Christopher Hunter,10,managers,admin,False,2025-10-19T05:41:00,2024-04-25T10:18:46,2025-10-10T20:41:01
311,user311,uphillips@example.org,scrypt:32768:8:1$TuGh9wiVW3L8svnY$8d857fd8fc61e0cfdd5ceec62e1f46a2f2459c0ad357074012c0cf5932b59830f9fe4c6e15349e3d0255864d9abe157fcdafdcdeeb78beca05ac1da40bdaa427,Barbara Gallagher,2,staff,admin,True,2025-03-12T14:18:50,2024-02-22T04:51:47,2025-08-06T10:39:22
312,user312,sullivanjose@example.net,scrypt:32768:8:1$bA6E3ZuRyMQM4RJ6$45585e08c8c2d5f18795f5b5d12c587e90dd4bc9d1eef30e7264f050313101ba90b0af8e314e7962887410ce16f88b10888ecf2a2d6fe0988010c8ae595a9078,Gregory Haynes,4,managers,manager,True,2025-04-06T10:53:33,2023-08-18T09:07:51,2025-10-14T16:46:47
313,user313,josephcarr@example.org,scrypt:32768:8:1$eLIHcSzCrhiiqbdM$d7b52245b773fedd5b3527193457f1b45a4c893b6d7a44293e71088d8b5e8559ed26a875af4edcc1124b0b51c5fda0082c94fa170a30ff98ae3bee5ff9fdbc5b,James Cline,6,staff,user,False,2025-11-01T19:09:29,2021-11-05T23:08:48,2023-12-10T02:13:22
314,user314,hamiltonmargaret@example.com,scrypt:32768:8:1$vxVqV5tZQudr8i3L$9c5e1cf4f74516e328468899a54e240a24da08f4cfebe03bd830f39c468cba0939f465dfc2bc997583637b5ba194d03886d66fe6efddf206f63e4f1af941e112,Katherine Neal,3,managers,manager,True,2025-08-07T22:13:26,2021-05-31T08:27:17,2024-05-21T15:34:30
315,user315,bwilkins@example.com,scrypt:32768:8:1$pW1FE0lzFg1bC2MW$87d36ea68eedf60fd3b5f70a8eda95fcb905242ebcc49a7a11deeadcb5e4b2578b05a42e489f31ae85b76b254ac0f773df08946077edcafbe395262b19b41a21,Amanda Rojas,6,finance,user,True,2025-04-16T20:54:57,2023-07-16T17:43:20,2023-12-22T20:23:25
316,user316,jburns@example.org,scrypt:32768:8:1$Wwp3XkFPlqu2Lhvp$9036018f3d66d7157e3f33fe52dbae8496494f40382d0035cd6a92f490e0e70b49488c88311d4958588df460105fea080e3307000cc5249957d04d032f12ce25,Patricia Gibson,8,admin,manager,True,2025-08-26T20:05:28,2020-11-20T07:14:36,2025-03-10T04:19:38
317,user317,jerry57@example.net,scrypt:32768:8:1$UXsAYdQQAm4BDZJS$b5116c9c9fcf1fce4f539feb1df1a2f1db37ba27c61ed836b040aa4af6482098ea51fcf17049f74a725b51444bc0c62bd23f1447e305e71a9af1a9f8dfab8299,Jeffrey Johnson,2,managers,admin,False,2024-12-09T03:27:45,2023-06-16T17:10:48,2025-10-18T16:14:51
318,user318,dana29@example.net,scrypt:32768:8:1$Pelra1UB4PqHBaLO$e0c208b3085c9f23bd73de00f75255855f066cb3ef23ea2f8ea29fdcc618f05046b4c75455427865456358e83b2d7a08eca851b2c59b73816e3eb908857dff41,Cody Stein,3,admin,manager,True,2025-09-12T21:03:46,2025-08-30T09:47:36,2024-07-12T02:10:15
319,user319,lopezerika@example.org,scrypt:32768:8:1$XV2VJdOGGe9r8DxV$a43731d481d6f71ba852ed8027a86356801759b79c070fe9136bd05e0802a0a2535707621e89f5f974437af91a8020487f676da8c8b15a570bc5889024333c15,Maria Fields PhD,5,admin,manager,True,2025-07-31T22:55:29,2025-08-08T23:36:09,2024-09-29T10:21:21
320,user320,michelle47@example.net,scrypt:32768:8:1$rVHVoja2Bj2nx5Uj$0cbfd39ee3028101bceb181b41ca6d625d2bf7e73c447ad003c74d4614ce1cbeae98c6497c7930d2dad4ae9a97898af48e173837a126f2e3804cd02d9192dbce,William Larson,4,staff,manager,True,2025-08-17T01:31:16,2025-01-01T02:07:15,2024-07-18T23:18:23
321,user321,stacy29@example.net,scrypt:32768:8:1$jS5uavpl2b9TbiVO$c6b4083a8edd8813363e2f3316614fad732cc851934eb7f35b5c6a7d2ca0e91acc52c7c58ee0d025ee3ed2c232da1c850e22ae78cce14436a157e1b0626d51ea,Jason Boyd,9,managers,admin,True,2025-03-23T07:29:41,2023-06-24T18:06:09,2025-10-20T04:19:21
322,user322,brittany02@example.org,scrypt:32768:8:1$YEumV0agjHMpfqsk$a6288ace9502414289c2b8de8d59db6eeb09755c27b8c3472acfe68511f70330e97f6292d56b70f9a0c7c6877bf2395dc67e6e9967c9ea39f01ed835ff1b6591,Leonard Walker,8,managers,manager,True,2025-04-29T19:00:04,2025-04-18T12:15:26,2025-05-31T21:57:17
323,user323,xgonzalez@example.org,scrypt:32768:8:1$91PZNFgun4OhQqpG$7093ed0327ee5b8bda92bbe614d3b99b7c697672a088bb8ba3146c625d2f6ead8b90e2ed82eb76b6073bef709b9abeaa0fcead86ae1f3faedfd61ddee16486dd,Joshua Jones,7,managers,manager,True,2025-01-06T02:50:24,2021-01-04T23:48:11,2024-10-06T18:55:25
324,user324,zimmermanrenee@example.net,scrypt:32768:8:1$Bz9JRGVMrM1pMU5O$43e2a33852dfd15528b970af65d789e355a3ddce5404be8f67a3deb3dba1901bd53e57ca4b212012c049023b9024942c4f3ee6dd74505b0e87a9ef79568d5f4a,Howard Park,9,finance,manager,True,2025-02-14T15:23:47,2024-03-31T20:51:31,2024-08-27T12:28:18
325,user325,lucaslisa@example.org,scrypt:32768:8:1$5qfBfRIdFZOTnICd$8592a2f2a5a7d20cced7de1219f8248bba4d7f995ca5f709f84d00e323f0e12235b9d347070b928c64228f4b2c81a3de8296e5e00b1c8ccdf87ba00f0f992186,Bethany Pena,9,admin,manager,True,2024-11-16T03:19:08,2024-11-21T22:55:23,2023-12-16T09:55:23
326,user326,aarondavis@example.org,scrypt:32768:8:1$KIa65OUDVosAWoJz$e920dfc3e45a66f7bab95c064c3ce6d2cc31cb07fe41fd4e1ccc2ac8c2113a8bdfb75d837bcf38f922870942c68037db41cb43a10e6a8c9925fcad5b18ab31f9,Kristen Mercer,9,finance,admin,False,2024-12-30T07:35:53,2022-05-06T06:29:22,2024-06-16T04:58:40
327,user327,zachary31@example.org,scrypt:32768:8:1$tC1ZGh88JrTYJbc3$b17e618a46c665817d65bcf10c551c3844f549be75f2c0f14c620a607150cf20c325c4364d274d5058ba81ab21c8a9b76f595683d186018559f7aee70c7a6e63,Jessica Mitchell,3,finance,user,True,2025-05-15T14:28:13,2022-12-22T16:15:40,2024-10-19T21:26:50
328,user328,heathertrevino@example.com,scrypt:32768:8:1$7YtiGDxVEeZkV6Im$41e49993a87030c6a14f04b18283764444e16738a1c33f0e10defdbf3c86b3631f4961c7ea73e5aaceec301c5b3f2e48498acafd22af8f64b8237b5b3afc3bba,Joseph Ryan,1,staff,admin,False,2025-01-11T00:31:22,2025-03-28T07:18:00,2024-10-07T21:44:35
329,user329,mary35@example.org,scrypt:32768:8:1$VJy0jiMWvtikhFuw$c6044db98abd073de5606476bd7875232980d26543bc0a2b1cd837ee884506847035a3ed828a985be784d1e43ae5ab5f808ee3222656125fd1f1a7f91cf0cc2e,Melissa Harrison,4,managers,manager,True,2025-10-11T06:52:18,2024-07-19T03:45:30,2024-04-18T11:35:23
330,user330,christina09@example.com,scrypt:32768:8:1$Pe7MOBTgwra47KPL$0491cacc1a134fab014e7a7b4472e674cdf2b49ad058ecae536098b1a4c0fc8981a698b07c0aa5069c30547c5ecda1bee168224c9ebfc399b81e909b6fae2622,Brandon Anderson,9,staff,admin,False,2025-05-04T03:48:27,2024-07-01T08:33:55,2023-12-25T14:27:47
331,user331,silvatracy@example.com,scrypt:32768:8:1$LtwIGl1Xlodyufej$09be95cf48f06b2e95eda4ec1d9c3d114c05fd850125e050b4cf07b2da4e678635bef5e811910cefb4d7cd8ca5dc4137b455afee1faaf81e2a3cc937b24aa570,Hannah Porter,10,staff,admin,True,2025-06-06T19:58:33,2024-09-04T06:05:41,2025-03-04T06:12:57
332,user332,michael63@example.com,scrypt:32768:8:1$RGL1fbKE9aYhyrrD$eede877bcfe077e06509ed3fb5a139c169e884ab2ea2e3f031d3cbd5b6591164dd71d1b925c0da5fca95a3974258f2605dfd905747d7c8907af476c30e68eef9,Carol Callahan,4,admin,manager,True,2025-10-09T22:49:11,2025-01-30T20:05:27,2024-02-07T20:09:00
333,user333,danieljones@example.net,scrypt:32768:8:1$xwUxdHS7HPfMQMJT$a6ea79e61a19512ac917126454a618aa251c67533144e14510c01fea05137889d194f3d2ecc97432e63857a2b37ae81ba81d75be014935e36aa6bd780b5ad3b2,Stephen Zamora,10,staff,user,False,2025-01-13T14:24:44,2020-12-08T06:56:44,2024-07-30T05:24:43
334,user334,zthompson@example.org,scrypt:32768:8:1$Htfujy5RCuES1BHa$05d2ca029b878d3211478d4be18066a5e865c388cebb3a1cfdc02214cb6bbf8988bf7ae1d09d395f7b38f490c22cf4409f85665fd5a1a93f8333a5c28ed49b95,Mary Murray,3,managers,manager,True,2025-02-15T12:13:23,2024-05-29T17:05:52,2025-08-30T11:41:46
335,user335,ramseydeborah@example.net,scrypt:32768:8:1$mM8DwqNuYg3XixAn$fffb5e1692b0ef3c657e4500962b079ce6486930235996c0466375365d758fe348f723fc5891b3389633271fd038aa480878a68d9e097d0e2595a5843c127513,Keith Long,9,staff,manager,True,2025-06-28T16:15:40,2024-07-04T06:13:31,2024-09-05T19:29:25
336,user336,nelsonlisa@example.org,scrypt:32768:8:1$6W0a8MpFeBkTrvSO$b70ff2a4fe940ad052ae225d601fb044554738d80a9323ed6a48749bceed006936041e9fad9e732986fd5ec583a5dda9832d82517b2b87d7bbbf069d94344707,Matthew Fernandez,2,staff,manager,True,2025-09-09T18:17:43,2023-11-16T19:23:37,2024-05-16T07:32:02
337,user337,amandapetty@example.net,scrypt:32768:8:1$jmp1CWjjd7LiTx8W$dd02c0c91b05b9cf2aabf1788fa344df259bc25fb0bcd9cda5fd1d7959f7953f8c5c01bfaae805b54f44f60b8f6b7b06ff617409476229a5a73c5bb4609dc916,Mary Valenzuela,9,finance,admin,True,2025-09-25T15:26:42,2022-10-20T11:16:23,2024-10-06T19:32:27
338,user338,albertjohnston@example.org,scrypt:32768:8:1$MqhBoNCdwqUSRCmf$c148a1d2fd5a8c0d8740617d4b8f73c2f9a027756ab1969f2fbb8d3c3e01a926acaa4c6754bee2d61512e9c6648f912a1337df55b227a36582e74dbc2fc2c22c,Tracy Bolton,4,staff,admin,False,2025-06-21T05:58:55,2022-10-09T04:43:19,2025-07-07T22:21:22
339,user339,brandon14@example.com,scrypt:32768:8:1$lL4lJ82rPjWPwjUY$74cb6b3cdb445fef2c7e8e87b3656ba6113d6592df77841144f206a62696c526a0c6f5fb873024b1325bb86c2f297d11ff0336b5ebc6e55163fa7dab639933e7,Julia Baker,7,managers,manager,True,2025-09-23T16:47:52,2024-01-13T03:37:15,2025-05-30T07:14:36
340,user340,mckayheather@example.net,scrypt:32768:8:1$TzcmXwT7ih7ZNvAU$d5f141d6a212242c04f15c487729c982f2fb7555aa2e15366ddf6343a96f28952ef9ed713d581fccef86ee34b407d3c6204f373a982c4900ee264a12f55e5db6,Katie Cruz,8,managers,user,True,2025-10-28T15:24:59,2024-03-28T17:07:41,2025-03-10T18:44:27
341,user341,taylornancy@example.org,scrypt:32768:8:1$DrX9WqF7lX3xgFm5$d76ddcec8fa3b95d4c70c727e1d7018ed7c0dfda1421a12e1f846b7156e52fab9c60c709facb7c1a5b9621a7dfed758436d4739fef037ebf0aa9f13f824fd71c,Joseph Aguirre,3,admin,manager,True,2025-07-04T01:09:43,2020-11-26T18:23:37,2025-03-06T23:50:04
342,user342,johnsonrobert@example.com,scrypt:32768:8:1$iKa83t3ZVGYEX7Qj$3b09c11ee591064add22534975b533948b8254176c3c9199fce87a9912329ce9d5600e320e101949aebc2f907fd7d9210595cc59f62142c0514226ec5129614a,Cody Palmer,5,staff,user,False,2025-06-08T13:36:48,2025-02-07T15:22:53,2024-10-17T07:23:23
343,user343,montgomeryisaiah@example.org,scrypt:32768:8:1$k1H7pYqkaF0RoYXN$ba81ba2b31cb3e92834365d414b55b777f7567245bbfb060408681f4b0c2bdd26c97348eaf68225bea1c07302f6ee25a2cc44826eb418ee08b067959cf72a827,Jacqueline Shannon,7,finance,user,True,2025-04-11T23:43:15,2021-12-30T04:39:27,2025-10-17T00:50:17
344,user344,sarahcastillo@example.org,scrypt:32768:8:1$rcLhdOzfLv1rybE7$eb1fdfe2362cc15422a1d7be24a4b4270c70b712f15aacca227b144b191bc1bef48f66831fe6b376490dc4233a005cda37adbc3427f2f5ea16a7252a1abfe605,Andrew Nelson,3,managers,manager,True,2024-11-30T14:43:44,2022-12-31T10:50:16,2024-03-05T03:14:53
345,user345,mlong@example.com,scrypt:32768:8:1$LL9LV7WwQSXtvKDU$2838425a71085928722c09179f735650c7e432462e977a921f7e322d228f07824fe560e05b233d21fc63731607d801b360b6dba23706d47cfb6ede1fa6c47db6,Kimberly Bowman,7,staff,user,True,2025-04-01T03:17:32,2023-06-18T19:57:06,2023-12-14T22:17:53
346,user346,crystal28@example.org,scrypt:32768:8:1$ZGkhM0fqVSMYlASH$71ce81b596fe4644a0bea28bc981901b7fe968772465324b5e57bfd0d00e2e5646805072e20b59a4ca25d14fc53d0f2226fb69d4f455651c1d015ba3a8e88fa7,Chelsey Fowler,4,finance,manager,False,2025-01-31T11:28:08,2022-04-17T03:37:26,2025-03-28T19:56:47
347,user347,michael29@example.org,scrypt:32768:8:1$QAWsZyYcE0laDxWu$f0977bef9815d0b1272b354fc92bdbbde133b719ccce0b9150bfe707d881a0c1fe4045a785f0e0715298bfb1ee1c711deedea73d91777a632f8258c5479e81c1,Richard Montgomery,10,managers,admin,True,2025-01-04T13:53:37,2025-04-04T21:44:35,2024-09-16T19:39:18
348,user348,gary43@example.net,scrypt:32768:8:1$CdXsNeBfO0EzKZre$1123051f8c8df68ad804501700f03e8844fb7f0a4c7dba821f58de46fd8271d45876744c8f96437fe2f09a1eb244d42fac40672919732a4782009c079ae15412,Kenneth Patterson,6,managers,manager,True,2025-01-02T17:07:42,2021-01-19T22:25:35,2024-06-04T07:26:27
349,user349,davidbarnes@example.com,scrypt:32768:8:1$byLCfY483S0f5AQQ$a9de9f983f967190215f3478991dcd63b97211073185e6f0a92c5267e84521b716c84cedb3c93dc38237516412019d4e33ffaf48a4023b647b29a5c8fdd2f561,Felicia Avery,3,admin,user,True,2025-05-21T17:43:30,2021-01-24T09:37:11,2025-10-06T00:34:34
350,user350,colemegan@example.org,scrypt:32768:8:1$Tyt03ZtsK4vHgZX5$d5f85cfaae475ce3d3e287f17c6317edd8207c51cfb828b1f5eed03a9add48efea955f65c1dc6489ac5e4d1b66d0c8186235356ac0704337ded4a02842b8ccf8,Nancy Acosta,10,finance,admin,True,2024-11-19T23:11:21,2022-10-28T15:47:23,2024-05-02T14:59:31
351,user351,joseknight@example.org,scrypt:32768:8:1$zAOZ6siaRuNXwLcv$148f1199811c892b6541d5d6bcee933b8374eea3fd352873bc32daa3f5b4e4d1743a1516e9fc31890b9fd96605597ccbe72c943ed28b9b6b7cc6d7b452195ac2,Lynn Williamson,3,admin,user,True,2025-08-22T17:53:12,2024-04-22T19:52:37,2024-01-11T16:00:52
352,user352,tmitchell@example.com,scrypt:32768:8:1$NW5JwsXdgwqUJnTk$0bc63273d8fe41d662075eb2e26b9a1e0ba5b1ae3a88754cef2f54f9e2b5ea9342198ac9821957fa25dfab54a9b0f1fb7ce126e66b8f3f7e2de506ec75a09040,Amy Grant,9,managers,manager,True,2025-05-30T08:17:41,2023-08-13T20:46:57,2024-01-30T10:03:52
353,user353,wlin@example.net,scrypt:32768:8:1$o3wuijkOQZLvFKK6$0361656c4ac76101c8caee58aaac77df382844a31230924740c7be2aad4df595a2607934c519353b79f0854922e5fc63b2dfd48d70a8be0284e34527c8e4d560,Allen Matthews,8,finance,admin,True,2025-08-03T10:45:50,2025-04-01T16:09:21,2024-08-20T18:01:40
354,user354,robert01@example.net,scrypt:32768:8:1$dvDpRbdV87LFYr8l$256866eaf50c92a4eb18acfbbfdc32d0711f6da8f9a93bbdd415fa89639574e437384db7096da2cf48b18b64d44ee61a166f48ebedae6428791afc8796460ad8,Kelly Barnett,4,staff,manager,True,2025-07-09T04:42:48,2024-11-07T09:51:11,2024-03-21T11:33:15
355,user355,ryankent@example.net,scrypt:32768:8:1$unXgNWTkD0mRSGaI$0251e64ecd4e8dcbed033cea8745495915667c390294ff7ef68a6dc70c3b37f86127eb44a0f69d5c85ca8d49f05c4def486a89f78cfaa6be63a664c7f307aa6f,Savannah Jones,8,admin,user,False,2025-09-21T23:34:15,2021-03-16T21:43:02,2025-03-11T22:08:04
356,user356,wilsonronald@example.com,scrypt:32768:8:1$TyK9BEMNCbraFOry$e539436bb278c08074d4ed59ca29b915a4b80c4ae2d197003ea6ec0e3c53a2e10566a10de6e90461bcd2263086c3049fdb3dee78a11d4749f90d4df65a07b8e4,Mary Smith,3,staff,manager,True,2025-06-15T07:00:03,2023-04-12T11:09:01,2023-11-05T14:41:11
357,user357,margaretgraham@example.net,scrypt:32768:8:1$Lcnz27A0VK7XofO6$86aaf7cbad828bbbef281a21a487a93b3cfece1066c2189d7f242e7d0c745bf35206063b2a10a5ec2ae6609ac86411484a408278d06ea99e59daf1f1e6c1dd80,Stephanie Vazquez,1,admin,manager,True,2025-06-01T17:32:07,2021-05-21T05:46:00,2025-05-10T18:33:48
358,user358,tiffanymartinez@example.com,scrypt:32768:8:1$bISqUZSuYlLnFA4C$8611c5cb5a7d2a206a693eacdcded0dfc9ed3f3636f13e74a6c3ba35232ada19304bf6115dcc59414ed95ccc6ca2636896cd1c34610d069a1c81bcee7fb61464,Jacob Lam,7,staff,manager,True,2025-10-05T23:29:08,2023-10-07T07:54:47,2023-11-28T14:45:32
359,user359,ecollins@example.org,scrypt:32768:8:1$un1Dcwg4Xgss4YFn$49701ccc99de025d7abf656b788e260a15579d9d9117062fe0532e598fbdbe7f8ef93a8dcc0f7e9c3d2939dab1c7866286a7638e68e2033cefcf87a89300c2f7,Elizabeth Morrison,5,finance,manager,True,2025-03-20T17:30:11,2023-06-15T19:49:53,2024-08-22T13:32:39
360,user360,lucerochristine@example.net,scrypt:32768:8:1$QGVhGV5nNXner60q$226df976448b13ceb57c4001532080a6da816852d1feaff22c9a2cd01709ef25c72648e5cabeb431fbc42e36127551839d822ad863c11f0ac4352e8776fc39bb,Hailey Rodgers,6,managers,user,False,2025-06-19T13:24:03,2024-10-08T15:51:43,2023-12-21T09:19:05
361,user361,stephanie80@example.org,scrypt:32768:8:1$tSVgowjdLh4O8Bot$c75ed59ffb1ff1610fa52c034ba12b2e5fa6b9ed4af7b4129d0d0257f88f61965a50885505cb80212d9c7a98fa473700111d3cc00478878d166e113b08d88636,Alexandra Meza,7,finance,manager,True,2025-05-01T02:35:35,2023-08-09T04:07:10,2025-09-24T20:31:47
362,user362,icarpenter@example.net,scrypt:32768:8:1$5JzlXZU4a49Oq73j$6f18f7f34c6a15d3dde8e1d16dffc88bbf4af757ca211b1b07cfb62b42de2b573953b64affd5d57bce3385380c5e4ebb8d1e31e002e66208ef72cbf8c02d23dd,Kyle Villanueva,5,staff,admin,True,2025-03-10T21:21:12,2024-09-25T21:42:31,2025-02-18T18:04:30
363,user363,vsmith@example.org,scrypt:32768:8:1$9YQSaDQCsPknasUE$4c61ad03be077bf146f462e377e4c262e43c2cd94755d3e97e76e6745db8f89256aed4c589a14328f95f07564b58d25bafeebd5506481f1ef064ac728b3224c5,Michael Bowen,4,finance,user,True,2025-08-30T13:21:18,2022-11-24T09:58:20,2025-01-08T14:31:00
364,user364,beckpaul@example.com,scrypt:32768:8:1$ZfQJhda5YzSJSkYM$8e68ae8869ea4389d85660d7650378d2f195fd4f5c1d35380489fb6629d1cf423000035bf87e3c9f0f587ee9b98201c0cd3f1fb59059eee6769c62764a8c455c,Dr. Wanda Hoover,8,staff,user,True,2025-10-25T02:34:01,2023-04-18T03:48:48,2024-01-12T05:06:45
365,user365,summersmelissa@example.net,scrypt:32768:8:1$1g3Zh5NwiH2110j4$5a4bba7f85ab83bc87f5d8f1144efe3cb1714955f4b9bf9d73bd3e19b59443d07bcab71f955d7062190f30d5b99f931a646e5df036fedd2d062958ebdab0d8d8,Angela Bell,3,finance,manager,True,2025-02-24T13:46:20,2022-05-14T09:51:23,2024-04-16T04:34:55
366,user366,xthornton@example.org,scrypt:32768:8:1$DD1nhYq5cZkW5qYP$8d40b6a6359a6d856b9108e05c2da0528a80ec61071f7da5c3a62bb89019d9b9fb12bb4ddad030ad1e6ab9af2c1053f7b6d2bfb5454e988493be1bc538c00f3e,Devon Lowe,4,managers,admin,False,2024-12-18T04:20:18,2023-06-10T22:43:35,2025-08-03T11:52:09
367,user367,wgonzales@example.net,scrypt:32768:8:1$4965yEJrC1v4MzCT$ca2292eca2f905dc3bf744a8dfbdc64a08797b53da757ebc785d21fc6d7ba0cd525cff614d8b80ab377050b8d087828162e2fd257ff4907083e41ec8f8e17f1c,Angela Randolph,3,managers,admin,True,2025-06-17T23:00:57,2021-01-22T00:03:11,2023-12-19T05:40:05
368,user368,deborahsmith@example.com,scrypt:32768:8:1$UgnTag4UNFAsEkJS$c5cf248dee17b39fe276bcc2657a326d0d78ecfe1ccc19b3d2ce024c671c20c087c0ed4ac773a59a65d2706722e2026ad1b0642cd433689959bced9a45a36724,Melody Vincent,3,staff,manager,False,2025-02-04T20:15:10,2021-11-02T18:08:07,2024-10-10T11:09:34
369,user369,xpotts@example.net,scrypt:32768:8:1$7oOVGLqcnsFlKjrO$1ad82b16176ac28ca9e9d58b9ff66dcb2c19a5aff68d5f1a84f92dd06366930a6ce6ae9b7c8919d968bf1494a46c343575a5f95eed06cb8447355278750e0c32,John Roberts,9,managers,admin,True,2025-01-05T08:01:32,2021-05-02T01:58:51,2024-12-14T14:40:45
370,user370,tammyfranklin@example.com,scrypt:32768:8:1$80XAxaNKTzYAEkjC$d02c5d5d0183134f7ae27f817105effbada357ea2fecf945137755bf2acf22eb67dc0216729774c21202c15d3f1d9e47e311ce577ec8dcfd7062957fea11b94d,Laura Holt,7,managers,admin,True,2025-05-31T19:04:00,2024-04-13T18:08:28,2024-05-03T15:26:15
371,user371,montgomerybenjamin@example.net,scrypt:32768:8:1$LQImI6yMEPCiWPND$eb2237fdfac5fd2e1651aef868fff6d4bff898be94f24a48d1ff46678c35608391098959c849d6b5aeed69e8a4b749b44a6f5a52645a1b44dce39d969081209a,Anthony Woods,1,staff,user,True,2025-04-26T00:45:14,2022-07-23T20:50:58,2023-11-09T15:01:12
372,user372,rperez@example.com,scrypt:32768:8:1$UFIpvVotcSKbNdah$74ed3d75efb24e25e9802bf0fea6773b0d813ba63db719d514d254bf1cb0651264b4419eaf380332ab5cb0367873f77d8c7764267bea116d549670d37a955a01,Donald Gross,3,staff,admin,False,2025-09-23T18:29:53,2020-12-07T08:02:19,2024-12-20T15:22:30
373,user373,lisa71@example.org,scrypt:32768:8:1$XhqHuWvQWMrSabkK$d8e85f50f49d2b5ba367a9472cc7cb4d6a03687829d99fd56dec61596179f378b70217c214643a56068ea5fa365c1d78ae4987f09c9f6103430e2b4cc8f06ae2,Kristin Becker,4,finance,user,True,2025-10-21T21:35:29,2022-07-02T15:05:24,2025-02-22T21:53:21
374,user374,vincentsellers@example.net,scrypt:32768:8:1$270OQKjyM0iyIgnv$b801a62dd7c02f5ee0e5de433776b7caf27d532b39ac1710c8c33dbf2e930d06bdab0e64f5a3ec4d2ee0b082b038a7c15c20cc337ba8a8d9e2e7995511fe9730,Mark Mitchell,1,admin,manager,True,2025-06-05T22:54:07,2024-09-24T15:16:02,2024-12-20T03:56:58
375,user375,hornnicholas@example.net,scrypt:32768:8:1$Z1ZlIqJeHDbc8aI9$d6cb181e35acb52e48a6da2e6c3553ddde35786ded7b9ac5b5ed2ab6d93adf9516e4331b7e40ff3aad81029614d7e2b4aff9dcba12cd67e0c3c5724aaba778fd,Sandra Johnson,8,staff,user,False,2025-08-09T16:06:35,2025-10-10T13:17:10,2024-07-31T11:53:25
376,user376,brandonbradley@example.org,scrypt:32768:8:1$UoUWxq7DfiYHEV94$96d907c72923334f9f6cb791cfe70f35c176c7cc5d02b3c92fbd6547537191cfcbd20139a985f312705cc15cecdfd5f5d43473c0c026d9d873fe99e827273273,Robert Lee,8,finance,user,True,2025-08-10T12:11:16,2024-10-10T13:10:44,2023-11-17T10:56:16
377,user377,aaronfox@example.org,scrypt:32768:8:1$I3z8F1Fj20145G0X$46b709fa3a9891f4a5befdd4ef2515561e9ad2df10f811699e41d65527de44ef81b0368ea0942b69e98fd67b4c3d6c5dfed0bf449b5f41eb3f73bec331ad59fa,Jessica Washington,1,staff,admin,True,2025-06-27T12:05:17,2021-05-14T02:28:34,2024-06-11T02:58:31
378,user378,phillipsthomas@example.org,scrypt:32768:8:1$ON94Buj8qAOH86au$96b784a9b47d6e3cb0d24924045d2bab3c4af04875f1a0d785739caaad94a1de25fb554a8fc05305b3d5e884ad4da0e0a540b30002de00c13efc7cc37d48d575,Karen Sanchez,7,staff,manager,True,2025-05-22T05:23:15,2024-08-06T13:33:32,2024-07-24T10:35:53
379,user379,rodriguezalexandria@example.com,scrypt:32768:8:1$YS77sI29TiuZsFW4$087d816ed0b3048a8bf451cabeb7d04f3ca75cbc6acb8121b18160ba269e08dc1452f3b53ad0f049aee45b1c921ee23976016857e03082166645d017a63c1c35,Jessica Walker,9,admin,user,True,2025-07-30T06:55:47,2023-08-06T16:59:19,2024-06-08T04:59:17
380,user380,promero@example.com,scrypt:32768:8:1$VpUpaK8DveDa5UBo$4eee1d9c08c3a8fcb70c3c0b25a33036eb2bf1877f8e678be662ddd71752f5e9c4622b17cea4a81485e1c4114e5e293c79bc1782555e8ad82a524bda2e85338e,Andrew Blanchard,8,admin,admin,True,2025-05-13T22:12:46,2024-09-28T13:13:59,2024-02-21T17:45:07
381,user381,awatkins@example.com,scrypt:32768:8:1$shfuUrq9AwTfPLsA$d7cdf801e4ca6af579254c64148c80bf15423d136f96c723985ba4e2dce71c4fdf210264379b75ea0af11c28f737c31713968a17922c33d56338dc67e0484c4d,Jaime Brewer,8,managers,admin,True,2024-11-25T15:02:46,2023-03-24T06:07:54,2025-04-12T03:22:21
382,user382,martin90@example.net,scrypt:32768:8:1$8PMkGoV7ms9mDjKc$5db244668a86441fd91dc0bda153dac29f840a1aaa5486922c4d6cf105684368f74a15a96570968a842472ee98f9d0a158a7117a2e75d47f5c301a33a12f838e,Donna Bridges,10,admin,manager,True,2025-06-02T05:55:00,2022-08-23T11:08:53,2024-05-18T14:15:43
383,user383,craig53@example.net,scrypt:32768:8:1$ILnXeiU4MsNcXCUE$c5b05ee602762bcc340c6d820f35420bb7e9b0752642e9bbdf2d90a6a6bdc15fc74f7c9dfc441f5040094abdb5393370d653dea520a2f7063eaa9244e5142d9f,Mr. Jason Cox MD,8,finance,admin,True,2025-10-22T02:21:57,2024-11-16T09:08:44,2024-07-11T07:21:27
384,user384,aharper@example.com,scrypt:32768:8:1$QU7RA19Hfhc6IDuv$5775e5ee05e1d5e3b109e46a81da6d656ea116ea84e7e816c98e7093ca994c8ee4db277df48810e4f5d992be4c9c8076be39a55f7905f76024a3fbc1b4130375,Audrey Juarez,4,staff,user,True,2025-03-07T09:53:00,2022-05-22T18:08:17,2025-03-01T04:02:26
385,user385,martinezdonald@example.org,scrypt:32768:8:1$Rq4FF9cxDSL5jFi0$004e4427605e3aaa7bbdb062322f359022b7e3c99caa74021f2d46799c0b741b01dbd4edddb6383bbc8dce349cc7144a20b086d0cd70d21af8c978dbf3b53a19,Shane Singh,10,admin,user,True,2025-10-22T10:24:29,2024-09-26T09:45:04,2024-12-15T23:39:38
386,user386,schoi@example.org,scrypt:32768:8:1$Ib8MvIzGOqwsfVE3$0afeee3a4012e2d7f01d47cd6656108dfe3de4bcc13264a21b61f06842f2a2bd89d75a18ef92e54ec0d543490a9eee7bf0a6d26779ec57ab14dbef992a10f70b,Sarah Kennedy,9,managers,user,True,2025-07-13T21:44:38,2021-02-07T09:12:42,2024-08-07T21:56:17
387,user387,mariabarton@example.com,scrypt:32768:8:1$2AEixZ4wZc6Cf9f5$0a23d4105195f127d2fd987b72d611ea62b5ba97854ac3171636f2023ba05885a0769d975a427dec37f23e62049fa90277d1bbe0f8dec077e492e9a6d2e1cce8,Jon Paul,2,finance,user,False,2025-03-31T19:28:57,2023-07-14T23:47:21,2024-05-23T21:04:21
388,user388,kylie96@example.net,scrypt:32768:8:1$f3NJ0qn9InRlgruS$b4af8c352d3fee4c9f12cb457d2ceb52ac969577cc6a79d827980587bfdab71eb0bfa3a46dfb08847543bbbad90e78d3b399dfd1eb918f87ef47ecae4c07b1ae,Deborah Price,3,staff,admin,True,2025-03-21T20:35:25,2021-02-05T00:57:31,2024-12-02T03:56:24
389,user389,apatterson@example.com,scrypt:32768:8:1$DAYT6PfCPs38upNz$30a7eee7a9c42375b357bd31c2f8116e6d7f968b0aedfe54b027666aec2a9a1f945e4bfa1b59205eea574f74edc5a988b7a69651fa1c1e7b6a848e3a75f0a465,Jamie Miller,10,managers,user,True,2025-04-14T09:24:01,2022-01-13T01:49:37,2024-07-16T02:28:15
390,user390,ethompson@example.org,scrypt:32768:8:1$hBAN5cfmrBgUHrJM$f2e22621de7d8c2662b46e6d18fc84ad4c35c99ce53444c82e7ae19bffe5816573344cb468ca0f08b4b2699479c18aba3b971fe7a01c9ce17146cdc2906b147a,Erica Parker,3,finance,manager,True,2024-12-14T19:33:28,2024-01-01T12:27:57,2025-04-16T03:56:18
391,user391,scottbrianna@example.com,scrypt:32768:8:1$ags0VyxNA3683qeb$d722be18e0ea53eac6d34e96f81beffed4e19f6622d73fc399ab275938ee0de040e8077901d2cd4f91696beac5965eff4e8b5d4b5a01ed7698e170bc69cf457d,Adriana Snyder,9,admin,user,True,2025-05-11T02:38:44,2025-08-14T12:34:23,2024-05-18T04:15:46
392,user392,brennanpaula@example.com,scrypt:32768:8:1$b7d2ZlGWlx28Dkpg$de0c9b0c0673217ab95dcf744d6d336b163cc5b6bd0d3de37179c495b3f38a184f51f210a95a0188b11ee487203dc954132d27433f7d52ab1c34a779214122f9,Angela Henry,3,managers,admin,True,2025-03-07T20:43:21,2021-07-03T18:34:00,2024-10-12T20:02:24
393,user393,natasha71@example.net,scrypt:32768:8:1$NGbbjkJnyhizL439$68b34019fc9a9a1261433f971f4f9d64f3f574c8a3c39dc748d25338f078eb931b1d5dba225c23593d977a3e84d1e654e025f2d53582828d9c7c4ef2d5a1db2e,Timothy Lamb,4,staff,admin,True,2024-11-05T05:37:14,2023-04-07T12:18:27,2024-12-15T12:10:34
394,user394,emiller@example.org,scrypt:32768:8:1$7zT5KyuB20sgtXR2$cb36a5c0405c7e507bcd257e8fd3a9b6ba43539a66fafcc1d65a7a8f9d1d68e7e1ff9b12239441e6b162265f73b085091258c356c9d714c90cd9fdbf8ad07a1e,Brandy Henderson,7,admin,user,True,2025-07-31T18:38:17,2021-03-17T11:54:34,2024-08-02T11:40:15
395,user395,bacevedo@example.com,scrypt:32768:8:1$SD7lR4jVbFCG8Z9s$44a97b40c74d570e6656e48e103d9ecd052b164a83a74db7ac3d296049b623e88e6ad0032d12cf6c0722885694fe91beebe6f3399bca2de7a2e6b9fc50e05b72,Curtis Stephens,6,finance,admin,True,2025-10-29T21:18:18,2021-11-15T09:46:23,2024-05-30T23:35:33
396,user396,huntrita@example.net,scrypt:32768:8:1$yFa7mR0CQXn4Gyun$4520ced0bc1c795c2e6d9e96b0486be3589d754c655e14960b29724eafa72b6fa6303b178a4e27498232f884be795a72d934697d3409e33dfbf97253e991c6b1,Teresa Orozco,10,admin,user,True,2025-06-06T12:30:09,2022-03-14T11:58:03,2025-10-26T08:28:53
397,user397,xbrown@example.net,scrypt:32768:8:1$Wn5sF1ItOU2BF65H$055725fe315e62635ef1729e7206203959487f8aaa3d9529fb60131075ae9434d592c9d7f289014ca179e812b4de64cc8314f7509382cb6b9c464a461540b2c4,Christopher Taylor,3,managers,manager,True,2025-06-01T21:01:33,2025-10-18T00:01:33,2024-03-31T03:05:03
398,user398,martinezderrick@example.net,scrypt:32768:8:1$aJU2AXbQzy5OphTI$48a49f9a56a77f2704186a7e4249da3bc5ae2d9e46e062a26b2c954ecaa39cc78440341088d52c4ec42b8ccbe828f35305c3aad78258fdd7b53a5b6626477e1e,Dr. Amanda Miller,5,staff,admin,True,2025-08-09T21:16:18,2021-09-27T21:16:43,2024-03-14T14:11:39
399,user399,daguilar@example.org,scrypt:32768:8:1$v5tFuwfI1ejcjvk2$b922f59ea049384b0fd1652b6cb472923cd623feee0f8c99e3826f6d59a5cb41e96d863d5a83ac6d612e77d6c20e516477826500e10cf5b63d7c8d27dbf69e2b,Andrew Hobbs,6,managers,admin,True,2025-07-29T07:45:26,2024-11-24T12:40:16,2023-12-21T03:45:10
400,user400,vegakaitlyn@example.com,scrypt:32768:8:1$Wrhy2wj81OG8OAXv$4ff43cf0b1ca3a4b09d30cb670e3896812f843920e708c1f53f1d57aa2759f758382700064776c81d4ee380842e89215b5898be5427db2d032b3758567a21f8d,Danielle Thompson,10,finance,user,True,2025-03-19T07:17:41,2023-07-11T05:19:45,2025-10-05T09:20:59
401,user401,martinezmaria@example.net,scrypt:32768:8:1$Yb0JKOtD0MC4jtG2$4510c7c0c2f7d3904007e569a9342794bc90cc694f625fc59a6844d50dfd155df95cdd980ff4500b915c8ea42d57d59caeba20f2e9340d6a4d03629b7ed6374f,Denise Rodriguez,8,admin,user,True,2024-11-28T18:52:07,2023-07-05T12:50:43,2024-06-01T11:26:22
402,user402,shannonholt@example.org,scrypt:32768:8:1$gGYCrscBTfnWj8tB$7f00ba6274607dbbf518b566df4b7d90b5db2596b32930a48fb3ab4db14eeced87038f17b0cc0c6f7b14148d594354ea1251fbf5c55d5b2ed89e5ad815a766a3,Jimmy Leblanc,3,admin,admin,True,2025-06-21T04:53:05,2020-12-05T14:15:14,2025-04-07T02:31:41
403,user403,david30@example.net,scrypt:32768:8:1$D48BCX11Al9weF6C$57edcd65f310f6ecabd436811a823d502ec208d807edbd543d963f476f0898876d4c7a5618b2c0c003156baa360d3f1797a2612c53df21fbba7e3fa19353c21d,Mark Bradshaw,8,admin,admin,True,2025-10-13T03:16:33,2023-12-15T23:58:00,2024-02-15T11:27:14
404,user404,jensennathaniel@example.net,scrypt:32768:8:1$TBs25iE5EHXQUyZV$40afbfec2b84461ff9b4715a78818f4f8ad86d258e4f127af21e4d2fbc5b376e6e49d2000cc48e9786e14d804fec4cbaa154a113547f7e49268bfbf7e9133a37,Justin Smith,2,staff,user,True,2025-10-16T21:22:53,2022-11-06T18:15:48,2025-09-17T13:01:30
405,user405,cynthiamyers@example.org,scrypt:32768:8:1$A8HRuL6zPpmdKTJF$ec6722f4c171fe0a57cce025e61126c7dcf981c349d79a7d3af7a55dcabb46a4675ac5342eff9140f4257ed308d32a8989a58a1af55c42d03712febf292b6f6a,Kyle Rojas,1,managers,manager,True,2025-09-26T11:58:43,2023-04-17T20:29:49,2024-11-25T21:12:39
406,user406,jennifer73@example.org,scrypt:32768:8:1$FyQnJMZkixZ7iU5T$bdfa41d7681c2da00f6d92155ad15d122b46074c99cc065e18f087914cb57b0298cba90084cd03e489509275c27e2e37895aeaf3b166d96a5c0f17d198d87710,Kelly Barnes,4,finance,admin,True,2025-04-13T22:41:41,2024-04-28T13:19:47,2024-04-20T06:07:29
407,user407,gmitchell@example.com,scrypt:32768:8:1$BXmfjzP1ZMGA1mRl$75ccae559e05a19b04037cfea7635f37c1beebc71f126e91f7307cf9176a04a07411b3b257282bc398ab06b6a84fa71a3244aa6631bc501cb58219ca2f5c6642,Tanya Gonzalez,9,staff,admin,True,2025-06-09T11:55:19,2024-04-20T15:07:00,2025-09-15T04:33:56
408,user408,mercerleah@example.org,scrypt:32768:8:1$bRsbiytDsDKLBOdg$daa33e44fcfa80ead7a50e504337ad1974931c14bea0f46c5dd1ea501cf91b2c0f1c53cf8e4fae9f0af0b954e352bf78a003d4583c58a453c71ec5ca08703b89,Miss Megan Gillespie DDS,8,finance,manager,True,2025-08-19T22:16:00,2022-03-26T21:37:15,2025-01-30T16:34:19
409,user409,jennifersmith@example.net,scrypt:32768:8:1$A80eecOnb8SUPWr9$870c32e6c5400dfea648c403e42610c6dd1473fa14213d1b2dd114e9834f417b6c29527bc05a7036120a12dd1a72da69f2c6458690a173302f08a05aaa7f97a4,Debra Gomez,3,admin,manager,True,2025-03-31T18:06:21,2025-04-12T13:39:45,2025-10-21T16:35:01
410,user410,udavenport@example.org,scrypt:32768:8:1$k9gPNHWSW5tuVzyj$e091ae7220d8d451c79459eab0a5977f1a898ec3caa9df8afd3e93e6d72ee0ded1725edb91ad97b3dcb66567972302e32459b303e5c1b4be666ff47797ec966a,Nichole Mercer,7,admin,manager,True,2025-04-16T02:09:28,2022-09-18T20:36:47,2025-02-16T06:07:40
411,user411,kellybutler@example.com,scrypt:32768:8:1$4bEZ7gx1GkkF0KvO$401ca9888454450b3df0230d4c8bc9656aefe86cb65f5f82bd881d578fafca6d50737e51e8ab812e62072273d18f63c225adb6826e460a8b952b8342b15e7311,Kevin Mason,10,staff,admin,False,2025-10-21T16:30:32,2023-08-20T13:53:57,2024-07-16T08:02:55
412,user412,felicia53@example.net,scrypt:32768:8:1$iu9ZiOeRyl51uS4i$93aabe837e156b93ab4371fbc6275561627b31acb0ebaaf987402bc0d3cd5b5d008965641af43206cf94cc3e894500a0927a61a32c2f5996f06d9003bf3503c2,Jeffrey Foster,3,staff,user,True,2025-02-01T21:00:14,2021-07-11T11:57:06,2025-09-19T08:29:01
413,user413,wesley38@example.com,scrypt:32768:8:1$kW5KPavzV3S3iuwM$cd21e396ebfe890f9f06ecddca719b68fec562a80cb67484778437d6b30b5755b08abe9658416f3becd8e57a48ca0a288774cbf67763e4bd8eef37eace5b7124,Barbara Price,10,staff,user,True,2025-10-14T23:43:23,2022-01-17T01:08:47,2024-03-23T22:25:19
414,user414,murrayvicki@example.org,scrypt:32768:8:1$3txxd2eBf31tDs7a$cdc97ffee03f039dd8a9d95475c4da9dd7cc841b4f77aa64514b1369cfc94c9136b89f0533bfd89fc40b588a7f673befc2b5033a2640df7cf0c5d8bdf46649d3,Anthony Ross,8,admin,admin,True,2025-04-21T20:12:14,2021-04-08T12:37:36,2024-02-10T09:37:18
415,user415,meagan02@example.org,scrypt:32768:8:1$XFcZCnSvzmXU6W9k$d30ae9a94773ea71903a6c772e04130342313d8e05f5e42f1a37615fb51daf2c282dfc6c2aa95d25a530e5b3c5e223c10d51143b2aa785be57feb88d8e5cea7b,John Mason,2,staff,admin,False,2025-11-01T12:27:38,2022-02-02T23:38:15,2024-03-20T21:11:44
416,user416,perezlynn@example.org,scrypt:32768:8:1$wJBiVoULgNS7CGvN$00295c7982d8425696946c57ad767a3ce473f4f9064cdbfdd478f7211fe5344f968ce7bbe71144d29d5484c68dbcc200970f7f07c22f56308e19692c70381ed7,Cheryl Sullivan,8,admin,user,True,2024-11-28T03:22:42,2020-11-15T09:51:15,2025-01-28T07:12:57
417,user417,fsmith@example.com,scrypt:32768:8:1$pUU4iAEZMcS3xPhU$27095cde79c51c0d3fa785a68fe8ece324acb8d6fdcf566fdd19df977acf6972a8e6c501c1d53a96a369aca604bbe14f3822d250abe573ab17ef517adc47ffbd,Anna Jimenez,7,finance,admin,True,2025-01-26T18:51:25,2022-04-01T19:51:12,2025-04-14T02:55:22
418,user418,torreseric@example.org,scrypt:32768:8:1$7ReXRm4EJ3RhpKwc$d01268ae23df80013d314095c49783553a8303d240db2c274426eb52351a9da2827b84e51df78e00ee37950cc3648e017edc0c1bedb8d50c8c212be9f8252a85,Amber Jones,6,finance,manager,False,2024-11-03T11:12:03,2024-07-02T19:49:06,2025-06-05T06:38:50
419,user419,alexanderjames@example.org,scrypt:32768:8:1$1gk5ANcIPod8EZOw$6cc96e7490057b1971ca568ad8fd67f703ca8c3e220c46d7b56100573f55293138f5369ba1352f35b579bb45f60a700cf8cbc4de1f16794f778ac366fd422da2,Nathan Cohen,1,managers,manager,True,2025-08-08T05:28:54,2022-01-08T08:27:24,2023-12-04T21:56:49
420,user420,jennifer55@example.com,scrypt:32768:8:1$vODrP9ngqtYiUgBE$2e62cb8bd1305837b233218ba45c06cf4a91b6a3f2224ac0f7020ce5a70940579ccbd73b67d494764a3fd214e07143b21671b58e4cc989989a72514d05e125b2,Karen Long,4,managers,user,True,2025-02-16T08:16:42,2025-02-25T18:59:04,2024-02-10T11:01:32
421,user421,leahgraham@example.org,scrypt:32768:8:1$hcMwoyBQi6JiG3QQ$ab33830af00c06441cbb16c39405ce1c5de3bf168b1500f30b57b4bf4ab725bd2a4a02038646a4d7f177a13d5d9e06b03f7d55bf82194836fad885eb0994c10d,Brandy Hernandez,4,managers,admin,True,2025-09-27T13:01:44,2023-08-25T01:30:16,2024-05-13T18:00:35
422,user422,jgarcia@example.org,scrypt:32768:8:1$lz2NfzrKtmH595iJ$21e37ef132174696957e63076ac78b8341d3261869a4a67be7bdfd98eb228ef47ee694eb70a58d8f25a5f2293deae312515d7353966ac1e0e224a09d40044942,Nathaniel Kim,1,admin,admin,False,2025-08-19T00:25:07,2025-01-09T00:44:06,2025-05-06T00:01:16
423,user423,kelleytammy@example.net,scrypt:32768:8:1$eK0KsDEpVDcD6kzW$aac5bd19d5c7c02f9a998838960646a1c5488145eb83f0d58b4d695a74cf6cbdf74f75953c438b1669ffd5455d50278be7e5420bb55b9483660cf9c41d324aa5,Heather Day,2,managers,user,True,2025-03-01T22:30:19,2023-12-13T16:48:53,2025-04-22T05:32:36
424,user424,roachjennifer@example.net,scrypt:32768:8:1$RrxTBvR3VhKY04lu$14da906babc85855bc97e1a33a082ec8822018e23738cbb925da2ccfd4fc7c0e03003d5651e4fab4b5d44dddde210714e8436ed8c2f4549b37ecca7ced0b8070,Charles Webster,6,managers,admin,True,2025-03-06T03:46:09,2024-11-19T06:05:35,2025-01-02T16:26:11
425,user425,grantstacy@example.com,scrypt:32768:8:1$q4ddobQKCLnefK0e$a8952e7aab1c9e7c8f9d59c2331990b8c942b93101364f2e5fa88d9b9b0bfd7f680772f1fd7ecff31ee3baa5ad4e93495734d3dce6ba635263b51a2161aa901a,Brenda Miller,1,managers,admin,True,2025-10-09T17:25:45,2024-05-24T04:22:00,2023-12-27T04:17:31
426,user426,katie58@example.com,scrypt:32768:8:1$5iFMKRuMRHKZW8XM$ba773ddc86b9fc7fcaea226642993f75f722bada0e562fc8cd4246ff2b470ff84c41e71e4f961b2c1b9ef33a5447645d879639ffd9b9943829c608b9def2c55c,Molly Davis,8,staff,user,True,2025-04-20T20:16:30,2023-04-20T23:43:01,2024-08-26T08:37:16
427,user427,sanchezjason@example.org,scrypt:32768:8:1$zCCwmfOOngfHT0aK$658067e6421b54590aaab224774b7338e1ebe5284ba6193f141e9407baae6a3f95105e2bd8cd0aa6cb9912ccd0898015d30ee2daacbe4feff4a7498c80ce513c,Angela Schwartz,9,admin,admin,True,2025-08-29T08:18:32,2025-02-13T05:02:55,2024-10-17T04:09:34
428,user428,richardmartinez@example.net,scrypt:32768:8:1$qp24St4k9P8kBYMp$ea6ea292daaba1714f3bc6b64f4097049bfbcd852d0578b9be507d2c8a778f926090e130b352ac84392be8fb3ff6a9e1dd94b929fe6d7b2ec29572f19551e316,Heidi Hunter,9,finance,manager,True,2025-08-04T13:26:03,2021-09-25T12:13:06,2024-01-13T01:03:39
429,user429,acasey@example.net,scrypt:32768:8:1$LyxmYXhpdDOaBNVb$dae3f8cb5067b1fbb571741ecb1fb66ce78bdf04036f86b1190a80db02cc5523ca2081c5d0e386d665c449ae2f8504a4edbebd9f702a2321a24551e33c155095,Christopher Hinton,5,staff,manager,False,2025-04-20T11:15:00,2021-02-15T05:46:00,2024-07-23T02:29:22
430,user430,troy61@example.org,scrypt:32768:8:1$GQF3zFOzO2KTGmo1$40bbb9d172c5d3bbb29fbf188bffa4c05b8e2f45755f475e37782cd5ac943059f56d55068edeecc620b5c38873c68d2abb397584b14f9865cc4ddb238dcf8d0e,Chad Nunez,6,finance,admin,True,2025-03-25T01:04:53,2021-02-01T01:42:12,2025-01-20T03:13:10
431,user431,wardkelly@example.net,scrypt:32768:8:1$aXHQAGM4j4LKBn2I$e99c060489f1a7cd5c5a9a56a9ab6439b1740d742b8f7e963d2bdc88c5f70d014683ae447dfc380128245644b4dca24d304c66ee48b9494ec65a65d4c6f2c95e,Mikayla Munoz,9,managers,admin,True,2025-07-18T16:30:21,2023-06-16T16:19:13,2025-06-26T06:21:06
432,user432,joyceperez@example.net,scrypt:32768:8:1$OLLPbLKpFG3fCGis$01778aa7ccb62ba8cc4b775229a63d5670b23cda28ec40c3363d481078769ceaad46e7c73d86a411a0408d601fbfc0a1f633b14e4975a80273b41a837a9e4b01,Sean Fletcher,9,staff,manager,True,2025-02-03T22:35:55,2021-02-11T15:13:57,2025-05-01T15:13:18
433,user433,rowerachel@example.net,scrypt:32768:8:1$B2YTXRbmOgHi2BJ7$9ba74a04b80e806ec56498bd1e08e5b312a4f15555a89aee4d6eaab35c76b00d94f3278cf6a298b05aad45f314ee1cfb3b749f7453de157c9e169b61da67494d,Kyle Thompson,2,admin,admin,True,2025-07-09T03:00:05,2022-06-26T19:41:02,2024-01-12T13:37:15
434,user434,oramsey@example.com,scrypt:32768:8:1$DqCJCyDRaqGYUsd0$02cb7b4e4d1f7483d8fd79178112a445a8dd4a2ccefe4544dfd8d49ca82d3f94b0a04676372f784e633945bc0eec7ffe653381319cf3b2291564f1a9070c8a7b,Erica Burns,10,staff,admin,True,2024-12-02T03:54:03,2024-01-10T04:06:12,2024-08-06T14:58:08
435,user435,velazquezeric@example.com,scrypt:32768:8:1$EWONe09DRWdWv7zY$bfdfe95eaec91c2e7fc793b2092c0e32ec807b39f374208e68c25f78631370c4f572c79255b5c84377056337f1605362f8d990f2128e94b0b5f0f001ffacb4c9,Elizabeth Young,3,staff,admin,False,2025-03-23T20:08:47,2023-02-02T12:07:06,2024-04-27T12:39:36
436,user436,turnersharon@example.net,scrypt:32768:8:1$uSwmbsFFiPSisfbs$80938ef3f2af121c31e66f34446f662fcbe400e308ec2a6a917d94db1105fbcf3c9d4609457008fd5c41fb36ca96c7936e6fece006b018a6dacbff964ff0c237,Kathryn Mccoy,4,finance,user,True,2025-02-20T02:53:45,2024-06-02T04:53:39,2024-10-10T16:07:03
437,user437,kevin74@example.org,scrypt:32768:8:1$wG2du6au3x6GNdi7$668868138f6dc96a25a3c5bb6a2de42ae1a41af4ff4ed8920d95b0d177bb543e702db2b008b88fe67b4915595c34798307d465091d994f7baa1e93b38a4260b6,Matthew Galvan,1,admin,admin,True,2025-01-13T23:30:06,2021-06-12T00:43:09,2024-06-05T17:16:58
438,user438,jacksonjason@example.org,scrypt:32768:8:1$2qn6PyjfjuIzXVPh$c8a4ce2c956d7e38090b042e1111b24781d397bf0288adbd8c673e530214ba6b5b1400c49a302cd8cb063afb7b48fa7232332186da6164f86c359f28e5e2633c,Krista Rangel DVM,2,finance,user,True,2025-10-10T20:35:55,2023-01-26T04:47:06,2024-01-06T11:57:43
439,user439,lauradominguez@example.com,scrypt:32768:8:1$SgwtFTuGjDNW9P76$89cdd9b0130eb29099cf896ffe1e9cc85bcd57bc23d9ed73e62338cc2b9adb2b1cce71fd7298e34ded6d358f3bb4e57307206f36ad0990399688fc50b3385138,Amanda Johnson,10,managers,admin,True,2025-03-14T13:23:40,2022-02-04T21:09:41,2025-09-07T06:20:23
440,user440,aanderson@example.com,scrypt:32768:8:1$QvQUa85bwoYtAe4T$4e5d36dfbf4569f8a60fd16184950eae9632f3fb61f8514860baed28e08531d5ab3d314971e5e0623cfef1da336c8c6480e027a9f11722770d626393110897a7,Amanda Williams,9,admin,manager,True,2025-04-03T14:30:56,2022-10-05T16:23:15,2025-01-14T08:51:10
441,user441,reidlaura@example.com,scrypt:32768:8:1$kYWcwJJOsASmUUcD$107877d7af359887fcc973c9041d157d38be188be4b820ca439a88e31bbb615a08c7cf1163dad3ba125608b24f47b7a361dc8e4e3a725604640c5b5799b01532,Robert Miles,6,admin,user,False,2025-10-09T12:13:57,2022-03-30T04:12:10,2025-03-24T19:45:18
442,user442,dcarter@example.org,scrypt:32768:8:1$uUSz0zLcwoDQmRAh$635d5f69362b8eff66f681240c25c098b5220556f7af658f59ddfc813e2a15fe47f6ce6fc1e1d3729953a4f6abb5e9dfc848a83951b0be98eaba10482e2494c0,Craig Taylor,1,staff,manager,True,2025-01-07T02:48:30,2021-04-25T21:53:08,2025-10-19T01:16:51
443,user443,ethompson@example.org,scrypt:32768:8:1$hZcA5ExOySEsROAL$f35b6568884c772ff0d8cc08dd15454053cd035bbd241db04211dd36e6f37c13f7ed7f82ccb429561a8a781e8193f9fdb91bcfb3f9fde68b5c2a13beaa616077,Mark Khan,6,admin,manager,True,2025-04-14T07:26:18,2021-06-06T00:08:13,2025-03-01T02:26:21
444,user444,mwaters@example.com,scrypt:32768:8:1$vIUrMoZ6jmGAEBnz$3d0650ac672877153f8c84af935ac1fb08bb2dd4fc252915ed7e0f74bec615d026bfac3c108d865d1f8838a660f17768b782d9ce42da8dd870f2cfd7a1b16ea5,Kathleen Doyle,3,finance,manager,True,2024-11-26T05:20:46,2025-05-30T15:52:46,2025-07-13T15:27:50
445,user445,david11@example.net,scrypt:32768:8:1$u9MXXAC8jxOEfRNG$50e26a9a92eb7933e3cdbe228b96889d88eadde669ee505a4336fe2dceb5552fb56c3b09881e06969d24665b9d9ed0e27482ecb49d8908d5dfb7099bdf162423,Ricardo Waters,4,managers,manager,True,2024-11-13T04:33:49,2020-11-26T23:18:09,2023-12-16T13:24:57
446,user446,xnelson@example.org,scrypt:32768:8:1$Bsl0mqSpR0UpT9Bp$03f79cff070a33d7a64d7736047f8b068e1087c5ccfd3e42eaae53fb50dc5af7d0affe3b01b4f9c449ce164cc9d63b40feb8c32632cd1d235349df714e8aa721,Sheryl Wright,9,finance,admin,False,2024-12-17T10:14:33,2021-04-28T04:09:40,2024-03-25T02:21:01
447,user447,amanda59@example.com,scrypt:32768:8:1$ww6p5a2HsBqToYk3$12e50e92779ebce6e2c5ba11f298059f13c5eac5705f25fc81f9abb524befaad6be45e813b1787a7512c8773cfbd3c1bcf6c42850268c4d3e7231f16df891201,Steve Dalton,8,managers,manager,True,2025-02-12T13:42:03,2024-07-15T08:32:38,2024-01-03T04:47:26
448,user448,robert28@example.net,scrypt:32768:8:1$YP9FPBL9M5p0EEoI$23e8211c3afb3d369fda9891d38c4c560f907a80e7db0402d8a776bcb19d433c48b9ecb085b36be135925fe5fd61c0f19f6a06fcd2212353d56b6e8cef57ed79,Rebecca Marks,4,finance,user,True,2025-03-06T03:07:22,2023-05-09T15:52:42,2024-04-15T13:06:04
449,user449,matthew96@example.org,scrypt:32768:8:1$kCg1wDdYm7NXzUhD$2dbd6e7ff28c00bbfcc2228e9d5eea8c6b09063a7cc3d389a0e8e6df212dde088813be7181c286c5aa2837753637772b4849dfd87693bd94361a7fd0d2852aca,Tracy Brewer,3,managers,manager,True,2025-01-05T08:16:13,2024-11-11T19:23:41,2025-07-14T09:37:58
450,user450,awells@example.org,scrypt:32768:8:1$qu3ew4atCtEGUSVf$807b8b678a82e3b36556009043616d8819f6437494c3a169c5445051f2017b854e309bf5c60108d87ccced1ee7fdf025183a933ed1f41588f4fb2e1c1c0f9b80,Donald Mclean,4,admin,manager,True,2025-09-24T00:41:33,2023-09-15T10:44:28,2023-12-11T03:34:20
451,user451,stanleyandrews@example.net,scrypt:32768:8:1$ma8MIEC53RDokfH6$d0224e877c8d4b43be1713452e25704c99b0e9840310398502bd0546dbd78599520ac77240af6230b2278ebf388389223df0f8644c2b352497b8aea63a60bb29,Christopher Parker,7,finance,admin,True,2025-10-28T06:37:12,2024-12-10T07:58:26,2025-03-08T23:49:15
452,user452,khanson@example.net,scrypt:32768:8:1$Vb25wQCAHYQEHC7M$20d4e58c1df9549ada586a92dfe3f5bd30ccb8fd71d2b5a4a7c27c7246a542b74b52e8c0d6ff80bc07ead3fee435cf3d6c5453464b9410f85dafd90aa38fbc48,Sherry King,8,admin,manager,True,2025-08-14T01:01:33,2024-01-27T16:30:45,2024-05-22T07:39:25
453,user453,josephyoung@example.com,scrypt:32768:8:1$CewbKZ8OrjEEB0xB$a03f297c05a89f108a981e4d10ba3cb8af27d251719d87932c534f5c20fcecce496a5b547c69934b14874a9fe54069e7340028c14712d58a4da8817649c7cc0d,Daniel Weber,3,finance,admin,False,2025-06-29T07:22:37,2024-02-03T12:24:09,2023-11-29T09:22:57
454,user454,clarkangela@example.net,scrypt:32768:8:1$HbhJISMcNcMMdxBn$d9a755913787082411dfe81b53aa9d27fbb24c689f6fec446d93d67f68991876c325b9974153c925ea821add73a1d963f44a91cb3801ca0c81ae55dbd3dca87d,John Miller,2,staff,admin,True,2025-08-30T11:20:15,2025-10-31T04:30:43,2025-01-13T00:19:22
455,user455,johnsonjoseph@example.com,scrypt:32768:8:1$hFZ5EMGHip4ZHr92$2e0a9836bf2af5f5077200860d19ffbb570f75cf97a7085c2b1ef4eeaafd6d610c0d6017e6493150e300431b9e7bc9aa3aa4deb49100f65357bd731b34b647d9,David Bowman,9,finance,user,True,2024-11-04T08:21:10,2022-08-01T01:29:50,2025-05-17T17:19:13
456,user456,matthewharrison@example.net,scrypt:32768:8:1$zK70tHobvQGo40sd$9457f08f08e0a07756b8697c94c683c60f4d277d4547506bc1c4cbc90146fffec3fc6c64384cea9fb5e48045302a50e102fcb0a26d2460a7107c31d1e39e4f7e,Amanda Smith,8,finance,admin,True,2025-01-03T06:28:00,2024-07-23T01:59:08,2024-03-12T16:18:46
457,user457,john50@example.com,scrypt:32768:8:1$XvF2cEA24GPQP3SI$25bc519b620511a07d334d652d1ffb4207f6c1807e1d956f3137b8464bac53a527e7005dff388e184c09832ea390266f86fb0a99741ef7bc6cc7293e2b680b54,James Farmer,3,finance,admin,False,2025-08-10T17:39:33,2021-07-12T08:49:49,2025-03-28T23:00:02
458,user458,nhayes@example.com,scrypt:32768:8:1$7qxSFZgEykCISnJf$8411a13394f504960ba2ee18c42298ba52b9c263a47d8896f6f5a19349ca66b46064c13fc53f8b523f3dd5b1c327c53fdc1f52fdd8ccf85db54385330cc9e36d,Nathan Wolf,10,managers,user,False,2025-08-26T10:31:03,2020-12-09T22:26:57,2024-05-08T04:15:31
459,user459,sjoseph@example.net,scrypt:32768:8:1$grVd1AiO9D6hyFFE$8750cc85362c9383ad4bb8bce9a928ea5b6731b26a4f05a29d7dc53be42f0c42ac502a97031f6abca80fd4038a8f7b481bef7c095bc2119c8a6188d5a3721507,Manuel Howard,3,staff,user,False,2025-10-12T19:14:18,2023-04-24T15:25:38,2025-04-03T00:56:49
460,user460,phillipskristen@example.com,scrypt:32768:8:1$DhQZkram8sYki6M1$7cb10613a9ebe58e9629cd13abdfc890fd9a566b6643b30c13c1695cd04b1d003595d05afe138ffbfc8e11dd1c7a79973c7355fa2237f57bf66229af9b8fee72,Dustin Long,2,staff,user,True,2025-05-26T22:52:22,2023-03-17T17:52:34,2024-12-12T08:28:45
461,user461,huntbradley@example.org,scrypt:32768:8:1$Bp9xu56ibWFDN5rl$d8194401f31b862d08f6bde81082298bbadb54e565390e36920754995563d38127b72797579f7009fbdf3a46617af18be187f1f7cb62bbc082056e5e59c4eb34,Ronald Thompson,3,admin,user,True,2025-10-05T11:58:26,2025-03-24T06:35:59,2023-11-10T04:19:30
462,user462,wmullins@example.net,scrypt:32768:8:1$pta31uCt48LDLtal$34e6aae440f5164fb7171d59ad1176c79b5cfe80d397070723be6e3ba7db540e82fcddec082251440e6369f0809408dfcbf2f26dbed772403b2019cbab11da07,Kimberly Fisher,9,admin,manager,False,2025-03-26T20:35:29,2021-12-30T05:52:38,2024-01-19T00:31:30
463,user463,jacob47@example.org,scrypt:32768:8:1$ImB8ar0PLzkfPHeB$03a520dab215c30218b49146ef1a472d78b761aa0d9db8c1583008e60afb901b9ea374d34dfdec33dab0ac814f2d5bcba826189978155b1e73beab5a936c7c1e,Debra Weiss,3,finance,user,True,2025-06-13T20:13:10,2025-01-01T16:13:10,2024-08-13T10:46:58
464,user464,pjordan@example.org,scrypt:32768:8:1$zEMIXHJfrAWoV2Bu$bfcf2b7d32e2c7a85942854e9cb8e79309e29962116dcc7f074a1364d21b6c852042d62e3aae5a6dec7b99e704a916daf75db4c4c69f54988ad5aba484db53c5,Mary Nelson,5,finance,user,True,2025-03-18T03:16:08,2023-10-10T00:04:55,2025-02-23T19:57:18
465,user465,xsimmons@example.net,scrypt:32768:8:1$kpTGQznNq9vj65fV$791d4f00f912027b1397b550aaa17c588ca0f265b4838a26e6baf55ab20a90752b68120fcf76dd7850d7aeec272d3d5f65c08c31a95b1cdfeed923272968beab,Andrew Marsh,8,staff,user,True,2025-10-07T17:53:34,2024-04-03T07:39:13,2024-12-24T02:40:39
466,user466,meghanortega@example.net,scrypt:32768:8:1$1cjlILuj3kPFcdfl$e34a58093135b5f276751150f6bf9e9f80391157ba0c0ab6d371364450daacb96656aebee42eb87bf0a588eb13d35736170b128cc0df32bb933b7fba63269d86,Adam Swanson,7,finance,user,False,2025-07-29T02:18:03,2024-09-05T05:28:53,2023-11-05T08:46:11
467,user467,jtaylor@example.net,scrypt:32768:8:1$DdZUO2XcR81WITjv$554f9c81848771cfc72b81caac1b62bc93d873945dce027d89904de79b7091f9d1adcbe82dadfae28e0d8868ce82f59da0e7c6bed8c126042dc2e2e1574c66d1,Eric Schaefer,4,finance,manager,False,2025-09-29T11:29:22,2024-05-13T02:19:30,2024-07-24T18:55:22
468,user468,andrea74@example.org,scrypt:32768:8:1$Tm5DJQX0VdEqS1IB$548bd1f2c8e628681cd95e600ec523bc27e1fde2e90f493f5758d21c310e7e081556e7a42a5e7f427d244c5060239f3a07b423eab44cfe856542030158552234,Brooke Barrett,10,staff,manager,False,2025-08-04T05:05:57,2023-04-16T11:47:11,2024-01-08T11:31:48
469,user469,anthonylyons@example.com,scrypt:32768:8:1$t6k5p2BpxkLFgAzK$08337ebd09aef65da156465df1cadf587855ee169eb036445c376915ef4ee115ec60fe027e39db596dda08021ea62b7c2005250f5c7d95d8e860487bacc6c091,Dennis Richardson,9,finance,manager,True,2025-01-26T21:03:35,2023-07-31T21:44:53,2025-05-20T04:56:40
470,user470,mvasquez@example.net,scrypt:32768:8:1$QsKNNZKyhID8SPLS$95e007cb717e9e2afda0b8db8a9d736137d102b642c8b1965755e733aba1d6e542a36a6c9140fdc5c4a2d24ef2827894cfb492cdfb1e142b674b35d58ff8be9e,Andrew Jenkins,1,staff,admin,True,2025-08-04T09:33:01,2025-07-22T16:00:42,2025-07-17T10:52:52
471,user471,johnsonfrank@example.org,scrypt:32768:8:1$ce1RPXcrfcrsBE4n$00f89aa46b1766ec03aa47e12bcd89ddd5f4dd723f581ba518938e9ef5dd18ad9d90bc9553ec2d92c15f2f0a1117ed5f38b62343715ee07a39eb7b0a79a9e9ab,Jon Lee,6,admin,manager,True,2025-09-20T19:28:08,2022-07-27T15:56:37,2025-05-31T11:26:40
472,user472,njones@example.com,scrypt:32768:8:1$GJK9JI3OuUVTYTP0$c1f827483841cd6de292a01a42e9982a87bea81e500bbfdf768e4470fac9d6d52241069e6eaaa7d66c94a9964eb43c44fae46c3aec6eaf91b725f36023ce22a5,Benjamin Garcia,3,admin,user,False,2025-07-22T10:43:29,2024-01-17T05:55:02,2024-02-29T15:47:23
473,user473,erickim@example.org,scrypt:32768:8:1$93zOAKG4kRJmOXgU$870b6d13cc2f378386633cf8673ed0da054abba885c3241d6127a035218fd5445692289e268dde223df7f7396ee7fdebfc6e0bc9f26e7b53e40ac0fd17e2f43b,Michael Molina,5,staff,user,True,2025-07-22T03:41:26,2022-01-30T13:44:46,2024-09-05T15:51:12
474,user474,marie95@example.org,scrypt:32768:8:1$liUXFMI4IEF6B7wM$00372dbc6cf4478ae0ccf1df280cb449ee87933722c50ba62487691454aaa45ac483aa2516a2ce5f7d569e45ec84bf45be6c240bf2c0979ba285815178faebdd,Jessica Kelly,4,staff,admin,True,2025-06-15T04:02:32,2021-06-22T04:00:17,2024-01-22T16:58:49
475,user475,angel40@example.com,scrypt:32768:8:1$udlwVuwebcYfDL7p$bd44e885df4a10b40814e41a2116cd3d6d60bb23d945d9b698e455cbab16c1edb6c622c7915bc2163eaa4f7e4f06579a7f9747330af5e3a66cf7d90ea4daecf4,Jennifer Anderson,4,staff,user,True,2025-01-18T19:41:16,2022-10-06T17:35:26,2024-07-16T06:21:09
476,user476,robinbrooks@example.net,scrypt:32768:8:1$eRQZdQYhglMC7PIJ$c42a8e513dda4657a9ba4931c59881b5cdf67c25afeed15f065ea1e2d4e159a04c0cef90684c024dbeffceb780315f86856d99c99f8f83c5e9084de3d1382921,Brian Brandt,10,staff,user,True,2025-08-29T05:57:00,2021-07-01T08:13:14,2024-10-21T17:20:50
477,user477,nicoleharmon@example.net,scrypt:32768:8:1$Ia4TtHYQq0Ap5iGa$f6d4bca3f71b68f1be44db9ccc5a9fcd617221286c3cb272f9727d0a7760a5bbdecdaf4993c2d180d0d485c14e0d29c0782ba47839477c3acd19a2aeee8dcc06,Jillian Lopez,9,staff,user,True,2025-02-09T06:51:24,2025-04-17T23:02:59,2024-04-25T08:34:48
478,user478,tyoung@example.com,scrypt:32768:8:1$dq3HwJOckTw3TaOG$459375a8effdf5a2b4a0d77efe5d7a4d7fbf696d9bc9f74f66e69062aca045168aa4432e888670155b190cbccab75a1e7da96ad21af285139b7e8619add84c56,Alexander Rogers,2,staff,admin,True,2025-06-23T14:13:40,2021-08-31T14:21:34,2025-05-08T05:43:48
479,user479,duranchristopher@example.net,scrypt:32768:8:1$g2RbooxmVqfO9LwJ$45b189d0a1782b54ce6f0c6298cbe4ddae8d2d766a402c0f8fb8a8d8a3ecb231734677cf44e48d06f6f71a56d6d3e33dc27b1531b98978fc33a8a28264cebc51,Anna Moore,3,managers,user,True,2025-03-13T05:26:54,2025-09-21T08:35:39,2024-10-18T21:06:13
480,user480,cruzlori@example.org,scrypt:32768:8:1$ExtmqPJp5poXoF1t$f66a4ae512c978926690e33e738d2ff1ba9348c7d3afc4e8b3c0227e64d063db1352bc0bcb7da59f4e8a90303397680a604a12c5a4887df06f7dc8c9b6eac451,Sarah Wall,3,staff,admin,True,2025-08-27T20:46:41,2025-02-22T12:42:51,2025-07-02T20:14:51
481,user481,yvonne16@example.net,scrypt:32768:8:1$s43djsGHtwBaLKu8$6be15d7c5a4d239fdc40257b3bdadc2765abcd65ab7bb374eda4454d983d08e212724bdb56cd7b10f8a08b4da7870cf2284cd250c92bd0a5e90af9779fef0a2c,Jessica Stein,7,finance,manager,True,2025-10-06T06:14:37,2023-06-26T19:36:19,2025-07-27T12:03:03
482,user482,bmiller@example.net,scrypt:32768:8:1$S7jVA8ooXp6O6JfB$83f76abccf3fe5dbe474b0ed511b5af269f67b7adadc52ff00456d3bb9ffa5e5155fbf43c46f525b1dbaca96e0b935277cd837171099139bfe3c489e8537d4ab,Kevin Norton,6,admin,manager,False,2025-04-19T01:36:46,2021-07-06T17:50:33,2024-05-03T20:41:34
483,user483,salvarez@example.org,scrypt:32768:8:1$vXbJrcck1qpRtHMk$94bc33f6636f9c51eadd48a5bb8da040eb830079505635ed5d9dafcc8fd37759630822123591cfa62c2bd3fe219f27ce49aa298828198149fab9b6934a143d6b,Brittany French,7,managers,admin,True,2025-08-18T14:47:00,2021-11-06T12:16:13,2025-02-20T09:58:41
484,user484,aprilgarza@example.com,scrypt:32768:8:1$svl0eUDHpwYjyTa9$1e76aa4696336258143bf8356a59da446f6a8a4ff6701c10ccd91884954c2b1f416bb268dd98c475e6eb492dd89311eb3da22e698c5c58f3ee600dc7a4f1792b,Vanessa Aguilar,6,admin,user,True,2025-04-12T18:58:58,2022-11-12T12:50:18,2025-02-20T21:15:03
485,user485,flee@example.org,scrypt:32768:8:1$76slvDk1HIfCHpJ1$400fe2f0464ff0e84b48a25fb8becb13a69ed65f3555de913f42c287a1f6d5a4fe66f8c1b9bc076565c7313887713eb23d7608880cdde3582d2e870ea5df3c66,Megan Allison,9,managers,manager,True,2025-04-24T11:07:28,2024-10-08T00:39:58,2024-09-11T06:13:13
486,user486,janet14@example.org,scrypt:32768:8:1$qNpCXJgB84FAxgTj$7294b330ec413eebe71bc87a44935ef3e2cd5ef98a962728d45010826e6a1529029f428e6aa5530198c4a40523f8782441a5ee88f0ae7dc56b956cd1b3c069d8,Aaron Stone,5,managers,manager,False,2025-07-31T03:17:33,2024-04-06T09:00:06,2024-06-23T09:44:05
487,user487,jasmine24@example.org,scrypt:32768:8:1$Ns4mYM3rhM8hmK76$4c67e1bd082cdcfdf63f029adcbb2764b2dc07cc5a59087b070fec7d1d1dab92db94cf7046d574de35e9ff0485c732188fc155ca4af11c457eb5d8f723a9b26f,Jordan Ruiz,4,managers,manager,False,2025-05-15T15:40:53,2024-01-02T23:11:32,2024-08-22T07:23:30
488,user488,nicholasharper@example.com,scrypt:32768:8:1$3yai1Kg7dYdYZSdL$cd92e52ee9afb5a2ebfd4dcd2d1ce427bd7d7de6e77e46946d833e3d1444346095b9366e72189c5abfeb0dc151466006f4f9252b05f721b0844afa6203c0a222,Steven James,2,admin,user,True,2024-11-13T00:54:25,2024-09-21T04:13:22,2024-10-04T18:46:35
489,user489,jacqueline01@example.com,scrypt:32768:8:1$hakv0sSz74mAE8Lz$79a8d78328354123b793af0e306656d3a4182a0700335692fde88cc620a3f7f5406740e8432b5c4b608a7df1da3313ca9ffd1bfa7f55cc28d6566b5c10be46b2,Matthew Holland,1,finance,manager,True,2025-04-11T03:41:55,2023-12-11T03:43:04,2024-06-20T13:12:29
490,user490,ypatel@example.org,scrypt:32768:8:1$KjFgDsgrypYvhS2y$ba5023663ffa62d04bb7ebb5b2bc0a7cebc1796302cfa24574cc87b11f96cc5e847f8cd53dc8bb29a48512993330c897829bce5ae01b4ab64a9988703540960e,Christopher Kane,9,staff,user,True,2025-07-16T21:11:13,2025-10-18T03:53:24,2024-09-02T16:28:00
491,user491,reesejasmine@example.org,scrypt:32768:8:1$nbLqeEac0Hjj7mg3$1a7d922ec1c2e9a8352d8312b217c4b0e6aed72af7732d9e275f2216444cb7b291737a0a60f43c1cdbf4a0c0355b9d53fe6565d34516d4282c4a2e98aa0019ff,Richard Sanchez,6,admin,manager,False,2025-09-02T01:24:50,2021-06-27T22:28:34,2024-06-27T10:22:13
492,user492,poncejennifer@example.org,scrypt:32768:8:1$uv2vrBFR3e5KM1SH$54e2e08a5b174c4406a053aa9e9655d2bb57b34c79b581fce2c64454397c167d8228d33ccdafad086ac0992bc7490080637409beb504a6369926a3f4d9354745,Denise George,7,staff,manager,True,2025-07-20T03:32:38,2022-06-28T14:14:23,2025-03-23T13:05:07
493,user493,fwright@example.net,scrypt:32768:8:1$8Oxhonjn9rkcZRCJ$5cdab948809acd7339514769d786c5f518b8467f68a9a711b53ad4a018b7c8529d098c7c247938d955057ab47d839ef7541c2cea8f69abc3a0bf113e97824e55,Taylor Brown,3,managers,user,False,2025-01-16T09:08:43,2025-06-17T06:17:46,2024-08-20T16:47:19
494,user494,jason31@example.net,scrypt:32768:8:1$JYNy8Lgalfs753PD$130503a329844eebc26f3201ea4bb5bf453f86eeb3148460c77dddfd43b408c05e0686431c7ec9bdcf5e451b892faa5eac91d29d70c4ec1566bfbdbbdcba72f9,Kelly Lopez,5,admin,admin,True,2025-07-30T20:47:04,2024-08-28T09:57:47,2024-12-18T00:21:56
495,user495,donna67@example.org,scrypt:32768:8:1$HGrhE0nW5nOzfL3A$f85b1d97b0464a727f12e263ca81666411494279e7da15fda260103e98ee62559632934d867aeb669fa90afc1e742ff25572e19814f2ea22301d043eaea824ca,Jacob Dawson,9,managers,user,True,2025-03-27T09:05:36,2021-02-17T12:53:16,2024-07-13T01:08:24
496,user496,awilliams@example.net,scrypt:32768:8:1$Hel8evmwsIsG8KPd$b43b7d436246a765be0fc01b8cf5fbd8a6b20b86dd27316525da1e722819a609bbadf76724c0e2b7737459963b01776c867bb821d8a4a653fec1fdf7913ab086,Robin English,4,managers,manager,True,2025-06-27T19:19:56,2022-07-28T23:21:03,2025-05-29T01:08:03
497,user497,martindeborah@example.org,scrypt:32768:8:1$IInfLS7GWupsAmev$6793024e15689c57a2b2214cc452aefc8ccf8ede803276382b834fd99ec2cc1afc95838645c888e5bbb927acacc44dcaed6c73f110bada972080ee383597714c,Dennis Myers,5,staff,admin,True,2025-09-19T14:11:19,2021-05-27T09:23:27,2025-05-13T11:40:02
498,user498,barbara91@example.com,scrypt:32768:8:1$6pnZVAMUb7awPjoJ$c17d9be45828479c8b6d2b14dda14eb02655541dffb1b5598b26b7921312e9d16095bb093ddd6a83a44eac290290fac90aeb454f4fdd2988ea69db0b1852092a,Alicia Hamilton,4,finance,manager,True,2025-08-04T01:21:10,2021-11-17T08:29:01,2024-08-24T02:13:30
499,user499,lucasmatthew@example.com,scrypt:32768:8:1$CiWcYoHg4CeAHs9V$a1d28f5d1d0c4622821cdcfdfe52c2c1f0b79edf9057662aacd7d090f7212b9cde75484ef98dad3287d04374d49e0bfc7727c6a3bd49a86dfebc29ad4d68958f,Brett Moon,2,managers,manager,True,2025-10-25T08:57:15,2022-11-10T06:17:33,2025-10-08T18:25:46
500,user500,qknight@example.net,scrypt:32768:8:1$TEop48xWaNq6oWKU$5a0ba3158f364e02af44ac000ae56523d473f628a8cfd6c2636ebd7aae8cd66012996a2fa03ee653c9617f284b64fd977578c8d32faa1b0e71bdc7827e77c50f,Darlene Thompson,5,admin,admin,False,2025-01-18T09:26:25,2021-05-03T03:17:13,2024-01-29T21:58:32
501,user501,stephenortiz@example.net,scrypt:32768:8:1$RScOh8DChQvXCTVZ$15f98343f3fee31a79d0394854c96d4c99fd56e10b4e6f07e5965b9acc19fa1203e7ab46b6eacf45dd8a0efe2a1074a0fd4b5c411fab4e24dc26ff007c9f8bc8,Christopher Smith,4,finance,user,True,2025-03-19T07:32:26,2024-11-24T20:01:08,2025-07-06T21:19:23
502,user502,jeremyhill@example.org,scrypt:32768:8:1$97p3fevPRoM6SEKM$be28458269f3882f309f7290adad537aca5b17dd471732ff683f25867118e64d41fe0631fc0da2f8ce10d73c376e8dd4838e5c87434d4ecaa1200c5b0cfc15cd,Bruce Rivas,8,finance,user,True,2025-02-27T17:17:01,2024-06-08T11:15:38,2024-07-02T14:06:01
503,user503,llindsey@example.net,scrypt:32768:8:1$ErpeRC22kYrKxAvS$c50237565347efcff209f3c4aa5b37fc9373f61e49c198e08e962a73f0a07e70c5ff5a2bd66d92dcee6fb327124374c311cbde88dd15e9535d90a2db9f2272d9,Mark Allen,7,admin,manager,True,2025-04-24T07:09:21,2024-06-30T04:33:24,2025-04-16T15:30:03
504,user504,melissascott@example.net,scrypt:32768:8:1$5EkXNSHu41TEtGDU$90ec703081df673a98688031c847b59fc64f0c86af5470bbb01d23d1ccdcfb4614b44c1b8c0478510fa906abdc493104e7405f8f9ed33030638d27a1dfc7e72e,Danielle Boyd,6,finance,user,True,2025-11-02T09:10:19,2025-02-22T20:19:07,2024-03-28T06:35:07
505,user505,jbrown@example.net,scrypt:32768:8:1$FO1FxSUr3Nhdn2cX$78f0892c5dd687d36526fe3f71c056e1999f67958de4c8178f4ae173aca69804b2f4e03f5926aa70ae5ea58ad530c3eb2146ff70a7efe7fb64fe34d7b55501c6,Elizabeth Hansen,9,staff,admin,True,2025-07-05T16:29:22,2023-01-28T03:47:24,2025-08-30T00:48:43
506,user506,wmullen@example.org,scrypt:32768:8:1$XL9Np0sZfSQZLvBH$8595ad480684a3ae96c10ea58ebc43a22ccc696ecb8cb84ae91de2e2bf8c03bc8b440622c7bced3296a4b3b871c54863d67191c3b7629a549883260fa441b725,Michelle Robertson,5,admin,manager,True,2025-06-13T00:07:13,2025-05-19T20:38:58,2024-04-14T15:03:13
507,user507,mpratt@example.com,scrypt:32768:8:1$tAx2N8r19P9BLtM5$e7cfba01b4d165b4688b2b835b09e94323f6ed7f11dcdf87438e9b3c7efccdaa83d9471cc3c18e68d102b734702c8ce0a0b933965fa2cc14e82c40994b11b724,Dr. Kristina Byrd PhD,9,finance,manager,False,2025-04-16T05:02:16,2021-01-22T21:53:23,2024-04-01T22:43:06
508,user508,showard@example.org,scrypt:32768:8:1$TDNX5hxhdqgcABxQ$a3bdded321c915d2f791928bac95f8a4038a7ddb9d5ca4890f7d0e5f806b40e0d047b92bda01899a559d638e515290e3b1610f6799476d325c230f4d00352e4f,Anthony Ortiz,8,admin,admin,True,2025-08-23T05:40:00,2025-05-13T20:41:05,2025-06-07T23:21:16
509,user509,mindy29@example.com,scrypt:32768:8:1$flWKVMI2jEi653l2$388430f49522a043865f7842a70f66cb168b930f60bbc4b62220587886287053b9a364c2ff85e5cac96d9686e794e51c37af72d3e5d3a319d0d7d3a35d85f70a,Angel Landry,6,finance,admin,True,2025-07-11T13:20:00,2021-09-01T22:27:57,2025-08-17T16:44:49
510,user510,rebeccakaufman@example.com,scrypt:32768:8:1$PeCbIN2BkdCvj00g$d49de984e876ee719d771583fbd3272a84ddddab3a1ad7aaf091ff9096c84c88527c1bf828a3cd6d05f227c2023d516ced823e3e26e97471cf41b799d252b252,Sandra Henderson,3,finance,manager,True,2024-11-27T18:35:57,2024-11-19T16:11:46,2023-11-26T23:14:40
511,user511,hickscollin@example.net,scrypt:32768:8:1$Mj1q2zoQ7fYoC311$7da8a488a5e69e5565edd7e0e889feba4e17fc1f03a20b51c79341040fd1cddc3c011601b12a751328667c60acf23bb480ddd765488119bc1b53c19a789c7d98,Michael Lamb,5,staff,manager,True,2025-02-09T06:47:12,2022-08-23T19:53:46,2024-04-07T15:19:23
512,user512,rsimmons@example.org,scrypt:32768:8:1$rzLNS0yv6brKFb0f$6e6b2d49e9d1f73965bc058d09ea3c68b96428807224802ec4694f1d42938c78be3fb1415aa54d3c08581d453052c7b01b051ddaa9aab5f88ba162552c492778,Christine Miller,5,managers,admin,True,2025-10-06T16:12:37,2023-12-01T14:55:53,2024-07-06T04:42:08
513,user513,fhall@example.com,scrypt:32768:8:1$QIY8gnKIdHvczQpZ$ed8581eaa5b200b1b2d1f39c7bdd6007aee90c75aa5b95f439d39ba1bf656dd835938350767966b1f193004f1a59e8b391af9ee0d56949eba98517ae8a9c2b09,Susan Baker,8,admin,admin,True,2025-06-06T04:12:22,2021-06-21T23:03:02,2024-10-27T09:14:51
514,user514,dcole@example.org,scrypt:32768:8:1$fpF1DUQdusVrxQ9d$509b0c27ccdca16cb1665a89ee7ad5bb5036176e6a904d4751f10703e463408d04cc9481e78ba03d19bb7a6dec576449e5c870c609145dd7094784ba4d13f98f,Joseph Barker,1,staff,manager,True,2025-08-19T19:49:09,2024-06-03T07:33:55,2025-10-28T00:31:00
515,user515,xthomas@example.org,scrypt:32768:8:1$MwEuUZgk6e7fycHA$bd67d63a594500b3d5f04fdd9619269ce17e072d200528b419b8cac63bfcbf549ddb7fe1f1b86b9914e5b1a6cbb66816fb756f37acd9c6f4693bfac33d6709ad,Leonard Gibson,10,finance,manager,True,2025-10-08T14:14:04,2025-09-22T22:28:44,2025-09-15T13:05:32
516,user516,darrellwright@example.org,scrypt:32768:8:1$gOIwkw9YLimWWJge$8e7a002e8aaee2ad1d59e6014d8f502636bde21fd3265edd4d0f8791d5319b25b0a9f2e3e15ea5b052a7a3438a3e5bd463eb91b823ed05995027116572a92cc7,Stephanie Willis,3,staff,admin,True,2025-04-05T00:49:39,2023-05-02T19:06:43,2025-01-27T21:59:26
517,user517,ohooper@example.org,scrypt:32768:8:1$RJLFGEZk3LC6AOjt$ea2f785fef6097790439254d826d82422d30c67d02415d697e351ed4ee7318d3dd4144518084a0452ad5ef87475bb69c381eb2abf30404c745a4a07e249d3c2b,Erin Andrews,8,finance,user,True,2025-07-18T05:58:53,2024-05-01T13:19:29,2025-07-24T09:01:16
518,user518,adrian21@example.net,scrypt:32768:8:1$U6fS1H0YravXqlS5$b51eb2f464147a189e4193f32b6c5b9e1c84db0616bafebddc53fb2458904027a3db860a48d2ed6d45f92d820d012764d1a86a0e5924c5766c5725a3a3a456c7,Peter Long,6,managers,manager,True,2024-11-03T16:41:00,2024-07-27T21:35:49,2024-09-12T15:35:41
519,user519,kelleyjohn@example.net,scrypt:32768:8:1$fwsVBVU5dJ7HLbAL$a6d7ef072eabe6d1a708100b599cce14c44f625dd6489296dbc4aa00f7f675b1a524376e23dbf3d8aa4da4a222c4b3174278d3722924f525e7da85859a4acfaf,Gary Willis,3,finance,manager,True,2025-05-15T06:47:48,2023-07-11T19:47:32,2025-05-21T23:12:12
520,user520,chad15@example.org,scrypt:32768:8:1$JzClAqiGwiK9bHt0$b94e8f041bc03b278618cad18c71cccd98ae4be6e173403d74046ecf77bd3ba25e229401f1daddc5875a675cdb61b0fbf9595b4e074d265ad0056bd06f33a856,Gregory West,6,finance,user,True,2025-09-04T09:00:37,2021-09-15T22:53:21,2025-07-17T12:26:45
521,user521,lewispaul@example.com,scrypt:32768:8:1$sA48Q7M28cQM0lbX$888173a15cc36ba7516fb1a24e2deaaa1c9cd61aa4b6c27a401464e17db668b37db7a288af863feaaab5e78eeef0978a56cb66f68bd89aff450e012dd156a13b,Shannon Hunt,6,staff,admin,True,2025-03-09T20:42:07,2022-10-18T04:40:15,2024-07-15T20:34:39
522,user522,julie42@example.com,scrypt:32768:8:1$W4GESuoboABVxUus$9b9c7b064dbdb91b1f04993e6ba9b6f082b86ba1014f681b7990ad74ee88835bdb9b29f9717c7c092684b108e381e061bc67dd5226cb6e8d14bf8b20a8ae365f,Lisa Wilson,5,admin,admin,False,2025-05-21T01:23:16,2025-03-06T15:36:51,2023-12-03T11:42:09
523,user523,libenjamin@example.net,scrypt:32768:8:1$La10YPucEVdeLhdx$bc7c31ebaf18316918b7f508af722e1a99c6bfdf4d157c1145db21c7fbb43053145ccbe35768629b198c7cc6472ef7c7908d479c0d80a178cd623ab3fb4bbcb9,Nancy Peters,8,staff,manager,False,2025-03-26T16:21:08,2024-01-06T17:15:11,2023-12-05T01:08:47
524,user524,jmorgan@example.org,scrypt:32768:8:1$RWHUkRSc4hn5GJGj$d8b7e4ed9131a51620e11a3dd8ea5cb913ad2044de93245339476fafbfd1c52cee0c6537bfee76f7c649316c7657155b6991c16d17e4653d902a2ffd1c1672c4,Andrew Proctor,4,admin,manager,True,2025-09-26T09:09:11,2024-07-08T13:56:22,2024-05-02T07:45:28
525,user525,mowens@example.com,scrypt:32768:8:1$v3mvnwGqEoWr0Cgs$76adec3b8960350b77bb8a8cf6ac45baede569126a4c99798db2c0071f8e2551a6ee0dae4d900f90324b350847ba0a8f82e96723330a54414ff0b9ad2bc1704e,John Foster,2,admin,manager,True,2025-02-24T23:38:19,2023-09-12T06:43:52,2025-05-24T16:37:46
526,user526,robertwells@example.com,scrypt:32768:8:1$p9lyZIlCNjJT4uAk$5f6b48d71679176ed60299db85724c577e41aea57bb62e1b733ede6fac75af05b3980cf9003f219ff636ba9b8f44fd55f720b87e2e924cd2114ce06162868e53,Donna Clark,2,staff,user,True,2025-10-12T17:30:29,2023-12-19T00:33:08,2025-02-25T03:07:49
527,user527,aliciathomas@example.com,scrypt:32768:8:1$JHlmDSs0OKv56OG7$44dd92766f76b59e204d9098e33c9cf9afd39b7fe93fcd684f596131e92632d856865d82e4f14e52344373739561d4cf82bce109fee87a00bc517571fc769972,Jeff Villarreal,2,admin,manager,True,2024-11-12T23:14:05,2020-12-06T23:56:30,2023-12-24T08:52:56
528,user528,shannonbradley@example.org,scrypt:32768:8:1$H0dRRURFxjCe7RRW$8c0ee299716d57b00d5bd7adb97b6c52fbc759539320f09f265b77628ee6c4ff0bf0297d4823448720b2e04fbd1fae95f8d73553b0d871b61fd11fce58a10709,Ruth Rodgers,6,admin,user,False,2024-12-19T13:37:01,2022-03-26T13:47:38,2025-02-15T03:28:02
529,user529,xharvey@example.net,scrypt:32768:8:1$SmnvPgSh1cBbXwHz$86b9a7abf01868a3b535c7a4dc00995efbce08dd74df889c5b23397c770b6ca09c13f893fd42f0cf65065f1ff9dddf2195f5fefa1e904f7665c8423c37590bbe,Megan Hansen,4,managers,admin,True,2025-09-05T00:50:28,2023-04-01T06:24:33,2024-10-18T05:07:42
530,user530,ffleming@example.org,scrypt:32768:8:1$9MDgThH40TaKKp6R$dd170303ad0e1617cb6445cca91c549a801b950e3d4432f4b081e16dbcbf39fa7e57c1596558de3c593876ba90bd11b7a5bbc72ce42868efdbeb958b27eb0409,Jesus Young,5,admin,admin,True,2025-07-16T18:54:00,2023-08-23T06:20:54,2024-11-28T16:23:42
531,user531,jennifer06@example.org,scrypt:32768:8:1$bLyQDlahMkYpJNEv$0298baaa501503eaeb1062f0f0cb522d402bf358849a4ab8e8811611f66578f98e58dbdc6d840eb42e3227c1db5337516104f537b941da757504e09c27849371,Elizabeth Reynolds,1,managers,manager,True,2025-09-13T12:44:08,2022-12-19T07:09:37,2025-01-23T14:11:31
532,user532,gscott@example.org,scrypt:32768:8:1$c72WSl0A8ZlRZjTf$2bb0c9607fd65a40b3f43cc5b7d6f01947c83e1c66d7818c305a4778e8f3e6a7cbc6a00cee5693c97e53fd225220c664e932ca6e5499c214291c5d662fb09a97,Julie Patterson,3,staff,admin,False,2025-09-05T14:31:35,2022-11-28T23:05:00,2025-05-10T00:27:03
533,user533,manuel01@example.net,scrypt:32768:8:1$MIboVtfU7XMgXkaM$6f0fe043c411ce6ce12db40b262501c5fcb186ce24c1562a5a131089cd611d1a5e12fd9ef387712ec0685a0dfc100b4a07dbd9951e150071c48fc698b0e3a32e,Tara Harrison,3,staff,admin,True,2025-06-11T01:04:00,2024-01-11T05:49:52,2023-12-19T10:54:18
534,user534,michaelcarter@example.net,scrypt:32768:8:1$6yLpUILiFCkFvRav$f4c1f778872f7a750b334898453ef963cf08a358c97e50e9a57a505d7e016dd5c2ff487eae7c448967a06121efa00482142c97e51c735ad1ca905f97455f92bc,Laurie Keith,5,finance,user,True,2025-02-23T10:39:50,2022-07-01T23:02:42,2025-10-13T08:00:56
535,user535,martinmichelle@example.com,scrypt:32768:8:1$d4lRmBq1j82Yo5ut$f00e3f82528ce1804464cb51361afd7a79731877733b0f2392b0d873c4cc77c97bd8a32b71901e0da57861bb3ed5ebc0bf150511f4b201e5de15d3c1668a7ee3,Erica Barrera,8,finance,manager,True,2025-06-14T14:36:12,2023-01-27T09:44:29,2025-10-10T16:51:10
536,user536,tclayton@example.net,scrypt:32768:8:1$L1q4pHu2FQepbICD$462168503bbd417b409596d28dad5504925449390af899953675ed69de0ed3dfaa697d8b3278972b8593e8a2d3aabb07bcaf79274e36e724e935de2154126c8f,Holly Guerrero,4,staff,user,False,2025-04-30T00:13:46,2024-08-31T04:48:16,2024-09-01T14:34:15
537,user537,goodwinjames@example.com,scrypt:32768:8:1$1Pe1Ekf97GB2FufX$ca9a00078dc48921ed94b5778e5359e8e4449ad6a9d43ff6998a6ce91af787d342fca169936182985db566a83ede730aa5028befd35a0bde5c263a9abf0f6042,Angela Johnson,3,admin,manager,True,2025-09-07T16:30:09,2024-10-29T09:45:19,2025-05-10T02:44:22
538,user538,charlotte86@example.net,scrypt:32768:8:1$qYolFGDLkbZHWEHC$15a24c0cb0911841a6cfe8306654b81bf06beae6fcceef1aecd44e57d45b4f757a25d1813bb4e0d4c5825c58b2a56dbd7e9184f7e4c3c9ea0bb0e19e7e166544,Sean Rice,8,managers,user,True,2025-08-14T06:16:36,2022-05-09T22:39:21,2025-06-04T11:39:05
539,user539,kristen51@example.com,scrypt:32768:8:1$MLgqvlegPImZqsZ8$1c01322e4cedd55ba10d29b748443bd19d9726ab8cf6a08ed0909aa1559d287bc5ddcd32e9f9a64a6aa67714f7d2a55715d075fa5f9dc5b183690e9e84f23681,Michael Wade,9,finance,user,True,2025-07-01T18:41:11,2024-08-31T13:07:42,2024-04-27T00:31:36
540,user540,tracy27@example.com,scrypt:32768:8:1$2WF1zDBelMARCTap$3c09ee882fb509b31e3a01bd03ab5a9af3bfbd42e556d9c948ec4dd68be4ce20739ca0d4ec6d6edda5f044d80a7e872caee2a6383fc3140e3ebc11774259582c,Misty Hill,9,managers,manager,True,2024-12-21T13:34:35,2021-08-22T20:00:48,2025-01-23T23:12:52
541,user541,josepeters@example.com,scrypt:32768:8:1$9vJgDO7K7JH3weCC$befaf97f31216bcd78df2e1b32cfd2ee37673e1d3425f15d85fdc05a2e94ff3adfe04445ec1fb2514c3ca3140bf28252f03b5241c1028b36396a43f62769adaa,James Gentry,10,admin,manager,False,2024-11-29T06:55:46,2022-05-08T20:56:49,2024-12-28T02:34:27
542,user542,jpatton@example.net,scrypt:32768:8:1$NWucmO6eYyME4FGn$ec797c3cf3ffb778c0381713350efeb9b4a43494c9099a483377f116492d6c20379c533010c3f770778eb2c568a781f1d039a60ba927134aad291e19c61a2849,Heidi Scott,9,finance,user,False,2025-03-28T13:21:56,2021-08-16T11:56:30,2024-07-11T21:44:23
543,user543,wromero@example.net,scrypt:32768:8:1$7mkftm2SePoiviv1$0ce4ff73e5bc340d77d195921c086e443e859a787796b78b498ee974b06eadd447d2a6568443fce13a51bacf3bb5b31abf17762a69978f935996113a33371ebc,Scott Walker,2,finance,manager,False,2025-07-17T15:27:52,2024-01-12T15:30:52,2025-05-27T23:37:30
544,user544,lroberts@example.net,scrypt:32768:8:1$yzb9RX38zMtItBHt$cc3e840a5b5038d302759c7dbb10374dae41bb768001f22422c124743c3f739d6756313879a2d69a2c563afed87ec58f54b1e7f7ef22d5d1187fea448b186cba,Christopher Watson,2,finance,manager,False,2025-02-18T14:47:47,2023-04-06T00:38:13,2024-09-26T06:49:53
545,user545,theodorewilkins@example.com,scrypt:32768:8:1$1cUKQZ2KXidi5HM5$4ea2738d326e7f00fda7ab8ca413c6a770121bbea5f9fc4e21a487f3210bfefb7c46fde7d3458d079fc88184e9b729b7ffae2804ed1360b51810cb78da1299f4,Megan Wolfe,8,managers,admin,True,2025-06-07T06:56:45,2025-02-26T12:37:56,2025-07-26T11:14:40
546,user546,kimberlyroberts@example.org,scrypt:32768:8:1$Na8H8stnxJL5ZmZ7$c7fcfa63cbb4f43ec29fb3c421b513e199a40ccb1385f80c408c0752b3595617fd6cdf7f8298fa692cc3e500ae391b7da114230665f82e8c9bd380e5c3811163,Eddie Smith,2,managers,manager,False,2025-10-06T10:25:46,2021-01-04T15:51:31,2025-05-29T21:46:19
547,user547,emilyrussell@example.com,scrypt:32768:8:1$Ijl674X1CNFayliz$7d549511bfa7fc4e217832ff4633501823f73df08347f37eea2291b89a2d1dc6710d4af9b03d41b9b3ecef53f1fc641bc702fd8b631ad8975a3264199a2b98f9,Christina Webster,7,admin,manager,False,2025-04-09T15:43:12,2021-12-04T20:11:36,2023-12-11T04:59:37
548,user548,anna40@example.net,scrypt:32768:8:1$SrElKBzDfX8RG0TP$771470689182b382a71ecad2e81925b457b26bea25af4614d3488c34bc9bc937dc2e31925cfc8f09d0a4abf50864228154b7fc3edfd12e0e6c9bc8776bea96c7,Cheryl Decker,5,managers,manager,False,2025-07-25T08:40:37,2021-10-16T16:44:26,2025-10-17T19:52:14
549,user549,reginald69@example.com,scrypt:32768:8:1$LknChC5fVqDYF54Z$99aab55f5633bfa7a73d9402a0dfd9cb6af3dbbf4d57ed0c5f9d4bbf523e72851154e785c200b737c4e1cd90df93dba4bd1b61248d8b27066f6faf96e83b5da5,James Taylor,10,staff,admin,True,2025-06-06T13:55:02,2020-11-21T10:57:20,2024-07-14T12:53:53
550,user550,hammondmatthew@example.org,scrypt:32768:8:1$wbkCLMmYBx1XGFhY$92e124c106ba628c5d84ff5828601836e3bbf22f7d87a76f250b6c5fe235447cdf412336865cbe004ce842e569dac89da44d517489ad1edb1637e16dbc8baa15,David Baker,8,staff,user,True,2024-12-25T22:05:18,2025-05-18T15:19:33,2024-11-28T13:11:25
551,user551,teresaortiz@example.org,scrypt:32768:8:1$pNPll7AjuIrmBqfO$4062f23df4da1ae539ca0b2930f93ab749f0f7a39b05b57053c5ab74941dcd7ab604d82f1b3daea6ec8fe04c17d48c1d4e1a5fbe3fe5cffaa4e91aeb33831912,Sarah Stone,8,finance,manager,True,2025-06-05T07:11:39,2023-12-01T17:54:19,2025-08-30T19:05:57
552,user552,bergerjohn@example.net,scrypt:32768:8:1$CxiQRerchFwhhstu$4645736e37f654a89d84cdff5c4ec88a4b3de292599acb2569d893ff0415c36abf91da77106a1551bdd99f09ee72bcadbe49628c8b4df504c1538579371fc6f9,Anthony Mclaughlin,1,staff,user,True,2025-08-06T01:05:19,2021-07-02T05:43:42,2025-02-02T16:02:14
553,user553,jeff24@example.net,scrypt:32768:8:1$HdteX24LvJQQb4wV$bc8947d4b605ef7bfbe25231b9c0eb0701c187a84eb7e34ba1ad2fc5227a3730c21d5ffa718d5f63dde28df9c30b347515819c09a22adcb9fbd3f3ef0584f6f2,Frederick Moore,8,admin,manager,True,2025-02-27T00:53:23,2021-03-16T12:06:14,2024-11-16T09:44:47
554,user554,oramirez@example.net,scrypt:32768:8:1$Czm6rJFTzWiBWZaS$e9e3c674c7e68fc24a5dade139baffeb9063b3cf2fb1558a5a1e5331c5d497270ed1dfc01830ffc5f531209550485a4863a981a9a52f97be8778f50c42f61e3e,Savannah Kaiser,5,managers,user,True,2025-04-24T21:17:53,2022-08-16T22:59:13,2024-05-11T18:01:53
555,user555,courtneyrobinson@example.org,scrypt:32768:8:1$UTTlWcxZwdEjpcrZ$20438a9dd58787bd3afd12fbca1f9107ef5faf6081ae36eb58afcdbdcb87f0b01d58789e8113c66178bd6a88dec44139197199244f3e291a28f7ee2a6c601bb6,Thomas Hebert,2,staff,user,True,2024-11-03T20:35:38,2022-02-01T11:57:26,2024-01-10T22:05:04
556,user556,freyyolanda@example.com,scrypt:32768:8:1$2JKfltlwlCb7GFM8$075fea37cf32cb908676dc5a95afc605b5c6a9608223e4482be8e1438838eb9a948e32a80dfec1f54b5a933d3b607f582e958ae1920387bae4b2371fd1d19cf3,Stephen Hayes,4,finance,admin,False,2024-12-08T19:37:16,2024-11-22T02:23:35,2025-07-17T08:33:43
557,user557,ydavidson@example.net,scrypt:32768:8:1$tEcHRIGIFV3zTapv$be730dbec34b76316ac8db81b421ceefc008f13a6e739f04d02e2d4af5b7350dc9e161c4f424c8545ea1ad74aedc543c7d3f46dedf973d06d614626d99880292,Michael Wilkerson,5,finance,admin,False,2025-04-09T06:43:43,2022-08-04T04:15:57,2024-06-28T20:09:28
558,user558,jameshammond@example.net,scrypt:32768:8:1$YMrHcdYfX70FOFox$c3e1ebcae34701fb40592899ce8631eb296f94da96c73c46ebdf247a6bc2f6e5c2750632d2b470e347858af86cbd2e673223edff620d5f62cf2a874cd31ca8a3,Michael Doyle,7,managers,admin,True,2024-12-22T09:56:48,2023-08-20T20:06:46,2024-10-01T18:49:04
559,user559,oscar25@example.org,scrypt:32768:8:1$7bEVJoCxn1aAxRpV$51bdcd548e3e384bfe7301f6569c3032cc47364f6649c035e9e68ebaac9902ae7dd7018534ae9b0957f03fb57683a661274030015073d6fae086918c5c9c7494,Rachel Byrd,1,finance,admin,False,2025-04-05T07:09:07,2021-09-11T22:06:22,2025-03-27T18:08:48
560,user560,crystalhammond@example.net,scrypt:32768:8:1$j5jQfm7EdnKKxaFG$8cb13aef2946a4de996ffacb155b6dfe851ac899168cf3fa4286e4f8139b4161b201db9cc0a44504996afccef8aaad6bfdcd250fe7286dda00a93ce7f3bf9a9a,Charles Keith,5,managers,user,False,2025-01-16T17:51:29,2021-02-09T23:08:31,2024-02-29T02:39:51
561,user561,frusso@example.com,scrypt:32768:8:1$X2DqguSADbljLQf0$c741d0bbbe9ce7ebfc85e79971b920515fea405bdfaf0bff4649308109056b29834004b7ed24ee3cd66f8fdd47adfef813b467ee51ce254c703976fee03a8a4e,Robert Mendoza,1,finance,user,True,2025-01-30T11:33:22,2022-05-11T06:59:09,2024-04-01T06:17:07
562,user562,gcollier@example.net,scrypt:32768:8:1$co37UdVwCNFPPCnw$96f808da5dbc63e491657a768d9fa45cb1c3deabc2da93459e753e5523f71f80a5c5fee7a7151f625d762df2081173a2d666d7d49730524ada30e14c1583c39c,Randy Benson,9,staff,admin,True,2025-06-20T14:33:34,2023-04-08T19:34:44,2024-12-03T12:55:33
563,user563,lorirobertson@example.com,scrypt:32768:8:1$IfUFzZHmd3RJcR5T$6392cec2c407caca5f9374377548a232b8568049f6db5474f13f2f34306c29b708ab50d324b26b7ae920a6a1efdeb02bb50603b91ddc55248e4ca5dd46f7148d,Adam Lewis,3,staff,user,True,2025-05-24T11:21:01,2022-02-18T12:38:03,2024-06-08T05:16:16
564,user564,jeffrey66@example.org,scrypt:32768:8:1$1RWRJrX99mVqPC6A$e356f72527b008d424dd897ecaddb60bbe1ddec43a402c5ab92bc3f9d509bfac739d28a6982660d91e912d0be5236ff30cf0af199e6f33b0e22cedd77d05d198,Frances Mejia,1,staff,manager,True,2025-10-23T00:45:09,2024-03-23T04:39:24,2024-04-15T13:50:02
565,user565,nicholas48@example.net,scrypt:32768:8:1$XVkxzNystJkiJYmU$594f7c4143bc6992df5f26850c1e6885a97c939286bc4c7518ce52bf2ad0c06854d5ee72f8f31283159e4bd3107ffedd255810dec905e7e8ed47327df5831ab0,Ashley Rodriguez,7,finance,admin,True,2025-09-20T04:23:03,2023-01-26T02:04:11,2024-09-22T09:24:53
566,user566,kspence@example.net,scrypt:32768:8:1$V3W7zy7mgwZMDLH6$1636a553657f908e355d3c0a0d9179ff59b804443b44405605b3b3975fa23e8436af6e575ca631458cae3d9734085044416d1e027762161774ef9e39525eb83d,Abigail Kennedy,4,finance,manager,True,2025-09-26T13:09:45,2023-01-09T00:09:25,2025-05-02T15:58:08
567,user567,ashleysmith@example.net,scrypt:32768:8:1$61iEsbpk5D9yUTlV$f9dbbd6d66339817acb75ef7a7c09bfc9e32b5197b444c0798c228b35804c3ea57b767f9d655c470ad04a313690ebf0b9149a4648730e900ec449096b2fcdd91,Tonya King,10,admin,admin,True,2024-11-18T04:54:09,2021-11-17T04:31:51,2024-06-17T09:53:18
568,user568,brownolivia@example.net,scrypt:32768:8:1$h8OlASTIq00m1A4a$2f6ed439dbf680b34c2eeb35e1a87051fdb87e8b8a2abcedae62813161810626af332be95e2a5ec958bbe07fec8de2a990b7c035c11eec3beefe36d0eea2f2dd,Lauren Hardy,9,managers,manager,True,2025-09-14T06:37:10,2022-02-16T17:34:56,2025-08-02T10:15:29
569,user569,benjaminlee@example.com,scrypt:32768:8:1$DqOBc85U7gd8irZy$1e8745bc98fa777a8b5b63038c184094b22dc61237e828af9b09a68ba1205130b769316d01ba66ed03789d01e13fe132535af9879fdddcddc9a227c2efa3a424,Alicia Chandler,5,staff,admin,True,2025-06-17T05:23:42,2021-12-19T13:35:31,2024-01-11T07:50:31
570,user570,jacquelinegilbert@example.net,scrypt:32768:8:1$5YDVtKbet1NeDMRu$5ca4f3a89a579fbdaf200a8066d9e3fb1f80db4bd013f6a1b46be622144a5f4f1286663e5cf6abcadc89ef50c02d3e31cfad20631242890f64057d4a4d80928f,Aaron Garcia,9,admin,manager,True,2025-09-23T09:04:14,2025-06-29T06:45:10,2024-04-18T20:32:06
571,user571,nathaniel42@example.net,scrypt:32768:8:1$uqYRJKMZkKdmo8tm$eece211f6122ea90c3aa3c54e01f41d6d347daa736b033a6e91aa79c21261d1932ed319a17ee174888edb84162695917d7bf92855e09d405acae01513b190038,Michael Walker,4,managers,user,True,2025-01-27T19:48:08,2023-03-10T04:14:54,2025-01-27T12:13:12
572,user572,hodgekelsey@example.com,scrypt:32768:8:1$M5aUiE64CM7GqPUP$ca6d70023dc888ac339da5d98826f0b554c74cf775acb0ce3dd9219620c237c2ccf1d185f9f7ddd704521cd1f194f31a091617adb50b829ef80099ed6ef1f854,Pamela Jones,7,admin,manager,True,2025-02-05T19:25:42,2021-06-24T02:36:46,2025-03-23T03:07:08
573,user573,brandondixon@example.org,scrypt:32768:8:1$CSAIJbk9hsT2nWe1$09b1d2a38ab3f0c884e01ce0699219243808237982f4535536e3c91b65c1cafcb9233b122ec668e241bb8cf653b276b170bd16c351629f338e716942e01edfec,Rhonda Johnson,8,staff,user,True,2025-04-19T16:11:50,2021-04-22T23:02:55,2024-06-07T13:59:30
574,user574,robert78@example.org,scrypt:32768:8:1$qj1HDLooEOKHWzHs$ad854c79ae3ea97ef7aae538cb1322d54fbf5842571fa742bd021292f4ca3d219b77c37f1a9cba6d6b3930d2f44e2c2c338e622979ba73d5cba5b6f2ad8c407e,Lori Mcguire,8,finance,user,True,2025-09-11T15:12:02,2021-08-19T00:09:20,2024-07-27T06:13:22
575,user575,uvilla@example.com,scrypt:32768:8:1$SPOEiYf8AbpLwfIr$ae1817b5d7d693f0ab3e7813763c3e1c1a28561d5b52660147e70826c5d7f91df3a45520387b745ad6758f01037fe2b07ac11b9a740264feab430f31a685f37a,Kathy Frazier,6,admin,manager,True,2025-09-22T11:35:29,2021-10-13T01:08:46,2025-09-22T00:06:47
576,user576,sarahrivera@example.org,scrypt:32768:8:1$khQ7KmBQWkpv93Si$c5a2eb07673fc6b4d87c5ea20365976935e66abddeb8843bdb4918d45d43ac7d8f9745eb3d8ce6095fa62ba16a3619a63c63db4f48f3266abee253f916c6326a,Melissa Bailey,7,finance,admin,True,2024-12-11T04:05:49,2023-03-21T00:52:50,2025-05-28T01:24:45
577,user577,acampos@example.org,scrypt:32768:8:1$HG2vJYhJT5WaOjvK$bb1c4e2c61796a0f610869e8a0d78b2cc1da1dc9eee3e85df3a755641746c249b3352ca9abcdf8de8ae056043bef6e733d511b448a05100ab16e629f2a084e02,Annette York,1,admin,manager,True,2025-09-12T12:32:21,2022-09-11T22:50:10,2025-03-06T05:20:38
578,user578,beanvanessa@example.com,scrypt:32768:8:1$hJgNlIXKHJ94vqVm$781a1a89a5137d82f7d02defbe08df3544cb6694adfb1229aabdee50a48fd5cf8279c0275be6f35165569d8de40d10f0bb6f7fa4ca3f03ae6188fbfe26437a10,Kathryn Johnson,1,finance,manager,True,2024-11-27T13:49:31,2022-05-22T04:06:42,2023-11-26T05:48:15
579,user579,sally43@example.org,scrypt:32768:8:1$XYdBsRdP1IoEXaYP$77c321c0e77f9da52fad3bb080f559591db1cc5bccac4ba7f92448a56b20b9d7183859fd3952e416d15db7d0702540a5b8fe0aae560ab9157bfe290596f4c367,Kelly Norman,9,admin,manager,True,2025-05-21T21:11:19,2023-04-20T11:23:03,2024-03-17T01:27:42
580,user580,higginsveronica@example.org,scrypt:32768:8:1$7M9MYjlwuvXuexVr$a23aedd8e3d89f134bfaa8e3d437162a35cd93400230859998be911173343793b251287e5fa12eadc86593024bd223ed5e16eaa09aeab2755effb8a942a2df27,Michael Campbell,2,finance,manager,True,2025-10-05T16:33:34,2023-02-13T00:21:39,2025-01-15T21:49:36
581,user581,qshort@example.net,scrypt:32768:8:1$wSQfkYAwiG5RzT1b$0232767315e428b1b970549b6de3d2c38e6f65d936a628ed1bd3a42d69f54151b204f4c9c5ff5fd21b29a0a11d7fdcb923ec558506e1f8e2ad1a584c5d911c1a,Michael Mata,10,staff,admin,True,2025-08-27T06:30:06,2021-02-27T04:24:54,2024-12-11T11:08:53
582,user582,dan22@example.net,scrypt:32768:8:1$XTZ0BWAw3g0w8qHt$2b4895574ff8b0ae3eaa58eccd896b6207beadb5e2e442ca7dc274eacb42a4cd429b00681b3b5c84697206016c77e7d7a5be68fc656b4e947cc31a17bd0d874c,Troy Williams,6,admin,admin,True,2024-12-13T22:36:53,2025-01-25T22:26:43,2024-06-21T19:17:38
583,user583,gordonjones@example.net,scrypt:32768:8:1$DqyjXBW2pHmKpfep$b89fd8f7448945fcf992ee3911695fedaf0b37e285987df021b4bd29b73514942d529fc7e2df0e47b31276d831bb945ebc7a50ff8338bc5aaca0f67653ecc9b9,Alexis Wu,5,finance,user,True,2025-05-16T03:32:01,2025-10-19T14:18:54,2025-05-06T15:35:15
584,user584,jenniferanderson@example.org,scrypt:32768:8:1$3DAAEe3yWbN64K4Q$fbbbd448dbf0e112fd2ea2cc433e5f5488f5b035ccc8be510de270e93eab17182f617089052a1fdeda017cd45687675828f2033994f5668ea53dfbef309284cf,Angelica Rodriguez,9,staff,user,True,2025-09-11T12:08:50,2024-09-04T23:42:37,2025-02-15T21:06:38
585,user585,jeffreyarnold@example.com,scrypt:32768:8:1$5fv4hmaAYZFppHoU$f4ac3442ed98a640b4a28952e57c463c81b7948ad69be93d2bdbff68e8979e7c95e982fa09b6e4b3a7c862455bf734754da31e877baa93ec90cb7a659f4cd8f9,Michael Le,3,admin,manager,False,2024-11-22T01:10:50,2023-01-29T11:35:16,2025-08-12T09:57:14
586,user586,haydenkatrina@example.net,scrypt:32768:8:1$jZlukviJh6MFrkSD$4cc573e1584d316773fe0ba12ed268bccc9b81b9ab4d268496a135a04f87c986e3b6871a592f6e9ac75ad441bf76414b06d0da9ebbd761d17b4a30f806beca3b,Leslie Lambert,2,admin,admin,False,2025-07-26T01:20:53,2021-02-11T20:31:19,2024-02-12T18:13:36
587,user587,jeremy78@example.com,scrypt:32768:8:1$ap9ACD8MPUOj0tn5$3ea69f2be4d3656be82daa9afc1ad54a95228eb3294c738936c2b56abdf4e8b5c6922ab704980a7508dde01755915eeabb7237678e9ef8244418b2c23a82c414,Dominique Flowers,6,admin,admin,True,2025-10-13T01:03:14,2023-07-24T20:43:48,2024-09-26T20:31:29
588,user588,xscott@example.net,scrypt:32768:8:1$anuyUUb2SknFHR5Z$9dab29e588b06f688c8cd227b3bb3df95f70f6bf21abefbe53b79c82991fc4a2e2b40050e3056547db9d8db89e626908c45d1b11cfb271d46314637c8e1bedc6,Mary Glover,5,managers,manager,True,2025-04-21T02:41:45,2024-06-06T18:56:49,2025-06-29T06:23:36
589,user589,lbentley@example.org,scrypt:32768:8:1$m2cXDdukzSoNyeQj$844c91f545334dbfba164f24ddf80e1b1a7691396d4732effbb6037ae9d61d3c0a8fbb1d2946f80ea6a2406adb0a66d1b8521106f89fe5525cf93a285e5f2701,Holly Chan,3,managers,user,False,2025-02-24T19:08:48,2024-09-20T16:11:25,2024-05-02T02:37:38
590,user590,thomascarroll@example.net,scrypt:32768:8:1$RXUCqJHcq2EjTj0A$f43375b509a4138933665ce5392286f1c15919a8ceaca4b3c105be1374f17566f1bd2c08b448c510e0427797656a3ab697ffc40d6e7cd7ae89ea1589d295b049,Shawn Richardson,9,managers,manager,False,2025-06-27T09:06:40,2023-10-12T02:00:19,2024-03-07T19:33:36
591,user591,mcleanlaura@example.com,scrypt:32768:8:1$MiUSohOlWSmBATho$f276be3e11d423c7c7087e41eabefa964d6a391896e9372f819a0e439f8021b57ab8cf688e8f80b35b48de30c5c9596f234da993db6a3a68f9369f67ad07be78,David Bowman,5,admin,user,True,2025-05-28T01:05:34,2021-01-09T13:52:48,2023-11-23T23:59:35
592,user592,melissahoffman@example.org,scrypt:32768:8:1$wTG9nIVUzgCHhAB0$4332a9b605b5f6bd7162e0c7a7218642518cc38a27c8929bd082c4373fd84a5a9f242cd2c3ac43b886a72213786a20fe71a6fca6285467bc3f513a319c7e5a18,Debra Collins MD,2,managers,admin,True,2025-03-19T01:32:06,2024-10-19T06:14:00,2024-08-27T07:17:34
593,user593,nharrison@example.com,scrypt:32768:8:1$oc2opV9PnldQ7o7V$e5225b6bf5e2c17c66b1eb1362a5aad196ec378dc5b2f8285f98b8236ea35be6e421df1613ecd1fc26b169a31cd77a2d8b765dee56b939c7561cb3130e59e234,Jacqueline Baker,10,admin,manager,True,2025-07-06T23:30:41,2022-04-28T01:21:14,2025-10-26T09:33:12
594,user594,michael50@example.net,scrypt:32768:8:1$WN8UHS6YZqZvXSb8$b682ac258675ce088c933ffd596ccdda1aba04019293e314b6be4c7633b54edf9337f71aa80b8e6728496cb3f46fdb1a7ef439d11343ff1a0ad6a58896c2267b,Eric Bonilla,8,finance,user,True,2025-09-15T13:49:32,2021-05-21T10:23:39,2024-04-02T15:31:18
595,user595,sara38@example.org,scrypt:32768:8:1$zHy4uVtih45wtYRI$333babe69b9febe89b035abc6a0fc439c1a81868cffef9c4e2efa9b7001ee4f46677cef698c39dbea868d7f6e41ef21f33c41b2741e17d1f041f0738951a83f4,Victor Wallace,10,managers,manager,True,2025-01-07T14:41:34,2024-03-03T11:14:09,2024-07-21T02:38:19
596,user596,angelazamora@example.org,scrypt:32768:8:1$Chlzh2GuKDqyzVDT$11dbfd28be20dc65e2cfa1208fc88a7a9c731f0d0ce62eee3ca10d0ec52dd88448ddbe23ec7a2c00819b6e4f4afc92398b6b4972173249eae423a8b01e43bb01,Darrell Bean,1,finance,user,True,2025-01-02T20:09:43,2023-10-31T23:40:52,2024-08-03T20:13:09
597,user597,sfischer@example.org,scrypt:32768:8:1$7UUXunH5gSBkqf4t$0f35ef4d8ad7b9fb654bcc548d817292fef7bbb4ab4eb31be1b5254200b52cdb8e4d7057c0720bc8f963daa4d45c807431d943088c3787fc17725d337d39ffb7,Marie Evans,2,finance,user,True,2025-07-29T20:36:11,2021-05-04T01:58:06,2024-12-09T09:48:36
598,user598,volson@example.org,scrypt:32768:8:1$urUjV9w6PbldLYix$ccab6fe8c6547e4a7128d70d0615b49b0eedbf50ba2b4fade6e0137a2bc8dbdc2b71a53af600b1bfd2770ed222116d65f7cbeaad4ac94b85a03a334158a66b89,Bailey Martinez,2,managers,admin,True,2025-04-01T19:13:42,2024-05-30T14:24:49,2024-02-22T17:21:34
599,user599,wolfmatthew@example.com,scrypt:32768:8:1$fTGHWC0vRuECIpcJ$0b7f7018224f25ff6af28da37997aa0592091691923a8149c3d9db831c95a28806ca7a4ea63f035881a192321855ee832223b5cfa1c57cd7deb1163ee9970ac9,Eric Owen,9,admin,user,True,2025-06-27T20:14:28,2025-04-18T00:42:15,2024-04-10T14:59:15
600,user600,jesusbarrera@example.org,scrypt:32768:8:1$cMUNuocGqgdWs8cE$89351225f1cf277806481d3a2f1c3078b4962d3dd11ed92737eef8f6fc80ebd020193290790ba5b6284d4081141a6e250934059e6f35947e70e92b5373e5b03d,Patricia Green,9,finance,user,False,2025-06-03T15:47:17,2024-06-16T10:55:42,2025-07-04T13:18:37
601,user601,jenniferwagner@example.com,scrypt:32768:8:1$ArAV7lpoSuaL3SeV$b8476ded37b820f6ea369564f182253e3d16a990ad83b23250dc6bd146905f72f19f2e4e1f4e7d22cb7748df7765aa04d48041a52b6ac19c8a9d8a0fa5ddbef5,Rachel Fields,6,managers,user,True,2025-06-29T21:33:08,2021-07-09T12:25:06,2024-10-01T02:47:51
602,user602,derricksexton@example.com,scrypt:32768:8:1$wnFntW89zbdgM1oW$de9a45c21231828298c10a9458bb0e48057583ba8f846d0a96417832396208b225a77a4e8b8992a08254ff0907246176b8713d9642c58b444b4f330a87a6c736,Brooke Craig,9,staff,user,True,2025-02-24T07:53:39,2022-05-22T05:47:13,2025-08-11T15:37:10
603,user603,bassanthony@example.net,scrypt:32768:8:1$NKKeo5vlTKCwgk4p$04beb037dace588b72c90025943f28c433e35cd9ab527f099b39ee27e72f011ef1fb4e608f382a6e6726d5a52e9bda4e90c526cc0100f3bf92bab87f9b5c02bd,Susan Lopez,9,managers,user,False,2025-01-01T10:22:24,2023-10-08T16:42:02,2024-01-12T11:41:07
604,user604,banksmichael@example.com,scrypt:32768:8:1$jrhQlJCw7YoCE6w0$fedb570ff9fd10eee536fb1eba112777c38ea7bd529b219c4ffcbaa78b39690aef715507367a0cf2644deee577d004c30acf455058978bb396b9b686b0091a1d,James Wilson,7,finance,admin,True,2025-10-27T14:15:04,2025-01-09T03:05:48,2025-09-09T20:03:45
605,user605,guerraterri@example.net,scrypt:32768:8:1$sfsQqJBfGregrmJl$69cff96446f63f6dcedc324165d3e6c7f0b1bbe34879e0b57888b23f72c7ccc43c95f4f4f681266f9736831fd5e4688eede990a70cccf2965d94d852c74cdc9a,Keith Dean,10,staff,admin,True,2025-03-29T23:35:45,2021-01-21T10:42:51,2025-03-07T00:02:44
606,user606,robert57@example.com,scrypt:32768:8:1$sJCJXwokFjKCgwgS$5260ab0eee7f4896d3c96465b0cdc9456d39216ff51a4f8e8909db910c41f6e4a427ec6b83836fbcfded3c0af0a2bd6a0dd8c69654271567ac52f544c1ca4910,Melissa Smith,8,admin,admin,True,2024-12-31T06:21:41,2025-08-10T06:44:46,2025-01-08T05:48:54
607,user607,clane@example.com,scrypt:32768:8:1$8coD1rm0cEBeE4Pb$51551bb643703c239a00bc30a661ddfda91b6923c8bc55d70aa895b29cd6af7c13b5681d770f3bece821a08c151d3688d83aead49c1eafc9fc41b0c5279f0101,Madison Nichols,4,finance,user,False,2025-04-30T03:51:56,2023-04-05T03:05:28,2025-01-17T01:29:45
608,user608,carrillokeith@example.org,scrypt:32768:8:1$h0n62BiUajDnIbN3$edae1779efd6f8a2687c4fc6c60df65b45be8fb3dfe6628924e2d21f1079197e647eb1fdc6d8dda53f9a88fd0f00dd8f647155f638d18cd345dda10bb616153f,Anna Joseph,1,finance,manager,True,2025-08-08T15:40:37,2024-03-12T16:32:13,2025-03-07T13:28:32
609,user609,collieramy@example.org,scrypt:32768:8:1$1BMHRXprxdJdYQIj$ed01b2e15f9df1730905656ea4bb81738bb9afdf4c1197efb69c160162be4141bd900dcaa749935e58f7518657ed29b1861a7d4e83582ef5efefbf9fbe5c1b87,Adrienne Frye,1,admin,admin,True,2025-06-11T20:26:18,2023-08-21T06:16:51,2025-02-09T08:57:10
610,user610,carl20@example.com,scrypt:32768:8:1$VxDaM4C8NFmuwVSp$ef41d861e574ee99fb7b3cdc99225248bcb2a53c9e49bbf25a32c21d649cba7185bc3e2eebaffb0069e6c14b078b03ca2e55c1b843e06d343d93ca00e4d7a2bf,Justin Turner MD,7,finance,manager,True,2025-03-29T13:31:59,2021-09-05T16:46:39,2025-09-06T22:05:52
611,user611,natalie42@example.com,scrypt:32768:8:1$Uww01M1ozpfPexHO$2011ecfe3959656389693a95cf1f120291cc856e4f3d98bbb927d46bf63ef0ca04e12b1a95fa81ee6503236e4c8703eb7a8d8236f6b9bdda20d40398fc350810,Kelly Williams,5,staff,admin,True,2025-10-14T18:34:17,2021-11-07T20:46:56,2024-03-04T16:36:35
612,user612,uperez@example.com,scrypt:32768:8:1$RAd1kElgGJvXk41Q$f0fb15a867644da7a62509c08b24f1534527305649238fbd462d2508bf16ada256e226e0ef1dc0daab7b78143a5d7ac6491a6b6094e5a18f68d85e90138ce69d,Priscilla Ryan,9,admin,admin,False,2025-10-23T05:18:09,2025-08-23T17:54:25,2024-10-29T10:44:53
613,user613,tkelly@example.org,scrypt:32768:8:1$yAK9ljbsmSFjhAe5$c073afb62f6510731f641d26bbdbfd5e0bd639e6d480e842516a603d5bb29cfc24548fa933c8907ea794ed3cdf4e30a7089b4f434c7e5088fd4e5b4150fc7f1c,Thomas Morris,7,staff,user,False,2025-04-04T16:18:39,2024-11-11T13:32:45,2024-04-23T05:09:08
614,user614,matthew84@example.net,scrypt:32768:8:1$rXuw2J6UxlvgwtPA$c34962306ab6b40c765718507c8a6b436fd92684adba78d45e1e335eb07e4c294d61b2d1ff46d830ac18e7cb799b89a6f18985a24be6ebe2c7c596d2330eb575,Anna Monroe,5,managers,user,False,2025-03-02T17:44:59,2023-02-27T21:45:52,2025-06-03T14:55:03
615,user615,austin65@example.com,scrypt:32768:8:1$AaFrZEPhoITeikpk$38788d92608dccd68537bb56010323340931771339ce3cd62dcfd29bbd47f9d0b9a2906c1f8002866d78e1472d63abf163699d35d4661cb89b67ac3794d9e045,Jasmine Nelson,7,finance,manager,False,2024-12-05T01:15:01,2021-02-17T04:38:45,2023-11-15T18:05:47
616,user616,devon55@example.net,scrypt:32768:8:1$VbCCGCQy3oRTcc5w$57a391c762b868b33bccb9add6f41780a7f11ad27865cbb2851a22d51387ad6c119231865da2960ff3f0bb9add1924d0599e924de5c84bdb3bdaa2fa6e3d3f2e,Beth Henry,7,managers,admin,True,2025-03-11T20:33:41,2024-07-31T04:05:57,2024-02-15T00:42:24
617,user617,kevin75@example.net,scrypt:32768:8:1$ibk0Sldf8vHpwajh$5f436e28f745e3c286d42f40df8b2cf1c3e09f9fc6af32e60294bdc6f5974b7ea1c360386d967f0723c2d671f581492d959ec5bdf7f52f87dae8c3d61c1dea9e,Katherine Campos,4,staff,manager,True,2025-07-19T01:05:09,2023-01-03T23:03:32,2023-11-23T00:51:12
618,user618,rebeccahood@example.org,scrypt:32768:8:1$TFxE3uHkn4Z7lkrZ$644bf55cd0f611b3edbce36179a064144de0110758e10a4ec8696c565a86b2b9ce7067bf12aea65cb5a808fe3e7f82db58ab8e019511f60feaab373e6cf03ed4,Lori Murphy,6,managers,admin,True,2025-03-20T01:04:56,2021-06-04T07:30:28,2024-04-20T06:27:53
619,user619,jesseorr@example.net,scrypt:32768:8:1$TeQu2UdBiCpCh1Cb$a2f17214ae1de8c288c1df6c87a624df523727943ffa9777ce02935d8a0613c3911862024eea8a097fd5acd6df1c621a00792b3dfd72e3e45cc3933bb8e4ab12,Lucas Boyer,7,staff,manager,True,2025-07-05T16:19:28,2023-05-30T13:18:14,2025-07-19T13:30:24
620,user620,reesemicheal@example.com,scrypt:32768:8:1$i4w35q2Vl8IzAePU$c6db798121a1883f2ab56b742f1d75c6820190c30b142a74a91aa08153040ab4b19d1786301aa2ea018ec5a3ff07d47d741d5d71598dbadfcec66834a53470d4,Alexis Scott,1,finance,manager,True,2025-05-08T10:56:50,2024-12-20T19:57:34,2025-04-05T03:10:27
621,user621,bergerteresa@example.org,scrypt:32768:8:1$RmaxDaksDlKIZKCW$54abe65a43d6b720477a6f07911aed393d3ef6a5d5e4d33faed4cf5aff59a7bd0009d9a6827ec9f8d0779619e70a494428ac7eb6a526e0a1cfaa01713189e384,John Ramos,8,finance,user,True,2025-03-01T03:07:34,2022-05-04T10:19:29,2024-10-24T10:27:03
622,user622,williambarnes@example.net,scrypt:32768:8:1$JAScB5xJYivHu4Sq$5d80bb244c0c47d9c45c67ad5eb71e85fdc0312e43a61eb72741b3a1eed9081748689355d80336b2878950e00066b0d4c19c1bc289d36acaf25af89bbcbb166d,Karen Wright,5,staff,admin,True,2025-08-31T00:27:45,2022-08-19T23:49:51,2024-06-14T23:48:57
623,user623,crawfordjonathan@example.net,scrypt:32768:8:1$ciydkKTkNzidRtcB$610ae68b6c1ca06ea615699da206b8688d5523066125fa86b46148390597697adc330ca5857eeae34dd88480d6356754ce271ea74989f443c1f460f273e1ef55,Christopher Ferguson,10,staff,manager,True,2025-06-12T13:26:25,2021-01-27T11:08:36,2025-05-28T17:32:11
624,user624,christopherpena@example.net,scrypt:32768:8:1$1iEUFZnjcjEjyfss$ef5f75c13225322efe0e248f0a188b16e00a13e7e2a22799f0f48005ae484736dd521196eecffbd78a89c30121d79b9f455c2dab007055209eb6909ace11af61,Jennifer Hicks,3,managers,user,False,2025-04-29T09:12:15,2023-07-07T16:55:33,2025-07-24T12:04:37
625,user625,zpatel@example.org,scrypt:32768:8:1$hDKPmUqMlP1TGj1z$8b04630d2005459bb773aee9666c6f8cf5921727be26cbf92fc4c2d772c3f8d92ea04a7558414c20e4d94bdda9c590da4a92904429ca266ae2b1f0d0131ff9d4,Gina Hodge,9,managers,user,False,2025-10-24T15:10:33,2022-07-15T14:44:25,2024-10-17T03:30:43
626,user626,owensjames@example.net,scrypt:32768:8:1$KUIBVE7h4oN8gHpm$4e591e5a30e7c6083589fe5310afa25b33ffddfec70f214edb6eea47f165ffa8796305d09a77e2c72da8392009f7f22cf875b7af7a368b22500d1036a4f78c92,Matthew Brown,4,admin,admin,True,2025-02-27T16:40:43,2024-05-01T13:08:08,2025-09-16T03:51:04
627,user627,david72@example.org,scrypt:32768:8:1$9cTDaWERB5B9QwDP$2fc1293bd14b384ec102cb737827b438f5ee25427b68ac67b32d32813f795a04de1716d271f7fb05be5811c07c8935bc0ab67bcedf451fc4a9ba7b0de57a7014,Cesar Zhang,3,staff,admin,False,2025-02-13T06:30:46,2025-01-21T05:26:42,2024-10-21T01:12:37
628,user628,christine30@example.com,scrypt:32768:8:1$QkwBlvvcw0uz78mp$7ec222f30cb92c8d47ed564f3893302bc8d9f50d30c308ee2daa9ada52312db77275f450a1835bc6846c52ff2f46b1cf5e24f9e2f9f216e5dcd3961f19b9edef,Anthony Ray,3,admin,manager,True,2024-11-29T22:36:24,2025-05-27T13:47:10,2024-04-29T23:10:33
629,user629,maryanderson@example.net,scrypt:32768:8:1$9QMzVcPUxxkS6DKT$d5884b15290828e4b675b73bd95d3ca5bc13438c0db2e399b31d79348833a8050e2b509ce87279d2226dfb89d5e02fddfaeca9f4167d68fd867252240ca84b02,Ralph Patel,8,staff,admin,False,2024-12-05T18:44:24,2021-11-09T18:37:29,2025-06-16T04:06:57
630,user630,christinavelazquez@example.com,scrypt:32768:8:1$4ArL1CpcKQCxJat4$8db42539bdf291c9d89776f71a8701b849cb0b7f5cc5bc198daafc873f76590b3c6c39eaa721d1e7f8d739bcbf3be753f855aecc192f4aad12b83431f3317637,Ashlee Savage,10,finance,admin,False,2025-03-09T21:10:29,2022-11-21T15:59:54,2024-09-15T04:51:54
631,user631,zimmermankatherine@example.org,scrypt:32768:8:1$6YMeNWxh0fQDoXAY$cb0e07045c835e477d19b1263a2893c6542dd8fc98e9ce0fdb094b72aafbde94a54d9d7b587a156a3e9edcaf9673f64ec59326503c45d9b113c2f1c467181a6d,Nathan Henry,8,staff,admin,True,2025-04-17T22:52:43,2025-09-23T08:27:06,2024-10-15T10:05:27
632,user632,margaretharrington@example.com,scrypt:32768:8:1$BIrletBcuadzeOrJ$0b372cfff241171e68c326f0fec8e7c8fcb03b49cbe06b782e4fde7ccdfe79e961de104ba66b88d6dad2e5f4ae7e366653afb2dfc4df5d68b6ab979e0d0f4651,Mark Richards,9,finance,admin,False,2025-04-17T20:47:09,2022-05-06T17:21:24,2025-05-28T10:14:31
633,user633,fcantu@example.com,scrypt:32768:8:1$yurG48j1Bs0rF5x7$79920a5aa328c4724de11116540177c96801f0810033b161d2272c34415b25100fac3e89650436c91c7d929399071367056dd3f3cb4db932e4acf3d1b3c5170d,Logan Lopez,9,finance,manager,True,2025-04-16T13:22:35,2022-04-20T11:57:49,2024-11-03T04:57:37
634,user634,gomezbobby@example.com,scrypt:32768:8:1$EbiCmJtagZi11t6Q$4baff5754caba26f709e77adfeed8fd066661ca192d299b7e8d36e63f1fa2c4a444cfcb9d73b4735a2ff689bd6d6a58ca4c99d58ed4ff705538e1d7a6ef8171f,Douglas Marsh,9,staff,user,True,2025-10-15T12:20:54,2021-04-26T02:15:48,2024-03-23T14:46:51
635,user635,mdillon@example.org,scrypt:32768:8:1$kVoZbCh8cCquTHJi$783d2d49b2be3bfe1c4cd2bf23acab35f01e543ff6b460cedc888819533e7d4e95bbf2a263e9e844be6f18f9accb7d4770df7e1b955787b877c8adb550bf3368,William Haley,7,managers,admin,False,2024-12-15T13:32:46,2023-02-28T23:25:13,2024-04-01T16:53:15
636,user636,danielle56@example.net,scrypt:32768:8:1$1na0SDwI6mHPdg4e$801ecea310ab557803dca24813379a8b285edfb8cd5d05d54e5eed366911d06f9a9c58084cde6de782d605c369584abf7207f32d8c104492524731a7ff3d2d4a,Nancy Jones,1,admin,admin,True,2025-10-20T08:40:25,2025-07-28T19:33:05,2025-11-01T14:00:37
637,user637,caleb30@example.com,scrypt:32768:8:1$OUcklAhKpWRKXjbs$a92e633c86d78390566f8bc134becd7e5da98fe771298668617ea6e16d4b72a7c80960af8cf91d24cfd8657773c7f19db0d7e432b9002d4029cb634cb376260e,Tracey Gutierrez,3,managers,admin,True,2025-09-15T03:10:45,2025-02-02T23:06:03,2024-09-18T06:05:14
638,user638,logangates@example.org,scrypt:32768:8:1$sKzHDAT15Uv0cqXo$f85ec2ad6df1e74d55b6027d57515e34a6f791fe36d6c181c7a48d62bcbe56d017f430699d4023aba0c966c94e9717937847ea97b1d110640cb760e14d0ec6ad,Jennifer Hickman,3,managers,manager,False,2024-12-28T04:01:20,2025-10-05T03:50:55,2025-05-06T18:06:31
639,user639,audreyjohnson@example.com,scrypt:32768:8:1$C0ku7blOzOsAjgYY$3bcbc4af7f9753cb41de7a41031359c219de8671d7c2a4669862783598e3180c3bd1b1f4232b6d8b7b51c4500f22621f600b4901c54963ed693d0c5bb3c8cf5f,Laura Wilson,9,staff,admin,False,2025-03-11T08:42:59,2022-02-24T20:31:53,2023-12-18T03:08:24
640,user640,gthompson@example.com,scrypt:32768:8:1$UjhvzwvQYXQsgGy0$0ae92180e4449a23c4ae8d622428521c4cfb0f56b1a0cfd99292040aad9579f2d25e47a15e56cecced62cfda965196366f24f751a09bd33c02a37288c1ba8911,Jacob Johnson,5,staff,user,False,2025-07-31T07:52:56,2025-04-12T23:12:20,2025-07-03T22:26:11
641,user641,christianberry@example.net,scrypt:32768:8:1$XGgOLYFVe17mUFxW$89f4b58cfc89dae406dca91953f6db26df977418a309c10314de7447d2b03aef98a0f960adfd4b943015f24eb061ef957d73f0da5ce51ee6ab06cfca919cc5ee,Sylvia Daniels,5,staff,manager,True,2025-08-20T07:20:50,2020-11-18T13:02:31,2024-08-08T02:37:59
642,user642,lauracarney@example.com,scrypt:32768:8:1$FdRZOVHsIwo9FsC6$d705950ecff50a06702992200e0c6b10d9a4f8ed3cbebffdb7f88aead292184cf35ec12d95b6fe6b2b0ee3a8c0b6f9aa2785c5e501e0cf9fd4bcad3bccba98f2,Paula Hunter,2,admin,user,True,2025-10-18T21:33:32,2023-11-27T01:02:56,2025-03-23T20:55:10
643,user643,mcdanielmichelle@example.net,scrypt:32768:8:1$gA9o7yJafyzO9431$b73d86f123f5eb03b6cdee0d17f058bb11ab4effd989cf2c6a2ee1e483ba15b5c65910ecda6b4e7e65a535bf73a5297782de1e8c4f8f2b974037ad700a90ca17,Thomas Smith,9,finance,manager,True,2025-02-08T08:16:29,2025-06-24T02:16:20,2025-06-28T17:21:29
644,user644,rpatterson@example.org,scrypt:32768:8:1$P1ZBzFSwqhBoLj4a$9664ae541e9db0dde549e46eabb92b0640342e3d9c28950d1d00522f83218e8815cd55ae3499814d1a05adf437017fadafffd68f9b30212b3a053eeccb20cf23,Jacob Rice,4,admin,manager,True,2025-08-10T10:23:59,2022-11-05T03:42:36,2024-08-03T17:14:39
645,user645,lcollier@example.com,scrypt:32768:8:1$mwRl6qm5Gus0i3kd$9a1dfa1970ced2eae881347f4804d0b0da84b341075f96e44797b588e04780ee32bd0cafb6c25018e85d87612b9da0c9ead3fe553d13cadfebe31d565d5e7693,Caroline Parker,7,finance,manager,True,2025-05-16T12:32:39,2025-02-18T03:46:51,2025-02-25T16:50:18
646,user646,olarson@example.org,scrypt:32768:8:1$m5FlG5n1yXjeR90R$44224d3392cdcde7f5f3bb9694dd6829b4955c456ef1f956b2953d7c7884fc2b0c7f5a2858bd9bd8c30c13d59985819ecca113d044beadc45432ff669142fb73,Brandon Vaughn,5,finance,manager,False,2025-10-15T22:26:03,2021-03-10T04:32:01,2024-07-24T01:06:51
647,user647,amy15@example.com,scrypt:32768:8:1$j3vtVjUtwljcuYXZ$25bbb9073d9574cdba35a774b7193fdfa10d85990822ecc599b1bcf59a87c45d4cfd5bce58eef9c8b16e8daff4b4c3af45cb44bb89f25cf954e0a21f0c1f2742,Kenneth Sampson,1,admin,user,True,2025-07-30T19:23:03,2021-10-05T22:28:48,2025-08-13T19:46:46
648,user648,cookvincent@example.org,scrypt:32768:8:1$6GdEkH0Cl4TqNISQ$d6b878590f943e1c25e2302167ecb04139c585524f43ffd8d83988650cdb63d47cfb24ebf30a6721a04b8cdf30899f6d88b0d928f8a98615fd392f6999587f0f,Angelica Cook,9,finance,manager,True,2025-02-06T02:31:50,2020-11-06T22:30:31,2024-11-23T10:48:13
649,user649,tuckermichael@example.net,scrypt:32768:8:1$2ajLUHZDSfVOfMXP$0c21a791b2255330837216e57e46ed27724b3c52c1ad11c42336b8c69538e42736d18bad82d6cedf7032f3fd79343fbe789e67d005ba176f349940da9c4529ae,Lynn Johnson,4,admin,user,True,2025-08-04T16:35:51,2024-04-02T10:53:27,2023-12-10T03:51:00
650,user650,tammylove@example.com,scrypt:32768:8:1$z6C6JcFJkDCbWKuY$aecd0df68f02396f669d89d4d0ad2fa1ee5a911c90c032b2f62e556f7470ef86f542f67e4c3a9585a5809335d6e0d362bcb175b968ce2cf7d5f7eee864a4e15f,Dana Lopez,8,managers,user,True,2025-08-09T09:32:31,2022-03-01T02:25:02,2025-03-22T19:14:16
651,user651,joshuadavenport@example.com,scrypt:32768:8:1$scz9BNHzXgC54cwr$739b0c8266f4fb7a22bbeb219e6e748f8cb944169c7de9e577a209573f79de860e7d1101bb31902e94025445bb98ceecbb7ff763a378dda45f86afa47131639c,Teresa Valencia,3,managers,user,False,2025-08-06T21:44:30,2020-11-08T05:13:38,2025-05-01T20:19:43
652,user652,brownrobert@example.org,scrypt:32768:8:1$IoxnwrxNEvgIXjA5$df348a3caf032828534e6f746a45fe01f63a84f2b5c4e2b425584757b5db04f773a516c35e5fa4a49d953795d8d01c309a3d7fd2939a47c9944301d4987c5539,Brittney Foster,4,admin,user,True,2025-05-15T12:00:53,2023-10-03T12:53:09,2024-07-21T04:14:41
653,user653,williesimmons@example.org,scrypt:32768:8:1$THAcbX5VLCcmRmQb$5ab84f3d2e324c414bf5130bb68a1f598635594da66bd4cb035e0784450108f3698ab6d5e0b027f6cc7a4cd62b85f3b2d1384c09f3a8df9a0e9381fc9da4b59a,Matthew Crawford,2,finance,user,True,2025-09-20T08:59:26,2023-01-17T01:19:04,2024-02-10T09:41:00
654,user654,wmeyer@example.org,scrypt:32768:8:1$WuXEGYDCyWCfERS3$d0af90b9ec86114d724cdde2a0d001794199a913d91849d5feb38d7d6957efd34d527e3aef8a7b74437664754ddac5a1f2db8861246fc2b0906a71d1a20354f2,Michele Wood,1,finance,admin,False,2025-01-14T08:29:48,2021-01-07T20:46:41,2025-01-22T15:36:42
655,user655,natalie19@example.org,scrypt:32768:8:1$VyW8kNEfhC7ryqer$c80be673eea96e10138703545b09ab3db3d70d08a3a4a9a7b3b7d17edb03c38136861c1b839c3cd2c6a8af7bb032cbba0cc4c29f040bfe4154793ba11137778f,Patrick Phillips,9,staff,admin,False,2025-02-06T16:25:13,2021-05-27T06:04:11,2024-11-30T19:07:01
656,user656,jneal@example.net,scrypt:32768:8:1$L4MMUVNiBECUD7bv$afbc9bb35d6e217103dbe1f593ea128afb767978ba397fde4ce49834f7695e8a8591925a09e1e2fc33904c00152e99353747cea415ba1660d89c6f825d1c560d,Joe Wells,10,managers,user,True,2025-10-19T06:30:04,2023-12-25T02:41:13,2024-08-04T01:45:37
657,user657,melissa02@example.org,scrypt:32768:8:1$q70FEZijAwiaoX7O$582f8d9973b697594c0d39e84527022106057cb66cfac7a29b3bc31e4764b8b76ab078168d0f2c7f18491d0527d06a8b39cae67bf2a3f1eceeb1a853f7f501bd,Becky Hartman,7,managers,user,False,2025-03-13T18:37:52,2024-10-08T09:31:10,2025-03-13T18:30:32
658,user658,brandi49@example.com,scrypt:32768:8:1$XmMzrm3EEbM5IFBJ$83793bed6cba72d1eb31a10131ca741df3bd3cf3475ebd2661fdc769dc073969997a09abc176d8f5b8c6d993afabd1dba80ab068f036e35f9cc71b44e686f4fa,Adam Patterson,10,finance,user,True,2025-06-12T14:45:11,2024-10-29T01:23:57,2024-04-07T19:08:16
659,user659,vnavarro@example.org,scrypt:32768:8:1$UBvlOathzOvOxVdr$727a3a0772ff709417ba308d7d40c14928756dcb00cccf482df820b3e159621e8c5eb9f16dd9e76cb352e958b91d48c20b87356ae425f4d663fe6fbcaa5b5ba1,Carol Robinson,4,admin,admin,False,2025-05-09T16:34:53,2025-08-15T03:03:53,2025-03-02T18:01:26
660,user660,ianderson@example.com,scrypt:32768:8:1$clcowm6M2TskeqfL$5a34637b3f6d190890f2fc244e28eda3914d96e0e09884b0a8691bd7f5b4c082716784ea147f25dec0008e83011845b3053092ede5411b8476d6cb549f99e802,Katelyn Brown,7,finance,manager,True,2025-04-24T11:49:58,2022-05-16T09:36:07,2024-09-19T14:42:38
661,user661,halejamie@example.net,scrypt:32768:8:1$Ckaq89kWFeSRhhXm$568e634a56e83f5b715b606a6a32e452dc2a79cf6f7a52d307ca55416b2f3b809ab2c612fe58ee00ab415b3a832fe422c73c81d7b087562f452bca2639759307,Erica Jenkins,2,finance,manager,False,2025-06-30T14:17:13,2024-04-25T15:52:29,2023-11-22T09:45:18
662,user662,ddennis@example.org,scrypt:32768:8:1$p3QbQFUgYhkN07MJ$b07305d3bef083d3c55c9434d9f4a7b627bf539b1f0fb54e337f612c91f5082c9354fa77aba027fa4a94247ff532229f00881a0d5aeb6f12b3c0773bbd666b2c,Connor Jackson,2,staff,manager,True,2025-02-28T03:03:28,2021-06-02T21:01:05,2025-06-09T03:12:10
663,user663,reeseryan@example.com,scrypt:32768:8:1$NWw8QsMJhMkxRrLh$55031c6223368f0a1afd1723213bf19c8b6e8cc45b3267bde77c337f64c2f39658c845e2218d859c47c92b15c6eee26a5ee6af344bd5454df06d5cdbaaca6f9a,Jeremiah Mullen,8,finance,user,True,2025-02-17T04:45:20,2022-05-07T02:55:54,2024-06-04T17:41:30
664,user664,wilsonvicki@example.org,scrypt:32768:8:1$4hW5vH3CxZP6idQW$3052281675cdf3ca8d6b84d88c58b3866b6540e31851b0bae269cef4e60cb6edda8b40a677d67d1815b165cf1020def6345129a95a3368044d0e9a4f267496de,Mr. Michael Morrison,3,staff,admin,False,2024-11-17T02:55:58,2023-05-22T04:29:54,2025-02-28T12:45:04
665,user665,kimberlyaguilar@example.org,scrypt:32768:8:1$4NAF2kqOsBE8PqJj$0efa224817897e9058af9e8c2a4569dc84c5b64fd5edbf6f87e2878fbbd6df37528d6ab375a6752e894e89008bd1e6feca1688a76eb4a0ab51c610bf1b72531a,Lucas Marshall,2,staff,manager,True,2025-05-09T23:36:40,2025-09-04T16:03:47,2024-06-19T05:58:48
666,user666,sandystrickland@example.net,scrypt:32768:8:1$M9Z6a0lcLokGGLvX$518319632729ec971ac58b899c50700adfec87c8339cb46acfd138a8a9b59852c31d6aa04392b3a85245b107f53b8bc13b314b11415732f8e642afbd1ac490fc,Julie Mills,3,finance,admin,True,2025-02-06T04:13:07,2025-07-24T03:35:54,2024-10-09T14:54:06
667,user667,cheyenne45@example.com,scrypt:32768:8:1$WAYCf5N9p0yp6cBT$4bec7552dabb46878b2a3ac8d62a77a3df8ca6145a4f82f0aa18a1ea5ea50b2d0a0efb9122234ebeb1cfbefff54bc89e4dc44c332477d9c9f3a5c98014892735,Christina Brown,4,admin,user,False,2024-11-14T10:06:54,2023-12-12T13:13:49,2025-03-29T21:58:18
668,user668,pstone@example.org,scrypt:32768:8:1$BNRW0FfjKmUCQMSA$e6f2794eb4c2216589d7e0f80e8ff09fb766b4d028d854d644f67352c094ac1fd258528e3ac03d6d8874cd1bfd7536569beb312275caf3b6f0f0e274ddafa7ef,Wanda Thompson,8,finance,user,True,2025-04-06T23:30:47,2022-09-04T01:19:49,2024-11-20T03:33:20
669,user669,meyersmark@example.org,scrypt:32768:8:1$zfve2Pc9FDk7X9wo$c0f704ac07b7786fb66355715030014b3dd2eab41b623ccc4837c131bf904d4aad56a3ad41b187fe30cbb5bbab9f7bfc402a1ac2b17210238e7afce5aaf51b93,Devon Scott,5,managers,admin,True,2024-12-24T21:39:03,2020-11-03T03:55:21,2024-02-26T06:25:49
670,user670,imiller@example.org,scrypt:32768:8:1$VauT3Nce6xLwdcHp$84b03557a898a7e3f8aa4b3bf4fda9632c25e9702afa0f5bf603dfa0b2e40dfc0d1a63d15cb4981b1983f5449404f23b9881aafddb8d572321e35f2256b1de71,Christian Clarke,6,finance,manager,True,2024-11-21T02:52:45,2024-06-14T07:58:41,2025-03-20T06:30:50
671,user671,andersonjeff@example.com,scrypt:32768:8:1$6Wx5yCitrl039xXy$711ef1b50f3f8f61680881af1f16e1bfb9d583b4866476c91e1d93c0cbf96986c15439de5e5a6ae99641b625059ba8d766de6847c7d111074c83cad75ba51d45,Kevin Carpenter MD,6,managers,user,False,2025-01-04T22:10:07,2024-01-10T13:03:02,2023-11-13T12:21:23
672,user672,jobrien@example.com,scrypt:32768:8:1$jcCPXWjEoJ1wXkji$fe7a8a386ef69b633f4ca6750b8cade43bd92ef7f15054acb5d16ea4ecc6acc2d895b723131c4b46eea32dc02b15916a34cfcd3c8667ae5dc228b3c90aaab1d5,James Martin,8,staff,manager,True,2025-01-18T10:21:09,2023-01-12T09:37:44,2025-04-27T21:43:06
673,user673,maria46@example.net,scrypt:32768:8:1$xVUQh4UGrNzi8DYj$f86df62dc2ae3a9de7a29d1818ce16e48ef2d37f136b5800fc8286bc422a90a08240bb948f9ba9245c0c03e7f98653f04fb680bfb53512eaefd307e9fd184977,Amanda Hamilton,6,staff,admin,False,2025-10-20T09:09:46,2022-01-25T14:03:43,2025-02-13T23:08:27
674,user674,rasmussenmary@example.com,scrypt:32768:8:1$joQlEmOygfQKJUXv$3b78b0ee19f0e5be5abab5740f8b86515c74194fb1aecbd3b1b916bbe834350240f3c1857142b023e9ee67de22c932aab4a7213750b7647a563c9d8eabc4892f,Heather Duffy,8,staff,user,True,2025-10-25T11:14:58,2024-05-10T07:09:54,2025-10-12T23:31:14
675,user675,suewallace@example.com,scrypt:32768:8:1$Xs5430qgvI3Aygox$2c2d09bbf6da2847874ca25f0ac5a32438667f1e6ad4d96996d3526104c558419e54f98ecb13060acada444c542a4ef18e1e7ece7845e24d9866a29778bdd3be,Sean West,9,managers,manager,True,2024-11-21T10:17:38,2021-07-03T17:53:39,2024-12-28T08:08:47
676,user676,carolyncox@example.net,scrypt:32768:8:1$rSvGc9gZT79o28bb$b6cd03223da6aaab8009bc32e196b3e7187b4a016a913febbfbc8109ac1b5fcfc0197d1d4abeb5f36c338f5aa079f143299c9bf47ab059a5089500b0ff5759ce,Jermaine Mack,6,finance,admin,True,2025-06-04T20:13:28,2023-02-22T21:22:54,2025-08-22T05:44:09
677,user677,bgriffin@example.org,scrypt:32768:8:1$lDEzd43v7iR5TLIl$ae4db348bf8f278a09854bbcfeadc213e45ece4bd1b45cd91eab4c2956f57f4ed1d70d13c9c7b37998a6a03940b9d60dd6c98a569646e5bf334d6df3db9d86f2,Terry Massey,4,managers,admin,False,2025-07-15T21:46:22,2023-04-24T20:18:44,2025-04-27T15:01:22
678,user678,rachel27@example.net,scrypt:32768:8:1$MoQuKXpEC1AlyMUT$4cabccbcc837fb56679f07b2c749d926b50fff1adab7298ec66594205e4055200bf73514098a4c15d57e83538a824f03fa5846ebb990ebba0b52c38b72c5cbd7,Tammy Estrada,7,staff,user,True,2025-07-24T09:37:03,2025-04-15T22:46:54,2025-04-30T19:59:47
679,user679,gmiller@example.org,scrypt:32768:8:1$0KPxyVksi1KKiP1d$312141c4a152cd0c4e15779866e1172220371986f55ebd4e2ec18bf44b5e721bdbd25837d717338284dfd156eb7c28769096d68714164837efffdbdc3f90f7b9,Casey Gonzalez,7,managers,user,True,2024-12-10T15:36:58,2020-12-17T19:46:06,2025-10-31T13:24:01
680,user680,meganvelasquez@example.net,scrypt:32768:8:1$FMhE8SD7g5Kgn6o9$4a035a3fd3ba3ac763efdac9231af0f0f40185fbf3887e57fd1d2dc09eed992919525c975e40eb2dc33ecc5e2edd233a74c408de98b14005a41687b66eb12399,Robert Martinez,9,finance,user,True,2025-09-28T04:11:15,2024-06-06T20:15:29,2024-06-19T00:44:29
681,user681,saratucker@example.com,scrypt:32768:8:1$fp7XVauBTtfc4qJ8$85fc104a9b8fc089b77d645b2653934c1547bbea8e351395e79ce064fde83fa9f96c44dc884eb757314d7fb9152a5db40a7cf7b2f7552cf28ae2e11ad896207c,Robert Fox,3,admin,manager,True,2025-01-20T02:48:07,2023-04-23T03:32:39,2025-08-23T23:37:44
682,user682,vpark@example.net,scrypt:32768:8:1$MvY5QFn8hl7QV1ff$22fcc8abdb59c9763831d2ed0ebf0b588fcdfd414f54bed676a4437c357bbe818a3fa5b59dd8a26859fb9b7b1fa4823944ee5b1b6d138efedde5d33f2e86394b,Erin Douglas,6,admin,manager,False,2025-01-24T03:44:40,2025-02-09T07:40:19,2024-03-21T09:09:43
683,user683,ruthnavarro@example.com,scrypt:32768:8:1$MELXCRNdqaA8VXz8$13066e6460847516188b18d7e4d7b4dd14ce0a1460c8ab5cf160956248fe2ce776d200eb6f3dbe1138fcb3048e1d663ac1d2288e632846513a97f020ea704609,Lisa Taylor,2,staff,admin,True,2025-03-18T15:03:48,2021-07-25T04:08:10,2025-08-25T09:57:48
684,user684,tammy61@example.org,scrypt:32768:8:1$5bM7oNeO1Fv6yPsX$45ca47415455f2d1fa7b4792d53a90bf431e5b34e50a66866f0ed08462aab98ed7df1d608176df334450c6c1b1483f8bba2118f6c170f493d5c1105539e09738,Jonathon Ward,2,managers,user,True,2025-02-21T18:56:29,2022-12-27T23:31:51,2024-10-09T17:02:08
685,user685,charlesnguyen@example.com,scrypt:32768:8:1$3425C1wvUSk71zQT$471bb38749d50eb4020537ad3e093877f291cabb5703200be6647a71c7d3e261ceff5491be615ec054d0d94f9393007ee29d28507a8bc89e3314c7d1988ad113,Mark Henry,10,staff,manager,True,2025-03-03T20:47:58,2025-03-21T17:54:26,2024-06-09T11:30:59
686,user686,joshua88@example.net,scrypt:32768:8:1$Etaq0YzLoxcGCyAC$d2612f2a98ce388de5108aeacf5e73298a07dd41af94c0a47d20f4924b6dc529a97a9504954cdc240d2e34b628e0d0b5c9a3568ac06b0c6a7e06ab76d9ce200e,Joy Conner,1,finance,manager,True,2025-02-02T21:32:04,2025-03-22T02:21:44,2024-04-20T09:30:02
687,user687,smithjames@example.org,scrypt:32768:8:1$VEfnJZFSIBYRxVly$1b85b67048735c25e801ee1c4ce6c5e518706362e4792e49b3a8aaff892acf12a546d3af5d71cf47a132d9817b3d1c5cf85a5c96784b35239c6df63a3ef4d9d2,Ashley Martin,9,admin,admin,True,2025-10-30T04:58:05,2022-07-16T16:50:16,2025-04-06T15:35:53
688,user688,cindy07@example.net,scrypt:32768:8:1$g0IPeYgDjRFMYNBR$eb481acbb214466a1aab775f1c703c069ba85dc4c0a0ce5275c9d958481045686920ddaac337c76e25a720dae046b993c088af73ce06f8fd3f0f9e2d401f1f52,Edward Brooks,3,managers,manager,False,2025-10-09T13:51:03,2025-07-21T07:48:57,2024-05-03T05:15:49
689,user689,sean02@example.com,scrypt:32768:8:1$QHoxnP105gyHxJFO$f36291deef8f2e7a0684fd1d5b8c4f8141f6db627d9f75be5c24cf2888ee07ef03dcc5f0ed425808dccd95e80322ba4872bb61beaab7e6af69f0344b3b36c3f0,Traci Martinez,2,admin,admin,True,2025-01-18T09:26:53,2024-10-09T02:24:17,2024-12-22T18:36:37
690,user690,michelle90@example.org,scrypt:32768:8:1$2nKdpLbQbWF8THjX$e5b68bd906ed2af4a9ef5d118ed6fb03c39c93a06ae557d104f67b88d3d1701499cf4529a2da389cb6c7bec9fb6c575913c64dcd8db018da9fc42dc7639070cd,Sarah Watson,9,finance,manager,True,2025-08-06T16:15:11,2020-11-19T07:29:26,2025-03-11T23:05:11
691,user691,thompsonmargaret@example.com,scrypt:32768:8:1$YZJlxMrLfR7kBCl2$d54524f109676dd054cd5236e9348e03e0f9b7ce69d92fc8fe4a1a5c61406518bce99553e9b3abbee9127c1c35e42cd32a57f8e13242f6a3632196ccf3a92d34,Michelle Weber,5,staff,manager,True,2025-05-29T09:05:57,2022-10-31T15:41:52,2025-08-09T22:08:13
692,user692,janetjenkins@example.com,scrypt:32768:8:1$bP85fPlWo0AwAeWO$e9867932d3d789f551985dc7dbfab91971df62731c933a3672eb6ea4480cede4e4db5988f6b17b39e3aad0b8bd3a404be27c39bbed4678e57f4cd80f7a16fbd0,Michael Stevenson,3,managers,user,True,2025-08-16T03:44:59,2023-06-15T16:05:48,2023-11-11T18:18:49
693,user693,emilyperez@example.com,scrypt:32768:8:1$DLEMWoz9yhDxeESj$403f15c60cfd1eba4006c8f111f34097bfbb32725030470ec78319de3d827b9fad0fa55319c7b311f0298b92141495999f17f95e065632eaa3cc3cb0a36a3ca9,Megan Perry,5,staff,admin,True,2025-10-09T12:12:40,2025-01-16T19:26:36,2024-02-02T02:26:40
694,user694,zfisher@example.com,scrypt:32768:8:1$Q1RyJfTzZkIWWY4a$4e0bf4e76cbf3b5e7d844268dc33ca1b8d29babba8095b8c0989e937c3fc4376a34253ba1eb182b26500e8d1b8a67003ff639a9e5153fe9e1fe912e13ca01c7b,John Watts,5,staff,user,True,2024-12-31T07:25:41,2021-08-21T18:16:51,2025-03-26T17:48:24
695,user695,clong@example.org,scrypt:32768:8:1$qeK22eJDjqhXcrJd$6b49b859c53c9e21bcb329fa2023ed9427e60b73b74f18639c34922b913646e102a06766223e1da65533f67b378f512507327286c91d14f138028a8d8e5c7083,Michelle Johnston,9,staff,manager,True,2025-10-14T09:57:13,2021-01-14T05:53:34,2025-09-08T02:22:11
696,user696,christina71@example.com,scrypt:32768:8:1$6pkt6ZQUgcLKwDAu$18bca7f4a569c286f9d040b4f32551ac7e16e5bd7c77746baa47f8e1e1113a06a9521d0b63e57949d4902015728910d4ea37a64aa6c73ff0751c2bc4ff7f53b3,Sarah Johnson,9,staff,user,False,2025-04-13T12:47:12,2020-11-07T23:27:50,2025-03-24T10:29:02
697,user697,waltersmarc@example.org,scrypt:32768:8:1$Fp0IEWvWnclwSsDA$f3816b38f38b2a7f99c9d8434db52df637df13908370fbd62af28468b6c2cc69311de2ce84db5a789b3aa6b8a5b00db9f84d9f92a68f0839387616654612a999,Michael Baker,10,finance,manager,True,2025-01-27T03:06:06,2023-09-05T13:38:22,2024-08-28T18:42:21
698,user698,lisamorales@example.org,scrypt:32768:8:1$50k16nEOPWZI3UcC$14a6f2a2d49c8b74c83c19ce0c0e158951d8999aed83823fa1e7b533d492d0af7049297a82ae73fd810fe3c604ef7ca3afe0a54b123937fc1e38a5e90d411258,Karen Mckee,5,staff,admin,True,2025-09-11T13:02:26,2023-04-09T16:54:20,2024-06-28T13:49:58
699,user699,acollins@example.org,scrypt:32768:8:1$JpAKwF38hAjzPJWH$fcbbf6d3f9bfa8cad26f44ebe79b3c006fd34c3db39a36ab3426614c7702aac1120a7539e0a1ce2e1222139c6aef665656c525412bb4e081f42cde9a0581f7db,Mark Decker,3,admin,manager,False,2025-08-25T19:21:40,2025-06-11T03:37:25,2024-07-06T06:46:38
700,user700,meagan36@example.com,scrypt:32768:8:1$WjjbueG6aH4Yvdt5$f7bea3b622d7015554eb58f359f5549fa0a1e870dfa7c0126b607b9fc668d91c392105bcdff465e617b5581b8a9f68446595a90e179a81c90d52dd3886ed19f0,Edwin Raymond,6,managers,manager,True,2025-02-27T14:23:22,2023-02-15T20:59:42,2025-05-07T15:26:50
701,user701,john02@example.org,scrypt:32768:8:1$zHu9FjjIY9M3lhm1$1910e01671cc3e9dfab2ee1ecd8ead545f073883a00a5df01988946c142dcad9a4ac084fa709ee4ad7a01e4fa800e1f89a17a243bb97e7084dac16480bbc29e7,Kylie Ryan,2,staff,user,True,2025-07-30T15:12:09,2023-08-11T11:23:06,2024-11-22T14:33:49
702,user702,bescobar@example.com,scrypt:32768:8:1$rMIEq9Zf8VwQhaqM$51f2c53480d13661b7cfa8a02eaf8b2d15aec692e500212bff6719c91288c35b862a7de9d22f4eb96e53f214a3be308703701730118cc681063188a71387eff2,Sarah Palmer,3,staff,manager,True,2025-04-26T18:24:59,2025-03-17T10:50:24,2024-06-13T23:14:38
703,user703,vrichards@example.net,scrypt:32768:8:1$fX7RCIxBHumWtBYU$a844bd110763f8cde398dd77ebf99e1f979643fee00f2f070b71406fb1343ac418f84713dc4d912fbd2251de618196c8cf09723068a6dd251e39279dbc7a3813,Hannah Tran,4,admin,admin,True,2025-04-30T03:44:26,2021-03-28T09:24:04,2023-12-12T12:14:03
704,user704,nicholas39@example.net,scrypt:32768:8:1$aXL4qNVjcXZVecWb$53d88f747737c359c547f7389953033db3df435d0b8b279999bf8cb4846719fb9ca3b84ca2ef871ec2c92704221059e7603ccb9701b5834dc96437f164a548a4,Emily Smith,8,staff,admin,True,2025-04-25T00:35:55,2020-11-28T21:05:51,2023-11-06T03:29:32
705,user705,ashley49@example.org,scrypt:32768:8:1$jhRvqCbLQ0wNNqXe$672c35987881c4ae11cc5077053f77b333036952c83f7c88a05a189010ea3436b615ebac17d937d44f860b344641085f697a69cc45208703e4f8730b19a0e60e,Antonio Conner,7,finance,user,True,2025-02-23T23:16:40,2024-07-19T19:29:04,2024-03-02T03:20:40
706,user706,ramirezmichael@example.net,scrypt:32768:8:1$HyUV8F7Y0vLKJs34$4944e6187db053a64bceb0df25d0964c1e1a1ba041b3c3e8d57b78a5b8a2469e21a8ac9e76fd35a19744fb180e2aadf3212af84c61694f485db63eda49f0f852,Kimberly Scott,8,managers,manager,True,2025-07-12T17:39:50,2022-04-02T12:38:20,2024-08-29T12:51:00
707,user707,nwilliams@example.org,scrypt:32768:8:1$CFKVkYKPxtdAPtgK$2b7141211ca00c72b22e2b69a708eef8256ab953738e7db6e0879e5ec8898b668379a17c846d41f3bf5d757c23f65c543d4747b5639049df6dd5746b26ae814c,Michael Anthony,5,finance,admin,True,2025-03-01T05:23:33,2023-02-22T17:30:19,2024-08-27T12:46:06
708,user708,jennyavila@example.com,scrypt:32768:8:1$8tXp4PKfCPdbCJFo$53f8c0dfa34fa44b0dec24690487a10042110ad5848f3842a636db6d04481a31639de8ebb67f67963881cf64344f294a1802fcaea9adfb884560d5c33d36cd03,Lisa Reynolds,4,managers,manager,True,2024-12-25T19:57:06,2023-05-31T07:36:59,2024-06-13T15:36:52
709,user709,kruegercasey@example.org,scrypt:32768:8:1$VeXfV6qfpZsNwYCo$a67cebcbb4a33c30312ef7e865e5e1bc7ea84526d9db0da5bf85cc2709cc9b0fe54d157facc4a82fe181362eb8c02bab6b150d085d31a65909d30386b4d50c65,Kevin Finley,10,finance,manager,False,2025-01-11T17:22:34,2021-09-25T19:39:48,2024-07-01T20:08:43
710,user710,ryansherman@example.com,scrypt:32768:8:1$tC8eJYr6EIG40JpG$f201b4475f1656231a15edc2f321b179339cc7d03d345674c5342fdb2fe28a625f5ba3f13cc177b86754a56ba9939de88220a1a6f349bdd53a1c1b7cb72f8de9,Krista Chen,10,finance,user,True,2025-04-26T14:06:56,2021-10-16T21:16:35,2024-01-21T03:24:11
711,user711,bferguson@example.com,scrypt:32768:8:1$vepQlCzPqcB5qKnL$5f408b5b6e1699e933b5d437f4922fefbed5391c4205e9a29777134a02dfe002c3dc103008511513103e455dc17a208e45c4e043f44dd88b3f794f3a709d42d6,Amanda Roman,4,finance,admin,True,2025-09-12T23:27:55,2022-02-06T08:44:13,2024-02-18T16:15:48
712,user712,dyu@example.com,scrypt:32768:8:1$XmObR7qk34UJrmR6$7fc58832319c594d56bb3cb57a05f7f5555fd197593cb30142b97c443df99b960c10feaa22fc004854194c695633b7dd0d901b5e1726a0071750737cb8376675,Paula Tran,3,finance,manager,True,2025-04-04T21:06:30,2023-05-07T13:42:17,2025-04-16T05:01:37
713,user713,laurie59@example.com,scrypt:32768:8:1$CqXZg69IJmeRxvtp$9ef8dfb154df77749bb9d14e62085eae1ce563b51122cf955cb6fba8a3d180004bbf084fdcb3dedfca2660e582131911f9f543a55ef677575d33f30c8c927d94,Luke Hernandez,3,admin,admin,True,2025-03-15T15:57:36,2023-02-19T23:56:44,2025-06-29T17:38:34
714,user714,warrenderek@example.org,scrypt:32768:8:1$cvNSiFxEnvkDrfsr$703a136edaf4aaf8e5b6890931632ceb6caa956cdb76f10bac7327dbcdaf9ffc36e6e1a8fb46e64b5c986d8b09fdf87ebdbd2bdd00554e6cacd4bba1b11e31a0,William Wheeler,2,finance,admin,True,2025-06-13T21:25:20,2025-03-14T05:54:14,2024-01-27T07:44:49
715,user715,conleyelizabeth@example.com,scrypt:32768:8:1$HH5an24KtxmvJxZZ$48882d724ba7f20e98f13fc3c85140ad185eb340576853ba8d5e9fb35e4e68f5b0aeaff9c1d95184cf2ce58c2d02883aa15677d61d3dd373454b339ef12385c9,Kelly Cisneros,10,finance,admin,False,2025-07-23T22:51:22,2023-12-20T14:14:00,2025-04-19T17:52:18
716,user716,medinaroger@example.com,scrypt:32768:8:1$ASMY2VzJSFq2gL9G$670286affc8fe2f9c6ed8e5ac35666862dcb224db8ea35f410d65dce9afef2956142a8fbc8a17e935c1e719c8cf7b625e738244eb433ce39be1a3fbd3aa6746e,Lawrence Brown,6,admin,admin,True,2025-02-21T11:05:33,2023-07-21T20:14:34,2025-07-07T20:42:57
717,user717,mirandacontreras@example.net,scrypt:32768:8:1$7S5sT0lbu2wHihOL$f05086d8c2bf338172d632eda9b286151440da67da0d6eeba786c24a3fe4d937f60235d45b2627cd623095cc2d6bc6c11d2c93cf6ee04d111078e17ad43961f7,Terry Brown,2,staff,user,False,2024-11-05T18:04:05,2023-05-29T17:12:50,2025-07-19T07:54:56
718,user718,ugonzalez@example.org,scrypt:32768:8:1$HD5uotEtpG1AaMOG$6e79c8d641d93a6935390df9a466c0109f92c1d3713113f25bed8a092c5a3242588de1957487088cb63460c9c500149d0b214b977fb913f87c257aff20ddb392,Crystal Singh,4,managers,manager,True,2025-10-30T18:19:39,2023-12-15T22:44:42,2025-01-31T11:28:10
719,user719,martinezelizabeth@example.org,scrypt:32768:8:1$4LYthUhAuOHHUk2w$ccbd0c742585e5b2aa13c19df69c735cf385cc9c6387f21f7f299268a49ad21d58399522cefe9b1320d5a25f5dd82e604e6ba26bdaf07b57917e65f2083d596d,Brittany Mccarty,1,finance,manager,True,2025-10-30T17:31:51,2022-01-19T22:44:27,2025-03-23T01:30:44
720,user720,hallmark@example.net,scrypt:32768:8:1$t1UIoG5shGZhCLoe$840437fd65469be8f56e3592f93ebdcc6d57dcc8c0abbcf5e103bc3ec76a2964e7c35fe45cade5d736cf22b0c7f5bc06c650bf723bfcdc821e81ac24c7add631,Elizabeth Conway,3,managers,admin,True,2025-09-06T11:42:48,2023-09-20T01:07:55,2025-10-15T21:49:00
721,user721,thompsonrose@example.org,scrypt:32768:8:1$KkFGtFRZKAeFJtkL$39a2f3b67af54aee542b4fb2ef865851a17cc97373f2918a96f048d83446193fb3ee686e8400023e29307a66fd6a449c359531bab6de043b1b129030b8e44947,Carlos Schneider,7,finance,manager,True,2025-02-11T18:00:09,2023-02-13T20:24:52,2025-01-18T19:32:43
722,user722,hopkinstimothy@example.org,scrypt:32768:8:1$RTiMy4DRiX3gq9xB$0795516352c893a0a120fad5fd2d61abba88d614010e402be945b749ae2a54c7d664b7a72f18174c0ed86dc0fb656b01379398aba0599f00c747ad7988bb95a6,Molly Smith,8,finance,user,True,2025-01-18T08:17:04,2023-04-01T01:23:17,2023-11-03T09:33:56
723,user723,hamiltonamy@example.net,scrypt:32768:8:1$9OHrUSdKSSHfM5V8$a61ec90de37ebc5678b827272d5b9b90b032ea4951bad762f746cb5bf6aa7ff5657dd7aeb79ba5a37a4bc64609a6df36c0e00a2614be45c320786f0ea2412e2c,Traci Richardson,2,managers,admin,True,2025-04-11T00:00:09,2023-01-22T08:21:44,2025-08-14T07:34:00
724,user724,brooke19@example.org,scrypt:32768:8:1$OCDlXekbL4JfRhIB$a62e660c699f64fdf3555e6454f10a6534dcb13d8c7fbe0f96c70bd3fa32690eabb7fbff3540255006648979e516dd02dbd69dcd76a0dfb7df590bbbc13b5b61,Juan Gibson,6,managers,user,True,2025-01-11T15:37:34,2022-12-21T05:20:12,2025-01-24T18:47:57
725,user725,ahayes@example.com,scrypt:32768:8:1$KF2hMpDs2wxSPK0P$30b63dcf30d0cd1aad37c18082dc8d4a6b0268317e1fcdabc5183a657edb8acabef47f18293b2818b5fb43a413e6a912d484f9f12ede383bf0a320e2678bd20c,Alyssa Coleman,5,admin,user,True,2024-12-30T23:08:20,2021-09-29T21:41:09,2024-07-09T07:18:44
726,user726,iramirez@example.com,scrypt:32768:8:1$WjFB5sjAb25XmLrz$4dd4ffde46d525dd3b862bbf36c646510c757e0f81d5c5ca35f9baa4c2da5719e8a8edf5906b0f0c309ae77965bdd80dec958ae5d32c7860f873d494b929cbed,Amy Taylor,8,admin,user,True,2025-05-13T06:04:00,2025-03-19T01:11:05,2024-04-24T16:29:37
727,user727,vblanchard@example.net,scrypt:32768:8:1$CHg3hmGFHlP2mbhV$6246730b7650b92b35be3b0700df410664d1b40a5bdf01a3540c6f4e7a89ef2a9b94eee79e4a41be82b03b958f5d9dca4575596571e97d7c3694f368328006dc,Katherine Ramos,6,finance,admin,True,2025-05-20T17:26:18,2021-11-11T05:53:19,2024-03-25T06:42:26
728,user728,ramirezscott@example.org,scrypt:32768:8:1$A9n9KLZmR6JcZymu$3ea0f90f009b39bf7eab188778f262e7addd9a829909ff7e913e91f5d998ce998a8749db22fdad7b167c15ffec28d7c34d959767e18d05e8c53f45d05bddeac2,Amanda Mckenzie,4,staff,admin,True,2025-09-05T00:35:30,2022-03-08T23:46:47,2023-11-16T14:30:25
729,user729,ycarter@example.org,scrypt:32768:8:1$xt2l81tereOD2iVL$e7284fca570eff0d5e6704f4c2461f6cb84464120fb99bf7d001b7e2c5bacb844b7d209da73de70a5bf1ed9a6609bb906e29997ce67a74f1e40518fec5c62cde,Cheryl Perry,7,finance,manager,True,2025-08-23T01:34:46,2024-12-22T09:44:19,2024-07-26T09:40:10
730,user730,mooremichele@example.net,scrypt:32768:8:1$nbRab4HlZdVH3lJE$7c1ba10c936e709142b0c8781b23cc0aceb9f375dcd6399496aacd8cf5b1f51b0bb1c8f6b67432a292fb73c59309b72f430c77fa908410a905ca3a60c835b9f8,Juan Pearson,7,finance,admin,True,2025-05-31T23:53:25,2021-02-14T20:49:02,2023-11-30T22:01:26
731,user731,savannah13@example.net,scrypt:32768:8:1$VZbxD7TaInnU19Fl$abd10e0d722209e14e3add73e215d4a5480274d4f0d1cf5a68c4c25173eb40d8cbe7408a93fd8eed446cac822a52f43d26202cacfc44689afafbe1039477e59f,Christopher Green,7,finance,manager,False,2025-10-24T14:21:31,2024-11-23T08:35:12,2024-02-06T10:01:33
732,user732,derek04@example.org,scrypt:32768:8:1$lGscLHvhCI9QKiVx$7bc8c252cdbf400bf26b796e4b8aca70d43884c8adecb9b4177736eaaa4862588f631c48630dfc62a5765782b07c00e09145f2379d3f30a2ca9ed776c40bbf2e,Jordan Stevens,10,admin,manager,False,2025-03-18T13:55:11,2025-04-10T13:51:10,2025-01-10T00:19:42
733,user733,mary86@example.org,scrypt:32768:8:1$z3SVcexn86c3vBkR$50bf25408e4606d06fa5988f1bed063f2daff38f1ba0a04b18cba3cdec0fbcce54d469a0bb37d826a8383f6f6bde89197478a9d5c3f8011044ccf0d877d721c7,Jennifer Larson,4,staff,manager,True,2025-05-30T17:51:00,2024-09-23T00:07:57,2024-06-16T02:37:39
734,user734,dorseykimberly@example.org,scrypt:32768:8:1$Wi7hrDRUpXvjRoht$7d1e6cb6d492f20416ee255f8d86753e6e1a5fca486da1102d7b1c03ddfa9dac9a9dcba65f465993108234d0eda8bf6dabbb7f9d73da729b41f24275b60ca93c,Jeff Moreno,6,admin,manager,True,2024-11-22T22:57:42,2022-11-11T13:53:15,2024-12-25T20:11:59
735,user735,davidadams@example.net,scrypt:32768:8:1$Jy5MSPyNEQDncEWT$dc6f3a967fe0da762b83ada354cc01f79e759cb4972bea7e88e4391a29ec5408cd1a656c8d1294128703fecda2f01ce35b19ec4b2db66f44989208593cd51794,Todd Jackson,1,managers,admin,True,2025-10-14T08:33:23,2025-01-29T21:14:59,2025-10-12T04:38:49
736,user736,ramosalexander@example.org,scrypt:32768:8:1$g38PTSyqcq8cDh7A$83766866116ce7d4a02c322c70f99840fa93234fa35ccc6fa829e7668b5fc61998aaf1e11bc2d66592753691e57686baadeb172381f1195bf4a9d3a58ff1cce1,Rebecca Liu,2,finance,manager,False,2025-01-31T11:39:25,2022-06-28T17:56:21,2024-03-17T12:53:58
737,user737,marshalljames@example.org,scrypt:32768:8:1$wrJe7wUF565Q2BUV$1b72cac94f1cee3d3dec8592701a3db5981bd1590bcb5dc53e2668843f488d04458669a0047d046a7c94d15d2bc39eea625b05b260dda29a9c29ab173f652e74,James Mills,1,managers,user,True,2025-02-08T04:52:36,2022-12-20T23:51:00,2024-09-01T21:02:41
738,user738,benglish@example.net,scrypt:32768:8:1$NISzDZo2mYgaopGa$5692a9e589b489fcd49b9f3a4b878e3208c2ac10ea7b35fa2d1ceb9943221b35334414aa772ff490927cb2c6efbf14edd5f3b370297d1780bfbe7369e137e522,Joy Wilson,10,admin,user,True,2025-07-04T21:53:08,2024-09-04T09:37:13,2023-12-19T23:57:02
739,user739,lauren52@example.com,scrypt:32768:8:1$PtRWTMmkmPgBmPFl$1f7b1fd62e0d8f0f39a0dfa1cc57aa6ffcc10db474caf9ed92caf709189548d85c89f4072df6a1d05e33849603991a7f9cd9f1e764a3160af3a9a1990c48077e,Denise Wagner,5,staff,manager,False,2025-05-28T11:20:16,2022-11-05T19:39:33,2025-08-25T03:21:47
740,user740,katelyn67@example.net,scrypt:32768:8:1$81ZSVEibc1oARMJh$f4145cf9123c9570911efe288571f05ecce7210e219712c5989042276636e5b7d925044d81f499628226be1001ec9c4db80440de970f7baa37961cea53476f6b,Ian Walker,7,finance,user,False,2025-05-20T00:13:51,2025-05-21T01:00:59,2025-02-09T21:30:28
741,user741,dylanmiller@example.org,scrypt:32768:8:1$YM6Yn0yOnoAyZCOe$57a7394221e3ec8e5aad395666461a3033ad1f78496895abc6e9a73f89147fd59cb5e23eb1463b1aaa5f1fd7a83234a1b4f7618990c9a40806089252ed0d2620,Andrew Gould,5,staff,admin,True,2025-09-30T07:25:17,2025-10-11T07:53:39,2025-03-11T23:02:54
742,user742,ejohnson@example.com,scrypt:32768:8:1$xZXYzTnBTgUCCxPr$bfc29d24a41c56cc58c5390ac685fcacb0f8d00bcf2dbbbd2e60e9ef33a3c1e10d2a3b61b2eca54ca7dd74f5e6eb802a83ce6e061ac4cc43926c67cef52a6475,Daniel Williams,7,admin,admin,False,2025-03-08T17:12:01,2024-06-05T18:41:16,2024-09-01T05:41:42
743,user743,mollynunez@example.org,scrypt:32768:8:1$hHYPzqWrFYPi6wOZ$48c6e0a8edd6c4a9ac7bbf018f17dfd46da0db094b39e3a03ab02f356752f904678f14c626a51a4851208b5116741e17d1eed1470e29bdb917302c40f15292ae,Lori Lopez DVM,7,admin,manager,True,2025-10-06T15:40:03,2024-05-15T05:13:57,2025-03-04T15:39:28
744,user744,bgill@example.net,scrypt:32768:8:1$hb9acl8xog5TT6Sl$be9d3488c2947a84a7d98b10339b402c918a4a48e049f9707d989f26b6cfca72897fdaa8cfef136c94d7aa83578208f393fe9d6f01b04ab0fcae60960c4ef013,Corey King,1,admin,user,True,2025-04-03T10:03:33,2024-03-06T18:39:09,2023-11-05T20:18:24
745,user745,daniel79@example.com,scrypt:32768:8:1$vLCxqxegxwE3UdPU$af40b657f1e160a6c1751a434032c85c98c19dbf4b1e10b0ce6d51124c0bae44d8ac2e743305d7b32841d5e59d8cc20866dcaffee1cefc2ed3a477586aa8c9a6,Erica Garrett,4,finance,admin,False,2025-08-22T00:47:24,2021-07-06T05:11:34,2025-04-20T23:53:57
746,user746,stephensjason@example.net,scrypt:32768:8:1$3Ngl5CHM9K4qbMcm$80cff6a10f3669c26d3262bdc45df1f0a9924d4d817cf9e7094ab040a4c77c5880545e9c7344c492456a99de366e896429f8ce9e9ee7241bea29ba5cd8c261f1,Cindy Colon,9,staff,admin,False,2024-12-08T01:38:17,2024-05-03T08:32:48,2024-02-05T15:29:58
747,user747,joshuaalvarez@example.net,scrypt:32768:8:1$zvUrqeEZ6ITAm2RD$801b4b170a672a27afe8d8cff75b5cd228f7c08f57349bff8158c5119e48349d0fe0d8f0f76a48c379966812455f8ecae8d928f2fd4189fdaeb7599655b4c213,Donald Thomas,7,finance,admin,True,2025-06-28T22:45:27,2024-08-20T15:08:15,2023-12-17T01:04:39
748,user748,dmclaughlin@example.net,scrypt:32768:8:1$LcnKWykEqaBgwNTS$b95ae3dfa6738719c95c7bbb1e9c1774538826de7991a82aee4231d8784b432e9dbcf5eecef2879d8530323869f0fc1878bca24009352de438fb4ae00a5c5039,Jeremy Shepard,9,admin,user,True,2025-08-09T20:12:34,2021-12-23T03:56:20,2025-01-03T21:56:09
749,user749,mauricemay@example.org,scrypt:32768:8:1$fEFOYfjM1yLUFRyy$240267b897901a772416c27aa209306d1e5748c8be6d98791980a6e96542081dc7ffcf287f87a8635e224c249c12c7db19e6e327af3161bc3e25a77b6a640105,Tyler Higgins,2,admin,manager,False,2025-04-29T14:51:23,2024-06-14T02:01:03,2023-12-09T10:51:32
750,user750,sergio93@example.com,scrypt:32768:8:1$IXYVE239VLTRmWmr$127717be700849f571429160da05efa71e63794a7b68da9be7a702c13df0f3cdca95e139a0b3f44f1c16a95a72a80a534d95ba1acef99f7dd5d14e55f94cf84c,Jonathan Morrow,9,managers,admin,True,2025-01-31T00:45:19,2023-05-07T14:11:47,2025-02-16T21:41:31
751,user751,blankenshipmichael@example.com,scrypt:32768:8:1$nRekByMXXbN80DXS$c3402ec7dd00a7082d34f01ef0db14ca92a5c276ecf8bd31997ec4defde5127f6ae5fa1649cd7c1b3cbbeb65f291e243d22287a83907ac253223c019bbd08d40,Brandon Whitaker,10,finance,admin,True,2025-05-15T22:09:29,2021-06-15T10:26:49,2023-12-13T12:43:16
752,user752,richardsmichael@example.org,scrypt:32768:8:1$yUmTihM3KpER5zn7$e23e59f34aafb6e52aceb482ec248d862152601d474e668d807cf979d17ea84cf7c0032fff3a7996d214c327b229e1edfde03d4b98147df6d6db8bfef3c1f047,Daniel Allen,10,finance,user,True,2025-08-05T09:19:05,2022-08-24T01:27:59,2024-11-26T09:24:48
753,user753,grantdon@example.net,scrypt:32768:8:1$cLSTlVWWRFyZ0kIP$ace00a8f2313809d93d2ee7dff9052b1a2b849a0603079fc4c2921f5ff36b61cbcd0c327eca9d9dfaea7a327b7fbd9929ae59c8b3970a0bf4a50ae61e604373e,Emily Bryant,4,managers,admin,True,2025-09-07T08:30:16,2025-09-19T05:40:39,2025-07-12T02:36:38
754,user754,jonathonescobar@example.net,scrypt:32768:8:1$dYBGaH6dK46zBVwL$8442791ccadd4eb1d3a92710182bf16c3a3415f17380b4e9e43ae075c477dcc134a8a6175aba9f38db12bb9c4c7882c96c227758111c1231adb227b52f8092af,Jacob Tucker,4,managers,user,True,2025-09-02T04:23:07,2024-02-07T06:35:16,2024-02-29T06:50:33
755,user755,carlosstout@example.com,scrypt:32768:8:1$5AhJ3yhWBE5AuyLg$99baca6e55288f10f1671efeba135c0c449491c3738457b73ac220e9bf0d209724aca4867e6935146341bcc1b6afb07c299d84aceb179949c5278efb75b34584,Vanessa Stephens,5,staff,admin,True,2025-10-07T17:31:00,2020-11-25T17:49:41,2023-12-07T21:44:57
756,user756,smithlinda@example.net,scrypt:32768:8:1$dd5kZBUsjRAxEqcS$07ddad37da5cde9cf75e252cb6f7bddade6ca3a6cf424aad66163512614a2e00ff5c8ae03e60e6e8a280f6baa3a48043b92d3e4969661398241821612a7cc8aa,Heather Kane,6,managers,manager,True,2025-06-23T05:03:26,2022-08-21T23:22:42,2025-03-27T21:25:14
757,user757,christopheredwards@example.org,scrypt:32768:8:1$sdQY4IkxgwqH90pT$c6a7320adc3c16024be3023608aa33bc63d30b47ca492b232bcf1795452fec3d7c21b50976973c3c7d9a25eca4a7bf573a4c5836d48ab86ddff3e4062f3c31a0,Jesus Francis,9,staff,admin,False,2025-08-22T03:40:53,2021-07-02T07:53:10,2024-07-30T18:29:04
758,user758,rachel44@example.com,scrypt:32768:8:1$NfaJmyCZuN8OZeST$63e5f5589307e40e52ddf4733e65b4fc600f8ec3f994de48e54142eb8faa342c62c42496570462976f67abc0f8102bcfc4fe5c0a49ff506965f967f8f6d085b9,Cassidy Miller,10,finance,admin,True,2025-10-27T07:33:14,2021-04-19T22:36:45,2024-11-24T01:28:33
759,user759,xbrady@example.org,scrypt:32768:8:1$DdtonsEhNj6OKjow$69eaa683a7d3c703564dc42ce229b196c2d94b5ab544c0ab52be0b36bfde29cd99733a3e908956c1249d0cb503b66a914475eb760869531d475ed36ce8f8e16b,Jack Jensen,9,finance,user,False,2025-06-07T20:35:20,2022-10-03T17:26:08,2024-11-28T19:15:14
760,user760,tonyharris@example.com,scrypt:32768:8:1$DkZBENOMRYPxGkbv$f4384c7d94d9668153bb02ebff4b3b063248a94eb6bec13851888f1b61add4016278065a2c76b177e4111cb21d913a91790a9aeae5e8e2ac34a7c5b9263c3907,Kimberly Martin,1,managers,user,True,2025-06-24T14:38:06,2025-06-10T00:09:28,2023-11-10T02:57:33
761,user761,ubeard@example.net,scrypt:32768:8:1$z70j195kpwA0AchQ$292df13d69552e8ec0e55944d0f7c394a03008b35940ce7c3031e946ee77edd58e2c5a15a09f425882b0a52da801b673366026f545c4ad2ea3e906dfda85e52f,Karen Sanchez,1,admin,admin,True,2024-12-03T18:08:36,2021-01-19T01:19:02,2024-08-26T19:11:03
762,user762,michael75@example.org,scrypt:32768:8:1$eynBHLFmBc2aHCaJ$a3b34a9fd63d90a0fd3c3d4b28360e51f216a5a90fb0f66ae4a1c3f5fb032f19e9b2dc8e1a474b8fa071bcf940a474c2dd8eac9e7c13e04600cd3930ac232e60,Cynthia Butler,6,admin,manager,True,2024-11-22T14:58:50,2021-07-27T05:00:25,2025-07-15T20:33:23
763,user763,ibradford@example.com,scrypt:32768:8:1$eTNshGAxuaotH0UP$a314504e3791acb3848c3657bf86e69f169da918c2d8357883a7e2a5704ee738d64e576996863f0269823146bc8f27eb9fa86778caaa2de36077f761ea233e0f,Nancy Johnson,3,managers,manager,True,2024-12-18T07:37:17,2022-04-28T08:00:09,2024-04-02T16:37:53
764,user764,sierrahorton@example.org,scrypt:32768:8:1$dNK7RWsuZGPuwsEI$134986168db87d99c089270c3c12cf6a72bc7adbcd49c7a5cbc0e266df6d810772e4ef21afcc3d4365a36d6fb9380675e328f01596a398c729314289d92f3b8a,Amanda Wilson,1,staff,manager,False,2025-01-13T15:59:54,2024-02-23T17:34:23,2025-09-01T02:23:10
765,user765,christina98@example.net,scrypt:32768:8:1$A2fuCn8uE2izXC2g$4238c6e85856c163c6e4ecf06e2384233b59aee228478e557f06756591715669846fcc60f23135e8418e2a48e2ea645c7a09f23f7dad4bc12c30297744cf15f4,Brad Young,4,staff,manager,True,2025-01-24T13:40:34,2023-03-15T23:11:50,2024-05-16T12:09:37
766,user766,markfitzpatrick@example.org,scrypt:32768:8:1$9wc2TULRckXvVcqZ$1291568ca653b4bb6bbbb0fce7810d918873003bc09f3ad152481e078cee48cf06d861ca6e7b9a7e8ce880c4ee98cb263a863a4c8ef37da97405d375eba824ae,Dennis Page,1,finance,user,True,2024-11-11T12:02:30,2023-12-28T13:01:04,2024-05-15T10:49:13
767,user767,samanthanelson@example.org,scrypt:32768:8:1$WbWeA3UEl0pu7sSi$0844c90394c2e17e6b24f58c1c0333636707be513c99738550fa23e30e05829ece2f31dab3f2badb620d77477433152f2c08919d94f4e132a288c8813ad3797b,Mary Hayes,2,finance,admin,True,2025-07-18T06:18:45,2025-02-11T17:58:22,2025-05-29T15:27:08
768,user768,danamann@example.net,scrypt:32768:8:1$p4i2QgJQ4iPRqJqB$adfe721d3cf0162df24592bbc5aa634129314ce6fbd4cc81202501c486b89649e1a0c8667f763e4909f524ec6c4acb9509c060d5fae5535c5e3baf28dbed3ae7,Veronica Leach,10,admin,admin,True,2025-07-07T15:04:19,2022-01-19T14:41:35,2024-09-03T21:40:45
769,user769,gerald41@example.com,scrypt:32768:8:1$MPQeX646ItosVeUh$1c0e2836af61d4c73942b2016c2f1bdc1b2a6cf99317db5d4558861e7361efb2caa0323476b83d88b2412294f1e9858c1eebe1670efa9c6213288bb54e72d9e1,Amanda Ibarra,6,staff,user,True,2025-10-15T01:36:00,2022-03-14T09:52:34,2024-06-11T00:13:10
770,user770,mary52@example.com,scrypt:32768:8:1$Z5Ijnl1a0PTgFbs8$b1c0be9d95caa082869109db0129f9c9dba8f0afe75f50a4651568218719f6e79ae9f350f31c4fa8e3e9dfd632a47e22a1cfeb08b9286cb86a8b25976d9636bd,Gregory Morris,4,staff,user,False,2025-09-22T00:51:37,2025-03-02T06:36:34,2024-10-20T07:37:38
771,user771,dclay@example.org,scrypt:32768:8:1$lqdHwsLFfM9x5s8w$47041aad9775287626042f130514f896dad1ce700745a4420d441df4cd1dc321cc8426f26f36bc4338fc0d82074b09a35bb370fd3bcdbef20911254b136a0c9d,Blake Hamilton,2,managers,manager,False,2025-11-02T11:15:04,2022-06-21T08:11:46,2025-01-22T04:46:21
772,user772,simsryan@example.org,scrypt:32768:8:1$XuXQMzWczHwQHRnk$8bf8f1b74f99c9690351788122d3234f2e1b9948d052c838f8ad29daaaa05dd2612f2e803db4e09df937230af84d3394d2695c5faf5df742fb368e33deb22e13,Jill Salinas,4,staff,user,True,2024-12-05T02:53:41,2021-04-27T23:25:53,2024-04-30T23:09:18
773,user773,hensoncory@example.com,scrypt:32768:8:1$hTN9SS1i9BGpCP8r$dd9f7c3c5f737b577726a4b9bce295cc41e92706a6330d997f8cec2cc35cdd8ecc99b4867bc92d6dfc19d7c93f91e6d29a714a48fd00000a2d6e67ea85227fec,Lindsey Martin,5,managers,user,True,2025-04-28T01:09:10,2021-12-21T07:24:39,2025-06-25T01:33:53
774,user774,ydominguez@example.com,scrypt:32768:8:1$LacfqU8Dn4VnOnkB$793dffa2ff354e9c5e8df7118c9f26dc02926216b7d5bd6e034d8651fc8fd9d32f506f8986314e238d6591392c2047c87322125dc3ca7b0be866430032ff45d1,Ronald Randall,4,managers,manager,True,2025-05-13T22:10:09,2022-09-21T03:05:31,2025-01-18T11:02:07
775,user775,qray@example.com,scrypt:32768:8:1$FtgAlvWcJD4GDbIY$bcff4229720bcbbb2ed9c7212d1cd3b6eac7e54a36bfaeb79ef9e00ccdbd10a10acc3d1f9318a198ddd5bc48a5fd896bf967a41d06973afe9db37937d9b812fa,Christy Gray,3,admin,admin,False,2025-06-28T14:24:02,2025-07-23T12:05:47,2024-08-18T19:27:46
776,user776,tammy55@example.org,scrypt:32768:8:1$5p6KfashfluTnq6R$45463d1107de99a1f10fa13afa7d6aa85f453e49d75c28795f36e0a9102d53900157fbf7aa1859796d7def8bc0fbb803a4fba881da183c78ec66ba1b19211eea,Tiffany Castaneda,2,managers,manager,True,2025-01-07T23:33:50,2024-08-26T01:55:58,2025-08-04T03:38:39
777,user777,franciscomiller@example.org,scrypt:32768:8:1$i9BochlVEbFJKXVy$ba328ac8056a9daff2b91d1962287acec650bcdde7b728b585e10c1f8d6deb068c77e44eedad2ac2045afaa3f93737d9c21f1ac2a99830b8eaf5b1353c1863e3,Stephanie Miller,2,managers,user,True,2025-04-08T22:06:20,2022-04-12T19:00:53,2025-05-19T19:56:11
778,user778,alison22@example.org,scrypt:32768:8:1$THkCGuUP3KgrI6Zr$94c73dc5c00b48bf9d06bfdd986a13f21cf13caea5be17f22081732f85d530e5a943c57de2c4ed3faf3d4ceb9caaab4218f9121897ee82d6b654990f6877d97d,Tammy Morrison,3,managers,admin,True,2025-04-09T09:10:10,2024-05-07T06:05:30,2025-09-13T14:00:00
779,user779,nabbott@example.net,scrypt:32768:8:1$AXuqfqilZqaTnaiS$9dcfe272cf21f0a2df437b7edd02456f20fca22260499a630b3fbf7da35aaf623cad721c1cab47de9f293f9487203cfbeeb207f688734d434cd2b0aa8dd8b756,Sarah Nichols,10,finance,manager,True,2024-12-01T06:11:10,2022-11-20T11:38:06,2024-06-22T01:39:06
780,user780,amy93@example.net,scrypt:32768:8:1$7zuds5fDGGlbz0Di$674dc82bd0f11e4c7efe98b7a8ed2d417a286800e6ed4a477d490df92b9e8f6cf25b604bca2e66171a546dfc162ab55df459d76e91a43cb82e72e5a200a980ab,Theresa Flores,2,finance,manager,True,2025-09-28T04:30:45,2022-05-02T22:53:21,2025-02-18T12:53:59
781,user781,jasontaylor@example.net,scrypt:32768:8:1$c0IU4ZCSwXNGCTxj$1b029ca5c7c600dc82f65645cc0110d5df4605e1f945e0a7dce113568b42d5005234ece61097c36e0b048195b8693a86408e48e480390f5ddc1f5b37652d3e19,Leslie Garcia,3,staff,user,False,2025-01-07T15:40:55,2021-03-25T19:01:51,2024-09-22T22:00:21
782,user782,gonzalezlarry@example.net,scrypt:32768:8:1$XIKyNS1DskcNmPlc$48dc9f9508064e3522d4728206a0909b35b8af7750eea5799df177cf3df86dc003a17a4684b65e4e67d7fef34e42842cf14e85f7668cd85c4dd01cf76e27652f,Heather Atkins,9,finance,user,True,2025-05-09T20:15:51,2021-04-19T08:22:06,2023-11-23T00:44:15
783,user783,floydmaria@example.net,scrypt:32768:8:1$YtrnaYvYKrSyn4ZB$556735bb0055af9586ac87429bd377611fa937932ca49305d7a6d92fd06e66b9570f0228f3874f3493df2f3e8ce689d3debb6be59ee871a54185bdeeccfc015a,Jessica Martin,9,admin,manager,True,2025-04-23T07:08:53,2021-02-22T01:49:46,2024-06-12T02:21:13
784,user784,erica02@example.net,scrypt:32768:8:1$WRBuicwJPIriDI0m$9c65ef4dee27ff456e61796fcf9a0f75579e3bb45d7b33802794be5103f1ffa805d7ff57df4a0ae7900eadc1786e71bc782c9b21591e6821376a680025701844,Thomas Lopez,10,finance,admin,True,2025-02-02T21:05:49,2022-05-12T11:50:45,2024-11-06T17:27:40
785,user785,ehall@example.org,scrypt:32768:8:1$e32YZHJrpgA5V6Ie$5280991a9653c1316409d8e3616aa8e379b098b746c2da1e994c210a4b0cc7b8c0bfacbd70c44ab1a98716b7f901028bec18f1d4735e6af204a584a1486b9ecb,Jill Wells,8,staff,user,True,2025-09-09T21:23:15,2023-10-19T05:22:48,2024-05-21T19:01:13
786,user786,timothybrown@example.com,scrypt:32768:8:1$NMAHMbOy7OckY65y$958fd392edc65560915a361126507af10694b266c0a0c131eb99de3d8c768665bfd7a04404a83a6d26f2b3d103d3b71bd69d4c56e787e8fcbc6a93adf7725873,Jeremy Sanders,5,admin,admin,True,2025-05-08T06:02:25,2024-01-07T18:02:37,2025-03-04T23:22:17
787,user787,fcontreras@example.net,scrypt:32768:8:1$2XbETZU1wMkJMrvh$9863bde4f193a94e3f6cc4773d7d8350815bc1bb535689f21e1d71f4e6d6eaf07e5bb9ed3479893eae3c3ac8656d1282814a93d65e17def8a2a09838ce0f9782,Nicole May,9,admin,admin,True,2025-03-02T03:53:26,2024-11-25T04:27:23,2023-11-03T03:15:07
788,user788,hernandezlindsay@example.net,scrypt:32768:8:1$lQaLdElJwGGgH9J2$bf16fccb5bace10bfb4dd4dd0a88c32f267ce8bb695bb8badd62fcd6d00caa69dbe3fa318cd1efd1c18c36bcff3be4a55213b4cb98715e59fca650be8c64f599,Anthony Klein,7,staff,manager,True,2025-09-21T02:51:16,2023-07-03T20:41:33,2025-08-17T07:45:50
789,user789,heather33@example.org,scrypt:32768:8:1$BA0JeFV6xFJMSXEp$b209c1630556655830851557ea219c551979698442f600a74836f1afbd1a3f8a065139f7df1e823ecfd65d3f125017643f60302113fdb71527e7ad18113cb1ff,Kelly Woods,7,managers,admin,True,2025-10-23T05:24:25,2020-11-02T23:57:58,2024-04-12T11:33:45
790,user790,monica20@example.org,scrypt:32768:8:1$NEKrxXJ0UoeI0KUF$c185589da4c8f8ebaa03c277cee122c76640c283b80206031d7f715ad11ba84a9aae1f29662765e7edb5c0acb67e2ba868d1ef0b95d8d331f98e1c1cfbfb1224,Matthew Reyes,4,finance,user,True,2025-07-06T03:15:35,2024-03-13T07:48:15,2024-10-06T11:07:42
791,user791,alexander07@example.net,scrypt:32768:8:1$sB7wEc9fAbTTCnZd$e54a2f2d9d3294c8b852344805bb3e6cea4cb483622f8a09a4a22902ec9bec312b9e397d2e81c2f53e53d80c92004faf51d42d8ebcfe9d9db3a2325d0a003ddf,Kimberly Jackson,10,staff,user,True,2025-10-09T21:12:09,2021-05-15T19:21:10,2025-10-28T10:24:28
792,user792,plopez@example.com,scrypt:32768:8:1$E1MKEXYEUomZf1VY$ec0b80f050b7898c622d8783df87b5783ae884cbeb4a276b8b08eaf9a0336f8cdf91c3352bcad6b95bd1b9aaa245f634e42f343453848e144edd08450ad011b4,Thomas King,7,admin,manager,True,2024-11-24T01:02:03,2024-08-05T18:58:11,2023-12-19T02:44:40
793,user793,steelejeffrey@example.org,scrypt:32768:8:1$svBrrXjED8MjDS1h$0e2566f525df9987761703b1062d07dd6214933ad6dfc3ab7414a517565c5a633b257e67b267d86c44ebd81a7102011cbf11a53c579031cdb361d1472a08e2fe,John Houston,4,staff,admin,True,2025-07-31T14:09:36,2021-04-20T21:46:26,2025-09-08T19:07:53
794,user794,michaelburns@example.com,scrypt:32768:8:1$9qpsqx9VkZw7q09w$6270bf85d608002a0fd3ccfacc216f3920fb4371eabeb2cf3ac6befcc3f06aea0b1f50dac094356453dd9c5e4f713853fc7df0e4a2d1bf52c6aa8af975f83d62,Alexis Lawrence,1,managers,user,False,2025-06-04T19:35:02,2022-07-07T06:02:56,2024-06-02T06:55:19
795,user795,staceybrown@example.org,scrypt:32768:8:1$sGuthOM1ssrBd2Cf$34212bdbcddc627101a55600d0fa3ce1cced05a84fa750d7e8f67c367594e3cf13b2777d81b4c6402707d5947365097c6fbab7ce9c1bdabfb70f675cdc27360e,Ryan Kim,4,admin,user,True,2025-08-29T02:36:27,2022-10-08T15:03:07,2024-07-20T11:41:10
796,user796,millerwilliam@example.org,scrypt:32768:8:1$HlKs2G07bs4ou3Ti$3ba13a195ad3c8855e36679f23dca321f17ff915ecd90a50311d26b49360cecfe3c4e4269bc181f652e07e2d02e84437d1436159e2c2dd6ecbd13e761fae3e8c,Victor Roberts,8,finance,admin,True,2025-04-04T07:57:01,2024-09-16T14:41:22,2024-02-29T01:47:40
797,user797,jasonwilliams@example.org,scrypt:32768:8:1$wYVoz8JmDUoMX8Vq$10d9ef773d29775581355dc14e8678c638fb14023407625a54612383ff7f20e33aaa3f170de6d00830dcd49a9bf8a1a5ff3804c5e208b4549171a9e14b5d42b0,Crystal Douglas,1,staff,manager,True,2024-12-19T23:13:34,2021-09-15T16:37:37,2024-09-24T01:43:20
798,user798,dana92@example.org,scrypt:32768:8:1$CaF94p5TNl9MC4GG$6a3412f818f67e8d6e9f7e5d464cd4e6c867e38533ce19533c48a9cea9ebd2e6b69d0acb9b94ec3ce6757edb0c336fc68676f3d007c09c4fb311d2dc88381c81,Carol Newman DDS,7,managers,admin,True,2025-05-09T22:59:33,2024-03-27T05:00:02,2024-07-01T06:43:24
799,user799,adkinssheri@example.net,scrypt:32768:8:1$NeR7EX4ZNawh5udF$b25076e15f05bb146676c82cc45de8ee9f43c173c6fd2810020bfeb21bbaf9be10545af06125f065da83f4698bb46a5b4f1e90f008b44836fb132e382a5020d6,Natasha Thompson,10,staff,admin,True,2025-10-28T09:21:46,2023-01-30T22:34:19,2024-08-31T17:08:56
800,user800,williamskevin@example.org,scrypt:32768:8:1$QtV5JwhHkcQwRqUE$7ff4546a18d5e3fe85e89414b946ee7832a1f7c3fab3049e8e1232defc719fb24d23f851597d5d21f3cfbdd43094b0f8acde644c3be5353b3bde701bd392ec38,James Lynn,4,staff,manager,False,2025-04-30T12:05:32,2021-02-18T17:17:12,2024-01-27T11:23:27
801,user801,dsantiago@example.org,scrypt:32768:8:1$iK5YdnKrUw9dMtFf$ce621866eed0a68bf80cb73436f84bdd9c5aa823836f7181f57ac4fa13a9fbf78728dd4ce4cc9888f0eeed0b5fdbf32cb8aab7b40a29594cec7cc8050d4eb283,Scott Hurst,8,managers,admin,True,2025-01-07T14:49:53,2024-01-26T19:20:22,2025-09-03T02:21:43
802,user802,nancysimmons@example.org,scrypt:32768:8:1$vsHXjPrZmlPs850W$4935d271a2ce0b200b7335e32851e3d3121876c2159066b98fbebc323ebd0987f41529b8bf24d4d602b55dedfed05089f470b9b27bdddcb7ec2dcdfe3da43de1,Michael Houston,2,managers,admin,True,2025-02-19T22:15:59,2025-01-10T23:17:14,2024-04-10T13:02:49
803,user803,garciaryan@example.org,scrypt:32768:8:1$7s1BU7BT14tbltZ2$9556998db0e285eed762bd3e985a37bc1622623506d95a5a8e78778cbd5f1c00dcab7b9ac808a93a1037af75a1b149d3754b7c7b5508a830769f448b2b405fbd,Casey Coleman,4,finance,user,True,2025-04-24T15:24:36,2022-09-27T02:04:59,2024-01-21T08:14:32
804,user804,qsellers@example.org,scrypt:32768:8:1$0HOkvpWvYoSn2MhB$fc20db71571d74a6985f784eea1551a00fe6683239ae634b5c130266b555b60950c8ac045401d741d8bd1722f72899965a30dcaecfd33af1b431980f614a7579,Rachel Smith,10,staff,user,False,2025-06-03T19:44:44,2021-06-23T19:59:57,2023-11-24T08:42:42
805,user805,hunterrichard@example.org,scrypt:32768:8:1$lDHRnGR1dvfHjc6d$64849b23142513ebd49f663fdb26eeecf4bc20ba1bbd2ec741963d9a09e08d1d7d229f380fe87a9d2fbaefd41907031de12e72bb9ec069be2a4d55ba6264015e,Christopher Smith,2,finance,admin,True,2025-03-03T12:06:41,2023-04-04T12:05:23,2025-04-24T15:36:02
806,user806,oarmstrong@example.org,scrypt:32768:8:1$0IPrqaT1wJNLfUyn$96d0db5c79540b1bbea80cbbdecb5851ed0d5e37d49afac88cc3fd0b647c8d778a0a04a986a26015a21e651bddef3e488a8e1d07dd4e324057636fc27f1c749d,Antonio Johnson,4,managers,admin,True,2025-09-19T03:14:56,2022-03-04T04:28:58,2025-09-25T23:48:37
807,user807,wcoleman@example.com,scrypt:32768:8:1$RAczsDjw6fNzt8JZ$9e2d74d75c533cb2e8f21a5ff369f0cdffce3ce7aefe7edff201522a6edc5fdcccdcfa3639afe864e4b48422db4df05d32bdac483384e36c63f32e57e7389630,Sara Delgado,3,finance,user,True,2025-08-16T09:49:55,2022-06-03T11:43:48,2025-05-10T15:27:30
808,user808,angelicawhite@example.com,scrypt:32768:8:1$Uqu6YrN3WTsjRRGI$289f8b446b6c52adb7662c6ebaed9a8df054cd0d26ec174425b8d39bfab592be18e41aa2f7d665996735397a6d62c43dcf419bbba3262c9465f047ccb8eb6c7c,John Olsen,7,admin,user,False,2025-01-30T02:12:41,2024-01-26T14:38:56,2025-06-28T04:11:13
809,user809,smiller@example.com,scrypt:32768:8:1$NxoMdQ1G8nUAmYmt$3131a0c70e5e3ba51b7074d50d503ce54530269534f38474c69d7b8b96178dc2cbea2e083ff7c2a359b9341f2c7e62634ad08054d4bd44a4d9fd00d25626f861,Jeffery Stevens,7,admin,admin,True,2025-06-17T04:49:48,2021-02-03T01:54:33,2024-07-16T23:40:40
810,user810,jenny21@example.org,scrypt:32768:8:1$6omHMDPHH1IT8HMr$0491eaee9b05bacc6eecd88f906bcd9c6245dc600ab7e5cc5058c4abdcf63630d3a57d9578d6d17b1c82d83dea476d8d349258d6a9d95b0bab25bd86f6c4f9c4,Erik Frank,10,finance,user,False,2025-08-07T14:28:03,2021-11-25T08:18:38,2024-03-14T18:52:21
811,user811,montgomeryamy@example.net,scrypt:32768:8:1$W2sQTXcsbuq38E7P$d21134a2428392045bdef9af65cb96332450bfc9dc041eda89349b024b3267771b97d456eb0b2aface17f27ffd0c5b47055c0d74d8113ea694ca4fbdf3e0f08a,Alicia Thompson,4,managers,manager,True,2024-12-08T09:26:21,2023-06-15T16:56:47,2024-11-01T03:26:39
812,user812,frenchvalerie@example.net,scrypt:32768:8:1$K88qm5nly3bYvmMV$5405b20d8b64003b8d2b2b7422b7d5f9c151bd0a22752c2823eda682e8f42ce60796633d5ae6107f8f4fbab6ec12f8bb9c971ae4f6f71747dba4a0cc8b7a2d69,Chad Moore,6,admin,manager,True,2025-07-20T18:21:34,2025-04-24T06:18:42,2025-10-06T14:28:55
813,user813,earlvazquez@example.org,scrypt:32768:8:1$yLadNzdMK1SYxPQU$20f6cf86a79c1c2ded1f94975e9b6880aa601e0c4773375bff3e0df52f7a9a80b99c728b405ed98746273a984751212fbe0a2c627d989d6488c137f58b7f4ed3,Jacob Davis,8,finance,admin,True,2024-12-24T09:50:55,2024-10-31T04:39:34,2023-11-25T22:12:53
814,user814,deanwilliam@example.org,scrypt:32768:8:1$orP992AxGCgescoL$45e67d617f5d9fe036465f2cda128ec02405ef62bcf131e93549e26969c2f5e49e7fd68eccbea28b10aae9101485cd39db9adc65df82eb2399c168f92b39f8f3,Nichole Marsh,8,finance,admin,False,2025-03-30T11:33:26,2022-12-25T10:17:15,2024-10-29T14:04:15
815,user815,qpage@example.org,scrypt:32768:8:1$s8ByQooN5GSJiEPa$e8cfa8e06a775ca49b0e0fd9262f940beed8e6d9cb76f9f6e59edf0d47c611af16763dcd2b9028b6ca72e64bdc023b666e503692c143f4c79faa5db2aa1e3d7d,Kayla Mason,1,finance,admin,True,2025-03-10T00:31:31,2021-04-12T20:22:31,2025-10-27T06:15:03
816,user816,sara41@example.com,scrypt:32768:8:1$9TYCjxUPHbPwZoiz$af006636eecb5225e9fe4c44001eae31892f7327ebbe9b81751742a9b869a9d6153c86463c735e4d44a3f9164c981d4b5f39deb83255af9b4b3dd48dc8242546,Henry Gates,6,admin,manager,True,2025-06-17T01:19:19,2022-10-24T00:47:04,2025-03-10T04:47:52
817,user817,carlagibson@example.org,scrypt:32768:8:1$g0A548BKRzHB0X9M$8b67cfeadb341367ec01ecf32f44781ce9fc614a41211d332ffb726b43f99b384aa3a1eb7df2198299937c52632843dd1c41af1f447c50534be78607c1013324,Kelly Butler,5,managers,manager,True,2025-04-24T21:55:56,2024-08-18T23:58:30,2025-10-11T11:37:09
818,user818,ashleywarren@example.com,scrypt:32768:8:1$kt8Cg5RSbEo79d1u$c2f280be2b6c14dc1e21c490749a331778458251b5edaea58e3eefaf4aef24d938c03e2847eb81a9cef108a2569799b9d37cc20c9ef31e02a5a3c6195728dcb4,Jimmy Palmer,2,finance,admin,True,2025-08-26T14:48:30,2022-12-08T08:23:01,2024-07-23T23:19:31
819,user819,harrisangela@example.org,scrypt:32768:8:1$X5KbaOiB82ayWSnH$de45dc16371a46a4bc94c2c36f406753f18fc1986bd9d42bc935e463a7bcf334751c58ed00aa1c7a0068e3b0b74f839d1560f083aeb0c250a8b8731be10bda0b,Kara Smith,3,managers,manager,True,2025-05-09T01:39:20,2025-07-28T20:40:26,2025-10-20T10:33:04
820,user820,carterbrandy@example.net,scrypt:32768:8:1$WXttiBNuy9um23Fv$d0a8f1d200ed4bf46731e8da8c81458fb534ace86dadb147f37a569499be364d547a55c354caf35e10fc0462a176d49676b29bd23c201759fa6b363ef4524465,Amanda Blackwell,3,finance,user,True,2025-07-07T03:02:13,2022-11-14T00:35:48,2025-10-11T17:14:05
821,user821,cryan@example.com,scrypt:32768:8:1$xFOouZnfbJvbNPHC$4721ca371c38c893e4a8d09d2b000ac790a7737a0f796509ccd15e006cce62dbbb8ff28528518c7a3ea30407fd1f4f037fc4b82eb1682467bffa0c4a842de3eb,Mr. Mark Vargas II,9,finance,admin,True,2025-03-17T17:12:24,2024-01-18T15:39:55,2025-09-19T23:35:30
822,user822,sandra37@example.net,scrypt:32768:8:1$BgI6uG6NlE3mMNnn$82f3f1505afa796c9afae4b98f51bbea83173601eb8b722475eeda7ec5d0077873ad3d46b536cf41f90b40494015e2b765a40c980ea91d20173f847340521534,Ruth Patterson,1,staff,manager,True,2024-11-13T14:29:54,2024-08-30T21:08:15,2023-12-13T08:07:17
823,user823,theresa91@example.net,scrypt:32768:8:1$nEH0JLrcJ4NNQRaK$c3f6ea5d05aafd549b15b1de61777c85f238f0b8889255a888921ebb08df503172b3e2084646d49b672052770c3e51f0ab008390482bb8ac08bcf5cf3e5fb639,Kurt Jenkins,10,managers,manager,True,2024-12-23T05:19:28,2024-04-08T04:12:20,2024-11-04T12:15:56
824,user824,zacharygarrett@example.com,scrypt:32768:8:1$vGNOzsAiKN6n4WLk$7b0f10aa694e8ee6ade7189701ab74d91572a1b4c32e54f27d991f0046036f9937f91607cca0ff3006a20406e63871e57b7183285eef30ef4061ab29e4b4852d,Shelby Hansen,8,staff,admin,True,2025-02-04T08:12:08,2024-03-20T09:01:50,2024-05-15T07:27:28
825,user825,heatherduncan@example.net,scrypt:32768:8:1$CBXEhFWr9gcCKxFm$0004d315fae3b40ba3b1340b55c96f8a231207f7061326482aad30617247061ae2ffc1ce78bfda6bceccaa0a53ea730e7f57fe264f477253321e64c4e748791a,Doris Anderson,9,finance,manager,True,2025-05-06T04:50:14,2024-01-11T19:23:06,2025-02-04T02:02:43
826,user826,zanderson@example.net,scrypt:32768:8:1$U9W1UVBbrjATQ6xF$f7a307e13052bb508e32b8c4d22458af6f8a5f56163ec02122d2c6a9f6733b93985ef9f451584809bce7976f7f4f685e2da71dd7dd5ab7dd9f9a7d6147f67769,Anthony Adams,4,staff,manager,False,2025-01-12T01:43:14,2021-12-26T20:35:02,2024-05-28T19:18:35
827,user827,jamesrobinson@example.net,scrypt:32768:8:1$h6jyouMCIiCqAFRB$9b52f8c9e4842ab5dca1c2316487d93b7f22fb9fa91d9a0be844659e8e82cb70a1dc506be65903e74f16261a5824ea7290c8c8deb0f3e5eec909c119b455847a,Travis Nelson,3,managers,manager,True,2025-09-30T21:50:06,2025-03-26T22:48:16,2024-04-10T04:00:33
828,user828,randy76@example.net,scrypt:32768:8:1$KTx8zrAPhPLgWxZ7$63400f94d03344077de74f45778f07ded06d29b69a43cc85e963d968a6f0d4917a30fd56b082333f5c2fb0c8ba786b1dc8b2eadcc82168bbc8b69ea30183bbe4,Danielle Howard,3,staff,manager,True,2025-06-15T04:34:44,2022-02-14T18:05:23,2025-11-01T18:05:15
829,user829,watsonbrooke@example.net,scrypt:32768:8:1$LdwuhLh2vZjN35iI$296395a7cea1ac033e1252cc841c17651701ddfda8d1f39dd3154d8dba2945c96b3f833cf590805f2b892d622074cca08a555be131bc3863f579bb51c22e1d76,Brandon Reid MD,1,finance,admin,False,2025-07-24T23:57:24,2024-12-27T21:08:41,2025-02-27T23:15:31
830,user830,john99@example.org,scrypt:32768:8:1$IR8nWnvYHRa1XqCP$c33e29d958c69d7e2a43be0d5088cc00cb73e5aed36b096d4e8586b221237d27b5772afbcd501941b069e965642cbcb3d3d6ded35d36346f8aaea9b88b7508b7,William Martin,1,admin,manager,True,2025-10-21T06:36:13,2024-03-13T06:22:44,2025-03-26T10:49:03
831,user831,cwatts@example.org,scrypt:32768:8:1$njhBlVleV51jLTR5$00b902cb86379054542868ae1b8f1f238f6c3e38f7011cbf801dcbacd46a785aee356de785179efd0d382083ec51f2e73206a11bb4047244698fc51c1ab923de,Joyce Peterson,7,managers,admin,False,2025-02-02T17:09:47,2023-07-28T00:03:44,2024-02-04T04:21:35
832,user832,floresphillip@example.net,scrypt:32768:8:1$s2iOEpkwonbLh5WV$85e3f25318226e1cc1da3245d26e772e3ff65ca98c46b82e7eeeb3bb04ab7353ff6a9ec08d1be5031b92828e30bb29bfbc1a3d4c92bba3dc4273ed5eea8caa43,Donna Martinez,1,staff,admin,True,2025-08-29T01:51:25,2021-02-19T19:00:05,2025-07-08T06:11:11
833,user833,leslie23@example.com,scrypt:32768:8:1$ZQq8WHyPV2phg2ZR$62e847d2b5a209631cc9259992ed35413bc8a30105b2945eff2ee4e8e404f1ba2a6b123c47a2a4ccdf647a83ff37fddd866e323c2b3937cbb89fe2adef70b430,Stephen Esparza,5,admin,manager,True,2024-12-30T03:22:31,2022-04-04T01:47:14,2024-10-16T22:57:49
834,user834,williamreynolds@example.net,scrypt:32768:8:1$BbuqkmkbxzYH6DxP$3a1a5aed0f9809e08e9616d455fb655f374c370ee011a3ff3ee294661dc41fdebde615da6ccc4e2311e46bc73a66a1286fb8556216636b62bfdd2c16981b4e7f,Jessica Lyons,10,staff,manager,False,2025-07-30T00:28:00,2025-08-23T21:57:47,2023-12-16T21:34:32
835,user835,hjordan@example.net,scrypt:32768:8:1$kAwGl3lHLOzrozKd$385eef18f5e424c35d5f2bffad17a4d6f8ef08be5beb18b71d44029e03febcdcbf149188fd44f9d162e0dfd9d000a8597857e174158211dbcb6aa9dda802249d,Matthew Reyes,10,finance,admin,True,2025-07-12T04:29:21,2020-11-05T22:01:41,2024-01-14T15:31:09
836,user836,kristiewilson@example.com,scrypt:32768:8:1$8R9aNQfgy8wew9Nk$75305ada5955ba37bae4a2aa5679122974224a558017de3340d4e568c5095d8529a2451d5fca12c35f62d86ac846bc83caef004dd34c8c517c53bedb978dae5a,Ricky Harris,1,managers,admin,False,2025-05-08T14:22:50,2022-06-07T00:00:19,2025-04-18T17:07:58
837,user837,devonmartinez@example.com,scrypt:32768:8:1$pBPVnC0ep6M19xFg$0d6c98c6f415259d60540dde0e54e856683be58546182f3f97e331449b1bdd9327b15b625e5f551d251759e339de11cca521739cbcd082468ef87fe0a243c713,Angela Dean,5,admin,manager,True,2025-02-02T00:32:25,2020-12-28T18:56:54,2024-01-05T09:43:31
838,user838,orodriguez@example.net,scrypt:32768:8:1$wAXzrE2E3XPD9gLg$d564ae568f7621b9c3ed0b8d54dd10733940508aadda294acc2ed3a2498e49bdda84209798b0ccf26345a09110ec3f38f80d7275c21a57c1e5012cd0ef4d33e7,Melissa Smith,8,finance,user,True,2025-01-21T06:07:53,2021-05-20T12:46:21,2025-01-07T17:22:38
839,user839,lisa12@example.com,scrypt:32768:8:1$He3ARhLiEtteF4tR$80d793b1cec0cf7c77667be4ae659ed8fa3194d6cab5614bc2d904da7b62d16e60983a64a20a4dc9d6c9584f448dab7b9fe5c6ae83d944412aadf0ad35a0cacc,Nicholas Robinson,8,staff,user,True,2025-05-16T03:59:35,2025-05-07T16:53:30,2024-02-03T21:21:51
840,user840,dgillespie@example.net,scrypt:32768:8:1$8RDBvULnl9jDuLp4$2da3cc5447abb1640732a47abaacf929458df4c714c1eaa8b9af1c3f159381048fc99264a86449d5aba1b5b8b68774775311453c3a599db06193cdd265a083ae,Ashlee Martin,8,admin,manager,True,2025-07-03T15:11:35,2023-05-07T19:33:54,2024-10-10T01:29:34
841,user841,sloanthomas@example.com,scrypt:32768:8:1$P5IuqDbcNNhq9wQu$fb0ce4a928f1c08360ef7947d4864aff3fc0baf4ac090ed79c3ee1472dfd64c709c889b39509e2474f27e3cb2edf3a53e5e5289fc24baed8705ac0a82c7ddaee,Gina Lee,10,managers,user,False,2024-12-18T05:10:40,2023-04-11T18:46:14,2025-08-19T17:48:23
842,user842,ubryant@example.com,scrypt:32768:8:1$GfKl5wzBtD5X0r7z$038d3102a4a687e77d2fbd3ff2933fdc4645a7cd2d8129df65adecf750a0f4d4a1cf10cf86abdc2ad366b2b65272912b3c4d959f7b7339fcdfa1f5935f766ea7,Rachel Park,8,managers,admin,False,2025-06-21T21:11:29,2023-11-08T12:10:20,2025-01-17T18:04:16
843,user843,ztaylor@example.com,scrypt:32768:8:1$OVHId3qcHJ4FS0Mf$49f65c5eced9cf991615dad222d23a992b26990a4579793daa409a15fb00ce6e391ebf8b232596986f04989ae528ed89396a7f93de3e015313f27a0cd3a1c33c,Gregory Hammond,10,admin,user,True,2025-02-27T02:12:29,2024-06-27T12:36:52,2024-09-30T21:16:48
844,user844,pgreene@example.com,scrypt:32768:8:1$KTN4OSgQgUkt1coC$33d335128eb5bf6c7f93be04d031c78dc7dc9ff78d26e756cede56b602e6a31758020c689ca368893b8c6d50294af2947ec15f31d22c9b0f0c3c95e9e4c80743,William Rose,6,staff,user,True,2025-08-31T19:17:53,2022-09-27T12:41:45,2024-08-20T07:29:29
845,user845,smithjoshua@example.org,scrypt:32768:8:1$dCj2ZDaI40XFYUny$513426fe91acc51843013afebbb1bd37d46bba71a9722eecfb2f8fc144c9e02a26611da543fa0511ea56f804d6fecb513254b6633edee6224071b8e8da6f0c4c,Cory Mitchell,9,admin,admin,True,2025-09-11T23:51:54,2022-07-22T17:00:51,2023-12-04T11:00:26
846,user846,josephhouse@example.com,scrypt:32768:8:1$lYo96R0o9SMQN7FR$6d2d81edef7d38d71fa1a56361c9b0bbd96bf84385b59806390c2727dc96e5d061fcc1b52699113ee09f3e620368af1e67774245bad01cad2ee137fd56571a56,Sabrina Kennedy,10,finance,user,True,2025-07-26T08:59:22,2022-10-17T19:06:19,2023-12-10T14:47:13
847,user847,sarahenderson@example.com,scrypt:32768:8:1$rQNknSZUnhJB78tI$7233cb7b1ac36496af89d5245bddc12551b4aceec3f54ba8415f3e4e4e07217dda50a04fe37c02eb75ab330cb0f38d3df58dcb44d72b199e64fab1d283105efe,Vanessa Walker,6,managers,user,True,2025-03-13T17:34:01,2021-10-09T07:07:57,2025-09-02T09:55:09
848,user848,chelseybutler@example.com,scrypt:32768:8:1$Jhz5TJRtWJb7u8EA$f7de964beeea8595bd926a1332bd10aafc83b6f9eccb722f14bfa76c24b2484a09bfa08b3c64b0bb4b5a337f9eebe0ab642ddde884cb7573ffab17f8045f2b26,Sean Lawson,2,finance,manager,True,2025-04-01T07:15:25,2022-03-17T07:42:37,2025-09-05T07:13:43
849,user849,haley84@example.net,scrypt:32768:8:1$7QkgZFk4NCLoxEZR$efd0733cd53d528b99645ba38c32efc6048e347d51dae7342bf42524e048cb53c80a3c2ea3694c8c9b8008bc8838a8e5dff1f726d278e4e59d9434690d237b5d,Nicholas Garcia,6,managers,user,False,2025-04-20T16:27:30,2024-02-02T22:48:04,2024-09-13T00:10:49
850,user850,travisthompson@example.net,scrypt:32768:8:1$ShaDWOVoomFcYrIo$e09b9c9171b3f2963f0fb1cf82016a3e6c6774319c1bc72932c4db1b2921746cafa35271a7aa3341c9f467179efc2341955d4844069f1241c38f55ca56342949,Alexis Wade,8,managers,user,True,2025-06-13T04:01:53,2024-08-07T11:40:43,2023-12-19T05:31:22
851,user851,zacharymcmahon@example.net,scrypt:32768:8:1$4dfmeeJJBypqR4Tk$8ad7f29d1f20ff4935ae955535824a14b02fb8a4cf24499b26c279615234bc1d7ecc7c5adbc07e949534f5c862932c3a27da5b250b4b6766f432e5506e577620,Ariel Martinez,1,staff,manager,True,2025-06-30T23:49:35,2022-11-01T00:27:30,2025-07-25T05:32:46
852,user852,mariamullen@example.com,scrypt:32768:8:1$aniuyh0gvmWPbeW3$6b4e676b7c48c34d9e4705e404d3f78c12a9c4fc26928c0b85fc6081a786356db52f0bbc71078db20037ca023f388077f5958ab7b2c67a010b105ec20c27abc6,John Hill,5,admin,admin,True,2025-05-16T16:41:47,2024-11-01T23:23:13,2025-07-03T22:35:33
853,user853,lawrencedustin@example.org,scrypt:32768:8:1$1GvQWHKn8wcAx5a0$04ae3801886dadf2808cf761e1f3b03dcbc16cc178f4775de8816a6897fc052359aca961c41a564ce3e0da94bb239c25be0c342b616ce3a8467ac4f45c888ea0,Dana Miller,3,finance,admin,True,2024-11-20T00:00:25,2023-03-19T20:35:13,2024-09-11T12:22:55
854,user854,laurenvaughn@example.org,scrypt:32768:8:1$POZHShCOnJpuhXHj$b750ae6dbd139f018bb7b4040febe4cb709f2fa0657f833386e2206710021932380e0f0d72ae51964310445b886eddbb3305ced048c4a07d7a39efdf85101963,Lindsay Bowers,9,finance,manager,True,2025-04-05T06:30:02,2025-07-07T07:36:48,2024-12-20T14:43:37
855,user855,ochoajessica@example.net,scrypt:32768:8:1$98NIwtiakGW2p0sG$7566b23919f13a9404ee344650cf493212c5122df97cb53651bf3170f47c9c29c37f890369bda7a899406f497b184fd6e91845e971816b70de6e78760050b139,Emily Hart,6,finance,user,True,2025-08-30T05:18:33,2025-05-03T19:32:41,2025-01-28T23:03:42
856,user856,bgarcia@example.org,scrypt:32768:8:1$G0o0OqIWmmx7WN5n$2ad8e64ce2f1c144720da8527aaca34a6a539aab6e45a6feb635019dc46162fc68f632446ebd9e670273b7695d2f1415268c9175e7902780a7239ebdee8e9c03,Christopher Grimes,8,finance,admin,True,2025-10-05T11:17:22,2024-07-10T13:02:43,2023-11-24T08:58:37
857,user857,benjamin58@example.com,scrypt:32768:8:1$F2RI4J3qZZVoF9gj$7f499c5730d57fb39ed48995c652b8f44aaddda61d9241d02fce293512e6ff9d146f9b9150ac8a256ac0e0fcd2122bd147e6917c675b3c4f8deae73f62db2609,Terry Patterson,1,staff,user,True,2024-11-30T07:05:32,2022-10-21T19:49:01,2025-02-07T14:29:50
858,user858,melissa55@example.com,scrypt:32768:8:1$82JOaHGyJ79UbErL$bb6cac59e9185fbc5c7445498e26dfc2b675c07f2296b9641fd13f71fab8ebe0e8ad1a3851ccc931d5eef3076e4a74c6193c895f5572e51a1123f1f2d2571f89,Kyle Donaldson,6,finance,admin,True,2025-10-25T04:09:43,2023-03-22T04:44:06,2025-03-03T08:07:26
859,user859,jshah@example.org,scrypt:32768:8:1$OPCWLhaShuDQiQuk$1f4fe4b463b0fd44bc14563929539e5f2023ea796ef4ff3ef273de12269f50051a7251ed8e5fab71bc3b199ad04f22b2ef8a5f1d892f69a216d3452ff27282e3,Megan Webb,2,staff,user,True,2025-08-06T01:03:12,2025-01-05T04:50:47,2024-11-11T08:22:10
860,user860,wlloyd@example.com,scrypt:32768:8:1$o46WOeJHZICdbVCG$138a4dbdbe2e12a9a4eca71090f04e54b1b11a8be2c33e6e2b5b6294fd71d7ac694687f8f2a331c90915c70cce2695a5ed849a840a038816c74bd399757e0ae8,Jose Brown,2,finance,manager,False,2025-05-28T19:47:59,2021-03-07T21:30:59,2024-11-13T14:08:26
861,user861,hobbsalicia@example.org,scrypt:32768:8:1$doQjNIdy52ObyuJf$67e9665de39af979dbd2b4d443f64d9ae9c875de4cf0458e0d5a591b274b316350af9fa10967b8820918efb76737cfae564ca8f27bf8735efe60eab499bc03c6,Tracy Mcfarland,3,staff,manager,True,2025-10-25T17:43:59,2025-03-15T11:38:16,2024-01-19T02:47:53
862,user862,harveyjimmy@example.org,scrypt:32768:8:1$LyqfYCbCjD5zAaqT$b9237d8cbe29daae5c4763afd6228792c380d758e6563b85c9619b8378ee5c824c2223ac1b77cc3b2ace70dbd4fde714360ef0da49ab29a39ad89aba90a67726,Cory Taylor,10,admin,user,True,2025-03-07T13:42:28,2025-09-28T20:54:48,2025-04-20T02:35:32
863,user863,baileygabriel@example.net,scrypt:32768:8:1$85S655qABXoA6wpz$1334334408938f2e080adbbc0002f3fa0bfc2b587ef8c7fc3a5e2594c53d1ffb9903bce9ec63295b5d64356847b4c332271daf03fc4b1687803abeb72bb91c23,James Vasquez,7,managers,user,True,2025-06-16T03:27:51,2021-03-02T07:44:59,2025-08-01T18:19:21
864,user864,sandovaldonna@example.net,scrypt:32768:8:1$UME6trjfNqthMeLj$51e0d1026717a36a14efe0820f1754680e4d30635ea1911a8fc9b3c7bc036b1a17a4445811400ce23c2db3de0408e9bc295d32bd8bbab52f8803e74c454fa920,Cynthia Rubio,3,managers,user,True,2025-01-23T03:24:30,2024-09-01T08:19:11,2023-11-06T15:47:10
865,user865,tatepamela@example.org,scrypt:32768:8:1$HHHOzajVC3RHuTB4$094686ed68fa808ab2013de8cd9bd35814cf0d872a6e29400a2a9a64623963f567cd0a92ed459ffeb8f5e52908d0a5dd75323fa2611a8ee976e19b3c8b2af37d,Benjamin Buchanan,10,managers,user,True,2024-11-06T13:14:07,2021-09-04T16:44:41,2023-12-01T17:54:13
866,user866,robert14@example.net,scrypt:32768:8:1$Xpy1Cs5YCCgjK6Rp$63864766b6a3d55b8501aee472760140753cd6837d73187b3b426e9e7f9798c511192d57a89bb182971c07e9b1ece3670bbeb99c7c350622d07e09b44fa15546,Allison Nelson,9,managers,user,False,2025-08-14T10:22:04,2025-09-17T07:20:55,2024-05-24T19:36:39
867,user867,mark03@example.com,scrypt:32768:8:1$BLYj6Ay6ACTM3ZKZ$390650bff25eb140aa34efea6c39618134242383df9cfc631f2313c0262cd4d82b3d53a1c2f4e0ccb54ffaa2e31d6ff4638b76d03f3754c9aaafc43d56a4a818,Denise Bailey,5,managers,user,True,2025-08-03T08:38:01,2022-03-19T19:15:53,2024-02-01T09:19:41
868,user868,vkim@example.net,scrypt:32768:8:1$NB6Rkw3rAa2KjP2C$6a69a3ae848b3b3e2113f1f9e82dfe6efedb1e27da25104d6d8df7ed0a4a545a56f00fcb490557557ca22304ffad679f53884f73789ec91d4882dcc4448dcd92,Jamie Maddox,9,managers,admin,True,2025-07-26T06:01:00,2024-08-11T19:51:01,2025-02-20T05:26:29
869,user869,sharonsmith@example.com,scrypt:32768:8:1$7VFp4XWDWS9GkJbU$1ecbbd21ea797a2518f3dd9ed784af8cefcc510df4443ee97b5d6e1fd0a0a3c558746cda4a8d3a4f3dad67ea1e0f8cc72e9765e590564d50d020a6f6d6883419,Austin Watson,5,finance,manager,True,2025-02-09T19:33:00,2023-04-10T21:33:51,2025-10-09T02:43:10
870,user870,sarahpatrick@example.org,scrypt:32768:8:1$FvnJcQkU9za7ofv5$461769d209a1a11b86412a41439ba1afef3164af2581517f5890d8c56e60b99d19ab7d04576de5b587a8f420140d5f7c41d03e74c8f7be73068e446eb4a841e3,Victor Moss,2,finance,user,True,2025-05-06T18:16:56,2022-05-14T05:03:23,2024-11-04T12:59:39
871,user871,gregorycrawford@example.org,scrypt:32768:8:1$b3xiPXyymjexxs5R$becdea659757c2e88a813b453d421080c8370430bf9524698697c71aefd04cd9d21e7512007c3d52c7e08f13c05efe3b0775b46e3a56a1fbd117b5f1e10a55eb,Willie Alexander,8,staff,manager,True,2025-04-08T15:59:17,2022-05-20T06:39:26,2025-04-28T00:31:27
872,user872,jeffrey48@example.com,scrypt:32768:8:1$pjUZy7VR0RROzaFO$9148408eb8062781ebe5c775935fc1df682d5b60893f4886134da1120a55502da46ad551b9c6706c34fdb5dbfcb6c02c8710f7b71cf3e7314df9636922e104fc,Gina Todd,9,managers,user,True,2025-06-16T17:28:00,2025-07-05T13:57:40,2024-05-31T00:54:10
873,user873,ghunt@example.net,scrypt:32768:8:1$d8bRHOxIncD7nzoZ$97cc25602f3d389f506b6575997f32f343c1eef5a6b2144aaeb0740a6af74c2bfe1c9f86556d8207c87dca5c9bcf52a50f9de3c7a5a535a878853f99a4863687,Christy Poole,3,admin,user,True,2025-05-10T20:25:32,2024-09-08T10:38:57,2024-10-22T16:48:10
874,user874,ngardner@example.org,scrypt:32768:8:1$olklLVZonqM1Rw1H$a81d05e4dce287cfb63f814545ca0edda65f5a1ead8d5ca035a444e35d49b5afe3c4e9ca465382267ed8c383cf131df19f53b8ac6906ff0654dee420e7f893e2,Tammy Nguyen,2,admin,user,True,2025-10-13T02:38:53,2025-07-16T16:33:54,2025-05-03T10:43:05
875,user875,eric87@example.net,scrypt:32768:8:1$TiuXEPcK3nnThNt8$e90c1020a82d2a462c8388a2e8581fe194a0cc03f2e523f9b6cab197a9f8145bcfd07a5df5d7c1cdb2b3fc157a55ca826c1de0a7581ae37e2335cfc23b7558cc,Christopher Alexander,5,finance,manager,False,2024-11-26T20:40:55,2022-05-07T06:19:24,2025-09-18T01:25:07
876,user876,jacobspears@example.net,scrypt:32768:8:1$VV2FnKgfnxxpEJG7$f54f5204d61c727dff3a66b642b42095de2517fc476872dfda2c8d4b86324cafd27b83d9a846974d716473d0323e7b8ca173abee5c9d18432a8fd8c07f70ba7a,Melissa Meyer,1,finance,admin,False,2025-05-15T08:37:36,2025-11-01T21:39:47,2024-04-08T15:04:51
877,user877,allisontanner@example.net,scrypt:32768:8:1$ktwd5mgSJoy2dK2W$5b25c7d4c17d8e2c8bdbb311e6f6d73019581ad2d25a46645cd2f3d8964e11325295f02180f8fc486f70bca50053beca014ba787eb5cf5214b338907d53a0131,Marissa Jones,8,managers,user,True,2025-07-02T13:53:17,2025-06-23T01:18:38,2024-06-14T05:38:23
878,user878,nancygarcia@example.org,scrypt:32768:8:1$rlxj1FsUcMzTnJ0u$c601da16a4f5730626def9416363c9a66230ff3fb38763cef4d4d4961162c2307a448b71f7c4f0742ef3454cb55bf5514ffc8198f125d3d3aac86fda18321dd6,Kathryn Coleman,7,staff,admin,True,2025-01-11T12:47:05,2022-10-13T16:12:56,2025-01-20T04:15:41
879,user879,ntaylor@example.org,scrypt:32768:8:1$U8lxkN38zM8RJnP1$573d6008233dda559d1e7f7ad0a691d3bd21d1740cdf79d30ced7c90f21892acab020a49b31a5fb1778872502bbfda41e2a67daeece6bd00248178c891f65206,James Nichols,6,finance,manager,True,2025-07-05T00:15:42,2021-03-09T23:53:58,2024-07-02T03:49:35
880,user880,christophercunningham@example.net,scrypt:32768:8:1$qHmhIIP7RBsV5Ghk$08cf782746af2004a60a66d4870378fe3408e3240ea27cf582dec5fe123ac6cbda6a49917e7a9fe9a0ecb9211c34939ffea436aec1e78ca1c39af78e6da760fd,Holly Smith,2,staff,manager,True,2024-11-16T19:16:27,2024-03-23T05:18:57,2024-01-20T05:19:57
881,user881,hillmelissa@example.com,scrypt:32768:8:1$lyK8ne7fWnHR4H3Z$b4e94d1153d6b9ee8a3395fce75d030c927fa0dce0d13f80472a7cf9513e2e7679d72a6d5fe2aea8fcaa438edb8bbb7fb69a31f950557a272b55b7278460eb34,Ryan Ward,4,admin,manager,True,2025-09-23T06:38:16,2024-04-17T17:58:39,2024-06-16T11:40:33
882,user882,fernandezwilliam@example.com,scrypt:32768:8:1$mj71whw6UaMJgkm1$45f4938c1441252367cbd79b0716cfe366bc9c9a648795e4bada43d901636dc71203207f8ba9cfd9866a364750254a48605435dc5f48f3669fd8ada579de210c,Kristin Snow,2,staff,admin,True,2024-11-15T08:45:11,2021-10-16T23:53:25,2024-03-15T19:12:24
883,user883,ablake@example.org,scrypt:32768:8:1$R32z4cZImMZFbpHt$17ceb4820967d17f7b3e15b2bc660133290724717168d6cf087faa674f8a83d3796e2c27b6fe419ba50c42e0d44786f7700836eef007b9218e8c270d5421b1b8,James Ramirez,9,admin,admin,False,2024-12-09T05:59:25,2023-11-25T17:23:32,2024-11-19T20:38:35
884,user884,dannyvasquez@example.com,scrypt:32768:8:1$U7UJIgS7WMCdDAyP$5d04a330e0e840c549dee047a0536c6d92500f12f40d0211df8cbeec15d32150b8511428f4722210510b6eeefc3e775977e82b842e281cee04baccafa1b77eda,Tom Williams,2,staff,admin,True,2025-02-14T05:20:14,2024-07-27T10:04:52,2025-06-15T08:36:40
885,user885,karenrichardson@example.org,scrypt:32768:8:1$XoMAM69MT3VqP6Ni$8ce06e68880f034a0a9a45d86ec3d18644d840a0ad683ebd2aa1d8b3d352da8ab9b2a6d62a3cc3d572cb5e6788984d27590f9ab7bc3244a4e38f5c1ea09dfa79,Joseph Bradford,7,admin,admin,True,2025-01-20T15:24:42,2023-05-11T16:55:47,2025-08-04T03:13:26
886,user886,richardsdawn@example.org,scrypt:32768:8:1$nBz3T7LvL0sihFRs$c03ca0d9ce049eda9118eaba2eb128c63a726fbec87a950d1c61397cf84afda12bf499eb93b95d4de4967bd8a65b663064574a11df47ef655073ac1a8469761d,Crystal Duran,6,finance,manager,True,2025-01-02T14:44:14,2023-10-17T17:44:16,2025-04-29T17:14:00
887,user887,diazmichelle@example.org,scrypt:32768:8:1$pPNHdiYFMl7TGX1E$84c5eef01b85086e55732e7e4eaa5cb75986d6b59fddfbd0ff5fa724fee0089a79753b03f4c334fd2725846e26afc06a4c76574613e0682d8073fc37c1dc86c8,Haley Smith,2,managers,admin,False,2025-09-16T08:11:20,2025-05-14T17:40:02,2024-11-28T23:56:30
888,user888,oroberts@example.com,scrypt:32768:8:1$EGq66j9o7Ayg3iCq$782a261182c4b0907894494a1ce09b450eb5187955fa87eda54c1c3384764884ef5655a370f644b80c6a3fb038df5d0286f9668d14f5a23eb3e18efeed425b16,Dr. Micheal Anderson,5,finance,user,True,2024-11-12T17:38:06,2023-11-17T01:45:41,2025-10-15T03:26:48
889,user889,hgray@example.net,scrypt:32768:8:1$VVLUlPPRrz0ZuRap$3b1c46b1d1cb8b449e439582d9c46ca9e4fc7e5ba3d790bfe0a7020816c5a3b4684ddc490fe1c1fc7988e3fd2eb51fe60f27d9dfb254f5affac51c163db5d1b0,Andrew Wright,6,finance,manager,True,2024-11-23T00:42:59,2025-02-01T21:18:00,2024-12-09T02:16:20
890,user890,zachary73@example.net,scrypt:32768:8:1$Iok3QaYPw7GyIWjt$b1f50d025b485242361bda4c628ee5d0985b29605b6ab3db40806da5c1d5321743aa84c9f923afebbdb740d1633d177d894d2d45fb3b812660e4fff6bec212a3,Victor Bradshaw,8,finance,admin,True,2024-12-05T01:17:00,2025-10-04T15:29:09,2024-06-21T00:34:49
891,user891,amyevans@example.com,scrypt:32768:8:1$MrUNpJK6i8b5GW8p$ebb74d70ecc59a5d3e4c5dfac88896b3b2be48c67066cae78a0e49d5eaf90eed45506783e9fee1a8295e38f866827a408e8ec9160dba63b3c67ebde3406ffb82,Michelle Park,7,admin,admin,True,2025-06-02T20:05:02,2023-10-09T09:54:10,2025-03-27T16:41:28
892,user892,ericramos@example.net,scrypt:32768:8:1$5mFCu0H0qeY9DP63$6e9378edd6238b3c62d24101f15d9df3af79bf7c8330af4bf1911482d0be65cc35a87f6a5a1f3fd3738022b3d4cf59c06b02bf72e79c1b82a7df9a384b12bd0f,Scott Thomas,8,finance,manager,False,2025-10-23T20:09:02,2023-05-22T18:27:14,2024-11-18T04:52:25
893,user893,chayes@example.org,scrypt:32768:8:1$CJlVw6y8Em6H3qbt$8d199f03c11afa10a3a383a46af5603c43934c9f668c8d4294a213a7134c2ba53d849f43c9df4b3d2656d97e1b257c71329a4b2b8f37f5bc968e91afa63c5246,Thomas Brandt,4,admin,user,True,2025-03-01T09:12:10,2024-09-21T13:40:04,2024-04-10T02:18:29
894,user894,robert20@example.com,scrypt:32768:8:1$n5KkKp0jinb1OeZv$f0af76f31f69d8074f893c494deb5043fd07a233bac8f055a879ea884216984e6b829de63ea5655e3b502296fb33acbf1cf0fa300e968ddab3c2479f47e5def0,Brandon Medina,10,finance,admin,False,2025-01-14T04:11:08,2025-07-01T05:01:03,2024-11-20T14:39:50
895,user895,robertsmichael@example.com,scrypt:32768:8:1$Yr4y4t5qs7vs5gSk$00e23d71fa7a2d1ba9d8aaff5c9420752f5d831f945ba4d7a577ecf7c73af53354c1cbce1207e24e3920416f6760974893208be3b6bd7ef0b0872f1e70aa47f2,Kelly Boyd,6,admin,user,True,2025-01-03T15:13:30,2021-11-07T13:54:11,2024-12-10T04:24:25
896,user896,lgrant@example.org,scrypt:32768:8:1$0obAvCPeFuVIlhYJ$62fef81ed324ac0023d4577f906dbc89efeb29a0d70c6209db1ab1b7f9f6e3dfa2b48855f27e00cf9d91959800f21a7138bbaf937c7c03b3b844ed5df10492b9,Richard Martinez,6,admin,admin,True,2025-02-06T13:09:30,2022-06-20T05:31:27,2025-09-30T21:23:22
897,user897,angela13@example.org,scrypt:32768:8:1$Z4O5LzD1BgXBUoPZ$fa4d2ff1b43c8c6b00adebf24fc3b036f58b08b496024c77363edb8b90cc07ff3eeab62fdd6cbb458c9cba48d2768ef18389421b82b6948fc4cba12480cfde8d,Raymond Bond,8,managers,manager,False,2025-08-30T18:55:45,2024-03-29T05:54:45,2024-08-25T14:29:08
898,user898,catherine71@example.net,scrypt:32768:8:1$Mru3e5XwSHU7VZP6$2a264126e97477e2a6de0a6b78269d535a7b22a49694b5ab7d7f7720e1b8b222f2d75d04b2e8e2e01ca53955ad23b822b589d2f589a6bdec2a7f4a966b84a5cb,Danielle Cameron,2,admin,user,True,2024-11-02T09:09:08,2023-01-27T08:33:12,2024-10-19T19:06:41
899,user899,williamrichardson@example.net,scrypt:32768:8:1$0YMorcgJo4Hpg9Yp$7ed8b232017808322b006baeb5ac4a12239ccfc03a556fd73d1281042b71311e8d0905c4f6dd36c2d81779d9d00e2b8e9b722a8c3f07659bd876c31127141abb,Patricia Mcguire,4,finance,manager,True,2025-10-13T06:57:27,2022-11-05T05:54:55,2024-05-18T01:53:46
900,user900,pchapman@example.net,scrypt:32768:8:1$ifV5wSArOHShFofX$09582fb8c87bc08d95ecc0b1b99f3030f8b202de9265ef8db7889c8a14ed02a0a275dcdfc80b18c68519f87b466fdd72b15fbf3caaecc31e198475e25880bdd8,Joshua Scott,7,staff,manager,True,2024-12-20T15:38:14,2023-06-30T21:15:21,2025-09-14T21:21:38
901,user901,curtischen@example.com,scrypt:32768:8:1$4G7paEHIFUV0kfVp$338c7cd527fba0e86f2c738f200d31a835b92092f61914038c8dda439d4449ab6fdf282578b305e00e50fe9a3c1c8fb3af8a87ba45972d66a789e3cb9ffa80a0,Kelly Rodriguez,9,admin,manager,False,2025-05-22T08:15:31,2024-07-07T09:10:03,2025-07-11T14:37:48
902,user902,bscott@example.org,scrypt:32768:8:1$YTbNuT5IFZRWnfjj$43cf32c2ac736dbf4d8507916cb07e81817439060bee73df7d3e9164665a9622d372d83eb94aca46a4b2bea4b6a3c38a54a053afbf65e611cca9196543dc09b8,Natalie Cochran,10,admin,user,False,2025-01-25T18:17:57,2023-02-03T18:10:24,2025-02-14T05:45:30
903,user903,kurt15@example.net,scrypt:32768:8:1$i8jYKjTXNlUfyZyn$786ea711b6395a18704a4e553d633a1c330e9150dd76ca614849c2ee654ee288ae5272e6f1e0d0e835c8f43d743fb19b97016643780c114db68f2def6ee42cb1,Jessica Young,6,staff,admin,False,2025-06-04T08:39:18,2022-03-01T04:56:46,2024-11-07T18:20:49
904,user904,collinsveronica@example.org,scrypt:32768:8:1$sLm8ahOVmniSwBAN$40a64b2ab4b8f8403414567c659864b1908c9364e18f26f76ad050232985448af2cc5b8c9d99c85de03611c3ada325e4489c27f89ec99c77f35b53debb4e4627,Mrs. Melissa Garcia,6,finance,manager,True,2025-10-02T19:39:50,2022-07-22T10:11:40,2024-05-23T00:49:35
905,user905,laurenmurray@example.org,scrypt:32768:8:1$IPdxeSVSNDm2Xw7T$f0068ae9e1f66e898a65326e6a825971630c4d4955c6822fc94d03e837a3559777d88c61fa86d400a77e99825da67b5acdff07ddbf07812db01e0a67c29a50f5,Natasha Young,10,finance,admin,True,2025-09-14T00:11:34,2023-05-30T03:45:42,2024-09-12T06:38:19
906,user906,gravesbrittany@example.org,scrypt:32768:8:1$HSVF1itV3hFK43Rg$4dd9ab3f214e93f5c6f6ffe8de31028a89a7596ab2c302f0f05987940180a98076e830ac2083b2e3196d400bee3512bc10a19b52b96158d3657d4b1e12ae0255,Andrew Hartman,5,staff,admin,True,2025-10-09T01:15:39,2022-06-18T12:20:56,2025-04-25T06:56:37
907,user907,davidvincent@example.org,scrypt:32768:8:1$fASRLq7uhlTjGAfu$d570d30058266452256872643eb646d0c850279deb296898b702ede1077abfcbf3a1e99a7290e3eddea5f94dd99b5bbf856b156dbe04577e5ad138459c1ce1ad,Rebecca Ritter,6,staff,user,True,2025-01-04T07:31:01,2024-01-19T20:19:18,2025-01-08T05:20:35
908,user908,harrisonamber@example.com,scrypt:32768:8:1$E40skATkdKKgEtdy$54bd6f9bb6a67a1f1ef3b2cc21c7e246d6bd772267fa1886b281554b6f2801b45f8152cc3705036065379871c611e9d10b12cb38f01f3f48c576b7b36617fb53,Catherine Castro,6,managers,manager,True,2025-08-05T04:05:11,2024-04-18T11:40:29,2024-11-05T14:07:32
909,user909,gonzalezmary@example.net,scrypt:32768:8:1$YuG99eVRBohhT5G8$9c92212347f604df9c9c1cd2f5e1c1ff6b5f9b217f6f9da171d63e92209a3c3c94319deb64b7d620668ce8fe0a7fe6c5b05a5b1684cf728b84d7fe188179bb5c,Hunter Moore,2,managers,admin,True,2025-01-11T00:29:09,2022-02-22T15:31:54,2024-12-25T06:48:43
910,user910,faithbradshaw@example.net,scrypt:32768:8:1$CpOVXAWR9JE3MQHm$a40128d1ca7311417d9c396de7e081ab42ef93abb3a026d02fa9e3a20ee8dc45253d076ef337bcc913bf1ef9609f0a645798a076da809c3d8def7af13b02f1de,Tammy Sanders,10,finance,admin,True,2025-10-31T05:00:18,2022-05-30T06:27:22,2025-10-30T15:06:43
911,user911,xrichardson@example.net,scrypt:32768:8:1$bOzAX4JCrrWcLwUm$cc0c1823c5b6edababb5b18e8fdd4e7c3ca780a3ea3a3b882370220ffb12c7fc21bcb633c6aefe6b20f41dfa492cc165e6f927be3763a3b6b6dae329a1edd3f2,Jamie Brown,7,managers,admin,False,2025-05-29T11:59:34,2025-08-04T06:07:47,2025-09-30T17:28:55
912,user912,zdunn@example.net,scrypt:32768:8:1$KCdEW7Z2q16yg3xQ$ded92fd2d66334ee571c2bf46c65e94428b9fa21cf20ea613b0966cfe8a6f181c688d6e23df4808eadc7210dfecfaa4c34e65431496a200900c2fbf6940ca21b,Jennifer Floyd,9,managers,manager,True,2025-06-29T03:55:57,2023-04-19T16:28:38,2024-03-16T11:43:33
913,user913,robertjohnston@example.net,scrypt:32768:8:1$aqEe7bhYllLiQ7bW$8cd3fff6e0671e7e271e09462d0b2c415a9714bf6e9a91e475957e64d1277affc1953de32839831f3352c4b0b755f380e79ed3998b48c42d4a75eb1b8862b53e,Jeffrey Simon,5,admin,manager,False,2024-12-30T09:38:08,2025-07-26T16:29:35,2025-09-18T08:28:58
914,user914,thomasmichael@example.net,scrypt:32768:8:1$ipqStnlBaS77Yipo$1f1a20802c74da29c5087983c50fbc1a48e89715992dcfc5496255d9644cf1bb069b0d7598bb81e8be8c6a9518ff49fe507df0e05d488379db9146644c620036,Nicholas Allison,7,admin,user,True,2025-04-03T17:58:44,2024-03-01T18:32:21,2024-10-28T10:41:53
915,user915,jeanettestafford@example.net,scrypt:32768:8:1$hAAgG9NUxTf7B6ca$7fb3a37d3582a85dcc78dcd81084a6a748f61801a2850c9d74bf2e83dbebd94669e326fefa739ba39299a38c5e979343fd2c1e7b5f3e3df25bc9c4bde3be7c1a,Michael Russell,9,finance,admin,True,2025-05-30T21:23:49,2020-12-15T02:12:09,2024-08-09T20:48:01
916,user916,amandawells@example.com,scrypt:32768:8:1$LS1NIAe9LDF1MQDV$d959b8e7ded6c8112976c45b6a025be8b9c5bd9dab50f329acc47ef9ad6021b97d411031fe22eadba3dca1e0b257fa1a936c0dc4e5bd091dc820fa5002fd6d9f,Jessica Hardy,5,admin,user,True,2025-04-05T22:38:58,2024-06-22T08:12:07,2024-06-10T07:24:25
917,user917,james41@example.org,scrypt:32768:8:1$bspID8tmRYHSbj7I$846761c4b2b18bbb9b96e6a7195538e7fcb86b732c4575a94c01eb3291019396fd38a032354a7df2eeac19af2be6342b83d535ba11c6a44e67002e704e03af21,Juan Mitchell Jr.,9,staff,user,True,2025-08-12T23:06:21,2024-01-30T19:23:16,2024-05-04T00:51:59
918,user918,ericjones@example.org,scrypt:32768:8:1$JJjhHkHkSSlD1S9b$3f2a91cdaa2e1b390987eba85f6d50759bbfc40eabc2d29b6916ea10a2060bb66c7f300b55e698fcca63a03ca0577c13d9aec0c9697b8a02ab619022e982598e,Wanda Houston,2,staff,admin,False,2025-05-27T23:43:41,2023-08-21T09:15:43,2025-03-04T17:56:07
919,user919,tbailey@example.org,scrypt:32768:8:1$M6OkUU82GzSGhtCm$47fd3cf6b5517a61946015cadba55a1da8b6966c2167435df5653c3424424d383608ffdae333623b3a3a59af444a7389f0ea742384f82d248d8ef01df93f1ed4,Kim Garcia,8,staff,manager,False,2024-12-25T01:43:41,2023-11-19T18:31:21,2024-01-24T16:11:03
920,user920,ohammond@example.org,scrypt:32768:8:1$EH4crM30ig72Wemh$f129ae33e7bf3dabc88aa27c199f814b9b526cca4e29e2a68aa3c366cd3f3109686dba5539690017a4b1ac1799e843c84b6791887efa1487be9162b22e40c7f2,James Johnson,8,admin,user,True,2024-12-08T13:47:08,2021-09-25T16:10:44,2024-07-06T05:03:28
921,user921,mcphersonwilliam@example.com,scrypt:32768:8:1$odaRs3Y3DZ6Ro0A6$8aa750ef38a132930a23036eed73d416f692f9e567bd928b47189ae60e9663af7db410f4a0d75eae5a6b2b3bb8cd9558c49da58e60ff6139a93a1e9889197b08,Katrina Bradford,7,admin,admin,True,2025-07-13T16:37:30,2022-06-01T00:50:37,2024-11-19T22:51:33
922,user922,wcervantes@example.com,scrypt:32768:8:1$IUyI3ccgyLuDObbt$d3182e2b74bf5cf63b3d639fcc9e3558df7277ecf732df0f1f7cd0c7ea324e4bf45b34d8c56b8ebe02d04cfc4c5f3a272bab9f16ca91810e705835c7138d26da,Jennifer Adams,4,admin,admin,True,2024-11-24T01:45:20,2022-05-29T07:26:49,2024-01-18T03:43:14
923,user923,westwilliam@example.org,scrypt:32768:8:1$8knEeVCtbzsqU1Bg$5eeb99038045975a41ac126559b3a79b3fe307124dcf63c1688ac8dfb7a6045924389369adec9a48dfa6005cf7492df1b1a2da97b9c0567b40a5d10475460b48,Lisa Elliott,6,staff,user,True,2025-08-04T13:55:47,2025-08-24T17:54:47,2023-11-27T04:20:52
924,user924,lanejamie@example.net,scrypt:32768:8:1$npFqb2RP0i6lLq8v$fd4d6e5b048066d28c36dcf331e0aa4f35a7d6e98b53b1d6dd7e4544dbf476b86e7c84fb3eeede867c7f36b7f712ebb3d10b5b637c64afb51d387ffc44dca816,Mr. Robert Villa,1,staff,admin,True,2025-06-02T15:55:43,2024-02-09T00:02:24,2024-12-22T12:24:40
925,user925,aconner@example.net,scrypt:32768:8:1$O8M60KlDRdaOStjK$9c6bebfabe6deb54cdcc9db3a1af5de8cccf3a425d48817b7a498f22ef45d395a5c6b99c8912ac7391997ce0e62f99791f71350c90789ce5edaf52cd5b3bf0cc,Andrew Shannon,10,finance,user,True,2025-05-07T06:18:30,2022-01-07T02:06:09,2024-02-03T02:06:03
926,user926,connie55@example.com,scrypt:32768:8:1$haGuQPzFK7x1Dbkx$08b23b381b7e4afed49e6a3597e9c7c3a2155a6d470b23526db3c9ef9b45334c19c8d74785e87b197102fd714364bb3b7d5130c0f69e16784a5125162be27a22,Kristopher Hunt,7,managers,user,True,2024-12-12T01:30:49,2025-07-08T07:53:27,2023-11-21T23:58:40
927,user927,traci62@example.net,scrypt:32768:8:1$iuGNgk40DVuOXWoX$00e171125b95665e18378f83c4d6a7f50c91255369bb53f298acf18998f137ab53428e213bf0da408be3869fa1a4b4a26dcca59c9461bf8c84c6b629ec0b2884,Penny Luna,6,managers,user,True,2024-11-03T16:42:16,2023-02-07T12:32:50,2025-09-07T00:26:38
928,user928,zacharyrodriguez@example.org,scrypt:32768:8:1$QJf36wzS1FfV8MVp$bd5e617ba5d647adde279d513dab59c63a21591bb4f8efca94d3db24d34d16ab5043007d30e3b1c0416356cfe0beb26b05284ec21052702dcfa396e1506965fd,Evan Hernandez,1,staff,manager,False,2025-02-06T18:28:16,2023-08-13T17:47:07,2024-07-09T06:18:40
929,user929,nle@example.com,scrypt:32768:8:1$PfJPwoD6NkJcgOop$98aa40b78f621cf66650ccbec8e8c0341578c6fa2b85017a9ad05093177b8e958a9a76f4303522c266e9143fdc551ef9dd70d9f75c4748f267a94ef7ebe17d81,Jennifer Allen,5,finance,manager,False,2025-02-14T09:42:15,2023-11-11T01:30:34,2025-03-11T09:39:03
930,user930,robertwade@example.org,scrypt:32768:8:1$R7EFXW6uivGzdkSO$d983ea9fe1e4223033f2e81b632d138f33fa0a2334c88de24258ce8bb516a1bdbbc2ee833ddb492e8a8f0c09fd55ed30c3391bf132ec9e8cf486c33199026af5,Vanessa Willis,4,finance,manager,False,2025-06-26T14:21:54,2024-05-26T11:25:06,2025-10-08T19:01:56
931,user931,qtownsend@example.com,scrypt:32768:8:1$cD4XhVJAl6diRv1x$e740bcf7d39e21246498cc1e9181b91d4fc8bb284f66a5ed3cdea505a2d19d6531c38edc437a0b16c40a142306986321049b88c3841161125af06dd8006b6038,Jonathan Rodgers,6,staff,admin,True,2025-04-25T22:41:09,2025-06-23T04:39:25,2024-04-30T20:50:47
932,user932,johnsonmichelle@example.org,scrypt:32768:8:1$7WiXFS6X1aVzbLXb$495d6f80a0fb66ce73d7eacbf44754c47ca1c9a70890ddbacf8eb9e73dee95cdad9967fd05a5a00e8e76cb51e6e1d4fce178c99cfa2d296d28d5a956c8eb3f79,Garrett Nichols,9,managers,manager,True,2024-12-11T14:55:42,2020-11-17T18:49:09,2025-03-20T23:09:07
933,user933,daniel30@example.com,scrypt:32768:8:1$YdOXNMNWkFl9sBj6$7a8e64bb3822a62519b950ac70dc58601d412f42bd5b7d0980bc2a2d7e14e95a38d4c7bc84aa9f3c6c7d997428486fd2158f9ff57db86ea9ab9633dd25863e9e,Charles Mills,6,admin,manager,False,2025-09-20T19:30:08,2023-01-28T17:29:20,2025-08-03T00:06:41
934,user934,hodgesconnie@example.org,scrypt:32768:8:1$PWNrrrveftpl4DlN$ea14bcf564974f12010288e15ad2317605f159f246255a33c66063b9a587252545a9b57f028e9fc31ec67d9f924fc816d339920af1b7f34755edeb239ef7a4b9,Sarah Hernandez,5,finance,user,True,2025-05-16T09:11:16,2025-08-21T02:12:31,2024-11-11T06:07:36
935,user935,daniel61@example.org,scrypt:32768:8:1$WlMipBoWW1WdLKgo$23f1f7e8b78beb279d2ad64d60deff6d39e9f9a9f3a309dcae3d2f0c688ec5523be5e9c8625d8fa6fe559f36dbfaed2b44617a076696f00e971da44886f013db,Carlos Edwards,7,managers,admin,True,2025-05-06T08:21:03,2023-09-11T10:28:31,2025-01-16T22:55:15
936,user936,matthewstephens@example.org,scrypt:32768:8:1$dNyitP5kJukVxbDD$12de4139857634cfdb1856c270533c8351d432dac6dd36cfac6f677074b91f5d4f72b311fd3598209e753406441496dc11b3fd42648a6aa49427b566289f77fc,Shawn Ayala,8,admin,manager,False,2025-10-29T08:25:48,2020-12-16T11:24:22,2024-04-20T14:58:10
937,user937,mandylittle@example.org,scrypt:32768:8:1$swOZwNs0xjNZwpxW$ea1bcfc73489d4df8b0463f7de6603430296488db0c2cb22a09addce5e55b62f2b79a6a6298023e024c378877687b87be5d4df75289d89380c32d8824370689f,James Mills,8,staff,admin,False,2025-06-11T22:38:54,2022-09-20T13:51:52,2024-10-07T06:54:00
938,user938,klee@example.org,scrypt:32768:8:1$nMv36MtWG3wiOMfl$08c77d8730b16ef1f61b1dcc90eaf1b708137ac3bafc05ad3f9539d6beafd52356ccec608fc372d46780367085d759dfa6bbf8fb81501e08c9166d2252690dae,Marc Adams,9,finance,user,True,2025-07-17T10:15:45,2024-10-25T09:20:25,2024-09-04T23:03:23
939,user939,garciamargaret@example.com,scrypt:32768:8:1$t1uzzPrMFiL5XL7t$9377b25610b4905300237f7324d030cceff48fbff5ebbf4fd6ac1d0fbcadcd2c6f8c568ae1c304a8a75efe14e1480fa015a1719db02d4db8139ae1cf70c764c0,Dean Jones,1,finance,user,True,2025-03-12T17:05:02,2021-09-28T06:18:44,2025-03-03T07:01:02
940,user940,frank81@example.com,scrypt:32768:8:1$IUTBd8PX9E82qhJ3$7c74fb23260a2476239b06c5825640f0724b18e1ae903ca6060b7d90946ec6a3eb6f6ed400c51ca0d81858ecd9f8f2954ad72d029fcce59cfee0b87b93e7533b,Jeffrey Murphy,10,admin,user,True,2024-11-26T19:05:43,2023-05-07T08:23:49,2025-01-02T11:56:08
941,user941,kristen59@example.net,scrypt:32768:8:1$ebG2zgziygvJRIrV$2c22312db9cf7b2ca0bd65d2517aba314daac35758f4b041de51642069cb025d677355a6141c7f7520fada17777d8897a1205dfd67b9c61b4ebbbdca0a466dca,Jimmy Melton,9,admin,manager,False,2025-04-02T19:04:28,2025-03-30T05:10:21,2024-01-30T12:20:29
942,user942,elizabeth83@example.com,scrypt:32768:8:1$rqXwdhM4iOINUv4O$d6c11ee46633d1fa368983debb9c0aa91ca9cf544155beb697a0445e03a396d6d0f27ca922f44bcdc1496d39c5f15c7b2701d0024d875a01700b53b4f197938b,Leah Bailey,4,managers,admin,True,2025-03-24T00:05:11,2022-10-04T10:14:04,2024-07-01T12:48:18
943,user943,ccarroll@example.com,scrypt:32768:8:1$jwAV16UMW6Mhppa0$863e84a153468e4362d96a39ef6ed297f2fac93f023bb5d805f8ff7b4c11e65dd11c6ba587b1a99af3cf3b4fef2a8f7e78e7c83551317654771dafbce035aea0,Colleen Ballard,3,managers,manager,False,2024-12-22T12:28:15,2024-02-15T08:01:38,2024-01-11T06:07:56
944,user944,wburgess@example.net,scrypt:32768:8:1$8kbw1ScW5vojWpRH$3b00526f890ec65dd3f12f4fa77529a453ebf6d4685399738debe4a00e95e59cf58c3a1e53b31f64f74745fae0b549fcf4ab9e98ba2969ffbed79dfd4fb419f5,Keith Parrish,9,finance,user,True,2025-07-17T22:53:49,2022-03-31T13:19:55,2024-04-04T21:56:04
945,user945,wbell@example.com,scrypt:32768:8:1$hNm28oWklN5GsOTg$3fa1cab78ec7db6c0e7e83727ebb60c499a8f3ce8b6c45848210024e8603fc75885f36b1c11c764c32d7fbfb5a0a0f42392c857dcc325f76999b1ac137ddacfa,Paula Sims,3,staff,user,True,2025-07-08T12:49:29,2021-05-02T15:33:07,2025-03-18T18:16:18
946,user946,evelynfigueroa@example.net,scrypt:32768:8:1$ipSmxHJlQt2hxBD3$cd50caa9f6cf61819b7bb5e9f490420773b7435a5867d169958ef719e254be3cb56f427fad5b9fc02d346cdd7c872f18b92904c0e11a94bd47ae7acde2fef3f5,Bruce Sullivan,5,finance,admin,True,2025-03-17T23:24:57,2021-09-04T10:43:18,2024-11-24T20:58:52
947,user947,lucasfrank@example.org,scrypt:32768:8:1$QEoGrcu2bfffMUiK$840f466c808fb2c336e23464f5a57d1b9cd5b3784e7accfe94429634918cbeea14dd53b802494cdd3d9f32cf5b48d8063cc6eb32a5de093ad348ae73f480f638,Tiffany Roberson,7,staff,manager,False,2024-12-31T15:24:43,2021-05-12T12:19:58,2024-11-14T18:30:59
948,user948,torressamantha@example.com,scrypt:32768:8:1$Pm5mVcIpFweHOR07$1b1994c119d2fe1c3ac7aceb8c87243297cd4dd542cd61a3aa3e2218e57747d5f15e60967920bba18cb11794a10354005f8bbb9e6fb1780d1606eef65f701d5d,Lori Wright,7,managers,admin,True,2025-06-26T07:28:59,2024-11-17T14:30:25,2024-05-07T09:21:48
949,user949,tammy28@example.com,scrypt:32768:8:1$mtx8Xn3MY1MbCGyk$cfbb88871171412d0cd7ae9d45520994810302952c9e9b459b9c4e641d0057c506f0d502aabc0626afc8f31059930afdca707af7c4670c063a04d4e0a209c9fb,Stacey Lopez,9,admin,manager,True,2025-06-26T14:05:58,2022-06-17T05:28:06,2023-11-09T15:02:07
950,user950,igriffith@example.net,scrypt:32768:8:1$C6F3EFY9sITRpc98$c651fab23454a158a8f090020e55d09ae277ab39aca3eb5a6484eb539c4a108b4903c13303b9e820a36baef56f902bbf29366cff0bd414f5d22f82adb8c991cc,Jennifer Swanson,8,managers,user,True,2025-10-04T20:18:58,2022-10-09T22:00:10,2024-03-31T07:55:29
951,user951,jocelynsingleton@example.net,scrypt:32768:8:1$3ttWU7HL37eS4hZm$c3e2cb5f77d099262415dd99d2a4a6389e2d0c78c40e822801219c8dd4706c78640a5a2245f619fb9e47535d70f72ada75aceeaff6d086984e92edbfea14236e,Cynthia Collins,10,staff,manager,True,2025-06-06T16:30:13,2023-07-07T20:54:55,2024-04-10T00:20:37
952,user952,christina10@example.org,scrypt:32768:8:1$qlAmTXNQW4V1k1Mm$025cc3e6697123d87e8099af67a9c28c89ae6f6545f95c16f20bddc4d56a443572c028767327cfc37ad0efacea1c73b1a149491b477e11b4902ecb610a525950,Ian Ballard,6,managers,manager,True,2025-04-14T12:28:41,2020-12-08T06:55:59,2024-09-13T13:26:45
953,user953,williamwright@example.org,scrypt:32768:8:1$MITmUZOW9IiE4aYC$7c84c0fb2ea874831081876e08993acb213ce1a81d360fe5e9d05be21a2154ab7ed2fc49ea826b2944991f0def5e1d98962dc483f1d3b6bd65365adddadd9a0e,Robert Butler,3,finance,admin,True,2025-01-16T15:41:45,2024-02-03T06:09:09,2024-11-02T03:25:10
954,user954,zacharydiaz@example.com,scrypt:32768:8:1$NPzAXXlFwBdAJaBb$4071424b62f899d3b04c5dc6e546aa96832b23cde46c9ffb93967989baf82124dc90ffd01d6b7438dcf8008dbd1380dfc03509e03195091b09a7e16506c08e46,Maria Collins,5,finance,admin,True,2024-12-31T14:14:56,2023-07-02T02:41:55,2023-11-18T11:07:16
955,user955,gadams@example.net,scrypt:32768:8:1$oobsn7zjsV9D9qUB$549b30b51ceef2449efc15c0dc04e1683a0b05f2ff19c9a2900654074480bb06fa2bd5c757edde0f4a184a706d8e871b014860fd61102b2e537a8521bd29d76c,Rebecca Pratt,10,finance,user,True,2025-06-24T18:45:08,2023-01-05T17:14:11,2024-08-24T04:58:16
956,user956,ricardoflowers@example.net,scrypt:32768:8:1$HnutkW0LnghFru7c$1e9424904a3b36282e7c472ef0ac30b824a8313d312bc2c384880e4d625c2c0e5f39b2383b661a95810cc838f2646a107c83775e6e2f57addb22f779f55d979a,Stacy Robles,8,staff,manager,True,2024-12-15T07:42:50,2025-07-16T22:16:47,2023-12-26T01:49:01
957,user957,john52@example.org,scrypt:32768:8:1$OR4Th74GXszZwjTa$2905ee581234fb6bf49d7896c133207dcbc1c69e1d6d65e02d4598c5fd0adfd7158a5f4df3e4b22f8bd28a3ed071c6ac4b97bb598c40b02eabe801e6e8f4abd8,Michael Vega,10,finance,user,True,2024-12-16T01:30:27,2025-05-31T08:41:45,2025-08-16T20:52:37
958,user958,christineeverett@example.net,scrypt:32768:8:1$iZqjEYfKxOQVHw5x$9ad97cd95cdca16fd93e31409060f82fa8c43dcd43c2d72386af829aea7a165c8fd7772bb22316f38c457146afb33f5a0a5c8f57be8b3712b6cf97915f03b068,Patricia Graham,9,admin,user,False,2025-05-11T22:22:05,2023-06-14T15:34:26,2024-10-19T07:06:40
959,user959,wgarza@example.com,scrypt:32768:8:1$xTXgxrn7CnclyaCH$734a7726ed18714e79ee6fe3825c0635d0156d664020ee89e3b0441914e01c1aade6a7fba5118a1cad7a0f948d14446b69cf3437f006004c5350c34ad257ad72,Samantha Solis,7,admin,manager,True,2025-03-19T09:58:23,2024-12-28T01:22:21,2024-11-12T08:23:46
960,user960,wheelermarc@example.net,scrypt:32768:8:1$GgZo4nbjBrwhqo0w$f2f072ee74b094324136fa4cd9a391ef1e4a2bda327a18f08d22f905bdfc8bd9f76e4d641cc0f9bdb8f9372266cfc24268478f1effdd00c421776ef17b939dd3,David Wilson,5,staff,admin,True,2024-12-26T18:00:51,2022-06-17T11:41:42,2024-12-05T03:44:08
961,user961,karenboyle@example.org,scrypt:32768:8:1$CFyXsp2TUYihBaOH$914b902e10d1a6df80c3cf951b339f4bc538fad433cefcad4a5f08893a126fc0fbcc0456a5abba39fea39920058750c6925a50fc2c61de78f36c2a5280a1a693,Amanda Bass,7,finance,user,False,2025-09-02T09:12:47,2022-09-18T04:01:37,2025-07-09T22:15:09
962,user962,jensenbrandi@example.com,scrypt:32768:8:1$h3a0qMYZGS74bHBm$c41f7fd0f69bdbbb026de3ab515a4dc4a9fa913c81a434f5c615a2d7439c2660b31a4c72c2a283f18e46d6000edcca771f66fe9e1367bc0f83171aeb78e34d6c,Sandra Tran,9,staff,admin,False,2025-05-07T21:42:14,2022-03-24T18:40:00,2024-04-16T18:53:47
963,user963,kristywelch@example.net,scrypt:32768:8:1$u5d6GgV2KRH6vYGn$6122b38495532ae3aced31c637fd6a8b1b119821d45a63082ed8f7e3de629681a7191155ba399810f276de20686644e777d740ed9d19706190850fab5eb7a2af,Maria Douglas,2,staff,admin,True,2025-05-25T01:50:01,2024-03-20T07:05:31,2024-06-24T09:03:15
964,user964,bphillips@example.com,scrypt:32768:8:1$ttfh1xzLOgJNEFP0$9ddebf6bd12c2ca8ec766e0ce42d9e9fd4a24705fa15035340208726cb90fd01aab3f1d50c5c18a3ede0678662f9a4ca308d82763b8a80002bd15cb9a4ddbfad,Samantha Pineda,2,finance,manager,True,2024-12-01T05:21:58,2021-08-03T11:41:32,2024-07-22T04:51:25
965,user965,jeremyhoward@example.net,scrypt:32768:8:1$N4qPF9wukmxzqKSH$f384d6dee86209043500f9cc84dd90c2ec28df034b906aaa1a6c8bcc1945a8c15f1f7a4d9d72bae5252a519544c03f2c260b04c87d8fe7dfcde8398f3b5ab2e2,Christopher Peterson,7,admin,admin,True,2025-04-28T16:48:51,2024-02-09T13:17:11,2025-05-16T12:59:03
966,user966,stephaniecastillo@example.com,scrypt:32768:8:1$eBiYitKrJtybWsQg$4990e107389d34cf0658a42bf51f5e19c2edb769e151a95f8affcd8704815ff7ed3a13c1ff4c89a84bd84fe824e333e2f47cead907e5fec64d6ab412ae30602c,Joanna Maldonado,4,admin,manager,True,2025-03-29T19:46:32,2022-08-09T03:00:56,2025-07-23T21:51:16
967,user967,emilyswanson@example.net,scrypt:32768:8:1$DWsUN8tPmH4hjtTy$dfb6696332ffd5beb0f2024993c1c329968163ffd3d3ceaa7bce015902d236c518eaf302adbfcecf10b443afa8edd0ff9c9d857a8e7f73baad16485faf10478c,Manuel Walker,4,staff,user,True,2025-07-02T10:30:36,2023-06-15T18:51:08,2024-08-23T17:15:17
968,user968,brewerpaula@example.net,scrypt:32768:8:1$1PEYhLVCvfv8wITM$8b7cfd381faf88ebdaebb8aa53684fe601d530b1ec9fe30bb313630a66fb33ff354a600df8fa826714b6fb53817644f03d2ff315a9ee3127a55d1e722eca1d7f,Daniel Smith,7,finance,admin,False,2025-01-06T13:28:18,2021-09-03T08:26:01,2024-12-02T20:14:32
969,user969,dukejeanette@example.org,scrypt:32768:8:1$Yxex7eA079V4dinR$9549c4535c0e15f254e1a1cc5c722f8f56d1833ed0afa3d156eb547a72109a939189d34035d903b4d73c1247d303ce3c8567d414af0b9d6a2434615e8efbca3b,James Luna MD,8,admin,admin,True,2025-02-26T09:29:43,2023-08-07T17:52:16,2025-08-11T09:13:30
970,user970,margaretnewton@example.net,scrypt:32768:8:1$nOBjgtXvryjWbHqQ$c3175c01ac74b2885114a27e3a0022868ecc2ab960dcd4c3d4575bdd7fc97372fd904fd3c9ee4da8d7f3b4971e70eae2a36cf3947845834e73c06a5ac234b5b3,Alexander Zuniga,1,managers,manager,True,2024-12-17T18:40:02,2023-12-30T22:37:38,2024-01-15T07:35:53
971,user971,ymoore@example.org,scrypt:32768:8:1$nqk0zgS52MPTqeZP$ff4d4fdfbdb9af3564d360459227e175619e3940036382558a3d7ccdfa604480f4e9bc9306d3bed4342710deaff41d1206ed1fcd5df56ea7cae224c7541c7ef1,Emily Ferrell,9,managers,manager,True,2025-06-20T07:39:31,2025-01-19T15:11:34,2024-08-16T23:24:37
972,user972,grayscott@example.org,scrypt:32768:8:1$XGXqC7hCT9bzvYWW$6f5b1c4e404d50372e0160dc818d9aac3e6ebec322470f0faff2d4fcfb32b0e9aacb763fde6cb91971ce3124b058f94161fbc779ff7e3d3b67d3536533d51d47,Michele Foster,2,managers,manager,False,2025-04-04T11:28:44,2024-02-10T23:11:39,2023-11-25T19:21:17
973,user973,andrew18@example.com,scrypt:32768:8:1$dyL02wSmCQS2UOog$d11496815c3b825a699b7828438b14fa1ed893f908bf8c638ea9b48b1f51ef144495df725c77565980b1c1aab91188c01c39eb727dbe03a1701a1acdcd005b27,William Wilson,10,staff,user,True,2025-02-15T11:32:05,2022-04-15T07:57:47,2024-09-14T08:25:29
974,user974,mary57@example.org,scrypt:32768:8:1$IG2NK6l6kXeWmmTN$b027d60b51ad4b107325fbafb1d1d52b0380deb0f11d077149d5b35795d6730e54de9d9abb2c98789bc0a9308c28bc98816141cde853111d007ab0067a936195,Parker Watson,3,staff,user,True,2024-12-20T09:33:03,2020-12-17T21:37:10,2023-11-17T19:33:57
975,user975,nthompson@example.org,scrypt:32768:8:1$IG95VEFFa25XRRdb$9b9cee23602d3e4df4571de26da9914210fe9fa26bd8501dd6cd925426ce7bfaace889c99fd7a88d78f97c84a5a12cbdf7846ae124e905641ad466389ad7c7b5,Shannon Copeland,10,managers,admin,True,2025-02-07T22:53:45,2020-11-18T12:35:59,2024-10-10T16:25:39
976,user976,ray98@example.org,scrypt:32768:8:1$2dcJPOrwQGnVletQ$0ba68d7f7275e91c4984de41854f735c9e66828ffd583e690718a2d7e12a97532b7f340ea884e78a3a156ffe00fbd0c9c56f80f73bc46c504eb2c09a51c18842,Bill Pitts,3,staff,user,True,2025-03-01T21:55:11,2022-01-16T13:58:50,2025-02-12T17:13:51
977,user977,peter97@example.org,scrypt:32768:8:1$SmtQyCh0Le5v24lT$9d7f43db45515a979018a1b9add78e5a0cb86baf6da6e1bce653f3e4a1f5bd99de14b8074c1877d77f7ce338d6b2134a0b3cb82419745f0653677ccb1c17b101,Kenneth Graham,6,admin,admin,True,2025-02-28T00:59:40,2024-02-29T14:55:18,2024-07-17T05:12:01
978,user978,kaisercharles@example.net,scrypt:32768:8:1$QYpO9ZPQnqmkaSdw$58b0ff52e6b140e71872fbdbd64dd9fe198de402b5b7cf434aca6fe7d4904d8ab6f99fbd21838becab9ca70e15629532df439fe443945d6386038177cc718da4,Nathan Hernandez,5,managers,user,True,2025-06-03T22:09:47,2022-07-22T16:26:50,2024-05-04T16:02:13
979,user979,floreskarl@example.com,scrypt:32768:8:1$RpAW339WUuHpB6eg$14ff1864cd91feadeef3a1294dcbf662a14630c08962dfce5cbe5b2b754c84606bead804ac9af90e955aafe73917aca65e7c8bedb178094501f9c797bbc6e83b,Patricia Cochran,6,staff,admin,True,2025-03-29T20:10:13,2023-02-03T05:30:17,2024-11-04T23:36:31
980,user980,donaldwilson@example.net,scrypt:32768:8:1$edr3G0GXGKFqUjEF$71e6cce80cb77e5c4bc6290926ed1c9ddfc662af02221550f356d3834c5778e84c1d670ec9982c16686ad50dcf867c89701a59840d8ca7848f12b61ca510cd5c,Brittany Santos,3,finance,admin,True,2024-12-11T17:52:55,2023-04-06T12:07:00,2025-05-29T12:25:28
981,user981,stonejoshua@example.org,scrypt:32768:8:1$zfb6mbXbpaosFlA8$613c58d5d1e000fd087933de741808501d92e1a5f1e0ab165e8f00e221889711bf9f2c9bbd6bd1c0e9d1bba31ab6af71cd12e5e4cfa7a03762433810fd4c5c30,Mackenzie Blair,5,staff,admin,False,2024-12-26T18:42:24,2022-12-25T00:21:13,2024-10-26T13:48:24
982,user982,tanner21@example.com,scrypt:32768:8:1$uoDvsXxtB6yO2TCK$f3ec36e55f42897e65b7b1a84d54b6e71b7a3e951e9c042f944fdc1e717dbfad507b795d32cbf19990cdecc681d95aca44be8959ce5d1b5f4abf1519cc7ed39a,Christopher Dyer,7,managers,user,True,2025-03-08T08:27:42,2025-06-24T15:59:24,2025-09-21T08:59:04
983,user983,margaret09@example.org,scrypt:32768:8:1$aqwp6cxiKZL5jvPg$a47b72896c7b6f283d6c790bcd83ce05f224ff85145ce33410538305aa7b1ba97f947d22a48d9765b0227a4bc1b078ec316903e05e8ced06dd45010b70fdccc8,Andrea Phillips,7,admin,manager,True,2025-03-21T16:56:29,2025-01-14T15:49:07,2025-07-04T13:09:06
984,user984,nellis@example.net,scrypt:32768:8:1$W8M8REHD3PGmfwwi$670310a331ac41124fa6751d6bc3961e8e408b19c374344cf59c9cae7937d55385546b6597132a65a974cf91b83f29272dd002a70783e482cce1b8b52e89af73,Stephanie Cabrera,9,admin,user,True,2025-07-23T05:26:15,2024-07-08T00:39:17,2024-06-19T05:48:41
985,user985,heather49@example.net,scrypt:32768:8:1$CNqNjbWsfIyl48WK$fe6f46134adf8dc4a4a7dcc74d4fbb6802e4fbb5326d9a633d0c9974a546b45beb6106e8340eefb9c5e0def214e417df0291584e78f09616aafcb28fa6999bce,Billy Mitchell,7,finance,manager,True,2024-11-17T17:23:05,2025-01-20T23:24:35,2025-10-14T23:19:40
986,user986,osmith@example.net,scrypt:32768:8:1$TBRa1uk72LYZZ9KD$b1bfdf6910fb04dc753504160b95ecb4276cec6ed6619c33a7a3be0d9b72e8fd915c4fec0c8930a2f99f293c36d5ad86cc046a1c56a6df7a4df849dae88ac4a2,Michael Davidson,9,finance,admin,True,2025-08-21T13:39:46,2021-10-28T12:57:09,2025-03-16T10:54:41
987,user987,john71@example.org,scrypt:32768:8:1$sAJ8cNrdjRCZdquP$2f25f9943ee83aa953e47c744d2bd0c875d5f804feef73b5cc7e7a0cfa1fcff5e4fbd4c66732042bac65b0c0558f717f0cabb2582361578173707ef7223fe9b1,Steven Rowe,2,managers,user,False,2025-04-03T10:35:12,2021-04-21T10:47:58,2025-01-26T02:35:21
988,user988,kimberlycosta@example.org,scrypt:32768:8:1$ttwTinoDYRDLf9aR$90d453dfa0fe6985d1548cdc9f2387be96cbb430d328c15e63dec684e4aafedc523ac861e091c4c8e1d01291b8d2494356858ba7597009ab287dd9773051e7df,Mark Hunt,2,finance,admin,False,2025-10-05T11:00:45,2024-08-25T05:05:40,2024-05-04T04:43:40
989,user989,rebecca53@example.com,scrypt:32768:8:1$RqvJx6piLtv80h9m$0fc341d854c4bb8cd61512428c0abc6dd17999424ce259f82270da302454f282f097842158103dae5d651c93bf7ab31c6f23b7f337fa46c79b39871380285133,Kimberly Austin,8,managers,admin,False,2025-08-03T18:16:07,2024-06-08T22:07:16,2025-04-01T23:58:18
990,user990,kpowell@example.com,scrypt:32768:8:1$PqiNuy2vub8mvrG3$e5da8d7361919ff084b1965f8f11145a2b604f74cf106a7a68d8038d21b30ef5d1fb1ae2961982ee51bb02eb1f619651843dd6e1a644a7f300a6afa9e233ba71,Dorothy Lawrence,3,staff,user,True,2025-01-30T03:33:23,2021-06-27T18:17:04,2023-12-03T07:25:43
991,user991,halljessica@example.org,scrypt:32768:8:1$KL8c4p3sXiKzEVbH$7a08341306107adce697debb67136d3bd8e4006e2e4c57f8fa13843703f15ddba226a779fe5ef4d78392885ba0ab134db7875a054ed38dfc6b84c05b83718e16,Jessica Leblanc,7,finance,user,True,2025-02-12T22:45:26,2023-10-31T04:03:10,2025-10-10T23:05:35
992,user992,bconner@example.com,scrypt:32768:8:1$csXLom6QicXbHuBn$8142f336f93e147351ea50864bb2bfaa1ba062462a57656c4bda5c89c7743f396ec70e696127b2369c2ec068a92701d23fa5a4bf979a031c188659cccabbeba2,Brian Burton,5,finance,manager,False,2025-09-18T00:57:19,2025-03-31T19:53:30,2023-11-08T05:54:32
993,user993,mmoses@example.com,scrypt:32768:8:1$htmrcklJzouuqt77$cd56384477b22d0735d6ad75700f73ef2d6deb65cbcfa469d01756d8f92b07286b0cbfc906973edbacd7a600f5006cef2bbcd8afb3773ad2729d6229e9a1724f,Timothy King,9,managers,admin,True,2024-12-26T19:32:36,2025-04-22T14:45:43,2025-06-19T06:17:58
994,user994,michael70@example.com,scrypt:32768:8:1$t7tG8wzTzBU9ZmTG$9d835fabe38c61994e98ef7162261a1077827faef570e5efd772781b37e107e5a7f5c51e21185f89ddcf9adaf3d08a409f4b9a6cef859abb27d2bd70fb7b03f2,Emily Williams,1,managers,admin,False,2025-02-08T21:09:29,2024-10-01T03:37:54,2024-08-22T18:49:05
995,user995,ole@example.com,scrypt:32768:8:1$L0rqAKYVDJBWn6Zs$eccd61c8253ef538f7ccfea3766f1259078497e0951f812588f5849abcb90781952d96d7d7e13343f7aa42da872510d3a6804ae6bbd44570d9da4f1a206b405d,Holly Stafford,3,finance,user,True,2025-06-08T01:52:00,2024-06-30T06:08:07,2024-11-28T10:37:17
996,user996,gregorybullock@example.org,scrypt:32768:8:1$TazJNPruFglvTExI$d72e7deee681fd982b551db1db209f3f3ebfb0189760b7bea383b5ffe1376e70f67e3edd18efba4b8a1da9c8065e40a489ecb1c46d7f3b2503ee774c3c7bf086,Michael Rosario,8,finance,admin,True,2025-06-18T03:09:04,2023-05-11T07:58:16,2025-10-28T03:16:42
997,user997,jose63@example.org,scrypt:32768:8:1$op2UfbyNqSF6PkyU$c23e210732c6b6d73a508ff655c94a90a17c17ca1c9eb433ee7bd3ab5f5b78a777759fe953b4bc3057e858daa9dfa16dac552461c86853d693e4aba799c68388,Mark Jackson,7,admin,manager,False,2025-02-23T15:07:45,2022-10-07T13:28:05,2025-02-01T03:58:37
998,user998,jessica29@example.org,scrypt:32768:8:1$Za1VonsyiPqztrHS$4239f58985116df085cadc8f4ca73f1d27ea3493669f8139056f763b7a059c36a97a7f9957404f60e0699ad6b8e84bff91bd55b811282d97c09028925af1f278,Jessica Smith,9,staff,manager,True,2025-04-10T14:46:24,2022-12-02T10:01:22,2025-10-14T20:49:24
999,user999,alexandriabailey@example.net,scrypt:32768:8:1$X5pWPo3F5q94HZrS$075d5a704a3b8910b9fb591e48eedd746a67f8574300d4e1a3ed3efde8ce78a6af3e56136c990d70e0b5d82cb4f7ac606796036076fb9730085e948e8f118440,Andrea Parker,9,staff,user,False,2025-04-03T23:42:00,2021-02-22T01:52:39,2024-02-24T12:27:20
1000,user1000,griffithstephen@example.org,scrypt:32768:8:1$NZaxn8nmClVGMWpU$c6b31aeed8a1b457ae8a7f006107b0b4e1ffd1da5ccb010c0bad04edca052eee748345ec70efb5866a18d7d3e4a9b39e6d010576ba525460181362d7d2536895,David Nash,2,finance,manager,False,2025-01-28T01:30:39,2023-11-15T10:22:41,2024-11-18T04:06:39
1001,user1001,linda27@example.com,scrypt:32768:8:1$NjfMzMmxBbBWKfRA$41a8ac48a584d5061b43302ee67f5bd6bc18ad7d679baa4a774c7ec683a43f330259274144290d9fdbe087caab436f0dee756a24c5157b68d5fd2469306e80cd,Trevor Robinson,9,admin,user,True,2025-02-26T16:08:28,2022-11-01T00:18:48,2024-07-26T17:59:43
1002,user1002,jberry@example.org,scrypt:32768:8:1$vYePxJ0Lb52h7lLa$090a3979467a62bee0f50a08a3a4e32cc6c4c51a75c9b7b1f4a273dbca2423e1146a329d5a57d4dc4e6e6733df01efdc70387449abd09c56416e025fa55e6ae4,Amy Crawford,7,managers,manager,False,2024-12-17T21:19:14,2024-06-17T03:31:43,2023-11-21T13:52:07
1003,user1003,bishopwilliam@example.com,scrypt:32768:8:1$q24gNSpaN2tOLLL0$f7acca090f4c27a704c72de2c63f0009cc32bc0c541d9efbe829d8754bd33744c08b3d5c5c200ec082a54d3290296a09121e006ae31e0501e3f49984851ddaf9,Christina Allison,9,staff,user,True,2025-06-13T03:44:05,2024-03-14T00:13:50,2024-05-12T17:13:48
1004,user1004,thomasmoore@example.org,scrypt:32768:8:1$ITARDj4VOFFVSkmn$8b10d68bf97d87e961fd554150c3432ea623075eff350f82ca68621a76f1076dbc31a965d90077845e928c43ed3462a6b0994bea38b1f5a563286924e1cdce97,Ashley Hughes,7,admin,admin,False,2025-02-27T20:50:47,2025-01-25T16:19:42,2024-09-14T06:58:38
1005,user1005,csutton@example.com,scrypt:32768:8:1$S8tjE8q1tyNo1jhm$e7d25e3adea157d4a55e00f05762e287a237b016943a7db50abf56d18d49c8783481bd80501b9938e703962ba374bd61c065bf49828ebf065c9acd836d60d2c3,Ms. Beverly Garcia,2,managers,manager,True,2025-07-18T11:56:11,2023-08-26T03:09:54,2025-05-26T13:22:08
1006,user1006,carolsmith@example.net,scrypt:32768:8:1$EeyyY2d4RfGOAxT9$242ade0e7e5d13edaaad57311fe831c1391ff92958a4f24488bd9a3288899e37ea5eec07a27a78239fe01bd7606706edbf4245f156967e33f6ada6ef7fee1645,Vicki Lee,2,admin,admin,True,2025-07-30T11:57:08,2023-02-18T12:18:38,2025-10-21T02:00:36
1007,user1007,stephaniereeves@example.org,scrypt:32768:8:1$vc0Pr4DJt8DC9KzZ$0d8cd762f86856cf78b7434221ebd47f0a17f5d5f8f3e5548a5d7ac4514326f4f89ec59fd9ffae9c8026014df65554dfb02dafb13bcccaa025100c576afbcd83,Ashley Zimmerman,2,finance,admin,False,2025-05-26T10:24:31,2021-06-02T15:17:27,2025-01-31T20:41:21
1008,user1008,caseyphelps@example.org,scrypt:32768:8:1$aRPKoSwpD5ktBWYZ$cf11ddcccf2dfd4f8f847274f77b1beb322fc295301b5241b01dace1b2a845e618aba7060c19e8c5b1f15139804655e0655790c1983a324a67dc0c4514e15270,Thomas Jefferson,3,finance,user,True,2025-11-01T22:45:09,2023-11-25T03:46:23,2024-08-12T16:24:43
1009,user1009,newmanandrew@example.org,scrypt:32768:8:1$qg7TPGrEiH4BhXTf$e23922eb145a6e2a723ffbf26992d3e4298b03088fed82e05f8ad194ff32ffa32dc1ed7fb6ddfddf87b938f7b14acb54fb2d07937cbf6d6d815ddafa8ef40a8e,Aaron Mills,9,admin,admin,False,2025-04-18T00:13:18,2022-05-14T15:34:30,2025-07-28T16:31:26
1010,user1010,katherinedavis@example.com,scrypt:32768:8:1$yRr9gKEayMi1V3b6$39067c69a8b84e76bd68ea01b4b394661430ba0a6fb97ddbca2a66f382fb3c32de8ba48517bbd50b48bba0e4c144c8714e522f046643b8692c2103d45d562097,Christopher Nash,9,managers,user,False,2025-02-03T00:30:52,2024-09-23T12:29:22,2025-04-20T02:10:11
1011,user1011,katherine70@example.org,scrypt:32768:8:1$BExdM7e54qvSsxdw$c6011268f17263a86065281dfcdb9679b8beba798d76a6b170ab7c77cd54eaeaecae4048538ab0b8526410bbaf7a125c7b0da62763116d765e0e7fb30575d43a,Whitney Peters,1,finance,user,True,2025-03-30T19:34:57,2022-11-18T03:30:54,2025-04-01T22:39:46
1012,user1012,washingtonangela@example.net,scrypt:32768:8:1$3JeAzPSR3ozGHfYd$db1f4c5161da4c2e3842a26c3978814abe2fda1097d652805e172fc74e1c45d7a2b451050a02b6e0f972b25021aba4a22c3a191a3bc551f5ca8a4c9211576d4f,Daniel Hayes,5,managers,user,False,2025-10-04T07:25:42,2022-05-13T02:07:17,2025-05-04T07:22:14
1013,user1013,patriciawhitehead@example.com,scrypt:32768:8:1$7xhJIboiQa1yajEC$abbc46a5562c03b6810e03979190f68cf081bb64d4dc4587e4a3424933aee92f920033b68b522d2980261defe4af87c510e4a930ffd0e362a3ea5405afb3cdb2,John Tate,6,staff,admin,False,2025-05-29T12:54:27,2022-11-14T17:52:03,2024-05-25T13:44:07
1014,user1014,hoffmanjustin@example.com,scrypt:32768:8:1$lWKySfQ8a0CrYa5g$f30d4161535f3fce6508c571dc86327478e637777422080296402b08dcec1c1f9c137776bdebcbab24e7c8e4762113a6267c37b5c78d0089b5c48780bacd1699,Timothy Peterson,10,managers,admin,True,2025-07-07T09:07:29,2022-03-01T11:09:56,2024-01-25T05:42:43
1015,user1015,adam19@example.com,scrypt:32768:8:1$2Ms5JJCRxojuZSIY$8a78589f52646cefa9ccda302a3b63881743757a2f9b98eefdb7497cdcca597c42be975eab77cc38cc64af46fc5b8d55069b43d50d72dfe88d88f0480d807ef9,Mary Willis,6,managers,user,False,2025-06-24T18:34:55,2021-04-25T20:34:30,2025-05-01T20:17:02
1016,user1016,duanemccoy@example.com,scrypt:32768:8:1$X3rkc3hpkXar1VO4$d88b303aafc9ad9ee9e8a1c1c2e4249c77b0545568c2269edf76562e7b0bf01ac6ab007ff91e9a57d6267fee3540cd6c7d142cf982274f1acbd578c60d610e26,Amanda Garrison,7,finance,admin,True,2024-11-17T06:12:06,2023-04-01T11:09:30,2024-06-12T11:32:21
1017,user1017,cherylfreeman@example.org,scrypt:32768:8:1$l9tF1GWVUu1n4sE6$11e348a022ad02e4dcec52c45dfc8e18c8c6c632a0d19591e0e6cebedd9e5c53d5b6f00ad050d4a390a5babdf6d8f7f353dd82f78eebad026a671b067851e017,Joann Wright,2,managers,admin,False,2025-05-11T15:32:00,2024-10-25T07:04:12,2025-03-16T20:33:28
1018,user1018,reynoldskimberly@example.net,scrypt:32768:8:1$jB7jtdAGTvf1kmif$482b9b32caa1f6ae537c36b1a85b8613a86648464c219c0c9115d08734e57735e9fc4a0832480f39142218fbd99e72b226da2272a37559465c4d843ba561dfe2,Derrick Brown,1,staff,manager,True,2025-06-11T23:55:26,2022-06-02T02:29:10,2024-09-11T01:55:22
1019,user1019,rachaelrose@example.com,scrypt:32768:8:1$RE1Ick3GFiWCT54P$61608a513cc3727f0b0b8bc62f2743241152623586f284e29b39c5420d1a1002c82feb437f55ff3534c86b40064a2b1e62dcc80b770be4bea812a068e8b2a650,Jennifer Garcia,8,managers,admin,True,2025-06-17T16:15:32,2021-10-12T16:34:41,2025-01-02T06:18:24
1020,user1020,zallen@example.com,scrypt:32768:8:1$NzkR5F5ZWE1SzPap$4da6c125c18cee98c97b1481c2d2ab6538772e30f3e01624980b47e9431947dad92bd0627006a17ccec857085480ebc1bb11934b5a6a7aa52cf30aca90d7a286,Robert Garcia,8,managers,manager,True,2025-05-08T17:26:32,2025-09-23T14:02:54,2024-11-04T12:02:57
1021,user1021,cheryl63@example.com,scrypt:32768:8:1$f4Ay9WNOnQFKrwrw$0c072e0c0774a0823de80428b0763904d316f952ec7130301d2ef112803673ec518632f22d9184a334c83e037ecf36ce88e4befdd17988b54f46f7c858399cf9,Holly Barrett,9,staff,manager,True,2025-09-24T21:25:50,2024-10-31T22:57:02,2023-12-20T17:10:44
1022,user1022,ijohnson@example.com,scrypt:32768:8:1$HBgFoYczS9vcmCqq$d7307d3b0a35a18f0e2cdbbde9b6a55bccfc0bc7f898f917faf81ee3d308820c9384cb201d0ff9509aede21229f238595f75e5abcd1b4bcb45d399f04bb92fb0,Kyle Walker,5,staff,user,True,2025-08-27T19:16:05,2024-10-14T02:54:08,2024-02-26T02:19:22
1023,user1023,morriscarl@example.net,scrypt:32768:8:1$LFzw9z48uGZGqzFR$10455c7fbf10876ae4a6866f05ae269ed6fa38bcdc25a6aae0325cf07a7ee1f1898e2906287033c7c9d054ad1cbb095c737b3e9cecd302e2ba73ffda9474cc41,John Fox,7,admin,manager,True,2025-04-18T12:37:58,2025-05-31T16:43:24,2024-10-16T14:14:25
1024,user1024,josephsantos@example.com,scrypt:32768:8:1$wIReQOtOMZbgkxCc$95ff3bad1a5eaff911ce304f973163ac95389a04f050cfd170c3dd9a78252c529b443e985d3b9c61fef269983a9300e912d09d3bb06c4757ea26cadad6d10513,Ashley Walsh,5,managers,user,True,2025-04-27T10:53:08,2023-01-11T23:11:10,2025-08-13T10:13:14
1025,user1025,ylopez@example.com,scrypt:32768:8:1$ZYxxjJ4ZHLVg80gW$c08597b082ff958873109f71854ce9ae87b9008a0154d72533450fa6f183e73aa7650cb81c3277e81922cefab8e46e6c1e5666e1842526dddf7a4874f0fd6106,Heather Parker,3,staff,admin,True,2025-09-30T11:50:11,2024-06-03T20:20:50,2025-01-24T16:49:30
1026,user1026,reneegoodwin@example.net,scrypt:32768:8:1$mIHFjOX3JY0R59UT$c47e2cb6e63619c06109bfe6ce7b5dbd20b68b1842b76949f98ff3c9c90238d9ae6c2afe3e6a9a67aa0471d3842a3a7cb548c37c86c918cc24f1550cc91d0b23,Jeffrey Russo,2,managers,user,False,2025-01-21T08:47:56,2023-06-13T11:39:54,2024-11-29T17:20:48
1027,user1027,ewilliamson@example.net,scrypt:32768:8:1$k4kV2UttwI7YmCvB$8771044fbd6ed55f31b87de02dd86f899080343e881056b61ed9d3ec7aacdc5c950f1210a866f88639130b7cf488a4a4e40a7b2fc31e5e910a3e63bb77e2f9f7,Teresa Martin,7,staff,admin,True,2025-07-28T13:21:36,2025-04-13T06:08:31,2024-02-15T10:14:12
1028,user1028,athompson@example.net,scrypt:32768:8:1$4tT2sOO2ybIyrSDY$2f978b443b8218da399cf635fc593a90fe7ac8d4eca4c3c9d0a6187124dcfa88116dc7e757fd5042484beaabdb37d613497455b76ade8bdd631a845e21dd4414,Roger Collins,10,finance,user,True,2024-12-05T07:21:46,2023-12-13T13:48:44,2025-07-06T10:31:18
1029,user1029,amandaanderson@example.org,scrypt:32768:8:1$AA3S03iSucz4kaRE$b2e628a65dbda9f65b3d8f03f2cea92642f153837f5687319b26ec5d9c6716e986e093f91d4a3f50d0ea14b29709b2de1123e3e61ac95c99cd6bc2805cc5016c,Erica Garrett,4,finance,manager,True,2024-11-24T07:42:32,2025-01-04T17:23:07,2025-09-14T06:54:30
1030,user1030,jackie44@example.com,scrypt:32768:8:1$MEMpP11CM7gOxchP$93eac4647ce09117783d229022a92f4cdcc212b406a1194d00113117b178322badbd36d4697c5918c7adf9c2944e1b80d674b53c027740ac0190d6e9dab5a3e5,Jennifer Chase,4,finance,manager,True,2025-01-27T03:50:12,2024-11-20T11:53:50,2025-08-10T10:03:15
1031,user1031,craneamanda@example.org,scrypt:32768:8:1$XS4UFeWR3wshbYNk$587df5f9c7ccf1f97741c98a4a7453d33136e089a04bcb8b737500ad8ae8a2605c9e8b850eebabb6a748be70f6b3fa7ae3f4df6b99c4489f1a9cb660ee416849,Tony Haley,2,finance,admin,True,2025-09-22T03:55:20,2021-05-05T22:41:43,2024-01-25T04:28:15
1032,user1032,fcallahan@example.net,scrypt:32768:8:1$1xcDgUSR47YmPpuS$f3fe49447e9c189aa8417ba3271a4a834580d310e8c404590b47e78defd89fa8ea616548b45bf6b8f856d665e4ba73920ff7892bca1018a109dbd276b29e83c4,Jose Glenn,1,admin,manager,True,2024-12-11T00:01:56,2020-11-06T12:58:46,2025-10-28T03:40:15
1033,user1033,cbray@example.com,scrypt:32768:8:1$QaXHzkYdvp3UWAt6$1051f89b29781d68b6029994397f160ba6e432f8a6d096e2021013b3fb6be4980e0d425a2c0fac34b484126ca54ea579305cfdfb48d13b9ed58bccecf603272a,Vanessa Mcconnell,3,finance,manager,True,2025-02-09T08:10:36,2021-11-05T06:00:46,2024-01-09T20:24:13
1034,user1034,andrewtaylor@example.com,scrypt:32768:8:1$PI0a2ClfEHElcyTE$a8ac60a012fd93c58d7f26e7596f7060e07827be62fad71155570ce09ec730483bed37492468a6244de9f19b7b54c50a2a017491adb4b7fe169608b325660752,Jacqueline Walls DDS,8,managers,user,True,2025-08-31T04:38:26,2023-08-14T10:31:41,2025-04-21T06:29:08
1035,user1035,xevans@example.org,scrypt:32768:8:1$7i92tUbmgXEn2iV2$85ddfb97bd7b41d8bee677bb1beabf110c88798c1f69e05d7a0a4159100bda94bfca105de9b4b72443a2fd5b26fffa1d87316c76ff5a2b4ebcebcdcb81d11e4e,Michael Lawrence,3,staff,admin,True,2025-10-14T05:11:12,2020-12-19T23:06:10,2024-03-30T10:50:57
1036,user1036,roachwilliam@example.com,scrypt:32768:8:1$3xbB6w1pumpaEEsf$9c2f9d00a198a8c2c1bb58d431e2d4dfcdb88580e3151a0dfba8a1922259df99a76bdc8a5d3f52376ce54f70577798b8cac42e1a375596ed71d32277650a7d86,Ashley Taylor,5,finance,manager,True,2025-03-15T04:25:00,2021-03-29T13:05:56,2024-09-13T14:02:16
1037,user1037,cguerrero@example.com,scrypt:32768:8:1$ekn01zjGZJUzLWiS$a3a59de28f6284a1ea9d0719c54c231dfb02f056c9ad54b50b88820db6dbcf4d826a51d0b9412d74380270bd31f016fd36862d34a71dbf60b3e2464813341f19,Robert Velez,7,finance,manager,True,2025-07-19T14:55:32,2023-07-27T17:59:59,2025-08-15T08:54:45
1038,user1038,karen55@example.org,scrypt:32768:8:1$GGu409XaT2gm2jkv$85d00779dc7301541a26588012175f9a05a4a57450a5d7f76d9e85cd97eb0ce0ac5a7e369acb6e25d816f93a1798cd67d22a3104deef1dad6ba6c02505624eeb,Angela Sanchez,6,admin,user,False,2025-05-17T14:23:58,2021-07-08T08:37:07,2023-11-25T07:07:36
1039,user1039,ohenry@example.net,scrypt:32768:8:1$A83I4nC0MFlmJB1N$3ac7a3ac9c230deb885ced8c42cc959c630f5062a505f9f6bb5c378ba8f33fa2b388f08b91d10ff0db03819f93d6d756a8044db14136161013217dec1b45d390,Erika Wells,3,staff,admin,False,2025-05-11T17:13:02,2024-04-16T17:27:37,2025-02-24T02:07:12
1040,user1040,sean76@example.com,scrypt:32768:8:1$z0Re7yHOa1dXwshC$e0b52c6945ed8ce3fe8e6289e6acf72426511a7be2687f83907881955f06c3f682e26c4bb07b4ff3e6951a1f530f19ca82acd26132ad7059fec74b2c5be59d20,Alex Jones,7,managers,user,True,2025-04-05T22:23:29,2023-06-21T11:46:43,2024-08-21T03:43:26
1041,user1041,heather08@example.net,scrypt:32768:8:1$eg3J6nviYiB7Ig66$8f38c155bbaa748d71e43afd796d839f369659f9028333964fceb2c5483e499d54bf08bf989796f5bbd1f66c40c00882103e9f402bb84649fa50e716a1b5405d,Jeffrey Valdez,8,staff,user,True,2025-02-05T09:10:36,2022-08-30T08:47:16,2024-01-22T03:22:50
1042,user1042,meganscott@example.org,scrypt:32768:8:1$Sbl5QnXPFfxTlQz0$729f6292774a7b7901841b356a2658213cece726fdd71f7a5bcb73f2e7942bda12dd7e9ec88d69d45586b72314d4f00e16fa12c1ea8f266001cfed250f1cd8a8,Derek Allen,2,managers,admin,True,2025-04-01T12:14:03,2023-01-28T14:58:15,2025-09-29T14:38:54
1043,user1043,tamiryan@example.org,scrypt:32768:8:1$DdC4SGPZjjyU8M9r$c88c689584b4c22b92f275c9b51e992bae2fb0556ec7081024fa76f3f57a86b8d5576ab1ca8e733dbe9503d1186d6bf9c2c848ecce97abfaaa3cd2ad0f7222f5,Richard Watson,8,finance,user,True,2025-02-06T22:24:46,2022-03-19T20:32:14,2025-04-18T16:25:43
1044,user1044,allison44@example.net,scrypt:32768:8:1$v0DBf9qi95LTFFdx$69f7d430ac2c8ffec293259fdcb84e4a0f3221bd0b5086261d60eb442e4768b6add0854acc273e27078d65bc1a3b274e945a2af4c269393e3634724345e5ed8c,Helen Hill,9,staff,manager,True,2025-10-21T21:55:51,2021-04-11T05:17:23,2025-02-16T04:42:36
1045,user1045,brent40@example.org,scrypt:32768:8:1$ZPfiV5DBlfyta1OL$14b4c0e3234899e625176df34e11033d55d2b7d3c401bfe39729fe4aaebd80b41493a754c48871b481b73c77c3abd840ac252cc3992aad47758d7b3456272529,Tammy Martinez,7,admin,admin,True,2025-06-11T00:10:49,2023-07-05T22:24:15,2025-09-27T12:33:58
1046,user1046,karenbutler@example.net,scrypt:32768:8:1$yDht1HfIgku7pikw$ddb2ef005cd37de720edc11342a5296e4e6a8396c375b7a8388c86c4b4c151675771a0fd2e438b0e5bbf5f023a44caa99cbfeef86908ea3cefbeb216db4e8d29,Rachel Freeman DDS,3,staff,manager,False,2025-09-28T17:18:10,2025-08-13T21:49:44,2024-10-29T13:03:14
1047,user1047,moorejohn@example.org,scrypt:32768:8:1$PXJ292voSCtKYTD2$bed632b713deeaf0047fc496571ff258ef0720b9d0e1bcd2d5ef611d13d48d9459460fcc7d3ff68ed83641b4bf0b14228201879eb76dcd44a86554a969aa8dfc,Julian Kelley,3,finance,manager,False,2025-02-04T01:36:04,2025-07-03T06:10:31,2024-06-28T07:16:54
1048,user1048,latasha91@example.org,scrypt:32768:8:1$ZddrisXxyz0BmPMn$d2eb2ae75e16acc2d92ccff0a1ba8f1ceccca5dbe905e8308bfe6c6049be3d1f868de382e2d672385fcb94fbe633d3e10dd6a96b9e6606530b089a98977782df,Aaron Flynn,1,managers,admin,True,2025-01-05T09:43:37,2024-07-04T22:39:35,2025-07-21T00:44:03
1049,user1049,jermainebond@example.org,scrypt:32768:8:1$k9BjZPYKFhBMU2fm$aa0de4ec78cedd87a04289a027e31ad31a23f53c4e12c6a8d87a6e44bb09ac7fadfcedfea8f0621a86382ecedd17925f7880c3839bb5f56c43952497dc4510a8,Deborah Hernandez,10,finance,admin,False,2025-02-28T21:53:21,2023-04-03T03:37:51,2024-11-01T06:28:02
1050,user1050,lopezrobert@example.net,scrypt:32768:8:1$YTbPmXQOUdTHcZIG$0c7840116f29386a2b4db92db03da649542d1a42d8f73cce47ec0d840d1e5319114e11e24bc9f5db38d61b46171955c78d3e5fbdd63b96ec8318d7e060e2923b,Kenneth Gonzales,1,finance,user,True,2025-01-22T19:02:27,2021-03-12T22:46:59,2023-12-13T04:20:02
1051,user1051,jessicamiller@example.org,scrypt:32768:8:1$bjALoVqTBYXA3Kh5$4f2786443d531a2f8eb7987410c8e36fb92f5a2bfddb929dbc6c83ba6910bde1f4b0a5603846cdca728bbb8fff94354430023e1e4f1d3bb5c8d56c562e22721e,Jason Smith,2,finance,manager,False,2025-07-05T00:52:00,2023-05-03T12:55:12,2025-03-09T10:55:49
1052,user1052,mark01@example.org,scrypt:32768:8:1$3JakHvd3SsmCXTYv$dded22ef5642493a20ecfb8303cd8ee29e16edee57f3f2a27a21ec6873d0a8229642a3ffd7406638dae98dec70a10dcc1bd5287aa842947a98432589d1334ffc,Tamara Rodriguez,3,staff,admin,True,2025-10-03T16:47:15,2022-08-31T19:14:33,2024-03-26T14:07:05
1053,user1053,careyscott@example.org,scrypt:32768:8:1$K1yYSQ3cytqf30gE$eecefe2892de54528e730aac1e33dd242cf1d41c868b4bf7abe66b7be429292e158bd3d117547c71a41f4d1222eea659ad2a9a6e9241f4833330ae43f6d4e353,Leslie Powell,8,staff,manager,True,2025-04-28T09:15:45,2023-05-08T22:20:33,2024-07-14T07:31:43
1054,user1054,crystalbean@example.com,scrypt:32768:8:1$OjCGCaIoWazDRODk$f60e46c61950f3df75053d2b81b3d27d20b24a5717368517b5c26f3c2fe4e1f666f165456bdfcd024645f316690af8a72bf60e7918d23487541f368beb49d000,Elizabeth Mendoza,9,staff,admin,True,2024-11-07T14:10:24,2024-05-17T04:22:15,2024-01-19T11:03:57
1055,user1055,mary32@example.net,scrypt:32768:8:1$c4t4SCDqoQfwVcFk$8098e4135fc36b7d1f22d4984730584a058e0b9f9a662d7f3c7c7906cff99bb6ecdc3574175b3c108c88401cdc04eae6bc093595bf6ced2b7e251be0bcd59dc9,Stephanie Johnson,1,admin,admin,True,2025-10-26T06:59:06,2022-10-23T10:22:32,2025-10-13T06:25:52
1056,user1056,michael02@example.com,scrypt:32768:8:1$S8TtAAj0KndF2HE6$3589d4054e79f98fd22e395664d357ae87f1d702a08884dde31bc602d01b8a2a019dc7f2dfd16db0832dd8882c1f88d4c909452edfc086ce9c40c871018b104e,Matthew Horn,3,managers,admin,True,2025-10-07T10:09:52,2025-02-25T19:42:34,2025-04-26T18:02:53
1057,user1057,kristinstephens@example.com,scrypt:32768:8:1$TRYvMB5nDBth15ld$94bf06d93fc29bf6a578b7216726e906aa8d4974194bc658f0b99e18196d1de0f4a05904bd3c5b6678b2f40036292c267a699b806e1b5ebb433db1501c49eb76,Megan Fisher,7,staff,admin,True,2025-07-22T11:33:42,2023-05-04T19:43:14,2024-11-04T12:51:07
1058,user1058,vkennedy@example.org,scrypt:32768:8:1$ue2CLBvThayIMSGk$c14a06c44635bd415a4fd145d5a1e80c83a34eda73cdab70a3c16bd11e6abe026233cd381c1248cc099f398b323bfa7ecb46bd9e6dcb2658a7391560f61c6728,Rhonda Santos,4,managers,admin,True,2025-10-12T05:22:07,2024-06-19T04:41:17,2024-04-21T20:14:59
1059,user1059,kevinpratt@example.com,scrypt:32768:8:1$YvQyeEcgbKSB8h6S$f7c48e1cac284622d037114be776ede4f651c254152d2ced7a4cc7f9c6a4e21ab78f5b6fcb3c97ea238d57bca81ea1076641fdd0e4319c489314be2de952c4f2,Megan Gordon,5,finance,user,True,2025-01-04T18:45:26,2023-06-25T08:05:21,2024-08-18T21:45:23
1060,user1060,donnawarren@example.com,scrypt:32768:8:1$ggJwFGQjZ62MY7hq$ef9d47b83d884d1d3540cc7e4bc7c6afb666e299f66ee260add851e5c3e64718cfb462133f4ced428225f171b81c7e2af698db5115d15d057cff53b2399c6617,Anne Hall,1,managers,admin,True,2025-04-16T14:05:32,2024-07-13T21:28:11,2024-07-09T08:08:44
1061,user1061,anitahoffman@example.com,scrypt:32768:8:1$NwL5YT7OCZIPtn9N$5732301338af8efadf176426466957cb83e63d0d4443e800d239c23a06ccb06bbd8f2f8923673c17e44811838c423aeade7c34a3d4f564d321b9a2e7b2f77d97,Joshua Johnson,8,managers,admin,True,2025-10-01T14:52:25,2022-09-11T15:48:33,2025-02-28T04:17:38
1062,user1062,marshalljeffrey@example.net,scrypt:32768:8:1$0eCT22RAj6Y0dyGF$3070c83b4aa0c0516ad3bd40665af1794d90cf0ea57c8128b617b0e55f7129ea55ee80f7adac0821ca7f90c49fbc5abd8aa22fc8768f8056c2767fa2d12500f4,Tony Nunez,4,managers,admin,True,2025-04-14T16:43:52,2024-01-16T06:25:21,2025-03-26T05:42:33
1063,user1063,thomasashley@example.net,scrypt:32768:8:1$30pfuh0CMsnsG3sw$4e4b4e3b5ea8e2e42d8fc506b6e4b14f8a36a87c351966f24d78e74a98126f83cf9dae6eb5594139e5ab808ed9a33debdf8289b610c0f1d6a0824abdc0e27113,James Chapman,5,admin,user,True,2025-04-06T04:36:38,2021-09-04T17:38:27,2024-06-26T07:41:56
1064,user1064,usmith@example.net,scrypt:32768:8:1$5lsXEzGK9GdxQs2E$965b1bc4b5aaf64efaffcb02de2d1ff83ae378f16d829e2d2b81e6eeb174d1f421dda64c9e38b8b976479bc911c43861026b4a3ba0974c01693ede73ae0c1889,Daniel Nelson,3,staff,manager,True,2025-05-27T03:05:42,2024-07-20T10:17:06,2024-12-09T09:41:25
1065,user1065,justincummings@example.org,scrypt:32768:8:1$5KEPjLGI2w3dHIlv$b5384361a09718060f09db40d5266d3422a20f32a1a2e12afb68ed9635433702bf4b7a8819fcdab02fa966d5c4437a93d3e06e580529e169d837e4514fdf2c66,Curtis Christensen,6,staff,manager,True,2025-08-17T17:21:13,2022-09-03T11:05:10,2024-06-15T04:26:30
1066,user1066,mccannsarah@example.net,scrypt:32768:8:1$KN9R9kqfOHRDfY3E$0fb16254c92ff07c4aa94a6173848bd60d05b71576533b6f435ebdf70361de6a3982a2796e95f812ec2e5041706eb81e93ca57d29dd06a82388834decc3766e4,Jasmine Smith,10,admin,admin,True,2025-07-13T23:35:19,2021-06-29T06:39:42,2024-12-29T04:33:41
1067,user1067,cynthia05@example.org,scrypt:32768:8:1$ceWqwwzKqnvAn5rd$6e81102afe9f2fcac6c831f601ebe6f255a2b8e154334fa128bcbd5ad5b6c584ce135a3538d2e34daafba0039bb80fa8ba7f5a978436b5042caaa31a3c209498,Jimmy Ashley,7,admin,manager,True,2024-12-18T21:38:47,2025-07-08T10:14:38,2025-05-24T07:25:19
1068,user1068,rebecca31@example.org,scrypt:32768:8:1$iACZCp6mvjyHRWqd$ad4ab20c8444ee301560b3109f2e7d3f78a600ba9fc1c9e56eab2be8c789ba864bba4594b393e55896dc68ea4d57e255f42dfb2ec634ca2ecac63c93013bad8d,Jared Smith,7,finance,manager,True,2025-06-01T14:32:15,2022-09-19T11:43:45,2024-12-16T17:57:06
1069,user1069,mark41@example.org,scrypt:32768:8:1$EEcntW0b2MAErKoX$7871a2158c9d7cb1c1ab51bd386a47484a75479ac631fd2836c31e497fd6e7f4bbc63d5869912b0eab12fa6beb8289c0cc27877ad585819369d13415a176ed29,Nathaniel Conley,8,finance,admin,True,2025-01-23T08:02:13,2021-04-08T16:35:12,2025-03-06T19:23:05
1070,user1070,jerome50@example.org,scrypt:32768:8:1$sbN5WBCVuAT6fXJB$aadf03c122fdc8c2b36275464e3a941abd636561a09d2ba7be0795f42c1bded986476a428291dabdeaf46fa86a432018e0f5ef8c5e72073f53fb973c93b318c9,Stephanie Watson,2,staff,user,True,2025-02-13T05:00:01,2025-10-11T12:59:52,2024-06-20T18:14:27
1071,user1071,hansenlogan@example.org,scrypt:32768:8:1$24BgYf48w5xZDqQQ$4a5a176fe25606a21988d0a932bb91f7880dd1dcef6f921b602f693b0ce1e4c8771a5c2eaa931d65868a4ce51a623355c491bfd36b671fef64fd83ace599cdf4,Michael King DDS,3,admin,manager,True,2025-05-25T01:11:04,2020-12-09T03:01:33,2025-06-05T05:59:36
1072,user1072,joshua49@example.net,scrypt:32768:8:1$b7bIVO8ySgJDiILf$bb7a0f3fba184b65d091fbeca2a622e1249795fdbf5b2c5b1aeed900afa5c9686e2e234c0fe3c971074d546dfa8917410eb167958d74659d4d132c6b15aa2cfb,Nicole Rice,5,admin,user,False,2025-09-24T01:45:19,2025-03-03T10:09:05,2024-09-26T11:30:08
1073,user1073,iwilliams@example.com,scrypt:32768:8:1$KFJhewmjp9wa7dAn$a139899ec7565aba16527d7c97697acb72cf4b8492a9ea983c99e7fba6942547b3fd8d688f693bba8636a7a7c635ef64b9c9e03ed793e9a52305dc509a0eae89,Jasmine Gutierrez,4,staff,user,True,2025-07-31T12:10:36,2021-09-22T20:01:10,2024-03-03T17:58:14
1074,user1074,jenniferritter@example.org,scrypt:32768:8:1$PUO3lOax9HTPMKga$332a64f4fb90a75571f735f887bab8ba12cedb865e35fe7e7a9b5c0001948ebe6a5978d9e3919e4d72e9daa309105fffac4e9af0423df46dbe76964640f93cd8,Matthew Simmons,8,staff,manager,True,2025-03-30T07:46:40,2024-05-05T06:04:11,2024-04-21T14:56:11
1075,user1075,megansampson@example.org,scrypt:32768:8:1$tFIOIgFDPwWh5tyW$f75137a55ba1c3ac1df513d1508da85e1f61b8d79dcf34945c1745117d15a9409f7be794c0ab07e8f68ba3a584250b59f8fc487b9ae269939de01db7f87fe67e,Margaret Tate,6,admin,admin,False,2025-01-14T06:11:14,2021-07-21T10:51:21,2024-11-13T19:13:46
1076,user1076,wwilliams@example.com,scrypt:32768:8:1$MLj1rgkPEdYzRn1h$d8a66488858dafd3a2f1c582fef6f0d18378da0cfc9ce91f2157860ae67a6917db58a6010d9bc125f5b8109df9b72988a756308d342ec083a614e00efae5b8ed,William Serrano,10,managers,user,False,2024-11-11T16:36:49,2025-03-03T04:07:15,2025-08-27T05:30:44
1077,user1077,erush@example.org,scrypt:32768:8:1$iwdlJtpReTvbcgww$8959ac263e9d3a260afc14d11a2fc41dea5baa068102afd4d2e911e0fcfd341a2af3e3b692921f9d906a6d419cbb28dd1e364a6c7954cac877ca0c758c0c86ee,Henry Jordan,6,admin,manager,True,2024-11-27T01:49:55,2023-04-22T00:17:38,2024-05-08T05:10:23
1078,user1078,mccarthyernest@example.org,scrypt:32768:8:1$Pp1btTmBZy9DhHvs$0bb88aad26c1f6028155458ad417e27ab85a233d4a12366df3616c49dc8cd26b658601273655ca0a38c5dc0af9095924215e45fc93846d3eae6e8bf8538e39c5,Michael Young,5,managers,admin,True,2025-01-11T11:46:34,2025-04-13T19:35:59,2025-04-16T13:24:48
1079,user1079,megan01@example.com,scrypt:32768:8:1$o9LF7TEl3wQ3LNpE$35b4446a8640cef5bc3c7b79ce295e53686f3a78d33862f0b05fef3e8fec5f474d5c07a580f42f1214be4cd5961ad9cb896e5f61136d6f39849262b9af9c241c,Monique Ballard,7,managers,manager,False,2024-12-31T23:39:55,2021-07-27T21:15:29,2025-02-18T07:58:02
1080,user1080,diazmichael@example.com,scrypt:32768:8:1$2BYIRMWfOzJhqksZ$fe0c21deb4bd5f9559949970174fbe241476cf9c51c2208c49bb95ab9779585ec9f13dc70d2e7f16fd592e82a958bd87a4e12dc86a3b0b8aaaaa780fde73b5e8,April Nelson,8,finance,manager,False,2024-12-03T14:07:55,2025-01-27T17:53:14,2024-02-17T09:21:12
1081,user1081,melissa68@example.com,scrypt:32768:8:1$K8c3sPulTPlt42F4$d5c16940158eec4555a15b9a83db858e8d8cc787f2528d02416c8b89992f1973c2bab87f521a338efab9f8165b2aa719cbd0afe6edb1d5762a78d2c7b3b56122,Eric Jacobs,10,staff,user,True,2024-11-24T05:24:18,2025-10-15T05:26:37,2024-02-07T11:50:45
1082,user1082,holly48@example.com,scrypt:32768:8:1$UzRGogPiVZ6jeSLh$695e806ba95cf8dc94685c426376d4d03a4874a1891d375527c0449546e37d84d1c2140adf2d48aae00bbdf21ae114a6abb2f1ef230143799c0c258101e799cf,Rachel Sharp,4,managers,manager,True,2025-09-23T07:43:20,2023-03-21T12:51:47,2024-04-19T02:55:07
1083,user1083,msmith@example.net,scrypt:32768:8:1$T4ly8SC26JuDdPSn$84e35dff3f1321c3d9c5bc73193e9a189a57acccdea30994099313e1d795e68c7a5b43407079f2c5096546334fe02565c0c00f932ab3ce86b437fcee187ee5c4,Patricia Johnson,10,managers,user,True,2025-02-15T12:49:40,2025-02-03T03:04:42,2024-12-06T17:19:14
1084,user1084,teresa05@example.com,scrypt:32768:8:1$VrKVcpPXnbSBz27o$0f1c26f3e88ba08173f340b62b143b4f73a61e1232a80d59672e8177566a451779fb2ae1f1bc6e88907478b2e3e158c5c02263e4977ccd2c4745a5a23261912b,Michael Garcia,1,staff,admin,False,2025-06-13T04:29:08,2023-11-19T10:02:46,2024-01-10T02:30:28
1085,user1085,gloriajohnson@example.net,scrypt:32768:8:1$Fhqh5fHWoTIJAqJS$bba0114c6757989827162a889e85a6d82dcc36a047666ee3baa554b2e06d8731d41c0b12774f8eb2cfe0bcd3f981abe1877869d6388ace58d33a665cf5be44e5,Julie Adams,10,admin,manager,True,2025-10-21T01:26:34,2024-06-14T07:35:36,2024-05-04T19:26:48
1086,user1086,smithjessica@example.org,scrypt:32768:8:1$lMAetO0kdYwsAVeA$07a7faca8c958226fab4befc3433db5ede8d94f0e6dd61b3315f666cd544a665bd8038cbe9fe546ca288d6409c4371779283fb2d403aaa3fa3b2a5941aab6f7a,Meredith White,5,staff,manager,True,2025-07-26T01:47:44,2023-08-31T10:51:24,2024-12-31T19:16:45
1087,user1087,crystalberry@example.org,scrypt:32768:8:1$WW3uCCLHqXyj0tCH$43267208d0f488789763c8a7f975c25331e9480187389ebf0ad216a7d67243416b23b4573658534204ef156b65a880233315aaa9b0d1029ddddca0f131c08181,Crystal Lewis,3,staff,manager,True,2025-02-13T20:03:25,2023-05-04T00:41:26,2025-02-08T01:16:10
1088,user1088,ashleyhughes@example.net,scrypt:32768:8:1$5lL0MF149JTdTTgU$8a0404ef5728c76baa4d860c4cee9713d8270f8a90721218bc983da0a18b0ac7d26215a1699c035a67738a4eafabbe608528ec5396c378ed5a0bb3e114f1786b,William Collins,7,managers,manager,True,2024-12-15T09:37:14,2023-10-05T08:32:13,2024-12-31T17:39:57
1089,user1089,rodney43@example.com,scrypt:32768:8:1$3406g6i78YBYr6To$9e941e192465b12f575254b27727f9870bbb4a135a2bd1dc51375c9ae3637b6d62f91208dc91b16e046c8a6166130d37539b159041bd10f44fc2c04cc0d101fe,Laura Larsen,6,admin,user,False,2025-07-05T22:51:35,2024-07-18T17:19:03,2024-07-31T02:41:26
1090,user1090,ojackson@example.net,scrypt:32768:8:1$upufJgwza8NhsOw4$d810ca5dad98ccd2dc084856d537b529305b877b71f1180c2bd89f1b3a222f3ff637be55d30e0fbea1ecd2e2b66beafbe777574e2878df108aa43000cf8f5d6e,Kristina Meyer,7,admin,admin,True,2025-01-23T14:37:27,2022-02-09T21:14:40,2024-02-09T06:54:13
1091,user1091,eric20@example.com,scrypt:32768:8:1$jNDgpdKWTWTmkX3b$9e0f6fa15031d9a0422a6e971ca3730dc1a51fc7c1ced846d1d27e71d5999de9870d46b5005cedd9987080d1aad6c0419e3484f0281689a682c0ab8f7e184593,Kimberly Harrison,4,finance,manager,False,2025-09-24T01:50:55,2021-01-10T05:48:37,2025-09-15T07:26:55
1092,user1092,julieanderson@example.org,scrypt:32768:8:1$AYaTjcnfmkB82Gpa$6bdb63614a3e9feaf088337874c238fff0d00ca13cdc97f0a1bbac8816f7381382110421303c395e745702f412e1ff12b7d5f122aabf2b2212e07c1835ded5af,Patrick Rodriguez,2,managers,admin,True,2025-05-12T23:02:22,2023-02-17T01:51:25,2025-05-20T20:58:19
1093,user1093,rlucas@example.org,scrypt:32768:8:1$ohn5LeKIYOFMeF7d$0b604a2dbadbdec1169ac52d364ade933bfbfec96ac50b7343c5ea62eb9c4aea1e597ece0f909c6099772313ed5e9900b83939def31d97071969f345e1e224d9,Andrea Torres,8,staff,user,False,2025-03-04T22:09:06,2022-11-25T14:21:29,2025-04-07T16:26:44
1094,user1094,wzamora@example.org,scrypt:32768:8:1$YOzb1ekFu8kn8wK5$5c75c96dae7fa74827ee0fa9173b39b19476326fd3f598e043ec2d6a6076cbd209283626c03dae2a009571f212015ef09047c587c32010237de31365435bd1ad,Jessica Maynard,3,finance,user,True,2025-06-16T06:42:01,2023-10-01T10:41:37,2024-05-10T03:16:52
1095,user1095,esmith@example.com,scrypt:32768:8:1$9c8oAt011tEhhGNw$f86d582e5aef822ac5d24240983ddb77f301f6b1ce9c83c43c2d2b97d73c6d13cbe3f7f4c7b6dbc612f0db278a8ed92b1ddd449c82f5916a05788c9ac3d3cc03,Nicole Harris,8,admin,manager,True,2025-09-21T08:06:47,2022-05-01T09:59:34,2024-12-03T08:12:59
1096,user1096,amanda93@example.com,scrypt:32768:8:1$cIenlCxycp3u0J38$59d0bc8ee9dad87c189ed9246c10b90bac078822fc89a21353a38bdc6f61e8859092ef47973ca7ae21eee60675e6722821699d7c6e82c3417ecd8b9af7b614e9,John Patterson,2,managers,admin,False,2025-10-20T06:04:37,2021-12-01T06:37:14,2025-01-22T16:26:16
1097,user1097,manuelallison@example.org,scrypt:32768:8:1$C0uzYUmBxtnPtIJb$5c74fb1955ffb4bfe195ad8def677e5dbc0ba4992352fd7245bcc299dcc2f8d026e47e6076d426cbd2af86266a3651bf2022e6c06396dbaf281bd7ff26387afd,Jesus Barnes,10,managers,admin,False,2025-06-03T05:40:00,2024-07-23T13:34:58,2024-11-24T00:57:48
1098,user1098,vpittman@example.org,scrypt:32768:8:1$33g3pa8UGu4zu71Q$9931726c4810b2de9c323af567ff0114a42055b533256640964f5dd2d10cfdf940b394a61c68263520451afa8ed5ea5ee2cd03bb9ff88987d73e912af103d917,Perry Rodriguez,10,admin,user,True,2025-06-22T10:35:57,2020-12-02T00:36:15,2024-09-13T13:07:32
1099,user1099,gregory21@example.com,scrypt:32768:8:1$aB9BhjhqziuPbq6P$496f7e6d48fa4680b2725fc367b4bb555d1c245d4ca5081bfb74c4e843ce42b40ee43e36b088a2d4dd54c68b7d20afb5827a384ec4fb4f752b5307fc38ff0a5a,Jeremiah Rodriguez,8,admin,admin,True,2025-01-27T23:25:48,2025-08-04T04:18:37,2024-02-09T20:37:22
1100,user1100,sschultz@example.net,scrypt:32768:8:1$obvuCh04TaonVYer$61cc14ef6e9de7ebf0068774df16d24841591e8461596f0a2c86e8b0537cc8a3e82a45a022c1dd8f984919bb4a82c8411e1bb1e015b430083046e1600b3fe480,Gregory Medina,5,managers,manager,True,2025-07-02T16:08:47,2023-12-30T15:23:21,2025-07-05T16:28:21
1101,user1101,michelle77@example.net,scrypt:32768:8:1$UCiTRYJzt3b8lthk$509443ec2667a3f0f31cdd217455e3da6cd197e177a6ac353f908a8b05597daaf5e448ccc4d2a1a74a24331980aaa8fcfda7e46f579a2c15fbcaf39942e33ae9,Joshua Mcmillan,10,admin,admin,True,2025-06-05T03:56:57,2025-01-12T09:18:58,2023-12-05T12:49:21
1102,user1102,bwilliams@example.com,scrypt:32768:8:1$ioSIbOKU0yvopETG$db5d4bad5bd4cb4cbfae9e8dc3b840a3aa07e54c895fe1c617ad7011d3db9ad2e9b113b2c174aba03b45ad7f2a2db5cc6830246b7a8940e8648c99269fd89ac2,Christopher Romero,3,staff,user,True,2025-08-29T08:49:40,2022-04-04T06:47:24,2023-12-10T04:12:24
1103,user1103,robertwilson@example.net,scrypt:32768:8:1$xhNNLBwNmRbY2dV6$edadc4f55d286e748f4d9e286812a2cf7d6d1e42b6d6a42d851a76ffb22ea7baf9affea838e2df31c9f23caaed83d15a4b4fa9c24d2690a37a0a7db5935fab2b,Steven Ramirez,10,staff,user,True,2025-03-09T20:50:40,2025-05-05T08:34:56,2025-01-14T06:44:52
1104,user1104,bbrown@example.net,scrypt:32768:8:1$j0Db587WcjuT83se$c21e8e09cf86778ac72bc3692c4b3e3266c66b16a780827f6476821c6f3785af7753c6dbdb8edecddb56971137e6c243c14683fe933dfe78a25e9e924f934ae0,Ruben Rogers,4,managers,user,True,2025-07-13T07:31:39,2025-08-08T23:16:13,2024-07-10T16:03:06
1105,user1105,gonzalesjanice@example.org,scrypt:32768:8:1$ICjFXpuvfKgR17tb$8c82c04df8337161e13c974e4138e768f6a3e5cf7ae1d306eb62b3ad5604e3fa11f41728818a2cac9eeefe8c4e4a2f88a4b7a3c1f0c78302cadf39c495c38352,Brandon Cervantes,5,managers,admin,True,2025-01-01T15:40:08,2023-02-05T16:14:48,2024-10-25T23:47:23
1106,user1106,christopherwells@example.org,scrypt:32768:8:1$H6OgYFckJUFN16U4$f09d9639eb83ca701b7ad7c6cb9a6ef3649c0c0efa3167364a88d50fbb5da9257c67fa2f0f76b31695aad8775784c29a0f2157da038b1593f4a459de66d1ee90,John Hudson,3,managers,admin,False,2025-01-01T14:53:18,2025-09-06T00:41:33,2024-01-26T15:15:14
1107,user1107,mcclurejulie@example.com,scrypt:32768:8:1$DRkMbeGOzA6CLxTX$0a89c85a15e59f8f4b36923159ef0cd12c3f2d63f2d611f873f9ca732149237821fa1e07c264c8984d7424537081cbe5bb0ee90717e6f0d2628618c336b5023d,Laura Edwards,8,finance,manager,True,2025-06-06T20:41:36,2024-06-21T10:25:19,2025-02-04T16:56:29
1108,user1108,anna89@example.net,scrypt:32768:8:1$0Qp8lwHYUZgutoDE$325403e99da7906c2e1315d6c24f7e69cc9072b362d3e8da658a47a69349bd6c069a8a1aa9cd9ecfaa228529380ae7ebe91d3f4f866bd1853cb7ff6c64d123a5,John Burton,7,managers,admin,True,2025-04-26T01:54:16,2023-06-27T07:26:28,2024-08-20T16:54:40
1109,user1109,kristen32@example.com,scrypt:32768:8:1$2EwHQk8VjHduT3JJ$44610265bd5262c686efc6e3fb47e72fb3ef0be9c6e48fd2af488dc91ce8f8a9f858eb606c120e3024560d84cc3b32d8c471a44ec306e67982e99dfbb537edb6,Gregory Leon,6,staff,admin,True,2025-09-15T12:40:56,2025-02-18T01:19:49,2024-10-31T14:05:34
1110,user1110,imorales@example.com,scrypt:32768:8:1$vuwjZ7VW0at8fbM7$6cf7a53a32035ad83a011bd58138857d09a717ab7c6c12bf2f98b1d2f7371408d8695c3c5bd2282173a7b2effcf253b0ff0db70024145d953ed5448c2973ce40,Maurice Dougherty,9,managers,user,True,2025-08-16T02:45:43,2022-12-17T23:27:27,2025-07-08T03:35:04
1111,user1111,kperez@example.org,scrypt:32768:8:1$3LBMJzFdju3iF5Md$6b298f87da5f01e7e6e8f9161d8bd4010576d27d053ab27384106791e13b1ebef60e48292844fa8777f17e080465f379fd2d1b7ba1282ecc6c91f4fecaa87314,Adam Banks,5,managers,user,True,2025-01-31T10:18:51,2023-06-04T21:22:39,2025-01-06T07:47:49
1112,user1112,herreracharles@example.org,scrypt:32768:8:1$wnnV41vE9AiS7eID$58461115e086949c33a7af309e54c14052f943709c7a9d3d6375a6e131be568d2531f3e5342b9eb19e3982e2f07f6f34a33c0c8776c46eacb3ac7c7fe097241b,Mark White,3,managers,admin,True,2025-03-02T02:24:24,2023-02-23T17:46:21,2024-07-22T21:52:12
1113,user1113,johnallen@example.org,scrypt:32768:8:1$9LK4wFAbgjfN8Nn6$ac7ea99f9cee36c508a4d428480150caecb4f75e3b2c7f3d46c2f9293ad447cb327edf07a824db0dad7930a6bfcbfeb747527a2bda33e4446474d547f2830c3c,Jamie Mahoney,6,admin,user,True,2025-06-11T00:39:44,2021-01-28T04:00:32,2024-03-26T13:18:37
1114,user1114,rodriguezsean@example.org,scrypt:32768:8:1$99uqtT9i8ZKXJO0A$3fc9b525b8cf9c2d53d925568511e8c2e09ad8599dda56df8f1118cc3634f78f692a8441093587ec922bbe3750df7eb8852a789da89fc0f0abd451e43fb0c860,Sheri Pineda,4,managers,manager,True,2025-05-24T14:16:34,2023-04-24T20:35:40,2025-03-27T22:51:37
1115,user1115,richardskristin@example.net,scrypt:32768:8:1$trCPUCozNvvVByeL$8950c4c741ede41ec44bdd145bd96fc9230fe74b8a69bebcef3c707e59c475f62cb6b544520138eabd02774aadb2ad0f30a1b9ea268ab040f75852d5f5f0352c,Sabrina Martinez,6,admin,manager,True,2025-02-12T01:21:18,2024-07-24T12:20:34,2024-02-16T06:21:35
1116,user1116,nwilliams@example.com,scrypt:32768:8:1$YoTl3yl4CXOE49uq$c2570482641854ab52fd382026d0453441eb779b58bb486aef5b34b7efb5bc30d301b240e7fa0444436ceef930129ad2929a1a8c705b7db3cc4d1dce6e0e8a72,Alicia Warren,2,managers,admin,True,2024-11-07T14:48:59,2021-03-22T13:30:14,2024-10-03T13:11:40
1117,user1117,spencersherry@example.net,scrypt:32768:8:1$mb8VVEaa88BEYBoJ$4abf1458195c9596d3f685c8a46e393a28252d06bff4ecb516d97f1d44ccf71c713bb01b557f067bacb222582b3a2aaf76cec8ec815b4f780b09e35b0658fc1f,Audrey Clark,8,admin,manager,False,2025-09-08T05:46:08,2021-07-08T19:34:39,2025-05-12T16:14:16
1118,user1118,ghawkins@example.org,scrypt:32768:8:1$utiG7uA6aEc7WXpe$03239d8a954b4be5824728e14274107a8cb00e9ca690aa5d045815a7020977c7e68dd708c42177b86e0c33584d9b99f07cc6f114453e99d6968c63b68189d429,Anna Rodriguez,3,managers,manager,True,2025-09-07T00:34:35,2023-06-27T18:53:33,2024-09-21T04:55:50
1119,user1119,michellefernandez@example.com,scrypt:32768:8:1$DfMInWtj2dCDuS7r$bbcc6c3fdd498df47a6c3609b7a5a48dd868385c3979dfa4f704b34843f4063fa09964c4a49868dd5335e801ba9e7ea6ce1f3edddc34c7ae52347fc802d03497,Katherine Lee,6,admin,manager,True,2024-11-29T04:12:01,2021-10-22T20:45:50,2025-04-26T12:21:54
1120,user1120,kathy91@example.org,scrypt:32768:8:1$WUZUQwinfwGTHPu3$f80d54de98beb9056107c64195b810960ac527f2b17c4275a81b574950d74b7a75fd428ef5caf69e5f34dc50bb5f288b3e245e901bc1a525958b90139d190c8b,Laura Henderson,3,staff,admin,True,2024-12-02T11:21:16,2021-07-06T14:55:16,2025-02-09T18:45:22
1121,user1121,brucebrennan@example.com,scrypt:32768:8:1$V2LFA8M6RJCwgOjh$f2ffa7ed5372dca0f4f7d90194afb6ee0d17b7985760fc6a3fcbba6b7fbdbe9867bcb99d7cb9d0b70eb8e35a07d4a8b8b486705119491f515bf0d6a670b7d520,Leonard Morris,8,managers,admin,False,2025-06-17T00:59:29,2021-10-25T03:10:37,2024-08-10T09:46:55
1122,user1122,cainvictor@example.org,scrypt:32768:8:1$miBRhHv5FTH77Ehf$95d1b2890e0b8672fca96b3f8a9ef926610248955b210e9bb910a31f53f9a295381fd8a4bfea37c70d6b41d7ff8f4b4361043b7c307997502b3340e29fa470ac,Sheri Lee,8,finance,user,True,2025-01-02T06:02:57,2024-11-23T05:17:25,2025-08-30T15:04:52
1123,user1123,karencook@example.org,scrypt:32768:8:1$evHJJhCXfkrH4PEU$346fd649d3ea2560c4b3504f64575929d52f8466ee55d0a30d86c08a6b0f0017c08620d3f55f30caec86790a2747d6901d0514677636a5a3842e4b3f4d8ff1b6,Jennifer Gutierrez,5,managers,user,True,2025-10-02T22:26:28,2022-08-08T00:45:41,2024-02-02T23:20:35
1124,user1124,zimmermanmicheal@example.com,scrypt:32768:8:1$boJ0HGIrCqwxJz9M$142b9628856c4253fd743187530bf6e300fd84c963385d971eb7a4190c85573478d70989542e14142ed8f49e9f962329d1464164d886ed4a545afbfe6b7567bf,Mary Page,2,managers,user,True,2024-11-24T13:09:08,2021-11-29T23:46:16,2024-04-11T01:20:56
1125,user1125,qgeorge@example.com,scrypt:32768:8:1$HzInMRQisv35vIrj$b9ce445472d94ff695ece2fad80efdc1e9872549556a93b7b88f669abce8cf395d27a629a56e77379325992259ccc4b3f4e4e129b4bf0110b01e0b3460a863f4,Wesley Vazquez,1,managers,manager,True,2025-02-03T20:24:02,2024-02-05T12:32:09,2025-10-10T06:44:38
1126,user1126,xgolden@example.com,scrypt:32768:8:1$6hneWtLRyxEz95Gd$bfb897a06dec12128bd59e554d86ae121fc408cbff6267bc4906113bc6efc0cdf20b15284321b6e3587c9a881ce589797f30c0cebd58626c351ad3ccc91ef1d0,Stacy Phillips,9,staff,user,False,2025-06-12T09:40:27,2021-07-21T12:25:18,2025-03-22T18:01:13
1127,user1127,daniel24@example.org,scrypt:32768:8:1$jY2Nw8RpIcITCmir$2e91ee085a2d35d1da293281da5489c4a377c0d37e2dc9c7ed81bc1362646cad3072ad6a50cdc08c63e4fe93399844c96fd93ae55a51a4966e4a17db46c9a193,Darrell Leach,3,staff,admin,False,2025-05-04T09:34:39,2022-03-11T18:20:45,2025-07-06T20:02:50
1128,user1128,montoyagregory@example.com,scrypt:32768:8:1$FeCwZ1A1PHmcUfM2$c227a4e8b06516aefa06ca0479b9067d0075aded0fe7e49a5fd8955cad7dec4e45532e0c2af3232d9718c6d0a4c1661b2981df051a3c224214142ac39ca6bf5d,Elizabeth Perry,9,managers,admin,True,2025-08-22T06:04:59,2022-05-15T19:09:13,2024-05-20T03:10:39
1129,user1129,rhodesnicholas@example.org,scrypt:32768:8:1$h8rIn5f0wAIeL77E$7269dee31f9a66ddbbec74e4fc22ae2dde48838bb84f076832873993a0bf08e54e5ae07f5e3ca4e44768805e0e5a6edaba3d221295a82a900362b8ef3d8056d7,Mary Mcguire,6,staff,admin,False,2025-07-15T15:56:41,2021-08-17T14:11:07,2024-12-18T02:03:10
1130,user1130,whitekathleen@example.com,scrypt:32768:8:1$WF3OzzWjdoNsf5wx$217f763f33a36079733826e15bba344a000386c839e12a1a0942c4e03e555796ec51df42bc93b5712369e6578889a3ed389cd51b6560e6bcfb66fda3b97a36aa,Jeremy Phelps,9,admin,manager,False,2025-06-23T22:43:36,2021-11-09T19:03:40,2024-07-01T13:42:51
1131,user1131,patriciaallen@example.com,scrypt:32768:8:1$Fm8Nh1qYBjkxz1aN$f1fe390953e4f453e72e3512951cd89f611aabee1dfe36c53ee6ce67c8a46bc99c402e9c245eb9bdd25495c5f5d24c6dedad21127492370c32770b437b30dca3,Jason Wilkinson,1,finance,admin,True,2025-09-10T22:08:48,2022-10-22T05:41:30,2024-12-06T02:04:47
1132,user1132,lisawillis@example.com,scrypt:32768:8:1$BDMfqkK8dqK4yQDW$040c1e7aed7619180a5e3dd2e12ae6ada72842e9c8a342529bb6e5a5d039f9f6683d7735fdbdb084a8b7eedd1e0a9c17cde4ac35bbe1275c68887a6cb4b55735,Holly Parks,3,finance,admin,True,2025-04-20T23:10:02,2021-01-10T10:25:23,2025-05-08T19:24:34
1133,user1133,mary08@example.com,scrypt:32768:8:1$N4DckYQbZDVg2jVy$2af120b78afc46dd9567c72f948525d75a54662920cc2ada7656ad00312f609c7efd91b38d0def9a3fd840f68fd12caf128fe8323d46fdccb2a06cadcef923ff,Dana Hogan,6,managers,user,True,2024-12-02T06:06:12,2021-11-26T14:10:52,2025-06-04T11:30:16
1134,user1134,nicholas32@example.net,scrypt:32768:8:1$FUbtx9ILyD3JGAN4$070affef2c4d1277b85106efa0aecae3e58641cf57a1d7c490566f42a904780378ee54f160cd73d4df93ee6fd1fc22702f9728266f3d74f256f3c395c7559e1e,Kimberly Duran,9,admin,manager,True,2025-03-09T07:49:21,2022-09-06T06:03:12,2024-03-20T06:52:57
1135,user1135,paulblack@example.org,scrypt:32768:8:1$GBayLN8semwiV71h$432d7567b0db15303855b95a89a69ed61a85341c23e67eed5f6d69e219408316c1b8efe63d4b573c13df933ba17331c72a7c54c901af04ef0e0caf87127865f5,Kelly Jackson,5,finance,manager,True,2025-01-01T12:41:57,2025-04-05T15:18:03,2025-08-06T08:46:30
1136,user1136,jennifer90@example.net,scrypt:32768:8:1$3eb2FVBGUufo2Vmu$4a43edbba16dd3c8e64c948bc2748d27956161d43e1fface555abbaf4e30be897f053a15712b62b3b9fd8f104c74a49349ad7a81ddb9648bc2a4446ecb419bbc,Jeffrey Harris,1,staff,admin,True,2025-04-13T15:26:31,2020-12-19T02:19:39,2024-12-08T10:42:47
1137,user1137,rosariomelissa@example.net,scrypt:32768:8:1$lpEM59zI1MVaSxbb$5c7a97b1824e441098b12c7825e0ac673abfeed7d598626d5042b17b36bcbc7a60d437120c5c9efa8066980369d106932d5e0a1208667efea99af16e6505ac51,Jessica Hernandez,8,managers,manager,True,2025-01-05T20:15:00,2024-06-22T08:57:43,2024-09-02T11:38:34
1138,user1138,stephenjohnson@example.com,scrypt:32768:8:1$mywKwbADLs9Athfm$3b954539633c4d5d0d197faf832a48f4fde0066571d6e8f795dbef841eb385e88e603bcd0630c5b7ccd9ff61c48f5800d9f97c1c64a87994c4a7c350bd770e09,Randy Gibson,3,managers,manager,True,2025-05-25T13:40:34,2022-12-17T14:40:02,2024-11-11T06:13:07
1139,user1139,tylerrios@example.com,scrypt:32768:8:1$tyNydONMwEZqFVut$9b3473c211ef5582771ee7ae86e5c07cc7dfc73fcd663905a90d480d9a99fe82eaa4ccac3456a8dab25d96224ede5a08b62660adbdcb34dc391797c32049696d,Carolyn Chambers,10,managers,user,True,2025-06-30T13:05:09,2024-11-29T05:38:53,2024-12-27T06:01:03
1140,user1140,ytaylor@example.org,scrypt:32768:8:1$ykT09m6JakhtHrf8$9de360b3390739bbe69b01448e5ab446136ccd03b086554edbf29a8089be149c20bf642a21cd2dce5e4af2083be8541fc810d562a04bbad0bf7f434b0206768d,Crystal Wood,10,finance,user,True,2025-02-01T07:33:35,2024-11-11T20:42:03,2025-04-28T22:06:02
1141,user1141,monica70@example.org,scrypt:32768:8:1$cdqAk3SbUhIlqRK5$7e5a2cbf53212183c9c7dff235d9fb286880e4cf67881083a558c5e5d3cf567c884bcc9d438ba03afa253b84031cbe36507aaf1805e1d83aff964ceb628503bd,Daniel Fowler,8,managers,user,True,2025-03-16T19:31:10,2024-02-14T08:39:54,2024-05-20T23:23:10
1142,user1142,colemanjoshua@example.org,scrypt:32768:8:1$8G7T8PW8JM2jd1DW$3558c5b0f1335f20c4af08b9735fb14f4400ec5986b244b088e89c1e4b1b3bdbf0f35b4d6c0dd1080de441aa5e349069968e943f9004cc26d4bef1b746708b41,Robert Roberts,2,admin,user,True,2025-04-25T04:50:07,2022-09-12T07:26:01,2024-11-22T20:04:35
1143,user1143,christopher42@example.org,scrypt:32768:8:1$YVDSZrbF86bihyFD$8fb36dfccf576d514c64583f8097a8cc4c7bf82493449d237748a66dd9cdd74930bd02789127d1c7ea80c5967ab46835cda94eaac02edf6ac2ea77850ef53d3e,Greg Williams,10,managers,user,True,2025-03-22T18:52:32,2025-03-06T02:19:05,2024-05-03T18:01:24
1144,user1144,qcarey@example.com,scrypt:32768:8:1$NxLO4NQ3LOmbkhLU$43dd72d6dbb90a255f799e6c33ef30d7464e3b49a0c9406b7372a9a47ed9aeb43053069c12117dfab66fee448ee1ba5e668b81318a65b97ca7e8320f025ec2d4,Jamie Hart,7,finance,user,False,2025-02-13T18:57:52,2023-12-31T01:20:11,2025-10-15T02:42:38
1145,user1145,breannamartin@example.com,scrypt:32768:8:1$kSRUuup00azLkHKZ$78dbe1326ba2f16af964fb5c789396672839f033db6cf568515322d4836fff5cf099250c347e326b7383abc2ff1eeffdb09954e62d80d941cc602db5e197202c,Kevin Kennedy,5,finance,admin,True,2025-03-12T13:01:21,2023-01-12T03:41:31,2024-02-26T06:55:30
1146,user1146,tony99@example.net,scrypt:32768:8:1$Ts45L2fqcIzwcN3A$1e83f2dd1ec9e95b902ea40fd38c8dec11c33caeb50ca0cfde8e1734d4c12e4f62d25665b87229b2422c3e2a24e611609f1e8ea75e0804653586a8fdaa03bb35,John Mathews,3,staff,user,True,2025-09-21T08:21:50,2023-10-13T05:10:00,2025-02-16T21:02:05
1147,user1147,fcervantes@example.org,scrypt:32768:8:1$QGKJhcXoP9EUkJxM$a44d2971bd802895dae384c68f7cb5bba33440b6b8429ce4be9c45b58aa691928540393e905cd440d0629f2eb3828843af269f95b84007736bdd9c9a97597adf,Kristin Cook,6,managers,admin,True,2025-07-24T22:46:43,2023-05-01T15:06:19,2025-04-12T10:13:42
1148,user1148,nathaniel55@example.com,scrypt:32768:8:1$32OCWYc2yRgRB6Ts$ba3e180de3284e9ab9a7e6ba882ddcb9620f55b2c2fa582079fdfb99778883730cffa5f634233fb02b0b1d38e6b6404870133b53a801d0fa3a6de3c8624d2d03,Carolyn Bell,4,admin,manager,True,2025-07-21T15:26:54,2021-07-29T12:37:19,2025-06-05T23:48:42
1149,user1149,andrew08@example.com,scrypt:32768:8:1$yZPBRS35obu2nbWl$7aff7fcc2937c475765db195d8fbdb922dd556a95dd37a5037142de9f303a65ec54dd7bf9e0ff32035f955cfbe05ac65889b6bfe7057a77785f1332827c5cd84,Courtney Jefferson,8,managers,manager,True,2025-10-06T02:47:38,2024-10-28T05:39:00,2024-06-13T19:04:32
1150,user1150,ccurry@example.org,scrypt:32768:8:1$X8ad5t8DlafM0zXW$94f6d6a765479681dc8be8578545e698fd63218cff6fb47b3c961de4e09b2ba9b9c694ac2f09591ed1f2959650a1779d7f4825546f2a8947c5e87d9d9f0de0c1,Jonathan Hayes,4,finance,admin,True,2025-04-03T23:11:52,2023-03-26T08:38:02,2025-06-13T05:21:47
1151,user1151,carlospage@example.org,scrypt:32768:8:1$xcxK8iqdrcFe5RcN$d56fafb34128101e743648f05ace8a3f779e96f05c8c50a29d0f5c52e75d6cf21b951a6cbd86fe4dd924fabe0670f61170a6e24ab6875cd8e9bfc165a0526342,Vincent Shelton,3,finance,manager,True,2025-03-04T21:59:33,2024-09-07T12:36:54,2024-12-19T14:19:25
1152,user1152,mariah42@example.com,scrypt:32768:8:1$r6EBEoBr4Jfkxq1l$cd2c84ba7bc88417ef9a6bfa0693a039eb14af67ce73c4a27df4d11f8db20fc92dc57095f801904ec3bcdd74db372438708535173a29d416e59ef326bffca42b,Christopher Bailey,7,admin,manager,True,2025-06-10T01:45:11,2024-12-04T02:43:11,2024-10-31T13:23:12
1153,user1153,htorres@example.org,scrypt:32768:8:1$PSymIgoMezW4Che8$f9afcf5424ee19ac97852cad73fe006b14840e17d8e7779f462111544a05fb529edd3dd782bb9cfa6ab1ee7aaf8d8b25af5d5b2a02fff18470cb1cb4f9f6bfea,Derek Martin,10,admin,user,False,2025-03-16T13:02:53,2023-05-11T15:17:54,2024-03-17T16:01:22
1154,user1154,suzanne76@example.com,scrypt:32768:8:1$a2imgUGAnyDryNdZ$e29727aeed110871ca8dbc4e3bd94cb952ed11a745886b8813c9d9f575f929bf57deb4167005423c7cabea21bfe78f58af8a48d3b17633408837c51a41fe7c3e,Kyle Brown,6,staff,admin,True,2025-02-18T08:56:30,2020-12-12T23:45:03,2024-01-29T19:19:17
1155,user1155,hcase@example.com,scrypt:32768:8:1$2sUmjHPdqTzzgAAi$10c58c961e7ace298bf0c7adc28c225e8a08084629eaafffef742137707be9ad14006a7736252bca0887d580a6c2eab563aba186bd2b74513afb711534a67a93,Julia Acosta,6,admin,user,True,2025-01-09T18:10:57,2021-09-02T03:39:06,2025-10-29T13:15:30
1156,user1156,urodriguez@example.com,scrypt:32768:8:1$1g1Zp4PiCtZYyI8B$6ff6e296ea48e0e739365e433e109fb5d4f77b322448fc008b2e3e2e4336cd14a208a919bd810bda8272f555cd92f58692db62a68e81b3ff032819aaef1319fd,Carmen Bowman,5,managers,manager,True,2024-12-21T01:53:16,2020-11-11T09:00:57,2024-10-14T15:33:31
1157,user1157,katie50@example.org,scrypt:32768:8:1$al6B57wPdevSAoBu$91485755d512b3aadc2429b20b885011d9c5b3ce8d7ebd3cda786a550ef9e93664f2a554097d805ac2e8dbc6266573b78ac6c2d98fedb04b5eaeb40af1cf2c02,Jerome Baird,5,admin,admin,False,2024-12-05T14:33:00,2023-08-17T16:28:05,2025-04-23T14:04:54
1158,user1158,derrick10@example.net,scrypt:32768:8:1$JAj4AffyBEtAavpT$97073abfd0e33f3acfdad514998bf4c86396301a40166e8291d07265bb6d0db52765907321727f524c72010b531809da2ceca5f719c0591865de4a50dac3661a,Christopher Wilson,10,finance,user,False,2025-09-05T13:13:53,2021-07-11T05:01:18,2025-08-04T15:39:12
1159,user1159,hardingangela@example.org,scrypt:32768:8:1$Xqm475NxLc1Gh10u$40269f798621f946e4f176a171489c2c5d962b88318cb79c17e7bba6df1d9ce7d4d10eff1615c1db55ab147c51d6799c7fcc03ab2152950b32300b5236c6c37e,Nicole Keller,2,staff,manager,False,2025-07-02T13:18:44,2021-06-25T15:45:12,2025-01-12T11:58:12
1160,user1160,cruzduane@example.com,scrypt:32768:8:1$HCkVBGY0gHWBpQT0$c1d8e74f86b63514d4ac5bf85c166ef26a583ba2b1bd60b250e38e5c997edc58fad95e30f40b51a14c9ad338fc753120972385273309e69e1a572fdda92085a4,John Rios,5,staff,user,True,2025-05-26T11:37:24,2024-07-30T21:26:15,2025-09-02T10:28:54
1161,user1161,fisherlisa@example.org,scrypt:32768:8:1$2QAVmqs4aONttX5f$07e23a4df0d4e276ef54ca4984c65015595a89e6d7c4085326a93a03725fa56c4bba92f05444a1faa8d6f52e64ae9104890c0b7edb47ebbbaa31da2003fcbf41,Sarah Long,10,managers,admin,True,2025-08-17T15:33:59,2025-01-18T17:04:16,2024-04-21T11:12:45
1162,user1162,valerie15@example.net,scrypt:32768:8:1$psv2XEjQBXswmpMd$e2f6c9928b86bae7067fc51381002335fe6e4dab210910b774b439b0c6ed67cefeaa3ae4b8d0e4d82a22c2ecc5b3f091ca16e9bcb0ac2c642a0bf961d716dcf4,Julian Miller,10,staff,user,True,2025-02-03T02:06:58,2023-08-18T11:11:37,2025-07-07T11:34:35
1163,user1163,david75@example.net,scrypt:32768:8:1$6EPy4hkhrBDjiszr$71bea406ec0dbdf958bb61676b31337cef3254f32ea06517d4644a5db89d37f011b97aef36a1c6affe957ec65035319cef3610ee6b2cfc6fa91b2a19b955b93c,James Maldonado,3,staff,manager,False,2025-10-12T18:32:07,2024-03-12T01:04:20,2023-11-25T13:42:49
1164,user1164,scoleman@example.net,scrypt:32768:8:1$tOwHfoD1ZlSoqt4m$6ee9870f4c94120cf5c9401434eb1d982b96c2f98be87a570247ef145b6441e51519bacab5e77bc99cce7597447b04d48ed580714a289ee24300d19c470e4018,Robin Greene,5,admin,admin,True,2024-12-22T19:34:50,2025-01-02T04:50:37,2024-08-05T13:25:29
1165,user1165,nathanielnolan@example.net,scrypt:32768:8:1$Sx3WjHwyzfdhRQjt$2dead15564a47b002ec785f376f85872b7dbae42511215efd49368fc777aa5a55f171f0034bfe8013c0a8d84ebd19553e30a4156049095f09f0f9b117db8bc26,Donna Gonzalez,2,staff,user,False,2025-02-26T11:50:18,2021-03-13T15:11:57,2024-03-23T12:41:45
1166,user1166,sdowns@example.org,scrypt:32768:8:1$LZbjVD5BZDqTkkPK$79bd2b9f4bb4370359566d0441225a4d4b07a34cadd76e7a124a8ba580e9ad1bdf5272cfd82f62065b726755765ece2c9fb29fb47384e8f4d35304734b6a773c,Heidi Oconnor,3,admin,admin,False,2025-03-18T12:24:39,2025-09-05T04:52:25,2023-12-14T06:58:49
1167,user1167,donald44@example.com,scrypt:32768:8:1$nY9astAQBV4jqwk9$da429a50d0736ca962d1f47b8185b5ecc1a72570ed7a63add1d36ffc8b4c632eecd1fc60786f3b84fedc91c4628c541c95b52939086219fcd16e98698008038f,Stacey Mitchell,7,staff,user,True,2025-05-03T12:50:38,2025-03-17T02:03:32,2025-07-31T15:27:14
1168,user1168,jacquelinebenitez@example.net,scrypt:32768:8:1$WMueZMQeBUrNJKTO$a31d55e1ada41a18964ea4b6fbcb19dd86fe0c8e49fa07d9dc500620b2717a4127346cbe34fe805ce722645b33caac6be2862f00af373e129c3221c292e12e25,Joshua Duncan,10,staff,user,True,2025-07-13T13:02:24,2022-11-28T00:22:20,2023-12-16T12:29:37
1169,user1169,edward87@example.net,scrypt:32768:8:1$oI5I98fqemD2gWVN$8fe918118593b9242ad16e61128473b58ec710e202e258674c31fc24b79df0be010a8b00ed040107d986603e653d662b12952040d5b5929847469c14c1acbe2a,Matthew Allen,2,finance,user,False,2025-10-26T23:12:59,2021-01-30T20:09:21,2024-11-27T02:54:34
1170,user1170,ebryant@example.org,scrypt:32768:8:1$06xd0mETvTlYqHKw$82a88c9b592274901630ef92c5a20cd56badfb922af07c26bb4b0a867a1e54516f176ae53c4c3323b684d2dc78894e37e9d77239768ce75fe9a753afa75372cc,Elizabeth Arnold,2,staff,user,False,2025-03-12T01:22:59,2022-06-29T00:50:39,2024-06-05T07:25:47
1171,user1171,mward@example.org,scrypt:32768:8:1$pDloDRAt12GtzvGs$b381da9f727e586fe9afe9f933f9dd9c52d765639eb4fcf5c6d3f13822b41f40165765344438bb46fdce61dfe5516e874f5f40cbad7dec385289b19cdb4d7dab,Justin Mckinney,4,staff,user,True,2025-09-28T01:26:54,2022-02-01T11:49:02,2024-02-27T07:26:24
1172,user1172,xbennett@example.com,scrypt:32768:8:1$byGxtWX3uYJAT8oy$b7e785c1a19d5ef8c32337d5b73a76347630b91fd0d19304efaf70fa895057f01405227352ddb2a437da943c93fe3d1f31f9ee58f6279c43c45f377a0f4c0b81,Stacie Mason,8,admin,user,True,2024-11-15T16:14:03,2021-03-11T20:19:16,2024-01-07T23:07:36
1173,user1173,wendy72@example.com,scrypt:32768:8:1$uJg3RENo3Ee2gFO8$8f2604fe9619ea9eb28d22b3a1ed9f18119725c02ba94cea25f77541c1d160a6e4672b8eea34bc59b39c2d25fe5f631f0970bd778da45cc788b86ca4bf5c4246,Anthony Obrien,4,admin,manager,False,2025-07-10T11:59:13,2021-04-13T12:49:27,2025-03-18T23:48:47
1174,user1174,nvega@example.com,scrypt:32768:8:1$9VDJakRekz5FcIba$a6fb4cbdcce32a01089a1d7a14f0f1fb9b2ec3003b6cd2b753e18c4a8713f5413829d63dca62765a9c271fc1027c1887920c1cf8b3d0a2b7286e3a6676176865,Diane Navarro,2,finance,user,True,2024-12-10T15:25:14,2021-03-14T15:12:39,2024-02-26T18:36:41
1175,user1175,william56@example.net,scrypt:32768:8:1$w9mKS57U2tMb6Szy$c5c2b27b67f1a30455ecc67b9cfa840cd240dc9826923bae2398945edb57599207df3801ffecdee6686dec0ce0760322ca2481eeb76f2e4d9a875d00b73bfd97,Lisa Gonzalez,7,staff,admin,False,2024-12-01T01:20:47,2023-10-22T10:36:22,2025-08-06T09:54:01
1176,user1176,xhoward@example.com,scrypt:32768:8:1$f5YNxEU8m98rz19m$4c756e44af307c7aedd96cf417b7be1888bfa220dfa4c6a8c3b242999242a4f5135f6f7fcbfc0bc833ca464f4b8f5ed663a0e7a8ad4475e2043ecd43f82021cd,Angelica Phillips,2,managers,manager,True,2025-01-13T05:46:30,2021-05-10T14:43:11,2025-08-01T14:00:38
1177,user1177,nnolan@example.org,scrypt:32768:8:1$aDZWnuNRPAvGdpIf$7ce7f69a897eab66801bba3f383f1f0ef8a06139b774b4a8250741f3481558ccafdb5f6d152010886450187a07f947cf2311b56835631777ab93d01eeedba8fb,Alexander Martin,6,admin,user,True,2024-11-28T03:55:42,2022-08-15T14:32:23,2025-03-25T07:22:06
1178,user1178,deanna26@example.com,scrypt:32768:8:1$FuOD3tv86UQwHvWt$d27453afe248042837fdc2e2abd4e69508dac312dd9d077205f432f5d613cefa954b79a49c990a7c7dcf73f506fc30dc27df2d40bc3c5e8dc418bb0efd1b3f79,Larry Flynn,2,staff,manager,False,2025-04-16T07:17:54,2022-11-13T00:51:11,2024-01-29T19:11:09
1179,user1179,ericmorrison@example.com,scrypt:32768:8:1$nTBU8sz4Q6TAC7sx$8f48fe3c72007904bb7e96530ad9cda1e7f9bab6956c36a31c2d16dff09319c39bc3a23d8fbb64396a5caeb10a2649b237d65f78eee1f79dc71d9669dc8cdde7,Danny Wagner,4,managers,admin,True,2025-08-01T08:18:15,2021-08-30T08:38:10,2025-08-07T09:20:11
1180,user1180,villanuevaroberto@example.org,scrypt:32768:8:1$UinZSUcH1Hfbby3c$b425238b3002cdc05e03af3789dc15575451d2f35a8c9bd609bc88309296c86a07cc57e296ba4d2248dea1bd85bc2d4a9976cf4a2e7fa4ba3a9571f847273f44,Jessica Williams,2,staff,admin,True,2025-06-23T20:19:57,2025-09-25T21:36:53,2023-12-31T17:30:43
1181,user1181,timothywilliams@example.com,scrypt:32768:8:1$oOoOb44O6DMOGnno$386a592c2a33bd5fa5f739cd2de0517d8135dd3408450b7970f8bd24094b7a45488b511f36ad59289ec86360ac7d512724278b8f5dcfa7d4ba46c3e390263110,Stephen Jones,2,admin,manager,True,2025-07-01T01:15:35,2023-01-21T20:21:39,2025-02-10T21:33:03
1182,user1182,susanprice@example.org,scrypt:32768:8:1$ox3dh8mG6Nau4EcL$e589f468dbacf83dc6c7890795c8f2067e7b3f24a0b84dfb548f7e44024d91e0b4b14889e12e51c3d0694ebbb9c5dcaba8e0d3472d74ba34bde2093073d4d7a2,Mrs. Joanna Wells,7,managers,user,True,2025-01-07T21:23:30,2021-02-13T23:21:13,2025-06-26T10:21:33
1183,user1183,cphillips@example.org,scrypt:32768:8:1$2bB6f9X52Ay8LNPD$8315a644cf748b06043d79d442b3e2a9c5ff8dca889236acb4491db962663717c57cd2c95b30760d13435a8019231e04d84e38253ae9bce5769782af52f56376,Catherine Ramirez,10,finance,user,False,2024-11-22T03:18:37,2025-01-03T03:21:37,2024-02-20T15:13:15
1184,user1184,jeremymorris@example.org,scrypt:32768:8:1$hSdd1lkOVGXzYG4n$7b3fe0cfe4460e4b05145def89d122b779a4e5c16981733500bae3283b481691929552390f9b62d9a5d2a39ced61b445baffee50f7dd7ac4e0887a601528f2f6,Cynthia Campbell,6,staff,manager,True,2025-08-18T06:08:44,2025-04-22T06:05:48,2024-08-02T11:57:20
1185,user1185,collinstammy@example.org,scrypt:32768:8:1$EXmnW2B7JJdlvaPT$fd985f003608a4a7fbb7bb7f1cc0b02249f054cf4154ae71876963e0943fe8b666705e9afef9eca7a627c373384b8d708167e409cf42e52bb824bf5f92ae3603,Megan Massey,10,staff,user,True,2024-11-02T08:04:19,2021-12-27T09:54:29,2024-09-03T10:18:26
1186,user1186,carteralejandra@example.net,scrypt:32768:8:1$8ulSIlofpQwwURPN$62b44397d0795418a8bbc08a05bba2caf5d2d7d664173cd443f684d3cd7252d2ced74164dced0ea06abc10942954ce1143253acb42719948bfd715a1e99eb132,Kristie Schultz,2,finance,user,True,2025-04-05T17:08:25,2022-12-04T08:22:02,2025-02-08T07:39:03
1187,user1187,mjones@example.net,scrypt:32768:8:1$luvdsvfuywEF9zfE$7488be19271ebb18bea62c5bd2d9891063dfc60db9dea48448775c4cfb05ef5f962b9ca58bf86ae1fbbc151ed77c19181d3cd6dd6392bce4235ee3b23125cd4c,Tyler Mills,10,staff,admin,False,2025-05-14T18:01:14,2022-01-11T09:31:17,2024-07-11T17:50:55
1188,user1188,florespaul@example.com,scrypt:32768:8:1$c7GVkagA17JysAjj$f056e8b40bc72947df2fe6ea59ddb16b30ddf500b47517db199c8a271882ca9ad5aeeb9292d5c8a4055e668c9bee6faa8b32fee2b29c4e3f18b3624162f5aad6,Edward Yates,7,finance,admin,True,2025-02-27T09:02:08,2022-12-20T06:16:42,2025-07-23T14:30:35
1189,user1189,gerald30@example.org,scrypt:32768:8:1$hcEzz9vvUuAikt2e$10368e64100f4408257d3523fb038bc6972690f14d69e06be36914d7ad28d279203737777c3307fe120acfa0a1e0fa8c4e4f2960229e5100eadcaa2e3a0c9419,Gloria Brown,9,managers,admin,True,2025-01-25T13:52:18,2025-08-08T05:15:44,2024-05-06T03:37:51
1190,user1190,richardnguyen@example.org,scrypt:32768:8:1$9t4NxYpos0w1s0mo$ddc771a2f97b7c34882c02f279f66534d590fafcec55c0c5337d2f4a92bd3477565d0fbc0aa960220b43e6fa380246b4ab7a2955a8c7f233b48cbf2a249c8ec1,James Massey,5,managers,admin,True,2025-10-10T22:02:12,2022-12-09T05:49:45,2024-06-23T19:00:42
1191,user1191,patrick93@example.net,scrypt:32768:8:1$6h8TRDWy45Si5LPM$5247c6c23e9abffe67d417be28e9278e397384420398bce930f6c28bf3a118800745b0b90af87aea9018a2312b7b0c69e3f56b50bb95f455d2e828a537151474,Joshua Cook,4,staff,manager,True,2025-07-03T07:17:13,2024-03-31T00:30:50,2024-04-25T06:55:46
1192,user1192,heather47@example.com,scrypt:32768:8:1$zwELQsNFe9BqI7rq$1cdcee15c9b8a02a7a8604d62f18695356d8114f46f55503e26d9dbe4f25da8df38256f5a7306cf67af788837a5df873504282bbf7652bd8029421b8cb169afa,Tyler Johnson,10,staff,admin,True,2025-08-12T03:25:45,2022-01-25T08:27:07,2024-08-10T13:37:22
1193,user1193,tracy60@example.net,scrypt:32768:8:1$OMXOWRgRyZ78w4yH$1c2a7f7c9192c3323867ab9d1cc21fe4d2dae662bc559c50591b7ee4bee348faee04834f6f6f4556e72e87d0ec1c132b4fa24f9edc269d6d62b4e0d1ecd99549,Aaron Patel,10,managers,admin,True,2025-06-22T00:49:22,2022-09-01T05:52:33,2025-10-27T10:33:01
1194,user1194,gsantos@example.net,scrypt:32768:8:1$C6CFSs8EqPfWxSw3$8c330cd2b68a752479b69aa8e992cb938f957130e4be2139e3e3b2c802d32e4561d1ced45acfaaee8483cb8253a3cf69eca5245a1a06a234bbe0b1b4966b9ead,Teresa Scott,9,managers,user,True,2025-03-19T00:45:02,2022-10-31T17:32:27,2023-11-10T06:14:08
1195,user1195,tyler71@example.org,scrypt:32768:8:1$GTDVDSApjGzkSSXq$4f2219ee1df064e9b6730b0bfddc28a3e26646e0c31c2c50c5eccbccce2c6c1c1dad804ccd023a164ea8ab82398aa30a59cf7f08ce0c3a5611e4ef7316755473,Cheryl Taylor,8,finance,user,False,2025-02-21T18:29:59,2021-08-23T05:32:38,2024-09-14T19:40:18
1196,user1196,laura19@example.org,scrypt:32768:8:1$gYbNrBxb1GwXccwN$3eca930cd03ddf188fa55f974b2908b6f5b1db628701aeb8b4b6ebc549c2bfa083a372b9577c75a95001aa07552d7e7daea2febfb2480ddc7b5eef80deaecae8,Ashley Scott,6,managers,admin,True,2025-08-11T06:36:57,2022-10-17T19:52:20,2024-10-27T06:54:28
1197,user1197,samuelallen@example.net,scrypt:32768:8:1$iLi9aNcZGEwgEfmj$be44385eec284d8168c6c7f5d7fe1b2fec542cab2df078eb19a1519ed0b39fb2a4631bcd1f20121ceeda92d18812225adf3e6c41780eb89e1c08447de8b1a905,Melanie Wells,5,admin,user,True,2025-03-06T18:44:59,2024-01-14T04:58:29,2024-08-25T18:54:31
1198,user1198,samuel70@example.com,scrypt:32768:8:1$ONxXgiCBG6EFUBvV$b3e91ff0d3aa16f1464499ecf036e8d31fc4445d215038485ae909340e222e7ed9a30eaab3c620bf3be44c845e174e43f26ab360321c6c771079f66b68cb715c,Stephen Perry,4,managers,admin,True,2024-11-29T11:07:15,2024-12-11T05:54:58,2025-10-04T01:22:59
1199,user1199,raymond95@example.net,scrypt:32768:8:1$nKuxCHnpZUVjDp5k$d7043ac070c600ba04a73ae93bcdac5779a27723cf3709a445f830c3ffa621e947b06f92bbeecb7ff5f98688204eb20b85fce2122184f5fae605e22905cd1798,Erika Johnson,8,managers,admin,False,2024-12-12T12:04:22,2024-10-31T06:29:13,2025-05-14T14:32:57
1200,user1200,gvargas@example.com,scrypt:32768:8:1$MjG5p3Vieh5dfNe9$97e69479e3440f8c623a2298f549ed9a75793f52827546a060555447c809391ec85911e567578f02df14ed067ad584eb5ebc26a6bd10b7ede6ee36a21dcfe825,Jill Parker,3,staff,admin,False,2025-03-27T08:49:45,2021-01-28T06:05:40,2025-05-21T08:44:54
1201,user1201,ethan33@example.net,scrypt:32768:8:1$BKB8OFYTnQgrkBOj$91df8ef4c696c516f340e8e5ad833544074bbd9e0bfea229bd2e994459d0d10003c9cd5ff7aedeadc93e5b68078c27f14382c1a34baee03c993d067e19a07ba1,Caleb Brock,9,managers,admin,True,2025-07-04T06:47:14,2024-01-22T11:31:52,2024-11-02T19:13:33
1202,user1202,waltersmark@example.org,scrypt:32768:8:1$9H7gB3WasUQvxJkV$b418209eead652260ca07aea5edd77d82bc916c3f5e35a52e0d27367325ead538b3d841329165a90c98414b60d1d47330a3cb11a1a9b0178729f35be2059bc59,Justin Williams,8,finance,user,True,2024-11-23T01:33:15,2021-03-11T08:14:08,2025-10-22T04:22:08
1203,user1203,jonesryan@example.com,scrypt:32768:8:1$yuUtBQVIgwF0nP5e$4001f90bfcba5ce2542aab3adb52fd65de11e4d43884e8efdd38016e39f625b651c77b1eba265c35ae05153dd0c44344e471904ee9bcf1f4fccabd4524456f0b,Garrett Thompson,9,finance,manager,True,2024-12-25T13:37:04,2023-02-26T01:33:44,2025-06-29T23:52:10
1204,user1204,brett85@example.net,scrypt:32768:8:1$gvPIgEfWHVGFssMP$acfde67758cc382ff1bcd60e171a01bb9734b364ecc49f0aa41073aaf834231f6e6e0675dce75f4bb88c7eed67bd25617beda8a53452e75cce3b6b5c913a2fbc,Anna Raymond,8,finance,user,True,2024-11-30T13:45:58,2025-01-30T20:06:37,2023-12-22T08:21:01
1205,user1205,smithjacqueline@example.com,scrypt:32768:8:1$xhIWuNTEJ6RTg7ck$3b70d7121e5021e4439466c27659742f2a2a01c5b6bc0053db3d529d16babe0690a2efd0bdc1ee8b9d445d0585721e61b2de5fc4963f5d53c3aa7594f9089599,Amanda Casey,3,finance,admin,True,2025-06-24T10:27:07,2025-06-04T12:51:44,2025-01-10T02:32:25
1206,user1206,bruceashley@example.org,scrypt:32768:8:1$O16vVakXYoWSZAgM$35e5640d6dacde561292b5dc608182acbaf33fd258128acadcd9931bce620f5724337d72ebb05170c100c56a2aabed7c9be0a7e23d3881ab191dda8d918c93af,Richard Suarez,9,admin,user,True,2025-09-12T14:21:17,2025-03-03T00:48:52,2025-02-13T05:18:57
1207,user1207,bmayer@example.com,scrypt:32768:8:1$vu6Wc7RTRke7Zv50$7321e9880bd16acc5ac4a6473acdd8b163428fcff5673a6aa55a4eede31fa73139b582fb5e7d019ce18d72fa727e9421b1924b104259f30fef5ea59cbef8249b,Daryl Hanna,10,managers,manager,True,2025-03-15T19:54:43,2021-11-04T17:55:19,2023-12-19T17:24:11
1208,user1208,debra30@example.com,scrypt:32768:8:1$angBfCKlIbmtzEZQ$dc3f3a46bf606d54e7f438106a939bfb77dc759814375894bfcc4aafa61850bb3e4a2367460b790529ac27541f375fc727d3b8b9f5392cd216102896e277b2b9,Denise Moss,7,managers,admin,False,2024-12-08T18:25:38,2025-06-21T14:51:37,2025-10-20T03:54:11
1209,user1209,sarah46@example.com,scrypt:32768:8:1$ZLAPF0TQ8NTNBMC8$ca3a517925e7d7ab5927f34b693d2c77c1321ca3e2d88c2a110809b341e37050ad28e3d40f303bee05084da4d4541df8c158e94549f3214bb51660d85ef4d11a,Robert Fitzgerald,4,staff,manager,False,2025-07-02T11:18:16,2021-03-26T09:42:23,2025-02-18T04:07:00
1210,user1210,camposandrea@example.org,scrypt:32768:8:1$WUtMtBvEiV038spJ$3bb9129b7eeade91ab9dd5a478067f65b6adc892ad00183de71dbcae9a8610873d259475db9e22ea4ed5b5d5049c01f3175f8e0bb86c01d0dca19f28f2110c56,Raymond Hunt,2,finance,manager,True,2025-03-15T04:08:41,2023-04-10T00:01:52,2024-01-04T12:16:43
1211,user1211,scott32@example.com,scrypt:32768:8:1$so9z4o4tR889s2uy$27d572279679a3475099ab65d71e582f751bcc6dad2f23dd2d15d103ac6338fb101cc672039ed7200bd28d0754ea3ea0f73c575d03ad894853fa4d35dc515f5a,Douglas Shannon,4,managers,user,False,2025-05-21T04:09:41,2025-05-30T12:45:41,2025-01-27T02:02:12
1212,user1212,gdowns@example.org,scrypt:32768:8:1$K7Tn3U4ZQMuQfrdS$9eab643b665b7a4a8b9dde04d69cee02343d5056aea6d45acb7d979a73546284a3880cb8824cc53d8f75038359dd5456f766a2ba944ef39291d737d8b5497a65,Valerie Campbell,1,managers,manager,False,2025-05-10T20:27:20,2022-08-04T10:50:49,2024-05-21T03:06:20
1213,user1213,trevoranderson@example.org,scrypt:32768:8:1$T2MBSZJcy1RisI4X$26b1c0df69ea4eb3b5286194eccbc537acea750702e614949e89109f6c45e5efb1692960053145547329eb3617b79d39df0a474bd420a58cdbdc6deeddc824e9,Dawn Sims,1,managers,manager,True,2025-08-11T04:39:30,2025-06-29T09:48:18,2024-12-23T07:03:43
1214,user1214,walkerjennifer@example.com,scrypt:32768:8:1$ChHrhqkUjTuEa8nT$2c3b2c845753c38a5face823c14320d086bf4efd23d526dc7ff43a1409f87a5ed4523d91f09f72ad4156e6f3556064035a97814cf44db52c5bd625061de24f2b,Kevin Warren,6,managers,manager,True,2024-12-05T14:48:15,2024-10-09T02:44:23,2024-08-30T05:07:21
1215,user1215,michaelmedina@example.com,scrypt:32768:8:1$WHLaSEDvLa5aLQrB$63b6f864b9ec161fd7360c0e0a8fdf05c16b85c458fa9aae44b35908981e1bf8c9cd8a18316ae0e107440de59ee8b0d2d3be7cff0c678f825c650692f113dc0a,Hannah Mann,5,finance,manager,True,2025-06-06T06:32:52,2021-02-15T18:11:42,2023-11-15T05:07:39
1216,user1216,mark74@example.com,scrypt:32768:8:1$fOMREEfd2JO4VDwl$8dccaa579cfd27bac249f2b24796e14a47bc7505511e6ea5b7e5548599c4ce3fdedfad52c21bdcfe226f7d11b1d6072a96d0e76f0a4b992f7b54437cb4ee59a4,Lori Morrison,3,admin,admin,True,2024-12-11T03:56:23,2025-05-09T03:00:08,2025-06-02T19:19:54
1217,user1217,jeremycruz@example.com,scrypt:32768:8:1$L4JPKVUEyQiLlUUs$1720fea765909f8b3aa345e0f82dbeafb9449fa3458f82fd00a186f44597345b9f5e3e5f1e0beb7f042a8e19e50ea13189037ef374ead67aed07befadd657f4e,Corey Estrada,6,finance,admin,True,2025-03-12T18:51:11,2022-08-15T16:21:23,2024-11-12T05:52:31
1218,user1218,david81@example.org,scrypt:32768:8:1$MpQ4u3qtF2o7yKGw$d8594ae6c4513fb755543af3efd4f56f0a715c2da2a7cc02cbc43cbd185854223ca4a4c7283a066826c8a53d4fb8f66a9fe8cc07ea396717e094dd1035224c30,Anna George,9,staff,manager,True,2025-09-21T02:28:08,2021-08-12T05:41:13,2024-04-18T17:34:12
1219,user1219,stephaniekim@example.net,scrypt:32768:8:1$AfX2HHlRbRgOrN3W$790dd351d5cabc537bfd10bdb35b955cdb5bf520e6c3c06131bc8c4dcc17b02f0d675c9c2106a9620d51f8f1ae474cc7186e3ae2e1fd08d1e5cb05cb2ef5ecc8,Catherine Ross,6,managers,manager,True,2025-04-12T05:52:42,2023-02-06T08:10:56,2024-04-15T02:41:49
1220,user1220,nolantracie@example.com,scrypt:32768:8:1$OJEaw8TuJ8MycOxY$2746c8561b102b92a6bcee85e31416d5c8ea5dd274436f74bef81ee7f89b6848fa81851e42a8c72f5e4d1b7aac59031196102550a4a565d122884ad533356f27,David Vasquez,3,staff,manager,True,2025-08-07T13:57:36,2024-02-01T23:14:43,2023-12-24T19:42:01
1221,user1221,uwest@example.net,scrypt:32768:8:1$00LEYlX7bQyEBEHl$abbe51c71aa20874e438ef71f23dd88eb329a40744f18dd4a2f934ab0338b7f11b840e4b6217e94955217a99f3af78be6991d12bd339dfb7fcb7b645f4207f6f,Crystal Fowler,5,staff,manager,True,2025-04-06T07:27:46,2021-08-25T05:50:32,2024-10-17T04:57:58
1222,user1222,garzalarry@example.com,scrypt:32768:8:1$lJyi89olUpFB5xin$93ff9edd2c57ef727f1e50b641dbd37dfa100f8f93feecfef5cd4b6882f0dc6bf633aa8dd175dfbe2e382d37313178f6f3d54e60ce30692932b19a333b0a9cb0,Sheryl Johnson,1,finance,manager,True,2025-06-12T21:16:20,2021-09-10T14:58:31,2024-11-28T11:07:55
1223,user1223,john93@example.net,scrypt:32768:8:1$xiyMfVAliyUCnwPs$7463b197348af57611ad546b7d527888ba4a57bd00c3593a9fda8f3d2c21ca09813b2672ea3703c1c5d3e88b5af2ed6e8c385e06895d227dbaa3e7e3a97c5fa9,Jose Ortiz,10,admin,manager,False,2025-04-16T10:23:15,2022-09-24T07:40:02,2023-11-05T08:55:35
1224,user1224,perrytrevor@example.net,scrypt:32768:8:1$7pJw9DzB1zF054QH$20ecb58e5eeaa4a3868a77e00056ab0aaa7dd73d7a3a8d2ba6f17b1f068b9e51043e95990a286ea2aaafa4a4e2eeb10050ecb5caab5f292bc2f211fe1ded845e,Dennis Porter,3,managers,manager,True,2025-06-30T12:10:24,2023-09-30T02:03:21,2023-11-05T22:20:24
1225,user1225,monica38@example.org,scrypt:32768:8:1$OMZxc7xEEJGAkCmh$de8346db43026ad2b7765f7bfe2ea25d97b81b343918b15845dea7a53393ced996a04ce67eaad0c2ccbf3302c754caad7436a20e86679edc926d304d7359d21a,Melissa Smith,1,managers,user,True,2025-09-11T00:11:53,2024-09-04T13:42:15,2024-05-13T05:16:40
1226,user1226,cynthia62@example.org,scrypt:32768:8:1$uYVzJbDqhrJLlEH6$180fbf57eaca3f29b779cd1326f5a6af6f8fc77f257c70f944bdb6d2768165cb3e570bbccb0f682b89b3f900ae4e1772453b2bb1b46a5dd2754034e456abe304,Melissa Henry,4,finance,user,True,2025-10-30T20:25:50,2021-11-20T16:26:30,2025-04-21T13:24:54
1227,user1227,jenniferdavis@example.net,scrypt:32768:8:1$P2nNcp3zOAeFNqay$9bcf49d7b4d088b76ce2d65a8a8aa62856499ad968e13536d8bdd8759e73f057928ff8109d069b0492681152a79b3a04402de866d593fb8734983c80ec190651,William Woods,7,staff,manager,True,2024-12-27T04:22:49,2025-05-16T12:22:20,2025-08-24T20:19:38
1228,user1228,wendylewis@example.com,scrypt:32768:8:1$Xi30Tx5gOGPn7OqY$fd793349869d11791b57c3c45d30270289cbc135e169d46388c3fe5c93051f41f78abd8a872eb7a24f6dc7a10de13b6ef50ec9d1fd65981ca0e9e57a2c4fc682,Terri Garcia,9,admin,manager,False,2025-05-14T02:56:08,2021-07-02T08:03:44,2024-02-11T08:34:32
1229,user1229,kyle87@example.org,scrypt:32768:8:1$n1s8YC2snFNci1CL$63cc2c70ebca7a1a304a73bd3a01e8c7058a7f15d44a539cbdbd33ec5a5e5e48e50b38163dc5a33fe00befed5a9b9be2d8b96b83b8b00ab3dfa8c0b5bb4682f1,Timothy Bradley,3,admin,manager,True,2025-04-14T06:33:20,2020-11-21T09:11:09,2024-12-05T21:37:13
1230,user1230,jacobskathy@example.com,scrypt:32768:8:1$oyPZdAm7HdxjT0sc$059796e73b71438efafbdba537753b524d07ff6afc280baef181268c89b8f476e86e5b16765283967bf9f28baf600483ac9445286117beec8880a2052664a110,Mr. John Webb Jr.,7,managers,admin,False,2025-09-07T03:48:53,2024-04-05T22:08:16,2025-05-03T13:13:36
1231,user1231,bellbreanna@example.net,scrypt:32768:8:1$6yquj2XZ5E5monHI$fc40dd7ed6867867852cb520607bc95c60577e5282f5ee636dae76a2d0ae7fe8edb46427d053b1b05213e70bec27c5e0854f315e110a05a1181d6804e3eb9027,Kimberly Williams,6,managers,manager,False,2025-05-18T20:32:37,2024-02-24T19:55:46,2025-09-16T21:04:24
1232,user1232,avilamelissa@example.net,scrypt:32768:8:1$tobdigCD0yXC1XOc$f9370d6ffcffa2af956adace64b3c79ec7366e384040242561cb6753ee7495c388a360c94d3b72af29dfb68e6fc84c04307d8a6efbfbc80319182768c4a1e276,Christopher Wall,3,staff,user,False,2024-12-24T14:03:42,2024-04-19T22:00:27,2025-09-08T16:24:20
1233,user1233,mthompson@example.net,scrypt:32768:8:1$mvQ6UkgvK9M1jgDo$aebdd068ff6a51410259363c812c987fd8301cea4a7610a3b7f9206cdcddb394f02d17d4d3a73be6c39703178870b9977edcd563924790c2a37611f1eff2dc60,Gary Brown,4,finance,manager,True,2025-01-11T10:12:43,2025-08-17T05:15:15,2024-04-08T08:02:53
1234,user1234,judy08@example.com,scrypt:32768:8:1$VLHXcB1uFllnPnVi$1cefc30ca8f23ecf39481dcbd400e2dbd248e346ff60a63b58e7a8c5c110fc5b29f1a9d3241c1d764d9f89309aef7574ce2708baf392f033ea6fec83bc5c7b40,Glenn Simon,9,staff,user,True,2025-05-22T11:28:56,2022-07-28T16:33:18,2025-02-01T08:11:16
1235,user1235,ibrady@example.net,scrypt:32768:8:1$brIMyVSkWBGA4YNn$40b13bc7aed9cbad9db70bada084887b49ececddfd00a9b1b2923ee424fd083ca83b4679928e86e2724b13b47748b57304fe9b5ad51a87017ef07a1e827e42ee,Suzanne Clayton,5,staff,admin,True,2025-01-24T07:23:14,2024-07-07T16:07:07,2025-02-27T03:04:20
1236,user1236,deborahnavarro@example.com,scrypt:32768:8:1$6n8aNZA9gGTZX1Re$3fbcd9c691cb54fbc105196c8b4fa2cd61f03479e386223e96bb873ae3305c1ca2272f60e87ec657b9ab6e704498d9c43054269768811c431b47b5401f902ee5,Kevin Hoffman,9,managers,user,False,2025-06-15T04:45:13,2021-03-31T14:26:26,2024-06-27T04:57:00
1237,user1237,tyronejimenez@example.com,scrypt:32768:8:1$9umD2o1Dgd2q2p6m$726079963db8b57da9f7f90ca8934686598d8ea59783b03e406cd82f16e8bb090a02b3f837a95cc78ad6133052e33d5d34c8e1f26f7fb66228ff15b20153f90b,Sara Dennis,6,staff,user,False,2025-09-08T06:50:59,2021-08-14T03:19:19,2024-12-13T16:38:57
1238,user1238,frank61@example.com,scrypt:32768:8:1$PdH4YMSUCNECa8AT$32516f03044d845519203f43000e24966453b1f4b9bd55bbde4654c3d97b465f3543dd6660ea11c8f5636ec7cbcd64cc9fc58deca1ee5e0a94c0c230fbb5cb7c,Teresa Richards,4,admin,user,False,2024-11-20T12:39:29,2022-09-18T18:48:15,2023-12-29T00:07:37
1239,user1239,whitneyclark@example.org,scrypt:32768:8:1$u7IcpqVr7GPBL3Ev$a8fbf3f11274c8767185828679a15ccf1c1d85886a4e7f8e1d001b27d8741d9fee5bdab75dfc7c117cf0767023944c82eba13fa71e8ea3bdb0fb6bee2579671d,Diane Olson,4,admin,user,False,2025-10-21T02:48:28,2022-04-24T10:23:30,2023-11-05T18:30:32
1240,user1240,nscott@example.org,scrypt:32768:8:1$IFhZT8mjbpoPkYNo$f9ab89f2f9fb6a20ae862d9f1403786c5354478060a85e840404e902b5e60d134d84ebba567a1456c5b0db3c1bd1710065698bd39daa67a289b6a0c046168d7d,Daniel Davis,9,admin,manager,False,2025-04-02T14:47:31,2021-02-23T04:40:48,2025-08-10T14:13:52
1241,user1241,znguyen@example.com,scrypt:32768:8:1$h2Elu6hzsT4VquMC$820513cda97c96d64359df4477f72474e36938c8426f865170a441a85982473bff414c49be3141389bf99c4f4127bad3d00bd339854aaeaaeeb777a4fe1dd8b4,Adrienne Day,8,finance,manager,True,2025-06-23T16:03:16,2021-11-19T14:33:59,2024-03-30T07:58:18
1242,user1242,millerangela@example.net,scrypt:32768:8:1$xBTDxq7AR7yq2c1y$f10f08415975c7b9005a83bd548e203bdcb0c5fffaef52052aa556fde474ce3e12f6f755ccd6825d30bc8eee1306ee588edbe710b37aa444a93c442125cb739e,Ann Conrad,5,admin,admin,True,2025-04-17T17:18:48,2023-10-06T10:16:59,2025-03-18T18:20:23
1243,user1243,sosamichael@example.com,scrypt:32768:8:1$fLHSr0hYGHxUjTQl$02c958c2e58ecae63cecab8724471e6ee66ccf0469648991c1728ef52307d02ad422d88e9bf3040af088f38d599f557a5a28401cda5f5b42b1c76cf236f18aed,John Ramirez,10,managers,user,True,2025-09-07T12:36:29,2020-11-11T12:28:27,2024-12-14T19:23:48
1244,user1244,feliciamayer@example.org,scrypt:32768:8:1$jnCc9a2N564QnxJT$0f3edcb69987014a8d8029b50afb17163e81ec8b2a5a9a883094fe2817460b1495b33a587fb9c31054636c5fb8a452b84070778f048cff7afd57664dc58cdda1,Christopher Nash,4,staff,admin,True,2024-11-22T16:26:11,2025-01-31T11:31:23,2024-06-28T18:30:08
1245,user1245,justin92@example.net,scrypt:32768:8:1$DICnPtXzUXzUc8pj$e75430412313ac4652b49e90bcb43f3c638da02339c40bf9e49a97496714719ab331f71f63c5b5268cc0d7a6537a228571889265ef056464c4689f0abaf8c65c,Sarah Turner,7,managers,manager,True,2025-10-29T05:40:14,2023-11-13T06:09:37,2024-10-20T01:13:15
1246,user1246,joshuamorales@example.net,scrypt:32768:8:1$UN1Kxkue5T6TZk8F$73c14ad56650455b5ced3825035d3d2da504ceef3762f0b7923e9a3927aa7987eeba055b941f07c2ea7429e519f2762da16242a2e78eec1d499d6ed29832072a,Michael Williams,10,finance,admin,True,2025-05-21T03:51:03,2021-01-11T19:16:15,2024-10-13T14:38:22
1247,user1247,howardbenjamin@example.org,scrypt:32768:8:1$uofNsDyOMg0cpduP$93bbfa2bb29bf3ce9784c7d3b3b1190f2bcbd05b5d6cd380ef69102bbafc367264cfc6c57a8d8d5df059d60f98310df76ae3602457e6e22e9b419d4b05d6761a,Donald Jones,5,managers,user,False,2025-01-01T07:13:08,2023-01-24T08:14:52,2025-09-12T19:43:46
1248,user1248,clarketyrone@example.com,scrypt:32768:8:1$rVAV2V4lqtqRKIku$26207a3a8f526551a85f707546711c00a5faee83f78449240ab8e50cbc59cff1a2d1fde126e368a8733a9efe1ab887dfbf0978bdf2ae184c6d32001e12ff27c2,John Hill,4,finance,admin,True,2025-01-13T03:16:12,2023-10-11T01:09:17,2025-04-15T23:51:50
1249,user1249,ulivingston@example.net,scrypt:32768:8:1$AAkeRkydBEnJ9ms6$fa299c907bc1c5dbc60108880244b42b601e9bf27a7d3c54e7385a18cbffd1be9ea3fe925e389b3d4d6440a9e2d554ff3ec3f3262087c3a59bed05008acbafd6,Gabrielle Martin,6,managers,admin,True,2025-01-02T22:05:53,2023-02-11T00:34:44,2024-01-26T21:13:42
1250,user1250,simpsoneric@example.com,scrypt:32768:8:1$RPz65aMlAtTDLmei$414babb096b022cf5f5eb90bc43cabb90300a681a0ba9491cb626310bdc53e814caa147bbc93746499dec345784852b2abd5baa8c3d915bfeb0e13e7299eb59e,Justin Davidson,5,managers,manager,True,2025-04-21T05:48:13,2024-12-12T19:52:13,2024-02-23T18:03:41
1251,user1251,jeffreypalmer@example.com,scrypt:32768:8:1$Jt94ILv56ztKVgy0$7b1d6c3034591e50692f4ca5bc57f2e35a3e8d7bcbe0993215a11c7dd90ba1707e4b57f4938be11d17491503b772d17b67486d905341590524a9daddb944ff39,Derek Pena,1,admin,manager,True,2025-03-31T23:45:08,2023-01-08T20:49:05,2024-10-09T06:08:46
1252,user1252,holmesandrew@example.org,scrypt:32768:8:1$8LiUcxpjfq93Swhg$bdd70ad7db7c99020938549f7fd812b9a40bb6a90e2b97505b0bd00c26487cc13a88272199cc2467883e87e4708d3cfbf6c69c25bb9a7fc0f1ddd216242e3523,Vanessa Taylor,4,managers,manager,True,2025-01-27T11:46:11,2022-03-13T05:56:49,2024-05-08T04:56:19
1253,user1253,lsanders@example.com,scrypt:32768:8:1$445o975lKknl2Oh2$b018907e43161b7d69fcb000bb0e727925f132c1efa20d4c02e4822845abc67e5371fa59fbbfa8f5a5f2d63200d796d4f0013de3427f5918d66745ce3628f05f,Laura Rasmussen,1,admin,admin,False,2024-11-07T06:17:56,2023-02-11T08:41:34,2023-11-08T08:59:34
1254,user1254,bryan83@example.com,scrypt:32768:8:1$sxTVXUPrgyDDmRcs$0bce105bf97ebb0f1642833c36c98b1164f21617f894e7fdd2d202d63785c474b31abb064452242cb374fda101bcbd6681fa487af70d6e07326d20b347f3144f,Larry Carter,4,admin,manager,True,2025-05-28T18:32:02,2021-03-17T13:49:02,2025-06-08T00:36:59
1255,user1255,gutierrezmichelle@example.com,scrypt:32768:8:1$4IiuijCro89HshEU$d902fd8bba5babd060afbeafb587a883cea37fc416d0c76295a7161d881bb4ca316c2ae4f7b7cc09bd07fc9e715cf1a716bfd0c22b7fb9a03c0e560b88445e01,Ashley Murray,3,staff,user,False,2025-06-16T16:14:47,2025-02-06T22:40:52,2024-01-02T01:26:31
1256,user1256,qmedina@example.com,scrypt:32768:8:1$hy73bf2NDA8fqFsh$b17e34d1939ce58b7b2bb25408844c68dedbbf3f6d05f1eac85eef4839912f1efcfabe6e0bc0e7371f519fa5ce10bfbbbd5ce4d5b936f595d72a935f526079b0,Michael Cruz,4,managers,user,True,2025-01-01T11:10:01,2020-12-24T19:27:01,2024-02-21T20:36:56
1257,user1257,fclark@example.net,scrypt:32768:8:1$s8t76sE5UBt3e21s$a6da59283c9313bc98848981edbaa15f6aaa5c465b46a4c5b6168d878c9083be4bf9cdf4def8b3aed2abec2deeb5139ae857d221d0c699b78ef5e39618cc2043,Kristen Baird,2,staff,admin,True,2025-03-13T07:02:46,2021-09-27T02:13:16,2024-07-19T04:27:26
1258,user1258,chadduncan@example.com,scrypt:32768:8:1$yBPxezRr4XYWcmCp$efe2fe13e8127cf67b30f232b762ea8437a009d023a3262617fca14abe339147464480d8ba138fbe3a70fdbb905afa1a4e6333481f355faa3cdbf551ee42edf3,Leonard Wallace,8,staff,admin,True,2025-07-31T17:07:10,2023-09-24T16:49:16,2024-05-26T10:44:56
1259,user1259,jenny07@example.com,scrypt:32768:8:1$EVOWrXJf5TJTpum7$e688d73494aa84762200a7aeab6ef41b87e71015e651ab9affd90f4ca444a84cdb6444b6aa345fdfb67457ab948a5d16ab1c25c736c81b2485981cef1d04129a,Kim Zuniga,6,finance,admin,False,2025-04-22T08:37:29,2024-10-24T21:19:54,2024-09-15T16:45:24
1260,user1260,bennettlori@example.com,scrypt:32768:8:1$xMhM6vAmDURHTm9T$b94ffab1ee002e31c34bdc1153d308cceb64cb8ebeaf5b9f6b28eac48bc2a7916f8c153f83e54f010dec4025bd827efc0a9626146de5b3ada06296a76883db1b,Sarah Jones,3,managers,admin,True,2024-12-14T21:06:39,2023-04-06T16:08:25,2024-10-09T08:31:19
1261,user1261,krystal67@example.net,scrypt:32768:8:1$8QZBheWrp3BwFxv4$8e210a1a2b93b47e666f1ac0b63bb7406a3a7645c42651394bbbc3fdd1694fefefaeba37d222866f8977ee5a4787b492c05b80f9a96bddd1147b661920af4fd6,Edwin Hernandez,4,admin,user,True,2025-03-18T03:54:25,2024-07-31T18:02:39,2025-07-18T20:52:30
1262,user1262,andersonvirginia@example.com,scrypt:32768:8:1$OKy8ZI3PXunH1kAe$5210c1ba52d427207a65c71edc540f460df9ada5fa09f7b5c5609a15c26b9fd0b9309b256a062e18da378c59e0b8218f7be6212ae4f291e087d75dcd9b14a234,Michelle Brown,7,managers,admin,False,2025-10-03T15:51:15,2024-11-18T23:28:38,2023-11-03T09:11:22
1263,user1263,alexandervincent@example.org,scrypt:32768:8:1$IHRkrSwt9VaPuXdk$1ed381b698333f22ae2204939f3e2536dd390b5bc5322c6eed3692e5f02d09a1eecfc4e10c53c2c7ffffb405083a4cb8caf6127b362314b2646dbdb1984cce9c,Gabriella Cantrell,2,staff,admin,True,2025-10-10T08:53:40,2024-10-02T09:52:24,2023-12-31T00:06:10
1264,user1264,davidjensen@example.com,scrypt:32768:8:1$pbsv021a7zKfTz8B$801bc26c396e11ad8b08124918b5d30bda826b9328c7394b3315c9347a508198de3550b9f639e8b2603b3ead2bd9f55c329315788fe265b11052c0fa0a7cafad,Brandon Cervantes,7,staff,manager,False,2025-01-16T16:59:17,2021-03-03T22:52:13,2025-07-07T02:14:01
1265,user1265,denise88@example.org,scrypt:32768:8:1$8dJhJGoXv2BcJkyl$4c3a817cfbab1c7bed3676903a5e04295285b74c2c922ae78f3d550cf001c1406591c9ec15cbfe2ab514ecf8bab1281e63fe7453f8cb90064216819028cd801c,Tammy Solomon,5,admin,user,True,2025-10-12T01:46:44,2021-07-09T02:17:12,2024-08-11T16:39:09
1266,user1266,lrichardson@example.net,scrypt:32768:8:1$PnzLQKHGTl9KJAGl$0239ffbccf2878b3e49054fa9e16ebf8c5984bf1481fc5a909381e40e5c4e31e2ee6936419cb088b831c3150af2ffed037eb59f40f5318ab651bdc42a134b5ac,Brent Smith,10,staff,admin,True,2025-05-19T09:33:27,2022-06-04T16:04:25,2025-08-21T21:41:37
1267,user1267,uberger@example.com,scrypt:32768:8:1$51jZOtgE2tBIfRBV$8f9280bda7393e3a219be80c4e9e37925485298b266067f04dc04c3d83243f402148a9f6cf419c7a3de5ebbc46537a1e9cf30579a3c49ad3effe2b183ddb8617,Jenna Walker,1,managers,user,True,2024-12-31T02:45:19,2022-08-23T11:08:21,2024-11-06T06:39:00
1268,user1268,zsandoval@example.net,scrypt:32768:8:1$s4NOUcFSA3zJ8BWG$3abb51d563aba446eb9c0d4270230b748418beed3896c5ec02e4ce1e87575187ae2b7d93f29ecf24b4f1a58c7394fe1cca92436d73d185ad447ef2fa30615ff3,Tammie Mccann,2,managers,manager,False,2025-02-16T13:00:15,2023-12-14T17:09:50,2023-11-09T05:10:42
1269,user1269,josecole@example.org,scrypt:32768:8:1$Da9h1r2sAFrCKofh$6859f31fdd9c575f6b1031e8398a19e3b812a2fef3b7741a5e1b9d5b7ee5cb982b78a1213f1d05feb4a1b83c9a6df4edb05f7e34a01e8edfd0a4ef1050722587,Brent White,1,managers,admin,True,2024-12-31T22:54:11,2022-01-21T20:24:07,2025-10-03T02:29:26
1270,user1270,hudsonalan@example.net,scrypt:32768:8:1$iclJz8avk6Akeb8D$ece8a98bc20ec7b2da51c127c376b037d8cc7dc3ccd435ee43b77755291ec438018481c29ff30c15bd448193bb37c56daa451d1e403fa5f01099b4aa68039cdb,Denise Flores,9,staff,admin,True,2025-02-17T19:19:33,2024-04-14T12:34:12,2024-10-20T08:20:30
1271,user1271,donaldevans@example.net,scrypt:32768:8:1$A1qOxyh5kM4Ksl0t$eb2b056022fd22eb3002efdf0609d77d42a518d1a3d0435c715c40c3f40230019fbc0c08b4455d5a001a5a45998b8d1668b307d6a5b24416807f2a1bf2c4ee5f,Robert Romero,4,finance,manager,True,2025-09-25T07:53:28,2022-04-05T19:27:15,2024-07-19T15:24:15
1272,user1272,tracycook@example.net,scrypt:32768:8:1$xAYUKH50dndh2AUe$c476f051d1e733f93494e6b9c32127a423bcb0f3546e70670d985b7111f0156757438e49c9af4bdc721c4d1c4b513217b12c1fd896c2ea7caeafff5c0130b487,Barbara Hunter,1,staff,manager,True,2025-10-17T22:30:08,2021-10-22T21:15:45,2024-02-06T19:38:05
1273,user1273,kevin76@example.net,scrypt:32768:8:1$uqrSJtl2T32bCKW8$4c2bdff4372389968ec5e6a36fbb4e66d97f5e35705298f8fc0526568a4038ecb6f302898ddca723d9ca47666674f791ea14cd43a47b9d4ca4a48c3cfa798d8f,Mary Chen,7,staff,admin,True,2025-04-07T05:29:25,2022-08-17T20:18:41,2025-01-03T18:29:31
1274,user1274,wallacejohn@example.net,scrypt:32768:8:1$WIt6jAtVONgsQMH4$fee8fd5155381a9d5bb9f53a7682ce86d4e3148bc496cb0b40a638d8f9267fda50f837d29c69e204ae58ccf24236f2d5181e25f86d01e82a8a54ca6da9193667,Kirk Hicks,2,finance,admin,True,2025-04-22T04:48:30,2023-06-10T10:36:12,2024-11-05T11:26:02
1275,user1275,thomasvincent@example.net,scrypt:32768:8:1$7a9EqdFKqehQYSqT$ba21cbfd924dde32d49e60763c677e8539bd8f5069faf045e22992243e0b238c37d3a96f74040e136f9a48505b059414def785550348984c0d56e4f2d18fffa1,Gregory Wilson,4,managers,manager,False,2025-04-18T09:44:08,2024-12-12T16:06:34,2024-03-14T02:28:30
1276,user1276,millerjeffrey@example.net,scrypt:32768:8:1$N7BDGPUwWtQrGICV$9da3b3813b3b131e1c92f87f724afedf3ee7a46030754a6a295bb9b0b86627239757d912682dd1e626ac76ba8a0995faf3d797ad520f7a3ed72b7f85fe45da66,Mr. Nicholas Allen,7,admin,user,True,2025-08-05T22:38:12,2025-10-21T14:44:31,2025-05-30T21:11:33
1277,user1277,michael67@example.org,scrypt:32768:8:1$JXRcodGoV3uhtwh7$f05b4c6d6870885319394a7330fc8004d2926f6dcf34439b7c8495f2e494dfc0a01484bd9919960d43e72b326234c804990887cf72e24e7c6de5ffe72ac45293,Frances Jones,10,finance,manager,True,2025-07-20T11:42:20,2025-04-13T16:02:30,2025-04-04T23:10:22
1278,user1278,christophermartin@example.org,scrypt:32768:8:1$X0lrSkQd8JyVj6uo$3fc980bff83deceade526ff494a2184c7bffd31d6fc8b4cbff45dabe6f4f03115215324eca0631851b7e206f5a7438914a5888ae30d9e15cf1d53641b69d8a8f,Ashley Morrison,2,admin,user,False,2025-07-09T07:02:23,2022-05-31T05:02:19,2025-08-21T09:22:19
1279,user1279,tinagarner@example.net,scrypt:32768:8:1$N25LQzf04pMHTpvv$e822bfadcddadf3e67dd2cd7e1cf81b1e42c7d4450aa816ab15c9e728b17157f01dba6893341f8a08459cc42db03e53d2a164b329b28f4c3423a54777a168190,Daniel Strickland,1,finance,admin,True,2025-08-09T12:27:58,2022-02-27T13:24:43,2025-10-13T17:11:31
1280,user1280,tcarter@example.com,scrypt:32768:8:1$yR4hnFG7gsRRCVzZ$254213983cb681426caa1a607b98c1e625db70ba712e21c21910f625ad02ae6b5bc1a8a249721323fcceaf1baf0f014ca0e0b2a16ceb6977f6a29bfd73e54470,Andrew Silva,4,managers,user,False,2025-04-24T20:09:17,2022-05-31T17:11:55,2024-12-18T13:13:42
1281,user1281,gmarshall@example.com,scrypt:32768:8:1$MjaAT8b78sgBEMsg$932aa56548b7451e3bc0bc22169770a47cb3efd2ae9839354edf38a54dd6fad2101f4b478802cdf9e1aafe456eefb8fd14c06aec8b82798be56174adda666d1e,Kathy Villa,9,finance,user,True,2024-12-20T19:31:45,2023-03-10T09:02:35,2024-03-18T08:13:46
1282,user1282,qmoore@example.com,scrypt:32768:8:1$wo2WVSz2mPkbzMRM$7be2a8b6ab1bc2b23bf59a8fd0c734962af748360f72eda102d88b0d272e29037aad0a3f8a85d0c78ebc80ddb62595f07a228c90bcceea026e550273582552ca,Rebecca Sosa,9,managers,admin,False,2025-05-15T16:25:54,2021-01-03T07:04:49,2024-07-06T12:24:57
1283,user1283,wheelerchristine@example.net,scrypt:32768:8:1$neFezhWzZYFQXziD$759f1c008e4e3c1589030545999a7f749400c3709701517ac31c1a2ed32c150f2fd33c2dea35b8c95bce2609be76a7cd66ae2032ed8c5aadb6e8f247631a0a71,Amanda Miller MD,3,finance,admin,True,2025-07-08T17:06:28,2022-07-03T01:56:43,2024-03-03T17:25:10
1284,user1284,alexander23@example.com,scrypt:32768:8:1$1C8rpqP0JMh4FgYR$30aa2d98bc48cffdae9e5c71442ec06b1ca54a2a69f18a5d28e36a7ebb59bac898ecb98634695d63aeffafd703a39bab5d7670e9cc900d3750afcffd68d71bb6,Tiffany Lee,1,admin,admin,True,2025-08-18T09:15:15,2022-08-11T18:16:45,2025-04-09T22:56:57
1285,user1285,sharonferrell@example.com,scrypt:32768:8:1$flRH7PMGwEufaLYy$a69d47be0b6bdf08f0e598ec888ba2d47a35d138ebf207e3e17fba845ddc79dc88ba6ff24ee0f1d38afaa3ac0639597802045b21e086b246f99a857d20332017,Miss Catherine Brennan,9,staff,manager,True,2025-08-24T10:13:01,2025-05-04T19:14:02,2024-03-25T00:47:10
1286,user1286,theresa98@example.net,scrypt:32768:8:1$m6UXkfoGDQ6k02xe$0cdcb583e44eebcd8a44ccf7cce476a1b7353dbae98571e1505c9713e2cdbc5d084ea2729bf5a1443d901d7773516223481f4389523a526a0ecd6957d8e3f8da,Dave Franklin,4,admin,user,True,2025-06-22T19:41:36,2022-07-28T03:51:56,2024-09-25T23:38:45
1287,user1287,jonathan96@example.net,scrypt:32768:8:1$9ChIfNVesCo3luvo$dfdb63ee6ff5a8835961fb77951a2e2acdbb7be0d92d16ba073303f9d948990c247c51c282780ff1767c5841404c14801921c7966692a12acb7617f972636c86,Christy Rosales,6,finance,admin,False,2025-05-09T09:59:04,2022-06-25T17:18:23,2024-04-17T21:16:35
1288,user1288,johnsonjohn@example.com,scrypt:32768:8:1$gF83wj5hOE7fdOV8$63a323fae458379c9392ed490ad0d5c742a55459958de70f59716795eae4d88e2b73b84339c7370ec11e9e482ae2148112f1646b2291e5d7b702e72467a5f55a,Connor Frey,5,finance,admin,False,2025-01-27T22:12:32,2024-09-10T22:52:19,2025-06-02T09:36:58
1289,user1289,gabrielacole@example.com,scrypt:32768:8:1$Bh3bv5NYssPKpCCa$a74b0e8af305f8440ab5c003dfeb44cb3321e2a437c4072ba7f35325c47b4dae505983bae2266d7ecdc29dd53bf06b292bb1cc2f752a5256a46b662587fefb96,Jack Whitaker,1,managers,user,True,2025-07-13T15:32:12,2022-01-13T19:27:19,2023-12-20T19:06:59
1290,user1290,derrickdavis@example.org,scrypt:32768:8:1$Uw298VeVKd5n7agY$70c338e8075bd5d5ab1d2db05927ecb0a83969fdaef507aa6b9c33ce560a20f569e5b19c8c49f1d9e1dd32b50725dd53e6b46eea41e269443b7c476494c654d7,Courtney Villarreal,1,admin,admin,True,2024-11-15T09:43:23,2023-03-06T04:41:49,2023-11-15T18:02:16
1291,user1291,stephaniemcintyre@example.net,scrypt:32768:8:1$6NIgtSqW6hdn6tmI$4d8347d764ca624804d11038e64f2b4ddcede113a4a3a75a72241f605ed793dc6df8919f9edb0ac56117762b7dd902b34473120e47567946440201869941e6c4,Gwendolyn Frost,6,staff,user,True,2025-07-25T02:47:46,2021-07-18T02:14:35,2023-12-02T05:37:16
1292,user1292,robbinsjennifer@example.org,scrypt:32768:8:1$B1TrMf9FmVYhZMzp$de42b1243707cf8f203d552c90af0347571dc47e30971f639e8b56955dc460edffc5f572b48fdde2609c308d83a4e205308e31a73469140d14bc5274260b4257,Traci Whitaker,8,staff,manager,True,2025-05-08T21:21:10,2022-05-21T09:54:00,2024-08-01T13:27:18
1293,user1293,kjones@example.org,scrypt:32768:8:1$NwXEvS66Dul8utaM$a94d9cea951777c7bc1dd1df4c3f10c5d3ad3cfe56501920fa95cf41f8dd44cf9a6a2a9a34149d9e4b0b956c8fe31f554a4aa7764dd06a13827ff571b8c4359c,John Mitchell,5,staff,user,True,2025-05-02T23:02:13,2025-07-13T05:15:30,2024-01-11T00:42:53
1294,user1294,reynoldssherry@example.com,scrypt:32768:8:1$dsX8wElx7it7RpJl$c1b0093632b724f00a54b3cf329ad5caa07f5d125a3b6805273fce66160c7770cba4b705d58b2a120bb7d4cece5b310a299cacfbc367f6c42a55fd01d4935190,Darrell Taylor,2,finance,manager,False,2024-12-09T22:00:09,2023-05-27T17:54:14,2024-12-25T02:34:55
1295,user1295,mlevine@example.net,scrypt:32768:8:1$4MNUCzKZOGEVCUlq$256e70ebcb20df97f2f9f16d54581049f5a0af381c972281100ae804fe2747684eff486a2e37c735520d708cb614939201265dd186eee1ca88508a8b28a18ef0,Mark Brown,9,managers,manager,True,2025-10-29T20:21:42,2024-12-07T14:29:22,2024-11-22T11:01:16
1296,user1296,wmendoza@example.net,scrypt:32768:8:1$BFEmuzrsu5ikLIQR$e761d938c2b03bbc5ff0061fda00338590c1e00e1e47bd379c855168b7600771509683b13b443e2a03e43f45f5b6d767cff60ea3fe030ff04f50071bda9bcf89,Christopher Lloyd,9,finance,manager,False,2025-05-22T10:35:37,2023-09-07T06:26:05,2025-02-28T20:49:40
1297,user1297,chelseareeves@example.net,scrypt:32768:8:1$xL3kTFq5Qx1881fs$6cf6f66447f41dad775a976c0996aba34ac9a5eff1fe4a3a25aca53aa99f3e62b784c49642f0aab10a9afb495d261addc76fe46148957590351edc55ef994194,Laura Sanchez,8,staff,admin,True,2025-10-13T01:10:06,2021-01-03T12:17:51,2025-06-12T10:15:37
1298,user1298,barbara77@example.net,scrypt:32768:8:1$riYx4bP1vbNVPH07$fe2568c500ce23e204fc8b0c3c58bf0de5c96d26b937f07c5349eb268dd259d32d8f21715b18385b28c57a5e3d29ea18ab42680c659dc78df4cd6e30d3e17722,Christopher Payne,7,finance,manager,True,2025-04-02T19:48:33,2023-05-09T01:45:43,2023-11-30T16:47:42
1299,user1299,delgadobriana@example.org,scrypt:32768:8:1$MgnZB2TudIyXfUjz$68845172fbd2e62b6ee1b04db9a10bc1a7b05e8e24c2d871e01f22b04c3c1e0abefdb50572b6704eed6aef94284bf6d2c781ed78f404c098bff67d921effd5a4,Lynn Kelly,2,managers,manager,True,2025-07-02T08:35:26,2022-08-05T03:51:26,2025-07-11T13:31:03
1300,user1300,brandonadams@example.net,scrypt:32768:8:1$yIrC4NwIQu1VmYid$4189225a325c2d4ec2a749f4c21f1120ab45ab1daf8f65d2c0e1ade65281a963887c8781569788efeb2ebd61acb68965e455917061b623680f55d03e994dacc8,Teresa Chung,2,staff,user,True,2025-03-24T00:56:52,2022-02-06T00:38:27,2024-02-07T03:26:16
1301,user1301,richmondcarrie@example.com,scrypt:32768:8:1$PATY5oyXiBqtbpvc$a69c87f592be9b8cb48fe1d8ac9d90b11aa257639816a58bd7a46e8cca18ca3c211b41a9e3fec035c9e1afc835072c81c3e5d342ff324f98e54de14272c7f55f,Nicole Craig,9,managers,manager,True,2025-09-05T08:14:19,2024-04-06T12:09:49,2023-11-12T01:55:53
1302,user1302,thunter@example.net,scrypt:32768:8:1$0rJGLByfjbrtuM9G$7bfccf67c9e817e361a788b029fa60bb445419a649a78828966841c68042160c05f832cd1e98de2796a0ebbec9d9ea675d20fd225e5cc9d6aa26b02af147aabf,Dustin Davis Jr.,6,admin,admin,True,2025-07-04T07:20:50,2021-06-20T08:39:33,2025-08-20T17:19:27
1303,user1303,amandaprice@example.org,scrypt:32768:8:1$pjLUMeGaLpnCQHKZ$a8df31d243c532ef9270535a3a5e11acc6dee9e29dbc69dfd8c83674b5e516303e47448a56d0304ef22618b3d1c05e271cd201ce16110e760c8a463dcc53373e,Megan Rice,1,managers,user,False,2025-05-28T23:19:43,2022-06-26T08:00:26,2024-10-22T01:37:13
1304,user1304,carrsherry@example.org,scrypt:32768:8:1$vmhXj4dFcdLDbVJw$417527d7c442ef7c068f91201b59429681c37ed8fdbaa51223b4544deaca2f7f836f64a00e699aaa90b813fe1a1d2a33366c9688222fe25d07d71aeb9a70e1b5,Anthony Lang,10,managers,manager,True,2024-12-18T07:11:22,2021-06-17T14:26:14,2024-12-09T22:43:22
1305,user1305,isutton@example.com,scrypt:32768:8:1$pywrOmcPbwMtAFcH$ecc4ed5d5ea589e1a48b689e20e9008610e4a16271f518a17ba88a4831b2f47b367dc7ba1582d3f7db42a9b3b5b9d108428315d6f374702a72fffac890205599,Jill Robinson,2,staff,manager,False,2025-02-14T07:15:41,2024-05-02T14:09:17,2025-06-29T04:44:43
1306,user1306,wilsonangela@example.org,scrypt:32768:8:1$foDv01jYRLHLSxUD$e0b4d59e39032a6655917243564df04597a387a9b3d9cb060b11ebc0b8d6752018f992f66d9ac4dc6f79abc98efafc170633d20b0596fda540f30a6a156ad16c,Charles Parker,6,managers,user,True,2025-06-06T16:15:49,2025-09-04T17:55:07,2023-11-24T01:05:00
1307,user1307,zacharyedwards@example.com,scrypt:32768:8:1$FgNMWTh43nMKc6uz$cbca971e1ef1d50d8cfca62dff8a1ba18f9ede33d344c6e2342dfe96bfaa4f3a87669fbb0ec157b8f0aa965a8065620bc8dbec2bc50c5fea99d51594fd18a522,Ricardo Washington,5,finance,user,True,2025-09-09T03:23:22,2021-09-06T01:17:42,2024-03-04T00:30:09
1308,user1308,robertbrown@example.org,scrypt:32768:8:1$ZpGw4AEqZafIY9n4$344859634b0d58bbd3619ab37f160e58a3d6a1c08e4c66a849c4cc2105ef113ea1ea5e913af16712ff713cdd5d39f58253d22c41af85f03fb6814eaf3fc06f7f,Jasmine Morris,10,finance,admin,True,2025-10-11T06:32:04,2022-07-01T10:36:04,2025-09-29T16:13:31
1309,user1309,acrawford@example.org,scrypt:32768:8:1$3sLSJukhy3A2sWgC$267c5bf725f4ef7317b0041731aa0636f39895746ca4a6a7427c87fe3d889821c9c74628842361e9549b3dbfa4cf396dd1ce02204e44e7d275c0507bbae14f48,Michelle Tate,8,finance,admin,False,2025-06-27T17:41:12,2021-02-05T09:34:43,2024-05-10T13:47:08
1310,user1310,johnsmith@example.net,scrypt:32768:8:1$PILcHhMziPoLMsCC$469fb36861e8157b607cc0f5d51ba196f33a15eb57b1afb974e57e57db8d202c3f22947aa171abdca1d6cc464fef4b55783044d1fd931385831ed71784fd4d18,Timothy Clayton,5,staff,user,False,2025-07-28T14:58:17,2022-02-15T19:14:30,2025-08-11T02:27:26
1311,user1311,ztaylor@example.com,scrypt:32768:8:1$lcFatKdjP8YeBDMu$1a371232dc033236a79f01083d6244a0801a2bf7efc77df8336baae8b50b16abd5597f414ef951ad6d493eb0590fba8b019649ed8ea8fde9ec967e4a394178d1,Kelly Flores,3,staff,user,True,2025-07-07T05:42:39,2021-12-21T02:54:24,2023-11-07T14:00:35
1312,user1312,igonzales@example.org,scrypt:32768:8:1$KY6xofnvqQ5ff7n0$d007c1c8ea3aaee6e27979a478c839b0bc99e0cdb17fe341442be1913020c57ebcb260f3c03aaf5d4527feb82084644eab90fd3ccc400eba874d8b2d21a0f45e,Charlotte Harper,3,managers,manager,True,2025-05-07T01:49:24,2021-08-10T17:52:30,2024-06-17T06:48:54
1313,user1313,wongtammy@example.net,scrypt:32768:8:1$PboyIXfVAr1DN6Kq$3b09d06081f3c22f3e6026f28294dadd613a9f15865bf761a69f8a8d1c1dfe7fcb481e95c68fb291fdeb9b3bcc2c43f0cd7f79aca4f71be3e6ae5b5417bda0f6,James Wong,8,admin,manager,True,2025-01-05T13:20:42,2024-08-17T00:39:52,2025-04-25T21:23:00
1314,user1314,chloe47@example.com,scrypt:32768:8:1$x2ncBRumx5ziXiOT$856b8cd2fba1d0a3661da06c596bdceb3bdd38ad3692bd4bfbf736edebe20386b1d488c57459d25f241bc8fa5046721e5312c7e9348483b3a6d1b487ba23c7a9,Michael Hardy,9,managers,manager,False,2025-01-02T01:12:39,2023-11-17T02:22:18,2024-07-26T16:43:09
1315,user1315,james07@example.org,scrypt:32768:8:1$UfS6LQ7KWKAu7A3h$615c3eb642f35388ddae7073ce10814201f715bae28e8e34d056b85194f1ddf3c3cccf191fe89639defbaa84a0dd32661d9f2dd03e98aa74e8163f03d10085cd,Drew Ramirez,2,admin,user,True,2025-07-03T01:01:02,2021-01-18T06:29:57,2024-08-16T12:18:12
1316,user1316,gutierrezamy@example.com,scrypt:32768:8:1$Iw2AjuF6oCoV93fK$57d5329a6c80b53085dfa7990ce74b3cea61a6bd93f2ddc7cc2b58984461ebc22818b1092fa68e2d7d83302fab5567087615cfbde831ae80b5dfb89ae7931cc8,Gina Vargas,8,managers,admin,True,2024-12-13T06:02:20,2022-06-16T17:08:14,2025-05-17T00:50:44
1317,user1317,ghamilton@example.com,scrypt:32768:8:1$q5dIA1uuZLLV65BR$3e3df4eb97f7e025a54703e1d8cbc9710125cf2a933529e00ca1600429727913ffe6cda1c53d8d0f478909be62e5d5015d1f9a56228ace73e656c7bc9d2ec4ec,Alfred Wright,5,finance,manager,True,2024-11-18T05:37:05,2024-11-02T04:34:13,2024-05-04T15:16:27
1318,user1318,hartmanjesus@example.net,scrypt:32768:8:1$HL1wKTj8LdKoJA3y$a51425d67e458287a92974c4e39bf8145a41448069b06543c072205c16ce8dbea5f6aa8dafad062954d499a6bc8ae5a31da0516f4426e12460728d523d2658d2,Rachel Allen,5,finance,manager,True,2025-05-01T08:24:47,2021-06-21T11:58:55,2023-12-10T15:27:56
1319,user1319,shepherdjorge@example.org,scrypt:32768:8:1$zPEE7R3AbYbnR53G$8b8d525e5262ea05f843013e7b834a2b00f681918f40e5e296192033ea04ef897eaa19adb05bbd3de4ca1d16e06f97673ad04ef0c219fb922b3973fe6adfe41e,Jesus Barry,1,managers,user,True,2025-07-13T02:32:51,2024-11-01T13:15:07,2025-06-15T03:52:23
1320,user1320,mayrobert@example.org,scrypt:32768:8:1$W0v7YZ1CgTEtutQK$ea7b5c3b48027b6dcabdeec20051009b9e6cfdb8e25e545a72254a2f027aa115a5bd4429fdd597c3de14c5c5d20ef865926e97d40ee10e9cd4fb17f9cc6de2d1,David Huff,7,admin,user,False,2025-04-13T20:21:18,2025-02-28T11:04:55,2023-12-15T05:38:25
1321,user1321,kennethscott@example.net,scrypt:32768:8:1$wsNL0LnVPwZfjRDg$a1a875f62aee510dac0742b1f703dd7a6a94ae1629e617b46d7869bcea6575be641e79b072321dbbebaee5ddb913669a49e85a7dbcd0e52f750c345f67b121b2,Sandra Hopkins,8,finance,admin,False,2024-12-23T16:35:04,2022-11-28T09:32:34,2024-04-02T23:36:14
1322,user1322,murraycaitlyn@example.net,scrypt:32768:8:1$OnF0MgSDV0rrych3$e4c8c40fe0878b88f8037b149c8ad75fab5ef10db07cfbbccadbe144904a4c40ddfca2f7ef2291f2a20bbe17c1343e178172fa56f8667b45e1ae75c76cb4f23e,Matthew Briggs,8,staff,admin,True,2025-09-21T20:38:31,2022-01-07T12:08:33,2023-11-29T01:36:40
1323,user1323,christopher93@example.org,scrypt:32768:8:1$SShhKOjxVwlpGxwU$42e5ee5d5863db42da840f1dec288166a1bc236af9e8c0896304bc4a102cf7889326a0b765b9b092c13e729146284af2cc0dc98ae6bc71d3dd51adf3389bd434,Mitchell Jefferson,10,admin,user,True,2025-03-04T00:38:58,2021-10-29T18:44:35,2023-11-10T05:10:59
1324,user1324,nbates@example.com,scrypt:32768:8:1$PNqen90mRrm0RkTe$d02a5e8529f956f8360239311eb0e4d8b30fa599308676226b1545b6035d91a316d0e57a310b3ca607ef5bdbe64537182e65c5c431d91f301d16d58bb667e093,Matthew Scott,7,staff,manager,False,2025-01-25T15:57:54,2022-03-06T09:23:01,2024-08-25T10:40:48
1325,user1325,ycannon@example.net,scrypt:32768:8:1$gL3bevYdRdbr6Leq$e1aae6fdc93b9c650d50118e88748fb92412a4bade32099abc0c5166cfd6e041b23ce09e9f5de7ea018918b41015a64a416a1e97fd74f2139c336466c3bc119f,Charles Henderson,8,managers,admin,True,2025-08-18T14:36:49,2024-04-12T11:40:38,2024-07-12T12:44:03
1326,user1326,rward@example.net,scrypt:32768:8:1$iwbd0l79eIdUYNlX$fb3b3552cee9737e267f25741d1b8f79273e1b9f928aca0414d6efd13e2ad38d48839d1c80092ae5ee008419b21cab4717b179bdb18a00288a58ae5e2d4b28af,Pamela Lindsey,6,staff,manager,False,2025-05-14T08:45:11,2024-02-17T22:22:50,2024-08-31T11:00:04
1327,user1327,qromero@example.com,scrypt:32768:8:1$f7m4z4c229Mh5OEz$366e78049bd97216f2952aee84fe30fe3dae97c2654fc450aeecc0ec9223a8c87cbb3d3fb9e423c149aaca5fd6509da1fe15973be56487647cd88f0f0acb665d,Reginald Mcclain,1,admin,user,True,2025-02-13T10:12:57,2022-11-05T05:31:42,2025-04-25T12:42:15
1328,user1328,hobbsjoshua@example.net,scrypt:32768:8:1$fnEWiRcB2a0Nt57T$0d3478f3588be9deb6a5a2b8243c5581d1622573c4e4d2686f5f312d95807ff0da13e712ac35827634ccaa95eb54abefaaafa7acb4c4e00eae046987ff0d7916,Tina Dickerson,7,finance,user,True,2025-04-19T01:34:43,2025-09-25T13:33:03,2024-10-19T03:03:39
1329,user1329,welchdavid@example.org,scrypt:32768:8:1$UgdaB0s4Bbnzdziy$42e90af352154558c73dad45304b74b07ad69e7c2326a8e00c637aaf994a3e2f90ac75a03af3e488f9a8555faff70344c59a4d3f5e005a2cfde1f3f77c85b029,Christine Jones,10,staff,user,True,2025-07-14T18:06:19,2023-10-17T05:58:55,2025-07-04T22:00:10
1330,user1330,william32@example.net,scrypt:32768:8:1$CFKn6XlsPtNsB1yl$8d144e233df26748a30477ad578a934d17aa961215b01f881bb670e99393929394bac22ecb967c4cfcdfce9af2c23f332dfe36a67b32d839bfb22bd2ed4da07d,Heidi Joyce,9,managers,user,True,2025-09-27T18:09:14,2023-08-08T11:46:51,2025-10-13T03:56:43
1331,user1331,lindamcpherson@example.org,scrypt:32768:8:1$oBTX6zedzpOScHCU$3140c0e34442bd8ea720c9248b990e8db8381a19c2fbdb674a3d6524a8f73a6175da7e231cbe5f4a7444d1cf4695f43caa490693806838829015eefd9f95fe7f,Kaitlin Johnson,2,admin,user,True,2024-11-19T20:40:17,2023-03-01T20:13:06,2024-04-24T07:41:56
1332,user1332,ycurry@example.net,scrypt:32768:8:1$jVydOfRfqf3E3h0O$53c057ab4a24b0b6db47a09d2a0d6935d3c58b98b3b1a323fff7d80dcab9d2bd813f0158ff44f7a24b6e2ba03d50b01e41670cbff263db2abb2042aca730aec7,Mark Mcgee,5,finance,admin,True,2025-10-18T05:05:58,2020-11-28T08:05:27,2024-06-06T20:32:23
1333,user1333,davidprice@example.net,scrypt:32768:8:1$cMSV6aLNaivgMUIR$ed834424ce75dad43214951e2f35ac7d9ce2b1a4a2546887ba7d8193338886e2be09a09cad300a0d1a3ceebab4bd1ba91eaa0630c0a8b6dd3296bc2bfe6162af,Brian Ramirez,3,finance,admin,True,2025-10-16T22:17:37,2021-03-29T10:43:18,2024-08-15T14:23:44
1334,user1334,casemiguel@example.com,scrypt:32768:8:1$rhKhM8nfaW1WJBrL$ed84f0322d0c62a616a3fbe750b651bc68ee7e04323b653d150e9ad8fce5c95085a265808125f0aa182add98c8aa79179cd526288f15d71801163cc87883fcfd,Sandy Johnson,6,admin,admin,True,2025-05-18T03:52:07,2022-10-18T14:37:08,2024-05-15T03:25:01
1335,user1335,larry36@example.com,scrypt:32768:8:1$DjDeKQNhZHy7FM7S$3864f0ec6c93207095e3192a14ad4c859968e5a22f679e306f1d0c26e0e6825e446d10f2829f4448a537f19bb4565a3932b84ddfea7471b203eee0dd2ed2ad28,Elizabeth Smith,5,admin,manager,True,2025-08-14T03:04:39,2020-12-02T02:06:25,2023-11-25T12:09:53
1336,user1336,bhill@example.net,scrypt:32768:8:1$R1JLXMmX7uzahWPp$abe8c71d1887e15f4523121636b628ddc545008cdfa018b1d81d4dd0216ae08de8e1957e4d366270231bcd7356f857a97b22377e2406f2f036955b989812201e,Jon Sanchez,1,staff,user,True,2025-02-07T23:03:33,2024-04-26T01:48:52,2025-07-10T05:07:01
1337,user1337,wjohnson@example.net,scrypt:32768:8:1$gt9rFUakJy2Rm6xK$518cb3f2739d3dcc6081d2f616a8ec4756cfd9452a1399e0d9a5207d56814192a78b9952221204f97b77a1850579a532117621aaeb596549b11ea4d2c9ddc522,Pedro Haynes,9,staff,admin,True,2025-09-16T09:47:02,2025-10-20T06:50:27,2024-12-06T07:53:28
1338,user1338,johnsondennis@example.net,scrypt:32768:8:1$WscKxBgfEKlP3CjB$5ba3461b48b9fce91a723ac95f133dc91542e9887ccf0ae90ebd5cd2741d2e8e9274b324f643c49694388151bfcf8297eb5d15f03835613c33122fd1cd1d630b,Lisa Williams,5,staff,user,True,2024-12-01T03:13:17,2024-01-12T21:35:33,2025-09-10T07:56:14
1339,user1339,ricky51@example.net,scrypt:32768:8:1$NMNtJQUnNdGKi6gj$9b020ef5bdf315753c2a03086ea90aaeb63858e19511a3f06059aab99cc66ecaedc92a8a12a1451aa4da2852665a1fdd86b4ae004609e3c46543717946d4dc26,John Morales,8,finance,user,False,2025-03-06T04:23:17,2021-07-19T04:42:13,2024-02-24T09:29:30
1340,user1340,nicholas12@example.net,scrypt:32768:8:1$T99PzS23Vwzr6aih$99fb2a54b75d389810db772dd878a956077762941800b1ae1605a5f7effc223e6750650c972ad97ee0b511f5bcf657f6d87e287920db710b416ba6e0ec5d1929,Anita West,9,finance,user,True,2025-01-17T01:34:27,2021-11-19T14:38:49,2024-02-11T05:05:28
1341,user1341,medinamatthew@example.net,scrypt:32768:8:1$sk056AA5V4IOdqvI$ebbb2f95b0cc6220ecc7f8a87ba6518c3efb226962de033aa7fcc4b9066956585ddcfdf0eaf70b196fe243bc9204520f377f7a74991215f9a8185f64fc66efa0,Zachary Duke,6,staff,manager,True,2025-05-28T13:32:28,2021-10-14T08:49:06,2024-12-16T07:20:23
1342,user1342,meredith01@example.org,scrypt:32768:8:1$3SLL1AZmGvcM2qxd$c380cd50c5eb94167f77a286b234fef7b7ad634454cb7f2e26dddd5b07965e875ee0298f0c0b1b990dbb1f667c6bcd2cf3c63f7da71dd954326407190152815c,Tonya Evans,3,managers,manager,True,2025-07-17T02:02:14,2021-10-14T15:12:24,2024-01-23T04:07:28
1343,user1343,randy21@example.org,scrypt:32768:8:1$MOiuLBbGFsq1ITSO$a068343c68c0109e50afb5d00044ccc02e65cb55331da5f63757614ce981e1b85a7b8f3eb7af97ea54f3ceced7ff02a42bff172f6d5729f34294fdc1749bab3a,Stephanie Rogers,5,managers,user,True,2025-05-19T07:35:18,2022-07-12T23:15:29,2025-05-20T14:08:56
1344,user1344,ismith@example.com,scrypt:32768:8:1$DzGklfhv4doGn0AS$908df9d7ad71e6128d87cb9b157b72688e2190c08d5e3f51c633077952f2a6c2b4222ae4fb03de5da6a954d868cb87a87fddfbe075e2de58803ebaceabefa487,Theresa Sutton,5,admin,user,True,2025-09-07T13:58:08,2024-03-19T06:19:02,2024-04-14T22:26:27
1345,user1345,andrewrussell@example.org,scrypt:32768:8:1$Dd3ou3FAs2nFmv0P$9cf512442f396bd6e45af3af00a10441d9052a467dfab116fc6a209f63a8fc4b2990a648b0bcd0465cceb52735a560a1e8b0a937446617eb3c9a244b058e11eb,Lauren Johnston,5,staff,admin,True,2025-02-06T00:50:19,2022-02-17T20:45:50,2025-08-13T12:34:55
1346,user1346,bryansmith@example.net,scrypt:32768:8:1$65BEFUlQnVBG4wca$cc36a1acc601a5bd95de8ed6e6c175559b44076f816ccae297b6cd7528d3a87ccd6c1ede0ce5419300f2d3e0f138c68c3761e4bcbd6392af9528c2b919c74bde,Craig Wright,9,finance,manager,True,2025-07-12T01:36:54,2020-11-07T19:17:00,2025-05-18T15:19:33
1347,user1347,aaron16@example.net,scrypt:32768:8:1$Pck4hgrNgmGMTEul$a9bce7a3a1f214e7540a0ea06d654eb84ca7de345f388e8a80871b05bf1974181a9098a66b97169da5aefcab3bcfec08563f7de76253dd78ca163c0ac4f49c87,Sean Jackson,8,managers,manager,True,2025-03-28T18:27:35,2024-06-11T15:54:45,2025-08-11T05:42:48
1348,user1348,baldwinkenneth@example.org,scrypt:32768:8:1$fq4oFsC943Cuo3UL$7511f782dc41415346f092dffcf5e7740bdb7710c3db76f5afb3d0be03d8c58f890dc2df320b36b7656e100ba5af12c8c5e15dd2d87539022b1fc465d273c5a7,Kenneth Williamson,2,finance,admin,False,2025-03-01T08:05:04,2025-01-04T18:57:12,2024-07-04T15:06:58
1349,user1349,tbell@example.com,scrypt:32768:8:1$WV8jsbL7wDxHXGmB$b4a1981f72c6c2f499f968a524b294c48a3ddcf244f29513a26e74962fd618e80b0b81d05c9c1aea80c9e418bbaf930f4a71b4658ced9e331a9a49d583672ffd,Alicia Diaz,2,managers,user,True,2025-10-08T02:21:01,2022-07-20T03:19:23,2025-03-23T03:38:26
1350,user1350,lisatucker@example.org,scrypt:32768:8:1$1CZaPqzhp0RAjUeu$cd93dcb08b078921e9e7ac43680cfa12a794a53069c8c5c35c89ba52ce55be84e418a4e265192c32a6d981e1fd01b8b943440c6467919357a99b6cd0e460379e,James Peterson,6,managers,manager,True,2025-09-12T15:27:55,2022-11-21T12:11:02,2024-10-03T02:35:49
1351,user1351,uhill@example.net,scrypt:32768:8:1$tONtHDjBrhCaZPvN$e2aa74ba222f2372b3f9650f8872397411be9027de6ffe65c9a65e890a8c1b1fad63e499817b5a0e5fab03cba8813d5b66c2a8d397f9374697590c45fec15569,Donna Wood,1,finance,user,True,2025-04-12T18:38:38,2021-11-08T04:53:24,2024-07-02T17:40:33
1352,user1352,brittneyvazquez@example.com,scrypt:32768:8:1$i6MbxLj4J0usbQKi$7008bce940d653d4f8e30a8cc13e7b60c780f008d5ab6d6889e38bf6ea2132f64fa48dcccdb40b8d845981f4e90de31566f1a6c2023e1a78355f0dc502842ca0,John Harvey,6,admin,user,True,2024-11-10T00:08:09,2025-05-10T20:24:14,2025-02-28T07:41:27
1353,user1353,umaldonado@example.net,scrypt:32768:8:1$nD4HqXLzYI7UJn1K$2410d2546a9cfe687368ec666e1b99805bb66465e9583fe2c850c01002f118a8538f4d743f6b3e72792a2726925322f5c4451f3d1952b94949b23f99094fa68d,Teresa Goodwin,9,finance,admin,False,2025-07-23T23:27:50,2021-07-18T04:51:04,2024-11-06T03:40:30
1354,user1354,jamesbeth@example.com,scrypt:32768:8:1$nu6qa3BpIKE4EL9w$ffeb96821a03f1789441cf0fd5d170768d84a81866b1ab55802f3326b0bf2f1cd3b8d0356ac88bc4dbec0edb1f1a7f9b505fde4d07a8f4e9a8c526e664cbc245,Jeffery Tate,10,finance,user,True,2025-08-31T16:37:48,2023-04-29T05:32:34,2024-09-29T00:20:50
1355,user1355,jason21@example.net,scrypt:32768:8:1$5qo321E3GnSROkyP$a7d16eb13c3c99010b0ea21aa8a458a531caf64db765e26d479ac0d4694cbb94a815439c3378c7f1008b8ad9db0231815c10be6d43d8f645ec48a2c95f416418,Kylie Roberts,2,staff,admin,True,2024-12-23T07:08:31,2025-06-22T00:04:21,2023-11-25T15:17:10
1356,user1356,tammybrown@example.net,scrypt:32768:8:1$K8ezVwxwIhNsMyvI$4faefd4e2221047b03419eadad30b0ebf8860d77050abc8392a0ca821ed7cb1b91906ca3c8f5568aee06730693fd234db8e19ed3b112c50c3450aa1d44ea33d1,Lance Walker,6,finance,admin,True,2024-11-07T09:28:42,2024-02-19T14:14:34,2023-12-04T21:57:22
1357,user1357,leonashley@example.org,scrypt:32768:8:1$rKVpzLaw2xTsP1f1$511749b4d6da255bdf1867fce4366f9e82f922d37dda5c4bae76c7ea5f0078f3abe899ca9d752c868dbf491405108e41a8d827bb562cf40034ac0373915923c8,Dr. Tyler Anderson,10,finance,manager,True,2025-03-27T14:29:42,2021-11-15T20:26:54,2024-01-08T21:43:59
1358,user1358,katelynjackson@example.com,scrypt:32768:8:1$LpgtqxoZcVuANgi6$3ca1fb16751512fc362f8c300d22e525222ef49e75305d33e053577c0101c0b37079fa42ffed634fcf8e3f621b0addef26a7eba1466bd6a7ad446eb35c239d21,Jordan Reed,5,staff,user,False,2025-07-20T13:39:47,2025-10-27T16:20:00,2025-01-17T10:32:34
1359,user1359,weaverrobert@example.com,scrypt:32768:8:1$YCpkgTet4YokgUfo$39b3caa62b0b0d3de6605b688c1e90d7c534b30ce1f8d092dd58172c530589db5279ff7fea91b8c44e683a057b520819324f62e93e271681e008f09ddaed2088,Cheryl Burgess,1,admin,admin,True,2025-05-18T17:46:01,2022-08-19T18:12:29,2024-01-27T19:29:26
1360,user1360,danielletaylor@example.org,scrypt:32768:8:1$YQQGVQBdNHm8Oz4e$62e059c45c483ad35745414fc7570d8eddeff4b56be3f29a22d7de6ec92821719aae154f8bb57ba1582e49f3bcd0b28888dc04588b446d6f4a490a877ff14411,Rachel George,8,admin,user,False,2025-01-22T15:07:07,2022-10-04T20:57:21,2025-07-05T21:39:08
1361,user1361,floresjessica@example.org,scrypt:32768:8:1$i12aZlZsD1rtnZG5$bf048db401fba06e84069d3649f7b8063bf01461145dce0a76e687cbe6cb748d1543b12c47ce07e452114dcc929b80c7f470da22d212365ecbcc5e4536084a42,Juan Davis,2,staff,user,True,2025-10-07T23:07:47,2023-05-05T04:43:34,2023-11-26T08:10:49
1362,user1362,michellephillips@example.org,scrypt:32768:8:1$SZa8lnmRs9aoGSIy$a2dbdc3cd5a150edd9446b310d089bdd6c2eda68f0ee699aeb35ef087a01ffddbde7e28a9c5208457416dcddf448cde8fd9d5249bcbe20a5b28d787d4deab6cd,Jocelyn Young,6,admin,manager,False,2025-08-05T22:15:34,2022-11-14T14:31:19,2025-08-29T18:29:44
1363,user1363,keith81@example.com,scrypt:32768:8:1$Uw5E2ZotzyBeykDt$72b6591caa681da21575199457db74fd857e4f18342f55c88a99f67e89f25b1841a68fb64bd93b4665dfc2b54a3a31f4b0b17192e2532ec95abcc40f6cf13c5b,Gregory Morgan,6,finance,manager,True,2024-12-07T22:45:44,2021-11-16T18:07:33,2024-08-25T05:10:28
1364,user1364,michaelbailey@example.com,scrypt:32768:8:1$cnMl1nCENsagNpUA$3c1b627897564963365e45c6e4cc6feb92bebf2fb4f609c01a4920643d28c9815ccd1c9a95befe438e9199cacc69f9402b063bb84f9c16e7f743df5044b4ad7e,Kevin Hodge,9,finance,user,True,2025-10-25T17:00:42,2025-08-13T08:23:17,2025-05-06T04:08:06
1365,user1365,katrina76@example.org,scrypt:32768:8:1$uvbXLwkVn0GI8B9X$f697c06234fc75c23758b5f7702d64b29c0375cd8510c4465730831bf8a404de6f8a282ff32694a5a786f48a12ef63e71e802b7505bbad947a4381366253fb2f,Reginald Hall,5,staff,admin,True,2025-05-31T16:36:22,2025-10-13T22:25:17,2025-06-21T22:36:00
1366,user1366,ykim@example.net,scrypt:32768:8:1$iQbaWLFCsmdH8ZZY$636b6f89492b5b3f83c2459afa80004293199cf72d0ab1f780c48c257a0bdf9769ad6b79a83cf26cc983ad8ed37183addd8464ca47026e7ffd7e53df53ca4f3c,Charles Jenkins,1,managers,user,True,2025-10-05T15:05:35,2024-11-08T05:21:16,2024-04-20T01:21:15
1367,user1367,juliecooper@example.org,scrypt:32768:8:1$tgQOiHpgBirOqKAq$de1c9e829569029d8f406e0882cb482a213519072c6449ae7fbb8c8c3af8909caa93aaad5560e156e3897324e9b12fc3bc6a2722da3dde2b08858b3b7a8441b4,Jacqueline Harris,7,managers,admin,True,2024-11-05T14:39:29,2022-11-12T03:04:11,2025-08-02T01:57:55
1368,user1368,katelynfranklin@example.org,scrypt:32768:8:1$qgCsXDzZOphkWYrT$b416268531ca47e918d53be8b6f4e59126b72ad40ca0cab2d802bcbcd621f02b824257c924ddc2177a0b21aa5e5885bafc778801d54d1f009a6f94d6366d42b4,Lori Warner,7,finance,manager,False,2025-07-29T17:45:40,2024-01-14T19:02:08,2025-09-06T13:50:26
1369,user1369,jasonmendoza@example.net,scrypt:32768:8:1$chWW1phbCkjBMIE3$0078a8cf1708309cd192f98671a19c69b5f6727d960537b37173734cda3eb471481ab99955a1707ce330f2c203e54c423b8bbf1bae56b071d0efa07e8931eaff,John Castillo,3,finance,user,True,2025-02-14T03:14:42,2021-09-06T05:17:50,2025-05-08T12:10:41
1370,user1370,roger90@example.com,scrypt:32768:8:1$Uk5guRPIoUwdwsfB$3b5c7b5fe029c3d1c3874e992d9d23d7e0aecc83f51b41477597119bcf47fd5fa5d0f09e47aa7a4fd32febf786e09afcc50aa5af2eee0e7c84fd7f520ce0ec5a,Shelly Roberts,2,admin,manager,True,2025-01-19T05:01:52,2022-12-08T07:57:14,2025-09-17T09:26:25
1371,user1371,malonebrian@example.org,scrypt:32768:8:1$lyqMYBDvLmW9OIVV$24a223519a498470af8ba31dc21c7e54671b3b713a02642a5fdc3fe3d18616abd1fec1b4b52251d7501ef0c3b9119f7d4cbb389edaffdc2217adf2e87a08d1bc,Ashley Kelley,1,staff,user,True,2025-07-02T09:28:59,2024-07-12T23:42:35,2025-06-29T17:47:39
1372,user1372,psmith@example.org,scrypt:32768:8:1$CXZFuy5RWvx2pjCB$4ca136263c83748a527d52867f6717e683f1fa5534c2bee682e6efe695dbc2b94290e003bcdcaa33a349976db03e3ed4302c7ce19667900e069c3371d3239363,Sydney Barton,7,managers,user,False,2024-12-09T01:18:13,2024-05-12T17:32:59,2025-09-21T01:25:47
1373,user1373,bradley74@example.com,scrypt:32768:8:1$kOQkYxbXcnRG000y$32d27cf995093077638ae34402220380d7ab8d3a240615231ed02c69ad641e6c83acd1182211f9da18b6305cc7c5f9e6242e662c26043de2b82d96ac408bdaf1,Dr. Susan Little,4,admin,manager,False,2025-06-18T00:36:35,2022-01-17T19:58:57,2024-05-19T03:01:26
1374,user1374,douglas40@example.org,scrypt:32768:8:1$SXoi1hWvbRBnI1s2$27304f951a8c95f59753470b78c230355de028fded6ff59bd9de131b4083bbee9d91fef8c2c2f3e461983c7c89b5e26fe74c83f487403d660150606c58f0989d,Kevin Heath,9,managers,user,True,2024-11-11T21:02:50,2025-03-14T21:05:10,2024-12-16T08:35:14
1375,user1375,dmolina@example.org,scrypt:32768:8:1$9UGJDekhIF2x8KD3$f4a9b27971262e0c02b6b4ad5497ae5c271ffd6f9152042cbd803c2ffef211d7ae8eadd65007547ae241854182d65ca1db0a97aadbbfe3e12f7ade16403b25f9,Dwayne Hoffman,8,managers,user,True,2025-08-07T16:20:22,2024-05-27T20:40:43,2024-01-07T03:34:40
1376,user1376,petersonmichael@example.com,scrypt:32768:8:1$dLxBPOLGsgdQmdlt$0838973c6f89b0fda52d6f4fbd85bbcbe4e16bbac769fc2bfae68b6be121d5a1fad14160e0813403eb16099f2ca48f282213f8fe8cfc74810d37b0b03391da60,Emily Hernandez,4,managers,admin,True,2025-03-20T06:35:41,2023-01-06T06:32:22,2024-06-25T13:29:38
1377,user1377,jwhite@example.org,scrypt:32768:8:1$u0YuWryUzGJ8QBcp$90f0505d251ec31f5d734884c0d8feb8e06b6c932e284412ecf470d1b7303b782c75442ec259845acf7af3e1b23e719ea6a68c045ee93f5b7cac5e6cc2b723d1,Tina Brown,10,admin,user,False,2025-02-28T05:30:27,2022-07-11T21:46:57,2024-10-13T20:04:19
1378,user1378,wsimpson@example.net,scrypt:32768:8:1$cQbOXVepqsKu1HCN$57ec8d65bc1ac37e8d55893792e52f76231f191ca541d58a09443e19250364980496fa28bba460b7feb40a9d59d6a318c51c8252206de83c7d8cce75ce802e54,Samuel Church,8,managers,user,True,2025-02-09T18:00:26,2024-05-08T15:47:02,2024-02-06T04:18:22
1379,user1379,annanorman@example.org,scrypt:32768:8:1$cHlqaCM4Lc8dOixh$6f4c41b4ef16eca748b44832125c5cbed09095f9ba623e2b2d4d61cf0a7322d9f2e2b607afd7c935ae14c9bd7d55ddffd16499e9f4e9bd1ddb9999c3bae82398,Derek Smith,10,admin,user,True,2025-08-28T06:24:31,2025-09-16T10:47:36,2024-09-16T01:06:20
1380,user1380,lrodriguez@example.org,scrypt:32768:8:1$9Qdh5qsjsMSuc8zT$f1d161750be0d3edba1b74dc9b8cffa04a97858ad18f3f25b0b7b1811831f85a251b1c34573fb76e07c13f8e9808a7ba0b61eced52e87487ff94085555569ddd,Alexander Moore,5,admin,manager,False,2025-01-27T11:45:11,2021-11-19T13:08:34,2025-03-27T15:30:44
1381,user1381,judy81@example.com,scrypt:32768:8:1$jyvea1LXBlVoBxik$88424d9548cd14d0185fb1664a988eab9d32ae1011f03dacf3ed8bb3711dfbd47b9b98a5f92ba0b4c04144934858226d0c31d7bd6b58eb78eefd2ca3ae985562,Bradley Jackson,6,staff,admin,True,2025-07-24T20:29:02,2021-07-19T08:05:58,2024-04-08T20:44:41
1382,user1382,kylesanchez@example.net,scrypt:32768:8:1$i4gCVMJSISLEfcxx$dc5e8f88f44b9eaf01b025f79cc76d2c188e20dec8bea90702a76c624af48a52054ef3ac839d51d83a9d8c75f265a86cc6a7fd125c1f648541d024ec1d0e8ec1,Philip Richard,3,finance,admin,True,2025-09-07T22:53:56,2023-01-07T17:49:59,2025-10-09T20:55:03
1383,user1383,laura88@example.org,scrypt:32768:8:1$jtpL751OroGwZEdm$aaed06234c872bdd8fe5971e4e3a777cd936e7f769f0c417199fc5e977f23822dcb62003af615a7778f73babbf31e603bc08ff5491c2307add8d61ee53494e02,Melissa Johnson,10,managers,admin,True,2025-06-13T03:28:22,2023-04-19T05:22:31,2024-11-26T21:03:53
1384,user1384,daniel36@example.net,scrypt:32768:8:1$OeXHwZJQ8bAW5mpY$0954560dab95892780019ab166d12da408abc1119b733e0f17b4b9b581b5a8d93aebb3d1bfbc8084e5a154675bbe4032ce4bf97b48998bc0dc62eb18fa0acc90,John Rodriguez,2,managers,manager,True,2024-11-12T22:19:19,2022-01-28T03:32:00,2024-05-29T17:57:35
1385,user1385,wendyharmon@example.org,scrypt:32768:8:1$AaP3NHy5HcT2pgLw$7d6fd29135929f2ef600250e85eea51f8cccf6ae2c9ecb8e96844deac301e3bb6ffbcde734d5bd8876cf6c72714dd0583c0856b6662661fb292f3ab3412930d9,Caleb Cohen,4,finance,user,True,2025-05-31T21:05:07,2024-11-14T01:10:58,2025-09-14T02:05:33
1386,user1386,amandaguerra@example.net,scrypt:32768:8:1$dmAqldKuaUcr0Tzl$b87a952ec27ffc95f752b484ec5613622725e3565876122991fdd09e28738c4d10ec216a835f5abc9e06e139f21db3f0eea4fd6dd2f78a2f2e892729633e1ff7,Nathan Boyd,9,managers,admin,True,2025-09-05T14:57:28,2024-04-22T15:55:24,2024-01-20T17:50:20
1387,user1387,mayocarol@example.com,scrypt:32768:8:1$9FulxSD7XRPwhDzQ$233572fae59ed7ad47a4d7ca4312c2b0b18bb37ee44685a241e104f74ca77fd123f6d1db2cb3de9dada651e0d8caaa4a94ff56c9f3868a83e71ca28e23c9fe88,Ronald Bryant,4,staff,manager,True,2025-06-24T14:56:50,2023-07-07T22:19:35,2025-06-27T20:00:40
1388,user1388,josenelson@example.org,scrypt:32768:8:1$34EHINMuoINCn52Z$0e497e645540373f563d06fb5736d2b2817ed067daa55c283c98815171a9118f28a8035e4e1bf0cb5de3f06a5fb55671896468df2986f19d2133028839f3a305,Mckenzie Gay,9,managers,user,False,2025-04-06T17:05:12,2024-02-23T18:43:48,2025-03-27T21:50:18
1389,user1389,hjordan@example.net,scrypt:32768:8:1$t5ee5UFJPTuSUfDt$37bd16f8fc228c86ba5307a470fbd46527c8f62518fc17cd15b9a4e405f442598138808f25129adcd44923afa1754d22a63e8c9e42fbacc21ca73d23035e1f2f,Stephanie Ramirez,7,staff,user,True,2025-04-12T22:58:24,2021-05-01T23:03:49,2024-06-09T02:54:19
1390,user1390,thomastran@example.com,scrypt:32768:8:1$fiSw8rv4Kl4RHU2n$0fddb0a4efb81cff5b4ebd46172320699aab7508a02a42df670df602ce3a349c83348bcf72139fd25895e0b3b9c83174bc6c13601161636a63684cd634068ff6,Michael Gardner,6,managers,admin,False,2025-07-01T03:55:43,2024-01-06T21:22:12,2025-05-27T22:12:04
1391,user1391,timothycole@example.net,scrypt:32768:8:1$OmFlCDBX1qLTCtG3$cf683c22af7e904c69bb1ff3d4b9fc03f7aac24921010110118152c32dce1101a22be552c998a1bbad6a99516ebed5f35a3d571abb6ce5f1cccc832d5374dfa6,Charles Rich,8,managers,user,True,2024-11-21T22:39:55,2025-01-23T07:08:21,2024-07-19T12:02:36
1392,user1392,shannon18@example.net,scrypt:32768:8:1$sy6B7UFdI7FdcQqj$361c0d947a840c98a5740f96f228553334cb60b2068f276dbe570d2f405ff8edff9152d5a4293879652e442448f34636dcf9e679efdecc451a164cf44c033311,Julian Reyes,10,finance,admin,True,2025-05-10T07:54:02,2021-08-20T04:31:14,2024-05-11T17:50:12
1393,user1393,pereztiffany@example.com,scrypt:32768:8:1$jO2CuEcx9of3cqTH$27f1fb60d51b00e6f03d86193d22b6c83e4f7f8baf9818b1ee96c0ea7f816a8539204ee3938b4d01da7dbce8fd9390bbf97b4fcee6050529f494305f725399d2,Daniel Galloway,1,staff,user,True,2025-07-25T14:15:30,2022-11-14T17:23:44,2024-08-19T12:07:49
1394,user1394,cferguson@example.net,scrypt:32768:8:1$ZgXPHx9AgVz39Tz1$2bb611a38ca67018551d4205c25e571a5f3b0ec4f2709879b4598de1fe2cb1a051ffc10103fb4246ed0a10ea2ea91925d1251491f3d60ce048048342cbda6791,Monica Fernandez,9,staff,manager,True,2025-10-09T12:38:48,2022-04-09T21:11:50,2024-12-19T07:49:13
1395,user1395,ryan60@example.com,scrypt:32768:8:1$IxxNLs426ifhlqQB$b75319be543b1bcbde353493937b3512934c6d62a000ea91b79fc0ab7455f82b3a451a1f9e93d3409397e35b5e90bd32162eb2363b6da3bfb62f7d4a9b984cbc,Albert Williams,1,managers,user,True,2025-08-31T06:57:01,2025-09-30T16:13:15,2025-03-08T03:08:40
1396,user1396,matthewgomez@example.org,scrypt:32768:8:1$q5P0EA32A8l3wNKk$105967496c14c307d8f2c05b8d8fa35dcb7410cdbd49b01c7d04d684c895179ea985f3ec09452953461228f2a4d4d1d669d15f7f26baab2819d1582c1bc91326,Nicholas Mckay,9,admin,manager,True,2024-12-17T21:11:59,2023-03-26T07:38:46,2024-08-30T12:39:35
1397,user1397,manuelkennedy@example.com,scrypt:32768:8:1$qL25Ks9WUoDS75if$11e4a01dfd7e94bb0d660736e92bb868a9811b215f8e150a2acca06c164cda8b80c7fdca4df3931eb3edba477f65f131c0142d4e036425e8bf5a3870d57da94f,Kyle Frazier,9,admin,user,True,2024-11-20T23:36:06,2025-03-10T11:00:47,2024-06-16T14:31:24
1398,user1398,zpatterson@example.org,scrypt:32768:8:1$SZnIsiNizNTcgu7v$b48ed75a6b610948522208d67b2ee7d808fd5ccddd4d19967596b376d63cd6b91dcb5265d6b90e362bde4b1afb077c3ec67cf09e427811b35e69d92165c756f4,Cindy Perry,8,staff,manager,True,2025-04-08T18:48:03,2025-01-23T16:44:48,2024-06-23T09:36:37
1399,user1399,castrobrandy@example.org,scrypt:32768:8:1$RGLHoqFApCGulwbO$2f20e6345c7de31565c3227a16ccab3aa785c620883619699e35b7397a62728051dc85b835bff666c69e2836b79dc4c476911c5a7c9a15be2ea0fab27bd5f379,Edward Huang,9,finance,admin,True,2025-09-23T16:53:58,2024-07-17T06:08:49,2024-05-29T08:28:30
1400,user1400,dbrown@example.org,scrypt:32768:8:1$XqhfkFvQ9RCDmmwd$82c31ec43c5bb56914006a04bb57c56de293da55f6e79871172e392c7a8b7978debb72ae0f7c17ec7e4b49b246e45c4d24b79c6c2da60b723e17a4c62b43ecec,Ryan Hartman,9,finance,admin,True,2025-02-13T13:12:31,2025-02-22T19:19:35,2025-06-16T07:14:02
1401,user1401,lisaguzman@example.com,scrypt:32768:8:1$efn7duUnz6neSfaB$837eb2ea03cac2748276612691d9033c9bb9011f9d96adb05918b7b7fed13dd0d5fdb58e6dc448d41c9d16e2a158de2094387572c2fb1e7b990d5ebcb47e2672,Ronald Fleming,7,admin,admin,False,2025-09-14T12:56:21,2024-05-30T16:50:44,2024-02-01T19:09:24
1402,user1402,frodriguez@example.net,scrypt:32768:8:1$GI3NgjAeDDzM6vWv$d7391531c1e338f24eeb1dbdf0ee97ef7651b6bdc11763bf7b325e0a31786baef97df36a30792a0a9715c048c68cc33ed2c5d888d7be67dc20016983a527bed5,Adrienne Barber,4,finance,user,True,2025-06-22T05:45:50,2023-09-22T19:02:08,2024-09-18T18:18:58
1403,user1403,harrispaula@example.org,scrypt:32768:8:1$R1W7bl9U1Dtoao5l$800e487b2d654729d2a1596de464d67c029c8d2786ee76508c2cea06a06a6a98331e4fdcff881089c9ea5615ec5201e0268b0690dfddd3a4cb2aa2d8733cba73,Timothy Young,1,staff,manager,True,2024-12-14T04:52:10,2022-02-07T15:34:18,2024-10-14T18:01:04
1404,user1404,mariah05@example.org,scrypt:32768:8:1$brlq9SeOhaCQu63i$25864c86904da11b7624b39fb66343609c9ec61aebfd28ee0491222333ce2a06556ef6eec837a9715a0ec8332bf113b8cc3ef366d0ac4ce3e7914b1787804d2e,Sharon Glover,1,finance,user,True,2024-12-17T09:02:56,2022-04-30T20:37:44,2024-03-16T18:21:35
1405,user1405,millerkari@example.com,scrypt:32768:8:1$nCvj2EtQCxm87IDS$2d9a0fc495fd8dd9e7c7f5793bd5a3e79fe777eb952981c00d0b66a3c308097160e74b6beb2f903c5bb2c3764c276e7ece78859355e2f030fbcec2fe528c8186,Isaiah Guerra,9,finance,manager,True,2024-11-26T05:09:32,2021-07-23T17:04:14,2025-09-05T16:33:43
1406,user1406,hhill@example.com,scrypt:32768:8:1$0kYD5PqpOEaYA4gl$f8c76885ae812db0adf9df3b77743aaea82fd67b5aee5a2708b4fa0c16ecaad3037b6a40bb6c2d1324db0a495f0f2f657fed7a321efd22d17f2ffea82376ace6,Cynthia Roberson,7,staff,user,True,2025-07-19T16:40:27,2022-12-02T01:50:25,2025-05-03T09:24:22
1407,user1407,eddieoneal@example.org,scrypt:32768:8:1$xLl3WpVimG6KI0Q2$959a47e998c742b3c42d3471f952e92e72ae796e26661db9ffe7ae354a93f368ed01dd13ce763ea33fa6359b14e8c147a2c9294454d9b75a30a0d627f40f2869,Scott Mckenzie,3,finance,admin,True,2025-05-13T10:05:16,2024-05-06T10:24:46,2023-12-29T18:16:10
1408,user1408,whitejustin@example.net,scrypt:32768:8:1$feX8tDRNarO7yfHt$68b82283666498f0980374b9b961055fc8f76c9355be8958f4b6fd19b980df39ba5325cce89ee5081295ca9d1739132358c4fdbd78891dfc0482a0763c33e8f6,Scott Ellis,2,finance,manager,True,2025-01-07T09:27:44,2020-11-17T13:45:00,2024-11-08T17:08:26
1409,user1409,krystal29@example.com,scrypt:32768:8:1$2Eu026RmIVN9rJje$aa027ce887de5cc45f04b2d557d7c0ce317e27591cb12bf6765af7cd17a8ddfca94a07af7b12460a20f69160dcd13bbc150db8406e54619bb0725d89d6b9d00d,Phillip West,8,finance,user,True,2025-07-22T15:04:03,2025-01-05T22:22:28,2024-10-05T05:45:28
1410,user1410,michelleroberts@example.net,scrypt:32768:8:1$PANX5HuUkeC5X9R4$506673ef613051e395cfe960edd5c82936643d491fbca4227d76bb25f0f8c834aacc852232bc52f9d543d90a6751c99cf5918742c80118cbad86707305e67a4c,Heather Ramos,6,staff,manager,True,2025-01-15T11:34:06,2022-10-08T12:06:36,2024-08-06T19:54:13
1411,user1411,coopergeorge@example.org,scrypt:32768:8:1$1YxyvO2h2xqtkNF8$7f2b09989cdfa96d71f1ac3bc7cb2f500bcfbca7138b3aa3ac7f3d9ba0431a5c7dd0ed36d7a36ae37562842af2274eb2119a23758e169a3e7125164123b13bac,Susan Ayers,9,admin,user,True,2025-07-31T08:51:37,2025-10-12T16:31:29,2025-09-01T22:25:30
1412,user1412,xdavis@example.com,scrypt:32768:8:1$mmGozYJQpxUEX10C$bdd7a281925f062ffed86169924b970db74e11ee3be678960d20f31026400090b404d27912eb779c381511a7df06c933e6cac4ce21705313f5729f23e8916b44,Richard Garcia,6,staff,user,True,2024-12-20T07:31:31,2025-05-08T03:33:50,2025-09-22T02:05:34
1413,user1413,lrobinson@example.com,scrypt:32768:8:1$cyfyetVmrlXTTJl1$818622bf954fcd03393a211ee0f80ef17c15824348000ac6ffb02b3ae0838ae0d6ba915f6dd3bfc036282db3193661e0f951a96d1b87ccbf5d884e566154423a,Anna Little,4,admin,user,True,2024-12-16T15:10:18,2024-03-15T09:04:21,2024-03-27T16:40:17
1414,user1414,garciapatricia@example.net,scrypt:32768:8:1$LVy6f4tJuOLxEUeS$f7d1548e70d6da0bb5d27ba9c5748660c5cb2acd24eac79cf48be45627d6047db1c52379620019ccd3daadcd8c54113fdef763e66ee56b74c67238361e1bf521,Tyler White,4,admin,user,True,2025-09-14T22:52:41,2024-04-13T01:46:08,2023-11-26T12:28:43
1415,user1415,rubensmith@example.net,scrypt:32768:8:1$s0KRS6Sq2Epwr8kl$ee68479377df4f41458c5cdff727f4e3f212631c5366571b4252e4d544482cba3ec8f20e3b952a7745ed496f0f603e806c02356fe4ee197163df4ac8b5234150,Samuel Boyle,7,admin,user,False,2025-06-06T21:27:32,2024-05-12T17:26:18,2025-10-30T00:06:01
1416,user1416,sandovalmakayla@example.net,scrypt:32768:8:1$ZEdsCKXPaxfF6eQb$01f0c6b09bce26a6756fee26fcae6b910239e7476b72801c65826328e2ec3ce20110f9cf80350f389f40c069a8c3370cd2ad8a37db6cf9d46c46970f44751e58,Monica French,5,admin,admin,True,2025-06-21T02:44:47,2024-02-15T03:00:48,2024-12-28T11:40:47
1417,user1417,hernandezjessica@example.net,scrypt:32768:8:1$bMOKLqBtHvcth9TJ$c843e64c9180aaca714f9dc318bc271b1f5320dba5451514c9af55155fdef9af87584ecba86a61facbef83bb7ba4ee3079c2877c33947cc538246635b59f8702,Natalie Berg,1,staff,admin,True,2025-05-12T05:16:19,2023-04-17T11:37:13,2024-09-14T14:45:13
1418,user1418,jmiller@example.net,scrypt:32768:8:1$O7ypiMTQH4gB3gAy$1656816931ddc9a06f0b7aac1412adb568fa9eb24d4450c25af430c1419c6edc52b0dfe58d7b2d26669a69919f87f580b02a34b5c69221d355de8b291bdc7846,Andrew Martin,3,managers,manager,True,2025-03-09T04:37:51,2024-07-19T01:14:25,2024-07-14T17:46:04
1419,user1419,jfitzpatrick@example.com,scrypt:32768:8:1$icYwYLcO8Ce5LZSb$c2c8d157bfedddf8a693c5859375151e454c9df8eef6b33de664e8d1a28ba6a305501bac938e8075e4988e722e35bfe3e034f6070081cf9fb0933d03cdeb9a93,Amanda Bartlett,5,managers,admin,True,2025-05-10T19:48:40,2022-10-14T01:30:30,2025-09-30T19:26:42
1420,user1420,andersonalison@example.com,scrypt:32768:8:1$XYTritDnFKBSpgw1$4825dc0babd54aa83562291fa5d1adc07a066c4427e72ef766896f24617dfae9ddfeda0ae049287ae20220567c294fcec1ab719ee2ea91fcc09187fb1878a231,Robert Campos,9,admin,user,True,2024-11-02T14:13:07,2021-03-14T06:53:39,2025-10-09T07:06:20
1421,user1421,collinsemily@example.com,scrypt:32768:8:1$gMz6Qp6ZwZ4Skka8$a32c25fa3d3254f14de553ccd97dffcd6f1bfa4c81b6e3cfb94780bf48be8edea66cef0b98fdc7d54916386e3458dd14afb3787dcdf180df2790eb03138685ac,Joseph Mccarty,7,finance,user,False,2024-12-31T02:37:54,2022-10-16T03:01:41,2024-10-19T11:16:22
1422,user1422,kellyjefferson@example.org,scrypt:32768:8:1$fC0rv0L3t2QTKqAM$a7f9da37354af07a101387a3058f7bf9f28c048c97c1f1c50f7a5ea9c6b34d6d7490719a77558931ce83b394bf8a10d03424d9073f6aa1723287a1415da7ec2a,Paula Holland,7,admin,manager,True,2025-08-20T00:34:29,2024-09-16T14:24:53,2024-06-24T17:42:00
1423,user1423,yvonnebowers@example.com,scrypt:32768:8:1$OJUoErxyPuepbR8I$ee584b46bba00a9396585579e2c42b8c551aa858e8fbe2e2875fba6998dc6cd9c14d5f654765137ae8cb7353d5b247c93bfa9f697c1517753890ecfe62173151,Joseph Smith,10,managers,admin,True,2025-01-13T02:24:48,2023-03-24T07:17:58,2025-07-14T22:48:55
1424,user1424,carl52@example.com,scrypt:32768:8:1$e4Hkgk2E1RQ2Jmor$cf07ff7992125a629f80728e73a01f84f9d49597e3960e91ffd268d20fd8893370d554bf4027a508a75115c0cf2e20c75cb3ca8f285cf533d906e4c0bc3a66c8,Juan Sandoval DVM,6,admin,admin,True,2024-11-19T23:37:09,2024-11-16T22:08:26,2025-02-04T21:09:49
1425,user1425,louis70@example.org,scrypt:32768:8:1$9rZl3uWdsLhNH7Bd$9eab22d790ea84f71d0de8ea62352b6cd12ca46c7c53ae4dcba6e56af0b0e5b66d1a0404f29c64f0d2c0b0d7a2b72dfcf28e099170b90b52efd7baaa5315771d,Peter Whitaker,1,managers,admin,False,2025-09-29T20:14:35,2022-01-03T03:41:28,2025-07-09T19:56:49
1426,user1426,tranmichael@example.net,scrypt:32768:8:1$R6pWKDzXFnts5iJi$3bc5eec78e5c2f9525c5b6b91af0e0944676f2b7e34534e80c7d8b7a2f0f1dace817bf1535aba79acffcd44f450b6cc17edbdd335ee855f7d724d67c0bb6830a,Amanda Spence,2,staff,user,True,2025-01-25T20:49:36,2021-03-04T00:00:43,2024-06-18T21:30:50
1427,user1427,pacejohn@example.com,scrypt:32768:8:1$Vi7KbWQsnWSFzIao$d36f183455ca350d3917dbced8b3ae707d6936ae6a69f964df23f37751629f6821b1a6b782c408053de6f5a79a9e928d3c4568ac3285401614034ccdb8caff77,Chad Murray,8,managers,manager,False,2024-11-03T06:22:27,2023-06-24T18:01:10,2024-09-07T12:54:27
1428,user1428,fchase@example.com,scrypt:32768:8:1$Gsx8wjW8rsKos3We$71ca9b293e35d1d7b3ed9a05fe3788ba22ceb98c52f68725e0ab4339357f07e01ba6269bd59988c7b77f3be48d47776e7b9fa9b7477a53bf8cf5358f26f25e97,Lisa Figueroa,9,finance,manager,False,2025-05-10T22:57:39,2024-03-06T15:04:06,2024-09-13T08:35:17
1429,user1429,loganricardo@example.com,scrypt:32768:8:1$U83w5xfJMMCK7UKj$ae5b07b074d12e6016344ab0676f66fd6d2b3a6481bec1714996f4a1619c695c6fdfe0b1662a668d8e956a56cbd2daf335933a2e4471452b7f295cc5350dc39d,Casey Williams,8,staff,user,False,2025-07-01T03:43:48,2024-08-14T22:57:05,2024-11-01T15:56:26
1430,user1430,sandracox@example.org,scrypt:32768:8:1$ftq6BUsAxQmIGCYJ$1df67d85a761c062802038f30998ad7ef29b97e94e8d6b806536fc150521797d780ed6eee839d39aa8d7bfac28ec8f79f1d115996fb75c7e9c7059033bbe8b72,Christopher Thomas,5,staff,user,True,2025-09-01T10:20:22,2024-05-29T18:19:42,2024-04-10T14:32:24
1431,user1431,brownmelinda@example.org,scrypt:32768:8:1$4jAk7fqN6cm78Zgg$b2806299ccf2a6ca42ad65539ab0919abda56d33a1fbff2f0b1207500871c8ff892f813196d646c84ba663e7c66e72370b543fc84523080b43befda805da86e2,Kathleen Larson,9,admin,manager,False,2025-01-14T02:57:54,2024-01-18T18:46:32,2024-06-29T18:14:14
1432,user1432,santiagokevin@example.net,scrypt:32768:8:1$2XbuKaNALsgSC9UA$a53e2894eeffca48669b96c6cf125cc9f7ed3d4ebeb76c71cc954b2fa2ca43329a6ac38c558057c0cbb914429fb7a554a723003dac33c328067c2c2d6ddb5838,Meghan Freeman,7,managers,user,False,2025-01-12T17:43:02,2025-02-08T20:01:07,2025-05-13T06:28:29
1433,user1433,johnsonlaura@example.org,scrypt:32768:8:1$gV2QipALCrlYydl2$3e2eb398d6ac4099fd8c8cfcc2c9c24e510819c613b26a3870ceec6d72f485037d74c4aa4fe99a7d499f11bb58be5d1521e81f9be81ef0115fe9ebcdec82a844,Robert George,8,finance,user,True,2025-03-06T02:23:03,2022-05-31T23:19:43,2024-06-13T06:07:06
1434,user1434,shahjeremy@example.org,scrypt:32768:8:1$UWf1cPGsTLvgQGzy$643bad84c5764d49e5397b05d5835cb00167f386b17c3949355c4cca118ab5ff28d7e956b9b296e3d31e326fcd1f3a513e9adc88cbfed581260aefb2d55f94dc,Julie Thomas,8,admin,manager,False,2025-08-08T13:33:15,2023-05-01T21:54:44,2025-06-09T20:17:37
1435,user1435,michael86@example.net,scrypt:32768:8:1$RWiHvstIYsgYsNyz$a911f0868045e04aaf8fee8a4c816c60c69e786dacb11536055e053b38812905583578624fe879de95300eaf91c5210d793c5b92b9ae8f6cb207e250c9eb0a50,Paul Romero,3,finance,admin,False,2025-10-06T05:18:04,2024-07-27T19:22:32,2025-07-29T11:13:11
1436,user1436,brian13@example.net,scrypt:32768:8:1$Pn13AAd2V7oFKTXh$a7726d36c28cd4c0222f1a56b1fc9495c6374fe5ac8b1ec3c76c523a861595c5e8ee5586686ff29bec54e2b3eba8f9ca61a01e6ee1b24de2cf6dd3f9f4112ffe,Scott Gonzalez,4,staff,manager,True,2025-09-15T01:48:42,2024-08-29T07:17:58,2024-02-01T09:16:18
1437,user1437,williamslisa@example.org,scrypt:32768:8:1$0KrBhEL4Wfj1gN32$14b1e20b52c4ddda126607fc09f51573c2775f7340f0aa6c0ace6c52006d5dccd196b1123b02f7b3e560e746b26a335e69e090d85ff636b11f5e061ebe2162c9,Jennifer Contreras,10,staff,user,True,2025-03-14T16:19:08,2021-07-24T14:33:10,2023-11-28T16:04:51
1438,user1438,jeremy77@example.org,scrypt:32768:8:1$dPjUHPxNgq8J5PVZ$4c0db5ce57c2626adf41431eaf9c47e80c66420cae70f1f3db66d9e4f8a9863c66cdf94e35841bed1c763e0e693f2657c927b529119fc220c1d2eded76a6f729,Patricia Frederick,4,admin,manager,False,2025-05-25T20:34:08,2022-10-07T18:58:38,2024-05-12T23:31:08
1439,user1439,christine88@example.org,scrypt:32768:8:1$G7ugDWyHYsgt49tO$e01bd92cbe71178b48b1f599da56e495528456cb83afd46f10e3eadde797ca6222a8d66b44f7c980bb61ec08644bff494ba58fb13595b831cf05d75ad52bef75,William Bullock,1,finance,manager,True,2025-03-30T00:04:52,2021-05-11T18:08:23,2024-01-01T17:31:22
1440,user1440,jennifercohen@example.net,scrypt:32768:8:1$knr3bV3U6ZucKRdt$7a9b71a1f14ffb6d7ac04af6098453ae9ef0b92c40cb2e493c2576e4ebb14818f801c89c2e40c5e3667609ad07bb631ea0c000d7b1c09d7d2867893afa6356b8,Christopher Mckay,8,managers,admin,True,2025-06-04T23:29:56,2021-06-24T13:22:13,2023-11-30T19:46:10
1441,user1441,jasonharris@example.org,scrypt:32768:8:1$YO5wy0BI6DsmqYGh$73bd9b329fb34eb60f5106d86319cb9361c87297a54b7b909f1e00ee9fe2d247a34a9c561c9b854da946bf013b5f6ae5c4df4910621c05f87aba84814de8d0e6,Brittany Olson,3,admin,user,True,2024-11-03T12:02:33,2024-05-26T18:04:43,2024-10-20T03:33:44
1442,user1442,scrawford@example.com,scrypt:32768:8:1$KnnYM8hY8oZMXaq0$cae0820d551f83a27598cb8b41e7ab78ed7f82c26f6c2615abae3b3b8eda99846f2bea8fef6879ff034cebcce0d94943610afa57f13da5ea91daf0eb5666a68b,Angela Meza,5,managers,admin,True,2025-10-02T23:22:29,2025-05-21T05:57:47,2025-08-11T00:32:37
1443,user1443,charles98@example.com,scrypt:32768:8:1$LhmOlZoWe4x004g8$061a863d07e6c693231d6114d27ad250565c9619e896fc31c7f2195b66d30dae9e8e6519d19ce9cd19c73fe536d7094b21310ec104e60eda6dc0e3a62f015d58,Erika Sullivan,10,finance,manager,True,2025-09-09T09:15:17,2023-03-09T04:09:57,2025-03-02T01:42:13
1444,user1444,samuel03@example.org,scrypt:32768:8:1$zsgFT8LoKZkvX4AI$5b32d5892c09cfada8ef53cc22a6802b1897ec09863698b60e4dc0f6fd0bf59bec647f6b9871ad8b224bdbaa2d97d11bc4764fedc4e014482e54f7117ab16abb,Anthony Case,10,admin,admin,False,2025-04-25T06:55:44,2021-02-13T12:07:07,2025-01-31T01:59:56
1445,user1445,bradleymccormick@example.org,scrypt:32768:8:1$aYXJryulz6Ox2u0i$bd1d6dfe7af1134388f060f3efaf73013a9541aae253ba226e7c9dbb90881d3caba88c5d3c690d8f66ec10af4d77c6c5555cd2161397e1c9feb14fd8490fdd57,Yvette Price,10,staff,manager,False,2025-08-09T22:29:03,2024-06-26T10:40:46,2024-07-16T05:51:10
1446,user1446,brian79@example.com,scrypt:32768:8:1$wr2OK2u2GHdkIyg1$0f54c547c53dc8589750acbdbc62e3d7f0b290534cdab702e8fe64c655d043e41bf8a80335b1d3bc1adfa4030962e3513f2eebc6c1ef2470b9fd4f6c62e1f2c4,Ashley Jackson,7,finance,user,True,2025-08-01T04:38:36,2025-05-01T21:01:07,2025-04-16T06:32:06
1447,user1447,angel58@example.com,scrypt:32768:8:1$UzNprPS7iyyCJsNW$b47671bd837d25df753d798b3f898946a478e6866052190c4b6bf94f1f34122e0abb139b1a46e50f5d498e8c611d74722ff01fe4d37723e4735b9058d404a485,Elizabeth Scott,1,admin,admin,True,2025-04-03T18:41:40,2024-10-16T20:14:32,2025-04-05T14:06:44
1448,user1448,raymond76@example.org,scrypt:32768:8:1$rxCYZ2jKffKRQnKu$cc9265009c0da405dd4c86b10fc112852f424ac947cbdd4bfb004d4bf6161719de5e967578c271d3814f383c223ba07166b086cbf1e3319b84072603d29ef0aa,Eric Reid,6,managers,admin,False,2025-04-23T07:07:29,2022-02-05T15:34:12,2024-11-09T13:37:41
1449,user1449,ptucker@example.org,scrypt:32768:8:1$tLOx0KZTvxLt70gV$282f44d273be5b417d561925725cd80da081f6bf61392e265f1f28be1d1a165c37b80c2a16d038fb890d25c922195e37c6c8c88da6352b97c6f58dc5367c9ac3,Matthew Wade,8,managers,manager,True,2025-10-11T12:27:46,2020-11-21T00:20:14,2025-01-12T20:29:03
1450,user1450,mwerner@example.org,scrypt:32768:8:1$buMii5xLlra469Eg$41614ff3a74f0a0e9ead3800789f1e2667d10e414dbfa0e7e1dd163802b124ad22caffe78011b3fb2cffe642657c3090ca3d8ffefff41f25b0c0169507699699,Linda Rodriguez MD,8,staff,manager,False,2025-05-23T02:45:23,2022-02-14T22:39:23,2024-10-29T23:49:26
1451,user1451,adam80@example.com,scrypt:32768:8:1$aoSwfNdLlSH9fo7m$9061c8145e0277808fd493883ade92a2fd447526d1be15b948ec9bb657ec22c5ee82d089a836daa85a3f9026e2c12160f5ccc8c5ef3577a1f94d87f3847bbba5,Emily Ramos,8,managers,manager,False,2024-12-04T17:37:09,2022-02-10T14:32:16,2025-03-04T06:41:33
1452,user1452,jamesmiller@example.net,scrypt:32768:8:1$eqe3mzZACQSNgUgq$06c09ab6b622f0c63ef1ff60cfa83989d7fd7896cf1f0de15153a24e72981929be51be2179d6da80ee1ecdba24531071e6e0b37e4a1d88fb29d376543afa62cc,Nicholas Brown,10,managers,manager,True,2024-12-29T09:10:31,2024-04-21T16:28:02,2024-04-11T04:01:22
1453,user1453,bmurphy@example.com,scrypt:32768:8:1$1IiAA5LN7W6HZDsg$632bad355b7762904ad23477cbe3682bedc513ea616d5515ea9ba4e76acf7e7ecf9785847f516ec4de8748cbaa6576d35fb25e571575922e6b559e7454357765,Jessica Garrett MD,7,managers,manager,True,2025-10-02T11:10:32,2025-03-26T03:16:06,2024-11-04T23:00:58
1454,user1454,lindaford@example.net,scrypt:32768:8:1$1Ghh5Ch8YceG2wp4$7160a09cad91e94a9d0b01bad895ca53219db3a17c6866f68520723b2c9335181b98a7cdc065883ec81819822e9bc013b0f0e4215c1f177fd99f7d6f5a6ffc97,Diana Pham,1,staff,manager,True,2025-04-07T06:29:12,2023-10-19T13:25:13,2025-07-02T02:37:41
1455,user1455,kingandrew@example.org,scrypt:32768:8:1$qmQ26wjm4z2mxSQp$701ff4617918349a22b941f8b9d197e038920d43b2cde49d926bdcb3172a63b7587bd122adecdd3918c350fdd2a53b1edb416065d79eebcc462a4aebef161dd0,Christina James,6,managers,user,False,2025-05-26T01:47:57,2025-02-24T11:38:01,2025-05-22T03:05:21
1456,user1456,ericpalmer@example.net,scrypt:32768:8:1$RdGvziV1Qxd3rfli$9d1c8e53c708ac70e4c265f99668aa71e78525fe9e791e0ce3640f37ea6a7113fade670c9b72c874376f49e8769098accaecee6ad53ca7d185fc1e06897a6b6e,Christopher Leon,5,staff,user,True,2025-04-04T00:05:55,2025-10-27T09:10:53,2024-08-03T23:26:25
1457,user1457,evansjohn@example.com,scrypt:32768:8:1$z5OXsnQ019oJVYB4$f7f3307f42356e619a2fe5c26e436eda6c48f62fd09fda1c1a2f9dd0bb15124e96aad5ca20102c5d3856ec1b64c278e244f7a7e7c7673b8144bf397f40fdad02,Jason Bridges,6,finance,manager,True,2025-01-13T08:18:12,2021-03-29T10:59:58,2024-09-04T06:27:09
1458,user1458,teresa38@example.net,scrypt:32768:8:1$D3MZLHpr3b8B6xVC$58d130dccf5bdd1ad594728da84d1aab5ebb50bd379ce836852d8dacc4b43ecd8f200b19bdb943c90d98f0fd562bdb25040d925719603226a3cd9998d800efbd,Samuel Wiley,7,managers,manager,True,2025-09-13T19:09:41,2024-07-08T09:11:04,2025-01-05T04:46:36
1459,user1459,timothy85@example.org,scrypt:32768:8:1$TYZYDf9Xs948nbcj$6e4931c0141e31e5edd167d7e29eb3bec7bc20cb032f2108e6861cf9f9115ba787b6996e52e1fa8e7fdba1f28e59613e5a5320c8e055010b0ee8914a10a489d5,Madison White DVM,9,managers,manager,True,2025-05-31T16:30:02,2021-12-22T18:20:26,2025-01-21T07:42:33
1460,user1460,wilsoneric@example.com,scrypt:32768:8:1$GvVjIolzXtVljQLf$3562061c864d55a253f1e22ccf921e0a35825c68c55570a818926c2c7ec53b2a3be14a2c4ed5cdacc8f5a17c7b67bab7894cf7bb5f327b1d7237c3b8dc203830,Brenda Martin,6,staff,admin,True,2024-12-11T11:20:48,2022-07-08T08:37:02,2025-04-28T05:49:41
1461,user1461,kimberly92@example.net,scrypt:32768:8:1$DxPVd5cLwjqUsCv4$1c34b2072e6eb2fe7f5d60129bb01286cc4775452c54a90fcf1cf3417c7e5548e379d5a27ca71acf38143336e4910efe5e5cb64158f0bbc33f4d0dac69ccb687,Catherine Mcdaniel,8,admin,manager,True,2025-01-08T01:10:26,2024-06-16T23:10:39,2025-06-29T03:27:45
1462,user1462,lisa99@example.com,scrypt:32768:8:1$wt3JuhuE98WdDABT$df70f388f48fefcf88cd04a013db31e704b9271b29dae452f4ad8c9bbec8c3463dbd260f6e673d898bbe8777754ca0c8fabdf6e74052c0ec21223d9a765b8e20,Valerie Salazar,9,staff,admin,True,2025-04-28T22:37:12,2022-10-19T13:00:39,2025-04-05T05:32:29
1463,user1463,tramirez@example.net,scrypt:32768:8:1$MiPDIftZGfCVWIsc$a3d89e570fdd19880a947dc8c4b3df857cc4f2ce137c0f947a1ff47db4e76968948885fa597f09739235f0fdc9aadaeac3b21fbbfddfbb8ab14329935cce685e,Andrew Medina,6,finance,user,True,2025-05-06T23:05:32,2021-12-19T16:27:09,2025-10-10T19:25:33
1464,user1464,nicholas92@example.com,scrypt:32768:8:1$Akqdd5v6vYkuvUD4$6b8a3fb24b3d37681da1ce938a9cc4a8d3af1f6fd86ecdef0f1699acea7ec6bf57ab0fbe86b4d8eb1ae32f907bfb6f9ebf2ef747d55a16e21d17391918f131b8,Crystal Curtis,3,finance,admin,True,2025-09-14T16:15:23,2020-11-11T05:58:31,2025-04-22T05:37:24
1465,user1465,john16@example.com,scrypt:32768:8:1$mxu2AfmUAtqeWjGL$994f0f62210ce4b8bbc10d280bb558ce0fae0f83205f9d8efe3a04784f29d096262320e3f401c6d6f5e2b8de4fea4389673d9c04e015a8f3699d583ebe74b97f,Andrew Spence,7,finance,admin,True,2024-12-23T16:45:00,2024-01-07T17:55:24,2025-01-21T21:05:11
1466,user1466,wrightbrandon@example.net,scrypt:32768:8:1$w0JNeaMra6fbsR5K$4524faa0014d68304d74c77aa90d8cb2e83c7766a7a4ecf729b6c55eea9ab7cd1bd5d03ee0ba818ba36c4ff62c37799ce37b451097416bab38e07f8aafbe8a26,Christopher Flores,10,finance,admin,False,2025-05-30T01:12:58,2023-10-02T06:07:39,2024-02-21T05:13:40
1467,user1467,amandabrown@example.net,scrypt:32768:8:1$e6kF4URfzxnUkhK3$4c7c1903b9bef6a7d792310a42486c133ab24ef9552c9b807995abf0948fccaa7a1fadd733ba767a05d97584d5242f6ad412c8352a8642d03b45a4a5f7a2cae6,Erica Hamilton,4,staff,admin,True,2025-08-21T12:29:33,2025-04-01T06:37:54,2025-02-05T02:11:11
1468,user1468,amanda56@example.com,scrypt:32768:8:1$wXZpaPeRAF2gbr1Z$83f8fe7a1a667ae10195eb85eac7295f343f727f168161ced752a821d4abf96bf7c207f11beebd1c4b1652eb1d90a4472c198c7b260787c73489a5ca4f8f6877,Patrick Wilson,3,managers,admin,True,2024-12-12T13:38:16,2025-08-24T16:37:02,2024-10-20T08:45:45
1469,user1469,bowerskelli@example.net,scrypt:32768:8:1$pxiElPXYhSjzYQxI$e0d5a001eff2e61e73bd0f9636a7c8ce4ce15f116f3dd3926d858600ab28d74f7339446d43a9ec2c3e886fa5f3fd15419eff896e929c5a3fc50db3dcbb5b8912,Susan Davis,7,staff,admin,True,2025-03-21T09:58:05,2024-12-19T07:56:33,2025-04-26T04:04:28
1470,user1470,collinssamuel@example.com,scrypt:32768:8:1$WkMEwnEAc6Yk6m6u$6a22505978dee15c28afb72abcd5190de5077df8e70fd7079ead45cbb411deeb2e26d7ce574292636fc4a66dbd017300dbc9e3fdc6bce2afc7b1fac75750a0ba,Jeffery Myers,3,staff,admin,True,2025-01-14T22:01:55,2024-12-06T23:18:06,2025-08-30T03:52:36
1471,user1471,bmontgomery@example.org,scrypt:32768:8:1$GRGAcuqnfcxCCSt5$58fdcc4cd9c569b9b527e1c0afa1b4f82647ce787e496e1eab007d9ca9530db63b5b80745dc45612e9105a19289f26bc78b4c27f1ca44cf0c7659725530018fe,Tonya Klein,2,managers,admin,True,2025-09-05T23:48:31,2021-10-18T06:47:10,2024-04-22T08:07:40
1472,user1472,ahernandez@example.net,scrypt:32768:8:1$ZD7e8ax4qWGNUS7h$4380e7186017d86d57a271345ce013f655b51c4ab1f4ce3473faba5837879bb21abc43e5d039c1003ece602307ee6412a8d1d0a1fd585417df9e178427becd17,David Thomas,1,admin,admin,True,2025-02-13T02:57:35,2023-10-18T05:44:26,2025-06-28T05:34:15
1473,user1473,daviskatherine@example.net,scrypt:32768:8:1$ieZfZ9dMnqR0Cncf$be469157d4be6bbb56a464773ebaff8aeb62e95b70722dd4b2efdadfd60d9ddb5f1d82ed14daacfbb1d16d5fad11814330133a2a77539efc7b2931d961fe1e48,Ronald Wallace,10,staff,admin,True,2024-11-25T10:16:33,2023-05-16T12:09:09,2025-02-22T20:24:00
1474,user1474,hoopermary@example.com,scrypt:32768:8:1$Q21ZHPFmO1B4Hwl9$675bb2907ca8ba4a2184e1b3c6d5e62edc9e7f455838f0f6f8b7ee2b9d51b0fcb0c8bcb3ce11cb0a6627157bdc185b44b0ea1772e9d04435b0fa5ee0405c5043,Brent Bradley,7,admin,admin,True,2024-11-26T01:18:01,2023-08-24T10:19:27,2024-02-21T15:15:52
1475,user1475,vscott@example.net,scrypt:32768:8:1$3b3oCtBu37ZK1EOm$f85934d45dced36e214cbe67afc6b8ff7c071413148d0201d2b4603cee9fdbf98faccaaed060d964da78f02755664a3b7baf8c8921362a5eaab8c1cead834039,Amanda Shelton,10,finance,user,True,2025-09-14T17:29:58,2022-12-01T05:45:00,2025-10-15T13:28:25
1476,user1476,samuelodonnell@example.com,scrypt:32768:8:1$lguRmC5ggGXq2xYJ$6487ed5576fb140a337a1215b51a679acc0f98bdb8ab1233b5f2175adf7157e8d9e3b7931da91780ada7451e3d174666dab871a3eb53d4860e861d713a589215,John Keller,7,staff,admin,True,2025-04-11T19:39:30,2022-10-08T16:27:20,2025-07-26T10:14:33
1477,user1477,marccook@example.com,scrypt:32768:8:1$JPcpXmd7DZojK4vj$39abf9d60d7716e727d6d3d683c2484792e83257afff5a4a903f49bb146f070beed5dcecc27bd3ccfdc108bbd3224d8c6f060f17e2f545465a90a6bd8e2511b7,William Valencia,7,admin,admin,False,2024-12-18T16:00:20,2024-09-03T07:32:37,2024-07-13T11:45:36
1478,user1478,danielle39@example.net,scrypt:32768:8:1$IfcksmORxugaUgOm$df42950fabca255f27536f59b98dd896be67239449418002737fe6b444e628d31a31c1ffb14c8a2bf3e5751ae1bba9003493770a39ca10984adb17a830b9f544,Ronald Moore,7,managers,admin,True,2025-05-02T13:05:16,2023-06-07T05:01:29,2025-06-05T06:49:27
1479,user1479,jackharris@example.org,scrypt:32768:8:1$6Yh9wlOSoLW89Vve$2aac94904860958643f291f5eebb2ca83e2747475c19d619952f59314e3b75b14a891d2e6748415360b389d1ef4a361d05803e05953dd9847b25518e4f2db09f,Sarah Norman,10,staff,user,True,2024-12-02T23:52:05,2022-09-29T03:44:51,2024-03-24T08:43:53
1480,user1480,meaganlopez@example.org,scrypt:32768:8:1$koxG9g7xEM10QtCv$f97703e5a1609dafe9cb0ded6b13ff29a5ecfb0762966136cd9643dc422319aa198a502046d9c6b6c53bc172f600bc5733c8af13eb2df7cd55870e19ac861f0f,Nathaniel Anthony,8,staff,admin,True,2025-08-06T03:47:33,2023-01-10T16:27:43,2024-12-30T12:08:56
1481,user1481,matthew21@example.org,scrypt:32768:8:1$tw560C9vNP1bl1LT$f5d43c22d4ac02a17bac3584055e3d12587b423abd5b16ad35da246031b8120f74179b92179476d3d7eb0df3523b778f3cc7bfdeb02bf2178aa33d0d95d70fa4,Maria Jones,2,staff,admin,False,2024-11-28T15:00:12,2021-07-05T10:36:21,2025-08-24T00:35:19
1482,user1482,upowers@example.net,scrypt:32768:8:1$QvGc795ZbOyFLrSm$dc56c06719f65bfe8c05cb574e33a5289a0788754bce01086cd11c36b227c7a704593f1e0ef50d5412591a698533736d49ae992006bc53a779e6ea70d7dcdd4d,Benjamin Perez,5,admin,manager,False,2025-06-11T08:09:02,2022-11-01T11:28:24,2025-05-15T22:11:53
1483,user1483,adam45@example.com,scrypt:32768:8:1$qGJ0JWe53GM8VMr9$4173d3d1a49ca0b5ce41721514d6eb0ac75a5e60ae8f1dff45f640dcfc38412d7a3cfa4816bd6986054c805ccbdf5b3fca8ba07445a81c65b458b6e4e223bec7,Monica Scott,1,finance,admin,True,2024-12-29T15:55:15,2025-08-27T10:03:19,2023-12-08T21:46:13
1484,user1484,robertberry@example.org,scrypt:32768:8:1$ks2ojP0PqknuJdi6$527e0f46c381448e8b6305353280d05162e1d9da70996d4a73c8a99ac66e2465dc6ced634a9932f62a559e8f8442ecfdd6095b876321cc1ef0cdb312e063c177,Katie Leonard,3,managers,admin,True,2025-09-22T05:22:21,2023-04-24T06:26:19,2023-12-28T14:18:43
1485,user1485,rcopeland@example.com,scrypt:32768:8:1$9YhvA5D1Vh8beIS7$79b75cdfcd3e68cf1bf03574de8554323a2074f337681b619caaff3295c90da08de0855017d5e962780c833928582f65070848a5e13e104e0294432d6f8e232f,Daniel White,1,finance,manager,True,2025-02-02T00:37:27,2023-09-16T10:24:34,2024-04-06T02:00:01
1486,user1486,ashley78@example.net,scrypt:32768:8:1$P1C1RPo8216GJkub$53cd073f77403914c84b6bc5bb89b4afbc8585fbed1bbfa3a67521fd6fdf826daf0c42711e41f83d9448aae657e7640b05600f7d6d9d5a9353b2de91e090dbbc,Laurie Edwards,3,finance,manager,True,2025-09-18T00:52:42,2022-06-03T09:33:57,2024-06-15T00:29:38
1487,user1487,jennifer70@example.com,scrypt:32768:8:1$NFas6cYgDS2MLcIE$5091728f87cc7446b08570fa76b4bd3531c2357d6cd16f6978202e151702416dc08a06ff5577a8415d7688ddee22f251ee261e4cf5cac3c166593aec2e1cd545,Emily Ponce,6,finance,user,True,2024-12-18T16:20:20,2023-11-13T15:29:51,2024-11-19T21:28:47
1488,user1488,dbrewer@example.net,scrypt:32768:8:1$Cy6aLZCHTbQfDqoB$84818cc5206c78b11dba5234c8675cc1453d58fa52c2a2008139a399e1fcd59f988899b86a22c892165e4b973f8979041b1f9c0e24e22c36f7bb3394bb30c775,Kimberly Henry,3,admin,manager,False,2025-10-27T15:06:13,2023-12-06T17:08:48,2023-11-04T02:33:23
1489,user1489,williambowman@example.org,scrypt:32768:8:1$umN6AEX4eFWiEAiK$19cb498bc5aea28a14d1a47e1b70c87444d4f8d6d4b404c353bc7b1c7bda9b94f18bf50fb3e3335a3e9f809f00f559e998269c76df4d4d4f010b68cba35a55a5,Leslie Dickerson,6,managers,user,True,2025-10-11T05:29:43,2025-02-09T14:02:39,2025-07-01T04:59:21
1490,user1490,nortonkatelyn@example.org,scrypt:32768:8:1$Rc8P0qNt8D4CX6wy$362ed0b6804ab82412437823dcb5cf9ee5d0c9d371b7345b5f9b8f78d9c55b1517d10fe2abd892473624c45ac801bbaa27bdeb328da2b9cbb5c6591b9baa66a3,Troy Carroll,1,managers,admin,False,2025-02-24T05:23:06,2024-07-02T04:12:05,2024-07-03T21:21:58
1491,user1491,smithandrea@example.com,scrypt:32768:8:1$YjBX8ZGJgYd58loc$586d44f2276a1fcd31edbbef6a12de1129fffc818fb2a68faa5cc9c4e5ac7b4ca3f8c8d0798bfab0b979475e0e1de18bd2e0fe6eddc76a1d16467f4b5ec57f13,Allison Cox,5,staff,manager,True,2025-01-04T20:43:34,2022-09-22T23:17:21,2024-11-09T17:19:34
1492,user1492,dgonzales@example.net,scrypt:32768:8:1$CLRsmTrZQy2VxjYM$22773679ad4de511ae5661a7542b72061ace3650926aec91a5565fb9962bb81db332b51fb95bc2b822fc8ee40745b8c8a5e90a9526e014e7376a7c30d18961ad,Carolyn Richardson,10,managers,manager,True,2024-11-23T10:31:46,2021-12-18T22:34:05,2025-07-06T05:20:25
1493,user1493,oliviabailey@example.com,scrypt:32768:8:1$kR3yMiLD8ANFbS6F$a9c5042d87f5b5fca404e50aedebff4feba39fcb50f29c788aac30eb54d43f9ccb8b3aaacd065564baa98bebcb93f5811c015417b856f5251371ce86a9c208f2,Kelly Nash,1,managers,user,True,2024-12-06T12:48:25,2021-07-23T15:24:53,2024-11-22T05:19:50
1494,user1494,bjones@example.org,scrypt:32768:8:1$Sq01h0KG2lMfGH3d$c97b7bc073abf75df9ce10a3a3b5f46b7db82b6f70a5acec08e4de47e32ca9264fc56f12890f037b864c06ea9362bae063b5df4958bf79c51ab24c8d3af71b58,Robert Roberson,5,admin,manager,True,2025-08-22T10:15:43,2022-03-11T07:46:13,2023-12-24T10:39:46
1495,user1495,apena@example.net,scrypt:32768:8:1$PWyP8WeazBtxQ0nE$abde0e1683101ab4644dc80c58932730a515757758c96a500157568bb9391bf20825af4fb2403ead61bf91a2d5063136e08c1d6cdc085203b8c660526f07f10d,Kenneth Shelton,8,admin,manager,True,2025-01-13T18:35:56,2024-09-01T07:39:59,2024-04-15T12:42:20
1496,user1496,robert85@example.org,scrypt:32768:8:1$gHn0iq3U33C4uczK$c6ef1af90edff7b17f602416081baedd0516f418ef72400b0f8610b1388147ed3366cd17d88cbff6ecb9fa1c2c402fa70cb1cd823c40ecaf5c766709f210b785,Alex Martin,1,finance,manager,True,2025-07-31T15:22:15,2022-05-31T21:41:54,2025-02-23T02:19:39
1497,user1497,martinsusan@example.com,scrypt:32768:8:1$WawoDGYmfyoCrIyA$a585e115ef51ab1ba30519020579dd931f700aea8b9ba04ebdb4f0f0c3d8c10958ab7d8d4e1f564f7752f0ea061b4f61ee63182c926835b6708f326e87d1369f,James Dixon,8,finance,manager,False,2024-11-16T04:08:47,2023-11-03T02:13:43,2025-10-18T18:56:52
1498,user1498,yburgess@example.org,scrypt:32768:8:1$XEz2oBBl1BkYZ0NP$e09f37b28fc8a9d74c7b9c2b7f762b7b59b4bc78506e41f8f6ed59727a31fa358e27cc03b7d15913cc753cb6b5241a543fd0a69660f1629c0c4d5f399f5226e2,Heather Sanchez,1,managers,user,True,2025-10-08T21:41:31,2022-11-22T12:45:28,2025-03-02T18:30:02
1499,user1499,vspears@example.net,scrypt:32768:8:1$ICIvJ8F2Hc8n9xzR$f43a5c289fba9fbe5d77abe0b17b053b41d30b50966aa00bbb424a88ccfb28720674917a28775ab78e03e13344d50cde757fd151b7259207adaf71b82a7a9d32,Kenneth Bean,8,managers,user,True,2025-01-17T17:21:50,2021-11-17T17:23:40,2024-08-31T18:57:52
1500,user1500,moorerenee@example.com,scrypt:32768:8:1$5iM7d3Vt8HrorPfp$f7eed65b6c3c4ea70cfaaf488323eecf44d4e8442e8441766586d32c3057eb7768122f03ec7008654fa7020221a172715bbd1eb2e9cc7341dced48e201ded9be,Andrea Williams,4,admin,user,True,2025-02-20T03:25:01,2022-01-02T12:41:29,2025-05-25T16:19:59
1501,user1501,zunigajessica@example.org,scrypt:32768:8:1$Hf6kPKG6rfWg6q1x$1428285e924f0dc8a617dbb08b83b500576e21b3a2163d3c3eab7142e9a3c37ed7312c7a4536bb168ca5be8bb8b82b318b2702379f7b7693caaffb4b44866d33,Charles Zamora,10,finance,admin,True,2025-04-19T21:31:02,2022-03-24T03:32:44,2024-10-11T04:45:53
1502,user1502,dennis07@example.org,scrypt:32768:8:1$wyF52RLOcEr6HAxS$9f00a697498fbfd25aae81e90f56c0d9eb35436ecbb05c849ccbe255d01c5f362467a9014148ad9a4b54317d9e2f2796ad3ccc1909c4d0c5b60b818d8e16f09b,Stephen Johnson,10,admin,admin,True,2025-09-18T14:34:40,2025-07-25T22:32:41,2025-05-24T08:17:00
1503,user1503,rodriguezmarvin@example.com,scrypt:32768:8:1$ApNU9nehzHgSfXXp$d2260b4c8be70a7d3fac822373d96e7a50dd665134c4ce8952f77f2833a8e09d5d078bcf2d80c464f1022c6ceb81f2b186d0662f172a23103f3c1c5690f044e9,Joseph Burton,1,finance,user,True,2025-07-24T16:00:59,2021-08-19T07:49:13,2024-03-11T09:25:59
1504,user1504,ricepatrick@example.com,scrypt:32768:8:1$iilmFrlcWpS25I0f$df0a79e89038088623c412912ee2375aafaa66c4d25c0068029938d80ae1a65328df549fff3f7d3228a625be304460f2b6ebe90ed401bed0a8c6747ec3816f8d,Bryan Wiley,8,staff,admin,True,2025-04-16T00:43:31,2022-01-09T12:02:29,2025-07-22T18:18:16
1505,user1505,jessica21@example.net,scrypt:32768:8:1$HTwtr2NNsjutT2JT$a1211e86a9b41bb80cc4c9c5678a71fe43bc78eef6de95d11d7b551a9dfd4b3b44987bbd75ca6e4157d0db39cc1ccc4155a6701a7b7db735737df626bba56966,Laura Carter,5,managers,admin,False,2025-07-03T14:41:29,2023-09-27T05:56:18,2024-05-06T21:41:04
1506,user1506,james46@example.net,scrypt:32768:8:1$DpRm3qfD7IWQI0Rn$642e9f91e3bd05752d9755166d93a468861d2bf777d37ca9b97dd37e398414ff0a828c4e846da49cc1abf988d41a8b7ab68fe2192934e74982721724b4227c63,Katherine Barr,6,managers,manager,True,2025-09-01T19:29:32,2021-08-28T16:04:36,2023-12-02T22:11:51
1507,user1507,yedwards@example.org,scrypt:32768:8:1$gIxCZ9JO6YPt99LZ$6d98e1d3a68b0889d3e1f434693344e2ed49729b474f0f5ea09f5f48c0e69babbd3c3a0d67d7039399a918644b5598e5ba3024c12f26e2ebcfc7f164863d33a1,Walter Allen,1,finance,admin,True,2025-06-10T12:45:41,2024-09-20T13:15:12,2025-07-24T11:41:30
1508,user1508,thomasscott@example.net,scrypt:32768:8:1$Lhc4gpdxmlOd7gU7$3f4df43cedf0697fcf61878555e7a9ca8bb602c41a66dc659a3d9c63d3e41da42aa678393c68a414b25cbc876575fd07ab35063e0eeeb5c9bb2b0c65c3ee9ea4,Dennis Smith,8,managers,admin,True,2025-09-09T17:06:04,2022-08-15T07:53:30,2024-12-07T23:50:19
1509,user1509,erin85@example.com,scrypt:32768:8:1$MWcDk4ggmWYZUUtC$e1537ff30d11c1e522bfec4b3ddd6e48b35e8bc4ed6c153adb2b202c25a66677b65565f9fe4e156abe034470f26587bc601dfbcb67d01b32e82d3de36b972d53,David George,8,staff,manager,True,2024-12-27T04:13:28,2021-04-25T20:23:41,2024-12-31T11:49:06
1510,user1510,fdaniel@example.com,scrypt:32768:8:1$qyzNfNDkfBNICB0n$9139621c756d9147dc9ce98f27dc62a043e674bab758a635544752868e45be7a363b4d02f8ba890a0b9448c17e7295057e54bc700d682377912b755a56f8c78b,Jeffrey Levy,6,admin,manager,True,2025-08-05T15:35:32,2022-01-15T21:32:49,2024-10-27T07:17:29
1511,user1511,tarroyo@example.net,scrypt:32768:8:1$J1glzwZwwqGZV7RO$7ad389b709bd8da10c10343beea7e9766c7c624b8eee57ec34ce9309165e0f0d0d225dedec1851bb730b52ec8b591096a57ed4a6e9cffcc42548fb3f27170758,Samantha Sullivan,7,finance,admin,True,2025-04-19T01:13:39,2024-06-07T18:03:49,2024-12-24T20:01:03
1512,user1512,hunter28@example.com,scrypt:32768:8:1$Uh1PS7zMrEG20vAg$f37e2699a8f1cc3812e9cea93817ef21444ff012045a1df8f2fca4edfe39cc295a928aa3d687ac7a48ad038c0294a54133f630202c8f0cfe5aef0c07c32c0437,Russell Mcdaniel Jr.,5,admin,admin,True,2025-08-20T15:27:01,2021-03-05T06:52:36,2024-11-06T07:07:35
1513,user1513,dboyd@example.net,scrypt:32768:8:1$ETVqvCO80jBJehUP$9903576a73678f25ec656bae01cd1329d8fbdafd0af7e7a52326036cefad0374029f00cc7895c257f98adddd1784dd0fc0b8f9dff5fab0a5585362104f0ccdc9,Teresa Moore,9,managers,admin,False,2025-06-08T19:21:51,2025-05-10T20:01:45,2024-02-26T22:12:19
1514,user1514,ricardo42@example.org,scrypt:32768:8:1$84WYnMXE5YSjLhGe$da88423f3c6ed9edaeabdc6258d40914bec0386a9fb3788bf2c13d62563f49e553a9dbcfa7e18e623d6c90e6c60ddd8084a1b0d0d529cf0a11731b0b4db29ccc,Jennifer Perez,2,staff,admin,False,2025-10-04T10:05:49,2025-01-09T02:21:50,2023-11-17T13:09:59
1515,user1515,brownpatrick@example.org,scrypt:32768:8:1$2pPSavBBK5O0Ky33$c9d80361598f545f2696f0c5b697e6cec27266069101c5d7878dc52fc517f58e8102bbe725f8195d147e670e6ff2584b843c9d5e5ffe3c294ac47c6cbbebca49,Kenneth Ortiz,2,finance,user,True,2025-01-02T08:17:27,2024-03-19T18:20:37,2025-10-09T13:58:13
1516,user1516,wendy10@example.net,scrypt:32768:8:1$xiJnSjHFQWvjwPFL$d2f13e8eba81d4843e430e327d5c273c11971cede3e5e72153f2a2224bfcda9841a41f757bdbaf6ccd8fcbe6289c0824e68cfcb62570504b973121b3c45c1e48,Whitney Mosley,1,admin,admin,True,2025-08-11T06:22:04,2024-10-20T17:33:23,2024-08-16T11:16:50
1517,user1517,brent31@example.com,scrypt:32768:8:1$DJDopfdKPlWANrdc$0ab7ec35696682cd5a51f2b42952116f40c6828530d3940e8f6dac8ad3b11565eaf25885612d9ab44033480a7f2d3b0bed9be5ff864a3e63c636087a425cab83,Victor Garrett,10,staff,user,True,2025-05-29T20:38:36,2021-04-06T17:04:01,2024-06-08T23:40:47
1518,user1518,seth55@example.org,scrypt:32768:8:1$5WQ641TVBKJ69gbp$d62dd7a7a59621b0097e8f0a96e202d0a3f2d5408547157093096040f35d4d0f059eeb376c487dd72ed3186eed9179d426d04bab692d928cfb73b8bd0127b4a3,David Boone,1,admin,manager,False,2025-10-14T03:16:41,2022-07-31T11:34:59,2024-03-25T19:04:05
1519,user1519,hooperrobert@example.com,scrypt:32768:8:1$tPahSnCZ6HBjd0vU$6a7847acadd79a52766ad843ff24e5fb510e2cb5f16a57b7640fc751dee9a7ec4273d9ae0aa10377d1513e48d5c607e243bfedae9cb0c633b6fc43a26f62c3ed,Linda King,3,managers,admin,True,2025-04-22T16:35:39,2024-01-08T00:51:26,2025-02-03T16:18:51
1520,user1520,dwaynemeyer@example.net,scrypt:32768:8:1$RMFeHrfqwVmi4LxO$2922c0607b54c8f157fd91b77caec71444e4706f80acdd507e229ea8b383f4dc694b65fe355921a158ab4b791a4e71853b5f25fbe186d089121cfcace52486c7,Holly Li,3,admin,admin,True,2025-01-09T08:22:16,2023-08-02T02:15:24,2024-07-27T21:09:57
1521,user1521,griffinkyle@example.net,scrypt:32768:8:1$ZeUhyrjnJbeP3LjQ$f5fabcaaad00309c61ccd75e6935694b4a3b4135bb4fc991de1f4034ca8e1396b37ddca487be784cb0e8537fb28f98fda37a32d9e6e3b9a0ee609a1845c0f716,Dr. Sandra Johnson,6,managers,admin,True,2025-02-05T09:30:14,2022-02-21T05:41:35,2024-11-03T19:25:09
1522,user1522,amyhodge@example.net,scrypt:32768:8:1$8BicWclvIDBtKLbE$cf7c8262b772e17d9006761dedea2171fe630f4d1970d24afe822ea85cf859ff1d56aa1dea5a7726d374f4a8505f81ceba0c5a4468b573f07f07abd8d19f6817,Terri Ward,2,managers,user,True,2025-08-28T01:14:07,2022-08-05T12:31:27,2024-02-22T07:33:51
1523,user1523,anthony17@example.org,scrypt:32768:8:1$jkaoQU0vnGst835K$cb54c504b0013adbd027504a32a060fd869af151309eeab803a6a569fcd61cacba11a00cd8e38cd9b59301a0e947a1c8ae9b68eaf498ed3fd5780bae9fcd61ba,Penny Mcconnell,10,admin,user,True,2024-12-02T00:34:43,2022-12-09T01:41:25,2024-04-29T01:23:08
1524,user1524,jesse77@example.net,scrypt:32768:8:1$WWxhhEht3TG7hxdX$93fdbdf9e5d91a362cc502efddc0a70c9060bb5e14804348b4463d14484c1abed2abfdb4014786db769ea1e40a07e8266acd2c31fe8fd1e76e554038711b8ccb,Kevin Ruiz,2,finance,manager,False,2025-03-19T02:30:48,2024-02-09T15:30:44,2025-02-16T19:46:52
1525,user1525,andrea86@example.org,scrypt:32768:8:1$OoJNweie14LnlAxC$49b5d7f841988e548fb572e5218e4c516115a9681b7577cdd5023a3a780d0b618904e6a5d083647221890c3adcada27b24457a831b97f64b29f25d33fe696337,Raymond Estes,9,managers,user,True,2025-07-25T11:19:56,2025-03-22T00:04:01,2023-12-24T00:21:28
1526,user1526,anthonykhan@example.com,scrypt:32768:8:1$lkfZPGnUZQwfw81Q$8f1d1c66b4152a6b77afda0a9e4a0b427f34a844e118efaa68d73d311d149229f780575379442f6888a7367129599812575104e3e8334081651bef324a8042fd,Holly Montgomery,6,staff,manager,True,2025-08-19T09:22:52,2022-05-02T07:36:02,2025-05-04T00:28:36
1527,user1527,rkelly@example.net,scrypt:32768:8:1$X46HfBIPNjdCBqpB$5d20731d5641445802507d219e20bbd5a28d839b5105d1f972f7ef2ed6fcd79cc211d11bb710de03e8df9f3fe858c4930c2d8ff7f17e54de29c3c6f0eb6e3f1e,Benjamin Marshall,5,staff,user,True,2025-09-16T14:26:57,2023-10-07T17:35:44,2024-03-05T22:48:08
1528,user1528,vsnyder@example.net,scrypt:32768:8:1$F0KI3KxsZQAsKUud$dabdf5b616b2e1703ba6862a34de2a35c903da167cdd2c52a50ca265e7361df09d08e3abd3e703861bd1a708c62ab349bf8cb69644d9cee4f4edecdf67f29a6b,Jeffery Swanson,9,finance,admin,True,2025-09-19T04:32:40,2023-08-24T18:32:35,2024-03-08T06:38:49
1529,user1529,granttyler@example.org,scrypt:32768:8:1$w1EznIF8ioAnNQl8$867c1297d816971b2b65003380fe3880bf68a3a44faed25e0f5a622df8a637649ee0bba9eb72e9297a9d27472c5b98d9a03d49f5377d8e4789a964392b6aae41,Michelle Pham,1,staff,admin,False,2025-06-26T18:53:38,2022-12-19T10:50:31,2025-06-24T19:56:34
1530,user1530,pattonanthony@example.org,scrypt:32768:8:1$idkrruB2eQXLpTXA$be0dbc3fc7bc60fc9f61e49b7637e07d0140b6e259ec02af043b06d715c93ababb26a1bf57520c8764da3802b8497f3e6b42ff37b03fa902ed013cb40a44c259,Thomas Henry,4,staff,admin,True,2025-07-31T00:23:30,2025-06-05T18:50:34,2024-09-03T07:12:12
1531,user1531,jesus15@example.net,scrypt:32768:8:1$gLayDP3IQy31kKEx$327949de028a34c20f9a6bfbef3f0dc9c9a3ec77ed0a4ebca0b5faca1fb85c80811fc7352c9665821feb48da976576f6fa64bdccc7ee80b86ab00754f6eebcbc,Jacqueline Brown,8,finance,user,True,2025-06-26T04:05:27,2025-09-27T10:19:18,2024-02-03T18:32:54
1532,user1532,bowenpaul@example.org,scrypt:32768:8:1$OvJWlKgrCWVA4Sz6$db8e077742e5f86d7d6a4d84a2e36462a13781a432a14878f2476ac1dded4a46317d56494e6a68fe968cf5eb5c124b18b1f96485540b5bfabcd34595890d0c53,Matthew Miller,5,admin,manager,True,2025-10-24T10:31:17,2022-09-15T20:18:30,2025-10-11T04:38:26
1533,user1533,troy65@example.net,scrypt:32768:8:1$i1hpiTUxbzqqgx76$baf5f646701296cb2a42e73960b15160a7a8af0614a6226df531bafa15623f8ad31a68785f4cc9e11f1ea2a9409d55c6e395e3c0470d642bcbd01e8c90225df0,Thomas Gonzalez,1,managers,admin,False,2025-06-03T17:12:26,2022-06-29T13:12:10,2024-07-29T10:09:12
1534,user1534,merritthannah@example.com,scrypt:32768:8:1$YT6hLRATWqsZnJGH$f40a33ff5bf3304dedea28a5913dd5f9e25adfd0a5fe17fd41d12cf7a6bec7d949282c445c120325fcf1e91242c5a0170d43dd99a0f9212576b73224ad10c603,Michael Rivera,4,managers,manager,True,2025-10-07T03:18:35,2022-06-13T06:21:07,2025-02-14T18:08:56
1535,user1535,whogan@example.com,scrypt:32768:8:1$D64ja382oEggZdzV$05434d9c297189c8191cc1868b315204b8832374961e31c08a59be652da86ea65229120675210e9b7ca9d4a756be0cb0d9cd7a0bf6cd4c06ca5a078b5e8dc3f6,Scott Bailey,3,staff,user,True,2025-07-08T15:26:36,2021-08-07T22:01:03,2023-12-15T15:53:35
1536,user1536,jessica79@example.com,scrypt:32768:8:1$5UuQcUQ43hVFClBp$7fab80e3b45868bc9821191ab638d6e85e0c6b0c5631ed74f414cee49760b6e6b3decc7548d56276aceb4910b9129e65ff91e90e9ddb2e1901f0230c436ec919,Maria Nicholson,2,finance,manager,True,2025-03-28T16:01:15,2023-11-27T03:01:49,2024-06-09T07:50:01
1537,user1537,bramirez@example.org,scrypt:32768:8:1$EZiFDzRbkkr8XYfb$2e25f3c07d39749fba7b8111f8763c9eeb10193d0f8cea8212edffafbdc6fec63daead181f35c506ee4db3e8e4ffda5a219af7a57cde4d9274ddc2f5f8a3a508,Troy Hughes,1,finance,admin,True,2025-07-02T00:16:48,2022-03-16T19:59:43,2025-07-18T16:38:23
1538,user1538,gonzalespamela@example.org,scrypt:32768:8:1$mLY76I61MIrqlZSC$68076ef81a048146ab7280f6ec992ade6c65944fd982016bc982b8042da92abf8bfdb417660dff291a7a03fe6cb50e71a19b6f2e1ad50a1ca2fbd116e7da01f3,Colleen Henry,6,finance,admin,True,2025-05-25T13:22:38,2024-01-16T11:54:54,2024-07-20T08:41:26
1539,user1539,lgood@example.org,scrypt:32768:8:1$CBNwB50KmuKePz3S$6cea6542201e2e3e510c679b76013db47010470a646eb41390dfb484ee874095f21fc9a45b92ea2a445ff1bf4e318a16cd54e221331cbf70815d36bf7b35f873,Joseph Young,10,finance,admin,True,2025-07-23T03:23:51,2022-03-28T10:15:58,2024-09-29T03:14:39
1540,user1540,raymond51@example.net,scrypt:32768:8:1$v9IPUI7Uw1v9N97s$e46531552d4fa65871524a53a03935792adc9e1212fbc8032020215461e6d8f6480d4c34494a839699b85e8b94ca275e48da3117d4aba8c0f27ad0d25f7c9ae3,James Lewis,4,admin,manager,True,2025-10-06T02:25:28,2024-09-09T14:49:24,2025-07-23T14:07:55
1541,user1541,robertclark@example.org,scrypt:32768:8:1$7BpoVode78IUVrUF$83d889ec3f6e14d06717f898d8c7acbb9506919f374a5f731f1fa6a6903d7a8fe6c06258890f3b715d052f34dbed6a934846d62783c25d91c9ba17dc7cc1d167,Michael Mullins,7,managers,admin,True,2024-11-23T10:02:54,2024-09-23T18:11:36,2024-10-09T19:56:21
1542,user1542,cmiller@example.org,scrypt:32768:8:1$oY0DBj8bqQMmqkEa$4049ee3dae4c60ebd5423bfc7c9e77c47f88230779606410c8add9ab3edd176630dbf65150d08ac5a4c01894f5ec65cf39cd8d41e6d7ae7d4fa3c4e65794b346,Alexis Mcknight,3,managers,admin,True,2025-03-27T07:09:57,2025-10-09T00:02:35,2024-05-21T14:13:10
1543,user1543,hbridges@example.org,scrypt:32768:8:1$PXUHPS5yjl5q6vYK$e0d62c7170bb46e015a8131c62e3e4d4646993be942d49e724ebd3c2b06e5003ac6d74d91270856ae71b77244e53c95bd396992631ed5ba2dca965c612f33f01,Justin Allen,2,admin,manager,True,2025-03-18T11:23:59,2022-05-15T23:19:10,2025-01-09T04:54:12
1544,user1544,rosemargaret@example.com,scrypt:32768:8:1$Lv3wksmHfzTyTFj0$063323bcb094ec554bedbc4fc7722ea7619ea802b0726fcd0b6855bcfe9e2a9a33453f9de00ae07b6127ca20c6bbe7e73c020d6d5480c3974d4065948bd13859,Amanda Winters,6,admin,manager,False,2024-11-23T17:07:41,2023-11-05T00:23:14,2025-05-11T10:35:50
1545,user1545,dakotawoods@example.com,scrypt:32768:8:1$v5Aw25UmpphozOIr$626894160948e658549487d524cd0f31a8f3de7be6acf9027d6c20a9e917dd9ba7dd9891cc7e24da77431ec7576e715944717fa7b681117c4863b285f52afeac,Amanda Carey,10,admin,user,True,2024-12-03T06:53:03,2021-08-26T07:26:36,2024-05-28T20:43:43
1546,user1546,nwalsh@example.com,scrypt:32768:8:1$DPlCvYvOwfU1vYVc$4bf683f282fca1d181326970e584554b14f2c203cffc534516d407082dd5ec9c6679d16866249c8b8e1fcc45ccbd5ed29e43e20e34829ac43f1e9aa19c3875cd,Stacey Allen,8,admin,admin,False,2024-12-11T17:22:21,2025-10-02T01:20:08,2025-03-29T09:59:01
1547,user1547,johnsonmeagan@example.com,scrypt:32768:8:1$jpdtZ9JbGWKCmQty$b670b2f56666d1880ac2c5c1c48c94cf700e50d7f8c7fe82826a903c4abb989715ac48f88947702b4ca03b4f3560551ccb7f3428d31ed159f0762e5ddca6fb54,Kevin Rodriguez,1,finance,manager,True,2025-05-03T12:52:18,2024-08-20T00:27:37,2025-10-25T21:49:35
1548,user1548,cruzstephanie@example.com,scrypt:32768:8:1$KRoAlSdTZFSjPkPj$c3c2265f579874de7a52441f285d019ec72916781076e3f86725dda02d3ca75617ed406b6ba57e5888872f1f836f67f03c473c0b06b8ed8acd81731d6a4abf01,Jeremy Peters,8,staff,manager,False,2025-06-23T11:29:55,2025-04-18T16:40:41,2024-07-24T11:40:50
1549,user1549,iroy@example.org,scrypt:32768:8:1$27IP9thDs1yCD2fv$a56266577eb6064bd4a4099bd741497169ac0988e25509eb63277ea13066cfd25a1832cdbc3d6a8c04f6b9a3781fe6d1b2ed783d1537b34e02cee08db443bc20,Dr. Anthony Peterson DVM,4,admin,manager,True,2025-09-01T06:27:27,2020-12-16T15:51:24,2024-09-05T16:51:18
1550,user1550,aporter@example.org,scrypt:32768:8:1$EAy6ursh6bmXZytr$03c0fc9e31bdbd98855b25de2adbe9435b0e1d7eb337cab2b0047a1b97d4ad8aec75a376be57bfee74e94282cb42cb173f7fb2a774d9a2deaf98d98d9a006f30,Robert Harrell,9,staff,manager,False,2025-10-04T21:41:04,2024-11-02T07:52:02,2023-11-16T13:55:56
1551,user1551,jennifer93@example.net,scrypt:32768:8:1$61ajmgOaL6tCvjVZ$2ac59f717cca8968c4247c6202f37a564e75c5787932d207aa1556aa7682875b656fe8426d487e3177903bfac9eea9d163319e580f98d52628ee9c125e5c5fa1,Timothy Hanson,10,finance,manager,True,2024-11-24T15:03:03,2025-08-22T17:45:08,2024-05-20T06:44:03
1552,user1552,ghunt@example.net,scrypt:32768:8:1$1lYwslKZs8IOcdeT$b882e3c7e6d5612931b95e10193b8dd915893ff664de877fd00b46e32fc636641ce06397dfb0b9c2969dc3e504f2f5d5eaf7bf859d16de7916ad194e88a7bdd3,Tammy Sandoval,1,finance,manager,True,2025-09-25T01:35:06,2023-10-10T14:08:36,2024-02-23T12:04:17
1553,user1553,lynchemily@example.net,scrypt:32768:8:1$wH2CmXQ3WJ6IYqYP$61585a812aa2117ff0609003ff91a20d1dfc3d0fe0175f3311539e9b74482fd7858c11014ac2f0303bb317ddd537fd292c77e38844505583a5fc23f40d6bc53c,Mike Jackson,9,finance,manager,True,2025-04-13T21:46:52,2025-05-17T01:06:54,2024-01-24T19:13:45
1554,user1554,dylan69@example.org,scrypt:32768:8:1$UdMV2ILO8olM6LK3$614df184418b639eb97aa89ada8b560d24a85ed36a107c451f97f0cb0a33f06f5d459ff92d2be1d3bfa5a4b81433faa543998a90cf26deb91cad39352d48384b,Nancy Smith,6,staff,manager,True,2025-03-07T07:05:40,2024-07-14T06:22:26,2024-11-17T20:55:20
1555,user1555,kmartinez@example.net,scrypt:32768:8:1$L3h7JtsZsrNOCVT1$ac0b3c422b0f05138222ecc5458f05c7b8a2d608086862e13aec18aed88b1ce19b17d25605fc536239216c0e123a5e3dfa80455a8a67ff3d9e8e8362b443a998,Stephanie Williams,6,managers,admin,False,2025-01-03T17:17:07,2023-08-14T16:19:18,2025-02-08T12:27:04
1556,user1556,qvaughn@example.net,scrypt:32768:8:1$2kuAyRPY9wZOl7Jz$25a8983b6ce85130e08ed681d41ac4545730ec96b4df27e2a9f712dbdd09e4d543a747c3d3ec65617904d640cbaa1829336cb2ae994d00330793fbdde8d1bd4c,Scott Nguyen,6,admin,user,False,2025-10-19T18:01:43,2021-06-15T08:08:54,2024-08-17T19:50:05
1557,user1557,elijah27@example.org,scrypt:32768:8:1$G5RiC5Awgmv6F8un$c5aee89d529413467e8e626b9207e4ac5fcd6597ca61cd3e8040fe8ba102b93133e9afc8d7274d094cec98c7ab094a59e1820f58db989bcb42c8eb2ce1461a38,Derek Miller,6,admin,manager,True,2025-06-11T13:26:12,2022-06-18T17:21:22,2025-08-16T11:21:16
1558,user1558,bishopkelly@example.com,scrypt:32768:8:1$3hp6pdd3h9wvXcvP$e42a5467fad8199d946ee42c0ad9502830e5c64ffec0a3d511a7d3146c78ef955d2fd7d208dc3300080eb7adda622d16dc46c6864a6d12f1794b0033afd7285e,Jeffrey Greer,10,finance,manager,False,2024-11-28T17:30:38,2023-08-31T06:11:45,2024-01-31T09:01:40
1559,user1559,wayne08@example.org,scrypt:32768:8:1$rRRg3x0N6wWanZfi$2304883d49c6a53f2b32172d458892c3696fd54265675288dc55cd1b7481877a02c1723818a238bd06d86d3c5f56df30bacf73e36efcc587add0297a1934401e,Brian Nicholson,1,staff,user,True,2025-03-04T20:35:01,2023-10-20T04:46:06,2024-03-27T15:55:40
1560,user1560,bonnie99@example.org,scrypt:32768:8:1$XcqEPO7AsHoMrsJR$ddf25c3fe076ffb9e32890a4ad85781f30b9d4c17a9f6c6d707cd95d35b86939eb8bd30a395053474fc041137993cc1accb2efc02d012b07333fb13e6958c860,Jacqueline Garcia,6,finance,manager,True,2025-06-25T21:36:50,2025-10-15T10:44:06,2025-02-02T17:47:03
1561,user1561,joshuagrimes@example.org,scrypt:32768:8:1$NQcfNjLe06X6gfMc$e29874f5a76950b5607ad89dbead264cfaf19c77eb5b88ab4de2aee7df6c0a064eb3a90f6c69fae194476f2e1781848ad4013e66ee2c87a1a5b03484cc0bb343,Jeffrey Alvarez,10,finance,manager,False,2025-02-22T17:26:42,2021-07-13T14:09:26,2024-09-14T13:36:21
1562,user1562,williamjohnson@example.com,scrypt:32768:8:1$OJScHoMruv39ob5y$fc47c4c424b752aa0bb4dbce85f1d4e9e7961cfe95dd00e29cf7ba3c3cf104f3ab492493ec0f7417ab3fcb1d35b2be3330886eb1f3b7e7fb5bf64754437880de,Jason Villa,10,finance,user,True,2025-05-11T16:07:16,2024-05-16T15:29:20,2024-01-09T04:12:41
1563,user1563,robert91@example.com,scrypt:32768:8:1$QbZ4N2ZCgDpGVhBb$b279f8fc28ad7842eeb245fcc564735a6f1d94b1acbf639f50712b714ebfc7f13f9a6a0b8084cbf9195580998ec51b0df3cd8a7cf39ebeb72b71fd9434de02ea,Stephen Carr,7,finance,manager,True,2025-05-23T18:31:48,2021-12-13T18:39:36,2023-12-26T00:39:03
1564,user1564,donaldcastillo@example.com,scrypt:32768:8:1$uo252aU4hAgJb9u7$586b9217971cebdfaca9546202a63d2f44bcc3e2968184e33f5e4807d0fb937dfb4dc164bc8967bffb01c8fc5147f4d05b08f8ea2d593284ffae8a8cc383a3c9,Marissa Shaw,3,finance,admin,True,2025-02-24T07:10:46,2023-08-25T23:48:47,2025-06-06T10:58:29
1565,user1565,amandalarson@example.org,scrypt:32768:8:1$jcH0WnFv620wCzFm$179d77d39eb0cda69603680aee8a3d408a9ff99452588674f6872e4f98a880a4dfa9e7ddac51b1f11dd6cd0f7428e00cb6a88c55ca2b6ecc3ea6699ac1d09352,Julia Flores,5,staff,admin,True,2025-03-20T05:06:31,2021-10-19T20:58:58,2023-11-25T18:18:11
1566,user1566,caseymichael@example.com,scrypt:32768:8:1$8tlvrRUZiHIDrGBh$df22aec6c1ef185f867d06d031572a4edd0382c71b21d91ecdb9cb2beb49743ecc361b523bc95a6f8279e247eb6444b188e3c4c2b8407e373ba31c7ab9296195,Dr. Jenna Ellis,6,staff,manager,True,2025-03-31T21:47:00,2021-08-29T14:19:11,2024-08-12T10:11:45
1567,user1567,ubrown@example.com,scrypt:32768:8:1$B3QY6mLo5dEMjEy7$6c624721460575fcde16ad7209b110c8387bda975f6463e24e8a18aa22edeff33ea7beecb79849e411a3a38bd0b832141df2a425d2de7cb8cf79a89e9e96cf21,Robert Hughes,5,managers,user,True,2025-03-09T08:30:09,2024-01-24T06:45:52,2025-01-24T13:50:24
1568,user1568,nicole64@example.net,scrypt:32768:8:1$F94tUvfm6xx4sCS0$6375ce9c5ea34031e0ad72ea66a9c757cb2451549de3c0b1536e1ee264170f63bb09d94944778ba0570ec7cbc2844d3d3d3a7df48a060132e62c3314e18329d8,Shelby Berry,7,admin,manager,True,2025-03-27T18:15:45,2024-06-03T21:14:55,2024-08-04T03:47:13
1569,user1569,imartin@example.net,scrypt:32768:8:1$Euf72KcVYJ1RGPhs$22b4a0d86c920991e4844521acda34eec0f6599628e1aafd7e2e156eed8f2604414d660ea99411cab1e55caf6427b7c35e4377c38c4a243323e6f705cef20385,Gary Brown,6,managers,admin,True,2025-05-23T19:31:53,2023-12-10T00:52:30,2025-03-23T08:35:40
1570,user1570,eclark@example.org,scrypt:32768:8:1$Qc5HmLsie9mzLXN1$daec7b332399eddc0d3594463a78c482867626c1a12d4e7046b7ff99ba619a0b4a5623b0fc4c3f671a813f42d2e0a312935b5ac1c1627d165cbce9ba5a6a3f83,Debra Morton,8,admin,manager,False,2025-08-08T17:29:17,2024-02-03T01:46:47,2025-06-11T04:53:30
1571,user1571,kirkmelissa@example.org,scrypt:32768:8:1$dFUbzajGlNAKwRYs$fade33986c9b6ea46b39ad87ba1e2b850902cb9d1c6bf18a8f220be29d172a683d04f9d431ca49f34cd6be718e022a6c2c0565f1c4bcb13ba6a542577e911f97,Anita Lawson,1,admin,manager,False,2025-01-10T11:35:00,2024-01-04T08:58:30,2025-10-06T04:07:03
1572,user1572,henrykevin@example.com,scrypt:32768:8:1$nxytNreWsFFOelYN$1bc01e332100d8c783d770222573c00db4191de3129d470a103ef7f8aab0beb8440b73a39a5330ba592bf3c70cbca07dbe5c723532bfe1357cf26de7016828bc,Wendy Valencia,9,staff,user,True,2025-04-24T21:19:11,2025-05-29T17:55:01,2024-11-08T05:28:46
1573,user1573,mario08@example.net,scrypt:32768:8:1$hyCQvjhkcIctyLJX$075bd30d3b686f1c0a2eda9e0d0b3f7491f6d664cfb66a8acb622169f7e5882c5495be430ae3e8104a6eb2fbff63146bfba830803ae06ed75155e8c26cefd9ac,Gail Miller,2,managers,manager,True,2025-07-31T01:37:05,2023-07-25T05:09:44,2024-08-05T11:19:33
1574,user1574,judy32@example.net,scrypt:32768:8:1$knkPTwhJWQKZPjws$00b329eb8d89152eaa5f7daf6daf6590e630d3c44bd3b2136f7fc2559c66c2458565de1b1c39cf9a2e0031255c0f83e4390a87994ae77cfc89b96138d4d7a82c,Anna Stevens,4,admin,manager,True,2024-12-08T18:00:05,2022-03-31T01:49:47,2023-12-28T10:51:43
1575,user1575,christinaramirez@example.com,scrypt:32768:8:1$UyCc6hJFik7kT5pj$71b3e9b5c3215b1ace957c51fcf006546e6934a33320054c975f1cc8ac99bb74760d17ca2ab0f105ecf8a54b6ed4613236d7add55ff97fb58b759e2093c56589,Stephanie Jones,10,managers,admin,False,2025-07-13T18:50:46,2022-12-11T18:32:43,2024-04-16T22:54:30
1576,user1576,hwells@example.org,scrypt:32768:8:1$DNjgEuxj5I0RIYyF$4bfba4be1da5ee10338baa7c193dcd34add2f8710419ae404aa4b9f5a18bbcf4e35fc255dc6e955fecb818dfca02d64f63745ac93c1f6047f1df72c6da3824dc,Courtney Watts,6,staff,manager,True,2025-04-18T04:09:58,2022-06-08T16:06:25,2025-05-25T17:47:25
1577,user1577,loricordova@example.com,scrypt:32768:8:1$ZdjrGMBBThEKypOb$c011bb01f9672d913f6a681b3a3fef69a4950a5534b9946e9225244b4936b08beecadbd7f28425a65e455f4d29057dcddfd21c68dc0709d64d728db3b46defd0,Amy Pena,3,managers,admin,True,2025-06-19T04:59:46,2023-03-01T15:24:18,2024-11-28T18:12:40
1578,user1578,christinawallace@example.org,scrypt:32768:8:1$iXTmzQhlPdY2qPj7$46b209c9919059fd0b6c488bf73e3ba261d54dadce680629c39980a57a7a380cb5453c90089d8d8c636f3b86f1cc585ed4b55df5d6ea57c90c33db79344511f8,Jared Austin,1,staff,user,True,2024-11-03T19:22:41,2022-08-23T18:22:10,2025-03-25T15:46:11
1579,user1579,russopaul@example.net,scrypt:32768:8:1$f8RNluhuzVo6u5RQ$523dbb5d3a6d3fac0fd27fd760382d2b37bd51543cde1b8aabaf990e121120da1e2c680775fb12ca18672ce9bb4ca310ec2761c013837e85096587d379300276,Rebecca Clark,1,admin,manager,True,2025-02-20T03:31:13,2022-06-22T02:09:57,2025-02-03T00:42:24
1580,user1580,xweiss@example.org,scrypt:32768:8:1$IPdlZoefPYTyyi91$9c9edc5e322d17b3c077443f09d53833c371b2ef63c572f3f582d0f6bb88687bf14a51c01b119c247e0a73813e3ad4b63b4116f169d5685386f328217fa593e7,Kyle Martin,1,finance,admin,True,2024-12-21T18:26:16,2022-04-03T19:41:24,2025-08-11T04:43:33
1581,user1581,coxdustin@example.net,scrypt:32768:8:1$7zXVKyp9tw30Q6Xj$6ee7de1f17f26fca29873d6290fa4945d9cb4562e9c52cb0aaf3c3ebd1efd8d06accea44bec993bd4593dc3f755268ac8c842cdaa12f0edb5ecadfad49d36277,Edward Duran,3,finance,manager,True,2025-08-05T16:32:32,2022-05-11T12:45:02,2025-06-01T13:21:36
1582,user1582,alexander26@example.org,scrypt:32768:8:1$FUupIkfOZ6wEJUss$71c7e3232b1cf232d1491fbe66340bb5542278666a98984ae5c1b9f175220c55f512f73d1e62cc25179dc82576f10296fecb35e7fe5f3e6b24d5eed6c3b50b64,Mark Bridges,1,staff,user,True,2025-10-18T21:46:16,2025-06-23T19:17:49,2025-03-09T03:56:05
1583,user1583,tvazquez@example.com,scrypt:32768:8:1$eHw9maMeJ7MA8PFY$1cdded3d3c0dd47c7f904993e8bf834ef623f74097dc98f503ac01f54568a510a51676e15914565d3f23734b8c7adbabff88cceb017a8a2a073a5fc10d7b5d6b,Danielle Ray,2,admin,manager,True,2025-02-01T21:42:46,2024-10-08T03:24:18,2025-03-04T19:11:10
1584,user1584,sanchezpamela@example.net,scrypt:32768:8:1$Y09px2dPtNdrOB9m$47c255fd8ea5cc22123eb1227b83ce6020e9e2043cb530c783a9928616c49623321e72c3fd961f56f8e92a1af34087770737a9b00fba7598ed31525e8841d8fa,Emily Long,8,admin,manager,True,2025-10-31T07:33:44,2024-02-08T04:25:23,2024-05-02T02:33:37
1585,user1585,jamesgrimes@example.net,scrypt:32768:8:1$2LdaXeAF2zHRqvML$bd7035f706acf4c04fbb2ffc29c1f2148a5da4ef1ec97d5f755ba84e5a327b3d6e9fbfe69d7ef2cf9e86d67652a4ebdd23a278bc38ba67f7606c0a81ace67a36,Eric Yates,5,finance,admin,False,2025-07-09T06:07:28,2021-07-08T01:15:34,2024-05-08T15:37:55
1586,user1586,zrogers@example.org,scrypt:32768:8:1$SfN6531xuv0xbAU6$6044a6bb5fc7b208f4269ed66d2e15fcf340a409cee64694b5d01e18a52392a685f6e9c45eda8195aa0d1ca925c6ffda3e2e21d2e91f5345a3329288f688ca56,Ruth Hernandez,3,admin,admin,False,2025-05-19T09:56:09,2022-09-26T21:45:52,2025-08-03T14:49:31
1587,user1587,andersonrichard@example.com,scrypt:32768:8:1$NSPmFK0HHiLcSyzA$d222eeebd77daccd86fe8c9ee85da88aafbd90d8a134ce711838c7111a036242f17cc88dea61e1cd5baaf265970692485fe21ee4ccb07259b0eef26552844b83,Travis Patrick,5,staff,admin,False,2025-01-09T23:03:26,2023-07-16T19:28:38,2024-10-20T11:25:13
1588,user1588,nicole91@example.com,scrypt:32768:8:1$yMhaAMuCL38zMLjr$f256e8fba65c1b3077ab3699040ead2e54a63259a465880232928806e6f58f8595efe19847f67b0b4ee53e076892be0dc2b07f041ba8ab6ca297de393fe5d7f6,Brittany Dunn,4,finance,user,True,2024-11-04T21:50:29,2022-10-05T12:53:21,2024-05-25T16:08:58
1589,user1589,juanleonard@example.com,scrypt:32768:8:1$Wf8XJVCtzxyAfeCT$3bc30bc0d4958242cecfcec44b69297b107570f0f53402147cac728bba6c7848c35fd468de296263fc004920904ef2bc36a0c41cb63d2425893d1baa09173893,Laura Gomez,9,finance,user,True,2025-07-07T22:12:12,2025-07-08T01:36:08,2024-08-22T01:10:39
1590,user1590,megannelson@example.com,scrypt:32768:8:1$6FFV8YnetbF3EwgR$4ccc34be611e7a77e943ca5e38b68d36b12afd16dd4021dd46fd604010a4b4f8aa106838692b9aee672c10b381d9e83c75ad01fa019139a7c47ad040248c58d8,Elizabeth Harvey,6,managers,admin,True,2025-07-03T06:49:05,2021-08-25T12:19:22,2025-07-18T20:34:52
1591,user1591,laura78@example.net,scrypt:32768:8:1$GmVAKVKdDAX7d5ym$e8c9ac96a9771cf0bbcbe26e5e97ed0b18689dda979bef41e20a6dc5cedce1fe26a36cce899d48919b334c2a226667e5a676d70bb2c3062f411b8d8b703ff53a,Katie Jones,8,staff,admin,True,2025-06-13T05:33:38,2025-06-18T01:56:31,2024-06-03T03:50:55
1592,user1592,michelle89@example.net,scrypt:32768:8:1$sku5Xb3vqvq66wDe$a0899ad8c7085450b695566efe8b2da11a1c9d8092314fd5449985d2dc47534069eafb3cacceced3c93d9cce644360760ca0f85204c53adfaf0a78ada2c42c40,David Levy,8,staff,admin,True,2025-10-18T19:43:47,2025-06-07T01:40:26,2025-03-19T17:49:34
1593,user1593,angelawallace@example.net,scrypt:32768:8:1$kO7W9CAX6QZ680gE$e5481a8c0549ed2d672bef50c50474cff94bbdd24807202e18edc3e06ed1bb0cef3cda6e878903ffb7d29273f5a632f0dc896fb775b5b3e656953a3078f59bd9,Michelle Dorsey,1,finance,user,True,2025-07-14T03:58:22,2023-07-17T02:39:16,2024-06-09T22:45:06
1594,user1594,martindorsey@example.com,scrypt:32768:8:1$WBCmDnnn4HsvB8Ph$51529f2251d20007e25c59efdbc544e69a2c420184c991c5acfd20189c0c9b34fd9c0b2d9ff9e7d51058d6e85ccc2c6eeaf747374257cab24a28188b685d4832,Nichole Lynch,10,finance,manager,True,2025-01-04T12:28:27,2025-04-27T21:11:38,2024-02-18T05:56:34
1595,user1595,kaitlynlynch@example.net,scrypt:32768:8:1$AkHGqtfw2h0ksgtr$4b5cb0416b421816532b3c6bfd8b582d353c3e9bf5502b5ca843e97519fc679812537811170963da3ce3dac8793ea88b6eba7b3118e183a5c462a3660c15abf3,Abigail Hanson,2,staff,admin,False,2024-12-29T00:44:13,2025-08-30T07:15:02,2025-02-27T18:01:59
1596,user1596,brownandres@example.org,scrypt:32768:8:1$wXAKANnkzRvnwfed$ae11665ccc2c03b8fd42a0cefecace1fb455c1e06bc5910c95466d0560ef661a719b3b21ba0ea12f8ebe7e8f5c805bfd67e6ce39fb614123f6e52ed40fa54e4d,Joe Powell,3,staff,admin,False,2025-03-05T09:54:46,2022-09-03T05:23:38,2025-08-24T18:53:53
1597,user1597,brownandrea@example.org,scrypt:32768:8:1$aQfDrXpDnIlJxIFu$7a2f9281429ddbdd081f01b5c561da6bb670ea6169ad271457ff97ec14130dd34a37ea4ae37c001f227039f56382b5a6db94616f90ac73958be5b8d12b833433,Bradley Conway,4,staff,admin,True,2025-07-05T21:09:09,2022-11-02T06:06:39,2025-03-28T06:39:55
1598,user1598,david57@example.net,scrypt:32768:8:1$N9LJs3PQZS6ICe6H$741acc6a98f2766c73f9a49dcd2c51f88e94ae287c8984e939523a6c30c766c8c51e8364e9d04baa8f6c967b879fc3ede2420787e885f24e15e6a535754769ba,Dan Griffin,1,admin,manager,True,2025-06-13T10:28:43,2021-11-21T03:36:33,2025-08-29T12:13:40
1599,user1599,brian36@example.org,scrypt:32768:8:1$9HpeIdN4mx5oTgAJ$e7ef4994e512961b8bedce24cc96da2fd8f4c85c0bb0c40f3f0ec7d57866cfca4488ad596e0169d0e73741f1e1b2dd5181b0aaa5bf118decb320be2a976e6d09,Mrs. Michele Robertson,2,managers,user,True,2025-04-06T17:22:49,2023-08-20T00:47:46,2024-11-20T04:21:17
1600,user1600,reedjeffrey@example.net,scrypt:32768:8:1$rHTPGZFcU2OAM08s$a5879048f0cbc1ca0a26cfbffe2344ffdd6bea0a89ead744a526e98d1aa4c6459b1dbcf4c28bbd88859c15f27bda346696936f0a181042994c3c4ac4eb52b829,Jennifer Freeman,6,admin,manager,True,2025-09-30T20:43:12,2023-11-08T13:17:31,2023-12-05T05:11:06
1601,user1601,gainesmelissa@example.com,scrypt:32768:8:1$g1g1Kk8OEEhQHRrD$1c556c9c52cbc8f87a44684e461bdeea05cf30bbb1da593d47998e83ea09c45be85198f5ed61ff77cd495fc64774fad9a4e1542480a12a969727b1dc4311f019,Douglas Stuart,4,admin,user,True,2025-02-17T13:29:38,2022-06-10T21:26:34,2024-04-21T14:47:52
1602,user1602,dustinhayes@example.com,scrypt:32768:8:1$QnkCkkqhi2pKAnHc$88b7140982e7c9fb7fbc7b33719ba7e62a3f713ce8eed1e0ae4f1f0dd075ead6aa186e0d304680f9b2fef896c3c79bd5a9498e4d30683813ae99ba25496c9479,Matthew Coleman,9,staff,user,False,2025-05-06T16:29:00,2022-11-06T20:38:13,2025-09-15T20:01:11
1603,user1603,johnsoneric@example.com,scrypt:32768:8:1$JTFyzUIqewHwRWfj$aa24bd93fd4e11dda5f3f6ce254073f6bd5dc62702ebb220a19cb1455dfc03bb1451c3e448f2b66945322a8fbba1b5af52b19be9282f9ed6fbce2a94385684a2,Samantha Montoya,5,admin,manager,True,2025-08-06T10:58:09,2020-11-15T05:59:39,2024-04-23T22:41:02
1604,user1604,katrinalowery@example.net,scrypt:32768:8:1$KZsbIPIF5T1Y1sGe$f96ae2a5dc511a2511c6a830111815d41341c4c02ebdf2d0661c846120cb64c7d9fc40a2289810e7f15cfad96eac08188faa0f9dfae16f35b9626ce8e2979536,Julie Hatfield,10,staff,user,True,2024-11-28T01:38:36,2025-08-13T15:21:08,2023-11-25T16:05:30
1605,user1605,shelly94@example.net,scrypt:32768:8:1$n94esen28jjZ82fq$4ede7028d582489bc6be77003b4f58edaee50e35d21b248511704d2e6366c7363100a58f8766739af6c631d13972a01b681968e25fd1f45e26e5692305a1ddaf,Jeremy Rice,2,admin,manager,True,2025-07-06T07:49:20,2022-07-02T17:12:26,2024-02-05T14:18:44
1606,user1606,cassandra95@example.net,scrypt:32768:8:1$FleZfh4KLKuXCwI1$8b1424400a55f4ceafcc8810ff82c84db7aed59038ca9838b286ba261dda0956a00395aad8f84519e6e961c36fb9f91b88bb7f8c998744cbb08f9d95ec5ba271,Cindy Powell,1,staff,manager,False,2025-01-29T03:49:38,2021-01-27T11:57:59,2025-07-04T19:59:22
1607,user1607,pageemily@example.com,scrypt:32768:8:1$glmxXJJHbQIjEPVn$687e8b26399cf02cbaeda39571b2c9146c6fbf4a1bd321c85082b6f76db04786e9e450545977b9cf2bdc078d28cbe73a86a4dcc0297ee6d970afea6a6a58a64a,Charles Cantu,3,admin,admin,True,2025-05-16T10:52:36,2023-05-07T01:36:46,2024-03-02T09:45:40
1608,user1608,johnsonjustin@example.org,scrypt:32768:8:1$47aHXJBkBagqYB9W$99c3fea842dbecd03fde050e03032f522fe162f02e7b5b0dfd10dc25f38bb7095e723cfa844b4925699d01ea6628a7e5394458d33de0f926d17b64ea39377de1,Trevor Thompson,7,finance,admin,True,2024-11-29T08:31:38,2025-10-30T13:06:07,2025-05-03T13:34:57
1609,user1609,nataliesmith@example.org,scrypt:32768:8:1$6TslHNrN1YGtl1ag$7cc1f7ceaccc191fe2e39285852c39dd091ff4acbd9875a38b4ea2e9c09cf2e7829163085afef8e64268b075dba62d1f1e9f64ef4833666ce61f4da922ba0ecd,Katherine Gonzales,3,finance,manager,True,2025-10-29T11:52:14,2025-06-09T18:37:53,2025-04-05T07:17:52
1610,user1610,debragriffin@example.org,scrypt:32768:8:1$Gqh59XL2M20xHv9S$c9f949f2b8cdb1904344e12c60dc19c3612866380bbe70888612359185ec1d2aca5be68d2d04d15485fb9c76b3b37b69f6afed9dc5a55b5d36e7a2cac327e54e,Amanda Rasmussen,9,admin,admin,True,2025-01-11T18:26:47,2020-12-17T06:03:43,2024-10-04T23:31:58
1611,user1611,alansaunders@example.org,scrypt:32768:8:1$dpx5hWYXZKvjPlMC$d0633444f136372463d76ca2e0837dab27be9861fc50c4166c4999df80c0224ba7464b34914383915f06c52e9171e3f3d878e2acef700074a6920e57669ebcb2,Garrett Mullen,6,managers,user,True,2025-05-22T07:19:10,2023-07-20T20:47:41,2025-02-06T17:02:57
1612,user1612,davidhansen@example.net,scrypt:32768:8:1$KT1iYgvkeIdcCJYv$badbfd614c452c0df0b33735e505a3d864ec1e217bba680b5d0d767fa872874caeaf3b0845ca66de12a8ab2ff0257026e3e1cd0b1230aff21bcb8c9b0b159d90,Emily Smith,9,admin,manager,True,2025-04-12T11:22:55,2022-05-27T10:30:10,2025-01-19T06:01:45
1613,user1613,dickersonvictor@example.org,scrypt:32768:8:1$Gxz81ZnhXBTZgxTq$c65f703a08f22297267bac56099bb224bc186d25adf7616fe6dc6f3d954ce4037b401058ce4ad9b20ce5c15e9c1e086d89ab25761afea6ab8582ed7d37759a8d,Charles Woodard,10,finance,manager,True,2024-11-23T20:03:13,2025-01-31T17:56:34,2025-09-01T02:50:00
1614,user1614,mccoygeorge@example.com,scrypt:32768:8:1$qGtH4EbgAIG2uvZj$a9e6a20d1afebf885773c41dafef2b6d2805571e2179dad9c40e37bf7ba4d599ab1aa6357ec22d9f2dde96efe3c0e510742114a06cd938c079f464ba3dcfbb4b,Rhonda Wilkins,5,staff,manager,True,2025-01-29T19:51:07,2025-06-25T05:04:50,2025-08-16T14:13:12
1615,user1615,blackrobert@example.com,scrypt:32768:8:1$YDzsgf2bBFAB3Gyh$51239ce64a7402ca627a6e4aed2b3168c6e730e7fb46c9978485686f6690f288e8b5bf27207b7be8d0d967519c6b823eb934d357fc42a78ae6332521be98eba9,James Barnes,8,staff,manager,True,2025-03-01T02:54:20,2024-06-19T03:34:56,2024-07-18T15:41:08
1616,user1616,paulhouse@example.org,scrypt:32768:8:1$W4jIt88Yt1Si4AYS$26f7b588c671b2ad75561b30c6d4e33bba196e4b0908582c3934342697c9860ca347b083b45a9fe6c3c7551216ac84ff567686009e4b6562dc4823310094b82a,Daniel Villanueva,2,managers,manager,True,2025-08-22T14:41:06,2024-06-03T18:53:20,2025-03-07T15:19:33
1617,user1617,autumnwagner@example.net,scrypt:32768:8:1$KI7N3eZrsnJbD4eV$e069f34def99281caf8b90c24ad4f6051434b2f89347f7cc55f2ec49a67d25808fe0a5f49f31df69e39115289fbac6a7cfe6c4ff17949f0c041a7034f280c2e2,Tara Jackson,10,finance,admin,True,2025-07-28T21:33:27,2023-02-26T01:57:06,2025-09-13T06:03:54
1618,user1618,kthompson@example.com,scrypt:32768:8:1$jkYTRBkMz6zU5YEW$f697c5e56fbc6e804bc1045724bace7b6771f7a60ebf84b45bbc6c0ede8ce400d3f1607ce1f81642049a5673926679560d2922fa5bb2704a36fb065c55448825,David Wright,8,managers,manager,True,2025-03-29T01:49:17,2025-08-14T04:14:05,2024-03-31T19:47:42
1619,user1619,harrismark@example.org,scrypt:32768:8:1$SQBVzsQTyWRxKP72$3d61c03ab133aefb0005927bafb6410143c665bb6e388faf866bf10da6117e6af72807105b59b136f05983dcc49e1b0e078354a6a4add0cdfe6afef225fd9fcb,Mary Hess,4,managers,admin,True,2025-05-17T11:48:59,2024-06-07T08:03:13,2025-10-08T21:49:35
1620,user1620,bsandoval@example.net,scrypt:32768:8:1$3nzMRsQ45rMGWwSV$7091f56f1272b06739750091ec73456ccf32120cb27d554b12c55df2b448eb58e719f28d0976d9a7837300195f9db08aa8b60162b5c57e14999ab6226a921967,Glenn Herring,2,finance,manager,True,2025-04-14T03:19:59,2022-12-05T07:52:28,2025-09-09T21:45:37
1621,user1621,hannahmiller@example.org,scrypt:32768:8:1$9Ikok5DSz3jFhY0l$2a74738704e07af53b09139d3549aae8ed3925d6a8a949cb981f704fbc07889b974f1ad36b053e3cee0f0bbe582327140e24b2d048a84e5cde300821c2d50f97,Thomas Harrell,9,staff,admin,True,2025-01-07T09:33:24,2022-01-24T05:55:44,2025-01-31T05:44:50
1622,user1622,adam12@example.net,scrypt:32768:8:1$ZiLY8nAcUmkQFX1X$3dd22cdf2dd2d211aad28c0d276168330b068623e610f67269e7a6606add14d33f5ae86c6d7dfbbf66c02cdbf44005a302243c73e83cdb5bf3fd27717dcddc90,Sarah Pitts,6,staff,admin,False,2025-10-01T12:23:32,2024-10-14T16:09:52,2025-01-04T09:56:16
1623,user1623,gracemendoza@example.com,scrypt:32768:8:1$yAlaDrDcmWCMrZ0D$f0d7327463ee584a1f695fad649ef5ff7110ddb98c018a7b338aad0b00b550d34afa743116302adea3c70b4c1e939b6089366bff7af8a85225d249616ebda0b7,Patrick Parks,5,admin,user,True,2025-06-28T21:41:08,2025-02-25T13:23:41,2025-10-19T03:26:22
1624,user1624,kennedycharlene@example.com,scrypt:32768:8:1$ZuJ5AHkehBFDJYbt$7ca7208551a882882e054110058da4b935ef303da8398096b2b5ff4f028237418efa40d71a27e65dbc43e9553456c6fe11716ba00d002b5bff631121020409e9,Olivia Williams,5,managers,admin,True,2025-02-06T13:44:07,2024-10-19T19:30:46,2024-01-10T17:03:37
1625,user1625,catherinesanchez@example.net,scrypt:32768:8:1$a7NtsBvTcWFiWt3e$2c2e684bc6345b44c268721a71aef63d8a58d424e1773510e8e6cb66d650d13b79b32da516a2fb32163dd524f4ab769bb911ffa91efcebd9f63d03ca4767e659,Gina Lopez,3,managers,manager,True,2025-07-31T20:38:58,2022-07-22T02:09:28,2025-01-24T13:54:05
1626,user1626,allisonvaughn@example.org,scrypt:32768:8:1$as0GXKpgJOhRNnS3$4c932fedf8900918d380dc0428c47d6fc18a25be86436b625a5d7e0568397ca47a6dcc3cbcb8753d6bedd30117d9026f4f56ca8de98dbc12e81f67a3f81cc6b8,Melissa Williams,3,managers,user,True,2024-11-20T10:55:30,2023-10-10T06:56:41,2024-09-02T23:08:48
1627,user1627,hector80@example.net,scrypt:32768:8:1$bFSv3rR5Mr7iE3E3$13e8b0b622c2df1cb15004539d587cc47f6c11048ea5294604d6b1577a68d165cf881fa28d15e38c8f07ff22ffbe3176dd3633d849af01775ef5d5711de8114c,Michelle Meadows,5,admin,manager,True,2025-08-20T00:24:05,2025-08-13T19:44:55,2024-10-24T08:10:02
1628,user1628,sharoncook@example.com,scrypt:32768:8:1$1uGpYEo9CdYugukg$e03aab608eb27b210911f0a2a06996f2bd7554ce404e01f26dc689f884594865c0e08d9a0d0aa02d3c9b22e7df2dd4f5cfe852e432f8c7a37a479af5656aa0ad,Anita Neal,10,staff,admin,True,2025-10-10T22:00:44,2022-11-03T03:20:11,2023-12-31T08:25:19
1629,user1629,vpatton@example.org,scrypt:32768:8:1$bdSUOrqGYQwU1cYO$aa26157eef5fcc35f73e7da70ccd183fe22a5ff3161f42f96628f5cf37c03056741e0d0af79b3a4b8dcd887ab88e7a170337e15c027db58341a1535490b22b1f,Martin Myers,6,managers,user,True,2025-05-14T01:22:37,2025-01-15T05:00:36,2023-12-15T01:45:26
1630,user1630,caldwellchristopher@example.net,scrypt:32768:8:1$2i5A7jinflZ7v6Wv$c299866bc10c971e56e75f1f8c6d2160176260db61978bc8c86831ea8c4a64d70b19925212edeba12288f8fd9c55197de040495ae9aaa2d3c6fac9e4034bc8aa,Mr. Edwin Kemp,10,staff,user,False,2025-10-29T02:39:31,2023-10-26T19:03:05,2024-10-23T18:04:57
1631,user1631,amy79@example.org,scrypt:32768:8:1$sd4ATLUsxXZR2BYn$c9ba6f501169514bba7644001f1ba311287fc9014ce847bb759fdb8ff908aca2788e17652dbaef944f9e05e052f46e16ce85445ca689e952a22c549dfcbe6ccf,Angela Yang,9,staff,admin,False,2025-04-10T09:30:14,2022-06-07T05:09:51,2025-05-08T03:44:12
1632,user1632,katieruiz@example.net,scrypt:32768:8:1$T5V9KIXh6dCT33Yy$060cb8d8ae9a192c98de9df00f37eaf40722f2ea215db75ef68051660a25445a665dd52c90081350b67c1f3022887dca50bfa902f73afe0bfefecb1e113e7aaf,Michelle Gordon,3,admin,admin,True,2025-04-01T01:08:03,2024-02-01T00:57:54,2024-08-19T13:39:53
1633,user1633,gwhite@example.com,scrypt:32768:8:1$gYNgr6LefqTMADcT$d538b0567e70357f0233eab73ebfade80377d1dcd4eaad9a093fa3162cc8f770c62908aafe99c0f77ca8cb8c549a1908184bcbb0901863ff4f29b73989428483,Jeffrey Ingram,2,managers,admin,True,2024-12-12T22:51:54,2024-04-26T01:14:47,2024-01-17T19:44:56
1634,user1634,lucastiffany@example.org,scrypt:32768:8:1$l57lSaImKKtZaC2K$edd76d5550a1504f484e716f4b0b55c42a1f5a35559c2e1de9ee515b46aec4c2e799f5da6dca393ea6b30fd100658d13a4ebb65bbdd0104eda44ecc4d5687064,Joseph Banks,4,admin,admin,True,2025-03-15T11:59:16,2025-10-08T09:40:57,2025-09-29T16:59:00
1635,user1635,joshua90@example.com,scrypt:32768:8:1$yDnTDBWYeWkfxufO$c88fec1dd975b9954ce162f842b40dcc0ded99e81c4d5636005e8177cbcee9e1d7ec5329e7e2fe8efedd74e72f65ed76eefee7a35d9f47b6b6a2b10eed32fe05,Kim Norris,6,admin,user,True,2025-08-28T08:49:27,2023-10-30T15:08:54,2024-04-08T03:39:51
1636,user1636,woodbrian@example.org,scrypt:32768:8:1$RhqHtbAUiYnx6xrX$6f3efa1a299cfeb8fb9210dfea6caa4ace5e014063f879d533bf5b7d330d9674d046590606265f7074be9cbf1af0fa1f0e3b98e66106337f6c042eb6db3f25d2,Crystal Smith,1,finance,manager,False,2025-06-16T17:41:14,2021-02-09T19:39:47,2024-01-27T19:14:43
1637,user1637,matthew70@example.org,scrypt:32768:8:1$im3mwDT2YmbaNpud$44f86f23bf6dd43e1a46fed1d980d4478882e3a82a9d87c52f30820854a80679764d24795850be96178a0b641b8cc637924ddbe7941c223e8ee791a1ee30902c,Linda Davis,6,managers,user,True,2025-04-06T13:24:46,2022-11-11T19:25:18,2025-02-06T15:39:07
1638,user1638,hamiltonjessica@example.com,scrypt:32768:8:1$aFK1PDhaaXvN2MLG$de21c1d225d9c9bbcdb86b78a856205947369b941a30408ddbdd11f92ca55c812291988dfa80c7aa555a13e5bbbee784d27db0af2c171d05d4b8e2bde0a72744,Sally Chavez,8,admin,admin,True,2024-12-29T11:40:32,2025-04-03T07:00:48,2024-11-09T16:07:47
1639,user1639,xguerrero@example.org,scrypt:32768:8:1$fatzwCCQiqzH3GQ7$caeaff4a8ded0784e3d9437a3279afca5cdd699b379b46634886f1a5f0bab9c9bc65f9ef17fdffa33cbdf0cf3187e20c04c71fac0d019474efbc31694acaacf7,Sandra Ferrell,6,finance,admin,True,2025-06-20T17:38:57,2022-02-03T09:22:58,2025-06-10T17:47:33
1640,user1640,petersonnoah@example.org,scrypt:32768:8:1$HR6LY5ck6VQp8QKd$071c9d2e38f0f42b42dbd3f3a1b764e5788dfd4a54d693f96df90d8b6ed684627f6a0f7d9c53b3d25186847c1445e1c44b4d3855ceeea41f684e4a163c710f6d,Victoria Leblanc,1,staff,manager,False,2025-05-20T15:31:55,2025-03-31T13:33:31,2024-01-01T18:13:24
1641,user1641,alexispalmer@example.net,scrypt:32768:8:1$zdPlaCxdfutLtfm8$670596fec0d13515d699c4a77091e9e9fe366c6dc75afeb69fc57efccdf16c28bc2fb9081d25f45b1a315989066184fbd9bfd374ab8a16baba210434f4af3948,Susan Johnson PhD,10,finance,admin,False,2025-02-10T19:01:12,2023-12-25T05:39:36,2025-04-26T04:47:00
1642,user1642,christopherlee@example.net,scrypt:32768:8:1$K2wcMMAXtFPQplA5$ff59ed7c91f39e33d974988b563bf462a0bbadf2135e7819b38b6d6af35f246eddd515f8264d2eb1f0dbe16ad7e1e6864cff709eff8aac4b0d09238f931aff23,Maria Fox,10,staff,user,False,2025-03-23T06:20:42,2021-03-20T20:25:13,2025-01-21T02:24:36
1643,user1643,alexis41@example.net,scrypt:32768:8:1$rXWmiepObOEoH2q5$4b7826725f6648f1fd95814835cc6660ada6a819428bf1f2f1170c5f08f984ff904b68a42a9a7a36c06ca4d3825694bb23609e139694af32c9f02fe8f722d870,Alicia Jones,5,managers,manager,True,2025-04-26T07:51:23,2022-05-22T11:26:52,2024-06-15T15:13:28
1644,user1644,xgomez@example.net,scrypt:32768:8:1$0561ea8Wlm3xPvjD$b51a3106b85e3f6424de214a93ae3456d8f91eaa40b078882f5f721cafcbc71c6d9cca4dae834bbc873835236c54710c069c85baac7db1d2dc0383f6deba5f15,Chase Schaefer,4,finance,user,True,2024-11-21T17:48:50,2023-09-17T04:51:27,2024-01-20T03:41:47
1645,user1645,jeffrey52@example.org,scrypt:32768:8:1$WEl9zP2yq1pR3SYx$5c0ffdab67babd72f2f1e4329321533aa2bb1b30169831910c88fc4f4af877acb65d00f2a9772342e39c2d0e30d33b534c3c2e18af1c5c3871058854f7416b96,Frances Walker,5,staff,admin,True,2025-08-12T09:42:12,2023-12-06T05:36:01,2025-03-17T20:52:18
1646,user1646,angela86@example.com,scrypt:32768:8:1$oVrfIwojxULIHaZ1$bb0833eb28f98ad63a956d712fd4d7c3c4633a37a340d21237a7508ae91aa312d81249311924202f79e90f40613742c0eead39ca2d43b3b4a069581242652319,April Lynch,2,staff,admin,True,2025-07-01T13:31:21,2021-10-15T22:07:59,2025-07-02T02:57:13
1647,user1647,sherirhodes@example.org,scrypt:32768:8:1$qe3iWvlEuGe75QkY$7698b780e03f04468753554e1eba6f64788b9ba3e363222498dcbbc8f2e78eb414401738cc2f64e4eaf14eb24d36553beef2c1ed709a9fc826cd94456b86bd77,Pamela Robbins,8,finance,admin,False,2024-12-17T00:04:58,2023-03-27T06:49:08,2024-12-24T20:46:45
1648,user1648,jenniferjacobs@example.com,scrypt:32768:8:1$jlpDKIETY1QohhjE$28139e6a295940f45ef2c03aeafbde4e32aca8191a7c9c10c84ae905c87d7f36d0385ce2a1c12cdac131c30deef81dd0f9f6bbf71275bcb366bbed64a48b1d69,Sherri Watts,9,finance,user,True,2025-06-26T07:40:32,2023-04-16T01:27:24,2024-07-10T15:34:33
1649,user1649,hbryant@example.net,scrypt:32768:8:1$Hd5qq0ijwTmXH5Bl$0c2465f3fbd8c7e5fc7adcc9e52b69422d50264518d044e01175566c44998d248c88535a3cf6334c0f47443d74a4ab4e04b4cc2973a991b7d574583c604103f6,Denise Henderson,4,managers,manager,False,2024-11-17T10:44:46,2022-10-11T13:00:20,2024-05-11T04:33:14
1650,user1650,jillian41@example.com,scrypt:32768:8:1$ipPHRLVdWNdHMc15$d813dc07c62de8a6861b74870b1954681a6b8356cef784d70cd217882125d6ad036edba10eb8b43ca12e8007706f44077322ca24fbc0463bb21c43953f0e661c,Mr. Rodney York MD,7,finance,user,False,2024-12-08T02:43:46,2020-12-07T05:46:37,2023-11-13T07:16:34
1651,user1651,gonzalezsarah@example.net,scrypt:32768:8:1$iwNv2Rl7hp8okvVi$6977346db5eb863a20f1ed1438d5eeed51ad010b08232162c3b71bec1f621c3a7cbc948fc658f3ca4acc44175382073a9051b23818171a0778d7f6b0b52271f4,Virginia Spencer,10,staff,manager,True,2025-05-17T20:01:10,2022-05-28T22:09:54,2024-08-16T08:59:17
1652,user1652,michael93@example.net,scrypt:32768:8:1$7qGTNf6GcxIMpGd9$2974330fcf975f21d9e1e88867f3dcd83eba6cd095f632c40b960d92ef316f0e211166283502aaf0fb61beac4448cfc2451cbe22bb1b61d93a0ec0e4145857cd,Kyle Woodard,2,finance,user,True,2025-09-25T22:20:40,2021-10-17T19:22:37,2025-10-31T03:33:19
1653,user1653,wilsongregory@example.com,scrypt:32768:8:1$8MwihrCSDnJpZIcF$98f4613169683fd7e560ceb7a9a1c32024fcc6fae8141bded060d5817c11ddfc97c5e8b7d48a5685755443e7665eb18d990b6a57848dba8652ba4277de1260cc,Mark Benson,4,finance,user,True,2025-08-06T05:53:26,2022-02-06T13:55:19,2024-05-20T01:38:42
1654,user1654,justin16@example.net,scrypt:32768:8:1$Sz4bH78txuRpnPQS$f4b5ec34e052fa24d2376a398f4524f805586b004cb384512a7b71a0dcbb4e43828dc6c55b75ba6aaec9c1dc9b3d0facfb756d7c7a18d04c8d0874a25e8ecd62,Jeffrey Ewing,4,finance,manager,False,2025-04-03T10:46:36,2021-01-12T01:12:08,2025-01-12T16:56:07
1655,user1655,davidwall@example.net,scrypt:32768:8:1$BFPeOTPBo7JxqA2k$0b90051c4cbe0e3fd90dd68562ca6dc9a286066c3ac08d84732f3b2df01dacc8409de7e1384cd954ffbbb1fe12c3b952626c88a3ff7b037d8b833e6132541680,David Myers,4,staff,admin,True,2025-09-17T01:36:52,2023-02-02T15:27:28,2025-06-27T11:09:10
1656,user1656,sarah96@example.net,scrypt:32768:8:1$5cQDdV5nZffKYwKK$f4e77d8688cd0748a6c39ee64ff8390cdf9402b5da61f7a6a8f3b4f3ed8dc0b2d69f57b86543afbb87ac3edb778a1e1a5be0a23d94786c9a4e840093dbe1f39d,Chad Johnson MD,2,admin,manager,True,2025-08-23T21:48:15,2020-11-04T13:21:14,2024-06-03T02:09:05
1657,user1657,orichard@example.com,scrypt:32768:8:1$J379DQOsVzEV3CI7$7c21173cae4d9fcb83239c4da2943f6e24f9ffd20641d7f40fefdb555faae316ed1cad33d27bad7ba4f5a80c60c9185fe96963859d550912793a5647aaabad73,Kristine Padilla,7,finance,manager,True,2025-09-24T22:26:07,2021-06-05T07:02:12,2024-04-04T03:22:16
1658,user1658,amanda86@example.com,scrypt:32768:8:1$nl27Jp5ubc6nKyvJ$fe61599ddd26a027af78e8de234ce9b41635406e91258cdde6590164dd2f64129848b319ee29b9c160a0e13665dea6ec85b193a51735279cd300d518940f0f64,Diane Miller,4,admin,manager,True,2025-01-14T03:33:39,2022-06-27T18:59:31,2024-09-05T20:09:04
1659,user1659,taylorbrittney@example.net,scrypt:32768:8:1$5KHhOxXCAUsbHXmP$9c9ac7c8e5cb4a40c01fb2bc2394458b668eb9bf86d72a708806c7ab4799bdbdf115c06bcc6390ece503c42b8f3b8e2f396df200df1e0782f775bd45f7b7f3c2,Lisa Davis,4,staff,admin,True,2025-05-31T22:44:07,2023-04-08T03:03:37,2025-08-19T08:51:52
1660,user1660,tammy59@example.net,scrypt:32768:8:1$fFEOajF7k3nLc2GN$c27fa40269b4f8e4cd833c31e3311e3b68100b97fa61348f003ce2bd7fe07767a2892c27721c854863a70781be368a971affcc1095b4c15e4e11696edc0336b3,Randall Whitney,10,managers,manager,False,2025-05-22T05:01:48,2023-02-09T03:09:04,2023-12-08T23:22:56
1661,user1661,christopher26@example.com,scrypt:32768:8:1$ag48VcjiBX46sy6l$cd776ba1d4b64f15f67142ab14c789eec0aa8c6ca04beb42597b50a7e651f7d6951349d86a56f7e550ff8b2deb1ece42cca25eb961f4b78b6ba5a0c5d42a3635,Jeffrey Morales,5,staff,admin,True,2025-04-10T22:16:22,2021-01-07T03:12:39,2023-12-23T17:53:34
1662,user1662,jmedina@example.net,scrypt:32768:8:1$3YTR8I7U6IvpAxLy$d787c85051edd2cdd9993e8bdbc0ff4f1009343f63a3ef3da3ca67fc50331758b82b1f18e6e3ac4678fabfcd9a402682d027cf788e9b2ec6775ecfde5082913c,Hunter Dillon,6,staff,user,True,2025-08-21T09:22:19,2024-07-26T03:03:52,2025-08-06T17:23:46
1663,user1663,calhounchristopher@example.org,scrypt:32768:8:1$UyVAQNyt56w0dAXr$4c0f210b587733e79288766dc12e6b059621490669ac7f9c68dcd6787c255e94fcae9850c96428714ad082c681270f5e70986b489be77e2581306c8082f524df,Spencer Joseph DVM,8,staff,manager,True,2025-03-08T18:23:49,2023-03-24T08:57:27,2025-03-17T21:05:19
1664,user1664,rosssandra@example.com,scrypt:32768:8:1$0Dp9mm0HOUbEiEOC$60bbeb9e609a46533d4ace3f1083661b5279e8883448c2acf677fafebeadf8d165d8b6503f77bb3e2c288b42a23cce5f925b830801f9722249a1e86081711525,William Collins,7,staff,user,True,2025-03-23T05:53:21,2025-03-23T16:31:26,2025-02-26T17:14:25
1665,user1665,michael39@example.org,scrypt:32768:8:1$0k5oCcPL0xcksIsq$38a76fda1a90c864cc135ca11aaa5a325635278ab7015a805d3f6103633ab73e465c160a037070a4c0c6e707f4a69df76b2af419d1c287d049c7451feb342db7,Stephen Taylor,10,managers,manager,False,2025-10-06T20:27:40,2021-12-27T16:57:10,2025-07-07T03:22:32
1666,user1666,kathryn91@example.net,scrypt:32768:8:1$j2I9znnQUg2ZDTOv$f0c0a2c0cc5c417b690a07a56274a8981b7f9b1322c76cb4f849f851fe0bd7ac70cd5061eb7748b19bc2334c2447151364a4a279ffa2e9705fc16bd26c3b3ad5,Sandra Wells,3,managers,admin,True,2025-02-07T12:13:59,2020-11-08T06:18:30,2024-01-23T05:37:45
1667,user1667,deborah00@example.com,scrypt:32768:8:1$eoLbbn24Uc66PuE6$6c7b1aba97caffb6ff4dd4d9dda85b955e1c0a4cf6d9b2cdde4f7223c2fa4b84a029550279f6f0aaac17fb24a76d1ed423a22ff5af072f53e0039c6e706fd5d7,Kevin Hill,2,staff,user,False,2025-05-12T16:36:07,2024-09-07T21:08:30,2024-09-12T11:26:04
1668,user1668,potterkatherine@example.org,scrypt:32768:8:1$v9XcrtWnh4990pxh$f2825ec7b55578ce876b010899482d87b12f95bac64203c529e011ee5fff65ea184a38ef10767783f84fc1e5f788eac28d77e64a207701910511bfc0c7044f48,Nicole Mcneil,4,staff,user,True,2025-06-15T05:07:26,2023-03-10T10:02:35,2025-03-04T17:39:28
1669,user1669,lauragordon@example.org,scrypt:32768:8:1$Y3Tls6dwvwVzYHgZ$517396cd0166bc2e886ab040aea9ed0e3b728e783475a06ee23202f26fc19720194f57d534e62266df8eaaae1482e2d8f2ef07f1b95bbc7632e9339a8e133965,Charles Williams,1,managers,user,False,2024-11-25T23:35:36,2021-09-09T19:47:29,2025-06-10T16:13:52
1670,user1670,woodsjasmine@example.net,scrypt:32768:8:1$1kWnta55eHgldwq2$4b6c1b908b9c3a48fafab19eaaa8c790f5e304af35b3f201fd4ce16c7f711295aa2f54950c2aa0d5b8fe2c2553f27340020eafe42f0abaeee30a0e663b7df59e,Gabriella Powers,9,staff,admin,False,2024-11-10T04:35:39,2022-05-16T22:43:07,2024-08-29T01:41:14
1671,user1671,ericcampbell@example.org,scrypt:32768:8:1$wZKbJi5UleaUTbeS$f6fdac33f4602499f6f97271a66cb7c884fb2ffc15f354d44f31c0fd52a8c279df1c3de0e3c9a629efb303bfd2cd7b24bb0ba4323ddf9a036be35ce6a61bd96d,James Weaver,10,staff,user,False,2025-09-17T19:26:04,2021-05-01T10:46:51,2023-11-06T16:01:19
1672,user1672,pcollins@example.org,scrypt:32768:8:1$1bjOZBi2eoPjLUao$b3b3d3307b782726187072a8ac33bc42c238b010c37e1da89d4b1571fd2375ee1d9c17870581abbbdc4bd514e4c938ca0b761d458a42e11167f08e76e918b769,Lindsey Hayes MD,7,managers,user,True,2024-12-03T15:34:51,2023-12-01T04:16:01,2025-08-11T01:15:59
1673,user1673,nscott@example.net,scrypt:32768:8:1$pwZkfFJ9fiEOmeVh$df67facce76ef02885a7a7c85bec3c77fa544405c7c5176e72eb4b38dd545739b32594926f67bc69b4fc904d9d7645164b70e1f7ced6c4dbfb9ab37e192b4d95,Andrew Kelly,7,admin,user,True,2025-01-21T21:10:21,2025-03-07T09:14:07,2024-04-07T11:25:06
1674,user1674,cabreraadam@example.net,scrypt:32768:8:1$6RPttjJpFSz5Xvvf$ef65972ebba11ac4ca20a4fdff6d26cbeac2698e3b39e3d31a97f465de62f32af018f0269184be4d547465f337d407556cc949e50a424d42bd54f178e199b86e,Amanda Brown,3,managers,user,True,2025-07-01T17:03:53,2022-12-22T03:18:29,2025-05-30T14:03:46
1675,user1675,anthony24@example.net,scrypt:32768:8:1$LYdslM2DDKU2UyA2$e7433232212407ea5b78616b8ee1c338107f3169a6f7b12823409a1e3fb66d799ca51aeea6f5b967e69b320c1baba96afb2206eb5e4bca9affac7f825239084b,Keith Griffin,3,managers,manager,True,2025-09-21T23:17:57,2022-11-27T20:03:26,2025-02-10T22:22:29
1676,user1676,daniel17@example.org,scrypt:32768:8:1$UQwfiNahl4sGWORT$94d051a8be41cdb41112f5d8ce2195fe343b09bf695a9b0e1847c759e8c8eee6501cc69896cd5a4667a36ccd94083b3fb6395933182e563f0f80324adc0e5d4c,April Wood MD,3,managers,user,True,2024-12-05T00:30:33,2021-02-28T01:54:35,2025-04-07T14:31:24
1677,user1677,coxdennis@example.org,scrypt:32768:8:1$TrBlrYNcizTNsrId$593751af340e65d4e2b330475f092df355814b3e8cf6a80f1d8732d85b8f28c3b801e87921c54122b5b216525babcf606be23f292b167637d88da36984921b70,Christopher Vega,4,managers,user,True,2025-04-26T01:58:25,2020-12-29T04:07:09,2024-02-19T04:58:40
1678,user1678,davidolson@example.org,scrypt:32768:8:1$OmMcqR1N1e74fqkG$c0475627266ab3c9a78eef76e1b7a8a162180107d899d8c1fe093a17c17f9da76428a855354a01972e3693ef36dd753816a9f3892b5df8f242172b73c3d0498c,Timothy White,3,managers,user,False,2025-05-28T04:59:03,2023-08-06T14:11:13,2025-01-18T21:51:11
1679,user1679,kenttammy@example.com,scrypt:32768:8:1$hSS2YbgJAkqyH6PI$728a53567a9b5347a0358651e8c866a84c9d868a1bab427314f413e3fafb811aed17deecd58cbc5e93f546a80c795ea3acd08774c982d12928679fe20ed12131,Thomas Fisher,6,admin,manager,False,2025-07-16T15:04:32,2022-04-17T21:48:02,2025-02-03T05:00:06
1680,user1680,jeffrey11@example.net,scrypt:32768:8:1$BMJdv6DK9KqvIsTH$fb19d941b0128ebf20f631fb007f80e9b0331c868c589c4905f97d35845836e248930c3ff2e3a6e665e64547b16028353d15c4ce866a718aaa1f269930a15995,Sean Moore,1,finance,admin,True,2025-02-11T15:40:08,2023-07-04T18:09:51,2025-05-06T12:39:15
1681,user1681,andrewsjennifer@example.com,scrypt:32768:8:1$cGtHuYSKIBWht2Jd$73fa512feaec581d423e12a2b6313fe66dac407ffbf811b7496bb4c5d32ac5d7eaa0fd3710b08ab6fb2877110380eab2233d6af626fb643a23e45e7d7469ce74,Robert Hendrix,5,admin,user,True,2025-07-19T09:58:26,2025-04-18T17:42:12,2024-04-14T18:22:14
1682,user1682,danahammond@example.com,scrypt:32768:8:1$QzqyLDtlC6Udc1lw$6e05d880b2b91ae002c9e3a145b1816962a88718b67106270ec3b5dc9987ca80a126499d0593865796078cb7219dce8b4ef8cadd550635bd1edf4fed5a6610fa,Joseph Miller,4,staff,manager,False,2024-11-20T03:10:41,2023-04-19T14:20:36,2024-01-05T10:01:14
1683,user1683,qstafford@example.com,scrypt:32768:8:1$nqHwgET8Nyf9AVfv$68c541fb3288d20a5b2b8a6ca4e06e96ea5467e0b353f844de4231c17b9f4f58d49f7013e1269418b6f3f5892b9d4e9b65753017fbd6c768bf26a7beefbfc308,Karen Shelton,4,finance,admin,True,2025-10-11T00:03:26,2021-01-10T12:22:32,2024-08-09T12:54:16
1684,user1684,rodriguezbrenda@example.org,scrypt:32768:8:1$rpP0bwBRUaDZT5qT$c14cfdf216ed1a938176015f0545965eca0b3c1d85d8b896d9583479ba6354c3eb5ddad6a62b4cc5f68c6c17fc7e24f9c0a3da510e23069ef00aeed34cbc8979,Mandy Stephens,1,staff,manager,True,2025-04-26T09:07:56,2022-08-05T19:48:44,2023-12-26T09:11:58
1685,user1685,brandon43@example.org,scrypt:32768:8:1$9KA6wbjmjJJ3Pa0F$24462e224f4630bbc76145acaad1017cb4575d300e43bb7f751f3262f7a59de3c55298e4f641ca0a4acf1b66678cb46211d70b55f692d81b3607f9e2fd46f6f5,Ruben Miller,3,admin,manager,True,2025-10-30T18:50:47,2022-07-07T12:02:54,2025-07-17T00:01:56
1686,user1686,elizabeth21@example.org,scrypt:32768:8:1$dosm2yP8VX5BYl5d$f12c460f17f725d10e3fb7b88ce66ae776bca09b7fd31bef8def7fc0a5acd57ac41f7827fa1fe8070be758c6671e5e09b93e6dcec2019e12ba82e27875309bf1,Timothy Sanchez,3,admin,user,True,2025-05-04T11:43:53,2022-05-25T22:20:12,2025-08-28T05:06:20
1687,user1687,dwilson@example.org,scrypt:32768:8:1$IteTa1ReNZ4cSXGg$0efb0fcb76ba4e2cfe7f3e4127cba49a23954df41287aef3d1078837e1b14dee712cd2f1599f90d77791ef702403f9e9662a7bce94fa2f12fc8230ddca9b0b43,April Melton,4,admin,manager,True,2024-12-19T05:30:21,2022-06-02T04:59:28,2024-09-05T06:16:06
1688,user1688,hernandezmonica@example.net,scrypt:32768:8:1$7bmcXPRNPggtOe3R$1a320c62183b11b256a16b4b41c5a92a3a8e34f8f6519388de54f7fc995aa3852bf7e9d9cbf1009a22234a44f9ceb1c5b6ff8c9303a0deb25e4b57a163e059b7,Dominique Barton,1,finance,user,True,2024-11-25T18:16:44,2024-03-27T00:02:54,2025-03-31T20:28:36
1689,user1689,martincraig@example.org,scrypt:32768:8:1$0G9CqpPOccW3A5kg$2d2390d1b4a7478f198135c03e30f36ea7f4e836f7ded36b0b387fa9cfcc8f6616fbbe401d9a523b9de6b22a45a3f549e8d0afb1414f7f24eac3eb0c7fdcb5c8,Jennifer Davis,1,managers,user,True,2025-10-06T18:37:43,2021-05-13T23:15:21,2024-10-25T23:23:33
1690,user1690,crawfordjeff@example.org,scrypt:32768:8:1$dh4YuJzftnrHqLg8$60f789327f25cdaf2f7382a54c1c3213c6a490112fc9519d1497c427d0aba9cfd667eb7cdc738520730b27f950a20395e4da0a66eeecb3cb566376054064ee5e,Jennifer Austin,8,admin,admin,False,2025-01-31T18:35:11,2025-08-08T01:34:28,2023-12-27T18:11:42
1691,user1691,caldwellemily@example.com,scrypt:32768:8:1$K8uOInAeiGg7DSvH$b0ad61d1a5b27640e67ac31a408d812d2e6093a7aeff0389d2c70468a07b33a578ed0e3408f0c6293c6a20b2a28b8c7fe1209e513ad514a9a706477571d857ca,Matthew Greene,4,managers,manager,True,2025-06-30T01:49:46,2025-08-03T21:40:06,2025-07-17T05:58:17
1692,user1692,ozamora@example.org,scrypt:32768:8:1$NcPmmWNRuP20Gmx4$09ecf32083f3297d15f21415b196a2f7840d77d157f04d28892dd4d0895c0e080d6b7f175774f6bac26b0f4572dffd249b9b0fd12ec8cb033f4598a16e35eb21,Chelsea Lane,8,admin,manager,True,2024-11-23T10:43:28,2024-08-27T21:48:41,2025-05-04T15:44:40
1693,user1693,paul79@example.com,scrypt:32768:8:1$DdVkryZOJ2t0EQrw$8c1bddf17193b753a9a4dd91d4f6967341dbeb419b07af1437a81e16db6772f0e97812b2e96e673d2c8f9d96f4314472cee1345e89e31f85739b51d57eaa65cf,Debra Smith,7,managers,user,False,2024-12-11T02:25:12,2023-08-13T00:02:24,2025-08-05T21:36:31
1694,user1694,rebeccaclark@example.com,scrypt:32768:8:1$Q28x4PPPH30ujZRg$f4892d0d079897ac8f8dbfa0320429dae5ab8b50cf35f0f7bb4f4f8435687e4d67a1632ec76f776820f1eebf4feab303f6ef7624c626a985a21a04fb915fb27f,Joshua May,8,managers,manager,True,2025-01-08T03:48:12,2024-10-01T17:08:17,2023-11-13T11:11:38
1695,user1695,littlesally@example.com,scrypt:32768:8:1$sTolOXY7we1UxJZi$9f57e11e50005399a5f026aeac624bcb66f3186f080f077479a5ad3c96f3079c95473b9b2c6ea4d6ed05e18c6d7c2bd8103df206b371f72fcd7c71f50777e9da,Andrew Carlson,6,staff,manager,True,2025-10-23T21:21:23,2024-12-07T15:21:03,2023-11-27T12:25:37
1696,user1696,zfernandez@example.org,scrypt:32768:8:1$tYNKWvMVCmKvj0dT$d221f46bef5796f57bab054814b477d64cfb651ed7da30b33e1de0bffc54d3cf16bd517d605d15c356cb5baa90ef99d657e4fd74ec6c19b3d0a3e8c7b9bdf9fb,Michael Golden,8,finance,user,False,2025-09-27T16:22:29,2021-02-15T14:34:11,2024-10-30T13:37:39
1697,user1697,daniel08@example.org,scrypt:32768:8:1$9qr0ik1ILJ3MbSem$8b8bfbed434b2a234ac572287af55ec107c9a4de0b026f5e0ce7327569b80c4d08d8eeee73e4f4ef110d72f4ee19fb67d2815806a629da31c9c156bb98f6f85c,Kristen Frazier,7,finance,user,False,2025-09-18T03:19:32,2024-12-13T23:27:16,2024-05-01T09:34:29
1698,user1698,sarahhardin@example.org,scrypt:32768:8:1$7A0uoPJiTROQb5d9$816167739e6aa2f96c0a77a8395c1c02eb0b5711571deedb8b2c12b63276979fa36c7cc66a732005e6d645b83bbbed85fc20059cf35373392de1869fe70393f1,Jessica Browning,3,managers,manager,True,2025-10-27T11:01:32,2024-02-17T20:30:00,2024-01-20T08:31:42
1699,user1699,michaeljones@example.com,scrypt:32768:8:1$YB9Tfv70HeKzb3yg$f9e1f1ad7e5f920439a33ed3bf0a6b367ddb3cd608f3936a7d8a728c4883386c29023cb61380cfb2febc531cfbbb272a7570aef8826c588413a820ed7ebb6094,Lisa Reid,8,finance,user,True,2025-03-27T02:16:55,2023-04-11T22:05:16,2024-12-18T16:09:05
1700,user1700,mikebyrd@example.com,scrypt:32768:8:1$pmTCsGYdQEkpftzC$eb9402053b1a374f2576f640c8aee1979a934957e305e1fc99ff1fc5174b2371d5b34ecdbd693bf24e1637e7f14b2575222d708db114a2c81c875e5d595ad7f6,Donna Jones,6,finance,admin,True,2025-09-24T02:17:41,2021-04-05T11:24:07,2024-04-21T16:11:39
1701,user1701,daniel46@example.net,scrypt:32768:8:1$HdZxWswWKUucLG3v$4add961909e1cf8d494e41540c90189a01d89acb5207afa26f4309914a1b7db797e93a25b5981cab9dedb0ed26fc8fafadfc0b8bcc0089dd39e14845a4e7bd66,Brandon Wong,2,managers,user,False,2025-09-20T05:50:53,2022-09-14T00:34:44,2024-02-18T22:20:09
1702,user1702,pamhernandez@example.com,scrypt:32768:8:1$sdsDfAtaTjkcfb1A$a0e26954cbb261194fcb30e873697a0afe06037f656c064c674369858d7460b80255e1296940821a5f700e4d468daf804f796ee395114ca81c7ad6a4c3281a93,Steven Jones,7,staff,manager,False,2025-02-24T21:18:08,2024-11-20T20:31:56,2024-05-03T16:04:25
1703,user1703,rodgersmarcus@example.org,scrypt:32768:8:1$pVVPfl9faR81I8cz$1bfd66b54fc21469630265bc047b5051d8893d7add42f1dfe8edf8e2f44056f9adc23f095066d81c2e05cec1ed20573a9c2643d6efb8a9527cdbe831d2ada55d,Adam Cline,1,managers,manager,True,2025-04-25T23:47:32,2023-02-22T22:03:06,2024-01-04T18:12:36
1704,user1704,pharper@example.net,scrypt:32768:8:1$EhuKfijpBA164EcK$038d5bf3238de9341d7fed9fd27b78b683d04bc980b4549afcbdb9f2f158737ce25b38b5da71622999f5d5f4c731441705212ccee4bdc170de755985df6ea560,Rachel Lopez,1,staff,manager,True,2025-09-05T04:30:28,2022-04-19T17:48:44,2024-08-13T08:04:46
1705,user1705,deborah65@example.net,scrypt:32768:8:1$2hXcxNnVOCJ5UHeU$e9f050e6ba52f1d069955a76f4376f823730ba1901c3dab631dec93784c38a2a205e5eba02bdf08b8ce706cb18ae732cfdd0ff83a9ca5deb68e909f526c25d21,Steven Little,2,managers,manager,False,2025-08-17T11:35:01,2025-07-02T07:49:15,2025-09-30T19:09:45
1706,user1706,wyatt11@example.net,scrypt:32768:8:1$yIQ2wf8rkzoEXgFA$e49ed3fe8893ff6008640a640739b72b3e3fc7dd5c4515e0975b8f2247e55ddf9ed3233687c0d59320b97da17a775ca1759df3fe9791205f2a41d195c8a8bdad,Brandon Ferguson,9,finance,user,False,2025-02-11T19:43:33,2025-10-18T13:51:28,2024-10-02T21:18:00
1707,user1707,washingtonaaron@example.com,scrypt:32768:8:1$WHbkyqiWrtxKT3lI$97dd2a9bf2f142479ebe9b50423d0db20101e8e247576b0590de871e26569f28cea897015d3853ab4de7612c0bca7c48189cc5f30f3107c2e23c37fd96a57a9d,Paul Navarro,9,managers,admin,False,2025-06-16T20:27:43,2022-06-18T04:01:45,2024-03-11T02:24:26
1708,user1708,alexandra02@example.net,scrypt:32768:8:1$jEUWRsP9hm4ETgKu$38fa240381fef9dd686e24d57348e5f0ac3fdc0c6430526fee0286768b490079761f88f2bd2116bd45f4881b0dcb5c0855718eebcb4228dbaec887f15a6cd53c,Christian Burns,2,staff,manager,True,2025-09-18T04:31:35,2024-03-03T06:16:48,2024-07-19T18:02:20
1709,user1709,bwilson@example.com,scrypt:32768:8:1$vKkcVhOTcZQ1aqoX$8fb6e6c588aba2cf09d83bd41d1b6b69032ffe00751ab59e24f7ec8cad4f3a88ab98dbe34b77972bdb929167d01a2ce2bd62fc3a10aa64a2d0bd62d60059b5c1,Joshua Mendez,5,admin,manager,True,2024-12-28T12:02:20,2021-06-24T19:52:06,2025-04-15T13:36:53
1710,user1710,jonesdavid@example.com,scrypt:32768:8:1$oLhYqJTt1R8gTLC8$f45276e698af476c37847919c6103695f25afe164bbb23489135e85e24469956b63b9c2de18bd8789b8784991920840c802f06ac90811fd17170816017f78bef,Richard Reed,7,finance,admin,True,2025-01-28T01:07:01,2025-01-24T23:47:11,2024-02-11T20:33:51
1711,user1711,kbowman@example.net,scrypt:32768:8:1$n7n5FAf57YQIUeob$dd65a9cbab2d5e71fe9fed212d1020ac1dbd78eaffc1443ccac282559c97d7e4ea17fb6ec3cc48782d2217e03dc60758cd469aa47010f71a4496ff01a172e0fd,Melissa Martinez,1,admin,manager,True,2025-09-16T11:31:58,2022-09-28T12:37:12,2024-08-19T13:07:48
1712,user1712,wilsonrobin@example.net,scrypt:32768:8:1$VRk4NjqAdBGfpC30$9f12932bcc1c350b3d4ac2b12d1fa4920e0b2ad841e6adb73b05743bec6e920fb6e18d2643860668c2b347918e9aca500d45d140fd3fb29fa08d0954e0dd36ab,Alyssa Jacobs,1,admin,manager,True,2025-06-06T03:46:12,2022-10-20T07:17:32,2024-07-05T08:25:07
1713,user1713,bellsarah@example.net,scrypt:32768:8:1$ibtTptBhTXN0ROu4$95d6db921aa31e9768efa7a4a19ea200641be6caddb0e2cc16237881b780eaea5520aa0662aba670623ca8c45b2944fdf76f4e187f5c222eebf6a21038a165cd,Michelle Craig,10,managers,admin,True,2025-02-17T19:15:55,2025-09-03T13:07:31,2025-06-20T18:48:44
1714,user1714,annettegrant@example.org,scrypt:32768:8:1$Iw1x0XAlzL0z8FR7$f8e7d99ba11f2ae31502a516a2ed9b3f5c8a665532fb7da291318929f738533cf6702f4b0871ee23e549ead81ce507a80f1c44497ba74d6e9e3cdd2e62b452dd,Angela Smith,8,finance,user,False,2025-05-21T14:18:15,2024-03-23T17:23:02,2024-06-01T03:44:55
1715,user1715,othomas@example.net,scrypt:32768:8:1$zIU6D8vVvPHKKdjm$f2783ab1db1d904070f4d18b4d9f9bd40a1c21418cbd076db5ac87090c6d376b8627dfe49c31130c8c8ca358821d6b06e5db020dddfcd636b37e7332de3e448d,Christopher Black,8,staff,user,False,2025-11-01T11:43:33,2023-12-02T22:45:44,2025-02-23T06:05:35
1716,user1716,danderson@example.com,scrypt:32768:8:1$ROnjyBv9U4DyYrTb$222131f67c9c7de0aca2ed76b73895e8f5c367d6bbf6f0800e3d7f6d9ab26f5403c4e671d1ead0b16ca71464cfab5e1d17c775806f7ba9fd9f79677caa779f3a,Kyle Washington,3,admin,user,True,2025-03-24T17:03:55,2020-11-23T18:01:57,2025-09-24T00:23:53
1717,user1717,william50@example.net,scrypt:32768:8:1$uDcYqSCRlxUwoNk4$07ff509ef08ffe1b5bec4f398463d2438436901e9c7bf6dbc978a0c3bb7fcf83d4b6f6b51d191f44602f147d358a17d81527701379ecf787469b2dcb27c8fdee,Cody Madden,5,admin,user,True,2025-06-28T21:58:35,2022-05-26T04:06:37,2024-06-28T02:14:11
1718,user1718,jeffrey93@example.com,scrypt:32768:8:1$oFNrpM4M1Gvvym1q$8f8253cc392476b6ac75c1086be55413ce9d4ab11d6bc449320b8271dff0fe2e7d22569eb4e5d28e4fc6fcd096ad58a2c74b35f9836d51b959a90a7ebf1fefa7,Katherine Miller,3,managers,user,True,2025-07-19T23:14:04,2022-10-12T19:54:38,2025-10-24T23:11:13
1719,user1719,jmiller@example.org,scrypt:32768:8:1$6mPz23jiSoZ9XP6a$bc5c06f702aa270d13898271cfe1828b1cf9ec2d28c8dc81d36a52dcb7f3b621cb72bf9deb890b333f230cf9571b497482b7794c2e9ba02a5a508f5a7e6ab4ab,Zachary Wilkinson,1,managers,admin,True,2025-10-06T06:45:02,2023-05-24T10:32:28,2024-07-12T12:11:51
1720,user1720,smithbrandon@example.org,scrypt:32768:8:1$0aKE3GiEcYKTtcKZ$518afb793de0b8f95cbaa3b93f4cd02424ebcc7401017e17efe0784226477dcc0ae4e17d4237586a029c3c8ad0c32bb0864ec79feb5bc0ea7209318a3b58ec45,Dana Wallace,5,staff,admin,True,2025-05-26T05:40:37,2022-11-19T16:33:16,2025-07-05T13:53:13
1721,user1721,smithricardo@example.com,scrypt:32768:8:1$YVQsgSe0TLEsG229$f0eacc844834615d0193d49a97df676e1194147e2a3bdb480ea1d7cb10ace53b707d8e8142e2ef5c4b4e172fdda93dd6fbfc40c86f0a23876e8f5e7cbc00def0,Thomas Ford,2,staff,manager,True,2025-06-06T21:24:09,2022-07-19T15:12:42,2024-06-28T05:21:37
1722,user1722,ahooper@example.org,scrypt:32768:8:1$Gw7GcBtDADchIlFs$1b55a9f8731f15fb050df5bc2c93827549ae29c21df1f5e301cf48342787948fb7b9da99816d6952aff75727f17152c38f68a2f9efd133d3dd913bf1fbd5d1a9,Tiffany Estes,3,managers,manager,False,2025-10-22T16:13:19,2025-10-04T10:01:49,2025-01-22T15:54:48
1723,user1723,jenniferburton@example.com,scrypt:32768:8:1$oMzd99BDe4V9Lrca$b5f557dbb596f1adbfd571cf03b79574db03f23b74f13bf4b34aa0d81474015aeb8305d0dd1267f7b32e9d5ffe49bb19e4fa07045e9f2edc18ef14e2bb20c588,Rebecca Harris,7,finance,manager,True,2024-12-05T13:41:47,2025-04-04T12:41:08,2025-09-22T22:53:27
1724,user1724,christophergrant@example.org,scrypt:32768:8:1$Tx0bFSAcb8ApFNDg$8051f1121429e3032bb8cc003d8783135118faeb80a68d2f107542b72145d1e216c2fb5c6a2b23d789cf54c929fffecfa9ce6fc8f22f51bdeaa9ef02d34bf000,Morgan Chang,7,staff,user,True,2025-07-20T14:16:43,2022-10-21T10:26:22,2024-12-14T02:58:55
1725,user1725,bryantkenneth@example.net,scrypt:32768:8:1$LRIvqIPFepz8fEtK$78378aa1bdf322716e081f6d8e0869a976e1a2de85c5bce2322747c8af03f8bed101580c3e70d8ff22adb09826e4bf00633f03ac69d3fa93d7f70f58a30b51a6,Mr. Isaac Ho,10,admin,manager,True,2025-10-16T05:11:29,2021-12-26T18:57:16,2025-08-18T14:57:43
1726,user1726,duffyjennifer@example.net,scrypt:32768:8:1$ENhnTfmIr5mY71DG$0bde08bcbe71f1de13db6a8c54adb13629b95499f9e336bd09208963cc397a86556a589f9ae37a4e9def691e04e063e9ba7c6f413bb25692727d777b57d24ba4,Barbara Mcdowell,4,staff,user,True,2025-09-20T20:43:04,2025-02-09T11:41:08,2025-06-07T20:33:20
1727,user1727,raymondnicholas@example.org,scrypt:32768:8:1$r0HxUCWN9TEjt5x7$9a931d42756b8b9cfbdf873be93848fd690ab7e8b0fa7a7234f9f9ac1e03f08485eb0ed4e6ce04002c120cb4a037739f1b433a47284efa6b7225bd9d6dafd3bb,Ryan Taylor,7,admin,user,True,2025-08-14T17:13:42,2024-03-13T23:03:58,2025-06-13T20:40:55
1728,user1728,morenolisa@example.net,scrypt:32768:8:1$NkShY4tPmqEfokdF$f045751c5e5a174dda1cf017112c7ad99de4596461eef2396f3a25e741943c78785ed5e19962ec2049275f69f111d9f944c1639380eb8e530be70e3119faa629,Alexander Jones,10,finance,admin,False,2024-12-08T11:13:03,2023-02-22T04:17:52,2024-02-22T08:39:21
1729,user1729,hbrown@example.org,scrypt:32768:8:1$4NAICttG5kseayqz$d1aaa308baa2ca73e2ba5bb7c1fd1e540022ead138b1376794a3d4afb92083a00d25beb0879f2a2f42aa484d856345e7d164fe1e8865b2ebc12d1f5108291667,Robert Foster III,8,finance,manager,False,2025-05-11T01:07:54,2024-06-11T14:36:36,2024-08-04T07:55:22
1730,user1730,rogersdavid@example.com,scrypt:32768:8:1$EjbLHeBomODHow5Z$a06d075436275a6e82b25470562df6c28cf9873cb0a373b0f587d11ae5dabf305013a55e2305427298d095632190cfc47d2626fc222e6bf9ac8954e6944d5313,Tony Macias,7,staff,user,False,2024-12-27T12:25:11,2024-07-05T21:27:03,2024-07-24T19:12:48
1731,user1731,portermichael@example.net,scrypt:32768:8:1$fil5iXrE1bzmk76V$0ff7dc68dd9aeb2c10db4c946b4ac33bf231b10f748f1dc35781ec386d955c55742742d7fcaa39e1ccc18bb4347d3d4fcea34f61d1ae810474cb649a24f3b815,Madison Greene,7,managers,user,True,2025-06-03T17:04:48,2022-06-23T22:03:22,2025-08-30T15:26:21
1732,user1732,wayne00@example.org,scrypt:32768:8:1$HRWXZPHD7IbJNzLU$9153989f4c578f1378cd3daba7b6e8333a829ab7b7aa206d585169d1acf23683d145ffd3bc0b96739c02ace81b5048cf053de663f8092b277613d3e5f9e53c82,Charles Reyes,10,admin,admin,True,2025-05-15T01:53:17,2022-08-11T10:05:06,2025-03-15T01:05:58
1733,user1733,andrew49@example.org,scrypt:32768:8:1$EuJlWfsePNLJQo2c$2615cc849c0cf9187ee63f15c151572d26fd3dd0bff54a475833f5d9b7adbe14f3dda0f17bb5ba29a2b7145749b9d25553c3e9ed2f230eb436a05a552f741dc7,Michael Barber,1,staff,manager,False,2025-07-06T03:32:50,2023-07-09T23:13:38,2024-05-28T12:40:06
1734,user1734,tgarcia@example.com,scrypt:32768:8:1$mdVFnluetGfqC144$992162e1ee2be74baa0a6ccfadb4a55a910799556e540a4859bb17b3131a55cc41e2bdb66059dfdef700ea515bc67f264068ce1dc9c00fbc9698bf587308cf20,Nicole Hatfield,10,staff,user,True,2024-11-16T08:24:11,2025-01-09T18:43:14,2024-04-28T22:28:53
1735,user1735,jacob72@example.org,scrypt:32768:8:1$XOMUhwKVr0GfrfwZ$4a8edfc34c4e2f97af465060549e02cfb8416bdba3c8bb8e98077efccf6c91b035c2ab033e4ac42829a69d877982f8ea5dbc17153ba117e2f3968ec427b2600c,Andrew Pierce,2,staff,manager,True,2024-12-26T08:05:50,2023-01-27T13:51:56,2025-04-04T23:45:24
1736,user1736,oharrington@example.net,scrypt:32768:8:1$jReJeWGWxUcZq8ye$0ad5f12f077bcb04dfdb20eac47fe7db7fb5e6c43f5f511ef0110a0526e5c33626a593d87532917ead1d3ea4be9844707ed45b3eb2b2c9c601e2dbe7965a0f7c,Kenneth Reese,7,finance,user,True,2025-02-27T11:06:25,2025-08-30T13:16:41,2025-05-25T00:54:07
1737,user1737,diazmichael@example.net,scrypt:32768:8:1$CRVGbBGtCAFPlbk4$907e41104044bbef13fe10924bab56e1f40adcd66c3f991e47c5acb425492d84c409d0410b2dcf5fdc6a847b8a5755ea69768023b0ff43a6cbe8efb509db2815,Logan Mcintosh,7,finance,admin,True,2025-07-16T13:36:00,2021-11-21T02:11:06,2025-09-23T10:00:29
1738,user1738,andrea59@example.org,scrypt:32768:8:1$Omui4djcYKylEHR1$bffe06aa5047e58ab5e71aa6b618bede34aa282321b162fe56aaf7b7b83a816f8444b643badccfd795f2f9ef71d335b334684c8e4fb8c9f20e309efb57fce405,Jason Sims,1,admin,user,True,2025-08-14T23:14:59,2024-06-06T01:16:22,2025-09-30T20:22:54
1739,user1739,mgeorge@example.net,scrypt:32768:8:1$dCEN56VOlHCkSbb1$46f3f0dfc8f86da950c3abfdb30b25a17b7e445fa555c201572ac4c0ff1289eaf0a2aa5253496ac8067ab8eaa10fea8ad28c54e3d1996fbf432564a70ac93b29,Amy Valdez,2,finance,admin,True,2025-04-22T08:05:35,2024-05-24T03:20:08,2025-03-03T13:43:57
1740,user1740,buchananjacob@example.net,scrypt:32768:8:1$HgKCxqf3TSMX1I3o$9ef9dd699c292db1fa222442265d77f31b9ed6ce6ba9ac2e146128e4d1ee7ea18764d96a2a8c71d1c923eef3331d7f61303a0f745d9278acfb8bb83e3701c392,Brandon Mills,2,admin,admin,False,2025-05-28T04:37:57,2022-11-15T02:49:18,2024-04-30T03:24:57
1741,user1741,tammy11@example.com,scrypt:32768:8:1$ns05jKGoBWbgtxMI$8e3a5a465d98ecddeac84bbdab0cc2cce9c897938d42fb0acdfde116e4e284480cf529a7e531e02afc026d0914b4a76e44923de402717cd9fb666d2915f251e9,Daniel Wagner,8,admin,user,True,2025-10-30T09:59:48,2024-03-06T15:25:34,2025-01-20T21:26:54
1742,user1742,wellsjeffrey@example.net,scrypt:32768:8:1$y4HhlfWRScm3tYWh$62dcd748906f750249ac892a9a7d2a7660e66138100a1ae8f800a942627a17504bc5ef2946052dbba0b27a8774e071efe9971e43dac9de875467d8a21dea00cb,Andrea Lopez,2,staff,manager,True,2025-10-20T19:03:24,2025-01-13T23:26:49,2024-12-09T05:49:42
1743,user1743,louis73@example.org,scrypt:32768:8:1$YZE0T5RpWV7nYCqc$a6dbac3f18f0bb8cb3ce3b4363ca3440863e01f15f6e2edccdee80ddbbcdb93c77022a80d49b84f9dc4c70cfea7285fabc91c2060efdf0c6c6e6d8cb47078672,Kristine Mccann,7,staff,user,True,2025-06-08T04:30:05,2022-10-12T09:30:29,2025-09-23T13:54:49
1744,user1744,imiller@example.net,scrypt:32768:8:1$tZFaZlDDiI6pFrG1$f6404eca428d548d2e71c42da1f44cf6ae28b8a951b67f1609377d10e9cf135be084c274f8c551710b3fef4797596cfac6b5d902e1b2cec7d3581635c154bf79,Brian Case,1,managers,manager,False,2025-05-05T03:43:38,2020-11-17T07:45:12,2024-02-08T23:56:01
1745,user1745,matthewsdebra@example.org,scrypt:32768:8:1$aAmYrHjpaStFJTbH$94fd5771059fbfb1c42dab94c2cccb682648fc4ff6977cdee0d3d840d1e43516a247191f9b7005a49d4cb5373d76324e71ee08e452eccdaffad07b60b5540712,Jodi Johnson,4,finance,user,False,2025-07-22T01:34:41,2022-12-15T15:18:54,2025-05-02T03:07:52
1746,user1746,johnsontravis@example.org,scrypt:32768:8:1$zWRawfZQW4jnS2m3$a8f50d156887b8a01c77c95d604a16793b7d8300ffe5dbd4f1a3f8498a51427431500d61e5ae9447e5e28703c8211212eb46a0b96007d5796a9c78b74198fb27,Sean Vasquez,2,admin,admin,True,2024-12-11T02:04:32,2021-06-15T13:50:41,2025-05-20T22:53:20
1747,user1747,awilson@example.com,scrypt:32768:8:1$8DjqUAt8lPhtlSyY$684f1cbb517d075dfb2f138ea42433bc7d40a0a6b2c672e61d459966aec9cb4d99b40f38488ded82c53d2bd8f91b14d9009bb207f1812f2fac67e7c11902af95,Vincent Rodriguez,6,managers,user,True,2024-11-18T14:43:18,2023-12-30T14:19:37,2025-03-06T12:48:37
1748,user1748,cdeleon@example.org,scrypt:32768:8:1$L5kaFKia8TH4HNAv$3ec7d29eb36645b0817ff2e49f0a1e809cfa5c03a6bfffddde9f80432d76cf299f402b5d340034381907a31f4653968c10662b1390b58515bb325ebe6cd661a9,Andrea Reed,2,admin,manager,True,2025-04-12T10:08:14,2025-07-03T11:29:23,2024-03-15T11:57:24
1749,user1749,karen44@example.com,scrypt:32768:8:1$vNQG7rg3YwOCL3sB$27ed64b0a2cd82156a60fee66a81c4e2884037f3c13a36c5dfc1e0aa525667cfbd3f4fa819d1bf372cd1a1454a1945de01f334c39b392b0ce1da8a91329eddb5,Jacob Peters,3,admin,admin,False,2024-11-18T07:55:31,2024-12-25T23:12:29,2025-03-13T15:51:27
1750,user1750,emaldonado@example.org,scrypt:32768:8:1$yMUXFxvAYcri93P0$d3508ebe1ec076f98616609e78edfda359445dd0fb1a0dae18b8d69aea9d35b2996ee49a9bddb8289f69cce1f794a5917073f90db43f6006664c343aac60d3d5,Amy Gray,6,staff,manager,True,2025-02-20T12:03:26,2024-02-04T15:03:01,2025-09-22T03:00:44
1751,user1751,nvang@example.org,scrypt:32768:8:1$57hMfsZMuPvtFaF8$dd38c7d717d8a3b69f21d44560eee1f25b11e993aea972d7656d0a369a2bffde8fc2209e092d913a843fdb91e559f8184a6c0c256adb39251f8add96de241aa6,Daniel Atkins,2,finance,manager,True,2025-05-14T17:42:30,2023-01-29T16:13:27,2025-06-22T22:38:46
1752,user1752,vroberts@example.net,scrypt:32768:8:1$0b7BhXBHXd2IT9bY$1f05975172599d4caafe10361342cc3a6f26e86d9e270c21e5a55fbfcfab22a8570d9b53cc963b120e153cc367e9d3df3b191a6e269c0e5bb1439e260af6d4c3,Caleb Ward,6,finance,manager,True,2025-01-18T22:52:40,2024-11-18T12:54:14,2024-08-16T20:57:52
1753,user1753,dodsonrhonda@example.org,scrypt:32768:8:1$kHofaiYxplD5Ogon$dd5f8c70fc194f0d6ef513f997cc76e89704c17a55e6d0d565b74064321f0a7614994f2e327abd23e76f3444b535f36d7c779746956c9e0bd8a5764b9dd61840,Jesse Singh,10,staff,admin,True,2025-06-16T12:08:55,2025-05-20T03:08:00,2025-08-22T03:41:37
1754,user1754,karen68@example.net,scrypt:32768:8:1$s8X0whglRphagdWa$645d3d2fd1724bbf7cb9c2052256567092466d5c1ca981e2253227a05436e7b228999be162d34287745b3c136140d237a30a381925fad8bde43d871d7be337e4,Natalie Hansen,8,managers,admin,True,2025-04-28T14:03:04,2025-05-13T23:57:47,2025-01-21T18:21:18
1755,user1755,brenda91@example.com,scrypt:32768:8:1$cjyzBnX3AqJM2cWY$399b8fa17994d095216e2fb8af27e7df9ae2fb74b41f8b15a117998bcb3e2a7a13ab3eefcee31f94f45b5c02c2f50bd789b38d773ae714b0d25a576894cbb2ec,Julie Simmons,5,admin,admin,True,2025-08-12T17:36:49,2023-11-03T06:21:52,2024-11-09T08:09:09
1756,user1756,brittney94@example.org,scrypt:32768:8:1$3f7YT7kjj7SyxCeX$9d241a6c6e2fccb4f3971c369a82813b1774d845737828031cb04df8959b640aa5fa9abbc95e41fbd6f03dc5437b8bf5b3ff06185a188e460b457b5778c10553,Jeffrey Fowler,3,staff,user,True,2025-09-14T05:31:52,2025-03-30T19:25:42,2023-12-20T23:57:21
1757,user1757,jessica66@example.com,scrypt:32768:8:1$uKkGCw59pdIAp1Oz$43d64e18e48cfc257ea3f579847ad86b13151da120d50ec7a63aa2681121924dcb610cb5222be91529238811fa286e72efc135ba4f5308c492f2e781d34619cb,Jason Schwartz,6,staff,admin,True,2025-01-07T21:36:46,2022-03-26T13:00:25,2024-09-02T13:22:32
1758,user1758,davidjohnson@example.org,scrypt:32768:8:1$pciven3PacqMWVW1$371a0d16050edb1241711e463ec6ad8778b2f97b353ef5519e1b1b810523a76d765119b8d912b6bf4cc81a796ec693401d1b06f034bf6ffdff2551acdf63464f,Matthew Booth,9,managers,user,False,2024-11-27T10:27:24,2022-05-17T23:34:18,2024-02-22T00:05:16
1759,user1759,priscillawilson@example.org,scrypt:32768:8:1$c4RCig43KxEB0uxn$73d8c57cf0218adfbe8f4039af8be44345d6972a71070c101939bd73f1c3e6b8d6f4abffacf084ecbccd6f388698d6d045e7abadadbf48e968770e3431dab10c,Barbara Hayes,6,finance,manager,True,2025-03-13T08:35:58,2025-08-29T08:43:56,2025-07-10T15:46:14
1760,user1760,sramirez@example.org,scrypt:32768:8:1$T9pDX86nzjMkkXxu$e428cec9e9de1cc2e0423bdcfafcbafeb90f39e2366d48f77ee19882d9310e2c40d2d1fb3b6f0b649d27bc8508fd429a97f813dcd36d4527682dc83a112a3568,Jessica Lloyd,9,finance,manager,False,2025-10-28T17:31:57,2023-12-21T19:22:43,2024-12-24T06:06:06
1761,user1761,brendalarson@example.org,scrypt:32768:8:1$xbjqaTfM0gwlNFBf$3eb49dbabcc26b4be29bab2d012fb82bbf2eadd656a172b79ab3c443fe5c01ad69fbb32b18b07ab00afed1e4c5badebcb9f3f2d2e236c999647dcae366854df8,Robert Smith,5,managers,user,True,2025-05-31T21:09:33,2025-04-17T02:06:01,2024-02-29T04:31:47
1762,user1762,gmeyer@example.net,scrypt:32768:8:1$74Lnn9rNKQpqFMTu$bc69316e228c18d59f4cf6f3aa1b5463004ea484eb5ec526929980d8d98b67b6379a4a2123f42fcffc360b16a68b8f824e6ad8ca9f5805057e769929fbdf63bf,Christopher Park,3,finance,manager,True,2025-02-18T00:06:22,2021-03-22T09:36:13,2024-06-29T03:25:27
1763,user1763,rachel55@example.com,scrypt:32768:8:1$JNypZ5Cy5WkL7hVm$ef04dbacdd981b7220ba8fe661217cac5d30c632724d49bcd09dd71b7dba581f29e233ff4a59ce7af00a171393a902b8f72cb5682c22263c252ba4c14021b5a5,Jennifer Roberts,2,finance,manager,True,2025-06-27T13:51:54,2024-04-22T23:54:15,2025-09-26T15:15:42
1764,user1764,sean92@example.com,scrypt:32768:8:1$hvTC3JkMLHJrSmOT$5c8b8c5b6ee06e94be98dac562461afa3a70f2245bc16458451a77d7cd86146a03e2efe183ed6de4b90daa27e10916ed79a9a921774da85fc13055faa00685cb,Randy Larsen,6,finance,user,True,2025-09-22T02:41:07,2021-05-16T04:42:53,2024-09-15T12:28:01
1765,user1765,ashley89@example.net,scrypt:32768:8:1$H6yIlS67Z7u6R2fG$fcb54589f0b17bea15289251cc971e22006e0e26fd8f9a31391910661cd66bf8d9f9bed0af4950cdd91c5a3d2f384fd0a135589b0ef4f51437268ddbb530a830,Charles Jenkins,2,admin,user,True,2025-02-05T21:57:26,2024-07-20T15:44:39,2024-02-20T20:08:28
1766,user1766,frankfranklin@example.net,scrypt:32768:8:1$Zs6VoVQRXtg5yXUP$66226758baf2927a4d5bca48692549ef28d2d9d7e1c967d4750674b11375387b4c554f5c4a2add709bc1f62c3a0e8b6504d597205ce40414704eb43517916705,Christopher Mason,5,staff,admin,True,2025-06-29T22:11:00,2023-05-17T10:59:12,2025-06-29T22:58:47
1767,user1767,phernandez@example.com,scrypt:32768:8:1$X45n8dqQWy0rL5GX$280a673a05805f059db77e462e44f48f9b4c6dbf17f58dc92b02aa4a51c985047d82a1783a66272636f1331437055a7759c651adc5b736787fed986e83998b4d,Patrick Davenport,5,managers,manager,False,2025-01-30T04:19:26,2023-03-26T14:43:08,2024-05-31T17:46:29
1768,user1768,alyssasalazar@example.net,scrypt:32768:8:1$SKvR3d47PHRX0GtQ$159ffec2304de2f3f0c2c610bf3271923adfa9fcc0b03202fa9ac3e7a737d680c763726bad22919f31f92ea9ed0e6844e1efb1fd8de3cff60ebb6e1ed7170b1b,Robert Fuller,7,admin,admin,True,2025-02-13T21:37:24,2021-11-30T00:44:35,2024-11-13T06:46:05
1769,user1769,wheelerevan@example.com,scrypt:32768:8:1$gF77n4U8XPP2OLV6$4c3216209b427a41677e1971ad6b189cc95f8192b4bc9740a13704300dece7d3cea654657e227135ad08fdc96ab96c8faea334f681e4c61b52f506c5646b14d9,Jennifer Armstrong,2,admin,manager,True,2025-04-16T13:42:58,2023-08-20T02:40:53,2025-04-25T17:05:54
1770,user1770,christine47@example.net,scrypt:32768:8:1$nZcOkZuu27nca6LY$f090483682fd53f6a458b8b03f8df9fbb92af4c6fcacf1d11ba0175fdf41843a62fe42dcce820ae23c31d7c5815b3f20fc3e0ef5eca5fd76d05c9fe22a3f38e2,Joseph Burgess,2,managers,manager,False,2024-12-19T01:52:07,2023-08-26T09:57:09,2025-01-18T21:13:27
1771,user1771,katiereynolds@example.com,scrypt:32768:8:1$XhydF9qd97FjYEQ7$fa67739643c59b5487f92987ef2d2c4a2ca74f1755183f8b3fdd6f2d50caeb251396e9a4dd8e3a1485b81705d372ba9098c457929436b1197b118d77daf52442,Paul Singleton Jr.,1,finance,admin,True,2024-11-16T10:26:28,2023-05-29T14:46:32,2025-03-13T08:28:04
1772,user1772,johnsonmaria@example.com,scrypt:32768:8:1$63GwrTJPy5JuZNKP$0a637a25cf85e0be6e28aa7d5728771b17254ebe1957e57d9d5144e9f029941cb790998a4953485a13074b3b7b0301072d247acac18f8c62fdc83195c1138288,Kimberly Jackson,9,managers,user,True,2025-10-20T08:39:28,2023-11-30T14:33:42,2024-02-15T09:54:09
1773,user1773,helen23@example.com,scrypt:32768:8:1$32d74OvXt0ubhU01$c7ab5a9b21112887ae9763cfd5668b0732cb9c7f8acabdc3f048459caa20111571bfcb4358fa648c84969952c08a0e3a4f9d01d5236e6f6b82ccfe9a34bdb557,John Coleman,10,managers,manager,False,2024-11-10T02:33:28,2023-04-21T13:11:11,2024-07-03T16:33:39
1774,user1774,mendozajennifer@example.org,scrypt:32768:8:1$F6icHbEJR9pqSNJz$1e990cf55c07c1a71bb7177d7eb065941a03bc7d2c793d96f8a0e516b5a49a3ac77ef59a162dbf240d46fa7352eef09df557a7cd8c095b0095f0e91579f5692f,Kristi Wolfe,9,managers,admin,False,2025-10-10T15:02:12,2023-03-02T19:59:44,2025-09-26T05:58:12
1775,user1775,michael51@example.net,scrypt:32768:8:1$P4gO0rld6mnnwiex$07f85d5603a52d559cb4e05fbf35ea9090c8e9b6ded43810048c89e8421f4e1c6dfdbfe25c67e4be444be1f822413902eac4094c813798ab4bbcc3fa9d2cb968,Julia Freeman,6,staff,admin,True,2024-12-19T00:36:05,2021-03-02T20:27:19,2023-11-13T18:09:02
1776,user1776,adam27@example.org,scrypt:32768:8:1$zT6kkXIR0W277on1$6e0738166632510a030fe9462c23775515f7710a4bb93dcc44f48c07e164633424d6274ae52d834909ab2ce13c483264ed621c5894e611ddf0db73b0df8f2fca,Leslie Carr,8,finance,admin,True,2025-03-16T16:50:11,2022-04-30T19:44:30,2025-01-14T05:44:05
1777,user1777,michellemartinez@example.com,scrypt:32768:8:1$B6Atm3Q4eTyX6Gyo$a9a58261b99cb649ec0833037ebff4b8c13e44d119a90415ce0182723e482433a0db50b2b42171f63902ac0c4735c2ae3aca87139f07f0db216dc1edef804504,Aaron Perry,5,managers,user,True,2025-09-08T13:50:48,2025-09-04T15:21:37,2023-11-15T03:49:34
1778,user1778,johngibson@example.com,scrypt:32768:8:1$92G4CVsyeByG6v19$41222f9ecacdb6a55721e5eb73010a787ef60d0eacdf0b8639e07ab1a50164f2ba12b6a231a0b0bbb83644df0886fb9b6a011677731aaa1c84a7bdf24bd4bc22,William Reyes,4,finance,admin,True,2025-04-15T08:50:58,2025-03-09T01:27:28,2023-12-07T12:29:49
1779,user1779,jacksonchristy@example.org,scrypt:32768:8:1$EARMTKUQ9g2epteF$43c6de243dca173ef2d25b011b3059a13a15049cee2e69ab1c594688667557fd83a15a53c3b2b691c5f499d9b84e3a40f5d1c14a94205723da0e690ad378efbd,Joseph Williams,4,finance,user,False,2025-08-20T23:25:37,2021-06-30T06:20:36,2025-10-03T15:43:07
1780,user1780,melindawiley@example.net,scrypt:32768:8:1$LbaQR4xvUEg595mr$d23c03df18488aa184625587b56cbc31ba2249f2f994d60e93482432fe90a3aecb3056d7f402d00a2c8f96a4fdc4fda30ab382ff03827b1da0937437f6c0b868,Samantha Miller,9,managers,manager,True,2025-06-17T13:48:44,2021-09-21T07:29:11,2024-04-10T05:47:41
1781,user1781,jonathan69@example.org,scrypt:32768:8:1$r912ky7IKbNrYQOp$c47e09099e4e896fb5c03b620a7772a03b7e516701f75cd421396aae24b4493eb3c8933ab9fe327df72a4b9020b13cc6d3e9af8a6a5bc8db7cd09fd2a48fdcb0,Ariel Andersen,4,finance,manager,True,2025-09-09T01:24:45,2022-07-12T10:03:08,2024-05-05T08:57:24
1782,user1782,davidmiller@example.org,scrypt:32768:8:1$tdaMUYpKjBQEJ7nm$84477a6dbae2f831d31101e740a06a5c12504a766d962d8e179d74ad3a9aac3f8b5b378061e4614f686ce1d44404348eb240b0260301fc3e97ebb6eea1e583e0,Ashley Wright,1,managers,manager,True,2025-03-22T08:55:29,2025-06-07T13:34:46,2024-03-11T13:16:29
1783,user1783,bryan50@example.net,scrypt:32768:8:1$9ha6GUDiHypFVeQ7$cf351a8734d598bc83967295fb5d15280f2748e990ee3295d3dfaf06b146c8a57f911e9f05b6ca592ab5f3175f5f80f7ab794fcdffdb1784e09dc1219092c676,Brian Hartman,8,staff,admin,True,2025-08-12T02:44:17,2024-07-27T19:41:50,2025-03-06T19:43:58
1784,user1784,tylerstevens@example.org,scrypt:32768:8:1$srDzv6In95Rboohe$2ae5abf221857acb2c9dfbf4179fb6b854170b7ab635a2122b378ba3914ed9303cd5a7c60e498d06cf6d34c32213335a7489f9d3b80667198f4ea7de0e4b2011,Felicia Williamson,8,admin,user,True,2025-06-11T22:18:40,2024-05-14T02:59:50,2024-04-26T01:46:25
1785,user1785,bcallahan@example.com,scrypt:32768:8:1$qRHgE8Svo3AZlbOx$1aba5b0c15eb88d8d8c40791028cc284115641118322c2aa1b96d93a58e6f1e67905fafc3dc7bd05876c92e5d3793fdde21666c72ed12e9545a3431971bd7656,Jo Hines,9,admin,admin,True,2025-03-20T01:51:31,2021-09-04T16:54:13,2025-06-03T15:21:24
1786,user1786,jdiaz@example.net,scrypt:32768:8:1$fj5lx9iBfHFBDMuB$3d43428447fbdcb3c5532b941b8265af22166604df8df3fba5c4c095fb8d5a37440f7ca0814e2b69b14c5b1911ec3a59295a99d9322a28312b77c5f2ae050955,Stephanie Vazquez,4,staff,admin,True,2024-12-22T09:19:56,2023-12-24T04:38:09,2025-04-07T03:00:34
1787,user1787,gouldalejandro@example.net,scrypt:32768:8:1$VhYPadBp9Uuotx1F$ad4cd65d05eee2a909ffeac38fa0de008845dc3c72811364330ee9bce9c5fa6f772edbcec9655874030dcdeb6336c257c8e0e34d6ae03158ff6155cc86cb0607,Sarah Lawson,1,staff,user,False,2025-09-16T11:53:31,2024-03-19T05:48:07,2024-10-16T08:38:27
1788,user1788,andersonbrittany@example.com,scrypt:32768:8:1$IBK0GWKedFRcBxMt$730cbf81a402a1b5c1ccbe98a9880755c24c0a73c565b275dc43d2201b388aebe890988236f100316640139fc4cfebdaa73c27627a1a9f34d4d6f0c50a66cbc5,Theresa Howard,4,managers,manager,True,2025-01-13T16:10:58,2023-10-21T07:51:10,2025-02-06T07:22:49
1789,user1789,amy21@example.net,scrypt:32768:8:1$Lm2Q5OFSYr0hsGfp$6c981bc06c63f8bfdfdcff3e654f65f97d398ff31528cd85376d6c78b5eb8507ca2d52ce3d6d7f207474c1f98b1060848b7b7a87875860b53be9651912bd90f2,Linda Keith,4,finance,user,False,2025-09-15T09:54:58,2021-02-03T03:11:33,2024-11-27T05:19:37
1790,user1790,deleonrichard@example.com,scrypt:32768:8:1$g3bpjDofNqMInBeG$6a2294027ffb16afa5e88da20b7b8b60c15e22f76f2a24bd19c164ef98c3c9ca18a05d65c79753a0903b83b5ee3ba7ee8371f13f49b575e9505aa102fee28456,Brent Jones,6,finance,user,True,2025-09-01T10:28:02,2021-03-15T18:06:49,2025-01-26T09:14:08
1791,user1791,snyderwilliam@example.org,scrypt:32768:8:1$0hFF12nquLOmZqJT$52c4d94400c3fb1716f365bf6ac3662d0c3749167eeba315556283f7c9f6819f8a2ddfb6c207c04b5dbf978f623017976c304387cbde0ff43d94c28c659178b0,Margaret Turner,3,admin,manager,True,2025-09-22T12:00:22,2025-10-19T04:05:41,2024-12-30T16:59:16
1792,user1792,nealmichael@example.net,scrypt:32768:8:1$WYfx91tkzIztw88G$6c7efeb0293b640fde2c215a71873b794f92c955e18d42edffca8cdc270cb2a72ea2472d01a77c43b58db44340c6add1ca7e9a67a10b001a60f9625a070c77e8,Taylor Martinez,3,admin,user,False,2025-06-07T11:55:38,2025-08-30T02:43:24,2024-03-01T06:54:55
1793,user1793,craigbarbara@example.com,scrypt:32768:8:1$R7G8AuBPsazh3z7S$8af9c77c5ec4f821bcdaeee6d9eb5ec42d9b820c3c114d770dd489f7ceb98640528759dec6327dd7cd200f88d3f1117d16206eb195a654644f6fb04e8506a4e1,Mark Rivera,8,managers,manager,True,2025-03-17T05:30:55,2021-02-16T20:02:05,2025-07-24T13:16:42
1794,user1794,john20@example.org,scrypt:32768:8:1$6rW9dPtAG9cmWJuF$258abc21bb1327dc361e501519f168ba3670569e58a67fb91d1a6bde322340e6a25215fbf810e82730689fcba098884da20948fb963bf5ac0e9c6103db0cd8c3,Kimberly West,3,staff,manager,True,2025-03-14T02:47:07,2025-01-27T06:29:30,2024-02-18T08:59:28
1795,user1795,stacyacosta@example.org,scrypt:32768:8:1$8SYHCrhtJMBPT3oV$59318adae0e73c0b3450f57b01772c13a3d96b8b5a597dc43d5552c1645c2ce08b2fbedd138871f449de052a855a9c34c7eaa4415e8f786c65c845c66018ffc8,Kristin Woods,7,staff,admin,True,2025-06-26T01:36:18,2022-06-02T05:48:16,2025-03-23T20:34:55
1796,user1796,watkinsdavid@example.org,scrypt:32768:8:1$t7yXgF2F0eUh8eoK$4d779402e7421654f76b54831c8c22508f34628711aa57ab6e7b0cf05bc5f18b496e17aaec48f0fc148a775b8b460415aef1713375053763f8a1b6bed1ca0092,Jessica Gross,10,staff,admin,True,2025-05-07T14:12:51,2021-01-22T06:28:08,2024-08-01T23:59:03
1797,user1797,amyzimmerman@example.net,scrypt:32768:8:1$T3BjfpCGczQsaFBq$c22f57537fee618fd162bb8bf7c7f542ac34e75b0304ec7771c2bef7a3dc591de29999c2746d84b9d7f91d379079327785060cb5017591cb2f626b249279c507,Victoria Kelley,2,staff,admin,True,2025-03-19T20:16:11,2024-04-12T00:02:36,2025-02-07T20:01:42
1798,user1798,jamesharvey@example.com,scrypt:32768:8:1$qxOSRbJXJsmB7Eh3$8e6c79bb4654e8f6aa971586dddce5c05f5c1f773ccad56ac20ac13a376c131a00fb25472f4bf4f1932d12f7484c4bd794d6f135aec8622b02d610fbfb5b9316,Eric Owens,2,admin,admin,True,2025-10-22T19:59:14,2025-01-06T04:12:50,2025-05-16T22:58:01
1799,user1799,brettrobinson@example.com,scrypt:32768:8:1$31mAJ2yJBx3bNhJF$908eacbde4a9d8370b46b77c7bddd2c2854b611ab3188b059a433d344021221c9db5f85f8bd6b4096442ada119698430e154e9c06ddb311a779774065db43065,Austin Ross,4,finance,user,True,2024-11-17T15:37:32,2024-06-12T12:43:08,2024-01-12T17:10:33
1800,user1800,andrew88@example.net,scrypt:32768:8:1$vVv2VNHweJ2UYPTY$dfdd6900f4c4a9e9f008e9f96d00487d39d1caf6eede434771641c9cc993e25d4efa8d1e78f462956966d0a1da065eb19d642711dec4bfc8a00a930a068bb705,Rachel Smith,7,staff,manager,True,2025-06-03T13:42:26,2021-10-28T21:22:23,2025-07-05T03:04:38
1801,user1801,qgamble@example.net,scrypt:32768:8:1$CuZOe19CUtQhOthC$027e6449543fa75bfe42d544f31dfd08c304546f4e10f77372b4aaa25128f977df8ce3c3f68576abf251562f84eee7bbb78ba8816244f8a5ea96b884400ff186,John Phillips,8,staff,admin,False,2024-12-10T20:05:46,2021-09-19T11:35:31,2024-08-08T09:19:55
1802,user1802,rogermorgan@example.com,scrypt:32768:8:1$yY1L4ZiOL7AakRdG$2a3dc3391e716e3b0b75ba276c46d2b6e04773ad2d3371552de353b2618680cb4a1300d5ad5bd69ee403e75a6db9a4a6bd14d04541c34ce3113ef6e54c60ad32,Gabriel Jackson,6,managers,manager,False,2025-03-11T07:22:16,2024-03-26T09:02:26,2025-08-14T21:07:03
1803,user1803,robertgomez@example.net,scrypt:32768:8:1$JalwGxUKIgDesEny$10053a938c71a329132568ebcfd7c69de66c7e232a332b4156c0b0f2f0294366f7b6cc2c78e28bd40436d4e52ecc8f3d3013a1a7c28bea569112712f8f51176a,Michael Morales,6,managers,manager,True,2025-09-24T06:48:02,2023-05-14T10:14:19,2024-09-08T10:45:20
1804,user1804,cturner@example.com,scrypt:32768:8:1$d7k5WD2vvAvciCle$eb427931205ab20a4b6f6c33423168af7097f21c2a41ff632a237ea7397fb3e343bfad0ecfc6675ae7afe92bc87f3eaf26ccec1dec62653bb07b15a29589d144,Jose Franklin,9,staff,user,True,2024-11-27T06:17:28,2021-10-22T01:04:17,2025-10-04T12:20:11
1805,user1805,devinnelson@example.com,scrypt:32768:8:1$f3f2guS5eKZBmz1x$5144b848991e93a64eaaa3ba2e9f62df30bd5e1024ac3918b6acb2ced6e1a055f9768b039753b2628564b0157c313f1413a80cb95160f35b1e1305c0e4ae918b,Colleen Mitchell,2,admin,manager,False,2024-11-04T01:04:11,2021-05-04T03:11:06,2023-11-10T19:57:09
1806,user1806,simonjennifer@example.com,scrypt:32768:8:1$QPND9VQ96PQHfuFU$ab9347fb952f37fbf72ffafe1775666f4e191e4d30e403e7ebb72c69ac87ba4079aee751b89a83ff94872794f6e0d1d327129c6265f0d5245367e488ab2977aa,Amanda Hanna,4,managers,admin,True,2025-05-20T01:00:46,2023-02-10T15:14:23,2025-08-30T10:09:06
1807,user1807,courtney15@example.org,scrypt:32768:8:1$8O8LycWIekFBDGpU$90dde143b178f46f5dece1d8ff031273055bd953663f8a9e00671165bc5547d789eaf0d334c9aaa540043cc93ea12d387ec0cff85f9f89e96ba3101598dcca1e,Cody Robinson,4,staff,user,True,2025-03-03T20:10:03,2022-10-12T20:25:53,2025-02-03T03:28:11
1808,user1808,robert35@example.com,scrypt:32768:8:1$ZCTJw2G8RMD2RGrF$2b97b33dd92b715a1cde28a2e2ed07b6fd5908fc230773732e35d1df83a83f03b450bfe9e6432d6d8f604b30474eb023050f0a3939b3beb6e9830b027b21d4f2,Beverly Williams,6,finance,user,False,2024-11-20T22:34:40,2022-08-05T21:43:42,2024-08-10T13:57:24
1809,user1809,jacob80@example.net,scrypt:32768:8:1$gsPvP2Y2EZ6Z0YMT$4caa6db9babf7d6010e349ce8867fdaac07571d87f74dfe8a450c0ed554b5e3553e280e98c2bad0d57027e37dbf6e3afc5855af88d4dc8b59d149151ee45705d,Joan Barker,9,managers,user,True,2025-10-15T08:44:08,2024-06-09T19:37:25,2024-01-17T08:23:48
1810,user1810,alexandra88@example.org,scrypt:32768:8:1$kLKbDiKpyacrKFCr$a6bba6fa78717bbe786fe67e1dde262c7b454aa091a751b920aade41437d30e53679c150984ce303e9222d4eb07ed89886545c619b109873604f77ad9454f82d,Melvin Miller,9,managers,manager,True,2025-07-30T02:55:25,2021-09-14T02:15:55,2025-04-25T17:55:58
1811,user1811,phillipjohnson@example.net,scrypt:32768:8:1$Bj2Zj3N5sha0Y4WN$2f8928ab9c48fae6bc2d3aea2f56ae54511a5c709f3018832d0b7df73186e86c4c30a47831a620ae6d367734c1b956a98093962f55f39b142c32a81a5dafcd1f,Janice Guzman,5,managers,manager,False,2025-07-10T07:49:59,2024-04-04T12:15:58,2024-04-29T13:22:46
1812,user1812,jimlamb@example.com,scrypt:32768:8:1$wwYoD70zz0DRVlQg$d42dc1c3b5bd51430a32efa558b0239332188c94cb7938db862e0c5489136cf2db0690a47688e1de5a0ad631cd39f7b8a681548f42b1209faf4bfaeca63358b5,Catherine Bradley,1,staff,user,True,2025-06-21T08:32:51,2020-11-14T21:54:15,2024-01-02T08:37:08
1813,user1813,yriddle@example.net,scrypt:32768:8:1$YCroaX9OfyK5bnPC$28ffbf38bf7779cb821f975a10097c29cbbe41b2a6e44bc929b8d828288b618f3f454b52ecd5e1cbb013afb13660753bc3375fd25b13f94fce9c05be23e72b0b,John Bennett,7,admin,user,True,2024-12-01T02:16:16,2022-02-23T16:11:42,2024-04-02T13:59:17
1814,user1814,vegajason@example.org,scrypt:32768:8:1$QJ20WCdvLAQ8P4j5$d256131e1f3834e1cd7f74473405de73526651ad96de028196a1d9139fe1c48f4145fcf03184a56d3f9301fd742eba016054f5244c2f7a0b7a2fc6746effaf19,Zachary Griffin,1,staff,admin,True,2024-11-03T17:38:16,2021-02-16T08:09:16,2025-03-11T16:03:34
1815,user1815,lisalogan@example.com,scrypt:32768:8:1$S4DlqroJTwZBOPi5$6e101db06a651fa5ed1888cfd849d2dbcb96223c19ea104f8a342deca6257a8588692d88d6ee8aa15520abbfb2c893103392d902fb2a9a361ecfe79d76aeeca9,Cassidy Ramirez,2,admin,manager,False,2025-08-29T18:59:20,2021-02-02T18:22:24,2023-11-13T05:11:27
1816,user1816,stevenjohnson@example.org,scrypt:32768:8:1$TwSC6Ay2S3fd0gv4$1bdd07a46361d9c16ddbd5dce708f93f1ef8580ccf5e0497ba136d8b2ef8766d2809d0c0b71c7fa05702290fafe7f2dafc6bc60ae8fe079bd69ae4e49bf819d2,Nathaniel Simmons,1,finance,user,True,2025-08-31T13:44:18,2025-07-31T18:39:03,2025-10-28T18:54:35
1817,user1817,sonya81@example.net,scrypt:32768:8:1$uHY3d4bx30d00gGu$42ee49c199b04928276094de69f5730904733b49999a2167d8d218a0cd4bcfe8ca61ec5411d9127203b4868f200c4e0eea1181df9fa056f156c23b211a6ece70,Mary Gutierrez,2,admin,admin,False,2025-09-19T10:09:25,2024-06-16T22:57:42,2024-07-28T10:10:53
1818,user1818,amanda41@example.org,scrypt:32768:8:1$iLWoUyuFRT6tGlL4$5e34819f0d50ad17f4cd0a1e3ba212ba29cdddc99da9ddd1351c258bb16a682d16bfa99385c090fbfbe431b6d37919dabf3a5874b0b695c22de44792ae6e3fe6,Marc Johnson,7,staff,admin,True,2025-06-12T21:26:42,2023-01-06T08:35:59,2024-05-28T10:43:11
1819,user1819,hbrown@example.net,scrypt:32768:8:1$ZBUxVwYN1Z4T867o$6838e941313d35c2a37c3f70e5dd7bed3ea99729ba6f931d065ea3342b0475a719b648a329e70f7d3d954510dfb3bbc38f076c4856486c9b03d93dc939ff6dc3,Erin Pope,1,finance,user,True,2025-04-27T20:34:37,2022-10-04T08:29:52,2024-10-07T23:33:24
1820,user1820,davisamanda@example.net,scrypt:32768:8:1$wII0i9a4fpwqajDd$d9a704eca1101b7fd6a93c442455f9a28c35404d23bcb65bcd813582e82f62fbe8f24aceeb6fb04f750a3c435689bffd38720746fdaf5891e35f32fc89c31132,Billy Burns,5,staff,user,True,2025-09-02T15:25:25,2023-11-22T18:46:06,2025-09-08T13:45:26
1821,user1821,obrooks@example.org,scrypt:32768:8:1$pFe8ehyP05ZsEMav$f35a1861fe89e21150e058978b7e6ce8bc101ccae19d051ea918dac48c10453934134b95dde0de9feb0ac58a68e0eb3c05a4344a903f764dec1aa42e554be3f9,Daniel Patel,10,admin,manager,True,2025-09-24T10:01:55,2021-04-01T21:28:43,2025-04-20T01:31:48
1822,user1822,martinezedward@example.com,scrypt:32768:8:1$Vz9X6l0Sytt15QYK$69f98c0d9aef03dfcc4c18365c23e660b1a766896876f7f124bae7a079e523e2de1e23120e36b3cae6dfe827969f80fcb499c390311e3fa6de0c7e0178b0b62e,Diane Fischer,3,staff,admin,True,2025-03-01T02:41:17,2024-11-26T20:07:07,2024-10-05T07:48:44
1823,user1823,rtran@example.com,scrypt:32768:8:1$oBiqpViF5pcArlp1$f22ffd5c39ec4f44d2b81b68a18e1aa4c555cb5d4e163730df771088e9c82fc20712ed5bb6b5dc9d42c52832ecdade598cc1397cec4ae3605d6d974b53725a79,Shannon Martinez,2,managers,user,True,2025-10-06T16:48:30,2021-04-13T00:24:16,2024-12-27T03:46:25
1824,user1824,luis92@example.org,scrypt:32768:8:1$Xdwhzkyh04DklJdQ$49241ec0a0d8a6e8b3fba77c3720249f9d8c54cb2b8068e3ddeb6a476ba9c014b466be0904f6f4bf4a995600079ef3cddda8fda85475685b00c5068fbcce9ce7,Courtney Wright,4,staff,user,True,2025-08-09T12:49:15,2025-09-16T19:35:03,2024-09-03T09:18:37
1825,user1825,hmartinez@example.net,scrypt:32768:8:1$MDN9PlEqzGv2X9Vc$0cae5ed59ac9bd99bbfa65a19e877a28ca7d18f8e70689641646297389964b8e87597e58ae50ae68ad64d72f082f2d624f94e30d7af650f6166d7365aa3298c8,Christopher Pitts,2,managers,manager,True,2025-10-25T11:02:25,2022-06-30T22:30:01,2024-03-02T19:34:25
1826,user1826,huntergabrielle@example.net,scrypt:32768:8:1$VOVgEBX99JFZByXf$6b9e28369046755127f482fbae0129ef6e871419c79b710a1456a3ecf3007f2c02375f2569f74960e0f57303d1fd115595500619d840d4347890b82fe3220cfd,Thomas Smith,8,finance,admin,True,2024-12-31T13:10:35,2024-11-05T09:49:09,2024-05-08T11:02:43
1827,user1827,fcampos@example.com,scrypt:32768:8:1$xcCoioJpQv9Lf7tZ$69308ce92eeb489b6418f77f06b2a778f66a30ebc86cebb78e2fa200fa50d160c6123258148c229079e12af8c03c56bf58b9ed9305bd7ee6ab09d6fcbe2a82ae,Jeffrey Cisneros,6,admin,admin,True,2025-03-03T05:09:51,2024-02-22T18:11:25,2024-07-16T14:01:49
1828,user1828,maryhamilton@example.net,scrypt:32768:8:1$FvNzWkmiASdOZIJ4$a77efc325274a0716005692f878850e7332d538920cb51d8bf723d2ae85f612f52267efb0d1f8769df589b92c394be6892baa1a13b7e0b4588063619c1afc549,Jeremy Hanson,3,managers,user,True,2024-12-15T07:41:28,2021-08-08T22:19:25,2024-06-21T08:26:19
1829,user1829,grahambrent@example.net,scrypt:32768:8:1$htC0bTxEQbpPaX0e$f0bcc0894024b17dc990fd893f8faac41d042792cc7fe62e77e4c38c26dd8e20bc386b40f8a5dcc4e51328c68f122c3efd681a327882d61d64553d47437bffa2,Mercedes Martinez,5,finance,admin,True,2025-08-19T10:17:36,2021-02-10T04:23:54,2025-01-27T16:07:36
1830,user1830,ebutler@example.net,scrypt:32768:8:1$ZliLiVTePmxcsUZy$78b80cd1ed0cd314e37b859a19d29668431cbde324eb869428efc64aa899c49266d3abcf24d059be1e5f0fbbbd42ba612a38c824707da04407f554576b1576e4,Rebecca Baker,8,finance,user,True,2025-10-09T18:17:16,2023-06-25T23:12:57,2025-03-30T14:20:54
1831,user1831,emilyjones@example.com,scrypt:32768:8:1$ZVgJDgyDgJeUq92N$c9fb2eb476aaf53920d5bce4d85fe6d2343044326383c5d376cf5c4db4d2b87cb06db5624484132f167f82a6d4d77aeb4094ccbdadfbe209e8f758a86d83ed1b,Colleen Johnson,10,admin,manager,False,2025-08-22T13:40:27,2024-11-26T20:29:02,2024-09-19T14:52:59
1832,user1832,mccoyjennifer@example.org,scrypt:32768:8:1$vTH7LzvN3dcHoRdr$cf0cb4334dea6cf7b41497e0b4f597d82261fb7714de20df48b14b0c55d32d1685597d6e0e66bd031898af5fe982394d2e113319a057bb8f74fc7009ac21e6ed,Ashley Jones,2,finance,admin,True,2025-03-05T06:47:54,2025-09-27T10:03:14,2025-03-17T13:17:35
1833,user1833,chad36@example.net,scrypt:32768:8:1$04eau4rJur3gCkwD$353e7f22042b231439d103b07240dfad2cc677c44f5ba5b6e2b0f87fd0d6d19203d0c7dee9a2a9ffc93e00c6a73cd44d46aa87ca9714100bec15bf6effc4b689,Kevin Valentine,9,admin,manager,True,2025-02-04T11:27:53,2024-04-21T14:39:18,2025-06-05T04:19:19
1834,user1834,jacobbrown@example.com,scrypt:32768:8:1$c3XThLup1TgwJn5n$6010b22fc917de12bd53a6bed6c0eed806c0f71981f38eeef0ec6950882308d3bad47e7003a3658cd18aa130e34ae7aea6c632d8fd021f784de5fd46cce1ab99,William Vaughan,8,staff,user,False,2025-01-21T18:47:01,2022-05-31T17:26:09,2024-06-04T06:31:38
1835,user1835,qrodriguez@example.com,scrypt:32768:8:1$C9wCCCxlDDxh9nAU$4cdd8c1ccc576c0da53074f420e964f7e2381f26558382d83f064036f20677c93f6d5f2b0ba754d39250ab1f983c454b82a8d79b5b17b79bdb90b820a9def10c,Maria Mcfarland,3,managers,admin,True,2025-09-23T15:45:42,2025-03-20T12:59:46,2024-10-24T19:43:58
1836,user1836,sarah98@example.org,scrypt:32768:8:1$rpzNBYAMHu7Jwfbx$d330d3601bde2f94e9a16fd66fb4e9e8d633f5e61e6169dbc0355ea955a72b1233041507f55378ec4f064c601d4618198870cd51e0af5bfe59a4e2ac39db3b8b,Cynthia Adkins,3,admin,admin,True,2025-09-30T06:04:59,2021-01-05T23:57:51,2025-09-08T20:29:59
1837,user1837,christine28@example.com,scrypt:32768:8:1$ozwtQbt0WZqXsqcm$46558f36eff46417f9645d35a06757a8379522cbb098364023e8b4b079168206126e9fc8b7a6e6045e9a2f750954ea190b873d5b1cccf04aa6f400c6418cdc50,Caitlin Cortez,2,finance,admin,True,2025-08-20T07:32:28,2024-09-17T17:11:35,2024-07-25T02:39:18
1838,user1838,jonbrown@example.com,scrypt:32768:8:1$RyDVw6ZZt5lsbuva$8dc475ad85004fddc5494df0136ecba70e526a962f9ec4cbf37d9a4ee8b69f8e00dd17a05273c3c0565c141392d099b71997afe0f39b168a0fdcf3dfec0b6426,Jacqueline Peters,1,admin,manager,True,2025-08-15T05:56:52,2021-10-24T18:29:18,2024-09-06T09:09:00
1839,user1839,reneesantiago@example.org,scrypt:32768:8:1$tZ0QrYHmOnwPGrOp$4b05a4120a41df94240f1303cb9a7c8f8ef2c339b764e91b3f2541d3e19f5ab37f3253eb5e7757cbd1aac7fb09214566114140a006b4733e9bcbcbea89ccd79f,Kelly Madden,7,staff,manager,True,2025-04-15T13:12:41,2023-10-08T02:49:52,2025-10-18T02:53:50
1840,user1840,patriciagrant@example.com,scrypt:32768:8:1$xAkqsmykaS6UUyms$fdc2b1591ba49b64586f87fa40577ed5fb0ac0134d44a83948d1f69422ebf46b3df465c014ce774726a4569ea0c2c4e23ae51c9ef1a774a181657b155c351057,Joseph Wilkinson,9,finance,user,True,2025-03-15T08:53:51,2023-08-10T22:04:22,2023-11-14T02:29:27
1841,user1841,sharonlewis@example.net,scrypt:32768:8:1$1VO6sOCcn0Rt6XKo$5cfd7f5810e5b28788ecd5f956d2a634d757d11f2a54fae716c79f80ac8e8d372403c394e7b2738335dcb461aaf5c81fee730c0dffe410f0f91a12d69cfaf904,Amy Malone,7,managers,manager,True,2025-05-22T20:51:31,2025-06-19T23:17:43,2025-04-23T20:13:15
1842,user1842,dwerner@example.net,scrypt:32768:8:1$DjOCVsHiTmY1lWNd$0d9170c6a5808a020769fe30f7e868d960043983ba76065899163f97053b455cb63a66b225ce8fcd69fa5a371bf92ddda94ae6ad2c36fddca85ad44c4084fb2c,Kristina Rogers,10,managers,user,False,2024-11-20T06:05:59,2025-07-06T08:11:59,2024-05-19T10:19:51
1843,user1843,williammurillo@example.net,scrypt:32768:8:1$eB5xQzDo9oaT5iOr$c1b920d2b51c60bab72020c651d8bac78e7b0d7f09989c99b7db785d31ae114d4efe4104832ce63be8becd5137cafc415f5e2acd17ce2a1586c3790301abe619,Robert Stephens,7,managers,user,True,2025-06-11T20:03:48,2021-03-23T14:56:26,2025-07-10T13:56:33
1844,user1844,joseph35@example.org,scrypt:32768:8:1$fHmLpdbxxrI10SnL$f2f1dc5c3ca89a9d45b91a9d208ca13ebf30a1845d8b725527a317fcbd134325c017d0f4d7a0be4fa6dc71446d6a4cf5ac29ff1ea9fb65c8724d3797807c83c4,Joanne Mitchell,1,managers,admin,False,2025-07-08T12:49:58,2020-11-15T04:43:17,2023-12-20T23:46:34
1845,user1845,timothywatson@example.org,scrypt:32768:8:1$CRCIWVx3UJsZ524e$bd79a9897ecfba97644ad519baa837bcb0c118d5e3a2fc7db8deeb02ad98e25a64c298b78fdf513ffa313cd57329ae3d95d320e5843061264fa3fbc1a635b7a8,Amy Ruiz,3,finance,admin,True,2025-09-24T08:05:26,2024-04-22T11:27:04,2024-11-08T13:01:13
1846,user1846,thomaswilliams@example.net,scrypt:32768:8:1$Po49IHMFYIpWhJBS$01e450fd267ad28486bbca2d562b63176063a728d970a490cd9e7b96114a5c27c390d9fbe3bcafa2535f925b695c034ca9e4747e5ec78ded63046b13c6868e5d,Ashley Wheeler,10,admin,user,True,2024-12-02T09:26:24,2023-04-06T15:36:16,2025-01-24T05:45:05
1847,user1847,logan96@example.org,scrypt:32768:8:1$nsmGdkhKG3Lx064N$6be954f4bc18637595213b06817829d113271cb6b82738fc305cc85c89edeb7a7ec6dc9913f098c6bf31a039765659b69ce8a463311a3609ff8ecc47e7701121,John Benton,2,finance,user,True,2024-12-17T04:45:39,2022-07-21T07:14:05,2025-05-18T05:37:39
1848,user1848,jenkinselizabeth@example.com,scrypt:32768:8:1$ChvLKw69jlDPBx5y$deee8eb8126357fa7acb223d4930e56e4155f84926e0c26091e9d0c29ee2d4e317152a483359b4ad8916ff512dd8310993262ebda6825915f24f9693564009cb,Stephanie Gill,10,managers,manager,True,2024-12-19T00:21:56,2022-12-03T17:49:33,2025-08-17T09:02:07
1849,user1849,brianmack@example.com,scrypt:32768:8:1$lfx12HRdAf2G32fu$bffb47892d596302a11b501c474ecf99da6015316a032086109cf5d660352939d5920775c82f1d1f8ee5818c424b0bdd2cfd7b1797afdbeb01200fe88085ace4,Anthony Green,6,managers,manager,True,2025-05-08T18:20:54,2023-07-13T11:14:05,2024-08-04T03:01:49
1850,user1850,dkeith@example.org,scrypt:32768:8:1$iRYauIIfYOLnCar5$2a0589c44a7cd4c3c1a5211b9ee7e7e0f4008749b43c7854649162bda0196d0fb22deec6a5da3c9ed7bd5e15d2d5098b01563b9418a828b4e0ba5f1ed0e381d0,Courtney Hamilton,9,managers,admin,False,2025-09-18T22:22:21,2022-07-23T17:58:11,2025-01-27T23:17:13
1851,user1851,petersonjesus@example.com,scrypt:32768:8:1$RhG2Q3zPsrpXQWaw$6b2df808955022392ed962785f4284a6cf526b7c2f04fe1d7ef23fb1dce1a7c19d0e3e72eebf840b311d666dbf6f359dc6ad04beb15acf3257b7a07af84beaf1,Chelsea Burns,6,admin,manager,True,2024-12-05T21:08:55,2022-11-16T13:08:34,2025-01-15T07:01:46
1852,user1852,daniellefoley@example.org,scrypt:32768:8:1$lfPfdrUhSl4rAdOS$cdafb9c948c2f173a0b4398595fb5d8599c654d59614f6a0a013e300171ff0e761c491dda7ad8d3603c9ca1788aff44b9f3c8785ebd60eb36609c964a3cd68f5,Jacqueline Sanders,8,admin,admin,True,2024-12-23T00:03:22,2023-06-24T23:18:11,2025-07-29T04:53:30
1853,user1853,uwilson@example.net,scrypt:32768:8:1$YHuRxAbyFd03ki0j$14101c677402db673d9f982c886330194e86dbd4b1b3d0e0eefbb5859b469c80a63afcedcb67b245e7668ce81a1bc0b24390adafa7a3782ad573bc95f1cfe002,Tricia Hawkins,10,admin,admin,False,2025-03-28T21:47:30,2025-06-14T20:34:05,2025-02-21T13:51:36
1854,user1854,andrew79@example.com,scrypt:32768:8:1$Gx1W7rAN1t2J3VUS$2eb7b7e024345fde29be9b3a3bc8be7395b63c1ad52b98c27df0db50386fb7a80ef8139a4ee146e7b3b125ca9dac4db9a9b159c5e4d473c7df9b8b568a2f6e4d,Kristina Mann,7,staff,user,True,2025-02-02T06:25:36,2022-11-12T11:15:30,2024-10-15T22:01:12
1855,user1855,nclark@example.org,scrypt:32768:8:1$OnTcxReMxH9jqkeI$c5079f46e9bb3ee797c1197c0d4f23e0df085a0638ae22576e37d5c10e21dae2dfe6a432b873a290ef53c4719be51366a60a9ade4315143f8d602bff406a0a02,Brian Wilson,2,finance,admin,True,2025-03-10T23:09:02,2021-02-17T17:30:24,2023-12-21T02:45:05
1856,user1856,brian96@example.com,scrypt:32768:8:1$69WhPhdEWcJCCD82$a0724960e08f64f830586cb1836ae920e42047cfa9330bbe229a1dc0c7f181f6da79d5240b5979f2673b455b7f8c132898def5b87dff06781bfa3662f968cfa7,Phyllis Carlson,6,finance,admin,True,2025-09-03T05:02:29,2023-04-07T10:12:05,2024-05-25T15:15:45
1857,user1857,wilkersonkristi@example.net,scrypt:32768:8:1$x2Mi8e6rln2F8uUb$b5890b290dd2da3623ddf802bd2513aa53e3f2f9fa8bc9724931dece7a6dd2217f0d3ac09a534b06fc0541e200e1063851e60a2d4cbf504681aaedb96443f225,Laurie Harrington,5,finance,user,False,2025-07-23T05:53:59,2023-05-11T06:28:36,2025-02-27T05:50:24
1858,user1858,robert65@example.org,scrypt:32768:8:1$rj26Ck2MjEdDp3Uy$d3b539d34581446bec57fa6630a691d14c80c59036efc6719db4db5df19785c3404e28a436f22de9e887de25d3b92d30d5404b67daa17e441b0e90f14a5796a0,Taylor Torres,3,managers,user,True,2025-06-15T05:19:05,2022-04-22T02:42:50,2025-07-24T17:00:45
1859,user1859,hendersonarthur@example.net,scrypt:32768:8:1$FELKZ5t5mgJk0jzw$e2cc4e08b871058c39fda9463190f40eb89acbeef35544afd2be1f1ae4c86b84d4118b5221e44af7720708e00c9f84b2020f6f895a86d0020e6580f52d651b2d,James Phillips,1,finance,admin,False,2025-10-16T03:02:09,2023-06-10T02:19:01,2025-09-06T13:56:15
1860,user1860,millerjames@example.com,scrypt:32768:8:1$hUzfUIjMV1zFfysD$e7a67cb8e6bd4662814ccd4d7994b13dc6a2f6d46fffc13ba166c05fc0c5ea23256698d8d34c19ebf7d1cd64a21bc2430e6b4206e31164435f78cc84971f263f,Kyle Martinez,5,managers,manager,True,2025-10-10T10:21:52,2024-12-14T03:10:14,2024-11-07T09:08:00
1861,user1861,lynnlopez@example.org,scrypt:32768:8:1$N4qTeUZYMoOr0drI$4d61ddb531fd314976b40654800ef5c9fb403d044d1c19bdda708335befa7deb205adb7211fbf4b657570e34b66a404cafc63f04af886197d769c91ca14fc570,Sean Sanders,1,managers,admin,True,2025-07-30T14:41:27,2022-01-21T14:30:06,2025-01-04T06:24:34
1862,user1862,jessicavasquez@example.net,scrypt:32768:8:1$2oIqPbyo27BRk9re$df38e3dd2bbf8f862ef454bbb1424bf3b073ada0bef0685edd6f64735c77d9aabe9669f30458b5b56c9d14215b557ec198ccd85ba5d76715f2eded83d77eeb63,Jennifer Rodriguez,3,staff,manager,True,2025-07-03T20:28:50,2020-12-20T03:33:20,2024-04-29T11:14:58
1863,user1863,alexandra00@example.com,scrypt:32768:8:1$H4wA2ebhxVFqyhjo$9505619ff4edf8c4667887c3df83760dfecd0b11d1f60ef3703f7c9d28cefcaf0e15266641950587a8bd1ebaa7e55bfded16801411ee6eafd22a7e09cdbfcb9c,Justin Mullins,9,finance,user,True,2025-06-17T17:56:57,2022-11-26T23:31:02,2024-03-02T02:38:44
1864,user1864,lwilson@example.com,scrypt:32768:8:1$lzKfOOgQVOE6km2B$95b4bdcd720a5be8603f40a332b0bdfff9862ad22b6a3ae5380aa0a5b71b0f9c49d77657a1612637e986929de57ece95e77313d6cf90a0e6c1f26e04ff5fe2a6,Sean Powell,9,managers,manager,False,2025-03-01T20:31:01,2023-04-26T10:06:07,2024-04-28T13:55:22
1865,user1865,leerebekah@example.com,scrypt:32768:8:1$DE6DCS58yhc2cjB4$42830c5ee90184ab9143c8a0a8b593c62349c12190f528845d7bf0b6f3633d3d216ed6c43205236aa539d202e36e2262124a6f4663de1c9e7bd3898be88bbfb0,Marc Petty,6,staff,manager,True,2025-06-17T13:47:44,2022-12-03T14:23:52,2025-07-16T09:28:04
1866,user1866,obrooks@example.net,scrypt:32768:8:1$y7DEYQMQubcvw1BM$7bf6737aba6db3428d5553adaa78ec6843630d98ae9a537700c837e1a3a76610c1ed25c379f567a73b0b32f039012611481edcceffe620495647be0a36596a7e,Carlos Brewer,6,admin,manager,True,2024-11-20T05:53:37,2020-12-31T06:46:57,2024-06-03T15:45:26
1867,user1867,doyledrew@example.org,scrypt:32768:8:1$E4m7yjdzNWw9Fmjs$6db9ef5e7acda241594f5e91b1c9579cad6b684ee5618983592bb0032cf7991ef8a92b883d115e3dabea45632fe0ca52a7fbdb7bd7f202d3fa451f74a0003441,Michelle Thompson,6,admin,admin,False,2024-11-24T12:23:20,2021-12-20T20:16:29,2025-07-20T21:35:37
1868,user1868,jessicaponce@example.net,scrypt:32768:8:1$zceQWpLSNk7CBaNF$cba81a1015040fac2d999c5aaa3b3c1cce1a8c91ca5c3976159651df94e999eb1f7c45a8da3e184d407156b1960c0f126531abac364662cea2ebbc3b653e1b7b,Kelly Johnson,6,staff,user,True,2025-04-28T06:22:17,2023-03-13T05:13:10,2025-08-15T10:14:32
1869,user1869,wmccormick@example.com,scrypt:32768:8:1$1Q6b5FB21c14VgIf$084e5205151abc4e4e20389e56d4362f5e049e81109bc1286636757e0685f9afff70369eef4dd85c120a6349850c3c9381c634ea15d6960b7229f7f3138b8b28,Stephanie Thomas,5,staff,user,True,2025-03-05T00:00:04,2022-06-09T19:54:48,2025-02-06T01:41:48
1870,user1870,bpeterson@example.com,scrypt:32768:8:1$4wWv5Ah6RRVQICwi$0e4e7b2080cd9f08ede377604c02c0c4098e66ec53095586b1e0fc4a944f89d41810d526332560c1d9713f3016da7cda1ef802cd23884a35006a05198bbcc23a,Ryan Wilson,8,staff,manager,True,2025-10-12T17:49:55,2024-03-28T06:56:45,2024-08-22T14:04:21
1871,user1871,djames@example.com,scrypt:32768:8:1$GtZ4u6zD34yspcYe$a917374ec343fe6232dfea1a6c4c672d01ad134d5db3b41295280453ddf959de399c172512394f6b8385c0dc3597e180ce4ead9df0205a51e20b2ff310f745ac,Crystal Ritter,1,managers,manager,True,2024-12-14T00:00:34,2023-10-18T19:39:46,2024-07-09T11:16:21
1872,user1872,gjones@example.net,scrypt:32768:8:1$QXkjRyMOHIGzAjK2$9850b83091e680b20f456bd21ff2346bed51acd148347bca31483e338567f55876ecd99e4e88e74236e709a77fe5c0ba90f30508da212bc667af5e87700f899c,James Allen,3,admin,manager,True,2025-06-25T23:21:37,2025-10-08T12:07:14,2025-09-16T01:48:35
1873,user1873,lewismary@example.net,scrypt:32768:8:1$GfMDkjmzaXwgP0YE$17f5c7d99a3b05cc0d8dedf690baf764116f6a684d48ddb456463226412e58011f6f60eb365bbc50d5577014e6cb0ad89f3964b4b36d72ea5a42df9f26c9d6f6,Tony Carter,9,admin,admin,False,2025-08-24T19:19:58,2023-04-13T14:11:07,2024-05-15T15:16:17
1874,user1874,keith13@example.net,scrypt:32768:8:1$qfhg3LjQyQAnPZLK$f4d06097793c21b991efb96cf91e251dae1743ec76ee5dd23062dd45f6495fa4430be28f884e5dfa673f438016b25597dc2f23b4e5f16681fdb66de4510b5311,Faith Ortiz,4,managers,manager,False,2025-10-24T12:05:24,2021-02-25T13:29:55,2025-09-22T10:58:29
1875,user1875,nicole82@example.com,scrypt:32768:8:1$EQMogMMwYfFgSHUv$f49b2bc18452d006f080113db30fd14669c6027bc0d7dee1df0a1b36dbb32a190128defb56c1a10e651481b850d67e4e8c2d49d661169bbf120c24084daae973,Ashley Rivera,1,finance,manager,True,2025-05-11T09:28:38,2021-09-05T16:26:35,2023-11-17T09:39:49
1876,user1876,jason35@example.net,scrypt:32768:8:1$ZGMtgipqATWMxUd1$36f49d2ade0ee287ecf22bc2691ede083cbae4d612b4c62b4b51dd29a1b376fe877ba2c3764863544330c9ee2054b6f7dac89c5d303cb86887601a61c9fabf9e,Taylor Christensen,7,managers,admin,False,2025-02-15T13:46:13,2025-06-06T20:00:10,2025-04-30T20:27:40
1877,user1877,bakercrystal@example.net,scrypt:32768:8:1$TYM5iPzZ5jSpFNBv$e7a96e9b2e52af26a5339f1b3be2ba7ddd293f4e1b80ce0220d8f05ef90998ecb5db04a7756b974fd3da879fac58133225f425a2ae77b0557eda3eba74649bcc,Jennifer Parker,8,managers,admin,True,2025-07-19T22:00:00,2021-11-21T08:20:02,2024-01-24T05:59:56
1878,user1878,opadilla@example.com,scrypt:32768:8:1$gAUpLTEz7r2nfUv4$27e7921f53e32a17175f22d7b083d68135cb3b2b16d572012fbe9042ab5e2da044d8a91b9b33147dac48465d52cb64c0c53f257f572c726bb06567ca15ea7440,Gabrielle Jones,2,staff,manager,True,2025-04-23T06:06:44,2025-09-29T17:27:21,2024-11-20T22:52:34
1879,user1879,juan21@example.net,scrypt:32768:8:1$AVtr3wYM2KsiR9p6$77581193fbe12175ee4356166d3dd2d6fcc6f3f6e5e2a3d1b4a6979ab798551f6780ea32909d240a2a2ca6bfd9763e60f222d75ca12d3a77e5bf441e54cfcc73,Michael Walsh,9,managers,user,True,2025-03-30T02:23:33,2025-06-25T16:09:10,2024-03-03T18:25:13
1880,user1880,juan48@example.org,scrypt:32768:8:1$O7CGTlQALmnDJ7z5$94946e24aa7520da9da9026e7bbbe225f6112dbd4a0983ab3a443ef4e0824c374eae6fd0915378927c0430f1d941a6fb11115c10fb1421258fcf352fa1146463,Christina Thomas,2,finance,manager,True,2024-11-22T04:25:11,2023-01-29T08:09:00,2025-03-17T01:43:04
1881,user1881,michael65@example.org,scrypt:32768:8:1$LlXHZmFAdrZiYIIl$3297aa32de699060707c4f0b2d7a3f2fd5810a5fb5ea7135315d42a521c8f927fbea0804372d894541b40d07b32a8bf1e3126e79bc748431c4be74f8eb3c9ad4,Jessica Romero,6,finance,admin,True,2025-09-28T16:42:01,2021-10-02T17:18:16,2024-05-21T04:49:04
1882,user1882,william50@example.net,scrypt:32768:8:1$eHPtdiv2Hdw3uaJO$608049c376a0b919d37b5b9fdc7259beac8b37764ad41eba2cf4221a50969e8d9d1bc318e77b3c80093e0efbf33e93f93097bdbca696286a5d0341e3becb7cd1,Susan Garcia,5,finance,user,True,2025-03-16T09:28:28,2022-08-26T20:29:58,2025-08-08T04:31:47
1883,user1883,vtorres@example.net,scrypt:32768:8:1$d02kT6WLoY6UW5iO$378670cd2002e14b12da5082991d6883766ed31da586ebbf062ef59777d2a174f651b04ecfae6687b968e2794164259c55758596ce339a20ada4f7f3e2ee5f3d,Matthew Black,3,managers,user,True,2025-07-15T07:41:32,2022-11-17T15:00:25,2024-11-26T13:14:14
1884,user1884,antoniofernandez@example.com,scrypt:32768:8:1$OVt6sKCnuwqk7BWO$81e248342779a5ae153dfe3f170d4d316af54751c77e95135e164e52e308416d9590fd4df8e17b7bf6dc9dd8ec5075914cd96f7abaaf748fa3ba28c63486c60f,Karen Lewis,1,managers,manager,True,2024-12-13T06:09:01,2022-10-30T05:45:43,2024-04-22T00:57:23
1885,user1885,kroberts@example.net,scrypt:32768:8:1$r8LDg7SraGrVvfsf$d2eb99a402dfe2a31cff677958e23616b4590e35c54b8685af0c6b9b2590b14e4e55ba3864acebf83d1577601d30bef56eae0f1c7f9ce182a40ca31ec66b379a,Nicole Webb,1,admin,manager,True,2025-06-30T23:20:55,2024-01-31T07:49:46,2024-09-19T17:05:30
1886,user1886,john24@example.org,scrypt:32768:8:1$AMJhJP7T7ecRZ61F$18c35784293cbfccdc7b5867d818a13187b7e4814deddab1212ca324de88c5dcaa6729fb84c959ea720865936c074f644f203e6b5fe68a7d72f35a7d43dacbf3,Michael Mclaughlin,5,staff,manager,True,2025-01-28T06:45:16,2023-02-27T18:37:11,2025-08-22T09:39:48
1887,user1887,holmesbetty@example.org,scrypt:32768:8:1$Yf2y3EsMLMp8zLbn$2d0d76571948ddae899a69db76f5f20b0615e781087498e16277d78e89128a15bd427a4dd210cbbc36209cc444719a6766cb9acee5bcabda28af30635757cae6,Rachel Olson,5,staff,user,False,2025-01-16T04:52:53,2023-09-09T05:43:14,2025-08-08T12:59:31
1888,user1888,edwardkelley@example.org,scrypt:32768:8:1$uh5KzcqjYOo4brwu$50792218b82b294b60037c652f42c54662a27faa8df7329923baf7450f18b6224c89a9d236bbb0703c25a5035694e305c84cba3274cb6d90f190f9fd9e63ea47,Kaitlyn Mckenzie,8,managers,manager,True,2024-12-13T15:54:36,2022-07-22T18:20:06,2024-09-04T16:40:26
1889,user1889,cgonzalez@example.net,scrypt:32768:8:1$TaTCPnYNbawjs1qK$1d1012bf4b8354249e017010e5ba5faaa8d6c07acaaf322b4b097d5994a335a06c598f3aad02329c7c76757249955eeff2fe3646ab4a7bea5b418112c5b24b7a,Alexander Elliott,1,admin,admin,True,2025-01-18T02:11:12,2021-02-17T14:25:55,2024-09-08T07:15:35
1890,user1890,alexanderroberts@example.com,scrypt:32768:8:1$y7qtd4b5Qzxr2S1e$fc0794dfa53559ed84e056dd308d60e58e49434b5343ce34d4b5ac626cc2a5e164e4e83c0a9bec3fc3644952f14c7dee51447ecfce39150b681f3a1cc97ddfba,Amy Prince,5,admin,admin,True,2025-09-05T06:50:54,2022-07-20T01:59:35,2025-02-15T00:26:42
1891,user1891,lisa74@example.com,scrypt:32768:8:1$ns9qUi8JnPlD12Wl$f56aa9229a83e31cbf781f12785c3803fdb9dd63d9203091320536959e56058519cd322e466b38d3f84963933eb9b0ff9a03fcda163ee23d503f83b38a5fb51e,Mr. Brandon Smith DDS,1,managers,manager,True,2025-07-31T17:33:53,2025-04-22T22:58:39,2024-06-25T08:15:31
1892,user1892,pricemichael@example.net,scrypt:32768:8:1$vbQVzrrFL8Ilt7vQ$2e139bb9b0478b8fbd6bb1420b706916a2cb3f5bca835ebc5c2dcb3c726e11fe33cd6b321fd122387e1098a3e5dbf139c9d5d53a673a8d6cdce3eb2d4dd276dc,Christian Taylor,4,managers,admin,True,2025-04-10T08:20:09,2021-02-22T16:19:08,2023-11-06T05:38:15
1893,user1893,qbarnes@example.net,scrypt:32768:8:1$7P3u47M6FHgmhk4B$40a79e81ccd18109f17f781f8563cc42e213d21b9e969d21032ddbee83697d06085a8ccd3821b0ff825728ba46e19e24eaa517498896071aa428b73dffb8973f,Darrell Navarro,3,finance,manager,True,2025-10-01T04:58:17,2023-07-17T03:34:00,2025-10-18T03:44:06
1894,user1894,ykelly@example.net,scrypt:32768:8:1$BSZAvRSDMP2Fpmz2$28d1dac0bc1f494c6ad5bdb2cb7e5d0801c41719747f791065716b6c94a5a7e475e07a81dcb3515fed37e22bb5cc36a7afe61b257d13aa59199a6d823c53d01c,Joanne Miranda,1,staff,manager,True,2025-05-18T19:30:03,2024-10-28T00:14:06,2025-04-17T04:42:35
1895,user1895,smurphy@example.net,scrypt:32768:8:1$o5eaiiUp543sjqer$9c908ee686622ebe0c2aeaded35434331e8342c4b09aea994aaccc91dc7fab802ee345a2ed2cbad3ad58dc727e93813c7fee00791f3d40865000d25d536d2ab3,Erika Cannon,9,finance,admin,True,2025-09-05T12:51:53,2023-08-06T15:50:40,2025-02-05T05:56:03
1896,user1896,fwang@example.com,scrypt:32768:8:1$7BQKzSofZJs2txTZ$bcd4905ccc640f26aef71fe09f732bb331fbaf2583acfe81ec24773df11d5318e3666c2e50cf96574e297a61eab63eb5ab8e73e64605062398f7d9a4b7405955,Christopher Berry,10,finance,manager,True,2025-09-28T08:08:48,2022-03-14T19:54:27,2023-12-10T09:07:39
1897,user1897,dawn28@example.com,scrypt:32768:8:1$0JtglsK609lBn602$9b38c89f988e5a3d733e7d8bbb6905e58aa0e0dcc776be93a64ba57bcc9aa8bf8d460d5b7b4ac1c83e7ad2446eca8804123c0f417ba7718ca6198c328306c42f,Pamela Gonzalez,7,finance,admin,True,2024-12-10T16:50:52,2025-08-19T07:48:49,2025-05-03T10:12:30
1898,user1898,mooneymichael@example.net,scrypt:32768:8:1$gfSAKQLK6ooSyGBz$0b8f4dec852aaefef529ae64a4754e87e6b138c20f184bc6b561664cd6099191ed11b91021912ad07498e0de6c07ee500c5b44165288e2de1a6f32bf4dfc8462,Kylie Payne,4,staff,admin,False,2025-08-22T14:36:13,2020-11-03T00:04:44,2025-07-25T00:09:31
1899,user1899,hwilkerson@example.org,scrypt:32768:8:1$CJfnHj3N1PkW83pK$50dd0a59e4f9b5815838c10f8f05556c879005ce36f5f5e861fe9915ea77dfa8385c439750e84e7e3cdd84d03f45bcb825988205c525819c2d7e4ea70088b211,Patricia Mcknight,4,finance,admin,True,2024-12-26T06:32:42,2023-08-18T08:24:19,2025-04-11T22:38:27
1900,user1900,sharon48@example.org,scrypt:32768:8:1$zeDQzfJUp1alLjLw$c0b1f52ea27515140202f3db6efabc4a31e5514e78c7951cb35535841ce35ed4a10747e346154341b11d6c9614c7e14236059a168268aba77dc8fb98f906b67d,Ashley Day,3,finance,manager,False,2025-06-19T04:13:39,2021-05-05T00:41:56,2025-05-06T22:10:07
1901,user1901,robert00@example.com,scrypt:32768:8:1$M4qDPgUDSTz17j2W$293330596b8c614f368555d60ad43d6e7b09343fdda7277cbba442a489f8062fdd8de1f28233da780d07cdfb69f535038044b1485c035845edb02d60e44b891e,Cynthia Wilson,4,finance,user,True,2025-03-27T16:30:25,2025-04-15T01:37:59,2025-10-18T04:18:03
1902,user1902,caroljohns@example.net,scrypt:32768:8:1$FSIOguv5NhjDSF9i$4cbf3d2cf8fbbef087a374979ba46126ed9806fdb50078eee815a40fd01551238992234e12879335972415a74ccdc57a1637a11dfa9fa54f646bf3b090130046,Jake Gordon,9,managers,manager,True,2025-07-02T18:29:00,2024-01-16T21:03:30,2025-06-14T16:40:34
1903,user1903,jonathan77@example.net,scrypt:32768:8:1$2GNIgwRn9OtqDg2a$536e8cdcff039f657ef3d51fc221bfbbf0e05ebba76a21fcb42cfcc88bf689e0a4bc5c9c69cfc3a84b6f8df97f3f6aa59be718dfac3cab64613d2dff77b9c7f6,Marilyn Flynn,8,finance,admin,True,2025-03-15T12:53:46,2025-10-20T01:38:39,2024-07-12T12:46:20
1904,user1904,tobrien@example.net,scrypt:32768:8:1$WCEDCU5Rf3KFaTBr$18aca4b6fc3f6fa4bf62ac00ec3d0c70eff6a330776b9f6bb7f8429eb6a82131c43a1129ab9912863f43b988347f6f4fab71f4f57bdef1d2e82cd3f39d1770b2,Miranda Ward,6,managers,manager,True,2025-03-12T06:07:00,2021-02-26T11:27:35,2024-10-16T02:33:40
1905,user1905,omorales@example.net,scrypt:32768:8:1$ZQ8kqMc1RFG8NvWY$1b5c46ed5a9370cf4b811899ee4cef44743def5a5f546ef3ff6cd1a2569fde7e67e3d2887df98cd2eb1980ca15cb80b7a00531cd346371485a5e0da9d2e6d599,Tonya Williams,2,finance,admin,True,2025-10-15T17:21:36,2022-10-23T05:51:25,2025-05-05T12:18:08
1906,user1906,marywatson@example.org,scrypt:32768:8:1$cqOr5Edezz1rMSMd$50ddc1dc90c36b666dde8ee6cc665f607dde5718c60aef58258f17f093db3fd42c2e5bb4d9dbf6562b44d3b04a4e47c36757aeefdf386dad1e91693a089cefed,William Trevino,8,admin,manager,True,2025-08-20T14:49:34,2024-02-24T09:30:55,2025-05-20T19:20:07
1907,user1907,jeffreymack@example.com,scrypt:32768:8:1$02o1WDbl2e9tARjy$5222c54c44adfdfbe031bb23744d7385147e53daa0e529f04f3c174d22b0a2ad4da206c4265b9ffd553a5ba513c3d25673e199ccfcd0f041cfc5ce8f182c0de5,Eric Flores,8,managers,user,True,2025-01-04T02:29:25,2020-12-18T23:20:33,2025-03-21T12:55:38
1908,user1908,dgraham@example.net,scrypt:32768:8:1$Ty67p99d0iFIK1rN$9749f056a7913bb0aece9151f9c19b0a6e2581e35f7fd821c93f677efcbfd0ce382f1a9ff81aa93655eade80296a2192b3c23506fdf8646672f442d6ccee7a1a,Rose Murphy,2,staff,admin,True,2025-09-11T08:39:55,2025-02-11T23:22:03,2024-06-03T17:51:19
1909,user1909,dawnrodriguez@example.org,scrypt:32768:8:1$VeYLEZu68nzgb2IQ$5e3d648f72a3db1a928d75d24d4292d426e2ad83f01107c1bee3694a9621c5d73cad4e24b7b78331a40aad684ad2f8dfb7df09a18a4eb8207ff99f946151f769,Jessica Stone,2,managers,user,False,2025-01-11T15:45:10,2025-09-14T15:16:20,2025-05-12T11:01:34
1910,user1910,amylee@example.net,scrypt:32768:8:1$ONMomwdh7T03R4Y9$1df0eb1bb11b20aa8d038041e40451d936310f889621ff9a518e18cbdaab10d884a4e026ac3c7b4ceef30a71958bf567f129b92f70a92efda4f793f7d4373029,Emily Maddox,1,finance,user,True,2025-01-17T05:14:59,2025-07-29T08:01:43,2025-05-13T01:13:32
1911,user1911,dominguezmichelle@example.org,scrypt:32768:8:1$q2cJWKSpZSdHmicq$3d4d5eb3a9e047c3a5bfa5902d5fb0e051e5ef7e5d1ee84eb86faa9ccc553825e51d446327b734ba0ef16914a0cb6efd1cc51f9bacef4cb9e6df65f8f3a93ed0,Jennifer Barrett,3,staff,user,True,2025-06-30T13:30:24,2021-12-05T17:06:22,2025-08-20T12:21:01
1912,user1912,jensenbrandy@example.net,scrypt:32768:8:1$Vc3Lqc7qa5ogsBiw$0b67aeb2750f9beb0bbc45141092425a721a9e1ffa5eafaf9f510cea68890f049a08dfc74b974e0e51e0580efada323501f9f8915d140e95d426d3e8777db339,Scott Jones,5,admin,admin,True,2024-12-14T09:22:00,2025-03-01T17:25:22,2024-02-25T21:14:53
1913,user1913,medinabelinda@example.com,scrypt:32768:8:1$Jak09cX0wRx6tlkf$bf09c8ba330f712c674aa132d7c441d99d28b969acc593fd8587cd3c976cb7d9bac681658ee62df83daa48dc21574236b39f3bcca484ab21a4b98725c133d3bf,Sylvia Copeland,10,finance,user,True,2024-12-31T00:22:10,2021-07-31T20:55:22,2025-03-01T13:50:37
1914,user1914,bensonjacqueline@example.net,scrypt:32768:8:1$RIoxpFCF0Cg8iSCA$44041c761a2cf8e894ab478637ae59bc885bf6dfec3e121ee9779b951f88c02b125d86f57b55ec9b74ed7b13361ff0184e0e11633f548bdfaf4133425a212c60,Daniel Patton,1,admin,manager,False,2025-06-29T06:11:17,2025-01-01T16:27:24,2025-06-01T14:44:42
1915,user1915,richard34@example.net,scrypt:32768:8:1$kHSoTUTlvgpwMOiV$4df249f42cbabc885e1dfc29301463425aab4fbd37ce80f34d5bf87e00056e445006ed42f618c3a1f5641cee6fa82cc32650ac31abc21a6c0caa0f272afa6753,Evan Rogers II,3,staff,manager,True,2025-05-22T03:42:29,2022-05-27T17:53:27,2024-11-28T21:44:15
1916,user1916,russelljennifer@example.net,scrypt:32768:8:1$xhJ4Ux7jq8WEfzMz$17c65d0dc79f826bca65df67ba9cca50263f5ca7a4945f770615b5594f64393677e9348340e70f07cbc72333e5d26882b9e1295165f3758fb25a1eda4cc0c623,Terry Stephens,3,managers,user,True,2025-01-28T01:30:22,2022-11-29T23:08:15,2024-05-07T20:31:32
1917,user1917,john81@example.com,scrypt:32768:8:1$VeOuj029eNM7wrDO$fd4da7afbcd485bafae698624fbfaad7ff33f2cbbf5224a089ecdc94cdab6c95bfb478084b467bde21d88ad85501ba53e8a6105de2277b5fe155541c014aa1e0,Ashley Thompson,8,admin,admin,True,2025-07-21T22:53:21,2023-03-16T23:01:05,2025-07-07T23:20:54
1918,user1918,sarah00@example.net,scrypt:32768:8:1$2Q8mnJKC7UJQkyr1$b4f34502aa349553777f1b3cd8bd9a0c145ed001cf55d8d7cc93d6bec4f08633cf780dbfd9168f2476d5e979baa7306d904ab446867dbe0ac79aa6ae3bc1048c,Ryan Garcia,2,admin,user,True,2024-12-25T12:50:07,2024-01-19T09:58:49,2025-05-22T09:08:17
1919,user1919,armstrongrobert@example.com,scrypt:32768:8:1$4W5EJTeagcxf4exf$369799f6850719dc3f3da91311b412cc76a5298f7066d9f4d73eecfa119adb874780ad2b85a645fceffd16dc0e7972897f3886aa58e23bfdf330366b24a777d4,Christian Fisher,2,staff,user,True,2024-12-06T02:11:33,2025-08-03T01:30:55,2023-11-27T04:14:40
1920,user1920,michelle75@example.net,scrypt:32768:8:1$fIgX0q4is7xqIjPU$36d3e37a4c4299ec4838cb6eb7f4e4f6f7b707da652e1ef7073ef462ae473b5842306f1fb8a697bcb7f2ec2f43164dde19ee49f371628251ee5098e0b13e1a0f,Joshua Bradley,3,admin,admin,True,2025-05-26T05:31:54,2022-10-10T09:32:41,2024-10-14T06:04:08
1921,user1921,johnharrington@example.org,scrypt:32768:8:1$YrM10AwVqnXZ1Mfz$6c43d93968e8950561e462c34584756d86f5367be8ad330b14bce73b1e38ab7eea36f28378beb630c802be19890fad805d9c6c24a2e061d989fb1fc0f1c4e2bf,Sarah Chavez,7,admin,user,True,2025-07-20T20:21:01,2022-03-07T21:20:08,2024-05-08T14:34:55
1922,user1922,andersonmarc@example.net,scrypt:32768:8:1$qYpnnAZMHHGWr93b$b67ccab3b9cfbe2add4fb3eac02f7db8941d8c15f6ee10f15a9fa87a06e19a250408b063464d81bbb52eb7275faccffad584e71f73c5b94dea3ac9d9f7622fe7,Chris Gallegos,6,admin,manager,True,2025-10-29T00:44:50,2025-04-02T04:15:45,2025-09-25T23:17:01
1923,user1923,brandyortega@example.com,scrypt:32768:8:1$ILzeaU4KeScK6DE6$558dc02e9f86886edf6e05d1d0700a6784ee8155643f08c4e87626ca7c8fff6781f27a0d94bb2187099c2795f846242057f3207a48e051db4fa91fbc63e6a510,Sandra Vazquez,3,staff,user,True,2025-01-30T22:26:48,2025-10-26T01:00:20,2024-09-01T20:44:08
1924,user1924,willie82@example.net,scrypt:32768:8:1$VLC6xuqILFUbu5t0$c59b83a2fa04437268f21adce646143ed4d6c3c6fbbd8a9a89fa703f7935173957cd8d733b553dd07a326c577fa8a2694dd768300412bee44637189c22511f9a,Peter Moore,6,staff,user,True,2025-08-02T09:23:52,2022-11-26T17:55:30,2025-10-21T11:23:16
1925,user1925,campbellmegan@example.org,scrypt:32768:8:1$NSlDt77mshVh94Pr$b6c74fd0ed926aa0843b8a56944a0b78c3ea2206bfacb49b87f2495811795560a969b663feb65d8ffc253da4b945e3a264f289c7c62e2241fc1b11de2856e3b3,Wendy Cobb,2,staff,user,True,2025-07-27T17:54:50,2021-07-10T11:54:16,2025-08-27T03:40:16
1926,user1926,vbrooks@example.net,scrypt:32768:8:1$wS5W2LHA0Q1SaVN7$621f6afe92a71793700f8df7f0eb2df225dfc1982c453b2ab35bde5ef61ddcbf942f7969d64f9d6c467feab86569f80528342ce7f8b249ffbc4e80722e461555,John Henderson,6,admin,admin,True,2025-08-29T05:19:34,2024-04-22T16:06:01,2024-10-24T13:43:48
1927,user1927,wadeheather@example.org,scrypt:32768:8:1$qWDmjZXrlIifG6Kw$09c6562cd3c60245719a2744406253e9c1a448d3dee7356e069c184c6433b7323519ce1599266593f3a3829852a5b0ba6a7adaff6c6c2f036ac42a32482a1c06,Alexander Harris,4,managers,admin,True,2025-04-19T02:30:12,2023-04-07T12:11:06,2024-04-12T03:43:56
1928,user1928,yallen@example.org,scrypt:32768:8:1$HfkMqycWGPnO4eXi$0268542bfe4d3652e531fd94bc252a99767e3c9e778a9fe38ff3e3ba94e07da7817537597b8e06523020abd41a6e81200ffaed02f721250900f62916c74b2464,Deborah Wallace,9,managers,admin,True,2025-08-12T09:10:20,2023-12-22T14:51:07,2025-05-09T22:27:13
1929,user1929,millerjessica@example.com,scrypt:32768:8:1$iQ1O7zKZCbd9uSCk$bdb7382a7de2f28b5f597a57dbbb7cb2be7a453091999724b7d3f82954d03f4dd495a84d49577fb69ea01fe39e2063df4f2a8c216bca254755f208999289a042,Kayla Franco,5,admin,manager,True,2024-12-20T08:05:35,2021-02-19T08:00:01,2025-07-14T11:48:22
1930,user1930,zevans@example.org,scrypt:32768:8:1$RVNnIsQxotFgkUEL$5628ae66fa78ce2ccc990f2fbc879706d3853932410e064fedfcade769bc2d49605eb0a00a4fc6e4a5e47d73470c64d2c882894e1f4b372b2fcc974cbaafb132,Sara Shea,8,managers,admin,True,2025-10-02T13:03:28,2025-10-18T11:52:19,2024-02-11T13:42:18
1931,user1931,courtneyblake@example.net,scrypt:32768:8:1$p7Zcm7rzlyoDpcvS$f1693cdf4cefe91abfec4dc9fd7f3b7c06787480dba3a6fdd0408ba8d60ae6b1b19aecbcf2069d141bbc61b5bc46b1de90dda3dd9367ef3bc339254653f71133,Earl Sexton,1,managers,manager,True,2025-10-26T01:27:25,2024-06-19T15:24:57,2025-04-18T00:00:08
1932,user1932,jmeyer@example.com,scrypt:32768:8:1$KZdaIWAMy7zDIWXY$56cec7d4e546c7e189d387ba049eff8cb5b6fefd2392053268589641ed44f71d2b780778aa01771847e55c55f8b694645a3a5f4376b0c848c367b6d1b7ffebd1,Antonio Larson,6,finance,admin,True,2025-06-12T23:41:53,2025-10-08T10:05:11,2023-12-11T23:36:25
1933,user1933,john02@example.net,scrypt:32768:8:1$FltQNjOPinRunb1u$afa92b537c8d431c1ebc9072a60784cb23c672d48910c5aa2bd6cb47efbd2b4508989625dbfd0567d604c8da98a592049908776c51a33c34bb93cebb4bc58071,Michael Haney,6,admin,admin,True,2025-07-10T18:43:45,2023-10-27T15:15:00,2024-09-24T17:43:42
1934,user1934,ethanmoore@example.com,scrypt:32768:8:1$HIosSpYw23mYPOEj$c636b789ff38e5c340ce5d132f0a437462a2b695b8b2fb275465aed5e7aa6d2c150dd10815e2189ecaa1cec6fb65bacc739ac4e8f8f5fccad1a6fc40ce15e5eb,Chelsea Ritter,7,managers,user,False,2025-09-24T08:07:48,2021-07-08T15:38:39,2024-12-11T13:36:03
1935,user1935,randolphdavid@example.net,scrypt:32768:8:1$BFU5NbFzAmAPlyAS$630de24dd22bf93b4599262df7d77443f78914e393dbac4dee4d1af4dba4e47b820ca184e806fa619c9ed3d6446750033db6f8ec0ecb076de9f3d6054514e212,Lindsay Cisneros,3,admin,user,True,2025-03-05T03:27:11,2025-02-25T11:45:32,2024-06-29T02:58:45
1936,user1936,fhoward@example.com,scrypt:32768:8:1$HjKHRffTyqJvqRkI$446a15d8aa23db43cb7622c8b31a2b63255d16d296f50b12f31c991acf067b08285183c1b93fabef99a5682e9f67e368d624f15d768923fabba0aed382e6681a,Mrs. Amanda Washington DVM,5,staff,manager,True,2025-02-19T12:55:02,2022-02-13T12:56:23,2025-08-24T14:21:16
1937,user1937,amy08@example.org,scrypt:32768:8:1$ZDnYznExhviM0zFl$ecf14034905ed6f1c4821a2821a8343767d4280590b323ebe29c8fe1688a09f58a1c62ee78209869008f07cdaec975595b03ee43678b7cc143203f57cfc743df,Joseph Patel,7,admin,manager,True,2024-12-09T17:57:21,2024-03-08T13:43:13,2025-06-20T14:21:11
1938,user1938,nvargas@example.net,scrypt:32768:8:1$XVnYojFb1GpK0w3c$d46b808d4054d716e45d4dbaa0d4a46d7535b20717fee8c38a23a154bcd718c94e3387457cbe593f214313e75b969ec7151a4158bac9cea68464b63fc4d55ac2,Nancy Rose,5,admin,admin,False,2024-12-07T13:04:28,2021-02-16T09:10:17,2024-02-24T09:06:18
1939,user1939,gonzalesjohn@example.net,scrypt:32768:8:1$7MPY9mp87rbMgsvc$79a2f242e86e7d3c6fc47234c3233bf05c80cd2958fd0ac1dfae3b1424aa06944d26ca7c10ba209e74a0a9b99f5c0ab86d0fc1dadc55bda0910fe8f388b2a71d,Kerry Rodriguez,6,admin,manager,True,2025-07-14T10:21:37,2023-09-18T06:05:23,2024-07-08T19:40:05
1940,user1940,michael12@example.org,scrypt:32768:8:1$IkrKsIAkfcpr3485$b3c7b3d395ac2c0664d10cb9c80e9fd4d142c4e890f5d8ba1edd202034e1e9cce6518b18f4d8c2217f3db3727389bdf1e4f8d175f1953408107e4a9b5bee4a18,Thomas Williams,5,staff,manager,True,2025-03-24T06:59:20,2025-01-01T06:03:36,2025-05-23T09:13:22
1941,user1941,tkennedy@example.net,scrypt:32768:8:1$cmWPlVTqjM0aHnhb$f205c20f346bb891f04e3fa76bf9db863652a98b9058661a73ddaf2849b4f9bff7ada83c1846ec97434322b819c3f381762de5f20ded37f85b92e2b2b82cc6ec,Emma Stewart,1,admin,admin,True,2025-07-02T20:14:48,2020-11-12T23:23:42,2025-10-06T06:44:39
1942,user1942,torrestyler@example.com,scrypt:32768:8:1$7kH01H10oxPF5Z3f$6cf246fbfdebac61bd3ce31e615eb5b87f58819f7ff9970e22bf89619c83dd3c042310455579e9ae6eb1bd044baf1cfaaeafe21ae460d7a8d7ba090f06f7854f,Tiffany Jenkins,4,admin,user,True,2025-03-17T01:58:07,2021-07-22T12:37:03,2024-05-16T16:01:12
1943,user1943,kennethsanchez@example.net,scrypt:32768:8:1$rhxXxVnmjL80mUwA$235636f615cdb2e6fcd52457dce3599bd09eaafd6874fcd1ac8af07e43b7be19b2f7702aeee3171a8e7f2f6334e3af2c8a92279bb346d9a6ee9763ab06fcba0c,Matthew Arnold Jr.,10,finance,user,True,2024-11-24T23:44:54,2021-03-18T04:16:38,2024-01-18T13:30:19
1944,user1944,juliadavis@example.org,scrypt:32768:8:1$TCD8o9cBJupUZmqA$3778e5a5b4f1d8ec07f0d45af416fd7e625faf661187007b1218944c76c0fb164d87337bc1e8c0c3ba4cfb183854765409a0d6d30ebdf0d6ab962ce58ed39d90,Christine Hogan,1,staff,user,True,2025-06-24T10:40:16,2024-08-23T14:45:53,2024-10-23T02:17:55
1945,user1945,smithlauren@example.com,scrypt:32768:8:1$XnrZ03LHUxMjyUU0$f3083351304dabf9225fd90a6f833e6246b21e83b25233df9efed7b41a8572b695dc53f60f6c77c5b22863b1d4934a155f587f2cf4eae2a2370ddfa4cd74958a,Ryan Garrett,8,staff,admin,True,2024-12-02T01:00:43,2022-07-05T02:20:52,2024-07-21T16:38:11
1946,user1946,cody88@example.org,scrypt:32768:8:1$VYaj7e2D34wskHfa$24a484f5589b3f9cc7a895535864564fc4918c4584cff44797d2ca693f849674bc2345495f41a0f1efb65cd58cdeefbec1a205d7a767b3b051eb9d627e105a83,Claudia Deleon,8,admin,manager,True,2025-05-18T15:42:43,2023-11-19T06:46:58,2025-08-08T20:44:28
1947,user1947,woodsjuan@example.net,scrypt:32768:8:1$TnAbE6h6wxYom0wB$fcf7cb7db34f868b44744c84e92babbe847b6efadddc6791eec32435785aa4e0a737e4adefd30747782b570795b07b087ccfa3cd045bd3ae992c1cb107e437db,Dr. John May,9,staff,user,True,2025-10-02T02:02:25,2024-04-03T15:16:21,2024-08-26T07:15:44
1948,user1948,kathleen33@example.net,scrypt:32768:8:1$1Jv0gXAw8trnriqV$3e1bc649ee8f073ea2027e1f9a9cb22419ff70cffa2852d1672b92f11005fd9ce0f3ef0a9c14acca028ff5f8f01e1c8f98fde4aed640558ed9dd00b22861fde4,Jaime Gonzalez,8,managers,admin,True,2025-10-27T23:09:14,2022-07-05T04:25:25,2025-04-30T02:05:58
1949,user1949,simmonslinda@example.net,scrypt:32768:8:1$gIdnUUp1eGUf6Ktx$60d8ffa3140bafc0dcb10cc2fbcfd51c20ba7d142220f08d1af65fc9191e15bf287a9312edf129b32d5fa97532f8a6c041248d61c974e3bf23e079ef921bd495,Jennifer Greer,2,finance,user,False,2025-04-29T03:47:23,2023-05-13T13:12:37,2024-06-21T18:34:32
1950,user1950,terrybrittney@example.com,scrypt:32768:8:1$CEqX00Uoan1kXz3X$9382416dfd61e2476c05ccff28a9b48275d40ffb4de0d53bf97d046cbb1cdecb8e5724972f69255fa40d7829e724c468288762b3d0ba5c18127df998f6c6e378,Eric White,3,admin,user,True,2025-03-23T05:54:55,2022-10-05T19:53:39,2024-04-25T06:10:29
1951,user1951,rickyballard@example.org,scrypt:32768:8:1$XiNEXCrsfvrLa0Va$7140fbcd26a8caae09129aedc2d5a1d38ab727d19d36a4ba6d9b6e9a752acd0d56eabc9d942c06756f8e189f0399f11fd0c5ceef685507e4720aa22f78fc1d9c,Meghan Barron,7,finance,admin,True,2025-07-07T23:31:04,2022-08-20T02:15:26,2024-05-29T10:02:04
1952,user1952,nduffy@example.org,scrypt:32768:8:1$1N3VtXcp1xz9IxjY$ecf84e62117a40f5bc302569fc9d2f5c5c6b9515ddf00c1e876b14f472571f40ef00f05687fabbc695309bf25c85ad13dbf6eb68e723c1f83f2b83b0a6674030,Eric Davis,10,staff,manager,False,2025-04-25T02:43:25,2021-07-18T12:59:00,2024-11-12T17:41:40
1953,user1953,williamsrita@example.com,scrypt:32768:8:1$fnLHBJZUpib9rK61$6f5724dd473e798251d8406eeb055d4641b47e8c92b665c44262a04c4a7ca17dcd0b64fea9e90b00c2d4d34b0e4681f08209290e07c062a3e56b16f2eba15079,Mr. Danny Roberson,9,admin,admin,True,2025-09-04T01:10:45,2024-04-21T06:57:37,2024-04-06T06:21:14
1954,user1954,sandrawilliamson@example.org,scrypt:32768:8:1$hYb5QZ0gVAv722WQ$98feb92227879f2026db5f7c16c5ea4e283e7527ff1688d9db0c94a18ff74d2943cf180c386821b0ce4559c737eaa3d99bd1bc98dbaed1be0a0963f5f49a8a44,Robert Romero,4,managers,manager,True,2025-06-16T20:07:15,2021-07-17T00:39:19,2024-06-11T10:22:28
1955,user1955,heather00@example.com,scrypt:32768:8:1$PWKA8RLCVnE15cXd$b4178febc72329b4595ee6d212f2d48aa722f0abf89a2d64755014c3bef53ce171f07c2099985efc6494f18538cf13ee7652c392d165e3b5a17b9ecf2bac62a0,Jasmin Jackson,8,finance,admin,True,2025-02-10T00:04:48,2023-12-13T07:31:44,2024-03-03T10:24:16
1956,user1956,peggy63@example.org,scrypt:32768:8:1$IHxcays1ATy02MP5$daa8fe6422334a2d15e95c89ebe7cc6cfbffeb259170e7a5822bab718f0a6198e2f7583dd56836bc82466a6cd21bd9cb9cec19eeb61964d5211ee52cabf573aa,Erica Stark,4,finance,user,True,2025-08-30T16:15:53,2024-09-03T09:04:36,2024-04-24T01:23:54
1957,user1957,jmorris@example.org,scrypt:32768:8:1$x55XBJR0OBzQizqz$d98002ed1fa6ff661a71571d9cd02ba4579316e4c2a34e535542d32410396a742584ab5cad47fe60683a675ccd19b5e53224c11aa3b8ffc2ac86cad11ac7a71d,Joel Brooks,10,staff,manager,True,2025-07-14T15:18:32,2021-09-08T18:50:53,2024-05-01T05:01:29
1958,user1958,hramirez@example.com,scrypt:32768:8:1$awniBWPg9HnhgBLW$f09b67dd662c450a96c84a96ca2a984335ffa35b4aec22f50e7a5247739bec637e816d0fae20f3b1b9cdfd982498958465de5f982bfb0fb455ea32b8e077be5a,Alyssa Ford,1,managers,manager,True,2025-06-27T14:24:58,2023-12-17T15:48:22,2024-03-20T01:58:44
1959,user1959,jasonroberts@example.com,scrypt:32768:8:1$ztzh4x3CXCDt7aMX$d7b697cc0149564e3886db4442518af3acd3ac0738c12b2c6f8987a05c4afc737b01421496862f031890893d77004fda9746777479a05359057721c8279dde9e,Patrick Ingram,3,finance,user,True,2025-08-17T16:15:03,2022-01-26T13:46:03,2025-06-29T18:19:57
1960,user1960,lloydamanda@example.net,scrypt:32768:8:1$BBU3kTC97Jput3J4$3005df9605548ee89ed4bc42d89cd7616c836931ea28f636a60ca243fd6e4440ac1157fb57d3c11e252bd7c786f3ad8c95e5ed799cc039c18ff7c735bee3701b,Angela Myers,1,managers,admin,False,2025-02-02T04:49:20,2025-02-07T09:37:00,2025-09-14T19:25:34
1961,user1961,vdennis@example.net,scrypt:32768:8:1$zQlG8P3qEYJZgGwa$cdca0eca6f74edc12b69d561e28ebbe4e5e9f2cb960e56cdbe60fdd18499be4f9f6d5fc2f829ff6d9c458e3b416d55cb83ba679b3c5db4aea6cd1be0cd031d6f,Philip Burton,6,admin,admin,True,2025-05-15T07:49:47,2023-02-27T17:36:43,2025-09-07T03:21:42
1962,user1962,gregory31@example.org,scrypt:32768:8:1$URUt42XGNv5YKpEs$276ce89cc9d3256040e4dc81a1f6f08f5d83598900aa0f4415578c3d096c1a8f2450117a627f2953a111cd2e9c7762a73447bc7f7c5fe47266c81374362bc614,Joshua Bowman,7,managers,user,True,2024-11-19T05:43:46,2021-08-28T12:45:48,2024-12-02T04:08:11
1963,user1963,francissteven@example.com,scrypt:32768:8:1$bIlcVpSXWESyUVru$b544429ca4cc1c4e5b7cb8b5ab5e336475bdf4d422756d827111d072e5ea32f8ac16778c35f45f4fbd16e845c6c2746ead873af729a60e0791e5f1ebde3f29fb,Kenneth Ramirez,5,admin,user,True,2025-10-09T10:00:11,2024-07-15T16:17:04,2024-08-12T06:59:44
1964,user1964,traceymiller@example.net,scrypt:32768:8:1$NMz6YhmVHuQniIy3$b17eebf7ff1f6dcf88ec2427be3ef1db323c2d09137a9f15d69a027046b7e93e4ac880f008d3423327197d07bcd7151e1117ff1d6fe300b3c169620c8acac727,Mark Reyes,1,finance,user,True,2025-04-19T09:55:40,2024-11-15T08:11:52,2024-08-01T17:49:14
1965,user1965,heather08@example.org,scrypt:32768:8:1$uyFuO23OzPXS6btZ$035771db9a84bce9ab3903bece84eff1a820644fd9a9be3750a5f415a7615a30ebc68c9b2a896abe817cff84a40badc10404c7cc35d5ae52c8122d165811b6f0,Mr. Craig Richardson MD,6,admin,manager,True,2025-08-02T05:00:59,2022-04-08T06:39:19,2024-05-23T21:50:08
1966,user1966,gregory22@example.org,scrypt:32768:8:1$cGdRjwGceYJ2Uz3y$204eed5082a15b3300567e1f0d58f97d81b0f12d9dabe73f1985bbee932f7d3d060aca572862873154e0b72f353b2a2a64e0775b48a66d28eb8c7a74b98d3894,Cynthia Estrada,7,staff,user,True,2025-08-21T14:54:19,2021-05-12T07:26:54,2025-05-01T22:09:01
1967,user1967,valerie08@example.net,scrypt:32768:8:1$VBRVqvcPIpG1MeOE$8563640595689e41c533b26bab3c8844d0226e2818dc430294132ee80386f9ad6bcda2fe926da98aedf1cf4075a14c66da04a7036c5f5f1f1a6f2a380de73da2,Joseph Wallace,6,admin,admin,True,2025-04-23T21:20:22,2024-03-31T07:06:08,2025-07-24T15:50:48
1968,user1968,robinrobinson@example.net,scrypt:32768:8:1$X8mZwlz4qcDNPP0L$108442b7f5f5f3f3b5a4e9891a3a3166a5cb59f9afd5355c521b2e7f522946b5247136d36c3d79e6c3d1df558a059cb3d97e4f1e4e38a5f0951a193582dab06e,Jesus Bradley,6,managers,admin,False,2025-10-24T11:34:01,2023-07-11T04:57:02,2025-08-24T22:29:25
1969,user1969,loganmanuel@example.com,scrypt:32768:8:1$zYjonTTUUWHtLdc0$21a11788cf4d04df41880cb221acbe313c38ed5dff1a0956b99bca3d091c193de2660c3c3e710d9a740f5e3d75d820ef1bff3a5a8bcbe6af37c225d550ac33f0,Maria Wise,10,managers,manager,True,2025-07-01T01:23:21,2025-04-01T17:51:55,2025-03-13T20:58:24
1970,user1970,imckay@example.net,scrypt:32768:8:1$iYxnzLhRzlRZDdeQ$98e6e52e2c5bf6054d023ef8b890c23bdf29d23efe36da179773c4b65762ce2c3ad781e129473cb098936f6497969f7d6f7b2e7656b06f2be1d7eb44726bf8b8,Eric Baker,9,managers,manager,True,2024-12-25T03:30:47,2023-10-20T20:30:11,2025-02-03T10:58:00
1971,user1971,astephenson@example.net,scrypt:32768:8:1$dFyVY0eikYMyHrLD$8cb9e82ce9416e2bf71e2e1edce50ff32cd89fe9fc65e72f7708bd2372a08ca5eb8848c71eeecec8285ba1f649d783089a1b764526301eaeaa19bf14b275d057,Kelly Guerrero,2,admin,user,True,2024-12-19T12:33:16,2024-04-07T17:04:13,2023-12-21T02:07:17
1972,user1972,robert72@example.net,scrypt:32768:8:1$9NHBBQhf9KThRXc1$db94e0d644ea5ad923156e082a325aba04ac9ba279c609e959b2a86bc65b6362e359ad03bc1a5729224ffb85b32ad6744950ead34dad2404bbb944bd6c3ec3e0,Robert Simmons,9,admin,user,True,2024-12-18T10:07:53,2023-11-27T14:22:11,2024-01-23T17:47:13
1973,user1973,wilsonellen@example.org,scrypt:32768:8:1$BWCF6dxC15282bQh$459c7f3bcd1c5edb326591f78543a11b6f61020d9175ab80b16526ed95340ff04f4705ff4bd37bff3d91c409116d1fa7f9c83b5ea301bd2fa39147c8c250acfa,Anna Martin,7,admin,admin,False,2025-01-03T13:08:11,2023-02-19T02:37:00,2024-09-07T07:11:51
1974,user1974,lross@example.org,scrypt:32768:8:1$PCuuZDtJx5zIuHvr$15e016366f9335d0cc039ef8d8207584e6ef6ad917e7622e21dd5f793c9b1cf58bc9cde091f638e68310883a2abdfad47b54cd8afaa9346406d235a9d0ea5013,Amy Gould,1,staff,admin,True,2025-01-03T12:21:06,2023-01-24T10:46:31,2025-01-12T15:00:51
1975,user1975,josephalexander@example.com,scrypt:32768:8:1$5Y3ULxfQBe9YnxWM$7ccca55d96247a0a680f75bab42100070044cc25e69787d9f9762c6927b7808b772302cc4a5b7d1a0baee08628329fbb245f6ca64c63c612b2ac69ba1433660b,Jennifer Thomas,5,staff,manager,True,2025-05-14T05:15:22,2021-07-16T18:44:09,2024-09-25T16:52:20
1976,user1976,laurenlane@example.com,scrypt:32768:8:1$Kg4nsCKgHKnBZb6j$c972259f46d5f2067dae0aadccadaaf4f17ac8f58aee19a3c199054bed662de32dad9b8238673d4a79e44566b0a9aced7fde498700e2fc917e200e53b0ad2aee,Mary Barton,9,managers,user,True,2025-03-19T10:55:09,2022-08-24T19:00:44,2024-08-07T01:39:57
1977,user1977,isimon@example.org,scrypt:32768:8:1$mi3URgYIBeEakSgF$582c1b1ce62692fc880e93a869841bbd426b381e52c5fbde6b478548339d75a7f058d4dba4b3d246b5a8254319a0ff20974896b9d93cabd9e0bdaf2aa60d54d7,Jesse Reynolds,7,admin,user,False,2025-02-07T10:45:24,2022-07-18T11:19:58,2024-07-30T07:50:09
1978,user1978,christinemann@example.net,scrypt:32768:8:1$TqyjQjyN4ggpl1kW$b0543facbfe44d7c2fb9db3a4b037a305979148c933dc7cc62a569a02fd96e2066ee32cc74b6c7908f4887f8e97b4954f123de50913800ad4de7758a6636e553,Kendra King,7,staff,manager,False,2025-04-12T08:09:37,2024-07-29T19:18:36,2024-11-20T05:33:08
1979,user1979,rharris@example.com,scrypt:32768:8:1$No5TXMF0KSyN71ax$4324442be3b094c0bbec82980fc716adf493536d638aa0fa1c53a587d9034b346e407e0d7ff35c12e63e57f752d164779e8ede89c5baf04a19feaf6bcdf2d31a,Melissa Travis,4,staff,user,True,2025-01-30T16:49:08,2022-11-26T21:50:47,2024-03-09T11:25:45
1980,user1980,kristinjoseph@example.org,scrypt:32768:8:1$9WuhT7b2mWiAh2p4$413692edeb929942e75dcb183f775c6804e0d0e584f5ead22b8c728c7e1eba3cc67a9f9c11455b7811b57d4384c4850ba89c6da89aaaa754dfd4ab0618f487b6,James Hendricks,2,staff,user,True,2025-02-22T09:03:26,2023-07-28T01:40:44,2023-11-08T23:38:53
1981,user1981,wattsjessica@example.net,scrypt:32768:8:1$WNSsn7NynQyQvehq$322ce02afd729be375626bda6aea00ad3ecfcf4e31c72e15ea13d13ec60fe02c3bad24e31cfde23e79f8a210560b012421e6c4559a359152ba8798ca04e9832f,Ashley Thomas,10,managers,manager,True,2024-12-14T09:36:35,2022-01-20T16:05:48,2025-08-11T13:02:29
1982,user1982,jonesjohn@example.net,scrypt:32768:8:1$UShBi4CLi6Fs39wG$e1801dacfedafff904051263a55e1df2a03f359a3524a0259d45d6c25006372d5d144ce3f10392cf5045f35a1011579779c09cce6c2a0502cee185d3cc59b91a,William Ortega,6,finance,admin,True,2025-08-26T10:34:21,2023-02-06T16:37:25,2023-12-07T21:18:03
1983,user1983,karenwoods@example.net,scrypt:32768:8:1$qSeUHkMtwTHJVDM7$588147d4c486ca3d94b9661d11a797edd2cfda5118cbfc90bf98ea9adfed86d6a1af4135c9ffe5315da28b17c4b33574137b4473d85b7b0e972ba62d8ca994f0,Kevin Jenkins,9,finance,admin,True,2025-04-11T01:28:57,2022-05-02T05:53:12,2024-08-13T14:18:43
1984,user1984,tony01@example.net,scrypt:32768:8:1$V7sx4yklDYbSMdAa$0950f0608173534b881a7716ad422db637e863de4d7cbb1640f1cbc3e191c2f426989c1627d5ec3f185c1b86542d6a3c45c2e39b84598ea498e0bb8418ab24a0,Nicholas Price Jr.,8,finance,user,True,2025-02-28T03:43:19,2025-01-22T00:49:24,2024-02-09T15:19:04
1985,user1985,amy24@example.org,scrypt:32768:8:1$4nw9k8YOIgZU4Nxl$1b777500da94aaaadfde3bd076b40a820a162a76d2a0b46844480d1c2ed896a678aef905f3a9be5376cfabc385e5cd54ae1cda6cbcaa9110c0c17f6345cc2b41,Brandy Burnett,1,managers,user,True,2024-11-12T03:08:55,2021-12-02T12:32:36,2024-09-17T01:14:19
1986,user1986,jeremydodson@example.com,scrypt:32768:8:1$uXepaz8vRKQC9dbk$b30f0ab891ef606c4056294e2cf76985872dedf5c47ab8d9d63c8b6f650ce5b489dbf8bd1dd6155f03d40d47cac5ad44e8b01b3933579965ad708fbc71ee7d01,James Alvarado,2,finance,manager,True,2025-06-28T00:13:48,2020-12-02T06:46:41,2024-11-06T07:09:48
1987,user1987,jason17@example.net,scrypt:32768:8:1$0b3JTNPcSHqOGM5l$c25b976403d36261021b099adccdfe464eeebc206567e6f9f2b2ed152b1e0abfd95fc45ddee224e299f4de266a71a217432c64e0ec8636924ba28168ccd9c332,Alexis Marshall,4,managers,manager,True,2024-12-22T12:20:24,2024-11-23T09:30:52,2024-06-11T06:15:32
1988,user1988,bestphillip@example.org,scrypt:32768:8:1$VnvsAkureCXcOR4o$cb871cc8fb17c6ff0aea6044567eeda581885323944d33a27564299efe48cc05948b0b57f6423bcc71db5ed49fe46210cecb840046f005a739e466b33b9403df,Melissa Palmer,2,finance,admin,True,2025-07-09T13:37:25,2022-01-28T17:02:02,2024-05-17T12:56:25
1989,user1989,kmay@example.com,scrypt:32768:8:1$rcEbGFeqahbHowbO$c8ec75d46f22c251750ab88a6dc5b27c66e485082ba705d66661b1fbc3ece85f030173b1323ac858d7031632819194a34258b2b2cb353f8bde6ca4ce73d454b4,Patrick Banks,4,staff,user,True,2024-12-20T16:29:02,2023-06-06T09:10:11,2023-12-23T00:32:19
1990,user1990,melissa44@example.net,scrypt:32768:8:1$Mdnnm2nKESIN4Gg5$97cdf688812c88dcedd26e41e55173d50b72be421fb83637ec7d4b2a719670c33a2deb490e57b32c16aa8147304fcf4d5856c3c37c9dcfa5abcc503049493df4,Anne Hogan,4,finance,user,False,2025-01-15T07:07:13,2021-03-13T03:18:55,2024-01-05T09:17:43
1991,user1991,mcguiremichael@example.net,scrypt:32768:8:1$gqXSNY4MngKJZlNE$5a131166686d8894fb3273e71f6d058e5478921fab63d2d3ef05a5985b512c0a18cd6311cebb71d0997287edf0f0dcbc8cead3b9ab1a06dbbd8864b45a69eab6,Dale Terrell,2,finance,manager,True,2025-01-15T11:17:56,2023-04-29T04:00:54,2024-05-26T13:51:44
1992,user1992,piercejason@example.org,scrypt:32768:8:1$cFbaYiGRHIQ9LiQa$cb4f6f6378280ef1f7e4b574a4ca2046a137fe7009d48cab4314a98fb9bf41d2d3acfc57130193c2f0cca48b4397974d85a22cd26826eb67dc539fa014c7d1b6,Tom Thompson,5,admin,admin,False,2025-03-07T07:55:21,2024-10-30T11:03:32,2023-12-13T23:16:47
1993,user1993,andrewchambers@example.com,scrypt:32768:8:1$MA1vnMStHrQXRNy5$380606d6673664c266d90869eae785f067546ef2a9cd47e35e1604948b5671d5db9a0e1beec9c150013b5823f1a85e7bdf056a58f57ae0493b31fd647a95905d,Eric Carter,5,managers,manager,True,2025-01-09T17:38:50,2021-10-07T02:25:17,2025-05-19T03:04:09
1994,user1994,banksrita@example.net,scrypt:32768:8:1$Jy29N2DSOnqhHlb2$cb2587661115f9906c85d8b6fd1f7d334a3269b43cdabb519dbbcc577873478888c845847dce9746bd2648edc7262d478beab1d4684f53debf5f4f69bdc0c330,Nathaniel Williams,4,staff,user,True,2025-03-24T03:49:26,2022-12-21T13:56:38,2025-04-12T09:41:46
1995,user1995,shelby41@example.com,scrypt:32768:8:1$4kP6jZkJuIpW6Wt4$2bbbc3d8269d984b99635777c0078b60fb9bdf98b2c9218e6128e0ca63db48d6bf12ea64a0b583792c53ee333d80c95e9bd5f57c48c0e84d4ce11c655551f355,Tammy Salazar,2,finance,manager,True,2024-12-20T04:15:31,2024-09-20T17:39:59,2025-10-23T18:04:44
1996,user1996,nelsonmiguel@example.org,scrypt:32768:8:1$vjjXotPz0HRQRPMB$78cfcab87aca53baad5860b3096e62ed791ec8442740d4623a5e56ade76b0ebd6d287aafc2695b52a3130850637ac1a0c350b6bc4a06ceaed7a30dbcfe723dee,Ronald Suarez,10,staff,manager,False,2025-05-24T10:08:47,2022-12-29T14:41:34,2025-10-09T23:02:19
1997,user1997,adamsanthony@example.net,scrypt:32768:8:1$aHlMCOirUuWOX2R7$78b3335316824ed78bacac10587a54158429108285817eeb5d279948d7e028b9ab499b393d21ec9bf85d93b4bafc8f5b6e99e8525a4558ee5cec68c69ed590bb,Paul Conner,5,finance,manager,True,2025-07-21T23:09:04,2023-02-26T05:41:23,2025-08-27T02:08:17
1998,user1998,mary24@example.org,scrypt:32768:8:1$B9beu23QBzMcxuqJ$9484d2e47c6814df0e60f36d42114a1f6d1eb466b365420ee5cff1617b1dffff6bd7c0fd5914161d9e9c3e6851e9193b4c7456c97058bd2be17537521b659bf1,Robert Hughes,5,finance,manager,True,2025-01-15T00:19:32,2021-12-31T12:00:35,2024-03-09T15:31:12
1999,user1999,smithmichelle@example.org,scrypt:32768:8:1$emmpYc6Y1Uk8IYl2$1c66eceab46931b0dd431b5943771dfa802fe13c8b543e346d45e7e252630f0d3aca9682de38c1699b0f1ed7682131abc3cea5b4df960ba753abdb10819150e1,Samuel Ferguson,1,staff,user,True,2024-12-30T20:16:19,2024-10-02T18:16:32,2024-02-05T06:31:19
2000,user2000,elizabeth47@example.org,scrypt:32768:8:1$QMhhGzA2XNMOfVPF$0967335a9d848c86f42e59a8b503279f068104932a76935d86e1f9e235157ad938d5a1c3de135803350da4c58ea27eaefc6f8275c5d4e5264fe4df26652df3c7,Amanda Schmitt,10,staff,user,True,2025-08-01T05:51:54,2025-05-01T03:31:14,2024-05-18T08:10:47
