id,name,current_task,status,operator,updated_at
1,WC-1,Number with say cultural.,Running,Margaret Glenn,2024-06-24T14:29:31
2,WC-2,Ok unit example continue most.,Running,Jeremiah Burke,2024-01-11T01:04:45
3,WC-3,Establish movie small.,Maintenance,Ronald Thompson,2024-04-22T12:32:36
4,WC-4,Successful inside.,Running,Justin Kelley,2025-05-12T22:44:01
5,WC-5,Not difference west financial a.,Idle,Robert Smith,2025-04-16T03:55:58
6,WC-6,Role trade lawyer start bad.,Idle,Todd Schneider,2025-08-16T03:03:02
7,WC-7,Section thus everybody in.,Running,Jamie Ray,2024-06-03T03:36:30
8,WC-8,Watch edge economy.,Idle,Mike Blackburn V,2025-01-05T09:04:54
9,WC-9,Own blue.,Maintenance,Derek Wallace,2025-03-06T16:47:30
10,WC-10,Better arm enough bring water.,Running,Mackenzie Mccarthy,2024-05-30T13:11:25
11,WC-11,Any food visit house.,Running,Catherine Roberson,2024-07-24T16:53:43
12,WC-12,Provide turn like.,Idle,Tyler Diaz,2025-07-13T02:06:29
13,WC-13,Wish down industry long.,Running,Dustin Anderson,2024-03-27T05:25:57
14,WC-14,Our interview.,Maintenance,Kristina Reyes,2025-10-26T05:24:48
15,WC-15,Form answer ask Mr cut.,Running,Ian Lopez,2024-02-25T03:03:04
16,WC-16,Nation body husband.,Maintenance,Andrea Compton,2024-08-04T07:56:53
17,WC-17,That she if.,Idle,Kelsey Hickman,2024-02-06T10:17:34
18,WC-18,Future PM fear section.,Maintenance,Anthony Rodriguez,2024-04-06T09:43:32
19,WC-19,Focus clear site wonder.,Maintenance,Chad Nguyen,2025-05-30T21:05:59
20,WC-20,Big soon far check value.,Idle,Beth Friedman,2024-07-10T15:45:32
21,WC-21,Management tax.,Maintenance,Brent Peters,2025-01-25T17:55:23
22,WC-22,Once animal.,Maintenance,Angela Gonzalez,2024-02-15T23:42:20
23,WC-23,Stage issue.,Maintenance,Jennifer Mercer,2024-07-14T06:30:16
24,WC-24,Agent deep though.,Running,Lori Schmidt,2025-04-12T11:06:21
25,WC-25,College assume.,Running,Taylor Cooke,2025-01-10T16:06:57
26,WC-26,Scene seek.,Maintenance,Kendra Hayden,2024-12-15T06:05:39
27,WC-27,Rule consider.,Running,Ross Thomas,2025-07-14T23:42:52
28,WC-28,Along hour.,Running,Gary Boyd,2025-04-06T09:30:17
29,WC-29,Avoid all.,Maintenance,Kimberly Clark,2025-08-20T13:01:43
30,WC-30,Million their writer.,Maintenance,John Johnson,2024-09-04T12:54:36
31,WC-31,Goal court base any.,Running,Mark Phillips,2025-05-08T14:50:57
32,WC-32,Fact condition enjoy center.,Idle,Anita Miller,2024-02-26T05:16:13
33,WC-33,Body show six guess.,Idle,Mary Diaz,2023-11-21T06:54:38
34,WC-34,Claim magazine personal amount.,Maintenance,Kylie Aguilar,2024-03-10T00:49:38
35,WC-35,Particular business fund.,Idle,Samantha Delgado,2024-12-18T20:39:59
36,WC-36,Agent blue.,Maintenance,Kristine Simpson,2024-05-20T05:37:49
37,WC-37,Cultural along off.,Maintenance,Mark Mckee,2025-01-04T00:11:26
38,WC-38,Eat over exactly fight.,Idle,James Carlson,2024-06-23T02:23:27
39,WC-39,Country draw.,Maintenance,Erin Walker,2024-09-16T10:34:37
40,WC-40,Tend true.,Maintenance,Eric Moss,2025-02-07T23:32:23
41,WC-41,Tonight law fear authority either.,Maintenance,Kayla Berry,2024-02-20T22:42:31
42,WC-42,About card price practice option.,Running,Jack Thompson,2024-06-09T10:34:13
43,WC-43,Wait Mr student its movement.,Maintenance,Jason Young,2025-03-13T01:44:42
44,WC-44,Less social day speak.,Maintenance,Daniel Clarke,2024-10-14T06:30:51
45,WC-45,Trial its claim challenge protect.,Running,David Wilson,2025-08-22T18:03:48
46,WC-46,Government through entire culture.,Maintenance,Mark Bauer,2024-08-05T09:32:31
47,WC-47,Much happen nothing.,Maintenance,Miranda Peterson,2025-03-28T23:42:22
48,WC-48,Senior health for today many.,Maintenance,Jennifer Smith,2023-11-08T01:36:35
49,WC-49,Region accept few strong toward.,Maintenance,Daniel Steele,2024-05-27T19:22:28
50,WC-50,Like avoid reality.,Running,Allen Young,2024-05-12T17:32:56
51,WC-51,List wife.,Running,Kristi Morse,2024-09-21T00:35:51
52,WC-52,View possible.,Idle,Mr. Richard Martinez MD,2025-03-30T19:15:53
53,WC-53,Still staff TV.,Idle,Michelle Phillips,2024-09-30T01:53:21
54,WC-54,Call east.,Maintenance,Johnny Cardenas,2025-07-30T15:20:39
55,WC-55,Marriage born cost prevent wind.,Idle,Omar Wilson,2025-03-15T06:48:34
56,WC-56,Care thousand whole.,Running,Alejandra Suarez,2025-05-12T09:37:55
57,WC-57,Hear consumer administration war body.,Running,Justin Wilson,2025-05-31T17:32:55
58,WC-58,She firm father month.,Maintenance,Melissa Gonzales,2024-08-27T09:31:18
59,WC-59,Forget call area.,Running,Stephanie Strong,2024-04-28T03:52:36
60,WC-60,Sport hospital catch environment during.,Idle,Joshua Hansen,2025-09-06T08:52:31
61,WC-61,Idea recently it.,Idle,Rebekah Aguirre,2024-01-27T05:14:26
62,WC-62,Great defense sometimes magazine.,Maintenance,Dawn Cervantes,2024-08-24T05:13:37
63,WC-63,Baby old word business.,Idle,Anita Miller,2025-02-05T04:42:08
64,WC-64,Act account.,Running,Ashley Lynch,2025-08-12T16:49:47
65,WC-65,The something final.,Idle,Kayla Ibarra,2024-08-06T18:56:53
66,WC-66,Field get.,Idle,Sarah Moore,2025-01-01T18:34:29
67,WC-67,Everyone fall life.,Idle,Daniel Kim,2025-02-11T04:10:51
68,WC-68,Pm the less.,Running,Kara English,2025-07-15T14:27:31
69,WC-69,Return where right.,Maintenance,Julie Taylor,2024-06-10T11:24:10
70,WC-70,Prepare business such.,Idle,John Blackburn,2025-02-11T15:30:44
71,WC-71,Daughter system road style.,Running,Richard Simon,2025-05-06T09:16:39
72,WC-72,Hope raise poor.,Idle,Bobby Savage,2024-07-06T20:11:56
73,WC-73,Myself figure one instead.,Maintenance,Misty Marshall,2025-04-26T17:33:49
74,WC-74,Threat whether remember.,Maintenance,Kim Campbell,2024-03-17T21:25:11
75,WC-75,Later bar Democrat about.,Running,Michelle Sanders,2025-04-26T13:33:33
76,WC-76,Carry field yourself hospital.,Running,Virginia Zamora,2023-12-12T08:02:07
77,WC-77,Rise bit itself.,Maintenance,Glen Vega,2023-11-14T17:20:10
78,WC-78,On house.,Idle,Samantha Gomez,2024-01-27T07:10:18
79,WC-79,Pressure sport join network reduce.,Running,Amy Fleming,2025-01-07T17:43:25
80,WC-80,Member wear.,Idle,Darlene Donovan,2024-07-31T05:26:03
81,WC-81,Amount article teacher trouble resource.,Running,Kelsey Peters,2024-06-26T18:34:09
82,WC-82,Nothing drug nature either sing.,Running,Juan Riggs,2023-12-12T08:46:22
83,WC-83,Relate provide brother.,Idle,Alexis Holloway,2024-09-20T09:57:38
84,WC-84,Eye stay forget away discuss.,Running,Ricardo Lopez,2025-10-01T13:23:40
85,WC-85,Administration already protect detail network.,Maintenance,Leah Taylor,2024-03-19T20:38:31
86,WC-86,Figure health often challenge add.,Maintenance,Andrew Burton,2024-03-15T12:26:25
87,WC-87,Understand above street position.,Running,William Turner,2024-09-11T11:36:36
88,WC-88,When statement however training herself.,Maintenance,Christopher Ponce,2025-07-13T17:00:29
89,WC-89,Use discussion cell clear.,Idle,Patricia Johnston,2023-11-03T17:42:08
90,WC-90,Very focus maintain.,Maintenance,Rebecca Kerr,2024-05-22T16:46:53
91,WC-91,Democrat necessary.,Idle,Matthew Donovan,2024-12-05T13:57:30
92,WC-92,Different however particularly contain.,Running,Christopher Bates,2024-07-25T17:54:01
93,WC-93,Wide out.,Running,Mrs. Mary Sanford,2025-02-11T01:32:24
94,WC-94,Week someone occur.,Maintenance,Troy Williams,2023-12-06T17:53:02
95,WC-95,Professional seek heavy.,Idle,Jonathan Mueller,2025-11-01T18:33:50
96,WC-96,Feeling assume.,Running,Philip Robles,2024-09-28T01:08:21
97,WC-97,Off fear their.,Maintenance,Brendan Mason,2024-04-04T07:09:27
98,WC-98,Daughter defense affect.,Idle,Michael Estrada,2024-06-13T01:28:28
99,WC-99,Road fear say official Mr.,Idle,William White,2023-11-09T16:16:10
100,WC-100,Practice seek.,Idle,Michael White,2024-08-15T13:22:12
101,WC-101,Management clearly beat environmental common.,Running,Michael Allen,2025-07-18T20:43:15
102,WC-102,Along sell always around.,Running,Amy Diaz,2024-02-01T09:08:14
103,WC-103,Station interview inside.,Idle,Jennifer Brown,2024-03-19T16:06:24
104,WC-104,Purpose much sometimes activity.,Maintenance,Jennifer Caldwell,2025-01-24T06:52:30
105,WC-105,Go consider economy.,Idle,Andrew Jones,2024-05-31T19:29:38
106,WC-106,Industry data get face east.,Running,Victoria West,2024-04-22T09:30:57
107,WC-107,Season teacher energy maintain first.,Running,Donald Solis,2025-08-13T04:32:23
108,WC-108,Large a fall past.,Maintenance,Cameron Russell,2025-09-22T16:57:09
109,WC-109,Serve improve.,Running,Angie House,2025-02-25T14:47:47
110,WC-110,Scientist thank sure.,Idle,Kathleen Becker,2025-09-23T12:55:11
111,WC-111,Window along.,Running,Patrick Jones,2025-03-23T20:42:59
112,WC-112,Little care skill reason list.,Idle,Elizabeth Mueller,2023-11-08T00:27:10
113,WC-113,Himself get line.,Idle,Sheila Cohen,2025-08-25T20:35:05
114,WC-114,Smile board behavior.,Maintenance,Jacob Mccullough,2024-02-28T17:44:17
115,WC-115,Issue common pass after close.,Idle,Shirley Hinton,2024-11-18T19:33:08
116,WC-116,Wind huge ago government.,Idle,David Moss,2024-11-25T07:23:05
117,WC-117,Color charge head local.,Idle,Ashley Dunn,2025-09-07T13:25:47
118,WC-118,Say minute read bad.,Running,Brian Cabrera,2024-09-28T04:40:13
119,WC-119,Little end southern.,Running,Cheryl Haley,2025-06-04T12:31:54
120,WC-120,Late health in there.,Maintenance,Dr. Susan Fitzpatrick DVM,2025-07-29T08:59:57
121,WC-121,Important peace threat late.,Idle,Lauren Adams,2025-06-22T21:03:24
122,WC-122,Evening represent team full.,Running,David Reed,2025-02-12T23:04:18
123,WC-123,Strategy their between.,Maintenance,Karen Moore,2024-12-01T08:49:44
124,WC-124,Show at claim pull smile.,Idle,Rodney Blair,2024-01-20T11:21:17
125,WC-125,Skill along artist.,Idle,Stephanie Pruitt,2024-02-08T22:51:24
126,WC-126,Record according laugh.,Idle,Tonya Khan,2024-01-21T09:58:41
127,WC-127,Teacher analysis.,Idle,Catherine Huber,2024-06-06T05:42:23
128,WC-128,Cell region.,Running,Teresa Barrett,2024-08-09T03:04:13
129,WC-129,Among truth explain word tell.,Running,Kyle Tyler,2024-08-04T04:38:25
130,WC-130,That box speak weight.,Maintenance,Mark Wilson,2025-06-10T00:45:04
131,WC-131,Take attorney suffer item.,Maintenance,Kayla Davidson,2024-09-01T04:40:08
132,WC-132,Care question she.,Maintenance,Joanna Franklin DVM,2024-05-27T21:47:23
133,WC-133,Some sign after military difficult.,Maintenance,Faith Kennedy,2024-04-27T03:04:52
134,WC-134,Market specific among speak.,Running,Kristen Hill,2024-04-01T15:35:21
135,WC-135,Establish say oil business.,Maintenance,David Robertson,2024-12-02T02:43:39
136,WC-136,Science of pay.,Maintenance,Rebecca Nicholson,2024-05-05T20:07:31
137,WC-137,Participant sort choose respond.,Maintenance,Tiffany Pope,2025-04-19T19:59:26
138,WC-138,Adult after plan.,Running,Joseph Dorsey,2025-07-31T20:49:44
139,WC-139,Its indicate.,Maintenance,Diane Lozano,2024-12-10T03:19:07
140,WC-140,Present system piece although.,Maintenance,Michael Ruiz,2024-03-11T17:54:54
141,WC-141,Finally read pay build.,Idle,Jordan Anderson,2025-02-19T04:57:03
142,WC-142,Financial bill middle.,Maintenance,Brendan Lee,2025-08-03T16:53:50
143,WC-143,Street adult.,Running,Dana Ramirez,2024-09-10T19:15:36
144,WC-144,Believe late.,Running,Breanna Lee,2024-03-25T15:16:27
145,WC-145,Strategy ever.,Running,Heather Garcia,2023-11-30T16:34:46
146,WC-146,Pretty quality.,Idle,Tyler Turner DDS,2024-05-02T19:18:08
147,WC-147,Wish face.,Maintenance,Cassie Fry,2025-01-03T19:49:06
148,WC-148,Trip take participant.,Idle,Rhonda Gordon,2025-05-28T09:11:03
149,WC-149,Hand interview off.,Maintenance,Kenneth Wilson,2023-11-10T21:58:18
150,WC-150,Information guy best whom society.,Idle,Wendy Williams,2023-12-12T11:53:15
151,WC-151,Customer finish attention.,Running,Colleen Sanchez,2025-06-07T16:50:20
152,WC-152,True small marriage.,Idle,Tina Horton,2025-10-25T17:44:28
153,WC-153,Nice idea test land.,Running,Laurie Cameron,2024-08-24T14:30:32
154,WC-154,Such nice later.,Maintenance,Allison Washington,2025-08-03T08:32:05
155,WC-155,Commercial age heart.,Maintenance,Tiffany Parker,2024-01-04T08:04:10
156,WC-156,Nearly language use including always.,Running,Karen Allen,2024-07-15T13:54:06
157,WC-157,North wrong necessary image school.,Idle,Christopher Mendoza,2024-03-23T20:30:41
158,WC-158,Pass although.,Idle,Angela Soto,2025-06-06T01:16:35
159,WC-159,Subject business outside.,Idle,Amanda Padilla,2025-08-15T18:37:40
160,WC-160,Help moment let southern.,Running,Anne Berger,2025-07-13T06:35:07
161,WC-161,Pm hospital after.,Running,Kimberly Hill,2025-07-11T13:15:34
162,WC-162,Doctor receive black provide leave.,Idle,Samantha Fuentes,2025-08-28T19:49:01
163,WC-163,Table thousand fast student.,Running,Donna Fields,2024-12-27T08:10:00
164,WC-164,Conference manager room product pass.,Idle,Peter Bowman,2023-11-07T22:22:43
165,WC-165,Choice account state me.,Idle,Monique Adams,2024-09-01T05:53:14
166,WC-166,Lot couple than.,Maintenance,Jackson Estrada,2024-06-25T20:42:52
167,WC-167,Decide happy stock week.,Running,Jeanette Kidd,2025-06-28T02:24:33
168,WC-168,Game hundred.,Running,Jennifer Harris,2024-12-06T18:51:29
169,WC-169,Growth cell hope.,Idle,Seth Brown,2024-08-15T19:24:26
170,WC-170,Shake art.,Running,Miguel Bell,2023-12-17T11:35:27
171,WC-171,Decision drop.,Maintenance,Ruth Olson,2025-02-04T10:04:24
172,WC-172,Institution color.,Idle,Jocelyn Morales,2024-09-28T17:33:06
173,WC-173,Cell produce any yeah experience.,Idle,Robert Stewart,2024-12-30T03:13:19
174,WC-174,Room control nor.,Maintenance,Kristin Phillips,2023-11-27T18:12:48
175,WC-175,Collection camera nearly.,Idle,Ellen Pierce,2023-11-15T16:20:15
176,WC-176,If exist step.,Idle,Leslie Rogers,2025-01-25T00:28:04
177,WC-177,Eat education listen.,Running,Erika Roman,2023-12-09T11:45:57
178,WC-178,Sound under while response.,Maintenance,Cody Kidd,2024-02-11T00:32:35
179,WC-179,Of resource.,Running,Shawn Holmes,2024-11-23T12:09:47
180,WC-180,Information one group see.,Maintenance,Bryan Smith,2024-10-25T22:07:31
181,WC-181,Throughout capital adult one official.,Running,Emily Carlson,2025-04-02T22:09:13
182,WC-182,Good again body pressure simply.,Running,Jacqueline Cooley,2024-06-13T08:28:11
183,WC-183,Manage red national very individual.,Running,Jeff Marquez,2023-11-27T09:16:03
184,WC-184,Save sport billion.,Idle,Erin Rodriguez,2024-12-04T06:49:27
185,WC-185,Quickly note care.,Idle,Jennifer Patterson,2023-12-29T17:04:36
186,WC-186,Point quickly must thus.,Idle,Christina Juarez,2025-09-14T15:27:59
187,WC-187,Capital market effort.,Running,Mark Rodriguez,2025-09-28T22:02:10
188,WC-188,Quickly son forward watch.,Running,Veronica Mueller,2024-05-08T00:40:48
189,WC-189,Personal another off season.,Idle,Amy Turner,2024-04-13T21:07:07
190,WC-190,Actually whether.,Maintenance,Luis Kim,2025-10-12T12:13:28
191,WC-191,Enjoy rule wait.,Running,Joanna Harris,2024-06-24T05:51:06
192,WC-192,Send toward bag reflect.,Maintenance,Gregory Pugh,2024-05-13T13:13:30
193,WC-193,Agent page minute American activity.,Running,Justin Pace,2025-07-02T01:02:46
194,WC-194,Condition pay raise.,Idle,Andrew Carr,2024-10-12T01:38:13
195,WC-195,Identify protect past billion car.,Running,Jimmy Martin,2025-01-29T20:19:18
196,WC-196,New culture range.,Idle,Bobby Curtis,2025-10-14T06:05:23
197,WC-197,Play which seem.,Idle,Dennis Warren,2024-08-30T06:03:46
198,WC-198,Ball model glass front.,Running,Jason Singh,2024-03-05T12:20:14
199,WC-199,Find plan.,Maintenance,Shelly Davies,2024-06-20T03:38:26
200,WC-200,Learn if.,Maintenance,Sarah Blackwell,2025-09-13T21:25:03
201,WC-201,Loss west.,Maintenance,Terry Farmer,2023-12-01T21:55:29
202,WC-202,Mouth majority work dinner.,Idle,Alyssa Morris,2025-07-06T20:20:21
203,WC-203,Tonight style phone.,Idle,Ariana Davis,2024-10-17T10:56:32
204,WC-204,Minute moment challenge.,Maintenance,Melissa Elliott,2024-02-05T06:20:21
205,WC-205,According herself.,Running,Ellen Bullock,2024-12-05T02:38:24
206,WC-206,Box town available according.,Running,Kaitlyn Hubbard,2024-05-31T04:41:57
207,WC-207,Still short front raise style.,Running,Jennifer Wallace,2024-10-02T14:46:49
208,WC-208,Baby carry everything always modern.,Maintenance,Cody Smith,2024-11-23T10:36:56
209,WC-209,Through partner food.,Running,Taylor Aguirre,2025-08-28T07:19:53
210,WC-210,Focus end there claim.,Idle,Katherine Waters,2024-03-22T09:03:19
211,WC-211,Message world.,Maintenance,Jessica Johns,2025-04-19T07:50:24
212,WC-212,Same million month.,Running,Thomas Oconnor,2025-01-03T09:12:34
213,WC-213,Source part.,Running,Mr. Kevin Oliver,2024-06-15T07:06:07
214,WC-214,Daughter thousand coach.,Running,Theresa Bryan MD,2024-09-21T08:34:13
215,WC-215,Perhaps light guy approach.,Running,Dennis Cruz,2025-10-07T22:58:43
216,WC-216,Suffer high school quality.,Running,Jacob Diaz,2025-06-29T13:33:14
217,WC-217,Onto low get.,Idle,Jason Moore,2024-09-21T06:04:38
218,WC-218,Or speech scientist involve.,Maintenance,Tracy Rosario,2024-11-25T09:13:58
219,WC-219,Word focus collection season.,Idle,Kayla Collins,2025-10-08T17:19:26
220,WC-220,Exactly deep already claim Mr.,Running,Gabriela Beck DDS,2025-06-11T21:51:59
221,WC-221,End federal beat sure human.,Maintenance,Jill Montes,2023-12-14T09:54:40
222,WC-222,Director government card.,Running,Amanda Hill,2025-03-19T08:38:36
223,WC-223,Born huge job.,Running,Debra Webster,2024-05-09T20:05:38
224,WC-224,Wonder although day.,Maintenance,Rachel Beck,2025-02-20T01:40:48
225,WC-225,Listen until ahead.,Idle,Holly Graves,2024-08-22T19:56:41
226,WC-226,Travel conference she audience.,Idle,Kyle Thompson,2024-03-11T03:30:03
227,WC-227,Per since usually.,Maintenance,Krista Rodriguez,2024-10-26T19:37:01
228,WC-228,Bar arrive.,Running,Lauren Morgan,2024-12-20T04:55:32
229,WC-229,Hair follow response.,Running,Samantha Phillips,2024-04-25T04:46:52
230,WC-230,Course never shake huge.,Running,Wendy Giles,2025-02-02T02:27:30
231,WC-231,Real art.,Idle,Jonathan Kelly,2025-09-21T08:41:04
232,WC-232,Claim understand hospital professor.,Idle,Gina Cooley,2023-12-07T03:25:08
233,WC-233,Suggest institution.,Maintenance,Ronald Cooke,2024-12-17T15:45:34
234,WC-234,Pretty fact ago.,Maintenance,James Jones,2024-08-24T22:15:57
235,WC-235,Rest laugh instead fill play.,Running,James Meyer,2024-12-28T03:47:29
236,WC-236,Leg plant watch.,Running,Phillip Ortiz,2025-05-21T08:16:06
237,WC-237,Public crime great.,Idle,Bryan Orr,2023-12-21T17:41:07
238,WC-238,Possible bring lawyer service.,Maintenance,Emily Long,2025-04-15T00:19:33
239,WC-239,Stuff other per.,Maintenance,Joshua Gordon,2025-01-26T09:57:21
240,WC-240,Project late prepare her.,Idle,Jennifer Mueller,2024-07-02T22:12:05
241,WC-241,Wear everybody sing.,Maintenance,Jasmine Francis,2024-11-21T22:40:02
242,WC-242,Well serve argue herself cell.,Running,Scott Turner,2025-02-10T09:24:54
243,WC-243,A future Democrat prepare.,Running,Sergio Phillips,2024-08-19T20:57:47
244,WC-244,Just between education same.,Idle,Stephen Frederick,2025-03-14T05:17:10
245,WC-245,All kid sell either realize.,Maintenance,Todd Shaw,2024-04-11T17:55:01
246,WC-246,Standard type put give fine.,Idle,Zachary Coleman,2024-01-27T23:55:16
247,WC-247,Make win prepare evidence among.,Maintenance,Kelly Harris,2024-08-20T06:00:25
248,WC-248,Interesting us under effect.,Maintenance,Joseph Cox,2025-04-07T01:27:07
249,WC-249,Contain record.,Maintenance,Adam Lopez,2024-10-14T21:10:48
250,WC-250,Share listen pass.,Maintenance,Olivia Atkins,2025-06-21T07:46:59
251,WC-251,Draw newspaper board.,Idle,Mr. Raymond Gill,2025-02-23T05:24:38
252,WC-252,Keep something quality.,Running,Mr. Martin Long,2025-04-25T19:24:06
253,WC-253,Ball bag foreign family six.,Idle,Christopher Duncan,2024-09-28T16:07:37
254,WC-254,Third day.,Maintenance,Dennis Moreno,2024-12-13T08:45:42
255,WC-255,Environment party.,Running,Kenneth Pacheco,2025-09-03T00:19:25
256,WC-256,Law car some.,Maintenance,Dr. Brian Anderson,2024-04-23T15:47:28
257,WC-257,Represent change walk while.,Running,Scott Vasquez,2024-10-02T13:58:57
258,WC-258,Lead ten practice friend.,Idle,Lisa Murphy,2025-04-03T20:25:17
259,WC-259,Special heart spend institution trial.,Running,Lindsey White,2025-03-16T20:23:21
260,WC-260,Continue certainly finish.,Maintenance,Tara Taylor,2025-02-24T21:01:08
261,WC-261,Job sort leg.,Idle,Sharon Kelly,2024-11-03T15:04:53
262,WC-262,Family shake color according.,Maintenance,Vanessa Burke,2024-09-05T17:33:27
263,WC-263,Every even purpose other.,Maintenance,Lauren Davis,2025-09-27T23:38:04
264,WC-264,Effect need worker week.,Running,Jessica Smith,2025-04-01T22:29:23
265,WC-265,Remain share least take hundred.,Idle,Joanne Martinez,2023-12-20T07:52:23
266,WC-266,Better live instead man.,Maintenance,Nicholas Weaver,2025-04-06T13:49:59
267,WC-267,Officer sure live effect.,Running,Lindsay Johnson,2023-11-23T04:31:12
268,WC-268,Travel doctor short audience evidence.,Idle,James Herrera,2025-05-14T21:31:52
269,WC-269,Next interest between quite.,Maintenance,Duane Adams,2024-07-25T12:41:51
270,WC-270,These price candidate cup.,Running,Fernando Thomas,2024-06-05T21:01:19
271,WC-271,Maybe though population window.,Maintenance,Johnny Murphy,2025-06-27T01:13:57
272,WC-272,City country increase high north.,Idle,Cathy Beck,2024-01-29T14:11:04
273,WC-273,Gas food major.,Running,Bailey Daniels,2024-07-09T12:16:08
274,WC-274,Trip final whose never.,Running,Karen Mcdowell,2025-02-06T20:38:45
275,WC-275,Series natural.,Running,Sonia Davis,2025-09-29T23:10:45
276,WC-276,Former necessary indeed value reality.,Running,Matthew Roberts,2024-08-27T03:28:09
277,WC-277,Bill another spend.,Maintenance,Kathy Wilson,2024-12-24T06:12:22
278,WC-278,Eat statement read enjoy amount.,Idle,Kimberly Robinson,2024-11-29T04:31:56
279,WC-279,Test form by writer.,Maintenance,Stephanie Holland,2024-08-10T21:03:49
280,WC-280,Back whose your.,Maintenance,Mason Sanchez,2025-07-29T06:54:09
281,WC-281,Resource blue others pretty wide.,Running,Bonnie Townsend,2024-09-14T04:38:00
282,WC-282,Expect what top.,Idle,Donna Durham,2023-12-04T22:11:47
283,WC-283,Room manager.,Running,Charlotte Sweeney,2024-04-10T22:00:23
284,WC-284,Radio happy usually whom.,Maintenance,Zachary Palmer,2024-12-29T05:56:32
285,WC-285,Black fight involve drive.,Idle,Heather Hamilton,2024-02-14T00:15:37
286,WC-286,Join attack attorney.,Running,Scott Williams,2024-08-26T03:49:46
287,WC-287,Law buy test where suffer.,Idle,Chris Kennedy,2024-09-05T03:52:22
288,WC-288,Certainly foreign PM.,Maintenance,Christopher Ward,2025-06-20T00:06:00
289,WC-289,Morning yes material company.,Running,Megan Adams,2024-02-19T06:44:53
290,WC-290,Career public forget certain.,Running,Ana Fox,2025-03-01T20:21:47
291,WC-291,Sit leg director over.,Maintenance,Rachel Estrada,2024-01-23T05:49:12
292,WC-292,Nice expect only action.,Running,Nancy Baker,2023-12-17T10:04:35
293,WC-293,Full whatever next.,Running,Anthony Kelly,2024-03-27T16:34:16
294,WC-294,Mention serve friend example trouble.,Running,Cheryl Lynch,2025-09-29T17:42:41
295,WC-295,Rock avoid song because.,Maintenance,Vanessa Brown,2025-09-14T11:24:56
296,WC-296,Require everything area see.,Maintenance,Marvin Smith,2024-01-13T13:27:24
297,WC-297,Spring on.,Maintenance,James Reid,2025-03-09T19:51:39
298,WC-298,Might teacher office.,Running,Eric Flores,2025-02-18T23:43:46
299,WC-299,Civil news vote.,Maintenance,Justin Fernandez,2025-02-07T04:03:54
300,WC-300,Meet note training seek.,Maintenance,Chelsea Cooper,2024-03-30T08:20:11
301,WC-301,Would himself community cause.,Maintenance,Katie Baker,2025-01-27T15:36:13
302,WC-302,Watch against same word next.,Running,Makayla Leon,2025-04-30T12:24:09
303,WC-303,Chance they least blood fund.,Maintenance,Tammy Cooper,2023-12-06T20:11:36
304,WC-304,Watch her begin.,Running,Brandi Jones,2023-11-04T19:11:53
305,WC-305,Father measure.,Idle,Margaret Vazquez,2024-12-04T00:06:40
306,WC-306,Build summer.,Idle,Carolyn Foster,2024-09-23T18:18:22
307,WC-307,Institution nation hand shoulder ever.,Idle,Faith Dixon,2024-02-23T11:26:47
308,WC-308,Kind rest senior.,Idle,Jonathan Gibbs,2024-07-06T15:58:48
309,WC-309,Time staff board.,Running,Luke Bennett,2023-12-20T14:26:46
310,WC-310,Produce husband room big.,Maintenance,Anna Ramirez,2024-01-03T16:11:39
311,WC-311,Old sense learn institution.,Maintenance,Russell Harvey,2023-11-25T03:14:35
312,WC-312,Understand woman.,Idle,Carrie Chandler,2024-03-06T11:18:56
313,WC-313,Same their interview.,Idle,Mathew Lamb,2024-05-16T18:57:12
314,WC-314,Heavy follow task.,Running,Michael Chandler,2025-01-08T18:35:26
315,WC-315,Whom fill.,Running,Lori Hernandez,2023-11-16T14:55:52
316,WC-316,Now half conference whose.,Running,Jesse May,2025-09-13T21:26:56
317,WC-317,Could citizen around.,Running,Jorge Brown,2024-11-03T23:34:00
318,WC-318,As international someone subject air.,Running,Sarah Williams,2024-09-12T11:13:37
319,WC-319,Early strategy industry.,Idle,Jessica Dickson,2024-11-20T07:27:23
320,WC-320,Land truth source.,Maintenance,Phillip Young,2024-11-06T00:23:48
321,WC-321,Each great.,Maintenance,Paul Walker,2025-01-28T09:21:02
322,WC-322,Ago start before town.,Idle,Rachel Austin,2025-08-09T20:54:13
323,WC-323,With top in scientist present.,Maintenance,Sara Ross,2024-09-26T14:48:44
324,WC-324,Ask environment style hit.,Idle,Kenneth Barry,2024-02-14T23:10:21
325,WC-325,Edge these.,Running,Kathryn Aguilar,2024-11-07T21:03:25
326,WC-326,Improve reach authority miss.,Running,William Cox,2024-12-25T14:38:08
327,WC-327,Marriage camera.,Maintenance,James Jones,2024-03-12T00:50:24
328,WC-328,Appear laugh poor.,Idle,Joseph Thompson,2024-08-19T21:55:42
329,WC-329,Popular my figure dream.,Idle,Tina Pham,2023-12-04T14:44:10
330,WC-330,Certain my once.,Maintenance,Joe Sanchez,2024-12-27T14:45:00
331,WC-331,Wrong approach red.,Running,Erica Garcia,2024-01-23T01:10:01
332,WC-332,Policy station find success.,Maintenance,Douglas Medina,2023-11-22T18:43:22
333,WC-333,Stage course others top.,Maintenance,Michael Hart,2025-07-26T18:31:53
334,WC-334,Mouth event brother.,Running,Ashley Brewer,2025-07-16T18:39:24
335,WC-335,Degree family form hospital really.,Running,Gloria Barrett,2025-01-21T19:33:38
336,WC-336,While figure water.,Running,Todd Mills,2024-06-21T03:11:31
337,WC-337,Much billion.,Idle,Elizabeth Spencer,2024-05-03T19:10:26
338,WC-338,By forget walk.,Maintenance,Nicole Preston,2023-11-14T17:19:33
339,WC-339,Put clearly safe program.,Maintenance,April Hammond,2024-09-04T05:36:26
340,WC-340,Out three.,Maintenance,Victor Roth,2023-11-30T02:11:03
341,WC-341,Then price.,Running,Andrew Munoz,2024-07-14T15:31:38
342,WC-342,Girl build.,Running,Gary Reyes,2024-07-29T16:38:01
343,WC-343,Vote under center blood course.,Idle,Amanda Mccall,2024-06-11T12:24:05
344,WC-344,Month walk main military.,Maintenance,William Wilson,2024-10-31T20:32:53
345,WC-345,Board television brother night.,Running,Justin Mitchell,2025-04-17T14:57:00
346,WC-346,Product move ago very area.,Maintenance,Gina Baldwin,2025-09-03T08:28:26
347,WC-347,Production light.,Maintenance,Christina Patterson,2025-09-10T13:08:02
348,WC-348,Else reveal moment role between.,Maintenance,Erica Hall,2025-09-18T20:24:00
349,WC-349,Relate go education share fire.,Maintenance,Christopher Roberts,2025-07-05T15:17:46
350,WC-350,Follow join quite five return.,Maintenance,Vincent Brown,2023-11-19T01:12:46
351,WC-351,Dog quality.,Maintenance,Kimberly Burton,2024-08-27T20:20:22
352,WC-352,Simply feel become write meeting.,Maintenance,Mitchell Farrell,2024-09-10T16:48:23
353,WC-353,Shake west age offer.,Idle,Sharon Bray,2024-09-19T08:14:11
354,WC-354,Experience quickly rise medical debate.,Maintenance,Angel Zavala,2023-11-05T04:24:02
355,WC-355,Concern happen.,Maintenance,Lisa Logan,2023-12-25T04:04:54
356,WC-356,Inside court sport anyone.,Running,Christopher Collins,2023-11-10T00:58:37
357,WC-357,Must employee goal coach.,Maintenance,Jill Schroeder,2025-06-01T20:41:40
358,WC-358,Compare catch.,Maintenance,Justin Macdonald,2024-07-12T23:56:58
359,WC-359,Friend rise attention with.,Maintenance,Brandi Johnston,2025-07-23T06:01:21
360,WC-360,Improve somebody.,Maintenance,Jamie Chang,2024-12-29T10:06:01
361,WC-361,Car will film.,Running,Megan Martin,2025-09-30T03:34:34
362,WC-362,Light fast church eye.,Idle,Samantha Payne,2025-03-28T05:02:26
363,WC-363,Focus stage.,Maintenance,David Arnold,2025-03-22T06:19:47
364,WC-364,Civil after.,Idle,Robert Contreras,2024-05-07T12:36:11
365,WC-365,Organization eye this leader.,Running,Lisa Kelly,2024-01-12T08:16:35
366,WC-366,Author good full civil.,Running,Rachel Mcpherson,2023-11-16T11:23:30
367,WC-367,Stand game recent.,Running,Monique Smith,2025-09-21T02:28:48
368,WC-368,West check take much.,Idle,Desiree Davis,2025-04-28T16:15:03
369,WC-369,Plant society thousand information heavy.,Maintenance,Renee Miles,2024-03-27T01:11:57
370,WC-370,Involve admit water.,Running,Jonathan Walker,2025-11-01T20:36:53
371,WC-371,Majority one wife record.,Idle,Erica Leonard,2024-10-02T22:22:53
372,WC-372,Society free play change camera.,Running,John Wilson,2025-07-29T01:25:07
373,WC-373,Official industry present gas.,Maintenance,Michael Schultz,2024-09-03T04:39:51
374,WC-374,Use wind.,Running,Ricardo Villegas,2024-01-01T15:10:32
375,WC-375,Way hit worry bar.,Idle,Robin Hicks,2025-07-21T08:52:42
376,WC-376,Issue forget.,Running,Melissa Nelson,2023-11-24T08:35:04
377,WC-377,Oil among time.,Maintenance,Kevin Smith,2024-06-11T10:13:14
378,WC-378,Nor himself reveal service ability.,Idle,Jonathan Norman,2025-03-10T07:34:46
379,WC-379,Water name word face.,Running,Kevin Fowler,2025-02-12T20:53:29
380,WC-380,Good another age.,Idle,Tammy Lawson,2025-08-02T14:48:51
381,WC-381,Age civil baby anyone wrong.,Running,Paige Jones,2024-10-18T22:34:06
382,WC-382,Article month reason.,Idle,Christopher Porter,2024-06-03T22:01:45
383,WC-383,Conference call audience vote.,Maintenance,Christopher Kim,2023-11-27T11:22:12
384,WC-384,Employee player prepare.,Running,Kathleen Tucker,2024-05-01T13:14:47
385,WC-385,Under current.,Idle,Chad James,2024-02-02T11:59:38
386,WC-386,Key surface deep.,Idle,Michelle Mccormick,2024-03-15T20:35:58
387,WC-387,Drop middle specific.,Idle,Brett Conner,2023-11-10T11:44:33
388,WC-388,Full threat.,Maintenance,Daniel Carter,2024-07-19T22:14:34
389,WC-389,Yes but then see kitchen.,Idle,Mr. Michael Savage,2025-03-16T07:35:19
390,WC-390,Election adult mission ahead test.,Running,Ebony Kennedy,2024-07-13T09:23:21
391,WC-391,Foreign try news authority.,Idle,Elaine Dawson,2023-12-06T20:42:01
392,WC-392,Where about yard.,Idle,Sarah Banks,2024-10-24T00:23:45
393,WC-393,Air effort analysis.,Maintenance,Robert Robles,2024-10-25T04:41:12
394,WC-394,Forward world industry fall.,Running,Valerie Stevenson,2025-10-27T12:46:04
395,WC-395,Continue everything laugh lead.,Maintenance,Linda Martin,2024-04-26T14:08:06
396,WC-396,Agree agency degree bag.,Idle,Brandon Bates,2024-04-18T06:08:56
397,WC-397,Issue radio suffer expert avoid.,Idle,Breanna Smith,2024-06-28T17:49:25
398,WC-398,Certainly early.,Running,Tabitha Nelson,2025-03-10T03:40:40
399,WC-399,Mouth kind movie.,Idle,Steven Edwards,2024-02-18T18:13:25
400,WC-400,Go market firm never.,Idle,Jacqueline Hansen,2025-03-28T07:26:45
401,WC-401,Find hope yet.,Idle,Christopher Jimenez,2024-01-27T10:33:49
402,WC-402,His these.,Idle,Gabriel Saunders,2025-06-13T00:14:21
403,WC-403,Republican fact.,Idle,Haley Russo,2024-06-16T12:30:09
404,WC-404,Find begin.,Running,James Jacobs,2025-05-13T09:34:17
405,WC-405,Toward offer study consider.,Idle,Darren Moore,2024-12-26T12:12:01
406,WC-406,Operation care participant.,Maintenance,Stephen Wolf,2025-09-18T01:47:20
407,WC-407,Clearly court soon its.,Running,Michael Green,2025-07-10T05:14:57
408,WC-408,Idea political mother marriage skin.,Running,Beth Frederick,2025-02-25T14:26:10
409,WC-409,Hot near example right lay.,Maintenance,Hector Cowan,2024-09-13T00:20:01
410,WC-410,Sound great property.,Idle,Sharon Gomez,2024-08-15T23:36:05
411,WC-411,Guess action two.,Running,Sarah Pratt,2023-11-26T14:00:16
412,WC-412,Its brother news sort.,Maintenance,Jason Contreras,2025-08-16T02:58:35
413,WC-413,Avoid upon yes.,Idle,Brianna Perkins,2024-04-20T15:24:25
414,WC-414,Skill instead.,Running,John Merritt,2025-07-29T15:38:02
415,WC-415,Firm mind another.,Running,Kristin Ball,2024-06-13T23:21:26
416,WC-416,Ball political.,Running,Heidi Johnson,2025-02-20T13:29:09
417,WC-417,Fall team group own woman.,Running,James Whitehead,2024-02-24T12:51:10
418,WC-418,Tree maybe community inside.,Idle,Kenneth Bradley,2024-06-22T14:31:51
419,WC-419,Chair describe.,Running,Kimberly Cabrera,2025-01-03T22:40:27
420,WC-420,Himself shoulder present.,Idle,Alyssa Myers,2025-02-22T17:21:24
421,WC-421,Leave make beyond example.,Running,Zachary Nichols,2024-12-22T01:37:20
422,WC-422,Member ground public hotel.,Maintenance,Kimberly Young,2025-07-20T03:12:54
423,WC-423,Factor oil often lot remember.,Idle,Robert Hardin,2025-05-31T22:56:19
424,WC-424,Interesting most trial term.,Running,Blake Watkins,2025-07-17T20:33:26
425,WC-425,Chair president small memory.,Running,Michelle Woodard,2025-03-09T20:46:34
426,WC-426,Person card shoulder.,Maintenance,Vanessa Rodriguez,2025-01-25T02:48:20
427,WC-427,Court car station.,Maintenance,Laura Smith,2023-12-25T11:05:00
428,WC-428,Entire what order thousand.,Maintenance,Joshua Mejia,2024-09-14T18:48:17
429,WC-429,Rate station continue although road.,Running,Mark Obrien,2025-06-01T10:12:59
430,WC-430,Wall plant treatment.,Idle,Ashley Reyes,2025-04-10T23:24:04
431,WC-431,Firm consumer international.,Running,Erin Duran,2025-05-05T04:07:15
432,WC-432,Movement black half stay condition.,Maintenance,Rhonda Walker,2024-04-16T08:04:10
433,WC-433,Whether follow they way fire.,Running,Jamie Duncan,2024-08-30T01:30:39
434,WC-434,Soon customer work picture.,Idle,Sharon Ford,2024-08-13T00:58:12
435,WC-435,Piece should possible church arm.,Running,Jason Martinez,2024-02-27T02:20:25
436,WC-436,Music else message.,Maintenance,Calvin Anderson,2024-09-03T21:18:33
437,WC-437,Life series ever official including.,Running,Carl Campbell Jr.,2025-07-23T04:32:47
438,WC-438,Three top attention box.,Idle,Annette Farrell,2025-10-14T07:06:18
439,WC-439,Five focus board ok.,Idle,Michelle Peck,2024-05-14T10:01:14
440,WC-440,Major decision happy change.,Maintenance,Russell Oliver,2025-10-03T15:31:52
441,WC-441,Institution age bit score.,Idle,Bradley White,2024-12-27T08:02:01
442,WC-442,Theory design high recognize ago.,Idle,Christopher Petersen,2024-09-30T20:02:09
443,WC-443,Trade lose middle field.,Idle,Dawn Martin,2025-09-21T21:21:18
444,WC-444,Important natural agreement charge party.,Idle,Vincent Case,2025-09-28T11:51:34
445,WC-445,Whatever write mind single.,Running,Karen Walker,2025-10-23T09:24:27
446,WC-446,Music say industry.,Running,Brendan Lynn,2025-04-11T20:00:02
447,WC-447,Play sometimes education.,Idle,Margaret Obrien,2024-09-26T21:00:12
448,WC-448,Action investment food.,Maintenance,Dr. Steven Mendez,2023-11-07T17:08:24
449,WC-449,Right trial a never.,Maintenance,Randy Jacobs,2025-04-14T04:18:37
450,WC-450,Must future.,Maintenance,Ian Jackson,2024-06-16T22:09:41
451,WC-451,View range.,Idle,Leslie Gonzalez,2025-07-09T17:31:31
452,WC-452,Performance service cost oil.,Running,Kaitlyn Combs,2025-02-02T16:54:40
453,WC-453,Suffer partner go group.,Idle,Andrew Perez,2025-10-29T17:14:05
454,WC-454,Have total west choose size.,Maintenance,Bradley Davis,2023-12-11T11:52:37
455,WC-455,Edge old interesting role.,Maintenance,Timothy Thompson,2025-06-07T07:07:42
456,WC-456,Hundred miss health probably.,Running,David Martinez,2025-04-06T05:54:17
457,WC-457,Focus establish.,Maintenance,Tara Kim,2024-01-11T03:12:03
458,WC-458,Size seek.,Maintenance,Jason Murray,2024-09-06T15:26:24
459,WC-459,Number major set spring.,Idle,Matthew Nguyen,2025-06-21T08:24:23
460,WC-460,Probably particular avoid.,Idle,Mary Mccoy,2024-01-06T03:03:50
461,WC-461,Summer visit reflect energy evening.,Idle,Michael Williams,2024-02-04T17:01:05
462,WC-462,I draw bad them.,Idle,Annette Hernandez,2024-11-04T01:15:07
463,WC-463,Tonight main last.,Running,Jesus Bright,2024-03-30T06:55:07
464,WC-464,Necessary alone public population.,Running,John Jensen,2025-04-05T08:17:57
465,WC-465,Cost help floor seem free.,Running,Stephanie Johnson,2025-10-11T13:54:50
466,WC-466,Dog down.,Running,Hunter Jones,2025-03-18T00:47:06
467,WC-467,Major how appear possible.,Running,David Castillo,2024-03-20T22:27:55
468,WC-468,Sound network garden.,Maintenance,Kevin Collins,2025-10-01T22:59:50
469,WC-469,Throw cover truth product.,Maintenance,Dr. Ralph Burke,2024-10-06T21:43:07
470,WC-470,Item executive question.,Idle,Travis Jordan,2024-10-14T22:27:00
471,WC-471,Small main my drop.,Maintenance,Mary Johnson,2025-09-17T11:02:29
472,WC-472,Politics almost continue.,Running,Philip Brewer,2025-02-19T19:05:42
473,WC-473,Woman child peace.,Running,Cindy Wilson,2025-02-01T10:18:01
474,WC-474,Moment field short travel company.,Running,Melissa Walker,2023-11-21T10:36:42
475,WC-475,Statement safe cultural conference room.,Running,Julie Miller,2025-06-01T17:11:49
476,WC-476,Remember of bit.,Running,Diana Chavez,2023-12-26T14:10:26
477,WC-477,Care leg old natural.,Maintenance,Paul Campbell,2025-01-19T00:31:24
478,WC-478,Present maybe half.,Running,James Park,2024-01-14T19:48:50
479,WC-479,Low bar worry send.,Running,Melanie Wood,2024-07-09T23:39:25
480,WC-480,Attorney yourself.,Running,Michael Wright,2024-07-02T16:53:54
481,WC-481,Minute authority.,Running,Gina Fleming,2025-01-26T07:36:58
482,WC-482,Growth matter somebody car.,Maintenance,Lisa Parsons,2025-09-13T11:48:05
483,WC-483,Loss news student.,Running,Henry Mcguire,2024-07-11T04:27:00
484,WC-484,Consumer add assume.,Idle,Jacob Baker,2024-11-04T23:59:51
485,WC-485,Analysis old air those.,Maintenance,Chad Burnett,2024-04-02T08:20:56
486,WC-486,Particular hold it.,Running,Bruce Harris,2023-11-19T23:30:15
487,WC-487,Human occur go.,Idle,William Rhodes,2025-10-16T04:02:34
488,WC-488,Wait animal beyond.,Running,Brian Wells,2024-10-27T01:12:24
489,WC-489,Learn training body.,Maintenance,Alexander Wilson,2025-08-05T22:20:04
490,WC-490,Blue few reach.,Idle,Jeffrey Alvarado,2024-12-05T02:14:20
491,WC-491,Traditional fight list history hand.,Maintenance,Jennifer Garza,2025-10-24T17:57:30
492,WC-492,Reality soldier somebody.,Maintenance,Kyle Washington,2024-09-13T22:55:33
493,WC-493,Trial do health minute.,Running,Shawn Kirk,2025-09-05T12:44:14
494,WC-494,Letter heavy avoid money.,Running,Tommy Scott,2025-01-20T22:24:02
495,WC-495,Identify consider these begin.,Running,Jeffrey Skinner,2023-12-25T16:26:40
496,WC-496,Career stage wind.,Running,Trevor Coleman,2025-07-25T03:29:08
497,WC-497,Require something.,Running,Karla Hooper,2025-01-14T12:19:35
498,WC-498,People good politics mother add.,Idle,Melissa Smith,2024-05-07T12:27:36
499,WC-499,Different along.,Running,Ashley Martinez,2024-05-02T18:20:29
500,WC-500,Up allow.,Running,Theresa Bell,2023-12-09T19:58:05
501,WC-501,Space best.,Running,Casey Luna,2024-11-11T06:27:11
502,WC-502,Attention share.,Maintenance,James Garner,2025-05-10T00:35:29
503,WC-503,Speak middle something help.,Maintenance,Jason Guerrero,2025-08-26T02:38:12
504,WC-504,Policy thousand hotel.,Running,Christian Burton,2024-03-08T23:04:04
505,WC-505,Second entire institution statement allow.,Maintenance,Taylor Conway,2025-07-07T01:01:17
506,WC-506,Mean trouble should.,Maintenance,Brenda Fischer,2024-09-17T19:09:49
507,WC-507,Listen present wide go order.,Maintenance,Andrew Neal,2025-06-08T11:52:49
508,WC-508,Husband fire feeling.,Maintenance,Leah Smith,2025-08-26T11:14:49
509,WC-509,Good this pick without fall.,Idle,Jeffrey Phillips,2025-05-18T16:55:35
510,WC-510,Brother mention middle section place.,Running,Angela Robertson,2023-12-13T13:43:25
511,WC-511,Save situation provide citizen.,Idle,Elizabeth Walker,2025-02-05T15:56:22
512,WC-512,Face manage phone executive.,Idle,Sylvia Williams,2024-06-05T15:52:00
513,WC-513,Ahead concern customer important.,Idle,Crystal Taylor,2024-08-15T12:41:37
514,WC-514,Attention increase pass necessary.,Maintenance,Jeffrey Leach,2025-04-12T22:26:54
515,WC-515,Hard pressure.,Maintenance,Brent Francis,2024-12-24T09:48:16
516,WC-516,Opportunity in.,Running,Keith Torres,2024-09-07T14:38:03
517,WC-517,Bill play present will station.,Idle,Leah Martin,2025-04-04T08:11:23
518,WC-518,Exactly entire address.,Idle,Gregory Smith,2024-01-27T04:38:57
519,WC-519,Community bed east rest talk.,Running,Emily Gardner,2024-07-17T19:09:34
520,WC-520,Order despite toward board.,Maintenance,Marcus Sandoval,2024-07-26T00:57:43
521,WC-521,Whose gas organization total even.,Idle,Megan Mccall,2023-12-20T21:40:09
522,WC-522,Business station turn as many.,Running,Chelsea Bates,2024-12-04T09:27:55
523,WC-523,Method respond still season.,Running,Sara Thompson,2025-04-14T11:37:02
524,WC-524,Data senior suffer.,Maintenance,Matthew Ross,2025-07-15T20:40:07
525,WC-525,Suddenly foot base soon accept.,Maintenance,Stephen Foley,2024-11-02T07:10:01
526,WC-526,Wrong free majority itself.,Running,Linda Hill,2025-07-19T07:37:02
527,WC-527,Policy attack.,Idle,Kimberly Williams,2024-03-27T05:50:53
528,WC-528,Fast discuss reflect.,Maintenance,Susan Smith,2025-01-26T08:58:26
529,WC-529,Girl your top.,Idle,Mason Thompson,2024-03-04T18:42:41
530,WC-530,Forget doctor growth when understand.,Running,Jacqueline Acevedo,2024-04-18T23:19:42
531,WC-531,Security article build sister impact.,Maintenance,Dr. Kayla Graham,2025-10-18T07:11:10
532,WC-532,Property finally dream card.,Maintenance,Samuel Mcneil,2024-05-01T16:05:06
533,WC-533,Technology amount agent school.,Idle,Mr. Michael Daniel,2023-11-05T03:01:31
534,WC-534,Evening baby suggest.,Running,Daniel Chen,2025-04-07T02:58:13
535,WC-535,Interest age large some audience.,Idle,Jack Drake,2025-04-10T00:58:20
536,WC-536,Into hundred word picture house.,Maintenance,Julie Rivers,2025-09-20T13:35:54
537,WC-537,Put reason guess.,Maintenance,Frederick Burgess,2025-05-19T21:28:15
538,WC-538,Modern campaign positive lose.,Running,Karen Doyle,2024-12-23T10:56:07
539,WC-539,Machine number suddenly.,Running,Shannon Baker,2025-06-11T03:34:56
540,WC-540,Event even skill fight.,Idle,Megan Randall,2025-05-19T05:37:17
541,WC-541,Spend second against order.,Maintenance,Christina Little,2024-03-12T03:08:13
542,WC-542,High team.,Idle,April Murphy,2024-05-30T19:38:06
543,WC-543,Option ability federal.,Idle,Diane Nash,2024-11-11T13:47:42
544,WC-544,Beautiful thought building than site.,Idle,Thomas Baker,2025-05-24T04:25:45
545,WC-545,Act recent value voice.,Maintenance,David Payne,2024-04-12T23:08:36
546,WC-546,Nothing significant federal.,Running,Raymond Lee,2025-02-15T02:13:29
547,WC-547,You book perhaps seat.,Idle,Stephen Walker,2023-11-12T05:47:33
548,WC-548,Person key.,Idle,Mrs. Heather Sanchez,2024-02-23T23:17:36
549,WC-549,Social more thought these.,Maintenance,David Myers,2024-10-19T09:02:32
550,WC-550,Probably mouth race business.,Maintenance,Antonio Wade,2024-11-09T18:37:17
551,WC-551,Meet summer.,Maintenance,Elizabeth Gibson,2024-08-16T06:07:48
552,WC-552,Focus federal.,Idle,Catherine Wong,2024-03-13T01:04:59
553,WC-553,Four stay occur.,Running,Christopher Deleon,2023-12-08T17:50:38
554,WC-554,While discover listen stage cause.,Running,Kyle Orozco,2024-07-18T13:15:22
555,WC-555,Poor seven.,Idle,Michael Johnson,2025-07-01T09:19:35
556,WC-556,Until dream.,Maintenance,Tracie Martinez,2025-02-07T22:08:48
557,WC-557,Style use summer full.,Maintenance,William Buck,2024-01-16T16:43:24
558,WC-558,Also newspaper.,Idle,Joseph Hernandez,2025-05-26T11:44:09
559,WC-559,Relate say until.,Maintenance,Ryan Johnson,2024-04-30T17:41:12
560,WC-560,Face research site respond relationship.,Maintenance,Regina Sampson,2025-09-13T11:16:25
561,WC-561,Fast newspaper stage herself.,Maintenance,Robert Brown,2024-12-21T17:21:42
562,WC-562,Where prepare likely use daughter.,Maintenance,Margaret Brown,2025-01-20T04:14:21
563,WC-563,Instead reason imagine.,Maintenance,Michele Perez,2023-11-27T12:29:58
564,WC-564,Where network enough need.,Idle,Timothy Fields,2025-08-29T09:58:10
565,WC-565,Approach mention note.,Idle,Shane Diaz,2024-12-21T06:43:51
566,WC-566,Herself national water add.,Running,Paul Hardin,2023-12-20T02:32:34
567,WC-567,Fight prevent.,Maintenance,Donna Thomas,2025-08-04T15:17:51
568,WC-568,Study work.,Running,Timothy Hernandez,2024-03-20T14:31:15
569,WC-569,Party late majority.,Idle,Lisa Collins,2025-04-01T08:47:50
570,WC-570,Land kid wish.,Running,Douglas Jones,2024-10-15T02:55:43
571,WC-571,Bit in some door.,Running,Patricia Davis,2025-04-02T00:32:50
572,WC-572,Them particular reduce.,Idle,David Robertson,2024-09-02T14:36:38
573,WC-573,Clear mention identify sound government.,Idle,Dylan Castillo,2025-06-17T12:28:58
574,WC-574,Language crime class.,Maintenance,Jonathan Miller,2024-03-07T11:12:35
575,WC-575,Hour individual.,Idle,Deborah Sims MD,2025-03-30T11:14:54
576,WC-576,Build catch bed.,Running,Rebecca Turner,2025-10-14T11:43:06
577,WC-577,Might society mother identify.,Maintenance,Amanda Hoffman,2024-11-26T00:02:33
578,WC-578,Business give move last.,Idle,Corey Evans,2025-01-21T15:58:07
579,WC-579,Claim drive major.,Idle,Brittany Hoover,2025-06-29T04:52:13
580,WC-580,Together economy hair.,Maintenance,Keith Nichols,2025-09-14T22:14:39
581,WC-581,Trade son of.,Maintenance,Jeffrey Jenkins,2024-11-07T23:47:08
582,WC-582,Draw for century article.,Idle,Marilyn Leblanc,2024-12-02T09:41:58
583,WC-583,Record simply door human hospital.,Running,Kimberly Johns,2024-04-19T22:52:03
584,WC-584,Team free democratic.,Maintenance,Jonathan Osborne,2024-08-31T12:22:35
585,WC-585,Side material whether decide social.,Running,Brandon Brown,2023-11-05T03:45:24
586,WC-586,Dinner low radio product.,Idle,Jordan Chavez,2025-09-06T02:00:41
587,WC-587,At nation.,Running,Eric Burke,2024-10-22T13:39:50
588,WC-588,Identify sometimes scene staff.,Maintenance,Kenneth Odonnell,2025-03-28T12:42:12
589,WC-589,Mean school.,Idle,David Hood,2023-11-11T06:44:51
590,WC-590,Political modern difficult.,Running,Adrienne Baker,2025-03-26T11:00:49
591,WC-591,Cut mission value son sign.,Idle,Brian Shaw,2024-09-04T23:15:26
592,WC-592,Baby law.,Running,Terri Hernandez,2025-07-27T19:11:34
593,WC-593,Generation ten accept.,Idle,Bobby Hartman,2024-01-19T16:58:45
594,WC-594,Back something ready four.,Idle,David Price,2024-09-27T06:31:59
595,WC-595,Mouth recently special.,Running,Natalie Lindsey,2024-07-05T09:04:29
596,WC-596,Somebody free more direction.,Maintenance,Jessica Keller,2025-10-05T01:51:32
597,WC-597,Although green woman.,Maintenance,Richard Bell,2025-07-30T19:15:26
598,WC-598,Win or toward choice nearly.,Idle,Emily Adams,2025-06-25T14:46:35
599,WC-599,Want rest.,Idle,Tammy Ward,2025-07-05T11:33:13
600,WC-600,Plan role cause yard.,Maintenance,Heather Vance,2024-06-29T15:06:40
601,WC-601,Space watch.,Maintenance,Walter Oneal,2025-10-08T17:19:50
602,WC-602,Bar particular try unit.,Idle,Stacy Griffin,2024-08-25T06:04:57
603,WC-603,Continue enter necessary interesting.,Running,Angela Owens,2025-08-05T03:32:03
604,WC-604,Stage in light option.,Running,Kelly Downs,2024-02-22T23:56:30
605,WC-605,Play expect table.,Idle,Charles Nelson,2024-03-06T14:28:45
606,WC-606,Third thought.,Idle,James Crawford,2024-02-15T05:30:00
607,WC-607,Break successful lay.,Idle,Cheryl Smith,2024-01-22T00:58:58
608,WC-608,Yard this phone.,Idle,Sabrina Smith,2025-01-22T15:47:09
609,WC-609,Development listen energy.,Idle,Lee Ortega,2025-02-13T17:42:53
610,WC-610,Position finally that first.,Idle,Andrew Barry,2024-12-05T19:14:08
611,WC-611,Forget religious explain.,Maintenance,Danielle Ramsey,2025-05-28T11:15:14
612,WC-612,Program minute charge tonight benefit.,Maintenance,Maria Adams,2024-05-02T17:55:21
613,WC-613,Sometimes law step college.,Maintenance,Nicholas Webster,2024-08-12T02:30:34
614,WC-614,Stop store happy.,Maintenance,Susan Greene,2025-05-01T10:44:27
615,WC-615,Sort land back window.,Running,Anthony Harris,2025-04-09T02:02:50
616,WC-616,Open one deal authority.,Maintenance,Kathy Baker,2025-10-26T02:53:33
617,WC-617,Concern future.,Maintenance,Victoria Jones,2024-06-06T11:04:04
618,WC-618,Whom involve former try.,Idle,Clayton Brown,2024-02-03T12:25:16
619,WC-619,Military enter even economy.,Running,Joseph Clarke,2025-10-13T08:30:14
620,WC-620,Onto green traditional.,Running,Heidi Brown,2024-10-19T23:42:50
621,WC-621,Shake important claim.,Maintenance,Richard Mason,2025-07-25T19:57:04
622,WC-622,Measure stuff check.,Idle,Dr. Colleen Kent MD,2025-10-04T05:59:38
623,WC-623,Among method.,Maintenance,Douglas Martinez,2025-05-06T15:19:15
624,WC-624,Art customer allow evening drug.,Running,Timothy Williams,2025-03-19T06:35:13
625,WC-625,Shoulder cup word.,Running,Jennifer Davis,2025-09-29T19:24:06
626,WC-626,Perform simple.,Idle,Frank Fleming,2025-08-01T16:31:03
627,WC-627,Quickly small attention.,Running,Tina Delgado,2024-09-29T03:28:45
628,WC-628,Training move.,Maintenance,Charles Duncan,2025-03-29T19:50:53
629,WC-629,Nature commercial gun big.,Maintenance,Daniel Mack,2025-05-18T07:06:23
630,WC-630,Rule space son increase.,Idle,Kimberly Brennan,2024-10-20T02:07:11
631,WC-631,Have this public defense.,Running,James Wiggins,2024-07-21T15:15:46
632,WC-632,Instead anything.,Running,Jeremy Mitchell,2024-08-11T16:11:51
633,WC-633,While director ten support appear.,Running,Lydia Lee,2025-04-14T00:58:35
634,WC-634,Director growth almost according.,Idle,Andrea Lutz,2025-05-02T16:15:17
635,WC-635,Need nor city.,Idle,Christopher Pena,2024-06-09T20:18:52
636,WC-636,Allow floor manage.,Maintenance,Austin Rodriguez,2023-12-10T03:39:05
637,WC-637,Right increase.,Maintenance,Mrs. Erica Liu,2024-11-10T13:57:58
638,WC-638,Great machine good life.,Maintenance,Tiffany Payne,2025-09-06T20:39:18
639,WC-639,Until deep year.,Running,Bonnie Meyer,2025-02-09T00:54:23
640,WC-640,Standard fast.,Idle,Christopher Reynolds,2025-06-15T09:49:40
641,WC-641,Truth around child.,Running,Craig Valentine,2023-11-12T12:17:22
642,WC-642,Act simply image.,Idle,David Williamson,2025-08-08T17:15:35
643,WC-643,Same step large.,Maintenance,Amy Rosales,2024-03-14T19:26:31
644,WC-644,Never model along report five.,Maintenance,Lauren Pitts,2025-08-31T12:49:45
645,WC-645,From sea hold not.,Maintenance,Richard Valencia,2023-12-17T04:45:33
646,WC-646,Almost keep memory administration.,Idle,Joseph Bell,2025-02-14T00:35:14
647,WC-647,Bring window.,Running,Phyllis Hawkins,2025-09-14T10:03:53
648,WC-648,Place probably international own.,Running,Veronica Green,2025-07-26T04:42:12
649,WC-649,International some capital big perhaps.,Idle,Shannon Castillo,2025-06-28T09:07:32
650,WC-650,Hear test dinner radio.,Idle,James Stevenson,2025-08-09T04:39:24
651,WC-651,Individual establish community information fact.,Maintenance,Zachary Humphrey,2025-05-22T03:16:54
652,WC-652,Common use cause one want.,Idle,Ronald May,2024-09-10T22:32:19
653,WC-653,Power fill head ten.,Running,Samuel Martin,2024-08-14T13:52:44
654,WC-654,East arm.,Idle,Stephen Wyatt,2025-07-06T06:57:05
655,WC-655,Thought among cover impact.,Maintenance,Robert Smith,2025-05-08T12:57:33
656,WC-656,Activity design author.,Maintenance,Alexis Rhodes,2025-10-16T20:28:57
657,WC-657,Doctor mean west.,Maintenance,Melissa Booth,2023-12-18T02:04:59
658,WC-658,Class account several teacher.,Maintenance,Jason Burke,2024-07-26T21:03:41
659,WC-659,Above every.,Maintenance,Michelle Arias,2024-09-14T13:42:00
660,WC-660,Cost executive see example.,Maintenance,Jenna Whitaker,2024-10-26T03:11:28
661,WC-661,They risk rich day everybody.,Running,Katherine Wilson,2025-01-04T10:50:31
662,WC-662,Call series send eat goal.,Running,Joshua Ramirez,2024-05-31T01:39:27
663,WC-663,Draw own president option never.,Maintenance,David Mann,2025-01-08T01:27:53
664,WC-664,Tough discover yet someone relate.,Running,Cynthia Orozco,2025-02-08T01:22:24
665,WC-665,Third finally everything.,Maintenance,Eric Townsend,2024-09-07T21:21:44
666,WC-666,Thing within.,Idle,Jessica Gilbert,2024-10-11T08:24:03
667,WC-667,Example its physical although.,Idle,Jamie Gutierrez,2025-01-07T01:58:08
668,WC-668,Serve lawyer movie outside customer.,Idle,Mary Thompson,2024-07-23T12:50:36
669,WC-669,Ball president the yes.,Idle,Kelli Lucero,2024-01-02T16:14:12
670,WC-670,Could present.,Idle,Edwin Lopez,2024-03-02T02:17:04
671,WC-671,Board staff.,Running,Spencer Ellis,2024-10-23T02:54:44
672,WC-672,Reveal great action.,Maintenance,Julia Wiley,2025-02-14T04:02:19
673,WC-673,Policy whole skill way.,Maintenance,Christopher Delacruz,2023-12-02T10:24:58
674,WC-674,Space safe turn second sit.,Running,Ryan Brooks,2024-11-28T01:42:32
675,WC-675,Data shake red road.,Idle,Jason Davila,2024-12-04T09:07:44
676,WC-676,Civil car develop real.,Idle,Curtis Reed,2025-09-05T15:59:24
677,WC-677,Hospital question.,Maintenance,Lori Thomas,2023-12-26T07:46:50
678,WC-678,Design common sing carry.,Running,Jamie Davis,2024-10-02T01:29:27
679,WC-679,Least ten live citizen.,Running,Jesse Keith,2024-09-04T19:57:57
680,WC-680,Light institution.,Maintenance,Anthony Olson,2024-11-18T21:33:33
681,WC-681,Employee himself away great left.,Idle,Amanda Conway,2024-03-15T11:38:29
682,WC-682,Entire man.,Maintenance,Christopher Mcdonald DDS,2024-03-13T16:05:20
683,WC-683,Might high Mrs.,Idle,Shane Figueroa,2024-03-13T09:09:22
684,WC-684,College list forget painting.,Running,Thomas Williams,2025-08-02T04:26:24
685,WC-685,Teacher say until investment stand.,Maintenance,Gregory Lee,2024-05-07T09:42:12
686,WC-686,Product unit get.,Maintenance,Kristen Drake,2025-01-02T08:34:01
687,WC-687,Area marriage song loss.,Idle,Kyle Johnson,2024-02-14T21:23:52
688,WC-688,Machine structure card relationship.,Maintenance,Kelsey Romero,2024-12-06T05:12:16
689,WC-689,Power word west.,Idle,Kristin Mendez,2025-07-31T08:15:48
690,WC-690,Fund continue.,Maintenance,Karen Townsend,2024-07-07T05:55:25
691,WC-691,Movie small product must.,Running,Cameron Graham,2025-08-12T10:48:03
692,WC-692,Produce young one buy.,Running,Kristen Li,2025-10-20T03:34:00
693,WC-693,Doctor provide heart at industry.,Maintenance,Rebecca Sims,2024-08-08T18:13:15
694,WC-694,Leave wish reflect throughout production.,Maintenance,Jesse Turner,2025-09-09T00:03:38
695,WC-695,Treat more break.,Running,Mark Alvarado,2024-02-26T12:05:22
696,WC-696,Conference policy structure.,Running,Cassandra Kelley,2024-11-11T18:54:23
697,WC-697,No suffer beat.,Running,Samantha Solomon,2024-08-10T11:25:57
698,WC-698,City call news but.,Maintenance,Maria Watkins,2024-10-07T16:28:31
699,WC-699,Offer nearly forward human his.,Running,Michael Byrd,2023-12-24T23:35:57
700,WC-700,Stop season whom.,Maintenance,Steven Walters,2025-05-28T18:39:49
701,WC-701,Deep challenge.,Idle,Amanda Carter,2024-12-06T12:19:35
702,WC-702,Can present such.,Maintenance,Renee Arias,2024-03-28T08:30:04
703,WC-703,Federal report find.,Idle,Adrienne Scott,2024-11-21T20:28:51
704,WC-704,Prevent shake vote hear feel.,Running,Tina Alvarado MD,2024-07-04T14:02:41
705,WC-705,Continue argue floor.,Running,Tyler Kim,2024-10-11T18:26:19
706,WC-706,Place oil.,Maintenance,Ruben Henderson,2024-10-06T10:58:46
707,WC-707,Radio today best environment line.,Maintenance,Jessica Patterson,2023-11-04T20:28:04
708,WC-708,Approach that.,Maintenance,Molly Walters,2024-12-05T21:10:10
709,WC-709,Learn while former.,Running,Sarah Graham,2024-10-08T08:16:25
710,WC-710,Area others society light.,Idle,Kim Bryant,2025-06-07T15:29:53
711,WC-711,Toward central.,Idle,Debra Parker,2025-04-03T17:18:13
712,WC-712,Threat no billion word.,Maintenance,Danielle Huffman,2024-09-06T21:30:52
713,WC-713,Radio just growth.,Maintenance,Daniel Powell,2025-06-26T00:42:21
714,WC-714,Commercial million whole.,Running,John Orr,2024-10-16T23:12:37
715,WC-715,Center drive drive.,Running,Sheila Hill,2025-01-07T08:10:01
716,WC-716,Similar Democrat sport effort.,Maintenance,Stephen Hardy,2025-04-05T09:57:42
717,WC-717,Do chair garden.,Maintenance,David Schroeder,2025-02-01T04:00:30
718,WC-718,Safe film Democrat room.,Running,Lisa Travis,2025-06-12T02:59:54
719,WC-719,Beat have Mrs.,Running,Lisa Newman,2025-07-04T12:56:47
720,WC-720,Available his table minute.,Maintenance,Donna Johnson,2024-10-13T07:32:28
721,WC-721,Yeah TV most president.,Running,Michelle Smith,2024-06-03T02:59:40
722,WC-722,Somebody stuff she note.,Maintenance,Casey Torres,2025-08-13T19:40:34
723,WC-723,Thank sort summer smile.,Idle,Aaron Bird,2025-03-19T16:54:41
724,WC-724,Tax western pattern than easy.,Idle,Norma Glass,2024-03-06T17:07:55
725,WC-725,Mother the light.,Maintenance,Dr. Laura Lopez DVM,2024-08-12T08:27:35
726,WC-726,Three history him.,Maintenance,Joseph George,2024-11-25T17:43:53
727,WC-727,General deal hit contain.,Running,Melissa Jackson,2024-07-29T12:59:18
728,WC-728,Likely least poor.,Idle,Carol Lowe,2023-12-22T11:03:04
729,WC-729,Whole individual mission win.,Maintenance,Michael Shaw DDS,2023-12-14T11:27:45
730,WC-730,Rest any.,Idle,Darren Johnson,2024-05-17T02:40:28
731,WC-731,Open newspaper phone.,Running,Jason Spencer,2025-07-23T15:25:51
732,WC-732,Capital side.,Running,Kevin Sawyer,2024-12-06T07:16:02
733,WC-733,Character lot organization.,Running,Bruce Gordon,2024-05-07T06:12:56
734,WC-734,Claim staff begin draw.,Maintenance,Jeffrey Silva,2025-05-07T06:31:17
735,WC-735,Threat thought center reflect person.,Maintenance,Brenda Nguyen,2025-03-21T18:48:09
736,WC-736,Box recognize international.,Idle,Tara Simpson,2023-12-25T02:13:31
737,WC-737,Administration politics wall with.,Idle,Angela Ramos,2024-07-07T05:50:44
738,WC-738,Church program understand budget pull.,Running,Gerald Juarez,2025-10-27T20:35:14
739,WC-739,National guess society drug traditional.,Running,Amy David,2024-07-31T07:34:40
740,WC-740,Various under officer.,Idle,Jenna Townsend,2025-10-21T11:38:23
741,WC-741,Station what people.,Idle,Michele Acosta,2024-04-23T00:08:50
742,WC-742,Level thousand people.,Idle,Nicholas Cruz,2024-08-24T17:40:17
743,WC-743,Over rich itself.,Maintenance,Lori Garcia,2024-02-11T12:02:44
744,WC-744,Possible whole.,Idle,Mark Smith,2024-11-27T20:55:32
745,WC-745,Actually describe interest go radio.,Running,Shane Marquez,2024-04-07T07:28:56
746,WC-746,Group few wrong.,Running,Steven Smith,2023-12-31T00:21:58
747,WC-747,Evidence commercial.,Idle,Matthew Lee,2024-09-21T04:16:03
748,WC-748,Season support include.,Idle,Mallory Nash,2024-09-06T14:09:25
749,WC-749,Daughter avoid.,Running,Shannon Robinson,2025-10-24T09:20:15
750,WC-750,Member necessary agency cultural.,Idle,Melanie Mullins,2025-03-08T05:25:01
751,WC-751,Month find even.,Maintenance,Connor Macdonald,2024-10-15T09:15:50
752,WC-752,As owner way.,Running,Willie Pope III,2024-10-31T16:41:25
753,WC-753,Message response everything win.,Running,Tammy Riggs,2025-05-10T12:49:56
754,WC-754,Trade debate majority probably.,Maintenance,Jessica Martin,2024-09-01T04:25:10
755,WC-755,Low century.,Maintenance,William Hall,2024-05-27T11:02:44
756,WC-756,Within nature down.,Maintenance,Bobby Caldwell,2025-01-06T21:53:38
757,WC-757,Effort country pass his focus.,Idle,Ryan Lee,2024-07-13T03:36:30
758,WC-758,Own ten organization system.,Maintenance,Susan Taylor,2025-04-28T00:52:22
759,WC-759,Our among blood nation prepare.,Running,Jeff Rollins,2025-07-27T07:33:00
760,WC-760,Around over deal.,Maintenance,Stephen Greene,2025-01-19T10:09:51
761,WC-761,At girl benefit section.,Maintenance,Gabrielle Carr,2024-12-08T12:45:52
762,WC-762,Lead Mrs lose among.,Idle,Jeremy Gomez,2025-02-13T21:34:14
763,WC-763,Note guess.,Running,Scott Smith,2024-04-16T01:38:03
764,WC-764,Head just create.,Idle,Catherine Baldwin,2025-09-25T21:09:43
765,WC-765,His able hair.,Running,Robert Daniel Jr.,2025-10-26T09:49:39
766,WC-766,Fall score cup.,Running,Carla Rivas,2024-05-24T08:14:14
767,WC-767,Plant and some possible.,Maintenance,Andrew Deleon,2024-06-02T10:30:59
768,WC-768,Mother position attorney.,Maintenance,Rebekah Smith,2025-02-13T00:24:18
769,WC-769,Consider past.,Idle,Michael Harris,2024-05-15T13:45:55
770,WC-770,Your future father require.,Idle,Leslie Johnson,2025-08-05T02:35:46
771,WC-771,Major within order low pressure.,Idle,Brent Burgess,2024-11-13T14:03:05
772,WC-772,City actually seek civil long.,Idle,Jamie Williams,2024-04-10T02:50:40
773,WC-773,He hundred responsibility response issue.,Maintenance,Thomas Sanchez,2024-05-30T21:53:44
774,WC-774,World wife court safe building.,Idle,Steven Beard,2025-09-29T06:31:28
775,WC-775,Police indicate table.,Idle,Richard Duarte,2024-01-12T09:13:05
776,WC-776,Enter various.,Maintenance,Matthew Fletcher,2025-03-18T19:47:19
777,WC-777,Buy meet into.,Idle,John Rivera,2025-10-10T07:09:36
778,WC-778,Building who pull real together.,Maintenance,Rhonda Cervantes,2024-06-13T02:06:23
779,WC-779,Live color senior high.,Running,Christopher Fox,2025-03-02T07:05:35
780,WC-780,Light my stop president.,Maintenance,Maria Nelson,2024-03-03T07:26:16
781,WC-781,Poor either away feel administration.,Idle,Shannon Ramirez,2024-09-27T07:35:17
782,WC-782,Learn number town.,Running,Karen Mclaughlin,2024-08-16T04:07:33
783,WC-783,Board soon cultural.,Running,Samantha Garza,2025-08-09T18:58:24
784,WC-784,Leader show sea.,Maintenance,Renee Conrad,2025-10-21T17:29:56
785,WC-785,Late person reality body.,Idle,Ryan Wilson,2025-07-15T21:09:57
786,WC-786,Low stock government.,Running,Kevin Hamilton,2024-04-26T07:56:17
787,WC-787,Today western control television.,Maintenance,Eugene Turner,2024-11-09T15:14:16
788,WC-788,Hot generation hope film collection.,Maintenance,Kayla Johnson,2025-05-23T18:16:32
789,WC-789,Vote section blood so.,Running,Toni Whitney,2025-06-24T14:14:04
790,WC-790,Us sense two according.,Idle,Gary Reyes,2024-04-15T03:57:52
791,WC-791,Whom apply.,Running,Morgan Wyatt,2025-03-02T08:11:39
792,WC-792,Seek collection someone.,Idle,Kimberly Rivas,2024-06-02T17:09:30
793,WC-793,Race others.,Running,Tamara Proctor,2024-08-11T01:14:06
794,WC-794,Leader see physical large collection.,Idle,Aaron Mcintosh,2024-01-25T21:44:11
795,WC-795,Early democratic.,Idle,William Ford,2024-09-04T14:32:32
796,WC-796,Hour nation side.,Idle,Jeremiah Williams,2025-07-07T21:45:26
797,WC-797,Affect parent.,Idle,Walter Phelps,2025-06-17T23:41:30
798,WC-798,Visit eat whatever writer.,Maintenance,Dr. Jill Smith,2024-02-18T14:54:19
799,WC-799,Up full visit.,Running,Cynthia Douglas,2025-07-12T09:39:48
800,WC-800,Job can.,Maintenance,Dr. Jacqueline Jennings,2024-03-31T08:57:00
801,WC-801,Open statement receive word.,Maintenance,Tony Porter,2025-01-31T11:08:22
802,WC-802,Season board fear support like.,Maintenance,Elizabeth Pena,2024-05-03T00:11:56
803,WC-803,Summer throughout have film certainly.,Idle,Adam Garrison,2024-02-11T17:30:19
804,WC-804,Wrong read environmental yourself.,Idle,Oscar Valdez,2024-12-15T00:56:40
805,WC-805,Score issue.,Running,Brian Bennett,2023-11-26T08:45:14
806,WC-806,Low lot know.,Maintenance,Ronald Cobb,2024-06-25T13:32:36
807,WC-807,Director author whom animal.,Running,Amanda Moore MD,2024-05-10T16:02:45
808,WC-808,Information analysis behind our nice.,Idle,Christopher Cherry,2025-06-10T15:11:39
809,WC-809,Stand feeling film task one.,Running,Troy Wise,2024-03-02T15:30:29
810,WC-810,Mention plant buy side.,Maintenance,Erica Cohen,2025-09-03T03:03:34
811,WC-811,Management goal suddenly.,Maintenance,Abigail Harvey,2025-05-31T13:42:59
812,WC-812,Believe piece perform performance indicate.,Maintenance,Ronald Sanders,2025-09-20T08:42:30
813,WC-813,Democrat summer also however.,Idle,Katherine Robinson,2024-12-07T19:46:07
814,WC-814,Operation do identify responsibility.,Maintenance,Mrs. Joann Singh,2024-11-18T11:40:05
815,WC-815,Middle should.,Maintenance,Jorge James,2025-08-16T21:48:03
816,WC-816,Dinner risk worry despite.,Idle,William Parks,2023-12-05T19:13:22
817,WC-817,Thing rather it none.,Maintenance,Gabriel Brooks Jr.,2024-07-20T01:00:00
818,WC-818,Meeting evidence.,Running,Katrina George,2023-12-30T01:40:37
819,WC-819,Gun evening.,Idle,Melissa Wallace,2024-12-24T14:47:16
820,WC-820,Audience pass mouth.,Running,Dr. Justin Nash,2025-08-31T20:47:32
821,WC-821,Office edge food.,Maintenance,Benjamin Navarro,2025-05-22T21:11:39
822,WC-822,Century team coach.,Maintenance,Nathan Reed,2025-07-22T23:31:49
823,WC-823,Central boy evidence.,Idle,Joseph Pineda,2023-11-16T09:47:40
824,WC-824,Miss follow kid choose.,Maintenance,Kristine Martinez,2025-07-21T14:08:14
825,WC-825,Million once.,Maintenance,Jill Edwards,2024-03-06T00:57:41
826,WC-826,Herself girl rich operation.,Maintenance,Michelle Hodges,2024-03-25T14:28:56
827,WC-827,Southern Democrat clearly.,Running,Crystal Vargas,2025-01-07T00:11:09
828,WC-828,Same debate over.,Idle,Ronald Carpenter,2025-04-10T14:57:32
829,WC-829,Identify beautiful reality visit.,Maintenance,Andre Burton,2023-12-09T05:21:34
830,WC-830,Stand again.,Maintenance,Jessica Cuevas,2025-09-15T19:47:39
831,WC-831,Board establish begin police.,Idle,Felicia Lawrence,2024-02-24T21:10:07
832,WC-832,Wife policy imagine.,Idle,Adam Willis,2024-07-22T20:35:00
833,WC-833,Another everybody foreign.,Maintenance,Paula Duncan,2024-11-01T10:49:44
834,WC-834,Bed college purpose security surface.,Running,James Smith,2024-11-21T07:53:42
835,WC-835,Theory later.,Maintenance,Lynn Schmidt,2025-02-06T06:41:52
836,WC-836,Give customer story more.,Idle,Jose Alvarez,2025-07-30T03:16:32
837,WC-837,Business wait.,Running,Ashley Ward,2024-11-03T04:03:59
838,WC-838,Treatment stuff soon.,Maintenance,Colleen Luna,2025-08-10T17:24:08
839,WC-839,Cold teacher here.,Idle,Richard Hayes,2025-05-18T04:45:27
840,WC-840,This building realize campaign leader.,Idle,Eric Figueroa,2023-12-21T10:57:29
841,WC-841,Senior main.,Running,Kristine Guerra,2025-01-24T19:15:52
842,WC-842,Direction consider this opportunity.,Maintenance,Sharon Benitez,2024-10-30T05:00:27
843,WC-843,We kind material various goal.,Idle,Robert Hernandez,2024-03-14T05:42:36
844,WC-844,Approach firm good factor view.,Idle,Michael Bell,2024-09-22T15:36:42
845,WC-845,High class doctor.,Running,Shannon Green,2025-04-07T21:13:52
846,WC-846,Affect common off position research.,Idle,Joseph Schultz,2024-11-17T21:29:11
847,WC-847,Direction old sometimes because.,Idle,Laurie Cunningham,2025-01-24T21:18:13
848,WC-848,Game particular change.,Running,Patricia Barnett,2024-07-29T05:22:23
849,WC-849,Local main skin produce network.,Idle,Christopher Kelly,2024-07-29T16:40:48
850,WC-850,Mean campaign wife.,Maintenance,Lawrence Johnson,2025-04-21T18:52:54
851,WC-851,Hope open final.,Idle,Mary Coleman,2024-01-11T00:21:47
852,WC-852,Through social.,Idle,Lisa Taylor,2024-02-23T23:52:32
853,WC-853,Particularly position ball attention yard.,Running,Vanessa Leonard,2024-02-05T15:10:54
854,WC-854,Authority listen stand what Republican.,Maintenance,Kayla Sullivan,2023-11-13T00:35:09
855,WC-855,Dog need company likely upon.,Maintenance,Robert Harris,2024-12-06T02:58:05
856,WC-856,Feel power into.,Running,Aaron Rosales,2024-06-24T19:36:25
857,WC-857,Us those require let.,Idle,Stephanie Williams,2023-12-23T07:01:52
858,WC-858,Dark cold away.,Idle,Nicholas Wallace,2025-06-03T17:49:07
859,WC-859,Able large purpose travel.,Idle,Eric Jones,2024-05-16T09:07:30
860,WC-860,Issue win board rest.,Idle,Justin Hernandez,2025-01-16T06:15:10
861,WC-861,Member response sense.,Idle,Jason Cooper,2025-10-11T22:13:46
862,WC-862,West speech morning.,Idle,Mike Henderson,2023-12-27T01:48:42
863,WC-863,Fill design have face.,Running,Vincent Graham,2025-03-24T17:19:06
864,WC-864,Option though environmental keep.,Idle,Rebecca Peterson,2025-01-29T17:30:38
865,WC-865,Those turn star.,Idle,Nathan Johnson,2023-12-20T07:51:10
866,WC-866,Actually officer part.,Idle,Kim Lynch,2024-01-26T14:15:19
867,WC-867,State deal to decide.,Maintenance,Cameron Sanchez,2025-02-14T08:24:19
868,WC-868,Walk wonder cause defense.,Maintenance,Cynthia Shaw,2024-01-10T15:59:42
869,WC-869,Pattern hotel.,Maintenance,Zachary Garcia,2025-05-17T14:18:23
870,WC-870,Rule either national.,Running,Jesse Daniels,2024-05-08T11:29:40
871,WC-871,Away face difficult yet.,Running,Diane Smith,2024-11-29T14:00:35
872,WC-872,Above door compare.,Idle,Patricia Garza,2024-03-15T15:35:14
873,WC-873,Social bed form always purpose.,Running,Mr. Darryl Carlson MD,2024-06-11T21:43:26
874,WC-874,Space see different effect.,Running,Angela Gonzales,2024-02-18T04:31:41
875,WC-875,Difference size get.,Maintenance,Anthony Wagner,2024-06-21T14:11:40
876,WC-876,Behind attorney.,Maintenance,Lisa Wilson,2024-11-30T20:31:37
877,WC-877,Agreement more mouth.,Idle,Ana Brown,2025-08-14T03:48:38
878,WC-878,Other wait land however research.,Running,Michael Mcdonald,2024-02-03T23:31:49
879,WC-879,Recently always.,Running,Darryl Pierce,2023-12-06T18:04:11
880,WC-880,Make anything lot.,Running,Zachary Adams,2025-06-09T08:46:50
881,WC-881,Soon memory.,Maintenance,Taylor Acevedo,2023-12-04T03:11:33
882,WC-882,Discuss add serious.,Maintenance,Caleb Graham,2025-07-21T10:17:40
883,WC-883,Picture example law direction.,Running,David Meyer,2025-03-30T03:40:12
884,WC-884,Behind beyond from artist tough.,Running,Robert Duncan,2025-06-14T01:09:09
885,WC-885,Out former start only fly.,Maintenance,Douglas Moore,2024-06-17T19:59:48
886,WC-886,Name half positive.,Idle,James Page,2025-05-19T00:28:52
887,WC-887,West send material close name.,Maintenance,Rodney Carter,2025-09-10T14:03:29
888,WC-888,Tonight issue shoulder who tell.,Running,Tyler Cortez,2024-08-21T07:04:51
889,WC-889,Land sit.,Running,Courtney Erickson,2025-02-05T13:37:18
890,WC-890,I top line fire.,Idle,Joseph Stewart,2024-04-23T23:49:12
891,WC-891,Address he young.,Maintenance,Carla Shelton,2024-05-11T23:19:02
892,WC-892,Line attack.,Maintenance,Tammy Cooper,2024-10-17T01:05:30
893,WC-893,Computer consumer point.,Maintenance,Adam Reed,2025-05-11T05:14:27
894,WC-894,Of girl water.,Idle,Stacie Webster,2024-11-16T18:37:26
895,WC-895,Ability interview fast Mrs likely.,Idle,Rebecca Osborne,2025-03-20T13:00:23
896,WC-896,Realize maintain stuff board.,Idle,Bobby Smith,2024-10-08T02:49:22
897,WC-897,Upon drop.,Maintenance,Michael Nash,2024-02-05T20:54:09
898,WC-898,Meet series.,Running,Heather Sheppard,2025-10-12T09:15:05
899,WC-899,International always protect.,Running,Andres Walker,2025-07-10T23:07:03
900,WC-900,More together TV his.,Maintenance,Thomas Hamilton,2025-08-23T07:50:42
901,WC-901,Argue last factor dog administration.,Maintenance,Latoya Roman,2024-07-20T16:07:42
902,WC-902,Up example right worry station.,Maintenance,Lori Daniels,2024-10-09T07:02:38
903,WC-903,Involve baby thousand apply specific.,Running,Melissa Haynes,2025-05-18T18:15:47
904,WC-904,Natural myself plan.,Idle,Lindsey Callahan MD,2024-03-24T07:24:28
905,WC-905,Trip direction.,Idle,Danielle Holmes,2025-05-16T18:07:13
906,WC-906,Go speech.,Running,Ricky Kelley,2025-09-12T01:31:20
907,WC-907,Will whatever.,Maintenance,Tonya Stout,2025-01-24T07:34:56
908,WC-908,Else bring husband.,Running,David Nelson,2024-09-30T12:42:23
909,WC-909,Nearly American cover.,Idle,Diane Burns,2024-03-09T22:13:09
910,WC-910,Several risk.,Idle,Jonathan Bartlett,2024-12-15T17:56:28
911,WC-911,Wide old statement everybody manage.,Running,Kenneth Watts,2024-11-29T12:20:32
912,WC-912,Doctor usually message more.,Idle,Alexandra Simmons,2024-10-20T14:52:30
913,WC-913,Wife analysis suddenly few.,Running,Mr. Alan Carroll DDS,2025-03-25T23:42:23
914,WC-914,Up wall.,Maintenance,Christopher Wilson,2024-10-10T14:43:09
915,WC-915,Us foot father become.,Maintenance,Luis Suarez,2024-04-13T06:25:53
916,WC-916,Pretty national.,Idle,Marcus Chang,2023-11-08T08:27:23
917,WC-917,Fire tell place size.,Maintenance,Angela Johnson,2025-07-21T14:10:59
918,WC-918,Positive another.,Idle,Elizabeth Lucero MD,2025-09-10T14:57:35
919,WC-919,Responsibility base cold.,Maintenance,Ryan Campbell,2025-09-12T10:16:22
920,WC-920,Full discover.,Idle,Eric Sims,2024-05-28T04:52:06
921,WC-921,Also else first.,Maintenance,Joshua Richard,2024-10-22T01:07:38
922,WC-922,People before financial whether.,Idle,Heather Winters,2025-10-07T19:24:23
923,WC-923,Color mind.,Idle,Melanie Powell,2025-05-02T16:06:40
924,WC-924,Perform onto book.,Maintenance,James Taylor,2024-08-05T03:46:14
925,WC-925,Painting whatever.,Idle,Justin Solomon,2024-11-05T04:00:52
926,WC-926,Republican summer interesting job idea.,Running,Richard Warren,2025-03-06T18:58:13
927,WC-927,They century.,Idle,Carlos Flores,2023-11-08T16:47:00
928,WC-928,Performance my difference.,Maintenance,Amy Fleming,2024-08-18T21:40:22
929,WC-929,Heavy doctor tell natural.,Idle,Joseph Roberts,2024-02-13T15:30:49
930,WC-930,Admit second work list catch.,Maintenance,Sarah Moreno,2025-08-28T09:19:18
931,WC-931,Investment sell property success avoid.,Running,Derek Harris,2025-03-04T12:44:57
932,WC-932,Travel this wind.,Idle,Kim Hensley,2024-05-10T07:18:26
933,WC-933,Man seek join billion term.,Maintenance,Danielle Clark,2024-01-07T11:15:21
934,WC-934,Too door information strategy.,Running,Lisa Thompson,2025-04-27T00:08:03
935,WC-935,Huge what.,Maintenance,Sarah Johnson,2023-11-03T16:25:18
936,WC-936,Event cup rock one.,Idle,Robert Rhodes,2025-01-27T00:20:52
937,WC-937,Fear scientist improve to yet.,Maintenance,Paul Holland,2023-12-13T19:18:06
938,WC-938,Resource really project investment direction.,Idle,Robert Castro Jr.,2025-02-18T19:58:04
939,WC-939,Know case whether.,Maintenance,Patricia Miranda,2024-07-07T01:32:11
940,WC-940,Fund painting.,Idle,Brian Arnold,2025-08-03T21:05:44
941,WC-941,Debate lead hour speak.,Running,Blake Jones,2025-01-31T06:06:52
942,WC-942,Nearly center.,Running,Brooke Dixon,2023-12-07T15:22:18
943,WC-943,With development region offer property.,Maintenance,Emily Pearson,2024-12-18T19:43:39
944,WC-944,Party good sometimes which.,Maintenance,Robert Frazier,2024-04-08T11:07:04
945,WC-945,Under sister few organization actually.,Running,Matthew Franklin,2024-05-18T10:20:36
946,WC-946,Camera thing ready town experience.,Idle,Bradley Baird,2024-06-10T09:29:50
947,WC-947,Actually model cut.,Idle,Mario Gray,2025-07-04T08:13:03
948,WC-948,Region listen.,Idle,Robin Goodman,2025-02-12T04:13:01
949,WC-949,As decide instead.,Maintenance,Eric Rodriguez,2025-01-24T23:54:25
950,WC-950,Skin eye drug finally particularly.,Maintenance,Mark Jones,2025-05-08T11:27:36
951,WC-951,These capital.,Maintenance,Stephen Peterson,2025-09-15T14:11:42
952,WC-952,Page purpose region hear.,Idle,Patricia Garcia,2025-01-28T01:02:07
953,WC-953,Here Democrat ahead nature.,Running,Jimmy Lewis,2024-09-20T13:53:54
954,WC-954,Peace perform paper chair.,Running,Frank Hardin,2025-10-09T14:22:15
955,WC-955,Better meeting.,Idle,Courtney Hardin,2024-10-18T08:43:04
956,WC-956,Difficult those same until nation.,Idle,Diana Fields,2025-02-04T20:33:15
957,WC-957,Strong effect.,Running,Christine Hester,2024-02-18T14:53:01
958,WC-958,Back drive of left might.,Maintenance,Sheri Phillips,2025-02-11T19:40:37
959,WC-959,Group fight college lawyer agreement.,Idle,Christine Morris,2024-07-05T12:49:48
960,WC-960,Quite first bank fast hour.,Maintenance,Jonathan Howe,2024-09-11T19:12:26
961,WC-961,Situation road interview evening.,Running,Kristen Morrison,2025-10-06T16:05:39
962,WC-962,Myself line skin.,Running,Joan Robinson,2024-08-31T03:54:46
963,WC-963,Unit drive cut.,Maintenance,Jonathan Hatfield,2025-09-27T03:51:26
964,WC-964,Adult war join nice high.,Idle,Jennifer Ford,2024-09-17T20:22:47
965,WC-965,Prove peace society.,Running,David Valenzuela,2024-03-20T23:23:04
966,WC-966,Generation why.,Running,Duane Montoya,2023-12-13T07:50:19
967,WC-967,Successful especially.,Running,Andrew Lopez,2024-06-18T02:28:26
968,WC-968,Away staff factor fall analysis.,Idle,Karen Wood,2024-03-22T06:32:57
969,WC-969,Third sound very happy.,Maintenance,Colleen Oneal,2025-07-15T07:18:07
970,WC-970,Partner pretty team specific.,Maintenance,Holly Scott,2024-09-26T10:35:59
971,WC-971,Style sell yes.,Maintenance,Mary Miller,2025-03-04T14:25:35
972,WC-972,Technology security drop price well.,Maintenance,Cody Kirby,2024-09-20T13:52:12
973,WC-973,Participant beat south.,Idle,Samantha Casey,2024-05-28T01:34:20
974,WC-974,Pattern focus chair.,Running,Tara Jimenez,2023-11-03T12:22:30
975,WC-975,Tax claim determine market win.,Idle,John Hill,2024-06-30T20:01:01
976,WC-976,Friend travel miss help hour.,Running,Don Aguilar,2025-03-12T06:56:40
977,WC-977,Audience short.,Idle,Patricia Moody,2024-08-11T22:04:32
978,WC-978,Heavy sport strong sort must.,Maintenance,Robert Owens,2025-07-24T09:28:51
979,WC-979,We girl people accept.,Idle,Kevin Villegas,2024-04-26T11:34:13
980,WC-980,New represent professor.,Running,Steven Miller,2024-09-05T06:20:52
981,WC-981,Clear quality management.,Idle,Nina Johnston,2024-08-30T11:58:12
982,WC-982,Not outside population tonight customer.,Maintenance,John Morris,2023-11-06T18:49:21
983,WC-983,Question close whose first relationship.,Idle,Robert Collier,2024-08-18T06:39:03
984,WC-984,Hotel through senior.,Idle,Julie Roberson,2024-01-13T01:47:52
985,WC-985,Risk continue.,Maintenance,Mr. Curtis Harvey,2024-10-29T20:33:42
986,WC-986,Step or big trial.,Maintenance,Jeremiah Barr,2024-11-10T19:26:47
987,WC-987,Nothing quite.,Idle,Jeffery Mills,2024-05-05T20:13:59
988,WC-988,Answer speak attention listen.,Maintenance,Rachel Hernandez,2025-02-10T18:42:20
989,WC-989,Message method.,Running,Barbara Massey,2024-01-01T19:28:02
990,WC-990,Challenge ask month.,Idle,Kristin Ramirez,2024-12-07T09:38:52
991,WC-991,Manage story.,Running,Anthony Thomas,2025-03-19T03:59:03
992,WC-992,First subject away same.,Maintenance,Roger Pittman,2023-12-19T19:41:57
993,WC-993,Bad traditional close book reveal.,Idle,Eddie Gill,2025-09-06T14:24:50
994,WC-994,Present who decision similar.,Maintenance,Melissa Mullen,2025-03-21T17:39:51
995,WC-995,Commercial member major fall happy.,Idle,Stephanie Rodriguez,2024-09-13T17:31:32
996,WC-996,Our how discover cause.,Maintenance,Jennifer Rojas,2025-04-04T06:56:53
997,WC-997,Life finish according purpose likely.,Maintenance,Karen King,2024-08-16T20:05:59
998,WC-998,Deal my poor.,Running,Anthony Rodriguez,2025-04-18T15:38:21
999,WC-999,Image science gun.,Maintenance,Kevin Gaines,2023-12-27T16:27:35
1000,WC-1000,Order west fish.,Maintenance,Jason Johnson,2024-08-28T09:47:06
1001,WC-1001,Coach own call.,Idle,Ryan Davidson,2024-09-19T03:38:40
1002,WC-1002,Stage worry too.,Running,Jodi Clay,2023-11-06T00:29:33
1003,WC-1003,Senior will tough decide activity.,Running,Wesley Tucker,2025-06-09T23:00:45
1004,WC-1004,Agency them boy talk.,Idle,Sean Green,2024-06-11T17:11:41
1005,WC-1005,Everybody later.,Running,Ryan Caldwell,2025-10-23T13:47:11
1006,WC-1006,Do within someone.,Idle,Calvin Kennedy,2025-01-13T21:17:55
1007,WC-1007,Home audience.,Maintenance,Jennifer Wilkins,2024-08-12T21:56:43
1008,WC-1008,Woman reality.,Idle,Gary Foster,2025-01-13T10:12:06
1009,WC-1009,Truth center technology technology.,Running,Megan Stevens,2024-09-13T16:17:58
1010,WC-1010,Wait democratic admit above.,Running,Tara Harper,2023-11-27T08:24:24
1011,WC-1011,Reveal ask hour.,Maintenance,Dawn Roberts,2025-06-08T15:11:39
1012,WC-1012,Job now sing.,Running,Mrs. Caitlin Kim DVM,2025-03-16T01:34:35
1013,WC-1013,Animal others amount.,Running,Alexis Oliver,2025-04-15T13:23:54
1014,WC-1014,Avoid bed other different.,Running,David Travis,2024-11-17T16:22:41
1015,WC-1015,Fight learn if game.,Idle,Benjamin Stephens,2024-06-10T09:42:04
1016,WC-1016,Maintain participant parent across simply.,Running,David Carson,2024-09-21T03:21:05
1017,WC-1017,Person under away early.,Running,Dominic Smith,2024-06-13T07:30:59
1018,WC-1018,Condition crime carry build.,Maintenance,Natalie Williams,2025-06-11T14:56:14
1019,WC-1019,Rather suggest.,Running,Jeffrey Klein,2025-01-01T07:59:29
1020,WC-1020,Arm those something.,Idle,Christian Williams,2024-11-16T03:32:35
1021,WC-1021,Stuff want born.,Maintenance,Michael Gonzalez,2024-12-04T05:36:15
1022,WC-1022,Old brother write.,Running,Dominique Lopez,2024-03-17T07:19:32
1023,WC-1023,Organization series activity.,Idle,Mr. Ronald Cisneros Jr.,2025-06-06T04:04:29
1024,WC-1024,Break mean trade system.,Maintenance,Cathy Barnes,2024-10-11T17:33:40
1025,WC-1025,Share behavior guess structure.,Running,Richard Jackson,2024-12-30T13:04:42
1026,WC-1026,Pick people office.,Idle,Elizabeth Watson,2025-10-07T17:27:15
1027,WC-1027,Citizen stock defense ability.,Maintenance,Tina Jackson,2024-11-30T11:46:28
1028,WC-1028,Receive choice relationship center.,Running,Benjamin Kaiser,2024-06-30T23:57:49
1029,WC-1029,Approach course office remain pressure.,Maintenance,Robert Chen,2025-06-12T23:54:12
1030,WC-1030,Send author quality same.,Maintenance,Mark Mckinney,2025-10-05T20:16:58
1031,WC-1031,Federal contain.,Running,Katherine Vargas,2025-02-01T11:02:54
1032,WC-1032,West simple own.,Idle,Evan Miller,2025-08-29T10:42:42
1033,WC-1033,Town game opportunity.,Maintenance,Katrina Spears,2024-01-30T18:12:03
1034,WC-1034,White scene knowledge trouble.,Idle,Jenna Schmidt,2025-01-24T20:40:48
1035,WC-1035,Out police democratic.,Idle,Rachel Lewis,2024-05-20T07:59:47
1036,WC-1036,Game your together me issue.,Idle,Jacob Chapman,2024-07-11T05:58:26
1037,WC-1037,Operation today wind.,Maintenance,Wendy Roach,2025-04-13T06:50:32
1038,WC-1038,Skill member thought.,Idle,Trevor Stewart,2024-09-23T07:23:41
1039,WC-1039,Level now much.,Idle,Angela Wiggins,2025-04-29T20:40:28
1040,WC-1040,Tax industry political.,Running,Monica Jackson,2024-08-10T07:16:30
1041,WC-1041,Anything product region four.,Idle,Michelle Williams,2024-01-01T15:44:01
1042,WC-1042,Bit defense front collection.,Idle,Preston Gonzalez,2025-09-10T17:51:35
1043,WC-1043,Story decision dinner small.,Idle,Douglas Hughes,2025-10-22T13:16:13
1044,WC-1044,Bill including media local.,Running,Angela Hull,2024-03-07T16:10:56
1045,WC-1045,Still western future.,Running,Robert Miller,2024-07-26T23:26:11
1046,WC-1046,Worry according task quite ago.,Idle,Jordan Grant,2024-05-01T18:17:59
1047,WC-1047,Situation big without mother.,Running,Shane Bailey,2025-09-26T08:09:29
1048,WC-1048,Dog executive interview.,Maintenance,Lawrence Jones,2024-04-16T05:20:55
1049,WC-1049,Born answer business degree sound.,Running,Herbert Wright,2025-09-24T05:41:16
1050,WC-1050,Physical glass role.,Maintenance,Timothy Young,2025-10-17T12:08:09
1051,WC-1051,Consider everything lose.,Running,Julie Murphy,2025-03-30T17:51:32
1052,WC-1052,Cover compare beat.,Running,Brooke Martin,2025-08-30T08:41:06
1053,WC-1053,Camera position few indeed.,Running,Eddie Morrow,2025-06-23T18:35:35
1054,WC-1054,Letter create consider.,Running,Jennifer Reynolds,2024-05-19T04:48:47
1055,WC-1055,Throw lawyer.,Maintenance,Maria Pearson,2024-10-10T02:46:47
1056,WC-1056,Third today save.,Maintenance,Lisa Humphrey,2025-05-07T21:08:11
1057,WC-1057,On food week list.,Running,Gregory Brown,2024-10-14T07:14:37
1058,WC-1058,Really popular approach any.,Idle,Stephanie Becker,2025-08-10T16:00:06
1059,WC-1059,Model him suggest computer.,Running,Kevin Stafford,2025-08-20T12:47:23
1060,WC-1060,However challenge usually.,Maintenance,Joe Davis,2024-03-31T19:37:44
1061,WC-1061,Interest pull available seven.,Idle,Michele Olson,2025-01-04T19:39:54
1062,WC-1062,Yes remain.,Running,Terry Reese,2023-11-18T08:05:07
1063,WC-1063,Everyone team teach turn.,Running,Ashley Wade,2024-11-29T12:20:40
1064,WC-1064,Trade tough need church avoid.,Running,Jason Fitzgerald,2024-02-19T00:55:07
1065,WC-1065,Example project.,Running,Suzanne Thomas,2025-07-29T02:38:37
1066,WC-1066,Perform shake leg man attack.,Maintenance,Ronald Lewis,2025-10-10T14:18:25
1067,WC-1067,Party yet capital.,Maintenance,Erin Smith,2025-04-07T09:45:51
1068,WC-1068,Room kind.,Running,David Woods,2025-07-02T08:53:27
1069,WC-1069,Staff democratic base become subject.,Idle,Terry Anderson,2024-11-09T17:29:26
1070,WC-1070,Whatever safe deep night.,Maintenance,Roberto Hardy MD,2024-01-24T10:01:14
1071,WC-1071,Nature education American point.,Maintenance,Kimberly Lawrence,2023-12-21T01:58:54
1072,WC-1072,Method determine court whom western.,Idle,John Washington,2025-10-20T00:27:13
1073,WC-1073,Card water about music compare.,Running,Roy Harper,2023-11-20T19:35:15
1074,WC-1074,Situation medical but decision.,Maintenance,Bruce Moore,2024-08-14T01:01:04
1075,WC-1075,Identify face data.,Maintenance,Bryan Cruz,2024-02-28T17:52:14
1076,WC-1076,Every successful gas guy.,Maintenance,Cheryl White MD,2024-02-02T19:27:25
1077,WC-1077,Table instead know.,Running,Natasha Brown,2024-01-27T00:20:51
1078,WC-1078,The instead.,Maintenance,Peter Owen,2024-11-21T23:40:06
1079,WC-1079,Federal image able cup.,Running,Cassidy Johnson,2024-09-23T21:27:52
1080,WC-1080,Idea whatever.,Idle,Alexander Oliver,2025-05-04T02:46:37
1081,WC-1081,Even man.,Running,Hannah Gardner,2024-09-16T01:57:45
1082,WC-1082,Season series direction make remain.,Running,Ray Johnson,2025-01-26T08:54:15
1083,WC-1083,Key design feel move.,Running,Paul Michael,2024-09-24T07:56:38
1084,WC-1084,Maintain from chance.,Idle,Zachary Hess,2024-01-08T05:24:00
1085,WC-1085,Toward these whatever try.,Maintenance,Karen White,2024-05-31T03:45:58
1086,WC-1086,Should car every great current.,Maintenance,Angel Smith,2024-03-15T16:57:55
1087,WC-1087,Action wife.,Idle,Mary Adams,2024-03-16T06:55:45
1088,WC-1088,Size who public son.,Running,Scott Pennington,2025-01-27T13:15:10
1089,WC-1089,Dinner throw suddenly.,Maintenance,Cassidy Scott,2024-12-29T15:58:38
1090,WC-1090,Place none data.,Idle,Brandon Rivas,2024-12-13T17:53:35
1091,WC-1091,Although floor guy.,Idle,Edward Shaffer,2025-10-20T20:37:13
1092,WC-1092,According business statement bank.,Idle,Bridget Walker,2025-06-14T03:28:16
1093,WC-1093,Side chair.,Idle,Kevin Thompson,2024-07-28T02:37:53
1094,WC-1094,Owner fill argue movement.,Idle,Robert Gregory,2025-01-18T18:30:06
1095,WC-1095,Large course question.,Running,Andrew James,2025-02-06T06:33:12
1096,WC-1096,Once less detail lawyer pass.,Maintenance,Brenda Stafford,2024-06-04T18:45:01
1097,WC-1097,Million likely leader.,Maintenance,Sarah Miranda,2024-02-06T14:28:44
1098,WC-1098,Film may Mrs this.,Idle,James Santana,2024-11-03T00:43:51
1099,WC-1099,Eye several.,Running,Alan Garza,2025-04-08T13:07:47
1100,WC-1100,Window hope.,Maintenance,Spencer Lester,2025-07-31T20:58:24
1101,WC-1101,Student various technology debate.,Idle,Christopher Wilson,2024-02-18T04:08:37
1102,WC-1102,Office health cold.,Maintenance,Paige Moran,2025-05-31T10:29:53
1103,WC-1103,Although change.,Maintenance,James Juarez,2025-08-28T14:11:27
1104,WC-1104,Way station.,Idle,Stephen Price,2024-08-07T15:41:31
1105,WC-1105,Focus apply.,Running,Veronica Mcdowell,2024-11-23T01:20:54
1106,WC-1106,Never care to according economy.,Maintenance,Daniel Cantrell,2024-12-31T01:03:02
1107,WC-1107,Concern list feeling case.,Idle,Alicia Barton,2023-11-05T14:25:36
1108,WC-1108,Work would myself community new.,Maintenance,Megan Smith,2024-11-08T00:47:14
1109,WC-1109,Accept performance mean woman.,Running,Megan Wright,2024-12-04T13:47:15
1110,WC-1110,Recent program approach director cup.,Running,Tracy Horton,2025-07-04T18:27:55
1111,WC-1111,Official they it unit seem.,Running,Jonathan Rogers,2024-04-20T07:38:46
1112,WC-1112,Line throw our back.,Running,Cheryl Rhodes,2025-04-25T07:50:59
1113,WC-1113,Yeah movie yourself draw.,Running,Samuel Wilkinson,2025-02-10T07:31:39
1114,WC-1114,Responsibility range character find everything.,Running,Jessica Miller,2025-10-10T13:22:00
1115,WC-1115,Fear performance.,Maintenance,Kathleen Murray,2024-12-03T12:51:11
1116,WC-1116,Perhaps adult small feel.,Maintenance,Rachel Morgan,2024-07-03T02:07:06
1117,WC-1117,First popular service once.,Idle,Antonio Cummings,2024-03-22T07:30:23
1118,WC-1118,Age material.,Running,Teresa Gray,2024-03-16T03:49:55
1119,WC-1119,Ask south up.,Running,Christopher Thompson,2024-06-05T03:01:02
1120,WC-1120,Kid foreign science.,Idle,Jeanette Adams,2025-03-16T07:29:51
1121,WC-1121,Card budget success beautiful.,Idle,Amanda Murphy,2024-05-27T04:53:20
1122,WC-1122,List knowledge.,Idle,James Bender,2024-12-31T02:05:23
1123,WC-1123,Huge could amount pattern.,Maintenance,Kevin Jones,2024-10-31T23:09:03
1124,WC-1124,Expect quite own.,Running,Paula Brown,2023-11-29T18:16:35
1125,WC-1125,Minute technology threat.,Idle,John Lopez,2025-01-05T05:49:12
1126,WC-1126,Crime account moment environment those.,Maintenance,Ryan Gill,2025-10-03T01:29:23
1127,WC-1127,Very knowledge.,Running,Gregory Valentine,2024-05-15T16:22:03
1128,WC-1128,Person reach who medical.,Running,Mark Pacheco,2025-08-03T04:31:13
1129,WC-1129,No song.,Idle,Lisa Christian,2024-01-18T06:42:21
1130,WC-1130,Around claim way serious.,Idle,Travis Morales,2025-05-26T09:24:20
1131,WC-1131,Throw daughter entire range.,Running,Paula Henson,2025-03-25T19:47:15
1132,WC-1132,Contain unit.,Maintenance,Lisa Crane,2025-01-18T05:21:35
1133,WC-1133,Would much near job.,Maintenance,Jessica Smith,2024-01-23T20:21:34
1134,WC-1134,Threat success until try.,Running,Mary Wood,2025-08-21T18:10:25
1135,WC-1135,College lot machine so kid.,Maintenance,Crystal Mcmillan,2024-03-30T02:47:03
1136,WC-1136,Shoulder own different increase professional.,Idle,Joseph Pearson,2025-10-06T15:03:04
1137,WC-1137,Adult family page.,Running,Lauren Silva,2025-01-21T20:21:21
1138,WC-1138,Much ever discuss.,Running,Robin Mcdaniel,2023-11-04T06:22:35
1139,WC-1139,Your follow culture.,Idle,Hannah Perez,2024-08-20T21:52:18
1140,WC-1140,Spend give majority pattern.,Idle,Mrs. Danielle Hansen,2024-06-29T16:31:44
1141,WC-1141,Down child the.,Idle,Nancy Hall,2025-02-01T08:06:36
1142,WC-1142,Throw range tree detail total.,Idle,Paula Burns,2025-02-11T19:14:36
1143,WC-1143,Enough character occur daughter.,Idle,Ronald Hughes,2024-06-05T14:06:43
1144,WC-1144,Society vote soldier husband can.,Running,Grant Martin,2025-09-06T04:23:02
1145,WC-1145,Tax Mrs wife option.,Maintenance,Brooke Little,2024-09-13T20:38:58
1146,WC-1146,Any brother skin mother build.,Idle,Derrick Clark,2025-04-28T19:26:16
1147,WC-1147,Onto worry whose any.,Idle,Mr. Gregory Pierce,2024-04-29T16:49:29
1148,WC-1148,Gas dinner development.,Running,Timothy Harris,2024-11-01T18:28:37
1149,WC-1149,Onto management no opportunity.,Running,Melissa Gilbert,2024-08-08T16:16:38
1150,WC-1150,Cause debate attention.,Idle,William Dorsey,2024-01-17T20:25:47
1151,WC-1151,While whatever matter official continue.,Maintenance,Jason Moore,2024-05-25T01:16:41
1152,WC-1152,Much next power on.,Idle,Michael Smith,2024-06-06T04:58:48
1153,WC-1153,Several social leader.,Maintenance,Scott Cruz,2025-03-29T03:33:52
1154,WC-1154,Life same upon prove.,Maintenance,Emily Jimenez,2024-04-07T21:24:39
1155,WC-1155,Cover production meeting.,Maintenance,Yolanda Morris,2025-08-05T06:47:42
1156,WC-1156,Concern room address left.,Idle,Rodney Dunn,2025-09-19T23:21:18
1157,WC-1157,Trip young often determine.,Maintenance,Deborah Schneider,2024-05-20T13:22:25
1158,WC-1158,Agreement any theory yes.,Maintenance,Kristen Patel,2024-11-24T03:06:40
1159,WC-1159,Magazine piece kid security.,Maintenance,Samantha Gomez,2024-09-08T12:56:47
1160,WC-1160,More type his although.,Maintenance,Crystal Elliott,2025-06-04T09:50:53
1161,WC-1161,Season central trade beautiful land.,Maintenance,Eric Brown,2024-11-30T17:09:25
1162,WC-1162,Present thus past successful late.,Idle,Bridget Lambert,2024-01-01T13:37:46
1163,WC-1163,Reach so relationship.,Idle,Jacqueline Hess,2025-04-22T08:02:07
1164,WC-1164,Able lose keep relationship.,Maintenance,Emily Castro,2025-04-02T20:32:26
1165,WC-1165,Evening short American.,Running,Sara Smith DVM,2024-04-09T22:42:10
1166,WC-1166,Real treatment return hold federal.,Idle,Steven Parker,2024-08-09T16:42:12
1167,WC-1167,Poor imagine similar likely ago.,Maintenance,James Lewis,2024-11-08T05:26:31
1168,WC-1168,Step toward news.,Maintenance,Nancy Boyd,2025-04-10T06:09:22
1169,WC-1169,Myself fight region house later.,Maintenance,Kaitlyn Robertson,2024-11-08T22:31:53
1170,WC-1170,From risk certain daughter.,Maintenance,Jennifer Chen,2025-08-24T10:19:56
1171,WC-1171,Democratic usually.,Running,Jessica Adams,2025-06-05T08:55:24
1172,WC-1172,Piece work yet.,Idle,Barbara Young,2025-02-21T01:48:34
1173,WC-1173,Score significant.,Maintenance,Jennifer Reynolds,2024-04-23T10:37:34
1174,WC-1174,Whether general entire tonight.,Running,Kathy Novak,2025-03-15T15:09:50
1175,WC-1175,Piece window always.,Idle,Jared Jones,2025-09-16T19:57:04
1176,WC-1176,Kind hospital ten parent.,Maintenance,Emily Moran,2025-03-13T07:13:40
1177,WC-1177,Simple the seem decision.,Idle,Michelle Lin,2025-08-23T22:42:20
1178,WC-1178,Consider soon leg.,Idle,Christine White,2024-01-28T16:14:51
1179,WC-1179,Coach end.,Maintenance,Morgan Oneal,2025-06-02T19:36:09
1180,WC-1180,Off area.,Running,Richard Ball,2025-05-04T15:12:06
1181,WC-1181,Actually thousand.,Maintenance,Kristen Wilson,2024-11-07T15:04:43
1182,WC-1182,Among body spend purpose more.,Maintenance,Rachel Miller,2025-05-10T01:56:32
1183,WC-1183,International democratic middle development.,Idle,Kimberly Davenport,2024-08-02T20:58:36
1184,WC-1184,New protect do step.,Maintenance,James Rodriguez,2024-03-12T11:32:46
1185,WC-1185,Student by lot choice.,Running,Amy Young,2024-03-04T03:25:29
1186,WC-1186,Project apply fight world.,Idle,Anthony Butler,2025-05-27T17:40:21
1187,WC-1187,Likely customer attorney run former.,Maintenance,Anna Flowers,2024-04-14T15:36:31
1188,WC-1188,Hour kid discussion inside suffer.,Running,Matthew Williams,2025-08-08T22:24:11
1189,WC-1189,Quality Mrs.,Idle,Kelsey Turner,2023-12-28T18:49:23
1190,WC-1190,Room represent blue.,Idle,Kristina Davis,2024-06-13T08:06:29
1191,WC-1191,Half building goal.,Maintenance,David Gray,2024-07-15T18:26:19
1192,WC-1192,National drop.,Running,Jessica Navarro,2024-08-30T05:29:21
1193,WC-1193,Reveal society order painting.,Running,Jamie Saunders,2025-03-14T15:22:16
1194,WC-1194,Such somebody.,Maintenance,Ashlee Boyle,2024-03-30T05:35:38
1195,WC-1195,Buy how others cut.,Idle,Jeffrey Williamson,2025-08-30T14:45:12
1196,WC-1196,President coach lay.,Idle,Cody Salinas,2025-04-08T18:52:29
1197,WC-1197,Rich have drive environmental effect.,Idle,Matthew Coleman,2024-06-18T23:43:07
1198,WC-1198,Me unit per cut.,Running,Michael Dyer,2024-07-13T07:17:38
1199,WC-1199,Team remember than standard.,Running,Donald Snyder,2024-04-20T13:32:48
1200,WC-1200,Else possible deep know store.,Idle,Tina Fisher,2025-05-18T07:03:29
1201,WC-1201,Sell send feeling simple.,Maintenance,Lindsey Franklin,2024-06-15T17:23:00
1202,WC-1202,Stay building effect.,Running,Steven Thompson,2025-01-21T22:55:29
1203,WC-1203,Full him record.,Running,Brooke Nguyen,2024-02-07T20:16:44
1204,WC-1204,Physical break.,Idle,Barbara Davila,2024-11-26T05:48:53
1205,WC-1205,Decade simply.,Running,Kimberly Hughes,2024-01-29T14:31:48
1206,WC-1206,Then war.,Maintenance,Julie Lawson,2023-11-18T10:13:33
1207,WC-1207,Must short perform herself forget.,Running,Emily Ruiz,2024-11-19T18:18:50
1208,WC-1208,Fact various.,Idle,Jeffrey Robles,2025-04-15T03:54:36
1209,WC-1209,Tough subject firm election.,Idle,Dennis Lamb,2024-01-24T16:19:43
1210,WC-1210,Tell lawyer.,Maintenance,Taylor Alvarado,2024-10-14T10:07:37
1211,WC-1211,Wear citizen.,Running,John Summers,2024-07-22T07:52:55
1212,WC-1212,There air new collection.,Running,Christian Hill,2024-08-08T03:06:39
1213,WC-1213,Really apply common sense both.,Maintenance,Zachary Brown,2024-05-11T21:02:31
1214,WC-1214,Southern often color.,Running,Joyce Johnston,2024-09-28T19:09:24
1215,WC-1215,Today hot since life management.,Maintenance,Sarah Smith,2025-05-20T01:50:33
1216,WC-1216,Here nor drop agent author.,Maintenance,Gabriel Spears DVM,2025-06-01T09:30:48
1217,WC-1217,Example sure discuss beat machine.,Idle,Dr. Lindsey Turner,2024-01-11T20:19:00
1218,WC-1218,Kind approach ball.,Maintenance,Earl Flynn,2023-12-24T06:56:56
1219,WC-1219,Grow society.,Running,Laura Gonzalez,2024-08-14T09:21:13
1220,WC-1220,Market or remember.,Running,Edward Taylor,2024-01-25T17:27:29
1221,WC-1221,Likely wish fish husband.,Running,William Coleman,2024-06-16T22:25:30
1222,WC-1222,Pull energy soon.,Maintenance,Paul Ramirez,2024-05-21T17:15:13
1223,WC-1223,Bit both local action environment.,Maintenance,Christie Wells,2025-07-02T23:33:18
1224,WC-1224,Call here parent line.,Running,Jared Woodward,2025-03-26T02:22:54
1225,WC-1225,Similar support.,Maintenance,Rachel Mcdonald,2024-08-08T13:37:10
1226,WC-1226,Policy voice level time window.,Idle,William Gomez,2025-03-10T02:54:13
1227,WC-1227,Heavy image reflect.,Idle,Roberto Allen,2024-10-19T21:46:13
1228,WC-1228,Employee two.,Idle,Abigail Long,2024-05-31T15:13:57
1229,WC-1229,Interview concern.,Running,Douglas Dickerson,2024-04-04T21:56:02
1230,WC-1230,Full voice.,Running,Nicole Wilcox,2025-10-18T21:03:01
1231,WC-1231,Real quickly unit.,Idle,Gabrielle Shelton,2023-11-26T06:19:54
1232,WC-1232,Group outside could employee daughter.,Running,Kerry Young,2024-01-15T15:35:42
1233,WC-1233,Pretty black.,Running,Samantha Durham,2023-11-04T12:18:39
1234,WC-1234,Ever trial red woman state.,Idle,Julie Watson,2024-11-14T21:07:22
1235,WC-1235,Quite form wind but.,Running,Anthony Smith,2025-06-23T12:58:43
1236,WC-1236,Item already glass our.,Maintenance,Thomas Goodwin,2024-07-09T10:28:04
1237,WC-1237,Difference respond perform finish.,Maintenance,Juan Gomez,2025-01-14T05:28:50
1238,WC-1238,Heart hospital special.,Maintenance,George Richardson,2024-05-20T13:18:32
1239,WC-1239,Happy city cold.,Maintenance,Amy Taylor,2023-11-06T16:44:18
1240,WC-1240,Agent tell future.,Maintenance,Shannon Wells,2025-04-14T12:56:53
1241,WC-1241,Again information seven expect.,Maintenance,Nancy Brown,2024-07-20T18:06:56
1242,WC-1242,Attorney group.,Idle,Julie Brown,2024-08-05T21:49:08
1243,WC-1243,What man from newspaper different.,Maintenance,Jordan Williams,2024-05-09T00:24:17
1244,WC-1244,Environment coach still rich.,Idle,Terry Sherman,2024-09-04T06:00:09
1245,WC-1245,Own collection picture.,Running,Ashley Lopez,2024-10-29T17:41:05
1246,WC-1246,Them collection wait.,Idle,Henry Foster,2024-04-01T22:49:26
1247,WC-1247,Mr political leg.,Maintenance,Justin Webster,2024-05-19T03:32:45
1248,WC-1248,Join often space.,Running,Derrick Moore,2023-12-23T04:49:25
1249,WC-1249,And brother member fact head.,Idle,Patricia Day,2023-12-06T04:03:20
1250,WC-1250,Receive black strategy me.,Running,Christine Porter,2025-10-03T18:15:51
1251,WC-1251,Might age explain million.,Idle,Clifford Santos,2024-02-08T17:18:31
1252,WC-1252,Central maintain thus without.,Running,Nicholas King,2024-11-07T01:43:54
1253,WC-1253,Control million old tough.,Idle,Carl Torres,2024-08-23T17:50:27
1254,WC-1254,Professional attorney career.,Running,Michael Sanchez,2024-02-18T09:23:09
1255,WC-1255,Team anything during.,Maintenance,Tiffany Scott,2025-05-15T08:19:24
1256,WC-1256,Score forward particular food movement.,Idle,Charles Kennedy,2025-09-21T19:06:08
1257,WC-1257,Sort once whether court.,Running,Phillip Wagner,2025-10-06T04:43:56
1258,WC-1258,Course claim you.,Running,Jeremiah Young,2025-01-01T16:12:51
1259,WC-1259,Court southern turn.,Maintenance,Danny Lee,2023-11-15T11:20:14
1260,WC-1260,Road apply.,Idle,Paula Newton,2023-12-28T04:24:22
1261,WC-1261,Evidence trouble everything.,Idle,Steven Hansen,2024-10-10T13:16:24
1262,WC-1262,Opportunity staff western.,Maintenance,Caitlin Mendez,2024-01-01T10:37:31
1263,WC-1263,Pay piece kid.,Maintenance,Antonio Hopkins,2024-09-25T02:47:26
1264,WC-1264,Require program attention.,Maintenance,Amber Frazier,2023-12-06T01:51:33
1265,WC-1265,Leader describe.,Idle,Kristen Harris,2024-08-14T04:21:42
1266,WC-1266,Positive common determine action eye.,Maintenance,Richard Santos,2024-11-22T19:58:55
1267,WC-1267,Again according.,Maintenance,Cathy Thompson,2024-10-17T15:58:45
1268,WC-1268,Candidate about offer hour.,Idle,Jennifer Hernandez,2023-12-01T07:31:57
1269,WC-1269,Floor better picture president early.,Idle,Selena Scott,2024-03-17T23:33:42
1270,WC-1270,Purpose little charge able drug.,Running,Alexis Lee,2024-09-22T20:34:09
1271,WC-1271,Smile late respond.,Maintenance,Annette Soto,2024-01-19T04:45:15
1272,WC-1272,Long carry.,Running,Kevin Johnson,2024-07-29T18:15:47
1273,WC-1273,Alone always.,Maintenance,Jessica Jones,2023-12-08T18:19:48
1274,WC-1274,Rest under.,Maintenance,Cindy Hunt,2025-01-27T20:01:24
1275,WC-1275,That family security.,Maintenance,Judith Chavez,2024-03-16T05:40:05
1276,WC-1276,Study specific four west Democrat.,Idle,Jesse Gibson,2025-09-03T11:46:07
1277,WC-1277,Thought drug word find.,Maintenance,Cynthia Morgan,2024-09-22T17:02:53
1278,WC-1278,Number point after tend.,Maintenance,Jacob Robles,2025-05-14T09:45:04
1279,WC-1279,Protect smile.,Running,Kevin Fernandez,2024-04-20T08:18:09
1280,WC-1280,One situation car skill.,Maintenance,Jeffrey Whitney,2025-04-05T02:51:43
1281,WC-1281,Than or without.,Maintenance,Benjamin Hanson,2023-11-30T06:45:34
1282,WC-1282,When around appear where.,Maintenance,Mr. Nicholas Campbell,2024-05-29T13:21:41
1283,WC-1283,According write activity.,Running,Benjamin Downs,2024-02-06T22:20:43
1284,WC-1284,Available participant your news speech.,Running,Erika Rowe,2024-05-23T19:47:33
1285,WC-1285,Growth able behavior best.,Maintenance,Sharon Matthews,2024-06-09T22:20:51
1286,WC-1286,Trip major consider.,Idle,Richard Shaw,2024-01-02T01:41:58
1287,WC-1287,Agency quickly kitchen practice.,Idle,Nichole Hoover,2024-02-09T13:47:33
1288,WC-1288,No cut property.,Maintenance,Arthur Bell,2025-04-13T04:46:39
1289,WC-1289,Effect lose Congress remember.,Maintenance,Theresa Roman,2024-04-07T14:35:37
1290,WC-1290,Garden fill whose.,Maintenance,Kristin Martinez,2024-02-29T19:15:22
1291,WC-1291,Own hundred catch.,Maintenance,Justin Sherman,2024-12-03T13:48:09
1292,WC-1292,Involve share.,Idle,Nicholas Leonard,2025-03-26T08:36:48
1293,WC-1293,Still north hotel.,Running,Thomas Lewis,2024-07-16T08:02:36
1294,WC-1294,Rule data business.,Running,Michael Rivera,2024-10-01T19:33:33
1295,WC-1295,Beautiful only.,Maintenance,Joshua Velasquez,2024-07-21T02:11:20
1296,WC-1296,Effect middle these southern bit.,Running,Matthew Cervantes MD,2024-01-25T20:06:12
1297,WC-1297,Consumer clear oil staff marriage.,Maintenance,Charles Young,2024-04-29T04:57:36
1298,WC-1298,Magazine military throw owner item.,Maintenance,Ms. Laura Yang,2024-07-22T10:47:14
1299,WC-1299,Man them each say language.,Maintenance,Erica Jarvis,2025-01-04T20:31:36
1300,WC-1300,Officer market house.,Idle,Katherine Walker,2024-01-21T03:57:36
1301,WC-1301,Reveal arm turn.,Idle,Katherine Manning,2024-05-31T18:57:58
1302,WC-1302,Full career.,Running,Austin Robinson,2024-05-21T05:42:35
1303,WC-1303,Man rather book.,Maintenance,Douglas Hale,2025-07-10T22:14:12
1304,WC-1304,Argue traditional.,Idle,Heather Allen,2024-02-08T22:33:30
1305,WC-1305,Trade begin shoulder determine argue.,Running,Ashley Holmes,2024-02-10T22:02:29
1306,WC-1306,Return say artist stop.,Maintenance,Debra Adams,2025-04-26T18:29:55
1307,WC-1307,Ok success she at between.,Maintenance,Tina Benjamin,2025-09-16T18:09:31
1308,WC-1308,Final book every its.,Running,Cheyenne Bush,2024-06-07T05:53:06
1309,WC-1309,Body different.,Running,Eric Fernandez,2025-07-26T13:43:38
1310,WC-1310,Hit marriage relationship everybody.,Maintenance,Stephanie Clay,2025-03-07T02:24:12
1311,WC-1311,Have analysis mind.,Maintenance,Clifford Lynch,2024-04-17T16:17:48
1312,WC-1312,Beat different week nothing.,Maintenance,Brian Benton,2024-05-20T17:50:01
1313,WC-1313,Where agency thought.,Idle,Steven Evans,2024-01-17T03:50:35
1314,WC-1314,Hotel explain his.,Running,Jeffery Wade,2025-02-16T01:41:42
1315,WC-1315,Life company management position.,Idle,Jennifer Cunningham,2024-12-29T23:39:06
1316,WC-1316,Wind since imagine.,Maintenance,Christopher Barnett,2025-09-03T08:30:26
1317,WC-1317,Feeling for.,Running,Amy Clay MD,2024-12-18T14:55:30
1318,WC-1318,None strong.,Running,Leroy Padilla,2024-01-19T21:41:05
1319,WC-1319,Avoid crime not.,Running,Heidi Scott,2024-01-24T13:13:47
1320,WC-1320,Recently against.,Idle,Robert Ayala,2025-02-15T02:58:36
1321,WC-1321,Democratic strategy forward else.,Running,Jackie Anderson,2025-03-10T15:01:02
1322,WC-1322,Why people off.,Maintenance,Victoria Knapp,2025-02-24T16:02:34
1323,WC-1323,Something drug field.,Maintenance,John Gonzalez,2025-05-26T17:24:01
1324,WC-1324,Kid leg east though security.,Maintenance,Tara Caldwell,2024-02-02T17:25:29
1325,WC-1325,Stage local along watch.,Idle,Daniel Glover,2025-06-13T15:44:41
1326,WC-1326,Wall soldier trip serve.,Idle,Anthony Williams,2024-06-27T16:06:54
1327,WC-1327,Stock peace simply likely open.,Maintenance,Alexandra Smith,2024-06-24T16:49:24
1328,WC-1328,Away spring major hold local.,Running,John Schaefer,2024-06-27T23:12:34
1329,WC-1329,Join mind structure director.,Idle,Jonathan Ayala,2024-01-31T19:43:37
1330,WC-1330,Share collection send.,Idle,Mark Knight,2025-03-12T18:42:53
1331,WC-1331,By inside fall enter.,Idle,Daniel Burns,2023-12-17T00:44:50
1332,WC-1332,Degree free he discuss smile.,Maintenance,Heather Smith,2024-06-17T21:33:11
1333,WC-1333,Describe nor seat ready east.,Maintenance,Joshua Ferguson,2024-03-30T00:36:17
1334,WC-1334,Him state skin.,Maintenance,Karen Huerta,2025-05-25T19:05:05
1335,WC-1335,Security despite even left if.,Idle,John Hinton,2024-11-17T01:30:00
1336,WC-1336,Control born perform.,Running,Paul Moody,2025-09-30T00:00:41
1337,WC-1337,Lot type.,Idle,Christopher Reeves,2025-06-18T03:08:50
1338,WC-1338,Class single although.,Idle,Billy Williams,2024-08-11T14:06:56
1339,WC-1339,Benefit behind.,Idle,Phillip Phillips,2024-05-25T17:48:25
1340,WC-1340,Start power watch other.,Idle,Yolanda Berry,2024-12-01T13:50:08
1341,WC-1341,Mr bring.,Idle,Scott Torres,2024-01-18T10:57:24
1342,WC-1342,Rather factor either ability.,Running,Gerald Newton,2025-05-12T01:46:28
1343,WC-1343,Include baby artist.,Maintenance,Corey Simmons,2025-09-30T06:37:46
1344,WC-1344,Camera line director without.,Maintenance,Michael Miller,2024-08-16T09:35:59
1345,WC-1345,Raise audience.,Running,Sandra Gilmore,2025-10-02T20:43:50
1346,WC-1346,Senior dream knowledge.,Running,Cynthia Fuller,2025-01-19T14:33:50
1347,WC-1347,Year final tough want join.,Running,Mr. Michael Moore DDS,2024-03-11T02:54:48
1348,WC-1348,Step media.,Maintenance,Alicia Lewis,2024-11-13T22:09:25
1349,WC-1349,Statement fear environment.,Maintenance,Steve Fox,2024-02-12T05:38:04
1350,WC-1350,Finish challenge my create.,Idle,Stacy Pierce,2025-01-20T05:34:07
1351,WC-1351,Line financial official thus.,Running,Nicholas Bowen,2025-06-26T17:59:35
1352,WC-1352,Majority hard.,Maintenance,Paul Farmer,2024-08-08T01:15:45
1353,WC-1353,Treat only exist account.,Running,Carrie Smith,2025-05-12T06:38:36
1354,WC-1354,Painting under difference state.,Idle,Stephen Barnes,2024-12-16T07:13:33
1355,WC-1355,Admit college world business attack.,Running,Brooke Fitzpatrick,2024-01-08T05:13:01
1356,WC-1356,Pay Republican western.,Maintenance,Kathleen Jones,2024-07-07T09:28:08
1357,WC-1357,Science glass whom loss.,Maintenance,Jeffrey Cook,2025-02-07T08:51:32
1358,WC-1358,Lead gun project.,Maintenance,Ashley Hernandez,2023-12-09T13:19:28
1359,WC-1359,Represent part listen could.,Idle,Stephanie Cooper,2023-11-16T06:52:41
1360,WC-1360,Clearly great attack training.,Idle,Laura Scott,2024-01-11T22:04:18
1361,WC-1361,Water economic.,Idle,Elizabeth Ochoa,2025-09-27T21:28:55
1362,WC-1362,Draw political.,Running,Mariah Shields,2024-06-21T14:16:51
1363,WC-1363,Focus win.,Maintenance,Dylan Carlson,2025-08-16T03:51:46
1364,WC-1364,Person win along.,Running,Brian Watkins,2025-04-19T02:04:34
1365,WC-1365,Glass main score.,Idle,Tyler Parrish,2025-02-15T10:23:54
1366,WC-1366,Consumer skill past.,Idle,Kimberly Bates,2025-06-30T05:22:28
1367,WC-1367,War goal way structure.,Maintenance,Sara Bartlett,2024-06-16T05:04:51
1368,WC-1368,Eat itself edge matter natural.,Running,Ryan White,2023-12-24T17:48:54
1369,WC-1369,Decade meet source learn.,Maintenance,Melissa Wolfe,2024-12-31T22:16:55
1370,WC-1370,Total sense seven themselves.,Running,Carol Hooper,2025-07-07T22:44:21
1371,WC-1371,Yeah down understand.,Idle,Tracey Tanner,2025-09-27T15:56:54
1372,WC-1372,List ground.,Idle,Mr. Christopher Flowers Jr.,2025-05-30T20:35:21
1373,WC-1373,Old able majority create.,Maintenance,Michele Castillo,2024-03-09T12:17:06
1374,WC-1374,Successful account go operation.,Maintenance,Lisa Green,2025-06-12T11:03:49
1375,WC-1375,High girl member entire.,Idle,Michael Adams,2024-01-10T21:19:41
1376,WC-1376,Very police.,Idle,Emily Madden,2024-09-18T07:41:40
1377,WC-1377,Night talk network control.,Maintenance,Karen Walters,2025-09-19T01:59:34
1378,WC-1378,For statement ahead computer full.,Running,Lisa Morales,2023-11-03T22:41:03
1379,WC-1379,Performance should dark mission.,Idle,Donald Stevens,2025-08-27T22:09:00
1380,WC-1380,Manage create lose.,Maintenance,Julia Johnson,2025-07-28T17:17:01
1381,WC-1381,Hundred enjoy whether mention recent.,Maintenance,Pamela Campbell,2025-07-14T06:32:37
1382,WC-1382,Education others meeting gun.,Running,Joshua Stanton,2024-12-20T08:24:17
1383,WC-1383,Interview perform treat.,Running,Brian Martinez,2024-01-31T10:43:57
1384,WC-1384,Check bad less.,Idle,Cynthia Hernandez,2023-11-25T06:13:03
1385,WC-1385,Anyone by role just dark.,Running,Joseph Wiggins,2025-09-01T15:44:46
1386,WC-1386,Firm sometimes program issue.,Maintenance,Erica Pittman,2024-08-03T09:44:21
1387,WC-1387,Executive anything.,Running,Renee Johnson,2024-10-27T17:19:29
1388,WC-1388,Bring moment about join good.,Running,Marie Hamilton,2024-09-24T16:55:36
1389,WC-1389,Perform protect senior some.,Idle,Scott Hughes,2025-05-18T06:47:05
1390,WC-1390,Bit word score.,Idle,Angela Sullivan,2024-12-21T16:39:27
1391,WC-1391,Catch interest now continue.,Maintenance,Danielle Hoffman,2024-09-03T23:16:17
1392,WC-1392,If purpose type whole.,Running,Christina Beck,2025-08-26T13:41:36
1393,WC-1393,Least last.,Maintenance,Logan Kirk,2024-11-30T19:27:11
1394,WC-1394,Reality discuss west doctor.,Maintenance,Robert Mcmahon,2024-11-25T00:31:57
1395,WC-1395,Put score resource nearly.,Running,Nicole Combs,2024-05-21T06:27:30
1396,WC-1396,Market usually out yourself.,Running,Kimberly Livingston,2025-06-06T12:05:12
1397,WC-1397,Find catch music.,Maintenance,Lauren Hall,2024-12-03T18:19:39
1398,WC-1398,Generation treat certainly picture serve.,Maintenance,Joanna Turner,2024-06-25T20:31:26
1399,WC-1399,Toward fast important.,Idle,Andrew Wilson,2024-07-11T19:17:54
1400,WC-1400,Share style industry.,Maintenance,Adam Hampton,2025-09-12T14:06:13
1401,WC-1401,Spring direction.,Maintenance,Ronald Shepherd,2025-01-25T22:47:59
1402,WC-1402,Employee later husband.,Running,Natalie Shepard,2025-07-14T03:50:11
1403,WC-1403,Boy artist consumer.,Idle,Peter Hamilton,2024-07-27T08:33:46
1404,WC-1404,Explain oil major result.,Idle,Tiffany Austin,2024-10-10T23:23:25
1405,WC-1405,Author assume table build.,Maintenance,Eric Martinez,2024-06-12T17:25:10
1406,WC-1406,Success court.,Idle,Jodi Lindsey,2025-05-01T10:47:13
1407,WC-1407,This economic participant economic.,Running,Darrell Glover,2024-04-06T00:57:39
1408,WC-1408,That short.,Running,Chad Doyle DDS,2025-07-30T01:46:59
1409,WC-1409,Open level anyone bag.,Idle,Tina Mcbride,2024-02-27T05:43:43
1410,WC-1410,Contain service.,Running,Anita Taylor,2024-05-08T10:59:07
1411,WC-1411,Learn part campaign.,Maintenance,Troy Villegas,2025-08-20T01:33:16
1412,WC-1412,Hair sense live tend.,Idle,Matthew Copeland,2025-06-06T12:06:50
1413,WC-1413,Story gun no live any.,Running,Jared Mcfarland,2024-08-17T01:59:59
1414,WC-1414,I we.,Maintenance,Raymond Fernandez,2025-01-29T09:21:19
1415,WC-1415,Clear ago leave artist whether.,Idle,Christopher Marshall,2024-05-15T05:54:33
1416,WC-1416,On memory start song cold.,Maintenance,Julia Sparks,2024-02-02T18:57:47
1417,WC-1417,Suffer actually middle.,Maintenance,Robin Bruce,2024-10-20T12:12:42
1418,WC-1418,Pick whom view.,Maintenance,Donald Lopez,2025-03-28T01:10:16
1419,WC-1419,That leg then represent.,Idle,Alexander Cabrera,2024-10-02T03:16:52
1420,WC-1420,Order change fear.,Maintenance,Timothy Huang,2025-09-13T02:48:12
1421,WC-1421,Face light cup before expect.,Maintenance,Tracy Cooke,2025-03-16T23:17:17
1422,WC-1422,Today modern grow account.,Maintenance,Krystal Ross,2024-05-08T00:01:16
1423,WC-1423,Dark impact road event theory.,Running,Mark Ruiz,2025-07-13T22:46:57
1424,WC-1424,Whatever tell question.,Running,Jennifer Joseph,2025-03-06T11:09:20
1425,WC-1425,It fund up whom.,Maintenance,Michael Chan,2025-03-11T07:21:14
1426,WC-1426,Manage impact company situation.,Idle,James Larsen,2025-02-15T16:58:19
1427,WC-1427,Ask beat.,Idle,Sharon Brock,2024-07-21T22:51:54
1428,WC-1428,Them hot economic any view.,Idle,Mark Figueroa,2025-10-05T12:19:29
1429,WC-1429,Blood small.,Idle,Michael Bishop,2024-07-11T08:56:18
1430,WC-1430,Include nature piece.,Maintenance,Phillip Patterson,2024-11-23T17:35:19
1431,WC-1431,Matter defense.,Maintenance,Cassandra Hernandez,2023-12-26T04:48:57
1432,WC-1432,Cause open practice.,Idle,Emily Lin,2024-03-06T01:35:34
1433,WC-1433,Mouth feel conference act before.,Running,Richard Moon,2025-02-13T05:26:46
1434,WC-1434,Throughout candidate heart recent.,Maintenance,Doris Bradley,2025-01-02T19:59:30
1435,WC-1435,North animal any member seem.,Idle,Kathryn Levy,2024-06-29T03:08:31
1436,WC-1436,Glass alone behavior must.,Maintenance,Linda Welch,2023-12-10T10:17:48
1437,WC-1437,Push much describe rich college.,Maintenance,Aaron Ross,2024-04-26T22:16:20
1438,WC-1438,New enter involve pull.,Running,Henry Wheeler MD,2023-12-13T18:50:12
1439,WC-1439,Agency attack week affect.,Idle,Eric Martinez,2025-09-20T11:22:39
1440,WC-1440,Perform enjoy but would.,Running,Michelle Wilson,2025-10-09T00:53:37
1441,WC-1441,New none history claim.,Maintenance,Christian Patterson,2023-12-05T09:46:17
1442,WC-1442,Rise realize reveal blood.,Idle,Bethany Contreras,2025-02-12T07:02:48
1443,WC-1443,Later parent word tonight.,Idle,Richard Krueger,2025-02-25T03:48:15
1444,WC-1444,Mission authority audience dinner condition.,Idle,Megan Torres,2025-08-28T00:33:27
1445,WC-1445,Raise understand yeah.,Running,Maria Zuniga,2025-08-21T10:10:26
1446,WC-1446,Behavior guy agency significant baby.,Running,Amy Baker,2024-07-19T10:28:11
1447,WC-1447,Professor task lot entire half.,Idle,Mark Lozano,2024-12-07T17:04:28
1448,WC-1448,Other receive consumer.,Running,Antonio Long,2023-11-22T23:22:50
1449,WC-1449,Term size.,Idle,Cheryl Lewis,2025-01-10T18:51:08
1450,WC-1450,But everything truth people rule.,Idle,Jonathan Brown,2024-12-30T15:24:06
1451,WC-1451,Usually budget.,Running,Tammy Benitez,2024-08-10T00:21:55
1452,WC-1452,Tv share bank store.,Maintenance,Brian Melendez,2025-05-10T02:04:33
1453,WC-1453,Experience sign visit health.,Maintenance,Laura Sharp,2024-07-11T23:16:56
1454,WC-1454,Order executive play usually.,Idle,Rebecca Kelley,2025-08-12T04:26:53
1455,WC-1455,Adult event book officer a.,Maintenance,David Bowman,2024-07-28T00:43:03
1456,WC-1456,Nature very expert however.,Running,Peter Waters,2024-07-10T15:33:48
1457,WC-1457,Carry western lose industry possible.,Running,Andrew Smith,2024-12-30T09:12:20
1458,WC-1458,Story physical professor.,Maintenance,Kimberly Hawkins,2024-06-02T12:38:21
1459,WC-1459,Home TV company film present.,Running,Janet Thompson,2025-06-05T20:14:21
1460,WC-1460,Particular throughout ten.,Running,Lisa Cabrera,2025-06-01T03:54:36
1461,WC-1461,Middle other wide expect.,Running,James Blake,2024-06-14T03:03:04
1462,WC-1462,Daughter black.,Running,Daniel Gomez,2024-09-22T07:05:06
1463,WC-1463,Act nor behind thus.,Running,Madison Thomas,2023-12-09T11:54:44
1464,WC-1464,Study American edge feel green.,Running,Jennifer Villarreal,2025-10-09T18:49:05
1465,WC-1465,Bill meet usually.,Idle,Jenna Daniel,2023-11-22T18:09:45
1466,WC-1466,Life those black environment garden.,Maintenance,Melissa Crawford PhD,2024-08-12T23:11:34
1467,WC-1467,Help then purpose sort.,Running,Deborah Washington,2024-03-28T21:03:22
1468,WC-1468,Say raise develop.,Maintenance,Jaime Baldwin,2024-06-04T18:45:37
1469,WC-1469,Decide hard moment.,Idle,Robert Wolfe,2024-09-23T23:11:22
1470,WC-1470,Remain particular show everybody.,Idle,Travis Coleman,2024-04-06T22:34:14
1471,WC-1471,Pressure capital give whole.,Running,Troy Castillo,2025-05-20T17:16:02
1472,WC-1472,Meet despite last.,Idle,Susan Sparks,2025-07-14T19:15:40
1473,WC-1473,This policy pick customer.,Maintenance,Mason Davis,2025-01-02T20:07:56
1474,WC-1474,Management above million.,Running,Michael Long,2025-10-23T12:42:40
1475,WC-1475,Especially life garden yeah free.,Maintenance,Robert Gates,2025-05-21T15:56:54
1476,WC-1476,Of chair.,Idle,Dominique Parrish,2024-03-12T03:11:42
1477,WC-1477,Owner view she whom store.,Running,Jennifer Ruiz,2024-08-12T11:17:18
1478,WC-1478,Care bank class take.,Running,Patrick King,2024-07-12T10:41:55
1479,WC-1479,Daughter blood above than talk.,Idle,Amanda Harmon,2025-04-08T23:49:24
1480,WC-1480,Voice investment beat heavy trip.,Maintenance,Stephanie Ochoa,2024-02-14T03:29:39
1481,WC-1481,Yes power.,Idle,Emily Newton,2023-11-18T10:25:49
1482,WC-1482,We boy factor.,Maintenance,Christine Peterson,2024-04-30T22:45:49
1483,WC-1483,Plant computer business million.,Idle,Pamela Macias,2023-12-20T05:27:13
1484,WC-1484,Red might city.,Maintenance,Nicole Davis,2025-01-13T21:42:16
1485,WC-1485,Fight reveal available herself its.,Maintenance,Stacy Baker,2024-05-11T11:35:19
1486,WC-1486,Hit style cost same town.,Running,John Gonzalez,2025-05-13T05:59:08
1487,WC-1487,Against oil standard reduce plan.,Idle,Susan Washington,2024-11-10T17:41:22
1488,WC-1488,Foreign create create appear nor.,Running,Carrie Goodman,2025-08-26T11:57:07
1489,WC-1489,Get trouble again firm.,Maintenance,Jimmy Hughes,2024-04-11T00:34:09
1490,WC-1490,Crime hand.,Maintenance,David Summers,2025-10-24T07:39:41
1491,WC-1491,Tv hour clear.,Running,Charles Marquez,2024-10-16T23:17:08
1492,WC-1492,Education option rule.,Running,Jason Garcia,2024-02-07T14:08:46
1493,WC-1493,Smile tonight window southern.,Maintenance,Benjamin Newton,2024-11-13T00:07:41
1494,WC-1494,Focus community respond radio.,Maintenance,Bruce Mitchell,2023-12-03T23:54:33
1495,WC-1495,Culture song prove although eat.,Idle,Kari Hart,2024-07-21T11:04:58
1496,WC-1496,Hair apply prepare around mind.,Maintenance,Amy Powers,2025-05-13T13:49:52
1497,WC-1497,Want live quickly pass more.,Maintenance,Jonathan Hoffman,2024-06-14T14:51:28
1498,WC-1498,Not itself store.,Maintenance,John Reese,2024-09-08T13:58:06
1499,WC-1499,Sing even stand.,Idle,Tracy Harris,2025-07-12T13:21:06
1500,WC-1500,Ground good evening project.,Maintenance,Todd Garner,2025-09-01T05:35:42
1501,WC-1501,Image up.,Idle,Cheryl Herrera,2024-02-25T23:52:47
1502,WC-1502,News important detail.,Maintenance,Michelle Lane,2025-01-06T21:36:49
1503,WC-1503,One building.,Maintenance,Joyce Glass,2025-02-24T22:53:17
1504,WC-1504,Success low.,Running,Andrew Jordan,2024-06-20T12:50:48
1505,WC-1505,Certain professional rather.,Maintenance,Chris Larson,2025-10-27T20:34:58
1506,WC-1506,Price over.,Running,Brent Gordon,2023-11-27T09:01:44
1507,WC-1507,Health support structure.,Idle,Elizabeth Daniels,2024-01-18T16:29:35
1508,WC-1508,Mind child check.,Idle,Lauren Kirk,2024-02-24T20:20:30
1509,WC-1509,Collection conference right during.,Maintenance,Charles Rivas,2023-11-14T00:44:52
1510,WC-1510,Nature morning enter teach whom.,Running,Penny Hoffman,2025-09-17T12:32:42
1511,WC-1511,Room she quality.,Idle,Carrie Hall,2025-05-12T03:01:41
1512,WC-1512,Those democratic follow feel.,Maintenance,Charles Clements,2024-05-28T03:10:23
1513,WC-1513,Rather meet box.,Running,Christopher Ward,2024-04-06T17:32:05
1514,WC-1514,End particularly idea project.,Idle,Yolanda Long,2025-10-03T02:22:03
1515,WC-1515,In population action.,Running,James Perez,2025-02-10T22:53:57
1516,WC-1516,Student rest Mr project central.,Running,Eric Cruz,2024-03-18T13:56:31
1517,WC-1517,Begin data reveal plan.,Maintenance,Charles Tran,2025-04-18T06:03:22
1518,WC-1518,Story worry security.,Maintenance,Jeffrey Irwin,2024-04-12T17:05:35
1519,WC-1519,Suffer his may.,Running,Jeffrey Kelley,2025-09-13T19:31:26
1520,WC-1520,Start report.,Running,Richard Hernandez,2025-04-02T17:50:11
1521,WC-1521,Help team.,Maintenance,Megan Bond,2025-08-05T12:55:34
1522,WC-1522,Could my worker.,Maintenance,Daniel Ramirez,2024-06-21T22:22:29
1523,WC-1523,Out true size result need.,Idle,Ryan Conner,2025-10-22T23:44:37
1524,WC-1524,Boy tend.,Running,Gregory Clark,2024-06-09T09:36:51
1525,WC-1525,Leg around.,Running,Kristi Rodriguez,2024-08-03T14:51:11
1526,WC-1526,Later ready word.,Idle,Eric Lee,2024-07-10T02:55:26
1527,WC-1527,True purpose benefit.,Maintenance,Javier King,2025-09-19T19:53:21
1528,WC-1528,Foot low traditional.,Running,Crystal Johnson,2024-02-08T18:39:47
1529,WC-1529,Fire over professional break.,Maintenance,Austin Robinson,2024-10-20T04:41:22
1530,WC-1530,Three condition painting together.,Maintenance,Brenda Murray,2024-05-30T11:00:34
1531,WC-1531,Popular firm wish opportunity difficult.,Running,Jennifer Wong,2025-09-14T21:29:05
1532,WC-1532,Much special return.,Idle,Natasha Watson,2025-09-23T22:24:20
1533,WC-1533,Fish arm challenge night series.,Running,Alexa Juarez,2024-10-24T23:06:03
1534,WC-1534,Organization head line particularly letter.,Idle,Kaitlyn Scott,2024-11-04T10:43:52
1535,WC-1535,Crime should expert interesting suddenly.,Maintenance,Emily Bush,2024-03-08T17:34:12
1536,WC-1536,Glass note court she company.,Idle,Michael Nash,2024-04-26T08:36:19
1537,WC-1537,Media within structure partner.,Idle,Lucas Huang,2024-01-10T23:54:39
1538,WC-1538,Common police industry.,Maintenance,Christian Hughes,2024-06-26T11:48:56
1539,WC-1539,Book go.,Maintenance,Lisa Callahan,2024-09-03T18:30:27
1540,WC-1540,Spring effect face call add.,Idle,Joshua Garrett,2024-03-05T17:17:05
1541,WC-1541,Treatment customer indicate.,Idle,Valerie James,2025-03-27T08:49:53
1542,WC-1542,Home action notice high.,Maintenance,Brenda King,2024-11-30T16:14:11
1543,WC-1543,Bag adult finally.,Idle,Stephen Ewing,2025-03-17T11:12:19
1544,WC-1544,Here Mrs take.,Maintenance,Steven Walker,2025-01-12T15:38:23
1545,WC-1545,Window some best media research.,Idle,Angela Vega,2024-02-07T01:53:55
1546,WC-1546,Usually notice special.,Maintenance,Alan Quinn,2025-07-21T06:36:55
1547,WC-1547,Short stay instead any national.,Running,Aaron Moore,2024-09-22T01:54:05
1548,WC-1548,Never kitchen garden.,Running,Joseph Johnson,2025-05-21T22:46:17
1549,WC-1549,Story necessary easy agency.,Idle,Linda Peterson,2023-11-21T22:30:53
1550,WC-1550,Power energy ball everybody can.,Running,Jasmine Young,2024-07-24T07:20:05
1551,WC-1551,Both sit painting lead.,Running,Justin Esparza,2023-11-26T20:49:18
1552,WC-1552,So us production second.,Running,Michael Martin,2025-10-27T06:52:04
1553,WC-1553,Suffer hotel.,Running,Kimberly Williams,2025-08-28T21:14:43
1554,WC-1554,Herself than another.,Running,Mary Mccoy,2024-09-03T03:09:26
1555,WC-1555,Against low week.,Idle,Alexis Thomas,2024-12-11T08:18:54
1556,WC-1556,Hard body thousand.,Running,Deanna Young,2024-05-17T08:13:53
1557,WC-1557,Several cold son.,Idle,Juan Thompson,2024-10-18T06:03:03
1558,WC-1558,Education letter if show.,Maintenance,Dawn Porter,2024-02-13T10:55:43
1559,WC-1559,Anything just black foot.,Maintenance,Scott Smith,2025-10-02T23:00:01
1560,WC-1560,Society today wide.,Running,Kelly Stone,2024-08-06T22:52:35
1561,WC-1561,Part article.,Idle,Kyle Rogers,2025-08-09T07:41:26
1562,WC-1562,Too home plant discover.,Running,Christopher Conway,2023-11-04T04:53:57
1563,WC-1563,Fish energy realize high.,Idle,Danielle Mendoza,2023-12-08T22:51:02
1564,WC-1564,Finally material.,Idle,David Harrell,2024-05-24T01:13:58
1565,WC-1565,Act structure.,Running,Wesley Haas,2025-05-05T20:37:28
1566,WC-1566,Hope issue husband bit point.,Idle,Christy Mckee,2025-09-15T13:28:11
1567,WC-1567,Eight necessary imagine.,Maintenance,Bonnie Mendoza,2024-11-03T21:22:37
1568,WC-1568,Environmental notice child.,Maintenance,Stacey Torres,2023-12-30T00:04:48
1569,WC-1569,Challenge each station though rich.,Idle,Bethany Castro,2024-08-14T23:57:38
1570,WC-1570,Clearly north enjoy.,Idle,Joseph Mcintosh,2025-01-01T13:03:47
1571,WC-1571,Thing gas community.,Maintenance,Suzanne Ramirez,2025-02-15T02:35:28
1572,WC-1572,Each exist fast increase long.,Running,Kristi King,2025-02-15T04:15:26
1573,WC-1573,Project member interview.,Running,Nancy Bennett,2024-01-16T04:25:13
1574,WC-1574,You wait.,Maintenance,Heidi Burton,2025-07-01T14:02:42
1575,WC-1575,Discover student member.,Idle,Stacey Oconnor,2025-05-03T09:59:21
1576,WC-1576,Life one art.,Maintenance,Elizabeth Brown,2025-05-01T05:06:44
1577,WC-1577,Investment material look then.,Idle,Jerry Nichols,2025-03-24T18:32:48
1578,WC-1578,Knowledge fire attention moment.,Maintenance,Katherine Wilkins,2025-01-01T08:28:59
1579,WC-1579,Might various move.,Running,Michael Dean,2025-01-26T15:09:25
1580,WC-1580,Life no magazine run.,Idle,Sean Wilkins,2025-05-12T03:03:35
1581,WC-1581,Try great structure huge.,Running,Noah Brown,2024-10-14T09:23:15
1582,WC-1582,Service rise.,Running,Susan Gay,2024-02-17T11:09:19
1583,WC-1583,Across likely everybody call.,Idle,James Meyer,2024-07-30T23:30:51
1584,WC-1584,Any civil industry conference seem.,Running,Jerry Adams,2025-06-07T13:58:13
1585,WC-1585,Position win environment.,Running,Margaret Hunt,2024-02-29T03:11:02
1586,WC-1586,Western age require with.,Idle,Michael Flores,2025-02-18T10:05:59
1587,WC-1587,Issue oil.,Running,Lisa Williams,2024-10-16T05:09:07
1588,WC-1588,Policy writer.,Maintenance,Jennifer Lopez,2024-01-02T17:41:26
1589,WC-1589,Turn military natural.,Running,Anna Leonard,2024-02-20T23:13:48
1590,WC-1590,Science meet benefit agree late.,Idle,Heather Franklin,2025-09-10T16:35:58
1591,WC-1591,Pressure quality begin.,Running,Jacob Byrd,2023-12-14T23:27:36
1592,WC-1592,Tough better risk letter everybody.,Maintenance,Ernest Russell,2023-12-05T10:05:02
1593,WC-1593,Difference half office.,Maintenance,Lori Smith,2024-05-13T23:05:20
1594,WC-1594,Admit particular no.,Running,Emily Zamora,2025-01-23T12:36:27
1595,WC-1595,Defense message ball like.,Maintenance,Travis Hendrix,2025-01-25T12:28:54
1596,WC-1596,Enough minute long challenge world.,Maintenance,Daniel Nelson,2025-05-05T05:31:22
1597,WC-1597,Happy risk worry.,Idle,Kimberly Ochoa,2024-10-13T10:48:33
1598,WC-1598,Establish toward.,Idle,Matthew White,2025-05-20T01:10:30
1599,WC-1599,Other plan measure usually four.,Running,Matthew Ellis,2024-11-02T18:26:55
1600,WC-1600,Usually evening others entire.,Running,Mr. Kyle Booker,2025-06-08T15:55:11
1601,WC-1601,Sell identify eight.,Idle,Amanda Hays,2024-03-17T01:55:13
1602,WC-1602,Number once authority adult yourself.,Running,Sandra Anderson,2024-02-02T04:15:24
1603,WC-1603,This card.,Idle,Amanda Dean,2025-07-17T20:13:43
1604,WC-1604,Until morning go.,Running,Michelle Johnson,2024-10-28T19:13:46
1605,WC-1605,Special candidate specific option.,Maintenance,Jeremiah Cunningham,2024-06-04T07:45:45
1606,WC-1606,Service increase conference.,Running,Tammy Newton,2025-02-09T01:10:54
1607,WC-1607,Agency resource follow go.,Maintenance,Robert Perkins,2025-04-15T06:05:17
1608,WC-1608,Even price travel buy.,Idle,Christopher Cohen,2024-10-01T16:07:23
1609,WC-1609,Strong try recently sometimes.,Maintenance,Joseph Mcgee,2024-07-24T05:37:42
1610,WC-1610,Exactly movie character position.,Running,Mario Nelson,2024-12-10T16:25:35
1611,WC-1611,Car police suddenly.,Idle,Amy Obrien,2025-10-29T09:25:26
1612,WC-1612,Plan history a partner.,Maintenance,Margaret Holland,2025-03-20T09:37:37
1613,WC-1613,Later you near approach together.,Maintenance,Lori Marquez,2024-09-01T15:49:46
1614,WC-1614,Let information describe.,Maintenance,Devin Williams,2024-08-21T09:26:02
1615,WC-1615,Great name project.,Maintenance,Brandon Foster,2024-08-28T21:31:22
1616,WC-1616,Important stuff read.,Running,Michael White,2025-07-16T22:49:33
1617,WC-1617,School chair how.,Idle,Walter Harris,2023-11-29T17:03:35
1618,WC-1618,Difference loss last myself.,Running,Dana Clark,2024-01-30T18:34:42
1619,WC-1619,Lose natural go plan.,Idle,Dylan Morgan,2024-08-22T15:08:41
1620,WC-1620,Cell always big bar.,Idle,Kathleen Davis,2025-09-19T21:48:32
1621,WC-1621,The consumer exactly any.,Running,Brianna Curtis,2024-03-04T02:38:02
1622,WC-1622,Boy explain data need.,Idle,Dr. Michael Villegas,2025-10-27T13:34:40
1623,WC-1623,Information her.,Idle,Benjamin Smith,2025-04-26T03:37:04
1624,WC-1624,Still unit figure.,Running,Maria Wood,2025-09-01T10:03:02
1625,WC-1625,Hand help public personal.,Maintenance,Charles Mcbride,2024-09-07T19:59:38
1626,WC-1626,Trade know week none.,Maintenance,Donald Lewis,2024-11-22T07:08:12
1627,WC-1627,Far rule receive.,Maintenance,Howard Wilson,2024-10-15T12:31:19
1628,WC-1628,Page factor end.,Running,Anne Simpson,2025-01-03T05:03:55
1629,WC-1629,Data view necessary case.,Maintenance,Andrew Wright,2025-04-24T05:08:20
1630,WC-1630,Type technology.,Running,Austin Smith,2025-09-16T02:21:27
1631,WC-1631,Local past record manage own.,Maintenance,Courtney Mckay,2024-02-14T16:40:44
1632,WC-1632,Democrat discuss full country.,Maintenance,Jonathan Rocha,2025-10-14T11:20:34
1633,WC-1633,Land recognize cup.,Idle,Ariana Tate,2025-09-10T22:49:35
1634,WC-1634,Husband resource say run.,Running,Jonathon Leonard,2025-09-10T16:05:01
1635,WC-1635,Stand rock will successful why.,Running,Brandy Anderson,2025-08-17T11:15:29
1636,WC-1636,Pressure summer.,Running,Richard Gardner,2025-06-18T11:02:39
1637,WC-1637,Exist although already.,Running,William Potter DDS,2024-06-18T13:33:24
1638,WC-1638,Left sell enter.,Running,Brittany Pruitt,2024-01-08T16:09:35
1639,WC-1639,Natural mind never exactly.,Idle,Ronald Cox,2024-01-02T12:52:31
1640,WC-1640,Computer too front record.,Maintenance,Susan Hunt,2024-10-05T10:47:23
1641,WC-1641,Blood sit kitchen condition skill.,Running,Robert Manning,2024-01-17T05:12:00
1642,WC-1642,Heavy skin.,Running,Heather Kelley,2025-08-27T18:49:02
1643,WC-1643,Discuss choice product medical.,Maintenance,Robert Mckinney,2025-03-26T09:43:48
1644,WC-1644,Give life finish stay.,Maintenance,Dana Gay,2025-08-19T10:35:04
1645,WC-1645,Laugh whether stage.,Maintenance,Jennifer Fletcher,2025-10-09T14:20:02
1646,WC-1646,Particularly decision use.,Running,Autumn Griffith,2024-10-14T06:49:49
1647,WC-1647,Take western doctor nor.,Running,Susan Schultz,2025-01-22T18:08:26
1648,WC-1648,Fine enjoy truth loss least.,Running,Katherine Chavez,2025-09-12T06:12:44
1649,WC-1649,Husband effect office result provide.,Running,Jennifer Griffith,2024-11-07T09:41:02
1650,WC-1650,Strategy wrong.,Maintenance,Michelle Sims,2023-11-28T20:57:38
1651,WC-1651,And reduce kitchen no.,Maintenance,Christopher Williams,2024-06-20T12:38:02
1652,WC-1652,Mr act modern.,Maintenance,Lisa Blake,2024-04-20T04:17:31
1653,WC-1653,Look shake.,Maintenance,Debra Salazar,2024-10-15T14:21:37
1654,WC-1654,Somebody coach of executive.,Idle,Jesus Morton,2024-07-18T17:23:03
1655,WC-1655,Catch several four less make.,Maintenance,Derrick Price,2024-12-30T14:19:57
1656,WC-1656,Work month rise out.,Idle,Benjamin Woods MD,2025-04-25T06:03:01
1657,WC-1657,Area hard his summer.,Maintenance,Dawn Trevino MD,2024-03-20T00:32:03
1658,WC-1658,Support particularly build throughout.,Maintenance,Ashley Wells,2023-12-13T16:39:41
1659,WC-1659,Remember call smile drop.,Idle,Samantha Melendez,2024-01-02T23:31:16
1660,WC-1660,Evening foreign.,Idle,Adam Moore,2025-10-22T03:48:42
1661,WC-1661,What role night fight.,Running,Loretta Harris,2024-08-07T11:45:39
1662,WC-1662,Day officer learn per.,Running,Nicole Aguilar,2024-10-28T19:56:57
1663,WC-1663,Day remain free table draw.,Running,Tyler Nguyen,2024-01-18T16:46:45
1664,WC-1664,Perform enjoy.,Idle,Mr. Charles Mills,2025-05-04T15:53:52
1665,WC-1665,Guess key us.,Idle,Elizabeth Rosario,2025-07-19T23:29:36
1666,WC-1666,Woman training country add.,Maintenance,Michael Jones,2025-08-25T11:22:47
1667,WC-1667,Thousand read current later relationship.,Maintenance,Craig Myers,2024-04-17T02:10:41
1668,WC-1668,Seem physical line marriage.,Maintenance,Ashley David,2024-07-05T22:55:25
1669,WC-1669,World cell.,Running,Rebecca Morris,2024-11-24T23:35:07
1670,WC-1670,Mean doctor.,Idle,Jennifer Marks,2024-09-19T15:32:08
1671,WC-1671,State wear.,Maintenance,Elizabeth Rodriguez,2024-09-17T03:54:38
1672,WC-1672,Write leg than.,Idle,Cameron Frazier,2024-07-26T01:47:33
1673,WC-1673,Nice seek care develop front.,Idle,Ashley Castillo,2024-04-27T17:41:32
1674,WC-1674,Too place decision.,Running,Carol Valentine,2025-03-16T08:44:52
1675,WC-1675,Anything southern water cause drug.,Idle,Keith Morales,2025-03-29T16:38:25
1676,WC-1676,Law reflect ability.,Maintenance,Dennis Solomon,2024-10-20T12:59:17
1677,WC-1677,Physical last.,Idle,April Ruiz,2025-05-27T03:29:14
1678,WC-1678,Standard power return firm couple.,Idle,Joseph Gibson,2025-08-17T10:25:27
1679,WC-1679,Run attorney discuss agency chair.,Idle,John Martinez,2025-07-14T18:17:14
1680,WC-1680,Friend recently serious crime.,Maintenance,Thomas Byrd,2025-04-16T06:49:45
1681,WC-1681,Stop pattern change know.,Maintenance,Kristi Lucas,2025-02-02T06:28:27
1682,WC-1682,Attention window determine difference.,Running,Wendy Mccoy,2024-06-21T20:34:12
1683,WC-1683,Meet company.,Running,Kimberly White,2025-07-08T21:43:38
1684,WC-1684,One reality.,Idle,Katherine Long,2024-02-01T08:55:24
1685,WC-1685,Make attorney direction.,Running,Jennifer Anderson,2024-02-06T14:15:53
1686,WC-1686,Sense herself couple.,Idle,Alex Perry,2024-01-17T21:34:35
1687,WC-1687,Major often executive.,Idle,Phyllis Harris,2025-10-05T18:35:38
1688,WC-1688,Machine college meeting owner.,Running,David Velasquez,2024-12-16T01:56:16
1689,WC-1689,Manager expect game that success.,Running,Michael Rivera,2024-04-20T06:56:18
1690,WC-1690,Collection common respond make.,Maintenance,Michael Johnson,2025-05-19T02:42:45
1691,WC-1691,Thank shake treatment.,Idle,Tyler Johnson,2024-06-28T19:18:28
1692,WC-1692,Challenge friend.,Maintenance,James Blanchard,2023-12-16T23:56:15
1693,WC-1693,Politics entire travel anyone.,Maintenance,Luis Clayton,2024-09-28T03:35:04
1694,WC-1694,Study tend your everyone conference.,Maintenance,Michael Thomas,2025-09-04T21:20:36
1695,WC-1695,Play police TV.,Running,Robert Lewis,2024-06-24T12:49:02
1696,WC-1696,Still significant.,Maintenance,Gregory Brown,2025-07-04T18:39:04
1697,WC-1697,American at why support.,Running,Jennifer Nguyen,2024-03-07T17:27:07
1698,WC-1698,Right serious natural.,Running,Jesse Daugherty,2025-01-17T06:03:42
1699,WC-1699,Dark loss hit offer tell.,Running,William Martin,2025-07-27T16:54:49
1700,WC-1700,Agency speak conference cold ahead.,Running,Lauren Fitzpatrick,2025-04-30T02:02:13
1701,WC-1701,Happy seven book.,Maintenance,Ann Harmon,2024-10-31T04:20:14
1702,WC-1702,Despite she professional perhaps.,Maintenance,Brittany Robertson,2025-05-04T08:30:26
1703,WC-1703,Practice fast item.,Maintenance,Bruce Collins,2024-09-20T11:46:21
1704,WC-1704,Provide pretty parent everyone.,Maintenance,Johnny Ruiz,2025-01-25T02:21:03
1705,WC-1705,Eight door realize.,Idle,Vincent Lee,2024-08-15T14:36:22
1706,WC-1706,Fish billion page oil always.,Running,Craig Downs,2024-12-09T18:43:21
1707,WC-1707,Write country serve.,Running,Amber Fuller,2025-02-16T01:22:16
1708,WC-1708,Firm step there price.,Maintenance,Jeffrey Romero,2024-01-12T13:14:23
1709,WC-1709,Real cultural even scientist.,Maintenance,Carla Davis,2025-08-30T14:32:14
1710,WC-1710,Left during product public situation.,Idle,Wanda Martin,2025-09-18T20:02:09
1711,WC-1711,Part they even.,Maintenance,Lindsey Weaver,2024-09-12T05:42:22
1712,WC-1712,Attorney believe.,Maintenance,Daniel Kramer,2025-05-10T14:02:10
1713,WC-1713,Nice stock wait discover soon.,Running,Maria Marquez,2025-04-07T19:07:20
1714,WC-1714,Usually give.,Idle,Olivia Cline,2024-07-19T15:51:37
1715,WC-1715,Six page human.,Idle,Sheena Jones,2024-08-11T10:02:01
1716,WC-1716,Population material see girl.,Running,Michael Santana,2025-07-23T20:43:33
1717,WC-1717,Seek out professor.,Running,Carl Choi,2025-04-26T16:50:59
1718,WC-1718,World budget.,Running,Rebecca Taylor,2024-11-14T15:41:04
1719,WC-1719,Less other.,Running,Mary Anderson,2024-03-23T00:22:19
1720,WC-1720,Once first.,Maintenance,Jenna Haas,2024-12-29T11:50:41
1721,WC-1721,Piece expert education work.,Running,Gail Leonard,2024-07-10T10:02:31
1722,WC-1722,Know end position lot.,Idle,Laura Sanchez,2025-06-20T00:39:40
1723,WC-1723,Since pressure dark.,Running,Walter Nguyen,2024-02-23T01:08:56
1724,WC-1724,Now worry.,Idle,Holly Bentley,2024-04-11T11:25:11
1725,WC-1725,Series week type voice item.,Idle,Lisa Blair,2024-02-23T05:49:36
1726,WC-1726,Of meeting another.,Idle,Chelsea Hardy,2024-05-03T09:55:41
1727,WC-1727,They popular.,Maintenance,Heather Russell,2024-10-19T22:43:42
1728,WC-1728,Shoulder develop study debate.,Maintenance,Mark Hardin,2024-12-14T08:15:33
1729,WC-1729,Prevent hot.,Idle,Jeff Roberts,2025-04-18T03:27:33
1730,WC-1730,Another blood.,Idle,Mrs. Jennifer Spencer,2024-06-22T00:39:01
1731,WC-1731,Tend seven democratic.,Idle,Michael Norris,2023-12-07T05:12:43
1732,WC-1732,Source two me bill soon.,Maintenance,Deborah Andrade,2025-10-07T12:24:51
1733,WC-1733,Tend thing book.,Idle,Isaiah Mccarthy,2024-06-12T10:59:43
1734,WC-1734,Food would business.,Idle,Peter Bates,2025-04-12T12:49:48
1735,WC-1735,Late during.,Idle,Jacqueline Chavez,2025-08-05T07:39:41
1736,WC-1736,Establish expect.,Maintenance,Jack White,2024-10-17T19:41:44
1737,WC-1737,Bit hear.,Idle,Elizabeth Vargas,2023-11-21T08:25:20
1738,WC-1738,Cup ok any week.,Idle,Matthew Johnson,2024-05-08T05:53:58
1739,WC-1739,Approach left without argue.,Running,Patricia Wells,2025-02-22T19:59:59
1740,WC-1740,Learn including agency share third.,Idle,Jessica Gonzalez,2024-06-19T03:56:12
1741,WC-1741,Certainly institution animal.,Idle,Charles Campbell,2025-10-23T00:21:17
1742,WC-1742,Return pull indicate suddenly.,Idle,Jay Gibson,2025-09-18T22:17:59
1743,WC-1743,Tv blue.,Maintenance,Daniel Johnson,2025-01-29T16:29:57
1744,WC-1744,Allow exactly public anyone.,Running,Robert Schmitt,2024-08-19T15:09:12
1745,WC-1745,Writer among up responsibility.,Maintenance,Kyle Price,2025-04-10T20:49:22
1746,WC-1746,Case billion.,Idle,Kristy Meyer,2023-11-12T11:43:49
1747,WC-1747,Himself shoulder wait wish.,Running,Gary Barber,2025-06-04T19:29:26
1748,WC-1748,Though collection something law water.,Idle,Angel Martinez,2025-02-15T01:18:59
1749,WC-1749,Himself surface its.,Running,Ashley Wright,2024-03-16T07:32:49
1750,WC-1750,Director poor feeling by.,Idle,Sean Nelson,2025-04-29T22:07:50
1751,WC-1751,Student most although model.,Idle,Roberto Gutierrez,2025-04-06T20:38:05
1752,WC-1752,Rule sing top.,Maintenance,Julie Johnston,2024-10-25T18:03:56
1753,WC-1753,Bill force.,Running,Timothy Hall,2024-03-08T01:55:31
1754,WC-1754,Impact loss.,Maintenance,Mark Harris PhD,2024-03-07T09:49:39
1755,WC-1755,Medical environmental summer card call.,Idle,Nancy Blevins,2025-03-15T01:38:15
1756,WC-1756,Record approach leave smile fly.,Maintenance,Dr. Lauren Stevens,2024-01-24T12:31:14
1757,WC-1757,As what nice newspaper usually.,Running,Gregory Cain,2023-12-14T07:29:03
1758,WC-1758,Off spring picture energy.,Maintenance,Patrick Moreno,2024-12-24T10:34:16
1759,WC-1759,Fear almost stand success care.,Idle,Brenda Thompson,2024-01-03T14:23:48
1760,WC-1760,Skill issue notice.,Maintenance,Luke Fisher,2024-04-20T03:09:34
1761,WC-1761,Rest score strong class.,Running,Dustin Singleton,2024-11-08T12:03:38
1762,WC-1762,Want alone body.,Running,Nathan White,2024-08-21T19:59:42
1763,WC-1763,International middle might could.,Idle,Morgan Powell,2024-06-09T08:07:59
1764,WC-1764,Number summer.,Idle,Angela Conner,2024-08-21T08:00:06
1765,WC-1765,Continue itself situation.,Maintenance,Alyssa Gray,2024-08-27T12:20:13
1766,WC-1766,Back account their.,Idle,Kristina Patton,2024-12-19T00:02:27
1767,WC-1767,Relate success.,Idle,Samuel Bean,2025-02-27T08:17:39
1768,WC-1768,Imagine one success across fact.,Maintenance,Carrie Fisher,2024-02-19T00:15:14
1769,WC-1769,Entire dark there quite later.,Idle,Joseph Yu,2025-03-18T09:28:41
1770,WC-1770,Line attention statement.,Maintenance,Troy Jones Jr.,2024-06-28T22:07:05
1771,WC-1771,Beautiful red.,Running,Alex Henderson,2025-04-26T17:04:56
1772,WC-1772,Start some future.,Maintenance,James Allen,2025-03-04T01:11:17
1773,WC-1773,Successful share car area.,Idle,Michael Thompson,2024-09-28T05:26:50
1774,WC-1774,Eye in.,Idle,Timothy Jenkins,2024-07-08T09:27:27
1775,WC-1775,Family national find wide.,Idle,Allison Wood,2025-04-15T07:45:07
1776,WC-1776,Night fund feel toward air.,Running,John Shields,2024-06-29T22:55:37
1777,WC-1777,While mention organization.,Idle,Damon Anderson Jr.,2024-02-05T01:37:11
1778,WC-1778,True anything threat decide.,Running,Katie Rogers,2024-01-05T18:28:30
1779,WC-1779,Manage side unit here.,Idle,Lori Ellis,2025-05-18T14:03:12
1780,WC-1780,Organization American crime up prove.,Idle,Douglas Stevens,2024-09-04T07:44:54
1781,WC-1781,Quickly main company poor staff.,Maintenance,Amanda Turner,2025-05-04T19:40:55
1782,WC-1782,Role before make how.,Running,Brandon Thornton,2025-01-23T14:27:11
1783,WC-1783,Soon garden as threat.,Running,Kyle Aguirre,2025-05-26T04:20:58
1784,WC-1784,Another before learn hear.,Maintenance,Christine English,2024-02-26T04:11:15
1785,WC-1785,Simply thus response side.,Maintenance,Maria Mccarthy,2024-02-09T10:47:59
1786,WC-1786,Rest my like off role.,Running,Jeffrey Johnson,2025-08-31T03:17:08
1787,WC-1787,Sort shoulder bring current.,Maintenance,Danielle Thompson,2025-04-27T01:27:09
1788,WC-1788,Image note resource.,Running,Kyle Cole,2024-02-10T12:54:21
1789,WC-1789,Not simply join.,Maintenance,Jennifer Smith,2024-04-09T13:40:44
1790,WC-1790,Source official participant president.,Running,Alexis Mcdaniel,2025-10-30T12:24:03
1791,WC-1791,Staff concern sit together TV.,Idle,Michael Simpson,2023-11-10T04:10:49
1792,WC-1792,Country company lot.,Running,Kimberly Miller,2024-08-15T21:44:26
1793,WC-1793,Report character newspaper.,Running,Lori Austin,2024-02-15T03:51:01
1794,WC-1794,Each tonight.,Maintenance,Kenneth Casey,2025-10-18T11:51:54
1795,WC-1795,Instead week network these.,Idle,Terry Dean,2024-05-09T08:42:23
1796,WC-1796,President perform early impact world.,Maintenance,Stephanie Moore,2024-12-11T17:53:39
1797,WC-1797,Blood human.,Maintenance,Christopher Jones,2025-07-22T16:41:47
1798,WC-1798,New billion audience.,Maintenance,Karen Fox,2025-07-12T10:41:23
1799,WC-1799,Often sign now relate.,Maintenance,Timothy Moreno,2023-12-18T05:32:48
1800,WC-1800,Some floor event human.,Idle,Wesley Allen,2024-05-31T18:25:28
1801,WC-1801,Five wish order Mr.,Maintenance,Erik Landry,2024-11-23T04:00:25
1802,WC-1802,Field team future each.,Running,Crystal Barker,2025-09-19T14:45:55
1803,WC-1803,Least source.,Idle,Anthony Washington,2025-02-05T20:57:13
1804,WC-1804,Peace pretty.,Idle,John Burton,2025-05-28T09:31:02
1805,WC-1805,Goal join similar minute past.,Maintenance,George Chavez,2023-11-03T21:26:07
1806,WC-1806,Marriage however college push.,Idle,Lisa Haynes,2025-04-04T05:15:53
1807,WC-1807,Increase your religious.,Maintenance,Cynthia Simmons,2025-03-09T01:19:34
1808,WC-1808,Green represent whose.,Maintenance,Ronald Berry,2024-05-01T19:35:54
1809,WC-1809,Spend matter down church.,Maintenance,Joe Thompson,2025-07-19T06:45:28
1810,WC-1810,Response green approach real.,Idle,Mr. Bill Brown,2024-11-27T00:45:14
1811,WC-1811,Generation player player.,Maintenance,Levi White,2025-07-24T18:41:22
1812,WC-1812,Already federal class.,Running,Thomas Acosta,2023-11-16T04:45:15
1813,WC-1813,Back score term process health.,Running,Olivia Hall,2024-11-08T15:40:04
1814,WC-1814,Particularly understand article station.,Idle,Hannah Green,2025-04-25T08:34:34
1815,WC-1815,Someone hit sit.,Running,Victoria Warner,2024-11-05T02:50:09
1816,WC-1816,Painting report political.,Running,Teresa Chapman,2025-09-10T15:13:59
1817,WC-1817,Vote wind recently thing.,Running,Linda Campbell,2025-03-09T21:36:46
1818,WC-1818,Involve support board fire.,Maintenance,Henry Reyes,2025-05-11T09:25:38
1819,WC-1819,Instead dinner create wish.,Maintenance,Daniel Holloway,2024-08-02T09:34:20
1820,WC-1820,Then before.,Maintenance,Jessica Flynn,2025-04-26T01:11:13
1821,WC-1821,Thousand trade adult.,Idle,Carl Williams,2025-07-21T21:03:32
1822,WC-1822,Night worker human stage.,Idle,Matthew Moses,2024-08-18T21:07:13
1823,WC-1823,Stuff hundred thing back long.,Running,John Jones,2024-07-13T01:12:57
1824,WC-1824,Indicate should technology glass.,Running,William Gentry,2024-12-03T05:58:38
1825,WC-1825,Water team.,Running,Sean Silva,2025-05-13T09:53:00
1826,WC-1826,Meeting these audience.,Maintenance,Kyle Harris,2025-04-29T08:02:12
1827,WC-1827,Theory various guy sign.,Maintenance,Adam Cannon,2023-12-10T12:18:48
1828,WC-1828,International figure bed yard.,Idle,John Miller,2025-04-28T05:10:06
1829,WC-1829,Stay total action traditional and.,Idle,Tonya Mckinney,2024-09-09T10:20:58
1830,WC-1830,Trade tree serve prepare.,Running,Cody Brooks,2025-09-11T04:18:12
1831,WC-1831,Song story firm.,Running,Dakota Walsh,2024-04-03T12:10:55
1832,WC-1832,Thought and space.,Running,Laura Gilbert,2024-09-21T00:27:00
1833,WC-1833,Contain because table.,Maintenance,Jessica Delacruz,2025-06-09T01:03:04
1834,WC-1834,Particularly enough.,Idle,Peter Rodriguez,2025-02-22T06:22:32
1835,WC-1835,Not serious wonder blue democratic.,Idle,Samuel Barr,2024-07-04T14:12:27
1836,WC-1836,Tree employee high.,Maintenance,Christopher Kim,2025-08-30T15:52:49
1837,WC-1837,Trial more eat question contain.,Maintenance,Richard Watkins,2024-06-23T14:30:11
1838,WC-1838,Paper every try pay.,Maintenance,James Henderson,2024-12-18T09:36:20
1839,WC-1839,Accept particular child article expect.,Idle,Kelly Smith DDS,2024-10-19T19:51:53
1840,WC-1840,Short author road lay life.,Running,Jennifer Hill,2025-03-28T05:20:27
1841,WC-1841,Heart rise of key local.,Idle,Jermaine Kerr,2025-02-10T09:31:29
1842,WC-1842,Whom education religious any.,Maintenance,Lisa Shaw,2025-11-02T03:58:22
1843,WC-1843,Score design time probably.,Maintenance,Phyllis Johnson DDS,2024-03-14T09:08:00
1844,WC-1844,Employee television security.,Maintenance,Robert Carter,2024-02-19T19:09:22
1845,WC-1845,Everything maybe when cause red.,Running,Aaron Copeland,2024-01-16T10:48:34
1846,WC-1846,Increase evening quite force.,Maintenance,Chad Williams,2024-07-10T15:09:12
1847,WC-1847,A fact do.,Maintenance,Victoria Moore,2023-12-04T11:41:43
1848,WC-1848,Participant now of.,Maintenance,Mr. John Scott DDS,2025-01-15T17:20:58
1849,WC-1849,Young likely bank.,Idle,Brian Wilson,2025-02-11T21:50:33
1850,WC-1850,Newspaper despite drug.,Idle,Daniel Rodriguez,2025-01-14T23:02:20
1851,WC-1851,Thank language certain theory.,Maintenance,Raymond Duffy,2024-09-04T07:56:04
1852,WC-1852,Learn TV eat.,Running,Tracy Mccann,2024-03-14T22:01:15
1853,WC-1853,Rich improve nor despite.,Maintenance,Victor Hall,2024-10-09T01:10:19
1854,WC-1854,Same thus chance.,Idle,Gabrielle Garcia,2024-10-23T06:12:09
1855,WC-1855,Another argue minute a.,Running,Courtney Dunn,2025-08-09T05:24:10
1856,WC-1856,Rock for save son.,Running,Wendy Park,2025-04-16T09:16:28
1857,WC-1857,Public challenge.,Idle,Alexis Lewis,2025-05-02T15:02:22
1858,WC-1858,Dark since poor.,Maintenance,William Robertson,2025-03-31T04:45:40
1859,WC-1859,Write traditional Mrs.,Idle,Laurie Ruiz,2024-02-25T12:24:08
1860,WC-1860,White election difficult attorney color.,Maintenance,Mark Smith,2024-07-12T15:36:42
1861,WC-1861,Occur out type woman.,Maintenance,Erin Cisneros,2024-08-16T00:35:22
1862,WC-1862,Respond hour.,Running,Lisa Hopkins,2024-10-07T14:03:57
1863,WC-1863,Process time purpose center red.,Maintenance,Kyle Hoffman,2025-11-02T08:14:55
1864,WC-1864,Authority out responsibility people develop.,Running,Charlene Barrett,2025-01-02T02:31:18
1865,WC-1865,Speak tax pass.,Maintenance,Valerie Rice,2024-06-15T21:52:31
1866,WC-1866,Dinner officer something brother.,Maintenance,Steven King DVM,2025-04-03T08:30:43
1867,WC-1867,Might suggest here cold while.,Idle,Alicia Rojas,2024-08-23T06:10:17
1868,WC-1868,Beat trouble support specific.,Idle,Jordan Davis,2025-09-17T03:05:30
1869,WC-1869,Party actually once be unit.,Running,Kelsey Adams,2025-05-17T07:42:59
1870,WC-1870,Race need agent lead.,Maintenance,Danielle Bell,2025-01-06T09:52:16
1871,WC-1871,Stand check.,Idle,Elizabeth Rodriguez,2024-07-27T17:08:28
1872,WC-1872,Even billion member with.,Running,Jade Schultz,2024-10-04T23:33:29
1873,WC-1873,Data throw society.,Running,April Vaughn,2025-03-27T05:27:47
1874,WC-1874,Word matter message for.,Maintenance,Erica Lyons,2023-11-16T07:31:37
1875,WC-1875,Property Mr many.,Maintenance,Ashley Hill,2024-10-08T10:02:35
1876,WC-1876,Son agent piece.,Running,Karl Roberts,2024-03-07T14:29:24
1877,WC-1877,Air newspaper do over word.,Idle,Whitney Bradley,2024-05-28T06:32:20
1878,WC-1878,Those past woman that help.,Idle,Michael Weber,2024-11-16T03:01:12
1879,WC-1879,Season race across system research.,Idle,Duane Ramirez,2024-03-14T17:09:51
1880,WC-1880,Beat cup enough.,Idle,Peter Tran,2024-07-19T21:35:51
1881,WC-1881,Player plan base.,Running,Jeffery Hill,2024-12-23T00:48:34
1882,WC-1882,Lose age long need official.,Running,Melissa Heath,2025-07-17T21:31:58
1883,WC-1883,Claim discuss myself.,Maintenance,Amanda Lee,2024-01-13T09:37:23
1884,WC-1884,Game remain film low.,Maintenance,Michael Hickman,2025-06-13T18:07:58
1885,WC-1885,Most main president name.,Running,Robert Johnson,2023-12-21T15:31:05
1886,WC-1886,Much example this spring.,Idle,Barbara Miller,2024-04-08T09:40:18
1887,WC-1887,Long experience major else.,Maintenance,Yvette Stein,2024-01-07T17:08:17
1888,WC-1888,Measure fine nice.,Maintenance,Jennifer Watson,2025-08-06T11:48:24
1889,WC-1889,Top war million indicate.,Running,Tim Cruz,2024-02-05T18:29:48
1890,WC-1890,Democrat bar.,Maintenance,Regina Smith,2023-11-22T23:17:56
1891,WC-1891,Firm free ever once.,Running,Charles Jones,2024-08-27T04:57:36
1892,WC-1892,Policy describe rise bed.,Running,Susan Jones,2025-09-20T00:07:13
1893,WC-1893,Marriage find spring next coach.,Maintenance,Christina Smith,2024-06-05T10:40:33
1894,WC-1894,Under be there.,Idle,Christopher Martin,2025-03-13T15:44:47
1895,WC-1895,Product be.,Running,Beth Carey,2025-09-12T02:11:29
1896,WC-1896,Charge indeed guess.,Idle,Rachel Baird,2025-08-16T20:44:36
1897,WC-1897,Option image difference window instead.,Maintenance,Lisa Allen,2025-03-28T16:29:19
1898,WC-1898,General company recognize author draw.,Idle,Michael Edwards,2024-11-03T14:45:53
1899,WC-1899,Experience road big right too.,Idle,Stacey Hernandez,2025-06-21T15:06:16
1900,WC-1900,Me street small fish.,Running,Julie Cox,2025-10-20T19:16:24
1901,WC-1901,Yeah too forget.,Running,Timothy Lloyd,2024-08-27T15:32:00
1902,WC-1902,At father get house.,Running,Patricia Davis,2024-05-17T13:07:52
1903,WC-1903,Nearly college author news.,Running,Jeffrey Reyes,2024-02-24T06:11:14
1904,WC-1904,Represent prove usually certainly.,Running,Rachael Green,2025-08-17T21:08:28
1905,WC-1905,Quality newspaper current power.,Idle,Priscilla Cordova,2024-12-11T06:49:23
1906,WC-1906,City population assume power.,Idle,Jennifer Parker,2025-09-03T18:52:44
1907,WC-1907,Offer party major.,Idle,Jonathan Graham,2023-12-05T23:14:33
1908,WC-1908,Young conference wall college wind.,Running,Jim Shah,2025-09-02T13:03:26
1909,WC-1909,Physical anyone oil ten.,Maintenance,James Richardson,2024-08-25T09:11:05
1910,WC-1910,It road.,Running,Jason Tucker MD,2023-12-30T15:31:18
1911,WC-1911,Five blue ball although edge.,Maintenance,Sean Pacheco,2024-07-31T09:29:43
1912,WC-1912,Sister season fight.,Running,John Bell,2024-12-22T14:21:21
1913,WC-1913,List world thought right six.,Running,Ryan Riley,2024-01-26T21:37:55
1914,WC-1914,Report modern moment must prove.,Maintenance,Emily Roberson,2023-11-20T02:20:40
1915,WC-1915,Every say word happen.,Maintenance,Michelle Osborn,2024-12-28T18:24:27
1916,WC-1916,Dinner test agreement everyone theory.,Idle,Bruce Callahan,2024-05-20T16:22:48
1917,WC-1917,Summer source door since.,Maintenance,Adrian Cunningham,2024-08-21T08:56:40
1918,WC-1918,Choice energy.,Idle,Angel Powell,2023-11-11T18:59:28
1919,WC-1919,Environment computer subject send fund.,Idle,Ashley Elliott,2024-06-05T22:07:06
1920,WC-1920,Will impact treatment no.,Idle,Diana Huynh,2024-12-24T07:52:43
1921,WC-1921,Trade condition.,Maintenance,Haley Figueroa,2025-04-29T08:32:58
1922,WC-1922,College conference car.,Maintenance,Antonio White,2025-09-20T00:37:59
1923,WC-1923,Eye job create.,Maintenance,David Goodwin,2024-06-08T02:17:38
1924,WC-1924,Little money student finally.,Running,Mr. Lawrence Dean,2025-04-26T08:08:06
1925,WC-1925,Across issue weight apply glass.,Maintenance,Rhonda Martinez,2025-02-06T15:25:40
1926,WC-1926,Include Mr.,Maintenance,Lisa Weeks,2024-11-06T05:56:25
1927,WC-1927,Couple charge.,Running,David Gonzalez,2025-09-02T18:39:30
1928,WC-1928,Meeting least process surface necessary.,Maintenance,Kevin Wright,2024-07-21T08:56:49
1929,WC-1929,Allow bit event shake couple.,Running,Julie Vazquez,2024-10-18T10:42:11
1930,WC-1930,How nature nothing deal claim.,Running,Angela Solis,2025-05-22T23:40:22
1931,WC-1931,That drug education.,Idle,Paula Vincent,2024-03-07T17:06:33
1932,WC-1932,Church himself catch.,Running,Steven Pope,2024-10-06T20:52:13
1933,WC-1933,Race art avoid then trade.,Running,Anna Reyes,2024-06-19T23:15:51
1934,WC-1934,Soon any class bank.,Idle,Lauren Thompson,2024-03-08T11:50:01
1935,WC-1935,Voice seek yet computer.,Idle,Edward Atkinson,2025-01-24T03:57:02
1936,WC-1936,Voice rule agree.,Idle,Justin Whitaker,2024-07-01T05:35:13
1937,WC-1937,Physical television often.,Idle,Kathy Hansen,2024-12-14T19:51:02
1938,WC-1938,Toward during century before truth.,Maintenance,Janet Jackson,2024-03-01T13:37:53
1939,WC-1939,Huge myself yourself.,Idle,Susan Frank,2024-09-26T10:38:19
1940,WC-1940,Doctor travel opportunity.,Idle,Eric Rodgers,2023-11-22T23:30:31
1941,WC-1941,According stage buy.,Maintenance,Jeffrey Rice,2023-12-09T15:54:35
1942,WC-1942,With cover single fund question.,Idle,Thomas Gordon,2025-07-29T07:25:25
1943,WC-1943,Center old.,Idle,Joshua Orr,2024-11-11T22:14:37
1944,WC-1944,Structure moment country participant good.,Running,Candace Carter,2025-09-17T06:16:29
1945,WC-1945,Be article foot young.,Idle,Amy Bowman,2023-12-19T08:31:56
1946,WC-1946,Everybody simply mouth machine.,Maintenance,Marissa Hernandez,2025-07-09T23:17:17
1947,WC-1947,Figure article company choose couple.,Running,Nathan Murphy,2024-11-06T06:10:51
1948,WC-1948,Imagine far cultural often.,Running,Kathryn Valdez,2024-09-29T08:45:13
1949,WC-1949,Story relationship executive remain.,Running,Cameron Robinson,2025-09-13T22:43:43
1950,WC-1950,Itself administration investment type.,Idle,Rebecca Foster,2024-10-31T04:26:41
1951,WC-1951,Deal would six.,Idle,Veronica Berry,2025-08-21T01:24:25
1952,WC-1952,Congress firm threat night your.,Running,Emily Jones,2024-12-17T14:05:25
1953,WC-1953,Spring sell born point ago.,Maintenance,Samuel Sparks,2024-09-29T04:24:55
1954,WC-1954,Development voice media.,Idle,Mrs. Gabrielle Kaiser,2024-08-02T08:00:48
1955,WC-1955,Born floor.,Maintenance,Maria Morgan,2025-06-05T19:55:28
1956,WC-1956,Always end scientist positive particularly.,Running,Jordan White,2025-02-05T02:08:30
1957,WC-1957,Pay his forward particular.,Idle,Francisco Mercado,2024-11-15T14:54:53
1958,WC-1958,Instead pull new citizen fly.,Maintenance,Lindsay Moore,2025-05-16T18:24:44
1959,WC-1959,Government quite space research community.,Running,Annette Thompson,2025-06-15T05:16:35
1960,WC-1960,Loss network day fish his.,Maintenance,Jaclyn Robinson,2024-02-08T20:24:17
1961,WC-1961,Manage center.,Running,Zachary Erickson,2025-06-05T01:00:00
1962,WC-1962,Arrive child structure guy movement.,Idle,Deborah Eaton,2023-11-03T07:29:34
1963,WC-1963,How soldier throw technology.,Running,Kimberly Johnson,2024-09-27T22:41:46
1964,WC-1964,Me open beautiful financial.,Maintenance,Ann Thomas,2024-11-01T17:18:05
1965,WC-1965,Important senior.,Running,Holly Lee,2025-02-03T08:51:49
1966,WC-1966,Recognize bill century.,Running,Paula Murray,2024-01-15T09:38:42
1967,WC-1967,Here town institution young management.,Running,Christopher Bailey,2024-05-17T04:58:27
1968,WC-1968,Nothing way create.,Maintenance,David Adams,2024-12-10T08:03:51
1969,WC-1969,Only gun whose.,Idle,Chad Oneill,2024-05-29T17:52:17
1970,WC-1970,Politics set cover bar also.,Idle,Matthew Fernandez,2024-01-30T10:07:13
1971,WC-1971,Quickly attention medical.,Running,Andrew Herring,2023-12-02T04:13:13
1972,WC-1972,Son friend head.,Maintenance,Shirley Anderson,2024-10-21T21:39:46
1973,WC-1973,Occur professor tell.,Running,Alison Hicks,2024-06-26T16:22:32
1974,WC-1974,Decision take.,Running,Aaron Nielsen,2024-12-07T02:44:12
1975,WC-1975,Beat begin suffer.,Maintenance,Richard Crawford,2024-02-12T02:45:28
1976,WC-1976,Drop base clearly.,Running,Judy Miller,2025-02-18T20:17:57
1977,WC-1977,Right mother fly determine.,Maintenance,Amber Wolf,2025-05-23T02:36:52
1978,WC-1978,Else those big.,Idle,Jessica Hill,2024-03-08T07:15:12
1979,WC-1979,Participant final myself try.,Maintenance,Karl Armstrong,2024-05-09T05:18:11
1980,WC-1980,Candidate perform common bit.,Running,Dave Perez,2025-03-28T01:53:51
1981,WC-1981,Court view central.,Idle,Ashley Allen,2024-11-25T05:45:58
1982,WC-1982,Student culture well generation.,Running,Erin Gonzalez,2023-12-13T11:28:07
1983,WC-1983,Soldier call attack likely.,Idle,Kimberly Barry,2025-08-08T16:33:02
1984,WC-1984,Real raise again.,Maintenance,Monica Roman,2024-10-07T23:44:43
1985,WC-1985,Remain arrive shoulder learn.,Idle,Jacob Hamilton,2025-06-01T23:29:11
1986,WC-1986,Discover pick.,Maintenance,Kristy Hawkins,2025-07-19T19:40:53
1987,WC-1987,Up industry important visit thousand.,Maintenance,Terri Ford,2025-10-08T23:43:24
1988,WC-1988,Later speech per give.,Maintenance,Paul Molina,2024-09-22T07:35:46
1989,WC-1989,Car another.,Idle,Terri Bishop,2025-10-18T10:46:42
1990,WC-1990,Commercial animal.,Running,Sarah Sanders,2023-12-08T05:16:07
1991,WC-1991,Computer hospital walk magazine over.,Idle,Valerie Brown,2023-12-04T01:54:10
1992,WC-1992,Much anything memory always make.,Idle,Kenneth Montoya,2024-10-05T00:39:37
1993,WC-1993,Help upon room think.,Idle,Rebecca Taylor,2025-08-01T05:07:36
1994,WC-1994,Reality purpose mention husband.,Running,Maria Berry,2025-08-04T05:49:43
1995,WC-1995,Eight security.,Running,Monique Stewart,2025-02-23T04:55:23
1996,WC-1996,Capital leave camera.,Idle,Isaiah Clark,2024-11-12T18:27:19
1997,WC-1997,Table we defense keep increase.,Idle,Laura Fernandez,2025-08-02T14:57:25
1998,WC-1998,Pattern home go increase.,Idle,Christopher Young,2024-10-06T03:34:55
1999,WC-1999,Occur green.,Running,Alex Lara,2024-08-09T20:37:54
2000,WC-2000,Old always attack name.,Running,Thomas Stephenson,2024-08-01T20:45:13
